Date,Above,Below,Total,Percentage,Index_Close
2014-08-07,2,0,3,100.0,201.71434668664324
2014-08-08,2,0,3,100.0,195.73294574931
2014-08-11,2,0,3,100.0,197.0349709700365
2014-08-12,2,0,3,100.0,200.77871433020965
2014-08-13,2,0,3,100.0,194.21592354404987
2014-08-14,2,0,3,100.0,196.08968119234322
2014-08-18,2,0,3,100.0,204.5040027527628
2014-08-19,2,0,3,100.0,204.0336351982464
2014-08-20,2,0,3,100.0,198.68785287378992
2014-08-21,2,0,3,100.0,200.9228221313272
2014-08-22,2,0,3,100.0,206.3474190907353
2014-08-25,2,0,3,100.0,206.01687120276426
2014-08-26,2,0,3,100.0,197.78128404883114
2014-08-27,2,0,3,100.0,204.3607037731892
2014-08-28,2,0,3,100.0,206.35919239949737
2014-09-01,2,0,3,100.0,212.59695821049024
2014-09-02,3,0,3,100.0,214.2642527051592
2014-09-03,3,0,3,100.0,215.7143459187017
2014-09-04,3,0,3,100.0,223.04710746765775
2014-09-05,3,0,3,100.0,237.47485532346718
2014-09-08,3,0,3,100.0,243.54710523351676
2014-09-09,3,0,3,100.0,235.9797735139261
2014-09-10,3,0,3,100.0,237.68858663201212
2014-09-11,3,0,3,100.0,241.00316045414783
2014-09-12,3,0,3,100.0,246.97773788325298
2014-09-15,3,0,3,100.0,252.82034842692482
2014-09-16,3,0,3,100.0,231.06962364322357
2014-09-17,3,0,3,100.0,237.16555675747122
2014-09-18,3,0,3,100.0,244.16772051962704
2014-09-19,3,0,3,100.0,237.0119713513575
2014-09-22,3,0,3,100.0,246.21328367118792
2014-09-23,3,0,3,100.0,236.3922058859239
2014-09-24,3,0,3,100.0,231.2781895480506
2014-09-25,3,0,3,100.0,218.90144546179803
2014-09-26,3,0,3,100.0,221.63229866147057
2014-09-29,3,0,3,100.0,226.49266733234984
2014-09-30,3,0,3,100.0,225.50192125499854
2014-10-01,3,0,3,100.0,225.70012510437624
2014-10-07,3,0,3,100.0,217.22036414177452
2014-10-08,3,0,3,100.0,226.0662352817926
2014-10-09,3,0,3,100.0,227.67317703423097
2014-10-10,3,0,3,100.0,221.20405097911382
2014-10-13,3,0,3,100.0,226.10562093242436
2014-10-14,3,0,3,100.0,229.6358615832484
2014-10-16,3,0,3,100.0,220.2098539606022
2014-10-17,3,0,3,100.0,221.82850501439697
2014-10-20,3,0,3,100.0,218.47047885490838
2014-10-21,3,0,3,100.0,216.51212761912558
2014-10-22,3,0,3,100.0,221.7117828046865
2014-10-23,3,0,3,100.0,226.09648095129918
2014-10-27,3,0,3,100.0,229.4726327403402
2014-10-28,3,0,3,100.0,232.40327417116308
2014-10-29,3,0,3,100.0,231.55851573789076
2014-10-30,3,0,3,100.0,226.15365137196756
2014-10-31,3,0,3,100.0,229.53598027887222
2014-11-03,3,0,3,100.0,232.64771074580096
2014-11-05,3,0,3,100.0,250.16902751577055
2014-11-07,3,0,3,100.0,252.43374784352656
2014-11-10,3,0,3,100.0,253.20221066877068
2014-11-11,3,0,3,100.0,252.6576463834489
2014-11-12,3,0,3,100.0,247.93794581421162
2014-11-13,3,0,3,100.0,247.9122321013408
2014-11-14,3,0,3,100.0,250.0178604569943
2014-11-17,3,0,3,100.0,250.3582590211403
2014-11-18,3,0,3,100.0,254.94879589581237
2014-11-19,3,0,3,100.0,244.70613675154715
2014-11-20,3,0,3,100.0,243.88739247678245
2014-11-21,3,0,3,100.0,243.33864366511122
2014-11-24,3,0,3,100.0,238.66337461428517
2014-11-25,3,0,3,100.0,233.9926588308807
2014-11-26,3,0,3,100.0,235.64084771204028
2014-11-27,3,0,3,100.0,237.62289108282152
2014-11-28,3,0,3,100.0,239.57604496023913
2014-12-01,3,0,3,100.0,233.75984573923634
2014-12-02,3,0,3,100.0,237.30098628547202
2014-12-03,3,0,3,100.0,243.5574010159596
2014-12-04,3,0,3,100.0,246.5831296702347
2014-12-05,3,0,3,100.0,250.56633030883532
2014-12-08,3,0,3,100.0,254.1510697004102
2014-12-09,3,0,3,100.0,247.70503155264788
2014-12-10,3,0,3,100.0,253.17907397438856
2014-12-11,3,0,3,100.0,251.29161552469253
2014-12-12,3,0,3,100.0,238.91018683769428
2014-12-15,3,0,3,100.0,240.45618269090699
2014-12-16,3,0,3,100.0,224.15935254122786
2014-12-17,3,0,3,100.0,220.61695675801468
2014-12-18,3,0,3,100.0,230.2923855558763
2014-12-19,3,0,3,100.0,226.16763657285682
2014-12-22,3,0,3,100.0,228.72920895956983
2014-12-23,3,0,3,100.0,224.78609460987576
2014-12-24,3,0,3,100.0,231.70631751323504
2014-12-26,3,0,3,100.0,231.94162059057385
2014-12-29,3,0,3,100.0,234.9836603524455
2014-12-30,3,0,3,100.0,233.56908028715586
2014-12-31,3,0,3,100.0,236.6582592239057
2015-01-01,3,0,3,100.0,239.79440472001895
2015-01-02,3,0,3,100.0,240.4622786124909
2015-01-05,3,0,3,100.0,240.19024430037626
2015-01-06,3,0,3,100.0,232.51490770439443
2015-01-07,3,0,3,100.0,234.98608515496602
2015-01-08,3,0,3,100.0,244.1745408659666
2015-01-09,3,0,3,100.0,241.2366103858071
2015-01-12,3,0,3,100.0,247.50952215924272
2015-01-13,3,0,3,100.0,251.18591729250969
2015-01-14,3,0,3,100.0,256.8641966883414
2015-01-15,3,0,3,100.0,258.6923540055607
2015-01-16,3,0,3,100.0,261.8824004505024
2015-01-19,3,0,3,100.0,266.40046280705036
2015-01-20,3,0,3,100.0,255.02625358192083
2015-01-21,3,0,3,100.0,251.73527263759493
2015-01-22,3,0,3,100.0,249.95528594876185
2015-01-23,3,0,3,100.0,251.83853479391573
2015-01-27,3,0,3,100.0,251.156122236038
2015-01-28,3,0,3,100.0,255.08860384246833
2015-01-29,3,0,3,100.0,258.3804686797737
2015-01-30,3,0,3,100.0,254.75881214450595
2015-02-02,3,0,3,100.0,258.21413938810423
2015-02-03,3,0,3,100.0,253.49565524232648
2015-02-04,3,0,3,100.0,252.8358908639935
2015-02-05,3,0,3,100.0,250.9306027390425
2015-02-06,3,0,3,100.0,244.59405752057873
2015-02-09,2,1,3,66.66666666666666,238.86461249477412
2015-02-10,2,1,3,66.66666666666666,234.30903598528542
2015-02-11,2,1,3,66.66666666666666,236.8741797772775
2015-02-12,2,1,3,66.66666666666666,238.02315850436574
2015-02-13,2,1,3,66.66666666666666,239.5075949789645
2015-02-16,2,1,3,66.66666666666666,237.7462000656986
2015-02-18,2,1,3,66.66666666666666,238.37537130850635
2015-02-19,2,1,3,66.66666666666666,240.41866429988207
2015-02-20,2,1,3,66.66666666666666,239.5756320238706
2015-02-23,2,1,3,66.66666666666666,234.28073021110345
2015-02-24,2,1,3,66.66666666666666,233.82888414948548
2015-02-25,2,1,3,66.66666666666666,232.58513258542254
2015-02-26,2,1,3,66.66666666666666,227.9520934228191
2015-02-27,2,1,3,66.66666666666666,232.4830624406247
2015-02-28,2,1,3,66.66666666666666,229.4072760159292
2015-03-02,1,2,3,33.33333333333333,224.41316327705718
2015-03-03,2,1,3,66.66666666666666,237.56447595829803
2015-03-04,1,2,3,33.33333333333333,227.71056515622354
2015-03-05,1,2,3,33.33333333333333,230.70540874838463
2015-03-09,1,2,3,33.33333333333333,228.28910960009074
2015-03-10,1,2,3,33.33333333333333,226.33996301781335
2015-03-11,1,2,3,33.33333333333333,216.7889564101434
2015-03-12,1,2,3,33.33333333333333,217.25102845592693
2015-03-13,1,2,3,33.33333333333333,214.84923863589574
2015-03-16,1,2,3,33.33333333333333,220.10243462017286
2015-03-17,1,2,3,33.33333333333333,220.9424712061729
2015-03-18,1,2,3,33.33333333333333,226.73392397364046
2015-03-19,1,2,3,33.33333333333333,218.71181667486718
2015-03-20,1,2,3,33.33333333333333,214.71663897605606
2015-03-23,1,2,3,33.33333333333333,211.77569484786312
2015-03-24,1,2,3,33.33333333333333,207.33634958753316
2015-03-25,1,2,3,33.33333333333333,200.32790706995397
2015-03-26,1,2,3,33.33333333333333,194.29463256766354
2015-03-27,1,2,3,33.33333333333333,188.76847386799352
2015-03-30,1,2,3,33.33333333333333,194.4509869653401
2015-03-31,1,2,3,33.33333333333333,194.38883494315644
2015-04-01,1,2,3,33.33333333333333,205.95874383506106
2015-04-06,1,2,3,33.33333333333333,211.01910620900975
2015-04-07,1,2,3,33.33333333333333,216.25845608112587
2015-04-08,1,2,3,33.33333333333333,219.08731684280994
2015-04-09,1,2,3,33.33333333333333,216.2062940645523
2015-04-10,1,2,3,33.33333333333333,218.3151833361241
2015-04-13,1,2,3,33.33333333333333,220.71581453938296
2015-04-15,1,2,3,33.33333333333333,219.74528806556347
2015-04-16,1,2,3,33.33333333333333,214.86581761540694
2015-04-17,1,2,3,33.33333333333333,211.52900714357833
2015-04-20,1,2,3,33.33333333333333,209.21924835942787
2015-04-21,1,2,3,33.33333333333333,208.86815359228132
2015-04-22,1,2,3,33.33333333333333,206.6378220101713
2015-04-23,1,2,3,33.33333333333333,207.0651539723027
2015-04-24,1,2,3,33.33333333333333,200.49087957732797
2015-04-27,1,2,3,33.33333333333333,193.74607664133285
2015-04-28,1,2,3,33.33333333333333,196.41992317846365
2015-04-29,1,2,3,33.33333333333333,194.89262131315414
2015-04-30,1,2,3,33.33333333333333,195.4686856649955
2015-05-04,1,2,3,33.33333333333333,206.16442862999796
2015-05-05,1,2,3,33.33333333333333,210.87210166042178
2015-05-06,1,2,3,33.33333333333333,207.54228448873738
2015-05-07,1,2,3,33.33333333333333,203.9991593750055
2015-05-08,1,2,3,33.33333333333333,208.38161549229795
2015-05-11,1,2,3,33.33333333333333,212.6189311909812
2015-05-12,1,2,3,33.33333333333333,204.22017250961198
2015-05-13,1,2,3,33.33333333333333,206.55638216244134
2015-05-14,1,2,3,33.33333333333333,208.21231205821883
2015-05-15,1,2,3,33.33333333333333,208.93309034519046
2015-05-18,1,2,3,33.33333333333333,223.8702949013637
2015-05-19,1,2,3,33.33333333333333,217.18447473230086
2015-05-20,1,2,3,33.33333333333333,221.22415503273288
2015-05-21,1,2,3,33.33333333333333,215.0079572197783
2015-05-22,1,2,3,33.33333333333333,218.64251018636588
2015-05-25,1,2,3,33.33333333333333,217.17645931917951
2015-05-26,1,2,3,33.33333333333333,214.45213380612483
2015-05-27,1,2,3,33.33333333333333,211.7462915728464
2015-05-28,1,2,3,33.33333333333333,211.46793705443378
2015-05-29,1,2,3,33.33333333333333,211.01781902080853
2015-06-01,1,2,3,33.33333333333333,219.6414625614162
2015-06-02,1,2,3,33.33333333333333,211.82038858605102
2015-06-03,1,2,3,33.33333333333333,201.90300046302463
2015-06-04,1,2,3,33.33333333333333,196.53448188569928
2015-06-05,1,2,3,33.33333333333333,195.95888819843364
2015-06-08,1,2,3,33.33333333333333,191.78966355189755
2015-06-09,1,2,3,33.33333333333333,188.45225061566754
2015-06-10,1,2,3,33.33333333333333,196.71803611862595
2015-06-11,1,2,3,33.33333333333333,196.7287070141772
2015-06-12,1,2,3,33.33333333333333,207.59393732724072
2015-06-15,1,2,3,33.33333333333333,210.0043668145358
2015-06-16,1,2,3,33.33333333333333,210.53797214413277
2015-06-17,1,2,3,33.33333333333333,210.7933078915391
2015-06-18,1,2,3,33.33333333333333,214.91872505857083
2015-06-19,1,2,3,33.33333333333333,214.8813261519265
2015-06-22,1,2,3,33.33333333333333,213.0577923333881
2015-06-23,1,2,3,33.33333333333333,216.36909639448686
2015-06-24,1,2,3,33.33333333333333,221.73537356074942
2015-06-25,1,2,3,33.33333333333333,225.8257177879387
2015-06-26,1,2,3,33.33333333333333,216.96106752557802
2015-06-29,1,2,3,33.33333333333333,214.23505094646669
2015-06-30,1,2,3,33.33333333333333,216.95687019271298
2015-07-01,1,2,3,33.33333333333333,224.95180318214878
2015-07-02,1,2,3,33.33333333333333,228.5861400730896
2015-07-03,1,2,3,33.33333333333333,227.1268889988936
2015-07-06,1,2,3,33.33333333333333,227.42793627637323
2015-07-07,1,2,3,33.33333333333333,230.51601929852046
2015-07-08,1,2,3,33.33333333333333,230.53672317889658
2015-07-09,1,2,3,33.33333333333333,230.56212312596335
2015-07-10,1,2,3,33.33333333333333,229.19981606933385
2015-07-13,2,1,3,66.66666666666666,253.38879745212037
2015-07-14,2,1,3,66.66666666666666,259.95029867038954
2015-07-15,2,1,3,66.66666666666666,270.82046005734975
2015-07-16,2,1,3,66.66666666666666,269.6045498997004
2015-07-17,1,2,3,33.33333333333333,270.9354845237876
2015-07-20,2,1,3,66.66666666666666,287.3817974735499
2015-07-21,2,1,3,66.66666666666666,265.6140726193234
2015-07-22,2,1,3,66.66666666666666,267.1105208536288
2015-07-23,2,1,3,66.66666666666666,264.7294979042175
2015-07-24,1,2,3,33.33333333333333,260.33712585446546
2015-07-27,2,1,3,66.66666666666666,257.5328173867268
2015-07-28,1,2,3,33.33333333333333,253.85188762918963
2015-07-29,2,1,3,66.66666666666666,260.2680091362511
2015-07-30,1,2,3,33.33333333333333,259.7796321416778
2015-07-31,2,1,3,66.66666666666666,261.05663799280114
2015-08-03,2,1,3,66.66666666666666,282.30733888147904
2015-08-04,3,0,3,100.0,289.1937322175813
2015-08-05,2,1,3,66.66666666666666,292.8858159990931
2015-08-06,3,0,3,100.0,295.3665951971993
2015-08-07,3,0,3,100.0,303.3740756472458
2015-08-10,3,0,3,100.0,306.7679019414867
2015-08-11,3,0,3,100.0,300.9911630486267
2015-08-12,2,1,3,66.66666666666666,285.6181705447368
2015-08-13,2,1,3,66.66666666666666,276.926968176721
2015-08-14,2,1,3,66.66666666666666,287.41705198964445
2015-08-17,2,1,3,66.66666666666666,286.0158605980337
2015-08-18,2,1,3,66.66666666666666,287.46936191137706
2015-08-19,2,1,3,66.66666666666666,284.65643521602044
2015-08-20,2,1,3,66.66666666666666,274.0585220960859
2015-08-21,2,1,3,66.66666666666666,269.46855686633967
2015-08-24,1,2,3,33.33333333333333,239.86238518081987
2015-08-25,1,2,3,33.33333333333333,234.12900200587973
2015-08-26,1,2,3,33.33333333333333,231.6740251565947
2015-08-27,1,2,3,33.33333333333333,245.57891058300817
2015-08-28,1,2,3,33.33333333333333,240.5642216353539
2015-08-31,1,2,3,33.33333333333333,240.51533598502607
2015-09-01,1,2,3,33.33333333333333,230.2368009692717
2015-09-02,1,2,3,33.33333333333333,231.17467003078298
2015-09-03,1,2,3,33.33333333333333,235.02055347922348
2015-09-04,1,2,3,33.33333333333333,223.08838293455634
2015-09-07,1,2,3,33.33333333333333,219.171414342917
2015-09-08,1,2,3,33.33333333333333,225.98382469373877
2015-09-09,1,2,3,33.33333333333333,237.53832055651964
2015-09-10,1,2,3,33.33333333333333,234.44799500825638
2015-09-11,1,2,3,33.33333333333333,238.22325729750844
2015-09-14,2,1,3,66.66666666666666,247.8850401477
2015-09-15,1,2,3,33.33333333333333,242.7902335900653
2015-09-16,1,2,3,33.33333333333333,243.19542849382597
2015-09-18,2,1,3,66.66666666666666,250.0580525707627
2015-09-21,2,1,3,66.66666666666666,265.1615761193829
2015-09-22,2,1,3,66.66666666666666,256.3252858109094
2015-09-23,2,1,3,66.66666666666666,254.60684299907177
2015-09-24,2,1,3,66.66666666666666,255.21205981697898
2015-09-28,2,1,3,66.66666666666666,253.90861961881654
2015-09-29,2,1,3,66.66666666666666,256.1240073107217
2015-09-30,2,1,3,66.66666666666666,257.2148010295729
2015-10-01,2,1,3,66.66666666666666,257.5082788585504
2015-10-05,2,1,3,66.66666666666666,260.99674082128297
2015-10-06,3,0,3,100.0,272.4367238471469
2015-10-07,3,0,3,100.0,280.05840439323475
2015-10-08,3,0,3,100.0,271.40771345821173
2015-10-09,3,0,3,100.0,269.57022642802815
2015-10-12,3,0,3,100.0,273.2229998230388
2015-10-13,3,0,3,100.0,284.6594798257689
2015-10-14,3,0,3,100.0,285.9089918272514
2015-10-15,3,0,3,100.0,286.439750851369
2015-10-16,3,0,3,100.0,286.15630102958033
2015-10-19,3,0,3,100.0,288.8911123205528
2015-10-20,3,0,3,100.0,301.3443216134328
2015-10-21,3,0,3,100.0,301.374201045518
2015-10-23,3,0,3,100.0,305.0606764844166
2015-10-26,3,0,3,100.0,301.0702507561702
2015-10-27,3,0,3,100.0,293.265155832179
2015-10-28,3,0,3,100.0,290.4596610368691
2015-10-29,3,0,3,100.0,292.24315799539784
2015-10-30,3,0,3,100.0,287.1044789417533
2015-11-02,3,0,3,100.0,283.234387561574
2015-11-03,3,0,3,100.0,289.17032675451185
2015-11-04,3,0,3,100.0,289.7327890459545
2015-11-05,3,0,3,100.0,281.85049030571844
2015-11-06,3,0,3,100.0,281.531173718288
2015-11-09,3,0,3,100.0,286.15635792740954
2015-11-10,3,0,3,100.0,283.31427038553045
2015-11-11,3,0,3,100.0,287.6843082630171
2015-11-13,3,0,3,100.0,283.9432180490343
2015-11-16,3,0,3,100.0,295.2962486003213
2015-11-17,3,0,3,100.0,290.81794970415297
2015-11-18,3,0,3,100.0,289.53874179362884
2015-11-19,3,0,3,100.0,291.1929004938861
2015-11-20,3,0,3,100.0,298.71804469597504
2015-11-23,3,0,3,100.0,298.50969258088867
2015-11-24,3,0,3,100.0,304.18081731929186
2015-11-26,3,0,3,100.0,313.66411997051546
2015-11-27,3,0,3,100.0,313.21594015998386
2015-11-30,3,0,3,100.0,322.4917118321389
2015-12-01,3,0,3,100.0,325.3104187036509
2015-12-02,3,0,3,100.0,325.35976251894243
2015-12-03,3,0,3,100.0,324.9672376641274
2015-12-04,3,0,3,100.0,320.0717815386538
2015-12-07,3,0,3,100.0,320.582286627061
2015-12-08,3,0,3,100.0,311.9022808670996
2015-12-09,3,0,3,100.0,295.32317727279064
2015-12-10,3,0,3,100.0,301.2680694066949
2015-12-11,3,0,3,100.0,303.95017083814014
2015-12-14,3,0,3,100.0,305.76234268777404
2015-12-15,3,0,3,100.0,308.2403474165443
2015-12-16,3,0,3,100.0,307.432744935578
2015-12-17,3,0,3,100.0,309.52062365660584
2015-12-18,3,0,3,100.0,308.4366495943388
2015-12-21,3,0,3,100.0,311.0659148490051
2015-12-22,3,0,3,100.0,310.07416257560317
2015-12-23,3,0,3,100.0,312.24909110010833
2015-12-24,3,0,3,100.0,312.94839566880086
2015-12-28,3,0,3,100.0,312.56975638786093
2015-12-29,3,0,3,100.0,331.00223651860455
2015-12-30,3,0,3,100.0,330.2343991180454
2015-12-31,3,0,3,100.0,325.2571066336275
2016-01-01,3,0,3,100.0,336.9522394211897
2016-01-04,3,0,3,100.0,331.9433688409793
2016-01-05,3,0,3,100.0,343.49848473313125
2016-01-06,3,0,3,100.0,339.02826642650246
2016-01-07,3,0,3,100.0,323.9424036782202
2016-01-08,3,0,3,100.0,333.63386936784866
2016-01-11,3,0,3,100.0,340.0887954414557
2016-01-12,3,0,3,100.0,332.46186373915543
2016-01-13,3,0,3,100.0,317.61295148899364
2016-01-14,3,0,3,100.0,311.70043423517893
2016-01-15,2,1,3,66.66666666666666,292.60270986142723
2016-01-18,2,1,3,66.66666666666666,272.45896204612086
2016-01-19,2,1,3,66.66666666666666,288.9816782730144
2016-01-20,1,2,3,33.33333333333333,278.49164013561915
2016-01-21,2,1,3,66.66666666666666,283.27262515767694
2016-01-22,2,1,3,66.66666666666666,290.77724547363675
2016-01-25,2,1,3,66.66666666666666,294.5315879829431
2016-01-27,2,1,3,66.66666666666666,298.1136731623568
2016-01-28,2,1,3,66.66666666666666,298.3520992788502
2016-01-29,2,1,3,66.66666666666666,302.99142153267843
2016-02-01,2,1,3,66.66666666666666,304.1407140600662
2016-02-02,2,1,3,66.66666666666666,295.17732517481784
2016-02-03,1,2,3,33.33333333333333,274.7110745824693
2016-02-04,1,2,3,33.33333333333333,274.2874181250405
2016-02-05,2,1,3,66.66666666666666,285.2628612855754
2016-02-08,2,1,3,66.66666666666666,285.114836678881
2016-02-09,2,1,3,66.66666666666666,281.12015450083396
2016-02-10,2,1,3,66.66666666666666,276.2370274448716
2016-02-11,1,2,3,33.33333333333333,252.44444864205363
2016-02-12,1,2,3,33.33333333333333,247.0861674777415
2016-02-15,1,2,3,33.33333333333333,260.310866444044
2016-02-16,1,2,3,33.33333333333333,249.15836213147116
2016-02-17,1,2,3,33.33333333333333,254.8763816536841
2016-02-18,1,2,3,33.33333333333333,257.4191334623595
2016-02-19,2,1,3,66.66666666666666,261.76782238672564
2016-02-22,1,2,3,33.33333333333333,266.1850965267516
2016-02-23,1,2,3,33.33333333333333,260.5920904706046
2016-02-24,1,2,3,33.33333333333333,249.5921012345069
2016-02-25,1,2,3,33.33333333333333,251.902686126169
2016-02-26,1,2,3,33.33333333333333,250.041564566309
2016-02-29,1,2,3,33.33333333333333,248.72606097035126
2016-03-01,1,2,3,33.33333333333333,258.0339431500888
2016-03-02,1,2,3,33.33333333333333,259.93717462987917
2016-03-03,1,2,3,33.33333333333333,262.10936937659983
2016-03-04,2,1,3,66.66666666666666,267.86025699546923
2016-03-08,1,2,3,33.33333333333333,266.9247323630282
2016-03-09,1,2,3,33.33333333333333,264.3300248875315
2016-03-10,1,2,3,33.33333333333333,261.13871008204484
2016-03-11,1,2,3,33.33333333333333,256.3197646356227
2016-03-14,0,3,3,0.0,252.40856477814935
2016-03-15,0,3,3,0.0,247.27848205280364
2016-03-16,0,3,3,0.0,247.24774071066187
2016-03-17,0,3,3,0.0,251.04396617142606
2016-03-18,0,3,3,0.0,249.12103247531766
2016-03-21,0,3,3,0.0,246.7419034278584
2016-03-22,0,3,3,0.0,258.1479162732415
2016-03-23,0,3,3,0.0,256.8413646443832
2016-03-28,0,3,3,0.0,249.96579550448647
2016-03-29,0,3,3,0.0,252.9296108015226
2016-03-30,1,2,3,33.33333333333333,258.5412792507809
2016-03-31,1,2,3,33.33333333333333,254.44327201277613
2016-04-01,1,2,3,33.33333333333333,259.38211664650754
2016-04-04,1,2,3,33.33333333333333,267.6206939910394
2016-04-05,1,2,3,33.33333333333333,269.2665465796051
2016-04-06,1,2,3,33.33333333333333,273.15589314388046
2016-04-07,1,2,3,33.33333333333333,276.4481940926371
2016-04-08,1,2,3,33.33333333333333,274.6393518930275
2016-04-11,1,2,3,33.33333333333333,281.39261099586423
2016-04-12,1,2,3,33.33333333333333,280.6785824393895
2016-04-13,1,2,3,33.33333333333333,281.9057858297326
2016-04-18,1,2,3,33.33333333333333,283.7651356109783
2016-04-20,1,2,3,33.33333333333333,284.52775181568336
2016-04-21,1,2,3,33.33333333333333,282.5378677899577
2016-04-22,1,2,3,33.33333333333333,280.9350904459188
2016-04-25,1,2,3,33.33333333333333,282.15626619556923
2016-04-26,1,2,3,33.33333333333333,282.47539880669905
2016-04-27,2,1,3,66.66666666666666,290.77773378425684
2016-04-28,1,2,3,33.33333333333333,280.30117470338854
2016-04-29,1,2,3,33.33333333333333,280.6158319142202
2016-05-02,1,2,3,33.33333333333333,278.5403202010995
2016-05-03,1,2,3,33.33333333333333,277.9219986930961
2016-05-04,1,2,3,33.33333333333333,271.19778099334604
2016-05-05,1,2,3,33.33333333333333,275.35992008717034
2016-05-06,2,1,3,66.66666666666666,280.8380009788007
2016-05-09,1,2,3,33.33333333333333,275.08973505461773
2016-05-10,1,2,3,33.33333333333333,274.5260429472439
2016-05-11,0,3,3,0.0,265.6490260297173
2016-05-12,0,3,3,0.0,267.83839149310637
2016-05-13,0,3,3,0.0,264.5788422334496
2016-05-16,0,3,3,0.0,263.86129166534766
2016-05-17,0,3,3,0.0,264.97907860131403
2016-05-18,0,3,3,0.0,264.98397894001073
2016-05-19,0,3,3,0.0,264.0128867391541
2016-05-20,0,3,3,0.0,257.77415626420634
2016-05-23,0,3,3,0.0,260.9075396978429
2016-05-24,1,2,3,33.33333333333333,261.6067681478409
2016-05-25,0,3,3,0.0,257.59052464906637
2016-05-26,0,3,3,0.0,255.73031650021764
2016-05-27,0,3,3,0.0,257.6299197228984
2016-05-30,0,3,3,0.0,259.06383116749635
2016-05-31,0,3,3,0.0,257.9331396052309
2016-06-01,2,1,3,66.66666666666666,283.6523483364674
2016-06-02,2,1,3,66.66666666666666,276.45814563791697
2016-06-03,2,1,3,66.66666666666666,269.83026710294286
2016-06-06,2,1,3,66.66666666666666,275.28398705617485
2016-06-07,2,1,3,66.66666666666666,275.0859222667343
2016-06-08,2,1,3,66.66666666666666,276.9918396269216
2016-06-09,2,1,3,66.66666666666666,282.7232672524633
2016-06-10,2,1,3,66.66666666666666,279.3603191615469
2016-06-13,2,1,3,66.66666666666666,277.6904214912753
2016-06-14,2,1,3,66.66666666666666,285.3444571527909
2016-06-15,2,1,3,66.66666666666666,286.7837425588157
2016-06-16,2,1,3,66.66666666666666,280.34714256396177
2016-06-17,2,1,3,66.66666666666666,278.7171245227667
2016-06-20,2,1,3,66.66666666666666,277.95565697616735
2016-06-21,2,1,3,66.66666666666666,274.9106296835569
2016-06-22,2,1,3,66.66666666666666,275.7053678636507
2016-06-23,2,1,3,66.66666666666666,275.8600642978757
2016-06-24,2,1,3,66.66666666666666,272.23205923397086
2016-06-27,2,1,3,66.66666666666666,278.10930903244565
2016-06-28,2,1,3,66.66666666666666,281.71511886204917
2016-06-29,2,1,3,66.66666666666666,287.8971251863506
2016-06-30,2,1,3,66.66666666666666,290.4957970262654
2016-07-01,2,1,3,66.66666666666666,292.54816112842377
2016-07-04,2,1,3,66.66666666666666,294.11889576897096
2016-07-05,2,1,3,66.66666666666666,293.9820198802944
2016-07-07,2,1,3,66.66666666666666,289.93335956960874
2016-07-08,2,1,3,66.66666666666666,287.0515209794083
2016-07-11,2,1,3,66.66666666666666,288.6344690970262
2016-07-12,2,1,3,66.66666666666666,286.6591424461636
2016-07-13,2,1,3,66.66666666666666,302.0257206005814
2016-07-14,2,1,3,66.66666666666666,299.0906970145447
2016-07-15,2,1,3,66.66666666666666,297.31131229642483
2016-07-18,2,1,3,66.66666666666666,288.91220033174847
2016-07-19,2,1,3,66.66666666666666,285.1370739973413
2016-07-20,2,1,3,66.66666666666666,289.0808133337024
2016-07-21,2,1,3,66.66666666666666,286.85796675240954
2016-07-22,2,1,3,66.66666666666666,287.3426305486521
2016-07-25,2,1,3,66.66666666666666,286.78138129388884
2016-07-26,1,2,3,33.33333333333333,280.53018501807514
2016-07-27,1,2,3,33.33333333333333,280.0688634866582
2016-07-28,1,2,3,33.33333333333333,278.29699631693177
2016-07-29,1,2,3,33.33333333333333,275.6323056309852
2016-08-01,1,2,3,33.33333333333333,272.64311079467876
2016-08-02,1,2,3,33.33333333333333,269.8752502823412
2016-08-03,0,3,3,0.0,267.45640967405524
2016-08-04,1,2,3,33.33333333333333,268.56153928202644
2016-08-05,1,2,3,33.33333333333333,272.2426652480694
2016-08-08,1,2,3,33.33333333333333,275.97806904675815
2016-08-09,1,2,3,33.33333333333333,279.1326745243004
2016-08-10,1,2,3,33.33333333333333,276.42962437370244
2016-08-11,1,2,3,33.33333333333333,273.83214045277856
2016-08-12,1,2,3,33.33333333333333,265.2632322403663
2016-08-16,1,2,3,33.33333333333333,266.658220730066
2016-08-17,1,2,3,33.33333333333333,274.2677901181906
2016-08-18,1,2,3,33.33333333333333,270.176444826975
2016-08-19,1,2,3,33.33333333333333,271.99710041058887
2016-08-22,1,2,3,33.33333333333333,275.9212339506143
2016-08-23,1,2,3,33.33333333333333,273.11692639121986
2016-08-24,1,2,3,33.33333333333333,277.16534149532947
2016-08-25,1,2,3,33.33333333333333,275.22551093608837
2016-08-26,1,2,3,33.33333333333333,270.7514607272792
2016-08-29,1,2,3,33.33333333333333,268.8914587688008
2016-08-30,1,2,3,33.33333333333333,272.3395008501937
2016-08-31,1,2,3,33.33333333333333,276.60462837780193
2016-09-01,1,2,3,33.33333333333333,271.85778969851185
2016-09-02,1,2,3,33.33333333333333,273.9716090835551
2016-09-06,1,2,3,33.33333333333333,272.42977114720566
2016-09-07,1,2,3,33.33333333333333,273.4889217227835
2016-09-08,1,2,3,33.33333333333333,277.7145160786191
2016-09-09,1,2,3,33.33333333333333,277.94681829010284
2016-09-12,1,2,3,33.33333333333333,271.9800809146125
2016-09-14,1,2,3,33.33333333333333,275.2429965992237
2016-09-15,1,2,3,33.33333333333333,273.777092463471
2016-09-16,1,2,3,33.33333333333333,275.8274464650786
2016-09-19,1,2,3,33.33333333333333,276.3186708880968
2016-09-20,1,2,3,33.33333333333333,274.21110822154407
2016-09-21,1,2,3,33.33333333333333,276.2360493178617
2016-09-22,1,2,3,33.33333333333333,276.1712885370938
2016-09-23,1,2,3,33.33333333333333,274.40984585816983
2016-09-26,1,2,3,33.33333333333333,270.7147407359777
2016-09-27,1,2,3,33.33333333333333,272.31586374404026
2016-09-28,1,2,3,33.33333333333333,274.88690595977323
2016-09-29,0,3,3,0.0,256.8843167445289
2016-09-30,0,3,3,0.0,260.46627480284997
2016-10-03,1,2,3,33.33333333333333,265.240421550511
2016-10-04,1,2,3,33.33333333333333,265.0708586003593
2016-10-05,1,2,3,33.33333333333333,271.0368300297058
2016-10-06,0,3,3,0.0,267.81304778457076
2016-10-07,1,2,3,33.33333333333333,267.0355928607881
2016-10-10,1,2,3,33.33333333333333,267.6516354766412
2016-10-13,1,2,3,33.33333333333333,268.3846660529886
2016-10-14,2,1,3,66.66666666666666,276.79403512198553
2016-10-17,1,2,3,33.33333333333333,273.0080132319845
2016-10-18,2,1,3,66.66666666666666,289.232526650677
2016-10-19,2,1,3,66.66666666666666,292.8564052760057
2016-10-20,2,1,3,66.66666666666666,287.0962389252245
2016-10-21,2,1,3,66.66666666666666,287.13206212859006
2016-10-24,2,1,3,66.66666666666666,293.05600505340544
2016-10-25,2,1,3,66.66666666666666,292.2706922427754
2016-10-26,2,1,3,66.66666666666666,289.2307533671475
2016-10-27,2,1,3,66.66666666666666,292.03795911729065
2016-10-28,2,1,3,66.66666666666666,293.32151296731877
2016-10-30,2,1,3,66.66666666666666,297.6611685775283
2016-11-01,2,1,3,66.66666666666666,305.05225650847
2016-11-02,2,1,3,66.66666666666666,296.56265855829145
2016-11-03,2,1,3,66.66666666666666,291.2724721518247
2016-11-04,2,1,3,66.66666666666666,282.09511721941254
2016-11-07,2,1,3,66.66666666666666,287.5416985786981
2016-11-08,2,1,3,66.66666666666666,284.17431870890505
2016-11-09,2,1,3,66.66666666666666,274.32184104865485
2016-11-10,2,1,3,66.66666666666666,289.3709749512239
2016-11-11,2,1,3,66.66666666666666,276.93340584233744
2016-11-15,1,2,3,33.33333333333333,258.49940916095943
2016-11-16,1,2,3,33.33333333333333,254.35986121736897
2016-11-17,1,2,3,33.33333333333333,251.576460992497
2016-11-18,1,2,3,33.33333333333333,251.13827137404252
2016-11-21,1,2,3,33.33333333333333,245.53649553121636
2016-11-22,1,2,3,33.33333333333333,240.55797287607822
2016-11-23,1,2,3,33.33333333333333,251.04563939159644
2016-11-24,1,2,3,33.33333333333333,255.0823428057822
2016-11-25,1,2,3,33.33333333333333,261.210677865024
2016-11-28,1,2,3,33.33333333333333,265.09027160824326
2016-11-29,1,2,3,33.33333333333333,268.1788010930485
2016-11-30,1,2,3,33.33333333333333,270.4725986687219
2016-12-01,1,2,3,33.33333333333333,277.9437847714984
2016-12-02,1,2,3,33.33333333333333,273.57242992099026
2016-12-05,1,2,3,33.33333333333333,274.1681510940281
2016-12-06,1,2,3,33.33333333333333,274.02314208816614
2016-12-07,1,2,3,33.33333333333333,277.62880402621903
2016-12-08,1,2,3,33.33333333333333,285.5677202129241
2016-12-09,1,2,3,33.33333333333333,307.8529086040615
2016-12-12,1,2,3,33.33333333333333,312.42073992663626
2016-12-13,1,2,3,33.33333333333333,304.94994487940687
2016-12-14,1,2,3,33.33333333333333,304.22941378314374
2016-12-15,1,2,3,33.33333333333333,303.75242279605453
2016-12-16,1,2,3,33.33333333333333,299.87780977675726
2016-12-19,1,2,3,33.33333333333333,301.83110358198593
2016-12-20,1,2,3,33.33333333333333,294.4288285632567
2016-12-21,1,2,3,33.33333333333333,293.9523890793981
2016-12-22,1,2,3,33.33333333333333,285.7836022583893
2016-12-23,1,2,3,33.33333333333333,288.09137254989537
2016-12-26,1,2,3,33.33333333333333,284.8167752636966
2016-12-27,1,2,3,33.33333333333333,288.48767894530016
2016-12-28,1,2,3,33.33333333333333,286.64988789152915
2016-12-29,1,2,3,33.33333333333333,294.30350447291363
2016-12-30,1,2,3,33.33333333333333,296.01161689268463
2017-01-02,1,2,3,33.33333333333333,310.20101473190806
2017-01-03,1,2,3,33.33333333333333,308.1604429408862
2017-01-04,1,2,3,33.33333333333333,309.3083190018038
2017-01-05,1,2,3,33.33333333333333,310.6195464727052
2017-01-06,1,2,3,33.33333333333333,306.32749537876265
2017-01-09,1,2,3,33.33333333333333,315.59218703501534
2017-01-10,1,2,3,33.33333333333333,316.54224638608235
2017-01-11,1,2,3,33.33333333333333,319.7585756135939
2017-01-12,2,1,3,66.66666666666666,324.5646451633718
2017-01-13,2,1,3,66.66666666666666,321.0625380652958
2017-01-16,2,1,3,66.66666666666666,321.5023960512068
2017-01-17,2,1,3,66.66666666666666,324.3241295741282
2017-01-18,2,1,3,66.66666666666666,327.565689423662
2017-01-19,2,1,3,66.66666666666666,324.4622558275368
2017-01-20,2,1,3,66.66666666666666,313.09117572842575
2017-01-23,2,1,3,66.66666666666666,316.0228296011556
2017-01-24,2,1,3,66.66666666666666,327.0405593443516
2017-01-25,2,1,3,66.66666666666666,331.37243516024284
2017-01-27,2,1,3,66.66666666666666,337.62617237168536
2017-01-30,2,1,3,66.66666666666666,339.7532156168027
2017-01-31,2,1,3,66.66666666666666,334.79337771001315
2017-02-01,2,1,3,66.66666666666666,332.8987413756389
2017-02-02,2,1,3,66.66666666666666,332.965241286198
2017-02-03,2,1,3,66.66666666666666,340.7247465148762
2017-02-06,2,1,3,66.66666666666666,346.21077408955114
2017-02-07,2,1,3,66.66666666666666,338.7391711741304
2017-02-08,2,1,3,66.66666666666666,335.28168440705883
2017-02-09,2,1,3,66.66666666666666,332.95713489235084
2017-02-10,2,1,3,66.66666666666666,320.7479882771962
2017-02-13,1,2,3,33.33333333333333,310.35415154244396
2017-02-14,1,2,3,33.33333333333333,311.0152026814571
2017-02-15,1,2,3,33.33333333333333,300.10238290967936
2017-02-16,1,2,3,33.33333333333333,302.725400467705
2017-02-17,1,2,3,33.33333333333333,303.2880665317454
2017-02-20,2,1,3,66.66666666666666,302.1786273253273
2017-02-21,2,1,3,66.66666666666666,313.4928425659495
2017-02-22,2,1,3,66.66666666666666,308.7745048728847
2017-02-23,2,1,3,66.66666666666666,308.7135347260071
2017-02-27,2,1,3,66.66666666666666,314.19017466008654
2017-02-28,2,1,3,66.66666666666666,315.25715994160123
2017-03-01,2,1,3,66.66666666666666,316.9310299343725
2017-03-02,2,1,3,66.66666666666666,309.50267740209074
2017-03-03,2,1,3,66.66666666666666,320.95808604089734
2017-03-06,2,1,3,66.66666666666666,319.68804137552826
2017-03-07,2,1,3,66.66666666666666,322.7777349964888
2017-03-08,2,1,3,66.66666666666666,332.09742822223416
2017-03-09,2,1,3,66.66666666666666,328.9142807598232
2017-03-10,2,1,3,66.66666666666666,323.2124031658335
2017-03-14,2,1,3,66.66666666666666,327.36526488957065
2017-03-15,2,1,3,66.66666666666666,327.58484384930676
2017-03-16,2,1,3,66.66666666666666,332.41359748020705
2017-03-17,2,1,3,66.66666666666666,330.8011915928753
2017-03-20,2,1,3,66.66666666666666,338.4564768629939
2017-03-21,2,1,3,66.66666666666666,336.00187022479696
2017-03-22,2,1,3,66.66666666666666,335.99574780492054
2017-03-23,2,1,3,66.66666666666666,360.31248883499694
2017-03-24,2,1,3,66.66666666666666,352.77265791987213
2017-03-27,2,1,3,66.66666666666666,354.55437558350746
2017-03-28,2,1,3,66.66666666666666,357.99911655530866
2017-03-29,2,1,3,66.66666666666666,357.7138180535431
2017-03-30,2,1,3,66.66666666666666,364.6051257797896
2017-03-31,2,1,3,66.66666666666666,363.335451967781
2017-04-03,2,1,3,66.66666666666666,366.79020881944626
2017-04-05,2,1,3,66.66666666666666,380.22269221043535
2017-04-06,2,1,3,66.66666666666666,381.73300106146917
2017-04-07,2,1,3,66.66666666666666,376.62090518846696
2017-04-10,2,1,3,66.66666666666666,379.580567105084
2017-04-11,2,1,3,66.66666666666666,383.17288029080174
2017-04-12,2,1,3,66.66666666666666,388.1707512107264
2017-04-13,2,1,3,66.66666666666666,400.5476506292508
2017-04-17,3,0,3,100.0,410.0553173012063
2017-04-18,3,0,3,100.0,397.8248666605687
2017-04-19,3,0,3,100.0,400.8539040259672
2017-04-20,3,0,3,100.0,405.9574075380116
2017-04-21,3,0,3,100.0,430.4163323959724
2017-04-24,3,0,3,100.0,460.12553738050855
2017-04-25,3,0,3,100.0,456.37080499252266
2017-04-26,3,0,3,100.0,469.21190643131024
2017-04-27,3,0,3,100.0,466.14292460764216
2017-04-28,3,0,3,100.0,468.9681900806062
2017-05-02,3,0,3,100.0,458.75358556446935
2017-05-03,3,0,3,100.0,455.5009962966459
2017-05-04,3,0,3,100.0,453.3459270405838
2017-05-05,2,1,3,66.66666666666666,448.84888906854474
2017-05-08,3,0,3,100.0,447.5085874923852
2017-05-09,3,0,3,100.0,460.50918715967526
2017-05-10,3,0,3,100.0,455.89836670180676
2017-05-11,3,0,3,100.0,451.95651241790705
2017-05-12,3,0,3,100.0,444.04106654220686
2017-05-15,3,0,3,100.0,442.5993024988765
2017-05-16,3,0,3,100.0,453.3958191190248
2017-05-17,3,0,3,100.0,447.5154133102077
2017-05-18,2,1,3,66.66666666666666,424.90906321383966
2017-05-19,2,1,3,66.66666666666666,422.1072619966247
2017-05-22,2,1,3,66.66666666666666,414.24343692989584
2017-05-23,2,1,3,66.66666666666666,389.09414704671286
2017-05-24,2,1,3,66.66666666666666,377.39395925264046
2017-05-25,2,1,3,66.66666666666666,381.8424191359596
2017-05-26,2,1,3,66.66666666666666,393.08619756409814
2017-05-29,2,1,3,66.66666666666666,389.6178989903713
2017-05-30,2,1,3,66.66666666666666,387.01573211065016
2017-05-31,2,1,3,66.66666666666666,385.5435919783688
2017-06-01,2,1,3,66.66666666666666,401.42421391152584
2017-06-02,2,1,3,66.66666666666666,411.40117818786644
2017-06-05,2,1,3,66.66666666666666,422.5805605662307
2017-06-06,2,1,3,66.66666666666666,418.19235554035606
2017-06-07,2,1,3,66.66666666666666,444.16988702540084
2017-06-08,2,1,3,66.66666666666666,449.9354273298258
2017-06-09,2,1,3,66.66666666666666,457.8988593900272
2017-06-12,2,1,3,66.66666666666666,452.35807632590735
2017-06-13,2,1,3,66.66666666666666,454.4459343905447
2017-06-14,2,1,3,66.66666666666666,446.0853756522569
2017-06-15,2,1,3,66.66666666666666,451.595449132968
2017-06-16,2,1,3,66.66666666666666,450.03938129083474
2017-06-19,2,1,3,66.66666666666666,434.78276737767663
2017-06-20,2,1,3,66.66666666666666,435.07917507343257
2017-06-21,2,1,3,66.66666666666666,440.00792493232524
2017-06-22,2,1,3,66.66666666666666,433.2488675854661
2017-06-23,2,1,3,66.66666666666666,421.3451986452543
2017-06-27,2,1,4,66.66666666666666,408.2898240768835
2017-06-28,2,1,4,66.66666666666666,411.7324357173967
2017-06-29,2,1,4,66.66666666666666,414.3996386745848
2017-06-30,2,1,4,66.66666666666666,424.848027554199
2017-07-03,2,1,4,66.66666666666666,436.9300415945096
2017-07-04,2,1,4,66.66666666666666,445.75514969404094
2017-07-05,2,1,4,66.66666666666666,464.0564499113283
2017-07-06,2,1,4,66.66666666666666,470.71288250869003
2017-07-07,3,0,4,100.0,500.985753068281
2017-07-10,3,0,4,100.0,510.246554226649
2017-07-11,3,0,4,100.0,489.93482065571794
2017-07-12,3,0,4,100.0,492.40015856298373
2017-07-13,3,0,4,100.0,486.84014291494424
2017-07-14,3,0,4,100.0,475.0621411379636
2017-07-17,3,0,4,100.0,486.7604368526993
2017-07-18,3,0,4,100.0,493.94258360772875
2017-07-19,3,0,4,100.0,512.0882842766423
2017-07-20,3,0,4,100.0,524.7853126651614
2017-07-21,3,0,4,100.0,529.8986783491588
2017-07-24,3,0,4,100.0,532.6551990064776
2017-07-25,3,0,4,100.0,545.9630760452529
2017-07-26,3,0,4,100.0,545.3431171661784
2017-07-27,3,0,4,100.0,529.0604956397964
2017-07-28,3,0,4,100.0,546.7351086890982
2017-07-31,3,0,4,100.0,548.3660891768282
2017-08-01,3,0,4,100.0,537.8974065322503
2017-08-02,3,0,4,100.0,536.5348506053048
2017-08-03,3,0,4,100.0,528.9848748367358
2017-08-04,3,0,4,100.0,535.4109898763838
2017-08-07,3,0,4,100.0,540.5187666606007
2017-08-08,3,0,4,100.0,528.6135987094437
2017-08-09,3,0,4,100.0,513.1332923954917
2017-08-10,3,0,4,100.0,480.8856639761943
2017-08-11,3,0,4,100.0,493.35651871880356
2017-08-14,3,0,4,100.0,505.15293759108033
2017-08-16,3,0,4,100.0,512.0747927024045
2017-08-17,3,0,4,100.0,520.8328701370393
2017-08-18,3,0,4,100.0,513.64195399066
2017-08-21,3,0,4,100.0,505.8451625042636
2017-08-22,3,0,4,100.0,505.02741717336966
2017-08-23,3,0,4,100.0,526.4388575956831
2017-08-24,3,0,4,100.0,539.9816412971853
2017-08-28,3,0,4,100.0,541.234427320739
2017-08-29,3,0,4,100.0,534.2998924220071
2017-08-30,3,0,4,100.0,550.7914944968333
2017-08-31,3,0,4,100.0,563.6570317450766
2017-09-01,3,0,4,100.0,581.6517986972096
2017-09-04,3,0,4,100.0,585.2603815539753
2017-09-05,3,0,4,100.0,593.5737038496004
2017-09-06,3,0,4,100.0,617.4115119612911
2017-09-07,3,0,4,100.0,630.7624699256546
2017-09-08,3,0,4,100.0,616.9826863218667
2017-09-11,3,0,4,100.0,637.8151126644995
2017-09-12,3,0,4,100.0,644.608025489083
2017-09-13,3,0,4,100.0,621.9351141496089
2017-09-14,3,0,4,100.0,629.5776191850464
2017-09-15,3,0,4,100.0,644.6461142904459
2017-09-18,3,0,4,100.0,673.3429784396003
2017-09-19,3,0,4,100.0,674.5900654811571
2017-09-20,3,0,4,100.0,657.5090738776031
2017-09-21,3,0,4,100.0,686.4483375711927
2017-09-22,3,0,4,100.0,694.1556582280506
2017-09-25,3,0,4,100.0,660.1831394341082
2017-09-26,3,0,4,100.0,677.7514144685814
2017-09-27,3,0,4,100.0,661.5136675913465
2017-09-28,3,0,4,100.0,664.7008953928421
2017-09-29,3,0,4,100.0,647.1956082119458
2017-10-03,3,0,4,100.0,641.9585517044883
2017-10-04,3,0,4,100.0,667.7982705173467
2017-10-05,3,0,4,100.0,691.4094330257458
2017-10-06,3,0,4,100.0,692.8110654867799
2017-10-09,3,0,4,100.0,693.9863063379754
2017-10-10,3,0,4,100.0,698.4468857987088
2017-10-11,3,0,4,100.0,684.0875881945852
2017-10-12,3,0,4,100.0,696.9081797429651
2017-10-13,3,0,4,100.0,698.0967435259263
2017-10-16,3,0,4,100.0,698.4622352155642
2017-10-17,3,0,4,100.0,709.6379207010575
2017-10-18,3,0,4,100.0,708.4411396126706
2017-10-19,3,0,4,100.0,710.040226411425
2017-10-23,3,0,4,100.0,724.9391890166659
2017-10-24,3,0,4,100.0,739.1534602299823
2017-10-25,3,0,4,100.0,744.3838307416991
2017-10-26,3,0,4,100.0,752.3686354896385
2017-10-27,3,0,4,100.0,742.9702447986422
2017-10-30,3,0,4,100.0,746.6878668907821
2017-10-31,3,0,4,100.0,751.15811843857
2017-11-01,3,0,4,100.0,776.3653938870293
2017-11-02,3,0,4,100.0,790.394203979215
2017-11-03,3,0,4,100.0,789.7789246233588
2017-11-06,3,0,4,100.0,790.9560545438051
2017-11-07,3,0,4,100.0,787.2928609416806
2017-11-08,3,0,4,100.0,763.1707142793754
2017-11-09,3,0,4,100.0,764.2577892827113
2017-11-10,3,0,4,100.0,772.3486092885723
2017-11-13,3,0,4,100.0,782.5850113982326
2017-11-14,3,0,4,100.0,782.97960622266
2017-11-15,3,0,4,100.0,756.3542811562261
2017-11-16,3,0,4,100.0,766.6949016149157
2017-11-17,3,0,4,100.0,765.6783220920108
2017-11-20,3,0,4,100.0,763.900889806685
2017-11-21,3,0,4,100.0,757.668521703268
2017-11-22,3,0,4,100.0,756.0175758734426
2017-11-23,3,0,4,100.0,758.2045295981851
2017-11-24,3,0,4,100.0,767.5540611010707
2017-11-27,3,0,4,100.0,766.4593285916952
2017-11-28,3,0,4,100.0,769.8071986667575
2017-11-29,3,0,4,100.0,775.4542437799096
2017-11-30,3,0,4,100.0,790.4157045876395
2017-12-01,3,0,4,100.0,770.7039117294322
2017-12-04,3,0,4,100.0,763.9427683360207
2017-12-05,3,0,4,100.0,756.2800788438055
2017-12-06,3,0,4,100.0,749.2512003710286
2017-12-07,3,0,4,100.0,781.6001968714584
2017-12-08,3,0,4,100.0,785.5311410830842
2017-12-11,3,0,4,100.0,780.7748167185143
2017-12-12,3,0,4,100.0,765.8205064337526
2017-12-13,3,0,4,100.0,748.2265227104294
2017-12-14,3,0,4,100.0,749.4710940404602
2017-12-15,3,0,4,100.0,748.0088198203524
2017-12-18,3,0,4,100.0,747.3078143637168
2017-12-19,3,0,4,100.0,759.8306706209681
2017-12-20,3,0,4,100.0,784.759929190363
2017-12-21,3,0,4,100.0,781.277420868864
2017-12-22,3,0,4,100.0,773.1294262290746
2017-12-26,3,0,4,100.0,766.7629987089041
2017-12-27,3,0,4,100.0,755.4041005398342
2017-12-28,3,0,4,100.0,757.7271099847916
2017-12-29,3,0,4,100.0,758.5120616026844
2018-01-01,3,0,4,100.0,797.4475058491626
2018-01-02,3,0,4,100.0,800.5932200855419
2018-01-03,3,0,4,100.0,806.3408607139207
2018-01-04,3,0,4,100.0,811.2874951872695
2018-01-05,3,0,4,100.0,808.3228275023906
2018-01-08,3,0,4,100.0,809.7609652787759
2018-01-09,3,0,4,100.0,808.9253863165235
2018-01-10,3,0,4,100.0,820.190647387559
2018-01-11,3,0,4,100.0,816.8630788371082
2018-01-12,3,0,4,100.0,808.1726274619228
2018-01-15,3,0,4,100.0,814.5163983871065
2018-01-16,3,0,4,100.0,785.232070182029
2018-01-17,3,0,4,100.0,785.9991823693018
2018-01-18,3,0,4,100.0,770.9031065821463
2018-01-19,3,0,4,100.0,766.5741014063486
2018-01-22,3,0,4,100.0,758.6823874875773
2018-01-23,3,0,4,100.0,750.2920500485973
2018-01-24,3,0,4,100.0,735.2104977087728
2018-01-25,3,0,4,100.0,727.4930004142682
2018-01-29,2,1,4,66.66666666666666,713.2089083242204
2018-01-30,4,0,4,100.0,708.2449137893741
2018-01-31,4,0,4,100.0,701.276956653268
2018-02-01,4,0,4,100.0,717.8601517967103
2018-02-02,3,1,4,75.0,672.8604572767676
2018-02-05,3,1,4,75.0,674.442845817307
2018-02-06,3,1,4,75.0,645.5125249253276
2018-02-07,3,1,4,75.0,650.7836349343382
2018-02-08,2,2,4,50.0,670.2359124094721
2018-02-09,2,2,4,50.0,677.5434561238332
2018-02-12,4,0,4,100.0,717.6444846760583
2018-02-14,4,0,4,100.0,731.7447998412164
2018-02-15,3,1,4,75.0,707.504564593631
2018-02-16,3,1,4,75.0,695.3214234137848
2018-02-19,3,1,4,75.0,694.22819484967
2018-02-20,3,1,4,75.0,697.3248696232627
2018-02-21,3,1,4,75.0,696.9484872780399
2018-02-22,3,1,4,75.0,701.6101102430608
2018-02-23,3,1,4,75.0,700.4348354953352
2018-02-26,3,1,4,75.0,699.0928689531748
2018-02-27,2,2,4,50.0,688.9444522396478
2018-02-28,2,2,4,50.0,696.9792148490134
2018-03-01,2,2,4,50.0,697.8166746702286
2018-03-05,1,3,4,25.0,677.8245665771763
2018-03-06,1,3,4,25.0,657.3380486380655
2018-03-07,1,3,4,25.0,629.040249825704
2018-03-08,1,3,4,25.0,651.6492613128862
2018-03-09,2,2,4,50.0,652.8451040523329
2018-03-12,1,3,4,25.0,660.3511738667673
2018-03-13,2,2,4,50.0,671.4850208829472
2018-03-14,1,3,4,25.0,664.9704812558517
2018-03-15,2,2,4,50.0,690.7061727320503
2018-03-16,2,2,4,50.0,683.3862216273127
2018-03-19,2,2,4,50.0,670.0737762484679
2018-03-20,2,2,4,50.0,664.3851325159001
2018-03-21,2,2,4,50.0,673.7537854733187
2018-03-22,2,2,4,50.0,668.3967775798435
2018-03-23,2,2,4,50.0,656.2467456626305
2018-03-26,2,2,4,50.0,658.9398488481754
2018-03-27,2,2,4,50.0,672.9533058060657
2018-03-28,2,2,4,50.0,667.4621903929974
2018-04-02,2,2,4,50.0,680.9226826182687
2018-04-03,1,3,4,25.0,691.9907071665173
2018-04-04,2,2,4,50.0,692.5273411290227
2018-04-05,3,1,4,75.0,707.662408620124
2018-04-06,2,2,4,50.0,706.0374891101188
2018-04-09,2,2,4,50.0,698.5692004386328
2018-04-10,2,2,4,50.0,693.4625267630867
2018-04-11,2,2,4,50.0,698.1696725014078
2018-04-12,2,2,4,50.0,699.2434662931254
2018-04-13,2,2,4,50.0,696.6478692133722
2018-04-16,2,2,4,50.0,694.1829075621393
2018-04-17,2,2,4,50.0,691.609469488359
2018-04-18,2,2,4,50.0,689.2424707308476
2018-04-19,2,2,4,50.0,684.1487468846947
2018-04-20,2,2,4,50.0,688.7194327406829
2018-04-23,3,1,4,75.0,704.7669684054949
2018-04-24,3,1,4,75.0,706.1945149371505
2018-04-25,1,3,4,25.0,688.7111667580612
2018-04-26,2,2,4,50.0,695.0701397108153
2018-04-27,2,2,4,50.0,695.5268822550477
2018-04-30,2,2,4,50.0,705.114036921383
2018-05-02,2,2,4,50.0,702.3206256182277
2018-05-03,2,2,4,50.0,687.199111994992
2018-05-04,1,3,4,25.0,685.733308900949
2018-05-07,1,3,4,25.0,681.7152259481786
2018-05-08,1,3,4,25.0,683.1457309440511
2018-05-09,1,3,4,25.0,679.3485940002656
2018-05-10,1,3,4,25.0,666.2398075679414
2018-05-11,1,3,4,25.0,668.8465226173963
2018-05-14,0,4,4,0.0,650.2135824727698
2018-05-15,0,4,4,0.0,650.7534523378465
2018-05-16,0,4,4,0.0,643.5344384020677
2018-05-17,1,3,4,25.0,657.6991313720333
2018-05-18,0,4,4,0.0,657.8488815913986
2018-05-21,0,4,4,0.0,633.8410277126426
2018-05-22,0,4,4,0.0,639.7886876900593
2018-05-23,0,4,4,0.0,631.4495629060559
2018-05-24,0,4,4,0.0,618.7311078658756
2018-05-25,0,4,4,0.0,623.6284899434373
2018-05-28,0,4,4,0.0,630.384135838547
2018-05-29,0,4,4,0.0,624.3119543932438
2018-05-30,0,4,4,0.0,619.2088621294544
2018-05-31,0,4,4,0.0,621.2041896366319
2018-06-01,0,4,4,0.0,601.8653081392564
2018-06-04,0,4,4,0.0,582.3653083396188
2018-06-05,0,4,4,0.0,565.1372150960536
2018-06-06,0,4,4,0.0,592.2761279561095
2018-06-07,1,3,4,25.0,628.3047375366755
2018-06-08,1,3,4,25.0,637.3345396407
2018-06-11,1,3,4,25.0,648.7481431920488
2018-06-12,1,3,4,25.0,649.9334649796256
2018-06-13,1,3,4,25.0,656.0776465496219
2018-06-14,1,3,4,25.0,655.1170802101093
2018-06-15,1,3,4,25.0,648.3862355623851
2018-06-18,1,3,4,25.0,638.0285977815779
2018-06-19,1,3,4,25.0,635.567702928103
2018-06-20,1,3,4,25.0,638.3386976107747
2018-06-21,1,3,4,25.0,622.9355125322024
2018-06-22,1,3,4,25.0,617.4221591921173
2018-06-25,1,3,4,25.0,601.8340468749788
2018-06-26,1,3,4,25.0,591.9882709022759
2018-06-27,0,4,4,0.0,566.8079286366461
2018-06-28,0,4,4,0.0,572.5120567392123
2018-06-29,1,3,4,25.0,598.4811507589943
2018-07-02,0,4,4,0.0,587.0690026774089
2018-07-03,0,4,4,0.0,590.3735656641975
2018-07-04,1,3,4,25.0,595.5966771191025
2018-07-05,1,3,4,25.0,590.1855293497201
2018-07-06,1,3,4,25.0,594.5477433838239
2018-07-09,1,3,4,25.0,601.6736440255843
2018-07-10,1,3,4,25.0,628.097450954563
2018-07-11,1,3,4,25.0,621.3371175197344
2018-07-12,1,3,4,25.0,613.4243932721927
2018-07-13,1,3,4,25.0,597.1985525731668
2018-07-16,0,4,4,0.0,569.1893494138476
2018-07-17,0,4,4,0.0,575.8689001806915
2018-07-18,0,4,4,0.0,561.6115376387052
2018-07-19,0,4,4,0.0,547.0696079521321
2018-07-20,0,4,4,0.0,549.4534268767802
2018-07-23,0,4,4,0.0,557.9543618658404
2018-07-24,0,4,4,0.0,578.319608307952
2018-07-25,0,4,4,0.0,585.4217978842382
2018-07-26,0,4,4,0.0,581.1362194605795
2018-07-27,0,4,4,0.0,596.6623317060113
2018-07-30,0,4,4,0.0,598.5348094453824
2018-07-31,0,4,4,0.0,599.6234257910827
2018-08-01,0,4,4,0.0,601.8751343056688
2018-08-02,0,4,4,0.0,595.3242474081825
2018-08-03,0,4,4,0.0,602.2784755822415
2018-08-06,0,4,4,0.0,598.0168810449983
2018-08-07,1,3,4,25.0,596.9695417096788
2018-08-08,1,3,4,25.0,637.4513058902484
2018-08-09,1,3,4,25.0,652.7936153339964
2018-08-10,1,3,4,25.0,640.362337880059
2018-08-13,1,3,4,25.0,632.0591850466446
2018-08-14,1,3,4,25.0,627.6762510664222
2018-08-16,1,3,4,25.0,629.1444502688818
2018-08-17,1,3,4,25.0,639.8204016511359
2018-08-20,1,3,4,25.0,643.5384212856854
2018-08-21,1,3,4,25.0,634.997185366385
2018-08-23,1,3,4,25.0,636.9272102265968
2018-08-24,1,3,4,25.0,624.7024104455213
2018-08-27,1,3,4,25.0,628.7504486276572
2018-08-28,1,3,4,25.0,640.7776309235234
2018-08-29,1,3,4,25.0,651.9593859042911
2018-08-30,1,3,4,25.0,691.1226333332445
2018-08-31,2,2,4,50.0,713.7459803059186
2018-09-03,1,3,4,25.0,712.7449075006675
2018-09-04,1,3,4,25.0,691.8522232657972
2018-09-05,1,3,4,25.0,683.6833766321087
2018-09-06,1,3,4,25.0,687.7381927883494
2018-09-07,1,3,4,25.0,709.8981701248205
2018-09-10,1,3,4,25.0,702.2937948844069
2018-09-11,1,3,4,25.0,688.422293933677
2018-09-12,1,3,4,25.0,690.1259914182872
2018-09-14,1,3,4,25.0,687.7424668623943
2018-09-17,1,3,4,25.0,688.4158479302343
2018-09-18,1,3,4,25.0,679.0344611336145
2018-09-19,1,3,4,25.0,674.554061141627
2018-09-21,1,3,4,25.0,632.839420383242
2018-09-24,1,3,4,25.0,600.4473626394118
2018-09-25,1,3,4,25.0,598.4814284841544
2018-09-26,1,3,4,25.0,616.8596109006129
2018-09-27,1,3,4,25.0,621.9015817336967
2018-09-28,1,3,4,25.0,577.7658292875103
2018-10-01,1,3,4,25.0,575.079160860757
2018-10-03,1,3,4,25.0,578.8770929265141
2018-10-04,1,3,4,25.0,569.9721817311096
2018-10-05,1,3,4,25.0,556.2531988691866
2018-10-08,1,3,4,25.0,547.0140210578957
2018-10-09,1,3,4,25.0,549.9119201085857
2018-10-10,1,3,4,25.0,596.7795400996815
2018-10-11,1,3,4,25.0,587.1514330703721
2018-10-12,1,3,4,25.0,611.4969222452412
2018-10-15,1,3,4,25.0,619.0712723589313
2018-10-16,1,3,4,25.0,617.7008364144125
2018-10-17,1,3,4,25.0,594.5542230372046
2018-10-19,1,3,4,25.0,601.4436205501717
2018-10-22,1,3,4,25.0,580.4457337250891
2018-10-23,1,3,4,25.0,566.4041708843343
2018-10-24,1,3,4,25.0,550.930822310593
2018-10-25,1,3,4,25.0,551.8010328912702
2018-10-26,1,3,4,25.0,551.4816776232818
2018-10-29,1,3,4,25.0,569.5654979626596
2018-10-30,1,3,4,25.0,587.5772441805169
2018-10-31,1,3,4,25.0,601.3871237300311
2018-11-01,1,3,4,25.0,610.3728124530056
2018-11-02,1,3,4,25.0,609.8865950833298
2018-11-05,1,3,4,25.0,620.9168951898616
2018-11-06,1,3,4,25.0,638.5556376311906
2018-11-07,1,3,4,25.0,665.3142844160269
2018-11-09,2,2,4,50.0,677.6410851203198
2018-11-12,1,3,4,25.0,657.0345632354394
2018-11-13,1,3,4,25.0,663.331775421188
2018-11-14,1,3,4,25.0,657.2241788763465
2018-11-15,1,3,4,25.0,652.9867022682636
2018-11-16,1,3,4,25.0,638.1451074563503
2018-11-19,1,3,4,25.0,638.6127614829651
2018-11-20,1,3,4,25.0,650.5468615471406
2018-11-21,2,2,4,50.0,664.2214407366238
2018-11-22,1,3,4,25.0,652.9672900242081
2018-11-26,1,3,4,25.0,649.1995694864363
2018-11-27,1,3,4,25.0,651.0778357120427
2018-11-28,1,3,4,25.0,643.999583295592
2018-11-29,1,3,4,25.0,630.8499684313591
2018-11-30,1,3,4,25.0,634.4436061727025
2018-12-03,1,3,4,25.0,631.7262860999887
2018-12-04,1,3,4,25.0,627.4496351210913
2018-12-05,1,3,4,25.0,616.9703376315734
2018-12-06,1,3,4,25.0,604.6651095139115
2018-12-07,1,3,4,25.0,599.2485561251766
2018-12-10,1,3,4,25.0,606.1439293347282
2018-12-11,1,3,4,25.0,605.5114131936264
2018-12-12,1,3,4,25.0,609.50221974808
2018-12-13,1,3,4,25.0,612.3436319390288
2018-12-14,1,3,4,25.0,616.9700323464423
2018-12-17,1,3,4,25.0,638.1010766712845
2018-12-18,1,3,4,25.0,653.7261000636722
2018-12-19,1,3,4,25.0,669.5086106119736
2018-12-20,1,3,4,25.0,657.0649089777388
2018-12-21,1,3,4,25.0,640.8133099794852
2018-12-24,1,3,4,25.0,637.3901780256862
2018-12-26,1,3,4,25.0,637.9508653514197
2018-12-27,1,3,4,25.0,643.4688706690058
2018-12-28,1,3,4,25.0,644.0240808662969
2018-12-31,1,3,4,25.0,643.4233132400493
2019-01-01,1,3,4,25.0,644.6948625438255
2019-01-02,1,3,4,25.0,639.0328794577684
2019-01-03,1,3,4,25.0,630.8835848734002
2019-01-04,1,3,4,25.0,633.3935932027159
2019-01-07,1,3,4,25.0,633.7334532059034
2019-01-08,1,3,4,25.0,658.5912808446719
2019-01-09,1,3,4,25.0,655.4725506969235
2019-01-10,1,3,4,25.0,658.0898513523102
2019-01-11,2,2,4,50.0,668.3875255430002
2019-01-14,2,2,4,50.0,661.5174719411873
2019-01-15,2,2,4,50.0,669.1666766229132
2019-01-16,2,2,4,50.0,697.8606341594352
2019-01-17,2,2,4,50.0,692.6537551290038
2019-01-18,2,2,4,50.0,671.7656461760113
2019-01-21,2,2,4,50.0,674.8606379055232
2019-01-22,2,2,4,50.0,655.9152377953752
2019-01-23,2,2,4,50.0,660.6004761398069
2019-01-24,2,2,4,50.0,634.8102871740455
2019-01-25,2,2,4,50.0,631.1701117539502
2019-01-28,2,2,4,50.0,602.5212440282552
2019-01-29,2,2,4,50.0,600.0889996656938
2019-01-30,2,2,4,50.0,611.9801964829688
2019-01-31,2,2,4,50.0,610.2574227100316
2019-02-01,2,2,4,50.0,600.3693474466485
2019-02-04,2,2,4,50.0,580.3143572613654
2019-02-05,1,3,4,25.0,564.6511953033934
2019-02-06,1,3,4,25.0,567.5936375837857
2019-02-07,1,3,4,25.0,578.4378739430172
2019-02-08,2,2,4,50.0,589.8656310131614
2019-02-11,2,2,4,50.0,582.787734624402
2019-02-12,2,2,4,50.0,555.2767856682709
2019-02-13,1,3,4,25.0,546.8397076834556
2019-02-14,0,4,4,0.0,543.0153865132194
2019-02-15,0,4,4,0.0,538.6236322022601
2019-02-18,0,4,4,0.0,519.4648122525906
2019-02-19,1,3,4,25.0,530.9798029104583
2019-02-20,1,3,4,25.0,564.1390883236522
2019-02-21,2,2,4,50.0,576.5748640802167
2019-02-22,1,3,4,25.0,578.7691953686565
2019-02-25,2,2,4,50.0,580.6993149373377
2019-02-26,2,2,4,50.0,571.055400646252
2019-02-27,1,3,4,25.0,564.789769414438
2019-02-28,2,2,4,50.0,573.502494182282
2019-03-01,2,2,4,50.0,594.0547079710954
2019-03-05,2,2,4,50.0,627.2341813388385
2019-03-06,3,1,4,75.0,639.3967276737864
2019-03-07,3,1,4,75.0,626.7395629309231
2019-03-08,2,2,4,50.0,608.8614853045141
2019-03-11,3,1,4,75.0,624.1748466337434
2019-03-12,3,1,4,75.0,637.2125073066163
2019-03-13,3,1,4,75.0,629.6883642157667
2019-03-14,3,1,4,75.0,619.0396400622825
2019-03-15,2,2,4,50.0,606.9852366633578
2019-03-18,1,3,4,25.0,594.2491239046517
2019-03-19,1,3,4,25.0,595.5631695950227
2019-03-20,2,2,4,50.0,591.7233309346059
2019-03-22,1,3,4,25.0,586.6315916289016
2019-03-25,1,3,4,25.0,574.8669440358342
2019-03-26,1,3,4,25.0,582.2041868688594
2019-03-27,1,3,4,25.0,594.989628995321
2019-03-28,1,3,4,25.0,592.2166411826967
2019-03-29,1,3,4,25.0,593.0096671253443
2019-04-01,2,2,4,50.0,611.5188502531014
2019-04-02,2,2,4,50.0,613.6712086451544
2019-04-03,1,3,4,25.0,598.8649566858714
2019-04-04,1,3,4,25.0,596.4115923755047
2019-04-05,1,3,4,25.0,594.4385048877936
2019-04-08,1,3,4,25.0,593.8504611955193
2019-04-09,1,3,4,25.0,600.5368789611027
2019-04-10,1,3,4,25.0,606.0968449457799
2019-04-11,2,2,4,50.0,617.4611571869289
2019-04-12,2,2,4,50.0,614.7933614323413
2019-04-15,2,2,4,50.0,614.9140568143753
2019-04-16,2,2,4,50.0,616.0462756551573
2019-04-18,2,2,4,50.0,608.0854718215578
2019-04-22,2,2,4,50.0,600.3062861675332
2019-04-23,2,2,4,50.0,597.2735957632174
2019-04-24,1,3,4,25.0,601.4108843378083
2019-04-25,1,3,4,25.0,596.9549577149215
2019-04-26,1,3,4,25.0,594.747395493333
2019-04-30,0,4,4,0.0,591.214393918817
2019-05-02,1,3,4,25.0,593.3564373886173
2019-05-03,1,3,4,25.0,594.3715133036102
2019-05-06,1,3,4,25.0,587.0835401904898
2019-05-07,1,3,4,25.0,583.4468156336181
2019-05-08,0,4,4,0.0,566.2501479185114
2019-05-09,0,4,4,0.0,564.3034570064258
2019-05-10,0,4,4,0.0,570.9636316491694
2019-05-13,0,4,4,0.0,566.2704615680552
2019-05-14,0,4,4,0.0,565.4316611673133
2019-05-15,0,4,4,0.0,565.5231723331061
2019-05-16,0,4,4,0.0,561.1526702914256
2019-05-17,0,4,4,0.0,568.632258927523
2019-05-20,0,4,4,0.0,601.6966335090135
2019-05-21,0,4,4,0.0,595.3336514712876
2019-05-22,1,3,4,25.0,591.6090472014711
2019-05-23,1,3,4,25.0,590.547520437054
2019-05-24,1,3,4,25.0,600.030262642142
2019-05-27,1,3,4,25.0,623.2492184866925
2019-05-28,2,2,4,50.0,618.9589668191071
2019-05-29,2,2,4,50.0,613.6174130846669
2019-05-30,2,2,4,50.0,617.7850242684807
2019-05-31,1,3,4,25.0,607.4916964284307
2019-06-03,2,2,4,50.0,613.9397176210566
2019-06-04,1,3,4,25.0,604.2667192133727
2019-06-06,1,3,4,25.0,590.3753862966238
2019-06-07,0,4,4,0.0,583.4555816126297
2019-06-10,1,3,4,25.0,581.5366334981022
2019-06-11,1,3,4,25.0,582.0490633976427
2019-06-12,0,4,4,0.0,579.890001523798
2019-06-13,0,4,4,0.0,579.6294340478153
2019-06-14,0,4,4,0.0,572.6780095750381
2019-06-17,0,4,4,0.0,559.8481853172389
2019-06-18,0,4,4,0.0,555.6944884316367
2019-06-19,0,4,4,0.0,546.5114597451566
2019-06-20,0,4,4,0.0,547.8271086827133
2019-06-21,0,4,4,0.0,541.791848960102
2019-06-24,0,4,4,0.0,533.6353226572953
2019-06-25,0,4,4,0.0,543.2384049978859
2019-06-26,1,3,4,25.0,546.1339763943848
2019-06-27,0,4,4,0.0,544.6838683340151
2019-06-28,0,4,4,0.0,538.5999152262477
2019-07-01,0,4,4,0.0,530.771089751804
2019-07-02,0,4,4,0.0,530.3148583184825
2019-07-03,1,3,4,25.0,538.2895229015235
2019-07-04,1,3,4,25.0,537.5332019121097
2019-07-05,1,3,4,25.0,535.532959060246
2019-07-08,1,3,4,25.0,517.2783412229842
2019-07-09,0,4,4,0.0,516.2946036554393
2019-07-10,0,4,4,0.0,512.9221523643354
2019-07-11,1,3,4,25.0,516.9291868514852
2019-07-12,1,3,4,25.0,513.6203161845189
2019-07-15,0,4,4,0.0,509.7402917495061
2019-07-16,0,4,4,0.0,507.70800088208887
2019-07-17,0,4,4,0.0,508.7808200661634
2019-07-18,0,4,4,0.0,497.37085821464484
2019-07-19,0,4,4,0.0,491.36284073460644
2019-07-22,0,4,4,0.0,476.1076228723974
2019-07-23,0,4,4,0.0,468.3380835105322
2019-07-24,0,4,4,0.0,464.11025179269734
2019-07-25,0,4,4,0.0,444.50016487245244
2019-07-26,0,4,4,0.0,430.2125459252775
2019-07-29,0,4,4,0.0,439.5546174475487
2019-07-30,0,4,4,0.0,415.64102721588085
2019-07-31,0,4,4,0.0,428.71255662552875
2019-08-01,0,4,4,0.0,422.7578738130941
2019-08-02,0,4,4,0.0,419.1507462151285
2019-08-05,0,4,4,0.0,403.81716181610904
2019-08-06,0,4,4,0.0,418.75586336546195
2019-08-07,0,4,4,0.0,427.53217020295625
2019-08-08,0,4,4,0.0,426.6380225989602
2019-08-09,0,4,4,0.0,415.94630562024867
2019-08-13,0,4,4,0.0,404.8716422932574
2019-08-14,0,4,4,0.0,404.92405087215724
2019-08-16,0,4,4,0.0,407.5160843989413
2019-08-19,0,4,4,0.0,408.9761359298704
2019-08-20,0,4,4,0.0,406.5447182746423
2019-08-21,0,4,4,0.0,397.07147970719456
2019-08-22,0,4,4,0.0,377.03442438745
2019-08-23,0,4,4,0.0,376.94853486943276
2019-08-26,0,4,4,0.0,384.32260613065796
2019-08-27,0,4,4,0.0,395.9327973086522
2019-08-28,0,4,4,0.0,392.53143076440125
2019-08-29,0,4,4,0.0,393.4886702889319
2019-08-30,0,4,4,0.0,388.9762077728382
2019-09-03,0,4,4,0.0,385.76467510220726
2019-09-04,0,4,4,0.0,384.51448877701745
2019-09-05,0,4,4,0.0,393.07898369466653
2019-09-06,0,4,4,0.0,399.36329029771247
2019-09-09,0,4,4,0.0,410.54347495213744
2019-09-11,0,4,4,0.0,438.5575968012281
2019-09-12,0,4,4,0.0,446.8477289796924
2019-09-13,0,4,4,0.0,451.32673076010536
2019-09-16,0,4,4,0.0,453.53721174716134
2019-09-17,0,4,4,0.0,439.8225659020719
2019-09-18,0,4,4,0.0,442.11421173228064
2019-09-19,0,4,4,0.0,431.49656008646014
2019-09-20,0,4,4,0.0,441.5443566818507
2019-09-23,0,4,4,0.0,450.4228024311494
2019-09-24,0,4,4,0.0,448.8696207202
2019-09-25,0,4,4,0.0,442.88616063888355
2019-09-26,0,4,4,0.0,449.77463774044975
2019-09-27,0,4,4,0.0,445.0141586136333
2019-10-01,0,4,4,0.0,427.56819459679656
2019-10-03,0,4,4,0.0,437.3990484166091
2019-10-04,0,4,4,0.0,435.7514945355676
2019-10-07,0,4,4,0.0,428.6361440507984
2019-10-09,0,4,4,0.0,422.1044719703673
2019-10-10,0,4,4,0.0,413.61600451133745
2019-10-11,0,4,4,0.0,407.0494367053178
2019-10-14,0,4,4,0.0,407.76083367300606
2019-10-15,0,4,4,0.0,410.87637915168347
2019-10-16,0,4,4,0.0,412.1864851063049
2019-10-17,0,4,4,0.0,412.31594576368786
2019-10-18,0,4,4,0.0,427.8271877222881
2019-10-22,0,4,4,0.0,414.1472837023539
2019-10-23,0,4,4,0.0,408.9061262460648
2019-10-24,0,4,4,0.0,400.7926663407648
2019-10-25,0,4,4,0.0,397.6002020749367
2019-10-27,0,4,4,0.0,402.04390549347676
2019-10-29,0,4,4,0.0,410.7134248984421
2019-10-30,1,3,4,25.0,425.9171707662941
2019-10-31,1,3,4,25.0,423.8504143650161
2019-11-01,1,3,4,25.0,434.57605165645754
2019-11-04,1,3,4,25.0,437.175667435035
2019-11-05,1,3,4,25.0,424.87063634934736
2019-11-06,1,3,4,25.0,425.88070842736545
2019-11-07,0,4,4,0.0,422.5673641238258
2019-11-08,0,4,4,0.0,413.664981335822
2019-11-11,1,3,4,25.0,413.68103648941775
2019-11-13,0,4,4,0.0,407.5778333013117
2019-11-14,0,4,4,0.0,400.3901260094902
2019-11-15,0,4,4,0.0,392.02273988002435
2019-11-18,1,3,4,25.0,392.04074628011546
2019-11-19,0,4,4,0.0,413.70797546606576
2019-11-20,1,3,4,25.0,442.41899060713797
2019-11-21,0,4,4,0.0,439.5319328794326
2019-11-22,0,4,4,0.0,432.7949889081702
2019-11-25,0,4,4,0.0,433.6626420642999
2019-11-26,1,3,4,25.0,446.33878899774294
2019-11-27,0,4,4,0.0,438.55755382450025
2019-11-28,1,3,4,25.0,442.45206122737113
2019-11-29,1,3,4,25.0,446.1707537937177
2019-12-02,1,3,4,25.0,465.46045306721044
2019-12-03,1,3,4,25.0,442.1400441611182
2019-12-04,1,3,4,25.0,449.0822599087208
2019-12-05,1,3,4,25.0,448.76316268307244
2019-12-06,0,4,4,0.0,438.96627806894566
2019-12-09,0,4,4,0.0,432.58488915273466
2019-12-10,0,4,4,0.0,422.8530249311207
2019-12-11,0,4,4,0.0,416.1194693397471
2019-12-12,1,3,4,25.0,419.9989556673171
2019-12-13,1,3,4,25.0,427.4543033831149
2019-12-16,1,3,4,25.0,424.4325584652723
2019-12-17,1,3,4,25.0,425.66486600421183
2019-12-18,1,3,4,25.0,427.9263047406373
2019-12-19,1,3,4,25.0,436.02407384542647
2019-12-20,1,3,4,25.0,436.9814832528881
2019-12-23,1,3,4,25.0,442.15184489249253
2019-12-24,1,3,4,25.0,439.7704927273717
2019-12-26,1,3,4,25.0,446.0692986960555
2019-12-27,1,3,4,25.0,444.4042942962811
2019-12-30,1,3,4,25.0,454.09913058917056
2019-12-31,1,3,4,25.0,464.7278043000811
2020-01-01,1,3,4,25.0,458.2719883777294
2020-01-02,1,3,4,25.0,466.9740404173302
2020-01-03,1,3,4,25.0,460.4968067481113
2020-01-06,1,3,4,25.0,441.79968046344464
2020-01-07,1,3,4,25.0,462.17363891646636
2020-01-08,1,3,4,25.0,456.4331582614345
2020-01-09,1,3,4,25.0,472.1948783469095
2020-01-10,1,3,4,25.0,465.5448544123375
2020-01-13,1,3,4,25.0,471.1421860399848
2020-01-14,1,3,4,25.0,466.6316697742947
2020-01-15,1,3,4,25.0,476.0605440908222
2020-01-16,1,3,4,25.0,481.00369116339243
2020-01-17,1,3,4,25.0,476.4871024665787
2020-01-20,1,3,4,25.0,471.6229472857721
2020-01-21,1,3,4,25.0,466.1889771274792
2020-01-22,1,3,4,25.0,455.86241940330626
2020-01-23,1,3,4,25.0,449.4758208773024
2020-01-24,1,3,4,25.0,446.8095292567295
2020-01-27,1,3,4,25.0,439.73937125870657
2020-01-28,0,4,4,0.0,431.667729979264
2020-01-29,1,3,4,25.0,436.41676849502005
2020-01-30,0,4,4,0.0,429.5173327725054
2020-01-31,0,4,4,0.0,427.6617721963248
2020-02-01,0,4,4,0.0,416.6014417338972
2020-02-03,0,4,4,0.0,411.16219527683705
2020-02-04,0,4,4,0.0,414.80841036259886
2020-02-05,0,4,4,0.0,420.87030939299825
2020-02-06,1,3,4,25.0,433.55004937422956
2020-02-07,1,3,4,25.0,428.21979252613085
2020-02-10,0,4,4,0.0,423.8209519713556
2020-02-11,0,4,4,0.0,421.9285855734232
2020-02-12,0,4,4,0.0,414.7196657038311
2020-02-13,0,4,4,0.0,411.6852896573265
2020-02-14,0,4,4,0.0,411.6835349802359
2020-02-17,0,4,4,0.0,404.7679107571848
2020-02-18,0,4,4,0.0,401.9444260996634
2020-02-19,1,3,4,25.0,407.49738323249625
2020-02-20,0,4,4,0.0,407.7441671129736
2020-02-24,0,4,4,0.0,393.4659780299909
2020-02-25,0,4,4,0.0,383.6037217474854
2020-02-26,0,4,4,0.0,375.0038255898672
2020-02-27,0,4,4,0.0,359.9985668683151
2020-02-28,0,4,4,0.0,332.71083404371467
2020-03-02,0,4,4,0.0,335.19071446234017
2020-03-03,0,4,4,0.0,337.0584038775873
2020-03-04,0,4,4,0.0,331.0241153598551
2020-03-05,0,4,4,0.0,331.17093889132303
2020-03-06,0,4,4,0.0,311.7936076107884
2020-03-09,0,4,4,0.0,292.7651120720437
2020-03-11,0,4,4,0.0,304.02041055565337
2020-03-12,0,4,4,0.0,271.9270083339082
2020-03-13,0,4,4,0.0,277.2629763598647
2020-03-16,0,4,4,0.0,264.46126553999954
2020-03-17,0,4,4,0.0,266.3282802716906
2020-03-18,0,4,4,0.0,241.71617521098025
2020-03-19,0,4,4,0.0,234.3095361716648
2020-03-20,0,4,4,0.0,254.37847947971605
2020-03-23,0,4,4,0.0,222.78292182770974
2020-03-24,0,4,4,0.0,218.55586150814247
2020-03-25,0,4,4,0.0,220.04970983200928
2020-03-26,0,4,4,0.0,223.20729306552286
2020-03-27,0,4,4,0.0,223.71091313185713
2020-03-30,0,4,4,0.0,220.5412530157489
2020-03-31,0,4,4,0.0,228.843191358456
2020-04-01,0,4,4,0.0,224.64427519345313
2020-04-03,0,4,4,0.0,224.99201236065116
2020-04-07,0,4,4,0.0,232.2923844539536
2020-04-08,0,4,4,0.0,240.1715435925953
2020-04-09,0,4,4,0.0,251.1522315188642
2020-04-13,1,3,4,25.0,274.8037878073999
2020-04-15,1,3,4,25.0,283.31390510523505
2020-04-16,1,3,4,25.0,283.61624282271754
2020-04-17,1,3,4,25.0,294.5273133447721
2020-04-20,1,3,4,25.0,301.0338776964902
2020-04-21,0,4,4,0.0,282.9789855022334
2020-04-22,0,4,4,0.0,287.449715288243
2020-04-23,1,3,4,25.0,305.3075274885707
2020-04-24,1,3,4,25.0,290.6971576643588
2020-04-27,1,3,4,25.0,295.00974929068803
2020-04-28,1,3,4,25.0,293.75901898557714
2020-04-29,1,3,4,25.0,300.93781832078764
2020-04-30,1,3,4,25.0,298.4542845437098
2020-05-04,1,3,4,25.0,286.28009582762996
2020-05-05,1,3,4,25.0,282.02944853783174
2020-05-06,1,3,4,25.0,276.24429489708007
2020-05-07,1,3,4,25.0,276.8586765219026
2020-05-08,0,4,4,0.0,273.7633658514169
2020-05-11,0,4,4,0.0,273.2702982314387
2020-05-12,1,3,4,25.0,272.9674254811136
2020-05-13,1,3,4,25.0,279.8441858662111
2020-05-14,1,3,4,25.0,275.36961763185286
2020-05-15,1,3,4,25.0,276.2057487273349
2020-05-18,1,3,4,25.0,262.98651060386607
2020-05-19,1,3,4,25.0,255.77517335075765
2020-05-20,1,3,4,25.0,254.279576655839
2020-05-21,0,4,4,0.0,254.44659955862096
2020-05-22,0,4,4,0.0,255.3494461184099
2020-05-26,0,4,4,0.0,259.4550791696154
2020-05-27,1,3,4,25.0,267.0400394077752
2020-05-28,1,3,4,25.0,272.3291591414226
2020-05-29,1,3,4,25.0,273.3930217359301
2020-06-01,1,3,4,25.0,284.7663224267973
2020-06-02,1,3,4,25.0,293.55482219156784
2020-06-03,1,3,4,25.0,300.3397714695267
2020-06-04,1,3,4,25.0,302.3748724605293
2020-06-05,1,3,4,25.0,321.3337872482834
2020-06-08,1,3,4,25.0,335.81527964195976
2020-06-09,1,3,4,25.0,345.8234588631691
2020-06-10,1,3,4,25.0,354.7884951358198
2020-06-11,1,3,4,25.0,341.8442170089251
2020-06-12,1,3,4,25.0,334.13294205821444
2020-06-15,1,3,4,25.0,337.04915724361115
2020-06-16,0,4,4,0.0,327.50237686326915
2020-06-17,1,3,4,25.0,333.7206705750007
2020-06-18,1,3,4,25.0,373.6522682482928
2020-06-19,1,3,4,25.0,376.89280599339116
2020-06-22,1,3,4,25.0,371.9356487984067
2020-06-23,1,3,4,25.0,378.62990653939636
2020-06-24,1,3,4,25.0,377.24220126403986
2020-06-25,1,3,4,25.0,382.2557137569234
2020-06-26,2,2,4,50.0,390.139290784898
2020-06-29,2,2,4,50.0,392.10431842627355
2020-06-30,2,2,4,50.0,388.27353968797485
2020-07-01,2,2,4,50.0,390.28201631043066
2020-07-02,2,2,4,50.0,388.87004245839756
2020-07-03,2,2,4,50.0,390.8077096771266
2020-07-06,2,2,4,50.0,406.95644318070237
2020-07-07,1,3,4,25.0,401.5568872595173
2020-07-08,1,3,4,25.0,401.52182755500155
2020-07-09,1,3,4,25.0,404.8589655025204
2020-07-10,1,3,4,25.0,403.51441874480776
2020-07-13,1,3,4,25.0,413.86364281509725
2020-07-14,1,3,4,25.0,409.30745558697896
2020-07-15,1,3,4,25.0,413.0561218336213
2020-07-16,1,3,4,25.0,399.96230487584523
2020-07-17,1,3,4,25.0,400.09245715330036
2020-07-20,1,3,4,25.0,400.7549461602284
2020-07-21,1,3,4,25.0,394.24334779497883
2020-07-22,1,3,4,25.0,392.84829738820275
2020-07-23,1,3,4,25.0,399.9617473419434
2020-07-24,1,3,4,25.0,396.7113545963505
2020-07-27,1,3,4,25.0,390.5566582489574
2020-07-28,1,3,4,25.0,387.73135972734195
2020-07-29,1,3,4,25.0,398.77278481682754
2020-07-30,1,3,4,25.0,402.38284321220317
2020-07-31,1,3,4,25.0,395.81718863369446
2020-08-03,1,3,4,25.0,394.0113212309426
2020-08-04,1,3,4,25.0,403.86896862794555
2020-08-05,1,3,4,25.0,410.34664792874906
2020-08-06,1,3,4,25.0,423.4344567135589
2020-08-07,2,2,4,50.0,431.92160947435383
2020-08-10,3,1,4,75.0,463.00303884702646
2020-08-11,3,1,4,75.0,460.8245537068382
2020-08-12,3,1,4,75.0,473.9574659356368
2020-08-13,3,1,4,75.0,464.5037580414052
2020-08-14,3,1,4,75.0,452.63340380492957
2020-08-17,4,0,4,100.0,475.29734726980706
2020-08-18,4,0,4,100.0,489.30599989606264
2020-08-19,4,0,4,100.0,489.4924774788033
2020-08-20,4,0,4,100.0,485.1158339250831
2020-08-21,4,0,4,100.0,492.419610845534
2020-08-24,4,0,4,100.0,505.0464828721401
2020-08-25,4,0,4,100.0,498.77142619808444
2020-08-26,4,0,4,100.0,496.4986466913948
2020-08-27,4,0,4,100.0,489.7787842510842
2020-08-28,4,0,4,100.0,489.3323920943004
2020-08-31,4,0,4,100.0,465.9955768425142
2020-09-01,3,1,4,75.0,462.37027893423044
2020-09-02,3,1,4,75.0,460.91894286082163
2020-09-03,3,1,4,75.0,479.1223519399239
2020-09-04,4,0,4,100.0,477.7738503294352
2020-09-07,4,0,4,100.0,484.1858776344469
2020-09-08,4,0,4,100.0,479.77634995911177
2020-09-09,4,0,4,100.0,472.0237528829565
2020-09-10,4,0,4,100.0,495.8234177199625
2020-09-11,4,0,4,100.0,491.11610084129495
2020-09-14,4,0,4,100.0,501.92880045463227
2020-09-15,4,0,4,100.0,502.19606601445025
2020-09-16,4,0,4,100.0,508.40000736938606
2020-09-17,4,0,4,100.0,497.13220194294234
2020-09-18,4,0,4,100.0,488.7052678895226
2020-09-21,4,0,4,100.0,467.8091802696838
2020-09-22,4,0,4,100.0,460.94083474370296
2020-09-23,4,0,4,100.0,462.8303221879122
2020-09-24,4,0,4,100.0,443.62938208181373
2020-09-25,4,0,4,100.0,458.9068442638312
2020-09-28,4,0,4,100.0,474.36927582211155
2020-09-29,4,0,4,100.0,482.93888779538054
2020-09-30,4,0,4,100.0,473.90039236784804
2020-10-01,4,0,4,100.0,471.260295958691
2020-10-05,4,0,4,100.0,492.88728123575936
2020-10-06,4,0,4,100.0,495.4287654336623
2020-10-07,4,0,4,100.0,488.5925390809428
2020-10-08,4,0,4,100.0,479.78049543822345
2020-10-09,4,0,4,100.0,483.2307209376026
2020-10-12,4,0,4,100.0,470.2969063188803
2020-10-13,4,0,4,100.0,471.7662678961703
2020-10-14,4,0,4,100.0,466.22605536029636
2020-10-15,4,0,4,100.0,458.7768091999705
2020-10-16,4,0,4,100.0,470.420951182874
2020-10-19,4,0,4,100.0,482.77491825882447
2020-10-20,4,0,4,100.0,480.9851390383261
2020-10-21,4,0,4,100.0,488.7354003207678
2020-10-22,4,0,4,100.0,493.95812763231606
2020-10-23,4,0,4,100.0,502.6382723617056
2020-10-26,4,0,4,100.0,497.0867204347084
2020-10-27,4,0,4,100.0,498.9832087945588
2020-10-28,4,0,4,100.0,494.9456823671697
2020-10-29,4,0,5,100.0,493.5633526282817
2020-10-30,4,0,5,100.0,493.1883383715012
2020-11-02,3,1,5,75.0,487.92530226614537
2020-11-03,3,1,5,75.0,483.0906924143944
2020-11-04,3,1,5,75.0,479.26980368007975
2020-11-05,3,1,5,75.0,490.7525129730394
2020-11-06,4,0,5,100.0,500.9142361294123
2020-11-09,4,0,5,100.0,501.08720212478113
2020-11-10,3,1,5,75.0,493.1024166908884
2020-11-11,3,1,5,75.0,492.1994940623809
2020-11-12,3,1,5,75.0,491.06582354594286
2020-11-13,3,1,5,75.0,493.31023002625
2020-11-14,4,0,5,100.0,499.6918889048028
2020-11-17,4,0,5,100.0,504.8665149467117
2020-11-18,4,0,5,100.0,528.9121789532925
2020-11-19,4,0,5,100.0,528.1462575943423
2020-11-20,4,0,5,100.0,522.5325397157529
2020-11-23,4,0,5,100.0,530.5057017666982
2020-11-24,4,0,5,100.0,528.3322330284631
2020-11-25,4,0,5,100.0,521.0584300185735
2020-11-26,4,0,5,100.0,523.274698006352
2020-11-27,4,0,5,100.0,534.2914379398425
2020-12-01,4,0,5,100.0,552.2181685592222
2020-12-02,4,0,5,100.0,580.1064866845388
2020-12-03,4,0,5,100.0,594.2282889042236
2020-12-04,4,0,5,100.0,594.2816681057745
2020-12-07,4,0,5,100.0,608.043063256871
2020-12-08,4,0,5,100.0,606.747565118784
2020-12-09,4,0,5,100.0,624.1448644403124
2020-12-10,4,0,5,100.0,622.9828578603285
2020-12-11,4,0,5,100.0,613.6892503360467
2020-12-14,4,0,5,100.0,617.3581835179856
2020-12-15,4,0,5,100.0,615.1164228985313
2020-12-16,4,0,5,100.0,621.8242294277176
2020-12-17,4,0,5,100.0,626.4021108534861
2020-12-18,4,0,6,100.0,622.1881397941736
2020-12-21,4,0,6,100.0,599.3643804069995
2020-12-22,4,0,6,100.0,598.8146463124373
2020-12-23,4,0,6,100.0,622.3917817411916
2020-12-24,4,0,6,100.0,624.4212812290549
2020-12-28,4,0,6,100.0,628.7056530107111
2020-12-29,4,0,6,100.0,629.633822427595
2020-12-30,4,0,6,100.0,637.5271475576559
2020-12-31,4,0,6,100.0,639.2693843116012
2021-01-01,4,0,6,100.0,644.8511216884183
2021-01-04,4,0,6,100.0,661.7135411879393
2021-01-05,4,0,6,100.0,672.6734324302797
2021-01-06,4,0,6,100.0,667.513577453678
2021-01-07,4,0,6,100.0,670.3435307544746
2021-01-08,4,0,6,100.0,682.8506677803458
2021-01-11,4,0,6,100.0,684.9840614488201
2021-01-12,4,0,6,100.0,683.377802690625
2021-01-13,4,0,6,100.0,679.5132840076002
2021-01-14,4,0,6,100.0,685.7983499715815
2021-01-15,4,0,6,100.0,679.7146319763679
2021-01-18,4,0,6,100.0,664.5232319630097
2021-01-19,4,0,6,100.0,689.4820989629735
2021-01-20,4,0,6,100.0,685.5494740691493
2021-01-21,4,0,6,100.0,676.2703566520175
2021-01-22,4,0,6,100.0,665.6627163319613
2021-01-25,4,0,6,100.0,643.5198506381527
2021-01-27,4,0,6,100.0,643.5673525326786
2021-01-28,4,0,6,100.0,658.7904699266302
2021-01-29,4,0,6,100.0,646.3223461743783
2021-02-01,4,0,6,100.0,650.5705712470672
2021-02-02,4,0,6,100.0,655.5925482966937
2021-02-03,4,0,6,100.0,661.0325643174049
2021-02-04,4,0,6,100.0,663.1729826138368
2021-02-05,4,0,6,100.0,672.9226792171811
2021-02-08,4,0,6,100.0,689.0955102439867
2021-02-09,4,0,6,100.0,688.8965893928909
2021-02-10,4,0,6,100.0,688.3377695385792
2021-02-11,4,0,6,100.0,692.8018545450309
2021-02-12,4,0,6,100.0,683.4455167107227
2021-02-15,4,0,6,100.0,683.4613388571975
2021-02-16,4,0,6,100.0,680.7585387433248
2021-02-17,4,0,6,100.0,738.9597643274963
2021-02-18,4,0,6,100.0,739.3390671196019
2021-02-19,4,0,6,100.0,757.8720496843948
2021-02-22,4,0,6,100.0,757.7491820454557
2021-02-23,4,0,6,100.0,754.6781247287303
2021-02-24,4,0,6,100.0,764.8897077981611
2021-02-25,4,0,6,100.0,758.420402955581
2021-02-26,4,0,7,100.0,736.9297095523505
2021-03-01,4,0,7,100.0,759.4299104857258
2021-03-02,4,0,7,100.0,786.6027297526741
2021-03-03,4,0,7,100.0,789.8499795384413
2021-03-04,4,0,7,100.0,781.3630866666125
2021-03-05,4,0,7,100.0,763.9071425086921
2021-03-08,4,0,7,100.0,768.3512982799488
2021-03-09,4,0,7,100.0,752.7953994481069
2021-03-10,4,0,7,100.0,762.8548961623121
2021-03-12,4,0,7,100.0,765.9504408265293
2021-03-15,4,0,7,100.0,753.8086175026375
2021-03-16,4,0,7,100.0,755.7734773239042
2021-03-17,3,1,7,75.0,731.3310280250645
2021-03-18,3,1,7,75.0,714.2061859652785
2021-03-19,3,1,7,75.0,718.7560541542003
2021-03-22,3,1,7,75.0,727.6426686832632
2021-03-23,3,1,7,75.0,729.7366287684266
2021-03-24,3,1,7,75.0,709.9449579889196
2021-03-25,3,1,7,75.0,687.7515974036584
2021-03-26,3,1,7,75.0,689.9335679439523
2021-03-30,3,1,7,75.0,694.7651063255444
2021-03-31,3,1,7,75.0,688.2835442516161
2021-04-01,3,1,7,75.0,713.0549285212195
2021-04-05,3,1,7,75.0,706.1446880473277
2021-04-06,3,1,7,75.0,712.3555033780872
2021-04-07,3,1,7,75.0,727.7133062309415
2021-04-08,3,1,7,75.0,731.8488280023232
2021-04-09,3,1,7,75.0,727.6660653294332
2021-04-12,3,1,7,75.0,683.1437569548332
2021-04-13,3,1,7,75.0,689.6574896741529
2021-04-15,3,1,7,75.0,687.5465172774814
2021-04-16,3,1,7,75.0,697.732496337284
2021-04-19,3,1,7,75.0,676.3472012594468
2021-04-20,2,2,7,50.0,681.7208377791483
2021-04-22,2,2,7,50.0,687.2849797317552
2021-04-23,2,2,7,50.0,719.2959648354721
2021-04-26,2,2,7,50.0,721.7596860302352
2021-04-27,3,1,7,75.0,736.9994981394798
2021-04-28,3,1,7,75.0,743.2015497825796
2021-04-29,3,1,7,75.0,731.7944060041539
2021-04-30,3,1,7,75.0,727.1708484727467
2021-05-03,3,1,7,75.0,745.3347682346898
2021-05-04,3,1,7,75.0,740.3634148972508
2021-05-05,3,1,7,75.0,747.1056498986978
2021-05-06,3,1,7,75.0,760.8339719337598
2021-05-07,3,1,7,75.0,769.9546469981425
2021-05-10,3,1,7,75.0,766.7435789146235
2021-05-11,3,1,7,75.0,783.3900192984372
2021-05-12,3,1,7,75.0,776.6222565155348
2021-05-14,3,1,7,75.0,767.5803537667549
2021-05-17,3,1,7,75.0,794.5650812291192
2021-05-18,3,1,7,75.0,807.6902821272594
2021-05-19,3,1,7,75.0,824.3650345454603
2021-05-20,3,1,7,75.0,827.5185113498658
2021-05-21,3,1,7,75.0,842.347513931329
2021-05-24,3,1,7,75.0,829.4668128324986
2021-05-25,3,1,7,75.0,842.596188230005
2021-05-26,3,1,7,75.0,833.3770876113917
2021-05-27,3,1,7,75.0,838.3357080701999
2021-05-28,3,1,7,75.0,834.4037499235153
2021-05-31,3,1,7,75.0,836.6386976895848
2021-06-01,3,1,7,75.0,826.7151861991641
2021-06-02,3,1,7,75.0,837.4126900664891
2021-06-03,3,1,7,75.0,845.1606812345941
2021-06-04,4,0,7,100.0,861.2166692908819
2021-06-07,4,0,7,100.0,869.6646955000432
2021-06-08,5,0,7,100.0,886.5254378921655
2021-06-09,5,0,7,100.0,888.4600143750633
2021-06-10,5,0,7,100.0,898.9926623622488
2021-06-11,5,0,7,100.0,893.6887763228764
2021-06-14,5,0,7,100.0,885.1718510105459
2021-06-15,5,0,7,100.0,898.7317363914466
2021-06-16,5,0,7,100.0,893.8952172989289
2021-06-17,5,0,7,100.0,895.1564304172864
2021-06-18,5,0,7,100.0,884.2538856570472
2021-06-21,5,0,7,100.0,899.6353271117373
2021-06-22,5,0,7,100.0,941.508616062547
2021-06-23,5,0,7,100.0,942.8604964224043
2021-06-24,5,0,7,100.0,940.1407685667033
2021-06-25,5,0,7,100.0,936.8514141828402
2021-06-28,5,0,7,100.0,932.7183661174913
2021-06-29,5,0,7,100.0,928.9857878834463
2021-06-30,5,0,7,100.0,948.2879975295731
2021-07-01,5,0,7,100.0,941.6875228929646
2021-07-02,5,0,7,100.0,961.5344691228656
2021-07-05,5,0,7,100.0,1013.3755210354425
2021-07-06,5,0,7,100.0,1007.5925735748873
2021-07-07,5,0,7,100.0,994.5286581920143
2021-07-08,5,0,7,100.0,998.3900252771023
2021-07-09,5,0,7,100.0,1008.2955320001666
2021-07-12,5,0,7,100.0,1008.6454433735153
2021-07-13,5,0,7,100.0,1005.9215829971278
2021-07-14,5,0,7,100.0,1008.9468073963772
2021-07-15,5,0,7,100.0,1005.7341247957055
2021-07-16,5,0,7,100.0,1011.7065570716912
2021-07-19,5,0,7,100.0,1007.7984604199065
2021-07-20,5,0,7,100.0,986.5627486150594
2021-07-22,5,0,7,100.0,1001.4665267603182
2021-07-23,5,0,7,100.0,989.1797721500618
2021-07-26,5,0,7,100.0,994.5135503111396
2021-07-27,5,0,7,100.0,994.964376407206
2021-07-28,5,1,7,83.33333333333334,998.3535014872464
2021-07-29,5,1,7,83.33333333333334,1005.3530393595468
2021-07-30,5,1,7,83.33333333333334,1019.7336056238079
2021-08-02,5,1,7,83.33333333333334,1040.9826474606566
2021-08-03,5,1,7,83.33333333333334,1044.8375657185502
2021-08-04,5,1,7,83.33333333333334,1022.5286574128029
2021-08-05,5,1,7,83.33333333333334,1036.5823906985563
2021-08-06,5,1,7,83.33333333333334,1040.1699621807988
2021-08-09,5,1,7,83.33333333333334,1038.4108482539937
2021-08-10,4,2,7,66.66666666666666,1020.1738338337897
2021-08-11,4,2,7,66.66666666666666,1018.4954056918363
2021-08-12,5,1,7,83.33333333333334,1050.4674264625241
2021-08-13,4,2,7,66.66666666666666,1041.2804986612725
2021-08-16,4,2,7,66.66666666666666,1012.514435801881
2021-08-17,4,2,7,66.66666666666666,991.6788231772969
2021-08-18,4,2,7,66.66666666666666,983.1727205783155
2021-08-20,4,2,7,66.66666666666666,954.4742466236039
2021-08-23,4,2,7,66.66666666666666,935.1351509578304
2021-08-24,4,2,7,66.66666666666666,966.03377898027
2021-08-25,4,2,7,66.66666666666666,980.6437172348056
2021-08-26,4,2,7,66.66666666666666,976.0907318503797
2021-08-27,4,2,7,66.66666666666666,986.5782258216498
2021-08-30,4,2,7,66.66666666666666,997.3627939058655
2021-08-31,4,2,7,66.66666666666666,987.0007797553365
2021-09-01,4,2,7,66.66666666666666,986.2094159356808
2021-09-02,4,2,7,66.66666666666666,996.7063776521074
2021-09-03,4,2,7,66.66666666666666,1011.6819057147388
2021-09-06,4,2,7,66.66666666666666,1030.5548133803836
2021-09-07,5,1,7,83.33333333333334,1048.402255489586
2021-09-08,4,2,7,66.66666666666666,1070.0247664296928
2021-09-09,5,1,7,83.33333333333334,1081.2262624968866
2021-09-13,4,2,7,66.66666666666666,1075.765104600905
2021-09-14,5,1,7,83.33333333333334,1086.2643120417824
2021-09-15,5,1,7,83.33333333333334,1096.585101851742
2021-09-16,5,1,7,83.33333333333334,1098.2302881313258
2021-09-17,5,1,7,83.33333333333334,1081.4079907956648
2021-09-20,5,1,7,83.33333333333334,1059.1548530806413
2021-09-21,5,1,7,83.33333333333334,1069.6096065841928
2021-09-22,5,1,7,83.33333333333334,1067.2818511512337
2021-09-23,5,1,7,83.33333333333334,1083.9690071818377
2021-09-24,5,1,7,83.33333333333334,1111.9325909597255
2021-09-27,5,1,7,83.33333333333334,1114.9649763634209
2021-09-28,5,1,7,83.33333333333334,1125.7627509096078
2021-09-29,5,1,7,83.33333333333334,1123.4876789384798
2021-09-30,6,0,7,100.0,1131.157979906136
2021-10-01,6,0,7,100.0,1141.4845214915208
2021-10-04,6,0,7,100.0,1171.334620480788
2021-10-05,6,0,7,100.0,1171.5693745803262
2021-10-06,6,1,7,85.71428571428571,1163.7749640314078
2021-10-07,6,1,7,85.71428571428571,1168.0887732640708
2021-10-08,6,1,7,85.71428571428571,1166.6623977492625
2021-10-11,6,1,7,85.71428571428571,1154.2855700881016
2021-10-12,5,2,7,71.42857142857143,1145.5681468394987
2021-10-13,7,0,7,100.0,1151.8958616807702
2021-10-14,7,0,7,100.0,1178.3957063175963
2021-10-18,7,0,7,100.0,1179.3515819647341
2021-10-19,7,0,7,100.0,1141.9936244813164
2021-10-20,6,1,7,85.71428571428571,1135.706455400285
2021-10-21,6,1,7,85.71428571428571,1118.4079064903365
2021-10-22,6,1,7,85.71428571428571,1136.4451286815142
2021-10-25,5,2,7,71.42857142857143,1095.1925624042124
2021-10-26,5,2,7,71.42857142857143,1106.8844266196747
2021-10-27,6,1,7,85.71428571428571,1114.3871080687816
2021-10-28,5,2,7,71.42857142857143,1088.247883418991
2021-10-29,5,2,7,71.42857142857143,1076.959790545755
2021-11-01,5,2,7,71.42857142857143,1094.06687077247
2021-11-02,5,2,7,71.42857142857143,1106.821308551261
2021-11-03,5,2,7,71.42857142857143,1084.8959556024106
2021-11-04,5,2,7,71.42857142857143,1102.9767318088616
2021-11-08,6,1,7,85.71428571428571,1101.7882157344252
2021-11-09,5,2,7,71.42857142857143,1113.5834489271347
2021-11-10,5,2,7,71.42857142857143,1109.1200664685696
2021-11-11,5,2,7,71.42857142857143,1096.107503859683
2021-11-12,5,2,7,71.42857142857143,1101.662395681401
2021-11-15,5,2,7,71.42857142857143,1093.9273997124715
2021-11-16,5,2,7,71.42857142857143,1118.9836351352203
2021-11-17,5,2,7,71.42857142857143,1118.294619010067
2021-11-18,5,2,7,71.42857142857143,1090.218012137931
2021-11-22,4,3,7,57.14285714285714,1060.3308115501309
2021-11-23,4,3,7,57.14285714285714,1082.3554459700874
2021-11-24,4,3,7,57.14285714285714,1089.9278527406614
2021-11-25,4,3,7,57.14285714285714,1105.3082895317884
2021-11-26,4,3,7,57.14285714285714,1063.3191535604792
2021-11-29,4,3,7,57.14285714285714,1034.4968453796048
2021-11-30,4,3,7,57.14285714285714,1055.6953391200339
2021-12-01,4,3,7,57.14285714285714,1051.9885689843318
2021-12-02,4,3,7,57.14285714285714,1062.5836140774938
2021-12-03,5,2,7,71.42857142857143,1072.828921963612
2021-12-06,4,3,7,57.14285714285714,1075.0612672450623
2021-12-07,5,2,7,71.42857142857143,1086.1215189156883
2021-12-08,5,2,7,71.42857142857143,1114.382913280753
2021-12-09,5,2,7,71.42857142857143,1140.6000816454723
2021-12-10,5,2,7,71.42857142857143,1123.3833812744845
2021-12-13,5,2,7,71.42857142857143,1130.779473528656
2021-12-14,5,2,7,71.42857142857143,1112.6188834291415
2021-12-15,4,3,7,57.14285714285714,1106.3941268393341
2021-12-16,5,2,7,71.42857142857143,1089.520453186517
2021-12-17,3,4,7,42.857142857142854,1069.1494434885676
2021-12-20,3,4,7,42.857142857142854,1030.1224056772492
2021-12-21,3,4,7,42.857142857142854,1056.23251873412
2021-12-22,3,4,7,42.857142857142854,1061.8449442686942
2021-12-23,3,4,7,42.857142857142854,1063.9049919957245
2021-12-24,3,4,7,42.857142857142854,1054.2762376432202
2021-12-27,3,4,7,42.857142857142854,1061.3486242580798
2021-12-28,4,3,7,57.14285714285714,1081.9053600917841
2021-12-29,4,3,7,57.14285714285714,1076.6199778516798
2021-12-30,4,3,7,57.14285714285714,1069.9041657528974
2021-12-31,4,3,7,57.14285714285714,1081.2705924163834
2022-01-03,4,3,7,57.14285714285714,1112.1479543299615
2022-01-04,4,3,7,57.14285714285714,1111.074460746503
2022-01-05,5,2,7,71.42857142857143,1130.3621029696149
2022-01-06,5,2,7,71.42857142857143,1128.7037907749457
2022-01-07,5,2,7,71.42857142857143,1126.325121023073
2022-01-10,5,2,7,71.42857142857143,1138.6290573289455
2022-01-11,6,1,7,85.71428571428571,1142.8504509807965
2022-01-12,5,2,7,71.42857142857143,1154.1916097545204
2022-01-13,5,2,7,71.42857142857143,1159.4711164711046
2022-01-14,6,1,7,85.71428571428571,1172.7412673858532
2022-01-17,6,1,7,85.71428571428571,1175.598710635328
2022-01-18,6,1,7,85.71428571428571,1142.1354733539858
2022-01-19,4,3,7,57.14285714285714,1122.6214907043377
2022-01-20,5,2,7,71.42857142857143,1097.6588796493893
2022-01-21,4,3,7,57.14285714285714,1068.173108164332
2022-01-24,3,4,7,42.857142857142854,1022.2721809573184
2022-01-25,3,4,7,42.857142857142854,1047.2982853533326
2022-01-27,3,4,7,42.857142857142854,1046.5528436235838
2022-01-28,3,4,7,42.857142857142854,1046.2890498974525
2022-01-31,3,4,7,42.857142857142854,1044.0072442622
2022-02-01,3,4,7,42.857142857142854,1064.6978451024734
2022-02-02,4,3,7,57.14285714285714,1083.6155407429906
2022-02-03,4,3,7,57.14285714285714,1090.962461992074
2022-02-04,3,4,7,42.857142857142854,1096.686453569283
2022-02-07,3,4,7,42.857142857142854,1074.333983872241
2022-02-08,3,4,7,42.857142857142854,1062.0171673751192
2022-02-09,3,4,7,42.857142857142854,1069.675746513289
2022-02-10,3,4,7,42.857142857142854,1078.9684064827884
2022-02-11,3,4,7,42.857142857142854,1057.7727190033654
2022-02-14,3,4,7,42.857142857142854,1011.7885390730484
2022-02-15,4,3,7,57.14285714285714,1035.146831447813
2022-02-16,4,3,7,57.14285714285714,1047.5173110507549
2022-02-17,3,4,7,42.857142857142854,1025.3571937865704
2022-02-18,3,4,7,42.857142857142854,1016.830273829996
2022-02-21,2,5,7,28.57142857142857,983.8108899867835
2022-02-22,1,6,7,14.285714285714285,960.0822783657193
2022-02-23,2,5,7,28.57142857142857,973.7558424983029
2022-02-24,1,6,7,14.285714285714285,879.2509387875779
2022-02-25,1,6,7,14.285714285714285,925.988063327536
2022-02-28,2,5,7,28.57142857142857,918.5522874873944
2022-03-02,1,6,7,14.285714285714285,914.2294264042757
2022-03-03,1,6,7,14.285714285714285,921.4899864824105
2022-03-04,1,6,7,14.285714285714285,912.7771088496308
2022-03-07,1,6,7,14.285714285714285,881.0398235250024
2022-03-08,0,7,7,0.0,892.581106749423
2022-03-09,2,5,7,28.57142857142857,919.5321950977943
2022-03-10,2,5,7,28.57142857142857,923.7368438998756
2022-03-11,1,6,7,14.285714285714285,927.4718185219219
2022-03-14,2,5,7,28.57142857142857,924.2391681291161
2022-03-15,1,6,7,14.285714285714285,910.9889743945498
2022-03-16,1,6,7,14.285714285714285,922.3926187772039
2022-03-17,2,5,7,28.57142857142857,944.115457324238
2022-03-21,2,5,7,28.57142857142857,946.2774207981242
2022-03-22,1,6,7,14.285714285714285,947.8219747155998
2022-03-23,1,6,7,14.285714285714285,947.8388249916126
2022-03-24,1,6,7,14.285714285714285,944.5239958693002
2022-03-25,1,6,7,14.285714285714285,935.66504931324
2022-03-28,0,7,7,0.0,934.7942235224144
2022-03-29,1,6,7,14.285714285714285,929.3699941614661
2022-03-30,1,6,7,14.285714285714285,944.8762578469845
2022-03-31,2,5,7,28.57142857142857,957.6341205187697
2022-04-01,2,5,7,28.57142857142857,984.2978910510418
2022-04-04,2,5,7,28.57142857142857,1017.5809969204382
2022-04-05,2,5,7,28.57142857142857,1034.8862728368829
2022-04-06,2,5,7,28.57142857142857,1042.3434116411902
2022-04-07,2,5,7,28.57142857142857,1046.4180053913844
2022-04-08,2,5,7,28.57142857142857,1062.739717687785
2022-04-11,2,5,7,28.57142857142857,1050.2693307140585
2022-04-12,2,5,7,28.57142857142857,1022.085692426424
2022-04-13,2,5,7,28.57142857142857,1040.2792448940656
2022-04-18,2,5,7,28.57142857142857,1023.2997807144288
2022-04-19,2,5,7,28.57142857142857,1005.0535305834879
2022-04-20,2,5,7,28.57142857142857,1016.4818627866962
2022-04-21,2,5,7,28.57142857142857,1036.5079610669557
2022-04-22,2,5,7,28.57142857142857,1059.088252480538
2022-04-25,1,6,7,14.285714285714285,1022.9977348264242
2022-04-26,2,5,7,28.57142857142857,1036.1881116848222
2022-04-27,2,5,7,28.57142857142857,1018.0950799319444
2022-04-28,1,6,7,14.285714285714285,1006.0657296198867
2022-04-29,1,6,7,14.285714285714285,986.3105821993302
2022-05-02,1,6,7,14.285714285714285,954.4131145835312
2022-05-04,1,6,7,14.285714285714285,928.5109063252492
2022-05-05,1,6,7,14.285714285714285,925.9620142874489
2022-05-06,1,6,7,14.285714285714285,913.284775591654
2022-05-09,1,6,7,14.285714285714285,906.4771144329546
2022-05-10,0,7,7,0.0,887.2951646444102
2022-05-11,0,7,7,0.0,861.9613462614448
2022-05-12,0,7,7,0.0,839.9404448321226
2022-05-13,0,7,7,0.0,852.1345055450258
2022-05-16,0,7,7,0.0,873.3206250581939
2022-05-17,0,7,7,0.0,915.1420952868746
2022-05-18,1,6,7,14.285714285714285,917.0574720787461
2022-05-19,1,6,7,14.285714285714285,882.8899270274643
2022-05-20,1,6,7,14.285714285714285,903.3196392816263
2022-05-23,0,7,7,0.0,896.6926059603029
2022-05-24,0,7,7,0.0,887.767005735523
2022-05-25,0,7,7,0.0,867.457305915344
2022-05-26,0,7,7,0.0,891.9839944157935
2022-05-27,0,7,7,0.0,892.1548135463
2022-05-30,0,7,7,0.0,900.2828386067667
2022-05-31,0,7,7,0.0,898.3919904867362
2022-06-01,1,6,7,14.285714285714285,913.9810373164651
2022-06-02,1,6,7,14.285714285714285,923.1197843456066
2022-06-03,1,6,7,14.285714285714285,918.6717331025136
2022-06-06,1,6,7,14.285714285714285,910.1430032162785
2022-06-07,1,6,7,14.285714285714285,911.8908226671017
2022-06-08,1,6,7,14.285714285714285,910.1650137776908
2022-06-09,1,6,7,14.285714285714285,911.2377637433196
2022-06-10,1,6,7,14.285714285714285,903.279770324738
2022-06-13,0,7,7,0.0,868.2520643979811
2022-06-14,1,6,7,14.285714285714285,873.8968479417044
2022-06-15,1,6,7,14.285714285714285,884.2257127809839
2022-06-16,0,7,7,0.0,851.7167683563894
2022-06-17,0,7,7,0.0,849.9837308732608
2022-06-20,0,7,7,0.0,839.6900810572125
2022-06-21,0,7,7,0.0,858.3650357574671
2022-06-22,0,7,7,0.0,868.9150463500814
2022-06-23,0,7,7,0.0,878.5071714176352
2022-06-24,0,7,7,0.0,891.6768699622177
2022-06-27,0,7,7,0.0,900.1655773767934
2022-06-28,0,7,7,0.0,894.9833178986738
2022-06-29,1,6,7,14.285714285714285,892.9519248035355
2022-06-30,1,6,7,14.285714285714285,886.2995170403627
2022-07-01,1,6,7,14.285714285714285,881.3567722898281
2022-07-04,1,6,7,14.285714285714285,881.3306597211114
2022-07-05,1,6,7,14.285714285714285,880.2938488613181
2022-07-06,1,6,7,14.285714285714285,882.4014578603654
2022-07-07,1,6,7,14.285714285714285,889.0573841732693
2022-07-08,1,6,7,14.285714285714285,887.4506833338872
2022-07-11,1,6,7,14.285714285714285,904.9281891089418
2022-07-12,2,5,7,28.57142857142857,950.1788438924475
2022-07-13,2,5,7,28.57142857142857,946.1900644766913
2022-07-14,2,5,7,28.57142857142857,929.6533042940242
2022-07-15,2,5,7,28.57142857142857,954.311729377792
2022-07-18,2,5,7,28.57142857142857,960.262285520418
2022-07-19,2,5,7,28.57142857142857,978.2744506229026
2022-07-20,2,5,7,28.57142857142857,982.5002585261542
2022-07-21,2,5,7,28.57142857142857,987.4644526113491
2022-07-22,2,5,7,28.57142857142857,981.0003640916852
2022-07-25,2,5,7,28.57142857142857,964.6362247601164
2022-07-26,2,5,7,28.57142857142857,947.8145304087976
2022-07-27,2,5,7,28.57142857142857,949.5636404578981
2022-07-28,2,5,7,28.57142857142857,956.6244829769665
2022-07-29,2,5,7,28.57142857142857,965.8915601283816
2022-08-01,3,4,7,42.857142857142854,985.9640332359478
2022-08-02,3,4,7,42.857142857142854,995.2554020650932
2022-08-03,3,4,7,42.857142857142854,981.1852669096317
2022-08-04,2,5,7,28.57142857142857,976.8712560244273
2022-08-05,3,4,7,42.857142857142854,981.6498370353157
2022-08-08,4,3,7,57.14285714285714,988.4789005657556
2022-08-10,3,4,7,42.857142857142854,975.5398112180453
2022-08-11,4,3,7,57.14285714285714,974.9130157770417
2022-08-12,4,3,7,57.14285714285714,977.1852640982711
2022-08-16,4,3,7,57.14285714285714,984.8740384831713
2022-08-17,4,3,7,57.14285714285714,996.4391198371567
2022-08-18,4,3,7,57.14285714285714,1002.0271552179881
2022-08-19,4,3,7,57.14285714285714,1017.8701716575138
2022-08-22,3,4,7,42.857142857142854,1009.4680447042085
2022-08-23,3,4,7,42.857142857142854,1013.0388186348243
2022-08-24,4,3,7,57.14285714285714,1021.9141883625383
2022-08-25,3,4,7,42.857142857142854,1024.1119722288904
2022-08-26,3,4,7,42.857142857142854,1035.9412887615886
2022-08-29,4,3,7,57.14285714285714,1057.9850956243943
2022-08-30,4,3,7,57.14285714285714,1072.626679446129
2022-09-01,4,3,7,57.14285714285714,1085.2578563984962
2022-09-02,4,3,7,57.14285714285714,1081.020978429795
2022-09-05,4,3,7,57.14285714285714,1089.505175858298
2022-09-06,4,3,7,57.14285714285714,1083.3104842883158
2022-09-07,4,3,7,57.14285714285714,1094.2963023704374
2022-09-08,5,2,7,71.42857142857143,1099.2954632803287
2022-09-09,5,2,7,71.42857142857143,1091.2880435181028
2022-09-12,5,2,7,71.42857142857143,1090.8214714509961
2022-09-13,5,2,7,71.42857142857143,1092.9313927231258
2022-09-14,5,2,7,71.42857142857143,1103.6176505881492
2022-09-15,5,2,7,71.42857142857143,1112.3161200639568
2022-09-16,5,2,7,71.42857142857143,1081.4668838992818
2022-09-19,5,2,7,71.42857142857143,1065.6340275580392
2022-09-20,5,2,7,71.42857142857143,1081.1083908380465
2022-09-21,5,2,7,71.42857142857143,1080.8110179504497
2022-09-22,5,2,7,71.42857142857143,1089.6678199538012
2022-09-23,4,3,7,57.14285714285714,1061.3752934993415
2022-09-26,3,4,7,42.857142857142854,1021.925511911264
2022-09-27,3,4,7,42.857142857142854,1036.5739577604345
2022-09-28,4,3,7,57.14285714285714,1047.4999465245094
2022-09-29,5,2,7,71.42857142857143,1049.6468621928107
2022-09-30,4,3,7,57.14285714285714,1066.208626593616
2022-10-03,5,2,7,71.42857142857143,1074.9239086523307
2022-10-04,5,2,7,71.42857142857143,1083.6193014889584
2022-10-06,5,2,7,71.42857142857143,1122.6206474248365
2022-10-07,5,2,7,71.42857142857143,1140.4110318051555
2022-10-10,5,2,7,71.42857142857143,1151.7639086731144
2022-10-11,4,3,7,57.14285714285714,1113.5112084879624
2022-10-12,4,3,7,57.14285714285714,1116.6223567114218
2022-10-13,4,3,7,57.14285714285714,1108.5767929390313
2022-10-14,4,3,7,57.14285714285714,1097.1468623257592
2022-10-17,4,3,7,57.14285714285714,1081.602423429072
2022-10-18,4,3,7,57.14285714285714,1084.0272327303214
2022-10-19,4,3,7,57.14285714285714,1074.8599548479756
2022-10-20,5,2,7,71.42857142857143,1085.1224500654062
2022-10-21,4,3,7,57.14285714285714,1076.227863978037
2022-10-24,4,3,7,57.14285714285714,1097.7599320807415
2022-10-25,4,3,7,57.14285714285714,1089.8142081161686
2022-10-27,4,3,7,57.14285714285714,1103.1961968744456
2022-10-28,4,3,7,57.14285714285714,1095.241252477393
2022-10-31,5,2,7,71.42857142857143,1110.203624216756
2022-11-01,5,2,7,71.42857142857143,1124.1749339137295
2022-11-02,5,2,7,71.42857142857143,1126.1413063368932
2022-11-03,5,2,7,71.42857142857143,1122.062604660414
2022-11-04,5,2,7,71.42857142857143,1124.0656383600192
2022-11-07,5,2,7,71.42857142857143,1135.585642876215
2022-11-09,5,2,7,71.42857142857143,1128.1985925367626
2022-11-10,5,2,7,71.42857142857143,1114.99013824393
2022-11-11,5,2,7,71.42857142857143,1136.6645375126475
2022-11-14,5,2,7,71.42857142857143,1129.632338202252
2022-11-15,5,2,7,71.42857142857143,1140.5863226981048
2022-11-16,5,2,7,71.42857142857143,1156.6624630583678
2022-11-17,5,2,7,71.42857142857143,1164.0965254065236
2022-11-18,6,1,7,85.71428571428571,1176.0385375013097
2022-11-21,6,1,7,85.71428571428571,1166.414704270141
2022-11-22,6,1,7,85.71428571428571,1159.4460573208764
2022-11-23,6,1,7,85.71428571428571,1182.8590506177486
2022-11-24,6,1,7,85.71428571428571,1186.9340138803698
2022-11-25,6,1,7,85.71428571428571,1199.9410577327455
2022-11-28,6,1,7,85.71428571428571,1212.093354347302
2022-11-29,6,1,7,85.71428571428571,1200.4034436671204
2022-11-30,6,1,7,85.71428571428571,1206.510787344485
2022-12-01,6,1,7,85.71428571428571,1207.0510799970466
2022-12-02,6,1,7,85.71428571428571,1201.4472213668316
2022-12-05,6,1,7,85.71428571428571,1204.2612455464293
2022-12-06,6,1,7,85.71428571428571,1208.4084095756446
2022-12-07,5,2,7,71.42857142857143,1194.0112278507606
2022-12-08,5,2,7,71.42857142857143,1189.7994476020433
2022-12-09,5,2,7,71.42857142857143,1172.7328765914638
2022-12-12,5,2,7,71.42857142857143,1186.094090983452
2022-12-13,5,2,7,71.42857142857143,1187.844432515949
2022-12-14,5,2,7,71.42857142857143,1194.7191094815712
2022-12-15,6,1,7,85.71428571428571,1193.7295445699704
2022-12-16,6,1,7,85.71428571428571,1194.5577712478848
2022-12-19,6,1,7,85.71428571428571,1193.9158597964479
2022-12-20,6,1,7,85.71428571428571,1183.2773282600756
2022-12-21,6,1,7,85.71428571428571,1138.2161962769653
2022-12-22,4,3,7,57.14285714285714,1108.5698377630474
2022-12-23,2,5,7,28.57142857142857,1040.4517056971908
2022-12-26,3,4,7,42.857142857142854,1088.7138821775209
2022-12-27,4,3,7,57.14285714285714,1109.1107587604924
2022-12-28,5,2,7,71.42857142857143,1124.336004823146
2022-12-29,5,2,7,71.42857142857143,1118.020495979091
2022-12-30,5,2,7,71.42857142857143,1127.0955853447833
2023-01-02,6,1,7,85.71428571428571,1157.4198235180716
2023-01-03,6,1,7,85.71428571428571,1151.669343798704
2023-01-04,5,2,7,71.42857142857143,1135.7662699261803
2023-01-05,5,2,7,71.42857142857143,1136.2400314556614
2023-01-06,4,3,7,57.14285714285714,1131.486137074496
2023-01-09,4,3,7,57.14285714285714,1138.8222832868094
2023-01-10,4,3,7,57.14285714285714,1122.9677411750704
2023-01-11,4,3,7,57.14285714285714,1124.751007976209
2023-01-12,4,3,7,57.14285714285714,1125.2668725835872
2023-01-13,6,1,7,85.71428571428571,1144.593655173224
2023-01-16,6,1,7,85.71428571428571,1122.5552339536996
2023-01-17,4,3,7,57.14285714285714,1115.4273260159832
2023-01-18,4,3,7,57.14285714285714,1126.241041567217
2023-01-19,4,3,7,57.14285714285714,1122.3989423087187
2023-01-20,3,4,7,42.857142857142854,1115.5628502508278
2023-01-23,3,4,7,42.857142857142854,1117.225379891093
2023-01-24,3,4,7,42.857142857142854,1103.997792815524
2023-01-25,3,4,7,42.857142857142854,1081.0608957720867
2023-01-27,3,4,7,42.857142857142854,1036.2600368916521
2023-01-30,3,4,7,42.857142857142854,1054.5216142333934
2023-01-31,4,3,7,57.14285714285714,1087.2188309764615
2023-02-01,3,4,7,42.857142857142854,1048.0352215624875
2023-02-02,3,4,7,42.857142857142854,1046.7330550883946
2023-02-03,3,4,7,42.857142857142854,1037.4755286255347
2023-02-06,2,5,7,28.57142857142857,1059.406405400525
2023-02-07,3,4,7,42.857142857142854,1055.119207182054
2023-02-08,3,4,7,42.857142857142854,1068.7580179518989
2023-02-09,3,4,7,42.857142857142854,1067.9670162972996
2023-02-10,3,4,7,42.857142857142854,1081.6788820960487
2023-02-13,3,4,7,42.857142857142854,1066.9958534799164
2023-02-14,3,4,7,42.857142857142854,1057.8632188581419
2023-02-15,4,3,7,57.14285714285714,1081.4618759051277
2023-02-16,4,3,7,57.14285714285714,1098.0355709633245
2023-02-17,4,3,7,57.14285714285714,1090.0366429209432
2023-02-20,4,3,7,57.14285714285714,1076.387552916836
2023-02-21,4,3,7,57.14285714285714,1073.6610279252297
2023-02-22,4,3,7,57.14285714285714,1064.0202821851692
2023-02-23,4,3,7,57.14285714285714,1058.436288989259
2023-02-24,2,5,7,28.57142857142857,1053.883319668285
2023-02-27,1,6,7,14.285714285714285,1027.2677754507222
2023-02-28,2,5,7,28.57142857142857,1032.6556052746519
2023-03-01,3,4,7,42.857142857142854,1047.8833293222403
2023-03-02,3,4,7,42.857142857142854,1046.0809574378582
2023-03-03,3,4,7,42.857142857142854,1053.165090248028
2023-03-06,3,4,7,42.857142857142854,1069.5900727321714
2023-03-08,4,3,7,57.14285714285714,1075.7174594307974
2023-03-09,4,3,7,57.14285714285714,1073.5735457942171
2023-03-10,2,5,7,28.57142857142857,1063.1796685277507
2023-03-13,2,5,7,28.57142857142857,1027.5215920509397
2023-03-14,2,5,7,28.57142857142857,1019.8594008692149
2023-03-15,2,5,7,28.57142857142857,1019.6486928502541
2023-03-16,2,5,7,28.57142857142857,1014.5160571014846
2023-03-17,2,5,7,28.57142857142857,1016.2846045589008
2023-03-20,2,5,7,28.57142857142857,1008.5976908419191
2023-03-21,2,5,7,28.57142857142857,1010.9338961417266
2023-03-22,2,5,7,28.57142857142857,1011.8089410850154
2023-03-23,2,5,7,28.57142857142857,1011.01784528075
2023-03-24,2,5,7,28.57142857142857,1013.7315664374692
2023-03-27,1,6,7,14.285714285714285,988.7870403375315
2023-03-28,1,6,7,14.285714285714285,968.6351645682637
2023-03-29,1,6,7,14.285714285714285,984.7953736054261
2023-03-31,2,5,7,28.57142857142857,1000.49517838297
2023-04-03,2,5,7,28.57142857142857,1023.7318298954408
2023-04-05,2,5,7,28.57142857142857,1030.633269088594
2023-04-06,2,5,7,28.57142857142857,1032.1014002356205
2023-04-10,2,5,7,28.57142857142857,1025.6199386790279
2023-04-11,2,5,7,28.57142857142857,1028.8721740026263
2023-04-12,2,5,7,28.57142857142857,1024.674275850802
2023-04-13,2,5,7,28.57142857142857,1033.4504637085386
2023-04-17,2,5,7,28.57142857142857,1033.8439320724792
2023-04-18,2,5,7,28.57142857142857,1034.620801785503
2023-04-19,2,5,7,28.57142857142857,1025.7539590172053
2023-04-20,2,5,7,28.57142857142857,1027.7875464817057
2023-04-21,2,5,7,28.57142857142857,1029.9491808643124
2023-04-24,3,4,7,42.857142857142854,1043.425729778987
2023-04-25,3,4,7,42.857142857142854,1046.2216033676077
2023-04-26,3,4,7,42.857142857142854,1049.405704981505
2023-04-27,3,4,7,42.857142857142854,1052.7725419639357
2023-04-28,3,4,7,42.857142857142854,1081.2767569535133
2023-05-02,3,4,7,42.857142857142854,1088.8617542799982
2023-05-03,3,4,7,42.857142857142854,1083.5185019459173
2023-05-04,3,4,7,42.857142857142854,1097.3301751741544
2023-05-05,4,3,7,57.14285714285714,1116.7976461174756
2023-05-08,4,3,7,57.14285714285714,1121.936997716158
2023-05-09,5,2,7,71.42857142857143,1134.4299041569777
2023-05-10,4,3,7,57.14285714285714,1147.5367368635823
2023-05-11,4,3,7,57.14285714285714,1147.9416920454103
2023-05-12,4,3,7,57.14285714285714,1134.5934227196121
2023-05-15,4,3,7,57.14285714285714,1141.4722694444488
2023-05-16,4,3,7,57.14285714285714,1146.1152910205647
2023-05-17,4,3,7,57.14285714285714,1146.8047575358976
2023-05-18,4,3,7,57.14285714285714,1122.2129944161297
2023-05-19,3,4,7,42.857142857142854,1105.2456673435236
2023-05-22,4,3,7,57.14285714285714,1106.9887339013167
2023-05-23,4,3,7,57.14285714285714,1119.516778266168
2023-05-24,4,3,7,57.14285714285714,1114.7705827904274
2023-05-25,4,3,7,57.14285714285714,1123.3675703616154
2023-05-26,4,3,7,57.14285714285714,1126.7133078180325
2023-05-29,4,3,7,57.14285714285714,1125.3699974812869
2023-05-30,4,3,7,57.14285714285714,1115.8238937305591
2023-05-31,4,3,7,57.14285714285714,1121.8920098886167
2023-06-01,4,3,7,57.14285714285714,1129.2144315482765
2023-06-02,4,3,7,57.14285714285714,1126.61237072311
2023-06-05,4,3,7,57.14285714285714,1135.1260451917085
2023-06-06,4,3,7,57.14285714285714,1146.3635802767747
2023-06-07,4,3,7,57.14285714285714,1181.9293893708173
2023-06-08,4,3,7,57.14285714285714,1162.2128405219275
2023-06-09,4,3,7,57.14285714285714,1161.7629511939194
2023-06-12,4,3,7,57.14285714285714,1166.4523354817834
2023-06-13,4,3,7,57.14285714285714,1169.2875638526552
2023-06-14,4,3,7,57.14285714285714,1176.0574916825203
2023-06-15,4,3,7,57.14285714285714,1162.3138250356978
2023-06-16,4,3,7,57.14285714285714,1163.261889551702
2023-06-19,4,3,7,57.14285714285714,1158.9131436374214
2023-06-20,4,3,7,57.14285714285714,1176.6533880144825
2023-06-21,4,3,7,57.14285714285714,1176.6335584285528
2023-06-22,4,3,7,57.14285714285714,1161.7638206883134
2023-06-23,4,3,7,57.14285714285714,1150.7867426579792
2023-06-26,4,3,7,57.14285714285714,1152.4974454077717
2023-06-27,4,3,7,57.14285714285714,1154.6133962618399
2023-06-28,4,3,7,57.14285714285714,1151.0028263256306
2023-06-30,4,3,7,57.14285714285714,1147.048441869066
2023-07-03,4,3,7,57.14285714285714,1162.945264000526
2023-07-04,4,3,7,57.14285714285714,1149.14997583926
2023-07-05,4,3,7,57.14285714285714,1151.6647579294656
2023-07-06,4,3,7,57.14285714285714,1161.9261174310955
2023-07-07,4,3,7,57.14285714285714,1157.602626182557
2023-07-10,4,3,7,57.14285714285714,1150.531302121749
2023-07-11,4,3,7,57.14285714285714,1165.7631113073273
2023-07-12,4,3,7,57.14285714285714,1170.315792088313
2023-07-13,4,3,7,57.14285714285714,1177.1330056879704
2023-07-14,4,3,7,57.14285714285714,1192.7979542240382
2023-07-17,5,2,7,71.42857142857143,1205.692070486227
2023-07-18,4,3,7,57.14285714285714,1196.1234155870072
2023-07-19,4,3,7,57.14285714285714,1221.8152228441975
2023-07-20,4,3,7,57.14285714285714,1220.5282459097293
2023-07-21,4,3,7,57.14285714285714,1244.5070745087673
2023-07-24,4,3,7,57.14285714285714,1234.3593026938038
2023-07-25,5,2,7,71.42857142857143,1241.3216004757949
2023-07-26,5,2,7,71.42857142857143,1249.5411401990214
2023-07-27,5,2,7,71.42857142857143,1258.176287662483
2023-07-28,5,2,7,71.42857142857143,1242.309827166078
2023-07-31,5,2,7,71.42857142857143,1248.6402100479852
2023-08-01,5,2,7,71.42857142857143,1267.984065797749
2023-08-02,5,2,7,71.42857142857143,1242.156004165046
2023-08-03,5,2,7,71.42857142857143,1249.3223324562618
2023-08-04,5,2,7,71.42857142857143,1255.8463415959357
2023-08-07,6,1,7,85.71428571428571,1320.9155409132122
2023-08-08,6,1,7,85.71428571428571,1309.5209318789227
2023-08-09,6,1,7,85.71428571428571,1317.6809239215731
2023-08-10,6,1,7,85.71428571428571,1297.7147728303185
2023-08-11,5,2,7,71.42857142857143,1290.0629810824466
2023-08-14,5,2,7,71.42857142857143,1260.317266861036
2023-08-16,4,3,7,57.14285714285714,1268.7718254812971
2023-08-17,4,3,7,57.14285714285714,1264.5402595885728
2023-08-18,4,3,7,57.14285714285714,1251.253910973898
2023-08-21,4,3,7,57.14285714285714,1252.3778676479435
2023-08-22,4,3,7,57.14285714285714,1277.723436216767
2023-08-23,4,3,7,57.14285714285714,1276.8355267278794
2023-08-24,4,3,7,57.14285714285714,1279.514868301162
2023-08-25,6,1,7,85.71428571428571,1305.36517287298
2023-08-28,6,1,7,85.71428571428571,1337.1202947701681
2023-08-29,6,1,7,85.71428571428571,1335.3395983256214
2023-08-30,7,0,7,100.0,1369.8441447180273
2023-08-31,7,0,7,100.0,1401.886432090394
2023-09-01,7,0,7,100.0,1441.3456905755957
2023-09-04,7,0,7,100.0,1466.470325195848
2023-09-05,7,0,7,100.0,1474.961086839014
2023-09-06,7,0,7,100.0,1473.7665411315913
2023-09-07,7,0,7,100.0,1483.3525391074365
2023-09-08,7,0,7,100.0,1500.2915411550964
2023-09-11,7,0,7,100.0,1570.2032204932675
2023-09-12,7,0,7,100.0,1496.7774260391786
2023-09-13,7,0,7,100.0,1561.230023809551
2023-09-14,7,0,7,100.0,1566.1265046964213
2023-09-15,7,0,7,100.0,1547.7716297810002
2023-09-18,7,0,7,100.0,1529.451380705619
2023-09-20,7,0,7,100.0,1514.7302156292255
2023-09-21,7,0,7,100.0,1477.616840563311
2023-09-22,7,0,7,100.0,1507.3267048306666
2023-09-25,7,0,7,100.0,1519.8792355414598
2023-09-26,6,1,7,85.71428571428571,1515.3510669444324
2023-09-27,6,1,7,85.71428571428571,1555.3132608218687
2023-09-28,6,1,7,85.71428571428571,1540.9702145265644
2023-09-29,7,0,7,100.0,1557.6987340801008
2023-10-03,6,1,7,85.71428571428571,1558.3246900126599
2023-10-04,6,1,7,85.71428571428571,1524.8357046298236
2023-10-05,6,1,7,85.71428571428571,1525.9327218983549
2023-10-06,6,1,7,85.71428571428571,1529.0530586074872
2023-10-09,6,1,7,85.71428571428571,1516.1345944624156
2023-10-10,6,1,7,85.71428571428571,1546.7428342930384
2023-10-11,6,1,7,85.71428571428571,1566.4335947521354
2023-10-12,7,0,7,100.0,1580.7258340309354
2023-10-13,6,1,7,85.71428571428571,1630.3245406254593
2023-10-16,6,1,7,85.71428571428571,1646.489902241759
2023-10-17,7,0,7,100.0,1684.4114252146148
2023-10-18,7,0,7,100.0,1647.5203049570976
2023-10-19,7,0,7,100.0,1652.6364465350885
2023-10-20,7,0,7,100.0,1652.694641950006
2023-10-23,5,2,7,71.42857142857143,1546.346182706536
2023-10-25,5,2,7,71.42857142857143,1527.6001977487817
2023-10-26,5,2,7,71.42857142857143,1535.2453847905208
2023-10-27,5,2,7,71.42857142857143,1538.8163530878367
2023-10-30,5,2,7,71.42857142857143,1540.1609330164372
2023-10-31,5,2,7,71.42857142857143,1556.5579949263572
2023-11-01,5,2,7,71.42857142857143,1558.8482215277825
2023-11-02,5,2,7,71.42857142857143,1591.1090194427532
2023-11-03,5,2,7,71.42857142857143,1593.2742232497387
2023-11-06,5,2,7,71.42857142857143,1597.786788023912
2023-11-07,5,2,7,71.42857142857143,1600.2692754015059
2023-11-08,5,2,7,71.42857142857143,1610.0327780067612
2023-11-09,5,2,7,71.42857142857143,1586.5338952717516
2023-11-10,5,2,7,71.42857142857143,1581.9969418551473
2023-11-12,5,2,7,71.42857142857143,1603.0304847405046
2023-11-13,5,2,7,71.42857142857143,1601.455926505832
2023-11-15,6,1,7,85.71428571428571,1612.1407807562675
2023-11-16,7,0,7,100.0,1629.356703306457
2023-11-17,7,0,7,100.0,1640.5824974235766
2023-11-20,6,1,7,85.71428571428571,1650.1876081559224
2023-11-21,6,1,7,85.71428571428571,1642.1176274471557
2023-11-22,5,2,7,71.42857142857143,1636.0102236204896
2023-11-23,5,2,7,71.42857142857143,1658.5105055510141
2023-11-24,5,2,7,71.42857142857143,1660.8598828145912
2023-11-28,6,1,7,85.71428571428571,1656.6454090076832
2023-11-29,5,2,7,71.42857142857143,1642.227202392179
2023-11-30,5,2,7,71.42857142857143,1626.6144235487661
2023-12-01,5,2,7,71.42857142857143,1624.9421918656842
2023-12-04,6,1,7,85.71428571428571,1644.0542807448924
2023-12-05,5,2,7,71.42857142857143,1639.3887490757927
2023-12-06,5,2,7,71.42857142857143,1632.9582108601826
2023-12-07,6,1,7,85.71428571428571,1685.808299648346
2023-12-08,6,1,7,85.71428571428571,1669.059768582386
2023-12-11,6,1,7,85.71428571428571,1673.5696050365323
2023-12-12,6,1,7,85.71428571428571,1662.1126500411062
2023-12-13,6,1,7,85.71428571428571,1661.348939397409
2023-12-14,6,1,7,85.71428571428571,1690.3233936924323
2023-12-15,6,1,7,85.71428571428571,1710.7172594380422
2023-12-18,6,1,7,85.71428571428571,1731.4163554408258
2023-12-19,6,1,7,85.71428571428571,1742.8898737546365
2023-12-20,6,1,7,85.71428571428571,1654.3220732105056
2023-12-21,6,1,7,85.71428571428571,1685.4959731872043
2023-12-22,6,1,7,85.71428571428571,1722.4502688020416
2023-12-26,6,1,7,85.71428571428571,1732.1591488757094
2023-12-27,6,1,7,85.71428571428571,1726.4330593765835
2023-12-28,6,1,7,85.71428571428571,1715.3095573312082
2023-12-29,6,1,7,85.71428571428571,1777.6382645791955
2024-01-01,6,1,7,85.71428571428571,1813.4109351849127
2024-01-02,6,1,7,85.71428571428571,1823.5655174764765
2024-01-03,6,1,7,85.71428571428571,1841.953495525715
2024-01-04,6,1,7,85.71428571428571,1864.5780391708126
2024-01-05,6,1,7,85.71428571428571,1870.9922024232058
2024-01-08,6,1,7,85.71428571428571,1841.7536550726702
2024-01-09,6,1,7,85.71428571428571,1841.4547272430411
2024-01-10,6,1,7,85.71428571428571,1840.403360874429
2024-01-11,6,1,7,85.71428571428571,1850.2051048854198
2024-01-12,6,1,7,85.71428571428571,1853.4856088615873
2024-01-15,6,1,7,85.71428571428571,1874.0960076272136
2024-01-16,6,1,7,85.71428571428571,1905.1024117053373
2024-01-17,6,1,7,85.71428571428571,1881.9534505264944
2024-01-18,6,1,7,85.71428571428571,1875.318431834466
2024-01-19,6,1,7,85.71428571428571,1914.8525438528034
2024-01-20,6,1,7,85.71428571428571,1976.5301835793362
2024-01-23,5,2,7,71.42857142857143,1873.538378087758
2024-01-24,5,2,7,71.42857142857143,1962.8090319285043
2024-01-25,5,2,7,71.42857142857143,1975.7232863326685
2024-01-29,5,2,7,71.42857142857143,1962.6079478734582
2024-01-30,5,2,7,71.42857142857143,1957.1228529045086
2024-01-31,5,2,7,71.42857142857143,1984.0187429152638
2024-02-01,5,2,7,71.42857142857143,1968.0350582040667
2024-02-02,5,2,7,71.42857142857143,1958.3431569691475
2024-02-05,5,2,7,71.42857142857143,1946.3884163832627
2024-02-06,5,2,7,71.42857142857143,1994.5523892221179
2024-02-07,5,2,7,71.42857142857143,2021.7693600662776
2024-02-08,5,2,7,71.42857142857143,2012.329566586773
2024-02-09,5,2,7,71.42857142857143,1941.8554906724105
2024-02-12,5,2,7,71.42857142857143,1806.932340916334
2024-02-13,5,2,7,71.42857142857143,1813.193784325118
2024-02-14,5,2,7,71.42857142857143,1854.521365406751
2024-02-15,5,2,7,71.42857142857143,1910.3397301528794
2024-02-16,5,2,7,71.42857142857143,1896.9152260487879
2024-02-19,5,2,7,71.42857142857143,1939.450881063259
2024-02-20,5,2,7,71.42857142857143,1940.5394940287842
2024-02-21,5,2,7,71.42857142857143,1951.9192060409268
2024-02-22,5,2,7,71.42857142857143,1978.2448947007563
2024-02-23,5,2,7,71.42857142857143,2002.3828085655573
2024-02-26,5,2,7,71.42857142857143,2020.001899097411
2024-02-27,5,2,7,71.42857142857143,2023.0375084122074
2024-02-28,5,2,7,71.42857142857143,1978.5371233744152
2024-02-29,5,2,7,71.42857142857143,1982.8673654984293
2024-03-01,5,2,7,71.42857142857143,1996.6105994755537
2024-03-02,5,2,7,71.42857142857143,2010.9660971359822
2024-03-04,5,2,7,71.42857142857143,2001.6910511358044
2024-03-05,5,2,7,71.42857142857143,1973.9112926717125
2024-03-06,5,2,7,71.42857142857143,1909.4820615579579
2024-03-07,5,2,7,71.42857142857143,1926.2602898789903
2024-03-11,4,3,7,57.14285714285714,1845.3538640761835
2024-03-12,4,3,7,57.14285714285714,1796.4102417000202
2024-03-13,4,3,7,57.14285714285714,1631.4403492632682
2024-03-14,4,3,7,57.14285714285714,1753.4860504913975
2024-03-15,4,3,7,57.14285714285714,1756.4497368765792
2024-03-18,4,3,7,57.14285714285714,1751.7455753762351
2024-03-19,4,3,7,57.14285714285714,1707.4389331176865
2024-03-20,4,3,7,57.14285714285714,1716.987753021427
2024-03-21,4,3,7,57.14285714285714,1743.0111039970957
2024-03-22,4,3,7,57.14285714285714,1777.6786800875557
2024-03-26,4,3,7,57.14285714285714,1775.6810987156239
2024-03-27,4,3,7,57.14285714285714,1774.983170899865
2024-03-28,4,3,7,57.14285714285714,1774.3595078300657
2024-04-01,5,2,7,71.42857142857143,1918.946464210239
2024-04-02,5,2,7,71.42857142857143,1947.8769044819671
2024-04-03,5,2,7,71.42857142857143,1949.6698559536273
2024-04-04,5,2,7,71.42857142857143,1955.9500227700323
2024-04-05,5,2,7,71.42857142857143,1981.3605810802874
2024-04-08,5,2,7,71.42857142857143,1989.9571948217904
2024-04-09,5,2,7,71.42857142857143,2018.8017044925139
2024-04-10,5,2,7,71.42857142857143,2004.6523010719764
2024-04-12,5,2,7,71.42857142857143,1990.8840152160756
2024-04-15,5,2,7,71.42857142857143,1942.1141635840745
2024-04-16,5,2,7,71.42857142857143,1966.2276031244712
2024-04-18,5,2,7,71.42857142857143,1938.4345150377942
2024-04-19,5,2,7,71.42857142857143,1923.0170286560617
2024-04-22,6,1,7,85.71428571428571,2055.3164750493506
2024-04-23,6,1,7,85.71428571428571,2156.041537793897
2024-04-24,6,1,7,85.71428571428571,2150.476386396202
2024-04-25,6,1,7,85.71428571428571,2154.9733893573043
2024-04-26,6,1,7,85.71428571428571,2152.657807684302
2024-04-29,6,1,7,85.71428571428571,2200.738507275273
2024-04-30,6,1,7,85.71428571428571,2212.5931578016653
2024-05-02,6,1,7,85.71428571428571,2214.9585793974024
2024-05-03,6,1,7,85.71428571428571,2177.9563103327228
2024-05-06,6,1,7,85.71428571428571,2124.9587495557794
2024-05-07,6,1,7,85.71428571428571,2103.068842978099
2024-05-08,6,1,7,85.71428571428571,2090.487990379962
2024-05-09,6,1,7,85.71428571428571,2010.5299162365047
2024-05-10,6,1,7,85.71428571428571,2040.5384977156289
2024-05-13,6,1,7,85.71428571428571,2056.827215320801
2024-05-14,6,1,7,85.71428571428571,2121.5534557421383
2024-05-15,6,1,7,85.71428571428571,2162.335636480149
2024-05-16,6,1,7,85.71428571428571,2173.4228058564254
2024-05-17,6,1,7,85.71428571428571,2191.1819868213447
2024-05-18,6,1,7,85.71428571428571,2198.807190713577
2024-05-21,5,2,7,71.42857142857143,2176.745319426459
2024-05-22,5,2,7,71.42857142857143,2191.15265772458
2024-05-23,5,2,7,71.42857142857143,2193.8323202213214
2024-05-24,5,2,7,71.42857142857143,2178.6539541314187
2024-05-27,5,2,7,71.42857142857143,2186.595691422198
2024-05-28,5,2,7,71.42857142857143,2169.278026975005
2024-05-29,5,2,7,71.42857142857143,2145.7459014607275
2024-05-30,5,2,7,71.42857142857143,2130.124741854366
2024-05-31,5,2,7,71.42857142857143,2137.764970510004
2024-06-03,5,2,7,71.42857142857143,2195.427805639906
2024-06-04,4,3,7,57.14285714285714,1927.1153625616773
2024-06-05,5,2,7,71.42857142857143,2003.9888558328325
2024-06-06,5,2,7,71.42857142857143,2073.447864294933
2024-06-07,5,2,7,71.42857142857143,2149.221053011215
2024-06-10,5,2,7,71.42857142857143,2178.2429990427972
2024-06-11,6,1,7,85.71428571428571,2274.6368515423837
2024-06-12,6,1,7,85.71428571428571,2290.434585602507
2024-06-13,6,1,7,85.71428571428571,2305.9972303789973
2024-06-14,6,1,7,85.71428571428571,2316.7929920629053
2024-06-18,6,1,7,85.71428571428571,2357.269168516413
2024-06-19,5,2,7,71.42857142857143,2344.9577598021424
2024-06-20,5,2,7,71.42857142857143,2352.0546390982345
2024-06-21,5,2,7,71.42857142857143,2382.963038655589
2024-06-24,7,0,7,100.0,2409.045724270989
2024-06-25,7,0,7,100.0,2386.2968837718336
2024-06-26,6,1,7,85.71428571428571,2379.8318424648305
2024-06-27,5,2,7,71.42857142857143,2369.283123201358
2024-06-28,5,2,7,71.42857142857143,2387.4347308373685
2024-07-01,7,0,7,100.0,2452.9705978870547
2024-07-02,7,0,7,100.0,2444.5163010657025
2024-07-03,7,0,7,100.0,2477.9016689114483
2024-07-04,7,0,7,100.0,2503.242776961535
2024-07-05,6,1,7,85.71428571428571,2532.184711068486
2024-07-08,6,1,7,85.71428571428571,2544.035073201804
2024-07-09,7,0,7,100.0,2496.2429098683633
2024-07-10,6,1,7,85.71428571428571,2473.8663599586007
2024-07-11,6,1,7,85.71428571428571,2489.55148092871
2024-07-12,7,0,7,100.0,2574.5117986659557
2024-07-15,7,0,7,100.0,2581.8429539383137
2024-07-16,7,0,7,100.0,2586.87472997755
2024-07-18,7,0,7,100.0,2556.6206430885604
2024-07-19,6,1,7,85.71428571428571,2493.611874137911
2024-07-22,7,0,7,100.0,2519.7321653656145
2024-07-23,7,0,7,100.0,2474.1543588149234
2024-07-24,7,0,7,100.0,2553.922802577285
2024-07-25,7,0,7,100.0,2551.240572063436
2024-07-26,7,0,7,100.0,2588.4785515429153
2024-07-29,7,0,7,100.0,2625.4306077460415
2024-07-30,7,0,7,100.0,2656.8420539692806
2024-07-31,7,0,7,100.0,2601.2884154963035
2024-08-01,6,1,7,85.71428571428571,2564.9883416079565
2024-08-02,6,1,7,85.71428571428571,2538.537426483139
2024-08-05,5,2,7,71.42857142857143,2417.691408923176
2024-08-06,5,2,7,71.42857142857143,2390.0342827958257
2024-08-07,6,1,7,85.71428571428571,2538.8038637336253
2024-08-08,6,1,7,85.71428571428571,2491.3859129891266
2024-08-09,6,1,7,85.71428571428571,2482.2915417146532
2024-08-12,5,2,7,71.42857142857143,2511.361905771042
2024-08-13,4,3,7,57.14285714285714,2425.3603281953287
2024-08-14,4,3,7,57.14285714285714,2385.6816139077423
2024-08-16,5,2,7,71.42857142857143,2427.2360506280465
2024-08-19,5,2,7,71.42857142857143,2465.7832096514067
2024-08-20,5,2,7,71.42857142857143,2501.1670375614044
2024-08-21,7,0,7,100.0,2526.0337207505518
2024-08-22,7,0,7,100.0,2549.302924375913
2024-08-23,7,0,7,100.0,2573.4058042096854
2024-08-26,7,0,7,100.0,2553.5308361915845
2024-08-27,7,0,7,100.0,2597.2065875097264
2024-08-28,6,1,7,85.71428571428571,2583.997372404364
2024-08-29,6,1,7,85.71428571428571,2553.394270655532
2024-08-30,6,1,7,85.71428571428571,2578.8432911503496
2024-09-02,6,1,7,85.71428571428571,2568.783330584715
2024-09-03,6,1,7,85.71428571428571,2577.3872572276423
2024-09-04,5,2,7,71.42857142857143,2557.2920338606086
2024-09-05,5,2,7,71.42857142857143,2575.5462984381984
2024-09-06,4,3,7,57.14285714285714,2505.0406710841125
2024-09-09,4,3,7,57.14285714285714,2467.135813912058
2024-09-10,5,2,7,71.42857142857143,2512.171229486307
2024-09-11,4,3,7,57.14285714285714,2470.261405271604
2024-09-12,4,3,7,57.14285714285714,2495.183301659967
2024-09-13,4,3,7,57.14285714285714,2507.314815417015
2024-09-16,4,3,7,57.14285714285714,2492.1229459248425
2024-09-17,4,3,7,57.14285714285714,2498.6856001393894
2024-09-18,4,3,7,57.14285714285714,2473.37611398877
2024-09-19,4,3,7,57.14285714285714,2415.6805690613414
2024-09-20,4,3,7,57.14285714285714,2454.0567021403576
2024-09-23,4,3,7,57.14285714285714,2482.0475613923063
2024-09-24,4,3,7,57.14285714285714,2468.9255401424152
2024-09-25,4,3,7,57.14285714285714,2440.9518613448004
2024-09-26,4,3,7,57.14285714285714,2424.4005908974914
2024-09-27,4,3,7,57.14285714285714,2407.597657924385
2024-09-30,4,3,7,57.14285714285714,2372.630942198727
2024-10-01,4,3,7,57.14285714285714,2356.748440057516
2024-10-03,4,3,7,57.14285714285714,2305.2195479463658
2024-10-04,4,3,7,57.14285714285714,2294.592368820361
2024-10-07,3,4,7,42.857142857142854,2169.8528741290947
2024-10-08,3,4,7,42.857142857142854,2245.800942675551
2024-10-09,3,4,7,42.857142857142854,2240.1575098537637
2024-10-10,3,4,7,42.857142857142854,2239.728159719567
2024-10-11,3,4,7,42.857142857142854,2246.8672586700736
2024-10-14,3,4,7,42.857142857142854,2255.7806019654918
2024-10-15,3,4,7,42.857142857142854,2242.7762379596634
2024-10-16,4,3,7,57.14285714285714,2279.11890341925
2024-10-17,4,3,7,57.14285714285714,2226.488241915484
2024-10-18,3,4,7,42.857142857142854,2238.0000309643938
2024-10-21,3,4,7,42.857142857142854,2222.0250668352674
2024-10-22,3,4,7,42.857142857142854,2117.238946052647
2024-10-23,3,4,7,42.857142857142854,2159.219638909704
2024-10-24,3,4,7,42.857142857142854,2138.726641056825
2024-10-25,1,6,7,14.285714285714285,2059.1770797970485
2024-10-28,3,4,7,42.857142857142854,2100.985166953771
2024-10-29,3,4,7,42.857142857142854,2096.7898073898846
2024-10-30,3,4,7,42.857142857142854,2143.590154086147
2024-10-31,3,4,7,42.857142857142854,2171.4848017908907
2024-11-01,3,4,7,42.857142857142854,2197.035089773058
2024-11-04,2,5,7,28.57142857142857,2137.711661095879
2024-11-05,3,4,7,42.857142857142854,2188.992251509272
2024-11-06,2,5,7,28.57142857142857,2246.559414712352
2024-11-07,2,5,7,28.57142857142857,2263.7381113899346
2024-11-08,3,4,7,42.857142857142854,2294.712633272355
2024-11-11,3,4,7,42.857142857142854,2294.536162290728
2024-11-12,3,4,7,42.857142857142854,2223.4708350503015
2024-11-13,3,4,7,42.857142857142854,2164.2713298003755
2024-11-14,3,4,7,42.857142857142854,2185.0783241180134
2024-11-18,3,4,7,42.857142857142854,2190.607070375622
2024-11-19,3,4,7,42.857142857142854,2205.358449140551
2024-11-21,2,5,7,28.57142857142857,2168.9369332008164
2024-11-22,2,5,7,28.57142857142857,2166.4292214032293
2024-11-25,2,5,7,28.57142857142857,2219.735081405271
2024-11-26,2,5,7,28.57142857142857,2236.7451642670653
2024-11-27,2,5,7,28.57142857142857,2273.095186563079
2024-11-28,3,4,7,42.857142857142854,2294.9403595596427
2024-11-29,3,4,7,42.857142857142854,2268.386010249997
2024-12-02,3,4,7,42.857142857142854,2275.0819478192634
2024-12-03,4,3,7,57.14285714285714,2290.7438954981635
2024-12-04,4,3,7,57.14285714285714,2301.635558625504
2024-12-05,3,4,7,42.857142857142854,2292.8681716577116
2024-12-06,5,2,7,71.42857142857143,2387.6610931948953
2024-12-09,5,2,7,71.42857142857143,2440.1010244993286
2024-12-10,5,2,7,71.42857142857143,2464.169410366513
2024-12-11,5,2,7,71.42857142857143,2445.772927544903
2024-12-12,4,3,7,57.14285714285714,2406.8405723189644
2024-12-13,4,3,7,57.14285714285714,2397.784402959171
2024-12-16,4,3,7,57.14285714285714,2415.554995355061
2024-12-17,4,3,7,57.14285714285714,2370.8942464552842
2024-12-18,2,5,7,28.57142857142857,2340.2212920360585
2024-12-19,2,5,7,28.57142857142857,2321.740218061351
2024-12-20,2,5,7,28.57142857142857,2241.766336204989
2024-12-23,2,5,7,28.57142857142857,2221.7306823787158
2024-12-24,2,5,7,28.57142857142857,2245.833193212175
2024-12-26,2,5,7,28.57142857142857,2229.5089103351565
2024-12-27,2,5,7,28.57142857142857,2205.9405283701076
2024-12-30,1,6,7,14.285714285714285,2232.3019443547546
2024-12-31,1,6,7,14.285714285714285,2265.016605031032
2025-01-01,1,6,7,14.285714285714285,2271.9295658748347
2025-01-02,2,5,7,28.57142857142857,2301.690551229765
2025-01-03,1,6,7,14.285714285714285,2364.100800321238
2025-01-06,1,6,7,14.285714285714285,2320.7438224545635
2025-01-07,1,6,7,14.285714285714285,2312.792617748503
2025-01-08,1,6,7,14.285714285714285,2300.585767517178
2025-01-09,1,6,7,14.285714285714285,2242.061387302437
2025-01-10,1,6,7,14.285714285714285,2192.26054307572
2025-01-13,1,6,7,14.285714285714285,2082.559269348513
2025-01-14,1,6,7,14.285714285714285,2153.0975578004713
2025-01-15,1,6,7,14.285714285714285,2154.4609634295884
2025-01-16,1,6,7,14.285714285714285,2214.6329334529382
2025-01-17,1,6,7,14.285714285714285,2226.198332191418
2025-01-20,2,5,7,28.57142857142857,2269.3234198408104
2025-01-21,1,6,7,14.285714285714285,2193.5500528494968
2025-01-22,1,6,7,14.285714285714285,2161.001884219067
2025-01-23,1,6,7,14.285714285714285,2182.0095535206574
2025-01-24,1,6,7,14.285714285714285,2124.855728344558
2025-01-27,1,6,7,14.285714285714285,2004.0012867427106
2025-01-28,1,6,7,14.285714285714285,1965.233591177968
2025-01-29,1,6,7,14.285714285714285,2005.6064760894299
2025-01-30,1,6,7,14.285714285714285,2010.6752921089158
2025-01-31,1,6,7,14.285714285714285,2067.405608607376
2025-02-01,1,6,7,14.285714285714285,2061.6244291766366
2025-02-03,1,6,7,14.285714285714285,2000.179196600482
2025-02-04,0,7,7,0.0,2009.6765123471496
2025-02-05,1,6,7,14.285714285714285,2037.4151788347156
2025-02-06,1,6,7,14.285714285714285,2013.7449066128947
2025-02-07,1,6,7,14.285714285714285,2006.6307337629532
2025-02-10,0,7,7,0.0,1960.436382377107
2025-02-11,0,7,7,0.0,1883.9995406568505
2025-02-12,0,7,7,0.0,1874.560104341224
2025-02-13,0,7,7,0.0,1881.0244957535012
2025-02-14,0,7,7,0.0,1786.1354238408182
2025-02-17,0,7,7,0.0,1768.9170987870712
2025-02-18,0,7,7,0.0,1720.396274814837
2025-02-19,0,7,7,0.0,1790.3125834999194
2025-02-20,0,7,7,0.0,1822.157424176849
2025-02-21,0,7,7,0.0,1805.0241489685095
2025-02-24,0,7,7,0.0,1773.54534575949
2025-02-25,0,7,7,0.0,1765.904844698212
2025-02-27,0,7,7,0.0,1711.9110573921812
2025-02-28,0,7,7,0.0,1643.3004346879918
2025-03-03,0,7,7,0.0,1638.1424187085443
2025-03-04,0,7,7,0.0,1647.7614132119381
2025-03-05,0,7,7,0.0,1672.786650109153
2025-03-06,0,7,7,0.0,1679.38195750822
2025-03-07,0,7,7,0.0,1711.8974137192229
2025-03-10,0,7,7,0.0,1655.8250449607506
2025-03-11,0,7,7,0.0,1646.4903139640764
2025-03-12,0,7,7,0.0,1607.6908509559958
2025-03-13,0,7,7,0.0,1614.758827810887
2025-03-17,0,7,7,0.0,1588.5769862264929
2025-03-18,0,7,7,0.0,1625.9090797080937
2025-03-19,0,7,7,0.0,1694.6566858401713
2025-03-20,0,7,7,0.0,1689.6799121709837
2025-03-21,0,7,7,0.0,1746.8465629574116
2025-03-24,0,7,7,0.0,1780.7981037417014
2025-03-25,0,7,7,0.0,1730.7714277933464
2025-03-26,0,7,7,0.0,1674.5844549396431
2025-03-27,0,7,7,0.0,1693.4401474438232
2025-03-28,0,7,7,0.0,1665.3751523160277
2025-04-01,0,7,7,0.0,1716.5342550465657
2025-04-02,0,7,7,0.0,1734.462035774088
2025-04-03,0,7,7,0.0,1769.13311988766
2025-04-04,0,7,7,0.0,1709.9153697346337
2025-04-07,0,7,7,0.0,1623.6598280039805
2025-04-08,1,6,7,14.285714285714285,1663.6451706153814
2025-04-09,1,6,7,14.285714285714285,1644.2927359213654
2025-04-11,1,6,7,14.285714285714285,1689.222642224733
2025-04-15,1,6,7,14.285714285714285,1761.7420071588817
2025-04-16,1,6,7,14.285714285714285,1780.2928797832437
2025-04-17,1,6,7,14.285714285714285,1791.7194405591893
2025-04-21,1,6,7,14.285714285714285,1831.0554711979926
2025-04-22,1,6,7,14.285714285714285,1856.6180657446569
2025-04-23,1,6,7,14.285714285714285,1859.331448893344
2025-04-24,1,6,7,14.285714285714285,1880.0788988672114
2025-04-25,1,6,7,14.285714285714285,1826.8349172341373
2025-04-28,1,6,7,14.285714285714285,1807.2695235744256
2025-04-29,1,6,7,14.285714285714285,1776.8531208122345
2025-04-30,1,6,7,14.285714285714285,1735.8558288346383
2025-05-02,1,6,7,14.285714285714285,1718.4005143831423
2025-05-05,1,6,7,14.285714285714285,1753.4055208708135
2025-05-06,1,6,7,14.285714285714285,1707.4174691914911
2025-05-07,1,6,7,14.285714285714285,1720.126607402008
2025-05-08,1,6,7,14.285714285714285,1691.2962457003698
2025-05-09,1,6,7,14.285714285714285,1689.1815170616578
2025-05-12,1,6,7,14.285714285714285,1793.869360775213
2025-05-13,1,6,7,14.285714285714285,1835.2477372625015
2025-05-14,1,6,7,14.285714285714285,1876.2109171945572
2025-05-15,1,6,7,14.285714285714285,1901.7413967678688
2025-05-16,1,6,7,14.285714285714285,1969.179403428127
2025-05-19,2,5,7,28.57142857142857,1970.6609686482648
2025-05-20,1,6,7,14.285714285714285,1905.0152722916866
2025-05-21,1,6,7,14.285714285714285,1913.4067594581247
2025-05-22,1,6,7,14.285714285714285,1903.3095376680517
2025-05-23,1,6,7,14.285714285714285,1942.6315636764564
2025-05-26,2,5,7,28.57142857142857,1942.5469048069729
2025-05-27,3,4,7,42.857142857142854,1981.5502458819378
2025-05-28,3,4,7,42.857142857142854,2029.9900563484491
2025-05-29,3,4,7,42.857142857142854,2055.77279060435
2025-05-30,3,4,7,42.857142857142854,2028.3133513874723
2025-06-02,3,4,7,42.857142857142854,2020.4639081820512
2025-06-03,3,4,7,42.857142857142854,2014.687083661298
2025-06-04,3,4,7,42.857142857142854,2055.5160114657197
2025-06-05,3,4,7,42.857142857142854,2072.748405274543
2025-06-06,3,4,7,42.857142857142854,2081.5819274473356
2025-06-09,3,4,7,42.857142857142854,2097.9004851925483
2025-06-10,3,4,7,42.857142857142854,2091.1080122123453
2025-06-11,4,3,7,57.14285714285714,2098.9640093672524
2025-06-12,4,3,7,57.14285714285714,2095.5138501989777
2025-06-13,4,3,7,57.14285714285714,2065.282414568957
2025-06-16,4,3,7,57.14285714285714,2127.8676397433787
2025-06-17,4,3,7,57.14285714285714,2167.3154852973607
2025-06-18,4,3,7,57.14285714285714,2135.492875981228
2025-06-19,4,3,7,57.14285714285714,2094.2823549503632
2025-06-20,4,3,7,57.14285714285714,2132.808582481597
2025-06-23,4,3,7,57.14285714285714,2117.0597815944584
2025-06-24,4,3,7,57.14285714285714,2139.3120772865213
2025-06-25,4,3,7,57.14285714285714,2158.836477247316
2025-06-26,4,3,7,57.14285714285714,2174.93689519559
2025-06-27,4,3,7,57.14285714285714,2187.3445706054626
2025-06-30,4,3,7,57.14285714285714,2201.2002395131126
2025-07-01,4,3,7,57.14285714285714,2198.8764475589755
2025-07-02,4,3,7,57.14285714285714,2202.0096548630936
2025-07-03,4,3,7,57.14285714285714,2202.4285730301763
2025-07-04,4,3,7,57.14285714285714,2204.460239008428
2025-07-07,4,3,7,57.14285714285714,2166.303500108576
2025-07-08,4,3,7,57.14285714285714,2158.3352649560657
2025-07-09,4,3,7,57.14285714285714,2149.977358780017
2025-07-10,4,3,7,57.14285714285714,2141.511892540089
2025-07-11,4,3,7,57.14285714285714,2119.6239289046885
2025-07-14,4,3,7,57.14285714285714,2130.868203441192
2025-07-15,5,2,7,71.42857142857143,2158.333431457161
2025-07-16,5,2,7,71.42857142857143,2153.1922783695136
2025-07-17,5,2,7,71.42857142857143,2153.7521615649275
2025-07-18,4,3,7,57.14285714285714,2129.7633067288893
2025-07-21,4,3,7,57.14285714285714,2127.4417185720035
2025-07-22,4,3,7,57.14285714285714,2118.251535406796
2025-07-23,4,3,7,57.14285714285714,2116.783763390938
2025-07-24,4,3,7,57.14285714285714,2092.1037736153435
2025-07-25,4,3,7,57.14285714285714,2047.6229397401835
2025-07-28,3,4,7,42.857142857142854,2028.8088792874294
2025-07-29,4,3,7,57.14285714285714,2069.484160220578
2025-07-30,3,4,7,42.857142857142854,2029.6648239132257
2025-07-31,1,6,7,14.285714285714285,1990.1170686241685
2025-08-01,1,6,7,14.285714285714285,1933.2056511803899
2025-08-04,1,6,7,14.285714285714285,1965.5682272843176
2025-08-05,1,6,7,14.285714285714285,1972.1899924057545
2025-08-06,1,6,7,14.285714285714285,1961.0838341687281
2025-08-07,2,5,7,28.57142857142857,1982.5239518197886
2025-08-08,2,5,7,28.57142857142857,1936.6835584311534
2025-08-11,1,6,7,14.285714285714285,1964.3620266172916
2025-08-12,2,5,7,28.57142857142857,1945.1082531237616
2025-08-13,1,6,7,14.285714285714285,1945.2428433813343
2025-08-14,1,6,7,14.285714285714285,1936.7943211092545
2025-08-18,1,6,7,14.285714285714285,1968.8728847460297
2025-08-19,1,6,7,14.285714285714285,1998.839720506858
2025-08-20,1,6,7,14.285714285714285,1996.1290849540355
2025-08-21,1,6,7,14.285714285714285,2013.2955011769009
2025-08-22,1,6,7,14.285714285714285,2004.1176751384924
2025-08-25,1,6,7,14.285714285714285,1993.201228791436
2025-08-26,1,6,7,14.285714285714285,1944.9812709152322
2025-08-28,1,6,7,14.285714285714285,1903.1548387297362
2025-08-29,1,6,7,14.285714285714285,1886.856657424529
2025-09-01,1,6,7,14.285714285714285,1886.3084072776555
2025-09-02,1,6,7,14.285714285714285,1906.72648819336
2025-09-03,2,5,7,28.57142857142857,1935.2902836066146
2025-09-04,2,5,7,28.57142857142857,1909.6979680329423
2025-09-05,2,5,7,28.57142857142857,1920.3473633036094
2025-09-08,2,5,7,28.57142857142857,1965.7692932813216
2025-09-09,2,5,7,28.57142857142857,1961.4376645704579
2025-09-10,2,5,7,28.57142857142857,1961.614577582723
2025-09-11,2,5,7,28.57142857142857,1959.4187613729343
2025-09-12,3,4,7,42.857142857142854,2002.0601630309059
2025-09-15,3,4,7,42.857142857142854,2042.4651134321991
2025-09-16,3,4,7,42.857142857142854,2063.9872625327985
2025-09-17,3,4,7,42.857142857142854,2059.3894630532964
2025-09-18,3,4,7,42.857142857142854,2060.611343518048
2025-09-19,3,4,7,42.857142857142854,2062.0074419136286
2025-09-22,3,4,7,42.857142857142854,2040.1605792971413
2025-09-23,3,4,7,42.857142857142854,2039.0850303579637
2025-09-24,3,4,7,42.857142857142854,2020.9511143533368
2025-09-25,3,4,7,42.857142857142854,2015.226562616614
2025-09-26,2,5,7,28.57142857142857,1965.1622415438037
2025-09-29,2,5,7,28.57142857142857,1964.2913852964052
2025-09-30,2,5,7,28.57142857142857,1940.2914313073147
2025-10-01,3,4,7,42.857142857142854,1988.0835418269726
2025-10-03,3,4,7,42.857142857142854,2022.308254741321
2025-10-06,3,4,7,42.857142857142854,2007.7668205645812
2025-10-07,3,4,7,42.857142857142854,2014.759163441526
2025-10-08,3,4,7,42.857142857142854,2025.2369511892907
2025-10-09,3,4,7,42.857142857142854,2014.540811929144
2025-10-10,3,4,7,42.857142857142854,2022.4277940844104
2025-10-13,3,4,7,42.857142857142854,2014.9301112200512
2025-10-14,3,4,7,42.857142857142854,1960.2690222622168
2025-10-15,3,4,7,42.857142857142854,1996.1938004219064
2025-10-16,3,4,7,42.857142857142854,2011.7078016800374
2025-10-17,3,4,7,42.857142857142854,1997.0163202658337
2025-10-20,3,4,7,42.857142857142854,1988.8272633992017
2025-10-21,3,4,7,42.857142857142854,2002.1724309613346
2025-10-23,3,4,7,42.857142857142854,1980.6450064279597
2025-10-24,3,4,7,42.857142857142854,1999.346863014232
2025-10-27,4,3,7,57.14285714285714,2005.891764842293
2025-10-28,4,3,7,57.14285714285714,2000.6490865231033
2025-10-29,4,3,7,57.14285714285714,2034.506694465864
2025-10-30,4,3,7,57.14285714285714,1988.3471315141087
2025-10-31,3,4,7,42.857142857142854,1963.7386156073965
2025-11-03,4,3,7,57.14285714285714,2011.8248286369314
2025-11-04,4,3,7,57.14285714285714,2007.256742675299
2025-11-06,3,4,7,42.857142857142854,1960.9513527618528
2025-11-07,3,4,7,42.857142857142854,1962.0789808163534
2025-11-10,3,4,7,42.857142857142854,1950.0742416238165
2025-11-11,3,4,7,42.857142857142854,1962.3399679875927
2025-11-12,3,4,7,42.857142857142854,1998.4267360134393
2025-11-13,4,3,7,57.14285714285714,2032.5258970784528
2025-11-14,4,3,7,57.14285714285714,2037.6077576049827
2025-11-17,5,2,7,71.42857142857143,2041.6233876218762
2025-11-18,4,3,7,57.14285714285714,2012.0020594049738
2025-11-19,4,3,7,57.14285714285714,1989.3852716102983
2025-11-20,4,3,7,57.14285714285714,1974.203404552332
2025-11-21,4,3,7,57.14285714285714,1929.953804722127
2025-11-24,4,3,7,57.14285714285714,1944.2565962276356
2025-11-25,4,3,7,57.14285714285714,1922.8584363415998
2025-11-26,4,3,7,57.14285714285714,1943.2702758713838
2025-11-27,4,3,7,57.14285714285714,1955.1245985734042
2025-11-28,4,3,7,57.14285714285714,1926.5710150011366
2025-12-01,4,3,7,57.14285714285714,1944.523370231904
2025-12-02,4,3,7,57.14285714285714,1946.069224600172
2025-12-03,4,3,7,57.14285714285714,1919.8462614031375
2025-12-04,4,3,7,57.14285714285714,1906.7140492570559
2025-12-05,3,4,7,42.857142857142854,1898.807543652777
2025-12-08,3,4,7,42.857142857142854,1839.3291137807544
2025-12-09,3,4,7,42.857142857142854,1851.1029958626477
2025-12-10,3,4,7,42.857142857142854,1832.7255802987197
2025-12-11,3,4,7,42.857142857142854,1856.9430045593347
2025-12-12,3,4,7,42.857142857142854,1874.629469509021
2025-12-15,3,4,7,42.857142857142854,1860.6092239711074
2025-12-16,3,4,7,42.857142857142854,1848.5604381425308
2025-12-17,2,5,7,28.57142857142857,1826.1315166167353
2025-12-18,1,6,7,14.285714285714285,1812.4867241959307
2025-12-19,3,4,7,42.857142857142854,1851.427161824023
2025-12-22,3,4,7,42.857142857142854,1878.900322530071
2025-12-23,3,4,7,42.857142857142854,1900.5777001446
2025-12-24,3,4,7,42.857142857142854,1895.078935194895
2025-12-26,4,3,7,57.14285714285714,1891.6520207692342
2025-12-29,4,3,7,57.14285714285714,1899.174538440319
2025-12-30,4,3,7,57.14285714285714,1887.3507338204515
2025-12-31,4,3,7,57.14285714285714,1909.4579137437772
2026-01-01,4,3,7,57.14285714285714,1929.1548654583305
2026-01-02,4,3,7,57.14285714285714,1935.9962797486003
2026-01-05,4,3,7,57.14285714285714,1913.407678702164
2026-01-06,3,4,7,42.857142857142854,1908.528575348414
2026-01-07,3,4,7,42.857142857142854,1909.2454886950654
2026-01-08,2,5,7,28.57142857142857,1867.9041548452326
2026-01-09,1,6,7,14.285714285714285,1821.9840530437984
2026-01-12,1,6,7,14.285714285714285,1781.0877989226356
2026-01-13,2,5,7,28.57142857142857,1776.6466718433428
2026-01-14,1,6,7,14.285714285714285,1792.7846129529871
2026-01-16,1,6,7,14.285714285714285,1795.9245321343544
2026-01-19,1,6,7,14.285714285714285,1759.023855682104
2026-01-20,1,6,7,14.285714285714285,1695.9238981591411
2026-01-21,1,6,7,14.285714285714285,1689.9677061092834
2026-01-22,1,6,7,14.285714285714285,1708.0830873563655
2026-01-23,1,6,7,14.285714285714285,1648.5296828138378
2026-01-27,1,6,7,14.285714285714285,1640.0034163189086
2026-01-28,2,5,7,28.57142857142857,1764.5330027504422
2026-01-29,1,6,7,14.285714285714285,1758.3432399123883
2026-01-30,2,5,7,28.57142857142857,1803.0250643749682
2026-02-01,2,5,7,28.57142857142857,1764.1690406757623
2026-02-02,2,5,7,28.57142857142857,1765.6463979419666
2026-02-03,2,5,7,28.57142857142857,1827.2673458345398
2026-02-04,2,5,7,28.57142857142857,1851.2855463240594
2026-02-05,2,5,7,28.57142857142857,1870.4585266849233
2026-02-06,2,5,7,28.57142857142857,1852.2672166136101
2026-02-09,2,5,7,28.57142857142857,1891.7637271347396
2026-02-10,2,5,7,28.57142857142857,1930.8030183053675
2026-02-11,2,5,7,28.57142857142857,1885.954413806071
2026-02-12,2,5,7,28.57142857142857,1903.5756468911839
2026-02-13,2,5,7,28.57142857142857,1877.508222587436
2026-02-16,2,5,7,28.57142857142857,1864.2261544183846
2026-02-17,2,5,7,28.57142857142857,1899.6765474605609
2026-02-18,2,5,7,28.57142857142857,1904.9463552898735
2026-02-19,2,5,7,28.57142857142857,1876.2411848530633
2026-02-20,2,5,7,28.57142857142857,1875.2236697081185
2026-02-23,2,5,7,28.57142857142857,1877.2059217680192
2026-02-24,2,5,7,28.57142857142857,1851.3938670197647
2026-02-25,2,5,7,28.57142857142857,1840.7225521249102
2026-02-26,2,5,7,28.57142857142857,1876.838567059799
2026-02-27,2,5,7,28.57142857142857,1908.1638436169162
2026-03-02,2,5,7,28.57142857142857,1919.944938547081
2026-03-04,2,5,7,28.57142857142857,1886.9047671688395
2026-03-05,2,5,7,28.57142857142857,1919.8617978040616
2026-03-06,2,5,7,28.57142857142857,1925.3372499848933
2026-03-09,2,5,7,28.57142857142857,1861.943010568815
2026-03-10,2,5,7,28.57142857142857,1948.4592091391949
2026-03-11,2,5,7,28.57142857142857,1977.3648014641233
2026-03-12,3,4,7,42.857142857142854,1998.1944567228898
2026-03-13,2,5,7,28.57142857142857,1901.5581348323155
2026-03-16,2,5,7,28.57142857142857,1933.1533498780464
2026-03-17,2,5,7,28.57142857142857,1932.9612579825912
2026-03-18,2,5,7,28.57142857142857,1977.5822581417917
2026-03-19,2,5,7,28.57142857142857,1922.1204196809476
2026-03-20,2,5,7,28.57142857142857,1931.4807755911495
2026-03-23,2,5,7,28.57142857142857,1809.0657771815359
2026-03-24,2,5,7,28.57142857142857,1865.073853338147
2026-03-25,2,5,7,28.57142857142857,1905.8188400404965
2026-03-27,2,5,7,28.57142857142857,1856.7439040280317
2026-03-30,2,5,7,28.57142857142857,1779.6913467391214
2026-04-01,2,5,7,28.57142857142857,1892.975934118574
2026-04-02,2,5,7,28.57142857142857,1887.1835277493637
2026-04-06,3,4,7,42.857142857142854,1915.566501970401
2026-04-07,2,5,7,28.57142857142857,1916.8853221496124
2026-04-08,3,4,7,42.857142857142854,2005.0475381219794
2026-04-09,3,4,7,42.857142857142854,2082.6451897452193
2026-04-10,3,4,7,42.857142857142854,2119.7301627219845
2026-04-13,3,4,7,42.857142857142854,2146.5770743626936
2026-04-15,3,4,7,42.857142857142854,2262.4286747798606
2026-04-16,3,4,7,42.857142857142854,2252.5319389449983
2026-04-17,3,4,7,42.857142857142854,2277.227667462517
2026-04-20,3,4,7,42.857142857142854,2246.070394470258
2026-04-21,3,4,7,42.857142857142854,2273.8019211038636
2026-04-22,4,3,7,57.14285714285714,2309.7321955999164
2026-04-23,4,3,7,57.14285714285714,2259.582074536385
2026-04-24,3,4,7,42.857142857142854,2234.7977452429673
2026-04-27,3,4,7,42.857142857142854,2301.3944668238205
2026-04-28,4,3,7,57.14285714285714,2333.2283524302566
2026-04-29,4,3,7,57.14285714285714,2334.8557064284323
2026-04-30,4,3,7,57.14285714285714,2364.937266937007
2026-05-04,4,3,7,57.14285714285714,2446.045419971092
2026-05-05,5,2,7,71.42857142857143,2489.156096276454
2026-05-06,6,1,7,85.71428571428571,2581.55790255663
2026-05-07,7,0,7,100.0,2717.4726278539842
2026-05-08,7,0,7,100.0,2727.4169592100825
2026-05-11,4,3,7,57.14285714285714,2724.698908721079
2026-05-12,4,3,7,57.14285714285714,2637.7036058850413
2026-05-13,4,3,7,57.14285714285714,2696.882110378152
2026-05-14,4,3,7,57.14285714285714,2708.98626938455
2026-05-15,4,3,7,57.14285714285714,2671.3342934168627
2026-05-18,4,3,7,57.14285714285714,2642.623762204615
2026-05-19,4,3,7,57.14285714285714,2652.462470519058
2026-05-20,4,3,7,57.14285714285714,2660.975423096249
2026-05-21,4,3,7,57.14285714285714,2686.81537823969
2026-05-22,4,3,7,57.14285714285714,2716.6819834182616
2026-05-25,4,3,7,57.14285714285714,2843.793433731393
2026-05-26,6,1,7,85.71428571428571,2941.6074421628005
2026-05-27,6,1,7,85.71428571428571,3017.0988410966334
2026-05-29,6,1,7,85.71428571428571,3085.9207652265623
2026-06-01,5,2,7,71.42857142857143,3089.7853878125943
2026-06-02,5,2,7,71.42857142857143,3132.4534806517195
2026-06-03,5,2,7,71.42857142857143,3224.420464554472
2026-06-04,6,1,7,85.71428571428571,3264.2109476019973
2026-06-05,6,1,7,85.71428571428571,3159.2098310004712
2026-06-08,5,2,7,71.42857142857143,3041.6497681573733
2026-06-09,6,1,7,85.71428571428571,3121.8032917864866
2026-06-10,5,2,7,71.42857142857143,3040.9072291302214
2026-06-11,5,2,7,71.42857142857143,2997.962010559394
2026-06-12,6,1,7,85.71428571428571,3117.9195401322236
2026-06-15,6,1,7,85.71428571428571,3180.4396686455543
2026-06-16,6,1,7,85.71428571428571,3209.912241408882
2026-06-17,6,1,7,85.71428571428571,3242.4676763459183
2026-06-18,6,1,7,85.71428571428571,3288.128007197665
2026-06-19,6,1,7,85.71428571428571,3377.5882079682615
2026-06-22,6,1,7,85.71428571428571,3351.2237128993356
2026-06-23,5,2,7,71.42857142857143,3252.949406649825
2026-06-24,5,2,7,71.42857142857143,3237.1317855302123
2026-06-25,5,2,7,71.42857142857143,3260.1378462879916
2026-06-29,4,3,7,57.14285714285714,3209.515906556522
2026-06-30,4,3,7,57.14285714285714,3217.523905599919
2026-07-01,5,2,7,71.42857142857143,3214.016266874094
2026-07-02,5,2,7,71.42857142857143,3156.641893354197
2026-07-03,4,3,7,57.14285714285714,3170.3696616204174
2026-07-06,4,3,7,57.14285714285714,3165.4648648212724
2026-07-07,4,3,7,57.14285714285714,3108.000940529159
2026-07-08,4,3,7,57.14285714285714,3020.808910537194
2026-07-09,4,3,7,57.14285714285714,3083.9456607926154
2026-07-10,4,3,7,57.14285714285714,3123.567045193858
2026-07-13,4,3,7,57.14285714285714,3089.6213561166055
2026-07-14,4,3,7,57.14285714285714,3060.7723132823553
2026-07-15,4,3,7,57.14285714285714,3086.966843119118
2026-07-16,4,3,7,57.14285714285714,3075.3362859689446
2026-07-17,4,3,7,57.14285714285714,3011.1071729855707
2026-07-20,4,3,7,57.14285714285714,2977.2808220573884
2026-07-21,4,3,7,57.14285714285714,3054.7710148315086
2026-07-22,4,3,7,57.14285714285714,3027.0712540949776
2026-07-23,4,3,7,57.14285714285714,2960.4846812154383
2026-07-24,4,3,7,57.14285714285714,2954.5757425293177
2026-07-27,4,3,7,57.14285714285714,2959.388221404066
2026-07-28,4,3,7,57.14285714285714,2893.380115478958
2026-07-29,4,3,7,57.14285714285714,2942.7670107280205
2026-07-30,4,3,7,57.14285714285714,2939.171923071795
2026-07-31,4,3,7,57.14285714285714,2982.634406328979
2026-08-03,4,3,7,57.14285714285714,3138.091447174555
2026-08-04,4,3,7,57.14285714285714,3148.4794209879815
2026-08-05,4,3,7,57.14285714285714,3183.666102275006
2026-08-06,4,3,7,57.14285714285714,3154.6422616943046
2026-08-07,4,3,7,57.14285714285714,3143.227834935028
2026-08-10,4,3,7,57.14285714285714,3204.1089934462625
2026-08-11,4,3,7,57.14285714285714,3198.2468403364205
2026-08-12,4,3,7,57.14285714285714,3271.884582780127
2026-08-13,4,3,7,57.14285714285714,3277.951714401301
2026-08-14,4,3,7,57.14285714285714,3235.9448299499213
2026-08-17,4,3,7,57.14285714285714,3219.6079109172438
2026-08-18,4,3,7,57.14285714285714,3232.268363852738
2026-08-19,4,3,7,57.14285714285714,3206.3026171318675
2026-08-20,4,3,7,57.14285714285714,3184.762753444329
2026-08-21,4,3,7,57.14285714285714,3220.484583914074
2026-08-24,4,3,7,57.14285714285714,3240.593625930591
2026-08-25,4,3,7,57.14285714285714,3241.572177212806
2026-08-26,4,3,7,57.14285714285714,3238.5418819691618
2026-08-27,4,3,7,57.14285714285714,3306.7240549012295
2026-08-28,4,3,7,57.14285714285714,3383.1157750647535
2026-08-31,4,3,7,57.14285714285714,3378.778940412682
2026-09-01,4,3,7,57.14285714285714,3306.169700941333
2026-09-02,4,3,7,57.14285714285714,3327.74154144468
2026-09-03,4,3,7,57.14285714285714,3325.7868900562507
2026-09-04,4,3,7,57.14285714285714,3421.55579347958
