Date,Above,Below,Total,Percentage,Index_Close
2014-08-07,1,0,1,100.0,173.22102512681812
2014-08-08,1,0,1,100.0,169.76817664323568
2014-08-11,1,0,1,100.0,179.1562109406283
2014-08-12,1,0,1,100.0,178.0923489762313
2014-08-13,1,0,1,100.0,179.71613084606764
2014-08-14,1,0,1,100.0,181.71317451945035
2014-08-18,1,0,1,100.0,183.9901835855767
2014-08-19,1,0,1,100.0,185.37134038708632
2014-08-20,1,0,1,100.0,185.89393084815663
2014-08-21,1,0,1,100.0,185.6699541819426
2014-08-22,1,0,1,100.0,188.30159840959845
2014-08-25,1,0,1,100.0,185.76328323288905
2014-08-26,1,0,1,100.0,183.11296884302476
2014-08-27,1,0,1,100.0,180.0707333674535
2014-08-28,1,0,1,100.0,178.7642572147777
2014-09-01,1,0,1,100.0,182.5530598176333
2014-09-02,1,0,1,100.0,184.1581715252612
2014-09-03,1,0,1,100.0,185.63261385752568
2014-09-04,1,0,1,100.0,191.97840179929918
2014-09-05,1,0,1,100.0,190.26131263861217
2014-09-08,1,0,1,100.0,193.22891098554123
2014-09-09,1,0,1,100.0,189.160142989942
2014-09-10,1,0,1,100.0,189.160142989942
2014-09-11,1,0,1,100.0,187.57367968442676
2014-09-12,1,0,1,100.0,186.1365559164834
2014-09-15,1,0,1,100.0,185.53930656667507
2014-09-16,1,0,1,100.0,184.27014897832038
2014-09-17,1,0,1,100.0,184.69941038844425
2014-09-18,1,0,1,100.0,190.14933518555313
2014-09-19,1,0,1,100.0,184.69941038844425
2014-09-22,1,0,1,100.0,185.6326138575258
2014-09-23,1,0,1,100.0,181.11593604969005
2014-09-24,1,0,1,100.0,180.3133693158282
2014-09-25,1,0,1,100.0,175.92731736316424
2014-09-26,1,0,1,100.0,176.8045321057162
2014-09-29,1,0,1,100.0,178.05501953186246
2014-09-30,1,0,1,100.0,175.703362457046
2014-10-01,1,0,1,100.0,173.20236584465772
2014-10-07,1,0,1,100.0,168.81631389199373
2014-10-08,1,0,1,100.0,172.30650269999313
2014-10-09,1,0,1,100.0,174.04225114284066
2014-10-10,1,0,1,100.0,172.00786714504105
2014-10-13,1,0,1,100.0,172.11985547814808
2014-10-14,1,0,1,100.0,169.0962792847374
2014-10-16,1,0,1,100.0,165.99805508263657
2014-10-17,1,0,1,100.0,164.59824987901428
2014-10-20,1,0,1,100.0,168.08841692691783
2014-10-21,1,0,1,100.0,172.4371503152607
2014-10-22,1,0,1,100.0,177.15915638719787
2014-10-23,1,0,1,100.0,176.91652043882326
2014-10-27,1,0,1,100.0,173.10904767375916
2014-10-28,1,0,1,100.0,172.885081887593
2014-10-29,1,0,1,100.0,174.75148882575607
2014-10-30,1,0,1,100.0,175.70336245704604
2014-10-31,1,0,1,100.0,180.76131176820846
2014-11-03,1,0,1,100.0,181.5265272976055
2014-11-05,1,0,1,100.0,178.52162126640326
2014-11-07,1,0,1,100.0,177.45777018205416
2014-11-10,1,0,1,100.0,174.91946588539267
2014-11-11,1,0,1,100.0,181.2092542205887
2014-11-12,1,0,1,100.0,178.76425721477787
2014-11-13,1,0,1,100.0,179.6974606838594
2014-11-14,1,0,1,100.0,182.90768409911516
2014-11-17,1,0,1,100.0,184.8860684903373
2014-11-18,1,0,1,100.0,185.3526702248781
2014-11-19,1,0,1,100.0,180.10807369187063
2014-11-20,1,0,1,100.0,179.00688228310463
2014-11-21,1,0,1,100.0,178.63360959951032
2014-11-24,1,0,1,100.0,180.05207408529316
2014-11-25,1,0,1,100.0,173.10904767375922
2014-11-26,1,0,1,100.0,169.3575853953205
2014-11-27,1,0,1,100.0,170.53341393272873
2014-11-28,1,0,1,100.0,171.31731050438214
2014-12-01,1,0,1,100.0,168.62967755019667
2014-12-02,1,0,1,100.0,169.56288101927822
2014-12-03,1,0,1,100.0,173.4076723486634
2014-12-04,1,0,1,100.0,171.57859485486938
2014-12-05,1,0,1,100.0,170.3467775909316
2014-12-08,1,0,1,100.0,169.07762000257688
2014-12-09,1,0,1,100.0,165.19548834877477
2014-12-10,1,0,1,100.0,166.85658878293222
2014-12-11,1,0,1,100.0,164.8595342295016
2014-12-12,1,0,1,100.0,165.83006714295212
2014-12-15,1,0,1,100.0,165.9233961938986
2014-12-16,1,0,1,100.0,164.44893210153833
2014-12-17,0,1,1,0.0,163.4784100681357
2014-12-18,1,0,1,100.0,166.37133864627882
2014-12-19,1,0,1,100.0,168.7976546098333
2014-12-22,1,0,1,100.0,170.02948275381897
2014-12-23,0,1,1,0.0,165.28880651967336
2014-12-24,0,1,1,0.0,164.84087494734106
2014-12-26,1,0,1,100.0,169.05894984036846
2014-12-29,1,0,1,100.0,171.0373451116385
2014-12-30,1,0,1,100.0,179.2121996671581
2014-12-31,1,0,1,100.0,181.52652729760553
2015-01-01,1,0,1,100.0,182.9076840991152
2015-01-02,1,0,1,100.0,183.80354724377978
2015-01-05,1,0,1,100.0,186.84578271935104
2015-01-06,1,0,1,100.0,185.4273291136161
2015-01-07,1,0,1,100.0,183.78489884166714
2015-01-08,1,0,1,100.0,191.02652816800943
2015-01-09,1,0,1,100.0,189.1228026655253
2015-01-12,1,0,1,100.0,192.0717090901501
2015-01-13,1,0,1,100.0,185.4086589514077
2015-01-14,1,0,1,100.0,183.41160439797707
2015-01-15,1,0,1,100.0,186.97643033461864
2015-01-16,1,0,1,100.0,186.7524754285004
2015-01-19,1,0,1,100.0,188.9921550502577
2015-01-20,1,0,1,100.0,189.06681393899572
2015-01-21,1,0,1,100.0,188.93616632372814
2015-01-22,1,0,1,100.0,193.58349174683144
2015-01-23,1,0,1,100.0,210.47446148114943
2015-01-27,1,0,1,100.0,209.52260960995525
2015-01-28,1,0,1,100.0,207.99215679106538
2015-01-29,1,0,1,100.0,217.77212305421284
2015-01-30,1,0,1,100.0,234.15915072957313
2015-02-02,1,0,1,100.0,244.42436712937402
2015-02-03,1,0,1,100.0,239.4970545534313
2015-02-04,1,0,1,100.0,241.99805116581962
2015-02-05,1,0,1,100.0,232.49805029541574
2015-02-06,1,0,1,100.0,234.17779913168584
2015-02-09,1,0,1,100.0,227.4027715398843
2015-02-10,1,0,1,100.0,237.01474986334725
2015-02-11,1,0,1,100.0,246.92536374176228
2015-02-12,1,0,1,100.0,255.45482081866768
2015-02-13,1,0,1,100.0,250.80749539556436
2015-02-16,1,0,1,100.0,247.48529452724947
2015-02-18,1,0,1,100.0,248.51180528718166
2015-02-19,1,0,1,100.0,258.4037490033882
2015-02-20,1,0,1,100.0,256.59335255185056
2015-02-23,1,0,1,100.0,253.77505022230173
2015-02-24,1,0,1,100.0,265.8507065938319
2015-02-25,1,0,1,100.0,259.76623564268937
2015-02-26,1,0,1,100.0,256.8359776201773
2015-02-27,1,0,1,100.0,265.53340087667135
2015-02-28,1,0,1,100.0,260.3634849924977
2015-03-02,1,0,1,100.0,264.9921620134883
2015-03-03,1,0,1,100.0,269.4342026926819
2015-03-04,1,0,1,100.0,262.9017784091113
2015-03-05,1,0,1,100.0,261.09138195757356
2015-03-09,1,0,1,100.0,248.51180528718157
2015-03-10,1,0,1,100.0,242.05403989234898
2015-03-11,1,0,1,100.0,242.14736894329545
2015-03-12,1,0,1,100.0,244.76034300874286
2015-03-13,1,0,1,100.0,236.6974441461866
2015-03-16,1,0,1,100.0,238.89982696371862
2015-03-17,1,0,1,100.0,240.7102234152563
2015-03-18,1,0,1,100.0,240.4302580225127
2015-03-19,1,0,1,100.0,230.96759747652578
2015-03-20,1,0,1,100.0,227.64539660821092
2015-03-23,1,0,1,100.0,222.56878801488793
2015-03-24,1,0,1,100.0,220.77703996546293
2015-03-25,1,0,1,100.0,227.25345376240816
2015-03-26,1,0,1,100.0,224.52850224390158
2015-03-27,1,0,1,100.0,222.1954935711978
2015-03-30,1,0,1,100.0,230.96759747652573
2015-03-31,1,0,1,100.0,229.69843988817104
2015-04-01,1,0,1,100.0,228.59727023950086
2015-04-06,1,0,1,100.0,234.79374040379827
2015-04-07,1,0,1,100.0,239.25445124520022
2015-04-08,1,0,1,100.0,240.71022341525622
2015-04-09,1,0,1,100.0,238.89982696371854
2015-04-10,1,0,1,100.0,238.17190823854682
2015-04-13,1,0,1,100.0,247.03734119482124
2015-04-15,1,0,1,100.0,240.9155516793576
2015-04-16,1,0,1,100.0,239.17979235646217
2015-04-17,1,0,1,100.0,239.83303043280006
2015-04-20,1,0,1,100.0,239.55306504005645
2015-04-21,1,0,1,100.0,243.08057241237694
2015-04-22,1,0,1,100.0,246.44009184501292
2015-04-23,1,0,1,100.0,251.10610919042048
2015-04-24,1,0,1,100.0,246.4587620072214
2015-04-27,1,0,1,100.0,244.12575333451758
2015-04-28,1,0,1,100.0,244.10710493240492
2015-04-29,1,0,1,100.0,252.89785723984554
2015-04-30,1,0,1,100.0,251.66603997590772
2015-05-04,1,0,1,100.0,264.133595673049
2015-05-05,1,0,1,100.0,267.06387545565696
2015-05-06,1,0,1,100.0,253.32714041006517
2015-05-07,1,0,1,100.0,242.50199322477707
2015-05-08,1,0,1,100.0,255.38018369002535
2015-05-11,1,0,1,100.0,263.96565125355613
2015-05-12,1,0,1,100.0,251.46073347190216
2015-05-13,1,0,1,100.0,269.58352047015796
2015-05-14,1,0,1,100.0,275.2760485754977
2015-05-15,1,0,1,100.0,275.7426503100385
2015-05-18,1,0,1,100.0,289.05010218541065
2015-05-19,1,0,1,100.0,287.44501223787864
2015-05-20,1,0,1,100.0,291.32714389168075
2015-05-21,1,0,1,100.0,291.32714389168075
2015-05-22,1,0,1,100.0,296.66504771553883
2015-05-25,1,0,1,100.0,293.5108130268127
2015-05-26,1,0,1,100.0,296.19844598099814
2015-05-27,1,0,1,100.0,295.0786061701195
2015-05-28,1,0,1,100.0,274.17487892682766
2015-05-29,1,0,1,100.0,263.64834553639577
2015-06-01,1,0,1,100.0,236.3055230604798
2015-06-02,1,0,1,100.0,237.7799871528401
2015-06-03,0,1,1,0.0,45.519541871646894
2015-06-04,0,1,1,0.0,48.33988965020224
2015-06-05,0,1,1,0.0,47.80070167604975
2015-06-08,0,1,1,0.0,41.371975129081
2015-06-09,0,1,1,0.0,41.57935428221289
2015-06-10,0,1,1,0.0,41.72451860140042
2015-06-11,0,1,1,0.0,40.60467607050978
2015-06-12,0,1,1,0.0,38.966385656789434
2015-06-15,0,1,1,0.0,41.66230376745606
2015-06-16,0,1,1,0.0,40.148445741636394
2015-06-17,0,1,1,0.0,41.16459869596108
2015-06-18,0,1,1,0.0,41.33050038645941
2015-06-19,0,1,1,0.0,40.18992048425798
2015-06-22,0,1,1,0.0,40.58393869919898
2015-06-23,0,1,1,0.0,41.62082902483447
2015-06-24,0,1,1,0.0,40.29361006082392
2015-06-25,0,1,1,0.0,39.19450218123211
2015-06-26,0,1,1,0.0,39.13229006729973
2015-06-29,0,1,1,0.0,37.888020588532356
2015-06-30,0,1,1,0.0,37.68064143540047
2015-07-01,0,1,1,0.0,38.01244753640909
2015-07-02,0,1,1,0.0,37.86728321722156
2015-07-03,0,1,1,0.0,37.74285626934483
2015-07-06,0,1,1,0.0,37.63916669277888
2015-07-07,0,1,1,0.0,38.1783519469194
2015-07-08,0,1,1,0.0,37.09998143863837
2015-07-09,0,1,1,0.0,36.892602285506484
2015-07-10,0,1,1,0.0,37.16219627258273
2015-07-13,0,1,1,0.0,37.5976919501573
2015-07-14,0,1,1,0.0,37.07924406732758
2015-07-15,0,1,1,0.0,36.95481711945084
2015-07-16,0,1,1,0.0,36.91334237682925
2015-07-17,0,1,1,0.0,36.747437966318955
2015-07-20,0,1,1,0.0,36.477846699254684
2015-07-21,0,1,1,0.0,35.12988764392137
2015-07-22,0,1,1,0.0,35.192099757853754
2015-07-23,0,1,1,0.0,35.06767552998899
2015-07-24,0,1,1,0.0,35.399478910985636
2015-07-27,0,1,1,0.0,33.61602689808973
2015-07-28,0,1,1,0.0,33.32569553970269
2015-07-29,0,1,1,0.0,33.90635553646479
2015-07-30,0,1,1,0.0,36.76817805764172
2015-07-31,0,1,1,0.0,36.72603963209781
2015-08-03,0,1,1,0.0,35.73572135152835
2015-08-04,0,1,1,0.0,39.80234325767793
2015-08-05,0,1,1,0.0,41.67762831493311
2015-08-06,0,1,1,0.0,40.097333996581156
2015-08-07,0,1,1,0.0,38.0534870771144
2015-08-10,0,1,1,0.0,38.45382659988938
2015-08-11,0,1,1,0.0,38.95952034656009
2015-08-12,0,1,1,0.0,37.189592233212615
2015-08-13,0,1,1,0.0,36.24141509819905
2015-08-14,0,1,1,0.0,37.358156815436175
2015-08-17,0,1,1,0.0,37.31601566988029
2015-08-18,0,1,1,0.0,36.409979680422616
2015-08-19,0,1,1,0.0,36.15713280708726
2015-08-20,0,1,1,0.0,35.06146030262208
2015-08-21,0,1,1,0.0,34.59790770150727
2015-08-24,0,1,1,0.0,30.067730474230892
2015-08-25,0,1,1,0.0,30.573426940913574
2015-08-26,0,1,1,0.0,30.34164928035018
2015-08-27,0,1,1,0.0,33.62866135372175
2015-08-28,0,1,1,0.0,32.49084770370068
2015-08-31,0,1,1,0.0,31.669096725366767
2015-09-01,0,1,1,0.0,30.341649280350175
2015-09-02,0,1,1,0.0,30.025589328674997
2015-09-03,0,1,1,0.0,30.763060735909097
2015-09-04,0,1,1,0.0,29.24597949589698
2015-09-07,0,1,1,0.0,28.36101543922324
2015-09-08,0,1,1,0.0,28.82456804033806
2015-09-09,0,1,1,0.0,29.688460164227866
2015-09-10,0,1,1,0.0,29.288120641452874
2015-09-11,0,1,1,0.0,29.24597949589698
2015-09-14,0,1,1,0.0,32.49084770370067
2015-09-15,0,1,1,0.0,30.952694530904623
2015-09-16,0,1,1,0.0,31.458390997587305
2015-09-18,0,1,1,0.0,32.84904880093175
2015-09-21,0,1,1,0.0,34.197568178732276
2015-09-22,0,1,1,0.0,33.03868531593925
2015-09-23,0,1,1,0.0,33.71294364483352
2015-09-24,0,1,1,0.0,33.83936980151317
2015-09-28,0,1,1,0.0,33.86043629427316
2015-09-29,0,1,1,0.0,33.31260412205854
2015-09-30,0,1,1,0.0,34.07114202205262
2015-10-01,0,1,1,0.0,33.94472130539692
2015-10-05,0,1,1,0.0,34.66112077984708
2015-10-06,0,1,1,0.0,35.461802545409036
2015-10-07,0,1,1,0.0,35.75679056430029
2015-10-08,0,1,1,0.0,35.46180254540904
2015-10-09,0,1,1,0.0,35.37752025429726
2015-10-12,0,1,1,0.0,36.28355624375494
2015-10-13,0,1,1,0.0,35.84107557542406
2015-10-14,0,1,1,0.0,35.73572135152834
2015-10-15,0,1,1,0.0,40.77159232547542
2015-10-16,0,1,1,0.0,40.497673519356134
2015-10-19,0,1,1,0.0,39.50735523878667
2015-10-20,0,1,1,0.0,40.45553237380023
2015-10-21,0,1,1,0.0,39.48628330600274
2015-10-23,0,1,1,0.0,39.63378139546632
2015-10-26,0,1,1,0.0,38.622391182112935
2015-10-27,0,1,1,0.0,38.68560426045276
2015-10-28,0,1,1,0.0,38.39061352154954
2015-10-29,0,1,1,0.0,38.41168545433347
2015-10-30,0,1,1,0.0,38.938451133788114
2015-11-02,0,1,1,0.0,37.25280259154045
2015-11-03,0,1,1,0.0,37.25280259154045
2015-11-04,0,1,1,0.0,35.90428321373992
2015-11-05,0,1,1,0.0,34.36613276095585
2015-11-06,0,1,1,0.0,33.312604122058545
2015-11-09,0,1,1,0.0,33.48116598427014
2015-11-10,0,1,2,0.0,32.153721259265524
2015-11-11,0,1,2,0.0,33.27248524470849
2015-11-13,0,1,2,0.0,34.26645241736518
2015-11-16,0,1,2,0.0,34.38262716784224
2015-11-17,0,1,2,0.0,35.896235495067224
2015-11-18,0,1,2,0.0,35.55504150305831
2015-11-19,0,1,2,0.0,37.223731068571716
2015-11-20,0,1,2,0.0,36.65857645302395
2015-11-23,0,1,2,0.0,35.9338343715638
2015-11-24,0,1,2,0.0,36.75032861198555
2015-11-26,0,1,2,0.0,37.415880692433475
2015-11-27,0,1,2,0.0,37.37615238227371
2015-11-30,0,1,2,0.0,37.75212093987421
2015-12-01,0,1,2,0.0,37.25357318699854
2015-12-02,0,1,2,0.0,37.766338739627095
2015-12-03,0,1,2,0.0,37.4827139697106
2015-12-04,0,1,2,0.0,36.45910397924534
2015-12-07,0,1,2,0.0,35.9348622361848
2015-12-08,0,1,2,0.0,34.78883626790187
2015-12-09,0,1,2,0.0,34.48071451448637
2015-12-10,0,1,2,0.0,34.295455076692335
2015-12-11,0,1,2,0.0,34.30737908879567
2015-12-14,0,1,2,0.0,35.78750428230175
2015-12-15,0,1,2,0.0,38.13462070796749
2015-12-16,0,1,2,0.0,38.032764523313226
2015-12-17,0,1,2,0.0,38.59102763625115
2015-12-18,0,1,2,0.0,37.76699742815475
2015-12-21,0,1,2,0.0,37.13631692689582
2015-12-22,0,1,2,0.0,38.522192773787324
2015-12-23,0,1,2,0.0,39.073572797933494
2015-12-24,0,1,2,0.0,39.21717073558276
2015-12-28,0,1,2,0.0,39.65911484462941
2015-12-29,0,1,2,0.0,39.484037688350945
2015-12-30,0,1,2,0.0,39.50295442051233
2015-12-31,0,1,2,0.0,40.19237411041148
2016-01-01,0,1,2,0.0,43.57330393374438
2016-01-04,0,1,2,0.0,41.04502907112986
2016-01-05,0,1,2,0.0,41.74029805246912
2016-01-06,0,1,2,0.0,40.89441767901929
2016-01-07,0,1,2,0.0,39.65163214341075
2016-01-08,0,1,2,0.0,40.503217087241914
2016-01-11,0,1,2,0.0,40.04763028126951
2016-01-12,0,1,2,0.0,39.87289685230975
2016-01-13,0,1,2,0.0,39.536924312484274
2016-01-14,0,1,2,0.0,38.327852634511096
2016-01-15,0,1,2,0.0,37.11106891551372
2016-01-18,0,1,2,0.0,35.33743330978991
2016-01-19,0,1,2,0.0,37.11240787192907
2016-01-20,0,1,2,0.0,36.09389864903193
2016-01-21,0,1,2,0.0,36.23994146888514
2016-01-22,0,1,2,0.0,33.84795143710807
2016-01-25,0,1,2,0.0,32.78170908646147
2016-01-27,0,1,2,0.0,33.201062378239165
2016-01-28,0,1,2,0.0,32.3474725761779
2016-01-29,0,1,2,0.0,32.014101506506776
2016-02-01,0,1,2,0.0,32.52214164735981
2016-02-02,0,1,2,0.0,31.293797809475617
2016-02-03,0,1,2,0.0,31.14153454721867
2016-02-04,0,1,2,0.0,30.600686589730326
2016-02-05,0,1,2,0.0,31.508099844165354
2016-02-08,0,1,2,0.0,31.655693447635425
2016-02-09,0,1,2,0.0,30.855820553055974
2016-02-10,0,1,2,0.0,29.983800623408396
2016-02-11,0,1,2,0.0,28.056023588760826
2016-02-12,0,1,2,0.0,28.460123560238383
2016-02-15,0,1,2,0.0,29.79918185474505
2016-02-16,0,1,2,0.0,29.306753208599172
2016-02-17,0,1,2,0.0,29.288454952156833
2016-02-18,0,1,2,0.0,29.346981231054325
2016-02-19,0,1,2,0.0,29.292506811159463
2016-02-22,0,1,2,0.0,28.76956980030178
2016-02-23,0,1,2,0.0,28.273502402660423
2016-02-24,0,1,2,0.0,28.292004337427695
2016-02-25,0,1,2,0.0,27.780050581495857
2016-02-26,0,1,2,0.0,28.590211390771536
2016-02-29,0,1,2,0.0,27.81560777045903
2016-03-01,0,1,2,0.0,28.519363846400857
2016-03-02,0,1,2,0.0,29.67913408868192
2016-03-03,0,1,2,0.0,29.38390230657276
2016-03-04,0,1,2,0.0,29.9124080578337
2016-03-08,0,1,2,0.0,29.884809886526497
2016-03-09,0,1,2,0.0,29.621168731324275
2016-03-10,0,1,2,0.0,29.241444035664554
2016-03-11,0,1,2,0.0,29.54944412909384
2016-03-14,0,1,2,0.0,29.330874465279887
2016-03-15,0,1,2,0.0,29.437536901127448
2016-03-16,0,1,2,0.0,29.359229094806132
2016-03-17,0,1,2,0.0,29.729283689952574
2016-03-18,0,1,2,0.0,30.10638127244465
2016-03-21,0,1,2,0.0,30.788098806829417
2016-03-22,0,1,2,0.0,30.759711177705267
2016-03-23,0,1,2,0.0,32.36584511477588
2016-03-28,0,1,2,0.0,31.407040693883438
2016-03-29,0,1,2,0.0,31.398915388166127
2016-03-30,0,1,2,0.0,32.545621810551054
2016-03-31,0,1,2,0.0,32.51231994028239
2016-04-01,0,1,2,0.0,33.67704856052816
2016-04-04,1,0,2,100.0,35.74589930678871
2016-04-05,0,1,2,0.0,34.510675637571026
2016-04-06,0,1,2,0.0,35.11032609958994
2016-04-07,0,1,2,0.0,35.13060855339155
2016-04-08,0,1,2,0.0,35.05212026028372
2016-04-11,1,0,2,100.0,35.99835144933942
2016-04-12,1,0,2,100.0,36.16447451995199
2016-04-13,1,0,2,100.0,36.96786348728852
2016-04-18,1,0,2,100.0,37.9247051309275
2016-04-20,1,0,2,100.0,37.593103973508185
2016-04-21,1,0,2,100.0,37.03423071167536
2016-04-22,1,0,2,100.0,36.785686054242994
2016-04-25,1,0,2,100.0,37.21387993692583
2016-04-26,1,0,2,100.0,37.80328049251297
2016-04-27,1,0,2,100.0,38.464622072878676
2016-04-28,1,0,2,100.0,38.33586282838296
2016-04-29,1,0,2,100.0,39.20446519697812
2016-05-02,1,0,2,100.0,38.36083231123444
2016-05-03,1,0,2,100.0,38.74161321344132
2016-05-04,1,0,2,100.0,37.37308093652584
2016-05-05,0,1,2,0.0,37.489254852582015
2016-05-06,0,1,2,0.0,36.94307855238466
2016-05-09,0,1,2,0.0,37.13300446415866
2016-05-10,0,1,2,0.0,36.58201110889521
2016-05-11,0,1,2,0.0,36.10219270015589
2016-05-12,0,1,2,0.0,36.17429690180279
2016-05-13,0,1,2,0.0,35.57126828049737
2016-05-16,0,1,2,0.0,36.04379007887166
2016-05-17,0,1,2,0.0,36.09994195900815
2016-05-18,0,1,2,0.0,35.68133577773891
2016-05-19,0,1,2,0.0,34.560919450439336
2016-05-20,0,1,2,0.0,33.14597219543439
2016-05-23,0,1,2,0.0,33.84979723170419
2016-05-24,0,1,2,0.0,33.853209854433
2016-05-25,0,1,2,0.0,34.07149913089121
2016-05-26,0,1,2,0.0,34.93900270995394
2016-05-27,0,1,2,0.0,35.3993414459544
2016-05-30,0,1,2,0.0,36.238794079975875
2016-05-31,0,1,2,0.0,35.86253033748908
2016-06-01,0,1,2,0.0,35.74883784439578
2016-06-02,0,1,2,0.0,35.651959225502566
2016-06-03,0,1,2,0.0,34.46977457489695
2016-06-06,0,1,2,0.0,35.00007464559292
2016-06-07,0,1,2,0.0,34.90230631800945
2016-06-08,0,1,2,0.0,35.15356695398793
2016-06-09,0,1,2,0.0,35.32091925914963
2016-06-10,0,1,2,0.0,35.19834649547626
2016-06-13,0,1,2,0.0,34.441349195915905
2016-06-14,1,0,2,100.0,36.05255746008041
2016-06-15,1,0,2,100.0,36.67575472356368
2016-06-16,1,0,2,100.0,36.42572420255513
2016-06-17,1,0,2,100.0,36.460557113038455
2016-06-20,2,0,2,100.0,37.72815727181106
2016-06-21,2,0,2,100.0,36.898539447370425
2016-06-22,2,0,2,100.0,36.41456720168811
2016-06-23,2,0,2,100.0,36.3512550919184
2016-06-24,1,1,2,50.0,35.25322109202319
2016-06-27,1,1,2,50.0,35.80467541259709
2016-06-28,2,0,2,100.0,37.24319988034972
2016-06-29,2,0,2,100.0,37.63420811069258
2016-06-30,2,0,2,100.0,38.36087820282085
2016-07-01,2,0,2,100.0,37.840841128016855
2016-07-04,2,0,2,100.0,38.745294157543135
2016-07-05,2,0,2,100.0,37.92180211535141
2016-07-07,2,0,2,100.0,37.62966821740593
2016-07-08,2,0,2,100.0,37.264013033616834
2016-07-11,2,0,2,100.0,37.566331313778896
2016-07-12,2,0,2,100.0,37.69412606717905
2016-07-13,1,1,2,50.0,37.07991585638041
2016-07-14,1,1,2,50.0,36.857148053191644
2016-07-15,1,1,2,50.0,36.22335656135107
2016-07-18,1,1,2,50.0,35.8948102269147
2016-07-19,1,1,2,50.0,35.64627029551377
2016-07-20,1,1,2,50.0,36.3268484581183
2016-07-21,1,1,2,50.0,35.82916348137355
2016-07-22,1,1,2,50.0,36.07966564130436
2016-07-25,1,1,2,50.0,35.96207872005645
2016-07-26,1,1,2,50.0,36.15481685584989
2016-07-27,1,1,2,50.0,36.2589952424152
2016-07-28,1,1,2,50.0,36.14628819799827
2016-07-29,1,1,2,50.0,36.52485301460362
2016-08-01,1,1,2,50.0,35.569594677442105
2016-08-02,1,1,2,50.0,33.64816064713268
2016-08-03,0,2,2,0.0,33.01293996333898
2016-08-04,0,2,2,0.0,32.64323805455306
2016-08-05,1,1,2,50.0,32.676109056106746
2016-08-08,1,1,2,50.0,33.10110487697889
2016-08-09,1,1,2,50.0,32.577765235448915
2016-08-10,1,1,2,50.0,32.81408773770747
2016-08-11,0,2,2,0.0,31.84720603612059
2016-08-12,0,2,2,0.0,31.80488112064709
2016-08-16,0,2,2,0.0,32.08001568561712
2016-08-17,0,2,2,0.0,32.80576315116695
2016-08-18,0,2,2,0.0,33.30628132171227
2016-08-19,1,1,2,50.0,33.80302871230223
2016-08-22,0,2,2,0.0,33.78157505691418
2016-08-23,0,2,2,0.0,33.529421312432575
2016-08-24,0,2,2,0.0,33.31699789070898
2016-08-25,0,2,2,0.0,33.0063928842292
2016-08-26,0,2,2,0.0,32.32230667541854
2016-08-29,0,2,2,0.0,32.66615243051304
2016-08-30,0,2,2,0.0,33.023558377929966
2016-08-31,0,2,2,0.0,32.930674431763386
2016-09-01,0,2,2,0.0,32.30880591017005
2016-09-02,0,2,2,0.0,32.32381691823417
2016-09-06,0,2,2,0.0,32.521423690530824
2016-09-07,0,2,2,0.0,32.64246544102555
2016-09-08,0,2,2,0.0,33.0246335845528
2016-09-09,0,2,2,0.0,32.725753358530646
2016-09-12,0,2,2,0.0,32.26425092414914
2016-09-14,0,2,2,0.0,32.51311388477221
2016-09-15,0,2,2,0.0,32.627970157346226
2016-09-16,0,2,2,0.0,32.10914305101752
2016-09-19,0,2,2,0.0,32.28120807178462
2016-09-20,0,2,2,0.0,32.272396055796385
2016-09-21,0,2,2,0.0,32.851064809600715
2016-09-22,0,2,2,0.0,33.23603115594989
2016-09-23,0,2,2,0.0,33.70482073561717
2016-09-26,0,2,2,0.0,33.70899398544401
2016-09-27,0,2,2,0.0,33.51138612665913
2016-09-28,0,2,2,0.0,33.598822114259896
2016-09-29,0,2,2,0.0,31.80843608353324
2016-09-30,0,2,2,0.0,32.21656043510415
2016-10-03,0,2,2,0.0,33.04807716662223
2016-10-04,0,2,2,0.0,33.398761909514334
2016-10-05,0,2,2,0.0,33.29700388215415
2016-10-06,0,2,2,0.0,32.85029870883949
2016-10-07,1,1,2,50.0,33.34621704140483
2016-10-10,0,2,2,0.0,33.41028364756379
2016-10-13,0,2,2,0.0,32.993269972753964
2016-10-14,0,2,2,0.0,33.01842033874552
2016-10-17,0,2,2,0.0,32.98282906116127
2016-10-18,0,2,2,0.0,33.31799781775304
2016-10-19,1,1,2,50.0,33.6404847559611
2016-10-20,0,2,2,0.0,33.946022363335565
2016-10-21,0,2,2,0.0,33.97399241057214
2016-10-24,0,2,2,0.0,33.896877941081314
2016-10-25,0,2,2,0.0,32.85382333473849
2016-10-26,0,2,2,0.0,32.913421603604185
2016-10-27,1,1,2,50.0,32.936474688399755
2016-10-28,0,2,2,0.0,32.80036979556956
2016-10-30,1,1,2,50.0,32.95968563388105
2016-11-01,1,1,2,50.0,32.930685959578454
2016-11-02,1,1,2,50.0,32.34890310541026
2016-11-03,1,1,2,50.0,32.24926591069325
2016-11-04,0,2,2,0.0,31.49528500876313
2016-11-07,1,1,2,50.0,31.766110204623143
2016-11-08,1,1,2,50.0,32.22492156544574
2016-11-09,1,1,2,50.0,31.878385547498834
2016-11-10,1,1,2,50.0,32.514463838370474
2016-11-11,0,2,2,0.0,31.84358519151419
2016-11-15,0,2,2,0.0,30.77015475083136
2016-11-16,0,2,2,0.0,29.920958384522756
2016-11-17,0,2,2,0.0,30.64354084830356
2016-11-18,0,2,2,0.0,30.783020184465666
2016-11-21,0,2,2,0.0,30.44492112884796
2016-11-22,0,2,2,0.0,30.52747510764377
2016-11-23,0,2,2,0.0,30.91466921830853
2016-11-24,0,2,2,0.0,30.460760428344635
2016-11-25,0,2,2,0.0,30.980195091396613
2016-11-28,0,2,2,0.0,31.799415376012462
2016-11-29,0,2,2,0.0,31.76284684184213
2016-11-30,0,2,2,0.0,31.877392113333375
2016-12-01,0,2,2,0.0,31.27266623588038
2016-12-02,0,2,2,0.0,31.569879179576375
2016-12-05,0,2,2,0.0,32.06081800745403
2016-12-06,0,2,2,0.0,32.08779484400567
2016-12-07,0,2,2,0.0,32.10023230000063
2016-12-08,0,2,2,0.0,32.33050549155206
2016-12-09,0,2,2,0.0,32.423135415873446
2016-12-12,0,2,2,0.0,31.99149519498963
2016-12-13,0,2,2,0.0,31.708297237635342
2016-12-14,0,2,2,0.0,31.749582797632552
2016-12-15,1,1,2,50.0,32.413976308467504
2016-12-16,1,1,2,50.0,32.57313450130266
2016-12-19,1,1,2,50.0,32.533598518288784
2016-12-20,0,2,2,0.0,32.34029658088111
2016-12-21,1,1,2,50.0,32.62691026802847
2016-12-22,0,2,2,0.0,32.12541766002832
2016-12-23,0,2,2,0.0,31.984949021705077
2016-12-26,0,2,2,0.0,31.68392886447554
2016-12-27,0,2,2,0.0,31.988221627905595
2016-12-28,0,2,2,0.0,31.956992540176483
2016-12-29,0,2,2,0.0,32.190389208893684
2016-12-30,1,1,2,50.0,33.07798751060172
2017-01-02,1,1,2,50.0,33.18252816818634
2017-01-03,1,1,2,50.0,33.04584528509171
2017-01-04,1,1,2,50.0,33.790270039507696
2017-01-05,1,1,2,50.0,34.05238675058079
2017-01-06,1,1,2,50.0,33.923594565597995
2017-01-09,1,1,2,50.0,34.18522350211892
2017-01-10,1,1,2,50.0,34.64627539334685
2017-01-11,1,1,2,50.0,34.96897014551387
2017-01-12,1,1,2,50.0,34.993632527083015
2017-01-13,1,1,2,50.0,34.69323331713557
2017-01-16,1,1,2,50.0,34.88203069755666
2017-01-17,1,1,2,50.0,34.74504629236145
2017-01-18,1,1,2,50.0,34.82774998774038
2017-01-19,1,1,2,50.0,35.62058284849312
2017-01-20,2,0,2,100.0,35.36007250025433
2017-01-23,2,0,2,100.0,35.68783322265943
2017-01-24,2,0,2,100.0,35.93277416322091
2017-01-25,2,0,2,100.0,35.99240417697207
2017-01-27,2,0,2,100.0,38.80743290657167
2017-01-30,2,0,2,100.0,38.904549181772275
2017-01-31,1,1,2,50.0,37.140479177468606
2017-02-01,1,1,2,50.0,36.562340067944895
2017-02-02,1,1,2,50.0,37.6035275183407
2017-02-03,1,1,2,50.0,37.78842659134208
2017-02-06,1,1,2,50.0,38.36969743563711
2017-02-07,1,1,2,50.0,37.02962725656774
2017-02-08,1,1,2,50.0,37.118221914906194
2017-02-09,1,1,2,50.0,37.35414026642857
2017-02-10,1,1,2,50.0,36.983868886385764
2017-02-13,1,1,2,50.0,36.61342209085114
2017-02-14,1,1,2,50.0,36.16255801057857
2017-02-15,1,1,2,50.0,36.485717552090115
2017-02-16,1,1,2,50.0,36.976793243512354
2017-02-17,1,1,2,50.0,37.00671941436541
2017-02-20,1,1,2,50.0,37.72021563782309
2017-02-21,1,1,2,50.0,38.00502627105236
2017-02-22,1,1,2,50.0,37.51404992590043
2017-02-23,1,1,2,50.0,37.80417398407275
2017-02-27,1,1,2,50.0,38.28189745346772
2017-02-28,1,1,2,50.0,38.57775407219214
2017-03-01,1,1,2,50.0,38.79385517500399
2017-03-02,1,1,2,50.0,37.77596781532125
2017-03-03,1,1,2,50.0,37.885388931217406
2017-03-06,1,1,2,50.0,38.04635590262237
2017-03-07,1,1,2,50.0,38.53600252492292
2017-03-08,1,1,2,50.0,38.34720067752304
2017-03-09,1,1,2,50.0,38.03315997761406
2017-03-10,1,1,2,50.0,38.03658093004961
2017-03-14,1,1,2,50.0,38.854588088286896
2017-03-15,1,1,2,50.0,39.69901222346867
2017-03-16,1,1,2,50.0,40.22709669602742
2017-03-17,2,0,2,100.0,41.07531467322618
2017-03-20,2,0,2,100.0,40.97825131351148
2017-03-21,2,0,2,100.0,41.374061445302026
2017-03-22,2,0,2,100.0,40.998013887577464
2017-03-23,2,0,2,100.0,42.54347925445431
2017-03-24,2,0,2,100.0,43.68562475878896
2017-03-27,2,0,2,100.0,43.97359331472919
2017-03-28,2,0,2,100.0,43.78446946856088
2017-03-29,2,0,2,100.0,43.50373446621367
2017-03-30,2,0,2,100.0,44.20857244348522
2017-03-31,2,0,2,100.0,44.93659768058805
2017-04-03,2,0,2,100.0,45.42979314048447
2017-04-05,2,0,2,100.0,46.02590396150706
2017-04-06,2,0,2,100.0,46.38795958723193
2017-04-07,2,0,2,100.0,46.466816519970834
2017-04-10,2,0,2,100.0,48.05009078882845
2017-04-11,2,0,2,100.0,48.44615065612406
2017-04-12,2,0,2,100.0,47.193483895306336
2017-04-13,2,0,2,100.0,47.55368643494137
2017-04-17,2,0,2,100.0,48.882852149496124
2017-04-18,2,0,2,100.0,52.814914504757404
2017-04-19,2,0,2,100.0,53.08854946585182
2017-04-20,2,0,2,100.0,55.03595255621519
2017-04-21,2,0,2,100.0,53.894282615576174
2017-04-24,2,0,2,100.0,54.870604679014434
2017-04-25,2,0,2,100.0,54.590440316673536
2017-04-26,2,0,2,100.0,49.006264541843656
2017-04-27,2,0,2,100.0,48.18358347521783
2017-04-28,2,0,2,100.0,46.791289622243774
2017-05-02,2,0,2,100.0,48.01137698069433
2017-05-03,2,0,2,100.0,47.800168631836456
2017-05-04,2,0,2,100.0,47.75477822026538
2017-05-05,2,0,2,100.0,48.00676001080402
2017-05-08,2,0,2,100.0,48.26368951309563
2017-05-09,2,0,2,100.0,49.49418758086478
2017-05-10,2,0,2,100.0,50.1024238553978
2017-05-11,2,0,2,100.0,48.86416177264258
2017-05-12,2,0,2,100.0,49.15332161318962
2017-05-15,2,0,2,100.0,49.64239369105257
2017-05-16,2,0,2,100.0,49.92168133531762
2017-05-17,2,0,2,100.0,49.590323378461726
2017-05-18,2,0,2,100.0,49.032518786367085
2017-05-19,2,0,2,100.0,48.59483269387487
2017-05-22,2,0,2,100.0,47.964767728404404
2017-05-23,2,0,2,100.0,46.42708705242695
2017-05-24,2,0,2,100.0,46.797015360670585
2017-05-25,2,0,2,100.0,47.66027855871302
2017-05-26,2,0,2,100.0,48.03777607506131
2017-05-29,2,0,2,100.0,46.771873419697165
2017-05-30,2,0,2,100.0,47.767317587539004
2017-05-31,2,0,2,100.0,48.59769622210012
2017-06-01,2,0,2,100.0,49.099876720915226
2017-06-02,2,0,2,100.0,48.95675082258073
2017-06-05,2,0,2,100.0,49.362384508384295
2017-06-06,2,0,2,100.0,51.10543517300354
2017-06-07,2,0,2,100.0,52.13274296055547
2017-06-08,2,0,2,100.0,52.17069247122998
2017-06-09,2,0,2,100.0,52.82036158539907
2017-06-12,2,0,2,100.0,52.27990731443827
2017-06-13,2,0,2,100.0,52.72665948460915
2017-06-14,2,0,2,100.0,52.705921434009326
2017-06-15,2,0,2,100.0,53.67349524861481
2017-06-16,2,0,2,100.0,53.935417473088265
2017-06-19,2,0,2,100.0,53.91922448522822
2017-06-20,2,0,2,100.0,54.393494094556786
2017-06-21,2,0,2,100.0,54.995855504346814
2017-06-22,2,0,2,100.0,54.73783217272401
2017-06-23,2,0,2,100.0,53.65080929906719
2017-06-27,2,0,2,100.0,54.13038243533157
2017-06-28,2,0,2,100.0,55.869235774055895
2017-06-29,2,0,2,100.0,55.014057232002145
2017-06-30,2,0,2,100.0,53.31329095995648
2017-07-03,2,0,2,100.0,54.6834294216078
2017-07-04,2,0,2,100.0,54.1452769618923
2017-07-05,2,0,2,100.0,54.98624426360904
2017-07-06,2,0,2,100.0,55.33432032315615
2017-07-07,2,0,2,100.0,55.474329381952856
2017-07-10,2,0,2,100.0,55.42192119145093
2017-07-11,2,0,2,100.0,54.77957844756551
2017-07-12,2,0,2,100.0,57.27447355638975
2017-07-13,2,0,2,100.0,57.471347111766114
2017-07-14,2,0,2,100.0,57.28021030711098
2017-07-17,2,0,2,100.0,57.355157577686455
2017-07-18,2,0,2,100.0,56.923458557060826
2017-07-19,2,0,2,100.0,56.77880524399585
2017-07-20,2,0,2,100.0,56.67278874960717
2017-07-21,2,0,2,100.0,56.82286019672224
2017-07-24,2,0,2,100.0,56.40320081039554
2017-07-25,2,0,2,100.0,56.51171604299445
2017-07-26,2,0,2,100.0,56.53834365130638
2017-07-27,2,0,2,100.0,56.28907252653076
2017-07-28,2,0,2,100.0,57.29389240163967
2017-07-31,2,0,2,100.0,57.31461556508979
2017-08-01,2,0,2,100.0,57.78148265742509
2017-08-02,2,0,2,100.0,57.94393709905028
2017-08-03,2,0,2,100.0,56.87644576725508
2017-08-04,2,0,2,100.0,57.01524683891132
2017-08-07,2,0,2,100.0,57.70933478383585
2017-08-08,2,0,2,100.0,57.318861268371805
2017-08-09,2,0,2,100.0,54.75907378663412
2017-08-10,2,0,2,100.0,52.28520532646019
2017-08-11,2,0,2,100.0,51.15658347682951
2017-08-14,2,0,2,100.0,52.6972980018172
2017-08-16,2,0,2,100.0,52.949058457667185
2017-08-17,2,0,2,100.0,52.51926718056363
2017-08-18,2,0,2,100.0,52.07015091948365
2017-08-21,2,0,2,100.0,50.995104303571296
2017-08-22,2,0,2,100.0,49.8657784429655
2017-08-23,2,0,2,100.0,50.496770584205684
2017-08-24,2,0,2,100.0,49.670724666588704
2017-08-28,2,0,2,100.0,51.94383929016034
2017-08-29,2,0,2,100.0,51.584966695401135
2017-08-30,2,0,2,100.0,54.10359103258058
2017-08-31,2,0,2,100.0,55.76647655214013
2017-09-01,2,0,2,100.0,57.229079756684854
2017-09-04,2,0,2,100.0,56.24550500425634
2017-09-05,2,0,2,100.0,56.53888130362691
2017-09-06,2,0,2,100.0,55.296554677860264
2017-09-07,2,0,2,100.0,55.29000681729463
2017-09-08,2,0,2,100.0,54.60058957600571
2017-09-11,2,0,2,100.0,55.117979539632856
2017-09-12,2,0,2,100.0,55.52170571262825
2017-09-13,2,0,2,100.0,54.75351672677421
2017-09-14,2,0,2,100.0,54.657378521220565
2017-09-15,2,0,2,100.0,54.227547578067494
2017-09-18,2,0,2,100.0,54.02819429599579
2017-09-19,2,0,2,100.0,53.66295169656943
2017-09-20,2,0,2,100.0,52.939351072202115
2017-09-21,2,0,2,100.0,52.68748517803192
2017-09-22,2,0,2,100.0,50.94288224509601
2017-09-25,2,0,2,100.0,48.319462709303835
2017-09-26,2,0,2,100.0,48.66441268529151
2017-09-27,2,0,2,100.0,48.09738124822891
2017-09-28,2,0,2,100.0,48.81325475405899
2017-09-29,2,0,2,100.0,49.433310938129125
2017-10-03,1,1,2,50.0,48.29666749165278
2017-10-04,2,0,2,100.0,49.199036176537355
2017-10-05,2,0,2,100.0,50.64757606100342
2017-10-06,2,0,2,100.0,51.199749767669935
2017-10-09,2,0,2,100.0,50.201603939620085
2017-10-10,2,0,2,100.0,50.7536033013689
2017-10-11,2,0,2,100.0,50.303158399830416
2017-10-12,2,0,2,100.0,51.118954302025244
2017-10-13,2,0,2,100.0,50.924915615564515
2017-10-16,2,0,2,100.0,50.255430408386125
2017-10-17,2,0,2,100.0,50.13861967735054
2017-10-18,2,0,2,100.0,51.9885674217259
2017-10-19,2,0,2,100.0,52.84406191280845
2017-10-23,2,0,2,100.0,53.14515611283126
2017-10-24,2,0,2,100.0,53.19471567843366
2017-10-25,2,0,2,100.0,53.62962181993793
2017-10-26,2,0,2,100.0,54.20492115938319
2017-10-27,2,0,2,100.0,54.770358615700985
2017-10-30,2,0,2,100.0,56.182970605451
2017-10-31,2,0,2,100.0,56.30574057114056
2017-11-01,2,0,2,100.0,56.40716961390917
2017-11-02,2,0,2,100.0,56.53151015674241
2017-11-03,2,0,2,100.0,58.17730623398235
2017-11-06,2,0,2,100.0,59.81521549683212
2017-11-07,2,0,2,100.0,58.72691397621106
2017-11-08,2,0,2,100.0,58.66261836076821
2017-11-09,2,0,2,100.0,59.70758445516544
2017-11-10,2,0,2,100.0,59.65868725140062
2017-11-13,2,0,2,100.0,58.7865714444269
2017-11-14,2,0,2,100.0,59.10441950485396
2017-11-15,2,0,2,100.0,57.47615721927002
2017-11-16,2,0,2,100.0,57.04515780076021
2017-11-17,2,0,2,100.0,59.352045694949936
2017-11-20,2,0,2,100.0,60.23641529450758
2017-11-21,2,0,2,100.0,58.79132954216904
2017-11-22,2,0,2,100.0,59.59187048297173
2017-11-23,2,0,2,100.0,58.69598639186865
2017-11-24,2,0,2,100.0,59.12650649757776
2017-11-27,2,0,2,100.0,58.44517035504278
2017-11-28,2,0,2,100.0,57.835193958242634
2017-11-29,2,0,2,100.0,57.33192548340327
2017-11-30,2,0,2,100.0,56.37268162790625
2017-12-01,2,0,2,100.0,55.784243154531296
2017-12-04,2,0,2,100.0,56.17982770232821
2017-12-05,2,0,2,100.0,57.04694707761161
2017-12-06,2,0,2,100.0,55.924785058893335
2017-12-07,2,0,2,100.0,56.667822996342544
2017-12-08,2,0,2,100.0,58.79830808986076
2017-12-11,2,0,2,100.0,59.50093858884994
2017-12-12,2,0,2,100.0,59.02633771804437
2017-12-13,2,0,2,100.0,56.931575758636384
2017-12-14,2,0,2,100.0,57.204402688716314
2017-12-15,2,0,2,100.0,58.37927960379139
2017-12-18,2,0,2,100.0,59.461815858977296
2017-12-19,2,0,2,100.0,59.96739728660116
2017-12-20,2,0,2,100.0,60.29294549975175
2017-12-21,2,0,2,100.0,59.89634665875707
2017-12-22,2,0,2,100.0,61.02437315576614
2017-12-26,2,0,2,100.0,61.653409544589564
2017-12-27,2,0,2,100.0,62.63450386067452
2017-12-28,2,0,2,100.0,62.17766907057253
2017-12-29,2,0,2,100.0,62.33826104382453
2018-01-01,2,0,2,100.0,62.217412514534395
2018-01-02,2,0,2,100.0,61.7732451014841
2018-01-03,2,0,2,100.0,64.2711151478982
2018-01-04,2,0,2,100.0,65.70564103165934
2018-01-05,2,0,2,100.0,67.06365413048036
2018-01-08,2,0,2,100.0,68.38070852789564
2018-01-09,2,0,2,100.0,68.33800812898232
2018-01-10,2,0,2,100.0,69.17936739359658
2018-01-11,2,0,2,100.0,69.58624457827163
2018-01-12,2,0,2,100.0,69.23790964726592
2018-01-15,2,0,2,100.0,68.64876429236895
2018-01-16,2,0,2,100.0,66.85013188630529
2018-01-17,2,0,2,100.0,69.08802242985375
2018-01-18,2,0,2,100.0,67.2498745589254
2018-01-19,2,0,2,100.0,68.56097709708759
2018-01-22,2,0,2,100.0,68.0711054066426
2018-01-23,2,0,2,100.0,68.84039833504248
2018-01-24,2,0,2,100.0,70.34226890469132
2018-01-25,2,0,2,100.0,71.87544088286779
2018-01-29,2,0,2,100.0,70.60655040290062
2018-01-30,2,0,2,100.0,70.64083337820396
2018-01-31,2,0,2,100.0,71.01229887673753
2018-02-01,2,0,2,100.0,71.19959743982825
2018-02-02,2,0,2,100.0,67.26382716090605
2018-02-05,2,0,2,100.0,68.28718167069253
2018-02-06,2,0,2,100.0,67.55399432348936
2018-02-07,2,0,2,100.0,68.1567916720969
2018-02-08,2,0,2,100.0,70.73641616936331
2018-02-09,2,0,2,100.0,71.78237854245533
2018-02-12,2,0,2,100.0,72.78137852696317
2018-02-14,2,0,2,100.0,73.85102766934412
2018-02-15,2,0,2,100.0,72.68512822666804
2018-02-16,2,0,2,100.0,71.58528101390999
2018-02-19,2,0,2,100.0,71.25071969548972
2018-02-20,2,0,2,100.0,69.90431525699876
2018-02-21,2,0,2,100.0,70.04289609053635
2018-02-22,2,0,2,100.0,71.12949595471447
2018-02-23,2,0,2,100.0,71.57947475712783
2018-02-26,2,0,2,100.0,73.27315513237373
2018-02-27,2,0,2,100.0,73.51784749348383
2018-02-28,2,0,2,100.0,72.84837003133666
2018-03-01,2,0,2,100.0,71.96420950752349
2018-03-05,2,0,2,100.0,71.65779934205527
2018-03-06,2,0,2,100.0,68.33552440846013
2018-03-07,2,0,2,100.0,65.62010659693688
2018-03-08,2,0,2,100.0,65.28198579241844
2018-03-09,2,0,2,100.0,62.8158384841391
2018-03-12,2,0,2,100.0,63.7390635324157
2018-03-13,2,0,2,100.0,63.869573448986614
2018-03-14,2,0,2,100.0,63.87425613779306
2018-03-15,2,0,2,100.0,64.42980436634615
2018-03-16,2,0,2,100.0,63.1093981984798
2018-03-19,2,0,2,100.0,61.93900127359894
2018-03-20,2,0,2,100.0,62.698068640093275
2018-03-21,2,0,2,100.0,63.54937918160234
2018-03-22,2,0,2,100.0,62.801256985031316
2018-03-23,2,0,2,100.0,61.13335538950137
2018-03-26,2,0,2,100.0,64.27528041423268
2018-03-27,2,0,2,100.0,63.88167897747756
2018-03-28,2,0,2,100.0,63.013878992467745
2018-04-02,2,0,2,100.0,64.85429913102611
2018-04-03,2,0,2,100.0,66.11206600963787
2018-04-04,1,1,2,50.0,64.35568305773478
2018-04-05,2,0,2,100.0,69.37367527960073
2018-04-06,2,0,2,100.0,70.05045771041321
2018-04-09,2,0,2,100.0,70.27444311891698
2018-04-10,2,0,2,100.0,70.10356216413356
2018-04-11,2,0,2,100.0,69.41783065521496
2018-04-12,2,0,2,100.0,67.63460638966866
2018-04-13,2,0,2,100.0,67.6846547917901
2018-04-16,2,0,2,100.0,67.96254349289582
2018-04-17,2,0,2,100.0,68.4011232608501
2018-04-18,2,0,2,100.0,67.39731723824286
2018-04-19,2,0,2,100.0,68.8801673234393
2018-04-20,2,0,2,100.0,68.30548759546811
2018-04-23,2,0,2,100.0,68.42886843274046
2018-04-24,2,0,2,100.0,67.97018419438989
2018-04-25,2,0,2,100.0,68.04972162592139
2018-04-26,2,0,2,100.0,68.91028914077354
2018-04-27,2,0,2,100.0,67.12908683485486
2018-04-30,2,0,2,100.0,66.60748289966482
2018-05-02,1,1,2,50.0,62.64067057986451
2018-05-03,0,2,2,0.0,58.72385383940377
2018-05-04,0,2,2,0.0,58.19088823732351
2018-05-07,0,2,2,0.0,58.056475665346916
2018-05-08,0,2,2,0.0,59.64096966298651
2018-05-09,0,2,2,0.0,58.475644814713725
2018-05-10,0,2,2,0.0,57.30396795098003
2018-05-11,0,2,2,0.0,57.99044732567822
2018-05-14,0,2,2,0.0,57.74413698319136
2018-05-15,0,2,2,0.0,57.818177657541824
2018-05-16,0,2,2,0.0,57.91855787440316
2018-05-17,0,2,2,0.0,57.40922605037467
2018-05-18,0,2,2,0.0,55.33861300345598
2018-05-21,0,2,2,0.0,55.093622710844194
2018-05-22,0,2,2,0.0,56.2087497873532
2018-05-23,0,2,2,0.0,55.57901102706177
2018-05-24,0,2,2,0.0,56.09380660414225
2018-05-25,0,2,2,0.0,58.55416882784882
2018-05-28,1,1,2,50.0,60.591859628485125
2018-05-29,0,2,2,0.0,58.45082840908279
2018-05-30,1,1,2,50.0,58.88137570970306
2018-05-31,0,2,2,0.0,57.83832397148983
2018-06-01,0,2,2,0.0,56.48490935198183
2018-06-04,0,2,2,0.0,55.714918375823494
2018-06-05,0,2,2,0.0,55.494662283965724
2018-06-06,0,2,2,0.0,56.03606581129226
2018-06-07,0,2,2,0.0,57.75531371136795
2018-06-08,0,2,2,0.0,58.32864372455754
2018-06-11,0,2,2,0.0,58.830547142545065
2018-06-12,0,2,2,0.0,58.8934235855389
2018-06-13,0,2,2,0.0,59.791956566106606
2018-06-14,0,2,2,0.0,61.030610335802216
2018-06-15,0,2,2,0.0,60.59665974417814
2018-06-18,1,1,2,50.0,61.55014621649409
2018-06-19,1,1,2,50.0,60.21594633463659
2018-06-20,0,2,2,0.0,58.38537993753356
2018-06-21,0,2,2,0.0,58.979048611931816
2018-06-22,0,2,2,0.0,59.3759741211929
2018-06-25,0,2,2,0.0,58.25916039336329
2018-06-26,0,2,2,0.0,58.670353415404094
2018-06-27,0,2,2,0.0,54.969968486541
2018-06-28,0,2,2,0.0,52.41693496453044
2018-06-29,0,2,2,0.0,53.050167649764745
2018-07-02,0,2,2,0.0,50.20461604589257
2018-07-03,0,2,2,0.0,50.83334534182817
2018-07-04,0,2,2,0.0,51.589904306728016
2018-07-05,0,2,2,0.0,51.03472457720797
2018-07-06,0,2,2,0.0,52.24087948771468
2018-07-09,0,2,2,0.0,52.61212625907952
2018-07-10,0,2,2,0.0,53.35075983456028
2018-07-11,0,2,2,0.0,55.28018687480789
2018-07-12,0,2,2,0.0,56.621930066012126
2018-07-13,0,2,2,0.0,57.85028240416029
2018-07-16,0,2,2,0.0,58.12842785333876
2018-07-17,0,2,2,0.0,59.656486936345964
2018-07-18,1,1,2,50.0,59.94234742316479
2018-07-19,1,1,2,50.0,60.978705233573336
2018-07-20,1,1,2,50.0,63.23521968684543
2018-07-23,1,1,2,50.0,64.57589002790789
2018-07-24,1,1,2,50.0,66.96948617883282
2018-07-25,1,1,2,50.0,68.82694369376078
2018-07-26,1,1,2,50.0,68.01439918149813
2018-07-27,1,1,2,50.0,67.7763338375201
2018-07-30,1,1,2,50.0,67.2338084587555
2018-07-31,1,1,2,50.0,65.04350572639933
2018-08-01,1,1,2,50.0,64.50253274186775
2018-08-02,1,1,2,50.0,66.68258295975713
2018-08-03,1,1,2,50.0,68.02632071911583
2018-08-06,1,1,2,50.0,70.4267318406025
2018-08-07,1,1,2,50.0,68.34423814795902
2018-08-08,1,1,2,50.0,69.48983036641157
2018-08-09,1,1,2,50.0,70.68007627975989
2018-08-10,1,1,2,50.0,70.80151595444384
2018-08-13,1,1,2,50.0,69.05470315708754
2018-08-14,1,1,2,50.0,70.68776229268337
2018-08-16,1,1,2,50.0,70.77576558688507
2018-08-17,1,1,2,50.0,70.79855629692646
2018-08-20,1,1,2,50.0,73.668223667991
2018-08-21,1,1,2,50.0,73.43896263092357
2018-08-23,1,1,2,50.0,72.28817020077659
2018-08-24,1,1,2,50.0,71.96761761723187
2018-08-27,1,1,2,50.0,72.31586653435906
2018-08-28,1,1,2,50.0,74.47374353894519
2018-08-29,1,1,2,50.0,71.3596394972268
2018-08-30,1,1,2,50.0,70.50826792567716
2018-08-31,1,1,2,50.0,70.26089948089823
2018-09-03,1,1,2,50.0,68.72067249941563
2018-09-04,1,1,2,50.0,67.29401503137818
2018-09-05,1,1,2,50.0,65.96953638950764
2018-09-06,1,1,2,50.0,69.48535182870975
2018-09-07,1,1,2,50.0,69.25048800232874
2018-09-10,1,1,2,50.0,66.91492919644534
2018-09-11,1,1,2,50.0,66.4427694034605
2018-09-12,1,1,2,50.0,66.23288804777368
2018-09-14,1,1,2,50.0,66.74228075820174
2018-09-17,1,1,2,50.0,67.16147815604928
2018-09-18,1,1,2,50.0,65.34262244036636
2018-09-19,1,1,2,50.0,65.36590886421509
2018-09-21,1,1,2,50.0,64.4564449968433
2018-09-24,1,1,2,50.0,62.30115307881016
2018-09-25,1,1,2,50.0,62.83355127028201
2018-09-26,1,1,2,50.0,62.43002665756825
2018-09-27,1,1,2,50.0,63.24554949234072
2018-09-28,1,1,2,50.0,60.14909190459049
2018-10-01,1,1,2,50.0,60.99539806392789
2018-10-03,1,1,2,50.0,59.35733125018788
2018-10-04,1,1,2,50.0,60.414315147561695
2018-10-05,1,1,2,50.0,57.94569977234657
2018-10-08,1,1,2,50.0,59.16887423563754
2018-10-09,1,1,2,50.0,57.6079332762241
2018-10-10,1,1,2,50.0,60.06693894514783
2018-10-11,1,1,2,50.0,59.56699626474625
2018-10-12,1,1,2,50.0,62.65392483297553
2018-10-15,1,1,2,50.0,65.05952902175979
2018-10-16,1,1,2,50.0,68.0264242507977
2018-10-17,1,1,2,50.0,67.65495395690864
2018-10-19,1,1,2,50.0,68.89664914199052
2018-10-22,1,1,2,50.0,67.80386076174022
2018-10-23,1,1,2,50.0,67.90372098783828
2018-10-24,1,1,2,50.0,68.04807954419253
2018-10-25,1,1,2,50.0,71.52149955320921
2018-10-26,1,1,2,50.0,70.0900731516504
2018-10-29,1,1,2,50.0,71.71686146360196
2018-10-30,1,1,2,50.0,71.07205910868602
2018-10-31,1,1,2,50.0,71.53352516366476
2018-11-01,1,1,2,50.0,74.05414157023185
2018-11-02,1,1,2,50.0,76.17568830704187
2018-11-05,1,1,2,50.0,74.3876965822106
2018-11-06,1,1,2,50.0,72.98508163460833
2018-11-07,1,1,2,50.0,73.48549000195071
2018-11-09,1,1,2,50.0,74.7828613974134
2018-11-12,1,1,2,50.0,71.78848329209984
2018-11-13,1,1,2,50.0,73.20923486886876
2018-11-14,1,1,2,50.0,75.67735153430544
2018-11-15,1,1,2,50.0,75.98542782562131
2018-11-16,1,1,2,50.0,75.85715575885857
2018-11-19,1,1,2,50.0,75.76588830166088
2018-11-20,1,1,2,50.0,74.96500300297717
2018-11-21,1,1,2,50.0,75.66460408578637
2018-11-22,1,1,2,50.0,74.33455800147775
2018-11-26,1,1,2,50.0,74.87059419343929
2018-11-27,1,1,2,50.0,74.83296442209105
2018-11-28,1,1,2,50.0,74.60956876024211
2018-11-29,1,1,2,50.0,77.83476677219076
2018-11-30,1,1,2,50.0,76.33376163076639
2018-12-03,1,1,2,50.0,74.68860764558394
2018-12-04,1,1,2,50.0,74.29769770532245
2018-12-05,1,1,2,50.0,73.26304678072593
2018-12-06,1,1,2,50.0,71.31381535993263
2018-12-07,1,1,2,50.0,72.94791077505579
2018-12-10,1,1,2,50.0,70.03265886690127
2018-12-11,1,1,2,50.0,72.92420467817293
2018-12-12,1,1,2,50.0,73.85597664743521
2018-12-13,1,1,2,50.0,75.13243299853526
2018-12-14,1,1,2,50.0,75.45402563269812
2018-12-17,1,1,2,50.0,75.60484565120963
2018-12-18,2,0,2,100.0,77.35468670037123
2018-12-19,2,0,2,100.0,79.37942068950179
2018-12-20,2,0,2,100.0,79.16474178078614
2018-12-21,2,0,2,100.0,79.27205628542607
2018-12-24,2,0,2,100.0,79.3116868680775
2018-12-26,2,0,2,100.0,79.81115282572175
2018-12-27,2,0,2,100.0,80.34395188950678
2018-12-28,2,0,2,100.0,80.65340813716747
2018-12-31,2,0,2,100.0,80.05587393218696
2019-01-01,2,0,2,100.0,79.14244407241272
2019-01-02,2,0,2,100.0,78.38232830593728
2019-01-03,2,0,2,100.0,77.63734834831251
2019-01-04,2,0,2,100.0,77.20198878768105
2019-01-07,2,0,2,100.0,75.87864134842309
2019-01-08,2,0,2,100.0,76.31296163104047
2019-01-09,2,0,2,100.0,75.10617400234253
2019-01-10,2,0,2,100.0,75.27938541394563
2019-01-11,1,1,2,50.0,74.02200624701403
2019-01-14,1,1,2,50.0,74.09947854691548
2019-01-15,1,1,2,50.0,74.2189274153739
2019-01-16,2,0,2,100.0,76.00571215282469
2019-01-17,2,0,2,100.0,75.35572454983452
2019-01-18,1,1,2,50.0,73.53749423982599
2019-01-21,1,1,2,50.0,72.8911084016305
2019-01-22,2,0,2,100.0,74.80705221960737
2019-01-23,2,0,2,100.0,73.7350965637649
2019-01-24,2,0,2,100.0,75.92060137437193
2019-01-25,2,0,2,100.0,73.99475282792982
2019-01-28,2,0,2,100.0,74.0429853343806
2019-01-29,2,0,2,100.0,75.65918349420531
2019-01-30,2,0,2,100.0,75.10123477746184
2019-01-31,2,0,2,100.0,74.78024701572826
2019-02-01,2,0,2,100.0,75.94383021084894
2019-02-04,1,1,2,50.0,70.23110568596448
2019-02-05,1,1,2,50.0,70.96904015948301
2019-02-06,1,1,2,50.0,71.26786750954936
2019-02-07,1,1,2,50.0,71.77770225992111
2019-02-08,1,1,2,50.0,71.45598547801238
2019-02-11,1,1,2,50.0,69.61298048475675
2019-02-12,1,1,2,50.0,68.86957000307406
2019-02-13,1,1,2,50.0,69.28028944817282
2019-02-14,1,1,2,50.0,69.152247751174
2019-02-15,1,1,2,50.0,68.95368748152589
2019-02-18,1,1,2,50.0,67.02481061676762
2019-02-19,1,1,2,50.0,67.08420870262735
2019-02-20,1,1,2,50.0,68.78134531456205
2019-02-21,1,1,2,50.0,67.73989856615201
2019-02-22,1,1,2,50.0,70.27436848136806
2019-02-25,1,1,2,50.0,71.46073877453101
2019-02-26,1,1,2,50.0,71.82830807743443
2019-02-27,1,1,2,50.0,71.36294433341098
2019-02-28,1,1,2,50.0,70.86424261033603
2019-03-01,2,0,2,100.0,72.1384274181239
2019-03-05,2,0,2,100.0,76.33790337632388
2019-03-06,2,0,2,100.0,77.02071341835816
2019-03-07,2,0,2,100.0,76.13417380548087
2019-03-08,2,0,2,100.0,77.17679240222598
2019-03-11,2,0,2,100.0,79.24420578846704
2019-03-12,2,0,2,100.0,80.92701160873382
2019-03-13,2,0,2,100.0,81.66051039716925
2019-03-14,2,0,2,100.0,81.10214153729568
2019-03-15,2,0,2,100.0,79.95431115083468
2019-03-18,2,0,2,100.0,81.29393073412892
2019-03-19,2,0,2,100.0,80.92958742387302
2019-03-20,2,0,2,100.0,83.17291867546716
2019-03-22,2,0,2,100.0,82.91291778089303
2019-03-25,1,1,2,50.0,80.50588905468395
2019-03-26,2,0,2,100.0,82.81456645925715
2019-03-27,1,1,2,50.0,81.93930632861124
2019-03-28,1,1,2,50.0,83.1163090812422
2019-03-29,2,0,2,100.0,85.51646170449655
2019-04-01,2,0,2,100.0,86.5460797329113
2019-04-02,2,0,2,100.0,85.56934343596335
2019-04-03,2,0,2,100.0,83.86503580744218
2019-04-04,2,0,2,100.0,85.89945740668014
2019-04-05,2,0,2,100.0,85.34532692808345
2019-04-08,2,0,2,100.0,83.72250587460093
2019-04-09,2,0,2,100.0,84.26219804912276
2019-04-10,2,0,2,100.0,83.44255324708425
2019-04-11,2,0,2,100.0,83.20452035020112
2019-04-12,2,0,2,100.0,84.16845198845714
2019-04-15,2,0,2,100.0,85.94283363117884
2019-04-16,2,0,2,100.0,89.01392513477042
2019-04-18,1,1,2,50.0,86.85568482127259
2019-04-22,1,1,2,50.0,83.94331039112184
2019-04-23,1,1,2,50.0,82.55370590876655
2019-04-24,1,1,2,50.0,83.7989598403948
2019-04-25,1,1,2,50.0,83.68252312546458
2019-04-26,1,1,2,50.0,82.59013962271356
2019-04-30,1,1,2,50.0,82.20402944073113
2019-05-02,1,1,2,50.0,82.70998370021002
2019-05-03,1,1,2,50.0,84.2487703147485
2019-05-06,1,1,2,50.0,82.921738835327
2019-05-07,1,1,2,50.0,82.26187053029427
2019-05-08,1,1,2,50.0,81.71441930255251
2019-05-09,1,1,2,50.0,80.4670426604552
2019-05-10,1,1,2,50.0,80.42045534931493
2019-05-13,1,1,2,50.0,80.14887782025976
2019-05-14,1,1,2,50.0,82.3039531240638
2019-05-15,1,1,2,50.0,81.53170607671021
2019-05-16,1,1,2,50.0,78.3357882459981
2019-05-17,1,1,2,50.0,78.73726655353549
2019-05-20,2,0,2,100.0,89.00945223174585
2019-05-21,2,0,2,100.0,90.47626445253445
2019-05-22,2,0,2,100.0,92.42318477807983
2019-05-23,2,0,2,100.0,94.39580238785567
2019-05-24,2,0,2,100.0,95.41297060969256
2019-05-27,2,0,2,100.0,96.84543082493452
2019-05-28,2,0,2,100.0,96.84711922646507
2019-05-29,2,0,2,100.0,95.58255281833507
2019-05-30,2,0,2,100.0,96.59613994729798
2019-05-31,2,0,2,100.0,96.52016371778095
2019-06-03,2,0,2,100.0,98.29444162832222
2019-06-04,2,0,2,100.0,97.69964179551617
2019-06-06,2,0,2,100.0,95.87274828136066
2019-06-07,2,0,2,100.0,95.03249031564489
2019-06-10,2,0,2,100.0,94.48712458551194
2019-06-11,2,0,2,100.0,96.1615589810449
2019-06-12,2,0,2,100.0,95.32053888569256
2019-06-13,2,0,2,100.0,96.01691354667881
2019-06-14,2,0,2,100.0,94.94666588905473
2019-06-17,2,0,2,100.0,93.43315896405315
2019-06-18,2,0,2,100.0,94.02062323880975
2019-06-19,1,1,2,50.0,90.87156627982536
2019-06-20,2,0,2,100.0,91.90972029545014
2019-06-21,2,0,2,100.0,90.52326750553651
2019-06-24,2,0,2,100.0,90.90220081114931
2019-06-25,2,0,2,100.0,93.27046653210284
2019-06-26,2,0,2,100.0,93.3782748975227
2019-06-27,2,0,2,100.0,93.31358071344323
2019-06-28,2,0,2,100.0,91.84778726239739
2019-07-01,2,0,2,100.0,93.6286946763761
2019-07-02,2,0,2,100.0,93.29281329390585
2019-07-03,2,0,2,100.0,94.03703876744322
2019-07-04,2,0,2,100.0,95.86411821659179
2019-07-05,2,0,2,100.0,91.00091018266671
2019-07-08,1,1,2,50.0,88.66979989394144
2019-07-09,1,1,2,50.0,89.25392348215084
2019-07-10,1,1,2,50.0,83.89105499281814
2019-07-11,1,1,2,50.0,83.08109090109495
2019-07-12,1,1,2,50.0,82.94693228483084
2019-07-15,1,1,2,50.0,82.99195581844809
2019-07-16,1,1,2,50.0,85.58272152080548
2019-07-17,1,1,2,50.0,85.53370569925167
2019-07-18,1,1,2,50.0,84.15566600676205
2019-07-19,1,1,2,50.0,83.3945420890951
2019-07-22,1,1,2,50.0,85.07712305083095
2019-07-23,1,1,2,50.0,85.9702150444439
2019-07-24,1,1,2,50.0,86.62769469339361
2019-07-25,1,1,2,50.0,86.21586474676106
2019-07-26,1,1,2,50.0,86.96948814350158
2019-07-29,1,1,2,50.0,86.23917260149211
2019-07-30,1,1,2,50.0,83.90734222352609
2019-07-31,1,1,2,50.0,85.40563420999601
2019-08-01,1,1,2,50.0,84.14139608697387
2019-08-02,1,1,2,50.0,83.83842265879791
2019-08-05,1,1,2,50.0,82.26286399923512
2019-08-06,1,1,2,50.0,83.45869468129878
2019-08-07,1,1,2,50.0,82.79272783832397
2019-08-08,1,1,2,50.0,85.06979112804103
2019-08-09,1,1,2,50.0,85.91582994482006
2019-08-13,1,1,2,50.0,84.56665750450136
2019-08-14,1,1,2,50.0,87.27112533226892
2019-08-16,1,1,2,50.0,88.0440972777432
2019-08-19,1,1,2,50.0,89.50700872623264
2019-08-20,1,1,2,50.0,89.9592195186584
2019-08-21,1,1,2,50.0,88.52694227495796
2019-08-22,1,1,2,50.0,86.7482276691458
2019-08-23,1,1,2,50.0,88.90498644214482
2019-08-26,1,1,2,50.0,91.16681321391798
2019-08-27,1,1,2,50.0,90.96297121215261
2019-08-28,1,1,2,50.0,90.85884078331976
2019-08-29,1,1,2,50.0,89.57371971905236
2019-08-30,1,1,2,50.0,92.19051192445971
2019-09-03,1,1,2,50.0,89.69286440741732
2019-09-04,1,1,2,50.0,90.04883628953722
2019-09-05,1,1,2,50.0,90.06336028541023
2019-09-06,1,1,2,50.0,91.18623395434837
2019-09-09,1,1,2,50.0,92.97551391099404
2019-09-11,2,0,2,100.0,93.65999091638054
2019-09-12,2,0,2,100.0,95.0275974636934
2019-09-13,2,0,2,100.0,95.80857707438844
2019-09-16,2,0,2,100.0,94.55466427549126
2019-09-17,2,0,2,100.0,93.73171673549109
2019-09-18,2,0,2,100.0,94.14878344937587
2019-09-19,2,0,2,100.0,94.07940290335259
2019-09-20,2,0,2,100.0,97.47238876172236
2019-09-23,2,0,2,100.0,100.38745795961657
2019-09-24,2,0,2,100.0,99.34712362809111
2019-09-25,2,0,2,100.0,98.78725179310503
2019-09-26,2,0,2,100.0,102.3585015249209
2019-09-27,2,0,2,100.0,100.74403359830417
2019-10-01,2,0,2,100.0,100.74403359830417
2019-10-03,2,0,2,100.0,99.52772683513757
2019-10-04,1,1,2,50.0,97.84876492062223
2019-10-07,1,1,2,50.0,95.99036083872771
2019-10-09,1,1,2,50.0,97.1560815654294
2019-10-10,1,1,2,50.0,96.42519350620488
2019-10-11,1,1,2,50.0,95.17785734882327
2019-10-14,2,0,2,100.0,99.17000276512834
2019-10-15,2,0,2,100.0,101.42039850162251
2019-10-16,2,0,2,100.0,102.34552174760847
2019-10-17,2,0,2,100.0,103.42521794172028
2019-10-18,2,0,2,100.0,107.22569894659708
2019-10-22,2,0,2,100.0,106.59104887398306
2019-10-23,2,0,2,100.0,105.30449885706594
2019-10-24,2,0,2,100.0,106.39477718630481
2019-10-25,2,0,2,100.0,100.78052276753971
2019-10-27,1,1,2,50.0,100.86810905224593
2019-10-29,1,1,2,50.0,102.696297781809
2019-10-30,2,0,2,100.0,106.4749489126404
2019-10-31,1,1,2,50.0,105.5920860475472
2019-11-01,1,1,2,50.0,105.14407774983519
2019-11-04,1,1,2,50.0,105.17988222718853
2019-11-05,1,1,2,50.0,106.04200663115503
2019-11-06,1,1,2,50.0,108.11743866632672
2019-11-07,2,0,2,100.0,109.41389443174478
2019-11-08,2,0,2,100.0,110.4988418411539
2019-11-11,1,1,2,50.0,109.48561483273049
2019-11-13,1,1,2,50.0,106.06088260768169
2019-11-14,2,0,2,100.0,108.57018104551261
2019-11-15,1,1,2,50.0,107.08494582789427
2019-11-18,1,1,2,50.0,106.23423939887546
2019-11-19,1,1,2,50.0,104.60527559802392
2019-11-20,1,1,2,50.0,106.20972616870117
2019-11-21,1,1,2,50.0,105.17353468909576
2019-11-22,1,1,2,50.0,104.30342461252258
2019-11-25,1,1,2,50.0,109.53304724000914
2019-11-26,1,1,2,50.0,106.9631571711404
2019-11-27,1,1,2,50.0,108.2459443065921
2019-11-28,1,1,2,50.0,108.3727050757298
2019-11-29,1,1,2,50.0,109.2329557158273
2019-12-02,1,1,2,50.0,108.0360213551137
2019-12-03,1,1,2,50.0,105.7822142615208
2019-12-04,1,1,2,50.0,107.18706425183579
2019-12-05,1,1,2,50.0,102.94207960301797
2019-12-06,1,1,2,50.0,102.54488043801018
2019-12-09,1,1,2,50.0,102.96289614350268
2019-12-10,1,1,2,50.0,102.19319895553043
2019-12-11,1,1,2,50.0,103.07337703543082
2019-12-12,1,1,2,50.0,104.1531838661657
2019-12-13,1,1,2,50.0,103.92413387659995
2019-12-16,1,1,2,50.0,102.63332696077043
2019-12-17,1,1,2,50.0,103.41000324174792
2019-12-18,1,1,2,50.0,102.43135759022799
2019-12-19,1,1,2,50.0,102.11433701776069
2019-12-20,1,1,2,50.0,104.4047258994881
2019-12-23,1,1,2,50.0,103.67327986706789
2019-12-24,1,1,2,50.0,102.63170397349694
2019-12-26,1,1,2,50.0,103.17158631836483
2019-12-27,1,1,2,50.0,103.91493283114119
2019-12-30,1,1,2,50.0,103.92136729355153
2019-12-31,1,1,2,50.0,103.47720501758364
2020-01-01,1,1,2,50.0,103.33170162769916
2020-01-02,1,1,2,50.0,104.1411639185762
2020-01-03,1,1,2,50.0,104.54191739885876
2020-01-06,1,1,2,50.0,101.04608596003852
2020-01-07,1,1,2,50.0,103.59211731242087
2020-01-08,1,1,2,50.0,102.52902914268283
2020-01-09,1,1,2,50.0,106.04295590250248
2020-01-10,1,1,2,50.0,106.85652566034369
2020-01-13,1,1,2,50.0,108.3024802369704
2020-01-14,1,1,2,50.0,108.45839485526324
2020-01-15,1,1,2,50.0,109.87921612005704
2020-01-16,1,1,2,50.0,111.19196672941693
2020-01-17,1,1,2,50.0,113.90598040130544
2020-01-20,1,1,2,50.0,113.42147844202191
2020-01-21,1,1,2,50.0,111.5534826943095
2020-01-22,1,1,2,50.0,113.09972585624823
2020-01-23,1,1,2,50.0,113.94121752900868
2020-01-24,1,1,2,50.0,115.36198991078146
2020-01-27,1,1,2,50.0,115.3419451892621
2020-01-28,1,1,2,50.0,113.55997730212044
2020-01-29,1,1,2,50.0,114.47885057525184
2020-01-30,1,1,2,50.0,112.60224593586801
2020-01-31,1,1,2,50.0,110.47915450554508
2020-02-01,1,1,2,50.0,108.07258517764609
2020-02-03,1,1,2,50.0,108.95059667683029
2020-02-04,1,1,2,50.0,110.90242461518129
2020-02-05,1,1,2,50.0,115.02451788045845
2020-02-06,1,1,2,50.0,113.27120208178236
2020-02-07,1,1,2,50.0,113.81019667127359
2020-02-10,1,1,2,50.0,115.02664159580789
2020-02-11,1,1,2,50.0,114.81042582633152
2020-02-12,1,1,2,50.0,117.95308349246345
2020-02-13,1,1,2,50.0,118.45638686152536
2020-02-14,1,1,2,50.0,119.34612293813214
2020-02-17,1,1,2,50.0,119.18828986838844
2020-02-18,1,1,2,50.0,119.09271420076244
2020-02-19,1,1,2,50.0,120.61196826511737
2020-02-20,1,1,2,50.0,121.0281722991742
2020-02-24,1,1,2,50.0,117.52034631360047
2020-02-25,1,1,2,50.0,114.58035264815314
2020-02-26,1,1,2,50.0,114.33726207043237
2020-02-27,1,1,2,50.0,111.27548602871641
2020-02-28,1,1,2,50.0,104.88689366356725
2020-03-02,1,1,2,50.0,102.41419331250763
2020-03-03,1,1,2,50.0,103.65100073051936
2020-03-04,1,1,2,50.0,101.42756046710417
2020-03-05,1,1,2,50.0,102.00100466907087
2020-03-06,1,1,2,50.0,98.95087899956067
2020-03-09,1,1,2,50.0,97.0095674236748
2020-03-11,1,1,2,50.0,93.93317708301039
2020-03-12,0,2,2,0.0,80.12943096406137
2020-03-13,0,2,2,0.0,76.04742252873442
2020-03-16,0,2,2,0.0,71.67932081119113
2020-03-17,0,2,2,0.0,71.27115529426145
2020-03-18,0,2,2,0.0,69.43851439886095
2020-03-19,0,2,2,0.0,67.60425083710582
2020-03-20,0,2,2,0.0,68.51775328989758
2020-03-23,0,2,2,0.0,63.978365865633705
2020-03-24,0,2,2,0.0,68.69611073262843
2020-03-25,0,2,2,0.0,72.76151419310517
2020-03-26,0,2,2,0.0,74.86849844888292
2020-03-27,0,2,2,0.0,72.28155574911202
2020-03-30,0,2,2,0.0,72.10628825881737
2020-03-31,0,2,2,0.0,76.35301976871897
2020-04-01,0,2,2,0.0,72.93584511210875
2020-04-03,0,2,2,0.0,69.93174372256746
2020-04-07,0,2,2,0.0,73.38774840661027
2020-04-08,0,2,2,0.0,73.74506072536103
2020-04-09,0,2,2,0.0,76.83549819318029
2020-04-13,0,2,2,0.0,78.76814627277426
2020-04-15,0,2,2,0.0,76.32274191366864
2020-04-16,0,2,2,0.0,75.90321371907146
2020-04-17,0,2,2,0.0,78.25279088921484
2020-04-20,0,2,2,0.0,76.6646241904804
2020-04-21,0,2,2,0.0,74.10380501272304
2020-04-22,0,2,2,0.0,72.68559937275944
2020-04-23,0,2,2,0.0,72.41014842482585
2020-04-24,0,2,2,0.0,69.33166278514626
2020-04-27,0,2,2,0.0,68.51604891146518
2020-04-28,0,2,2,0.0,71.17525504307477
2020-04-29,0,2,2,0.0,71.73569774827911
2020-04-30,0,2,2,0.0,75.10322118279626
2020-05-04,0,2,2,0.0,69.94996238386199
2020-05-05,0,2,2,0.0,71.09616218135919
2020-05-06,0,2,2,0.0,70.74785173542243
2020-05-07,0,2,2,0.0,70.33649635625625
2020-05-08,0,2,2,0.0,71.44219828955654
2020-05-11,0,2,2,0.0,73.43498386590981
2020-05-12,0,2,2,0.0,75.24644356944714
2020-05-13,0,2,2,0.0,75.42593543416245
2020-05-14,0,2,2,0.0,74.13320440768813
2020-05-15,0,2,2,0.0,74.6399351641142
2020-05-18,0,2,2,0.0,70.55606353005533
2020-05-19,0,2,2,0.0,71.84026720292681
2020-05-20,0,2,2,0.0,71.9502085026231
2020-05-21,0,2,2,0.0,73.81319797179877
2020-05-22,0,2,2,0.0,73.58826422918054
2020-05-26,0,2,2,0.0,72.74329689272496
2020-05-27,0,2,2,0.0,73.59386023856736
2020-05-28,0,2,2,0.0,74.94255294200137
2020-05-29,0,2,2,0.0,75.97225214922963
2020-06-01,0,2,2,0.0,76.05261808766184
2020-06-02,0,2,2,0.0,75.59462171763614
2020-06-03,0,2,2,0.0,78.87504096115264
2020-06-04,0,2,2,0.0,81.76007086258032
2020-06-05,0,2,2,0.0,85.69612950279132
2020-06-08,0,2,2,0.0,83.13633959113443
2020-06-09,0,2,2,0.0,81.5574078717787
2020-06-10,0,2,2,0.0,79.85486781631806
2020-06-11,0,2,2,0.0,78.68699981454873
2020-06-12,0,2,2,0.0,78.72660913013
2020-06-15,0,2,2,0.0,77.53225846408444
2020-06-16,0,2,2,0.0,77.22023535470281
2020-06-17,0,2,2,0.0,77.47688167113613
2020-06-18,0,2,2,0.0,78.39128361475443
2020-06-19,0,2,2,0.0,79.7994700455115
2020-06-22,0,2,2,0.0,81.07002135534968
2020-06-23,0,2,2,0.0,82.7022314156094
2020-06-24,0,2,2,0.0,81.70064402979433
2020-06-25,0,2,2,0.0,82.83354154369725
2020-06-26,0,2,2,0.0,82.31163443823061
2020-06-29,0,2,2,0.0,80.92422227359656
2020-06-30,0,2,2,0.0,79.22575900314764
2020-07-01,0,2,2,0.0,79.85309447122702
2020-07-02,0,2,2,0.0,80.2410145499527
2020-07-03,0,2,2,0.0,81.10998643420717
2020-07-06,0,2,2,0.0,82.75954807039425
2020-07-07,0,2,2,0.0,84.06127425959666
2020-07-08,0,2,2,0.0,83.03404908318834
2020-07-09,0,2,2,0.0,82.14461747374997
2020-07-10,0,2,2,0.0,81.2420299061593
2020-07-13,0,2,2,0.0,80.2377180964892
2020-07-14,0,2,2,0.0,76.26392971035982
2020-07-15,0,2,2,0.0,75.63291038476633
2020-07-16,0,2,2,0.0,77.41052076496966
2020-07-17,0,2,2,0.0,78.17689950837634
2020-07-20,0,2,2,0.0,79.74245543997088
2020-07-21,0,2,2,0.0,81.08036515317806
2020-07-22,0,2,2,0.0,81.65231028926603
2020-07-23,0,2,2,0.0,81.70876024661075
2020-07-24,0,2,2,0.0,80.75905968409933
2020-07-27,0,2,2,0.0,78.13661987336225
2020-07-28,0,2,2,0.0,80.44102341328426
2020-07-29,0,2,2,0.0,81.52708900831513
2020-07-30,0,2,2,0.0,81.89351489535916
2020-07-31,0,2,2,0.0,83.74439424129726
2020-08-03,0,2,2,0.0,81.91440831276894
2020-08-04,1,1,2,50.0,85.55334479426556
2020-08-05,0,2,2,0.0,84.33355364931798
2020-08-06,1,1,2,50.0,84.77182209347365
2020-08-07,1,1,2,50.0,86.08697764950065
2020-08-10,1,1,2,50.0,87.35105843525129
2020-08-11,1,1,2,50.0,86.76367651956821
2020-08-12,1,1,2,50.0,91.55481135396204
2020-08-13,1,1,2,50.0,97.85627818819
2020-08-14,1,1,2,50.0,95.82649678012727
2020-08-17,1,1,2,50.0,96.57263301455035
2020-08-18,2,0,2,100.0,102.51581234009038
2020-08-19,2,0,2,100.0,109.5150688313851
2020-08-20,2,0,2,100.0,107.557020813353
2020-08-21,2,0,2,100.0,106.2199814693741
2020-08-24,1,1,2,50.0,108.9985089772818
2020-08-25,1,1,2,50.0,122.29720138000285
2020-08-26,2,0,2,100.0,118.40544863656524
2020-08-27,2,0,2,100.0,119.1626694155798
2020-08-28,2,0,2,100.0,119.3893180655101
2020-08-31,2,0,2,100.0,118.36163896676817
2020-09-01,2,0,2,100.0,118.85264036217993
2020-09-02,2,0,2,100.0,123.59547941022448
2020-09-03,2,0,2,100.0,124.94998746562784
2020-09-04,2,0,2,100.0,122.41616280888792
2020-09-07,2,0,2,100.0,121.08409585349887
2020-09-08,2,0,2,100.0,120.57988889413392
2020-09-09,2,0,2,100.0,121.58965884197454
2020-09-10,2,0,2,100.0,125.32529237885785
2020-09-11,2,0,2,100.0,126.66032584231628
2020-09-14,2,0,2,100.0,127.35683965126223
2020-09-15,2,0,2,100.0,127.43728791868301
2020-09-16,2,0,2,100.0,128.149174167346
2020-09-17,2,0,2,100.0,127.77788234490741
2020-09-18,2,0,2,100.0,126.78026580188745
2020-09-21,2,0,2,100.0,122.80224625973632
2020-09-22,2,0,2,100.0,120.54112565749702
2020-09-23,2,0,2,100.0,123.56634092874319
2020-09-24,2,0,2,100.0,116.598553258488
2020-09-25,2,0,2,100.0,120.88378140871852
2020-09-28,2,0,2,100.0,125.84495032687926
2020-09-29,2,0,2,100.0,124.5074030417175
2020-09-30,2,0,2,100.0,124.85783373009463
2020-10-01,2,0,2,100.0,128.19431632608632
2020-10-05,2,0,2,100.0,133.4458732768644
2020-10-06,2,0,2,100.0,135.26307625327297
2020-10-07,2,0,2,100.0,136.23890403333036
2020-10-08,2,0,2,100.0,133.02946077145492
2020-10-09,2,0,2,100.0,134.16264756395898
2020-10-12,2,0,2,100.0,135.30905245680273
2020-10-13,2,0,2,100.0,134.11502557593204
2020-10-14,2,0,2,100.0,133.04050509549677
2020-10-15,2,0,2,100.0,129.86267935156422
2020-10-16,2,0,2,100.0,131.0452144654736
2020-10-19,2,0,2,100.0,134.97487323238718
2020-10-20,2,0,2,100.0,136.37709485725793
2020-10-21,2,0,2,100.0,133.88523786765225
2020-10-22,2,0,2,100.0,133.32935111881758
2020-10-23,2,0,2,100.0,134.97098168654088
2020-10-26,2,0,2,100.0,132.24079954996714
2020-10-27,2,0,2,100.0,132.43626915476682
2020-10-28,2,0,2,100.0,131.80127476511927
2020-10-29,2,0,2,100.0,135.773384723409
2020-10-30,2,0,2,100.0,136.91098960738591
2020-11-02,2,0,2,100.0,137.28198185507642
2020-11-03,2,0,2,100.0,141.11779957211292
2020-11-04,2,0,2,100.0,141.07748159406543
2020-11-05,2,0,2,100.0,145.2595548405803
2020-11-06,2,0,2,100.0,145.4126489175628
2020-11-09,2,0,2,100.0,150.07919579940742
2020-11-10,2,0,2,100.0,157.28426183835228
2020-11-11,2,0,2,100.0,157.0265418416853
2020-11-12,2,0,2,100.0,158.77475091069581
2020-11-13,2,0,2,100.0,158.72408060262453
2020-11-14,2,0,2,100.0,159.22345077791508
2020-11-17,2,0,2,100.0,165.5836239745373
2020-11-18,2,0,2,100.0,168.56214255321126
2020-11-19,2,0,2,100.0,165.99704792060228
2020-11-20,2,0,2,100.0,166.1400468176801
2020-11-23,2,0,2,100.0,170.07717747587932
2020-11-24,2,0,2,100.0,169.01769136587123
2020-11-25,2,0,2,100.0,164.01813804322444
2020-11-26,2,0,2,100.0,162.18565556094705
2020-11-27,2,0,2,100.0,159.88366305382027
2020-12-01,2,0,2,100.0,167.00662593502474
2020-12-02,2,0,2,100.0,175.09588077907853
2020-12-03,2,0,2,100.0,176.69956214728066
2020-12-04,2,0,2,100.0,181.79792859022018
2020-12-07,2,0,2,100.0,183.9279470689337
2020-12-08,2,0,2,100.0,183.18073916775234
2020-12-09,2,0,2,100.0,181.7747194695944
2020-12-10,2,0,2,100.0,181.6469967356607
2020-12-11,2,0,2,100.0,181.82744812383999
2020-12-14,2,0,2,100.0,182.13099016246557
2020-12-15,2,0,2,100.0,180.65534137507296
2020-12-16,2,0,2,100.0,180.5966334081714
2020-12-17,2,0,2,100.0,179.10139262232852
2020-12-18,2,0,2,100.0,178.75567731376913
2020-12-21,2,0,2,100.0,165.86188465096444
2020-12-22,2,0,2,100.0,175.1004494228306
2020-12-23,2,0,2,100.0,180.3801297478862
2020-12-24,2,0,2,100.0,182.0372500452749
2020-12-28,2,0,2,100.0,187.78433403742085
2020-12-29,2,0,2,100.0,187.7079003132882
2020-12-30,2,0,2,100.0,186.60039064027362
2020-12-31,2,0,2,100.0,187.56921976657134
2021-01-01,2,0,2,100.0,189.30448133913382
2021-01-04,2,0,2,100.0,191.6873458883704
2021-01-05,2,0,2,100.0,190.0091927164939
2021-01-06,2,0,2,100.0,190.32004920481538
2021-01-07,2,0,2,100.0,197.16087259015066
2021-01-08,2,0,2,100.0,195.53247210290218
2021-01-11,2,0,2,100.0,194.07616439477644
2021-01-12,2,0,2,100.0,193.9535133408662
2021-01-13,2,0,2,100.0,193.25238700737086
2021-01-14,2,0,2,100.0,194.00710069129786
2021-01-15,2,0,2,100.0,191.52078100695906
2021-01-18,2,0,2,100.0,185.81626583053801
2021-01-19,2,0,2,100.0,194.00746925528347
2021-01-20,2,0,2,100.0,197.15041523230084
2021-01-21,2,0,2,100.0,196.03411653588893
2021-01-22,2,0,2,100.0,192.13062943860285
2021-01-25,2,0,2,100.0,186.5756703727142
2021-01-27,2,0,2,100.0,186.52876207843835
2021-01-28,2,0,2,100.0,186.51141218527044
2021-01-29,2,0,2,100.0,182.9264035465495
2021-02-01,2,0,2,100.0,193.89291060491686
2021-02-02,2,0,2,100.0,198.1743589321967
2021-02-03,2,0,2,100.0,198.09129709262865
2021-02-04,2,0,2,100.0,205.22280172737806
2021-02-05,2,0,2,100.0,206.72746606826453
2021-02-08,2,0,2,100.0,213.37676514131977
2021-02-09,2,0,2,100.0,211.5074026548047
2021-02-10,2,0,2,100.0,212.56484838503263
2021-02-11,2,0,2,100.0,214.29376363045293
2021-02-12,2,0,2,100.0,224.9532590442141
2021-02-15,2,0,2,100.0,231.8740185537541
2021-02-16,2,0,2,100.0,232.1519349301735
2021-02-17,2,0,2,100.0,232.90418976928424
2021-02-18,2,0,2,100.0,235.00054971211281
2021-02-19,2,0,2,100.0,229.21415164883308
2021-02-22,2,0,2,100.0,228.8124114577498
2021-02-23,2,0,2,100.0,229.30204977655748
2021-02-24,2,0,2,100.0,236.88117775810568
2021-02-25,2,0,2,100.0,245.37910523405512
2021-02-26,2,0,2,100.0,240.97189800634752
2021-03-01,2,0,2,100.0,247.62382693670318
2021-03-02,2,0,2,100.0,251.91923580840609
2021-03-03,2,0,2,100.0,264.8894834205408
2021-03-04,2,0,2,100.0,266.5418740938589
2021-03-05,2,0,2,100.0,261.09300455523237
2021-03-08,2,0,2,100.0,258.58057029181276
2021-03-09,2,0,2,100.0,256.41686917266185
2021-03-10,2,0,2,100.0,255.1032757276327
2021-03-12,2,0,2,100.0,252.96829521401799
2021-03-15,2,0,2,100.0,253.11334435479677
2021-03-16,2,0,2,100.0,254.8737014064685
2021-03-17,2,0,2,100.0,252.50024157583445
2021-03-18,2,0,2,100.0,253.9053129488008
2021-03-19,2,0,2,100.0,252.4569171615799
2021-03-22,2,0,2,100.0,270.65690397248926
2021-03-23,2,0,2,100.0,284.55969919618894
2021-03-24,2,0,2,100.0,276.98532698561036
2021-03-25,2,0,2,100.0,265.4104832752417
2021-03-26,2,0,2,100.0,262.2905943211866
2021-03-30,2,0,2,100.0,265.78575396372213
2021-03-31,2,0,2,100.0,269.63617667097776
2021-04-01,2,0,2,100.0,278.3112582953114
2021-04-05,2,0,2,100.0,276.7132429811135
2021-04-06,2,0,2,100.0,289.5252794882408
2021-04-07,2,0,2,100.0,284.47823904073397
2021-04-08,2,0,2,100.0,287.76059125060544
2021-04-09,2,0,2,100.0,293.1188621776474
2021-04-12,2,0,2,100.0,272.8963369758486
2021-04-13,2,0,2,100.0,277.9770226289427
2021-04-15,2,0,2,100.0,281.296708711975
2021-04-16,2,0,2,100.0,282.55812320987144
2021-04-19,2,0,2,100.0,274.8882145788236
2021-04-20,2,0,2,100.0,278.03715013834534
2021-04-22,2,0,2,100.0,278.7052989441905
2021-04-23,2,0,2,100.0,278.73092339432276
2021-04-26,2,0,2,100.0,283.44723076564077
2021-04-27,2,0,2,100.0,291.67410864423726
2021-04-28,2,0,2,100.0,291.5723382917539
2021-04-29,2,0,2,100.0,291.9500785098893
2021-04-30,2,0,2,100.0,287.9386995365192
2021-05-03,2,0,2,100.0,301.9741540277734
2021-05-04,2,0,2,100.0,298.7956767528648
2021-05-05,2,0,2,100.0,301.911162139162
2021-05-06,2,0,2,100.0,305.44852549749777
2021-05-07,2,0,2,100.0,304.8379851771712
2021-05-10,2,0,2,100.0,308.89493943531363
2021-05-11,2,0,2,100.0,308.57072031418267
2021-05-12,2,0,2,100.0,307.02379070906215
2021-05-14,2,0,2,100.0,300.47457937774334
2021-05-17,2,0,2,100.0,309.73621961516466
2021-05-18,2,0,2,100.0,315.24868895429614
2021-05-19,2,0,2,100.0,309.1394710754589
2021-05-20,2,0,2,100.0,308.18133847791853
2021-05-21,2,0,2,100.0,311.84519453003145
2021-05-24,2,0,2,100.0,309.99514670395894
2021-05-25,2,0,2,100.0,310.4578641436849
2021-05-26,2,0,2,100.0,315.7604320847021
2021-05-27,2,0,2,100.0,317.6339645680803
2021-05-28,2,0,2,100.0,318.0846455839754
2021-05-31,2,0,2,100.0,318.217181750674
2021-06-01,2,0,2,100.0,329.104636102295
2021-06-02,2,0,2,100.0,346.0535231977904
2021-06-03,2,0,2,100.0,350.11489872587646
2021-06-04,2,0,2,100.0,362.13968769987366
2021-06-07,2,0,2,100.0,354.08333276179206
2021-06-08,2,0,2,100.0,358.31722851749424
2021-06-09,2,0,2,100.0,354.6195457592937
2021-06-10,2,0,2,100.0,355.99492465867525
2021-06-11,2,0,2,100.0,355.26480205973974
2021-06-14,2,0,2,100.0,342.6452785531825
2021-06-15,2,0,2,100.0,348.1954926948149
2021-06-16,2,0,2,100.0,332.5035766707578
2021-06-17,2,0,2,100.0,320.7389939876548
2021-06-18,2,0,2,100.0,334.33530045271624
2021-06-21,2,0,2,100.0,341.8356423922863
2021-06-22,2,0,2,100.0,341.8590976459189
2021-06-23,2,0,2,100.0,336.9173381255559
2021-06-24,2,0,2,100.0,335.4937060379723
2021-06-25,2,0,2,100.0,340.487799247991
2021-06-28,2,0,2,100.0,341.3315873418354
2021-06-29,2,0,2,100.0,341.05097045532455
2021-06-30,2,0,2,100.0,338.0472121408705
2021-07-01,2,0,2,100.0,338.7435652353266
2021-07-02,2,0,2,100.0,328.7909474035786
2021-07-05,2,0,2,100.0,329.02962631941085
2021-07-06,2,0,2,100.0,332.63233758617525
2021-07-07,2,0,2,100.0,337.7491509194704
2021-07-08,2,0,2,100.0,338.9406779236013
2021-07-09,2,0,2,100.0,338.41177550492665
2021-07-12,2,0,2,100.0,337.4520476227204
2021-07-13,2,0,2,100.0,338.20819501681615
2021-07-14,2,0,2,100.0,336.1653507408165
2021-07-15,2,0,2,100.0,337.06633263452994
2021-07-16,2,0,2,100.0,334.13516684942624
2021-07-19,2,0,2,100.0,328.36639980595623
2021-07-20,2,0,2,100.0,318.0454700324777
2021-07-22,2,0,2,100.0,325.9087428115559
2021-07-23,2,0,2,100.0,327.341298372064
2021-07-26,2,0,2,100.0,328.85494517628325
2021-07-27,2,0,2,100.0,324.66810683824446
2021-07-28,2,0,2,100.0,321.4730290273286
2021-07-29,2,0,2,100.0,320.1395598595752
2021-07-30,2,0,2,100.0,321.85944895277623
2021-08-02,2,0,2,100.0,325.4368795706726
2021-08-03,2,0,2,100.0,327.48359889494674
2021-08-04,2,0,2,100.0,324.39975544039567
2021-08-05,1,1,2,50.0,323.3906139830071
2021-08-06,1,1,2,50.0,334.92459968721045
2021-08-09,2,0,2,100.0,331.8691168978688
2021-08-10,1,1,2,50.0,324.25795854834985
2021-08-11,1,1,2,50.0,323.40652483310856
2021-08-12,2,0,2,100.0,326.8685101571286
2021-08-13,2,0,2,100.0,326.9149328477059
2021-08-16,2,0,2,100.0,327.670466557513
2021-08-17,2,0,2,100.0,330.2666640877866
2021-08-18,2,0,2,100.0,331.5842939283383
2021-08-20,1,1,2,50.0,324.3846688120924
2021-08-23,2,0,2,100.0,321.8630976614407
2021-08-24,2,0,2,100.0,328.6255067792388
2021-08-25,2,0,2,100.0,335.2952839876211
2021-08-26,2,0,2,100.0,338.3423585886736
2021-08-27,2,0,2,100.0,344.6333974043106
2021-08-30,2,0,2,100.0,349.94667283220747
2021-08-31,2,0,2,100.0,366.30970267462055
2021-09-01,2,0,2,100.0,364.8653214682394
2021-09-02,2,0,2,100.0,368.15970005959457
2021-09-03,2,0,2,100.0,369.6189413197583
2021-09-06,2,0,2,100.0,371.84758002137175
2021-09-07,2,0,2,100.0,367.33408964963814
2021-09-08,2,0,2,100.0,367.08065541496177
2021-09-09,2,0,2,100.0,362.1147095570789
2021-09-13,2,0,2,100.0,359.32743841468056
2021-09-14,2,0,2,100.0,361.3593333635609
2021-09-15,2,0,2,100.0,364.99270100162823
2021-09-16,2,0,2,100.0,363.5778740841137
2021-09-17,2,0,2,100.0,380.6538205507424
2021-09-20,2,0,2,100.0,370.45810883156605
2021-09-21,2,0,2,100.0,379.1075451935776
2021-09-22,2,0,2,100.0,374.55657154511044
2021-09-23,2,0,2,100.0,381.7374007528873
2021-09-24,2,0,2,100.0,373.4001587768873
2021-09-27,2,0,2,100.0,377.34269155438494
2021-09-28,2,0,2,100.0,366.5765892049874
2021-09-29,2,0,2,100.0,365.12749133386535
2021-09-30,2,0,2,100.0,364.0975075535727
2021-10-01,2,0,2,100.0,358.8212200950381
2021-10-04,2,0,2,100.0,368.7311955818135
2021-10-05,2,0,2,100.0,366.80770291286694
2021-10-06,2,0,2,100.0,357.14822670224385
2021-10-07,2,0,2,100.0,363.8239182175206
2021-10-08,2,0,2,100.0,368.45391185829766
2021-10-11,2,0,2,100.0,375.5288722244833
2021-10-12,2,0,2,100.0,376.59724898089746
2021-10-13,2,0,2,100.0,376.34497321766094
2021-10-14,2,0,2,100.0,390.72398372564925
2021-10-18,2,0,2,100.0,385.1455835252534
2021-10-19,2,0,2,100.0,376.2510578138454
2021-10-20,2,0,2,100.0,378.2492191910436
2021-10-21,2,0,2,100.0,381.8514456561945
2021-10-22,2,0,2,100.0,373.3040242864545
2021-10-25,2,0,2,100.0,369.9033367833808
2021-10-26,2,0,2,100.0,373.63995828782976
2021-10-27,2,0,2,100.0,375.37477871621047
2021-10-28,2,0,2,100.0,354.0984075323204
2021-10-29,2,0,2,100.0,372.9766837208037
2021-11-01,2,0,2,100.0,376.1708689881415
2021-11-02,2,0,2,100.0,379.702102472306
2021-11-03,2,0,2,100.0,380.14468906698016
2021-11-04,2,0,2,100.0,381.1695818784818
2021-11-08,2,0,2,100.0,390.462484290834
2021-11-09,2,0,2,100.0,398.2186387764939
2021-11-10,2,0,2,100.0,399.0069937179102
2021-11-11,2,0,2,100.0,401.0870303429619
2021-11-12,2,0,2,100.0,420.7711235420116
2021-11-15,2,0,2,100.0,429.92843208452075
2021-11-16,2,0,2,100.0,426.8915716643175
2021-11-17,2,0,2,100.0,423.32444615352944
2021-11-18,2,0,2,100.0,413.79069812807086
2021-11-22,2,0,2,100.0,404.07809367346107
2021-11-23,2,0,2,100.0,409.51568742402424
2021-11-24,2,0,2,100.0,411.63237807642406
2021-11-25,2,0,2,100.0,405.81756548097064
2021-11-26,2,0,2,100.0,377.0832338522117
2021-11-29,2,0,2,100.0,377.21414367012443
2021-11-30,2,0,2,100.0,378.015254844368
2021-12-01,2,0,2,100.0,381.25312652047995
2021-12-02,2,0,2,100.0,386.5646757099087
2021-12-03,2,0,2,100.0,380.190496863378
2021-12-06,2,0,2,100.0,371.55244601853343
2021-12-07,2,0,2,100.0,383.87498895353775
2021-12-08,2,0,2,100.0,392.21155870599375
2021-12-09,2,0,2,100.0,396.21080117888255
2021-12-10,2,0,2,100.0,396.1502282484874
2021-12-13,2,0,2,100.0,395.0365920071771
2021-12-14,2,0,2,100.0,391.8770404115901
2021-12-15,2,0,2,100.0,387.5955190689527
2021-12-16,2,0,2,100.0,388.64361464215017
2021-12-17,2,0,2,100.0,381.15612290775255
2021-12-20,1,1,2,50.0,361.39246169332165
2021-12-21,2,0,2,100.0,366.85682484342504
2021-12-22,2,0,2,100.0,378.8053936685078
2021-12-23,2,0,2,100.0,386.22214831953505
2021-12-24,2,0,2,100.0,388.5557262839262
2021-12-27,2,0,2,100.0,395.6872499899951
2021-12-28,2,0,2,100.0,397.88785705519916
2021-12-29,2,0,2,100.0,394.8600533265243
2021-12-30,2,0,2,100.0,389.5603355694191
2021-12-31,2,0,2,100.0,394.79779384579115
2022-01-03,2,0,2,100.0,395.3396123633289
2022-01-04,2,0,2,100.0,398.27126141999855
2022-01-05,2,0,2,100.0,391.62270578517877
2022-01-06,2,0,2,100.0,389.6119392322907
2022-01-07,2,0,2,100.0,392.5219808365265
2022-01-10,2,0,2,100.0,403.56065676828916
2022-01-11,2,0,2,100.0,412.1526819288396
2022-01-12,2,0,2,100.0,416.02158297189743
2022-01-13,2,0,2,100.0,424.2303711460835
2022-01-14,2,0,2,100.0,428.19682636654426
2022-01-17,2,0,2,100.0,429.0413740095489
2022-01-18,2,0,2,100.0,419.58065829312227
2022-01-19,2,0,2,100.0,417.27944923788016
2022-01-20,2,0,2,100.0,420.37570968352503
2022-01-21,2,0,2,100.0,415.4077577524008
2022-01-24,2,0,2,100.0,393.4391831178165
2022-01-25,2,0,2,100.0,393.85627417140626
2022-01-27,1,1,2,50.0,377.1676394983318
2022-01-28,1,1,2,50.0,377.42648400101405
2022-01-31,1,1,2,50.0,379.8145000757985
2022-02-01,2,0,2,100.0,392.9713974764101
2022-02-02,2,0,2,100.0,396.2838692699679
2022-02-03,2,0,2,100.0,392.6060465184476
2022-02-04,2,0,2,100.0,396.53816841446303
2022-02-07,2,0,2,100.0,413.31880850170376
2022-02-08,2,0,2,100.0,412.6237401646372
2022-02-09,2,0,2,100.0,427.4273171794666
2022-02-10,2,0,2,100.0,426.1641283002838
2022-02-11,2,0,2,100.0,426.24983626873495
2022-02-14,2,0,2,100.0,397.8818538433488
2022-02-15,2,0,2,100.0,416.8290861168581
2022-02-16,2,0,2,100.0,414.22470119982154
2022-02-17,2,0,2,100.0,412.008457659686
2022-02-18,2,0,2,100.0,408.8196204842226
2022-02-21,2,0,2,100.0,399.90167522480124
2022-02-22,2,0,2,100.0,395.8607828431107
2022-02-23,2,0,2,100.0,395.8000657208981
2022-02-24,0,2,2,0.0,358.5702350068114
2022-02-25,1,1,2,50.0,375.83967529523915
2022-02-28,1,1,2,50.0,374.58232296707735
2022-03-02,1,1,2,50.0,367.30292927708973
2022-03-03,1,1,2,50.0,359.8857335100058
2022-03-04,1,1,2,50.0,356.13496633498477
2022-03-07,0,2,2,0.0,339.4461816832758
2022-03-08,1,1,2,50.0,341.6106204842179
2022-03-09,1,1,2,50.0,359.2545860836394
2022-03-10,1,1,2,50.0,377.05729992848904
2022-03-11,1,1,2,50.0,379.41370289954955
2022-03-14,1,1,2,50.0,381.5078821685661
2022-03-15,1,1,2,50.0,377.04687641143755
2022-03-16,1,1,2,50.0,390.2367635449194
2022-03-17,1,1,2,50.0,396.79679239554144
2022-03-21,1,1,2,50.0,386.2956029342157
2022-03-22,1,1,2,50.0,391.7231952748394
2022-03-23,1,1,2,50.0,389.157644556646
2022-03-24,1,1,2,50.0,394.7166820337996
2022-03-25,2,0,2,100.0,406.6036686811268
2022-03-28,2,0,2,100.0,413.7415412460247
2022-03-29,2,0,2,100.0,414.43830013117145
2022-03-30,2,0,2,100.0,425.63417153861593
2022-03-31,2,0,2,100.0,430.3671418271442
2022-04-01,2,0,2,100.0,431.7924732985604
2022-04-04,2,0,2,100.0,435.8607245754592
2022-04-05,2,0,2,100.0,440.6218942621849
2022-04-06,2,0,2,100.0,441.9034543229
2022-04-07,2,0,2,100.0,435.7971207667349
2022-04-08,2,0,2,100.0,445.4339526074959
2022-04-11,2,0,2,100.0,445.4253008970296
2022-04-12,1,1,2,50.0,440.5720028278253
2022-04-13,1,1,2,50.0,436.98760063660933
2022-04-18,1,1,2,50.0,438.7597744473395
2022-04-19,1,1,2,50.0,430.535754358171
2022-04-20,1,1,2,50.0,435.17533097784644
2022-04-21,1,1,2,50.0,450.20803537417873
2022-04-22,1,1,2,50.0,446.3277917941263
2022-04-25,1,1,2,50.0,441.43463399425053
2022-04-26,1,1,2,50.0,452.7972820397732
2022-04-27,1,1,2,50.0,437.46150161954967
2022-04-28,1,1,2,50.0,449.84475570873155
2022-04-29,1,1,2,50.0,445.38232225009995
2022-05-02,1,1,2,50.0,447.1472258995945
2022-05-04,1,1,2,50.0,431.16097356155245
2022-05-05,1,1,2,50.0,428.9389379968419
2022-05-06,1,1,2,50.0,423.8075668917847
2022-05-09,1,1,2,50.0,415.68350298771986
2022-05-10,1,1,2,50.0,404.4541972531361
2022-05-11,1,1,2,50.0,403.66206598324527
2022-05-12,1,1,2,50.0,390.8768709105149
2022-05-13,1,1,2,50.0,390.95935529730366
2022-05-16,1,1,2,50.0,399.46928054449245
2022-05-17,1,1,2,50.0,410.1260990187866
2022-05-18,1,1,2,50.0,411.6712414303052
2022-05-19,1,1,2,50.0,401.19922227466185
2022-05-20,1,1,2,50.0,411.44207391265513
2022-05-23,1,1,2,50.0,414.4502608950496
2022-05-24,1,1,2,50.0,408.3837222679402
2022-05-25,1,1,2,50.0,395.71837720962543
2022-05-26,1,1,2,50.0,413.57673079331016
2022-05-27,1,1,2,50.0,417.63043326038974
2022-05-30,1,1,2,50.0,424.72904716756403
2022-05-31,1,1,2,50.0,428.3962880480038
2022-06-01,1,1,2,50.0,425.236353215006
2022-06-02,1,1,2,50.0,431.3685431634582
2022-06-03,1,1,2,50.0,427.59330800906065
2022-06-06,1,1,2,50.0,431.8643104159154
2022-06-07,1,1,2,50.0,432.2077807515877
2022-06-08,1,1,2,50.0,425.16875710346005
2022-06-09,1,1,2,50.0,428.2141555613489
2022-06-10,1,1,2,50.0,428.49325255373634
2022-06-13,1,1,2,50.0,410.20855616360876
2022-06-14,1,1,2,50.0,420.21056777879204
2022-06-15,1,1,2,50.0,418.18496464333634
2022-06-16,1,1,2,50.0,398.0632250074331
2022-06-17,1,1,2,50.0,397.2044735711533
2022-06-20,1,1,2,50.0,385.63484215154335
2022-06-21,1,1,2,50.0,402.97698725477176
2022-06-22,1,1,2,50.0,398.59341640534376
2022-06-23,1,1,2,50.0,397.54322354521787
2022-06-24,1,1,2,50.0,403.49019423986095
2022-06-27,1,1,2,50.0,404.6781755069934
2022-06-28,1,1,2,50.0,408.3988036109498
2022-06-29,1,1,2,50.0,407.00441396326363
2022-06-30,1,1,2,50.0,403.1939149615124
2022-07-01,1,1,2,50.0,412.5417787131492
2022-07-04,1,1,2,50.0,415.0754572658646
2022-07-05,1,1,2,50.0,411.2329738443067
2022-07-06,1,1,2,50.0,417.77572946810295
2022-07-07,1,1,2,50.0,421.66033437596946
2022-07-08,1,1,2,50.0,421.64155699409554
2022-07-11,1,1,2,50.0,431.11962556155794
2022-07-12,1,1,2,50.0,430.2766542716828
2022-07-13,1,1,2,50.0,434.7932927517654
2022-07-14,1,1,2,50.0,440.5360651593373
2022-07-15,1,1,2,50.0,445.6916356305571
2022-07-18,1,1,2,50.0,449.3009794749502
2022-07-19,1,1,2,50.0,448.81276146228714
2022-07-20,1,1,2,50.0,447.49980998985535
2022-07-21,1,1,2,50.0,459.10238583580343
2022-07-22,1,1,2,50.0,458.13485700544334
2022-07-25,1,1,2,50.0,462.94719242075314
2022-07-26,1,1,2,50.0,459.08976995923246
2022-07-27,1,1,2,50.0,457.12949197856386
2022-07-28,1,1,2,50.0,466.42659701929387
2022-07-29,1,1,2,50.0,471.3028873574375
2022-08-01,1,1,2,50.0,482.60330362998695
2022-08-02,2,0,2,100.0,491.5285459073068
2022-08-03,2,0,2,100.0,498.11398401761124
2022-08-04,2,0,2,100.0,500.4253216364786
2022-08-05,2,0,2,100.0,510.05331941697625
2022-08-08,2,0,2,100.0,517.2109997420924
2022-08-10,2,0,2,100.0,516.865405311124
2022-08-11,2,0,2,100.0,515.1459837566711
2022-08-12,2,0,2,100.0,517.1974729647709
2022-08-16,2,0,2,100.0,534.3066335256979
2022-08-17,2,0,2,100.0,534.8497146688048
2022-08-18,2,0,2,100.0,544.0146903322797
2022-08-19,2,0,2,100.0,535.0372203795417
2022-08-22,2,0,2,100.0,528.1093076342582
2022-08-23,2,0,2,100.0,531.0914047996959
2022-08-24,2,0,2,100.0,535.726226936766
2022-08-25,2,0,2,100.0,530.3112218213274
2022-08-26,2,0,2,100.0,536.7619099403065
2022-08-29,2,0,2,100.0,534.9160514465319
2022-08-30,2,0,2,100.0,547.1835499582281
2022-09-01,2,0,2,100.0,553.4386618101476
2022-09-02,2,0,2,100.0,562.7121646452872
2022-09-05,2,0,2,100.0,560.6195340446852
2022-09-06,2,0,2,100.0,568.3033650188956
2022-09-07,2,0,2,100.0,565.2989648807735
2022-09-08,2,0,2,100.0,559.1128753792437
2022-09-09,2,0,2,100.0,557.1175975872267
2022-09-12,2,0,2,100.0,557.2628826984959
2022-09-13,2,0,2,100.0,565.0971505939553
2022-09-14,2,0,2,100.0,562.7036501730942
2022-09-15,2,0,2,100.0,576.1776033228188
2022-09-16,1,1,2,50.0,562.6002517169247
2022-09-19,1,1,2,50.0,568.7920937843945
2022-09-20,2,0,2,100.0,583.3787149886069
2022-09-21,1,1,2,50.0,564.28601398245
2022-09-22,1,1,2,50.0,570.0795522038998
2022-09-23,1,1,2,50.0,561.914595832376
2022-09-26,1,1,2,50.0,554.4162618316183
2022-09-27,1,1,2,50.0,553.2107277653396
2022-09-28,1,1,2,50.0,548.5911391482822
2022-09-29,1,1,2,50.0,543.7039738346838
2022-09-30,1,1,2,50.0,546.6986085334264
2022-10-03,1,1,2,50.0,514.479577055076
2022-10-04,1,1,2,50.0,528.8896881366761
2022-10-06,1,1,2,50.0,527.6904691604256
2022-10-07,1,1,2,50.0,523.8712161811545
2022-10-10,1,1,2,50.0,518.6575513423909
2022-10-11,1,1,2,50.0,520.0524597485615
2022-10-12,1,1,2,50.0,512.7152562370303
2022-10-13,1,1,2,50.0,511.8891973307623
2022-10-14,1,1,2,50.0,512.3069721272695
2022-10-17,1,1,2,50.0,511.53822460370566
2022-10-18,1,1,2,50.0,522.5231757183172
2022-10-19,1,1,2,50.0,521.9916967433317
2022-10-20,1,1,2,50.0,528.8050996496255
2022-10-21,1,1,2,50.0,524.4746043004038
2022-10-24,1,1,2,50.0,526.4161602451682
2022-10-25,1,1,2,50.0,522.0367944742696
2022-10-27,1,1,2,50.0,519.9379277292984
2022-10-28,1,1,2,50.0,522.9477895498995
2022-10-31,1,1,2,50.0,527.7262564317687
2022-11-01,1,1,2,50.0,551.4938424328901
2022-11-02,1,1,2,50.0,549.5773743604591
2022-11-03,1,1,2,50.0,549.9717115522666
2022-11-04,1,1,2,50.0,567.778433789496
2022-11-07,1,1,2,50.0,574.0600063159998
2022-11-09,1,1,2,50.0,567.1396461932876
2022-11-10,1,1,2,50.0,565.4108822165733
2022-11-11,1,1,2,50.0,575.7928095944316
2022-11-14,1,1,2,50.0,578.349765428157
2022-11-15,1,1,2,50.0,583.6847832985101
2022-11-16,1,1,2,50.0,572.8172375397169
2022-11-17,1,1,2,50.0,573.6741535434301
2022-11-18,1,1,2,50.0,579.4182933456615
2022-11-21,1,1,2,50.0,579.6682775295618
2022-11-22,1,1,2,50.0,586.2817112196044
2022-11-23,2,0,2,100.0,588.774313523031
2022-11-24,2,0,2,100.0,590.7309864264353
2022-11-25,2,0,2,100.0,590.7266872929445
2022-11-28,2,0,2,100.0,590.5783331213447
2022-11-29,2,0,2,100.0,589.6884878428177
2022-11-30,2,0,2,100.0,596.7175248290299
2022-12-01,2,0,2,100.0,597.5360936222658
2022-12-02,2,0,2,100.0,593.8516720447136
2022-12-05,2,0,2,100.0,594.8447614608302
2022-12-06,2,0,2,100.0,604.656699432606
2022-12-07,2,0,2,100.0,608.5232196417408
2022-12-08,2,0,2,100.0,617.58710056034
2022-12-09,2,0,2,100.0,611.2640861133274
2022-12-12,2,0,2,100.0,622.2828755635666
2022-12-13,2,0,2,100.0,622.0925943872111
2022-12-14,2,0,2,100.0,619.4959352844863
2022-12-15,2,0,2,100.0,618.4680981853471
2022-12-16,2,0,2,100.0,605.5818782801418
2022-12-19,2,0,2,100.0,622.7527817129545
2022-12-20,2,0,2,100.0,635.2666756529752
2022-12-21,2,0,2,100.0,607.8661090419879
2022-12-22,2,0,2,100.0,599.3629550447924
2022-12-23,2,0,2,100.0,572.3019105043884
2022-12-26,2,0,2,100.0,584.7437929864361
2022-12-27,2,0,2,100.0,599.2738769311056
2022-12-28,2,0,2,100.0,599.6489768875393
2022-12-29,2,0,2,100.0,600.7343890956091
2022-12-30,2,0,2,100.0,603.3135381260587
2023-01-02,2,0,2,100.0,607.2389616193359
2023-01-03,2,0,2,100.0,606.1612137791451
2023-01-04,2,0,2,100.0,600.2319767315329
2023-01-05,2,0,2,100.0,605.609123456524
2023-01-06,2,0,2,100.0,602.5621721367944
2023-01-09,2,0,2,100.0,605.6347718813033
2023-01-10,2,0,2,100.0,592.2503185121241
2023-01-11,2,0,2,100.0,600.5045009846609
2023-01-12,2,0,2,100.0,601.1182262243892
2023-01-13,2,0,2,100.0,608.9755944581366
2023-01-16,2,0,2,100.0,598.2019485948254
2023-01-17,2,0,2,100.0,597.1256262779959
2023-01-18,2,0,2,100.0,594.0570915084069
2023-01-19,2,0,2,100.0,588.5548868646093
2023-01-20,2,0,2,100.0,584.7446583567536
2023-01-23,2,0,2,100.0,586.1258861917559
2023-01-24,2,0,2,100.0,583.9212854653699
2023-01-25,2,0,2,100.0,580.379673453747
2023-01-27,1,1,2,50.0,524.5567359966427
2023-01-30,1,1,2,50.0,535.7468381735277
2023-01-31,1,1,2,50.0,548.4583549665782
2023-02-01,1,1,2,50.0,466.05412954739
2023-02-02,1,1,2,50.0,408.30528692163693
2023-02-03,1,1,2,50.0,408.507484628337
2023-02-06,1,1,2,50.0,404.14627269267925
2023-02-07,1,1,2,50.0,429.2288631235211
2023-02-08,1,1,2,50.0,473.80450064043396
2023-02-09,1,1,2,50.0,447.63436595498763
2023-02-10,1,1,2,50.0,438.89851682716517
2023-02-13,1,1,2,50.0,424.07778380655225
2023-02-14,1,1,2,50.0,426.81805706418857
2023-02-15,1,1,2,50.0,425.0865356726561
2023-02-16,1,1,2,50.0,417.6739896128683
2023-02-17,1,1,2,50.0,407.42722148545425
2023-02-20,1,1,2,50.0,395.4054747349589
2023-02-21,0,2,2,0.0,386.26150033829856
2023-02-22,0,2,2,0.0,363.9176899796294
2023-02-23,0,2,2,0.0,364.0322422927409
2023-02-24,0,2,2,0.0,354.06540805950084
2023-02-27,0,2,2,0.0,336.1770323653905
2023-02-28,0,2,2,0.0,361.8420667716264
2023-03-01,0,2,2,0.0,387.1998097811858
2023-03-02,0,2,2,0.0,393.5339186904446
2023-03-03,0,2,2,0.0,428.11146180688763
2023-03-06,0,2,2,0.0,438.8088683984419
2023-03-08,1,1,2,50.0,450.5326415785681
2023-03-09,0,2,2,0.0,436.863157581102
2023-03-10,1,1,2,50.0,433.15569263346623
2023-03-13,0,2,2,0.0,427.12452974255325
2023-03-14,0,2,2,0.0,412.0487034869976
2023-03-15,0,2,2,0.0,424.4939888346598
2023-03-16,0,2,2,0.0,424.83200420833595
2023-03-17,0,2,2,0.0,427.5801138967722
2023-03-20,0,2,2,0.0,419.58414791984575
2023-03-21,0,2,2,0.0,423.7302634033679
2023-03-22,1,1,2,50.0,424.3016559876856
2023-03-23,1,1,2,50.0,424.06974803970616
2023-03-24,0,2,2,0.0,412.90475321769014
2023-03-27,0,2,2,0.0,407.39708817217223
2023-03-28,0,2,2,0.0,391.94005505882166
2023-03-29,0,2,2,0.0,409.0393570005459
2023-03-31,1,1,2,50.0,419.77772887665583
2023-04-03,1,1,2,50.0,414.6509038612626
2023-04-05,1,1,2,50.0,415.3310092993176
2023-04-06,1,1,2,50.0,420.48389434744695
2023-04-10,1,1,2,50.0,424.5787511412489
2023-04-11,0,2,2,0.0,422.7031082275439
2023-04-12,0,2,2,0.0,427.9846360812147
2023-04-13,0,2,2,0.0,430.6272910871283
2023-04-17,1,1,2,50.0,438.15290180717994
2023-04-18,1,1,2,50.0,437.51252642640657
2023-04-19,1,1,2,50.0,438.8430180321593
2023-04-20,1,1,2,50.0,439.94308615860376
2023-04-21,1,1,2,50.0,434.88214967006843
2023-04-24,1,1,2,50.0,435.22591502404754
2023-04-25,1,1,2,50.0,440.4584879056271
2023-04-26,1,1,2,50.0,443.59886954549495
2023-04-27,1,1,2,50.0,444.6017866335735
2023-04-28,1,1,2,50.0,453.2162478622213
2023-05-02,1,1,2,50.0,457.82427743307477
2023-05-03,1,1,2,50.0,458.89128804555713
2023-05-04,1,1,2,50.0,467.8526420613373
2023-05-05,1,1,2,50.0,468.4467559623322
2023-05-08,1,1,2,50.0,468.89433287819713
2023-05-09,1,1,2,50.0,470.81512639259506
2023-05-10,1,1,2,50.0,472.00934157725385
2023-05-11,1,1,2,50.0,486.4972542181067
2023-05-12,1,1,2,50.0,482.23160526278156
2023-05-15,1,1,2,50.0,478.0737921183751
2023-05-16,1,1,2,50.0,477.8606169086059
2023-05-17,1,1,2,50.0,481.1807810326444
2023-05-18,1,1,2,50.0,476.25914759790663
2023-05-19,1,1,2,50.0,484.8071648294847
2023-05-22,1,1,2,50.0,533.1518903257415
2023-05-23,1,1,2,50.0,566.9076726094306
2023-05-24,1,1,2,50.0,548.8713870325436
2023-05-25,1,1,2,50.0,560.1666554149135
2023-05-26,1,1,2,50.0,563.0723418297596
2023-05-29,1,1,2,50.0,561.6720978629158
2023-05-30,1,1,2,50.0,563.5786228673962
2023-05-31,1,1,2,50.0,563.3594544425575
2023-06-01,1,1,2,50.0,559.8164018087068
2023-06-02,1,1,2,50.0,559.536212347498
2023-06-05,1,1,2,50.0,560.2596453370534
2023-06-06,1,1,2,50.0,561.1169965958652
2023-06-07,1,1,2,50.0,562.9029260940089
2023-06-08,1,1,2,50.0,564.8608101069832
2023-06-09,1,1,2,50.0,569.2307153915465
2023-06-12,1,1,2,50.0,567.1515812499078
2023-06-13,1,1,2,50.0,556.267173112483
2023-06-14,1,1,2,50.0,557.5590410430086
2023-06-15,1,1,2,50.0,567.6673610381857
2023-06-16,1,1,2,50.0,572.2128469185872
2023-06-19,1,1,2,50.0,560.2072405794719
2023-06-20,1,1,2,50.0,562.3978869512853
2023-06-21,1,1,2,50.0,565.1220005901083
2023-06-22,1,1,2,50.0,564.860902893527
2023-06-23,1,1,2,50.0,545.3580533586648
2023-06-26,1,1,2,50.0,551.8096199390111
2023-06-27,1,1,2,50.0,557.7341046311437
2023-06-28,1,1,2,50.0,582.1536236210156
2023-06-30,1,1,2,50.0,581.1072454404951
2023-07-03,1,1,2,50.0,582.0468316371566
2023-07-04,1,1,2,50.0,577.4063564824143
2023-07-05,1,1,2,50.0,585.5695746732963
2023-07-06,1,1,2,50.0,590.8746015729821
2023-07-07,1,1,2,50.0,580.7661587815653
2023-07-10,1,1,2,50.0,588.9817802342025
2023-07-11,1,1,2,50.0,594.0712863110364
2023-07-12,1,1,2,50.0,592.1753931933391
2023-07-13,1,1,2,50.0,584.7171233309963
2023-07-14,1,1,2,50.0,583.3599445171419
2023-07-17,1,1,2,50.0,589.4832672760368
2023-07-18,1,1,2,50.0,587.8190535639557
2023-07-19,1,1,2,50.0,593.9086581173361
2023-07-20,1,1,2,50.0,596.7339409159546
2023-07-21,1,1,2,50.0,590.6267134743107
2023-07-24,1,1,2,50.0,589.9769215906562
2023-07-25,1,1,2,50.0,586.360387744528
2023-07-26,1,1,2,50.0,581.7938773454925
2023-07-27,1,1,2,50.0,577.9530646011107
2023-07-28,1,1,2,50.0,589.7043982959037
2023-07-31,1,1,2,50.0,590.4604659419316
2023-08-01,1,1,2,50.0,586.6235663239404
2023-08-02,1,1,2,50.0,585.1091625436289
2023-08-03,1,1,2,50.0,578.6874738546629
2023-08-04,1,1,2,50.0,587.439754462392
2023-08-07,1,1,2,50.0,590.2626743396046
2023-08-08,1,1,2,50.0,585.1684420055784
2023-08-09,1,1,2,50.0,592.1542519657444
2023-08-10,1,1,2,50.0,593.2473859971293
2023-08-11,1,1,2,50.0,587.7414381072084
2023-08-14,1,1,2,50.0,581.9567793669687
2023-08-16,1,1,2,50.0,570.3405473347107
2023-08-17,1,1,2,50.0,574.5035034503061
2023-08-18,1,1,2,50.0,585.1847357852049
2023-08-21,1,1,2,50.0,591.7085131762553
2023-08-22,2,0,2,100.0,601.0868093624359
2023-08-23,1,1,2,50.0,585.3475334601503
2023-08-24,1,1,2,50.0,584.6830506156863
2023-08-25,1,1,2,50.0,576.7560336464738
2023-08-28,1,1,2,50.0,576.9379918154784
2023-08-29,1,1,2,50.0,581.2243704749495
2023-08-30,1,1,2,50.0,578.4291410123137
2023-08-31,1,1,2,50.0,565.2842140790135
2023-09-01,1,1,2,50.0,569.3352496166425
2023-09-04,1,1,2,50.0,573.6429975546334
2023-09-05,1,1,2,50.0,575.7462695515854
2023-09-06,1,1,2,50.0,577.4213827985053
2023-09-07,1,1,2,50.0,577.1305627661179
2023-09-08,1,1,2,50.0,581.4301744237198
2023-09-11,2,0,2,100.0,595.6822190651237
2023-09-12,2,0,2,100.0,585.7386113771958
2023-09-13,1,1,2,50.0,578.4122856431832
2023-09-14,2,0,2,100.0,580.5659368630413
2023-09-15,2,0,2,100.0,574.2773552610098
2023-09-18,1,1,2,50.0,571.1195132470532
2023-09-20,1,1,2,50.0,567.6113723260809
2023-09-21,1,1,2,50.0,566.8967658807337
2023-09-22,1,1,2,50.0,561.5040156115496
2023-09-25,2,0,2,100.0,566.2342088223141
2023-09-26,1,1,2,50.0,566.5323339731302
2023-09-27,2,0,2,100.0,567.5335320872963
2023-09-28,2,0,2,100.0,561.1715856794755
2023-09-29,1,1,2,50.0,558.8709006002975
2023-10-03,1,1,2,50.0,560.3097403403533
2023-10-04,2,0,2,100.0,565.4048990850271
2023-10-05,2,0,2,100.0,576.0438157752302
2023-10-06,2,0,2,100.0,584.6474129748626
2023-10-09,2,0,2,100.0,573.3116264275129
2023-10-10,2,0,2,100.0,584.1131566728861
2023-10-11,2,0,2,100.0,585.6376706928625
2023-10-12,2,0,2,100.0,593.3845562199546
2023-10-13,2,0,2,100.0,590.1712339128076
2023-10-16,2,0,2,100.0,585.5630045666305
2023-10-17,2,0,2,100.0,586.1032211789326
2023-10-18,2,0,2,100.0,580.3081576060426
2023-10-19,2,0,2,100.0,574.8374801788947
2023-10-20,2,0,2,100.0,563.7682310870392
2023-10-23,1,1,2,50.0,548.1879714913738
2023-10-25,1,1,2,50.0,546.4121204346809
2023-10-26,1,1,2,50.0,538.0156674373766
2023-10-27,1,1,2,50.0,551.7436839695475
2023-10-30,1,1,2,50.0,558.9624449659613
2023-10-31,2,0,2,100.0,553.8064915964569
2023-11-01,1,1,2,50.0,540.5172192894371
2023-11-02,1,1,2,50.0,548.3293295939116
2023-11-03,1,1,2,50.0,552.1442793243233
2023-11-06,1,1,2,50.0,559.65596936861
2023-11-07,1,1,2,50.0,560.9500089553669
2023-11-08,2,0,2,100.0,563.4010568343722
2023-11-09,1,1,2,50.0,558.0877992849211
2023-11-10,1,1,2,50.0,548.3793554614164
2023-11-12,1,1,2,50.0,551.6772787938942
2023-11-13,1,1,2,50.0,553.7067196004517
2023-11-15,2,0,2,100.0,555.4650416320997
2023-11-16,1,1,2,50.0,555.6358165935834
2023-11-17,2,0,2,100.0,560.2594401481385
2023-11-20,1,1,2,50.0,555.4377187219084
2023-11-21,1,1,2,50.0,560.9134062526203
2023-11-22,1,1,2,50.0,555.552880572283
2023-11-23,1,1,2,50.0,556.06661572241
2023-11-24,2,0,2,100.0,558.4608660238747
2023-11-28,2,0,2,100.0,591.3666181445075
2023-11-29,2,0,2,100.0,593.355055396304
2023-11-30,2,0,2,100.0,590.3876574339856
2023-12-01,2,0,2,100.0,595.2279805118939
2023-12-04,2,0,2,100.0,624.6170529354424
2023-12-05,2,0,2,100.0,679.1989565729472
2023-12-06,2,0,2,100.0,674.8630839823726
2023-12-07,2,0,2,100.0,675.965915034986
2023-12-08,2,0,2,100.0,670.658209279586
2023-12-11,2,0,2,100.0,677.8501946633593
2023-12-12,2,0,2,100.0,678.1740005401012
2023-12-13,2,0,2,100.0,686.5767551094323
2023-12-14,2,0,2,100.0,688.7359816749513
2023-12-15,2,0,2,100.0,692.7641297696265
2023-12-18,2,0,2,100.0,698.7352206112914
2023-12-19,2,0,2,100.0,695.191310664636
2023-12-20,2,0,2,100.0,661.9972897572258
2023-12-21,2,0,2,100.0,666.5907495164453
2023-12-22,2,0,2,100.0,666.3080523338899
2023-12-26,2,0,2,100.0,678.8482825838677
2023-12-27,2,0,2,100.0,676.9741046072951
2023-12-28,2,0,2,100.0,672.9342073508517
2023-12-29,2,0,2,100.0,682.2198138241997
2024-01-01,2,0,2,100.0,691.7020895150708
2024-01-02,2,0,2,100.0,687.3732124665488
2024-01-03,2,0,2,100.0,703.2540565890258
2024-01-04,2,0,2,100.0,703.3386825887125
2024-01-05,2,0,2,100.0,699.5111262332847
2024-01-08,2,0,2,100.0,694.1777344796988
2024-01-09,2,0,2,100.0,707.293108468721
2024-01-10,2,0,2,100.0,725.2287100998188
2024-01-11,2,0,2,100.0,719.656772869628
2024-01-12,2,0,2,100.0,724.7951483631323
2024-01-15,2,0,2,100.0,728.622201816425
2024-01-16,2,0,2,100.0,716.8011709846048
2024-01-17,2,0,2,100.0,707.6211835016069
2024-01-18,2,0,2,100.0,700.699446936174
2024-01-19,2,0,2,100.0,697.6638795972302
2024-01-20,2,0,2,100.0,708.0466071658582
2024-01-23,2,0,2,100.0,681.7755440319513
2024-01-24,2,0,2,100.0,682.3944008482616
2024-01-25,2,0,2,100.0,675.7147376458123
2024-01-29,2,0,2,100.0,699.5748507454923
2024-01-30,2,0,2,100.0,706.5796101492809
2024-01-31,2,0,2,100.0,716.299105918708
2024-02-01,2,0,2,100.0,730.3390023134369
2024-02-02,2,0,2,100.0,738.0007182408627
2024-02-05,2,0,2,100.0,745.0685156380666
2024-02-06,2,0,2,100.0,744.7135296089639
2024-02-07,2,0,2,100.0,744.9820994439727
2024-02-08,2,0,2,100.0,740.0530660695415
2024-02-09,2,0,2,100.0,742.3704438629691
2024-02-12,2,0,2,100.0,731.990526102673
2024-02-13,2,0,2,100.0,730.420083417803
2024-02-14,2,0,2,100.0,740.0696266201074
2024-02-15,2,0,2,100.0,730.6967153566694
2024-02-16,2,0,2,100.0,736.0898818673481
2024-02-19,2,0,2,100.0,742.858191814239
2024-02-20,2,0,2,100.0,745.08792173764
2024-02-21,2,0,2,100.0,742.1624894806134
2024-02-22,2,0,2,100.0,750.6641853945084
2024-02-23,2,0,2,100.0,757.9261452547302
2024-02-26,2,0,2,100.0,764.8320633694525
2024-02-27,2,0,2,100.0,761.7812881808729
2024-02-28,2,0,2,100.0,745.3405702704961
2024-02-29,2,0,2,100.0,756.5388666419235
2024-03-01,2,0,2,100.0,760.6184263330143
2024-03-02,2,0,2,100.0,762.5751312956912
2024-03-04,2,0,2,100.0,762.0970344036481
2024-03-05,2,0,2,100.0,763.1371320137597
2024-03-06,2,0,2,100.0,740.3850201154639
2024-03-07,2,0,2,100.0,743.8671850832566
2024-03-11,2,0,2,100.0,755.1687055764811
2024-03-12,2,0,2,100.0,748.0422234753788
2024-03-13,2,0,2,100.0,707.0937584015088
2024-03-14,2,0,2,100.0,736.4185904156343
2024-03-15,2,0,2,100.0,744.827174869711
2024-03-18,2,0,2,100.0,747.7555826311032
2024-03-19,2,0,2,100.0,738.7965936442818
2024-03-20,2,0,2,100.0,736.4344265533335
2024-03-21,2,0,2,100.0,747.0158128038923
2024-03-22,2,0,2,100.0,751.653791769497
2024-03-26,2,0,2,100.0,775.3950556937126
2024-03-27,2,0,2,100.0,782.9715876522583
2024-03-28,2,0,2,100.0,792.5967129033124
2024-04-01,2,0,2,100.0,799.4477966640677
2024-04-02,2,0,2,100.0,803.6174025338622
2024-04-03,2,0,2,100.0,790.6119817976133
2024-04-04,2,0,2,100.0,787.0728921991783
2024-04-05,2,0,2,100.0,790.5395926788703
2024-04-08,2,0,2,100.0,801.8320666746655
2024-04-09,2,0,2,100.0,802.3958615424613
2024-04-10,2,0,2,100.0,825.6663196305137
2024-04-12,2,0,2,100.0,810.4782226276775
2024-04-15,2,0,2,100.0,791.8850166447162
2024-04-16,2,0,2,100.0,783.9020419223144
2024-04-18,2,0,2,100.0,775.1134690150634
2024-04-19,2,0,2,100.0,772.8676100054463
2024-04-22,2,0,2,100.0,795.6195715304443
2024-04-23,2,0,2,100.0,793.2371147515977
2024-04-24,2,0,2,100.0,794.6958900844104
2024-04-25,2,0,2,100.0,811.5264140606608
2024-04-26,2,0,2,100.0,820.0565506689452
2024-04-29,2,0,2,100.0,819.3659815685777
2024-04-30,2,0,2,100.0,821.537601397087
2024-05-02,2,0,2,100.0,832.498684535938
2024-05-03,2,0,2,100.0,817.1338782492622
2024-05-06,2,0,2,100.0,798.8107057287422
2024-05-07,2,0,2,100.0,788.4789110471985
2024-05-08,2,0,2,100.0,804.5786110223639
2024-05-09,2,0,2,100.0,788.3823035851817
2024-05-10,2,0,2,100.0,790.1940510479234
2024-05-13,2,0,2,100.0,807.9989974130926
2024-05-14,2,0,2,100.0,836.6266690948983
2024-05-15,2,0,2,100.0,853.2495725091685
2024-05-16,2,0,2,100.0,851.6099243004303
2024-05-17,2,0,2,100.0,861.7815455231696
2024-05-18,2,0,2,100.0,861.7105193170632
2024-05-21,2,0,2,100.0,864.795566296352
2024-05-22,2,0,2,100.0,872.0810127552793
2024-05-23,2,0,2,100.0,910.7601825838856
2024-05-24,2,0,2,100.0,895.5425448366402
2024-05-27,2,0,2,100.0,882.4832429910208
2024-05-28,2,0,2,100.0,870.6466121832805
2024-05-29,2,0,2,100.0,855.0452081303999
2024-05-30,2,0,2,100.0,860.869918978895
2024-05-31,2,0,2,100.0,892.9015216316546
2024-06-03,2,0,2,100.0,935.1292209479532
2024-06-04,2,0,2,100.0,820.3690359878073
2024-06-05,2,0,2,100.0,872.3725340921677
2024-06-06,2,0,2,100.0,877.4507283553467
2024-06-07,2,0,2,100.0,889.4842270335823
2024-06-10,2,0,2,100.0,909.2284351268843
2024-06-11,2,0,2,100.0,889.7690655554038
2024-06-12,2,0,2,100.0,882.4297615366718
2024-06-13,2,0,2,100.0,883.4487046657351
2024-06-14,2,0,2,100.0,885.3792961201714
2024-06-18,2,0,2,100.0,895.1006593478287
2024-06-19,2,0,2,100.0,880.9996128382021
2024-06-20,2,0,2,100.0,880.7989927289896
2024-06-21,2,0,2,100.0,879.7449481815564
2024-06-24,2,0,2,100.0,881.037261818073
2024-06-25,2,0,2,100.0,869.4112955607677
2024-06-26,2,0,2,100.0,868.5486133510713
2024-06-27,2,0,2,100.0,868.74882155618
2024-06-28,2,0,2,100.0,869.7015039989146
2024-07-01,2,0,2,100.0,869.9843167011533
2024-07-02,2,0,2,100.0,868.5801405256896
2024-07-03,2,0,2,100.0,876.835453837255
2024-07-04,2,0,2,100.0,871.4180846057019
2024-07-05,2,0,2,100.0,875.3932733617792
2024-07-08,2,0,2,100.0,862.02291343588
2024-07-09,2,0,2,100.0,868.4577098135788
2024-07-10,2,0,2,100.0,863.9931047642357
2024-07-11,2,0,2,100.0,865.4737838509518
2024-07-12,2,0,2,100.0,864.7941694557214
2024-07-15,2,0,2,100.0,873.7239221093073
2024-07-16,2,0,2,100.0,880.9028628739194
2024-07-18,2,0,2,100.0,877.1038233496083
2024-07-19,2,0,2,100.0,851.3484816625459
2024-07-22,2,0,2,100.0,856.1449025739371
2024-07-23,2,0,2,100.0,853.2725453966129
2024-07-24,2,0,2,100.0,855.7329041553278
2024-07-25,2,0,2,100.0,861.6510482978908
2024-07-26,2,0,2,100.0,883.1029437267312
2024-07-29,2,0,2,100.0,879.0552562675682
2024-07-30,2,0,2,100.0,888.0963717850026
2024-07-31,2,0,2,100.0,893.6869492955442
2024-08-01,2,0,2,100.0,893.6488681499487
2024-08-02,2,0,2,100.0,876.5094915586776
2024-08-05,2,0,2,100.0,850.13768819764
2024-08-06,2,0,2,100.0,859.0989766358322
2024-08-07,2,0,2,100.0,880.6209092021302
2024-08-08,2,0,2,100.0,871.8627240280408
2024-08-09,2,0,2,100.0,878.0201840449729
2024-08-12,2,0,2,100.0,869.1447355957713
2024-08-13,2,0,2,100.0,858.4551711972205
2024-08-14,2,0,2,100.0,849.446320304469
2024-08-16,2,0,2,100.0,865.8843481486881
2024-08-19,2,0,2,100.0,860.383633576537
2024-08-20,2,0,2,100.0,863.0862904548742
2024-08-21,2,0,2,100.0,869.1969051019237
2024-08-22,2,0,2,100.0,885.4011021826539
2024-08-23,2,0,2,100.0,904.6037729002683
2024-08-26,2,0,2,100.0,904.4497433792427
2024-08-27,2,0,2,100.0,906.7230853718529
2024-08-28,2,0,2,100.0,911.7456646072247
2024-08-29,1,1,2,50.0,901.1833999217693
2024-08-30,1,1,2,50.0,907.7048378685882
2024-09-02,2,0,2,100.0,907.6599774630486
2024-09-03,1,1,2,50.0,908.6842744387591
2024-09-04,1,1,2,50.0,905.2812331453484
2024-09-05,1,1,2,50.0,907.0057916057297
2024-09-06,1,1,2,50.0,896.7925297008119
2024-09-09,1,1,2,50.0,897.4142270672362
2024-09-10,1,1,2,50.0,902.9613284047615
2024-09-11,1,1,2,50.0,902.0268090543855
2024-09-12,1,1,2,50.0,918.8606777629224
2024-09-13,1,1,2,50.0,910.5707935169432
2024-09-16,1,1,2,50.0,913.5467217715947
2024-09-17,1,1,2,50.0,910.8297894139673
2024-09-18,1,1,2,50.0,907.096754666153
2024-09-19,1,1,2,50.0,900.3730907414441
2024-09-20,1,1,2,50.0,913.1495663480308
2024-09-23,1,1,2,50.0,921.0154945855992
2024-09-24,2,0,2,100.0,918.9284303640451
2024-09-25,2,0,2,100.0,916.3179407592506
2024-09-26,2,0,2,100.0,927.0843525234673
2024-09-27,2,0,2,100.0,935.6623395095564
2024-09-30,2,0,2,100.0,921.5223874299371
2024-10-01,2,0,2,100.0,940.2432569983105
2024-10-03,2,0,2,100.0,911.8433962209881
2024-10-04,2,0,2,100.0,900.6698236820318
2024-10-07,1,1,2,50.0,875.1272116392396
2024-10-08,2,0,2,100.0,907.3038899666409
2024-10-09,2,0,2,100.0,916.6892853646951
2024-10-10,2,0,2,100.0,915.4608119977377
2024-10-11,2,0,2,100.0,912.9020032540268
2024-10-14,1,1,2,50.0,906.239460505214
2024-10-15,1,1,2,50.0,914.2707002642886
2024-10-16,1,1,2,50.0,906.0628433990394
2024-10-17,1,1,2,50.0,888.159361027207
2024-10-18,1,1,2,50.0,890.1782339082235
2024-10-21,1,1,2,50.0,873.760259117849
2024-10-22,1,1,2,50.0,850.491108241928
2024-10-23,1,1,2,50.0,851.8470007437338
2024-10-24,1,1,2,50.0,851.0293036509745
2024-10-25,1,1,2,50.0,815.9946361317291
2024-10-28,1,1,2,50.0,799.162997053599
2024-10-29,1,1,2,50.0,807.4192010680463
2024-10-30,1,1,2,50.0,827.6279686554263
2024-10-31,1,1,2,50.0,824.0246845528999
2024-11-01,1,1,2,50.0,826.0727035462363
2024-11-04,0,2,2,0.0,807.9727245952291
2024-11-05,0,2,2,0.0,808.2353062139163
2024-11-06,1,1,2,50.0,838.7696081679609
2024-11-07,0,2,2,0.0,821.4509001281814
2024-11-08,0,2,2,0.0,816.5212423437856
2024-11-11,0,2,2,0.0,813.8562006364727
2024-11-12,0,2,2,0.0,799.1284488449534
2024-11-13,0,2,2,0.0,785.162411445185
2024-11-14,0,2,2,0.0,790.8949487384982
2024-11-18,0,2,2,0.0,798.410227233345
2024-11-19,0,2,2,0.0,805.7943317175901
2024-11-21,0,2,2,0.0,717.0922920576229
2024-11-22,1,1,2,50.0,730.7924133090244
2024-11-25,1,1,2,50.0,744.614015076682
2024-11-26,1,1,2,50.0,725.6606105817008
2024-11-27,1,1,2,50.0,770.6703202464028
2024-11-28,1,1,2,50.0,784.6378041313396
2024-11-29,1,1,2,50.0,791.197274990192
2024-12-02,1,1,2,50.0,792.9594548340028
2024-12-03,1,1,2,50.0,801.8442205174731
2024-12-04,1,1,2,50.0,795.5893278616563
2024-12-05,1,1,2,50.0,799.8127894796562
2024-12-06,1,1,2,50.0,806.4662505516623
2024-12-09,1,1,2,50.0,806.5960059932097
2024-12-10,1,1,2,50.0,800.8480740756344
2024-12-11,1,1,3,50.0,798.2090954889067
2024-12-12,1,1,3,50.0,800.4700774456666
2024-12-13,1,1,3,50.0,799.164274386702
2024-12-16,1,1,3,50.0,795.8374455844048
2024-12-17,1,1,3,50.0,790.5634695772774
2024-12-18,1,1,3,50.0,783.5034139809204
2024-12-19,1,1,3,50.0,777.2267867167476
2024-12-20,1,1,3,50.0,761.197319010927
2024-12-23,1,1,3,50.0,764.6533798260591
2024-12-24,1,1,3,50.0,777.7130649552157
2024-12-26,1,1,3,50.0,786.7277879644645
2024-12-27,1,1,3,50.0,785.4314320334215
2024-12-30,1,1,3,50.0,794.7975991579572
2024-12-31,1,1,3,50.0,790.0412286117968
2025-01-01,1,1,3,50.0,795.2672410922586
2025-01-02,1,1,3,50.0,796.7079653414891
2025-01-03,1,1,3,50.0,789.1029099667696
2025-01-06,0,2,3,0.0,760.5666637877282
2025-01-07,1,1,3,50.0,769.6827040558425
2025-01-08,0,2,3,0.0,765.7737576467518
2025-01-09,0,2,3,0.0,759.4615114466353
2025-01-10,0,2,3,0.0,741.8433635537509
2025-01-13,0,2,3,0.0,696.9771154946168
2025-01-14,0,2,3,0.0,721.1637734440352
2025-01-15,0,2,3,0.0,733.2619133880185
2025-01-16,0,2,3,0.0,741.2592780024635
2025-01-17,0,2,3,0.0,741.7085261072187
2025-01-20,0,2,3,0.0,749.8703624890586
2025-01-21,0,2,3,0.0,729.6889638537057
2025-01-22,0,2,3,0.0,724.4875368995645
2025-01-23,0,2,3,0.0,734.48965789553
2025-01-24,0,2,3,0.0,722.2175394484856
2025-01-27,0,2,3,0.0,713.9635054006176
2025-01-28,0,2,3,0.0,724.6790181355655
2025-01-29,0,2,3,0.0,729.441383506808
2025-01-30,0,2,3,0.0,718.569534636398
2025-01-31,0,2,3,0.0,732.7305121795209
2025-02-01,1,1,3,50.0,744.0524938899755
2025-02-03,1,1,3,50.0,736.7045579632971
2025-02-04,0,2,3,0.0,741.8411041473483
2025-02-05,1,1,3,50.0,751.3368640841668
2025-02-06,1,1,3,50.0,746.3063474403674
2025-02-07,0,2,3,0.0,746.9262280021089
2025-02-10,0,2,3,0.0,736.6959268628665
2025-02-11,0,2,3,0.0,733.6758127594019
2025-02-12,0,2,3,0.0,738.6948633739961
2025-02-13,0,2,3,0.0,730.7488063519188
2025-02-14,0,2,3,0.0,705.7152697123104
2025-02-17,0,2,3,0.0,717.1845399093239
2025-02-18,0,2,3,0.0,720.9863046453265
2025-02-19,1,1,3,50.0,717.951166796181
2025-02-20,1,1,3,50.0,726.88714161586
2025-02-21,1,1,3,50.0,717.5282884196367
2025-02-24,1,1,3,50.0,715.8283827803084
2025-02-25,1,1,3,50.0,712.2563392540137
2025-02-27,1,1,3,50.0,709.3714367408736
2025-02-28,1,1,3,50.0,710.115089060264
2025-03-03,1,1,3,50.0,713.0243693459398
2025-03-04,1,1,3,50.0,727.9651438314401
2025-03-05,1,1,3,50.0,754.6963611005467
2025-03-06,1,1,3,50.0,757.4307088320967
2025-03-07,1,1,3,50.0,748.2240341563876
2025-03-10,1,1,3,50.0,740.9591642238896
2025-03-11,1,1,3,50.0,752.6883006288374
2025-03-12,1,1,3,50.0,754.2421708021961
2025-03-13,1,1,3,50.0,752.8382217447968
2025-03-17,1,1,3,50.0,760.1175693925992
2025-03-18,1,1,3,50.0,770.4256981829241
2025-03-19,1,1,3,50.0,786.795711072738
2025-03-20,1,1,3,50.0,794.6211629698606
2025-03-21,1,1,3,50.0,797.5120272908704
2025-03-24,1,1,3,50.0,796.2159772883897
2025-03-25,1,1,3,50.0,785.1098131019204
2025-03-26,1,1,3,50.0,787.1365982798061
2025-03-27,1,1,3,50.0,797.2217432426411
2025-03-28,1,1,3,50.0,790.4950545011077
2025-04-01,1,1,3,50.0,793.8800985933024
2025-04-02,1,1,3,50.0,804.9309476326831
2025-04-03,1,1,3,50.0,819.3330066484616
2025-04-04,1,1,3,50.0,809.4352244074012
2025-04-07,1,1,3,50.0,794.4561525902753
2025-04-08,1,1,3,50.0,822.3073824005133
2025-04-09,1,1,3,50.0,819.9147813367921
2025-04-11,1,1,3,50.0,827.5808588023027
2025-04-15,1,1,3,50.0,845.6993394498058
2025-04-16,1,1,3,50.0,843.501550386613
2025-04-17,1,1,3,50.0,853.2283542815293
2025-04-21,1,1,3,50.0,863.7616034600136
2025-04-22,1,1,3,50.0,865.7241007849553
2025-04-23,1,1,3,50.0,871.02141499404
2025-04-24,1,1,3,50.0,872.4642118874509
2025-04-25,1,1,3,50.0,839.620896839841
2025-04-28,1,1,3,50.0,851.6519015577217
2025-04-29,1,1,3,50.0,846.8236180071438
2025-04-30,1,1,3,50.0,835.519461803097
2025-05-02,1,1,3,50.0,839.7961094935296
2025-05-05,1,1,3,50.0,872.0643666308001
2025-05-06,1,1,3,50.0,843.5282217308289
2025-05-07,1,1,3,50.0,844.0256209344988
2025-05-08,1,1,3,50.0,820.8122480288172
2025-05-09,1,1,3,50.0,812.3132046880205
2025-05-12,1,1,3,50.0,865.6249221977928
2025-05-13,1,1,3,50.0,867.010484689245
2025-05-14,1,1,3,50.0,867.215142851462
2025-05-15,1,1,3,50.0,886.3765075933675
2025-05-16,1,1,3,50.0,895.4762544068003
2025-05-19,1,1,3,50.0,882.5074198250247
2025-05-20,1,1,3,50.0,865.548906620608
2025-05-21,1,1,3,50.0,872.5636301355195
2025-05-22,1,1,3,50.0,877.6660787355814
2025-05-23,1,1,3,50.0,877.9115515363891
2025-05-26,1,1,3,50.0,872.2660300116204
2025-05-27,1,1,3,50.0,866.6493968223584
2025-05-28,1,1,3,50.0,862.999002825236
2025-05-29,1,1,3,50.0,866.1581287191095
2025-05-30,1,1,3,50.0,856.2046066806994
2025-06-02,1,1,3,50.0,861.1964954303716
2025-06-03,1,1,3,50.0,857.7845142490727
2025-06-04,1,1,3,50.0,857.1282966636785
2025-06-05,1,1,3,50.0,865.4611294353903
2025-06-06,1,1,3,50.0,873.4016226891333
2025-06-09,2,0,3,100.0,890.6703747521909
2025-06-10,2,0,3,100.0,884.795831105764
2025-06-11,2,0,3,100.0,880.6970689970193
2025-06-12,1,1,3,50.0,859.5478998347292
2025-06-13,1,1,3,50.0,840.9049118586858
2025-06-16,1,1,3,50.0,860.609647944922
2025-06-17,1,1,3,50.0,847.7334408041927
2025-06-18,1,1,3,50.0,842.3653998604199
2025-06-19,1,1,3,50.0,830.397767544327
2025-06-20,1,1,3,50.0,841.2691087394866
2025-06-23,1,1,3,50.0,849.4327438314239
2025-06-24,1,1,3,50.0,866.8029379880375
2025-06-25,1,1,3,50.0,872.2883195756824
2025-06-26,2,0,3,100.0,886.2712284471529
2025-06-27,2,0,3,100.0,899.2159438044717
2025-06-30,2,0,3,100.0,905.9613508591092
2025-07-01,2,0,3,100.0,908.5637249229374
2025-07-02,2,0,3,100.0,917.4926886448973
2025-07-03,2,0,3,100.0,905.7693878733481
2025-07-04,2,0,3,100.0,908.6039420364855
2025-07-07,2,0,3,100.0,906.1995052692723
2025-07-08,2,0,3,100.0,914.7434409964868
2025-07-09,2,0,3,100.0,921.6078160297398
2025-07-10,2,0,3,100.0,919.0847932005992
2025-07-11,2,0,3,100.0,914.893969346941
2025-07-14,2,0,3,100.0,922.3069061229196
2025-07-15,2,0,3,100.0,924.5400759998789
2025-07-16,2,0,3,100.0,933.5169564022796
2025-07-17,3,0,3,100.0,929.0737866843774
2025-07-18,3,0,3,100.0,928.9159824018242
2025-07-21,3,0,3,100.0,929.7161207059494
2025-07-22,3,0,3,100.0,924.6150984519936
2025-07-23,3,0,3,100.0,923.3418021715421
2025-07-24,3,0,3,100.0,921.373172104659
2025-07-25,3,0,3,100.0,905.999433472598
2025-07-28,3,0,3,100.0,899.6331693023343
2025-07-29,3,0,3,100.0,904.2711369460571
2025-07-30,3,0,3,100.0,900.3891430162087
2025-07-31,2,1,3,66.66666666666666,897.9291709623018
2025-08-01,2,1,3,66.66666666666666,879.7976803249206
2025-08-04,2,1,3,66.66666666666666,887.6999632615311
2025-08-05,2,1,3,66.66666666666666,887.6541748942943
2025-08-06,2,1,3,66.66666666666666,885.3133256302435
2025-08-07,2,1,3,66.66666666666666,874.6531250860497
2025-08-08,2,1,3,66.66666666666666,856.2755385366476
2025-08-11,2,1,3,66.66666666666666,875.8827219215214
2025-08-12,2,1,3,66.66666666666666,875.4652970436907
2025-08-13,2,1,3,66.66666666666666,878.2861744912175
2025-08-14,2,1,3,66.66666666666666,887.0983378355236
2025-08-18,2,1,3,66.66666666666666,896.6114741978796
2025-08-19,2,1,3,66.66666666666666,902.4151059867977
2025-08-20,2,1,3,66.66666666666666,909.1147076814177
2025-08-21,2,1,3,66.66666666666666,898.2504340946147
2025-08-22,2,1,3,66.66666666666666,893.0352083900191
2025-08-25,2,1,3,66.66666666666666,889.3009298430248
2025-08-26,2,1,3,66.66666666666666,881.657373769772
2025-08-28,2,1,3,66.66666666666666,858.8601311535756
2025-08-29,2,1,3,66.66666666666666,849.7807754237916
2025-09-01,2,1,3,66.66666666666666,859.1287958909453
2025-09-02,2,1,3,66.66666666666666,857.6807102700842
2025-09-03,2,1,3,66.66666666666666,864.3468658773763
2025-09-04,2,1,3,66.66666666666666,858.137789290477
2025-09-05,2,1,3,66.66666666666666,855.2254569818068
2025-09-08,2,1,3,66.66666666666666,861.3385486614985
2025-09-09,2,1,3,66.66666666666666,860.248825064127
2025-09-10,2,1,3,66.66666666666666,863.8794299099626
2025-09-11,2,1,3,66.66666666666666,873.9466221287146
2025-09-12,2,1,3,66.66666666666666,879.1690358261324
2025-09-15,2,1,3,66.66666666666666,881.6248416336562
2025-09-16,2,1,3,66.66666666666666,895.6414650063439
2025-09-17,3,0,3,100.0,893.8682651943111
2025-09-18,3,0,3,100.0,891.9041957343079
2025-09-19,3,0,3,100.0,907.5679607461018
2025-09-22,3,0,3,100.0,919.4155741074859
2025-09-23,3,0,3,100.0,921.9039427254803
2025-09-24,3,0,3,100.0,907.91528369931
2025-09-25,3,0,3,100.0,902.527502493133
2025-09-26,3,0,3,100.0,886.4805166925031
2025-09-29,3,0,3,100.0,888.979063332329
2025-09-30,3,0,3,100.0,883.7355488143668
2025-10-01,3,0,3,100.0,901.7741101242738
2025-10-03,3,0,3,100.0,903.9822129885496
2025-10-06,3,0,3,100.0,902.1140655400247
2025-10-07,3,0,3,100.0,895.7952494697345
2025-10-08,3,0,3,100.0,889.4378834506423
2025-10-09,3,0,3,100.0,906.8570557595432
2025-10-10,3,0,3,100.0,907.2224798412186
2025-10-13,3,0,3,100.0,905.5313720242588
2025-10-14,3,0,3,100.0,899.4098946912708
2025-10-15,3,0,3,100.0,911.0303197131635
2025-10-16,3,0,3,100.0,917.4574876560667
2025-10-17,3,0,3,100.0,912.3377794917499
2025-10-20,3,0,3,100.0,922.7608368510811
2025-10-21,3,0,3,100.0,922.0568215482729
2025-10-23,3,0,3,100.0,916.1193299728094
2025-10-24,3,0,3,100.0,913.5460690300938
2025-10-27,3,0,3,100.0,912.3007414309589
2025-10-28,3,0,3,100.0,912.2935362156676
2025-10-29,3,0,3,100.0,918.6637765294115
2025-10-30,3,0,3,100.0,917.7015244398522
2025-10-31,3,0,3,100.0,905.1827322397031
2025-11-03,3,0,3,100.0,905.7526255787805
2025-11-04,3,0,3,100.0,902.2353855218958
2025-11-06,2,1,3,66.66666666666666,889.8670827092533
2025-11-07,2,1,3,66.66666666666666,895.0239931440191
2025-11-10,2,1,3,66.66666666666666,895.4236505348629
2025-11-11,2,1,3,66.66666666666666,904.7946351288939
2025-11-12,3,0,3,100.0,920.5026213292513
2025-11-13,3,0,3,100.0,926.7512154366605
2025-11-14,3,0,3,100.0,931.0412572163115
2025-11-17,3,0,3,100.0,938.4951023276017
2025-11-18,3,0,3,100.0,947.5258823293693
2025-11-19,3,0,3,100.0,945.6557656277388
2025-11-20,3,0,3,100.0,949.8898962568717
2025-11-21,3,0,3,100.0,952.3749319520567
2025-11-24,3,0,3,100.0,946.3982896893112
2025-11-25,2,1,3,66.66666666666666,937.3914150049293
2025-11-26,2,1,3,66.66666666666666,950.1065564844614
2025-11-27,2,1,3,66.66666666666666,942.0120065691956
2025-11-28,2,1,3,66.66666666666666,949.4782798238365
2025-12-01,2,1,3,66.66666666666666,939.1130450556782
2025-12-02,2,1,3,66.66666666666666,927.862155269376
2025-12-03,2,1,3,66.66666666666666,911.7350274085405
2025-12-04,1,2,3,33.33333333333333,900.3928726780895
2025-12-05,1,2,3,33.33333333333333,904.4875354219142
2025-12-08,1,2,3,33.33333333333333,858.8643282988683
2025-12-09,1,2,3,33.33333333333333,870.0995379702974
2025-12-10,1,2,3,33.33333333333333,850.8991128781518
2025-12-11,1,2,3,33.33333333333333,859.0793170998919
2025-12-12,1,2,3,33.33333333333333,880.1649964151809
2025-12-15,1,2,3,33.33333333333333,887.571466254507
2025-12-16,1,2,3,33.33333333333333,880.2169238275977
2025-12-17,1,2,3,33.33333333333333,871.3061536457703
2025-12-18,1,2,3,33.33333333333333,877.7265911609545
2025-12-19,1,2,3,33.33333333333333,883.90706982119
2025-12-22,1,2,3,33.33333333333333,888.5309894180643
2025-12-23,1,2,3,33.33333333333333,895.1543446049131
2025-12-24,1,2,3,33.33333333333333,882.1738146170201
2025-12-26,1,2,3,33.33333333333333,880.8951196228229
2025-12-29,1,2,3,33.33333333333333,876.6404138380675
2025-12-30,1,2,3,33.33333333333333,876.866488029542
2025-12-31,1,2,3,33.33333333333333,886.8740425766775
2026-01-01,1,2,3,33.33333333333333,895.734103542776
2026-01-02,1,2,3,33.33333333333333,898.8511924792202
2026-01-05,1,2,3,33.33333333333333,898.5213855227063
2026-01-06,1,2,3,33.33333333333333,886.5155823719151
2026-01-07,1,2,3,33.33333333333333,885.4072244449485
2026-01-08,1,2,3,33.33333333333333,869.3066580869763
2026-01-09,1,2,3,33.33333333333333,850.317396084946
2026-01-12,1,2,3,33.33333333333333,852.9958487942625
2026-01-13,1,2,3,33.33333333333333,844.2385414017375
2026-01-14,1,2,3,33.33333333333333,843.2127059998467
2026-01-16,1,2,3,33.33333333333333,843.2127059998467
2026-01-19,1,2,3,33.33333333333333,853.1320967184101
2026-01-20,1,2,3,33.33333333333333,821.6220833120163
2026-01-21,1,2,3,33.33333333333333,816.4628514763381
2026-01-22,1,2,3,33.33333333333333,830.261046602466
2026-01-23,0,3,3,0.0,777.9375180817588
2026-01-27,1,2,3,33.33333333333333,798.8146465353733
2026-01-28,1,2,3,33.33333333333333,806.1315248927523
2026-01-29,1,2,3,33.33333333333333,802.9619622443479
2026-01-30,1,2,3,33.33333333333333,800.8778082100699
2026-02-01,0,3,3,0.0,778.5886570508303
2026-02-02,1,2,3,33.33333333333333,803.2959849561953
2026-02-03,1,2,3,33.33333333333333,849.3547645767718
2026-02-04,1,2,3,33.33333333333333,861.9789513899024
2026-02-05,1,2,3,33.33333333333333,859.507241422868
2026-02-06,1,2,3,33.33333333333333,857.1114292508485
2026-02-09,1,2,3,33.33333333333333,864.7131734508603
2026-02-10,1,2,3,33.33333333333333,861.2184148989182
2026-02-11,1,2,3,33.33333333333333,862.1467654865885
2026-02-12,1,2,3,33.33333333333333,856.0382820445866
2026-02-13,1,2,3,33.33333333333333,836.454233850716
2026-02-16,1,2,3,33.33333333333333,862.618335508994
2026-02-17,1,2,3,33.33333333333333,870.338995080497
2026-02-18,1,2,3,33.33333333333333,868.0647558904766
2026-02-19,1,2,3,33.33333333333333,847.5811213776362
2026-02-20,1,2,3,33.33333333333333,852.4038623354512
2026-02-23,1,2,3,33.33333333333333,859.9246294240585
2026-02-24,1,2,3,33.33333333333333,860.6210465139823
2026-02-25,1,2,3,33.33333333333333,874.3717229823561
2026-02-26,1,2,3,33.33333333333333,871.5262124201504
2026-02-27,1,2,3,33.33333333333333,853.4795744220938
2026-03-02,1,2,3,33.33333333333333,818.7983611245976
2026-03-04,1,2,3,33.33333333333333,801.2721607506314
2026-03-05,1,2,3,33.33333333333333,817.9952011740777
2026-03-06,1,2,3,33.33333333333333,796.8673180554798
2026-03-09,0,3,3,0.0,773.1164740148283
2026-03-10,1,2,3,33.33333333333333,791.1938495075908
2026-03-11,1,2,3,33.33333333333333,781.7223440506367
2026-03-12,0,3,3,0.0,778.0062680358853
2026-03-13,0,3,3,0.0,755.8021288352696
2026-03-16,0,3,3,0.0,765.344583169289
2026-03-17,0,3,3,0.0,768.421341608565
2026-03-18,0,3,3,0.0,781.766313254951
2026-03-19,0,3,3,0.0,750.1882563186423
2026-03-20,0,3,3,0.0,754.588205586734
2026-03-23,0,3,3,0.0,713.8694971179025
2026-03-24,0,3,3,0.0,736.233845189907
2026-03-25,0,3,3,0.0,756.8831814736336
2026-03-27,0,3,3,0.0,734.1934785053644
2026-03-30,0,3,3,0.0,704.3399929754993
2026-04-01,0,3,3,0.0,742.2178601824647
2026-04-02,0,3,3,0.0,740.6911809668577
2026-04-06,0,3,3,0.0,763.3238979147171
2026-04-07,0,3,3,0.0,757.3036626966667
2026-04-08,1,2,3,33.33333333333333,813.0688765526947
2026-04-09,1,2,3,33.33333333333333,799.2115183923229
2026-04-10,1,2,3,33.33333333333333,813.5786751613823
2026-04-13,1,2,3,33.33333333333333,810.5606843710513
2026-04-15,1,2,3,33.33333333333333,837.6197551930763
2026-04-16,1,2,3,33.33333333333333,836.6263023834726
2026-04-17,1,2,3,33.33333333333333,840.5593052221535
2026-04-20,1,2,3,33.33333333333333,846.1265615645282
2026-04-21,1,2,3,33.33333333333333,845.9616444559642
2026-04-22,2,1,3,66.66666666666666,847.6685836300097
2026-04-23,2,1,3,66.66666666666666,844.6425897193535
2026-04-24,1,2,3,33.33333333333333,835.3986990384594
2026-04-27,2,1,3,66.66666666666666,845.5912789976933
2026-04-28,2,1,3,66.66666666666666,855.4900133773529
2026-04-29,2,1,3,66.66666666666666,846.6794196993425
2026-04-30,2,1,3,66.66666666666666,841.4023922260346
2026-05-04,2,1,3,66.66666666666666,855.4400710215318
2026-05-05,2,1,3,66.66666666666666,845.5512264417953
2026-05-06,2,1,3,66.66666666666666,879.8234155487163
2026-05-07,2,1,3,66.66666666666666,880.1159104670606
2026-05-08,2,1,3,66.66666666666666,882.1576164722284
2026-05-11,2,1,3,66.66666666666666,857.6252868733163
2026-05-12,1,2,3,33.33333333333333,830.3295341102096
2026-05-13,2,1,3,66.66666666666666,850.9441872688242
2026-05-14,2,1,3,66.66666666666666,876.7581029139485
2026-05-15,2,1,3,66.66666666666666,878.8368205298983
2026-05-18,1,2,3,33.33333333333333,868.6486374503902
2026-05-19,1,2,3,33.33333333333333,866.8346317688183
2026-05-20,1,2,3,33.33333333333333,867.9250106183872
2026-05-21,2,1,3,66.66666666666666,883.7995493156892
2026-05-22,2,1,3,66.66666666666666,885.2308844277638
2026-05-25,2,1,3,66.66666666666666,907.049052120622
2026-05-26,2,1,3,66.66666666666666,916.2308386853451
2026-05-27,2,1,3,66.66666666666666,927.8113055434491
2026-05-29,2,1,3,66.66666666666666,920.9287442850462
2026-06-01,2,1,3,66.66666666666666,911.2450174425094
2026-06-02,2,1,3,66.66666666666666,921.5951000620063
2026-06-03,2,1,3,66.66666666666666,922.3952616363066
2026-06-04,2,1,3,66.66666666666666,937.1223707335671
2026-06-05,2,1,3,66.66666666666666,943.2624849149446
2026-06-08,2,1,3,66.66666666666666,921.394784786657
2026-06-09,2,1,3,66.66666666666666,941.9621006063027
2026-06-10,2,1,3,66.66666666666666,930.769900522434
2026-06-11,2,1,3,66.66666666666666,924.3457894703861
2026-06-12,2,1,3,66.66666666666666,950.9534848356768
2026-06-15,2,1,3,66.66666666666666,973.9151831561505
2026-06-22,2,1,3,66.66666666666666,1000.8201187295699
2026-06-23,2,1,3,66.66666666666666,983.8118936418842
2026-06-24,3,0,3,100.0,1014.0174750136197
2026-06-25,3,0,3,100.0,1027.444659382952
2026-06-29,3,0,3,100.0,1013.5575223820938
2026-06-30,3,0,3,100.0,1033.5653082243723
2026-07-01,3,0,3,100.0,1052.165447616593
2026-07-02,3,0,3,100.0,1053.4955016575807
2026-07-03,3,0,3,100.0,1059.3632478252966
2026-07-06,3,0,3,100.0,1059.6220949308934
2026-07-07,3,0,3,100.0,1052.5549428567315
2026-07-08,3,0,3,100.0,1016.008128289517
2026-07-09,3,0,3,100.0,1029.5620818311884
2026-07-10,3,0,3,100.0,1045.2653630643654
2026-07-13,3,0,3,100.0,1048.8032868057915
2026-07-14,3,0,3,100.0,1037.972015223311
2026-07-15,3,0,3,100.0,1033.3233623823642
2026-07-16,3,0,3,100.0,1040.0751078757837
2026-07-17,3,0,3,100.0,1035.6429346837335
2026-07-20,3,0,3,100.0,1039.9517262501274
2026-07-21,3,0,3,100.0,1044.738246800534
2026-07-22,3,0,3,100.0,1023.413017455172
2026-07-23,3,0,3,100.0,994.6152391680506
2026-07-24,3,0,3,100.0,993.1087605032714
2026-07-27,3,0,3,100.0,1013.2135548335754
2026-07-28,3,0,3,100.0,1011.8889008424519
2026-07-29,3,0,3,100.0,1012.0800829226492
2026-07-30,3,0,3,100.0,1001.8346304465571
2026-07-31,3,0,3,100.0,998.0373235961063
2026-08-03,3,0,3,100.0,1020.1534894375644
2026-08-04,3,0,3,100.0,1018.7674681826181
2026-08-05,3,0,3,100.0,1022.831636542357
2026-08-06,3,0,3,100.0,1013.6966402632548
2026-08-07,3,0,3,100.0,1015.8816249337276
2026-08-10,3,0,3,100.0,1011.9491579625374
2026-08-11,3,0,3,100.0,1003.4174178991975
2026-08-12,3,0,3,100.0,1003.6428385891472
2026-08-13,3,0,3,100.0,998.6734367377409
2026-08-14,3,0,3,100.0,998.0202726079834
2026-08-17,3,0,3,100.0,992.1562429049745
2026-08-18,3,0,3,100.0,988.4102615813134
2026-08-19,3,0,3,100.0,988.9743648404454
2026-08-20,3,0,3,100.0,980.982191468988
2026-08-21,2,1,3,66.66666666666666,975.1893000788083
2026-08-24,2,1,3,66.66666666666666,973.0381353153123
2026-08-25,2,1,3,66.66666666666666,994.9997577932464
2026-08-26,2,1,3,66.66666666666666,993.957165255198
2026-08-27,2,1,3,66.66666666666666,995.575084416512
