Date,Above,Below,Total,Percentage,Index_Close
2014-08-07,2,1,4,66.66666666666666,128.20320234746018
2014-08-08,2,1,4,66.66666666666666,127.74058629126908
2014-08-11,2,1,4,66.66666666666666,128.5755821583789
2014-08-12,2,1,4,66.66666666666666,126.4404042998911
2014-08-13,2,1,4,66.66666666666666,122.5802490772344
2014-08-14,2,1,4,66.66666666666666,118.1262470476407
2014-08-18,2,1,4,66.66666666666666,124.06572828537085
2014-08-19,2,1,4,66.66666666666666,126.96871694102174
2014-08-20,2,1,4,66.66666666666666,124.827407667938
2014-08-21,2,1,4,66.66666666666666,124.22221196781817
2014-08-22,2,1,4,66.66666666666666,121.48631612915581
2014-08-25,2,1,4,66.66666666666666,123.69878406356538
2014-08-26,2,1,4,66.66666666666666,124.67927483403214
2014-08-27,2,1,4,66.66666666666666,134.0050594804041
2014-08-28,2,1,4,66.66666666666666,132.66510035267532
2014-09-01,2,1,4,66.66666666666666,136.6564919417211
2014-09-02,2,1,4,66.66666666666666,135.6045530787042
2014-09-03,2,1,4,66.66666666666666,133.96175733047178
2014-09-04,2,1,4,66.66666666666666,131.68709651531435
2014-09-05,2,1,4,66.66666666666666,133.2899421657772
2014-09-08,2,1,4,66.66666666666666,132.663623762654
2014-09-09,2,1,4,66.66666666666666,131.75986340740735
2014-09-10,2,1,4,66.66666666666666,129.69342905694072
2014-09-11,2,1,4,66.66666666666666,132.68188511344536
2014-09-12,2,1,4,66.66666666666666,133.2634109561228
2014-09-15,2,1,4,66.66666666666666,134.0860443404148
2014-09-16,2,1,4,66.66666666666666,130.77367882295468
2014-09-17,2,1,4,66.66666666666666,132.4032676879106
2014-09-18,2,1,4,66.66666666666666,133.91323947922612
2014-09-19,2,1,4,66.66666666666666,136.56965876223802
2014-09-22,2,1,4,66.66666666666666,136.00264341732233
2014-09-23,2,1,4,66.66666666666666,133.4665138088515
2014-09-24,2,1,4,66.66666666666666,132.1190220990556
2014-09-25,2,1,4,66.66666666666666,130.37112852710277
2014-09-26,2,1,4,66.66666666666666,130.90487711607912
2014-09-29,2,1,4,66.66666666666666,129.76858962958525
2014-09-30,2,1,4,66.66666666666666,131.24013093017166
2014-10-01,2,1,4,66.66666666666666,133.48953417274456
2014-10-07,2,1,4,66.66666666666666,129.23083518466333
2014-10-08,2,1,4,66.66666666666666,127.20536152039695
2014-10-09,2,1,4,66.66666666666666,128.38975287317166
2014-10-10,2,1,4,66.66666666666666,128.20075995856507
2014-10-13,2,1,4,66.66666666666666,127.7425084285817
2014-10-14,2,1,4,66.66666666666666,127.24971836206625
2014-10-16,2,1,4,66.66666666666666,125.00336140279977
2014-10-17,2,1,4,66.66666666666666,124.07175194648646
2014-10-20,2,1,4,66.66666666666666,126.52124257470109
2014-10-21,2,1,4,66.66666666666666,124.88079135703364
2014-10-22,2,1,4,66.66666666666666,127.11434743375014
2014-10-23,2,1,4,66.66666666666666,130.09102297891155
2014-10-27,2,1,4,66.66666666666666,128.94556525593083
2014-10-28,2,1,4,66.66666666666666,129.04006875826914
2014-10-29,2,1,4,66.66666666666666,128.59122244626388
2014-10-30,2,1,4,66.66666666666666,128.69497229589211
2014-10-31,2,1,4,66.66666666666666,129.00381697470326
2014-11-03,2,1,4,66.66666666666666,131.09858407340468
2014-11-05,2,1,4,66.66666666666666,130.0532190094635
2014-11-07,2,1,4,66.66666666666666,134.1592934336711
2014-11-10,2,1,4,66.66666666666666,134.92421236386394
2014-11-11,2,1,4,66.66666666666666,135.4245086044659
2014-11-12,2,1,4,66.66666666666666,137.43701792340912
2014-11-13,2,1,4,66.66666666666666,136.0946936122098
2014-11-14,2,1,4,66.66666666666666,136.8148896266164
2014-11-17,2,1,4,66.66666666666666,137.4232285074264
2014-11-18,2,1,4,66.66666666666666,138.03029734008413
2014-11-19,2,1,4,66.66666666666666,139.45196567772174
2014-11-20,2,1,4,66.66666666666666,138.04451964470164
2014-11-21,2,1,4,66.66666666666666,137.3858862285614
2014-11-24,2,1,4,66.66666666666666,139.16448106004685
2014-11-25,2,1,4,66.66666666666666,136.70799577847023
2014-11-26,2,1,4,66.66666666666666,137.06771087635258
2014-11-27,2,1,4,66.66666666666666,136.90515801011165
2014-11-28,2,1,4,66.66666666666666,143.59994967914517
2014-12-01,2,1,4,66.66666666666666,143.36392216865016
2014-12-02,2,1,4,66.66666666666666,148.4030359325422
2014-12-03,2,1,4,66.66666666666666,151.50849401992053
2014-12-04,2,1,4,66.66666666666666,154.4738705511427
2014-12-05,2,1,4,66.66666666666666,150.0861722247157
2014-12-08,2,1,4,66.66666666666666,148.10767920273358
2014-12-09,2,1,4,66.66666666666666,146.55301728014769
2014-12-10,2,1,4,66.66666666666666,148.1541535535661
2014-12-11,2,1,4,66.66666666666666,148.85051705022332
2014-12-12,2,1,4,66.66666666666666,146.2362757363417
2014-12-15,2,1,4,66.66666666666666,143.06330826846124
2014-12-16,1,2,4,33.33333333333333,139.10297205079496
2014-12-17,1,2,4,33.33333333333333,136.34392633956566
2014-12-18,2,1,4,66.66666666666666,141.11847970734942
2014-12-19,1,2,4,33.33333333333333,140.31381696642725
2014-12-22,2,1,4,66.66666666666666,139.71372855863177
2014-12-23,2,1,4,66.66666666666666,138.23973404219186
2014-12-24,2,1,4,66.66666666666666,136.22514469000834
2014-12-26,2,1,4,66.66666666666666,134.47195614319477
2014-12-29,2,1,4,66.66666666666666,134.03734289798788
2014-12-30,2,1,4,66.66666666666666,134.53767586449615
2014-12-31,2,1,4,66.66666666666666,139.2052603802149
2015-01-01,3,1,4,75.0,139.1591237697971
2015-01-02,3,1,4,75.0,137.26293190814582
2015-01-05,3,1,4,75.0,137.73375024902052
2015-01-06,3,1,4,75.0,135.98153087305417
2015-01-07,3,1,4,75.0,141.43924346790553
2015-01-08,3,1,4,75.0,134.82392872903793
2015-01-09,3,1,4,75.0,137.8952643985981
2015-01-12,3,1,4,75.0,148.31802694921745
2015-01-13,3,1,4,75.0,147.97313714864896
2015-01-14,3,1,4,75.0,156.1003708471747
2015-01-15,3,1,4,75.0,157.15814010055013
2015-01-16,3,1,4,75.0,156.19284183011843
2015-01-19,3,1,4,75.0,154.22873067380377
2015-01-20,3,1,4,75.0,150.76567442442607
2015-01-21,3,1,4,75.0,154.0687084900305
2015-01-22,3,1,4,75.0,154.82556185318762
2015-01-23,3,1,4,75.0,153.21819067161977
2015-01-27,3,1,4,75.0,154.33471989764092
2015-01-28,3,1,4,75.0,155.07876633486822
2015-01-29,3,1,4,75.0,161.0800622756799
2015-01-30,3,1,4,75.0,161.05280388658795
2015-02-02,3,1,4,75.0,164.37970225712755
2015-02-03,3,1,4,75.0,168.9478907686249
2015-02-04,3,1,4,75.0,168.82216531995226
2015-02-05,3,1,4,75.0,167.63481772770302
2015-02-06,3,1,4,75.0,166.86770498354653
2015-02-09,3,1,4,75.0,164.6592781316592
2015-02-10,3,1,4,75.0,161.6475737299084
2015-02-11,3,1,4,75.0,162.39855937755115
2015-02-12,3,1,4,75.0,170.84722314529216
2015-02-13,3,1,4,75.0,171.91432269996352
2015-02-16,3,1,4,75.0,181.72379637593178
2015-02-18,3,1,4,75.0,188.22419334719564
2015-02-19,3,1,4,75.0,183.1759119678094
2015-02-20,3,1,4,75.0,182.97936843802506
2015-02-23,3,1,4,75.0,194.24807791827777
2015-02-24,3,1,4,75.0,190.04571310224355
2015-02-25,3,1,4,75.0,189.1655922308296
2015-02-26,3,1,4,75.0,194.56993249178157
2015-02-27,3,1,4,75.0,194.39248941275997
2015-02-28,3,1,4,75.0,196.87075494766015
2015-03-02,4,0,4,100.0,202.13881588513436
2015-03-03,4,0,4,100.0,213.16822778446172
2015-03-04,4,0,4,100.0,211.99755985377502
2015-03-05,4,0,4,100.0,213.08060948320198
2015-03-09,4,0,4,100.0,211.58847040702074
2015-03-10,4,0,4,100.0,205.05678582657762
2015-03-11,4,0,4,100.0,206.3415416512052
2015-03-12,4,0,4,100.0,209.8718835132148
2015-03-13,4,0,4,100.0,204.27504240558974
2015-03-16,4,0,4,100.0,202.515261139648
2015-03-17,4,0,4,100.0,203.91086663547372
2015-03-18,4,0,4,100.0,203.37656629440053
2015-03-19,4,0,4,100.0,200.6446473588822
2015-03-20,4,0,4,100.0,190.24066452909008
2015-03-23,4,0,4,100.0,191.78153583462657
2015-03-24,3,1,4,75.0,189.31589452330698
2015-03-25,3,1,4,75.0,183.6990420530476
2015-03-26,3,1,4,75.0,180.31880572929643
2015-03-27,3,1,4,75.0,180.29987223144676
2015-03-30,3,1,4,75.0,186.6525676177833
2015-03-31,3,1,4,75.0,185.6360330197276
2015-04-01,3,1,4,75.0,194.9381611697265
2015-04-06,3,1,4,75.0,200.43239960712134
2015-04-07,4,0,4,100.0,206.68385188691235
2015-04-08,4,0,4,100.0,211.98014448036088
2015-04-09,4,0,4,100.0,214.06499282304233
2015-04-10,4,0,4,100.0,213.9217233076555
2015-04-13,4,0,4,100.0,210.3741606949431
2015-04-15,4,0,4,100.0,217.62519069820434
2015-04-16,4,0,4,100.0,216.97954736184664
2015-04-17,4,0,4,100.0,210.7192806695685
2015-04-20,4,0,4,100.0,203.4814398827496
2015-04-21,4,0,4,100.0,204.52638481965883
2015-04-22,3,1,4,75.0,204.09511753836793
2015-04-23,4,0,4,100.0,205.2337742510908
2015-04-24,4,0,4,100.0,200.71073192318417
2015-04-27,4,0,4,100.0,194.46487489147896
2015-04-28,4,0,4,100.0,194.63436988493072
2015-04-29,4,0,4,100.0,197.6258627584653
2015-04-30,3,1,4,75.0,196.5856094382731
2015-05-04,3,1,4,75.0,204.16299537556998
2015-05-05,3,1,4,75.0,209.97539263945174
2015-05-06,3,1,4,75.0,202.03506485630777
2015-05-07,3,1,4,75.0,196.2225529567021
2015-05-08,4,0,4,100.0,204.29322101901056
2015-05-11,4,0,4,100.0,207.62309340352508
2015-05-12,4,0,4,100.0,203.99593096084337
2015-05-13,4,0,4,100.0,205.85725504012697
2015-05-14,4,0,4,100.0,204.58541536124514
2015-05-15,4,0,4,100.0,201.96085693472105
2015-05-18,4,0,4,100.0,202.2448667145973
2015-05-19,4,0,4,100.0,202.36860150278386
2015-05-20,4,0,4,100.0,204.02191373401436
2015-05-21,4,0,4,100.0,205.17037618675195
2015-05-22,4,0,4,100.0,206.94390386912556
2015-05-25,4,0,4,100.0,204.33869422897808
2015-05-26,4,0,4,100.0,203.41451544971898
2015-05-27,4,0,4,100.0,204.93289397991782
2015-05-28,4,0,4,100.0,203.67757646163273
2015-05-29,4,0,4,100.0,210.2784802094476
2015-06-01,4,0,4,100.0,208.95366879873643
2015-06-02,3,1,4,75.0,197.35669042638705
2015-06-03,3,1,4,75.0,189.2465741439283
2015-06-04,3,1,4,75.0,186.20338289276208
2015-06-05,3,1,4,75.0,187.62954753961182
2015-06-08,3,1,4,75.0,182.40087943061297
2015-06-09,3,1,4,75.0,185.45892785307547
2015-06-10,3,1,4,75.0,187.12065716518595
2015-06-11,3,1,4,75.0,182.4821396307357
2015-06-12,3,1,4,75.0,183.2602437470514
2015-06-15,3,1,4,75.0,180.62013238017806
2015-06-16,3,1,4,75.0,180.4048735686015
2015-06-17,3,1,4,75.0,183.1024126688885
2015-06-18,3,1,4,75.0,187.22394968683517
2015-06-19,3,1,4,75.0,191.2071023451312
2015-06-22,3,1,4,75.0,194.69498313469146
2015-06-23,3,1,4,75.0,199.8946171434199
2015-06-24,3,1,4,75.0,198.06067021686746
2015-06-25,3,1,4,75.0,198.0114026595483
2015-06-26,3,1,4,75.0,204.49474659907133
2015-06-29,4,0,4,100.0,202.1009017738046
2015-06-30,4,0,4,100.0,202.07165075424945
2015-07-01,4,0,4,100.0,201.56930360898707
2015-07-02,4,0,4,100.0,201.08328431552914
2015-07-03,3,1,4,75.0,201.08521700445502
2015-07-06,4,0,4,100.0,201.60706420426405
2015-07-07,4,0,4,100.0,204.44728000880107
2015-07-08,4,0,4,100.0,202.2213215534279
2015-07-09,4,0,4,100.0,205.17719926792765
2015-07-10,4,0,4,100.0,206.5827557070265
2015-07-13,4,0,4,100.0,206.11000013796317
2015-07-14,4,0,4,100.0,211.50423609461924
2015-07-15,4,0,4,100.0,210.15766836480117
2015-07-16,4,0,4,100.0,210.79419161203083
2015-07-17,4,0,4,100.0,209.6320336464879
2015-07-20,4,0,4,100.0,210.0748826337951
2015-07-21,3,1,4,75.0,208.41981547731248
2015-07-22,3,1,4,75.0,209.7453652071011
2015-07-23,3,1,4,75.0,210.3598895701278
2015-07-24,3,1,4,75.0,214.41418191533364
2015-07-27,3,1,4,75.0,215.4076740053139
2015-07-28,3,1,4,75.0,224.33714997474917
2015-07-29,4,0,4,100.0,234.1252094816797
2015-07-30,4,0,4,100.0,235.51512948880767
2015-07-31,4,0,4,100.0,239.69704946041483
2015-08-03,4,0,4,100.0,241.08524714374337
2015-08-04,4,0,4,100.0,255.34138546732797
2015-08-05,4,0,4,100.0,266.2440281716656
2015-08-06,4,0,4,100.0,261.76565976738317
2015-08-07,4,0,4,100.0,261.20718636119034
2015-08-10,4,0,4,100.0,259.4039155633693
2015-08-11,4,0,4,100.0,254.6371835791725
2015-08-12,4,0,4,100.0,249.3395250273398
2015-08-13,4,0,4,100.0,249.09566873525196
2015-08-14,4,0,4,100.0,253.75771892268534
2015-08-17,4,0,4,100.0,251.7499343049878
2015-08-18,4,0,4,100.0,267.618629296815
2015-08-19,4,0,4,100.0,269.55950261378064
2015-08-20,4,0,4,100.0,264.9774398908562
2015-08-21,4,0,4,100.0,264.9457725562954
2015-08-24,3,1,4,75.0,234.01221925710115
2015-08-25,4,0,4,100.0,235.56881346411126
2015-08-26,4,0,4,100.0,237.73804036962355
2015-08-27,4,0,4,100.0,251.1029094735101
2015-08-28,4,0,4,100.0,255.8904561026073
2015-08-31,4,0,4,100.0,261.52189244497174
2015-09-01,3,1,4,75.0,253.03240584385222
2015-09-02,4,0,4,100.0,256.2515879818549
2015-09-03,4,0,4,100.0,258.9503443538241
2015-09-04,3,1,4,75.0,248.1750709714819
2015-09-07,3,1,4,75.0,245.1847681572294
2015-09-08,3,1,4,75.0,251.2613578380084
2015-09-09,4,0,4,100.0,256.71071259703024
2015-09-10,4,0,4,100.0,256.420287092473
2015-09-11,4,0,4,100.0,258.3513521926306
2015-09-14,3,1,4,75.0,257.4282406943235
2015-09-15,3,1,4,75.0,262.93071938415216
2015-09-16,3,1,4,75.0,256.552340850562
2015-09-18,3,1,4,75.0,261.3438387515711
2015-09-21,3,1,4,75.0,261.0523861020545
2015-09-22,3,1,4,75.0,258.74285512047214
2015-09-23,4,0,4,100.0,265.38027454058357
2015-09-24,4,0,4,100.0,270.28685522958875
2015-09-28,4,0,4,100.0,276.9424330669995
2015-09-29,4,0,4,100.0,275.1872891473951
2015-09-30,4,0,4,100.0,274.7089850355224
2015-10-01,4,0,4,100.0,271.42542252161223
2015-10-05,4,0,4,100.0,276.05503198744043
2015-10-06,4,0,4,100.0,278.97018720978394
2015-10-07,4,0,4,100.0,279.2179017704189
2015-10-08,4,0,4,100.0,279.87427282887273
2015-10-09,4,0,4,100.0,281.57518102863895
2015-10-12,4,0,4,100.0,279.6511439498763
2015-10-13,4,0,4,100.0,281.94969194208386
2015-10-14,4,0,4,100.0,279.929671426554
2015-10-15,4,0,4,100.0,283.995468811303
2015-10-16,4,0,4,100.0,276.61802926874026
2015-10-19,4,0,4,100.0,275.6509673823293
2015-10-20,4,0,4,100.0,280.86656563659744
2015-10-21,4,0,4,100.0,278.85077120319346
2015-10-23,4,0,4,100.0,276.9416157073486
2015-10-26,3,1,4,75.0,273.44535142360263
2015-10-27,4,0,4,100.0,274.0214045381695
2015-10-28,3,1,4,75.0,275.0513253456589
2015-10-29,3,1,4,75.0,270.9673794997939
2015-10-30,3,1,4,75.0,272.0538458787752
2015-11-02,3,1,4,75.0,274.23988219939656
2015-11-03,3,1,4,75.0,267.941151799477
2015-11-04,3,1,4,75.0,253.75872257954276
2015-11-05,3,1,4,75.0,248.7378202340453
2015-11-06,3,1,4,75.0,251.56253104345495
2015-11-09,3,1,4,75.0,257.135337993391
2015-11-10,3,1,4,75.0,249.21496011354188
2015-11-11,3,1,4,75.0,251.90040763922337
2015-11-13,2,2,4,50.0,245.72476691930234
2015-11-16,2,2,4,50.0,247.70636330770975
2015-11-17,2,2,4,50.0,247.157920163671
2015-11-18,3,1,4,75.0,243.62673288640195
2015-11-19,2,2,4,50.0,245.07641883700356
2015-11-20,2,2,4,50.0,245.67364547706435
2015-11-23,2,2,4,50.0,248.92586691061544
2015-11-24,3,1,4,75.0,250.975982306006
2015-11-26,2,2,4,50.0,251.62574053487253
2015-11-27,2,2,4,50.0,253.76781336539037
2015-11-30,3,1,4,75.0,259.4905813307796
2015-12-01,3,1,4,75.0,261.44228620418426
2015-12-02,3,1,4,75.0,261.39639030485654
2015-12-03,3,1,4,75.0,258.40727862724924
2015-12-04,3,1,4,75.0,256.38707542597865
2015-12-07,3,1,4,75.0,254.9551609392464
2015-12-08,3,1,4,75.0,249.87446871010178
2015-12-09,2,2,4,50.0,246.0560778096057
2015-12-10,2,2,4,50.0,247.97684750678988
2015-12-11,2,2,4,50.0,247.89687454445217
2015-12-14,2,2,4,50.0,254.49592544941675
2015-12-15,2,2,4,50.0,255.05881877072332
2015-12-16,2,2,4,50.0,253.5074432189769
2015-12-17,2,2,4,50.0,256.4882680028331
2015-12-18,2,2,4,50.0,256.10441820458857
2015-12-21,2,2,4,50.0,258.76039729205024
2015-12-22,2,2,4,50.0,259.8657750043136
2015-12-23,3,1,4,75.0,272.7974122166231
2015-12-24,3,1,4,75.0,277.9622524309999
2015-12-28,3,1,4,75.0,277.5030827109155
2015-12-29,3,1,4,75.0,279.9072875342983
2015-12-30,3,1,4,75.0,277.0145192134102
2015-12-31,3,1,4,75.0,277.5419224131189
2016-01-01,3,1,4,75.0,280.56808451671094
2016-01-04,3,1,4,75.0,279.52134040970134
2016-01-05,3,1,4,75.0,277.84658706049095
2016-01-06,3,1,4,75.0,280.0777260216972
2016-01-07,3,1,4,75.0,268.7895379516107
2016-01-08,3,1,4,75.0,274.8827148801367
2016-01-11,3,1,4,75.0,274.4135895889891
2016-01-12,3,1,4,75.0,271.1172697389229
2016-01-13,2,2,4,50.0,260.68802741324515
2016-01-14,3,1,4,75.0,255.76908920537934
2016-01-15,2,2,4,50.0,241.62299528250085
2016-01-18,2,2,4,50.0,232.49349952790647
2016-01-19,2,2,4,50.0,236.31125270864976
2016-01-20,2,2,4,50.0,227.53844101979038
2016-01-21,1,3,4,25.0,226.39078992131564
2016-01-22,2,2,4,50.0,229.49148127951102
2016-01-25,2,2,4,50.0,234.36056427029098
2016-01-27,2,2,4,50.0,237.47959468292441
2016-01-28,2,2,4,50.0,239.20755334094014
2016-01-29,2,2,4,50.0,243.45332883021297
2016-02-01,2,2,4,50.0,248.1358246283611
2016-02-02,2,2,4,50.0,246.82773334141336
2016-02-03,2,2,4,50.0,238.49890361705843
2016-02-04,2,2,4,50.0,234.27392670628686
2016-02-05,2,2,4,50.0,235.78034643867434
2016-02-08,2,2,4,50.0,233.94957899054302
2016-02-09,2,2,4,50.0,228.66989435555593
2016-02-10,2,2,4,50.0,223.56597738194716
2016-02-11,1,3,4,25.0,210.22223514328627
2016-02-12,1,3,4,25.0,204.15797615669385
2016-02-15,1,3,4,25.0,218.36113369929612
2016-02-16,1,3,4,25.0,216.5861790376142
2016-02-17,1,3,4,25.0,218.07849790873192
2016-02-18,1,3,4,25.0,219.40773416196814
2016-02-19,1,3,4,25.0,217.86032573117416
2016-02-22,1,3,4,25.0,219.50879249738563
2016-02-23,1,3,4,25.0,218.14032374131475
2016-02-24,1,3,4,25.0,225.19783758152693
2016-02-25,1,3,4,25.0,225.53602979094669
2016-02-26,0,4,4,0.0,221.90589137156542
2016-02-29,0,4,4,0.0,220.28848743738288
2016-03-01,1,3,4,25.0,227.78500649992714
2016-03-02,1,3,4,25.0,228.70487164091452
2016-03-03,1,3,4,25.0,232.6299291873213
2016-03-04,1,3,4,25.0,234.26249356714655
2016-03-08,1,3,4,25.0,233.1206067393331
2016-03-09,1,3,4,25.0,236.16516665123734
2016-03-10,1,3,4,25.0,236.6943354441975
2016-03-11,1,3,4,25.0,231.573063128196
2016-03-14,1,3,4,25.0,232.8140866254975
2016-03-15,1,3,4,25.0,229.75756394350628
2016-03-16,1,3,4,25.0,233.38649650066512
2016-03-17,1,3,4,25.0,232.61042468708618
2016-03-18,1,3,4,25.0,234.76774456595524
2016-03-21,1,3,4,25.0,239.3942405983345
2016-03-22,2,2,4,50.0,240.73457083113126
2016-03-23,2,2,4,50.0,238.7575495633475
2016-03-28,1,3,4,25.0,229.5746781316313
2016-03-29,1,3,4,25.0,242.13660075554864
2016-03-30,2,2,4,50.0,246.69209101783954
2016-03-31,2,2,4,50.0,242.11385536842855
2016-04-01,2,2,4,50.0,245.9897505540384
2016-04-04,2,2,4,50.0,253.67518961608795
2016-04-05,1,3,4,25.0,250.59273886798215
2016-04-06,1,3,4,25.0,249.37794127016465
2016-04-07,1,3,4,25.0,247.41650190836663
2016-04-08,1,3,4,25.0,248.40553595846902
2016-04-11,1,3,4,25.0,249.5948586156029
2016-04-12,1,3,4,25.0,253.91493968669482
2016-04-13,2,2,4,50.0,251.70248791527627
2016-04-18,2,2,4,50.0,257.791532686476
2016-04-20,3,1,4,75.0,260.2358715102115
2016-04-21,1,3,4,25.0,254.74077231441677
2016-04-22,1,3,4,25.0,251.43972891855267
2016-04-25,1,3,4,25.0,250.12468649575652
2016-04-26,1,3,4,25.0,252.53451737186583
2016-04-27,2,2,4,50.0,254.64688867433227
2016-04-28,1,3,4,25.0,248.96112876391533
2016-04-29,1,3,4,25.0,247.2499589839297
2016-05-02,1,3,4,25.0,248.31868377480083
2016-05-03,1,3,4,25.0,248.01943709707714
2016-05-04,0,4,4,0.0,243.89074552565458
2016-05-05,0,4,4,0.0,246.54862910731111
2016-05-06,0,4,4,0.0,246.00060588703317
2016-05-09,0,4,4,0.0,248.12721753030092
2016-05-10,0,4,4,0.0,250.42185191714293
2016-05-11,0,4,4,0.0,249.0392510234009
2016-05-12,1,3,4,25.0,251.45609327222763
2016-05-13,1,3,4,25.0,251.67720413659978
2016-05-16,0,4,4,0.0,251.06411849441423
2016-05-17,1,3,4,25.0,251.23967933176186
2016-05-18,1,3,4,25.0,251.40809595339508
2016-05-19,0,4,4,0.0,246.94729995725785
2016-05-20,0,4,4,0.0,241.97385870194407
2016-05-23,0,4,4,0.0,243.17885652250476
2016-05-24,0,4,4,0.0,241.28502441318744
2016-05-25,0,4,4,0.0,239.8437716036981
2016-05-26,0,4,4,0.0,240.48545147450832
2016-05-27,0,4,4,0.0,244.38804150109598
2016-05-30,1,3,4,25.0,243.6828958334733
2016-05-31,0,4,4,0.0,243.65568828885156
2016-06-01,0,4,4,0.0,240.99309113313612
2016-06-02,0,4,4,0.0,244.02817743859225
2016-06-03,0,4,4,0.0,241.3621882838249
2016-06-06,1,3,4,25.0,242.1920560722822
2016-06-07,2,2,4,50.0,246.26598102839026
2016-06-08,2,2,4,50.0,251.7378215527693
2016-06-09,2,2,4,50.0,250.7989165745718
2016-06-10,2,2,4,50.0,249.33341152731262
2016-06-13,2,2,4,50.0,244.96580719246074
2016-06-14,1,3,4,25.0,245.72873191022683
2016-06-15,2,2,4,50.0,248.48986616786374
2016-06-16,2,2,4,50.0,246.41200837667623
2016-06-17,2,2,4,50.0,246.29881947005424
2016-06-20,2,2,4,50.0,256.1318293297375
2016-06-21,3,1,4,75.0,264.36709712067056
2016-06-22,3,1,4,75.0,263.0023444716393
2016-06-23,3,1,4,75.0,260.084354158075
2016-06-24,2,2,4,50.0,253.40530817396032
2016-06-27,3,1,4,75.0,265.7512015881691
2016-06-28,3,1,4,75.0,261.62746474763946
2016-06-29,3,1,4,75.0,277.4188871410013
2016-06-30,3,1,4,75.0,276.651314542917
2016-07-01,3,1,4,75.0,275.69837632883065
2016-07-04,3,1,4,75.0,275.2318237315779
2016-07-05,3,1,4,75.0,275.7865576837772
2016-07-07,3,1,4,75.0,273.71432242786216
2016-07-08,3,1,4,75.0,275.29316082571023
2016-07-11,3,1,4,75.0,273.69422803658705
2016-07-12,3,1,4,75.0,269.8384879226264
2016-07-13,3,1,4,75.0,270.4058860709563
2016-07-14,3,1,4,75.0,272.9477053856063
2016-07-15,2,2,4,50.0,263.71066186568754
2016-07-18,3,1,4,75.0,266.10110220047824
2016-07-19,3,1,4,75.0,264.17173357470415
2016-07-20,3,1,4,75.0,266.3939164505115
2016-07-21,3,1,4,75.0,264.660167805537
2016-07-22,3,1,4,75.0,263.7537234331176
2016-07-25,3,1,4,75.0,264.6453460711031
2016-07-26,3,1,4,75.0,263.3371741704544
2016-07-27,3,1,4,75.0,262.90564381290966
2016-07-28,3,1,4,75.0,270.84168974101533
2016-07-29,3,1,4,75.0,278.10049727680456
2016-08-01,3,1,4,75.0,281.3264656440194
2016-08-02,3,1,4,75.0,279.61657812640397
2016-08-03,3,1,4,75.0,275.4016942253897
2016-08-04,3,1,4,75.0,272.78979314179276
2016-08-05,3,1,4,75.0,276.0839505520191
2016-08-08,3,1,4,75.0,276.9774995521704
2016-08-09,3,1,4,75.0,275.73374700578944
2016-08-10,3,1,4,75.0,272.7569501885343
2016-08-11,3,1,4,75.0,270.1469358807748
2016-08-12,3,1,4,75.0,270.1675844036044
2016-08-16,3,1,4,75.0,266.46164481696667
2016-08-17,3,1,4,75.0,266.94046204479844
2016-08-18,3,1,4,75.0,268.3246482492355
2016-08-19,3,1,4,75.0,275.7259927785859
2016-08-22,3,1,4,75.0,274.80330041973974
2016-08-23,3,1,4,75.0,271.68006429685926
2016-08-24,3,1,4,75.0,275.1340892781431
2016-08-25,3,1,4,75.0,272.53797668671353
2016-08-26,3,1,4,75.0,271.31157744207155
2016-08-29,3,1,4,75.0,266.96879782747607
2016-08-30,3,1,4,75.0,269.187197549486
2016-08-31,3,1,4,75.0,266.6964108595195
2016-09-01,3,1,4,75.0,266.0304342934488
2016-09-02,3,1,4,75.0,264.94408171325034
2016-09-06,3,1,4,75.0,264.89375023818013
2016-09-07,3,1,4,75.0,264.0595946743199
2016-09-08,3,1,4,75.0,262.1149986691417
2016-09-09,2,2,4,50.0,260.0207217141134
2016-09-12,3,1,4,75.0,260.8120694830509
2016-09-14,2,2,4,50.0,258.80216761287915
2016-09-15,3,1,4,75.0,261.610620996312
2016-09-16,2,2,4,50.0,259.6073135004526
2016-09-19,3,1,4,75.0,261.0325548689799
2016-09-20,3,1,4,75.0,260.4216906009045
2016-09-21,3,1,4,75.0,261.6011107632664
2016-09-22,3,1,4,75.0,262.5910612514717
2016-09-23,3,1,5,75.0,262.0370025506573
2016-09-26,3,1,5,75.0,261.0459844752982
2016-09-27,3,1,5,75.0,260.91602087997416
2016-09-28,3,1,5,75.0,265.1164631057524
2016-09-29,3,1,5,75.0,253.26692806806514
2016-09-30,3,1,5,75.0,254.94286453264237
2016-10-03,3,1,5,75.0,259.36535734895097
2016-10-04,3,1,5,75.0,258.52565800208856
2016-10-05,3,1,5,75.0,257.44123654707573
2016-10-06,3,1,5,75.0,259.2727219221405
2016-10-07,3,1,5,75.0,258.0338600327291
2016-10-10,3,1,5,75.0,259.5429025731996
2016-10-13,3,1,5,75.0,262.027056187778
2016-10-14,3,1,5,75.0,259.3274088610153
2016-10-17,3,1,5,75.0,258.1538003594727
2016-10-18,3,1,5,75.0,260.9958124678691
2016-10-19,3,1,5,75.0,260.97035309721065
2016-10-20,3,1,5,75.0,262.09491003366907
2016-10-21,3,1,5,75.0,258.96442856796267
2016-10-24,3,1,5,75.0,263.61493801217574
2016-10-25,3,1,5,75.0,264.5469541122203
2016-10-26,3,1,5,75.0,260.65477621685164
2016-10-27,3,1,5,75.0,261.77555361349886
2016-10-28,3,1,5,75.0,265.34311483293146
2016-10-30,3,1,5,75.0,268.07261257612197
2016-11-01,3,1,5,75.0,265.418562048426
2016-11-02,3,1,5,75.0,258.6411036001511
2016-11-03,2,2,5,50.0,254.64883756007066
2016-11-04,3,1,5,75.0,249.2948233589893
2016-11-07,2,2,5,50.0,248.56619080532377
2016-11-08,2,2,5,50.0,250.27493851669368
2016-11-09,2,2,5,50.0,244.42295394551573
2016-11-10,2,2,5,50.0,249.50654417138782
2016-11-11,2,2,5,50.0,240.80323397723595
2016-11-15,2,2,5,50.0,234.7747252906757
2016-11-16,2,2,5,50.0,234.05817837789616
2016-11-17,2,2,5,50.0,232.92434390124436
2016-11-18,2,2,5,50.0,237.41343579430975
2016-11-21,2,2,5,50.0,232.0053966348129
2016-11-22,2,2,5,50.0,236.10541654386185
2016-11-23,2,2,5,50.0,239.6361154677593
2016-11-24,2,2,5,50.0,244.20477229861203
2016-11-25,2,2,5,50.0,250.10039457941286
2016-11-28,2,2,5,50.0,253.89295029100887
2016-11-29,2,2,5,50.0,254.60835298034695
2016-11-30,2,2,5,50.0,258.0183493642524
2016-12-01,3,1,5,75.0,262.8922388291801
2016-12-02,3,1,5,75.0,260.7497153873014
2016-12-05,3,1,5,75.0,266.23264060800807
2016-12-06,3,1,5,75.0,267.3367263396824
2016-12-07,3,1,5,75.0,266.9646758555733
2016-12-08,3,1,5,75.0,269.17882331911267
2016-12-09,3,1,5,75.0,273.53401403546616
2016-12-12,3,1,5,75.0,273.46310828963124
2016-12-13,3,1,5,75.0,269.3109409476499
2016-12-14,3,1,5,75.0,265.90048298944237
2016-12-15,3,1,5,75.0,266.36351926586264
2016-12-16,2,2,5,50.0,265.3287185578511
2016-12-19,2,2,5,50.0,261.5495011652415
2016-12-20,2,2,5,50.0,258.93212565698366
2016-12-21,2,2,5,50.0,257.5376725746038
2016-12-22,2,2,5,50.0,252.0531703968978
2016-12-23,2,2,5,50.0,249.73767356119038
2016-12-26,2,2,5,50.0,247.6994628489456
2016-12-27,1,3,5,25.0,249.40487379473254
2016-12-28,2,2,5,50.0,251.14781087360956
2016-12-29,2,2,5,50.0,253.51946811362555
2016-12-30,2,2,5,50.0,255.86434654842031
2017-01-02,2,2,5,50.0,256.66429491494495
2017-01-03,2,2,5,50.0,258.7506662013435
2017-01-04,3,1,5,75.0,265.0671991281816
2017-01-05,3,1,5,75.0,266.1144924582136
2017-01-06,3,1,5,75.0,273.5428552044156
2017-01-09,3,1,5,75.0,275.8083579085148
2017-01-10,3,1,5,75.0,277.2741157988746
2017-01-11,3,1,5,75.0,274.61661934223645
2017-01-12,3,1,5,75.0,278.26750525433545
2017-01-13,3,1,5,75.0,276.4088034959883
2017-01-16,3,1,5,75.0,275.6971927447482
2017-01-17,3,1,5,75.0,275.4167442820211
2017-01-18,2,2,5,50.0,278.21935872363514
2017-01-19,2,2,5,50.0,279.68218330696396
2017-01-20,2,2,5,50.0,275.5881170271647
2017-01-23,2,2,5,50.0,278.5815793960013
2017-01-24,2,2,5,50.0,279.43193755260353
2017-01-25,2,2,5,50.0,275.63184802412775
2017-01-27,2,2,5,50.0,275.5060380720322
2017-01-30,2,2,5,50.0,278.37331787114266
2017-01-31,2,2,5,50.0,273.0800459435859
2017-02-01,2,2,5,50.0,272.77223720524745
2017-02-02,2,2,5,50.0,273.4857510825355
2017-02-03,2,2,5,50.0,282.6980615603463
2017-02-06,2,2,5,50.0,284.2577334089375
2017-02-07,2,2,5,50.0,282.79252538749853
2017-02-08,2,2,5,50.0,285.51982854475375
2017-02-09,2,2,5,50.0,286.5165549960093
2017-02-10,2,2,5,50.0,285.98919320450204
2017-02-13,2,2,5,50.0,284.2336628040791
2017-02-14,2,2,5,50.0,283.2854404881964
2017-02-15,2,2,5,50.0,280.98315689356383
2017-02-16,2,2,5,50.0,283.89554579161074
2017-02-17,2,2,5,50.0,282.7153820816552
2017-02-20,2,2,5,50.0,283.23593572534304
2017-02-21,2,2,5,50.0,285.58457895823636
2017-02-22,2,2,5,50.0,281.188842127067
2017-02-23,2,2,5,50.0,279.5933416089037
2017-02-27,2,2,5,50.0,280.898975986204
2017-02-28,2,2,5,50.0,282.4819520829669
2017-03-01,2,2,5,50.0,282.5170238683198
2017-03-02,2,2,5,50.0,279.03661204795753
2017-03-03,2,2,5,50.0,277.12815122856597
2017-03-06,2,2,5,50.0,278.26321004231363
2017-03-07,2,2,5,50.0,277.85432592225146
2017-03-08,2,2,6,50.0,274.1043676148395
2017-03-09,2,2,6,50.0,275.8655139303323
2017-03-10,2,2,6,50.0,277.7697656063191
2017-03-14,2,2,6,50.0,284.45157502984586
2017-03-15,2,2,6,50.0,282.8643931347861
2017-03-16,2,2,6,50.0,288.4636811593756
2017-03-17,3,1,6,75.0,288.6493258162663
2017-03-20,3,1,6,75.0,290.2203472841612
2017-03-21,3,1,6,75.0,288.5315591858519
2017-03-22,2,2,6,50.0,286.2491159323771
2017-03-23,3,1,6,75.0,287.9948921230041
2017-03-24,3,1,6,75.0,288.58100622160975
2017-03-27,3,1,6,75.0,287.6832517232823
2017-03-28,3,1,6,75.0,288.8207209158789
2017-03-29,3,1,6,75.0,285.68099627576225
2017-03-30,2,2,6,50.0,285.1246143050931
2017-03-31,2,2,6,50.0,286.1243601399584
2017-04-03,3,1,6,75.0,289.819075688358
2017-04-05,4,0,6,100.0,293.4495575571566
2017-04-06,4,0,6,100.0,295.7862453581558
2017-04-07,3,1,6,75.0,293.35664435706195
2017-04-10,3,1,6,75.0,294.37431166171535
2017-04-11,3,1,6,75.0,297.92743277317294
2017-04-12,3,1,6,75.0,296.945305582127
2017-04-13,3,1,6,75.0,296.27348009765024
2017-04-17,4,0,6,100.0,296.9997620861338
2017-04-18,4,0,6,100.0,295.4383186822865
2017-04-19,4,0,6,100.0,298.8531326037042
2017-04-20,4,0,6,100.0,299.5254447174144
2017-04-21,4,0,6,100.0,301.263822615971
2017-04-24,4,0,6,100.0,304.34400853671093
2017-04-25,4,0,6,100.0,304.0271828924003
2017-04-26,4,0,6,100.0,302.1030358677468
2017-04-27,4,0,6,100.0,302.24505822812154
2017-04-28,4,0,6,100.0,303.66259252958645
2017-05-02,4,0,6,100.0,305.18046419073727
2017-05-03,4,1,6,80.0,302.5553436432396
2017-05-04,4,1,6,80.0,302.32289126811645
2017-05-05,4,1,6,80.0,297.8042340281926
2017-05-08,4,1,6,80.0,300.13995542416603
2017-05-09,4,1,6,80.0,304.3873065753842
2017-05-10,4,1,6,80.0,307.9360005284469
2017-05-11,4,1,6,80.0,308.72030218200575
2017-05-12,4,1,6,80.0,308.2561063363028
2017-05-15,4,1,6,80.0,310.03809672481185
2017-05-16,4,1,6,80.0,313.0484323218148
2017-05-17,4,1,6,80.0,310.36781628204074
2017-05-18,4,1,6,80.0,304.64303143250675
2017-05-19,4,1,6,80.0,305.37478934397564
2017-05-22,4,1,6,80.0,301.83915980793927
2017-05-23,4,1,6,80.0,296.24879306497184
2017-05-24,3,2,6,60.0,289.58774306092795
2017-05-25,3,2,6,60.0,294.30169779301633
2017-05-26,3,2,6,60.0,297.11375147638455
2017-05-29,3,2,6,60.0,289.0674889312175
2017-05-30,3,2,6,60.0,294.9204699690747
2017-05-31,2,3,6,40.0,293.96143972052926
2017-06-01,3,2,6,60.0,296.922157309966
2017-06-02,3,2,6,60.0,299.22010899902824
2017-06-05,4,1,6,80.0,303.4097383573294
2017-06-06,4,1,6,80.0,304.7096522976069
2017-06-07,4,1,6,80.0,306.426797993947
2017-06-08,4,1,6,80.0,305.06262581846624
2017-06-09,4,1,6,80.0,305.44410863298936
2017-06-12,4,1,6,80.0,302.47751550200735
2017-06-13,4,1,6,80.0,312.4969632291254
2017-06-14,4,1,6,80.0,317.67738094480893
2017-06-15,4,1,6,80.0,315.8077831866508
2017-06-16,4,1,6,80.0,316.3466924809117
2017-06-19,4,1,6,80.0,320.75763578241254
2017-06-20,4,1,6,80.0,323.110882028645
2017-06-21,4,1,6,80.0,322.5065355896231
2017-06-22,4,1,6,80.0,320.53537926651916
2017-06-23,4,1,6,80.0,316.3043043717123
2017-06-27,4,1,6,80.0,311.6492545257431
2017-06-28,4,1,6,80.0,311.21459518632395
2017-06-29,4,1,6,80.0,317.5018037301001
2017-06-30,4,1,6,80.0,321.02017649007297
2017-07-03,4,1,6,80.0,322.97293907067296
2017-07-04,4,1,6,80.0,324.7058535661778
2017-07-05,4,1,6,80.0,330.96293476510556
2017-07-06,4,1,6,80.0,331.69310504931894
2017-07-07,4,1,6,80.0,332.2552675073895
2017-07-10,4,1,6,80.0,332.4201260706303
2017-07-11,4,1,6,80.0,331.12614298593184
2017-07-12,4,1,6,80.0,329.6408747130571
2017-07-13,4,1,6,80.0,332.7598118686518
2017-07-14,4,1,6,80.0,330.0869854492174
2017-07-17,4,1,6,80.0,340.5560073944794
2017-07-18,4,1,6,80.0,339.32548601233447
2017-07-19,4,1,6,80.0,339.8415471352485
2017-07-20,4,1,6,80.0,341.6619906160157
2017-07-21,4,1,6,80.0,344.4227556243348
2017-07-24,4,1,6,80.0,348.3175219557234
2017-07-25,4,1,6,80.0,349.4858738005962
2017-07-26,4,1,6,80.0,348.92850819426775
2017-07-27,4,1,6,80.0,349.1931327215687
2017-07-28,4,1,6,80.0,347.72262805232316
2017-07-31,4,1,6,80.0,351.8094684476204
2017-08-01,4,1,6,80.0,351.21846201561897
2017-08-02,4,1,6,80.0,348.8560819741499
2017-08-03,4,1,6,80.0,345.28869528779705
2017-08-04,4,1,6,80.0,345.0570521847234
2017-08-07,4,1,6,80.0,348.50452246809044
2017-08-08,4,1,6,80.0,342.9024844130178
2017-08-09,4,1,6,80.0,334.60805624716903
2017-08-10,4,1,6,80.0,324.96223516442376
2017-08-11,4,1,6,80.0,325.9052421964652
2017-08-14,3,2,6,60.0,337.46865936047675
2017-08-16,4,1,6,80.0,343.14119651217356
2017-08-17,4,1,6,80.0,344.11773908075173
2017-08-18,4,1,6,80.0,343.89560566667683
2017-08-21,4,1,6,80.0,340.8771182844407
2017-08-22,4,1,6,80.0,337.35514526985276
2017-08-23,4,1,6,80.0,342.46766321432096
2017-08-24,4,1,6,80.0,344.8123664979933
2017-08-28,4,1,6,80.0,346.3880016192236
2017-08-29,4,1,6,80.0,342.81579973989807
2017-08-30,4,1,6,80.0,349.08511207324364
2017-08-31,4,1,6,80.0,346.79043844134696
2017-09-01,5,0,6,100.0,351.0211673544243
2017-09-04,5,0,6,100.0,351.89743648478475
2017-09-05,5,0,6,100.0,356.2823334791751
2017-09-06,5,0,6,100.0,356.7339378244665
2017-09-07,5,0,6,100.0,356.75841539586395
2017-09-08,5,0,6,100.0,356.7175070478657
2017-09-11,5,0,6,100.0,360.84883145722785
2017-09-12,5,0,6,100.0,366.26951980777267
2017-09-13,5,0,6,100.0,366.6462679876117
2017-09-14,5,0,6,100.0,363.6805389904284
2017-09-15,5,0,6,100.0,360.15087270469286
2017-09-18,5,0,7,100.0,365.4766840776704
2017-09-19,5,0,7,100.0,361.6843785220674
2017-09-20,4,1,7,80.0,358.6416379326173
2017-09-21,5,0,7,100.0,357.13882425166963
2017-09-22,5,0,7,100.0,348.86382038176674
2017-09-25,5,0,7,100.0,348.0382784144934
2017-09-26,5,0,7,100.0,348.36265429299067
2017-09-27,4,1,7,80.0,341.93733533427763
2017-09-28,5,0,7,100.0,346.88057452395486
2017-09-29,5,0,7,100.0,350.8436895445441
2017-10-03,5,0,7,100.0,349.445081974474
2017-10-04,5,0,7,100.0,351.60786666241006
2017-10-05,5,0,7,100.0,353.4139346621931
2017-10-06,5,0,7,100.0,356.1129419800439
2017-10-09,5,0,7,100.0,360.1273965650353
2017-10-10,5,0,7,100.0,360.1436772483744
2017-10-11,5,0,7,100.0,356.4560143770367
2017-10-12,5,0,7,100.0,360.12371954685653
2017-10-13,5,1,7,83.33333333333334,362.76291691168785
2017-10-16,5,1,7,83.33333333333334,362.6252275385149
2017-10-17,5,1,7,83.33333333333334,361.6610228481304
2017-10-18,6,0,7,100.0,364.41015218305967
2017-10-19,5,1,7,83.33333333333334,362.81967918013345
2017-10-23,5,1,7,83.33333333333334,362.8529732770611
2017-10-24,5,1,7,83.33333333333334,369.34310748134243
2017-10-25,5,1,7,83.33333333333334,369.58170211547474
2017-10-26,6,0,7,100.0,368.7013571500816
2017-10-27,6,0,7,100.0,367.5796865457244
2017-10-30,6,0,7,100.0,368.9448117321438
2017-10-31,6,0,7,100.0,376.6566064545388
2017-11-01,6,0,7,100.0,380.25568904566535
2017-11-02,6,0,7,100.0,378.91131166887305
2017-11-03,6,0,7,100.0,375.83313595695955
2017-11-06,6,0,7,100.0,378.9142880970891
2017-11-07,6,0,7,100.0,373.1716349844844
2017-11-08,6,0,7,100.0,375.8937220886496
2017-11-09,6,0,7,100.0,382.2625424953507
2017-11-10,6,0,7,100.0,378.913542928598
2017-11-13,6,0,7,100.0,379.03920224115143
2017-11-14,6,0,7,100.0,379.03443549629
2017-11-15,5,1,7,83.33333333333334,373.8754175045453
2017-11-16,5,1,7,83.33333333333334,379.91074586120243
2017-11-17,6,0,7,100.0,382.79630525226446
2017-11-20,6,0,7,100.0,392.1589810262886
2017-11-21,6,0,7,100.0,391.81112356693944
2017-11-22,6,0,7,100.0,394.4200153312398
2017-11-23,6,0,7,100.0,403.7134422155042
2017-11-24,6,0,7,100.0,401.71164121540784
2017-11-27,6,0,7,100.0,407.48482277378565
2017-11-28,6,0,7,100.0,408.4376804143569
2017-11-29,6,0,7,100.0,409.3098828358137
2017-11-30,6,0,7,100.0,412.13584117882095
2017-12-01,6,0,7,100.0,409.9714154869237
2017-12-04,6,0,7,100.0,411.0111178534679
2017-12-05,6,0,7,100.0,411.38858039053036
2017-12-06,6,0,7,100.0,405.163244292575
2017-12-07,6,0,7,100.0,411.8350133562179
2017-12-08,6,0,7,100.0,411.4288195171238
2017-12-11,6,0,7,100.0,409.53209461096804
2017-12-12,6,0,7,100.0,405.0661582226426
2017-12-13,6,0,7,100.0,399.5051959619989
2017-12-14,6,0,7,100.0,396.160692274388
2017-12-15,6,0,7,100.0,397.4412347798971
2017-12-18,6,0,7,100.0,404.681738712224
2017-12-19,6,0,7,100.0,412.8674100777753
2017-12-20,6,0,7,100.0,417.38196190229127
2017-12-21,6,0,7,100.0,419.1414699894605
2017-12-22,6,0,7,100.0,421.94379177230877
2017-12-26,6,0,7,100.0,425.1277126348869
2017-12-27,6,0,7,100.0,422.43673586023107
2017-12-28,6,0,7,100.0,428.60014006063835
2017-12-29,6,0,7,100.0,433.8838635984474
2018-01-01,6,0,7,100.0,433.90412955610884
2018-01-02,6,0,7,100.0,433.4773652510492
2018-01-03,6,0,7,100.0,438.1389751582238
2018-01-04,6,0,7,100.0,441.4582394718109
2018-01-05,6,0,7,100.0,440.87367873149617
2018-01-08,6,0,7,100.0,444.8736091961559
2018-01-09,6,0,7,100.0,438.50238645210527
2018-01-10,6,0,7,100.0,438.7260314619482
2018-01-11,6,0,7,100.0,436.8756490937762
2018-01-12,6,0,7,100.0,433.5952923738508
2018-01-15,6,0,7,100.0,434.6278838004703
2018-01-16,6,0,7,100.0,424.75509170603533
2018-01-17,6,0,7,100.0,426.53677516503825
2018-01-18,6,0,7,100.0,429.0898195863057
2018-01-19,6,0,7,100.0,436.97907798520015
2018-01-22,6,0,7,100.0,441.0987148741957
2018-01-23,6,0,7,100.0,440.57947504993314
2018-01-24,6,0,7,100.0,449.22800868838914
2018-01-25,6,0,7,100.0,454.7508346331253
2018-01-29,6,0,7,100.0,454.42946944030274
2018-01-30,6,0,8,100.0,448.9689705028976
2018-01-31,6,0,8,100.0,444.2629967676844
2018-02-01,5,1,8,83.33333333333334,446.9065906226054
2018-02-02,5,1,8,83.33333333333334,425.0183107925219
2018-02-05,4,2,8,66.66666666666666,421.52822809346776
2018-02-06,3,3,8,50.0,406.3213380953498
2018-02-07,4,2,8,66.66666666666666,422.1466113638086
2018-02-08,5,1,8,83.33333333333334,424.757247038557
2018-02-09,4,2,8,66.66666666666666,421.0724041972961
2018-02-12,4,2,8,66.66666666666666,430.6777515074447
2018-02-14,4,2,8,66.66666666666666,430.11056240004575
2018-02-15,4,2,8,66.66666666666666,422.02137755932586
2018-02-16,3,3,8,50.0,413.2071848192118
2018-02-19,3,3,8,50.0,404.88390187758864
2018-02-20,3,3,8,50.0,401.24653158390606
2018-02-21,3,3,8,50.0,404.5925946722144
2018-02-22,3,3,8,50.0,409.8483663536209
2018-02-23,3,3,8,50.0,413.5195235826979
2018-02-26,3,3,8,50.0,418.4754616294176
2018-02-27,3,3,8,50.0,416.26173079631616
2018-02-28,3,3,8,50.0,418.90794385160495
2018-03-01,3,3,8,50.0,419.1711770735021
2018-03-05,3,3,8,50.0,412.87372533079963
2018-03-06,3,3,8,50.0,409.07296366115304
2018-03-07,3,3,8,50.0,399.8855126096096
2018-03-08,3,3,8,50.0,398.4317092045927
2018-03-09,3,3,8,50.0,395.64125974828
2018-03-12,3,3,8,50.0,402.55320625183623
2018-03-13,3,3,8,50.0,404.68504891836795
2018-03-14,3,3,8,50.0,403.25268092313013
2018-03-15,3,3,8,50.0,402.96608004153603
2018-03-16,3,3,8,50.0,397.2735340801787
2018-03-19,3,3,8,50.0,390.10543187241024
2018-03-20,3,3,8,50.0,387.6340121244361
2018-03-21,3,3,8,50.0,389.6939958843766
2018-03-22,3,3,8,50.0,385.75448689145014
2018-03-23,3,3,8,50.0,380.3519412360732
2018-03-26,3,3,8,50.0,383.63997737492963
2018-03-27,3,3,8,50.0,396.49028476128416
2018-03-28,3,3,8,50.0,405.21034145721967
2018-04-02,3,3,8,50.0,409.14884915970606
2018-04-03,3,3,8,50.0,410.0887618541168
2018-04-04,3,3,8,50.0,404.34514580305336
2018-04-05,3,3,8,50.0,413.739699513871
2018-04-06,3,3,8,50.0,415.3772869707775
2018-04-09,3,3,8,50.0,417.1287508459633
2018-04-10,3,3,8,50.0,415.00894562998656
2018-04-11,3,3,8,50.0,414.7290109243773
2018-04-12,3,3,8,50.0,416.3434271501191
2018-04-13,3,3,8,50.0,414.7056332103552
2018-04-16,3,3,8,50.0,411.5675160957535
2018-04-17,3,3,8,50.0,409.2801714052382
2018-04-18,3,3,8,50.0,406.71482901649955
2018-04-19,4,2,8,66.66666666666666,409.2792926867782
2018-04-20,3,3,8,50.0,412.2313776119038
2018-04-23,3,3,8,50.0,419.9592835025266
2018-04-24,3,3,8,50.0,419.4144054193288
2018-04-25,4,3,8,57.14285714285714,420.3188721926491
2018-04-26,4,3,8,57.14285714285714,422.964202915227
2018-04-27,4,3,8,57.14285714285714,418.93938772318523
2018-04-30,4,3,8,57.14285714285714,428.16012420260876
2018-05-02,4,3,8,57.14285714285714,424.88400132115595
2018-05-03,4,3,8,57.14285714285714,420.52839717532606
2018-05-04,4,3,8,57.14285714285714,422.1592797494315
2018-05-07,4,3,8,57.14285714285714,425.951921983537
2018-05-08,4,3,8,57.14285714285714,427.79062918283455
2018-05-09,4,3,8,57.14285714285714,428.6190471007403
2018-05-10,4,3,8,57.14285714285714,424.37111485112615
2018-05-11,4,3,8,57.14285714285714,423.19698973564454
2018-05-14,4,3,8,57.14285714285714,420.3232704005141
2018-05-15,4,3,8,57.14285714285714,411.5661761307555
2018-05-16,4,3,8,57.14285714285714,409.9193492786805
2018-05-17,4,3,8,57.14285714285714,413.84953164009113
2018-05-18,4,3,8,57.14285714285714,404.46761526584964
2018-05-21,4,3,8,57.14285714285714,397.51484055441404
2018-05-22,4,3,8,57.14285714285714,400.0548602937499
2018-05-23,4,3,8,57.14285714285714,397.72931987069904
2018-05-24,4,3,8,57.14285714285714,397.06175289728003
2018-05-25,4,3,8,57.14285714285714,401.98494156958935
2018-05-28,4,3,8,57.14285714285714,415.985266645593
2018-05-29,4,3,8,57.14285714285714,415.94559056106897
2018-05-30,4,3,8,57.14285714285714,410.5021017932583
2018-05-31,3,4,8,42.857142857142854,391.4287143348504
2018-06-01,3,4,8,42.857142857142854,385.7326719823196
2018-06-04,3,4,8,42.857142857142854,379.32558418469716
2018-06-05,3,4,8,42.857142857142854,369.79482916894904
2018-06-06,3,4,8,42.857142857142854,376.93383733848185
2018-06-07,3,4,8,42.857142857142854,384.82815063234165
2018-06-08,3,4,8,42.857142857142854,386.5445611333376
2018-06-11,3,4,8,42.857142857142854,385.5467396100906
2018-06-12,3,4,8,42.857142857142854,388.43014860634526
2018-06-13,3,4,8,42.857142857142854,386.81712296856585
2018-06-14,3,4,8,42.857142857142854,384.96689241051996
2018-06-15,3,4,8,42.857142857142854,383.0134734142025
2018-06-18,3,4,8,42.857142857142854,376.211956586456
2018-06-19,3,4,8,42.857142857142854,368.9504324590093
2018-06-20,3,4,8,42.857142857142854,369.0232882081487
2018-06-21,3,4,8,42.857142857142854,368.4778806372924
2018-06-22,3,4,8,42.857142857142854,369.3132076994387
2018-06-25,3,4,8,42.857142857142854,366.38964052398006
2018-06-26,3,4,8,42.857142857142854,363.2806399278084
2018-06-27,3,4,8,42.857142857142854,356.1521272267359
2018-06-28,3,4,8,42.857142857142854,355.7414896583867
2018-06-29,3,4,8,42.857142857142854,363.4663188738448
2018-07-02,3,4,8,42.857142857142854,361.8288348893576
2018-07-03,3,4,8,42.857142857142854,369.40405247415435
2018-07-04,3,4,8,42.857142857142854,366.51394087031235
2018-07-05,3,4,8,42.857142857142854,362.54807330846563
2018-07-06,3,4,8,42.857142857142854,374.1787783734741
2018-07-09,3,4,8,42.857142857142854,375.0836565446342
2018-07-10,3,4,8,42.857142857142854,380.7495125446523
2018-07-11,3,4,8,42.857142857142854,377.96596960983953
2018-07-12,3,4,8,42.857142857142854,381.5399470683111
2018-07-13,3,4,8,42.857142857142854,370.8288171095105
2018-07-16,3,4,8,42.857142857142854,365.154865591875
2018-07-17,3,4,8,42.857142857142854,367.4827432269671
2018-07-18,3,4,8,42.857142857142854,362.8976525012926
2018-07-19,3,4,8,42.857142857142854,357.23422840647487
2018-07-20,3,4,8,42.857142857142854,360.3214651369832
2018-07-23,3,4,8,42.857142857142854,364.44065774355147
2018-07-24,3,4,8,42.857142857142854,375.2049042657495
2018-07-25,3,4,8,42.857142857142854,372.34128620689
2018-07-26,3,4,8,42.857142857142854,373.15203338574275
2018-07-27,3,4,8,42.857142857142854,377.44161406916106
2018-07-30,3,4,8,42.857142857142854,377.30043110459735
2018-07-31,3,4,8,42.857142857142854,380.3774669372864
2018-08-01,3,4,8,42.857142857142854,382.0237177799052
2018-08-02,3,4,8,42.857142857142854,376.47198308549366
2018-08-03,3,4,8,42.857142857142854,384.38009281946836
2018-08-06,3,4,8,42.857142857142854,384.1555103936012
2018-08-07,3,4,8,42.857142857142854,372.95689266710104
2018-08-08,3,4,8,42.857142857142854,371.87327873008564
2018-08-09,2,5,8,28.57142857142857,371.4023209562266
2018-08-10,3,4,8,42.857142857142854,371.9057495064439
2018-08-13,3,4,8,42.857142857142854,372.6832358089754
2018-08-14,3,4,8,42.857142857142854,376.51656656324155
2018-08-16,3,4,8,42.857142857142854,374.8119894062349
2018-08-17,3,4,8,42.857142857142854,380.21860278983326
2018-08-20,3,4,8,42.857142857142854,379.4734233998017
2018-08-21,3,4,8,42.857142857142854,380.20087629919345
2018-08-23,3,4,8,42.857142857142854,377.99783899156836
2018-08-24,3,4,8,42.857142857142854,377.57146135258665
2018-08-27,3,4,8,42.857142857142854,381.86550331179535
2018-08-28,3,4,8,42.857142857142854,385.40896240811134
2018-08-29,3,4,8,42.857142857142854,384.1697448329663
2018-08-30,3,4,8,42.857142857142854,386.83452224507937
2018-08-31,3,4,8,42.857142857142854,392.15117162753705
2018-09-03,3,4,8,42.857142857142854,388.9706040817405
2018-09-04,3,4,8,42.857142857142854,379.92122610033954
2018-09-05,3,5,8,37.5,373.0270310553322
2018-09-06,3,5,8,37.5,370.08428434462274
2018-09-07,3,5,8,37.5,375.7929677916671
2018-09-10,3,5,8,37.5,370.0935422387536
2018-09-11,3,5,8,37.5,363.5154752820503
2018-09-12,3,5,8,37.5,360.2854016579286
2018-09-14,3,5,8,37.5,360.3074242162765
2018-09-17,3,5,8,37.5,357.9983098729608
2018-09-18,3,5,8,37.5,351.67750393659054
2018-09-19,3,5,8,37.5,358.51700049404707
2018-09-21,3,5,8,37.5,349.66201961097516
2018-09-24,3,5,8,37.5,342.33746255582906
2018-09-25,3,5,8,37.5,339.4375860836677
2018-09-26,3,5,8,37.5,341.9826403916417
2018-09-27,3,5,8,37.5,338.7711172653655
2018-09-28,2,6,8,25.0,334.1888423497092
2018-10-01,2,6,8,25.0,331.1037182006399
2018-10-03,3,5,8,37.5,333.683670944629
2018-10-04,2,6,8,25.0,327.4520926865516
2018-10-05,2,6,8,25.0,320.3436297156501
2018-10-08,2,6,8,25.0,305.65921879983733
2018-10-09,1,7,8,12.5,299.83709882691187
2018-10-10,1,7,8,12.5,307.309089412375
2018-10-11,1,7,8,12.5,297.05999648240027
2018-10-12,1,7,8,12.5,311.7430438900908
2018-10-15,1,7,8,12.5,318.56298330560827
2018-10-16,1,7,8,12.5,323.41615725115014
2018-10-17,1,7,8,12.5,313.70320154404664
2018-10-19,1,7,8,12.5,307.80050151961944
2018-10-22,1,7,8,12.5,302.1670218598791
2018-10-23,1,7,8,12.5,297.7013647271839
2018-10-24,1,7,8,12.5,294.1032334339448
2018-10-25,1,7,8,12.5,289.7473001112038
2018-10-26,1,7,8,12.5,292.654978341891
2018-10-29,1,7,8,12.5,298.255504043947
2018-10-30,1,7,8,12.5,300.1897923230513
2018-10-31,1,7,8,12.5,302.70332253299625
2018-11-01,1,7,8,12.5,306.0213987368166
2018-11-02,1,7,8,12.5,305.81519372004504
2018-11-05,1,7,8,12.5,305.4397481590594
2018-11-06,1,7,8,12.5,304.1428048205431
2018-11-07,1,7,8,12.5,306.1142230590831
2018-11-09,1,7,8,12.5,307.4002121055558
2018-11-12,1,7,8,12.5,303.3983508876365
2018-11-13,1,7,8,12.5,301.99173920576226
2018-11-14,1,7,8,12.5,298.6776851228555
2018-11-15,1,7,8,12.5,301.1380640800472
2018-11-16,1,7,8,12.5,296.00047869445996
2018-11-19,1,7,8,12.5,301.78322027577275
2018-11-20,1,7,8,12.5,299.1825362601086
2018-11-21,1,7,8,12.5,298.9667637258044
2018-11-22,1,7,8,12.5,301.23710744712446
2018-11-26,1,7,8,12.5,300.8013832184088
2018-11-27,1,7,8,12.5,297.3311470529833
2018-11-28,1,7,8,12.5,296.23627972472826
2018-11-29,1,7,8,12.5,295.0295197584269
2018-11-30,1,7,8,12.5,298.71026840644123
2018-12-03,1,7,8,12.5,303.0467808578462
2018-12-04,1,7,8,12.5,300.5952489744989
2018-12-05,1,7,8,12.5,297.03049802856935
2018-12-06,1,7,8,12.5,288.956159220236
2018-12-07,1,7,8,12.5,288.29863701190146
2018-12-10,1,7,8,12.5,284.2651510528489
2018-12-11,1,7,8,12.5,288.4584243143567
2018-12-12,1,7,8,12.5,293.3219787038912
2018-12-13,1,7,8,12.5,297.6042693898727
2018-12-14,1,7,8,12.5,306.20478660232976
2018-12-17,1,7,8,12.5,305.1050106511666
2018-12-18,1,7,8,12.5,304.7111851299073
2018-12-19,1,7,8,12.5,310.479579219962
2018-12-20,1,7,8,12.5,312.2112616526037
2018-12-21,1,7,8,12.5,313.9158183248163
2018-12-24,1,7,8,12.5,311.6265526928834
2018-12-26,1,7,8,12.5,308.95709795188395
2018-12-27,1,7,8,12.5,309.4707607935928
2018-12-28,1,7,8,12.5,312.7656825076202
2018-12-31,1,7,8,12.5,310.6371031833215
2019-01-01,1,7,8,12.5,311.5251196626293
2019-01-02,1,7,8,12.5,308.85042808931445
2019-01-03,1,7,8,12.5,314.1467179132711
2019-01-04,1,7,8,12.5,318.21609849403694
2019-01-07,1,7,8,12.5,316.2873521944089
2019-01-08,1,7,8,12.5,313.7558274452855
2019-01-09,1,7,8,12.5,315.7396496551035
2019-01-10,1,7,8,12.5,317.072025324675
2019-01-11,1,7,8,12.5,312.39019179733856
2019-01-14,1,7,8,12.5,311.2253013066419
2019-01-15,1,7,8,12.5,314.69417027683954
2019-01-16,1,7,8,12.5,313.76623709803937
2019-01-17,1,7,8,12.5,311.4413516506146
2019-01-18,1,7,8,12.5,307.9728544543087
2019-01-21,1,7,8,12.5,305.5151524506446
2019-01-22,1,7,8,12.5,302.7643949135837
2019-01-23,1,7,8,12.5,303.03844735563257
2019-01-24,1,7,8,12.5,299.1562375501473
2019-01-25,1,7,8,12.5,294.2924112913825
2019-01-28,1,7,8,12.5,286.4721474182124
2019-01-29,1,7,8,12.5,285.1280940810285
2019-01-30,1,7,8,12.5,287.201999409269
2019-01-31,1,7,8,12.5,286.0646060996469
2019-02-01,1,7,8,12.5,287.30214294015724
2019-02-04,1,7,8,12.5,280.85260936032165
2019-02-05,1,7,8,12.5,274.1622525551404
2019-02-06,1,7,8,12.5,275.9134364019627
2019-02-07,1,7,8,12.5,278.52598398718465
2019-02-08,1,7,8,12.5,276.1235064602159
2019-02-11,1,7,8,12.5,272.2026796855188
2019-02-12,1,7,8,12.5,269.59745031934756
2019-02-13,1,7,8,12.5,256.9122936569811
2019-02-14,1,7,8,12.5,264.7212469599092
2019-02-15,0,8,8,0.0,263.2544274729696
2019-02-18,0,8,8,0.0,262.16667254091703
2019-02-19,0,8,8,0.0,259.59420759985926
2019-02-20,0,8,8,0.0,265.84949229537625
2019-02-21,0,8,8,0.0,269.2942638212433
2019-02-22,0,8,8,0.0,270.2605716739215
2019-02-25,0,8,8,0.0,272.0160478604311
2019-02-26,0,8,8,0.0,269.18136561527217
2019-02-27,0,8,8,0.0,270.4290065807483
2019-02-28,1,7,8,12.5,279.6322757305139
2019-03-01,1,7,8,12.5,286.6088216751857
2019-03-05,1,7,8,12.5,292.93654726591336
2019-03-06,1,7,8,12.5,294.29767269464946
2019-03-07,1,7,8,12.5,294.0080729665096
2019-03-08,2,6,8,25.0,294.3510039591759
2019-03-11,3,5,8,37.5,301.1262038992351
2019-03-12,3,5,8,37.5,308.4524654616575
2019-03-13,2,6,8,25.0,307.40989745713273
2019-03-14,2,6,8,25.0,308.7286778698771
2019-03-15,2,6,8,25.0,309.13922299551245
2019-03-18,1,7,8,12.5,309.9618471612083
2019-03-19,3,5,8,37.5,312.3167311339717
2019-03-20,1,7,8,12.5,309.3639564411854
2019-03-22,1,7,8,12.5,311.2644806864053
2019-03-25,0,8,8,0.0,308.8273525127167
2019-03-26,0,8,8,0.0,307.72293127127585
2019-03-27,0,8,8,0.0,304.09526536103726
2019-03-28,1,7,8,12.5,308.5822528293444
2019-03-29,2,6,8,25.0,309.12019348363026
2019-04-01,2,6,8,25.0,310.581788433665
2019-04-02,2,6,8,25.0,309.7366851239033
2019-04-03,2,6,8,25.0,305.5247021023979
2019-04-04,2,6,8,25.0,303.50894467726744
2019-04-05,2,6,8,25.0,303.64599948433744
2019-04-08,2,6,8,25.0,303.0501011557973
2019-04-09,2,6,8,25.0,302.92446951170444
2019-04-10,3,5,8,37.5,302.68060263907455
2019-04-11,2,6,8,25.0,302.29917126441353
2019-04-12,3,5,8,37.5,304.5320740757994
2019-04-15,2,6,8,25.0,306.0323195460852
2019-04-16,2,6,8,25.0,304.5937911525222
2019-04-18,2,6,8,25.0,300.27878541655775
2019-04-22,1,7,8,12.5,294.79145182919024
2019-04-23,1,7,8,12.5,295.5884426335445
2019-04-24,1,7,8,12.5,297.20425131306075
2019-04-25,1,7,8,12.5,297.5089426741092
2019-04-26,1,7,8,12.5,298.19130767647255
2019-04-30,1,7,8,12.5,293.22192599423147
2019-05-02,1,7,8,12.5,295.1478637155629
2019-05-03,1,7,8,12.5,292.17648758207645
2019-05-06,1,7,8,12.5,289.1489356980564
2019-05-07,1,7,8,12.5,287.65662554047736
2019-05-08,1,7,8,12.5,287.19983191993623
2019-05-09,1,7,8,12.5,286.24332773717794
2019-05-10,1,7,8,12.5,286.1642387940726
2019-05-13,1,7,8,12.5,277.79925923664365
2019-05-14,1,7,8,12.5,280.05933135669204
2019-05-15,1,7,8,12.5,280.34454277989164
2019-05-16,1,7,8,12.5,284.41522848759763
2019-05-17,2,6,8,25.0,287.14421022719426
2019-05-20,3,5,8,37.5,294.5087783632115
2019-05-21,2,6,8,25.0,287.5086486367269
2019-05-22,2,6,8,25.0,291.939688698854
2019-05-23,2,6,8,25.0,291.8974116973945
2019-05-24,3,5,8,37.5,299.97921199450576
2019-05-27,3,5,8,37.5,307.41314267631867
2019-05-28,3,5,8,37.5,310.68453501046093
2019-05-29,3,5,8,37.5,306.5675787066743
2019-05-30,4,4,8,50.0,306.9363644256848
2019-05-31,3,5,8,37.5,303.7871688198137
2019-06-03,3,5,8,37.5,302.9895207226286
2019-06-04,3,5,8,37.5,299.6526638479605
2019-06-06,3,5,8,37.5,294.6400562156835
2019-06-07,3,5,8,37.5,291.86640588097094
2019-06-10,3,5,8,37.5,289.16387993922916
2019-06-11,2,6,8,25.0,291.5679790406039
2019-06-12,2,6,8,25.0,288.8846700944103
2019-06-13,2,6,8,25.0,288.8747811202197
2019-06-14,2,6,8,25.0,285.1066509529642
2019-06-17,2,6,8,25.0,280.43447749638693
2019-06-18,2,6,8,25.0,276.62325951267445
2019-06-19,2,6,8,25.0,271.4976921158626
2019-06-20,2,6,8,25.0,275.446217892135
2019-06-21,2,6,8,25.0,278.3098355730986
2019-06-24,2,6,8,25.0,286.1553105659696
2019-06-25,2,6,8,25.0,280.81914019640857
2019-06-26,2,6,8,25.0,283.70144690964423
2019-06-27,2,6,8,25.0,285.74680420199934
2019-06-28,2,6,8,25.0,282.2387240974337
2019-07-01,2,6,8,25.0,280.1086391970262
2019-07-02,3,5,8,37.5,283.4488455477634
2019-07-03,3,5,8,37.5,284.9776283908541
2019-07-04,3,5,8,37.5,283.3574587489253
2019-07-05,3,5,8,37.5,278.71395390512447
2019-07-08,2,6,8,25.0,267.54872009544727
2019-07-09,2,6,8,25.0,269.14978887039365
2019-07-10,4,4,8,50.0,267.8174798360016
2019-07-11,4,4,8,50.0,269.3525472609549
2019-07-12,3,5,8,37.5,266.4931929022942
2019-07-15,2,6,8,25.0,259.2422346956577
2019-07-16,2,6,8,25.0,258.61710123879516
2019-07-17,3,5,8,37.5,258.52534551375925
2019-07-18,3,5,8,37.5,258.84302621711026
2019-07-19,2,6,8,25.0,253.4675424035593
2019-07-22,1,7,8,12.5,246.68915710229066
2019-07-23,1,7,8,12.5,245.37489250394557
2019-07-24,1,7,8,12.5,243.65086745437887
2019-07-25,1,7,8,12.5,247.69602589545042
2019-07-26,1,7,8,12.5,244.72004168916905
2019-07-29,1,7,8,12.5,239.28120145119826
2019-07-30,1,7,8,12.5,235.23562232386374
2019-07-31,1,7,8,12.5,237.69344396208626
2019-08-01,1,7,8,12.5,231.97165960623042
2019-08-02,1,7,8,12.5,235.7602134657963
2019-08-05,1,7,8,12.5,230.35828871506996
2019-08-06,1,7,8,12.5,233.5964462063166
2019-08-07,1,7,8,12.5,232.63895991640635
2019-08-08,1,7,8,12.5,233.58150934516777
2019-08-09,1,7,8,12.5,236.1584103094446
2019-08-13,2,6,8,25.0,237.3481464149624
2019-08-14,2,6,8,25.0,241.96537499587697
2019-08-16,3,5,8,37.5,242.44272900889624
2019-08-19,3,5,8,37.5,242.65085097561365
2019-08-20,2,6,8,25.0,233.0542220116508
2019-08-21,1,7,8,12.5,227.3133778097621
2019-08-22,3,5,8,37.5,224.1787535424627
2019-08-23,3,5,8,37.5,226.06628602202065
2019-08-26,3,5,8,37.5,227.0789989453621
2019-08-27,4,4,8,50.0,231.66338916299125
2019-08-28,3,5,8,37.5,235.5973267710859
2019-08-29,3,5,8,37.5,233.98083738066097
2019-08-30,4,4,8,50.0,234.88682470789888
2019-09-03,4,4,8,50.0,234.1539192332295
2019-09-04,4,4,8,50.0,237.10558208323334
2019-09-05,3,5,8,37.5,238.57660256763734
2019-09-06,4,4,8,50.0,243.66686528433345
2019-09-09,4,4,8,50.0,249.1942502392112
2019-09-11,4,4,8,50.0,253.08047589352003
2019-09-12,3,5,8,37.5,251.95420983524514
2019-09-13,3,5,8,37.5,250.9162791802025
2019-09-16,4,4,8,50.0,253.86536626911612
2019-09-17,4,4,8,50.0,251.945596359562
2019-09-18,4,4,8,50.0,250.96276800320663
2019-09-19,3,5,8,37.5,245.94423125858066
2019-09-20,4,4,8,50.0,251.39554959714619
2019-09-23,3,5,8,37.5,260.62935915898663
2019-09-24,3,5,8,37.5,261.35385277609726
2019-09-25,3,5,8,37.5,258.6286245247993
2019-09-26,3,5,8,37.5,262.4774809350424
2019-09-27,3,5,8,37.5,259.3756833643626
2019-10-01,3,5,8,37.5,259.3756833643626
2019-10-03,3,5,8,37.5,262.00283168938853
2019-10-04,3,5,8,37.5,264.4510491041672
2019-10-07,3,5,8,37.5,262.04011420074147
2019-10-09,3,5,8,37.5,259.473690324837
2019-10-10,3,5,8,37.5,257.6731291987127
2019-10-11,3,5,8,37.5,259.24868250195686
2019-10-14,3,5,8,37.5,261.3041616817855
2019-10-15,3,5,8,37.5,257.8422954000104
2019-10-16,3,5,8,37.5,256.29393260342954
2019-10-17,3,5,8,37.5,261.23118470445553
2019-10-18,4,4,8,50.0,265.1721782937391
2019-10-22,3,5,8,37.5,261.8083237834884
2019-10-23,3,5,8,37.5,263.3947005123521
2019-10-24,3,5,8,37.5,265.665430024971
2019-10-25,3,5,8,37.5,265.9961745194871
2019-10-27,3,5,8,37.5,270.56853216195697
2019-10-29,3,5,8,37.5,269.8907584044542
2019-10-30,4,4,8,50.0,271.84361113627875
2019-10-31,4,4,8,50.0,272.8448686794018
2019-11-01,4,4,8,50.0,270.9443588039022
2019-11-04,4,4,8,50.0,274.267749437953
2019-11-05,3,5,8,37.5,271.02266131961835
2019-11-06,3,5,8,37.5,266.04271817287236
2019-11-07,4,4,8,50.0,267.0070900110925
2019-11-08,4,4,8,50.0,264.74531516111756
2019-11-11,3,5,8,37.5,269.5699355015136
2019-11-13,3,5,8,37.5,269.9179110457643
2019-11-14,3,5,8,37.5,271.28025224899784
2019-11-15,3,5,8,37.5,268.3861417228734
2019-11-18,3,5,8,37.5,268.8436177521194
2019-11-19,4,4,8,50.0,267.2966218628779
2019-11-20,4,4,8,50.0,265.4256923902056
2019-11-21,3,5,8,37.5,263.79162344247624
2019-11-22,3,5,8,37.5,264.1149796650815
2019-11-25,3,5,8,37.5,266.1470420715665
2019-11-26,3,5,8,37.5,262.7602576337632
2019-11-27,3,5,8,37.5,263.4534126378299
2019-11-28,3,5,8,37.5,264.2926418620054
2019-11-29,4,4,8,50.0,265.0703077010967
2019-12-02,3,5,8,37.5,260.9195631243379
2019-12-03,3,5,8,37.5,259.68010425464036
2019-12-04,4,4,8,50.0,261.81088084569075
2019-12-05,4,4,8,50.0,264.55384700531505
2019-12-06,4,4,8,50.0,264.19998849904744
2019-12-09,4,4,8,50.0,263.7724016903626
2019-12-10,3,5,8,37.5,258.39482315940666
2019-12-11,3,5,8,37.5,262.46677168452106
2019-12-12,3,5,8,37.5,263.0393157983094
2019-12-13,3,5,8,37.5,266.11641546089265
2019-12-16,4,4,8,50.0,266.5724307925511
2019-12-17,3,5,8,37.5,265.2835570718767
2019-12-18,3,5,8,37.5,268.9309444433339
2019-12-19,3,5,8,37.5,268.1478170435532
2019-12-20,3,5,8,37.5,267.55007897122573
2019-12-23,3,5,8,37.5,267.75697563129984
2019-12-24,3,5,8,37.5,266.9375433770816
2019-12-26,3,4,7,42.857142857142854,273.46626229750404
2019-12-27,4,3,7,57.14285714285714,282.2172988359166
2019-12-30,4,3,7,57.14285714285714,287.6236317162586
2019-12-31,4,3,7,57.14285714285714,282.40905613151483
2020-01-01,4,3,7,57.14285714285714,286.2611961576179
2020-01-02,5,2,7,71.42857142857143,290.017705520472
2020-01-03,4,3,7,57.14285714285714,290.4259432434436
2020-01-06,4,3,7,57.14285714285714,284.1320204891061
2020-01-07,4,3,7,57.14285714285714,289.4799519452125
2020-01-08,4,3,7,57.14285714285714,287.9365156421456
2020-01-09,4,3,7,57.14285714285714,294.420696327288
2020-01-10,4,3,7,57.14285714285714,301.1744997020444
2020-01-13,4,3,7,57.14285714285714,307.8120476251057
2020-01-14,5,2,7,71.42857142857143,310.8084509164264
2020-01-15,6,1,7,85.71428571428571,320.1637905137333
2020-01-16,6,1,7,85.71428571428571,325.60339310173543
2020-01-17,6,1,7,85.71428571428571,326.294608610702
2020-01-20,6,1,7,85.71428571428571,326.15933311059695
2020-01-21,6,1,7,85.71428571428571,328.58549416965104
2020-01-22,6,1,7,85.71428571428571,328.20127849829277
2020-01-23,6,1,7,85.71428571428571,330.9011224927203
2020-01-24,6,1,7,85.71428571428571,329.80323379419923
2020-01-27,6,1,7,85.71428571428571,333.55234156726084
2020-01-28,6,1,7,85.71428571428571,334.7837229407896
2020-01-29,6,1,7,85.71428571428571,337.8147088926377
2020-01-30,6,1,7,85.71428571428571,336.19130793249263
2020-01-31,6,1,7,85.71428571428571,331.4894024211499
2020-02-01,6,1,7,85.71428571428571,320.9186200953335
2020-02-03,6,1,7,85.71428571428571,322.8726146371769
2020-02-04,6,1,7,85.71428571428571,333.34164891118576
2020-02-05,6,1,7,85.71428571428571,330.63594646059704
2020-02-06,6,1,7,85.71428571428571,330.4004042092619
2020-02-07,6,1,7,85.71428571428571,331.830392559452
2020-02-10,6,1,7,85.71428571428571,331.3657753159407
2020-02-11,6,1,7,85.71428571428571,331.63347869957863
2020-02-12,5,2,7,71.42857142857143,330.68770134093086
2020-02-13,5,3,8,62.5,332.224536579067
2020-02-14,5,3,8,62.5,325.8065406015901
2020-02-17,5,3,8,62.5,320.6089033122316
2020-02-18,5,3,8,62.5,319.8562608061259
2020-02-19,5,3,8,62.5,326.1089612353783
2020-02-20,5,3,8,62.5,325.5053802556798
2020-02-24,5,3,8,62.5,319.9530353056234
2020-02-25,5,3,8,62.5,320.2409733434772
2020-02-26,5,3,8,62.5,313.4992234900347
2020-02-27,5,3,8,62.5,304.82156441698487
2020-02-28,5,3,8,62.5,294.60462620358396
2020-03-02,5,3,8,62.5,295.75348181255015
2020-03-03,5,3,8,62.5,298.8692492304547
2020-03-04,5,3,8,62.5,290.39393181251006
2020-03-05,5,3,8,62.5,290.07622523910254
2020-03-06,5,3,8,62.5,288.9031893808938
2020-03-09,4,4,8,50.0,274.83959456445484
2020-03-11,3,5,8,37.5,274.0982163025865
2020-03-12,3,5,8,37.5,255.4443996228009
2020-03-13,3,5,8,37.5,256.88394114954264
2020-03-16,2,6,8,25.0,244.63462831489628
2020-03-17,2,6,8,25.0,240.66603793338984
2020-03-18,2,6,8,25.0,232.09917041516738
2020-03-19,2,6,8,25.0,216.22958439059676
2020-03-20,2,6,8,25.0,226.02550028307343
2020-03-23,2,6,8,25.0,201.02479329778774
2020-03-24,2,6,8,25.0,200.2978178812119
2020-03-25,2,6,8,25.0,205.36240250602128
2020-03-26,2,6,8,25.0,208.30615209278074
2020-03-27,2,6,8,25.0,212.5404462564922
2020-03-30,2,6,8,25.0,204.26855603458068
2020-03-31,2,6,8,25.0,213.01737910432686
2020-04-01,2,6,8,25.0,214.28419995906745
2020-04-03,2,6,8,25.0,210.83818256704606
2020-04-07,2,6,8,25.0,216.9889942202667
2020-04-08,2,6,8,25.0,216.1347439625714
2020-04-09,1,7,8,12.5,224.1168631202177
2020-04-13,1,7,8,12.5,226.00392415127936
2020-04-15,2,6,8,25.0,236.24444427408187
2020-04-16,2,6,8,25.0,242.32038390497556
2020-04-17,2,6,8,25.0,244.0461878636959
2020-04-20,2,6,8,25.0,247.45403251343365
2020-04-21,2,6,8,25.0,242.60244912632012
2020-04-22,2,6,8,25.0,241.8306276043122
2020-04-23,2,6,8,25.0,241.01324459272942
2020-04-24,2,6,8,25.0,240.4534062883245
2020-04-27,3,5,8,37.5,242.6372242018878
2020-04-28,3,5,8,37.5,241.1497181777115
2020-04-29,2,6,8,25.0,242.06870078699217
2020-04-30,2,6,8,25.0,250.1559968373248
2020-05-04,2,6,8,25.0,242.36913765425422
2020-05-05,1,7,8,12.5,238.30137683601674
2020-05-06,2,6,8,25.0,239.71051917910273
2020-05-07,3,5,8,37.5,240.31794799474636
2020-05-08,2,6,8,25.0,231.29831042998848
2020-05-11,1,7,8,12.5,229.13411709025317
2020-05-12,2,6,8,25.0,227.28972661486736
2020-05-13,3,5,8,37.5,233.77758101253914
2020-05-14,2,6,8,25.0,230.79631291445025
2020-05-15,2,6,8,25.0,230.73353441409964
2020-05-18,1,7,8,12.5,225.16034181521584
2020-05-19,2,6,8,25.0,225.09332630308703
2020-05-20,3,5,8,37.5,227.91929253610502
2020-05-21,2,6,8,25.0,224.96437419431996
2020-05-22,2,6,8,25.0,224.15248316172858
2020-05-26,2,6,8,25.0,226.9067371295518
2020-05-27,2,6,8,25.0,226.9707993979207
2020-05-28,2,6,8,25.0,231.72873732552634
2020-05-29,2,6,8,25.0,236.75027933796136
2020-06-01,2,6,8,25.0,244.30588373340626
2020-06-02,3,5,8,37.5,253.41414764127657
2020-06-03,3,5,8,37.5,257.96947735323585
2020-06-04,3,5,8,37.5,258.7434207132965
2020-06-05,3,5,8,37.5,265.19809222955973
2020-06-08,3,5,8,37.5,267.3674247391736
2020-06-09,3,5,8,37.5,265.16766235468316
2020-06-10,3,5,8,37.5,265.8731199709308
2020-06-11,3,5,8,37.5,261.6515437278785
2020-06-12,3,5,8,37.5,261.1270202040691
2020-06-15,3,5,8,37.5,262.0536972135325
2020-06-16,3,5,8,37.5,263.47391767106296
2020-06-17,3,5,8,37.5,262.7476827752298
2020-06-18,3,5,8,37.5,272.1381508189827
2020-06-19,4,4,8,50.0,279.0821653392297
2020-06-22,4,4,8,50.0,281.1012987282332
2020-06-23,4,4,8,50.0,291.4088620436012
2020-06-24,3,5,8,37.5,287.2163239728121
2020-06-25,3,5,8,37.5,292.161952378484
2020-06-26,4,4,8,50.0,296.13319079761703
2020-06-29,3,5,8,37.5,294.34186748358445
2020-06-30,4,4,8,50.0,297.20232694516733
2020-07-01,4,4,8,50.0,300.4961976680976
2020-07-02,4,4,8,50.0,302.50342517233616
2020-07-03,5,3,8,62.5,307.44302991915293
2020-07-06,5,3,8,62.5,311.49759378641295
2020-07-07,5,3,8,62.5,314.1142957650793
2020-07-08,5,3,8,62.5,316.32531554233225
2020-07-09,5,3,8,62.5,314.3552021824119
2020-07-10,5,3,8,62.5,310.6514465891882
2020-07-13,5,3,8,62.5,313.43662637425865
2020-07-14,5,3,8,62.5,307.3780497638072
2020-07-15,5,3,8,62.5,306.85942489382256
2020-07-16,5,3,8,62.5,306.8686683377724
2020-07-17,4,4,8,50.0,310.3220478146701
2020-07-20,5,3,8,62.5,314.01380170237115
2020-07-21,5,3,8,62.5,319.46384266605736
2020-07-22,5,3,8,62.5,316.2569900000604
2020-07-23,4,4,8,50.0,321.8888518472719
2020-07-24,5,3,8,62.5,321.2455003115489
2020-07-27,5,3,8,62.5,319.0690455410421
2020-07-28,5,3,8,62.5,317.4326059058273
2020-07-29,5,3,8,62.5,321.5320542065143
2020-07-30,5,3,8,62.5,322.26158630042795
2020-07-31,6,2,8,75.0,331.6759403386457
2020-08-03,6,2,8,75.0,347.6029533180505
2020-08-04,7,1,8,87.5,354.16969001031526
2020-08-05,7,1,8,87.5,360.86742861873347
2020-08-06,8,0,8,100.0,358.1891051232226
2020-08-07,8,0,8,100.0,364.1643532139843
2020-08-10,8,0,8,100.0,373.0878349971218
2020-08-11,7,1,8,87.5,371.7825801175171
2020-08-12,7,1,8,87.5,372.6424527273295
2020-08-13,7,1,8,87.5,380.3916732706155
2020-08-14,8,0,8,100.0,380.8390001026318
2020-08-17,8,0,8,100.0,389.61146716493687
2020-08-18,8,0,8,100.0,399.02089100337486
2020-08-19,8,0,8,100.0,404.3307642201973
2020-08-20,8,0,8,100.0,404.8368363492653
2020-08-21,8,0,8,100.0,404.76983553871275
2020-08-24,8,0,8,100.0,410.34423490875787
2020-08-25,8,0,8,100.0,410.8680177397624
2020-08-26,8,0,8,100.0,414.6501800720603
2020-08-27,8,0,8,100.0,421.5139579799215
2020-08-28,8,0,8,100.0,421.75613583470187
2020-08-31,8,0,8,100.0,411.9024951445631
2020-09-01,8,0,8,100.0,413.72841539239414
2020-09-02,7,1,8,87.5,418.369451662472
2020-09-03,8,0,8,100.0,427.8121189658165
2020-09-04,8,0,8,100.0,428.9047872123796
2020-09-07,8,0,8,100.0,430.82762058637644
2020-09-08,8,0,8,100.0,436.11471095601655
2020-09-09,8,0,8,100.0,434.4299380127218
2020-09-10,8,0,8,100.0,443.72880195379685
2020-09-11,8,0,8,100.0,442.30951774694904
2020-09-14,8,0,8,100.0,466.43721297691496
2020-09-15,8,0,8,100.0,477.74255387881726
2020-09-16,8,0,8,100.0,478.77373748117026
2020-09-17,8,0,8,100.0,480.3614611426463
2020-09-18,8,0,8,100.0,482.10979863605064
2020-09-21,8,0,8,100.0,465.128519312342
2020-09-22,8,0,8,100.0,448.8362210268961
2020-09-23,8,0,8,100.0,451.92275732591696
2020-09-24,8,0,8,100.0,436.4733582648797
2020-09-25,8,0,8,100.0,450.4475258339481
2020-09-28,7,0,7,100.0,463.6346435231583
2020-09-29,8,0,8,100.0,466.2955141142034
2020-09-30,8,0,8,100.0,464.84284721182075
2020-10-01,8,0,8,100.0,467.88951928620736
2020-10-05,8,0,8,100.0,478.8060379589576
2020-10-06,8,0,8,100.0,483.22638589716274
2020-10-07,8,0,8,100.0,479.8019588316886
2020-10-08,8,0,8,100.0,473.8831327595308
2020-10-09,8,0,8,100.0,469.05421470017313
2020-10-12,8,0,8,100.0,471.7449925576825
2020-10-13,8,0,8,100.0,476.2819218686881
2020-10-14,8,0,8,100.0,475.2944789747846
2020-10-15,8,0,8,100.0,469.4862614025521
2020-10-16,8,0,8,100.0,486.2006004824168
2020-10-19,8,0,8,100.0,499.05924889277003
2020-10-20,8,0,8,100.0,507.04200344392046
2020-10-21,8,0,8,100.0,508.68529372630616
2020-10-22,8,0,8,100.0,519.2178841605827
2020-10-23,8,0,8,100.0,527.2318404144859
2020-10-26,8,0,8,100.0,529.3811288119034
2020-10-27,8,0,8,100.0,522.9693836890788
2020-10-28,8,0,8,100.0,520.5306881236505
2020-10-29,8,0,8,100.0,513.3137574728382
2020-10-30,8,0,8,100.0,515.9556681014371
2020-11-02,8,0,8,100.0,511.5471241559952
2020-11-03,8,0,8,100.0,519.7877899758862
2020-11-04,8,0,8,100.0,525.3773549833764
2020-11-05,8,0,8,100.0,533.2970113820098
2020-11-06,8,0,8,100.0,536.3699411865978
2020-11-09,8,0,8,100.0,537.1396897286697
2020-11-10,8,0,8,100.0,537.5103998666129
2020-11-11,8,0,8,100.0,549.2864565791212
2020-11-12,8,0,8,100.0,555.6035643151508
2020-11-13,8,0,8,100.0,570.8735603765911
2020-11-14,8,0,8,100.0,577.4548724501444
2020-11-17,8,0,8,100.0,571.5248202581549
2020-11-18,8,0,8,100.0,573.1143006846389
2020-11-19,8,0,8,100.0,568.8705154952064
2020-11-20,8,0,8,100.0,569.9211579111571
2020-11-23,8,0,8,100.0,586.0389260518766
2020-11-24,8,0,8,100.0,595.3467856535173
2020-11-25,8,0,8,100.0,597.3977079438638
2020-11-26,8,0,8,100.0,597.780608625964
2020-11-27,8,0,8,100.0,622.4807455718059
2020-12-01,8,0,8,100.0,629.5099818936264
2020-12-02,8,0,8,100.0,637.87489304486
2020-12-03,8,0,8,100.0,645.453606991986
2020-12-04,8,0,8,100.0,645.9291091426967
2020-12-07,8,0,8,100.0,654.224657000655
2020-12-08,8,0,8,100.0,649.2093083808367
2020-12-09,8,0,8,100.0,649.9859188539325
2020-12-10,8,0,8,100.0,644.5048277233882
2020-12-11,8,0,8,100.0,648.9706026694505
2020-12-14,8,0,8,100.0,656.2873620238126
2020-12-15,8,0,8,100.0,656.1473332051262
2020-12-16,8,0,8,100.0,668.8647667888962
2020-12-17,8,0,8,100.0,674.1273319757107
2020-12-18,8,0,8,100.0,678.090941332906
2020-12-21,8,0,8,100.0,647.6445856171608
2020-12-22,8,0,8,100.0,650.1526742080632
2020-12-23,8,0,8,100.0,670.4450855270426
2020-12-24,8,0,8,100.0,675.3978115119157
2020-12-28,8,0,8,100.0,691.6392981653386
2020-12-29,8,0,8,100.0,687.082092910295
2020-12-30,8,0,8,100.0,686.8647565582651
2020-12-31,8,0,8,100.0,686.8704619183959
2021-01-01,8,0,8,100.0,695.9830508708947
2021-01-04,8,0,8,100.0,701.4980251064336
2021-01-05,8,0,8,100.0,711.2398861148131
2021-01-06,8,0,8,100.0,725.9918107150938
2021-01-07,8,0,8,100.0,735.74770759276
2021-01-08,8,0,8,100.0,741.3903592924433
2021-01-11,8,0,8,100.0,736.8710311731963
2021-01-12,8,0,8,100.0,731.4551772577096
2021-01-13,8,0,8,100.0,740.0318469778395
2021-01-14,8,0,8,100.0,758.017843723657
2021-01-15,8,0,8,100.0,739.3914695097973
2021-01-18,8,0,8,100.0,731.5872408592234
2021-01-19,8,0,8,100.0,751.5627140787702
2021-01-20,8,0,8,100.0,764.5153283423687
2021-01-21,8,0,8,100.0,746.0976054405894
2021-01-22,8,0,8,100.0,748.4471012072969
2021-01-25,8,0,8,100.0,740.9864184869098
2021-01-27,8,0,8,100.0,771.1531568344502
2021-01-28,8,0,8,100.0,770.8722761658609
2021-01-29,8,0,8,100.0,776.645971327945
2021-02-01,8,0,8,100.0,808.2757145338592
2021-02-02,8,0,8,100.0,824.5344456181501
2021-02-03,8,0,8,100.0,840.9602928251088
2021-02-04,8,0,8,100.0,853.718875577308
2021-02-05,8,0,8,100.0,858.9673302817721
2021-02-08,8,0,8,100.0,879.6569427059403
2021-02-09,8,0,8,100.0,897.0648654689169
2021-02-10,8,0,8,100.0,903.6931654592538
2021-02-11,8,0,8,100.0,911.7269896350491
2021-02-12,8,0,8,100.0,903.2600728358024
2021-02-15,8,0,8,100.0,901.5671074350472
2021-02-16,8,0,8,100.0,909.0347961141949
2021-02-17,8,0,8,100.0,919.109671608507
2021-02-18,8,0,8,100.0,934.4590576932019
2021-02-19,8,0,8,100.0,923.5895862200977
2021-02-22,8,0,8,100.0,916.2088449253265
2021-02-23,8,0,8,100.0,929.1606859038119
2021-02-24,8,0,8,100.0,940.9017217696063
2021-02-25,8,0,8,100.0,965.1748384975359
2021-02-26,8,0,8,100.0,960.7202350800204
2021-03-01,8,0,8,100.0,970.8344171052851
2021-03-02,8,0,8,100.0,984.4541561654255
2021-03-03,8,0,8,100.0,1005.3542096400573
2021-03-04,8,0,8,100.0,1029.2951160498808
2021-03-05,8,0,8,100.0,1012.2426348436512
2021-03-08,8,0,8,100.0,1029.5823562212804
2021-03-09,8,0,8,100.0,1029.6984696031266
2021-03-10,8,0,8,100.0,1042.1778059240903
2021-03-12,8,0,8,100.0,1056.3253330121447
2021-03-15,8,0,8,100.0,1057.0048607100084
2021-03-16,8,0,8,100.0,1067.1759597587045
2021-03-17,8,0,8,100.0,1029.1892096603551
2021-03-18,8,0,8,100.0,1007.9326738370386
2021-03-19,8,0,8,100.0,1009.3881381123779
2021-03-22,8,0,8,100.0,1020.0579872685415
2021-03-23,8,0,8,100.0,1016.3355999356446
2021-03-24,8,0,8,100.0,994.7700515360491
2021-03-25,8,0,8,100.0,968.1038622507745
2021-03-26,8,0,8,100.0,980.3435410469224
2021-03-30,8,0,8,100.0,1000.63382975686
2021-03-31,8,0,8,100.0,1012.7168154730706
2021-04-01,8,0,8,100.0,1017.017362230187
2021-04-05,8,0,8,100.0,1013.4736980786372
2021-04-06,8,0,8,100.0,1018.4792508333528
2021-04-07,8,0,8,100.0,1039.3159047245165
2021-04-08,8,0,8,100.0,1062.4019396146741
2021-04-09,8,0,8,100.0,1073.216090339276
2021-04-12,8,0,8,100.0,1020.1426403580067
2021-04-13,8,0,8,100.0,1009.776224160475
2021-04-15,8,0,8,100.0,1005.6465663996963
2021-04-16,8,0,8,100.0,1015.297829921284
2021-04-19,8,0,8,100.0,996.641578895677
2021-04-20,8,0,8,100.0,1008.2829427590522
2021-04-22,8,0,8,100.0,1013.7798724271511
2021-04-23,8,0,8,100.0,1024.2322168759272
2021-04-26,8,0,8,100.0,1024.0453560069157
2021-04-27,8,0,8,100.0,1025.2647417352982
2021-04-28,8,0,8,100.0,1046.142670711979
2021-04-29,8,0,8,100.0,1060.6622827908532
2021-04-30,8,0,8,100.0,1066.2917889299256
2021-05-03,8,0,8,100.0,1077.3905253022938
2021-05-04,8,0,8,100.0,1088.908623421461
2021-05-05,8,0,8,100.0,1100.6856681563079
2021-05-06,8,0,8,100.0,1114.301485228311
2021-05-07,8,0,8,100.0,1112.581054034087
2021-05-10,8,0,8,100.0,1103.1945143586959
2021-05-11,8,0,8,100.0,1102.6321369388036
2021-05-12,8,0,8,100.0,1090.0848881970426
2021-05-14,8,0,8,100.0,1085.4673114161767
2021-05-17,8,0,8,100.0,1095.5308305874994
2021-05-18,8,0,8,100.0,1114.62183397803
2021-05-19,8,0,8,100.0,1117.4701730119843
2021-05-20,8,0,8,100.0,1128.622970332166
2021-05-21,8,0,8,100.0,1134.829981213272
2021-05-24,8,0,8,100.0,1135.4849976910184
2021-05-25,8,0,8,100.0,1127.977510385959
2021-05-26,8,0,8,100.0,1134.3496914956809
2021-05-27,8,0,8,100.0,1153.256190918538
2021-05-28,8,0,8,100.0,1142.6371796048877
2021-05-31,8,0,8,100.0,1140.2939052751872
2021-06-01,8,0,8,100.0,1137.1506605698505
2021-06-02,8,0,8,100.0,1148.5068659355131
2021-06-03,8,0,8,100.0,1163.5733220528139
2021-06-04,8,0,8,100.0,1166.380551051996
2021-06-07,8,0,8,100.0,1180.8500932022594
2021-06-08,8,0,8,100.0,1181.720881078711
2021-06-09,8,0,8,100.0,1159.2000400744944
2021-06-10,8,0,8,100.0,1170.9639186319378
2021-06-11,8,0,8,100.0,1174.2790364541286
2021-06-14,8,0,8,100.0,1176.7520155540924
2021-06-15,8,0,8,100.0,1176.0722310982985
2021-06-16,8,0,8,100.0,1171.223673996659
2021-06-17,8,0,8,100.0,1162.8507524587462
2021-06-18,8,0,8,100.0,1159.181111174185
2021-06-21,8,0,8,100.0,1173.7281588705307
2021-06-22,8,0,8,100.0,1188.1518816752393
2021-06-23,8,0,8,100.0,1203.8477924797064
2021-06-24,8,0,8,100.0,1213.8074230719708
2021-06-25,8,0,8,100.0,1212.6163824471053
2021-06-28,8,0,8,100.0,1214.9885424974489
2021-06-29,8,0,8,100.0,1222.971092982511
2021-06-30,8,0,8,100.0,1237.5215912914502
2021-07-01,8,0,8,100.0,1242.2041033807927
2021-07-02,8,0,8,100.0,1248.735360315165
2021-07-05,8,0,8,100.0,1258.9275954757593
2021-07-06,8,0,8,100.0,1255.3784422978745
2021-07-07,8,0,8,100.0,1247.9513599082782
2021-07-08,8,0,8,100.0,1244.3673783747292
2021-07-09,8,0,8,100.0,1247.7370834682233
2021-07-12,8,0,8,100.0,1249.7981642371615
2021-07-13,8,0,8,100.0,1238.5605120850057
2021-07-14,8,0,8,100.0,1249.9145062286848
2021-07-15,8,0,8,100.0,1296.2657153142934
2021-07-16,8,0,8,100.0,1300.8586290696912
2021-07-19,8,0,8,100.0,1286.8739520156864
2021-07-20,8,0,8,100.0,1275.9066026377116
2021-07-22,8,0,8,100.0,1303.0964544294718
2021-07-23,8,0,8,100.0,1287.895289313369
2021-07-26,8,0,8,100.0,1277.8303958835838
2021-07-27,8,0,8,100.0,1280.295777148411
2021-07-28,8,0,8,100.0,1282.7407557036568
2021-07-29,8,0,8,100.0,1290.7595201410436
2021-07-30,8,0,8,100.0,1287.7645521574966
2021-08-02,8,0,8,100.0,1286.7895013114064
2021-08-03,8,0,8,100.0,1300.5894625661115
2021-08-04,8,0,8,100.0,1291.463596185286
2021-08-05,8,0,8,100.0,1291.8268187373296
2021-08-06,8,0,8,100.0,1286.1074934779924
2021-08-09,8,0,8,100.0,1271.7074198514056
2021-08-10,8,0,8,100.0,1248.6508629081418
2021-08-11,8,0,8,100.0,1235.0000838708663
2021-08-12,8,0,8,100.0,1259.8871191504281
2021-08-13,8,0,8,100.0,1261.0312982153453
2021-08-16,8,0,8,100.0,1264.521907898992
2021-08-17,8,0,8,100.0,1278.3649519422718
2021-08-18,8,0,8,100.0,1269.0597231187799
2021-08-20,7,1,8,87.5,1245.9077372996517
2021-08-23,6,2,8,75.0,1239.6142459484504
2021-08-24,7,1,8,87.5,1259.9470173880543
2021-08-25,8,0,8,100.0,1286.677793615749
2021-08-26,8,0,8,100.0,1299.802648088834
2021-08-27,8,0,8,100.0,1306.7453760544893
2021-08-30,8,0,8,100.0,1303.4657322829178
2021-08-31,8,0,8,100.0,1313.7180216903203
2021-09-01,8,0,8,100.0,1321.319184892656
2021-09-02,8,0,8,100.0,1370.7472723651879
2021-09-03,8,0,8,100.0,1385.0879905648364
2021-09-06,8,0,8,100.0,1386.3947358508376
2021-09-07,8,0,8,100.0,1387.2860388480024
2021-09-08,8,0,8,100.0,1386.9357003293555
2021-09-09,8,0,8,100.0,1385.2188765213818
2021-09-13,8,0,8,100.0,1403.401294914385
2021-09-14,8,0,8,100.0,1428.359062646192
2021-09-15,8,0,8,100.0,1451.3578317011638
2021-09-16,8,0,8,100.0,1447.3030617100794
2021-09-17,8,0,8,100.0,1468.344711577025
2021-09-20,8,0,8,100.0,1460.8372875076732
2021-09-21,8,0,8,100.0,1469.4998982155432
2021-09-22,8,0,8,100.0,1489.9560597407149
2021-09-23,8,0,8,100.0,1515.8597851288646
2021-09-24,8,0,8,100.0,1528.103095475224
2021-09-27,8,0,8,100.0,1505.9870540688141
2021-09-28,8,0,8,100.0,1501.1546409869075
2021-09-29,8,0,8,100.0,1523.484659276543
2021-09-30,8,0,8,100.0,1544.3900653927637
2021-10-01,8,0,8,100.0,1567.143687999533
2021-10-04,8,0,8,100.0,1585.361462544736
2021-10-05,8,0,8,100.0,1573.4400110985255
2021-10-06,8,0,8,100.0,1562.6309368097318
2021-10-07,8,0,8,100.0,1588.037466230811
2021-10-08,8,0,8,100.0,1645.1150926957719
2021-10-11,8,0,8,100.0,1696.7436348631174
2021-10-12,8,0,8,100.0,1681.1589327808458
2021-10-13,8,0,8,100.0,1694.2746272130908
2021-10-14,8,0,8,100.0,1716.655715737872
2021-10-18,8,0,8,100.0,1749.643371637083
2021-10-19,8,0,8,100.0,1749.7789947593876
2021-10-20,8,0,8,100.0,1700.4022601864722
2021-10-21,8,0,8,100.0,1680.1378374517178
2021-10-22,8,0,8,100.0,1664.6311079458806
2021-10-25,8,0,8,100.0,1629.477180662154
2021-10-26,8,0,8,100.0,1691.014988817654
2021-10-27,8,0,8,100.0,1698.889711728646
2021-10-28,8,0,8,100.0,1680.3817845104675
2021-10-29,8,0,8,100.0,1672.3249145830473
2021-11-01,8,0,8,100.0,1687.5625888436136
2021-11-02,8,0,8,100.0,1730.0434137702628
2021-11-03,8,0,8,100.0,1759.1949057778095
2021-11-04,8,0,8,100.0,1779.2726767142503
2021-11-08,8,0,8,100.0,1806.0249226142193
2021-11-09,8,0,8,100.0,1804.4335632623688
2021-11-10,8,0,8,100.0,1791.065142456215
2021-11-11,8,0,8,100.0,1787.9308980527192
2021-11-12,8,0,8,100.0,1794.5780932958637
2021-11-15,8,0,8,100.0,1788.2695839631372
2021-11-16,8,0,8,100.0,1797.7035708851251
2021-11-17,8,0,8,100.0,1810.9770284195458
2021-11-18,8,0,8,100.0,1787.7306238958984
2021-11-22,8,0,8,100.0,1725.0843470246707
2021-11-23,8,0,8,100.0,1745.6918070646943
2021-11-24,8,0,8,100.0,1740.1934775758193
2021-11-25,8,0,8,100.0,1775.875069698836
2021-11-26,8,0,8,100.0,1729.2152010375155
2021-11-29,8,0,8,100.0,1682.9603810889519
2021-11-30,7,1,8,87.5,1690.0607398904842
2021-12-01,7,1,8,87.5,1711.1914176024122
2021-12-02,7,1,8,87.5,1760.4027773508794
2021-12-03,8,0,8,100.0,1761.0503764956218
2021-12-06,8,0,8,100.0,1723.7014594558086
2021-12-07,8,0,8,100.0,1746.8546234740832
2021-12-08,8,0,8,100.0,1780.5679005205643
2021-12-09,8,0,8,100.0,1782.3663734842303
2021-12-10,8,0,8,100.0,1797.4025879562998
2021-12-13,8,0,8,100.0,1824.535657718037
2021-12-14,8,0,8,100.0,1853.4387899715373
2021-12-15,8,0,8,100.0,1850.0488638337974
2021-12-16,8,0,8,100.0,1851.9987839652438
2021-12-17,8,0,8,100.0,1809.4119460389727
2021-12-20,8,0,8,100.0,1736.9880512590278
2021-12-21,8,0,8,100.0,1783.5861284576765
2021-12-22,8,0,8,100.0,1817.3453517329315
2021-12-23,8,0,8,100.0,1822.5263540333838
2021-12-24,8,0,8,100.0,1820.8027107568562
2021-12-27,8,0,8,100.0,1866.2597000569108
2021-12-28,8,0,8,100.0,1874.6607080635258
2021-12-29,8,0,8,100.0,1903.0611103183876
2021-12-30,8,0,8,100.0,1907.5778487037958
2021-12-31,8,0,8,100.0,1914.833335536485
2022-01-03,8,0,8,100.0,1927.854024492387
2022-01-04,8,0,8,100.0,1958.8313024454892
2022-01-05,8,0,8,100.0,1965.7049434813591
2022-01-06,8,0,8,100.0,1949.745308397846
2022-01-07,8,0,8,100.0,1936.1628121060967
2022-01-10,8,0,8,100.0,1940.4723354012472
2022-01-11,8,0,8,100.0,1933.9358436413254
2022-01-12,8,0,8,100.0,1928.5498178072771
2022-01-13,8,0,8,100.0,1941.3758177233137
2022-01-14,8,0,8,100.0,1943.1083870389405
2022-01-17,8,0,8,100.0,1946.654135966617
2022-01-18,8,0,8,100.0,1917.643501393787
2022-01-19,8,0,8,100.0,1922.636427572512
2022-01-20,8,0,8,100.0,1934.510788871219
2022-01-21,8,0,8,100.0,1861.90851879691
2022-01-24,6,2,8,75.0,1783.2562941804906
2022-01-25,5,3,8,62.5,1807.797980595434
2022-01-27,5,3,8,62.5,1785.4151721970318
2022-01-28,6,2,8,75.0,1804.6920999872755
2022-01-31,6,2,8,75.0,1852.604159435978
2022-02-01,7,1,8,87.5,1852.9189835692698
2022-02-02,7,1,8,87.5,1884.2446050781318
2022-02-03,7,1,8,87.5,1879.7188695803836
2022-02-04,7,1,8,87.5,1861.3317669242342
2022-02-07,6,2,8,75.0,1839.5098630241364
2022-02-08,6,2,8,75.0,1802.9198567379844
2022-02-09,6,2,8,75.0,1825.342444165796
2022-02-10,6,2,8,75.0,1830.1477539262444
2022-02-11,6,2,8,75.0,1790.828958212814
2022-02-14,6,2,8,75.0,1737.5422481243377
2022-02-15,6,2,8,75.0,1766.1674130526142
2022-02-16,6,2,8,75.0,1745.644832764041
2022-02-17,6,2,8,75.0,1740.2304054538088
2022-02-18,6,2,8,75.0,1733.1729461040372
2022-02-21,6,2,8,75.0,1698.4437819076043
2022-02-22,6,2,8,75.0,1684.6264640339148
2022-02-23,6,2,8,75.0,1698.1149237847646
2022-02-24,4,4,8,50.0,1618.2759775376755
2022-02-25,6,2,8,75.0,1701.0468433332253
2022-02-28,6,2,8,75.0,1722.0638692324246
2022-03-02,6,2,8,75.0,1726.6937418410578
2022-03-03,6,2,8,75.0,1776.1273201431607
2022-03-04,6,2,8,75.0,1752.3969937660454
2022-03-07,6,2,8,75.0,1728.2011054879686
2022-03-08,6,2,8,75.0,1744.9064855359843
2022-03-09,6,2,8,75.0,1792.572771784637
2022-03-10,6,2,8,75.0,1798.1383529851669
2022-03-11,6,2,8,75.0,1809.2168379939287
2022-03-14,6,2,8,75.0,1826.9632056552805
2022-03-15,6,2,8,75.0,1787.4488591578477
2022-03-16,6,2,8,75.0,1809.4020325546462
2022-03-17,6,2,8,75.0,1825.8282827986861
2022-03-21,6,2,8,75.0,1847.8699252031176
2022-03-22,6,2,8,75.0,1854.064579226275
2022-03-23,6,2,8,75.0,1858.4222710874603
2022-03-24,6,2,8,75.0,1867.1122777050996
2022-03-25,6,2,8,75.0,1886.7735020191224
2022-03-28,6,2,8,75.0,1888.1587909217426
2022-03-29,6,2,8,75.0,1898.467691340621
2022-03-30,6,2,8,75.0,1937.573349080546
2022-03-31,6,2,8,75.0,1927.8902986288124
2022-04-01,6,2,8,75.0,1948.0123649815525
2022-04-04,6,2,8,75.0,1964.8733281754965
2022-04-05,6,2,8,75.0,1991.4685085824947
2022-04-06,6,2,8,75.0,1990.4509751893834
2022-04-07,6,2,8,75.0,1996.881335368073
2022-04-08,6,2,8,75.0,2001.1590140084063
2022-04-11,6,2,8,75.0,1974.3504456971523
2022-04-12,6,2,8,75.0,1931.3867545352941
2022-04-13,5,3,8,62.5,1940.2198526730488
2022-04-18,5,3,8,62.5,1926.5999874810718
2022-04-19,5,3,8,62.5,1897.92798712559
2022-04-20,5,3,8,62.5,1896.4353669553273
2022-04-21,5,3,8,62.5,1916.3719803260374
2022-04-22,5,3,8,62.5,1937.2344891580037
2022-04-25,5,3,8,62.5,1902.4098367420215
2022-04-26,5,3,8,62.5,1919.165440053643
2022-04-27,5,3,8,62.5,1921.5963618049539
2022-04-28,5,3,8,62.5,1925.7612783782329
2022-04-29,5,3,8,62.5,1916.5205714943977
2022-05-02,5,3,8,62.5,1882.41114835802
2022-05-04,5,3,8,62.5,1832.9666493437933
2022-05-05,5,3,8,62.5,1857.7850385127867
2022-05-06,5,3,8,62.5,1807.1253235512606
2022-05-09,5,3,8,62.5,1763.6137284987005
2022-05-10,5,3,8,62.5,1717.0310797199224
2022-05-11,4,4,8,50.0,1682.1262684084911
2022-05-12,4,4,8,50.0,1634.5065625200484
2022-05-13,5,3,8,62.5,1676.2963133817213
2022-05-16,4,4,8,50.0,1636.0417887483802
2022-05-17,4,4,8,50.0,1678.6146756185353
2022-05-18,4,4,8,50.0,1698.0611739271644
2022-05-19,4,4,8,50.0,1645.8341853415718
2022-05-20,4,4,8,50.0,1693.9076836435831
2022-05-23,4,4,8,50.0,1720.1569060854317
2022-05-24,4,4,8,50.0,1698.7450066575366
2022-05-25,4,4,8,50.0,1636.496775659595
2022-05-26,4,4,8,50.0,1641.3720847011068
2022-05-27,4,4,8,50.0,1675.2652711465207
2022-05-30,4,4,8,50.0,1748.2575146186566
2022-05-31,4,4,8,50.0,1789.5103343304247
2022-06-01,4,4,8,50.0,1822.3673071428968
2022-06-02,4,4,8,50.0,1826.757800213424
2022-06-03,4,4,8,50.0,1792.5308144919818
2022-06-06,4,4,8,50.0,1797.3562895032778
2022-06-07,4,4,8,50.0,1803.7826568823923
2022-06-08,4,4,8,50.0,1781.6753696871451
2022-06-09,4,4,8,50.0,1786.4689079667123
2022-06-10,4,4,8,50.0,1766.5077510685148
2022-06-13,4,4,8,50.0,1707.0417232799648
2022-06-14,4,4,8,50.0,1712.0150349312557
2022-06-15,4,4,8,50.0,1714.0247264204963
2022-06-16,4,4,8,50.0,1657.4197301842723
2022-06-17,4,4,8,50.0,1639.0213373042704
2022-06-20,4,4,8,50.0,1618.5811559253857
2022-06-21,4,4,8,50.0,1654.4509609372028
2022-06-22,4,4,8,50.0,1638.9921224195841
2022-06-23,4,4,8,50.0,1660.2372676488053
2022-06-24,4,4,8,50.0,1688.2176488395864
2022-06-27,4,4,8,50.0,1730.2889370933688
2022-06-28,4,4,8,50.0,1732.6574828819375
2022-06-29,4,4,8,50.0,1736.5095686242296
2022-06-30,4,4,8,50.0,1708.6806493584977
2022-07-01,4,4,8,50.0,1714.3645942676103
2022-07-04,4,4,8,50.0,1713.3206191556637
2022-07-05,4,4,8,50.0,1711.014107302288
2022-07-06,4,4,8,50.0,1722.655542429649
2022-07-07,4,4,8,50.0,1752.1803441682816
2022-07-08,4,4,8,50.0,1761.2837311883407
2022-07-11,4,4,8,50.0,1779.9732824025573
2022-07-12,4,4,8,50.0,1771.2883499799848
2022-07-13,4,4,8,50.0,1757.7711252261058
2022-07-14,4,4,8,50.0,1746.0345558522597
2022-07-15,4,4,8,50.0,1771.1658734116022
2022-07-18,4,4,8,50.0,1797.8641541778704
2022-07-19,4,4,8,50.0,1801.4063882323615
2022-07-20,4,4,8,50.0,1840.5529281987324
2022-07-21,4,4,8,50.0,1878.812572410357
2022-07-22,4,4,8,50.0,1876.3785318527318
2022-07-25,4,4,8,50.0,1861.6589797472102
2022-07-26,4,4,8,50.0,1835.2552947240163
2022-07-27,4,4,8,50.0,1843.8194641526327
2022-07-28,4,4,8,50.0,1856.1888764442372
2022-07-29,4,4,8,50.0,1900.7379997939506
2022-08-01,4,4,8,50.0,1914.454357305989
2022-08-02,4,4,8,50.0,1908.3053891377806
2022-08-03,4,4,8,50.0,1912.9867783289044
2022-08-04,4,4,8,50.0,1919.9128022160312
2022-08-05,4,4,8,50.0,1911.2667216321654
2022-08-08,4,4,8,50.0,1922.115847476239
2022-08-10,4,4,8,50.0,1918.3090512647875
2022-08-11,4,4,8,50.0,1933.3873909823094
2022-08-12,4,4,8,50.0,1955.5036829848582
2022-08-16,4,4,8,50.0,1981.567120020004
2022-08-17,4,4,8,50.0,1999.7393091356885
2022-08-18,4,4,8,50.0,2001.706100431184
2022-08-19,4,4,8,50.0,1977.010597665096
2022-08-22,4,4,8,50.0,1946.0733735722886
2022-08-23,4,4,8,50.0,1948.993734772952
2022-08-24,4,4,8,50.0,1964.5622170641268
2022-08-25,4,4,8,50.0,1951.6343770199342
2022-08-26,4,4,9,50.0,1953.061245982151
2022-08-29,4,4,9,50.0,1942.0420344425995
2022-08-30,4,4,9,50.0,1954.4753356203803
2022-09-01,4,4,9,50.0,1952.0663987750413
2022-09-02,4,4,9,50.0,1943.7030462509742
2022-09-05,4,4,9,50.0,1953.9017940452463
2022-09-06,4,4,9,50.0,1941.3568992398395
2022-09-07,5,3,9,62.5,1963.1250049044468
2022-09-08,5,3,9,62.5,1976.0004289819594
2022-09-09,5,3,9,62.5,1997.1086586619106
2022-09-12,6,2,9,75.0,2012.6732839323197
2022-09-13,6,2,9,75.0,2033.2305137616534
2022-09-14,5,3,9,62.5,2025.4720270141509
2022-09-15,5,3,9,62.5,2019.1218597003804
2022-09-16,5,3,9,62.5,1988.7225328622137
2022-09-19,5,3,9,62.5,1982.271975168469
2022-09-20,5,3,9,62.5,2030.0260551868287
2022-09-21,5,3,9,62.5,2025.786931680361
2022-09-22,5,3,9,62.5,2026.8795173531973
2022-09-23,5,3,9,62.5,1985.8804773232337
2022-09-26,4,4,9,50.0,1930.1669698762137
2022-09-27,4,4,9,50.0,1928.6165428774693
2022-09-28,5,3,9,62.5,1928.032749585757
2022-09-29,5,3,9,62.5,1933.8692704380915
2022-09-30,5,3,9,62.5,1966.390222970471
2022-10-03,5,3,9,62.5,1937.368794031741
2022-10-04,5,3,9,62.5,1968.436072181192
2022-10-06,5,3,9,62.5,2001.9667409259077
2022-10-07,5,3,9,62.5,2006.507493389097
2022-10-10,5,3,9,62.5,2005.2042056509592
2022-10-11,5,3,9,62.5,1987.0798996719714
2022-10-12,5,3,9,62.5,1991.3645925403462
2022-10-13,5,3,9,62.5,1969.7066967220487
2022-10-14,5,3,9,62.5,1967.1657451702256
2022-10-17,4,4,9,50.0,1944.1542909012855
2022-10-18,4,4,9,50.0,1954.7085563074336
2022-10-19,4,4,9,50.0,1940.645315289579
2022-10-20,4,4,9,50.0,1948.948167910821
2022-10-21,4,4,9,50.0,1928.6527195207473
2022-10-24,4,4,9,50.0,1931.1092673289495
2022-10-25,4,4,9,50.0,1925.7815638536447
2022-10-27,4,4,9,50.0,1919.656892512353
2022-10-28,4,4,9,50.0,1913.6360072557704
2022-10-31,4,4,9,50.0,1926.9241202372154
2022-11-01,4,4,9,50.0,1934.4087279898683
2022-11-02,4,4,9,50.0,1927.3738187779961
2022-11-03,4,4,9,50.0,1918.6384490885096
2022-11-04,4,4,9,50.0,1921.0709583964658
2022-11-07,4,4,9,50.0,1929.3274700494574
2022-11-09,4,4,9,50.0,1923.7886553626581
2022-11-10,4,4,9,50.0,1914.8585107448976
2022-11-11,4,4,9,50.0,1935.8069379472201
2022-11-14,4,4,9,50.0,1944.7597901637878
2022-11-15,4,4,9,50.0,1980.3496329997233
2022-11-16,4,4,9,50.0,1986.8725181065574
2022-11-17,5,3,9,62.5,1973.4792011200743
2022-11-18,4,4,9,50.0,1956.5227032981518
2022-11-21,4,4,9,50.0,1959.2593155498814
2022-11-22,6,2,10,75.0,1956.9716039617124
2022-11-23,5,3,10,62.5,1954.5488938815615
2022-11-24,5,3,10,62.5,1962.0345130846947
2022-11-25,5,3,10,62.5,1974.6073217753792
2022-11-28,6,2,10,75.0,1975.0838077557169
2022-11-29,6,2,10,75.0,1960.9551888333992
2022-11-30,6,2,10,75.0,1957.3739977235232
2022-12-01,6,2,10,75.0,1994.8958189492273
2022-12-02,6,2,10,75.0,2006.063972157017
2022-12-05,6,2,10,75.0,2022.7389339958754
2022-12-06,6,2,10,75.0,2004.6007079593464
2022-12-07,6,2,10,75.0,2001.4909063266095
2022-12-08,6,2,10,75.0,1986.0545949855016
2022-12-09,6,2,10,75.0,1967.148349574598
2022-12-12,5,3,10,62.5,1967.9628073799058
2022-12-13,6,2,10,75.0,1969.8042824408703
2022-12-14,6,2,10,75.0,2010.6990716957448
2022-12-15,6,2,10,75.0,1985.7366530323695
2022-12-16,5,3,10,62.5,1962.30959495763
2022-12-19,5,3,10,62.5,1952.0765987917234
2022-12-20,5,3,10,62.5,1948.2649452314465
2022-12-21,5,3,10,62.5,1917.9445867056934
2022-12-22,5,3,10,62.5,1892.1293716803561
2022-12-23,3,5,10,37.5,1825.2667036135815
2022-12-26,4,4,10,50.0,1882.725121301599
2022-12-27,5,3,10,62.5,1925.2558769147129
2022-12-28,4,4,10,50.0,1926.550735639712
2022-12-29,4,4,10,50.0,1910.8034262265342
2022-12-30,4,4,11,50.0,1925.7855467606585
2023-01-02,4,4,11,50.0,1920.077284307069
2023-01-03,4,4,11,50.0,1927.7766273801901
2023-01-04,5,3,11,62.5,1917.5042373499655
2023-01-05,4,4,11,50.0,1914.960473439636
2023-01-06,4,4,11,50.0,1910.3548784975235
2023-01-09,4,4,11,50.0,1936.1921925205902
2023-01-10,4,4,11,50.0,1927.5097189563567
2023-01-11,4,4,11,50.0,1931.7954362909518
2023-01-12,4,4,11,50.0,1926.687168403169
2023-01-13,4,4,11,50.0,1932.562864781377
2023-01-16,4,4,11,50.0,1940.4522906826173
2023-01-17,4,4,11,50.0,1933.0319042233186
2023-01-18,4,4,11,50.0,1936.5901463553846
2023-01-19,4,4,11,50.0,1947.259139236683
2023-01-20,4,4,11,50.0,1937.3100855439905
2023-01-23,4,4,11,50.0,1942.2558018608345
2023-01-24,4,4,11,50.0,1961.0210122967846
2023-01-25,4,4,11,50.0,1922.6814643291498
2023-01-27,4,4,11,50.0,1848.1844908000535
2023-01-30,3,5,11,37.5,1824.3437718676898
2023-01-31,4,4,11,50.0,1854.7403213488597
2023-02-01,3,5,11,37.5,1845.5956377091543
2023-02-02,3,5,11,37.5,1852.1782005763093
2023-02-03,3,5,11,37.5,1871.110846935192
2023-02-06,4,4,11,50.0,1900.4112084159626
2023-02-07,3,5,11,37.5,1898.1642712531332
2023-02-08,4,4,11,50.0,1904.4018682638534
2023-02-09,5,3,11,62.5,1907.4350734395225
2023-02-10,5,3,11,62.5,1927.356312565594
2023-02-13,5,3,11,62.5,1910.4491364365526
2023-02-14,5,3,11,62.5,1902.4856719871475
2023-02-15,5,3,11,62.5,1893.174378305702
2023-02-16,5,3,11,62.5,1914.8404897716503
2023-02-17,5,3,11,62.5,1907.7956486459161
2023-02-20,5,3,11,62.5,1902.9353826449676
2023-02-21,5,3,11,62.5,1943.6463518111555
2023-02-22,5,3,11,62.5,1923.7938791183858
2023-02-23,5,3,11,62.5,1936.484096197947
2023-02-24,5,3,11,62.5,1930.9962602081146
2023-02-27,5,3,11,62.5,1905.0962149656693
2023-02-28,4,4,11,50.0,1898.2647798196745
2023-03-01,5,3,11,62.5,1925.7583454808848
2023-03-02,5,3,11,62.5,1919.6187201107775
2023-03-03,5,3,11,62.5,1932.8944042783817
2023-03-06,5,3,11,62.5,1944.7231013981896
2023-03-08,5,3,11,62.5,1947.4732981288798
2023-03-09,4,4,11,50.0,1942.4084203349996
2023-03-10,4,4,11,50.0,1940.8427650905444
2023-03-13,4,4,11,50.0,1910.347008002957
2023-03-14,4,4,11,50.0,1894.5018879963716
2023-03-15,3,5,11,37.5,1900.231920717061
2023-03-16,3,5,11,37.5,1890.12962069278
2023-03-17,4,4,11,50.0,1903.8678158396383
2023-03-20,3,5,11,37.5,1888.94132233938
2023-03-21,3,5,11,37.5,1892.8187648537644
2023-03-22,3,5,11,37.5,1889.8137144081588
2023-03-23,3,5,11,37.5,1886.4016263160852
2023-03-24,3,5,11,37.5,1870.4786907776058
2023-03-27,3,5,11,37.5,1856.0011556433644
2023-03-28,3,5,11,37.5,1837.2725692311683
2023-03-29,3,5,11,37.5,1849.6343839374724
2023-03-31,4,4,11,50.0,1867.4625764023936
2023-04-03,4,5,11,44.44444444444444,1915.9325791066574
2023-04-05,5,4,11,55.55555555555556,1935.8640993771833
2023-04-06,6,3,11,66.66666666666666,1945.411780083458
2023-04-10,6,3,11,66.66666666666666,1951.433202643312
2023-04-11,5,4,11,55.55555555555556,1968.545550551211
2023-04-12,6,3,11,66.66666666666666,1978.9385002658578
2023-04-13,5,4,11,55.55555555555556,1966.6795564981026
2023-04-17,5,4,11,55.55555555555556,1967.455123236888
2023-04-18,5,4,12,55.55555555555556,1979.4181806630945
2023-04-19,5,4,12,55.55555555555556,1962.2999919699391
2023-04-20,5,4,12,55.55555555555556,1957.3199987501202
2023-04-21,5,4,12,55.55555555555556,1966.5748944135228
2023-04-24,5,4,12,55.55555555555556,1967.9993779761548
2023-04-25,5,4,12,55.55555555555556,1956.9855112009627
2023-04-26,5,4,12,55.55555555555556,1959.130865196257
2023-04-27,6,3,12,66.66666666666666,1982.8779222634757
2023-04-28,6,3,12,66.66666666666666,2002.5464119811495
2023-05-02,6,3,12,66.66666666666666,2008.4710259100234
2023-05-03,6,3,12,66.66666666666666,2009.0116364424402
2023-05-04,6,3,12,66.66666666666666,2025.0137982575957
2023-05-05,6,3,12,66.66666666666666,2013.591297024814
2023-05-08,6,3,12,66.66666666666666,2011.9606178946437
2023-05-09,6,3,12,66.66666666666666,2006.8580578558594
2023-05-10,6,3,12,66.66666666666666,2030.413358618271
2023-05-11,6,3,12,66.66666666666666,2044.3076049116896
2023-05-12,6,3,12,66.66666666666666,2043.3714888016373
2023-05-15,6,3,12,66.66666666666666,2066.2273160275886
2023-05-16,6,3,12,66.66666666666666,2065.813346839603
2023-05-17,7,2,12,77.77777777777779,2150.2733426721543
2023-05-18,7,2,12,77.77777777777779,2142.472765790901
2023-05-19,7,2,12,77.77777777777779,2165.45029054952
2023-05-22,7,2,12,77.77777777777779,2247.050532433523
2023-05-23,7,2,12,77.77777777777779,2246.920300525425
2023-05-24,7,2,12,77.77777777777779,2287.7060349803596
2023-05-25,8,1,12,88.88888888888889,2297.4840247054854
2023-05-26,9,0,12,100.0,2328.3730615849768
2023-05-29,9,0,12,100.0,2337.2504219746966
2023-05-30,9,0,12,100.0,2342.7297833261855
2023-05-31,9,0,12,100.0,2367.673405052043
2023-06-01,9,0,12,100.0,2391.5412177028406
2023-06-02,9,0,12,100.0,2413.988801469205
2023-06-05,9,0,12,100.0,2408.1610899765687
2023-06-06,9,0,12,100.0,2408.4012183526947
2023-06-07,9,0,12,100.0,2426.575948517254
2023-06-08,9,0,12,100.0,2432.409753176306
2023-06-09,9,0,12,100.0,2466.7285203718793
2023-06-12,9,0,12,100.0,2513.593261465736
2023-06-13,9,0,12,100.0,2560.4443135738056
2023-06-14,9,0,12,100.0,2559.9223431833084
2023-06-15,9,0,12,100.0,2578.9937540585106
2023-06-16,9,0,12,100.0,2579.7255979877923
2023-06-19,9,0,12,100.0,2573.0316589880413
2023-06-20,9,0,12,100.0,2596.2693726918424
2023-06-21,9,0,12,100.0,2624.3955133262493
2023-06-22,9,0,12,100.0,2603.6119701511825
2023-06-23,9,0,12,100.0,2535.8428844469063
2023-06-26,9,0,12,100.0,2548.077257210946
2023-06-27,9,0,12,100.0,2593.896628221266
2023-06-28,10,0,12,100.0,2575.9347514302417
2023-06-30,10,0,12,100.0,2603.162932309609
2023-07-03,10,0,12,100.0,2614.1968817818474
2023-07-04,10,0,12,100.0,2620.9111252724824
2023-07-05,10,0,12,100.0,2620.444425723625
2023-07-06,10,0,12,100.0,2624.5709635535854
2023-07-07,10,0,12,100.0,2624.3073650775154
2023-07-10,10,0,13,100.0,2587.7425542843894
2023-07-11,10,0,13,100.0,2660.3396482068383
2023-07-12,10,0,13,100.0,2700.649236881604
2023-07-13,10,0,13,100.0,2704.0712763638585
2023-07-14,10,0,13,100.0,2741.853163945046
2023-07-17,10,0,13,100.0,2746.6311347225187
2023-07-18,10,0,13,100.0,2716.6367134590137
2023-07-19,10,0,13,100.0,2728.081141379736
2023-07-20,10,0,13,100.0,2705.7796529282473
2023-07-21,10,0,13,100.0,2678.0334781141473
2023-07-24,10,0,13,100.0,2658.878707331125
2023-07-25,10,0,13,100.0,2654.7091936449183
2023-07-26,10,0,13,100.0,2662.318355325521
2023-07-27,10,0,13,100.0,2660.8532569846666
2023-07-28,10,0,13,100.0,2684.65990889476
2023-07-31,10,0,13,100.0,2706.0772001193486
2023-08-01,10,0,13,100.0,2711.737745599424
2023-08-02,10,0,13,100.0,2683.559460612543
2023-08-03,10,0,13,100.0,2706.829146760238
2023-08-04,10,0,13,100.0,2746.948244179516
2023-08-07,10,0,13,100.0,2772.230926185504
2023-08-08,10,1,13,90.9090909090909,2784.3450552370673
2023-08-09,10,1,13,90.9090909090909,2775.9065559811556
2023-08-10,10,1,13,90.9090909090909,2741.4626688026774
2023-08-11,10,1,13,90.9090909090909,2716.2219145758295
2023-08-14,10,1,13,90.9090909090909,2699.049217801044
2023-08-16,10,1,13,90.9090909090909,2691.4824709553245
2023-08-17,10,1,13,90.9090909090909,2755.34669948919
2023-08-18,10,1,13,90.9090909090909,2753.018976240254
2023-08-21,10,1,13,90.9090909090909,2786.9083813613224
2023-08-22,10,1,13,90.9090909090909,2815.980126378995
2023-08-23,10,1,13,90.9090909090909,2827.633932936826
2023-08-24,11,0,13,100.0,2851.9516500253326
2023-08-25,10,1,13,90.9090909090909,2888.0936530930026
2023-08-28,11,0,13,100.0,2933.173607288483
2023-08-29,11,0,13,100.0,2940.9891093604165
2023-08-30,11,0,13,100.0,2939.301338835301
2023-08-31,10,1,13,90.9090909090909,2957.5551231687414
2023-09-01,11,0,13,100.0,3038.2127507025775
2023-09-04,11,0,13,100.0,3075.286555257742
2023-09-05,11,0,13,100.0,3125.582185207144
2023-09-06,11,0,13,100.0,3110.9958930557023
2023-09-07,11,0,13,100.0,3145.949476957207
2023-09-08,11,0,13,100.0,3168.450916087163
2023-09-11,11,0,13,100.0,3202.6705250698496
2023-09-12,11,0,13,100.0,3083.421700146746
2023-09-13,11,0,13,100.0,3055.7262424949267
2023-09-14,11,0,13,100.0,3104.2871774785185
2023-09-15,11,0,13,100.0,3099.674601497957
2023-09-18,11,0,13,100.0,3076.9567541112
2023-09-20,11,0,13,100.0,3043.1630066373577
2023-09-21,11,0,13,100.0,3044.3692898430313
2023-09-22,11,0,13,100.0,3041.989416546142
2023-09-25,11,0,13,100.0,3066.121035601656
2023-09-26,11,0,13,100.0,3087.1402187059603
2023-09-27,11,0,13,100.0,3129.8032565858225
2023-09-28,11,0,13,100.0,3140.379800928704
2023-09-29,11,0,13,100.0,3168.097215010774
2023-10-03,11,0,13,100.0,3190.4772065641237
2023-10-04,11,0,13,100.0,3138.4342651667357
2023-10-05,11,0,13,100.0,3198.4941761157347
2023-10-06,11,0,13,100.0,3201.3373168872304
2023-10-09,11,0,13,100.0,3175.237188641653
2023-10-10,11,0,13,100.0,3217.9376894115435
2023-10-11,11,0,13,100.0,3219.6092066944475
2023-10-12,11,0,13,100.0,3259.0669236682265
2023-10-13,11,0,13,100.0,3232.448381176708
2023-10-16,11,0,13,100.0,3216.1597002456483
2023-10-17,11,0,13,100.0,3237.0714118698047
2023-10-18,11,0,13,100.0,3208.2385559611316
2023-10-19,11,0,13,100.0,3219.31587869061
2023-10-20,11,0,13,100.0,3213.6141418808825
2023-10-23,11,0,13,100.0,3074.7085193652547
2023-10-25,10,1,13,90.9090909090909,3034.114175338253
2023-10-26,11,0,13,100.0,3015.6913103164325
2023-10-27,11,0,13,100.0,3089.6285762469565
2023-10-30,11,0,13,100.0,3076.564670875971
2023-10-31,11,0,13,100.0,3072.4679068050955
2023-11-01,11,0,13,100.0,3054.7918763368943
2023-11-02,11,0,13,100.0,3062.5292919788626
2023-11-03,11,0,13,100.0,3079.63982627012
2023-11-06,11,0,13,100.0,3129.3378424392313
2023-11-07,11,0,13,100.0,3141.062348184211
2023-11-08,11,0,13,100.0,3139.2711618680646
2023-11-09,10,1,13,90.9090909090909,3104.6279621637113
2023-11-10,10,1,13,90.9090909090909,3083.8280544744684
2023-11-12,10,1,13,90.9090909090909,3127.2258267521784
2023-11-13,10,1,13,90.9090909090909,3108.282983190923
2023-11-15,10,1,13,90.9090909090909,3156.3530068091563
2023-11-16,10,1,13,90.9090909090909,3197.9530814877216
2023-11-17,10,1,13,90.9090909090909,3194.065164466595
2023-11-20,10,1,13,90.9090909090909,3226.9071292470107
2023-11-21,10,2,13,83.33333333333334,3230.1579447283543
2023-11-22,10,2,13,83.33333333333334,3269.410815955664
2023-11-23,10,2,13,83.33333333333334,3258.32149948877
2023-11-24,10,2,13,83.33333333333334,3246.2634662358787
2023-11-28,10,2,13,83.33333333333334,3254.7845782330746
2023-11-29,10,2,13,83.33333333333334,3256.7676238428453
2023-11-30,10,2,13,83.33333333333334,3298.452988851823
2023-12-01,10,2,13,83.33333333333334,3344.1783050643053
2023-12-04,10,2,13,83.33333333333334,3387.2854801872386
2023-12-05,10,2,13,83.33333333333334,3364.6557763209503
2023-12-06,10,2,13,83.33333333333334,3366.671953788312
2023-12-07,11,1,13,91.66666666666666,3375.1868874014767
2023-12-08,11,1,13,91.66666666666666,3370.546620493129
2023-12-11,11,1,13,91.66666666666666,3402.7800078693717
2023-12-12,11,1,13,91.66666666666666,3421.6817705226063
2023-12-13,11,1,13,91.66666666666666,3423.3209739260956
2023-12-14,11,1,13,91.66666666666666,3502.1052232237303
2023-12-15,11,1,13,91.66666666666666,3560.8779499306784
2023-12-18,11,1,13,91.66666666666666,3571.6692790958155
2023-12-19,11,1,13,91.66666666666666,3594.135048283676
2023-12-20,11,1,13,91.66666666666666,3502.11167249509
2023-12-21,11,1,13,91.66666666666666,3584.602389738236
2023-12-22,11,1,13,91.66666666666666,3614.909627973605
2023-12-26,11,1,13,91.66666666666666,3607.142139794547
2023-12-27,11,1,13,91.66666666666666,3596.579296209788
2023-12-28,11,1,13,91.66666666666666,3585.508656069837
2023-12-29,11,1,13,91.66666666666666,3602.559902575082
2024-01-01,11,1,13,91.66666666666666,3601.1166231392094
2024-01-02,11,1,13,91.66666666666666,3566.27941736884
2024-01-03,11,1,13,91.66666666666666,3546.5028270125385
2024-01-04,11,1,13,91.66666666666666,3570.9681538366367
2024-01-05,11,1,13,91.66666666666666,3564.4884671645655
2024-01-08,11,1,13,91.66666666666666,3528.720612327831
2024-01-09,11,1,13,91.66666666666666,3560.8973222892737
2024-01-10,11,1,13,91.66666666666666,3570.4979910280686
2024-01-11,11,1,13,91.66666666666666,3573.7008877311146
2024-01-12,12,0,13,100.0,3634.4670220036924
2024-01-15,12,0,13,100.0,3658.1577204676805
2024-01-16,12,0,13,100.0,3644.547201944916
2024-01-17,12,0,13,100.0,3637.809973448826
2024-01-18,12,0,13,100.0,3602.9306404334675
2024-01-19,12,0,13,100.0,3603.8623507362095
2024-01-20,12,0,13,100.0,3602.239090434581
2024-01-23,12,0,13,100.0,3526.220311361844
2024-01-24,12,0,13,100.0,3556.7203023989323
2024-01-25,12,0,13,100.0,3586.2211195826076
2024-01-29,12,0,13,100.0,3592.5713940694754
2024-01-30,11,1,13,91.66666666666666,3583.972982456654
2024-01-31,11,1,13,91.66666666666666,3590.8613955729957
2024-02-01,12,0,13,100.0,3572.9554947268402
2024-02-02,11,1,13,91.66666666666666,3594.8477195442692
2024-02-05,10,2,13,83.33333333333334,3562.855079131536
2024-02-06,11,1,13,91.66666666666666,3592.513684178443
2024-02-07,11,1,13,91.66666666666666,3604.5604077536645
2024-02-08,11,1,13,91.66666666666666,3579.516142428861
2024-02-09,9,3,13,75.0,3565.2880500233387
2024-02-12,7,5,13,58.333333333333336,3477.143689372506
2024-02-13,9,4,13,69.23076923076923,3471.6582506594214
2024-02-14,8,5,13,61.53846153846154,3473.9742855993254
2024-02-15,8,5,13,61.53846153846154,3490.446583995261
2024-02-16,9,4,13,69.23076923076923,3520.473553712888
2024-02-19,10,3,13,76.92307692307693,3571.8666880663177
2024-02-20,11,2,13,84.61538461538461,3559.7520288623427
2024-02-21,10,3,13,76.92307692307693,3523.865829149406
2024-02-22,10,3,13,76.92307692307693,3551.9674209090767
2024-02-23,11,2,13,84.61538461538461,3617.4552085537903
2024-02-26,9,4,13,69.23076923076923,3617.6408903179704
2024-02-27,9,4,13,69.23076923076923,3618.3613519532046
2024-02-28,8,5,13,61.53846153846154,3565.3656285955485
2024-02-29,10,3,13,76.92307692307693,3584.393771674181
2024-03-01,10,3,13,76.92307692307693,3609.7095461546496
2024-03-02,10,3,13,76.92307692307693,3641.6451335718657
2024-03-04,9,4,13,69.23076923076923,3625.1747540435986
2024-03-05,8,5,13,61.53846153846154,3610.4374864102488
2024-03-06,8,5,13,61.53846153846154,3571.70434090594
2024-03-07,8,5,13,61.53846153846154,3581.5623323634404
2024-03-11,8,5,13,61.53846153846154,3529.2366061204107
2024-03-12,8,5,13,61.53846153846154,3463.4064144757176
2024-03-13,8,5,13,61.53846153846154,3318.4415002175733
2024-03-14,8,5,13,61.53846153846154,3382.71402388773
2024-03-15,8,5,13,61.53846153846154,3414.061702609893
2024-03-18,8,5,13,61.53846153846154,3409.565697048381
2024-03-19,8,5,13,61.53846153846154,3372.98427008622
2024-03-20,8,5,13,61.53846153846154,3383.7432379906472
2024-03-21,8,5,13,61.53846153846154,3475.1261370020343
2024-03-22,8,5,13,61.53846153846154,3484.6156869770793
2024-03-26,8,5,13,61.53846153846154,3481.4824337116024
2024-03-27,8,5,13,61.53846153846154,3495.5395470145413
2024-03-28,9,4,13,69.23076923076923,3527.475033192373
2024-04-01,8,5,13,61.53846153846154,3586.74796800181
2024-04-02,8,5,13,61.53846153846154,3628.5856529635425
2024-04-03,9,4,13,69.23076923076923,3654.5284147083153
2024-04-04,9,4,13,69.23076923076923,3670.050498153157
2024-04-05,9,4,13,69.23076923076923,3667.973447303329
2024-04-08,9,4,13,69.23076923076923,3626.9469749876316
2024-04-09,9,4,13,69.23076923076923,3616.5052522216465
2024-04-10,9,4,13,69.23076923076923,3621.713447485436
2024-04-12,8,5,13,61.53846153846154,3623.061861110935
2024-04-15,8,5,13,61.53846153846154,3561.840197441739
2024-04-16,8,5,13,61.53846153846154,3563.903872022322
2024-04-18,9,4,13,69.23076923076923,3597.5876926135647
2024-04-19,10,3,13,76.92307692307693,3618.2167300692213
2024-04-22,10,3,13,76.92307692307693,3629.785382983936
2024-04-23,10,3,13,76.92307692307693,3657.5380034616423
2024-04-24,10,3,13,76.92307692307693,3689.822588979011
2024-04-25,10,3,13,76.92307692307693,3675.113969725314
2024-04-26,9,4,13,69.23076923076923,3666.532526983494
2024-04-29,8,5,13,61.53846153846154,3648.1244085001395
2024-04-30,8,5,13,61.53846153846154,3653.9470545180698
2024-05-02,8,5,13,61.53846153846154,3670.0185424594756
2024-05-03,8,5,13,61.53846153846154,3649.7605836202174
2024-05-06,8,5,13,61.53846153846154,3615.8340507131115
2024-05-07,8,5,13,61.53846153846154,3596.5286982378657
2024-05-08,8,5,13,61.53846153846154,3616.0240113528366
2024-05-09,7,6,13,53.84615384615385,3562.6482378074465
2024-05-10,8,5,13,61.53846153846154,3577.457679222578
2024-05-13,7,6,13,53.84615384615385,3504.687034758797
2024-05-14,8,5,13,61.53846153846154,3540.2653168920515
2024-05-15,7,6,13,53.84615384615385,3578.84480808847
2024-05-16,7,6,13,53.84615384615385,3589.7032393752615
2024-05-17,8,5,13,61.53846153846154,3710.7416350240774
2024-05-18,8,5,13,61.53846153846154,3773.7709182621174
2024-05-21,8,5,13,61.53846153846154,3797.9790479176863
2024-05-22,8,5,13,61.53846153846154,3835.0320216577124
2024-05-23,8,5,13,61.53846153846154,3860.223513336761
2024-05-24,6,7,13,46.15384615384615,3879.3476162072457
2024-05-27,6,7,13,46.15384615384615,3878.507670539257
2024-05-28,6,7,13,46.15384615384615,3835.093088624203
2024-05-29,6,7,13,46.15384615384615,3844.474177211062
2024-05-30,6,7,13,46.15384615384615,3823.4368931929375
2024-05-31,7,6,13,53.84615384615385,3846.693659187182
2024-06-03,7,6,13,53.84615384615385,3969.804531988202
2024-06-04,6,7,13,46.15384615384615,3639.448077391406
2024-06-05,6,7,13,46.15384615384615,3719.7099573639994
2024-06-06,6,7,13,46.15384615384615,3833.738800713517
2024-06-07,8,5,13,61.53846153846154,3966.9935452217314
2024-06-10,8,5,13,61.53846153846154,4003.1640823884836
2024-06-11,8,5,13,61.53846153846154,4064.970436709617
2024-06-12,8,5,13,61.53846153846154,4097.667433174656
2024-06-13,9,4,13,69.23076923076923,4153.777920554547
2024-06-14,9,4,13,69.23076923076923,4204.892702451245
2024-06-18,10,3,13,76.92307692307693,4261.455056169372
2024-06-19,9,4,13,69.23076923076923,4249.168082121652
2024-06-20,9,4,13,69.23076923076923,4285.476014208214
2024-06-21,9,4,13,69.23076923076923,4330.281090764533
2024-06-24,9,4,13,69.23076923076923,4395.6074081124625
2024-06-25,9,4,13,69.23076923076923,4375.396808272416
2024-06-26,9,4,13,69.23076923076923,4390.401837686782
2024-06-27,9,4,13,69.23076923076923,4391.214721857243
2024-06-28,9,4,13,69.23076923076923,4438.602132872336
2024-07-01,10,3,13,76.92307692307693,4523.946550697857
2024-07-02,10,3,13,76.92307692307693,4507.714097222757
2024-07-03,10,3,13,76.92307692307693,4516.303223703242
2024-07-04,10,3,13,76.92307692307693,4530.412014582016
2024-07-05,10,3,13,76.92307692307693,4575.5572397943315
2024-07-08,10,3,13,76.92307692307693,4575.691094358798
2024-07-09,10,3,13,76.92307692307693,4588.137413098031
2024-07-10,10,3,13,76.92307692307693,4563.5863529125545
2024-07-11,10,3,13,76.92307692307693,4573.847372482741
2024-07-12,10,3,13,76.92307692307693,4554.518944720844
2024-07-15,10,3,13,76.92307692307693,4541.541889497855
2024-07-16,9,4,13,69.23076923076923,4522.235415646031
2024-07-18,9,4,13,69.23076923076923,4423.7510651877665
2024-07-19,8,5,13,61.53846153846154,4306.361829537493
2024-07-22,10,3,13,76.92307692307693,4392.237324138571
2024-07-23,10,3,13,76.92307692307693,4355.550271373076
2024-07-24,10,3,13,76.92307692307693,4451.276320158135
2024-07-25,10,3,13,76.92307692307693,4508.731099186433
2024-07-26,10,3,13,76.92307692307693,4526.326068427526
2024-07-29,10,3,13,76.92307692307693,4611.424319609622
2024-07-30,10,3,13,76.92307692307693,4607.69858122273
2024-07-31,10,3,13,76.92307692307693,4605.216734431627
2024-08-01,10,3,13,76.92307692307693,4573.147348503879
2024-08-02,10,3,13,76.92307692307693,4548.342139042416
2024-08-05,8,5,13,61.53846153846154,4350.17799876036
2024-08-06,8,5,13,61.53846153846154,4319.671855883474
2024-08-07,8,5,13,61.53846153846154,4399.51678873072
2024-08-08,8,5,13,61.53846153846154,4383.718358957238
2024-08-09,8,5,13,61.53846153846154,4422.420651270449
2024-08-12,8,5,13,61.53846153846154,4411.714643794366
2024-08-13,8,5,13,61.53846153846154,4394.270892884925
2024-08-14,8,5,13,61.53846153846154,4431.082268620269
2024-08-16,9,4,13,69.23076923076923,4578.542556451179
2024-08-19,9,4,13,69.23076923076923,4656.858994378531
2024-08-20,11,2,13,84.61538461538461,4735.658334244167
2024-08-21,11,2,13,84.61538461538461,4749.4830601097565
2024-08-22,11,2,13,84.61538461538461,4787.675422199512
2024-08-23,11,2,13,84.61538461538461,4861.552283572605
2024-08-26,11,2,13,84.61538461538461,4855.928551232221
2024-08-27,12,1,13,92.3076923076923,4908.450051098016
2024-08-28,12,1,13,92.3076923076923,4881.90084731553
2024-08-29,12,1,13,92.3076923076923,4828.476014954109
2024-08-30,12,1,13,92.3076923076923,4841.397832713195
2024-09-02,11,2,13,84.61538461538461,4768.217421836303
2024-09-03,12,1,13,92.3076923076923,4863.89775359173
2024-09-04,12,1,13,92.3076923076923,4874.8570604174565
2024-09-05,12,1,13,92.3076923076923,4865.70100199279
2024-09-06,10,3,13,76.92307692307693,4794.521549854463
2024-09-09,10,3,13,76.92307692307693,4801.355750591452
2024-09-10,11,2,13,84.61538461538461,4841.642594223609
2024-09-11,11,2,13,84.61538461538461,4849.330310221816
2024-09-12,12,1,13,92.3076923076923,5005.921323670381
2024-09-13,11,2,13,84.61538461538461,5037.279507536518
2024-09-16,11,2,13,84.61538461538461,5030.5474729054795
2024-09-17,11,2,13,84.61538461538461,5081.415047918259
2024-09-18,11,2,13,84.61538461538461,5035.650829680972
2024-09-19,10,3,13,76.92307692307693,4972.610775917145
2024-09-20,11,2,13,84.61538461538461,5003.7837544344275
2024-09-23,11,2,13,84.61538461538461,5106.436160734309
2024-09-24,11,2,13,84.61538461538461,5136.7768035071695
2024-09-25,11,2,13,84.61538461538461,5148.761387445222
2024-09-26,11,2,13,84.61538461538461,5096.530177596749
2024-09-27,10,3,13,76.92307692307693,5050.031240972019
2024-09-30,10,3,13,76.92307692307693,4978.397667629033
2024-10-01,10,3,13,76.92307692307693,5039.152084759295
2024-10-03,9,4,13,69.23076923076923,4916.19254572881
2024-10-04,9,4,13,69.23076923076923,4857.533472074523
2024-10-07,8,5,13,61.53846153846154,4756.504143054565
2024-10-08,9,4,13,69.23076923076923,4937.032122607744
2024-10-09,10,3,13,76.92307692307693,5009.342652882711
2024-10-10,10,3,13,76.92307692307693,5095.720134442303
2024-10-11,10,3,13,76.92307692307693,5112.2642075376425
2024-10-14,10,3,13,76.92307692307693,5134.1375638336185
2024-10-15,9,4,13,69.23076923076923,5122.324928502272
2024-10-16,9,4,13,69.23076923076923,5108.497550973572
2024-10-17,9,4,13,69.23076923076923,5045.769124779488
2024-10-18,8,5,13,61.53846153846154,5043.102194992755
2024-10-21,9,4,13,69.23076923076923,5045.470504157607
2024-10-22,8,5,13,61.53846153846154,4858.4019556450385
2024-10-23,9,4,13,69.23076923076923,4939.860076464754
2024-10-24,9,4,13,69.23076923076923,4941.883284657555
2024-10-25,9,4,13,69.23076923076923,4835.74253013123
2024-10-28,8,5,13,61.53846153846154,4882.179798926619
2024-10-29,10,3,13,76.92307692307693,4992.517522800161
2024-10-30,10,3,13,76.92307692307693,5036.426782292609
2024-10-31,9,4,13,69.23076923076923,5052.119947836908
2024-11-01,9,4,13,69.23076923076923,5104.361357234957
2024-11-04,9,4,13,69.23076923076923,5045.839031494966
2024-11-05,9,4,13,69.23076923076923,5054.571968078942
2024-11-06,11,2,13,84.61538461538461,5294.794482689971
2024-11-07,10,3,13,76.92307692307693,5393.122522210096
2024-11-08,9,4,13,69.23076923076923,5369.269662023815
2024-11-11,9,4,13,69.23076923076923,5301.565002988695
2024-11-12,10,3,13,76.92307692307693,5255.217719603839
2024-11-13,10,3,13,76.92307692307693,5122.704691719645
2024-11-14,10,3,13,76.92307692307693,5158.078550931328
2024-11-18,9,4,13,69.23076923076923,5187.420246499798
2024-11-19,9,4,13,69.23076923076923,5285.496011986044
2024-11-21,10,3,13,76.92307692307693,5273.495095886811
2024-11-22,10,3,13,76.92307692307693,5317.723157936391
2024-11-25,10,3,13,76.92307692307693,5424.601857574133
2024-11-26,10,3,13,76.92307692307693,5450.803953488984
2024-11-27,11,2,13,84.61538461538461,5543.184043530329
2024-11-28,10,3,13,76.92307692307693,5528.052886251533
2024-11-29,10,3,13,76.92307692307693,5553.12873245328
2024-12-02,11,2,13,84.61538461538461,5671.1744053221
2024-12-03,11,2,13,84.61538461538461,5694.550261440646
2024-12-04,11,2,13,84.61538461538461,5672.788425171146
2024-12-05,12,1,13,92.3076923076923,5683.553712710837
2024-12-06,12,1,13,92.3076923076923,5723.731889210394
2024-12-09,12,1,13,92.3076923076923,5731.220925616781
2024-12-10,12,1,13,92.3076923076923,5783.013771540466
2024-12-11,12,1,13,92.3076923076923,5807.767096711875
2024-12-12,12,1,13,92.3076923076923,5794.738727027061
2024-12-13,12,1,13,92.3076923076923,5841.686851085347
2024-12-16,12,1,13,92.3076923076923,5954.760052511179
2024-12-17,12,1,13,92.3076923076923,5934.22942132072
2024-12-18,11,2,13,84.61538461538461,5878.510341380853
2024-12-19,10,3,13,76.92307692307693,5945.015461097613
2024-12-20,10,3,13,76.92307692307693,5798.3322795419
2024-12-23,10,3,13,76.92307692307693,5851.623236536982
2024-12-24,10,3,13,76.92307692307693,5851.014484181885
2024-12-26,10,3,13,76.92307692307693,5890.7754776411675
2024-12-27,10,3,13,76.92307692307693,5910.657808017198
2024-12-30,9,4,13,69.23076923076923,5847.6198609141275
2024-12-31,9,4,13,69.23076923076923,5864.892827566585
2025-01-01,9,4,13,69.23076923076923,5936.987310769178
2025-01-02,9,4,13,69.23076923076923,5930.006998604293
2025-01-03,9,4,13,69.23076923076923,5928.240878466721
2025-01-06,8,5,13,61.53846153846154,5752.501985620816
2025-01-07,9,4,13,69.23076923076923,5863.98174078303
2025-01-08,8,5,13,61.53846153846154,5732.611288321499
2025-01-09,6,7,13,46.15384615384615,5631.873303909297
2025-01-10,6,7,13,46.15384615384615,5492.545306308693
2025-01-13,6,7,13,46.15384615384615,5194.912424323393
2025-01-14,6,7,13,46.15384615384615,5259.4590155981
2025-01-15,6,7,13,46.15384615384615,5287.112893921939
2025-01-16,7,6,13,53.84615384615385,5385.539034848857
2025-01-17,7,6,13,53.84615384615385,5410.301560782087
2025-01-20,8,5,13,61.53846153846154,5456.779415754816
2025-01-21,7,6,13,53.84615384615385,5211.680492267837
2025-01-22,6,7,13,46.15384615384615,4979.698408671018
2025-01-23,6,7,13,46.15384615384615,5070.714886169647
2025-01-24,6,7,13,46.15384615384615,4922.104884924464
2025-01-27,6,7,13,46.15384615384615,4735.775729834258
2025-01-28,4,9,13,30.76923076923077,4562.150291517708
2025-01-29,7,6,13,53.84615384615385,4821.769826574676
2025-01-30,6,7,13,46.15384615384615,4802.107222477696
2025-01-31,7,6,13,53.84615384615385,4954.428040381204
2025-02-01,7,6,13,53.84615384615385,4978.803316055453
2025-02-03,6,7,13,46.15384615384615,4890.570701748465
2025-02-04,6,7,13,46.15384615384615,4978.342587144522
2025-02-05,7,6,14,53.84615384615385,5006.75677946622
2025-02-06,6,7,14,46.15384615384615,4985.519974769995
2025-02-07,6,7,14,46.15384615384615,4964.983504501687
2025-02-10,6,7,14,46.15384615384615,4824.159433947586
2025-02-11,5,8,14,38.46153846153847,4651.881676652027
2025-02-12,5,8,14,38.46153846153847,4669.0843427509535
2025-02-13,4,9,14,30.76923076923077,4638.576677110844
2025-02-14,3,10,14,23.076923076923077,4471.470986383944
2025-02-17,3,10,14,23.076923076923077,4463.198775748793
2025-02-18,3,10,14,23.076923076923077,4378.737914081576
2025-02-19,4,9,14,30.76923076923077,4488.139340256818
2025-02-20,4,9,14,30.76923076923077,4565.908521021543
2025-02-21,5,8,14,38.46153846153847,4535.910802557811
2025-02-24,4,9,14,30.76923076923077,4484.594918045126
2025-02-25,4,9,14,30.76923076923077,4457.212635539216
2025-02-27,4,9,14,30.76923076923077,4339.875239072865
2025-02-28,4,9,14,30.76923076923077,4265.1023997837
2025-03-03,4,9,14,30.76923076923077,4272.9684746971625
2025-03-04,4,9,14,30.76923076923077,4343.596633500915
2025-03-05,4,9,14,30.76923076923077,4454.249603444819
2025-03-06,4,9,14,30.76923076923077,4541.418472556378
2025-03-07,3,10,14,23.076923076923077,4582.796403670084
2025-03-10,3,10,14,23.076923076923077,4454.160495071208
2025-03-11,3,10,14,23.076923076923077,4452.717336319219
2025-03-12,3,10,14,23.076923076923077,4394.009938622488
2025-03-13,3,10,14,23.076923076923077,4353.790308500122
2025-03-17,3,10,14,23.076923076923077,4334.904244931695
2025-03-18,3,10,14,23.076923076923077,4487.467002444495
2025-03-19,4,9,14,30.76923076923077,4620.7883898093805
2025-03-20,4,9,14,30.76923076923077,4676.745199984619
2025-03-21,4,9,14,30.76923076923077,4721.878064005433
2025-03-24,5,8,14,38.46153846153847,4799.5756853030525
2025-03-25,5,8,14,38.46153846153847,4658.531265927358
2025-03-26,4,9,14,30.76923076923077,4609.010201816559
2025-03-27,4,9,14,30.76923076923077,4681.061218009812
2025-03-28,4,9,14,30.76923076923077,4648.440135629031
2025-04-01,4,9,14,30.76923076923077,4631.821309312193
2025-04-02,3,10,14,23.076923076923077,4714.401716841135
2025-04-03,3,10,14,23.076923076923077,4700.780216460854
2025-04-04,3,10,14,23.076923076923077,4506.546904064618
2025-04-07,3,10,14,23.076923076923077,4305.13672900491
2025-04-08,3,10,14,23.076923076923077,4467.7117814216035
2025-04-09,3,10,14,23.076923076923077,4424.26744259477
2025-04-11,3,10,14,23.076923076923077,4604.264025009747
2025-04-15,7,6,14,53.84615384615385,4787.66982142578
2025-04-16,7,6,14,53.84615384615385,4791.729751442497
2025-04-17,7,6,14,53.84615384615385,4835.369377697846
2025-04-21,7,6,14,53.84615384615385,4979.777941224682
2025-04-22,7,6,14,53.84615384615385,5077.380912339002
2025-04-23,7,6,14,53.84615384615385,5126.472783524581
2025-04-24,7,6,14,53.84615384615385,5086.719144880063
2025-04-25,7,6,14,53.84615384615385,4896.716621177757
2025-04-28,6,7,14,46.15384615384615,4921.9714740351765
2025-04-29,6,7,14,46.15384615384615,4948.619519409436
2025-04-30,6,7,14,46.15384615384615,4848.8663956068085
2025-05-02,6,7,14,46.15384615384615,4836.0209539173575
2025-05-05,6,7,14,46.15384615384615,4877.1311771101155
2025-05-06,6,7,14,46.15384615384615,4696.1440852721125
2025-05-07,7,6,14,53.84615384615385,4818.407718019978
2025-05-08,6,7,14,46.15384615384615,4741.223405858089
2025-05-09,5,8,14,38.46153846153847,4713.322013212956
2025-05-12,7,6,14,53.84615384615385,5057.092445127422
2025-05-13,7,6,14,53.84615384615385,5120.712693051793
2025-05-14,7,6,14,53.84615384615385,5164.430817409556
2025-05-15,7,6,14,53.84615384615385,5230.514383070833
2025-05-16,8,5,14,61.53846153846154,5297.259387488072
2025-05-19,8,5,14,61.53846153846154,5254.806338788105
2025-05-20,8,5,14,61.53846153846154,5257.593846133159
2025-05-21,8,5,14,61.53846153846154,5278.360197887877
2025-05-22,8,5,14,61.53846153846154,5242.135438804445
2025-05-23,8,5,14,61.53846153846154,5263.145410123445
2025-05-26,9,4,14,69.23076923076923,5276.625963175705
2025-05-27,8,5,14,61.53846153846154,5239.836668518003
2025-05-28,7,6,14,53.84615384615385,5222.460349352731
2025-05-29,7,6,14,53.84615384615385,5227.455147772282
2025-05-30,7,6,14,53.84615384615385,5250.842764555029
2025-06-02,6,7,14,46.15384615384615,5221.683612146702
2025-06-03,6,7,14,46.15384615384615,5178.1602635297495
2025-06-04,6,7,14,46.15384615384615,5190.998007724997
2025-06-05,7,6,14,53.84615384615385,5235.18475398153
2025-06-06,6,7,14,46.15384615384615,5218.7416155793935
2025-06-09,8,5,14,61.53846153846154,5285.006875308749
2025-06-10,7,6,14,53.84615384615385,5295.501391401875
2025-06-11,8,5,14,61.53846153846154,5315.86405070381
2025-06-12,6,7,14,46.15384615384615,5212.491522996122
2025-06-13,4,9,14,30.76923076923077,5167.247604053238
2025-06-16,6,7,14,46.15384615384615,5207.259422739594
2025-06-17,6,7,14,46.15384615384615,5202.499126947222
2025-06-18,7,6,14,53.84615384615385,5209.741410495527
2025-06-19,5,8,14,38.46153846153847,5091.453368918775
2025-06-20,6,7,14,46.15384615384615,5151.170757048372
2025-06-23,6,7,14,46.15384615384615,5173.441502604337
2025-06-24,6,7,14,46.15384615384615,5205.80260814422
2025-06-25,5,8,14,38.46153846153847,5233.258237387464
2025-06-26,5,8,14,38.46153846153847,5224.300437034593
2025-06-27,6,7,14,46.15384615384615,5273.111964386002
2025-06-30,7,6,14,53.84615384615385,5315.531942516462
2025-07-01,7,6,14,53.84615384615385,5312.121337254057
2025-07-02,5,8,14,38.46153846153847,5340.6965590399805
2025-07-03,6,7,14,46.15384615384615,5362.4794506300705
2025-07-04,5,8,14,38.46153846153847,5374.280594836736
2025-07-07,6,7,14,46.15384615384615,5383.073050500143
2025-07-08,6,7,14,46.15384615384615,5362.362127140217
2025-07-09,7,6,14,53.84615384615385,5427.057707214325
2025-07-10,7,6,14,53.84615384615385,5452.298675977116
2025-07-11,7,6,14,53.84615384615385,5413.307961816374
2025-07-14,7,6,14,53.84615384615385,5454.197694016579
2025-07-15,9,4,14,69.23076923076923,5523.381239539021
2025-07-16,9,4,14,69.23076923076923,5515.907316229663
2025-07-17,9,4,14,69.23076923076923,5526.194207533709
2025-07-18,8,5,14,61.53846153846154,5459.839973512061
2025-07-21,9,4,14,69.23076923076923,5466.243985880952
2025-07-22,8,5,14,61.53846153846154,5430.51500525212
2025-07-23,8,5,14,61.53846153846154,5432.48625001568
2025-07-24,9,4,14,69.23076923076923,5397.974523398748
2025-07-25,8,5,14,61.53846153846154,5348.861491578591
2025-07-28,5,8,14,38.46153846153847,5306.631454384941
2025-07-29,7,6,14,53.84615384615385,5373.807632320809
2025-07-30,8,5,14,61.53846153846154,5413.411575381261
2025-07-31,8,5,14,61.53846153846154,5456.1845004735205
2025-08-01,7,6,14,53.84615384615385,5396.303439469451
2025-08-04,7,6,14,53.84615384615385,5438.370451412212
2025-08-05,8,5,14,61.53846153846154,5397.636607960473
2025-08-06,8,5,14,61.53846153846154,5334.545463804445
2025-08-07,8,5,14,61.53846153846154,5351.234971226925
2025-08-08,6,7,14,46.15384615384615,5145.711614638442
2025-08-11,6,7,14,46.15384615384615,5062.409821822661
2025-08-12,6,7,14,46.15384615384615,5049.204580288563
2025-08-13,8,5,14,61.53846153846154,5100.140909406688
2025-08-14,7,6,14,53.84615384615385,5093.686996186904
2025-08-18,8,5,14,61.53846153846154,5215.443821177481
2025-08-19,8,5,14,61.53846153846154,5263.260473015589
2025-08-20,8,5,14,61.53846153846154,5240.364093921087
2025-08-21,8,5,14,61.53846153846154,5254.2483168981835
2025-08-22,8,5,14,61.53846153846154,5277.273436453874
2025-08-25,8,5,14,61.53846153846154,5313.6058875577
2025-08-26,8,5,14,61.53846153846154,5194.678087547716
2025-08-28,7,6,14,53.84615384615385,5163.146135981386
2025-08-29,8,5,14,61.53846153846154,5178.438093527051
2025-09-01,8,5,14,61.53846153846154,5306.900594691313
2025-09-02,8,5,14,61.53846153846154,5388.3240937507935
2025-09-03,8,5,14,61.53846153846154,5448.535329657378
2025-09-04,8,5,14,61.53846153846154,5514.760129307923
2025-09-05,8,5,14,61.53846153846154,5621.728457352638
2025-09-08,8,5,14,61.53846153846154,5704.819608689717
2025-09-09,8,5,14,61.53846153846154,5726.4491316899175
2025-09-10,8,5,14,61.53846153846154,5794.59348535129
2025-09-11,8,5,14,61.53846153846154,5821.479341376945
2025-09-12,8,5,14,61.53846153846154,5846.287120601806
2025-09-15,9,5,14,64.28571428571429,5861.358391511989
2025-09-16,9,5,14,64.28571428571429,5921.81392939729
2025-09-17,9,5,14,64.28571428571429,5900.792253612597
2025-09-18,9,5,14,64.28571428571429,5936.246494241844
2025-09-19,9,5,14,64.28571428571429,5947.148336156798
2025-09-22,9,5,14,64.28571428571429,5864.999233354344
2025-09-23,9,5,14,64.28571428571429,5861.711518649484
2025-09-24,9,5,14,64.28571428571429,5849.081701674288
2025-09-25,9,5,14,64.28571428571429,5804.160181227871
2025-09-26,9,5,14,64.28571428571429,5628.684120941192
2025-09-29,9,5,14,64.28571428571429,5587.017469431082
2025-09-30,9,5,14,64.28571428571429,5563.297210883218
2025-10-01,9,5,14,64.28571428571429,5667.533329807037
2025-10-03,9,5,14,64.28571428571429,5781.282914551005
2025-10-06,9,5,14,64.28571428571429,5806.820968212161
2025-10-07,9,5,14,64.28571428571429,5935.259377909393
2025-10-08,9,5,14,64.28571428571429,5861.397761264187
2025-10-09,9,5,14,64.28571428571429,5900.4260232656825
2025-10-10,9,5,14,64.28571428571429,5951.613322608218
2025-10-13,10,4,14,71.42857142857143,5882.004833834771
2025-10-14,9,5,14,64.28571428571429,5763.318160898337
2025-10-15,9,5,14,64.28571428571429,5772.238673191239
2025-10-16,9,5,14,64.28571428571429,5815.240972145918
2025-10-17,9,5,14,64.28571428571429,5815.58307411889
2025-10-20,9,5,14,64.28571428571429,5836.613001887495
2025-10-21,9,5,14,64.28571428571429,5864.447572662047
2025-10-23,8,6,14,57.14285714285714,5772.920831630499
2025-10-24,8,6,14,57.14285714285714,5779.255114646171
2025-10-27,8,6,14,57.14285714285714,5802.116246952346
2025-10-28,8,6,14,57.14285714285714,5822.43024572463
2025-10-29,8,6,14,57.14285714285714,5845.465792344593
2025-10-30,10,4,14,71.42857142857143,5820.120109045852
2025-10-31,8,6,14,57.14285714285714,5789.44838907196
2025-11-03,9,5,14,64.28571428571429,5773.47222909971
2025-11-04,8,6,14,57.14285714285714,5712.790474690556
2025-11-06,8,6,14,57.14285714285714,5582.165122397792
2025-11-07,8,6,14,57.14285714285714,5495.990203650526
2025-11-10,7,7,14,50.0,5542.57121416798
2025-11-11,8,6,14,57.14285714285714,5547.364345965569
2025-11-12,8,6,14,57.14285714285714,5630.477972419991
2025-11-13,8,6,14,57.14285714285714,5593.283936952102
2025-11-14,8,6,14,57.14285714285714,5621.017916183023
2025-11-17,9,5,14,64.28571428571429,5634.057746092011
2025-11-18,10,4,14,71.42857142857143,5553.840676666931
2025-11-19,9,5,14,64.28571428571429,5600.187719945024
2025-11-20,8,6,14,57.14285714285714,5564.933083486384
2025-11-21,8,6,14,57.14285714285714,5468.04124853472
2025-11-24,6,8,14,42.857142857142854,5344.34188911775
2025-11-25,7,7,14,50.0,5380.285750244861
2025-11-26,7,7,14,50.0,5481.073577947096
2025-11-27,8,6,14,57.14285714285714,5434.471038465426
2025-11-28,7,7,14,50.0,5406.749509224027
2025-12-01,6,8,14,42.857142857142854,5383.73744700129
2025-12-02,6,8,14,42.857142857142854,5362.931661205981
2025-12-03,6,8,14,42.857142857142854,5319.4087679650975
2025-12-04,6,8,14,42.857142857142854,5272.097920184942
2025-12-05,5,9,14,35.714285714285715,5134.186887689477
2025-12-08,4,10,14,28.57142857142857,4968.831396293556
2025-12-09,6,8,14,42.857142857142854,5118.802965494555
2025-12-10,5,9,14,35.714285714285715,4999.589311518606
2025-12-11,4,10,14,28.57142857142857,5052.85781265218
2025-12-12,4,10,14,28.57142857142857,5123.750697599153
2025-12-15,4,10,14,28.57142857142857,5117.811625662546
2025-12-16,4,10,14,28.57142857142857,5071.112939420378
2025-12-17,4,10,14,28.57142857142857,5014.3397115528305
2025-12-18,4,10,14,28.57142857142857,5017.441705199555
2025-12-19,4,10,14,28.57142857142857,5117.136107765185
2025-12-22,4,10,14,28.57142857142857,5152.23549710686
2025-12-23,4,10,14,28.57142857142857,5134.434159518003
2025-12-24,4,10,14,28.57142857142857,5114.774416692376
2025-12-26,4,10,14,28.57142857142857,5078.910166985974
2025-12-29,4,10,14,28.57142857142857,4997.486785195493
2025-12-30,4,10,14,28.57142857142857,4937.183066648073
2025-12-31,4,10,14,28.57142857142857,5020.6882706760325
2026-01-01,4,10,14,28.57142857142857,4987.026671746536
2026-01-02,4,10,14,28.57142857142857,5066.72248780535
2026-01-05,4,10,14,28.57142857142857,5120.442743821752
2026-01-06,5,9,14,35.714285714285715,5058.318458972667
2026-01-07,6,8,14,42.857142857142854,5110.248197947304
2026-01-08,6,8,14,42.857142857142854,5061.532416776827
2026-01-09,4,10,14,28.57142857142857,4953.581379081055
2026-01-12,4,10,14,28.57142857142857,4916.640446064406
2026-01-13,4,10,14,28.57142857142857,4901.014996868466
2026-01-14,2,12,14,14.285714285714285,4862.629408666475
2026-01-16,3,11,14,21.428571428571427,4862.629408666475
2026-01-19,2,12,14,14.285714285714285,4839.703247150911
2026-01-20,1,13,14,7.142857142857142,4679.751883876797
2026-01-21,1,13,14,7.142857142857142,4624.030218944545
2026-01-22,1,13,14,7.142857142857142,4671.457428120513
2026-01-23,1,13,14,7.142857142857142,4549.180650558087
2026-01-27,1,13,14,7.142857142857142,4513.9554134201535
2026-01-28,2,12,14,14.285714285714285,4698.270883354618
2026-01-29,3,11,14,21.428571428571427,4714.347515084042
2026-01-30,3,11,14,21.428571428571427,4808.745642779375
2026-02-01,2,12,14,14.285714285714285,4797.946559033913
2026-02-02,3,11,14,21.428571428571427,4811.891494212342
2026-02-03,4,10,14,28.57142857142857,5052.501438628847
2026-02-04,3,11,14,21.428571428571427,5131.063093078226
2026-02-05,4,10,14,28.57142857142857,5056.1035685285515
2026-02-06,3,11,14,21.428571428571427,5055.935359552018
2026-02-09,5,9,14,35.714285714285715,5163.828492362156
2026-02-10,4,10,14,28.57142857142857,5186.603434123378
2026-02-11,5,9,14,35.714285714285715,5202.515624575163
2026-02-12,5,9,14,35.714285714285715,5169.169333267772
2026-02-13,4,10,14,28.57142857142857,5048.071385117095
2026-02-16,5,9,14,35.714285714285715,5043.835581006712
2026-02-17,5,9,14,35.714285714285715,5089.659297790351
2026-02-18,5,9,14,35.714285714285715,5123.246479564794
2026-02-19,5,9,14,35.714285714285715,4992.836744642034
2026-02-20,5,9,14,35.714285714285715,4969.928979234544
2026-02-23,5,9,14,35.714285714285715,4932.917522212321
2026-02-24,5,9,14,35.714285714285715,4862.230449179942
2026-02-25,5,9,14,35.714285714285715,4874.5462507117045
2026-02-26,5,9,14,35.714285714285715,4887.432551210331
2026-02-27,5,9,14,35.714285714285715,4897.994918666301
2026-03-02,5,9,14,35.714285714285715,4784.570241224669
2026-03-04,4,10,14,28.57142857142857,4644.334759642185
2026-03-05,5,9,14,35.714285714285715,4725.808968372247
2026-03-06,4,10,14,28.57142857142857,4684.518952122866
2026-03-09,3,11,14,21.428571428571427,4505.538354667843
2026-03-10,5,9,14,35.714285714285715,4686.868771617929
2026-03-11,5,9,14,35.714285714285715,4654.446378996021
2026-03-12,3,11,14,21.428571428571427,4609.409800821947
2026-03-13,2,12,14,14.285714285714285,4492.990800338523
2026-03-16,2,12,14,14.285714285714285,4463.934285316747
2026-03-17,3,11,14,21.428571428571427,4530.485768909598
2026-03-18,3,11,14,21.428571428571427,4625.732133818493
2026-03-19,2,12,14,14.285714285714285,4468.494650371887
2026-03-20,3,11,14,21.428571428571427,4505.99713978131
2026-03-23,0,14,14,0.0,4283.950603464165
2026-03-24,3,11,14,21.428571428571427,4386.084519255585
2026-03-25,4,10,14,28.57142857142857,4497.502340819332
2026-03-27,2,12,14,14.285714285714285,4359.103866116193
2026-03-30,1,13,14,7.142857142857142,4203.000069063299
2026-04-01,2,12,14,14.285714285714285,4399.478568836841
2026-04-02,2,12,14,14.285714285714285,4402.038827640364
2026-04-06,3,11,14,21.428571428571427,4456.089617832595
2026-04-07,4,10,14,28.57142857142857,4458.105732843709
2026-04-08,4,10,14,28.57142857142857,4667.308830108159
2026-04-09,4,10,14,28.57142857142857,4689.99482497332
2026-04-10,4,10,14,28.57142857142857,4771.545033269718
2026-04-13,4,10,14,28.57142857142857,4721.226528782094
2026-04-15,5,9,14,35.714285714285715,4930.982357971835
2026-04-16,5,9,14,35.714285714285715,5062.487258826739
2026-04-17,5,9,14,35.714285714285715,5118.727971864215
2026-04-20,5,9,14,35.714285714285715,5089.487710620726
2026-04-21,6,8,14,42.857142857142854,5149.901539267723
2026-04-22,6,8,14,42.857142857142854,5179.624273283074
2026-04-23,5,9,14,35.714285714285715,5139.1638732747115
2026-04-24,5,9,14,35.714285714285715,5034.873761396739
2026-04-27,6,8,14,42.857142857142854,5151.97967640157
2026-04-28,6,8,14,42.857142857142854,5107.176539402228
2026-04-29,6,8,14,42.857142857142854,5097.056700299157
2026-04-30,5,9,14,35.714285714285715,5056.667788341047
2026-05-04,5,9,14,35.714285714285715,5138.423992394141
2026-05-05,6,8,14,42.857142857142854,5211.007003504588
2026-05-06,7,7,14,50.0,5319.125073242409
2026-05-07,7,7,14,50.0,5408.697924134231
2026-05-08,7,7,14,50.0,5476.602028924938
2026-05-11,7,7,14,50.0,5378.82646361425
2026-05-12,7,7,14,50.0,5157.407488207353
2026-05-13,7,7,14,50.0,5216.664633763761
2026-05-14,7,7,14,50.0,5097.411956075904
2026-05-15,6,8,14,42.857142857142854,5086.368798467449
2026-05-18,5,9,14,35.714285714285715,4962.227477359601
2026-05-19,6,8,14,42.857142857142854,5035.450500390403
2026-05-20,5,9,14,35.714285714285715,5050.99854444927
2026-05-21,6,8,14,42.857142857142854,5112.906136619561
2026-05-22,6,8,14,42.857142857142854,5137.997513746263
2026-05-25,6,8,14,42.857142857142854,5236.121246498796
2026-05-26,5,9,14,35.714285714285715,5187.955338395917
2026-05-27,7,7,14,50.0,5218.901132285222
2026-05-29,6,8,14,42.857142857142854,5208.003651565243
2026-06-01,6,8,14,42.857142857142854,5155.089984067294
2026-06-02,6,8,14,42.857142857142854,5290.685421289511
2026-06-03,6,8,14,42.857142857142854,5218.882661772936
2026-06-04,6,8,14,42.857142857142854,5305.3928314803525
2026-06-05,6,8,14,42.857142857142854,5267.177214857428
2026-06-08,5,9,14,35.714285714285715,5157.023962364591
2026-06-09,6,8,14,42.857142857142854,5258.636457953463
2026-06-10,5,9,14,35.714285714285715,5151.898082740341
2026-06-11,4,10,14,28.57142857142857,5083.219447811957
2026-06-12,6,8,14,42.857142857142854,5237.531878379393
2026-06-15,6,8,14,42.857142857142854,5347.762017588355
2026-06-22,8,6,14,57.14285714285714,5491.573469714017
2026-06-23,7,7,14,50.0,5433.904731020525
2026-06-24,6,8,14,42.857142857142854,5417.642673955944
2026-06-25,5,9,14,35.714285714285715,5390.687920700298
2026-06-29,5,9,14,35.714285714285715,5308.811474106822
2026-06-30,5,9,14,35.714285714285715,5328.021829923647
2026-07-01,6,8,14,42.857142857142854,5317.96426216282
2026-07-02,6,8,14,42.857142857142854,5369.987875959456
2026-07-03,7,7,14,50.0,5428.428487266286
2026-07-06,9,5,14,64.28571428571429,5477.33328360412
2026-07-07,9,5,14,64.28571428571429,5453.057805893211
2026-07-08,8,6,14,57.14285714285714,5361.460241882537
2026-07-09,8,6,14,57.14285714285714,5512.230832302894
2026-07-10,8,6,14,57.14285714285714,5556.076279849223
2026-07-13,8,6,14,57.14285714285714,5543.630531432305
2026-07-14,8,6,14,57.14285714285714,5553.597531486957
2026-07-15,8,6,14,57.14285714285714,5626.606583700327
2026-07-16,8,6,14,57.14285714285714,5731.751709031952
2026-07-17,8,6,14,57.14285714285714,5636.8889482981485
2026-07-20,8,6,14,57.14285714285714,5621.30658900358
2026-07-21,8,6,14,57.14285714285714,5624.805459600363
2026-07-22,8,6,14,57.14285714285714,5603.129301842403
2026-07-23,8,6,14,57.14285714285714,5547.5527066315235
2026-07-24,7,7,14,50.0,5524.187280077638
2026-07-27,6,8,14,42.857142857142854,5503.8322709567365
2026-07-28,6,8,14,42.857142857142854,5474.883090357154
2026-07-29,8,6,14,57.14285714285714,5612.62586655592
2026-07-30,7,7,14,50.0,5607.162671494884
2026-07-31,7,7,14,50.0,5656.145324135886
2026-08-03,8,6,14,57.14285714285714,5658.788413188766
2026-08-04,8,6,14,57.14285714285714,5701.779156317015
2026-08-05,8,6,14,57.14285714285714,5733.121837954572
2026-08-06,8,6,14,57.14285714285714,5700.072791589976
2026-08-07,7,7,14,50.0,5767.044320989766
2026-08-10,6,8,14,42.857142857142854,5743.930181502293
2026-08-11,7,7,14,50.0,5750.957092811354
2026-08-12,6,8,14,42.857142857142854,5727.946599386072
2026-08-13,7,7,14,50.0,5805.932642885767
2026-08-14,7,7,14,50.0,5759.159285903952
2026-08-17,8,6,14,57.14285714285714,5836.586508484889
2026-08-18,8,6,14,57.14285714285714,5840.838557722922
2026-08-19,8,6,14,57.14285714285714,5855.152961262857
2026-08-20,8,6,14,57.14285714285714,5876.443229416365
2026-08-21,8,6,14,57.14285714285714,5875.180724679033
2026-08-24,8,6,14,57.14285714285714,5862.756605393356
2026-08-25,9,5,14,64.28571428571429,5930.58967912591
2026-08-26,10,4,14,71.42857142857143,5995.07818217504
2026-08-27,10,4,14,71.42857142857143,6081.445778388727
2026-08-28,10,4,14,71.42857142857143,6105.20917514379
2026-08-31,9,5,14,64.28571428571429,6109.125841897147
2026-09-01,9,5,14,64.28571428571429,6041.495756416502
2026-09-02,9,5,14,64.28571428571429,5964.036737692622
2026-09-03,8,6,14,57.14285714285714,5945.611218959142
2026-09-04,9,5,14,64.28571428571429,5950.778803700621
