Date,Above,Below,Total,Percentage,Index_Close
2014-08-07,6,0,7,100.0,229.39065193374418
2014-08-08,6,0,7,100.0,226.01333426642003
2014-08-11,6,0,7,100.0,224.52168486197408
2014-08-12,7,0,7,100.0,229.38883797008756
2014-08-13,7,0,7,100.0,224.3828350746169
2014-08-14,7,0,7,100.0,225.8757712648543
2014-08-18,7,0,7,100.0,227.74997513277557
2014-08-19,7,0,7,100.0,235.7580563966322
2014-08-20,7,0,7,100.0,241.45377468217612
2014-08-21,7,0,7,100.0,242.93821864794518
2014-08-22,7,0,7,100.0,242.73958545957132
2014-08-25,7,0,7,100.0,246.67780352909529
2014-08-26,7,0,7,100.0,245.53720079811012
2014-08-27,7,0,7,100.0,249.0165941472139
2014-08-28,7,0,7,100.0,247.2191075804563
2014-09-01,7,0,7,100.0,249.4631367937077
2014-09-02,7,0,7,100.0,249.67231423068594
2014-09-03,7,0,7,100.0,249.63314932583717
2014-09-04,7,0,7,100.0,249.7788071883423
2014-09-05,7,0,7,100.0,252.20126156694366
2014-09-08,7,0,7,100.0,257.6785018199764
2014-09-09,7,0,7,100.0,258.6073745154576
2014-09-10,7,0,7,100.0,258.57355246866643
2014-09-11,7,0,7,100.0,258.0812081468297
2014-09-12,7,0,7,100.0,262.4872980495448
2014-09-15,7,0,7,100.0,264.87515115029214
2014-09-16,7,0,7,100.0,256.92979776583985
2014-09-17,7,0,7,100.0,255.86863671057554
2014-09-18,7,0,7,100.0,261.10575685387005
2014-09-19,7,0,7,100.0,263.99941012636543
2014-09-22,7,0,7,100.0,263.17103674143374
2014-09-23,7,0,7,100.0,260.2517812091916
2014-09-24,7,0,7,100.0,257.41676473181894
2014-09-25,7,0,7,100.0,253.8086241928967
2014-09-26,7,0,7,100.0,252.7282992381205
2014-09-29,7,0,7,100.0,253.7691344226401
2014-09-30,7,0,7,100.0,255.00716864608987
2014-10-01,7,0,7,100.0,252.77634263190473
2014-10-07,7,0,7,100.0,249.09085864380413
2014-10-08,7,0,7,100.0,246.32294562757036
2014-10-09,7,0,7,100.0,245.43935338460213
2014-10-10,7,0,7,100.0,246.021787800243
2014-10-13,7,0,7,100.0,245.11397677547203
2014-10-14,7,0,7,100.0,244.56977371967534
2014-10-16,7,0,7,100.0,237.8317293174261
2014-10-17,7,0,7,100.0,232.63563149295564
2014-10-20,7,0,7,100.0,233.92732047045052
2014-10-21,7,0,7,100.0,237.28423515327916
2014-10-22,7,0,7,100.0,239.73973301892136
2014-10-23,7,0,7,100.0,241.7417150254488
2014-10-27,7,0,7,100.0,240.93312164771007
2014-10-28,7,0,7,100.0,241.34437768637812
2014-10-29,7,0,7,100.0,248.1481418469488
2014-10-30,7,0,7,100.0,256.8199473558819
2014-10-31,7,0,7,100.0,258.3065099472253
2014-11-03,7,0,7,100.0,263.3492003553728
2014-11-05,7,0,7,100.0,263.13608085626765
2014-11-07,7,0,7,100.0,263.6599722680713
2014-11-10,7,0,7,100.0,266.13573444855956
2014-11-11,7,0,7,100.0,264.08414982557036
2014-11-12,7,0,7,100.0,263.6899360543078
2014-11-13,7,0,7,100.0,260.73535096102967
2014-11-14,7,0,7,100.0,263.5840321376087
2014-11-17,7,0,7,100.0,266.4913440773226
2014-11-18,7,0,7,100.0,265.5278284462027
2014-11-19,7,0,7,100.0,267.6937281134382
2014-11-20,7,0,7,100.0,268.83368336777977
2014-11-21,7,0,7,100.0,271.40983809118967
2014-11-24,7,0,7,100.0,268.46957175289015
2014-11-25,7,0,7,100.0,264.5788403390672
2014-11-26,7,0,7,100.0,265.633445984759
2014-11-27,7,0,7,100.0,264.1378977961648
2014-11-28,7,0,7,100.0,267.2002754318731
2014-12-01,7,0,7,100.0,266.6452978282843
2014-12-02,7,0,7,100.0,268.2097094244332
2014-12-03,7,0,7,100.0,267.6524134965935
2014-12-04,7,0,7,100.0,270.08002371318133
2014-12-05,7,0,7,100.0,275.1828598459666
2014-12-08,7,0,7,100.0,276.08284297635095
2014-12-09,7,0,7,100.0,272.9073681179595
2014-12-10,7,0,7,100.0,273.74051329190536
2014-12-11,7,0,7,100.0,270.9177341042596
2014-12-12,7,0,7,100.0,269.96478837747804
2014-12-15,7,0,7,100.0,267.90638397267963
2014-12-16,7,0,7,100.0,266.3593469770967
2014-12-17,7,0,7,100.0,261.2772195297916
2014-12-18,7,0,7,100.0,267.3174126270538
2014-12-19,7,0,7,100.0,272.71863441616426
2014-12-22,7,0,7,100.0,273.4807649696406
2014-12-23,7,0,7,100.0,277.3264490888236
2014-12-24,7,0,7,100.0,273.25695397773205
2014-12-26,7,0,7,100.0,273.932646026624
2014-12-29,7,0,7,100.0,273.3757585210448
2014-12-30,7,0,7,100.0,274.544213096788
2014-12-31,7,0,7,100.0,278.38613829135437
2015-01-01,7,0,7,100.0,283.3262291033485
2015-01-02,7,0,7,100.0,288.74397074074136
2015-01-05,7,0,7,100.0,284.92680850591773
2015-01-06,7,0,7,100.0,277.9355311064097
2015-01-07,7,0,7,100.0,277.88867561783945
2015-01-08,7,0,7,100.0,278.54138631107134
2015-01-09,7,0,7,100.0,279.09680704864587
2015-01-12,7,0,7,100.0,280.06915238275195
2015-01-13,7,0,7,100.0,283.64449043967807
2015-01-14,7,0,7,100.0,286.2762797260846
2015-01-15,7,0,7,100.0,289.9426228657478
2015-01-16,7,0,7,100.0,289.8458337209635
2015-01-19,7,0,7,100.0,287.5907659862999
2015-01-20,7,0,7,100.0,288.0919847309343
2015-01-21,7,0,7,100.0,292.8150112576795
2015-01-22,7,0,7,100.0,295.6566685569522
2015-01-23,7,0,7,100.0,294.00334135294094
2015-01-27,7,0,7,100.0,296.51462108682176
2015-01-28,7,0,7,100.0,293.6786076983283
2015-01-29,7,0,7,100.0,293.02780203672245
2015-01-30,7,0,7,100.0,293.26817053880904
2015-02-02,7,0,7,100.0,295.71632349288535
2015-02-03,7,0,7,100.0,296.62935672984946
2015-02-04,7,0,7,100.0,295.2304064998218
2015-02-05,7,0,7,100.0,292.1227131700764
2015-02-06,7,0,7,100.0,287.7447781241026
2015-02-09,7,0,7,100.0,286.46369982006087
2015-02-10,7,0,7,100.0,289.9059971519312
2015-02-11,7,0,7,100.0,291.85660943286507
2015-02-12,7,0,7,100.0,296.72075948270776
2015-02-13,7,0,7,100.0,300.49805787010627
2015-02-16,7,0,7,100.0,297.02592974738525
2015-02-18,7,0,7,100.0,298.2010211026554
2015-02-19,7,0,7,100.0,297.46054672461884
2015-02-20,6,1,7,85.71428571428571,300.36192618645174
2015-02-23,6,1,7,85.71428571428571,296.9416458353707
2015-02-24,6,1,7,85.71428571428571,295.73957111215606
2015-02-25,6,1,7,85.71428571428571,300.28556394980075
2015-02-26,6,1,7,85.71428571428571,295.56139929009
2015-02-27,6,1,7,85.71428571428571,296.5104618306954
2015-02-28,6,1,7,85.71428571428571,297.0649635772156
2015-03-02,6,1,7,85.71428571428571,300.69903214791424
2015-03-03,6,1,7,85.71428571428571,309.0003210434818
2015-03-04,6,1,7,85.71428571428571,305.26442608511945
2015-03-05,6,1,7,85.71428571428571,311.10943942326975
2015-03-09,6,1,7,85.71428571428571,310.47714471894506
2015-03-10,6,1,7,85.71428571428571,315.18686413320813
2015-03-11,6,1,7,85.71428571428571,311.0144313883898
2015-03-12,6,1,7,85.71428571428571,314.2164840477524
2015-03-13,5,2,7,71.42857142857143,313.77029502444384
2015-03-16,5,2,7,71.42857142857143,309.9047487850481
2015-03-17,5,2,7,71.42857142857143,316.31784975892185
2015-03-18,5,2,7,71.42857142857143,317.27294023248095
2015-03-19,5,2,7,71.42857142857143,318.4578905814051
2015-03-20,5,2,7,71.42857142857143,310.2303864345238
2015-03-23,5,2,7,71.42857142857143,306.17561162634263
2015-03-24,5,2,7,71.42857142857143,302.25259069694323
2015-03-25,5,2,7,71.42857142857143,299.8003094690948
2015-03-26,5,2,7,71.42857142857143,296.9559996748421
2015-03-27,5,2,7,71.42857142857143,298.67680888515554
2015-03-30,5,2,7,71.42857142857143,306.8364720474422
2015-03-31,5,2,7,71.42857142857143,310.0745536826084
2015-04-01,5,2,7,71.42857142857143,312.3633673044975
2015-04-06,5,2,7,71.42857142857143,311.9280099280298
2015-04-07,5,2,7,71.42857142857143,315.2114353619068
2015-04-08,5,2,7,71.42857142857143,317.63523797281437
2015-04-09,5,2,7,71.42857142857143,326.08321803064945
2015-04-10,5,2,7,71.42857142857143,328.6725264649879
2015-04-13,5,2,7,71.42857142857143,332.30150268795546
2015-04-15,6,1,7,85.71428571428571,335.94869786736604
2015-04-16,6,1,7,85.71428571428571,332.3971280967176
2015-04-17,6,1,7,85.71428571428571,333.57785928596934
2015-04-20,6,1,7,85.71428571428571,330.95586541247263
2015-04-21,6,1,7,85.71428571428571,328.10111876912845
2015-04-22,6,1,7,85.71428571428571,328.4321702974917
2015-04-23,6,1,7,85.71428571428571,325.1592204780359
2015-04-24,5,2,7,71.42857142857143,312.79088715453673
2015-04-27,5,2,7,71.42857142857143,302.5777067404231
2015-04-28,5,2,7,71.42857142857143,310.2815945510978
2015-04-29,5,2,7,71.42857142857143,312.8412270012854
2015-04-30,5,2,7,71.42857142857143,307.9459813279432
2015-05-04,5,2,7,71.42857142857143,310.40935324604243
2015-05-05,5,2,7,71.42857142857143,310.4274985882742
2015-05-06,5,2,7,71.42857142857143,306.19968751870726
2015-05-07,5,2,7,71.42857142857143,299.75094027547186
2015-05-08,5,2,7,71.42857142857143,306.416218904055
2015-05-11,5,2,7,71.42857142857143,311.09183772345193
2015-05-12,5,2,7,71.42857142857143,307.88962587492847
2015-05-13,5,2,7,71.42857142857143,307.9805007494718
2015-05-14,5,2,7,71.42857142857143,309.1946635500965
2015-05-15,5,2,7,71.42857142857143,312.43777513650343
2015-05-18,5,2,7,71.42857142857143,313.7799441605142
2015-05-19,5,2,7,71.42857142857143,318.4844248436788
2015-05-20,5,2,7,71.42857142857143,316.81588762749965
2015-05-21,5,2,7,71.42857142857143,315.8343433763244
2015-05-22,5,2,7,71.42857142857143,317.10468834803646
2015-05-25,5,2,7,71.42857142857143,315.7092775359884
2015-05-26,5,2,7,71.42857142857143,312.48291234839326
2015-05-27,5,2,7,71.42857142857143,310.70068708951027
2015-05-28,5,2,7,71.42857142857143,312.2502578814463
2015-05-29,5,2,7,71.42857142857143,318.7577331091289
2015-06-01,5,2,7,71.42857142857143,322.26140844171954
2015-06-02,5,2,7,71.42857142857143,320.08191098584933
2015-06-03,5,2,7,71.42857142857143,311.9622918603234
2015-06-04,5,2,7,71.42857142857143,313.4010503732188
2015-06-05,5,2,7,71.42857142857143,314.4500839947289
2015-06-08,5,2,7,71.42857142857143,311.01077603505416
2015-06-09,5,2,7,71.42857142857143,308.90987178444107
2015-06-10,5,2,7,71.42857142857143,311.7875696557491
2015-06-11,5,2,7,71.42857142857143,305.14915638858804
2015-06-12,5,2,7,71.42857142857143,303.34520180979376
2015-06-15,5,2,7,71.42857142857143,304.2974670780772
2015-06-16,5,2,7,71.42857142857143,305.6430541405893
2015-06-17,5,2,7,71.42857142857143,309.9936926973816
2015-06-18,5,2,7,71.42857142857143,313.6362722148051
2015-06-19,5,2,7,71.42857142857143,314.56629956162715
2015-06-22,5,2,7,71.42857142857143,317.5725559586859
2015-06-23,5,2,7,71.42857142857143,321.32267476668795
2015-06-24,5,2,7,71.42857142857143,321.210688095227
2015-06-25,5,2,7,71.42857142857143,324.14051381640684
2015-06-26,5,2,7,71.42857142857143,326.4135880628645
2015-06-29,5,2,7,71.42857142857143,323.8250545292968
2015-06-30,5,2,7,71.42857142857143,326.59059280814137
2015-07-01,5,2,7,71.42857142857143,333.98540015386914
2015-07-02,5,2,7,71.42857142857143,335.95798993746683
2015-07-03,5,2,7,71.42857142857143,339.9060820032801
2015-07-06,5,2,7,71.42857142857143,343.23328818692494
2015-07-07,5,2,7,71.42857142857143,346.7354092534769
2015-07-08,5,2,7,71.42857142857143,342.7379551724512
2015-07-09,5,2,7,71.42857142857143,340.4254725166738
2015-07-10,5,2,7,71.42857142857143,344.4838415466032
2015-07-13,5,2,7,71.42857142857143,349.34975023181164
2015-07-14,5,2,7,71.42857142857143,350.54008145718177
2015-07-15,5,2,7,71.42857142857143,349.61636033919245
2015-07-16,5,2,7,71.42857142857143,351.6914200440425
2015-07-17,5,2,7,71.42857142857143,354.27270096972813
2015-07-20,5,2,7,71.42857142857143,355.9331217494564
2015-07-21,6,1,7,85.71428571428571,351.3072283143995
2015-07-22,6,1,7,85.71428571428571,356.1906276566839
2015-07-23,7,0,7,100.0,357.7860694416547
2015-07-24,5,2,7,71.42857142857143,353.53382361995307
2015-07-27,6,1,7,85.71428571428571,350.44948432465407
2015-07-28,5,2,7,71.42857142857143,351.61786995179887
2015-07-29,5,2,7,71.42857142857143,356.9233113451591
2015-07-30,5,2,7,71.42857142857143,366.68931926865304
2015-07-31,6,1,7,85.71428571428571,370.3883110370134
2015-08-03,6,1,7,85.71428571428571,369.3180271316465
2015-08-04,5,2,7,71.42857142857143,374.91038603281214
2015-08-05,6,1,7,85.71428571428571,378.2086488452668
2015-08-06,6,1,7,85.71428571428571,379.47691115542517
2015-08-07,6,1,7,85.71428571428571,387.7847892264181
2015-08-10,6,1,7,85.71428571428571,391.8433715327765
2015-08-11,6,1,7,85.71428571428571,384.3579136190107
2015-08-12,6,1,7,85.71428571428571,373.6308347149898
2015-08-13,6,1,7,85.71428571428571,371.43738328195764
2015-08-14,6,1,7,85.71428571428571,374.7209623264672
2015-08-17,6,1,7,85.71428571428571,376.65233677422265
2015-08-18,6,1,7,85.71428571428571,381.2951815274396
2015-08-19,6,1,7,85.71428571428571,387.8372818923624
2015-08-20,6,1,7,85.71428571428571,379.4599155163288
2015-08-21,6,1,7,85.71428571428571,379.6371742900874
2015-08-24,5,2,7,71.42857142857143,341.24722374336363
2015-08-25,5,2,7,71.42857142857143,348.7324814311697
2015-08-26,5,2,7,71.42857142857143,351.8173885730979
2015-08-27,6,1,7,85.71428571428571,362.1942282940274
2015-08-28,6,1,7,85.71428571428571,360.59498210972623
2015-08-31,6,1,7,85.71428571428571,363.3924743852054
2015-09-01,6,1,7,85.71428571428571,357.0326451774419
2015-09-02,6,1,7,85.71428571428571,354.7558305229244
2015-09-03,6,1,7,85.71428571428571,359.1526383868555
2015-09-04,6,1,7,85.71428571428571,350.9290808592101
2015-09-07,6,1,7,85.71428571428571,346.09666280316037
2015-09-08,5,2,7,71.42857142857143,343.0012912828135
2015-09-09,6,1,7,85.71428571428571,347.5562327457456
2015-09-10,6,1,7,85.71428571428571,349.09679561402766
2015-09-11,6,1,7,85.71428571428571,352.59480219947255
2015-09-14,6,1,7,85.71428571428571,353.9324723256061
2015-09-15,6,1,7,85.71428571428571,352.2816617097553
2015-09-16,6,1,7,85.71428571428571,350.5820005600765
2015-09-18,6,1,7,85.71428571428571,361.6972649776485
2015-09-21,6,1,7,85.71428571428571,369.4613661708112
2015-09-22,5,2,7,71.42857142857143,366.85552679104165
2015-09-23,5,2,7,71.42857142857143,366.0871084475703
2015-09-24,5,2,7,71.42857142857143,367.51634411419894
2015-09-28,5,2,7,71.42857142857143,370.55336403073164
2015-09-29,5,2,7,71.42857142857143,370.79184187093347
2015-09-30,6,1,7,85.71428571428571,378.8318871969636
2015-10-01,6,1,7,85.71428571428571,383.626127536968
2015-10-05,6,1,7,85.71428571428571,392.0276803177298
2015-10-06,6,1,7,85.71428571428571,392.55596936210793
2015-10-07,6,1,7,85.71428571428571,392.2758276476321
2015-10-08,6,1,7,85.71428571428571,389.3003020511869
2015-10-09,6,1,7,85.71428571428571,389.2539344633093
2015-10-12,6,1,7,85.71428571428571,390.6917742616016
2015-10-13,6,1,7,85.71428571428571,391.0903950155672
2015-10-14,6,1,7,85.71428571428571,397.0598477117213
2015-10-15,6,1,7,85.71428571428571,394.9921352312701
2015-10-16,6,1,7,85.71428571428571,396.0218395704667
2015-10-19,6,1,7,85.71428571428571,397.5303947240167
2015-10-20,6,1,7,85.71428571428571,398.58460107265074
2015-10-21,6,1,7,85.71428571428571,396.7620415038827
2015-10-23,6,1,7,85.71428571428571,395.7550600239872
2015-10-26,6,1,7,85.71428571428571,394.8759720613003
2015-10-27,6,1,7,85.71428571428571,396.42900702208897
2015-10-28,5,2,7,71.42857142857143,412.1707033945202
2015-10-29,6,1,7,85.71428571428571,406.2328525176814
2015-10-30,5,2,7,71.42857142857143,409.5952436854268
2015-11-02,6,1,7,85.71428571428571,418.7290498041518
2015-11-03,6,1,7,85.71428571428571,424.2580043828438
2015-11-04,5,2,7,71.42857142857143,419.1418202133672
2015-11-05,5,2,7,71.42857142857143,410.2526570243733
2015-11-06,5,2,7,71.42857142857143,409.84030179073284
2015-11-09,4,3,7,57.14285714285714,411.32773516169135
2015-11-10,4,3,7,57.14285714285714,404.9490591772012
2015-11-11,4,3,7,57.14285714285714,407.70797717246603
2015-11-13,4,3,7,57.14285714285714,398.8142466224507
2015-11-16,4,3,7,57.14285714285714,405.5552367728858
2015-11-17,4,3,7,57.14285714285714,414.7481076508018
2015-11-18,4,3,7,57.14285714285714,409.9269042961772
2015-11-19,4,3,7,57.14285714285714,410.27892221543
2015-11-20,5,2,7,71.42857142857143,415.70345526540484
2015-11-23,4,3,7,57.14285714285714,414.4623372884415
2015-11-24,5,2,7,71.42857142857143,416.49353614751396
2015-11-26,5,2,7,71.42857142857143,416.29494616725606
2015-11-27,5,2,7,71.42857142857143,418.39747429902985
2015-11-30,5,2,7,71.42857142857143,417.0004940826937
2015-12-01,5,2,7,71.42857142857143,417.47173470878175
2015-12-02,5,2,7,71.42857142857143,413.04962009479846
2015-12-03,5,2,7,71.42857142857143,412.93678438353936
2015-12-04,5,2,7,71.42857142857143,410.4450114054646
2015-12-07,4,3,7,57.14285714285714,408.16801283532857
2015-12-08,5,2,7,71.42857142857143,403.95715780861207
2015-12-09,4,3,7,57.14285714285714,393.9425877032136
2015-12-10,4,3,7,57.14285714285714,399.0008065282981
2015-12-11,4,3,7,57.14285714285714,391.17728075547274
2015-12-14,4,3,7,57.14285714285714,392.28739451618725
2015-12-15,4,3,7,57.14285714285714,397.85288503620995
2015-12-16,4,3,7,57.14285714285714,402.01521503332174
2015-12-17,5,2,7,71.42857142857143,414.08967349187765
2015-12-18,5,2,7,71.42857142857143,415.0667134430554
2015-12-21,5,2,7,71.42857142857143,416.8974328074537
2015-12-22,5,2,7,71.42857142857143,420.08768049352636
2015-12-23,5,2,7,71.42857142857143,420.19366018025045
2015-12-24,5,2,7,71.42857142857143,421.9951946663855
2015-12-28,5,2,7,71.42857142857143,422.38075078260573
2015-12-29,5,2,7,71.42857142857143,420.09603273038243
2015-12-30,5,2,7,71.42857142857143,421.8517627726932
2015-12-31,5,2,7,71.42857142857143,422.5251526161923
2016-01-01,6,1,7,85.71428571428571,429.1090369399675
2016-01-04,5,2,7,71.42857142857143,428.6373453424491
2016-01-05,7,0,7,100.0,431.7711753609992
2016-01-06,7,0,7,100.0,433.4103314849806
2016-01-07,6,1,7,85.71428571428571,426.45028169465087
2016-01-08,6,1,7,85.71428571428571,429.32772417602774
2016-01-11,6,1,7,85.71428571428571,424.57323818302245
2016-01-12,6,1,7,85.71428571428571,424.39457667123594
2016-01-13,6,1,7,85.71428571428571,415.3430398214548
2016-01-14,6,1,7,85.71428571428571,413.6600385965756
2016-01-15,4,3,7,57.14285714285714,405.3106165120785
2016-01-18,3,4,7,42.857142857142854,381.94688372794644
2016-01-19,3,4,7,42.857142857142854,383.8130912859564
2016-01-20,3,4,7,42.857142857142854,379.2676297527714
2016-01-21,3,4,7,42.857142857142854,381.0986285688243
2016-01-22,3,4,7,42.857142857142854,386.45376887517125
2016-01-25,3,4,7,42.857142857142854,389.8380573589706
2016-01-27,4,3,7,57.14285714285714,395.2050702904011
2016-01-28,3,4,7,42.857142857142854,396.91651799515375
2016-01-29,4,3,7,57.14285714285714,400.77781372795647
2016-02-01,4,3,7,57.14285714285714,392.06265136170157
2016-02-02,4,3,7,57.14285714285714,393.0402737113704
2016-02-03,4,3,7,57.14285714285714,385.50151856940744
2016-02-04,5,2,7,71.42857142857143,392.84474929711826
2016-02-05,6,1,7,85.71428571428571,399.0697158158445
2016-02-08,5,2,7,71.42857142857143,399.204001094959
2016-02-09,5,2,7,71.42857142857143,394.41317689590664
2016-02-10,5,2,7,71.42857142857143,392.44181483261093
2016-02-11,4,3,7,57.14285714285714,381.3857925733092
2016-02-12,3,4,7,42.857142857142854,372.6680969527021
2016-02-15,3,4,7,42.857142857142854,387.35000177619696
2016-02-16,3,4,7,42.857142857142854,371.4013624390879
2016-02-17,3,4,7,42.857142857142854,374.4463786132309
2016-02-18,3,4,7,42.857142857142854,376.2671057393214
2016-02-19,3,4,7,42.857142857142854,377.76676642405414
2016-02-22,2,5,7,28.57142857142857,375.9526351540488
2016-02-23,2,5,7,28.57142857142857,369.7525860441648
2016-02-24,1,6,7,14.285714285714285,362.6022128039588
2016-02-25,1,6,7,14.285714285714285,357.087478573118
2016-02-26,1,6,7,14.285714285714285,355.52055764193364
2016-02-29,1,6,7,14.285714285714285,359.35821645236814
2016-03-01,2,5,7,28.57142857142857,367.6356982094096
2016-03-02,4,3,7,57.14285714285714,379.94302319762664
2016-03-03,4,3,7,57.14285714285714,384.87935580742396
2016-03-04,5,2,7,71.42857142857143,386.38144995884136
2016-03-08,3,4,7,42.857142857142854,383.3158488030962
2016-03-09,4,3,7,57.14285714285714,385.2225143376569
2016-03-10,3,4,7,42.857142857142854,380.5969306370113
2016-03-11,4,3,7,57.14285714285714,385.7033555915185
2016-03-14,4,3,7,57.14285714285714,389.19240016450937
2016-03-15,3,4,7,42.857142857142854,390.52255239247404
2016-03-16,3,4,7,42.857142857142854,387.23973927326495
2016-03-17,3,4,7,42.857142857142854,386.99497491559526
2016-03-18,4,3,7,57.14285714285714,387.78915933109175
2016-03-21,5,2,7,71.42857142857143,391.47043225905287
2016-03-22,5,2,7,71.42857142857143,391.23282585332555
2016-03-23,5,2,7,71.42857142857143,402.8645945915061
2016-03-28,5,2,7,71.42857142857143,400.09149809595937
2016-03-29,6,1,7,85.71428571428571,410.27047584535455
2016-03-30,6,1,7,85.71428571428571,413.66445956336895
2016-03-31,6,1,7,85.71428571428571,412.9539515091948
2016-04-01,6,1,7,85.71428571428571,412.5687761211065
2016-04-04,6,1,7,85.71428571428571,413.4527727218039
2016-04-05,6,1,7,85.71428571428571,407.36562201110627
2016-04-06,6,1,7,85.71428571428571,414.63836204592417
2016-04-07,6,1,7,85.71428571428571,414.59162023143045
2016-04-08,6,1,7,85.71428571428571,417.05294999960944
2016-04-11,6,1,7,85.71428571428571,417.8469825159172
2016-04-12,6,1,7,85.71428571428571,424.2183133241002
2016-04-13,7,0,7,100.0,436.62851593420083
2016-04-18,7,0,7,100.0,441.87468733254553
2016-04-20,7,0,7,100.0,445.0392541520963
2016-04-21,7,0,7,100.0,439.1383159732112
2016-04-22,7,0,7,100.0,436.6109099694136
2016-04-25,6,1,7,85.71428571428571,433.26700186728317
2016-04-26,7,0,7,100.0,438.3555908025992
2016-04-27,6,1,7,85.71428571428571,440.31177936058566
2016-04-28,7,0,7,100.0,440.08697390312744
2016-04-29,7,0,7,100.0,440.65913154828297
2016-05-02,7,0,7,100.0,448.89736777473007
2016-05-03,7,0,7,100.0,450.0339519696458
2016-05-04,6,1,7,85.71428571428571,446.4473284398875
2016-05-05,6,1,7,85.71428571428571,449.83895434617125
2016-05-06,6,1,7,85.71428571428571,451.04285236625293
2016-05-09,6,1,7,85.71428571428571,455.8027223151753
2016-05-10,6,1,7,85.71428571428571,459.0338003215674
2016-05-11,6,1,7,85.71428571428571,464.44985681277353
2016-05-12,7,0,7,100.0,467.6003764233711
2016-05-13,6,1,7,85.71428571428571,456.93482327281106
2016-05-16,6,1,7,85.71428571428571,452.33750797838434
2016-05-17,6,1,7,85.71428571428571,452.33382578507866
2016-05-18,6,1,7,85.71428571428571,454.1516642452248
2016-05-19,5,2,7,71.42857142857143,455.8509377118283
2016-05-20,5,2,7,71.42857142857143,457.1173820446786
2016-05-23,5,2,7,71.42857142857143,455.8634985379306
2016-05-24,5,2,7,71.42857142857143,452.66816789590604
2016-05-25,7,0,7,100.0,461.65662525997516
2016-05-26,7,0,7,100.0,465.27939340866806
2016-05-27,7,0,7,100.0,472.5329156549751
2016-05-30,7,0,7,100.0,476.9565532371306
2016-05-31,7,0,7,100.0,476.82169890211634
2016-06-01,7,0,7,100.0,481.3770115721405
2016-06-02,7,0,7,100.0,478.9518929282904
2016-06-03,7,0,7,100.0,473.32287191764726
2016-06-06,7,0,7,100.0,474.8180029179513
2016-06-07,7,0,7,100.0,474.7426626835905
2016-06-08,7,0,7,100.0,473.5654083460872
2016-06-09,7,0,7,100.0,473.43975179446477
2016-06-10,7,0,7,100.0,470.7515320505927
2016-06-13,7,0,7,100.0,475.1235842623222
2016-06-14,7,0,7,100.0,473.50657286313725
2016-06-15,7,0,7,100.0,476.93972816596784
2016-06-16,7,0,7,100.0,474.5617590970702
2016-06-17,7,0,7,100.0,473.41747638975266
2016-06-20,7,0,7,100.0,474.73726828271765
2016-06-21,7,0,7,100.0,474.3183767662648
2016-06-22,7,0,7,100.0,473.5199433565326
2016-06-23,7,0,7,100.0,471.348916447033
2016-06-24,7,0,7,100.0,469.4518171565414
2016-06-27,7,0,7,100.0,475.79914493702455
2016-06-28,7,0,7,100.0,476.44403132555766
2016-06-29,7,0,7,100.0,486.66153697020087
2016-06-30,7,0,7,100.0,492.4082682197331
2016-07-01,7,0,7,100.0,495.08475143552715
2016-07-04,7,0,7,100.0,496.7256005927396
2016-07-05,7,0,7,100.0,495.8248196577361
2016-07-07,7,0,7,100.0,496.86144169636435
2016-07-08,7,0,7,100.0,495.28465641360765
2016-07-11,7,0,7,100.0,503.0152312371605
2016-07-12,7,0,7,100.0,505.08566479154933
2016-07-13,7,0,7,100.0,506.881824692221
2016-07-14,7,0,7,100.0,515.4782625912426
2016-07-15,7,0,7,100.0,518.8419564806615
2016-07-18,7,0,7,100.0,514.7952913325686
2016-07-19,7,0,7,100.0,516.5267184131347
2016-07-20,7,0,7,100.0,521.3031497139759
2016-07-21,7,0,7,100.0,522.1988134171866
2016-07-22,7,0,7,100.0,525.7939767512728
2016-07-25,7,0,7,100.0,532.6298448602588
2016-07-26,7,0,7,100.0,520.6304246599526
2016-07-27,7,0,7,100.0,522.3637961683602
2016-07-28,7,0,7,100.0,529.9455895828002
2016-07-29,7,0,7,100.0,530.752858899111
2016-08-01,7,0,7,100.0,535.4437545661862
2016-08-02,7,0,7,100.0,530.3246610653609
2016-08-03,7,0,7,100.0,529.4522389009179
2016-08-04,7,0,7,100.0,528.7817357458406
2016-08-05,7,0,7,100.0,534.9848404829901
2016-08-08,7,0,7,100.0,539.5831133667307
2016-08-09,7,0,7,100.0,542.7656513937691
2016-08-10,7,0,7,100.0,540.1534930566817
2016-08-11,7,0,7,100.0,540.8958317796868
2016-08-12,7,0,7,100.0,544.8621691980693
2016-08-16,7,0,8,100.0,543.4046948556716
2016-08-17,7,0,8,100.0,548.8406521467151
2016-08-18,7,0,8,100.0,556.1391198452346
2016-08-19,7,0,8,100.0,556.6952303077044
2016-08-22,7,0,8,100.0,555.2139509958823
2016-08-23,7,0,8,100.0,555.8521001393514
2016-08-24,7,0,8,100.0,553.0503874975988
2016-08-25,7,0,8,100.0,551.6553254999944
2016-08-26,7,0,8,100.0,550.8048676815548
2016-08-29,7,0,8,100.0,551.778080460389
2016-08-30,7,0,8,100.0,562.7803187789636
2016-08-31,7,0,8,100.0,574.0973393714502
2016-09-01,7,0,8,100.0,576.3714688674983
2016-09-02,7,0,8,100.0,579.6615095539794
2016-09-06,7,0,8,100.0,582.4403382344902
2016-09-07,7,0,8,100.0,581.3142851900321
2016-09-08,7,0,8,100.0,587.6617418067798
2016-09-09,7,0,8,100.0,581.4095178657392
2016-09-12,7,0,8,100.0,564.3340519697812
2016-09-14,7,0,8,100.0,574.535203459235
2016-09-15,7,0,8,100.0,572.2444145853478
2016-09-16,7,0,8,100.0,569.117305905075
2016-09-19,7,0,8,100.0,574.8676652461688
2016-09-20,7,0,8,100.0,579.1558779001925
2016-09-21,7,0,8,100.0,578.4464924466417
2016-09-22,7,0,8,100.0,582.3527906148693
2016-09-23,7,0,8,100.0,595.7189318231265
2016-09-26,7,0,8,100.0,591.7811496361023
2016-09-27,7,0,8,100.0,589.3377380443729
2016-09-28,7,0,8,100.0,592.8000992686513
2016-09-29,7,0,8,100.0,572.1483071201633
2016-09-30,7,0,8,100.0,586.9618940685933
2016-10-03,7,0,8,100.0,612.6419722841348
2016-10-04,7,0,8,100.0,622.0207388222061
2016-10-05,7,0,8,100.0,630.2425482804041
2016-10-06,7,0,8,100.0,625.7698423879897
2016-10-07,7,0,8,100.0,616.7309280230011
2016-10-10,7,0,8,100.0,618.5563092271068
2016-10-13,7,0,8,100.0,617.8061326402369
2016-10-14,7,0,8,100.0,618.6728432932257
2016-10-17,7,0,8,100.0,609.8424918431754
2016-10-18,7,0,8,100.0,619.8585306006418
2016-10-19,7,0,8,100.0,626.3184051449334
2016-10-20,7,0,8,100.0,637.584416887355
2016-10-21,7,0,8,100.0,640.4258417288934
2016-10-24,7,0,8,100.0,642.3259717923645
2016-10-25,7,0,8,100.0,643.5366815703794
2016-10-26,7,0,8,100.0,637.6696365628809
2016-10-27,7,0,8,100.0,626.9080365384543
2016-10-28,7,0,8,100.0,633.4226580323946
2016-10-30,7,0,8,100.0,638.0129354346221
2016-11-01,7,0,8,100.0,631.159976651931
2016-11-02,7,0,8,100.0,617.2833948293063
2016-11-03,7,0,8,100.0,615.8299076407498
2016-11-04,7,0,8,100.0,601.7144267062998
2016-11-07,7,0,8,100.0,606.0308817874039
2016-11-08,7,0,8,100.0,603.3444395117981
2016-11-09,7,0,8,100.0,600.8641214021799
2016-11-10,7,0,8,100.0,610.3466332384968
2016-11-11,6,1,8,85.71428571428571,590.033821937948
2016-11-15,6,1,8,85.71428571428571,562.8607515218063
2016-11-16,6,1,8,85.71428571428571,554.1853299274293
2016-11-17,6,1,8,85.71428571428571,551.3211939727533
2016-11-18,6,1,8,85.71428571428571,545.3898384399149
2016-11-21,6,1,8,85.71428571428571,526.8997716753524
2016-11-22,6,1,8,85.71428571428571,539.4017495924109
2016-11-23,6,1,8,85.71428571428571,546.7728697029979
2016-11-24,6,1,8,85.71428571428571,546.6718931195741
2016-11-25,6,1,8,85.71428571428571,565.7968798217868
2016-11-28,6,1,8,85.71428571428571,565.8819458288453
2016-11-29,6,1,8,85.71428571428571,569.2543917926516
2016-11-30,6,1,8,85.71428571428571,575.3127463497673
2016-12-01,6,1,8,85.71428571428571,568.760230521397
2016-12-02,6,1,8,85.71428571428571,558.6293164170567
2016-12-05,6,1,8,85.71428571428571,558.1237468074825
2016-12-06,6,1,8,85.71428571428571,561.623871074172
2016-12-07,6,1,8,85.71428571428571,561.6355537349258
2016-12-08,6,1,8,85.71428571428571,568.8589669270534
2016-12-09,6,1,8,85.71428571428571,572.2218167794509
2016-12-12,6,1,8,85.71428571428571,561.0049200887338
2016-12-13,6,1,8,85.71428571428571,556.9608763737838
2016-12-14,6,1,8,85.71428571428571,558.6975128594862
2016-12-15,6,1,8,85.71428571428571,558.2522402677105
2016-12-16,6,1,8,85.71428571428571,558.3558718368682
2016-12-19,6,1,8,85.71428571428571,555.0672011829397
2016-12-20,6,1,8,85.71428571428571,553.1218831730532
2016-12-21,5,2,8,71.42857142857143,552.8259017317066
2016-12-22,5,2,8,71.42857142857143,546.7234122296813
2016-12-23,5,2,8,71.42857142857143,543.8392838722312
2016-12-26,3,4,8,42.857142857142854,530.0404132839402
2016-12-27,5,2,8,71.42857142857143,536.6287380939941
2016-12-28,5,2,8,71.42857142857143,540.8507355665187
2016-12-29,5,2,8,71.42857142857143,545.2949367116867
2016-12-30,5,2,8,71.42857142857143,552.0359915796334
2017-01-02,5,2,8,71.42857142857143,555.1183697141297
2017-01-03,6,1,8,85.71428571428571,565.1325992120437
2017-01-04,6,1,8,85.71428571428571,569.76237218328
2017-01-05,6,1,8,85.71428571428571,577.1383288606643
2017-01-06,6,1,8,85.71428571428571,579.8991753241273
2017-01-09,6,1,8,85.71428571428571,583.736341214665
2017-01-10,6,1,8,85.71428571428571,589.59071047168
2017-01-11,6,1,8,85.71428571428571,599.3715728487792
2017-01-12,6,1,8,85.71428571428571,599.1914421170753
2017-01-13,6,1,8,85.71428571428571,594.3570402162882
2017-01-16,6,1,8,85.71428571428571,600.5251904775586
2017-01-17,6,1,8,85.71428571428571,602.1447579705216
2017-01-18,6,1,8,85.71428571428571,607.8146351113975
2017-01-19,6,1,8,85.71428571428571,607.0537714946261
2017-01-20,6,1,8,85.71428571428571,596.8004031610651
2017-01-23,6,1,8,85.71428571428571,595.2655741666244
2017-01-24,6,1,8,85.71428571428571,606.8225229117471
2017-01-25,7,0,8,100.0,618.2960801219378
2017-01-27,7,0,8,100.0,622.8446884509768
2017-01-30,7,0,8,100.0,622.2306116223078
2017-01-31,7,0,8,100.0,616.2927728334336
2017-02-01,7,0,8,100.0,624.4734783557626
2017-02-02,7,0,8,100.0,631.6450477861752
2017-02-03,7,0,8,100.0,641.2861661944704
2017-02-06,6,1,8,85.71428571428571,646.7341022508814
2017-02-07,7,0,8,100.0,646.8095719400505
2017-02-08,6,1,8,85.71428571428571,642.2314913132643
2017-02-09,6,1,8,85.71428571428571,637.9834505392665
2017-02-10,6,1,8,85.71428571428571,637.3492822052402
2017-02-13,7,0,8,100.0,626.2422969227575
2017-02-14,6,1,8,85.71428571428571,621.6570303163965
2017-02-15,5,2,8,71.42857142857143,605.8063387737369
2017-02-16,6,1,8,85.71428571428571,615.029118213316
2017-02-17,7,0,8,100.0,621.4544269518442
2017-02-20,7,0,8,100.0,623.2367280821006
2017-02-21,7,0,8,100.0,622.822535382849
2017-02-22,7,0,8,100.0,617.0422788519068
2017-02-23,7,0,8,100.0,611.1020988755458
2017-02-27,7,0,8,100.0,613.700074191168
2017-02-28,7,0,8,100.0,612.7979821504181
2017-03-01,7,0,8,100.0,617.4818288129544
2017-03-02,7,0,8,100.0,620.274378710509
2017-03-03,6,1,8,85.71428571428571,617.8924051554062
2017-03-06,6,1,8,85.71428571428571,617.2856878645414
2017-03-07,6,1,8,85.71428571428571,614.6015915023304
2017-03-08,6,1,8,85.71428571428571,615.8494436502286
2017-03-09,7,0,8,100.0,622.846565927736
2017-03-10,7,0,8,100.0,619.4438892364823
2017-03-14,7,0,8,100.0,629.2474011457778
2017-03-15,7,0,8,100.0,633.083250499674
2017-03-16,7,0,8,100.0,634.941426668486
2017-03-17,7,0,8,100.0,638.4199736098349
2017-03-20,7,0,8,100.0,639.9917866826632
2017-03-21,7,0,8,100.0,640.5805106690534
2017-03-22,7,0,8,100.0,635.2962350755788
2017-03-23,8,0,8,100.0,634.7212200289812
2017-03-24,8,0,8,100.0,639.9650585338983
2017-03-27,8,0,8,100.0,640.9222065116745
2017-03-28,8,0,8,100.0,639.8889025476485
2017-03-29,8,0,8,100.0,640.2249653537692
2017-03-30,8,0,8,100.0,642.5673285603841
2017-03-31,8,0,8,100.0,654.52532169556
2017-04-03,8,0,8,100.0,667.6424891758032
2017-04-05,8,0,8,100.0,676.3145715858328
2017-04-06,8,0,8,100.0,671.6953213577673
2017-04-07,8,0,8,100.0,675.4027930279203
2017-04-10,8,0,8,100.0,676.1963490314618
2017-04-11,8,0,8,100.0,685.7553226084867
2017-04-12,8,0,8,100.0,681.0837619234953
2017-04-13,8,0,8,100.0,680.2907994742724
2017-04-17,8,0,8,100.0,681.8780006664151
2017-04-18,8,0,8,100.0,679.898398548087
2017-04-19,8,0,8,100.0,683.8409626730293
2017-04-20,8,0,8,100.0,689.8938980574408
2017-04-21,8,0,8,100.0,692.3442451722005
2017-04-24,8,0,8,100.0,699.6724725433891
2017-04-25,8,0,8,100.0,707.8000118815237
2017-04-26,8,0,8,100.0,702.8774275080076
2017-04-27,8,0,8,100.0,713.1519226322508
2017-04-28,8,0,8,100.0,709.9731841723008
2017-05-02,8,0,8,100.0,702.2540004928417
2017-05-03,8,0,8,100.0,707.0764457362667
2017-05-04,8,0,8,100.0,709.9186892822881
2017-05-05,8,0,8,100.0,712.7616259074479
2017-05-08,8,0,8,100.0,715.2793721509756
2017-05-09,8,0,8,100.0,717.5829076807654
2017-05-10,8,0,8,100.0,721.5643969257937
2017-05-11,8,0,8,100.0,722.9979602338022
2017-05-12,8,0,8,100.0,723.2473689908346
2017-05-15,7,1,8,87.5,735.4638807301463
2017-05-16,7,1,8,87.5,745.9479722805174
2017-05-17,8,0,8,100.0,739.4787680775621
2017-05-18,7,1,8,87.5,730.6215466561594
2017-05-19,7,1,8,87.5,721.8586017613958
2017-05-22,7,1,8,87.5,712.8583090701712
2017-05-23,6,2,8,75.0,698.0776498700868
2017-05-24,6,2,8,75.0,684.6783319992988
2017-05-25,6,2,8,75.0,696.9878956915898
2017-05-26,7,1,8,87.5,709.5447618278783
2017-05-29,6,2,8,75.0,703.9957290075849
2017-05-30,6,2,8,75.0,709.3888551699681
2017-05-31,6,2,8,75.0,710.1529773131165
2017-06-01,6,2,8,75.0,708.4404944994164
2017-06-02,6,2,8,75.0,720.2255607136108
2017-06-05,7,1,8,87.5,725.3104117950293
2017-06-06,6,2,8,75.0,721.8069099098673
2017-06-07,6,2,8,75.0,724.3583865487184
2017-06-08,7,1,8,87.5,731.3822562084364
2017-06-09,7,1,8,87.5,735.2401222937235
2017-06-12,6,2,8,75.0,730.9656913586978
2017-06-13,6,2,8,75.0,738.009590610919
2017-06-14,6,2,8,75.0,737.9951769019881
2017-06-15,6,2,8,75.0,742.2171956711283
2017-06-16,6,2,8,75.0,749.7931716607101
2017-06-19,6,2,8,75.0,762.4093534386006
2017-06-20,6,2,8,75.0,760.3403240700543
2017-06-21,6,2,8,75.0,757.1948035385005
2017-06-22,6,2,8,75.0,753.1491878110535
2017-06-23,6,2,8,75.0,750.0621243028064
2017-06-27,6,2,8,75.0,740.2703175105707
2017-06-28,6,2,8,75.0,738.1929293668107
2017-06-29,6,2,8,75.0,747.3935789885809
2017-06-30,6,2,8,75.0,755.0846224156236
2017-07-03,6,2,8,75.0,763.4630604631988
2017-07-04,6,2,8,75.0,754.7595180859249
2017-07-05,6,2,8,75.0,758.3695273804374
2017-07-06,6,2,8,75.0,762.1109718174627
2017-07-07,6,2,8,75.0,757.1330136622076
2017-07-10,6,2,8,75.0,762.1880322821935
2017-07-11,6,2,8,75.0,763.1824740555854
2017-07-12,6,2,8,75.0,768.9611101042229
2017-07-13,6,2,8,75.0,774.9321232202095
2017-07-14,6,2,8,75.0,768.4311588985069
2017-07-17,6,2,8,75.0,765.9691158967764
2017-07-18,6,2,8,75.0,759.6175994057661
2017-07-19,6,2,8,75.0,765.2675882265672
2017-07-20,6,2,8,75.0,767.6545762344288
2017-07-21,5,3,8,62.5,767.0606598128008
2017-07-24,5,3,8,62.5,760.6418050159259
2017-07-25,5,3,8,62.5,762.3447911939282
2017-07-26,5,3,8,62.5,773.1810533016335
2017-07-27,5,3,8,62.5,765.1789934744213
2017-07-28,5,3,8,62.5,766.6407931453924
2017-07-31,5,3,8,62.5,766.8011966679832
2017-08-01,5,3,8,62.5,770.3136622365317
2017-08-02,5,3,8,62.5,768.7430955709738
2017-08-03,5,3,8,62.5,756.9139117143059
2017-08-04,5,3,8,62.5,760.1931259384789
2017-08-07,5,3,8,62.5,766.11908579898
2017-08-08,5,3,8,62.5,759.8039163900895
2017-08-09,5,3,8,62.5,735.0557465969277
2017-08-10,5,3,8,62.5,713.3225001287456
2017-08-11,5,3,8,62.5,717.4075589301752
2017-08-14,5,3,8,62.5,731.3345501919146
2017-08-16,5,3,8,62.5,739.2438430744497
2017-08-17,5,3,8,62.5,738.3440474855357
2017-08-18,5,3,8,62.5,741.678124731493
2017-08-21,5,3,8,62.5,743.8765213934037
2017-08-22,5,3,8,62.5,740.3588748450221
2017-08-23,5,3,8,62.5,745.0542709847201
2017-08-24,5,3,8,62.5,749.3346583128747
2017-08-28,5,3,8,62.5,763.5106517545249
2017-08-29,5,3,8,62.5,753.2682026472806
2017-08-30,5,3,8,62.5,764.3619710652345
2017-08-31,5,3,8,62.5,781.0389760942529
2017-09-01,5,3,8,62.5,792.0976864260361
2017-09-04,5,3,8,62.5,787.7482048782584
2017-09-05,5,3,8,62.5,793.1925088828841
2017-09-06,5,3,8,62.5,790.4263022407683
2017-09-07,5,3,8,62.5,789.8632378372567
2017-09-08,5,3,8,62.5,783.6515457174656
2017-09-11,5,3,8,62.5,785.5312814679128
2017-09-12,6,2,8,75.0,791.7584047498581
2017-09-13,5,3,8,62.5,779.6737384193284
2017-09-14,5,3,8,62.5,783.2719345640974
2017-09-15,5,3,8,62.5,801.5513139114944
2017-09-18,7,1,8,87.5,818.7286830539387
2017-09-19,7,1,8,87.5,828.968171209889
2017-09-20,7,1,8,87.5,825.5402528782863
2017-09-21,7,1,8,87.5,829.3110259959791
2017-09-22,6,2,8,75.0,816.7625718900595
2017-09-25,5,3,8,62.5,802.6059612485542
2017-09-26,6,2,8,75.0,823.2449896456595
2017-09-27,5,3,8,62.5,813.7903023377555
2017-09-28,5,3,8,62.5,822.2618637855966
2017-09-29,6,2,8,75.0,837.4376558723264
2017-10-03,6,2,8,75.0,832.5517168749877
2017-10-04,6,2,8,75.0,837.5946635828554
2017-10-05,6,2,8,75.0,861.9906231265929
2017-10-06,5,3,8,62.5,864.2529203067236
2017-10-09,7,1,8,87.5,883.6077104667604
2017-10-10,7,1,8,87.5,886.5391792336285
2017-10-11,7,1,8,87.5,888.4360497734173
2017-10-12,7,1,8,87.5,898.1182107717823
2017-10-13,7,1,8,87.5,893.0112956979881
2017-10-16,7,1,8,87.5,886.3573023915638
2017-10-17,7,1,8,87.5,892.5790040148327
2017-10-18,7,1,8,87.5,886.7714820952676
2017-10-19,7,1,8,87.5,884.4938452325428
2017-10-23,7,1,8,87.5,884.7699566595745
2017-10-24,7,1,8,87.5,887.2419232630605
2017-10-25,7,1,8,87.5,871.4806176159294
2017-10-26,7,1,8,87.5,885.362481552665
2017-10-27,7,1,8,87.5,889.890949652794
2017-10-30,8,0,8,100.0,912.0624454004485
2017-10-31,8,0,8,100.0,910.9116230238224
2017-11-01,7,1,8,87.5,903.8303262276548
2017-11-02,8,0,8,100.0,905.5206448911346
2017-11-03,8,0,8,100.0,915.1441920227206
2017-11-06,8,0,8,100.0,904.4683741825013
2017-11-07,8,0,8,100.0,885.8889251034112
2017-11-08,8,0,8,100.0,883.0096528661638
2017-11-09,8,0,8,100.0,901.8821995606206
2017-11-10,8,0,8,100.0,907.1425892956363
2017-11-13,8,0,8,100.0,908.031307574304
2017-11-14,8,0,8,100.0,903.0709369116813
2017-11-15,8,0,8,100.0,895.5269270153619
2017-11-16,8,0,8,100.0,902.7017239032779
2017-11-17,8,0,8,100.0,907.7063738338044
2017-11-20,8,0,8,100.0,912.7677991592012
2017-11-21,8,0,8,100.0,917.3279970467304
2017-11-22,8,0,8,100.0,927.2387869215632
2017-11-23,8,0,8,100.0,936.3674982926176
2017-11-24,8,0,8,100.0,929.1510482106469
2017-11-27,8,0,8,100.0,932.6434725563757
2017-11-28,8,0,8,100.0,933.3135995147629
2017-11-29,8,0,8,100.0,934.2915532575903
2017-11-30,8,0,8,100.0,933.5806256408855
2017-12-01,8,0,8,100.0,933.3193490568226
2017-12-04,8,0,8,100.0,918.776564963938
2017-12-05,8,0,8,100.0,918.7504401688456
2017-12-06,8,0,8,100.0,915.2223607989001
2017-12-07,8,0,8,100.0,919.0633901460844
2017-12-08,8,0,8,100.0,928.0587444901474
2017-12-11,8,0,8,100.0,933.3944443272711
2017-12-12,8,0,8,100.0,931.1693544248752
2017-12-13,8,0,8,100.0,922.219747684532
2017-12-14,8,0,8,100.0,917.8893104690067
2017-12-15,8,0,8,100.0,939.9137393708211
2017-12-18,8,0,8,100.0,954.1001469749846
2017-12-19,8,0,8,100.0,972.5268104854864
2017-12-20,8,0,8,100.0,986.0203664143295
2017-12-21,8,0,8,100.0,1003.9765220976532
2017-12-22,8,0,8,100.0,1022.9305380019962
2017-12-26,8,0,8,100.0,1025.8733796675315
2017-12-27,8,0,8,100.0,1011.3046068903102
2017-12-28,8,0,8,100.0,1007.0267465051746
2017-12-29,8,0,8,100.0,1016.3625782876741
2018-01-01,8,0,8,100.0,1014.8249039782437
2018-01-02,8,0,8,100.0,1018.4020216577165
2018-01-03,8,0,8,100.0,1030.6236981232958
2018-01-04,8,0,8,100.0,1038.085203428098
2018-01-05,8,0,8,100.0,1045.4385405179441
2018-01-08,8,0,8,100.0,1074.4203729024357
2018-01-09,8,0,8,100.0,1081.8842897696036
2018-01-10,8,0,8,100.0,1074.7414130179625
2018-01-11,8,0,8,100.0,1078.4261104321051
2018-01-12,8,0,8,100.0,1086.0533381405924
2018-01-15,8,0,8,100.0,1092.75266020726
2018-01-16,8,0,8,100.0,1081.507876326843
2018-01-17,8,0,8,100.0,1073.376024655663
2018-01-18,8,0,8,100.0,1062.077755632552
2018-01-19,8,0,8,100.0,1059.1883330214773
2018-01-22,8,0,8,100.0,1075.5372526623185
2018-01-23,8,0,8,100.0,1073.0493910556875
2018-01-24,8,0,8,100.0,1060.4628866567577
2018-01-25,8,0,8,100.0,1054.8995023109426
2018-01-29,8,0,8,100.0,1038.787847281265
2018-01-30,8,0,8,100.0,1028.6842573835459
2018-01-31,8,0,8,100.0,1022.0124582369358
2018-02-01,8,0,8,100.0,1036.3763314025869
2018-02-02,8,0,8,100.0,992.6252720641196
2018-02-05,8,0,8,100.0,997.2791840436919
2018-02-06,7,1,8,87.5,975.2845845327197
2018-02-07,7,1,8,87.5,995.9612524063551
2018-02-08,7,1,8,87.5,1013.7410482397618
2018-02-09,7,1,8,87.5,1016.4811176349272
2018-02-12,8,0,8,100.0,1029.8526960112201
2018-02-14,8,0,8,100.0,1037.607203686788
2018-02-15,8,0,8,100.0,1026.5000404209545
2018-02-16,8,0,8,100.0,1019.7252824346224
2018-02-19,8,0,8,100.0,1013.4937018760704
2018-02-20,8,0,8,100.0,1006.1012069279487
2018-02-21,8,0,8,100.0,1001.8269560688427
2018-02-22,8,0,8,100.0,994.7222906715446
2018-02-23,8,0,8,100.0,1011.4058675006241
2018-02-26,8,0,8,100.0,1026.07691940559
2018-02-27,8,0,8,100.0,1025.258312246046
2018-02-28,8,0,8,100.0,1026.3130315426286
2018-03-01,8,0,8,100.0,1022.6457465446888
2018-03-05,8,0,8,100.0,1016.6621634228537
2018-03-06,8,0,8,100.0,1013.8129991745556
2018-03-07,8,0,8,100.0,987.5838514903636
2018-03-08,8,0,8,100.0,987.870268916868
2018-03-09,8,0,8,100.0,992.111545330179
2018-03-12,8,0,8,100.0,994.3535194477748
2018-03-13,8,0,8,100.0,999.0636685143437
2018-03-14,8,0,8,100.0,1004.7264676652516
2018-03-15,8,0,8,100.0,1015.4143112681709
2018-03-16,7,1,8,87.5,1005.3908756113364
2018-03-19,8,0,8,100.0,993.974087039188
2018-03-20,8,0,8,100.0,990.3753123653426
2018-03-21,7,1,8,87.5,996.0110521130732
2018-03-22,7,1,8,87.5,992.1981823002208
2018-03-23,8,0,8,100.0,980.7207609015436
2018-03-26,8,0,8,100.0,992.2946607007749
2018-03-27,8,0,8,100.0,1014.9131779253432
2018-03-28,8,0,8,100.0,1005.4246323654764
2018-04-02,8,0,8,100.0,1027.1727979996444
2018-04-03,8,0,8,100.0,1039.0595741687132
2018-04-04,8,0,8,100.0,1022.9908666987875
2018-04-05,8,0,8,100.0,1043.0016667882467
2018-04-06,8,0,8,100.0,1040.9107049258955
2018-04-09,8,0,8,100.0,1041.5998663331716
2018-04-10,8,0,8,100.0,1037.7703766575687
2018-04-11,8,0,8,100.0,1034.3549931625835
2018-04-12,8,0,8,100.0,1035.679489040626
2018-04-13,8,0,8,100.0,1039.1226807069963
2018-04-16,8,0,8,100.0,1049.7864526624592
2018-04-17,8,0,8,100.0,1049.906180655081
2018-04-18,8,0,8,100.0,1051.0121425502984
2018-04-19,8,0,8,100.0,1060.5047551962803
2018-04-20,8,0,8,100.0,1060.6524742645588
2018-04-23,8,0,8,100.0,1073.3190449214383
2018-04-24,8,0,8,100.0,1080.8252695768083
2018-04-25,8,0,8,100.0,1068.9887851660974
2018-04-26,8,0,8,100.0,1083.9237540605654
2018-04-27,8,0,8,100.0,1095.095317926528
2018-04-30,8,0,8,100.0,1102.1284234723007
2018-05-02,8,0,8,100.0,1089.6243640620035
2018-05-03,7,1,8,87.5,1073.575244073367
2018-05-04,7,1,8,87.5,1068.219158725274
2018-05-07,7,1,8,87.5,1055.9255518441976
2018-05-08,7,1,8,87.5,1087.7300192720834
2018-05-09,7,1,8,87.5,1074.4570457520283
2018-05-10,7,1,8,87.5,1062.3993157433235
2018-05-11,7,1,8,87.5,1072.2317983558935
2018-05-14,7,1,8,87.5,1063.7742933605737
2018-05-15,7,1,8,87.5,1056.2923277394473
2018-05-16,5,3,8,62.5,1052.0638941207912
2018-05-17,5,3,8,62.5,1047.6459144743883
2018-05-18,6,2,8,75.0,1025.9607391831996
2018-05-21,6,2,8,75.0,1009.2020827430881
2018-05-22,6,2,8,75.0,1022.4977086752583
2018-05-23,5,3,8,62.5,1013.2541982723515
2018-05-24,4,4,8,50.0,1010.2321841561225
2018-05-25,6,2,8,75.0,1024.0682748449897
2018-05-28,5,3,8,62.5,1030.8459763381904
2018-05-29,5,3,8,62.5,1026.4547033546203
2018-05-30,5,3,8,62.5,1030.744518559788
2018-05-31,5,3,8,62.5,1028.0207326739164
2018-06-01,5,3,8,62.5,1000.1203449179462
2018-06-04,4,4,8,50.0,987.996997943384
2018-06-05,4,4,8,50.0,967.5041429648246
2018-06-06,4,4,8,50.0,975.0582201900091
2018-06-07,5,3,8,62.5,995.214241541492
2018-06-08,5,3,8,62.5,993.5317084166526
2018-06-11,5,3,8,62.5,990.5032358911695
2018-06-12,5,3,8,62.5,1000.5505674050991
2018-06-13,4,4,8,50.0,1009.1257169901044
2018-06-14,5,3,8,62.5,1015.1250160809717
2018-06-15,5,3,8,62.5,1017.6920933626516
2018-06-18,5,3,8,62.5,1009.9151416200572
2018-06-19,4,4,8,50.0,992.541440040129
2018-06-20,4,4,8,50.0,993.853201075659
2018-06-21,4,4,8,50.0,989.9668449963366
2018-06-22,4,4,8,50.0,982.1973228122939
2018-06-25,4,4,8,50.0,977.9193376128543
2018-06-26,4,4,8,50.0,975.4348331036482
2018-06-27,4,4,8,50.0,957.6317093037997
2018-06-28,3,5,8,37.5,946.6850201733884
2018-06-29,4,4,8,50.0,960.8400062237826
2018-07-02,4,4,9,50.0,948.9342742272578
2018-07-03,4,4,9,50.0,957.3659282155509
2018-07-04,3,5,9,37.5,964.2756956869761
2018-07-05,3,5,9,37.5,958.0139142877421
2018-07-06,3,5,9,37.5,958.7175796670788
2018-07-09,4,4,9,50.0,969.8012190372857
2018-07-10,4,4,9,50.0,982.1051297897835
2018-07-11,4,4,9,50.0,979.2147793840816
2018-07-12,3,5,9,37.5,976.0474622398233
2018-07-13,3,5,9,37.5,965.4545814065889
2018-07-16,3,5,9,37.5,944.1750757228627
2018-07-17,3,5,9,37.5,952.4098796088987
2018-07-18,3,5,9,37.5,941.2309856539113
2018-07-19,3,5,9,37.5,932.4261414121421
2018-07-20,3,5,9,37.5,925.3344859378419
2018-07-23,3,5,9,37.5,931.5059999518878
2018-07-24,3,5,9,37.5,953.0717606505972
2018-07-25,3,5,9,37.5,969.6940685395296
2018-07-26,3,5,9,37.5,970.8500662862838
2018-07-27,3,5,9,37.5,988.8473450736271
2018-07-30,4,4,9,50.0,995.137096741221
2018-07-31,4,4,9,50.0,1003.772826596514
2018-08-01,4,4,9,50.0,1002.4551303852924
2018-08-02,3,5,9,37.5,1007.2342973978843
2018-08-03,3,5,9,37.5,1019.7589064720029
2018-08-06,4,4,9,50.0,1014.6505349083432
2018-08-07,4,4,9,50.0,1027.276204888651
2018-08-08,4,4,9,50.0,1040.6691395844673
2018-08-09,5,3,9,62.5,1063.498644380196
2018-08-10,5,3,9,62.5,1054.0378350628189
2018-08-13,4,4,9,50.0,1045.5916573885327
2018-08-14,5,3,9,62.5,1048.8117854015013
2018-08-16,5,3,9,62.5,1049.0764876483543
2018-08-17,5,3,9,62.5,1053.9001977062956
2018-08-20,5,3,9,62.5,1049.5417269605186
2018-08-21,5,3,9,62.5,1058.8704425154172
2018-08-23,5,3,9,62.5,1067.0871178244665
2018-08-24,5,3,9,62.5,1062.7859374297764
2018-08-27,5,3,9,62.5,1066.0894168238272
2018-08-28,5,3,9,62.5,1058.320673647024
2018-08-29,5,3,9,62.5,1061.6221506454447
2018-08-30,5,3,9,62.5,1076.207332139645
2018-08-31,5,3,9,62.5,1086.1623310853695
2018-09-03,5,3,9,62.5,1087.092359974487
2018-09-04,5,3,9,62.5,1072.2866216695484
2018-09-05,5,3,9,62.5,1078.3832325559026
2018-09-06,6,2,9,75.0,1091.8953458845192
2018-09-07,6,2,9,75.0,1099.917343987033
2018-09-10,6,2,9,75.0,1083.3437621112173
2018-09-11,5,3,9,62.5,1063.8663992391805
2018-09-12,6,2,9,75.0,1073.662384306524
2018-09-14,6,2,9,75.0,1098.9542128116154
2018-09-17,6,2,9,75.0,1095.3931626606973
2018-09-18,6,2,9,75.0,1084.7033508246993
2018-09-19,5,3,9,62.5,1088.6349549915674
2018-09-21,5,3,9,62.5,1075.9198256654117
2018-09-24,4,4,9,50.0,1058.0926922311364
2018-09-25,4,4,9,50.0,1057.385702550314
2018-09-26,3,5,9,37.5,1065.2167168829105
2018-09-27,3,5,9,37.5,1054.4861753369246
2018-09-28,3,5,9,37.5,1029.0523109225132
2018-10-01,3,5,9,37.5,1017.9775734651325
2018-10-03,2,6,9,25.0,1018.4412688110607
2018-10-04,2,6,9,25.0,1002.2248373707438
2018-10-05,2,6,9,25.0,987.6602024329403
2018-10-08,3,5,9,37.5,991.6283580508456
2018-10-09,2,6,9,25.0,988.3523996723634
2018-10-10,2,6,9,25.0,1020.3100501145755
2018-10-11,2,6,9,25.0,1006.5072716277026
2018-10-12,2,6,9,25.0,1033.3654962710843
2018-10-15,2,6,9,25.0,1038.123663052436
2018-10-16,2,6,9,25.0,1055.701246382673
2018-10-17,2,6,9,25.0,1034.4682740602113
2018-10-19,2,6,9,25.0,1024.9266336897801
2018-10-22,2,6,9,25.0,1011.5882495130411
2018-10-23,2,6,9,25.0,1005.4984262627022
2018-10-24,2,6,9,25.0,1009.8977030842825
2018-10-25,2,6,9,25.0,1007.5700226838263
2018-10-26,2,6,9,25.0,1008.051170604781
2018-10-29,2,6,9,25.0,1030.8661072822263
2018-10-30,2,6,9,25.0,1038.8337482269926
2018-10-31,3,5,9,37.5,1055.7150678818903
2018-11-01,3,5,9,37.5,1070.143378743555
2018-11-02,4,4,9,50.0,1090.7716798988208
2018-11-05,5,3,9,62.5,1091.2809839569836
2018-11-06,5,3,9,62.5,1106.2689746367507
2018-11-07,5,3,9,62.5,1114.656969419962
2018-11-09,7,1,9,87.5,1125.6687996758271
2018-11-12,7,1,9,87.5,1118.4382185524373
2018-11-13,6,2,9,75.0,1121.9849458056124
2018-11-14,6,2,9,75.0,1129.8703184816125
2018-11-15,6,2,9,75.0,1134.2108001474548
2018-11-16,6,2,9,75.0,1130.576049516981
2018-11-19,7,1,9,87.5,1141.581871258529
2018-11-20,7,1,9,87.5,1148.9822140598258
2018-11-21,7,1,9,87.5,1154.035386952714
2018-11-22,8,0,9,100.0,1158.2757206634406
2018-11-26,7,1,9,87.5,1151.7188065928049
2018-11-27,8,0,9,100.0,1163.7311863403083
2018-11-28,6,2,9,75.0,1148.2539818806001
2018-11-29,6,2,9,75.0,1142.987055200798
2018-11-30,7,1,9,87.5,1143.007906015737
2018-12-03,7,1,9,87.5,1141.0039850946298
2018-12-04,5,3,9,62.5,1142.5253989757464
2018-12-05,5,3,9,62.5,1134.5491224196865
2018-12-06,6,2,9,75.0,1125.3739126372543
2018-12-07,6,2,9,75.0,1123.3122921877302
2018-12-10,5,3,9,62.5,1098.8006562504095
2018-12-11,6,2,9,75.0,1115.6153216819669
2018-12-12,6,2,9,75.0,1138.4292262587178
2018-12-13,6,2,9,75.0,1141.4884069630848
2018-12-14,7,1,9,87.5,1144.5071964226725
2018-12-17,6,2,9,75.0,1143.8138466986609
2018-12-18,6,2,9,75.0,1139.1344090449325
2018-12-19,7,1,9,87.5,1156.4627814951218
2018-12-20,7,1,9,87.5,1159.4074563878855
2018-12-21,6,2,9,75.0,1136.3981417382304
2018-12-24,6,2,9,75.0,1109.4983828068127
2018-12-26,6,2,9,75.0,1106.3218121785305
2018-12-27,5,3,9,62.5,1109.2795685635247
2018-12-28,6,2,9,75.0,1112.8073779306997
2018-12-31,6,2,9,75.0,1121.2579308605707
2019-01-01,5,3,9,62.5,1123.0063072649991
2019-01-02,6,2,9,75.0,1123.602794400152
2019-01-03,6,2,9,75.0,1120.4687561557043
2019-01-04,6,2,9,75.0,1121.5861243373245
2019-01-07,5,3,9,62.5,1119.935638344644
2019-01-08,5,3,9,62.5,1121.1524555315418
2019-01-09,5,3,9,62.5,1122.4628455621382
2019-01-10,5,3,9,62.5,1128.951761687542
2019-01-11,5,3,9,62.5,1121.9364909706326
2019-01-14,5,3,9,62.5,1124.7426425104072
2019-01-15,6,2,9,75.0,1135.6839162919587
2019-01-16,6,2,9,75.0,1133.0553534090507
2019-01-17,5,3,9,62.5,1135.9341400985204
2019-01-18,5,3,9,62.5,1139.4487835446475
2019-01-21,5,3,9,62.5,1135.1608024610414
2019-01-22,5,3,9,62.5,1134.648093032972
2019-01-23,5,3,9,62.5,1135.6656103881328
2019-01-24,5,3,9,62.5,1128.0978034153225
2019-01-25,5,3,9,62.5,1103.555931348414
2019-01-28,5,3,9,62.5,1079.8034747682607
2019-01-29,5,3,9,62.5,1077.0470975562273
2019-01-30,5,3,9,62.5,1085.711686182561
2019-01-31,5,3,9,62.5,1105.1280657816742
2019-02-01,5,3,9,62.5,1106.6099357435394
2019-02-04,5,3,9,62.5,1106.0162195477417
2019-02-05,5,3,9,62.5,1092.1659236050243
2019-02-06,5,3,9,62.5,1109.5018994840514
2019-02-07,6,3,9,66.66666666666666,1120.3351426351146
2019-02-08,6,3,9,66.66666666666666,1106.5818904658013
2019-02-11,6,3,9,66.66666666666666,1097.166592971244
2019-02-12,6,3,9,66.66666666666666,1098.7102875790733
2019-02-13,6,3,9,66.66666666666666,1099.026102173663
2019-02-14,6,3,9,66.66666666666666,1098.2437062370952
2019-02-15,6,3,9,66.66666666666666,1088.5965838688724
2019-02-18,5,4,9,55.55555555555556,1058.5987413262187
2019-02-19,4,5,9,44.44444444444444,1052.288467705492
2019-02-20,4,5,9,44.44444444444444,1061.6714124694004
2019-02-21,5,4,9,55.55555555555556,1073.385910178317
2019-02-22,5,4,9,55.55555555555556,1082.842164994122
2019-02-25,6,3,9,66.66666666666666,1100.9223845580846
2019-02-26,6,3,9,66.66666666666666,1093.5161033424154
2019-02-27,6,3,9,66.66666666666666,1100.9537656973284
2019-02-28,6,3,9,66.66666666666666,1119.4525579701638
2019-03-01,6,3,9,66.66666666666666,1125.955650259059
2019-03-05,6,3,9,66.66666666666666,1154.0683265142125
2019-03-06,7,2,9,77.77777777777779,1167.8493229012622
2019-03-07,7,2,9,77.77777777777779,1166.473788066462
2019-03-08,7,2,9,77.77777777777779,1163.561323301203
2019-03-11,7,2,9,77.77777777777779,1175.9551657111895
2019-03-12,8,1,9,88.88888888888889,1185.8546973511889
2019-03-13,8,1,9,88.88888888888889,1184.9268481195766
2019-03-14,8,1,9,88.88888888888889,1184.0628736771123
2019-03-15,8,1,9,88.88888888888889,1186.5535189066895
2019-03-18,8,1,9,88.88888888888889,1198.8973725570913
2019-03-19,8,1,9,88.88888888888889,1205.7726708934495
2019-03-20,8,1,9,88.88888888888889,1199.6133619450459
2019-03-22,8,1,9,88.88888888888889,1203.9453022392458
2019-03-25,8,1,9,88.88888888888889,1194.1966386639006
2019-03-26,8,1,9,88.88888888888889,1216.4854397749496
2019-03-27,8,1,9,88.88888888888889,1232.0674314326977
2019-03-28,8,1,9,88.88888888888889,1233.155831211895
2019-03-29,8,1,9,88.88888888888889,1231.2569195602757
2019-04-01,8,1,9,88.88888888888889,1233.8263218198779
2019-04-02,8,1,9,88.88888888888889,1253.208836526832
2019-04-03,8,1,9,88.88888888888889,1253.0844123219963
2019-04-04,8,1,9,88.88888888888889,1252.0661775252454
2019-04-05,8,1,9,88.88888888888889,1261.9309509734371
2019-04-08,8,1,9,88.88888888888889,1253.0781408884743
2019-04-09,8,1,9,88.88888888888889,1248.8701679214264
2019-04-10,8,1,9,88.88888888888889,1248.2962772268015
2019-04-11,8,1,9,88.88888888888889,1247.082155931585
2019-04-12,8,1,9,88.88888888888889,1242.1491624624703
2019-04-15,8,1,9,88.88888888888889,1252.38975594304
2019-04-16,8,1,9,88.88888888888889,1255.010550416503
2019-04-18,8,1,9,88.88888888888889,1240.6737323192106
2019-04-22,8,1,9,88.88888888888889,1222.4607478932337
2019-04-23,8,1,9,88.88888888888889,1217.4342248149899
2019-04-24,8,1,9,88.88888888888889,1228.519487873284
2019-04-25,8,1,9,88.88888888888889,1232.7872834785876
2019-04-26,8,1,9,88.88888888888889,1243.273520570889
2019-04-30,8,1,9,88.88888888888889,1236.3608636252939
2019-05-02,8,1,9,88.88888888888889,1238.8424240351628
2019-05-03,8,1,9,88.88888888888889,1241.458434240155
2019-05-06,8,1,9,88.88888888888889,1244.9173606514264
2019-05-07,8,1,9,88.88888888888889,1234.6764228138475
2019-05-08,8,1,9,88.88888888888889,1216.2938096718672
2019-05-09,8,1,9,88.88888888888889,1212.2625070784109
2019-05-10,8,1,9,88.88888888888889,1219.1626597125005
2019-05-13,8,1,9,88.88888888888889,1208.6343932075547
2019-05-14,8,1,9,88.88888888888889,1217.4734234120874
2019-05-15,7,2,9,77.77777777777779,1243.95263315576
2019-05-16,7,2,9,77.77777777777779,1248.2994952097874
2019-05-17,7,2,9,77.77777777777779,1249.4236465492654
2019-05-20,8,1,9,88.88888888888889,1284.87309322733
2019-05-21,8,1,9,88.88888888888889,1286.8538118004583
2019-05-22,8,1,9,88.88888888888889,1288.6837949873905
2019-05-23,8,1,9,88.88888888888889,1290.9612176129438
2019-05-24,8,1,9,88.88888888888889,1312.9650493790732
2019-05-27,8,1,9,88.88888888888889,1341.0309579993266
2019-05-28,8,1,9,88.88888888888889,1341.7112636418203
2019-05-29,8,1,9,88.88888888888889,1330.7642232842638
2019-05-30,8,1,9,88.88888888888889,1341.3819992896351
2019-05-31,8,1,9,88.88888888888889,1359.9368189815375
2019-06-03,8,1,9,88.88888888888889,1369.5326209747054
2019-06-04,8,1,9,88.88888888888889,1371.1571157168435
2019-06-06,8,1,9,88.88888888888889,1352.772120463968
2019-06-07,8,1,9,88.88888888888889,1348.0330073734526
2019-06-10,8,1,9,88.88888888888889,1343.9151783966668
2019-06-11,8,1,9,88.88888888888889,1347.8775922569946
2019-06-12,8,1,9,88.88888888888889,1344.3018487837223
2019-06-13,8,1,9,88.88888888888889,1342.086629273737
2019-06-14,8,1,9,88.88888888888889,1343.033606773793
2019-06-17,8,1,9,88.88888888888889,1320.4022248356412
2019-06-18,8,1,9,88.88888888888889,1340.0590540025448
2019-06-19,8,1,9,88.88888888888889,1329.0160229099163
2019-06-20,8,1,9,88.88888888888889,1330.9772056944776
2019-06-21,8,1,9,88.88888888888889,1331.8369954046589
2019-06-24,8,1,9,88.88888888888889,1321.2159184620882
2019-06-25,8,1,9,88.88888888888889,1324.376158260178
2019-06-26,8,1,9,88.88888888888889,1328.3491950926418
2019-06-27,8,1,9,88.88888888888889,1330.1933540476994
2019-06-28,8,1,9,88.88888888888889,1335.3721975138176
2019-07-01,8,1,9,88.88888888888889,1344.1494817194766
2019-07-02,8,1,9,88.88888888888889,1353.6473565580636
2019-07-03,8,1,9,88.88888888888889,1345.9049915487906
2019-07-04,8,1,9,88.88888888888889,1347.6387317584524
2019-07-05,8,1,9,88.88888888888889,1333.1105017100774
2019-07-08,7,2,9,77.77777777777779,1307.9411232356858
2019-07-09,7,2,9,77.77777777777779,1294.8110182444593
2019-07-10,7,2,9,77.77777777777779,1274.5708088964332
2019-07-11,7,2,9,77.77777777777779,1278.3075547187318
2019-07-12,7,2,9,77.77777777777779,1278.7441573837648
2019-07-15,7,2,9,77.77777777777779,1273.1428394074055
2019-07-16,7,2,9,77.77777777777779,1280.398785148038
2019-07-17,7,2,9,77.77777777777779,1283.5861245516278
2019-07-18,7,2,9,77.77777777777779,1274.1030497869197
2019-07-19,7,2,9,77.77777777777779,1242.2930926035335
2019-07-22,7,2,9,77.77777777777779,1227.5938391991258
2019-07-23,7,2,9,77.77777777777779,1231.8530999037744
2019-07-24,7,2,9,77.77777777777779,1218.2409178772984
2019-07-25,7,2,9,77.77777777777779,1231.2698355048772
2019-07-26,7,2,9,77.77777777777779,1234.4045589171942
2019-07-29,7,2,9,77.77777777777779,1233.456314562206
2019-07-30,7,2,9,77.77777777777779,1228.3037393129882
2019-07-31,7,2,9,77.77777777777779,1237.4149049084317
2019-08-01,7,2,9,77.77777777777779,1229.1259165072859
2019-08-02,7,2,9,77.77777777777779,1225.136523855172
2019-08-05,7,2,9,77.77777777777779,1208.7829391804287
2019-08-06,7,2,9,77.77777777777779,1260.073071840042
2019-08-07,7,2,9,77.77777777777779,1268.0438298669342
2019-08-08,7,2,9,77.77777777777779,1280.1040244729847
2019-08-09,7,2,9,77.77777777777779,1291.5488006030198
2019-08-13,7,2,9,77.77777777777779,1275.2965968224783
2019-08-14,7,2,9,77.77777777777779,1276.9030639722746
2019-08-16,7,2,9,77.77777777777779,1265.4185017095638
2019-08-19,7,2,9,77.77777777777779,1272.5217300051872
2019-08-20,7,2,9,77.77777777777779,1262.6504208002539
2019-08-21,6,3,9,66.66666666666666,1258.5435133315063
2019-08-22,6,3,9,66.66666666666666,1244.294051673218
2019-08-23,6,3,9,66.66666666666666,1254.260605818323
2019-08-26,6,3,9,66.66666666666666,1274.7150177593903
2019-08-27,7,2,9,77.77777777777779,1285.7985722475114
2019-08-28,7,2,9,77.77777777777779,1276.3032300651757
2019-08-29,7,2,9,77.77777777777779,1263.660354598806
2019-08-30,7,2,9,77.77777777777779,1277.2533471112242
2019-09-03,7,2,9,77.77777777777779,1271.5954532827989
2019-09-04,7,2,9,77.77777777777779,1264.6260275497827
2019-09-05,7,2,9,77.77777777777779,1266.4000985401779
2019-09-06,7,2,9,77.77777777777779,1275.6683671005335
2019-09-09,7,2,9,77.77777777777779,1290.3773399854786
2019-09-11,8,1,9,88.88888888888889,1307.242781453278
2019-09-12,8,1,9,88.88888888888889,1302.8685825829418
2019-09-13,8,1,9,88.88888888888889,1315.919281436814
2019-09-16,8,1,9,88.88888888888889,1322.5082031126342
2019-09-17,8,1,9,88.88888888888889,1299.9431910498904
2019-09-18,8,1,9,88.88888888888889,1298.5120391578241
2019-09-19,8,1,9,88.88888888888889,1280.1808896120192
2019-09-20,8,1,9,88.88888888888889,1338.1680415088495
2019-09-23,8,1,9,88.88888888888889,1382.9461572239686
2019-09-24,8,1,9,88.88888888888889,1394.9522912078014
2019-09-25,8,1,9,88.88888888888889,1394.6205177312677
2019-09-26,8,1,9,88.88888888888889,1393.2711981835544
2019-09-27,8,1,9,88.88888888888889,1393.391360498444
2019-10-01,7,2,9,77.77777777777779,1393.391360498444
2019-10-03,7,2,9,77.77777777777779,1388.0042045483813
2019-10-04,7,2,9,77.77777777777779,1375.3420194868745
2019-10-07,7,2,9,77.77777777777779,1363.967423142704
2019-10-09,7,2,9,77.77777777777779,1378.014079010304
2019-10-10,7,2,9,77.77777777777779,1384.2275971217293
2019-10-11,7,2,9,77.77777777777779,1392.5897103583773
2019-10-14,7,2,9,77.77777777777779,1402.6483167241452
2019-10-15,7,2,9,77.77777777777779,1393.5604028887167
2019-10-16,7,2,9,77.77777777777779,1405.6494767043976
2019-10-17,7,2,9,77.77777777777779,1423.946550672854
2019-10-18,8,1,9,88.88888888888889,1442.533361189668
2019-10-22,8,1,9,88.88888888888889,1465.9579004107518
2019-10-23,8,1,9,88.88888888888889,1466.828903394047
2019-10-24,8,1,9,88.88888888888889,1505.1889067943473
2019-10-25,8,1,9,88.88888888888889,1498.6064597358552
2019-10-27,8,1,9,88.88888888888889,1531.3361883094167
2019-10-29,8,1,9,88.88888888888889,1518.9378996239445
2019-10-30,8,1,9,88.88888888888889,1515.179434432801
2019-10-31,8,1,9,88.88888888888889,1531.0540539525273
2019-11-01,8,1,9,88.88888888888889,1525.6496828618563
2019-11-04,8,1,9,88.88888888888889,1520.4998649675456
2019-11-05,8,1,9,88.88888888888889,1523.9803412113226
2019-11-06,8,1,9,88.88888888888889,1512.2652420134168
2019-11-07,8,1,9,88.88888888888889,1524.756054880421
2019-11-08,8,1,9,88.88888888888889,1511.3144514452704
2019-11-11,8,1,9,88.88888888888889,1517.9962459349467
2019-11-13,8,1,9,88.88888888888889,1500.9753403263676
2019-11-14,8,1,9,88.88888888888889,1496.9173554729662
2019-11-15,8,1,9,88.88888888888889,1503.322926415505
2019-11-18,8,1,9,88.88888888888889,1515.491637734147
2019-11-19,8,1,9,88.88888888888889,1511.4882361271243
2019-11-20,8,1,9,88.88888888888889,1518.9058119842857
2019-11-21,8,1,9,88.88888888888889,1518.1156026149374
2019-11-22,8,1,9,88.88888888888889,1494.962694133748
2019-11-25,8,1,9,88.88888888888889,1508.4052618571982
2019-11-26,8,1,9,88.88888888888889,1501.6149111570985
2019-11-27,8,1,9,88.88888888888889,1506.515427674472
2019-11-28,8,1,9,88.88888888888889,1511.2242529614252
2019-11-29,8,1,9,88.88888888888889,1501.749654360509
2019-12-02,8,1,9,88.88888888888889,1482.666315805277
2019-12-03,8,1,9,88.88888888888889,1474.3820674942458
2019-12-04,8,1,9,88.88888888888889,1488.0695903157473
2019-12-05,8,1,9,88.88888888888889,1485.6349694907326
2019-12-06,7,2,9,77.77777777777779,1480.1278196466733
2019-12-09,8,1,9,88.88888888888889,1491.3253948445692
2019-12-10,7,2,9,77.77777777777779,1472.3461806103546
2019-12-11,7,2,9,77.77777777777779,1467.304670194131
2019-12-12,8,1,9,88.88888888888889,1475.4650156061439
2019-12-13,7,2,9,77.77777777777779,1487.7768175762988
2019-12-16,7,2,9,77.77777777777779,1479.9981159097858
2019-12-17,7,2,9,77.77777777777779,1483.951309907155
2019-12-18,7,2,9,77.77777777777779,1496.2116781059904
2019-12-19,7,2,9,77.77777777777779,1510.7276712368207
2019-12-20,7,2,9,77.77777777777779,1506.5083563893531
2019-12-23,7,2,9,77.77777777777779,1508.4276666613655
2019-12-24,8,1,9,88.88888888888889,1519.1138090261718
2019-12-26,8,1,9,88.88888888888889,1540.4138937053626
2019-12-27,8,1,9,88.88888888888889,1550.167741626041
2019-12-30,8,1,9,88.88888888888889,1566.4686592180037
2019-12-31,8,1,9,88.88888888888889,1553.9223745657673
2020-01-01,8,1,9,88.88888888888889,1555.9239233158514
2020-01-02,8,1,9,88.88888888888889,1566.533868179153
2020-01-03,8,1,9,88.88888888888889,1577.3336746773925
2020-01-06,8,1,9,88.88888888888889,1551.9548544884442
2020-01-07,8,1,9,88.88888888888889,1585.2696860078754
2020-01-08,8,1,9,88.88888888888889,1608.6116435059316
2020-01-09,8,1,9,88.88888888888889,1628.5315402501599
2020-01-10,8,1,9,88.88888888888889,1613.990257250191
2020-01-13,8,1,9,88.88888888888889,1624.7986968288312
2020-01-14,8,1,9,88.88888888888889,1631.1264872577674
2020-01-15,8,1,9,88.88888888888889,1637.2393283078447
2020-01-16,8,1,9,88.88888888888889,1645.2119757646528
2020-01-17,8,1,9,88.88888888888889,1659.0030474786438
2020-01-20,8,1,9,88.88888888888889,1661.4014153317623
2020-01-21,8,1,9,88.88888888888889,1652.8523905722643
2020-01-22,8,1,9,88.88888888888889,1655.4389151515306
2020-01-23,8,1,9,88.88888888888889,1673.4912649562154
2020-01-24,8,1,9,88.88888888888889,1686.643339765586
2020-01-27,8,1,9,88.88888888888889,1711.3086473237668
2020-01-28,8,1,9,88.88888888888889,1746.7747452400538
2020-01-29,8,1,9,88.88888888888889,1781.4643294630755
2020-01-30,8,1,9,88.88888888888889,1770.624411644505
2020-01-31,8,1,9,88.88888888888889,1751.1792627428129
2020-02-01,8,1,9,88.88888888888889,1701.1523022611004
2020-02-03,8,1,9,88.88888888888889,1753.023152685731
2020-02-04,8,1,9,88.88888888888889,1754.734545039081
2020-02-05,8,1,9,88.88888888888889,1776.3627954362964
2020-02-06,8,1,9,88.88888888888889,1766.4984327006448
2020-02-07,8,1,9,88.88888888888889,1784.4101316387157
2020-02-10,8,1,9,88.88888888888889,1804.4962358982211
2020-02-11,8,1,9,88.88888888888889,1796.0935233209718
2020-02-12,8,1,9,88.88888888888889,1779.3036807177207
2020-02-13,8,1,9,88.88888888888889,1770.6314983939965
2020-02-14,8,1,9,88.88888888888889,1795.8349513468847
2020-02-17,8,1,9,88.88888888888889,1768.7466067015307
2020-02-18,8,1,9,88.88888888888889,1790.9508239624433
2020-02-19,8,1,9,88.88888888888889,1803.5801045485123
2020-02-20,8,1,9,88.88888888888889,1826.7863788744578
2020-02-24,8,1,9,88.88888888888889,1778.473464303567
2020-02-25,8,1,9,88.88888888888889,1842.8316653293764
2020-02-26,8,1,9,88.88888888888889,1855.2108443347902
2020-02-27,8,1,9,88.88888888888889,1838.6297271823216
2020-02-28,8,1,9,88.88888888888889,1778.905908835557
2020-03-02,8,1,9,88.88888888888889,1792.025300658444
2020-03-03,8,1,9,88.88888888888889,1821.4107136242365
2020-03-04,8,1,9,88.88888888888889,1801.8730448437807
2020-03-05,8,1,9,88.88888888888889,1824.7472232425164
2020-03-06,8,1,9,88.88888888888889,1821.2565625011412
2020-03-09,8,1,9,88.88888888888889,1742.7039290955076
2020-03-11,8,1,9,88.88888888888889,1750.338463198774
2020-03-12,8,1,9,88.88888888888889,1627.2939130574678
2020-03-13,8,1,9,88.88888888888889,1650.2034454795685
2020-03-16,4,5,9,44.44444444444444,1555.8013681258635
2020-03-17,5,4,9,55.55555555555556,1546.5609844687278
2020-03-18,4,5,9,44.44444444444444,1452.6926384282651
2020-03-19,4,5,9,44.44444444444444,1402.102938702274
2020-03-20,6,3,9,66.66666666666666,1473.5340213907791
2020-03-23,1,8,9,11.11111111111111,1272.564433594723
2020-03-24,1,8,9,11.11111111111111,1291.1644221842316
2020-03-25,3,6,9,33.33333333333333,1328.8866527791665
2020-03-26,3,6,9,33.33333333333333,1401.7363264132405
2020-03-27,3,6,9,33.33333333333333,1405.9300779319792
2020-03-30,3,6,9,33.33333333333333,1363.0756966427703
2020-03-31,3,6,9,33.33333333333333,1414.7124900985996
2020-04-01,3,6,9,33.33333333333333,1429.6576067101312
2020-04-03,3,6,9,33.33333333333333,1454.285901427375
2020-04-07,3,6,9,33.33333333333333,1559.2050626345747
2020-04-08,5,4,9,55.55555555555556,1621.7347597295798
2020-04-09,6,3,9,66.66666666666666,1699.900493051338
2020-04-13,8,1,9,88.88888888888889,1679.6105499359708
2020-04-15,8,1,9,88.88888888888889,1680.6952662351598
2020-04-16,8,1,9,88.88888888888889,1724.4890318626422
2020-04-17,8,1,9,88.88888888888889,1735.5156842301742
2020-04-20,8,1,9,88.88888888888889,1741.1660422752334
2020-04-21,8,1,9,88.88888888888889,1701.7077466062833
2020-04-22,8,1,9,88.88888888888889,1736.0632651089109
2020-04-23,8,1,9,88.88888888888889,1775.051903577444
2020-04-24,8,1,9,88.88888888888889,1740.060386228712
2020-04-27,8,1,9,88.88888888888889,1816.6852214470275
2020-04-28,8,1,9,88.88888888888889,1850.632586582012
2020-04-29,8,1,9,88.88888888888889,1859.7706942829934
2020-04-30,8,1,9,88.88888888888889,1861.3290207157088
2020-05-04,8,1,9,88.88888888888889,1793.1593922015616
2020-05-05,8,1,9,88.88888888888889,1804.5204409665548
2020-05-06,8,1,9,88.88888888888889,1815.952278986285
2020-05-07,7,2,9,77.77777777777779,1797.299194833101
2020-05-08,7,2,9,77.77777777777779,1780.5871876089964
2020-05-11,7,2,9,77.77777777777779,1759.0663353377963
2020-05-12,7,2,9,77.77777777777779,1736.2184143900809
2020-05-13,7,2,9,77.77777777777779,1783.5279038577394
2020-05-14,7,2,9,77.77777777777779,1771.8662937842685
2020-05-15,7,2,9,77.77777777777779,1767.8218456914767
2020-05-18,7,2,9,77.77777777777779,1723.1988893084401
2020-05-19,7,2,9,77.77777777777779,1705.7635088590876
2020-05-20,7,2,9,77.77777777777779,1737.636445619507
2020-05-21,8,1,9,88.88888888888889,1755.3998911917374
2020-05-22,7,2,9,77.77777777777779,1747.064771554668
2020-05-26,8,1,9,88.88888888888889,1755.631904700888
2020-05-27,8,1,9,88.88888888888889,1755.065066798663
2020-05-28,8,1,9,88.88888888888889,1759.6720397715253
2020-05-29,8,1,9,88.88888888888889,1765.0590746284915
2020-06-01,8,1,9,88.88888888888889,1798.0489117731818
2020-06-02,8,1,9,88.88888888888889,1803.848715102721
2020-06-03,8,1,9,88.88888888888889,1797.789169568513
2020-06-04,8,1,9,88.88888888888889,1795.714893427154
2020-06-05,8,1,9,88.88888888888889,1808.0779551979067
2020-06-08,8,1,9,88.88888888888889,1810.0072271776498
2020-06-09,8,1,9,88.88888888888889,1783.5810185735231
2020-06-10,8,1,9,88.88888888888889,1801.7428552292736
2020-06-11,8,1,9,88.88888888888889,1766.6005558443753
2020-06-12,8,1,9,88.88888888888889,1771.2418234116037
2020-06-15,7,2,9,77.77777777777779,1757.9110017722915
2020-06-16,8,1,9,88.88888888888889,1761.6707426506796
2020-06-17,7,2,9,77.77777777777779,1757.088066621661
2020-06-18,6,3,9,66.66666666666666,1751.8800614787417
2020-06-19,6,3,9,66.66666666666666,1779.8885077549937
2020-06-22,6,3,9,66.66666666666666,1800.3754104085253
2020-06-23,6,3,9,66.66666666666666,1811.7057136311175
2020-06-24,6,3,9,66.66666666666666,1779.442063304971
2020-06-25,6,3,9,66.66666666666666,1778.7637912512316
2020-06-26,6,3,9,66.66666666666666,1784.3655859501307
2020-06-29,6,3,9,66.66666666666666,1761.7512764330957
2020-06-30,6,3,9,66.66666666666666,1754.5201581428469
2020-07-01,6,3,9,66.66666666666666,1767.1051346242432
2020-07-02,6,3,9,66.66666666666666,1778.9650884530931
2020-07-03,6,3,9,66.66666666666666,1784.4794056475032
2020-07-06,6,3,9,66.66666666666666,1830.7987263349482
2020-07-07,6,3,9,66.66666666666666,1852.2332815037612
2020-07-08,6,3,9,66.66666666666666,1859.1428869904944
2020-07-09,6,3,9,66.66666666666666,1879.436462871468
2020-07-10,7,2,9,77.77777777777779,1871.7025512914586
2020-07-13,7,2,9,77.77777777777779,1861.02639108306
2020-07-14,7,2,9,77.77777777777779,1877.112010605699
2020-07-15,7,2,9,77.77777777777779,1858.1834120768467
2020-07-16,7,2,9,77.77777777777779,1849.16609582834
2020-07-17,7,2,9,77.77777777777779,1864.1952130059149
2020-07-20,8,1,9,88.88888888888889,1880.108026081092
2020-07-21,7,2,9,77.77777777777779,1877.2401048850477
2020-07-22,7,2,9,77.77777777777779,1866.771836924732
2020-07-23,7,2,9,77.77777777777779,1883.5425097490272
2020-07-24,7,2,9,77.77777777777779,1910.1081659872211
2020-07-27,7,2,9,77.77777777777779,1917.07363507528
2020-07-28,7,2,9,77.77777777777779,1920.5213714346876
2020-07-29,7,2,9,77.77777777777779,1925.3982598632836
2020-07-30,7,2,9,77.77777777777779,1899.9738237602724
2020-07-31,7,2,9,77.77777777777779,1920.8703566667637
2020-08-03,7,2,9,77.77777777777779,1958.7579199406455
2020-08-04,7,2,9,77.77777777777779,1981.622179629143
2020-08-05,7,2,9,77.77777777777779,1981.460997577702
2020-08-06,7,2,9,77.77777777777779,2016.7525447289631
2020-08-07,7,2,9,77.77777777777779,2037.2449628578213
2020-08-10,7,2,9,77.77777777777779,2066.0607976917117
2020-08-11,7,2,9,77.77777777777779,2039.6704450130926
2020-08-12,7,2,9,77.77777777777779,2020.3164172193158
2020-08-13,7,2,9,77.77777777777779,2027.6270436017273
2020-08-14,7,2,9,77.77777777777779,2015.4288519772965
2020-08-17,7,2,9,77.77777777777779,2028.6772324777196
2020-08-18,7,2,9,77.77777777777779,2062.7328963351006
2020-08-19,9,0,9,100.0,2126.3590390262
2020-08-20,9,0,9,100.0,2174.7631390226666
2020-08-21,9,0,9,100.0,2214.223078629181
2020-08-24,9,0,9,100.0,2318.8499159166254
2020-08-25,9,0,9,100.0,2291.801265919371
2020-08-26,9,0,9,100.0,2292.3598785770246
2020-08-27,9,0,9,100.0,2302.08130647406
2020-08-28,9,0,9,100.0,2272.3396236332933
2020-08-31,7,2,9,77.77777777777779,2127.5970899243207
2020-09-01,8,1,9,88.88888888888889,2155.3022393652996
2020-09-02,8,1,9,88.88888888888889,2204.3640473110786
2020-09-03,9,0,9,100.0,2236.2409653376353
2020-09-04,9,0,9,100.0,2218.149468417013
2020-09-07,9,0,9,100.0,2192.1552524693334
2020-09-08,8,1,9,88.88888888888889,2192.1476712572294
2020-09-09,8,1,9,88.88888888888889,2193.6580558056457
2020-09-10,8,1,9,88.88888888888889,2232.5125641809545
2020-09-11,8,1,9,88.88888888888889,2222.243530909372
2020-09-14,9,0,9,100.0,2323.68614868869
2020-09-15,9,0,9,100.0,2395.8837499068395
2020-09-16,9,0,9,100.0,2408.3289621746635
2020-09-17,9,0,9,100.0,2371.3693456598185
2020-09-18,9,0,9,100.0,2330.975526100007
2020-09-21,9,0,9,100.0,2253.4411387294354
2020-09-22,7,2,9,77.77777777777779,2232.561093912413
2020-09-23,7,2,9,77.77777777777779,2220.383500160901
2020-09-24,7,2,9,77.77777777777779,2168.2221041506805
2020-09-25,7,2,9,77.77777777777779,2213.467592497408
2020-09-28,9,0,9,100.0,2270.6391941691613
2020-09-29,8,1,9,88.88888888888889,2280.4979680792844
2020-09-30,8,1,9,88.88888888888889,2275.3050118334977
2020-10-01,9,0,9,100.0,2261.9678438485385
2020-10-05,9,0,9,100.0,2248.2516394237914
2020-10-06,9,0,9,100.0,2257.0048680981013
2020-10-07,9,0,9,100.0,2246.9670842097094
2020-10-08,9,0,9,100.0,2228.5863759668646
2020-10-09,9,0,9,100.0,2221.200657236209
2020-10-12,8,1,9,88.88888888888889,2225.8829938159756
2020-10-13,8,1,9,88.88888888888889,2213.3248673648154
2020-10-14,9,0,9,100.0,2223.90706220044
2020-10-15,8,1,9,88.88888888888889,2202.325461699342
2020-10-16,8,1,9,88.88888888888889,2229.012091423417
2020-10-19,8,1,9,88.88888888888889,2246.7663339324704
2020-10-20,8,1,9,88.88888888888889,2250.3440753356317
2020-10-21,8,1,9,88.88888888888889,2250.679993826271
2020-10-22,8,1,9,88.88888888888889,2259.5933869075016
2020-10-23,8,1,9,88.88888888888889,2269.564096766153
2020-10-26,9,0,9,100.0,2243.87210701227
2020-10-27,8,1,9,88.88888888888889,2276.550526087152
2020-10-28,8,1,9,88.88888888888889,2277.511626041258
2020-10-29,8,1,9,88.88888888888889,2297.725057136399
2020-10-30,8,1,9,88.88888888888889,2284.8638597465733
2020-11-02,8,1,9,88.88888888888889,2255.818960348759
2020-11-03,8,1,9,88.88888888888889,2268.2127538500754
2020-11-04,8,1,9,88.88888888888889,2282.4771819569937
2020-11-05,8,1,9,88.88888888888889,2347.1958668484017
2020-11-06,8,1,9,88.88888888888889,2368.8243003050397
2020-11-09,8,1,9,88.88888888888889,2393.026906680855
2020-11-10,8,1,9,88.88888888888889,2367.5852399348582
2020-11-11,8,1,9,88.88888888888889,2370.7825637033848
2020-11-12,8,1,9,88.88888888888889,2403.7359559043034
2020-11-13,8,1,9,88.88888888888889,2432.2057761739666
2020-11-14,8,1,9,88.88888888888889,2435.788234395867
2020-11-17,8,1,9,88.88888888888889,2438.0593380170703
2020-11-18,8,1,9,88.88888888888889,2442.8820357582686
2020-11-19,8,1,9,88.88888888888889,2423.1038419056495
2020-11-20,8,1,9,88.88888888888889,2411.890600977199
2020-11-23,8,1,9,88.88888888888889,2453.3316257652823
2020-11-24,8,1,9,88.88888888888889,2444.93735249432
2020-11-25,8,1,9,88.88888888888889,2368.867699721444
2020-11-26,8,1,9,88.88888888888889,2368.0476476814106
2020-11-27,8,1,9,88.88888888888889,2424.166072214149
2020-12-01,8,1,9,88.88888888888889,2450.2357688568995
2020-12-02,8,1,9,88.88888888888889,2453.652451921002
2020-12-03,8,1,9,88.88888888888889,2470.7462382925073
2020-12-04,8,1,9,88.88888888888889,2468.63507505331
2020-12-07,8,1,9,88.88888888888889,2485.8041238481596
2020-12-08,8,1,9,88.88888888888889,2466.387217430225
2020-12-09,8,1,9,88.88888888888889,2474.8364226927088
2020-12-10,8,1,9,88.88888888888889,2463.06551800065
2020-12-11,8,1,9,88.88888888888889,2449.7284459809184
2020-12-14,8,1,9,88.88888888888889,2461.3937213909617
2020-12-15,8,1,9,88.88888888888889,2456.409537016661
2020-12-16,8,1,9,88.88888888888889,2474.9999941295973
2020-12-17,8,1,9,88.88888888888889,2505.96932505849
2020-12-18,8,1,9,88.88888888888889,2533.094796214277
2020-12-21,8,1,9,88.88888888888889,2424.2513724873165
2020-12-22,8,1,9,88.88888888888889,2451.043285235067
2020-12-23,8,1,9,88.88888888888889,2484.900455331473
2020-12-24,8,1,9,88.88888888888889,2494.3256052835427
2020-12-28,8,1,9,88.88888888888889,2507.63549821604
2020-12-29,8,1,9,88.88888888888889,2522.6269384422008
2020-12-30,8,1,9,88.88888888888889,2528.1024343532254
2020-12-31,8,1,9,88.88888888888889,2539.4499532317163
2021-01-01,8,1,9,88.88888888888889,2578.3269245581537
2021-01-04,8,1,9,88.88888888888889,2612.5399229194895
2021-01-05,8,1,9,88.88888888888889,2627.617389523116
2021-01-06,9,0,9,100.0,2645.464308488042
2021-01-07,9,0,9,100.0,2651.9510734022733
2021-01-08,9,0,9,100.0,2699.0133222705354
2021-01-11,9,0,9,100.0,2685.584407053766
2021-01-12,9,0,9,100.0,2668.170415045408
2021-01-13,9,0,9,100.0,2672.7341480414784
2021-01-14,9,0,9,100.0,2666.174702919096
2021-01-15,9,0,9,100.0,2627.7039424892123
2021-01-18,9,0,9,100.0,2576.9742060580797
2021-01-19,9,0,9,100.0,2603.041871150173
2021-01-20,9,0,9,100.0,2604.342417156604
2021-01-21,8,1,9,88.88888888888889,2578.3639916780826
2021-01-22,8,1,9,88.88888888888889,2525.606535736113
2021-01-25,8,1,9,88.88888888888889,2514.7088379335805
2021-01-27,8,1,9,88.88888888888889,2469.257776764098
2021-01-28,8,1,9,88.88888888888889,2455.255242183115
2021-01-29,8,1,9,88.88888888888889,2439.8264014731667
2021-02-01,8,1,9,88.88888888888889,2473.3470080674197
2021-02-02,8,1,9,88.88888888888889,2514.5546824816142
2021-02-03,8,1,9,88.88888888888889,2573.6578998866344
2021-02-04,9,0,9,100.0,2581.018488294657
2021-02-05,8,1,9,88.88888888888889,2556.988215772354
2021-02-08,9,0,9,100.0,2566.8438607556245
2021-02-09,8,1,9,88.88888888888889,2566.8593427507235
2021-02-10,7,2,9,77.77777777777779,2559.573835817691
2021-02-11,8,1,9,88.88888888888889,2605.500957356654
2021-02-12,8,1,9,88.88888888888889,2619.563284246102
2021-02-15,8,1,9,88.88888888888889,2617.9987674369954
2021-02-16,8,1,9,88.88888888888889,2652.6876746407024
2021-02-17,8,1,9,88.88888888888889,2647.694918925261
2021-02-18,8,1,9,88.88888888888889,2667.8575950445243
2021-02-19,8,1,9,88.88888888888889,2625.759770624728
2021-02-22,7,2,9,77.77777777777779,2591.845391935256
2021-02-23,7,2,9,77.77777777777779,2606.1453209574233
2021-02-24,7,2,9,77.77777777777779,2600.0373859055394
2021-02-25,8,1,9,88.88888888888889,2673.6445841026316
2021-02-26,8,1,9,88.88888888888889,2673.9276971274385
2021-03-01,7,2,9,77.77777777777779,2701.974810848428
2021-03-02,8,1,9,88.88888888888889,2776.894312505603
2021-03-03,8,1,9,88.88888888888889,2796.7369120029225
2021-03-04,7,2,9,77.77777777777779,2791.741738560374
2021-03-05,8,1,9,88.88888888888889,2761.145335903709
2021-03-08,8,1,9,88.88888888888889,2755.637732625497
2021-03-09,8,1,9,88.88888888888889,2741.9531990212367
2021-03-10,8,1,9,88.88888888888889,2776.3453698522794
2021-03-12,7,2,9,77.77777777777779,2749.590325681743
2021-03-15,7,2,9,77.77777777777779,2720.818878048707
2021-03-16,7,2,9,77.77777777777779,2728.6664977066403
2021-03-17,7,2,9,77.77777777777779,2689.2451656954336
2021-03-18,7,2,9,77.77777777777779,2622.965396706973
2021-03-19,7,2,9,77.77777777777779,2666.53861966172
2021-03-22,7,2,9,77.77777777777779,2690.274923589936
2021-03-23,7,2,9,77.77777777777779,2720.7266535370127
2021-03-24,7,2,9,77.77777777777779,2701.0514126410512
2021-03-25,7,2,9,77.77777777777779,2685.7567363160983
2021-03-26,7,2,9,77.77777777777779,2695.638396323629
2021-03-30,7,2,9,77.77777777777779,2763.8378228569313
2021-03-31,7,2,9,77.77777777777779,2765.359652457219
2021-04-01,7,2,9,77.77777777777779,2829.3972058469367
2021-04-05,7,2,9,77.77777777777779,2789.652632606483
2021-04-06,7,2,9,77.77777777777779,2901.042907007427
2021-04-07,7,2,9,77.77777777777779,2974.3187698923393
2021-04-08,7,2,9,77.77777777777779,3014.3070962200104
2021-04-09,8,1,9,88.88888888888889,3032.5568018683225
2021-04-12,8,1,9,88.88888888888889,2908.34792036009
2021-04-13,8,1,9,88.88888888888889,2921.2977122066313
2021-04-15,8,1,9,88.88888888888889,2902.433911914668
2021-04-16,8,1,9,88.88888888888889,2965.1098658851906
2021-04-19,8,1,9,88.88888888888889,2928.0545691184666
2021-04-20,8,1,9,88.88888888888889,2927.573606783162
2021-04-22,8,1,9,88.88888888888889,2972.0576191031514
2021-04-23,8,1,9,88.88888888888889,3006.267897278283
2021-04-26,8,1,9,88.88888888888889,3045.069844382063
2021-04-27,8,1,9,88.88888888888889,3156.3250995215203
2021-04-28,8,1,9,88.88888888888889,3182.968655615209
2021-04-29,8,1,9,88.88888888888889,3195.0085063280726
2021-04-30,8,1,9,88.88888888888889,3187.855529440561
2021-05-03,8,1,9,88.88888888888889,3221.0785220168104
2021-05-04,8,1,9,88.88888888888889,3207.2481189063274
2021-05-05,8,1,9,88.88888888888889,3293.7994170814163
2021-05-06,8,1,9,88.88888888888889,3340.7544008920177
2021-05-07,9,0,9,100.0,3263.6778734628683
2021-05-10,9,0,9,100.0,3303.9287738835974
2021-05-11,9,0,9,100.0,3319.5604601565406
2021-05-12,9,0,9,100.0,3297.900068380913
2021-05-14,9,0,9,100.0,3271.8846180156866
2021-05-17,9,0,9,100.0,3308.517804041393
2021-05-18,9,0,9,100.0,3333.263706917974
2021-05-19,9,0,9,100.0,3308.409163086891
2021-05-20,9,0,9,100.0,3341.9533342776026
2021-05-21,9,0,9,100.0,3337.9016604040958
2021-05-24,9,0,9,100.0,3360.1870771887443
2021-05-25,9,0,9,100.0,3355.9652621413
2021-05-26,9,0,9,100.0,3370.8243481802115
2021-05-27,9,0,9,100.0,3373.9369158115855
2021-05-28,9,0,9,100.0,3331.053072012292
2021-05-31,9,0,9,100.0,3324.7844861616322
2021-06-01,9,0,9,100.0,3346.458736878291
2021-06-02,9,0,9,100.0,3346.596533330355
2021-06-03,9,0,9,100.0,3335.0635701064243
2021-06-04,9,0,9,100.0,3345.27442701544
2021-06-07,9,0,9,100.0,3377.0536715519456
2021-06-08,9,0,9,100.0,3495.039419840882
2021-06-09,9,0,9,100.0,3473.7908876847273
2021-06-10,9,0,9,100.0,3508.4116949160284
2021-06-11,9,0,9,100.0,3489.218976655367
2021-06-14,9,0,9,100.0,3469.5097494077245
2021-06-15,9,0,9,100.0,3494.3180554434866
2021-06-16,9,0,9,100.0,3485.132385013374
2021-06-17,9,0,9,100.0,3506.906884240714
2021-06-18,9,0,9,100.0,3470.2049704974947
2021-06-21,9,0,9,100.0,3463.777831094445
2021-06-22,9,0,9,100.0,3477.396971860535
2021-06-23,9,0,9,100.0,3492.2647771514685
2021-06-24,9,0,9,100.0,3493.4360133635223
2021-06-25,9,0,9,100.0,3533.9525509573905
2021-06-28,9,0,9,100.0,3551.94549790074
2021-06-29,9,0,9,100.0,3541.1938826652595
2021-06-30,9,0,9,100.0,3564.230522608049
2021-07-01,9,0,9,100.0,3560.484263254986
2021-07-02,9,0,9,100.0,3637.7633393329957
2021-07-05,9,0,9,100.0,3674.8651588679368
2021-07-06,9,0,9,100.0,3639.2905118016406
2021-07-07,9,0,9,100.0,3682.601962661742
2021-07-08,9,0,9,100.0,3653.8308579689065
2021-07-09,9,0,9,100.0,3665.3521475926445
2021-07-12,9,0,9,100.0,3670.684393894875
2021-07-13,9,0,9,100.0,3660.2732078495187
2021-07-14,9,0,9,100.0,3672.4146057883545
2021-07-15,9,0,9,100.0,3666.763576680225
2021-07-16,9,0,9,100.0,3667.017769679109
2021-07-19,9,0,9,100.0,3679.1243617399196
2021-07-20,9,0,9,100.0,3657.1635118793074
2021-07-22,9,0,9,100.0,3689.0147869658376
2021-07-23,9,0,9,100.0,3703.996172073798
2021-07-26,9,0,9,100.0,3658.673103872919
2021-07-27,9,0,9,100.0,3630.1223969355583
2021-07-28,9,0,9,100.0,3602.063717258055
2021-07-29,9,0,9,100.0,3625.0139554410084
2021-07-30,9,0,9,100.0,3722.3324010474494
2021-08-02,9,0,9,100.0,3800.1488258427435
2021-08-03,9,0,9,100.0,3823.525196234256
2021-08-04,9,0,9,100.0,3749.9934553700627
2021-08-05,9,0,9,100.0,3762.9184182262215
2021-08-06,9,0,9,100.0,3775.9116624117987
2021-08-09,9,0,9,100.0,3804.2194624878666
2021-08-10,9,0,9,100.0,3757.074292202468
2021-08-11,8,1,9,88.88888888888889,3704.7893887867394
2021-08-12,9,0,9,100.0,3733.3177376978165
2021-08-13,9,0,9,100.0,3748.507930219423
2021-08-16,9,0,9,100.0,3722.0133073129355
2021-08-17,8,1,9,88.88888888888889,3754.2274530037694
2021-08-18,8,1,9,88.88888888888889,3750.1566096438355
2021-08-20,8,1,9,88.88888888888889,3708.1244549945845
2021-08-23,8,1,9,88.88888888888889,3629.789833203597
2021-08-24,8,1,9,88.88888888888889,3669.3250898369142
2021-08-25,8,1,9,88.88888888888889,3667.109455088717
2021-08-26,8,1,9,88.88888888888889,3667.134538751494
2021-08-27,8,1,9,88.88888888888889,3753.709759388165
2021-08-30,8,1,9,88.88888888888889,3841.776233378818
2021-08-31,8,1,9,88.88888888888889,3891.7660244027993
2021-09-01,8,1,9,88.88888888888889,3880.4019691121866
2021-09-02,8,1,9,88.88888888888889,3942.4319453331327
2021-09-03,8,1,9,88.88888888888889,3955.7613960263056
2021-09-06,8,1,9,88.88888888888889,3956.630501901759
2021-09-07,8,1,9,88.88888888888889,3936.5945453316263
2021-09-08,8,1,9,88.88888888888889,3935.693147335107
2021-09-09,8,1,9,88.88888888888889,3957.2192465527387
2021-09-13,8,1,9,88.88888888888889,4033.979847100886
2021-09-14,8,1,9,88.88888888888889,4068.2684238844763
2021-09-15,8,1,9,88.88888888888889,4090.8386471442655
2021-09-16,8,1,9,88.88888888888889,4104.693599610474
2021-09-17,9,0,9,100.0,4063.8170831725347
2021-09-20,9,0,9,100.0,3951.337378290312
2021-09-21,9,0,9,100.0,4041.3182576655927
2021-09-22,9,0,9,100.0,4055.3322231462525
2021-09-23,9,0,9,100.0,4078.751776095568
2021-09-24,9,0,9,100.0,4065.8967974524535
2021-09-27,9,0,9,100.0,4025.572356000864
2021-09-28,9,0,9,100.0,3997.5261466466636
2021-09-29,9,0,9,100.0,4017.0565516194833
2021-09-30,9,0,9,100.0,4010.33152835157
2021-10-01,9,0,9,100.0,4045.127036765729
2021-10-04,9,0,9,100.0,4233.344589440604
2021-10-05,9,0,9,100.0,4272.190571730058
2021-10-06,9,0,9,100.0,4286.597694087219
2021-10-07,9,0,9,100.0,4349.779494307371
2021-10-08,9,0,9,100.0,4375.268483847442
2021-10-11,9,0,9,100.0,4364.311657237132
2021-10-12,9,0,9,100.0,4377.825761112195
2021-10-13,9,0,9,100.0,4395.051208629875
2021-10-14,9,0,9,100.0,4375.964533178992
2021-10-18,9,0,9,100.0,4400.662351109581
2021-10-19,9,0,9,100.0,4323.782539372625
2021-10-20,9,0,9,100.0,4078.5407811537675
2021-10-21,9,0,9,100.0,4067.5314208392015
2021-10-22,9,0,9,100.0,4054.750883455341
2021-10-25,9,0,9,100.0,3964.0853246325355
2021-10-26,9,0,9,100.0,4044.936582685758
2021-10-27,9,0,9,100.0,4036.257823005541
2021-10-28,9,0,9,100.0,3971.397998622931
2021-10-29,9,0,9,100.0,3928.0413200142325
2021-11-01,9,0,9,100.0,3961.961846352526
2021-11-02,9,0,9,100.0,3921.9306711621507
2021-11-03,8,1,9,88.88888888888889,3893.2150243680426
2021-11-04,9,0,9,100.0,3934.4694066236157
2021-11-08,8,1,9,88.88888888888889,3923.0417137510726
2021-11-09,9,0,9,100.0,3956.4192883546675
2021-11-10,9,0,9,100.0,3958.344299791085
2021-11-11,8,1,9,88.88888888888889,3949.558582316422
2021-11-12,8,1,9,88.88888888888889,3931.8047575732057
2021-11-15,8,1,9,88.88888888888889,4012.5296846581655
2021-11-16,8,1,9,88.88888888888889,3998.5895612403096
2021-11-17,8,1,9,88.88888888888889,3994.6829388627343
2021-11-18,8,1,9,88.88888888888889,3964.2381232807234
2021-11-22,6,3,9,66.66666666666666,3806.2098714999906
2021-11-23,8,1,9,88.88888888888889,3907.0578575078016
2021-11-24,8,1,9,88.88888888888889,3888.609508172169
2021-11-25,7,2,9,77.77777777777779,3937.1687773798753
2021-11-26,7,2,9,77.77777777777779,3838.7197025081177
2021-11-29,7,2,9,77.77777777777779,3815.6587071699973
2021-11-30,8,1,9,88.88888888888889,3839.410581049842
2021-12-01,8,1,9,88.88888888888889,3883.166227484763
2021-12-02,8,1,9,88.88888888888889,3943.639322151627
2021-12-03,8,1,9,88.88888888888889,3952.6187344816876
2021-12-06,8,1,9,88.88888888888889,3906.2032083229296
2021-12-07,8,1,9,88.88888888888889,3952.944102682161
2021-12-08,8,1,9,88.88888888888889,4012.5098404095856
2021-12-09,8,1,9,88.88888888888889,4020.372574944069
2021-12-10,8,1,9,88.88888888888889,4031.9710319879678
2021-12-13,8,1,9,88.88888888888889,4038.909089186306
2021-12-14,8,1,9,88.88888888888889,4045.563885445505
2021-12-15,7,2,9,77.77777777777779,4097.405664826236
2021-12-16,7,2,9,77.77777777777779,4088.3268501092425
2021-12-17,7,2,9,77.77777777777779,4019.5410711445243
2021-12-20,6,3,9,66.66666666666666,3878.8963389303126
2021-12-21,7,2,9,77.77777777777779,3963.2188075263584
2021-12-22,7,2,9,77.77777777777779,4042.9027025976666
2021-12-23,8,1,9,88.88888888888889,4060.046781099318
2021-12-24,7,2,9,77.77777777777779,4032.362708192286
2021-12-27,7,2,9,77.77777777777779,4074.931571947407
2021-12-28,8,1,9,88.88888888888889,4158.795009727905
2021-12-29,8,1,9,88.88888888888889,4159.331708823773
2021-12-30,8,1,9,88.88888888888889,4152.0082981754795
2021-12-31,8,1,9,88.88888888888889,4198.8500329495555
2022-01-03,8,1,9,88.88888888888889,4233.7302319421715
2022-01-04,8,1,9,88.88888888888889,4238.477616791535
2022-01-05,8,1,9,88.88888888888889,4229.330301294165
2022-01-06,8,1,9,88.88888888888889,4230.917799512383
2022-01-07,8,1,9,88.88888888888889,4276.999674479961
2022-01-10,8,1,9,88.88888888888889,4356.983431476613
2022-01-11,8,1,9,88.88888888888889,4387.400809922656
2022-01-12,8,1,9,88.88888888888889,4461.218909857796
2022-01-13,8,1,9,88.88888888888889,4491.570327040541
2022-01-14,8,1,9,88.88888888888889,4487.319672224094
2022-01-17,8,1,9,88.88888888888889,4541.1777589583335
2022-01-18,8,1,9,88.88888888888889,4429.220482788424
2022-01-19,8,1,9,88.88888888888889,4412.043312992814
2022-01-20,8,1,9,88.88888888888889,4456.676787177286
2022-01-21,8,1,9,88.88888888888889,4329.682863119295
2022-01-24,8,1,9,88.88888888888889,4136.154527256362
2022-01-25,8,1,9,88.88888888888889,4169.531950347152
2022-01-27,7,2,9,77.77777777777779,4086.244270402143
2022-01-28,8,1,9,88.88888888888889,4165.441443999724
2022-01-31,8,1,9,88.88888888888889,4166.1396926050475
2022-02-01,8,1,9,88.88888888888889,4247.129287578653
2022-02-02,8,1,9,88.88888888888889,4303.4344034512815
2022-02-03,8,1,9,88.88888888888889,4330.254363930225
2022-02-04,8,1,9,88.88888888888889,4346.863370377164
2022-02-07,8,1,9,88.88888888888889,4348.738082342399
2022-02-08,8,1,9,88.88888888888889,4324.960093429856
2022-02-09,8,1,9,88.88888888888889,4371.449742689236
2022-02-10,8,1,9,88.88888888888889,4389.424601005832
2022-02-11,8,1,9,88.88888888888889,4245.189655047779
2022-02-14,6,3,9,66.66666666666666,4065.685596431491
2022-02-15,7,2,9,77.77777777777779,4197.118759057897
2022-02-16,7,2,9,77.77777777777779,4178.595565995567
2022-02-17,7,2,9,77.77777777777779,4177.608528009596
2022-02-18,7,2,9,77.77777777777779,4135.146844816768
2022-02-21,6,3,9,66.66666666666666,4072.2289945148077
2022-02-22,5,4,9,55.55555555555556,4021.3620905924577
2022-02-23,6,3,9,66.66666666666666,4083.51890878099
2022-02-24,3,6,9,33.33333333333333,3884.834592273924
2022-02-25,5,4,9,55.55555555555556,4091.3974419253364
2022-02-28,6,3,9,66.66666666666666,4113.961241899462
2022-03-02,5,4,9,55.55555555555556,4094.2961349362363
2022-03-03,5,4,9,55.55555555555556,4046.0105170747565
2022-03-04,3,6,9,33.33333333333333,3904.8130162833963
2022-03-07,3,6,9,33.33333333333333,3792.719493179598
2022-03-08,3,6,9,33.33333333333333,3878.4659368156645
2022-03-09,3,6,9,33.33333333333333,3959.0190866785983
2022-03-10,5,4,9,55.55555555555556,4023.9839107019952
2022-03-11,5,4,9,55.55555555555556,4077.378211318257
2022-03-14,6,3,9,66.66666666666666,4149.858497404015
2022-03-15,6,3,9,66.66666666666666,4215.6914868528265
2022-03-16,7,2,9,77.77777777777779,4268.333737471971
2022-03-17,7,2,9,77.77777777777779,4337.246308279472
2022-03-21,7,2,9,77.77777777777779,4381.305387581215
2022-03-22,7,2,9,77.77777777777779,4366.249393838473
2022-03-23,6,3,9,66.66666666666666,4316.130888351034
2022-03-24,7,2,9,77.77777777777779,4350.9310245226825
2022-03-25,7,2,9,77.77777777777779,4385.793383181842
2022-03-28,6,3,9,66.66666666666666,4335.95637924516
2022-03-29,6,3,9,66.66666666666666,4448.633021545023
2022-03-30,6,3,9,66.66666666666666,4512.574520764989
2022-03-31,8,1,9,88.88888888888889,4517.4297203988845
2022-04-01,8,1,9,88.88888888888889,4527.074791636836
2022-04-04,8,1,9,88.88888888888889,4602.489646217938
2022-04-05,8,1,9,88.88888888888889,4639.210199989238
2022-04-06,8,1,9,88.88888888888889,4632.761114873559
2022-04-07,8,1,9,88.88888888888889,4595.898988319786
2022-04-08,8,1,9,88.88888888888889,4644.304565182382
2022-04-11,8,1,9,88.88888888888889,4598.112064478248
2022-04-12,7,2,9,77.77777777777779,4549.1724547932945
2022-04-13,8,1,9,88.88888888888889,4537.903627152167
2022-04-18,6,3,9,66.66666666666666,4522.208212403747
2022-04-19,5,4,9,55.55555555555556,4469.903864829663
2022-04-20,5,4,9,55.55555555555556,4484.255733887876
2022-04-21,7,2,9,77.77777777777779,4553.509179196799
2022-04-22,7,2,9,77.77777777777779,4525.421901186401
2022-04-25,6,3,9,66.66666666666666,4450.373115076174
2022-04-26,6,3,9,66.66666666666666,4479.535787496038
2022-04-27,5,4,9,55.55555555555556,4408.657623682356
2022-04-28,6,3,9,66.66666666666666,4448.421841754001
2022-04-29,6,3,9,66.66666666666666,4409.465522474067
2022-05-02,6,3,9,66.66666666666666,4391.800377944236
2022-05-04,4,5,9,44.44444444444444,4271.359745041889
2022-05-05,3,6,9,33.33333333333333,4238.799197125418
2022-05-06,3,6,9,33.33333333333333,4103.019858204093
2022-05-09,2,7,9,22.22222222222222,4031.269749632979
2022-05-10,2,7,9,22.22222222222222,3941.6477225082162
2022-05-11,3,6,9,33.33333333333333,3985.939023477662
2022-05-12,3,6,9,33.33333333333333,3893.126545672376
2022-05-13,3,6,9,33.33333333333333,3935.3372604314536
2022-05-16,3,6,9,33.33333333333333,3945.3596730048575
2022-05-17,4,5,9,44.44444444444444,4095.939459443034
2022-05-18,4,5,9,44.44444444444444,4096.482457986223
2022-05-19,3,6,9,33.33333333333333,4019.3616817288303
2022-05-20,3,6,9,33.33333333333333,4044.375872070461
2022-05-23,3,6,9,33.33333333333333,4047.9184729660788
2022-05-24,3,6,9,33.33333333333333,4036.1414347766763
2022-05-25,2,7,9,22.22222222222222,3897.9684443294095
2022-05-26,2,7,9,22.22222222222222,3911.044528531838
2022-05-27,3,6,9,33.33333333333333,4004.714885770217
2022-05-30,4,5,9,44.44444444444444,4183.913940475771
2022-05-31,4,5,9,44.44444444444444,4199.231442831834
2022-06-01,4,5,9,44.44444444444444,4197.738460666564
2022-06-02,3,6,9,33.33333333333333,4247.037784241033
2022-06-03,3,6,9,33.33333333333333,4128.5031256554275
2022-06-06,3,6,9,33.33333333333333,4105.577646582775
2022-06-07,3,6,9,33.33333333333333,4067.9947160150723
2022-06-08,2,7,9,22.22222222222222,4000.5131474485834
2022-06-09,2,7,9,22.22222222222222,3991.457581578906
2022-06-10,2,7,9,22.22222222222222,4024.002570809014
2022-06-13,2,7,9,22.22222222222222,3958.8150382073018
2022-06-14,2,7,9,22.22222222222222,3962.1816150302748
2022-06-15,2,7,9,22.22222222222222,4002.0563333960595
2022-06-16,2,7,9,22.22222222222222,3908.4639496785057
2022-06-17,2,7,9,22.22222222222222,3861.4861121625318
2022-06-20,2,7,9,22.22222222222222,3796.3242369630225
2022-06-21,2,7,9,22.22222222222222,3902.4393924217206
2022-06-22,2,7,9,22.22222222222222,3856.965674514212
2022-06-23,2,7,9,22.22222222222222,3898.0402949507925
2022-06-24,2,7,9,22.22222222222222,3937.16273700609
2022-06-27,2,7,9,22.22222222222222,3979.096874686242
2022-06-28,2,7,9,22.22222222222222,3988.66847788937
2022-06-29,2,7,9,22.22222222222222,3953.3473077762415
2022-06-30,2,7,9,22.22222222222222,3907.534938322311
2022-07-01,2,7,9,22.22222222222222,3916.7760818112088
2022-07-04,2,7,9,22.22222222222222,3960.2925163979885
2022-07-05,2,7,9,22.22222222222222,3943.6895146689826
2022-07-06,2,7,9,22.22222222222222,4044.9278880754414
2022-07-07,2,7,9,22.22222222222222,4100.631365235044
2022-07-08,2,7,9,22.22222222222222,4198.713356886684
2022-07-11,3,6,9,33.33333333333333,4320.51144581823
2022-07-12,3,6,9,33.33333333333333,4266.5185478095755
2022-07-13,3,6,9,33.33333333333333,4301.40882770576
2022-07-14,3,6,9,33.33333333333333,4242.996158464194
2022-07-15,3,6,9,33.33333333333333,4273.946187143645
2022-07-18,3,6,9,33.33333333333333,4284.318163940934
2022-07-19,3,6,9,33.33333333333333,4296.558457683773
2022-07-20,3,6,9,33.33333333333333,4279.785528145989
2022-07-21,5,4,9,55.55555555555556,4376.530321111451
2022-07-22,4,5,9,44.44444444444444,4366.196508341439
2022-07-25,5,4,9,55.55555555555556,4456.94870906176
2022-07-26,5,4,9,55.55555555555556,4413.097186171353
2022-07-27,6,3,9,66.66666666666666,4461.917880429163
2022-07-28,6,3,9,66.66666666666666,4518.9286043051225
2022-07-29,6,3,9,66.66666666666666,4563.766715863077
2022-08-01,7,2,9,77.77777777777779,4662.043018310969
2022-08-02,7,2,9,77.77777777777779,4679.733062987975
2022-08-03,7,2,9,77.77777777777779,4684.383736474395
2022-08-04,7,2,9,77.77777777777779,4730.607210263723
2022-08-05,7,2,9,77.77777777777779,4837.853641461608
2022-08-08,7,2,9,77.77777777777779,4821.373246516774
2022-08-10,7,2,9,77.77777777777779,4926.999439521133
2022-08-11,7,2,9,77.77777777777779,4908.828438612413
2022-08-12,7,2,9,77.77777777777779,4895.488054752141
2022-08-16,7,2,9,77.77777777777779,4979.06563140963
2022-08-17,7,2,9,77.77777777777779,5005.309815425326
2022-08-18,7,2,9,77.77777777777779,5018.702437883807
2022-08-19,7,2,9,77.77777777777779,4913.037601382338
2022-08-22,7,2,9,77.77777777777779,4825.840729993117
2022-08-23,7,2,9,77.77777777777779,4859.208518769362
2022-08-24,7,2,9,77.77777777777779,4847.309946611043
2022-08-25,7,2,9,77.77777777777779,4820.753419505968
2022-08-26,7,2,9,77.77777777777779,4846.805601273895
2022-08-29,7,2,9,77.77777777777779,4840.638703209398
2022-08-30,7,2,9,77.77777777777779,4944.288572615702
2022-09-01,7,2,9,77.77777777777779,4999.325069970587
2022-09-02,7,2,9,77.77777777777779,4979.861374404632
2022-09-05,7,2,9,77.77777777777779,5000.31384138278
2022-09-06,7,2,9,77.77777777777779,4993.648132623117
2022-09-07,7,2,9,77.77777777777779,5005.60732636878
2022-09-08,7,2,9,77.77777777777779,5044.243947619499
2022-09-09,7,2,9,77.77777777777779,5045.758634072186
2022-09-12,9,0,9,100.0,5234.5612612399555
2022-09-13,9,0,9,100.0,5294.277614212171
2022-09-14,9,0,9,100.0,5347.818579391266
2022-09-15,9,0,9,100.0,5324.589534220893
2022-09-16,9,0,9,100.0,5151.645040293337
2022-09-19,7,2,9,77.77777777777779,5129.972980915618
2022-09-20,9,0,9,100.0,5199.726278652461
2022-09-21,8,1,9,88.88888888888889,5151.464261396591
2022-09-22,9,0,9,100.0,5207.3376516003045
2022-09-23,8,1,9,88.88888888888889,5126.082377782056
2022-09-26,6,3,9,66.66666666666666,4980.495840093529
2022-09-27,6,3,9,66.66666666666666,4971.140396231008
2022-09-28,6,3,9,66.66666666666666,4930.831649399749
2022-09-29,6,3,9,66.66666666666666,4878.268229728319
2022-09-30,7,2,9,77.77777777777779,4909.6357608019025
2022-10-03,6,3,9,66.66666666666666,4842.576352716071
2022-10-04,8,1,9,88.88888888888889,4941.220838322097
2022-10-06,7,2,9,77.77777777777779,5002.542197938712
2022-10-07,7,2,9,77.77777777777779,5036.924206176313
2022-10-10,7,2,9,77.77777777777779,4989.762323369627
2022-10-11,7,2,9,77.77777777777779,4931.42243903098
2022-10-12,7,2,9,77.77777777777779,4980.474083373287
2022-10-13,7,2,9,77.77777777777779,4982.678184534971
2022-10-14,7,2,9,77.77777777777779,4992.035443319526
2022-10-17,7,2,9,77.77777777777779,5010.600696294901
2022-10-18,7,2,9,77.77777777777779,4973.477467930208
2022-10-19,7,2,9,77.77777777777779,5012.562238427624
2022-10-20,7,2,9,77.77777777777779,5013.292339947894
2022-10-21,7,2,9,77.77777777777779,4952.3344183232875
2022-10-24,7,2,9,77.77777777777779,4982.851152787959
2022-10-25,7,2,9,77.77777777777779,4947.326834750103
2022-10-27,7,2,9,77.77777777777779,4976.285211666339
2022-10-28,7,2,9,77.77777777777779,4941.841497912029
2022-10-31,7,2,9,77.77777777777779,4947.068259991427
2022-11-01,7,2,9,77.77777777777779,4989.284170796279
2022-11-02,7,2,9,77.77777777777779,4998.46604430295
2022-11-03,8,1,9,88.88888888888889,5027.297930566897
2022-11-04,8,1,9,88.88888888888889,4993.19133491612
2022-11-07,7,2,9,77.77777777777779,4964.348458024582
2022-11-09,7,2,9,77.77777777777779,4972.779259832061
2022-11-10,6,3,9,66.66666666666666,4883.035282267145
2022-11-11,6,3,9,66.66666666666666,4919.093488811677
2022-11-14,6,3,9,66.66666666666666,4895.981501725524
2022-11-15,6,3,9,66.66666666666666,4931.305790807623
2022-11-16,6,3,9,66.66666666666666,4907.647003982105
2022-11-17,6,3,9,66.66666666666666,4876.885793515997
2022-11-18,6,3,9,66.66666666666666,4803.828339177434
2022-11-21,6,3,9,66.66666666666666,4793.719715372898
2022-11-22,6,3,9,66.66666666666666,4819.470862550898
2022-11-23,6,3,9,66.66666666666666,4830.743014859567
2022-11-24,6,3,9,66.66666666666666,4823.1136391944
2022-11-25,6,3,9,66.66666666666666,4851.04801783681
2022-11-28,6,3,9,66.66666666666666,4901.772506118724
2022-11-29,6,3,9,66.66666666666666,4887.616265569834
2022-11-30,6,3,9,66.66666666666666,4956.780795989065
2022-12-01,6,3,9,66.66666666666666,4963.055935105849
2022-12-02,7,2,9,77.77777777777779,4990.770519564654
2022-12-05,7,2,9,77.77777777777779,5018.167549535037
2022-12-06,6,3,9,66.66666666666666,4995.713208728529
2022-12-07,6,3,9,66.66666666666666,4939.172201264911
2022-12-08,6,3,9,66.66666666666666,4951.279868150964
2022-12-09,6,3,9,66.66666666666666,4903.390830647804
2022-12-12,6,3,9,66.66666666666666,4845.784749055591
2022-12-13,6,3,9,66.66666666666666,4854.584339369402
2022-12-14,6,3,9,66.66666666666666,4881.027598690986
2022-12-15,6,3,9,66.66666666666666,4821.186626631931
2022-12-16,6,3,9,66.66666666666666,4756.32453793545
2022-12-19,6,3,9,66.66666666666666,4756.346977939043
2022-12-20,6,3,9,66.66666666666666,4752.061934060177
2022-12-21,5,4,9,55.55555555555556,4708.309231967075
2022-12-22,5,4,9,55.55555555555556,4639.065973560678
2022-12-23,4,5,9,44.44444444444444,4496.962179834511
2022-12-26,5,4,9,55.55555555555556,4632.301285559705
2022-12-27,4,5,9,44.44444444444444,4652.205516732984
2022-12-28,4,5,9,44.44444444444444,4684.88233762051
2022-12-29,4,5,9,44.44444444444444,4698.637731892016
2022-12-30,4,5,9,44.44444444444444,4696.272854042223
2023-01-02,4,5,9,44.44444444444444,4689.450232481601
2023-01-03,4,5,9,44.44444444444444,4680.708446538827
2023-01-04,4,5,9,44.44444444444444,4600.749239726995
2023-01-05,4,5,9,44.44444444444444,4586.368494153858
2023-01-06,4,5,9,44.44444444444444,4542.551994327615
2023-01-09,4,5,9,44.44444444444444,4572.242539583614
2023-01-10,4,5,9,44.44444444444444,4556.262497194935
2023-01-11,3,6,9,33.33333333333333,4517.047334551677
2023-01-12,4,5,9,44.44444444444444,4550.1375105045545
2023-01-13,4,5,9,44.44444444444444,4536.16999738018
2023-01-16,2,7,9,22.22222222222222,4489.902980603933
2023-01-17,2,7,9,22.22222222222222,4490.509725919069
2023-01-18,2,7,9,22.22222222222222,4517.766720575053
2023-01-19,3,6,9,33.33333333333333,4488.254001846458
2023-01-20,2,7,9,22.22222222222222,4412.567973321713
2023-01-23,2,7,9,22.22222222222222,4345.971762671624
2023-01-24,1,8,9,11.11111111111111,4322.584254411531
2023-01-25,1,8,9,11.11111111111111,4232.112744263827
2023-01-27,1,8,9,11.11111111111111,4210.674853049309
2023-01-30,1,8,9,11.11111111111111,4212.424892215524
2023-01-31,1,8,9,11.11111111111111,4266.670004986731
2023-02-01,1,8,9,11.11111111111111,4257.206027886357
2023-02-02,1,8,9,11.11111111111111,4242.08703080606
2023-02-03,0,9,9,0.0,4245.5959221767835
2023-02-06,0,9,9,0.0,4279.2875815318785
2023-02-07,1,8,9,11.11111111111111,4272.076288100636
2023-02-08,3,6,9,33.33333333333333,4328.1015272166815
2023-02-09,3,6,9,33.33333333333333,4333.190312626562
2023-02-10,3,6,9,33.33333333333333,4328.6821459588655
2023-02-13,3,6,9,33.33333333333333,4268.492972572241
2023-02-14,0,9,9,0.0,4209.656604027346
2023-02-15,1,8,9,11.11111111111111,4273.688152222328
2023-02-16,3,6,9,33.33333333333333,4393.774008624532
2023-02-17,3,6,9,33.33333333333333,4356.701196457618
2023-02-20,2,7,9,22.22222222222222,4369.363015300914
2023-02-21,2,7,9,22.22222222222222,4354.529030142328
2023-02-22,2,7,9,22.22222222222222,4288.851385888573
2023-02-23,2,7,9,22.22222222222222,4245.092100909315
2023-02-24,2,7,9,22.22222222222222,4257.141813605957
2023-02-27,0,9,9,0.0,4188.340101038311
2023-02-28,0,9,9,0.0,4199.521363094816
2023-03-01,2,7,9,22.22222222222222,4284.201757761578
2023-03-02,1,8,9,11.11111111111111,4248.128242330303
2023-03-03,1,8,9,11.11111111111111,4267.556950421558
2023-03-06,1,8,9,11.11111111111111,4284.410857788147
2023-03-08,2,7,9,22.22222222222222,4286.258906976785
2023-03-09,1,8,9,11.11111111111111,4262.852441557491
2023-03-10,2,7,9,22.22222222222222,4269.515411018881
2023-03-13,0,9,9,0.0,4195.292260117721
2023-03-14,0,9,9,0.0,4204.502219939126
2023-03-15,1,8,9,11.11111111111111,4189.745128363336
2023-03-16,0,9,9,0.0,4197.389629732686
2023-03-17,1,8,9,11.11111111111111,4209.233310870418
2023-03-20,1,8,9,11.11111111111111,4179.649653305149
2023-03-21,1,8,9,11.11111111111111,4185.347166027037
2023-03-22,2,7,9,22.22222222222222,4241.873172117889
2023-03-23,2,7,9,22.22222222222222,4239.890355612589
2023-03-24,2,7,9,22.22222222222222,4173.244249864128
2023-03-27,1,8,9,11.11111111111111,4147.537742360057
2023-03-28,1,8,9,11.11111111111111,4135.192356421023
2023-03-29,1,8,9,11.11111111111111,4197.0239773488975
2023-03-31,2,7,9,22.22222222222222,4255.752737917142
2023-04-03,2,7,9,22.22222222222222,4228.849835762746
2023-04-05,2,7,9,22.22222222222222,4257.031062253565
2023-04-06,2,7,9,22.22222222222222,4266.5879868311395
2023-04-10,2,7,9,22.22222222222222,4280.964036638742
2023-04-11,2,7,9,22.22222222222222,4310.813864572084
2023-04-12,2,7,9,22.22222222222222,4353.890492939041
2023-04-13,2,7,9,22.22222222222222,4369.595728559136
2023-04-17,3,6,9,33.33333333333333,4405.331705571951
2023-04-18,3,6,9,33.33333333333333,4458.870103044954
2023-04-19,3,6,9,33.33333333333333,4439.359359123214
2023-04-20,3,6,9,33.33333333333333,4429.360020348935
2023-04-21,4,5,9,44.44444444444444,4471.35670720898
2023-04-24,3,6,9,33.33333333333333,4468.858862975807
2023-04-25,3,6,9,33.33333333333333,4456.541883628914
2023-04-26,3,6,9,33.33333333333333,4456.566101268595
2023-04-27,3,6,9,33.33333333333333,4456.528753768337
2023-04-28,4,5,9,44.44444444444444,4559.69123968676
2023-05-02,4,5,9,44.44444444444444,4556.25305455932
2023-05-03,4,5,9,44.44444444444444,4627.801900818089
2023-05-04,4,5,9,44.44444444444444,4643.013039053395
2023-05-05,4,5,9,44.44444444444444,4605.396438039977
2023-05-08,4,5,9,44.44444444444444,4644.362807726716
2023-05-09,4,5,9,44.44444444444444,4663.013160566827
2023-05-10,4,5,9,44.44444444444444,4647.983310628506
2023-05-11,5,4,9,55.55555555555556,4649.755543087291
2023-05-12,5,4,9,55.55555555555556,4645.999742835707
2023-05-15,5,4,9,55.55555555555556,4602.622793265081
2023-05-16,5,4,9,55.55555555555556,4595.271297742798
2023-05-17,5,4,9,55.55555555555556,4581.224553697941
2023-05-18,5,4,9,55.55555555555556,4535.8698085513315
2023-05-19,5,4,9,55.55555555555556,4540.122692330926
2023-05-22,4,5,9,44.44444444444444,4546.819514231736
2023-05-23,4,5,9,44.44444444444444,4564.485699010397
2023-05-24,5,4,9,55.55555555555556,4664.381482208769
2023-05-25,5,4,9,55.55555555555556,4652.283930154119
2023-05-26,6,3,9,66.66666666666666,4695.086062965858
2023-05-29,6,3,9,66.66666666666666,4703.304369739955
2023-05-30,6,3,9,66.66666666666666,4708.249244460675
2023-05-31,6,3,9,66.66666666666666,4728.24418244264
2023-06-01,6,3,9,66.66666666666666,4700.534670640043
2023-06-02,6,3,9,66.66666666666666,4709.537748891769
2023-06-05,6,3,9,66.66666666666666,4788.326956824421
2023-06-06,6,3,9,66.66666666666666,4807.341338309878
2023-06-07,6,3,9,66.66666666666666,4874.079258715864
2023-06-08,6,3,9,66.66666666666666,4815.163646892381
2023-06-09,6,3,9,66.66666666666666,4735.663734953104
2023-06-12,5,4,9,55.55555555555556,4717.163964475393
2023-06-13,5,4,9,55.55555555555556,4783.679248431561
2023-06-14,5,4,9,55.55555555555556,4829.404405468036
2023-06-15,5,4,9,55.55555555555556,4862.901799375909
2023-06-16,5,4,9,55.55555555555556,4887.53054153374
2023-06-19,6,3,9,66.66666666666666,4870.672837065103
2023-06-20,6,3,9,66.66666666666666,4907.86667618496
2023-06-21,5,4,9,55.55555555555556,4926.912910917582
2023-06-22,5,4,9,55.55555555555556,4880.815195265085
2023-06-23,5,4,9,55.55555555555556,4797.9314455459225
2023-06-26,5,4,9,55.55555555555556,4826.881786596695
2023-06-27,5,4,9,55.55555555555556,4802.497933773744
2023-06-28,5,4,9,55.55555555555556,4813.2843258563125
2023-06-30,5,4,9,55.55555555555556,4806.880231381558
2023-07-03,5,4,9,55.55555555555556,4773.265768169685
2023-07-04,5,4,9,55.55555555555556,4755.714152131914
2023-07-05,5,4,9,55.55555555555556,4739.758315589168
2023-07-06,5,4,9,55.55555555555556,4760.026778436557
2023-07-07,5,4,9,55.55555555555556,4676.687003233786
2023-07-10,4,5,9,44.44444444444444,4588.2333947400075
2023-07-11,3,6,9,33.33333333333333,4545.857605451009
2023-07-12,3,6,9,33.33333333333333,4570.0622663526165
2023-07-13,3,6,9,33.33333333333333,4547.345048185515
2023-07-14,4,5,9,44.44444444444444,4611.328113738657
2023-07-17,4,5,9,44.44444444444444,4676.009642101274
2023-07-18,4,5,9,44.44444444444444,4669.532392888912
2023-07-19,4,5,9,44.44444444444444,4677.1236863352
2023-07-20,4,5,9,44.44444444444444,4670.900281551568
2023-07-21,4,5,9,44.44444444444444,4690.882685236138
2023-07-24,4,5,9,44.44444444444444,4635.133127357814
2023-07-25,4,5,9,44.44444444444444,4595.336218473655
2023-07-26,4,5,9,44.44444444444444,4601.943501579301
2023-07-27,3,6,9,33.33333333333333,4551.615800679957
2023-07-28,4,5,9,44.44444444444444,4577.941218561651
2023-07-31,4,5,9,44.44444444444444,4619.626075583515
2023-08-01,5,4,9,55.55555555555556,4732.007997606818
2023-08-02,5,4,9,55.55555555555556,4709.045383358627
2023-08-03,5,4,9,55.55555555555556,4709.057073853655
2023-08-04,5,4,9,55.55555555555556,4736.041878258711
2023-08-07,5,4,9,55.55555555555556,4787.643205943649
2023-08-08,5,4,9,55.55555555555556,4804.419725794958
2023-08-09,5,4,9,55.55555555555556,4798.250919613114
2023-08-10,5,4,9,55.55555555555556,4779.474003748976
2023-08-11,5,4,9,55.55555555555556,4803.442362404847
2023-08-14,5,4,9,55.55555555555556,4796.653598706125
2023-08-16,5,4,9,55.55555555555556,4802.939951532482
2023-08-17,4,5,9,44.44444444444444,4773.639476811605
2023-08-18,4,5,9,44.44444444444444,4728.619269831972
2023-08-21,4,5,9,44.44444444444444,4800.251123152352
2023-08-22,4,5,9,44.44444444444444,4793.383330364233
2023-08-23,4,5,9,44.44444444444444,4829.1868269441375
2023-08-24,5,4,9,55.55555555555556,4854.583662589044
2023-08-25,5,4,9,55.55555555555556,4844.5557672233435
2023-08-28,5,4,9,55.55555555555556,4895.373385032328
2023-08-29,6,3,9,66.66666666666666,5112.860408403363
2023-08-30,7,2,9,77.77777777777779,5138.459757043223
2023-08-31,7,2,9,77.77777777777779,5110.776893749285
2023-09-01,6,3,9,66.66666666666666,5139.193751991254
2023-09-04,6,3,9,66.66666666666666,5201.0452685320615
2023-09-05,6,3,9,66.66666666666666,5297.701666174725
2023-09-06,8,1,9,88.88888888888889,5320.214736558903
2023-09-07,8,1,9,88.88888888888889,5347.040681677804
2023-09-08,8,1,9,88.88888888888889,5356.024156597655
2023-09-11,8,1,9,88.88888888888889,5339.513070640158
2023-09-12,7,2,9,77.77777777777779,5150.193774713934
2023-09-13,7,2,9,77.77777777777779,5202.0961588094615
2023-09-14,7,2,9,77.77777777777779,5232.6453522639995
2023-09-15,7,2,9,77.77777777777779,5203.235188430062
2023-09-18,8,1,9,88.88888888888889,5197.201747336053
2023-09-20,7,2,9,77.77777777777779,5146.042584867532
2023-09-21,6,3,9,66.66666666666666,5105.825339823634
2023-09-22,6,3,9,66.66666666666666,5048.438197581844
2023-09-25,5,4,10,55.55555555555556,5062.627827463853
2023-09-26,5,4,10,55.55555555555556,5053.817012296825
2023-09-27,6,3,10,66.66666666666666,5081.126885052392
2023-09-28,3,6,10,33.33333333333333,5005.9632516203055
2023-09-29,3,6,10,33.33333333333333,4956.756074709163
2023-10-03,4,5,10,44.44444444444444,4977.561148290435
2023-10-04,3,6,10,33.33333333333333,4946.672771994557
2023-10-05,3,6,10,33.33333333333333,4948.644666875149
2023-10-06,4,5,10,44.44444444444444,4962.836717056761
2023-10-09,4,5,10,44.44444444444444,4872.701131781685
2023-10-10,4,5,10,44.44444444444444,4902.468112044911
2023-10-11,5,4,10,55.55555555555556,4947.876857568759
2023-10-12,5,4,10,55.55555555555556,4970.4023221157295
2023-10-13,4,5,10,44.44444444444444,4955.541749403022
2023-10-16,4,5,10,44.44444444444444,4962.738397802144
2023-10-17,4,5,10,44.44444444444444,4981.045301920766
2023-10-18,4,5,10,44.44444444444444,4938.274722754303
2023-10-19,4,5,10,44.44444444444444,4927.697319438853
2023-10-20,4,5,10,44.44444444444444,4878.406719835859
2023-10-23,2,7,10,22.22222222222222,4733.605079835578
2023-10-25,1,8,10,11.11111111111111,4648.099106600669
2023-10-26,1,8,10,11.11111111111111,4591.739265241864
2023-10-27,2,7,10,22.22222222222222,4649.20924278028
2023-10-30,2,7,10,22.22222222222222,4672.160495531021
2023-10-31,2,7,10,22.22222222222222,4693.344223547225
2023-11-01,1,8,10,11.11111111111111,4649.8253837656375
2023-11-02,3,6,10,33.33333333333333,4679.0299278172615
2023-11-03,3,6,10,33.33333333333333,4743.056548220398
2023-11-06,5,4,10,55.55555555555556,4890.950217707684
2023-11-07,5,4,10,55.55555555555556,4860.342194995437
2023-11-08,6,3,10,66.66666666666666,4887.502435600574
2023-11-09,5,4,10,55.55555555555556,4862.012393308834
2023-11-10,5,4,10,55.55555555555556,4881.402878994181
2023-11-12,5,4,10,55.55555555555556,4903.342932625113
2023-11-13,5,4,10,55.55555555555556,4905.426218352317
2023-11-15,5,4,10,55.55555555555556,4928.243332282649
2023-11-16,5,4,10,55.55555555555556,4923.4273776838245
2023-11-17,6,3,10,66.66666666666666,4926.6614887843725
2023-11-20,5,4,10,55.55555555555556,4902.356298599273
2023-11-21,6,3,10,66.66666666666666,4941.823108086826
2023-11-22,6,3,10,66.66666666666666,4967.2770432822
2023-11-23,6,3,10,66.66666666666666,5035.595382634013
2023-11-24,6,3,10,66.66666666666666,5044.928288035643
2023-11-28,6,3,10,66.66666666666666,5016.973105067549
2023-11-29,6,3,10,66.66666666666666,5066.773822191711
2023-11-30,6,3,10,66.66666666666666,5087.991094136589
2023-12-01,6,3,10,66.66666666666666,5133.47399831342
2023-12-04,6,3,10,66.66666666666666,5146.219917472808
2023-12-05,6,3,10,66.66666666666666,5216.900088414463
2023-12-06,6,3,10,66.66666666666666,5269.62625066993
2023-12-07,7,2,10,77.77777777777779,5275.984247254131
2023-12-08,6,3,10,66.66666666666666,5214.177956209172
2023-12-11,6,3,10,66.66666666666666,5209.33892645246
2023-12-12,5,4,10,55.55555555555556,5149.001054493868
2023-12-13,5,4,10,55.55555555555556,5146.844037058594
2023-12-14,6,3,10,66.66666666666666,5169.169268516255
2023-12-15,6,3,10,66.66666666666666,5214.459491778256
2023-12-18,6,3,10,66.66666666666666,5250.917730655402
2023-12-19,7,2,10,77.77777777777779,5289.217802448234
2023-12-20,5,4,10,55.55555555555556,5152.109527802775
2023-12-21,7,2,10,77.77777777777779,5240.364190991092
2023-12-22,7,2,10,77.77777777777779,5302.780704776644
2023-12-26,7,2,10,77.77777777777779,5464.498800150364
2023-12-27,7,2,10,77.77777777777779,5505.807617598816
2023-12-28,7,2,10,77.77777777777779,5489.011024450125
2023-12-29,8,1,10,88.88888888888889,5518.991176328741
2024-01-01,7,2,10,77.77777777777779,5537.979446566002
2024-01-02,7,2,10,77.77777777777779,5551.970645316087
2024-01-03,7,2,10,77.77777777777779,5543.805629778193
2024-01-04,7,2,10,77.77777777777779,5566.974487078599
2024-01-05,7,2,10,77.77777777777779,5580.940645007592
2024-01-08,6,3,10,66.66666666666666,5465.640514931372
2024-01-09,5,4,10,55.55555555555556,5434.589489890302
2024-01-10,5,4,10,55.55555555555556,5421.147524746839
2024-01-11,6,3,10,66.66666666666666,5458.585211717834
2024-01-12,6,3,10,66.66666666666666,5427.395781260252
2024-01-15,6,3,10,66.66666666666666,5422.220073575251
2024-01-16,5,4,10,55.55555555555556,5435.29885227345
2024-01-17,4,5,10,44.44444444444444,5326.8708439455895
2024-01-18,4,5,10,44.44444444444444,5295.4952904362335
2024-01-19,4,5,10,44.44444444444444,5375.0757533339665
2024-01-20,4,5,10,44.44444444444444,5344.744123666119
2024-01-23,3,6,10,33.33333333333333,5179.777567864055
2024-01-24,4,5,10,44.44444444444444,5246.10571877149
2024-01-25,5,4,10,55.55555555555556,5220.633897646311
2024-01-29,4,5,10,44.44444444444444,5214.723891457331
2024-01-30,4,5,10,44.44444444444444,5170.300715454161
2024-01-31,4,5,10,44.44444444444444,5321.971196240871
2024-02-01,4,5,10,44.44444444444444,5251.626658838258
2024-02-02,4,5,10,44.44444444444444,5246.730003868503
2024-02-05,4,5,10,44.44444444444444,5158.44289748775
2024-02-06,4,5,10,44.44444444444444,5210.268306247745
2024-02-07,4,5,10,44.44444444444444,5204.063797000727
2024-02-08,4,5,10,44.44444444444444,5143.191790295018
2024-02-09,4,5,10,44.44444444444444,5184.432355373268
2024-02-12,4,5,10,44.44444444444444,5139.067308040064
2024-02-13,4,5,10,44.44444444444444,5158.509342911018
2024-02-14,5,4,10,55.55555555555556,5187.252999097574
2024-02-15,6,3,10,66.66666666666666,5242.891906297377
2024-02-16,6,3,10,66.66666666666666,5324.13032505004
2024-02-19,6,3,10,66.66666666666666,5327.082149566648
2024-02-20,6,3,10,66.66666666666666,5392.207849468973
2024-02-21,6,3,10,66.66666666666666,5349.176477541367
2024-02-22,6,3,10,66.66666666666666,5390.554029422106
2024-02-23,6,3,10,66.66666666666666,5376.552411443455
2024-02-26,6,3,10,66.66666666666666,5348.432451798909
2024-02-27,6,3,10,66.66666666666666,5337.787800965525
2024-02-28,6,3,10,66.66666666666666,5235.9461357016535
2024-02-29,6,3,10,66.66666666666666,5302.716154920055
2024-03-01,6,3,10,66.66666666666666,5375.354455465446
2024-03-02,6,3,10,66.66666666666666,5374.498262196139
2024-03-04,6,3,10,66.66666666666666,5293.072780581573
2024-03-05,6,3,10,66.66666666666666,5287.87854390475
2024-03-06,6,3,10,66.66666666666666,5264.380704690603
2024-03-07,6,3,10,66.66666666666666,5282.820441209201
2024-03-11,5,4,10,55.55555555555556,5226.828274285674
2024-03-12,5,4,10,55.55555555555556,5158.26349448988
2024-03-13,4,5,10,44.44444444444444,5016.508283990871
2024-03-14,5,4,10,55.55555555555556,5113.945617688214
2024-03-15,5,4,10,55.55555555555556,5146.685267239489
2024-03-18,5,4,10,55.55555555555556,5202.1550774279
2024-03-19,5,4,10,55.55555555555556,5168.571016796495
2024-03-20,5,4,10,55.55555555555556,5132.721319979556
2024-03-21,5,4,10,55.55555555555556,5210.828013344572
2024-03-22,5,4,10,55.55555555555556,5247.409517625606
2024-03-26,5,4,10,55.55555555555556,5226.8127340943465
2024-03-27,5,4,10,55.55555555555556,5235.355144481804
2024-03-28,5,4,10,55.55555555555556,5209.0424596159855
2024-04-01,5,4,10,55.55555555555556,5317.548354074082
2024-04-02,6,3,10,66.66666666666666,5348.432402283013
2024-04-03,6,3,10,66.66666666666666,5386.389157094217
2024-04-04,6,3,10,66.66666666666666,5415.2564262052
2024-04-05,6,3,10,66.66666666666666,5464.975344311541
2024-04-08,6,3,10,66.66666666666666,5467.235068666187
2024-04-09,6,3,10,66.66666666666666,5421.529833828417
2024-04-10,6,3,10,66.66666666666666,5529.124337723952
2024-04-12,6,3,10,66.66666666666666,5534.744580051205
2024-04-15,6,3,10,66.66666666666666,5402.320074864976
2024-04-16,6,3,10,66.66666666666666,5404.575178907174
2024-04-18,6,3,10,66.66666666666666,5401.732687462161
2024-04-19,6,3,10,66.66666666666666,5425.772633277375
2024-04-22,6,3,10,66.66666666666666,5491.941705544495
2024-04-23,6,3,10,66.66666666666666,5573.405270060491
2024-04-24,6,3,10,66.66666666666666,5609.841199395738
2024-04-25,7,2,10,77.77777777777779,5637.6297111789745
2024-04-26,6,3,10,66.66666666666666,5655.478434663348
2024-04-29,6,3,10,66.66666666666666,5665.473132641822
2024-04-30,6,3,10,66.66666666666666,5641.529081357761
2024-05-02,6,3,10,66.66666666666666,5635.62197513199
2024-05-03,7,3,10,70.0,5589.5982712813075
2024-05-06,7,3,10,70.0,5604.539066218414
2024-05-07,6,4,10,60.0,5508.315834280161
2024-05-08,5,5,10,50.0,5458.004787329498
2024-05-09,5,5,10,50.0,5317.448088100939
2024-05-10,5,5,10,50.0,5390.928278342206
2024-05-13,6,4,10,60.0,5372.574849775659
2024-05-14,6,4,10,60.0,5414.580491876666
2024-05-15,6,4,10,60.0,5402.74897981662
2024-05-16,6,4,10,60.0,5382.642789191411
2024-05-17,5,5,10,50.0,5430.499320547338
2024-05-18,5,5,10,50.0,5450.725316731923
2024-05-21,5,5,10,50.0,5462.57067305074
2024-05-22,6,4,10,60.0,5460.770364226926
2024-05-23,6,4,10,60.0,5404.919595370147
2024-05-24,6,4,10,60.0,5375.666643779064
2024-05-27,5,5,10,50.0,5327.758113726065
2024-05-28,5,5,10,50.0,5313.287206725185
2024-05-29,5,5,10,50.0,5299.205934285346
2024-05-30,3,7,10,30.0,5190.3631959607
2024-05-31,3,7,10,30.0,5157.706394962411
2024-06-03,5,5,10,50.0,5247.953041689605
2024-06-04,4,6,10,40.0,5091.074800041661
2024-06-05,4,6,10,40.0,5273.4844667345515
2024-06-06,5,5,10,50.0,5315.295561231669
2024-06-07,5,5,10,50.0,5347.6948124935225
2024-06-10,6,4,10,60.0,5466.020251753909
2024-06-11,6,4,10,60.0,5475.558526606619
2024-06-12,7,3,10,70.0,5555.224249351014
2024-06-13,9,1,10,90.0,5592.132881625749
2024-06-14,8,2,10,80.0,5591.235794056354
2024-06-18,8,2,10,80.0,5610.008679003953
2024-06-19,8,2,10,80.0,5646.0504699644125
2024-06-20,9,1,10,90.0,5832.11607660503
2024-06-21,9,1,10,90.0,5774.991852757019
2024-06-24,9,1,10,90.0,5739.957051275186
2024-06-25,8,2,10,80.0,5702.175258323994
2024-06-26,8,2,10,80.0,5728.645630764509
2024-06-27,8,2,10,80.0,5744.546690891572
2024-06-28,10,0,10,100.0,5762.518537363873
2024-07-01,10,0,10,100.0,5854.527387732494
2024-07-02,10,0,10,100.0,5913.309504157641
2024-07-03,10,0,10,100.0,6008.116315964745
2024-07-04,10,0,10,100.0,5997.2189868500245
2024-07-05,10,0,10,100.0,6061.524831924182
2024-07-08,9,1,10,90.0,6021.979382769949
2024-07-09,10,0,10,100.0,6116.590310985843
2024-07-10,10,0,10,100.0,6103.69800285626
2024-07-11,10,0,10,100.0,6091.330992429607
2024-07-12,10,0,10,100.0,6089.298470930427
2024-07-15,10,0,10,100.0,6086.397789698099
2024-07-16,10,0,10,100.0,6094.170392645554
2024-07-18,10,0,10,100.0,6091.30150526008
2024-07-19,9,1,10,90.0,5930.037033892153
2024-07-22,9,1,10,90.0,6064.659941861402
2024-07-23,9,1,10,90.0,6043.206188324187
2024-07-24,9,1,10,90.0,6087.557698080267
2024-07-25,10,0,10,100.0,6128.803631495619
2024-07-26,10,0,10,100.0,6238.656102760616
2024-07-29,10,0,10,100.0,6319.25885137748
2024-07-30,10,0,10,100.0,6478.37383343348
2024-07-31,10,0,10,100.0,6519.946415052717
2024-08-01,10,0,10,100.0,6463.935643751322
2024-08-02,10,0,10,100.0,6414.849775288924
2024-08-05,10,0,10,100.0,6229.714223477478
2024-08-06,10,0,10,100.0,6301.061252085782
2024-08-07,10,0,10,100.0,6490.888859354873
2024-08-08,10,0,10,100.0,6411.455261132131
2024-08-09,10,0,10,100.0,6444.4866097937775
2024-08-12,10,0,10,100.0,6366.019375768881
2024-08-13,8,2,10,80.0,6101.013468515967
2024-08-14,8,2,10,80.0,6069.776636508707
2024-08-16,8,2,10,80.0,6146.21132841082
2024-08-19,8,2,10,80.0,6153.078618421884
2024-08-20,8,2,10,80.0,6205.711395594046
2024-08-21,8,2,10,80.0,6276.4635407875385
2024-08-22,8,2,10,80.0,6310.50780873075
2024-08-23,8,2,10,80.0,6290.946095029767
2024-08-26,8,2,10,80.0,6322.875399992184
2024-08-27,8,2,10,80.0,6361.892180887852
2024-08-28,8,2,10,80.0,6338.865982474135
2024-08-29,8,2,10,80.0,6284.912941290802
2024-08-30,8,2,10,80.0,6334.217161173445
2024-09-02,8,2,10,80.0,6325.393797049587
2024-09-03,8,2,10,80.0,6370.417602085773
2024-09-04,8,2,10,80.0,6363.929732676571
2024-09-05,8,2,10,80.0,6397.67132682455
2024-09-06,8,2,10,80.0,6337.218060988656
2024-09-09,8,2,10,80.0,6349.80100652204
2024-09-10,8,2,10,80.0,6413.718248646333
2024-09-11,8,2,10,80.0,6321.330002556942
2024-09-12,8,2,10,80.0,6330.534741191713
2024-09-13,8,2,10,80.0,6350.348845049198
2024-09-16,8,2,10,80.0,6344.1564989090375
2024-09-17,7,3,10,70.0,6356.949910256533
2024-09-18,7,3,10,70.0,6355.5002712493115
2024-09-19,6,4,10,60.0,6349.144480511848
2024-09-20,7,3,10,70.0,6377.369458890472
2024-09-23,8,2,10,80.0,6420.507135397346
2024-09-24,8,2,10,80.0,6412.766157687969
2024-09-25,8,2,10,80.0,6411.431805586989
2024-09-26,8,2,10,80.0,6410.934684880539
2024-09-27,9,1,10,90.0,6471.138286366511
2024-09-30,9,1,10,90.0,6471.550537911351
2024-10-01,9,1,10,90.0,6578.449119152107
2024-10-03,8,2,10,80.0,6401.132553578728
2024-10-04,7,3,10,70.0,6286.939523297022
2024-10-07,6,4,10,60.0,6101.618543020399
2024-10-08,6,4,10,60.0,6195.267929239277
2024-10-09,6,4,10,60.0,6255.371435650782
2024-10-10,7,3,10,70.0,6242.414828529642
2024-10-11,7,3,10,70.0,6243.657630745643
2024-10-14,6,4,10,60.0,6236.968115319591
2024-10-15,6,4,10,60.0,6325.965127026333
2024-10-16,8,2,10,80.0,6354.8397905534475
2024-10-17,6,4,10,60.0,6187.279842200696
2024-10-18,7,3,10,70.0,6217.347978968872
2024-10-21,6,4,10,60.0,6090.731921437753
2024-10-22,6,4,10,60.0,5896.904197570336
2024-10-23,6,4,10,60.0,5972.051174375546
2024-10-24,6,4,10,60.0,5990.89184972337
2024-10-25,5,5,10,50.0,5846.481610068391
2024-10-28,6,4,10,60.0,5965.798386977821
2024-10-29,5,5,10,50.0,5940.156662048128
2024-10-30,6,4,10,60.0,5978.183752479758
2024-10-31,6,4,10,60.0,5979.1217704355095
2024-11-01,7,3,10,70.0,6023.48018669634
2024-11-04,6,4,10,60.0,6008.191470966657
2024-11-05,7,3,10,70.0,6101.274487118059
2024-11-06,7,3,10,70.0,6242.321930791689
2024-11-07,7,3,10,70.0,6236.620189487457
2024-11-08,7,3,10,70.0,6088.411973245677
2024-11-11,8,2,10,80.0,5985.586968730341
2024-11-12,6,4,10,60.0,5877.9044395388855
2024-11-13,3,7,10,30.0,5695.972065587481
2024-11-14,5,5,10,50.0,5754.388432133478
2024-11-18,4,6,10,40.0,5686.388579379802
2024-11-19,5,5,10,50.0,5727.732389410424
2024-11-21,4,6,10,40.0,5637.709848474929
2024-11-22,5,5,10,50.0,5730.796990594965
2024-11-25,6,4,10,60.0,5802.819194477055
2024-11-26,6,4,10,60.0,5820.978088877236
2024-11-27,7,3,10,70.0,5901.16526815959
2024-11-28,7,3,10,70.0,5872.988663237614
2024-11-29,7,3,10,70.0,5892.331232182474
2024-12-02,7,3,10,70.0,5934.070258312299
2024-12-03,7,3,10,70.0,5941.84626298861
2024-12-04,7,3,10,70.0,6020.820601236323
2024-12-05,7,3,10,70.0,6031.781849852353
2024-12-06,7,3,10,70.0,5997.893999798805
2024-12-09,7,3,10,70.0,5951.852721827417
2024-12-10,7,3,10,70.0,6052.1780806282395
2024-12-11,7,3,10,70.0,6016.577938074251
2024-12-12,6,4,10,60.0,5930.597993206381
2024-12-13,6,4,10,60.0,5928.0401001913715
2024-12-16,6,4,10,60.0,5911.879921623737
2024-12-17,6,4,10,60.0,5835.111276710315
2024-12-18,5,5,10,50.0,5790.785869817168
2024-12-19,5,5,10,50.0,5744.945298606482
2024-12-20,2,8,10,20.0,5659.8116644139045
2024-12-23,2,8,10,20.0,5658.753490299319
2024-12-24,3,7,10,30.0,5687.951471304719
2024-12-26,2,8,10,20.0,5659.410975234515
2024-12-27,2,8,10,20.0,5645.919943655579
2024-12-30,1,9,10,10.0,5565.624261601146
2024-12-31,2,8,10,20.0,5580.222323834176
2025-01-01,1,9,10,10.0,5595.413026241325
2025-01-02,2,8,10,20.0,5636.403832196695
2025-01-03,1,9,10,10.0,5632.102368248589
2025-01-06,1,9,10,10.0,5525.723980680636
2025-01-07,2,8,10,20.0,5600.319302206505
2025-01-08,2,8,10,20.0,5584.98282603789
2025-01-09,3,7,10,30.0,5789.816151512659
2025-01-10,3,7,10,30.0,5683.700431798806
2025-01-13,3,7,10,30.0,5493.900907303679
2025-01-14,3,7,10,30.0,5530.787714104146
2025-01-15,3,7,10,30.0,5580.386282202783
2025-01-16,3,7,10,30.0,5620.841301312855
2025-01-17,3,7,10,30.0,5625.2058276005655
2025-01-20,3,7,10,30.0,5663.816476592604
2025-01-21,3,7,10,30.0,5638.83707054503
2025-01-22,3,7,10,30.0,5581.021704665142
2025-01-23,3,7,10,30.0,5664.663919354901
2025-01-24,3,7,10,30.0,5577.23436692293
2025-01-27,2,8,10,20.0,5409.6734809324325
2025-01-28,2,8,10,20.0,5340.797701727706
2025-01-29,2,8,10,20.0,5487.434233719007
2025-01-30,2,8,10,20.0,5588.96392893009
2025-01-31,3,7,10,30.0,5649.087896939539
2025-02-01,3,7,10,30.0,5686.061379511871
2025-02-03,2,8,10,20.0,5729.935739095297
2025-02-04,2,8,10,20.0,5749.319395346266
2025-02-05,3,7,10,30.0,5762.605426283544
2025-02-06,3,7,10,30.0,5729.406283748503
2025-02-07,2,8,10,20.0,5644.511253935823
2025-02-10,2,8,10,20.0,5560.36022810154
2025-02-11,2,8,10,20.0,5362.363982004746
2025-02-12,2,8,10,20.0,5307.762491015598
2025-02-13,2,8,10,20.0,5281.224155073792
2025-02-14,2,8,10,20.0,5056.140303988587
2025-02-17,2,8,10,20.0,5037.579055761082
2025-02-18,2,8,10,20.0,5020.275391749777
2025-02-19,2,8,10,20.0,5077.973668773171
2025-02-20,2,8,10,20.0,5163.239145617083
2025-02-21,2,8,10,20.0,5163.13244951461
2025-02-24,2,8,10,20.0,5094.530278563238
2025-02-25,2,8,10,20.0,4997.9613464870445
2025-02-27,2,8,10,20.0,4915.421220059762
2025-02-28,2,8,10,20.0,4853.395795798754
2025-03-03,2,8,10,20.0,4874.2380331941395
2025-03-04,2,8,10,20.0,4950.724748121997
2025-03-05,2,8,10,20.0,5090.076173089545
2025-03-06,2,8,10,20.0,5144.933313382822
2025-03-07,2,8,10,20.0,5154.466696036805
2025-03-10,2,8,10,20.0,5092.843059113053
2025-03-11,2,8,10,20.0,5103.1358104577075
2025-03-12,2,8,10,20.0,5087.4859160333845
2025-03-13,2,8,10,20.0,5063.398499881557
2025-03-17,2,8,10,20.0,5097.823618976072
2025-03-18,2,8,10,20.0,5124.471903668662
2025-03-19,2,8,10,20.0,5166.271858109467
2025-03-20,2,8,10,20.0,5212.28155103023
2025-03-21,2,8,10,20.0,5284.681589826653
2025-03-24,2,8,10,20.0,5331.840896130273
2025-03-25,2,8,10,20.0,5244.911327028114
2025-03-26,2,8,10,20.0,5160.305760382177
2025-03-27,2,8,10,20.0,5179.066714894372
2025-03-28,2,8,10,20.0,5186.3122751921
2025-04-01,2,8,10,20.0,5207.332837026276
2025-04-02,2,8,10,20.0,5316.29831123688
2025-04-03,2,8,10,20.0,5275.602765865534
2025-04-04,2,8,10,20.0,5119.715717951158
2025-04-07,2,8,10,20.0,4874.023464779661
2025-04-08,2,8,10,20.0,4931.215477414953
2025-04-09,2,8,10,20.0,4910.855966236372
2025-04-11,2,8,10,20.0,5191.888360787989
2025-04-15,2,8,10,20.0,5301.841805071825
2025-04-16,3,7,10,30.0,5418.500341110001
2025-04-17,3,7,10,30.0,5403.13545684606
2025-04-21,2,8,10,20.0,5509.25093656549
2025-04-22,3,7,10,30.0,5555.7732299517065
2025-04-23,3,7,10,30.0,5550.53552077044
2025-04-24,3,7,10,30.0,5592.7227917478
2025-04-25,2,8,10,20.0,5507.0396675631455
2025-04-28,3,7,10,30.0,5551.949051215251
2025-04-29,2,8,10,20.0,5593.69075972148
2025-04-30,3,7,10,30.0,5502.458829201002
2025-05-02,3,7,10,30.0,5543.101408769273
2025-05-05,3,7,10,30.0,5591.674411881118
2025-05-06,2,8,10,20.0,5522.365189209972
2025-05-07,2,8,10,20.0,5577.420467256068
2025-05-08,2,8,10,20.0,5497.329796550698
2025-05-09,2,8,10,20.0,5480.49401862675
2025-05-12,3,7,10,30.0,5614.299543474306
2025-05-13,3,7,10,30.0,5622.166740243191
2025-05-14,3,7,10,30.0,5644.874275548018
2025-05-15,3,7,10,30.0,5706.59817901658
2025-05-16,3,7,10,30.0,5746.583787184927
2025-05-19,4,6,10,40.0,5775.056894677366
2025-05-20,2,8,10,20.0,5731.3681185725645
2025-05-21,3,7,10,30.0,5728.240297096468
2025-05-22,3,7,10,30.0,5741.16764173862
2025-05-23,4,6,10,40.0,5748.345785994574
2025-05-26,4,6,10,40.0,5748.316364240518
2025-05-27,6,4,10,60.0,5755.532002299229
2025-05-28,5,5,10,50.0,5782.377976503074
2025-05-29,6,4,10,60.0,5819.166523984709
2025-05-30,5,5,10,50.0,5762.616241949176
2025-06-02,5,5,10,50.0,5751.842106742844
2025-06-03,6,4,10,60.0,5786.785424884642
2025-06-04,7,3,10,70.0,5842.593547752059
2025-06-05,7,3,10,70.0,5883.045426483403
2025-06-06,6,4,10,60.0,5861.635809476174
2025-06-09,7,3,10,70.0,5897.2773385131795
2025-06-10,7,3,10,70.0,5912.903467137874
2025-06-11,7,3,10,70.0,5890.6792488010415
2025-06-12,7,3,10,70.0,5864.415747120732
2025-06-13,6,4,10,60.0,5812.83236587341
2025-06-16,5,5,10,50.0,5833.513736356376
2025-06-17,6,4,10,60.0,5836.363529928627
2025-06-18,5,5,10,50.0,5791.523142073729
2025-06-19,4,6,10,40.0,5701.0033272171795
2025-06-20,4,6,10,40.0,5720.691467765123
2025-06-23,5,5,10,50.0,5780.761964707544
2025-06-24,5,5,10,50.0,5819.9730823563295
2025-06-25,7,3,10,70.0,5988.896410698951
2025-06-26,7,3,10,70.0,6009.070465447967
2025-06-27,7,3,10,70.0,6101.423294338537
2025-06-30,8,2,10,80.0,6152.091206193266
2025-07-01,7,3,10,70.0,6154.175954619691
2025-07-02,7,3,10,70.0,6188.970608638521
2025-07-03,7,3,10,70.0,6223.343987445792
2025-07-04,7,3,10,70.0,6214.57759623255
2025-07-07,7,3,10,70.0,6174.184226524522
2025-07-08,7,3,10,70.0,6155.31215507785
2025-07-09,8,2,10,80.0,6174.175879043098
2025-07-10,7,3,10,70.0,6138.819671616759
2025-07-11,6,4,10,60.0,6068.297297286389
2025-07-14,6,4,10,60.0,6076.374752337963
2025-07-15,8,2,10,80.0,6158.271095466584
2025-07-16,8,2,10,80.0,6133.907243507112
2025-07-17,8,2,10,80.0,6128.410420442601
2025-07-18,6,4,10,60.0,6037.32099171091
2025-07-21,6,4,10,60.0,6021.823150348921
2025-07-22,5,5,10,50.0,5971.153273218472
2025-07-23,5,5,10,50.0,5975.353833986656
2025-07-24,5,5,10,50.0,5978.384748631175
2025-07-25,5,5,10,50.0,5896.899568348235
2025-07-28,4,6,10,40.0,5859.422787376913
2025-07-29,4,6,10,40.0,5941.939253318853
2025-07-30,5,5,10,50.0,5992.749365088232
2025-07-31,4,6,10,40.0,5897.310361892848
2025-08-01,4,6,10,40.0,5811.061266552319
2025-08-04,5,5,10,50.0,5843.131339510682
2025-08-05,5,5,10,50.0,5862.576220277472
2025-08-06,5,5,10,50.0,5809.3093551092625
2025-08-07,5,5,10,50.0,5742.951769441095
2025-08-08,5,5,10,50.0,5660.530523750909
2025-08-11,5,5,10,50.0,5652.677942856611
2025-08-12,5,5,10,50.0,5655.010323551419
2025-08-13,4,6,10,40.0,5664.786513350943
2025-08-14,4,6,10,40.0,5634.747927271437
2025-08-18,4,6,10,40.0,5675.384046865465
2025-08-19,4,6,10,40.0,5705.648286154422
2025-08-20,5,5,10,50.0,5687.821596686213
2025-08-21,5,5,10,50.0,5672.719223721948
2025-08-22,5,5,10,50.0,5667.319784699019
2025-08-25,5,5,10,50.0,5696.159641820725
2025-08-26,5,5,10,50.0,5590.58713062375
2025-08-28,4,6,10,40.0,5533.4320504418065
2025-08-29,4,6,10,40.0,5518.548858620464
2025-09-01,5,5,10,50.0,5565.658197854476
2025-09-02,5,5,10,50.0,5599.50402045575
2025-09-03,5,5,10,50.0,5661.984212766013
2025-09-04,5,5,10,50.0,5618.892492704376
2025-09-05,4,6,10,40.0,5551.169961374146
2025-09-08,4,6,10,40.0,5577.954300874918
2025-09-09,4,6,10,40.0,5574.5095989328065
2025-09-10,4,6,10,40.0,5608.559804277797
2025-09-11,5,5,10,50.0,5646.405379954452
2025-09-12,4,6,10,40.0,5616.804864902651
2025-09-15,5,5,10,50.0,5613.765813696947
2025-09-16,4,6,10,40.0,5637.955259623873
2025-09-17,5,5,10,50.0,5697.108767952981
2025-09-18,4,6,10,40.0,5682.273482834189
2025-09-19,5,5,10,50.0,5661.825019672144
2025-09-22,4,6,10,40.0,5591.914707403933
2025-09-23,4,6,10,40.0,5546.264839057035
2025-09-24,4,6,10,40.0,5581.877392082949
2025-09-25,4,6,10,40.0,5544.587294319662
2025-09-26,3,7,10,30.0,5431.959848265964
2025-09-29,1,9,10,10.0,5357.8239628536185
2025-09-30,2,8,10,20.0,5350.407086223558
2025-10-01,3,7,10,30.0,5407.971440863473
2025-10-03,4,6,10,40.0,5459.710775664729
2025-10-06,4,6,10,40.0,5424.004900437209
2025-10-07,4,6,10,40.0,5392.920639140504
2025-10-08,4,6,10,40.0,5382.579608319603
2025-10-09,4,6,10,40.0,5371.260769558968
2025-10-10,4,6,10,40.0,5426.973547004878
2025-10-13,4,6,10,40.0,5441.775022923711
2025-10-14,4,6,10,40.0,5399.472262117962
2025-10-15,4,6,10,40.0,5404.108303089132
2025-10-16,3,7,10,30.0,5459.231599619935
2025-10-17,3,7,10,30.0,5461.190893251364
2025-10-20,3,7,10,30.0,5449.698964899201
2025-10-21,3,7,10,30.0,5483.830568537483
2025-10-23,4,6,10,40.0,5451.122125132545
2025-10-24,4,6,10,40.0,5444.911516511653
2025-10-27,4,6,10,40.0,5429.273506055203
2025-10-28,4,6,10,40.0,5396.316127813525
2025-10-29,4,6,10,40.0,5413.453949179473
2025-10-30,4,6,10,40.0,5379.70183095562
2025-10-31,2,8,10,20.0,5383.476783641586
2025-11-03,4,6,10,40.0,5473.9332872288915
2025-11-04,2,8,10,20.0,5461.463315489952
2025-11-06,2,8,10,20.0,5417.12308727445
2025-11-07,2,8,10,20.0,5411.800179774644
2025-11-10,2,8,10,20.0,5449.83502220529
2025-11-11,3,7,10,30.0,5462.481392819958
2025-11-12,2,8,10,20.0,5467.1625950575
2025-11-13,2,8,10,20.0,5471.501485324274
2025-11-14,1,9,10,10.0,5478.938164106508
2025-11-17,3,7,10,30.0,5490.419329221619
2025-11-18,3,7,10,30.0,5486.407831752595
2025-11-19,3,7,10,30.0,5456.2381569191775
2025-11-20,3,7,10,30.0,5441.140982637764
2025-11-21,2,8,10,20.0,5400.850175258986
2025-11-24,1,9,10,10.0,5299.509697687763
2025-11-25,1,9,10,10.0,5293.387268899044
2025-11-26,2,8,10,20.0,5314.365709600602
2025-11-27,1,9,10,10.0,5286.455746662262
2025-11-28,1,9,10,10.0,5279.352320518583
2025-12-01,1,9,10,10.0,5312.827802215056
2025-12-02,1,9,10,10.0,5260.376987821794
2025-12-03,2,8,10,20.0,5271.467761204208
2025-12-04,3,7,10,30.0,5309.3897108095425
2025-12-05,2,8,10,20.0,5333.135839833186
2025-12-08,2,8,10,20.0,5205.737914432438
2025-12-09,1,9,10,10.0,5228.6026167720365
2025-12-10,2,8,10,20.0,5274.081945377113
2025-12-11,1,9,10,10.0,5297.155774594841
2025-12-12,3,7,10,30.0,5326.074928617762
2025-12-15,3,7,10,30.0,5363.558935859045
2025-12-16,3,7,10,30.0,5330.585740971422
2025-12-17,3,7,10,30.0,5299.186569490041
2025-12-18,3,7,10,30.0,5287.563954263593
2025-12-19,3,7,10,30.0,5364.659980478376
2025-12-22,3,7,10,30.0,5393.060389416504
2025-12-23,3,7,10,30.0,5429.801467756058
2025-12-24,3,7,10,30.0,5399.854279956556
2025-12-26,3,7,10,30.0,5396.172426660868
2025-12-29,3,7,10,30.0,5414.783579464515
2025-12-30,3,7,10,30.0,5391.156936221324
2025-12-31,3,7,10,30.0,5426.70040635793
2026-01-01,3,7,10,30.0,5417.581058160075
2026-01-02,3,7,10,30.0,5425.9445757771455
2026-01-05,4,6,10,40.0,5452.676423258516
2026-01-06,4,6,10,40.0,5394.74645746147
2026-01-07,4,6,10,40.0,5412.734064305472
2026-01-08,4,6,10,40.0,5368.351320937948
2026-01-09,3,7,10,30.0,5300.389735273483
2026-01-12,4,6,10,40.0,5320.732811212304
2026-01-13,4,6,10,40.0,5347.301134506697
2026-01-14,4,6,10,40.0,5331.022276144054
2026-01-16,3,7,10,30.0,5331.022276144054
2026-01-19,1,9,10,10.0,5277.585376209084
2026-01-20,1,9,10,10.0,5161.468516808777
2026-01-21,1,9,10,10.0,5110.686367851416
2026-01-22,1,9,10,10.0,5181.747397277234
2026-01-23,1,9,10,10.0,5162.150869688706
2026-01-27,1,9,10,10.0,5170.354736549384
2026-01-28,1,9,10,10.0,5254.77872105014
2026-01-29,1,9,10,10.0,5263.476226976313
2026-01-30,1,9,10,10.0,5351.264712936861
2026-02-01,1,9,10,10.0,5223.025382058212
2026-02-02,1,9,10,10.0,5258.386443050385
2026-02-03,2,8,10,20.0,5482.181563091819
2026-02-04,2,8,10,20.0,5516.511303905923
2026-02-05,2,8,10,20.0,5508.497797754891
2026-02-06,3,7,10,30.0,5526.9768316874815
2026-02-09,4,6,10,40.0,5654.333801353008
2026-02-10,4,6,10,40.0,5651.283966402792
2026-02-11,4,6,10,40.0,5662.943749404991
2026-02-12,4,6,10,40.0,5609.452438528181
2026-02-13,3,7,10,30.0,5495.046119948514
2026-02-16,4,6,10,40.0,5511.813585892057
2026-02-17,4,6,10,40.0,5526.431041390093
2026-02-18,4,6,10,40.0,5533.735795192345
2026-02-19,4,6,10,40.0,5494.231771579639
2026-02-20,4,6,10,40.0,5508.751660542542
2026-02-23,5,5,10,50.0,5545.942663073247
2026-02-24,5,5,10,50.0,5515.329479627647
2026-02-25,6,4,10,60.0,5546.7522080858635
2026-02-26,6,4,10,60.0,5549.3974675850595
2026-02-27,6,4,10,60.0,5513.882383002579
2026-03-02,3,7,10,30.0,5376.071730960892
2026-03-04,3,7,10,30.0,5231.791090217625
2026-03-05,3,7,10,30.0,5337.995790611838
2026-03-06,2,8,10,20.0,5322.392046636955
2026-03-09,2,8,10,20.0,5206.9352623281
2026-03-10,2,8,10,20.0,5281.136340641139
2026-03-11,2,8,10,20.0,5227.9705780833665
2026-03-12,2,8,10,20.0,5272.720365516698
2026-03-13,3,7,10,30.0,5165.717264344344
2026-03-16,2,8,10,20.0,5128.580252437695
2026-03-17,2,8,10,20.0,5167.456437871196
2026-03-18,2,8,10,20.0,5235.177264264213
2026-03-19,2,8,10,20.0,5106.0108530556345
2026-03-20,2,8,10,20.0,5134.877848688986
2026-03-23,2,8,10,20.0,4940.220877605401
2026-03-24,2,8,10,20.0,5027.53197285445
2026-03-25,2,8,10,20.0,5165.593000970132
2026-03-27,2,8,10,20.0,5062.487242754085
2026-03-30,2,8,10,20.0,4997.562816312986
2026-04-01,3,7,10,30.0,5138.808170989923
2026-04-02,2,8,10,20.0,5103.583135406959
2026-04-06,2,8,10,20.0,5087.540332781973
2026-04-07,2,8,10,20.0,5090.308361499041
2026-04-08,4,6,10,40.0,5242.099016503097
2026-04-09,4,6,10,40.0,5252.4584225939525
2026-04-10,5,5,10,50.0,5353.113422913285
2026-04-13,3,7,10,30.0,5328.98893689652
2026-04-15,5,5,10,50.0,5465.493553176464
2026-04-16,5,5,10,50.0,5507.3039204961615
2026-04-17,5,5,10,50.0,5545.595043968499
2026-04-20,5,5,10,50.0,5526.631138111317
2026-04-21,5,5,10,50.0,5652.3375073243915
2026-04-22,6,4,10,60.0,5736.800716140645
2026-04-23,6,4,10,60.0,5736.922808368423
2026-04-24,6,4,10,60.0,5748.3341329201
2026-04-27,6,4,10,60.0,5800.393550752915
2026-04-28,6,4,10,60.0,5802.539861070887
2026-04-29,6,4,10,60.0,5852.014018076539
2026-04-30,6,4,10,60.0,5839.577223323167
2026-05-04,6,4,10,60.0,5875.962342633198
2026-05-05,6,4,10,60.0,5841.7132345812815
2026-05-06,6,4,10,60.0,6015.336132165219
2026-05-07,6,4,10,60.0,6037.362634924228
2026-05-08,7,3,10,70.0,6084.718966230459
2026-05-11,6,4,10,60.0,6017.529307440073
2026-05-12,6,4,10,60.0,5914.167357371329
2026-05-13,6,4,10,60.0,5928.6068894248465
2026-05-14,7,3,10,70.0,6019.672838800046
2026-05-15,7,3,10,70.0,5971.907007571797
2026-05-18,5,5,10,50.0,5848.719161327753
2026-05-19,6,4,10,60.0,5883.525652463226
2026-05-20,6,4,10,60.0,5837.407675241578
2026-05-21,7,3,10,70.0,5828.0997279285575
2026-05-22,7,3,10,70.0,5833.196361874192
2026-05-25,7,3,10,70.0,5886.261756852936
2026-05-26,7,3,10,70.0,5921.5735107832625
2026-05-27,7,3,10,70.0,5918.921133173053
2026-05-29,7,3,10,70.0,5820.343767247281
2026-06-01,5,5,10,50.0,5720.802612044282
2026-06-02,6,4,10,60.0,5764.341579798993
2026-06-03,7,3,10,70.0,5782.3832126221505
2026-06-04,7,3,10,70.0,5821.999332906994
2026-06-05,7,3,10,70.0,5856.464068247125
2026-06-08,6,4,10,60.0,5755.058986600309
2026-06-09,7,3,10,70.0,5839.118470883498
2026-06-10,7,3,10,70.0,5857.831993745956
2026-06-11,6,4,10,60.0,5784.594217833291
2026-06-12,7,3,10,70.0,5902.766353983846
2026-06-15,7,3,10,70.0,6003.949723690994
2026-06-22,7,3,10,70.0,5994.308664322199
2026-06-23,6,4,10,60.0,5942.121952490225
2026-06-24,6,4,10,60.0,6016.53407710277
2026-06-25,6,4,10,60.0,5984.851159718644
2026-06-29,6,4,10,60.0,5901.036914517519
2026-06-30,6,4,10,60.0,5912.071172478722
2026-07-01,6,4,10,60.0,5902.100466596717
2026-07-02,8,2,10,80.0,6022.017282483662
2026-07-03,8,2,10,80.0,6045.84790502852
2026-07-06,7,3,10,70.0,6076.368650978886
2026-07-07,8,2,10,80.0,6004.606618617901
2026-07-08,6,4,10,60.0,5846.816116478962
2026-07-09,6,4,10,60.0,5943.794289344654
2026-07-10,6,4,10,60.0,6007.957722063159
2026-07-13,7,3,10,70.0,5998.125532137811
2026-07-14,7,3,10,70.0,5963.366432405374
2026-07-15,7,3,10,70.0,6044.727854559881
2026-07-16,8,2,10,80.0,6121.238740262442
2026-07-17,8,2,10,80.0,6104.823062990111
2026-07-20,7,3,10,70.0,6107.988111152107
2026-07-21,7,3,10,70.0,6182.493373496828
2026-07-22,7,3,10,70.0,6125.184314539704
2026-07-23,6,4,10,60.0,6011.534462139996
2026-07-24,7,3,10,70.0,6046.465491548943
2026-07-27,7,3,10,70.0,6137.84297854543
2026-07-28,7,3,10,70.0,6027.556532445147
2026-07-29,7,3,10,70.0,6103.86384768495
2026-07-30,7,3,10,70.0,6062.385437780245
2026-07-31,7,3,10,70.0,6076.218921461737
2026-08-03,7,3,10,70.0,6127.530840059289
2026-08-04,7,3,10,70.0,6119.922241333171
2026-08-05,8,2,10,80.0,6210.059890648543
2026-08-06,8,2,10,80.0,6346.777850009229
2026-08-07,8,2,10,80.0,6320.356801152359
2026-08-10,7,3,10,70.0,6284.073068313699
2026-08-11,7,3,10,70.0,6262.7322305806865
2026-08-12,7,3,10,70.0,6260.143933140128
2026-08-13,7,3,10,70.0,6263.834204386429
2026-08-14,7,3,10,70.0,6249.533875406816
2026-08-17,7,3,10,70.0,6228.524469195475
2026-08-18,7,3,10,70.0,6238.509821587395
2026-08-19,7,3,10,70.0,6196.2115564228625
2026-08-20,7,3,10,70.0,6116.98948674529
2026-08-21,7,3,10,70.0,6099.421273689765
2026-08-24,7,3,10,70.0,6118.432787586621
2026-08-25,7,3,10,70.0,6144.190576492886
2026-08-26,7,3,10,70.0,6179.218849344203
2026-08-27,7,3,10,70.0,6192.194324550677
2026-08-28,7,3,10,70.0,6155.506552217095
2026-08-31,7,3,10,70.0,6122.996411541667
2026-09-01,7,3,10,70.0,6154.754861682546
2026-09-02,7,3,10,70.0,6081.660187601167
2026-09-03,7,3,10,70.0,6104.609421527794
2026-09-04,7,3,10,70.0,6057.911099000425
