Date,Above,Below,Total,Percentage,Index_Close
2014-08-07,3,0,3,100.0,231.456687754826
2014-08-08,3,0,3,100.0,226.08917783369716
2014-08-11,3,0,3,100.0,222.30358694989127
2014-08-12,3,0,3,100.0,221.8245666154602
2014-08-13,3,0,3,100.0,212.61556151248016
2014-08-14,3,0,3,100.0,210.10455343530148
2014-08-18,3,0,3,100.0,215.9036210621718
2014-08-19,3,0,3,100.0,214.15951591983608
2014-08-20,3,0,3,100.0,212.03973277252058
2014-08-21,3,0,3,100.0,212.12945245903018
2014-08-22,3,0,3,100.0,210.7966036101392
2014-08-25,3,0,3,100.0,207.73217013184282
2014-08-26,3,0,3,100.0,202.1864648312448
2014-08-27,3,0,3,100.0,202.0454348395235
2014-08-28,3,0,3,100.0,208.7152456553774
2014-09-01,3,0,3,100.0,214.20059034012033
2014-09-02,3,0,3,100.0,216.86185750998365
2014-09-03,3,0,3,100.0,217.19289819926635
2014-09-04,3,0,3,100.0,212.60296250737215
2014-09-05,3,0,3,100.0,215.43250187538126
2014-09-08,3,0,3,100.0,221.5794400922286
2014-09-09,3,0,3,100.0,218.9157207455507
2014-09-10,3,0,3,100.0,219.05838381824609
2014-09-11,3,0,3,100.0,229.08756179796805
2014-09-12,3,0,3,100.0,230.06601816025233
2014-09-15,3,0,3,100.0,231.39762100245952
2014-09-16,3,0,3,100.0,223.60954461268724
2014-09-17,3,0,3,100.0,228.11830291283712
2014-09-18,3,0,3,100.0,232.02738478591948
2014-09-19,3,0,3,100.0,232.14201770201174
2014-09-22,3,0,3,100.0,233.17431356128324
2014-09-23,3,0,3,100.0,223.67540670371602
2014-09-24,3,0,3,100.0,221.6537739360532
2014-09-25,3,0,3,100.0,211.13941165425732
2014-09-26,3,0,3,100.0,216.42201672003804
2014-09-29,3,0,3,100.0,222.19580898195343
2014-09-30,3,0,3,100.0,222.99838038076163
2014-10-01,3,0,3,100.0,223.6825878461087
2014-10-07,3,0,3,100.0,213.5059764704335
2014-10-08,3,0,3,100.0,215.42551482100558
2014-10-09,3,0,3,100.0,219.4949903346472
2014-10-10,3,0,3,100.0,214.55120751288797
2014-10-13,3,0,3,100.0,217.03884134962377
2014-10-14,3,0,3,100.0,216.15034260937364
2014-10-16,3,0,3,100.0,209.45299840226465
2014-10-17,3,0,3,100.0,212.38699095352666
2014-10-20,3,0,3,100.0,212.9585858710461
2014-10-21,3,0,3,100.0,227.69876436050404
2014-10-22,3,0,3,100.0,229.42252530654562
2014-10-23,3,0,3,100.0,231.3509342959732
2014-10-27,3,0,3,100.0,233.79473049385714
2014-10-28,3,0,3,100.0,234.96055251474237
2014-10-29,3,0,3,100.0,234.68834661521552
2014-10-30,3,0,3,100.0,234.9058523659197
2014-10-31,3,0,3,100.0,239.33668224373895
2014-11-03,3,0,3,100.0,242.58007015867454
2014-11-05,3,0,3,100.0,240.71018112729251
2014-11-07,3,0,3,100.0,241.77493327643816
2014-11-10,3,0,3,100.0,255.082439410879
2014-11-11,3,0,3,100.0,257.54609707412305
2014-11-12,3,0,3,100.0,257.02913184599174
2014-11-13,3,0,3,100.0,250.03268407015025
2014-11-14,3,0,3,100.0,256.343482367143
2014-11-17,3,0,3,100.0,256.32495794291754
2014-11-18,3,0,3,100.0,263.54493327476183
2014-11-19,3,0,3,100.0,265.19326989016497
2014-11-20,3,0,3,100.0,265.2785579251674
2014-11-21,3,0,3,100.0,269.57060499467553
2014-11-24,3,0,3,100.0,272.7889259937403
2014-11-25,3,0,3,100.0,263.10930620858335
2014-11-26,3,0,3,100.0,267.042181710598
2014-11-27,3,0,3,100.0,269.93996387816486
2014-11-28,3,0,3,100.0,265.14706128252766
2014-12-01,3,0,3,100.0,260.93830507125244
2014-12-02,3,0,3,100.0,270.45293823904035
2014-12-03,3,0,3,100.0,283.52880743302677
2014-12-04,3,0,3,100.0,290.4522997312371
2014-12-05,3,0,3,100.0,282.1665075921986
2014-12-08,3,0,3,100.0,275.0637681120213
2014-12-09,3,0,3,100.0,274.0246059462376
2014-12-10,3,0,3,100.0,278.10621001264803
2014-12-11,3,0,3,100.0,271.32419063066493
2014-12-12,3,0,3,100.0,265.54714505013874
2014-12-15,3,0,3,100.0,262.2508941109287
2014-12-16,3,0,3,100.0,249.046486915937
2014-12-17,3,0,3,100.0,254.98603535772494
2014-12-18,3,0,3,100.0,265.91984916043
2014-12-19,3,0,3,100.0,263.28103825221564
2014-12-22,3,0,3,100.0,264.146829574862
2014-12-23,3,0,3,100.0,261.69283063136197
2014-12-24,3,0,3,100.0,266.18259892964466
2014-12-26,3,0,3,100.0,265.4748402408784
2014-12-29,3,0,3,100.0,268.8438820439402
2014-12-30,3,0,3,100.0,276.9431813547159
2014-12-31,3,0,3,100.0,284.8880554660723
2015-01-01,3,0,3,100.0,284.6711421442867
2015-01-02,3,0,3,100.0,282.6391707318775
2015-01-05,3,0,3,100.0,283.4453087874942
2015-01-06,3,0,3,100.0,275.2207646129992
2015-01-07,3,0,3,100.0,278.5734785615693
2015-01-08,3,0,3,100.0,281.4976458947728
2015-01-09,3,0,3,100.0,281.36422420333963
2015-01-12,3,0,3,100.0,290.0624088402506
2015-01-13,3,0,3,100.0,289.0059472942962
2015-01-14,3,0,3,100.0,289.5108896527998
2015-01-15,3,0,3,100.0,291.8320407554342
2015-01-16,3,0,3,100.0,297.9607542635763
2015-01-19,3,0,3,100.0,302.9702450444856
2015-01-20,3,0,3,100.0,303.5478050931623
2015-01-21,3,0,3,100.0,305.25497290214554
2015-01-22,3,0,3,100.0,314.5316566215043
2015-01-23,3,0,3,100.0,312.14363314182776
2015-01-27,3,0,3,100.0,320.02474346666213
2015-01-28,3,0,3,100.0,321.85704662297627
2015-01-29,3,0,3,100.0,317.0822571486636
2015-01-30,3,0,3,100.0,315.79815948440427
2015-02-02,3,0,3,100.0,322.95257435207196
2015-02-03,3,0,3,100.0,326.8518310093746
2015-02-04,3,0,3,100.0,318.3733772635975
2015-02-05,3,0,3,100.0,318.11861081981306
2015-02-06,3,0,3,100.0,307.51630075558876
2015-02-09,3,0,3,100.0,297.52684781468264
2015-02-10,3,0,3,100.0,304.85681846977286
2015-02-11,3,0,3,100.0,320.8208901116109
2015-02-12,3,0,3,100.0,320.9850639630877
2015-02-13,3,0,3,100.0,315.5235043336064
2015-02-16,3,0,3,100.0,319.21945350184575
2015-02-18,3,0,3,100.0,330.03290673997077
2015-02-19,3,0,3,100.0,335.1748974042217
2015-02-20,3,0,3,100.0,344.3252363498557
2015-02-23,3,0,3,100.0,344.24459232384123
2015-02-24,3,0,3,100.0,332.7324534524334
2015-02-25,3,0,3,100.0,328.1293998062465
2015-02-26,3,0,3,100.0,319.3237996573019
2015-02-27,3,0,3,100.0,334.99687567730734
2015-02-28,3,0,3,100.0,329.31620573254526
2015-03-02,3,0,3,100.0,332.14149947671723
2015-03-03,3,0,3,100.0,330.8310104988752
2015-03-04,3,0,3,100.0,331.71694312578825
2015-03-05,3,0,3,100.0,332.0647865446605
2015-03-09,3,0,3,100.0,344.882850248127
2015-03-10,3,0,3,100.0,347.6772965988717
2015-03-11,3,0,3,100.0,342.668715823888
2015-03-12,3,0,3,100.0,341.18127449350266
2015-03-13,3,0,3,100.0,340.855372187806
2015-03-16,3,0,3,100.0,344.88909136358535
2015-03-17,3,0,3,100.0,360.06015350593447
2015-03-18,3,0,3,100.0,361.6167329145778
2015-03-19,3,0,3,100.0,349.71440679888826
2015-03-20,3,0,3,100.0,351.9018166108181
2015-03-23,3,0,3,100.0,342.8697405969029
2015-03-24,3,0,3,100.0,339.44846036906495
2015-03-25,3,0,3,100.0,338.1381066905371
2015-03-26,3,0,3,100.0,335.2459303401847
2015-03-27,3,0,3,100.0,333.116033057654
2015-03-30,3,0,3,100.0,341.804085455932
2015-03-31,3,0,3,100.0,351.45252009264703
2015-04-01,3,0,3,100.0,356.822450510584
2015-04-06,3,0,3,100.0,364.42834549915295
2015-04-07,3,0,3,100.0,363.7462147052191
2015-04-08,3,0,3,100.0,363.0728206524696
2015-04-09,3,0,3,100.0,362.9851296643984
2015-04-10,3,0,3,100.0,365.0807982588401
2015-04-13,3,0,3,100.0,366.31893196924744
2015-04-15,3,0,3,100.0,359.6215492892836
2015-04-16,3,0,3,100.0,353.1431692989501
2015-04-17,3,0,3,100.0,354.9210100000261
2015-04-20,3,0,3,100.0,344.80440441387026
2015-04-21,3,0,3,100.0,344.8865832135686
2015-04-22,3,0,3,100.0,339.8578239999261
2015-04-23,3,0,3,100.0,338.41241299483363
2015-04-24,3,0,3,100.0,326.1077694965663
2015-04-27,3,0,3,100.0,317.7031513225439
2015-04-28,3,0,3,100.0,320.8383868779256
2015-04-29,3,0,3,100.0,325.98085712723105
2015-04-30,3,0,3,100.0,324.54928435521845
2015-05-04,3,0,3,100.0,333.1796651987515
2015-05-05,3,0,3,100.0,341.0211613685009
2015-05-06,3,0,3,100.0,324.6835163893847
2015-05-07,2,1,3,66.66666666666666,306.57143324547786
2015-05-08,3,0,3,100.0,315.3242797933151
2015-05-11,3,0,3,100.0,318.91281541054457
2015-05-12,2,1,3,66.66666666666666,310.5198135736109
2015-05-13,3,0,3,100.0,322.65161012893884
2015-05-14,3,0,3,100.0,325.4305605063477
2015-05-15,3,0,3,100.0,325.4442270799498
2015-05-18,3,0,3,100.0,329.4421344273675
2015-05-19,3,0,3,100.0,329.13073378325294
2015-05-20,3,0,3,100.0,331.4302862647091
2015-05-21,3,0,3,100.0,329.35079153471725
2015-05-22,3,0,3,100.0,334.2994625859802
2015-05-25,3,0,3,100.0,333.67699971971797
2015-05-26,3,0,3,100.0,334.46146453722866
2015-05-27,3,0,3,100.0,330.4176825522105
2015-05-28,3,0,3,100.0,329.66671278191393
2015-05-29,3,0,3,100.0,346.1494074792516
2015-06-01,3,0,3,100.0,342.2189682011377
2015-06-02,3,0,3,100.0,334.85631497722426
2015-06-03,2,1,3,66.66666666666666,331.88959507145466
2015-06-04,2,1,3,66.66666666666666,342.4324869250507
2015-06-05,2,1,3,66.66666666666666,346.6690486955198
2015-06-08,2,1,3,66.66666666666666,342.3179324910727
2015-06-09,2,1,3,66.66666666666666,343.92064609450233
2015-06-10,2,1,3,66.66666666666666,346.93590319678157
2015-06-11,2,1,3,66.66666666666666,342.755431963843
2015-06-12,2,1,3,66.66666666666666,345.5516254178831
2015-06-15,2,1,3,66.66666666666666,345.0598141663797
2015-06-16,2,1,3,66.66666666666666,342.6257643229328
2015-06-17,2,1,3,66.66666666666666,349.6334797822352
2015-06-18,2,1,3,66.66666666666666,352.9793152774779
2015-06-19,2,1,3,66.66666666666666,348.4876347392196
2015-06-22,3,0,3,100.0,357.741018227989
2015-06-23,2,1,3,66.66666666666666,354.3019663753314
2015-06-24,2,1,3,66.66666666666666,352.24461707954254
2015-06-25,2,1,3,66.66666666666666,347.6323700211006
2015-06-26,2,1,3,66.66666666666666,349.8143915570695
2015-06-29,2,1,3,66.66666666666666,348.3712556658294
2015-06-30,3,0,3,100.0,351.61167180792614
2015-07-01,3,0,3,100.0,360.3195438835231
2015-07-02,3,0,3,100.0,368.6903059353883
2015-07-03,3,0,3,100.0,371.3538096902506
2015-07-06,3,0,3,100.0,372.0213034731799
2015-07-07,3,0,3,100.0,377.22344484607555
2015-07-08,2,1,3,66.66666666666666,369.57550004475564
2015-07-09,3,0,3,100.0,372.32591067296926
2015-07-10,3,0,3,100.0,370.87518575768627
2015-07-13,3,0,3,100.0,373.9878198117744
2015-07-14,3,0,3,100.0,377.38968192706324
2015-07-15,3,0,3,100.0,377.1997834149723
2015-07-16,3,0,3,100.0,393.0097989187915
2015-07-17,3,0,3,100.0,396.89119311305365
2015-07-20,3,0,3,100.0,400.9320886275942
2015-07-21,3,0,3,100.0,395.37299032968406
2015-07-22,3,0,3,100.0,389.23983456435656
2015-07-23,2,1,3,66.66666666666666,378.93219205402715
2015-07-24,2,1,3,66.66666666666666,370.5199648523046
2015-07-27,2,1,3,66.66666666666666,365.13987237752457
2015-07-28,2,1,3,66.66666666666666,364.9471552246275
2015-07-29,2,1,3,66.66666666666666,372.3849087100848
2015-07-30,2,1,3,66.66666666666666,375.15822309983054
2015-07-31,2,1,3,66.66666666666666,379.00255565889
2015-08-03,2,1,3,66.66666666666666,382.92234330928244
2015-08-04,2,1,3,66.66666666666666,381.66787641067515
2015-08-05,2,1,3,66.66666666666666,374.19205498748187
2015-08-06,2,1,3,66.66666666666666,375.1214442065549
2015-08-07,2,1,3,66.66666666666666,368.9986893096806
2015-08-10,2,1,3,66.66666666666666,364.2502911640845
2015-08-11,2,1,3,66.66666666666666,366.1212729204906
2015-08-12,2,1,3,66.66666666666666,355.5901636053698
2015-08-13,2,1,3,66.66666666666666,354.66682375086526
2015-08-14,2,1,3,66.66666666666666,356.03152163801974
2015-08-17,2,1,3,66.66666666666666,354.83323536930686
2015-08-18,2,1,3,66.66666666666666,357.9955835778676
2015-08-19,2,1,3,66.66666666666666,358.6397734035488
2015-08-20,2,1,3,66.66666666666666,353.8286011605124
2015-08-21,2,1,3,66.66666666666666,347.72320010033553
2015-08-24,1,2,3,33.33333333333333,326.96468846649105
2015-08-25,1,2,3,33.33333333333333,333.2664629353666
2015-08-26,1,2,3,33.33333333333333,335.67827163701065
2015-08-27,1,2,3,33.33333333333333,343.21743527213374
2015-08-28,1,2,3,33.33333333333333,334.7651478350951
2015-08-31,1,2,3,33.33333333333333,335.65178209753594
2015-09-01,1,2,3,33.33333333333333,332.31886214412344
2015-09-02,1,2,3,33.33333333333333,329.6339136598835
2015-09-03,1,2,3,33.33333333333333,326.3271105721914
2015-09-04,1,2,3,33.33333333333333,319.0458384081157
2015-09-07,1,2,3,33.33333333333333,309.0631962944923
2015-09-08,1,2,3,33.33333333333333,308.50871793894095
2015-09-09,1,2,3,33.33333333333333,316.0884429379673
2015-09-10,1,2,3,33.33333333333333,320.6321574476333
2015-09-11,1,2,3,33.33333333333333,318.8161700618544
2015-09-14,1,2,3,33.33333333333333,321.00372021368725
2015-09-15,1,2,3,33.33333333333333,314.69518618739613
2015-09-16,1,2,3,33.33333333333333,304.874726969456
2015-09-18,1,2,3,33.33333333333333,310.462968416084
2015-09-21,1,2,3,33.33333333333333,318.5140903288455
2015-09-22,1,2,3,33.33333333333333,324.90634650155937
2015-09-23,1,2,3,33.33333333333333,328.8912191779907
2015-09-24,1,2,3,33.33333333333333,328.25172709784033
2015-09-28,1,2,3,33.33333333333333,321.12007826347997
2015-09-29,1,2,3,33.33333333333333,323.06263385838065
2015-09-30,1,2,3,33.33333333333333,335.2764796983283
2015-10-01,1,2,3,33.33333333333333,338.24778476798224
2015-10-05,1,2,3,33.33333333333333,342.3283883675957
2015-10-06,1,2,3,33.33333333333333,344.50325286902535
2015-10-07,1,2,3,33.33333333333333,345.776699597278
2015-10-08,1,2,3,33.33333333333333,345.2091434184776
2015-10-09,1,2,3,33.33333333333333,345.6521499106601
2015-10-12,1,2,3,33.33333333333333,344.81039936339477
2015-10-13,1,2,3,33.33333333333333,342.8403207691599
2015-10-14,1,2,3,33.33333333333333,345.9649477117129
2015-10-15,1,2,3,33.33333333333333,345.8745210693744
2015-10-16,1,2,3,33.33333333333333,344.1840301029847
2015-10-19,1,2,3,33.33333333333333,347.5332610141768
2015-10-20,1,2,3,33.33333333333333,346.7511604648155
2015-10-21,1,2,3,33.33333333333333,347.8271040178879
2015-10-23,1,2,3,33.33333333333333,338.2861629519769
2015-10-26,1,2,3,33.33333333333333,335.04492979766934
2015-10-27,1,2,3,33.33333333333333,331.4233687785636
2015-10-28,1,2,3,33.33333333333333,335.26307668260597
2015-10-29,2,1,3,66.66666666666666,330.7241731888757
2015-10-30,1,2,3,33.33333333333333,329.3976499460524
2015-11-02,0,3,3,0.0,324.8436898071364
2015-11-03,0,3,3,0.0,324.2064544789245
2015-11-04,0,3,3,0.0,322.9976365758734
2015-11-05,0,3,3,0.0,324.9738783753265
2015-11-06,0,3,3,0.0,327.6520938913418
2015-11-09,0,3,3,0.0,330.24402078351113
2015-11-10,0,3,3,0.0,326.7816039074726
2015-11-11,0,3,3,0.0,332.0692190527824
2015-11-13,0,3,3,0.0,326.59449172452
2015-11-16,0,3,3,0.0,325.8578832775527
2015-11-17,0,3,3,0.0,324.98295235139443
2015-11-18,1,2,3,33.33333333333333,324.1087599152929
2015-11-19,1,2,3,33.33333333333333,327.82978255867255
2015-11-20,1,2,3,33.33333333333333,330.63695281768076
2015-11-23,1,2,3,33.33333333333333,330.4982999516833
2015-11-24,1,2,3,33.33333333333333,331.8782221736578
2015-11-26,1,2,3,33.33333333333333,335.6830216361072
2015-11-27,1,2,3,33.33333333333333,341.6392931448826
2015-11-30,1,2,3,33.33333333333333,344.76897194120073
2015-12-01,1,2,3,33.33333333333333,348.8193986422959
2015-12-02,1,2,3,33.33333333333333,344.64702210517123
2015-12-03,1,2,3,33.33333333333333,339.48747465906195
2015-12-04,1,2,3,33.33333333333333,337.33608760896436
2015-12-07,1,2,3,33.33333333333333,339.32496438758824
2015-12-08,1,2,3,33.33333333333333,334.8322930462696
2015-12-09,1,2,3,33.33333333333333,321.70261295459784
2015-12-10,1,2,3,33.33333333333333,330.24158052456204
2015-12-11,1,2,3,33.33333333333333,335.72849146562686
2015-12-14,1,2,3,33.33333333333333,334.5592054666945
2015-12-15,1,2,3,33.33333333333333,333.9690173060028
2015-12-16,1,2,3,33.33333333333333,335.28561335397853
2015-12-17,2,1,3,66.66666666666666,347.4657176780537
2015-12-18,2,1,3,66.66666666666666,353.15805777713416
2015-12-21,2,1,3,66.66666666666666,351.49929532710667
2015-12-22,2,1,3,66.66666666666666,351.3891006326772
2015-12-23,2,1,3,66.66666666666666,352.4623002727605
2015-12-24,2,1,3,66.66666666666666,358.0896017070905
2015-12-28,2,1,3,66.66666666666666,359.07283176788656
2015-12-29,2,1,3,66.66666666666666,357.82611705189544
2015-12-30,2,1,3,66.66666666666666,356.2318078171953
2015-12-31,2,1,3,66.66666666666666,359.12146701946256
2016-01-01,2,1,3,66.66666666666666,369.2139156960301
2016-01-04,2,1,3,66.66666666666666,358.3757464251753
2016-01-05,2,1,3,66.66666666666666,358.9456472639249
2016-01-06,2,1,3,66.66666666666666,354.8785963177675
2016-01-07,2,1,3,66.66666666666666,343.86574082787706
2016-01-08,2,1,3,66.66666666666666,348.4820639384672
2016-01-11,2,1,3,66.66666666666666,349.7244459366116
2016-01-12,2,1,3,66.66666666666666,347.95822129523896
2016-01-13,2,1,3,66.66666666666666,344.24857644132885
2016-01-14,2,1,3,66.66666666666666,339.0186816383094
2016-01-15,1,2,3,33.33333333333333,331.0671532048588
2016-01-18,1,2,3,33.33333333333333,313.22216823581664
2016-01-19,1,2,3,33.33333333333333,315.94066319791636
2016-01-20,0,3,3,0.0,310.49303311499835
2016-01-21,0,3,3,0.0,310.6127427033739
2016-01-22,1,2,3,33.33333333333333,320.58133597303714
2016-01-25,1,2,3,33.33333333333333,324.42785949109884
2016-01-27,1,2,3,33.33333333333333,322.27783254798373
2016-01-28,1,2,3,33.33333333333333,321.65316048932374
2016-01-29,1,2,3,33.33333333333333,319.1199629069679
2016-02-01,1,2,3,33.33333333333333,323.81248907723864
2016-02-02,1,2,3,33.33333333333333,316.1316467104979
2016-02-03,1,2,3,33.33333333333333,304.6281829470649
2016-02-04,1,2,3,33.33333333333333,306.4839469469652
2016-02-05,1,2,3,33.33333333333333,311.68440588941695
2016-02-08,1,2,3,33.33333333333333,317.15396697004564
2016-02-09,1,2,3,33.33333333333333,311.435886600784
2016-02-10,1,2,3,33.33333333333333,304.81076903032044
2016-02-11,1,2,3,33.33333333333333,295.7900071739481
2016-02-12,1,2,3,33.33333333333333,291.6339288846089
2016-02-15,1,2,3,33.33333333333333,306.0247554789333
2016-02-16,1,2,3,33.33333333333333,300.5775044449918
2016-02-17,1,2,3,33.33333333333333,302.3738910911017
2016-02-18,1,2,3,33.33333333333333,299.34108190926713
2016-02-19,1,2,3,33.33333333333333,307.24749541305
2016-02-22,1,2,3,33.33333333333333,316.4757628404909
2016-02-23,1,2,3,33.33333333333333,305.5025423388704
2016-02-24,1,2,3,33.33333333333333,304.2534042199771
2016-02-25,0,3,3,0.0,293.71030113300094
2016-02-26,0,3,3,0.0,275.23574394444046
2016-02-29,0,3,3,0.0,273.5072634592131
2016-03-01,0,3,3,0.0,289.09373477216633
2016-03-02,0,3,3,0.0,294.5996773792713
2016-03-03,0,3,3,0.0,294.4886867380748
2016-03-04,0,3,3,0.0,297.8488479022335
2016-03-08,0,3,3,0.0,294.6915677751118
2016-03-09,0,3,3,0.0,290.3372229662803
2016-03-10,0,3,3,0.0,286.16664832806407
2016-03-11,0,3,3,0.0,283.5200599454821
2016-03-14,0,3,3,0.0,283.5495122427315
2016-03-15,0,3,3,0.0,279.37028100975465
2016-03-16,0,3,3,0.0,283.75777004259066
2016-03-17,0,3,3,0.0,282.5824497537652
2016-03-18,0,3,3,0.0,281.6926204123085
2016-03-21,0,3,3,0.0,291.2602091832838
2016-03-22,0,3,3,0.0,297.0858540736292
2016-03-23,0,3,3,0.0,298.85360300461963
2016-03-28,0,3,3,0.0,295.1272322635472
2016-03-29,0,3,3,0.0,288.3801049283115
2016-03-30,0,3,3,0.0,294.77319535993047
2016-03-31,0,3,3,0.0,295.58001641324785
2016-04-01,0,3,3,0.0,294.4959316053295
2016-04-04,0,3,3,0.0,293.55758221645794
2016-04-05,0,3,3,0.0,286.27625132485565
2016-04-06,0,3,3,0.0,284.2653575109362
2016-04-07,0,3,3,0.0,287.99874422733706
2016-04-08,0,3,3,0.0,286.3017601604535
2016-04-11,0,3,3,0.0,286.5541526154198
2016-04-12,0,3,3,0.0,288.9535212282543
2016-04-13,0,3,3,0.0,293.7853230395901
2016-04-18,0,3,3,0.0,301.4164999030453
2016-04-20,0,3,3,0.0,306.1786313215439
2016-04-21,0,3,3,0.0,300.5698887739219
2016-04-22,0,3,3,0.0,303.91711586035115
2016-04-25,0,3,3,0.0,296.94326969995376
2016-04-26,0,3,3,0.0,303.02236888523424
2016-04-27,0,3,3,0.0,301.6186068773206
2016-04-28,0,3,3,0.0,294.5144914764087
2016-04-29,0,3,3,0.0,292.1132489973548
2016-05-02,1,2,3,33.33333333333333,287.7558489834145
2016-05-03,1,2,3,33.33333333333333,290.87703237139885
2016-05-04,1,2,3,33.33333333333333,288.4894978676841
2016-05-05,0,3,3,0.0,285.9691183593538
2016-05-06,0,3,3,0.0,282.33587332414373
2016-05-09,0,3,3,0.0,288.27272315433896
2016-05-10,0,3,3,0.0,287.3805107191527
2016-05-11,0,3,3,0.0,286.74870492950333
2016-05-12,0,3,3,0.0,287.68511088490493
2016-05-13,0,3,3,0.0,284.1873973558414
2016-05-16,1,2,3,33.33333333333333,288.8393043772874
2016-05-17,1,2,3,33.33333333333333,288.80158344796814
2016-05-18,1,2,3,33.33333333333333,286.86986821134843
2016-05-19,1,2,3,33.33333333333333,283.5332639373749
2016-05-20,0,3,3,0.0,280.17907498466593
2016-05-23,1,2,3,33.33333333333333,281.1444390474202
2016-05-24,1,2,3,33.33333333333333,278.1784206295304
2016-05-25,1,2,3,33.33333333333333,280.31667387442496
2016-05-26,1,2,3,33.33333333333333,279.4419322422082
2016-05-27,1,2,3,33.33333333333333,285.5910298439508
2016-05-30,1,2,3,33.33333333333333,294.6999225489898
2016-05-31,1,2,3,33.33333333333333,290.3425026052055
2016-06-01,1,2,3,33.33333333333333,287.24875432892543
2016-06-02,1,2,3,33.33333333333333,283.9601014698272
2016-06-03,1,2,3,33.33333333333333,279.3891537538929
2016-06-06,1,2,3,33.33333333333333,277.40282759254836
2016-06-07,1,2,3,33.33333333333333,277.978493564444
2016-06-08,1,2,3,33.33333333333333,283.0496108514821
2016-06-09,1,2,3,33.33333333333333,282.62367635951756
2016-06-10,1,2,3,33.33333333333333,281.3996076300028
2016-06-13,1,2,3,33.33333333333333,279.61274479480056
2016-06-14,1,2,3,33.33333333333333,277.80670680391535
2016-06-15,1,2,3,33.33333333333333,278.7485320949069
2016-06-16,1,2,3,33.33333333333333,277.48789727967835
2016-06-17,1,2,3,33.33333333333333,276.30218642297376
2016-06-20,1,2,3,33.33333333333333,280.8382739683347
2016-06-21,1,2,3,33.33333333333333,278.1233278451764
2016-06-22,1,2,3,33.33333333333333,277.27358564019613
2016-06-23,1,2,3,33.33333333333333,278.23817209578436
2016-06-24,1,2,3,33.33333333333333,274.6982819701469
2016-06-27,1,2,3,33.33333333333333,274.6670190171352
2016-06-28,1,2,3,33.33333333333333,276.4301228463705
2016-06-29,1,2,3,33.33333333333333,282.2441579468454
2016-06-30,1,2,3,33.33333333333333,280.91068884778537
2016-07-01,1,2,3,33.33333333333333,285.63948251994054
2016-07-04,1,2,3,33.33333333333333,288.21226290288297
2016-07-05,1,2,3,33.33333333333333,289.21045568551364
2016-07-07,1,2,3,33.33333333333333,287.37662543664857
2016-07-08,1,2,3,33.33333333333333,286.8756942945047
2016-07-11,1,2,3,33.33333333333333,286.97236196006753
2016-07-12,1,2,3,33.33333333333333,285.13663250784884
2016-07-13,1,2,3,33.33333333333333,283.3340684532644
2016-07-14,1,2,3,33.33333333333333,290.9940305526221
2016-07-15,1,2,3,33.33333333333333,293.13070228739025
2016-07-18,1,2,3,33.33333333333333,291.7446009252234
2016-07-19,1,2,3,33.33333333333333,292.5681637998201
2016-07-20,1,2,3,33.33333333333333,295.406310870614
2016-07-21,1,2,3,33.33333333333333,295.97656793468883
2016-07-22,1,2,3,33.33333333333333,305.0309312563086
2016-07-25,1,2,3,33.33333333333333,307.73939501091826
2016-07-26,1,2,3,33.33333333333333,302.88564346250297
2016-07-27,1,2,3,33.33333333333333,308.5923320042336
2016-07-28,1,2,3,33.33333333333333,311.7506035237356
2016-07-29,1,2,3,33.33333333333333,314.07766014176104
2016-08-01,1,2,3,33.33333333333333,311.3674793145528
2016-08-02,1,2,3,33.33333333333333,310.04753353603405
2016-08-03,1,2,3,33.33333333333333,302.9602227704114
2016-08-04,1,2,3,33.33333333333333,302.3957414775957
2016-08-05,2,1,3,66.66666666666666,307.8350890652482
2016-08-08,2,1,3,66.66666666666666,305.8702501972179
2016-08-09,1,2,3,33.33333333333333,305.02279170076736
2016-08-10,1,2,3,33.33333333333333,306.6587569956944
2016-08-11,1,2,3,33.33333333333333,300.1875765334461
2016-08-12,1,2,3,33.33333333333333,301.36037459791703
2016-08-16,1,2,3,33.33333333333333,303.0874549514259
2016-08-17,2,1,3,66.66666666666666,305.94877589405985
2016-08-18,2,1,3,66.66666666666666,307.5099054406309
2016-08-19,2,1,3,66.66666666666666,305.42510525469726
2016-08-22,2,1,3,66.66666666666666,308.22224441489686
2016-08-23,2,1,3,66.66666666666666,309.0606771327376
2016-08-24,2,1,3,66.66666666666666,309.25600822859917
2016-08-25,2,1,3,66.66666666666666,311.9160323455495
2016-08-26,2,1,3,66.66666666666666,312.2213021768352
2016-08-29,2,1,3,66.66666666666666,315.96086949154414
2016-08-30,2,1,3,66.66666666666666,318.98713322067397
2016-08-31,2,1,3,66.66666666666666,321.6931157664061
2016-09-01,2,1,3,66.66666666666666,318.4603388979353
2016-09-02,2,1,3,66.66666666666666,318.1344609619524
2016-09-06,2,1,3,66.66666666666666,320.7841374492449
2016-09-07,2,1,3,66.66666666666666,321.4828314830136
2016-09-08,2,1,3,66.66666666666666,322.7454860161745
2016-09-09,2,1,3,66.66666666666666,320.6931514456824
2016-09-12,2,1,3,66.66666666666666,310.4285540085711
2016-09-14,1,2,3,33.33333333333333,308.56135603626814
2016-09-15,0,3,3,0.0,296.83538017347894
2016-09-16,0,3,3,0.0,299.24890472605404
2016-09-19,0,3,3,0.0,298.01994045471633
2016-09-20,0,3,3,0.0,297.10778399134426
2016-09-21,1,2,3,33.33333333333333,298.86462309838174
2016-09-22,1,2,3,33.33333333333333,301.1633714651949
2016-09-23,1,2,3,33.33333333333333,301.08835316784985
2016-09-26,1,2,3,33.33333333333333,300.2404904875043
2016-09-27,1,2,3,33.33333333333333,299.45879384356164
2016-09-28,1,2,3,33.33333333333333,300.7419490763848
2016-09-29,1,2,3,33.33333333333333,288.809540935826
2016-09-30,1,2,3,33.33333333333333,294.64326554130975
2016-10-03,1,2,3,33.33333333333333,299.67870277843537
2016-10-04,1,2,3,33.33333333333333,299.1782487470032
2016-10-05,1,2,3,33.33333333333333,299.57613599830006
2016-10-06,1,2,3,33.33333333333333,297.9689253026415
2016-10-07,1,2,3,33.33333333333333,297.3647149963738
2016-10-10,1,2,3,33.33333333333333,296.2940603320447
2016-10-13,1,2,3,33.33333333333333,294.3851284133405
2016-10-14,1,2,3,33.33333333333333,296.7476289686155
2016-10-17,1,2,3,33.33333333333333,295.8912240813675
2016-10-18,1,2,3,33.33333333333333,299.8145727779435
2016-10-19,1,2,3,33.33333333333333,303.3997085241202
2016-10-20,1,2,3,33.33333333333333,304.50725437914224
2016-10-21,1,2,3,33.33333333333333,301.0773987568836
2016-10-24,1,2,3,33.33333333333333,302.2480889737827
2016-10-25,1,2,3,33.33333333333333,302.2117552206283
2016-10-26,2,1,3,66.66666666666666,301.0514371726872
2016-10-27,2,1,3,66.66666666666666,302.9815616062794
2016-10-28,2,1,3,66.66666666666666,306.8839826779857
2016-10-30,2,1,3,66.66666666666666,306.83538054609966
2016-11-01,2,1,3,66.66666666666666,304.0211932639371
2016-11-02,1,2,3,33.33333333333333,300.3262482532007
2016-11-03,1,2,3,33.33333333333333,295.66985915788956
2016-11-04,1,2,3,33.33333333333333,293.23697720413804
2016-11-07,1,2,3,33.33333333333333,294.671018968071
2016-11-08,1,2,3,33.33333333333333,298.8570629326863
2016-11-09,1,2,3,33.33333333333333,290.27556749864465
2016-11-10,1,2,3,33.33333333333333,297.417336228653
2016-11-11,1,2,3,33.33333333333333,291.5745641103097
2016-11-15,0,3,3,0.0,280.72515062997184
2016-11-16,0,3,3,0.0,278.6316769310741
2016-11-17,0,3,3,0.0,271.659384291513
2016-11-18,0,3,3,0.0,269.17055679014607
2016-11-21,0,3,3,0.0,261.7566103943095
2016-11-22,0,3,3,0.0,258.912267165389
2016-11-23,0,3,3,0.0,257.50184157839146
2016-11-24,0,3,3,0.0,263.91328089157923
2016-11-25,0,3,3,0.0,264.77435419808984
2016-11-28,0,3,3,0.0,269.340867401653
2016-11-29,1,2,3,33.33333333333333,275.07528942292754
2016-11-30,1,2,3,33.33333333333333,276.95710355938957
2016-12-01,0,3,3,0.0,272.45499338080583
2016-12-02,0,3,3,0.0,268.94638362571374
2016-12-05,1,2,3,33.33333333333333,271.1834895841224
2016-12-06,1,2,3,33.33333333333333,274.3071493928104
2016-12-07,0,3,3,0.0,271.9894320703512
2016-12-08,1,2,3,33.33333333333333,278.8487794872591
2016-12-09,1,2,3,33.33333333333333,281.0084872299888
2016-12-12,1,2,3,33.33333333333333,282.1538164705157
2016-12-13,1,2,3,33.33333333333333,282.4529116079602
2016-12-14,1,2,3,33.33333333333333,279.1722966000509
2016-12-15,1,2,3,33.33333333333333,284.2572885182811
2016-12-16,1,2,3,33.33333333333333,284.60913134865484
2016-12-19,1,2,3,33.33333333333333,284.64439176063433
2016-12-20,1,2,3,33.33333333333333,281.1707118188403
2016-12-21,1,2,3,33.33333333333333,284.92223100178654
2016-12-22,2,1,3,66.66666666666666,289.09424445199994
2016-12-23,2,1,3,66.66666666666666,289.4804059212332
2016-12-26,2,1,3,66.66666666666666,280.41478079096936
2016-12-27,2,1,3,66.66666666666666,288.5706108713021
2016-12-28,2,1,3,66.66666666666666,287.3031006788257
2016-12-29,2,1,3,66.66666666666666,290.3999258434733
2016-12-30,2,1,3,66.66666666666666,290.5651825399581
2017-01-02,2,1,3,66.66666666666666,294.67205136698334
2017-01-03,2,1,3,66.66666666666666,302.6510755180679
2017-01-04,2,1,3,66.66666666666666,299.06569452229735
2017-01-05,2,1,3,66.66666666666666,299.7239475050696
2017-01-06,2,1,3,66.66666666666666,298.2753794467953
2017-01-09,2,1,3,66.66666666666666,315.35883723914407
2017-01-10,2,1,3,66.66666666666666,319.5196645077761
2017-01-11,2,1,3,66.66666666666666,322.47165631464657
2017-01-12,2,1,3,66.66666666666666,325.7040335773441
2017-01-13,2,1,3,66.66666666666666,322.34604154965496
2017-01-16,2,1,3,66.66666666666666,322.0863410798051
2017-01-17,2,1,3,66.66666666666666,318.2984884194669
2017-01-18,2,1,3,66.66666666666666,314.6223828153452
2017-01-19,2,1,3,66.66666666666666,311.6248912116612
2017-01-20,2,1,3,66.66666666666666,313.4948407244456
2017-01-23,2,1,3,66.66666666666666,322.56874240527134
2017-01-24,2,1,3,66.66666666666666,322.3220469068891
2017-01-25,2,1,3,66.66666666666666,323.13532574360937
2017-01-27,2,1,3,66.66666666666666,319.9218686666649
2017-01-30,2,1,3,66.66666666666666,320.9971792892621
2017-01-31,2,1,3,66.66666666666666,314.8671283004129
2017-02-01,1,2,3,33.33333333333333,315.9309921678627
2017-02-02,1,2,3,33.33333333333333,310.6330994321293
2017-02-03,1,2,3,33.33333333333333,312.7662825600131
2017-02-06,1,2,3,33.33333333333333,315.88085804841506
2017-02-07,1,2,3,33.33333333333333,316.69823484805517
2017-02-08,1,2,3,33.33333333333333,320.21965654435684
2017-02-09,2,1,3,66.66666666666666,325.189314055545
2017-02-10,2,1,3,66.66666666666666,323.08932876156973
2017-02-13,1,2,3,33.33333333333333,317.3048300441326
2017-02-14,1,2,3,33.33333333333333,313.4165558021741
2017-02-15,1,2,3,33.33333333333333,305.615247762999
2017-02-16,1,2,3,33.33333333333333,307.2747420070459
2017-02-17,1,2,3,33.33333333333333,308.8324300935113
2017-02-20,1,2,3,33.33333333333333,312.3316860346455
2017-02-21,1,2,3,33.33333333333333,311.42094694015606
2017-02-22,1,2,3,33.33333333333333,308.6176710336473
2017-02-23,1,2,3,33.33333333333333,307.3707070728746
2017-02-27,1,2,3,33.33333333333333,310.8085595127672
2017-02-28,1,2,3,33.33333333333333,309.84531018188545
2017-03-01,1,2,3,33.33333333333333,311.50951677639125
2017-03-02,1,2,3,33.33333333333333,309.765548469289
2017-03-03,1,2,3,33.33333333333333,310.28295567680834
2017-03-06,1,2,3,33.33333333333333,311.2531527640285
2017-03-07,1,2,3,33.33333333333333,312.08606781210773
2017-03-08,1,2,3,33.33333333333333,308.55738808927515
2017-03-09,1,2,3,33.33333333333333,307.3681075016654
2017-03-10,1,2,3,33.33333333333333,310.88568961117534
2017-03-14,1,2,3,33.33333333333333,313.35202220632294
2017-03-15,1,2,3,33.33333333333333,317.6729023551291
2017-03-16,1,2,3,33.33333333333333,318.90160099156714
2017-03-17,1,2,3,33.33333333333333,316.393128124767
2017-03-20,1,2,3,33.33333333333333,314.77522305887237
2017-03-21,1,2,3,33.33333333333333,311.80747412721445
2017-03-22,1,2,3,33.33333333333333,311.1910581296692
2017-03-23,1,2,3,33.33333333333333,312.4779601057297
2017-03-24,1,2,3,33.33333333333333,311.47300018594524
2017-03-27,1,2,3,33.33333333333333,308.9235019523771
2017-03-28,1,2,3,33.33333333333333,310.7806174623142
2017-03-29,1,2,3,33.33333333333333,310.1084976282326
2017-03-30,1,2,3,33.33333333333333,317.6270189843906
2017-03-31,1,2,3,33.33333333333333,322.474143551685
2017-04-03,1,2,3,33.33333333333333,323.576833021545
2017-04-05,1,2,3,33.33333333333333,329.9137852963399
2017-04-06,2,1,3,66.66666666666666,337.73004270116195
2017-04-07,2,1,3,66.66666666666666,338.8376170611162
2017-04-10,2,1,3,66.66666666666666,340.1016137528331
2017-04-11,2,1,3,66.66666666666666,341.67994759595774
2017-04-12,2,1,3,66.66666666666666,342.38898760064546
2017-04-13,2,1,3,66.66666666666666,347.4046310693502
2017-04-17,2,1,3,66.66666666666666,346.0205425366307
2017-04-18,2,1,3,66.66666666666666,343.92451710365566
2017-04-19,2,1,3,66.66666666666666,346.80601548604045
2017-04-20,2,1,3,66.66666666666666,343.1446135561307
2017-04-21,2,1,3,66.66666666666666,344.8887149132297
2017-04-24,2,1,3,66.66666666666666,351.67733109717665
2017-04-25,2,1,3,66.66666666666666,353.8549690370038
2017-04-26,2,1,3,66.66666666666666,355.11816708708983
2017-04-27,2,1,3,66.66666666666666,353.02318642668234
2017-04-28,2,1,3,66.66666666666666,354.6376171788988
2017-05-02,2,1,3,66.66666666666666,353.0129744234741
2017-05-03,2,1,3,66.66666666666666,348.97241348260496
2017-05-04,2,1,3,66.66666666666666,349.19481738269366
2017-05-05,2,1,3,66.66666666666666,345.5284259701649
2017-05-08,2,1,3,66.66666666666666,344.8274630238342
2017-05-09,2,1,3,66.66666666666666,345.2475403489669
2017-05-10,2,1,3,66.66666666666666,346.93159543919194
2017-05-11,2,1,3,66.66666666666666,344.3917206459953
2017-05-12,2,1,3,66.66666666666666,344.3887913361284
2017-05-15,2,1,3,66.66666666666666,344.8215420138732
2017-05-16,2,1,3,66.66666666666666,350.8263828779086
2017-05-17,2,1,3,66.66666666666666,350.93099052571716
2017-05-18,2,1,3,66.66666666666666,343.24906018052405
2017-05-19,2,1,3,66.66666666666666,336.3760669917728
2017-05-22,2,1,3,66.66666666666666,335.8203317692777
2017-05-23,2,1,3,66.66666666666666,327.70962667097797
2017-05-24,2,1,3,66.66666666666666,315.97202751289825
2017-05-25,2,1,3,66.66666666666666,319.53421243912527
2017-05-26,2,1,3,66.66666666666666,328.6706944627863
2017-05-29,2,1,3,66.66666666666666,321.5287959748259
2017-05-30,2,1,3,66.66666666666666,318.60739220318123
2017-05-31,2,1,3,66.66666666666666,321.41300482607255
2017-06-01,2,1,3,66.66666666666666,325.00770002192814
2017-06-02,2,1,3,66.66666666666666,327.54926758229436
2017-06-05,2,1,3,66.66666666666666,327.4895833961539
2017-06-06,2,1,3,66.66666666666666,325.2280361846966
2017-06-07,2,1,3,66.66666666666666,326.77441285470695
2017-06-08,2,1,3,66.66666666666666,327.3292450617431
2017-06-09,2,1,3,66.66666666666666,329.19118813616797
2017-06-12,2,1,3,66.66666666666666,329.9880815465533
2017-06-13,2,1,3,66.66666666666666,329.8149617949289
2017-06-14,2,1,3,66.66666666666666,331.21500883016824
2017-06-15,2,1,3,66.66666666666666,328.00008217246057
2017-06-16,2,1,3,66.66666666666666,337.7229511141371
2017-06-19,2,1,3,66.66666666666666,336.0626830472357
2017-06-20,2,1,3,66.66666666666666,345.7095908251679
2017-06-21,2,1,3,66.66666666666666,346.5193965380986
2017-06-22,2,1,3,66.66666666666666,351.22175888908237
2017-06-23,2,1,3,66.66666666666666,350.20419562487444
2017-06-27,2,1,3,66.66666666666666,341.36296414868804
2017-06-28,2,1,3,66.66666666666666,336.66016549911035
2017-06-29,2,1,3,66.66666666666666,337.92512423153573
2017-06-30,2,1,3,66.66666666666666,344.65115032661646
2017-07-03,2,1,3,66.66666666666666,346.1263839823046
2017-07-04,2,1,3,66.66666666666666,345.69402533605904
2017-07-05,2,1,3,66.66666666666666,357.46434141509775
2017-07-06,2,1,3,66.66666666666666,358.4929254953983
2017-07-07,2,1,3,66.66666666666666,358.9882916999594
2017-07-10,2,1,3,66.66666666666666,362.1612011035012
2017-07-11,2,1,3,66.66666666666666,355.5695877129979
2017-07-12,2,1,3,66.66666666666666,358.0313206045482
2017-07-13,2,1,3,66.66666666666666,358.4429262442534
2017-07-14,2,1,3,66.66666666666666,354.7826924401025
2017-07-17,2,1,3,66.66666666666666,356.71821142473135
2017-07-18,2,1,3,66.66666666666666,354.59807962571864
2017-07-19,2,1,3,66.66666666666666,356.46591762139457
2017-07-20,2,1,3,66.66666666666666,358.47466526524136
2017-07-21,2,1,3,66.66666666666666,361.56946415253674
2017-07-24,2,1,3,66.66666666666666,365.10390037972826
2017-07-25,2,1,3,66.66666666666666,362.5621752264967
2017-07-26,2,1,3,66.66666666666666,363.76300371682714
2017-07-27,2,1,3,66.66666666666666,360.56668018394566
2017-07-28,2,1,3,66.66666666666666,359.8254959421535
2017-07-31,2,1,3,66.66666666666666,366.607342974673
2017-08-01,2,1,3,66.66666666666666,369.62378797767053
2017-08-02,2,1,3,66.66666666666666,367.8771675031794
2017-08-03,2,1,3,66.66666666666666,366.10688367500643
2017-08-04,2,1,3,66.66666666666666,369.9648523190287
2017-08-07,2,1,3,66.66666666666666,370.9085403813509
2017-08-08,2,1,3,66.66666666666666,365.68535549442265
2017-08-09,2,1,3,66.66666666666666,358.15941968848944
2017-08-10,2,1,3,66.66666666666666,341.4670601383171
2017-08-11,2,1,3,66.66666666666666,346.2339537148377
2017-08-14,2,1,3,66.66666666666666,361.38776333426017
2017-08-16,2,1,3,66.66666666666666,368.8776202405343
2017-08-17,2,1,3,66.66666666666666,383.29136426172965
2017-08-18,2,1,3,66.66666666666666,384.57484113990506
2017-08-21,2,1,3,66.66666666666666,376.8910976629932
2017-08-22,2,1,3,66.66666666666666,377.9613408187778
2017-08-23,2,1,3,66.66666666666666,376.5251591146179
2017-08-24,2,1,3,66.66666666666666,379.983214185235
2017-08-28,2,1,3,66.66666666666666,382.1896321228136
2017-08-29,2,1,3,66.66666666666666,373.1771841054302
2017-08-30,2,1,3,66.66666666666666,381.4112621152503
2017-08-31,2,1,3,66.66666666666666,383.34509689061014
2017-09-01,2,1,3,66.66666666666666,393.5850592586892
2017-09-04,2,1,3,66.66666666666666,394.5274717982878
2017-09-05,2,1,3,66.66666666666666,400.828603327071
2017-09-06,2,1,3,66.66666666666666,402.98774047690796
2017-09-07,2,1,3,66.66666666666666,400.19087380913055
2017-09-08,2,1,3,66.66666666666666,399.7368668286839
2017-09-11,2,1,3,66.66666666666666,403.78104814644587
2017-09-12,2,1,3,66.66666666666666,406.882469868847
2017-09-13,2,1,3,66.66666666666666,400.98820806952267
2017-09-14,2,1,3,66.66666666666666,404.12350356493914
2017-09-15,2,1,3,66.66666666666666,401.78921392072544
2017-09-18,3,0,3,100.0,411.67895907089974
2017-09-19,3,0,3,100.0,418.5687945274815
2017-09-20,3,0,3,100.0,417.3300545010259
2017-09-21,3,0,3,100.0,416.7786698951198
2017-09-22,3,0,3,100.0,395.77288287790805
2017-09-25,3,0,3,100.0,391.03805031559017
2017-09-26,3,0,3,100.0,392.19415541758104
2017-09-27,2,1,3,66.66666666666666,380.3460179394935
2017-09-28,3,0,3,100.0,391.1121012571312
2017-09-29,3,0,3,100.0,387.81743444006185
2017-10-03,3,0,3,100.0,386.9988415379298
2017-10-04,3,0,3,100.0,392.84177178963114
2017-10-05,3,0,3,100.0,402.436246700468
2017-10-06,3,0,3,100.0,404.1598408951044
2017-10-09,3,0,3,100.0,400.66494064822945
2017-10-10,3,0,3,100.0,403.03716597330197
2017-10-11,3,0,3,100.0,403.5535085987142
2017-10-12,3,0,3,100.0,412.47981261614075
2017-10-13,3,0,3,100.0,409.9143861663251
2017-10-16,3,0,3,100.0,403.2310913341205
2017-10-17,3,0,3,100.0,404.30129302279045
2017-10-18,3,0,3,100.0,398.376632743018
2017-10-19,3,0,3,100.0,394.68869458059635
2017-10-23,3,0,3,100.0,398.57916714990523
2017-10-24,3,0,3,100.0,400.1486204169411
2017-10-25,3,0,3,100.0,403.24394429853146
2017-10-26,3,0,3,100.0,409.21197151625785
2017-10-27,3,0,3,100.0,416.39581656066065
2017-10-30,3,0,3,100.0,421.9308092839018
2017-10-31,3,0,3,100.0,424.4484583313356
2017-11-01,3,0,3,100.0,425.9251889774087
2017-11-02,3,0,3,100.0,420.7895655525508
2017-11-03,3,0,3,100.0,423.1121745559288
2017-11-06,3,0,3,100.0,429.819752710849
2017-11-07,3,0,3,100.0,415.7792639038621
2017-11-08,3,0,3,100.0,416.9840756858177
2017-11-09,3,0,3,100.0,420.66829082945117
2017-11-10,3,0,3,100.0,419.88306400257704
2017-11-13,3,0,3,100.0,412.92972552323926
2017-11-14,3,0,3,100.0,416.488780238489
2017-11-15,3,0,3,100.0,408.2361362386532
2017-11-16,3,0,3,100.0,408.8207438204891
2017-11-17,3,0,3,100.0,408.8543630659252
2017-11-20,3,0,3,100.0,409.6792853380862
2017-11-21,3,0,3,100.0,411.7764814523454
2017-11-22,3,0,3,100.0,409.7775476093667
2017-11-23,3,0,3,100.0,413.22251802164607
2017-11-24,3,0,3,100.0,413.556421704173
2017-11-27,3,0,3,100.0,415.22936913952924
2017-11-28,3,0,3,100.0,433.05056778881215
2017-11-29,3,0,3,100.0,426.3131413731609
2017-11-30,3,0,3,100.0,423.02415118418867
2017-12-01,3,0,3,100.0,415.1501870738316
2017-12-04,3,0,3,100.0,411.14251879328634
2017-12-05,3,0,3,100.0,405.9650912202194
2017-12-06,2,1,3,66.66666666666666,398.5264307691065
2017-12-07,3,0,3,100.0,405.5313333374727
2017-12-08,3,0,3,100.0,408.45397393168275
2017-12-11,3,0,3,100.0,406.1238404336951
2017-12-12,3,0,3,100.0,400.6242367956035
2017-12-13,2,1,3,66.66666666666666,390.10274952313495
2017-12-14,2,1,3,66.66666666666666,385.6300437231131
2017-12-15,2,1,3,66.66666666666666,391.7599011606067
2017-12-18,2,1,3,66.66666666666666,393.4190604514685
2017-12-19,3,0,3,100.0,404.6857710940292
2017-12-20,3,0,3,100.0,402.7434411862738
2017-12-21,3,0,3,100.0,405.5918564103116
2017-12-22,3,0,3,100.0,409.41213833611397
2017-12-26,3,0,3,100.0,415.8319401594742
2017-12-27,3,0,3,100.0,408.6830560682248
2017-12-28,3,0,3,100.0,410.43777281134055
2017-12-29,3,0,3,100.0,413.1509627606814
2018-01-01,3,0,3,100.0,411.30515221560717
2018-01-02,3,0,3,100.0,407.40640139500607
2018-01-03,2,1,3,66.66666666666666,406.37257630126464
2018-01-04,2,1,3,66.66666666666666,407.12771389193324
2018-01-05,2,1,3,66.66666666666666,409.9633576435833
2018-01-08,3,0,3,100.0,418.47447167698977
2018-01-09,3,0,3,100.0,415.44955452310495
2018-01-10,2,1,3,66.66666666666666,421.85964638075643
2018-01-11,2,1,3,66.66666666666666,423.71865687480124
2018-01-12,2,1,3,66.66666666666666,420.80834265523947
2018-01-15,3,0,3,100.0,424.2239540998404
2018-01-16,2,1,3,66.66666666666666,412.8931377149388
2018-01-17,2,1,3,66.66666666666666,416.39674679218757
2018-01-18,2,1,3,66.66666666666666,407.02541778683025
2018-01-19,2,1,3,66.66666666666666,410.77193895990104
2018-01-22,2,1,3,66.66666666666666,414.69064040288765
2018-01-23,2,1,3,66.66666666666666,410.821240036477
2018-01-24,2,1,3,66.66666666666666,408.8695876035734
2018-01-25,2,1,3,66.66666666666666,403.4704094018822
2018-01-29,2,1,3,66.66666666666666,392.77741578982966
2018-01-30,2,1,3,66.66666666666666,392.8186364178747
2018-01-31,2,1,3,66.66666666666666,390.4474794146878
2018-02-01,2,1,3,66.66666666666666,387.87916545331495
2018-02-02,1,2,3,33.33333333333333,356.8413292921401
2018-02-05,1,2,3,33.33333333333333,360.509539414318
2018-02-06,1,2,3,33.33333333333333,346.0050961899502
2018-02-07,1,2,3,33.33333333333333,351.6324269312702
2018-02-08,1,2,3,33.33333333333333,355.9255856167947
2018-02-09,1,2,3,33.33333333333333,354.5428222480651
2018-02-12,1,2,3,33.33333333333333,366.4446364003679
2018-02-14,1,2,3,33.33333333333333,365.52536338446504
2018-02-15,1,2,3,33.33333333333333,364.6461052967879
2018-02-16,1,2,3,33.33333333333333,356.4858106449201
2018-02-19,1,2,3,33.33333333333333,353.2701998361857
2018-02-20,1,2,3,33.33333333333333,352.3480370435855
2018-02-21,1,2,3,33.33333333333333,350.48946501885956
2018-02-22,1,2,3,33.33333333333333,350.9262524247252
2018-02-23,1,2,3,33.33333333333333,354.7296990200231
2018-02-26,1,2,3,33.33333333333333,357.8142991449867
2018-02-27,1,2,3,33.33333333333333,355.1359863763329
2018-02-28,1,2,3,33.33333333333333,353.3411780638296
2018-03-01,1,2,3,33.33333333333333,353.2509781443065
2018-03-05,1,2,3,33.33333333333333,362.47889178848976
2018-03-06,0,3,3,0.0,345.6804618785535
2018-03-07,0,3,3,0.0,338.2859301166346
2018-03-08,0,3,3,0.0,332.3723285855091
2018-03-09,0,3,3,0.0,328.3504918788404
2018-03-12,0,3,3,0.0,329.9261137799332
2018-03-13,0,3,3,0.0,329.0145901348736
2018-03-14,0,3,3,0.0,330.2672572452438
2018-03-15,0,3,3,0.0,328.558419320482
2018-03-16,0,3,3,0.0,320.84431008567174
2018-03-19,0,3,3,0.0,314.7686535438068
2018-03-20,0,3,3,0.0,314.31313674077535
2018-03-21,0,3,3,0.0,319.35147114552115
2018-03-22,0,3,3,0.0,313.37055464303995
2018-03-23,0,3,3,0.0,312.52986494365797
2018-03-26,0,3,3,0.0,311.0954377036744
2018-03-27,0,3,3,0.0,316.295173286438
2018-03-28,0,3,3,0.0,316.2189014517641
2018-04-02,0,3,3,0.0,322.29554348117955
2018-04-03,0,3,3,0.0,328.8502317797905
2018-04-04,0,3,3,0.0,319.85958972798306
2018-04-05,0,3,3,0.0,325.0293662994936
2018-04-06,0,3,3,0.0,330.6307139100237
2018-04-09,0,3,3,0.0,332.4501617431417
2018-04-10,0,3,3,0.0,333.192964599813
2018-04-11,0,3,3,0.0,334.663534428864
2018-04-12,1,2,3,33.33333333333333,335.89906541115715
2018-04-13,1,2,3,33.33333333333333,335.3444927729871
2018-04-16,1,2,3,33.33333333333333,334.54283242478954
2018-04-17,1,2,3,33.33333333333333,339.0688975168965
2018-04-18,1,2,3,33.33333333333333,336.2562288867367
2018-04-19,1,2,3,33.33333333333333,338.0038756796585
2018-04-20,1,2,3,33.33333333333333,333.9018197812423
2018-04-23,1,2,3,33.33333333333333,331.4617938754238
2018-04-24,1,2,3,33.33333333333333,330.9127506236362
2018-04-25,1,2,3,33.33333333333333,325.3042907585143
2018-04-26,0,3,3,0.0,323.2512824956106
2018-04-27,1,2,3,33.33333333333333,325.64118863026226
2018-04-30,1,2,3,33.33333333333333,325.3221914846778
2018-05-02,1,2,3,33.33333333333333,323.1741624820436
2018-05-03,1,2,3,33.33333333333333,321.14989914405896
2018-05-04,1,2,3,33.33333333333333,323.839348761549
2018-05-07,1,2,3,33.33333333333333,326.6511835777907
2018-05-08,1,2,3,33.33333333333333,335.2793880297934
2018-05-09,1,2,3,33.33333333333333,330.53210886706097
2018-05-10,1,2,3,33.33333333333333,322.7136916740476
2018-05-11,1,2,3,33.33333333333333,330.0779983716907
2018-05-14,1,2,3,33.33333333333333,324.813278570115
2018-05-15,1,2,3,33.33333333333333,320.731793930118
2018-05-16,1,2,3,33.33333333333333,323.70849473874404
2018-05-17,1,2,3,33.33333333333333,323.513347332643
2018-05-18,1,2,3,33.33333333333333,316.5777402036127
2018-05-21,1,2,3,33.33333333333333,305.1943212217101
2018-05-22,1,2,3,33.33333333333333,302.1622349158215
2018-05-23,1,2,3,33.33333333333333,300.2497122585908
2018-05-24,1,2,3,33.33333333333333,301.58822053154194
2018-05-25,1,2,3,33.33333333333333,303.82707375948644
2018-05-28,1,2,3,33.33333333333333,303.5267487567266
2018-05-29,1,2,3,33.33333333333333,302.61016341492206
2018-05-30,1,2,3,33.33333333333333,301.4294078935172
2018-05-31,1,2,3,33.33333333333333,300.2495876452841
2018-06-01,1,2,3,33.33333333333333,290.6911420075781
2018-06-04,0,3,3,0.0,285.63276403007166
2018-06-05,1,2,3,33.33333333333333,280.7391062029318
2018-06-06,1,2,3,33.33333333333333,286.2406842806289
2018-06-07,1,2,3,33.33333333333333,291.20996039877747
2018-06-08,1,2,3,33.33333333333333,296.6735051449692
2018-06-11,0,3,3,0.0,289.6512097820376
2018-06-12,1,2,3,33.33333333333333,291.6191862615967
2018-06-13,0,3,3,0.0,293.73072212715346
2018-06-14,0,3,3,0.0,292.5418796750242
2018-06-15,0,3,3,0.0,286.3413369884175
2018-06-18,0,3,3,0.0,282.7019510599652
2018-06-19,0,3,3,0.0,285.36475771240026
2018-06-20,0,3,3,0.0,287.3971672491063
2018-06-21,0,3,3,0.0,282.6042711383579
2018-06-22,0,3,3,0.0,281.7889184110471
2018-06-25,0,3,3,0.0,282.52450618610953
2018-06-26,0,3,3,0.0,282.0040940010385
2018-06-27,0,3,3,0.0,274.14185868975915
2018-06-28,0,3,3,0.0,269.47455301696357
2018-06-29,0,3,3,0.0,277.9585455809036
2018-07-02,0,3,4,0.0,275.2479669449773
2018-07-03,0,3,4,0.0,277.77524140676417
2018-07-04,0,3,4,0.0,275.63818948683485
2018-07-05,0,3,4,0.0,270.33840907645674
2018-07-06,0,3,4,0.0,273.0407066945626
2018-07-09,1,2,4,33.33333333333333,274.2482919266071
2018-07-10,1,2,4,33.33333333333333,278.0926641426227
2018-07-11,0,3,4,0.0,275.55799489709716
2018-07-12,0,3,4,0.0,274.1051673925417
2018-07-13,0,3,4,0.0,269.4524215101665
2018-07-16,0,3,4,0.0,260.63196457356963
2018-07-17,0,3,4,0.0,263.62147736406797
2018-07-18,0,3,4,0.0,263.23001420759084
2018-07-19,0,3,4,0.0,259.9825489707904
2018-07-20,0,3,4,0.0,259.1110593735083
2018-07-23,0,3,4,0.0,259.2272755016139
2018-07-24,1,2,4,33.33333333333333,275.38076244063865
2018-07-25,0,3,4,0.0,269.8388328505332
2018-07-26,0,3,4,0.0,278.8753601340194
2018-07-27,0,3,4,0.0,296.20890091865977
2018-07-30,0,3,4,0.0,311.91912706676544
2018-07-31,1,2,4,33.33333333333333,308.3576662832939
2018-08-01,1,2,4,33.33333333333333,309.4472976291934
2018-08-02,0,3,4,0.0,310.02239174261337
2018-08-03,0,3,4,0.0,317.3218868335396
2018-08-06,0,3,4,0.0,314.7398181795036
2018-08-07,0,3,4,0.0,308.55759968162096
2018-08-08,0,3,4,0.0,305.8467567319388
2018-08-09,0,3,4,0.0,303.16161971013247
2018-08-10,0,3,4,0.0,297.64649030628306
2018-08-13,0,3,4,0.0,297.22954365257414
2018-08-14,0,3,4,0.0,297.43072892264945
2018-08-16,0,3,4,0.0,304.2929192331606
2018-08-17,0,3,4,0.0,311.2255569974495
2018-08-20,0,3,4,0.0,313.27570845441096
2018-08-21,0,3,4,0.0,315.06348002985163
2018-08-23,0,3,4,0.0,316.0533653367753
2018-08-24,0,3,4,0.0,314.0430376830667
2018-08-27,0,3,4,0.0,312.8682247876503
2018-08-28,0,3,4,0.0,311.24159520322274
2018-08-29,0,3,4,0.0,311.38482425659674
2018-08-30,0,3,4,0.0,309.3161399433174
2018-08-31,0,3,4,0.0,314.1376000977651
2018-09-03,0,3,4,0.0,311.8482597979731
2018-09-04,0,3,4,0.0,298.609487829976
2018-09-05,0,3,4,0.0,296.77538461542923
2018-09-06,0,3,4,0.0,300.45818235481454
2018-09-07,1,2,4,33.33333333333333,304.4121981475733
2018-09-10,1,2,4,33.33333333333333,304.3361788683904
2018-09-11,0,3,4,0.0,295.070490810054
2018-09-12,0,3,4,0.0,293.66845411452147
2018-09-14,0,3,4,0.0,298.64112308891225
2018-09-17,0,3,4,0.0,296.9424569131904
2018-09-18,0,3,4,0.0,289.05174104825977
2018-09-19,0,3,4,0.0,289.7314231390091
2018-09-21,0,3,4,0.0,282.3269367105666
2018-09-24,0,3,4,0.0,271.0084433048669
2018-09-25,0,3,4,0.0,267.7120293256205
2018-09-26,0,3,4,0.0,274.2826393278123
2018-09-27,0,3,4,0.0,267.8735273294007
2018-09-28,0,3,5,0.0,262.1462115832401
2018-10-01,0,3,5,0.0,264.4819670489847
2018-10-03,0,3,5,0.0,267.2786130028619
2018-10-04,0,3,5,0.0,259.376855161686
2018-10-05,0,3,5,0.0,249.70720361466226
2018-10-08,0,3,5,0.0,245.43175041334547
2018-10-09,0,3,5,0.0,240.79008777662403
2018-10-10,0,3,5,0.0,250.4513220015951
2018-10-11,0,3,5,0.0,245.4319832889245
2018-10-12,0,3,5,0.0,250.8010469018437
2018-10-15,0,3,5,0.0,256.3743551441547
2018-10-16,0,3,5,0.0,258.8746267661326
2018-10-17,0,3,5,0.0,249.87029169573862
2018-10-19,0,3,5,0.0,245.9593151892594
2018-10-22,0,3,5,0.0,242.452227826641
2018-10-23,0,3,5,0.0,240.88341788245776
2018-10-24,0,3,5,0.0,239.90050150608977
2018-10-25,0,3,5,0.0,236.78934832994537
2018-10-26,0,3,5,0.0,237.86826468033954
2018-10-29,0,3,5,0.0,251.2188241240044
2018-10-30,0,3,5,0.0,254.3800236832315
2018-10-31,0,3,5,0.0,256.00265123214825
2018-11-01,1,2,5,33.33333333333333,267.5816839756844
2018-11-02,1,2,5,33.33333333333333,270.0447362851003
2018-11-05,1,2,5,33.33333333333333,273.78949443128965
2018-11-06,1,2,5,33.33333333333333,276.4151484664967
2018-11-07,1,2,5,33.33333333333333,278.4353910444888
2018-11-09,1,2,5,33.33333333333333,287.24146786443123
2018-11-12,1,2,5,33.33333333333333,286.4249897277325
2018-11-13,1,2,5,33.33333333333333,294.5293702467741
2018-11-14,1,2,5,33.33333333333333,295.9636578220545
2018-11-15,1,2,5,33.33333333333333,294.13702760889555
2018-11-16,1,2,5,33.33333333333333,289.2454234864919
2018-11-19,1,2,5,33.33333333333333,289.1728151062592
2018-11-20,1,2,5,33.33333333333333,287.20354403217124
2018-11-21,1,2,5,33.33333333333333,287.5325600843479
2018-11-22,1,2,5,33.33333333333333,284.3984077605707
2018-11-26,1,2,5,33.33333333333333,282.64377488979915
2018-11-27,1,2,5,33.33333333333333,284.4103527768635
2018-11-28,1,2,5,33.33333333333333,285.19845034248846
2018-11-29,1,2,5,33.33333333333333,284.50354094595923
2018-11-30,1,2,5,33.33333333333333,282.4960814064878
2018-12-03,1,2,5,33.33333333333333,282.65728134410637
2018-12-04,1,2,5,33.33333333333333,282.1993376386665
2018-12-05,1,2,5,33.33333333333333,279.0566804326079
2018-12-06,1,2,5,33.33333333333333,274.54466482838814
2018-12-07,1,2,5,33.33333333333333,275.5938469254823
2018-12-10,1,2,5,33.33333333333333,275.93864468566363
2018-12-11,1,2,5,33.33333333333333,277.573976342651
2018-12-12,1,2,5,33.33333333333333,282.4634288783048
2018-12-13,1,2,5,33.33333333333333,286.2994707175288
2018-12-14,1,2,5,33.33333333333333,285.2663209293504
2018-12-17,1,2,5,33.33333333333333,300.3884644580312
2018-12-18,1,2,5,33.33333333333333,302.1191303406936
2018-12-19,1,2,5,33.33333333333333,300.8757568961889
2018-12-20,2,1,5,66.66666666666666,307.36156736196796
2018-12-21,2,1,5,66.66666666666666,300.94077468047465
2018-12-24,2,1,5,66.66666666666666,296.55421246882827
2018-12-26,2,1,5,66.66666666666666,298.8847469809409
2018-12-27,2,1,5,66.66666666666666,301.6472614377928
2018-12-28,2,1,5,66.66666666666666,303.41011009082797
2018-12-31,2,1,5,66.66666666666666,303.45275626245274
2019-01-01,2,1,5,66.66666666666666,303.107612296937
2019-01-02,2,1,5,66.66666666666666,300.03265973428415
2019-01-03,2,1,5,66.66666666666666,293.80526242320866
2019-01-04,2,1,5,66.66666666666666,292.9671973533646
2019-01-07,2,1,5,66.66666666666666,294.5697919912772
2019-01-08,2,1,5,66.66666666666666,293.7424700742475
2019-01-09,2,1,5,66.66666666666666,293.7114959369927
2019-01-10,2,1,5,66.66666666666666,296.80810612451097
2019-01-11,2,1,5,66.66666666666666,296.7740212382938
2019-01-14,2,1,5,66.66666666666666,293.7367023085174
2019-01-15,2,1,5,66.66666666666666,295.61010941382654
2019-01-16,2,1,5,66.66666666666666,298.4596519456411
2019-01-17,2,1,5,66.66666666666666,296.7963324776858
2019-01-18,2,1,5,66.66666666666666,292.9348370436
2019-01-21,2,1,5,66.66666666666666,288.7717334332255
2019-01-22,2,1,5,66.66666666666666,285.2046220288575
2019-01-23,2,1,5,66.66666666666666,282.8278514402412
2019-01-24,2,1,5,66.66666666666666,280.26553562993075
2019-01-25,2,1,5,66.66666666666666,279.93544134872894
2019-01-28,0,3,5,0.0,270.87369722684974
2019-01-29,0,3,5,0.0,268.7501721536428
2019-01-30,1,2,5,33.33333333333333,276.1893951649241
2019-01-31,1,2,5,33.33333333333333,276.8355900059765
2019-02-01,1,2,5,33.33333333333333,275.0325254587311
2019-02-04,0,3,5,0.0,274.8131720399693
2019-02-05,0,3,5,0.0,272.021790114552
2019-02-06,0,3,5,0.0,272.091277041724
2019-02-07,0,4,5,0.0,274.0825826962316
2019-02-08,0,4,5,0.0,273.08621436935925
2019-02-11,1,3,5,25.0,270.1036933664325
2019-02-12,0,4,5,0.0,265.4380490301746
2019-02-13,0,4,5,0.0,260.9474508410625
2019-02-14,0,4,5,0.0,263.18612112248513
2019-02-15,0,4,5,0.0,260.17230171366367
2019-02-18,0,4,5,0.0,256.4290702202217
2019-02-19,0,4,5,0.0,258.2158997937539
2019-02-20,0,4,5,0.0,262.4903018493861
2019-02-21,0,4,5,0.0,263.80204777035357
2019-02-22,1,3,5,25.0,268.0478020571568
2019-02-25,1,3,5,25.0,270.5690471896994
2019-02-26,1,3,5,25.0,267.8528587927093
2019-02-27,1,3,5,25.0,272.70459749643516
2019-02-28,1,3,5,25.0,277.97082524379823
2019-03-01,1,3,5,25.0,281.7555793809838
2019-03-05,3,1,5,75.0,296.89779899100984
2019-03-06,3,1,5,75.0,299.8924515165314
2019-03-07,3,1,5,75.0,297.1203949868464
2019-03-08,3,1,5,75.0,299.059477070563
2019-03-11,3,1,5,75.0,301.54758823048326
2019-03-12,3,1,5,75.0,306.92414356507715
2019-03-13,4,0,5,100.0,315.27001221456845
2019-03-14,3,1,5,75.0,313.4162385045123
2019-03-15,4,0,5,100.0,310.1905252012135
2019-03-18,3,1,5,75.0,310.5290509877863
2019-03-19,3,1,5,75.0,312.31589680659806
2019-03-20,4,0,5,100.0,312.2148204833718
2019-03-22,4,0,5,100.0,308.8555282184973
2019-03-25,3,1,5,75.0,302.61919869906586
2019-03-26,3,1,5,75.0,305.41883306674345
2019-03-27,3,1,5,75.0,305.84066355708126
2019-03-28,3,1,5,75.0,308.3045941654244
2019-03-29,4,0,5,100.0,312.79714014736516
2019-04-01,4,0,5,100.0,314.218160148111
2019-04-02,4,0,5,100.0,313.8961372634618
2019-04-03,4,0,5,100.0,311.95613234810816
2019-04-04,4,0,5,100.0,308.2100359669972
2019-04-05,4,0,5,100.0,308.04215494302474
2019-04-08,3,1,5,75.0,304.18897371094226
2019-04-09,3,1,5,75.0,303.68087116142993
2019-04-10,4,0,5,100.0,306.48594144969013
2019-04-11,4,0,6,100.0,307.32196782251094
2019-04-12,4,0,6,100.0,308.35046070857464
2019-04-15,3,1,6,75.0,322.60542319333405
2019-04-16,3,1,6,75.0,325.5611152328683
2019-04-18,4,0,6,100.0,323.4448802252025
2019-04-22,2,2,6,50.0,317.1041991938078
2019-04-23,2,2,6,50.0,311.7704599035365
2019-04-24,2,2,6,50.0,314.12095097317564
2019-04-25,2,2,6,50.0,312.56848587073756
2019-04-26,2,2,6,50.0,310.4818458475352
2019-04-30,2,2,6,50.0,305.29967087125914
2019-05-02,2,2,6,50.0,312.06699540689027
2019-05-03,3,1,6,75.0,311.2444279664238
2019-05-06,3,1,6,75.0,305.51532226351355
2019-05-07,2,2,6,50.0,303.1942713876117
2019-05-08,2,2,6,50.0,298.70347011337776
2019-05-09,2,2,6,50.0,298.6137063260167
2019-05-10,3,2,6,60.0,298.8748870669033
2019-05-13,0,5,6,0.0,292.516171683903
2019-05-14,1,4,6,20.0,294.58189293848955
2019-05-15,1,4,6,20.0,291.01874140857655
2019-05-16,1,4,6,20.0,289.6437130078165
2019-05-17,1,4,6,20.0,293.7018940968886
2019-05-20,2,3,6,40.0,311.61263637787533
2019-05-21,2,3,6,40.0,309.8583222101925
2019-05-22,3,2,6,60.0,313.9467055326421
2019-05-23,4,1,6,80.0,315.57533624851413
2019-05-24,4,1,6,80.0,328.7394567205297
2019-05-27,5,0,6,100.0,342.74118842472774
2019-05-28,5,0,6,100.0,346.81755685397394
2019-05-29,5,0,6,100.0,342.5674621760825
2019-05-30,5,0,6,100.0,348.03582917907596
2019-05-31,5,0,6,100.0,341.28977154353123
2019-06-03,5,0,6,100.0,342.3729983116615
2019-06-04,5,0,6,100.0,343.18709041401405
2019-06-06,5,0,6,100.0,338.6438053156928
2019-06-07,5,0,6,100.0,337.7348829116439
2019-06-10,5,0,6,100.0,334.1905587560501
2019-06-11,5,0,6,100.0,333.0013797005979
2019-06-12,4,1,6,80.0,329.04840644606156
2019-06-13,4,1,6,80.0,328.37366951644776
2019-06-14,4,1,6,80.0,332.96111292283825
2019-06-17,4,1,6,80.0,329.30407558254933
2019-06-18,4,1,6,80.0,330.3315974840017
2019-06-19,3,2,6,60.0,321.4298806837617
2019-06-20,3,2,6,60.0,325.4738665033885
2019-06-21,4,1,6,80.0,327.5855433318414
2019-06-24,4,1,6,80.0,324.5202882750594
2019-06-25,4,1,6,80.0,325.9044476378962
2019-06-26,4,1,6,80.0,333.26342619024
2019-06-27,4,1,6,80.0,339.3242023340436
2019-06-28,5,0,6,100.0,341.0481453913883
2019-07-01,5,0,6,100.0,342.52992706420895
2019-07-02,5,0,6,100.0,342.53827398786
2019-07-03,5,0,6,100.0,345.022669859391
2019-07-04,5,0,6,100.0,344.8489376061266
2019-07-05,5,0,6,100.0,337.9128440230088
2019-07-08,3,2,6,60.0,325.256461690609
2019-07-09,3,2,6,60.0,324.05150908193247
2019-07-10,3,2,6,60.0,320.25356991342346
2019-07-11,3,2,6,60.0,325.075542282222
2019-07-12,4,1,6,80.0,324.4908219437805
2019-07-15,3,2,6,60.0,321.7081950322035
2019-07-16,3,2,6,60.0,321.29592424273596
2019-07-17,3,2,6,60.0,321.5649142633623
2019-07-18,3,2,6,60.0,318.7156408165347
2019-07-19,3,2,6,60.0,314.6195011448519
2019-07-22,3,2,6,60.0,313.21274641096903
2019-07-23,3,2,6,60.0,313.18638672922043
2019-07-24,3,2,6,60.0,311.7977059276702
2019-07-25,3,2,6,60.0,312.15340059228345
2019-07-26,3,2,6,60.0,311.66472432915816
2019-07-29,2,3,6,40.0,309.4873315586015
2019-07-30,2,3,6,40.0,299.8906449379004
2019-07-31,1,4,6,20.0,299.5684949327548
2019-08-01,2,3,6,40.0,299.6225940725723
2019-08-02,1,4,6,20.0,298.6706621078606
2019-08-05,1,4,6,20.0,294.25534319152496
2019-08-06,1,4,6,20.0,299.7940135870594
2019-08-07,1,4,6,20.0,297.06262641253477
2019-08-08,1,4,6,20.0,300.3154473898991
2019-08-09,1,4,6,20.0,305.2532480881789
2019-08-13,1,4,6,20.0,290.03423241120123
2019-08-14,1,4,6,20.0,291.54782814343815
2019-08-16,1,4,6,20.0,290.3467171045005
2019-08-19,1,4,6,20.0,290.78053918997114
2019-08-20,1,4,6,20.0,291.26800182814856
2019-08-21,1,4,6,20.0,289.1505071556678
2019-08-22,1,4,6,20.0,282.88049146101446
2019-08-23,1,4,6,20.0,281.5604197162225
2019-08-26,1,4,6,20.0,288.2148896960759
2019-08-27,1,4,6,20.0,297.66550165510864
2019-08-28,1,4,6,20.0,294.28670729674576
2019-08-29,1,4,6,20.0,291.70455875023754
2019-08-30,1,4,6,20.0,293.1863829295157
2019-09-03,1,4,6,20.0,287.47763109412
2019-09-04,1,4,6,20.0,291.97636719008494
2019-09-05,2,3,6,40.0,296.7518978638977
2019-09-06,1,4,6,20.0,296.95135422291224
2019-09-09,2,3,6,40.0,299.7777259908393
2019-09-11,2,3,6,40.0,302.0650334311779
2019-09-12,2,3,6,40.0,303.84212388582574
2019-09-13,2,3,6,40.0,307.5200531585168
2019-09-16,2,3,6,40.0,306.6488252251507
2019-09-17,2,3,6,40.0,301.18584261873315
2019-09-18,2,3,6,40.0,305.2057104373905
2019-09-19,2,3,6,40.0,300.98873934539637
2019-09-20,2,3,6,40.0,311.96571488426616
2019-09-23,3,2,6,60.0,322.80318257400074
2019-09-24,4,1,6,80.0,335.91392134144604
2019-09-25,3,2,6,60.0,329.2113356640714
2019-09-26,3,2,6,60.0,334.4848716916034
2019-09-27,3,2,6,60.0,332.7363197126826
2019-10-01,3,2,6,60.0,332.7363197126826
2019-10-03,3,2,6,60.0,330.2595692499198
2019-10-04,3,2,6,60.0,325.49379433294644
2019-10-07,3,2,6,60.0,323.45225430188066
2019-10-09,3,2,6,60.0,321.22662960986156
2019-10-10,3,2,6,60.0,321.7930651640854
2019-10-11,4,1,6,80.0,334.4637410692188
2019-10-14,3,2,7,60.0,328.8568799672859
2019-10-15,3,2,7,60.0,323.7502450717311
2019-10-16,3,2,7,60.0,323.4006337196976
2019-10-17,3,2,7,60.0,324.3552181976755
2019-10-18,4,1,7,80.0,335.2889375263031
2019-10-22,4,1,7,80.0,344.3920971147736
2019-10-23,4,1,7,80.0,350.0117121932742
2019-10-24,4,1,7,80.0,343.1973865886567
2019-10-25,4,1,7,80.0,345.3430191667103
2019-10-27,4,1,7,80.0,351.01072826850253
2019-10-29,4,1,7,80.0,352.8475060432583
2019-10-30,4,1,7,80.0,356.7444044351146
2019-10-31,4,1,7,80.0,352.7092313090757
2019-11-01,4,1,7,80.0,357.3034717256524
2019-11-04,4,1,7,80.0,351.49542130137553
2019-11-05,4,1,7,80.0,347.14585091903626
2019-11-06,4,1,7,80.0,345.3655344132247
2019-11-07,4,1,7,80.0,349.3833594352278
2019-11-08,4,1,7,80.0,348.1272418484268
2019-11-11,4,1,7,80.0,353.48002823545
2019-11-13,4,1,7,80.0,355.47982845434564
2019-11-14,4,1,7,80.0,348.4917725100542
2019-11-15,4,1,7,80.0,352.0096089142907
2019-11-18,4,1,7,80.0,350.83383010957544
2019-11-19,4,1,7,80.0,352.82581150120336
2019-11-20,4,1,7,80.0,355.60940156546803
2019-11-21,4,1,7,80.0,351.7091517134967
2019-11-22,4,1,7,80.0,346.80300590426197
2019-11-25,4,1,7,80.0,349.45825930368153
2019-11-26,5,1,7,83.33333333333334,346.41250021600166
2019-11-27,4,2,7,66.66666666666666,346.171417138953
2019-11-28,4,2,7,66.66666666666666,344.9585500521176
2019-11-29,4,2,7,66.66666666666666,346.7717662181119
2019-12-02,4,2,7,66.66666666666666,345.1216303557843
2019-12-03,4,2,7,66.66666666666666,339.6600158829844
2019-12-04,4,2,7,66.66666666666666,338.89702207566927
2019-12-05,4,2,7,66.66666666666666,339.47564805121743
2019-12-06,4,2,7,66.66666666666666,334.072858372694
2019-12-09,4,2,7,66.66666666666666,335.69030300507717
2019-12-10,4,2,7,66.66666666666666,326.9242734247344
2019-12-11,4,2,7,66.66666666666666,327.162554614394
2019-12-12,4,2,7,66.66666666666666,327.5614109915915
2019-12-13,4,2,7,66.66666666666666,331.668972187577
2019-12-16,4,2,7,66.66666666666666,329.8427872952804
2019-12-17,4,2,7,66.66666666666666,327.3599535982887
2019-12-18,4,2,7,66.66666666666666,328.13916502614757
2019-12-19,4,2,7,66.66666666666666,332.27958640549116
2019-12-20,4,2,7,66.66666666666666,331.61747770914604
2019-12-23,4,2,7,66.66666666666666,329.66152882782023
2019-12-24,4,2,7,66.66666666666666,330.14104436655896
2019-12-26,4,2,7,66.66666666666666,330.16531949426195
2019-12-27,4,2,7,66.66666666666666,329.37355262530366
2019-12-30,4,2,7,66.66666666666666,336.2736443606431
2019-12-31,4,2,7,66.66666666666666,336.20119291520496
2020-01-01,4,2,7,66.66666666666666,340.6736129273069
2020-01-02,4,2,7,66.66666666666666,348.09364396623323
2020-01-03,5,1,7,83.33333333333334,351.41263897747194
2020-01-06,4,2,7,66.66666666666666,340.77544270259176
2020-01-07,5,1,7,83.33333333333334,343.4502823177807
2020-01-08,5,1,7,83.33333333333334,343.8064380260576
2020-01-09,5,1,7,83.33333333333334,356.763792229851
2020-01-10,5,1,7,83.33333333333334,355.6597355950271
2020-01-13,5,1,7,83.33333333333334,361.87783529620845
2020-01-14,5,1,7,83.33333333333334,365.30465183688096
2020-01-15,5,1,7,83.33333333333334,367.6357765356649
2020-01-16,5,1,7,83.33333333333334,369.3705775127462
2020-01-17,5,1,7,83.33333333333334,365.9021700971117
2020-01-20,5,1,7,83.33333333333334,361.23210954792
2020-01-21,5,1,7,83.33333333333334,359.8070882731091
2020-01-22,5,1,7,83.33333333333334,360.89010863075487
2020-01-23,5,1,7,83.33333333333334,364.44463414471227
2020-01-24,5,1,7,83.33333333333334,364.39194826307255
2020-01-27,5,1,7,83.33333333333334,364.7851488583132
2020-01-28,5,1,7,83.33333333333334,369.9851524713575
2020-01-29,5,1,7,83.33333333333334,385.88105941280327
2020-01-30,5,1,7,83.33333333333334,385.25399089807973
2020-01-31,5,1,7,83.33333333333334,379.76747621303446
2020-02-01,5,1,7,83.33333333333334,362.4271931859335
2020-02-03,4,2,7,66.66666666666666,361.728358053383
2020-02-04,5,1,7,83.33333333333334,374.97126050828365
2020-02-05,5,1,7,83.33333333333334,386.8739969384947
2020-02-06,5,1,7,83.33333333333334,385.76664752739964
2020-02-07,5,1,7,83.33333333333334,382.4577445793166
2020-02-10,5,1,7,83.33333333333334,377.50680336137316
2020-02-11,5,1,7,83.33333333333334,375.40268912995384
2020-02-12,4,2,7,66.66666666666666,374.2424456048069
2020-02-13,4,2,7,66.66666666666666,386.8385061629536
2020-02-14,4,2,7,66.66666666666666,386.0893352485496
2020-02-17,4,2,7,66.66666666666666,376.195528549136
2020-02-18,2,4,7,33.33333333333333,377.1237406428751
2020-02-19,3,3,7,50.0,391.7197334111662
2020-02-20,3,3,7,50.0,393.7862008370529
2020-02-24,3,3,7,50.0,387.7499705478606
2020-02-25,2,4,7,33.33333333333333,383.6759228594881
2020-02-26,2,4,7,33.33333333333333,374.6153433614991
2020-02-27,2,4,7,33.33333333333333,368.0691966302034
2020-02-28,2,4,7,33.33333333333333,349.3699490060979
2020-03-02,2,4,7,33.33333333333333,340.4481923969107
2020-03-03,2,4,7,33.33333333333333,339.49503809640544
2020-03-04,2,4,7,33.33333333333333,326.28959416062463
2020-03-05,2,4,7,33.33333333333333,323.0388471860262
2020-03-06,2,4,7,33.33333333333333,308.0695024416559
2020-03-09,2,4,7,33.33333333333333,287.8909002157567
2020-03-11,2,4,7,33.33333333333333,289.6619055649267
2020-03-12,0,6,7,0.0,259.98208318848424
2020-03-13,1,5,7,16.666666666666664,272.95463208279693
2020-03-16,1,5,7,16.666666666666664,259.5326970888324
2020-03-17,1,5,7,16.666666666666664,249.59770828248858
2020-03-18,0,6,7,0.0,234.2291703886244
2020-03-19,0,6,7,0.0,228.3470336066983
2020-03-20,0,6,7,0.0,235.16255878800703
2020-03-23,0,6,7,0.0,204.2329159826677
2020-03-24,0,6,7,0.0,203.56431240626443
2020-03-25,0,6,7,0.0,212.69375329191078
2020-03-26,0,6,7,0.0,231.331702637311
2020-03-27,0,6,7,0.0,234.57100342853215
2020-03-30,0,6,7,0.0,233.6535416128668
2020-03-31,0,6,7,0.0,241.2456678797516
2020-04-01,1,5,7,16.666666666666664,242.94490326206014
2020-04-03,1,5,7,16.666666666666664,251.58295909210187
2020-04-07,1,5,7,16.666666666666664,265.3188753059639
2020-04-08,1,5,7,16.666666666666664,274.0198623567384
2020-04-09,1,5,7,16.666666666666664,288.02334004988813
2020-04-13,1,5,7,16.666666666666664,293.60313495497456
2020-04-15,1,5,7,16.666666666666664,287.54701972704
2020-04-16,1,5,7,16.666666666666664,302.3177273917849
2020-04-17,2,4,7,33.33333333333333,313.04226186439735
2020-04-20,2,4,7,33.33333333333333,316.9254280318074
2020-04-21,1,5,7,16.666666666666664,304.41308555728097
2020-04-22,1,5,7,16.666666666666664,300.0406866591737
2020-04-23,1,5,7,16.666666666666664,305.0505868141949
2020-04-24,1,5,7,16.666666666666664,296.98498074137524
2020-04-27,1,5,7,16.666666666666664,294.0588051715672
2020-04-28,1,5,7,16.666666666666664,294.13610920722357
2020-04-29,1,5,7,16.666666666666664,293.4071452200061
2020-04-30,1,5,7,16.666666666666664,294.0177877872188
2020-05-04,1,5,7,16.666666666666664,286.62015640175724
2020-05-05,1,5,7,16.666666666666664,281.31454025193483
2020-05-06,1,5,7,16.666666666666664,279.02726186303113
2020-05-07,1,5,7,16.666666666666664,281.8280487036535
2020-05-08,1,5,7,16.666666666666664,280.8644739509411
2020-05-11,1,5,7,16.666666666666664,287.6068945129411
2020-05-12,1,5,7,16.666666666666664,292.7550305235866
2020-05-13,1,5,7,16.666666666666664,303.0696400735044
2020-05-14,1,5,7,16.666666666666664,295.24260243432644
2020-05-15,1,5,7,16.666666666666664,292.84003404591317
2020-05-18,1,5,7,16.666666666666664,281.04954719750583
2020-05-19,1,5,7,16.666666666666664,278.7685385440044
2020-05-20,1,5,7,16.666666666666664,285.0015697724329
2020-05-21,2,5,7,28.57142857142857,290.17793917705075
2020-05-22,2,5,7,28.57142857142857,285.4621835140887
2020-05-26,2,5,7,28.57142857142857,285.1236319696776
2020-05-27,2,5,7,28.57142857142857,287.27236099075935
2020-05-28,2,5,7,28.57142857142857,288.6365192871118
2020-05-29,2,5,7,28.57142857142857,292.1349427321798
2020-06-01,2,5,7,28.57142857142857,299.9220438305886
2020-06-02,2,5,7,28.57142857142857,302.50626059481516
2020-06-03,2,5,7,28.57142857142857,303.43456219310235
2020-06-04,2,5,7,28.57142857142857,304.21618336064415
2020-06-05,2,5,7,28.57142857142857,318.23054896826346
2020-06-08,2,5,7,28.57142857142857,324.59537575159897
2020-06-09,2,5,7,28.57142857142857,318.4740873311835
2020-06-10,2,5,7,28.57142857142857,315.6900710291743
2020-06-11,2,5,7,28.57142857142857,308.40197913094664
2020-06-12,2,5,7,28.57142857142857,308.5521620441695
2020-06-15,2,5,7,28.57142857142857,307.68678119795885
2020-06-16,2,5,7,28.57142857142857,302.62392615955633
2020-06-17,2,5,7,28.57142857142857,301.7979827439084
2020-06-18,2,5,7,28.57142857142857,314.79344311135696
2020-06-19,2,5,7,28.57142857142857,316.5500500330027
2020-06-22,2,5,7,28.57142857142857,318.0679846709533
2020-06-23,2,5,7,28.57142857142857,325.8317698165269
2020-06-24,2,5,7,28.57142857142857,318.5939892018237
2020-06-25,2,5,7,28.57142857142857,318.89667687276216
2020-06-26,2,5,7,28.57142857142857,317.67706061677654
2020-06-29,2,5,7,28.57142857142857,310.80171142749083
2020-06-30,2,5,7,28.57142857142857,312.23991994356186
2020-07-01,2,5,7,28.57142857142857,317.61248067754025
2020-07-02,3,4,7,42.857142857142854,333.89146359295466
2020-07-03,2,5,7,28.57142857142857,332.9031461737548
2020-07-06,3,4,7,42.857142857142854,339.01609835377224
2020-07-07,3,4,7,42.857142857142854,339.04052760790876
2020-07-08,2,5,7,28.57142857142857,332.9010868208285
2020-07-09,2,5,7,28.57142857142857,331.09026327916655
2020-07-10,2,5,7,28.57142857142857,328.1242645000328
2020-07-13,2,5,7,28.57142857142857,324.20449112152755
2020-07-14,2,5,7,28.57142857142857,315.0278454014484
2020-07-15,2,5,7,28.57142857142857,313.2320366408679
2020-07-16,2,5,7,28.57142857142857,311.1701531192449
2020-07-17,2,5,7,28.57142857142857,330.11057919088455
2020-07-20,2,5,7,28.57142857142857,331.4584052620089
2020-07-21,2,5,7,28.57142857142857,330.11805840569383
2020-07-22,2,5,7,28.57142857142857,328.03768876800206
2020-07-23,2,5,7,28.57142857142857,326.99389477423773
2020-07-24,2,5,7,28.57142857142857,326.46216513806615
2020-07-27,2,5,7,28.57142857142857,322.34538644313193
2020-07-28,2,5,7,28.57142857142857,322.8714882502748
2020-07-29,2,5,7,28.57142857142857,322.71714968159705
2020-07-30,2,5,7,28.57142857142857,320.10843389837703
2020-07-31,2,5,7,28.57142857142857,320.9785848885754
2020-08-03,2,5,7,28.57142857142857,322.68653094169093
2020-08-04,2,5,7,28.57142857142857,324.6698395573868
2020-08-05,2,5,7,28.57142857142857,323.62028695611593
2020-08-06,2,5,7,28.57142857142857,325.1507160839803
2020-08-07,2,5,7,28.57142857142857,325.56724654386085
2020-08-10,2,5,7,28.57142857142857,320.89118369704977
2020-08-11,2,5,7,28.57142857142857,321.9716467175862
2020-08-12,2,5,7,28.57142857142857,321.3345316690983
2020-08-13,2,5,7,28.57142857142857,326.26500830881827
2020-08-14,3,4,7,42.857142857142854,330.2752450066713
2020-08-17,3,4,7,42.857142857142854,337.42589049144823
2020-08-18,3,4,7,42.857142857142854,338.6543001440264
2020-08-19,3,4,7,42.857142857142854,342.50860755827176
2020-08-20,3,4,7,42.857142857142854,341.6319110134071
2020-08-21,3,4,7,42.857142857142854,340.2078809333885
2020-08-24,4,3,7,57.14285714285714,348.02109718011513
2020-08-25,4,3,7,57.14285714285714,347.68270485808165
2020-08-26,4,3,7,57.14285714285714,345.0338902833882
2020-08-27,4,3,7,57.14285714285714,344.3153244708709
2020-08-28,4,3,7,57.14285714285714,346.4766575748516
2020-08-31,4,3,7,57.14285714285714,331.44913350003907
2020-09-01,3,4,7,42.857142857142854,332.68870323785603
2020-09-02,4,3,7,57.14285714285714,332.5421428557257
2020-09-03,4,3,7,57.14285714285714,334.33913848610064
2020-09-04,4,3,7,57.14285714285714,329.67131642730783
2020-09-07,2,5,7,28.57142857142857,328.0852522945014
2020-09-08,2,5,7,28.57142857142857,322.73833663052494
2020-09-09,2,5,7,28.57142857142857,314.5228046600177
2020-09-10,2,5,7,28.57142857142857,316.7012546377142
2020-09-11,2,5,7,28.57142857142857,319.6461312249811
2020-09-14,2,5,7,28.57142857142857,324.00222664713294
2020-09-15,2,5,7,28.57142857142857,326.93747075648736
2020-09-16,2,5,7,28.57142857142857,323.29860171599415
2020-09-17,2,5,7,28.57142857142857,326.06814522793286
2020-09-18,3,4,7,42.857142857142854,330.1453298255237
2020-09-21,2,5,7,28.57142857142857,320.09064411648336
2020-09-22,1,6,7,14.285714285714285,308.83272702371517
2020-09-23,1,6,7,14.285714285714285,310.8976973524338
2020-09-24,1,6,7,14.285714285714285,305.2158776833138
2020-09-25,1,6,7,14.285714285714285,309.36585163621226
2020-09-28,1,6,7,14.285714285714285,314.0370501042638
2020-09-29,1,6,7,14.285714285714285,312.48623047732013
2020-09-30,1,6,7,14.285714285714285,313.5099478764743
2020-10-01,1,6,7,14.285714285714285,312.2293093000911
2020-10-05,2,5,7,28.57142857142857,310.78120965485004
2020-10-06,1,6,7,14.285714285714285,310.39441850105777
2020-10-07,1,6,7,14.285714285714285,308.57506103600144
2020-10-08,1,6,7,14.285714285714285,306.4812767096658
2020-10-09,1,6,7,14.285714285714285,305.24550620770964
2020-10-12,1,6,7,14.285714285714285,303.50266670979164
2020-10-13,1,6,7,14.285714285714285,302.5850321607662
2020-10-14,1,6,7,14.285714285714285,302.3729803925912
2020-10-15,1,6,7,14.285714285714285,298.70820065891047
2020-10-16,1,6,7,14.285714285714285,301.46418479484083
2020-10-19,1,6,7,14.285714285714285,307.398275658242
2020-10-20,1,6,7,14.285714285714285,309.35000122527083
2020-10-21,1,6,7,14.285714285714285,307.64634096936425
2020-10-22,1,6,7,14.285714285714285,309.89877604461986
2020-10-23,1,6,7,14.285714285714285,310.91929553772803
2020-10-26,0,7,7,0.0,308.41332972618517
2020-10-27,0,7,7,0.0,308.3972310154068
2020-10-28,0,7,7,0.0,306.0548878725051
2020-10-29,0,7,7,0.0,303.4014561504359
2020-10-30,0,7,7,0.0,303.9688486910221
2020-11-02,0,7,7,0.0,301.3118557924447
2020-11-03,0,7,7,0.0,302.754904393664
2020-11-04,0,7,7,0.0,302.3197335713177
2020-11-05,0,7,7,0.0,305.7896224962819
2020-11-06,0,7,7,0.0,304.4729567153001
2020-11-09,0,7,7,0.0,304.57076995281926
2020-11-10,1,6,7,14.285714285714285,312.19369645611266
2020-11-11,1,6,7,14.285714285714285,314.7139693048457
2020-11-12,1,6,7,14.285714285714285,313.8098736675378
2020-11-13,1,6,7,14.285714285714285,313.18228545914843
2020-11-14,3,4,7,42.857142857142854,317.12017257273357
2020-11-17,2,5,7,28.57142857142857,315.20705554610055
2020-11-18,3,4,7,42.857142857142854,319.80519212040645
2020-11-19,5,2,7,71.42857142857143,321.9874553219689
2020-11-20,5,2,7,71.42857142857143,321.62255268589837
2020-11-23,5,2,7,71.42857142857143,327.73220530828036
2020-11-24,5,2,7,71.42857142857143,331.04625253542724
2020-11-25,4,3,7,57.14285714285714,325.81377282353054
2020-11-26,4,3,7,57.14285714285714,328.3813964787858
2020-11-27,5,2,7,71.42857142857143,333.5267593173334
2020-12-01,7,0,7,100.0,340.0388759067882
2020-12-02,6,1,7,85.71428571428571,340.08165530451845
2020-12-03,7,0,7,100.0,349.2295706662607
2020-12-04,7,0,7,100.0,359.8580684005538
2020-12-07,7,0,7,100.0,365.4760802547929
2020-12-08,7,0,7,100.0,361.2982619295766
2020-12-09,7,0,7,100.0,362.2162622132267
2020-12-10,7,0,7,100.0,350.8149621200234
2020-12-11,7,0,7,100.0,355.8993535648293
2020-12-14,7,0,7,100.0,362.0338289637604
2020-12-15,7,0,7,100.0,369.3914411806974
2020-12-16,7,0,7,100.0,370.0183431922016
2020-12-17,7,0,7,100.0,374.72800261565976
2020-12-18,7,0,7,100.0,373.6985402381044
2020-12-21,5,2,7,71.42857142857143,350.9945109372494
2020-12-22,7,0,7,100.0,355.9959131847386
2020-12-23,7,0,7,100.0,367.12522234311297
2020-12-24,7,0,7,100.0,369.948030112025
2020-12-28,7,0,7,100.0,373.8998285210705
2020-12-29,7,0,7,100.0,373.56870096532407
2020-12-30,7,0,7,100.0,372.9516548558927
2020-12-31,7,0,7,100.0,378.1721407330999
2021-01-01,7,0,7,100.0,379.3564258529363
2021-01-04,7,0,7,100.0,383.74156274479435
2021-01-05,7,0,7,100.0,395.8791124436375
2021-01-06,7,0,7,100.0,401.7822702102966
2021-01-07,7,0,7,100.0,403.501637075063
2021-01-08,7,0,7,100.0,411.482942971452
2021-01-11,7,0,7,100.0,414.10019703159884
2021-01-12,7,0,7,100.0,409.44520683178973
2021-01-13,7,0,7,100.0,411.18250931605485
2021-01-14,7,0,7,100.0,407.9180447795707
2021-01-15,7,0,7,100.0,402.78422204495445
2021-01-18,7,0,7,100.0,395.438172262577
2021-01-19,7,0,7,100.0,398.5933816088858
2021-01-20,7,0,7,100.0,397.86890111861226
2021-01-21,7,0,7,100.0,394.08845463456163
2021-01-22,7,0,7,100.0,386.6063415655826
2021-01-25,6,1,7,85.71428571428571,382.3502300738217
2021-01-27,6,1,7,85.71428571428571,380.26296358041844
2021-01-28,6,1,7,85.71428571428571,388.852526159984
2021-01-29,6,1,8,85.71428571428571,389.3082079591251
2021-02-01,6,1,8,85.71428571428571,390.29038983151605
2021-02-02,6,1,8,85.71428571428571,390.3700326927681
2021-02-03,6,1,8,85.71428571428571,391.3971547096975
2021-02-04,7,0,8,100.0,399.3666327261958
2021-02-05,6,1,8,85.71428571428571,398.57709162476135
2021-02-08,7,0,8,100.0,410.46904420753424
2021-02-09,7,0,8,100.0,410.58511726959654
2021-02-10,7,0,8,100.0,413.34726720373993
2021-02-11,6,1,8,85.71428571428571,415.60472943906126
2021-02-12,6,1,8,85.71428571428571,425.34094975730807
2021-02-15,6,1,8,85.71428571428571,415.1019388839029
2021-02-16,7,0,8,100.0,411.24277677395895
2021-02-17,7,0,8,100.0,418.6661979586397
2021-02-18,7,0,8,100.0,423.01166396175375
2021-02-19,7,0,8,100.0,418.78743949704995
2021-02-22,6,1,8,85.71428571428571,409.708333702343
2021-02-23,7,0,8,100.0,412.6891258277976
2021-02-24,7,0,8,100.0,418.4932894114887
2021-02-25,7,0,8,100.0,432.2976408237349
2021-02-26,7,0,9,100.0,428.27196272462817
2021-03-01,7,0,9,100.0,455.3147425261219
2021-03-02,7,0,9,100.0,472.8078731575547
2021-03-03,7,0,9,100.0,463.79520129950447
2021-03-04,7,0,9,100.0,469.567769443795
2021-03-05,7,0,9,100.0,460.0522904175774
2021-03-08,7,0,9,100.0,470.2416614140657
2021-03-09,7,0,9,100.0,458.89701451909434
2021-03-10,7,0,9,100.0,465.40620482866746
2021-03-12,7,0,9,100.0,460.47667375327046
2021-03-15,6,1,9,85.71428571428571,450.04238078450294
2021-03-16,7,0,9,100.0,454.3803708696533
2021-03-17,6,1,9,85.71428571428571,440.1379282233961
2021-03-18,6,1,9,85.71428571428571,432.7049197965503
2021-03-19,6,1,9,85.71428571428571,435.78797004279625
2021-03-22,6,1,9,85.71428571428571,441.90214517636593
2021-03-23,6,1,9,85.71428571428571,443.41584966039164
2021-03-24,6,1,9,85.71428571428571,429.5564747579928
2021-03-25,4,3,9,57.14285714285714,419.4274812375303
2021-03-26,4,3,9,57.14285714285714,425.5153260753553
2021-03-30,5,2,9,71.42857142857143,430.1871147665507
2021-03-31,5,2,9,71.42857142857143,428.7659323974304
2021-04-01,6,1,9,85.71428571428571,435.7118210118342
2021-04-05,6,1,9,85.71428571428571,425.65741507251937
2021-04-06,6,1,9,85.71428571428571,426.1789501954337
2021-04-07,5,2,9,71.42857142857143,428.4754319116659
2021-04-08,6,1,9,85.71428571428571,429.8071481015645
2021-04-09,5,2,9,71.42857142857143,428.0169921828276
2021-04-12,5,2,9,71.42857142857143,403.3391291184008
2021-04-13,5,2,9,71.42857142857143,411.74846457921007
2021-04-15,5,2,9,71.42857142857143,408.542922361986
2021-04-16,5,2,9,71.42857142857143,410.8878406714846
2021-04-19,5,2,9,71.42857142857143,399.8422573497828
2021-04-20,5,2,9,71.42857142857143,400.5791596100273
2021-04-22,5,2,9,71.42857142857143,402.0991776886306
2021-04-23,5,2,9,71.42857142857143,408.28116746644866
2021-04-26,5,2,9,71.42857142857143,409.3836246064751
2021-04-27,6,1,9,85.71428571428571,418.19119148161343
2021-04-28,5,2,9,71.42857142857143,418.28459747097105
2021-04-29,5,2,9,71.42857142857143,415.01602789426244
2021-04-30,5,2,9,71.42857142857143,418.3394027731072
2021-05-03,5,2,9,71.42857142857143,414.2827880750234
2021-05-04,5,2,9,71.42857142857143,413.6027069853984
2021-05-05,5,2,9,71.42857142857143,414.20817396574324
2021-05-06,5,2,9,71.42857142857143,416.50566068103115
2021-05-07,5,2,9,71.42857142857143,415.9475606915733
2021-05-10,5,2,9,71.42857142857143,430.06707764453563
2021-05-11,5,2,9,71.42857142857143,442.0179020980767
2021-05-12,7,0,9,100.0,445.42363004565715
2021-05-14,6,1,9,85.71428571428571,442.22717108427804
2021-05-17,7,0,9,100.0,444.2014503776605
2021-05-18,7,0,9,100.0,449.0965477842745
2021-05-19,7,0,9,100.0,449.8907736760344
2021-05-20,7,0,9,100.0,454.5719305629306
2021-05-21,7,0,9,100.0,454.28413638942214
2021-05-24,7,0,9,100.0,458.14211942260243
2021-05-25,7,0,9,100.0,459.9547094187664
2021-05-26,7,0,9,100.0,462.4920170587435
2021-05-27,7,0,9,100.0,462.0932877928139
2021-05-28,7,0,9,100.0,458.30090141292743
2021-05-31,6,1,9,85.71428571428571,464.7831519226023
2021-06-01,6,1,9,85.71428571428571,460.0202974176211
2021-06-02,6,1,9,85.71428571428571,461.6438857538765
2021-06-03,7,0,9,100.0,466.7492052173409
2021-06-04,7,0,9,100.0,471.7830921245326
2021-06-07,7,0,9,100.0,487.07939907926664
2021-06-08,7,0,9,100.0,488.62953230197553
2021-06-09,7,0,9,100.0,488.1894768363711
2021-06-10,7,0,9,100.0,493.10964523065877
2021-06-11,7,0,9,100.0,493.88391535231324
2021-06-14,7,0,9,100.0,498.6172155923858
2021-06-15,7,0,9,100.0,499.3662250466026
2021-06-16,7,0,9,100.0,494.0432921219197
2021-06-17,7,0,9,100.0,490.33227398083045
2021-06-18,7,0,9,100.0,484.98291224617856
2021-06-21,7,0,9,100.0,490.21888979889735
2021-06-22,7,0,9,100.0,497.2047796783964
2021-06-23,7,0,9,100.0,498.61075165657843
2021-06-24,7,0,9,100.0,497.2603443800826
2021-06-25,7,0,9,100.0,496.13704503322094
2021-06-28,7,0,9,100.0,500.0223560109107
2021-06-29,7,0,9,100.0,501.8692567451019
2021-06-30,7,0,9,100.0,500.4248557565892
2021-07-01,7,0,9,100.0,495.8463638498178
2021-07-02,7,0,9,100.0,494.97547545172955
2021-07-05,7,0,9,100.0,500.60213111624563
2021-07-06,7,0,9,100.0,495.45882838334154
2021-07-07,7,0,9,100.0,496.35814626083334
2021-07-08,7,0,9,100.0,502.21581944352954
2021-07-09,7,0,9,100.0,500.37832354696434
2021-07-12,7,0,9,100.0,502.5068429605577
2021-07-13,7,0,9,100.0,503.83961422219085
2021-07-14,7,0,9,100.0,504.11068632108436
2021-07-15,7,0,9,100.0,501.3970249767806
2021-07-16,7,0,9,100.0,502.01605702933773
2021-07-19,7,0,9,100.0,497.13571950078864
2021-07-20,7,0,9,100.0,489.98133288610325
2021-07-22,7,0,9,100.0,493.2920936335727
2021-07-23,7,0,9,100.0,489.52202173923666
2021-07-26,7,0,9,100.0,491.2390984749842
2021-07-27,7,0,9,100.0,486.66325090714525
2021-07-28,6,1,9,85.71428571428571,482.3832363049179
2021-07-29,6,1,9,85.71428571428571,481.9143824855083
2021-07-30,6,1,9,85.71428571428571,482.8749334051066
2021-08-02,7,0,9,100.0,497.9506506511246
2021-08-03,7,0,9,100.0,498.73420905875673
2021-08-04,6,1,9,85.71428571428571,493.821357222128
2021-08-05,6,1,9,85.71428571428571,490.22107323589194
2021-08-06,6,1,9,85.71428571428571,491.1801858019192
2021-08-09,6,1,9,85.71428571428571,493.60420555131304
2021-08-10,6,1,9,85.71428571428571,482.39411856189366
2021-08-11,6,1,9,85.71428571428571,478.53168830778856
2021-08-12,6,1,9,85.71428571428571,492.09503727318884
2021-08-13,6,1,9,85.71428571428571,490.50432572652755
2021-08-16,6,1,9,85.71428571428571,484.4422578004076
2021-08-17,6,1,9,85.71428571428571,480.5993469545232
2021-08-18,6,1,9,85.71428571428571,483.0453935685595
2021-08-20,6,1,9,85.71428571428571,471.44278165041743
2021-08-23,5,2,9,71.42857142857143,462.72331710209295
2021-08-24,6,1,9,85.71428571428571,465.9766685257261
2021-08-25,5,2,9,71.42857142857143,474.3799490454388
2021-08-26,6,1,9,85.71428571428571,473.90243557486684
2021-08-27,6,1,9,85.71428571428571,475.07942403232886
2021-08-30,6,1,9,85.71428571428571,480.9278219669662
2021-08-31,6,1,9,85.71428571428571,482.7632174412102
2021-09-01,6,1,9,85.71428571428571,483.6660927342971
2021-09-02,6,1,9,85.71428571428571,490.4855267462944
2021-09-03,6,1,9,85.71428571428571,496.5147038782744
2021-09-06,6,1,9,85.71428571428571,499.61845175800545
2021-09-07,6,2,9,75.0,510.2500978325203
2021-09-08,7,1,9,87.5,510.18904521544357
2021-09-09,7,1,9,87.5,508.94491828147454
2021-09-13,7,1,9,87.5,508.98895234475975
2021-09-14,7,1,9,87.5,520.3243373658569
2021-09-15,7,1,9,87.5,526.0049168920131
2021-09-16,7,1,9,87.5,529.2865591505996
2021-09-17,7,1,9,87.5,526.9610383146181
2021-09-20,7,1,9,87.5,521.9649617860805
2021-09-21,7,1,9,87.5,515.8867421907642
2021-09-22,7,1,9,87.5,517.7756311154548
2021-09-23,7,1,9,87.5,519.7752715543729
2021-09-24,7,1,9,87.5,518.7130520941669
2021-09-27,7,1,9,87.5,520.9627596695922
2021-09-28,7,1,9,87.5,520.9555687922583
2021-09-29,7,1,9,87.5,522.6853982774439
2021-09-30,7,1,9,87.5,524.6964713508248
2021-10-01,8,0,9,100.0,529.2584569178557
2021-10-04,8,0,9,100.0,533.2465702305185
2021-10-05,8,0,9,100.0,543.3076851269137
2021-10-06,9,0,9,100.0,548.2462349098491
2021-10-07,9,0,9,100.0,552.976762615024
2021-10-08,9,0,9,100.0,554.2575207186223
2021-10-11,9,0,9,100.0,550.4799346899891
2021-10-12,7,2,9,77.77777777777779,550.3700683798905
2021-10-13,9,0,9,100.0,553.4222314036365
2021-10-14,9,0,9,100.0,565.2683411309606
2021-10-18,9,0,9,100.0,586.0282107158839
2021-10-19,9,0,9,100.0,571.5276150099671
2021-10-20,8,1,9,88.88888888888889,554.7313709977489
2021-10-21,8,1,9,88.88888888888889,567.238668089923
2021-10-22,9,0,9,100.0,601.8901669181439
2021-10-25,8,1,9,88.88888888888889,565.7139775103192
2021-10-26,8,1,9,88.88888888888889,571.4020037648793
2021-10-27,8,1,9,88.88888888888889,567.3759891157362
2021-10-28,8,1,9,88.88888888888889,566.6527414562505
2021-10-29,8,1,9,88.88888888888889,555.0455989860051
2021-11-01,8,1,9,88.88888888888889,557.0303635055275
2021-11-02,8,1,9,88.88888888888889,555.6385365741554
2021-11-03,8,1,9,88.88888888888889,552.492515906713
2021-11-04,8,1,9,88.88888888888889,559.3870328625813
2021-11-08,8,1,9,88.88888888888889,568.2575975674782
2021-11-09,8,1,9,88.88888888888889,577.3142662201915
2021-11-10,8,1,9,88.88888888888889,573.2834981469549
2021-11-11,8,1,9,88.88888888888889,571.8123094863831
2021-11-12,8,1,9,88.88888888888889,571.321001206197
2021-11-15,8,1,9,88.88888888888889,567.0294565428242
2021-11-16,8,1,9,88.88888888888889,565.4314702461994
2021-11-17,8,1,9,88.88888888888889,563.3685483122796
2021-11-18,8,1,9,88.88888888888889,554.8008107354392
2021-11-22,6,3,9,66.66666666666666,545.0450129678816
2021-11-23,7,2,9,77.77777777777779,551.305102240641
2021-11-24,7,2,9,77.77777777777779,549.1609981455682
2021-11-25,7,2,9,77.77777777777779,551.0089005115742
2021-11-26,6,3,9,66.66666666666666,539.532858529567
2021-11-29,6,3,9,66.66666666666666,534.1640723477166
2021-11-30,6,3,9,66.66666666666666,541.3135836667944
2021-12-01,6,3,9,66.66666666666666,546.8124097267865
2021-12-02,7,2,9,77.77777777777779,549.8200622388164
2021-12-03,7,2,9,77.77777777777779,549.8244834675551
2021-12-06,6,3,9,66.66666666666666,545.4783920176596
2021-12-07,6,3,9,66.66666666666666,550.959165180309
2021-12-08,7,2,9,77.77777777777779,559.0246381737051
2021-12-09,7,2,9,77.77777777777779,567.134658315018
2021-12-10,8,1,9,88.88888888888889,567.6361106429724
2021-12-13,8,1,9,88.88888888888889,567.637734860642
2021-12-14,7,2,9,77.77777777777779,564.3996590445602
2021-12-15,7,2,9,77.77777777777779,559.5512795075188
2021-12-16,8,1,9,88.88888888888889,554.7124770123262
2021-12-17,5,4,9,55.55555555555556,542.8884560504243
2021-12-20,5,4,9,55.55555555555556,527.7102404239043
2021-12-21,5,4,9,55.55555555555556,532.2605854523829
2021-12-22,5,4,9,55.55555555555556,536.9632121409205
2021-12-23,6,3,9,66.66666666666666,540.3345103835371
2021-12-24,4,5,9,44.44444444444444,532.4749713138453
2021-12-27,5,4,9,55.55555555555556,532.9287244082557
2021-12-28,5,4,9,55.55555555555556,539.7340561016246
2021-12-29,6,3,9,66.66666666666666,539.2304484770893
2021-12-30,6,3,9,66.66666666666666,535.0572753530249
2021-12-31,7,2,9,77.77777777777779,546.304044235834
2022-01-03,7,2,9,77.77777777777779,550.4208484088906
2022-01-04,7,2,9,77.77777777777779,555.8206588966895
2022-01-05,7,2,9,77.77777777777779,562.0274490110003
2022-01-06,7,2,9,77.77777777777779,565.4263667475619
2022-01-07,7,2,9,77.77777777777779,565.2378395125954
2022-01-10,7,2,9,77.77777777777779,574.5900181084602
2022-01-11,7,2,9,77.77777777777779,583.2916480829081
2022-01-12,8,1,9,88.88888888888889,582.1558625177365
2022-01-13,8,1,9,88.88888888888889,580.0338784960243
2022-01-14,8,1,9,88.88888888888889,592.3291855185305
2022-01-17,8,1,9,88.88888888888889,596.858201429057
2022-01-18,8,1,9,88.88888888888889,582.8631446830578
2022-01-19,8,1,9,88.88888888888889,585.0822216718932
2022-01-20,8,1,9,88.88888888888889,586.1669363753174
2022-01-21,7,2,9,77.77777777777779,579.2545313659671
2022-01-24,6,3,9,66.66666666666666,559.9836339091379
2022-01-25,7,2,9,77.77777777777779,563.9669984960997
2022-01-27,7,2,9,77.77777777777779,564.7464463333272
2022-01-28,7,2,9,77.77777777777779,573.1208825326366
2022-01-31,7,2,9,77.77777777777779,580.8717626957302
2022-02-01,8,1,9,88.88888888888889,575.686078611183
2022-02-02,8,1,9,88.88888888888889,586.6783870071071
2022-02-03,8,1,9,88.88888888888889,584.6403406793944
2022-02-04,6,3,9,66.66666666666666,584.0662348121642
2022-02-07,7,2,9,77.77777777777779,579.167190847557
2022-02-08,6,3,9,66.66666666666666,567.9974111597182
2022-02-09,7,2,9,77.77777777777779,571.7797602270433
2022-02-10,6,3,9,66.66666666666666,575.1092289270686
2022-02-11,5,4,9,55.55555555555556,569.6824341318904
2022-02-14,4,5,9,44.44444444444444,543.4680179399674
2022-02-15,4,5,9,44.44444444444444,546.1750935228515
2022-02-16,4,5,9,44.44444444444444,545.6847050743945
2022-02-17,4,5,9,44.44444444444444,545.1561378341753
2022-02-18,4,5,9,44.44444444444444,536.5587280127368
2022-02-21,4,5,9,44.44444444444444,523.5262015230021
2022-02-22,2,7,9,22.22222222222222,513.1967292376662
2022-02-23,3,6,9,33.33333333333333,521.3199985967121
2022-02-24,1,8,9,11.11111111111111,486.4364044747366
2022-02-25,3,6,9,33.33333333333333,512.6063031817123
2022-02-28,3,6,9,33.33333333333333,513.2923229587963
2022-03-02,3,6,9,33.33333333333333,512.5023278718222
2022-03-03,2,7,9,22.22222222222222,511.0691991361275
2022-03-04,1,8,9,11.11111111111111,501.95430637436687
2022-03-07,2,7,9,22.22222222222222,492.06227171560835
2022-03-08,2,7,9,22.22222222222222,496.66227792173186
2022-03-09,2,7,9,22.22222222222222,504.9362405445471
2022-03-10,3,6,9,33.33333333333333,513.3834692737157
2022-03-11,3,6,9,33.33333333333333,516.840954580857
2022-03-14,3,6,9,33.33333333333333,519.7904110562617
2022-03-15,3,6,9,33.33333333333333,517.853874041058
2022-03-16,3,6,9,33.33333333333333,525.2052188490603
2022-03-17,4,5,9,44.44444444444444,531.9942716470731
2022-03-21,4,5,9,44.44444444444444,533.0266394633081
2022-03-22,4,5,9,44.44444444444444,531.6483393499954
2022-03-23,3,6,9,33.33333333333333,533.212288490625
2022-03-24,4,5,9,44.44444444444444,536.2827410248224
2022-03-25,5,4,9,55.55555555555556,547.1928358241953
2022-03-28,5,4,9,55.55555555555556,540.246328993346
2022-03-29,4,5,9,44.44444444444444,537.390887919475
2022-03-30,4,5,9,44.44444444444444,540.7959627917573
2022-03-31,6,3,9,66.66666666666666,545.111006061257
2022-04-01,6,3,9,66.66666666666666,552.3095312178785
2022-04-04,6,3,9,66.66666666666666,562.7718411854196
2022-04-05,6,3,9,66.66666666666666,574.6796764365395
2022-04-06,6,3,9,66.66666666666666,575.3437782659744
2022-04-07,5,4,9,55.55555555555556,572.4809532841914
2022-04-08,7,2,9,77.77777777777779,584.9822799089668
2022-04-11,7,2,9,77.77777777777779,585.9228531697461
2022-04-12,6,3,9,66.66666666666666,579.8065716874954
2022-04-13,6,3,9,66.66666666666666,581.7851764057674
2022-04-18,6,3,9,66.66666666666666,582.3172358315164
2022-04-19,6,3,9,66.66666666666666,577.4553912155826
2022-04-20,5,4,9,55.55555555555556,588.0706238905547
2022-04-21,6,3,9,66.66666666666666,595.7856039239701
2022-04-22,7,2,9,77.77777777777779,599.0033206434225
2022-04-25,4,5,9,44.44444444444444,588.04957754511
2022-04-26,5,4,9,55.55555555555556,586.7326738103573
2022-04-27,4,5,9,44.44444444444444,580.2114066015997
2022-04-28,6,3,9,66.66666666666666,578.4438138181447
2022-04-29,4,5,9,44.44444444444444,573.0883032872383
2022-05-02,4,5,9,44.44444444444444,564.5953633385301
2022-05-04,4,5,9,44.44444444444444,553.5097923510496
2022-05-05,4,5,9,44.44444444444444,551.0991403667045
2022-05-06,2,7,9,22.22222222222222,544.948463592834
2022-05-09,2,7,9,22.22222222222222,537.4376541628942
2022-05-10,2,7,9,22.22222222222222,535.2491923469184
2022-05-11,1,8,9,11.11111111111111,523.3612668967952
2022-05-12,1,8,9,11.11111111111111,512.5215463053211
2022-05-13,1,8,9,11.11111111111111,520.343341576938
2022-05-16,1,8,9,11.11111111111111,524.0844450207653
2022-05-17,2,7,9,22.22222222222222,536.3700718544474
2022-05-18,2,7,9,22.22222222222222,535.4629449265386
2022-05-19,1,8,9,11.11111111111111,520.1233703041389
2022-05-20,1,8,9,11.11111111111111,521.3306886534363
2022-05-23,1,8,9,11.11111111111111,522.7416543247499
2022-05-24,1,8,9,11.11111111111111,518.4512753561161
2022-05-25,1,8,9,11.11111111111111,513.6297950818779
2022-05-26,1,8,9,11.11111111111111,511.863211838177
2022-05-27,2,7,9,22.22222222222222,520.4933930171908
2022-05-30,3,6,9,33.33333333333333,532.5940577877599
2022-05-31,3,6,9,33.33333333333333,535.8429195085716
2022-06-01,3,6,9,33.33333333333333,538.4313599497207
2022-06-02,3,6,9,33.33333333333333,535.2065260882667
2022-06-03,2,7,9,22.22222222222222,533.45734376862
2022-06-06,2,7,9,22.22222222222222,528.1934281841516
2022-06-07,2,7,9,22.22222222222222,524.1384677306237
2022-06-08,1,8,9,11.11111111111111,522.5667852854842
2022-06-09,2,7,9,22.22222222222222,526.595666459803
2022-06-10,2,7,9,22.22222222222222,520.39337201486
2022-06-13,1,8,9,11.11111111111111,502.74238078856587
2022-06-14,1,8,9,11.11111111111111,502.05219527549065
2022-06-15,1,8,9,11.11111111111111,505.2008683624755
2022-06-16,1,8,9,11.11111111111111,486.6240728221009
2022-06-17,1,8,9,11.11111111111111,482.7288327699694
2022-06-20,1,8,10,11.11111111111111,473.07473181209036
2022-06-21,1,8,10,11.11111111111111,489.9139866060493
2022-06-22,1,8,10,11.11111111111111,486.9540739041655
2022-06-23,1,8,10,11.11111111111111,490.1260118488512
2022-06-24,1,8,10,11.11111111111111,495.4884926461386
2022-06-27,1,8,10,11.11111111111111,498.9313639628893
2022-06-28,1,8,10,11.11111111111111,498.8088503141673
2022-06-29,1,8,10,11.11111111111111,497.58224747976936
2022-06-30,1,8,10,11.11111111111111,496.0256010416935
2022-07-01,1,8,10,11.11111111111111,499.6582401693521
2022-07-04,1,8,10,11.11111111111111,508.8709276386788
2022-07-05,1,8,10,11.11111111111111,505.8257783988169
2022-07-06,2,7,10,22.22222222222222,515.2092974496749
2022-07-07,2,7,10,22.22222222222222,519.0650227493647
2022-07-08,2,7,10,22.22222222222222,518.9419121582195
2022-07-11,2,7,10,22.22222222222222,522.4149223367949
2022-07-12,2,7,10,22.22222222222222,520.2461621737118
2022-07-13,2,7,10,22.22222222222222,518.3247230731372
2022-07-14,2,7,10,22.22222222222222,513.590353741396
2022-07-15,2,7,10,22.22222222222222,515.5620704064495
2022-07-18,2,7,10,22.22222222222222,521.6477319079662
2022-07-19,2,7,10,22.22222222222222,524.9137967647578
2022-07-20,2,7,10,22.22222222222222,526.8408865085601
2022-07-21,2,7,10,22.22222222222222,529.6043309734555
2022-07-22,2,7,10,22.22222222222222,528.7330601219337
2022-07-25,2,7,10,22.22222222222222,522.2561266418944
2022-07-26,2,7,10,22.22222222222222,519.3500048683364
2022-07-27,2,7,10,22.22222222222222,519.6574840657447
2022-07-28,3,6,10,33.33333333333333,524.428612279696
2022-07-29,3,6,10,33.33333333333333,532.443702895206
2022-08-01,3,6,10,33.33333333333333,537.2925276639925
2022-08-02,3,6,10,33.33333333333333,546.8008997160335
2022-08-03,3,6,10,33.33333333333333,542.6052047286663
2022-08-04,3,6,10,33.33333333333333,541.2226019357996
2022-08-05,3,6,10,33.33333333333333,540.3279568648338
2022-08-08,3,6,10,33.33333333333333,547.9835840674223
2022-08-10,3,6,10,33.33333333333333,554.7681760198625
2022-08-11,4,5,10,44.44444444444444,564.5060061275763
2022-08-12,4,5,10,44.44444444444444,565.2708199671868
2022-08-16,4,5,10,44.44444444444444,563.9915437924265
2022-08-17,4,5,10,44.44444444444444,567.2662028036259
2022-08-18,4,5,10,44.44444444444444,568.5112456369448
2022-08-19,4,5,10,44.44444444444444,567.8144408883765
2022-08-22,4,5,10,44.44444444444444,566.0851558173079
2022-08-23,4,5,10,44.44444444444444,570.172300439049
2022-08-24,4,5,10,44.44444444444444,581.8114821967578
2022-08-25,4,5,10,44.44444444444444,585.7919419574773
2022-08-26,4,5,10,44.44444444444444,600.3240819552552
2022-08-29,5,4,10,55.55555555555556,599.8354771439773
2022-08-30,5,4,10,55.55555555555556,608.3402889937378
2022-09-01,6,3,10,66.66666666666666,612.2965622774747
2022-09-02,7,2,10,77.77777777777779,610.634889774449
2022-09-05,7,2,10,77.77777777777779,609.4460514065486
2022-09-06,7,2,10,77.77777777777779,608.1597163150569
2022-09-07,7,2,10,77.77777777777779,624.181014778606
2022-09-08,8,1,10,88.88888888888889,631.3664488763118
2022-09-09,8,1,10,88.88888888888889,636.4772257003879
2022-09-12,8,1,10,88.88888888888889,637.3786471500728
2022-09-13,8,1,10,88.88888888888889,633.2420777378184
2022-09-14,8,1,10,88.88888888888889,627.048149001191
2022-09-15,8,1,10,88.88888888888889,629.880877523315
2022-09-16,7,2,10,77.77777777777779,615.1887411474875
2022-09-19,7,2,10,77.77777777777779,616.8493806640594
2022-09-20,8,1,10,88.88888888888889,622.9237518630509
2022-09-21,8,1,10,88.88888888888889,620.4970955636761
2022-09-22,7,2,10,77.77777777777779,625.8313097318506
2022-09-23,7,2,10,77.77777777777779,615.9257293407959
2022-09-26,6,3,10,66.66666666666666,595.1219642275222
2022-09-27,6,3,10,66.66666666666666,599.0233905855399
2022-09-28,7,2,10,77.77777777777779,595.9980665463365
2022-09-29,7,2,10,77.77777777777779,604.1886216101105
2022-09-30,7,2,10,77.77777777777779,616.8728199251507
2022-10-03,8,1,10,88.88888888888889,621.3337976831417
2022-10-04,8,1,10,88.88888888888889,627.5059614244102
2022-10-06,9,0,10,100.0,640.7432555741907
2022-10-07,9,0,10,100.0,644.7638575426199
2022-10-10,9,0,10,100.0,651.028383294747
2022-10-11,9,0,10,100.0,638.9906733293509
2022-10-12,8,1,10,88.88888888888889,637.5231176473806
2022-10-13,9,0,10,100.0,641.0777191444215
2022-10-14,9,0,10,100.0,642.5997690303537
2022-10-17,9,0,10,100.0,644.1010050043699
2022-10-18,9,0,10,100.0,647.096531770224
2022-10-19,9,0,10,100.0,651.1600125239833
2022-10-20,9,0,10,100.0,643.4622286592818
2022-10-21,9,0,10,100.0,639.7719564801307
2022-10-24,9,0,10,100.0,650.118939078581
2022-10-25,9,0,10,100.0,661.1844470153648
2022-10-27,9,0,10,100.0,669.4278501779655
2022-10-28,9,0,10,100.0,669.7663224043506
2022-10-31,9,0,10,100.0,674.4076133882132
2022-11-01,9,0,10,100.0,671.7763085810166
2022-11-02,9,0,10,100.0,676.2994386387144
2022-11-03,9,0,10,100.0,692.3053492457286
2022-11-04,9,0,10,100.0,704.3785846597538
2022-11-07,9,0,10,100.0,721.8329608141953
2022-11-09,9,0,10,100.0,732.3424015417164
2022-11-10,9,0,10,100.0,707.8649985558986
2022-11-11,9,0,10,100.0,709.3832272461168
2022-11-14,9,0,10,100.0,724.2899385479391
2022-11-15,9,0,10,100.0,741.7455745991325
2022-11-16,9,0,10,100.0,760.034483553355
2022-11-17,9,0,10,100.0,756.9800492697298
2022-11-18,9,0,10,100.0,760.5820459580171
2022-11-21,9,0,10,100.0,756.9153993936437
2022-11-22,9,0,10,100.0,749.1736134125227
2022-11-23,9,0,10,100.0,778.9022905516167
2022-11-24,9,0,10,100.0,785.9683558507659
2022-11-25,9,0,10,100.0,801.170152386874
2022-11-28,9,0,10,100.0,824.55433556111
2022-11-29,9,0,10,100.0,820.9057476183957
2022-11-30,9,0,10,100.0,802.7702132368536
2022-12-01,9,0,10,100.0,813.3818216681457
2022-12-02,9,0,10,100.0,813.9626423694476
2022-12-05,9,0,10,100.0,813.4089936737253
2022-12-06,9,0,10,100.0,817.9056567319125
2022-12-07,9,0,10,100.0,810.5155768676295
2022-12-08,9,0,10,100.0,805.6704177972515
2022-12-09,9,0,10,100.0,786.979741488479
2022-12-12,9,0,10,100.0,808.4787276232902
2022-12-13,9,0,10,100.0,816.6240791791909
2022-12-14,9,0,10,100.0,820.5717248954929
2022-12-15,8,1,10,88.88888888888889,797.8442531242505
2022-12-16,8,1,10,88.88888888888889,785.6354698677685
2022-12-19,8,1,10,88.88888888888889,788.8387572851798
2022-12-20,8,1,10,88.88888888888889,807.0289120663625
2022-12-21,8,1,10,88.88888888888889,771.0914128132324
2022-12-22,8,1,10,88.88888888888889,752.3985152259577
2022-12-23,8,1,10,88.88888888888889,700.6921628367278
2022-12-26,8,1,10,88.88888888888889,728.87749656467
2022-12-27,8,1,10,88.88888888888889,742.2831913850869
2022-12-28,8,1,10,88.88888888888889,764.1954255897998
2022-12-29,8,1,10,88.88888888888889,775.395310252307
2022-12-30,8,1,10,88.88888888888889,776.0437515595552
2023-01-02,8,1,10,88.88888888888889,786.9842796522978
2023-01-03,8,1,10,88.88888888888889,798.407972297322
2023-01-04,8,1,10,88.88888888888889,799.1365704398243
2023-01-05,8,1,10,88.88888888888889,792.9871765440283
2023-01-06,8,1,10,88.88888888888889,786.7122043248482
2023-01-09,8,1,10,88.88888888888889,793.1386033935144
2023-01-10,8,1,10,88.88888888888889,777.8529773066825
2023-01-11,8,1,10,88.88888888888889,782.126983286057
2023-01-12,8,1,10,88.88888888888889,794.1037028914626
2023-01-13,8,1,10,88.88888888888889,810.8375997110869
2023-01-16,8,1,10,88.88888888888889,801.2515638650092
2023-01-17,8,1,10,88.88888888888889,789.4579652266342
2023-01-18,8,1,10,88.88888888888889,805.5035020163202
2023-01-19,8,1,10,88.88888888888889,804.5572526316331
2023-01-20,8,1,10,88.88888888888889,804.8954181238905
2023-01-23,9,1,10,90.0,806.9737190888006
2023-01-24,8,2,10,80.0,799.6389450755262
2023-01-25,8,2,10,80.0,784.664176211257
2023-01-27,8,2,10,80.0,766.9974653913152
2023-01-30,8,2,10,80.0,774.6730803966271
2023-01-31,8,2,10,80.0,805.3858372583234
2023-02-01,8,2,10,80.0,761.3295104877062
2023-02-02,8,2,10,80.0,755.118704923635
2023-02-03,7,3,10,70.0,744.0561485305996
2023-02-06,7,3,10,70.0,738.3332844022434
2023-02-07,7,3,10,70.0,734.7748145601329
2023-02-08,8,2,10,80.0,747.0741592419629
2023-02-09,8,2,10,80.0,737.1276639673652
2023-02-10,8,2,10,80.0,740.0900917769798
2023-02-13,7,3,10,70.0,733.854047678459
2023-02-14,7,3,10,70.0,729.6595860114286
2023-02-15,7,3,10,70.0,739.8366338442977
2023-02-16,7,3,10,70.0,745.5226660991923
2023-02-17,7,3,10,70.0,742.770835796318
2023-02-20,7,3,10,70.0,727.2760080867467
2023-02-21,7,3,10,70.0,720.962239435312
2023-02-22,7,3,10,70.0,702.0667419151868
2023-02-23,7,3,10,70.0,706.6060846025758
2023-02-24,6,4,10,60.0,706.0906557834878
2023-02-27,5,5,10,50.0,690.497101759339
2023-02-28,6,4,10,60.0,686.0964956719545
2023-03-01,6,4,10,60.0,699.2605880898782
2023-03-02,6,4,10,60.0,708.1394533033822
2023-03-03,6,4,10,60.0,713.6707630216127
2023-03-06,6,4,10,60.0,715.2744544358981
2023-03-08,6,4,10,60.0,717.480668132676
2023-03-09,6,4,10,60.0,718.6721505704946
2023-03-10,5,5,10,50.0,714.0277300601686
2023-03-13,5,5,10,50.0,693.526350207977
2023-03-14,5,5,10,50.0,691.8285569622609
2023-03-15,5,5,10,50.0,693.3843733843161
2023-03-16,5,5,10,50.0,697.1838018023195
2023-03-17,5,5,10,50.0,700.5604453795421
2023-03-20,5,5,10,50.0,695.2584637489931
2023-03-21,5,5,10,50.0,698.7237648572409
2023-03-22,5,5,10,50.0,701.1787395428219
2023-03-23,5,5,10,50.0,701.4544130364943
2023-03-24,5,5,10,50.0,696.3118572514753
2023-03-27,5,5,10,50.0,685.5572959653728
2023-03-28,5,5,10,50.0,672.1703550959999
2023-03-29,5,5,10,50.0,683.9474335581004
2023-03-31,5,5,10,50.0,697.6469473838115
2023-04-03,5,5,10,50.0,720.2154860695832
2023-04-05,5,5,10,50.0,720.5171437422152
2023-04-06,5,5,10,50.0,725.8685437172636
2023-04-10,5,5,10,50.0,726.602212623629
2023-04-11,5,5,10,50.0,722.9307180279645
2023-04-12,5,5,10,50.0,719.5253417168167
2023-04-13,5,5,10,50.0,722.8903928482528
2023-04-17,5,5,10,50.0,722.5306741329849
2023-04-18,5,5,10,50.0,738.7528884659305
2023-04-19,5,5,10,50.0,738.1415606671216
2023-04-20,5,5,10,50.0,745.9702077839493
2023-04-21,5,5,10,50.0,744.1883555711235
2023-04-24,7,3,10,70.0,773.3604297081575
2023-04-25,7,3,10,70.0,812.4776242970443
2023-04-26,7,3,10,70.0,808.8426532980136
2023-04-27,7,3,10,70.0,815.1271630577343
2023-04-28,7,3,10,70.0,826.8414179770477
2023-05-02,7,3,10,70.0,869.7442096222384
2023-05-03,7,3,10,70.0,891.032488886294
2023-05-04,8,2,10,80.0,890.4025364871254
2023-05-05,7,3,10,70.0,907.1654360965123
2023-05-08,8,2,10,80.0,900.1763381766407
2023-05-09,8,2,10,80.0,873.5296573053811
2023-05-10,8,2,10,80.0,876.8501156773586
2023-05-11,8,2,10,80.0,888.7862773531664
2023-05-12,7,3,10,70.0,884.8569279882227
2023-05-15,8,2,10,80.0,883.9846565676785
2023-05-16,8,2,10,80.0,880.0810752244183
2023-05-17,8,2,10,80.0,884.9845682053876
2023-05-18,8,2,10,80.0,877.828079299838
2023-05-19,8,2,10,80.0,862.4616240476074
2023-05-22,8,2,10,80.0,871.9292343720177
2023-05-23,8,2,10,80.0,874.1027400516041
2023-05-24,8,2,10,80.0,881.3990938042217
2023-05-25,8,2,10,80.0,883.4105228236211
2023-05-26,8,2,10,80.0,890.6508417874113
2023-05-29,8,2,10,80.0,900.1950638266017
2023-05-30,8,2,10,80.0,888.3297148348099
2023-05-31,8,2,10,80.0,894.8473582530233
2023-06-01,8,2,10,80.0,902.3839852552712
2023-06-02,8,2,10,80.0,898.7028493373168
2023-06-05,8,2,10,80.0,896.3270717094919
2023-06-06,8,2,10,80.0,915.5137448925252
2023-06-07,8,2,10,80.0,950.832622276076
2023-06-08,8,2,10,80.0,937.8139908536535
2023-06-09,8,2,10,80.0,935.2662189160062
2023-06-12,8,2,10,80.0,935.5730847307218
2023-06-13,8,2,10,80.0,933.0137170581104
2023-06-14,8,2,10,80.0,941.6718006202359
2023-06-15,8,2,10,80.0,936.5136837755722
2023-06-16,9,1,10,90.0,952.24298463342
2023-06-19,9,1,11,90.0,961.6670643371837
2023-06-20,9,1,11,90.0,972.4420029570398
2023-06-21,9,1,11,90.0,970.2687066270828
2023-06-22,8,2,11,80.0,967.9593693449211
2023-06-23,8,2,11,80.0,954.2593298972128
2023-06-26,8,2,11,80.0,966.8880075602522
2023-06-27,8,2,11,80.0,984.6920641076899
2023-06-28,8,2,11,80.0,983.8033044139595
2023-06-30,8,2,11,80.0,983.9332864673047
2023-07-03,8,2,11,80.0,984.4789388253412
2023-07-04,8,2,11,80.0,980.3283786664572
2023-07-05,8,2,11,80.0,989.2841194041639
2023-07-06,9,1,11,90.0,994.0010330987062
2023-07-07,8,2,11,80.0,986.9365453723102
2023-07-10,8,2,11,80.0,981.358370808098
2023-07-11,9,1,11,90.0,989.7157811235179
2023-07-12,9,1,11,90.0,995.4473717533592
2023-07-13,9,1,11,90.0,992.5580308746465
2023-07-14,9,1,11,90.0,1000.8738220684585
2023-07-17,9,1,11,90.0,1015.7430485548118
2023-07-18,9,1,11,90.0,1011.1915640807796
2023-07-19,9,1,11,90.0,1030.067330734961
2023-07-20,9,1,11,90.0,1058.2523207845609
2023-07-21,9,1,11,90.0,1090.2810462668192
2023-07-24,9,1,11,90.0,1128.0021500092519
2023-07-25,9,1,11,90.0,1135.8108933572523
2023-07-26,9,1,11,90.0,1156.7013840594566
2023-07-27,9,1,11,90.0,1150.6315138929997
2023-07-28,9,1,11,90.0,1132.4395351358062
2023-07-31,9,1,11,90.0,1164.3884503762404
2023-08-01,9,1,11,90.0,1178.5746588412342
2023-08-02,9,1,11,90.0,1159.7768562182373
2023-08-03,10,0,11,100.0,1183.7380804367808
2023-08-04,10,0,11,100.0,1180.5839432587993
2023-08-07,10,0,11,100.0,1217.3703595453173
2023-08-08,9,1,11,90.0,1230.7229755712638
2023-08-09,10,0,11,100.0,1246.172735620108
2023-08-10,10,0,11,100.0,1239.3984642143992
2023-08-11,10,0,11,100.0,1240.6694570103189
2023-08-14,9,1,11,90.0,1236.9251702838528
2023-08-16,8,2,11,80.0,1249.043648038111
2023-08-17,9,1,11,90.0,1244.3859969431019
2023-08-18,9,1,11,90.0,1225.5556603663963
2023-08-21,9,1,11,90.0,1265.312319612793
2023-08-22,9,1,11,90.0,1282.4242567353926
2023-08-23,9,1,11,90.0,1290.7233279144446
2023-08-24,10,0,11,100.0,1318.2796322715371
2023-08-25,9,1,11,90.0,1321.629035494119
2023-08-28,10,0,11,100.0,1375.4238382867488
2023-08-29,10,0,11,100.0,1377.5727300539425
2023-08-30,10,0,11,100.0,1384.9023829498042
2023-08-31,10,0,11,100.0,1420.0653066709099
2023-09-01,10,0,11,100.0,1485.4909049270007
2023-09-04,10,0,11,100.0,1555.1274790737245
2023-09-05,10,0,11,100.0,1571.8118169167167
2023-09-06,10,0,11,100.0,1541.588792801779
2023-09-07,10,0,11,100.0,1551.0453967102485
2023-09-08,10,0,11,100.0,1611.8954936889231
2023-09-11,10,0,11,100.0,1704.2667238532154
2023-09-12,10,0,11,100.0,1574.0135750215866
2023-09-13,10,0,11,100.0,1562.3183015254394
2023-09-14,10,0,11,100.0,1594.0070482035242
2023-09-15,10,0,11,100.0,1584.2089584697462
2023-09-18,10,0,11,100.0,1551.551556305774
2023-09-20,10,0,11,100.0,1536.1935016894454
2023-09-21,10,0,11,100.0,1515.965346919089
2023-09-22,10,0,11,100.0,1527.132219947603
2023-09-25,10,0,11,100.0,1529.1204614548865
2023-09-26,10,0,11,100.0,1527.4690177963582
2023-09-27,10,0,11,100.0,1541.252737402151
2023-09-28,10,0,11,100.0,1532.6774532548789
2023-09-29,10,0,11,100.0,1542.8123517016118
2023-10-03,10,0,11,100.0,1538.0185950903058
2023-10-04,10,0,11,100.0,1527.5838416206816
2023-10-05,10,0,11,100.0,1531.4087217814676
2023-10-06,10,0,11,100.0,1534.2897135761239
2023-10-09,10,0,11,100.0,1476.9033576748886
2023-10-10,10,0,11,100.0,1501.7888872813555
2023-10-11,10,0,11,100.0,1507.187575534821
2023-10-12,10,0,11,100.0,1513.3520270601234
2023-10-13,10,0,11,100.0,1552.8653001459802
2023-10-16,10,0,11,100.0,1556.549679868886
2023-10-17,10,0,11,100.0,1594.599906854744
2023-10-18,10,0,11,100.0,1574.49982597317
2023-10-19,10,0,11,100.0,1571.007826041422
2023-10-20,10,0,11,100.0,1570.4098276376642
2023-10-23,10,0,11,100.0,1471.1283406461928
2023-10-25,10,0,11,100.0,1427.5369792866563
2023-10-26,10,0,11,100.0,1441.1204279446313
2023-10-27,10,0,11,100.0,1467.453083623432
2023-10-30,10,0,11,100.0,1467.1677942109636
2023-10-31,10,0,11,100.0,1465.3437596202093
2023-11-01,10,0,11,100.0,1451.8241713812895
2023-11-02,10,0,11,100.0,1466.9870426589816
2023-11-03,10,0,11,100.0,1484.971739498447
2023-11-06,10,0,11,100.0,1511.0801752613618
2023-11-07,10,0,11,100.0,1524.0347352927367
2023-11-08,10,0,11,100.0,1544.5880649331625
2023-11-09,10,0,11,100.0,1532.388527711332
2023-11-10,10,0,11,100.0,1539.1218824801656
2023-11-12,10,0,11,100.0,1552.187116202541
2023-11-13,10,0,11,100.0,1558.811346437977
2023-11-15,10,0,11,100.0,1576.7919098748212
2023-11-16,10,0,11,100.0,1564.3821497983456
2023-11-17,10,0,11,100.0,1660.9710196222006
2023-11-20,10,0,11,100.0,1648.0103801387538
2023-11-21,10,0,11,100.0,1682.2819885514207
2023-11-22,10,0,11,100.0,1681.1315287574193
2023-11-23,10,0,11,100.0,1682.0315087305385
2023-11-24,10,0,11,100.0,1683.2509925396505
2023-11-28,10,0,11,100.0,1682.8843784337234
2023-11-29,10,0,11,100.0,1677.421360709866
2023-11-30,10,0,11,100.0,1683.9447863641385
2023-12-01,10,0,11,100.0,1683.15341099118
2023-12-04,10,0,11,100.0,1717.9993664808794
2023-12-05,10,0,11,100.0,1712.5370144152819
2023-12-06,10,0,11,100.0,1716.6523692804865
2023-12-07,10,0,11,100.0,1719.5565034947322
2023-12-08,10,0,11,100.0,1713.1121307102887
2023-12-11,10,0,11,100.0,1757.9497178414972
2023-12-12,10,0,11,100.0,1761.5509183416964
2023-12-13,10,0,11,100.0,1769.1884514356807
2023-12-14,10,0,11,100.0,1832.7327841778651
2023-12-15,10,0,11,100.0,1851.3464326300632
2023-12-18,10,0,11,100.0,1878.1205387249133
2023-12-19,10,0,11,100.0,1902.0704718476306
2023-12-20,10,0,11,100.0,1776.644797454006
2023-12-21,10,0,11,100.0,1845.7141024695045
2023-12-22,10,0,11,100.0,1851.131250827116
2023-12-26,10,0,11,100.0,1873.6146894072626
2023-12-27,10,0,11,100.0,1862.4800901966935
2023-12-28,10,0,11,100.0,1848.7272312471077
2023-12-29,10,0,11,100.0,1899.6578353588177
2024-01-01,10,0,11,100.0,1918.2549826434758
2024-01-02,10,0,11,100.0,1907.6318610108349
2024-01-03,10,0,11,100.0,1942.395872468001
2024-01-04,10,0,11,100.0,1958.1957701713911
2024-01-05,10,0,11,100.0,1968.3580305436615
2024-01-08,10,0,11,100.0,1963.0404398915261
2024-01-09,10,0,11,100.0,1975.2691600592773
2024-01-10,10,0,11,100.0,2007.5706458803215
2024-01-11,10,0,11,100.0,2045.3496220419306
2024-01-12,10,0,11,100.0,2058.604447886659
2024-01-15,10,0,11,100.0,2141.374553041077
2024-01-16,10,0,11,100.0,2151.292446009058
2024-01-17,10,0,11,100.0,2175.211523105795
2024-01-18,10,0,11,100.0,2162.2331134940796
2024-01-19,10,0,11,100.0,2318.0350839521893
2024-01-20,10,0,11,100.0,2508.816988816505
2024-01-23,11,0,11,100.0,2286.9431328456194
2024-01-24,11,0,11,100.0,2355.181853775488
2024-01-25,11,0,11,100.0,2438.9722203272304
2024-01-29,11,0,11,100.0,2446.347822857642
2024-01-30,11,0,11,100.0,2445.5361686139618
2024-01-31,11,0,11,100.0,2505.062225352673
2024-02-01,11,0,11,100.0,2477.940836985588
2024-02-02,11,0,11,100.0,2472.1844228372156
2024-02-05,11,0,11,100.0,2420.5795227597064
2024-02-06,11,0,11,100.0,2440.4809218349965
2024-02-07,11,0,11,100.0,2450.3809682779083
2024-02-08,11,0,11,100.0,2440.4455379856154
2024-02-09,11,0,11,100.0,2350.202797565342
2024-02-12,11,0,11,100.0,2138.549518175836
2024-02-13,11,0,11,100.0,2206.3910333760637
2024-02-14,11,0,11,100.0,2280.3887431611147
2024-02-15,11,0,11,100.0,2339.6792681117217
2024-02-16,11,0,11,100.0,2317.680695061413
2024-02-19,11,0,11,100.0,2371.145222991491
2024-02-20,11,0,11,100.0,2357.7089627941964
2024-02-21,11,0,11,100.0,2303.871816328723
2024-02-22,11,0,11,100.0,2334.056109726012
2024-02-23,11,0,11,100.0,2371.877953641957
2024-02-26,11,0,11,100.0,2387.5764604951337
2024-02-27,11,0,11,100.0,2420.6848744728513
2024-02-28,11,0,11,100.0,2339.818354170092
2024-02-29,11,0,11,100.0,2345.6536882135065
2024-03-01,11,0,11,100.0,2345.6035770509734
2024-03-02,11,0,11,100.0,2369.0867003424573
2024-03-04,11,0,11,100.0,2334.891693041948
2024-03-05,11,0,11,100.0,2326.928509487544
2024-03-06,11,0,11,100.0,2271.2938451257733
2024-03-07,11,0,11,100.0,2289.7178851927906
2024-03-11,11,0,11,100.0,2266.785045004601
2024-03-12,11,0,11,100.0,2175.0344038003395
2024-03-13,11,0,11,100.0,1955.5698975735886
2024-03-14,11,0,11,100.0,2121.38768889692
2024-03-15,11,0,11,100.0,2117.9840853425712
2024-03-18,11,0,11,100.0,2126.2908720136084
2024-03-19,11,0,11,100.0,2092.0841801368388
2024-03-20,10,1,11,90.9090909090909,2080.369867254347
2024-03-21,11,0,11,100.0,2156.6927468967688
2024-03-22,11,0,11,100.0,2181.248376101081
2024-03-26,11,0,11,100.0,2221.648666125654
2024-03-27,11,0,11,100.0,2229.820561393522
2024-03-28,11,0,11,100.0,2220.8352138424193
2024-04-01,11,0,11,100.0,2293.297325943475
2024-04-02,11,0,11,100.0,2319.454323531835
2024-04-03,11,0,11,100.0,2336.127061164964
2024-04-04,11,0,11,100.0,2316.7208511129065
2024-04-05,11,0,11,100.0,2345.471149259093
2024-04-08,11,0,11,100.0,2341.1980029541974
2024-04-09,11,0,11,100.0,2326.201751583352
2024-04-10,11,0,11,100.0,2327.845039691326
2024-04-12,11,0,11,100.0,2321.5812072165995
2024-04-15,11,0,11,100.0,2258.3344026548675
2024-04-16,11,0,11,100.0,2291.7523897795018
2024-04-18,11,0,11,100.0,2281.90025447361
2024-04-19,11,0,11,100.0,2267.2489335769014
2024-04-22,11,0,11,100.0,2326.354533776538
2024-04-23,11,0,11,100.0,2359.002552662051
2024-04-24,11,0,11,100.0,2413.0580085498955
2024-04-25,11,0,11,100.0,2466.4791231024947
2024-04-26,11,0,11,100.0,2500.4915115139606
2024-04-29,11,0,11,100.0,2488.479500226409
2024-04-30,11,0,11,100.0,2475.40103800395
2024-05-02,11,0,11,100.0,2500.882358081767
2024-05-03,11,0,11,100.0,2481.3626327844427
2024-05-06,11,0,11,100.0,2416.6893117353334
2024-05-07,11,0,11,100.0,2360.004380719648
2024-05-08,11,0,11,100.0,2401.8272707251726
2024-05-09,11,0,11,100.0,2333.5388926730548
2024-05-10,11,0,11,100.0,2390.791496258015
2024-05-13,11,0,11,100.0,2394.55021222967
2024-05-14,11,0,11,100.0,2509.7747771812114
2024-05-15,11,0,11,100.0,2525.6271776402177
2024-05-16,11,0,11,100.0,2590.9075587864263
2024-05-17,11,0,11,100.0,2696.2365034294126
2024-05-18,11,0,11,100.0,2745.439721125399
2024-05-21,11,0,11,100.0,2833.118726932807
2024-05-22,11,0,11,100.0,2841.714418952132
2024-05-23,11,0,11,100.0,2891.93098279189
2024-05-24,11,0,11,100.0,2849.193620431839
2024-05-27,11,0,11,100.0,2894.0388321824207
2024-05-28,11,0,11,100.0,2842.1609359665363
2024-05-29,11,0,11,100.0,2881.102066115349
2024-05-30,11,0,11,100.0,2836.9208212325566
2024-05-31,11,0,11,100.0,2874.2221504435693
2024-06-03,11,0,11,100.0,3036.1753593805856
2024-06-04,11,0,11,100.0,2538.6718178229435
2024-06-05,11,0,11,100.0,2534.5155229927536
2024-06-06,11,0,11,100.0,2672.7287042407697
2024-06-07,11,0,11,100.0,2702.3372947350986
2024-06-10,11,0,11,100.0,2756.3020281125887
2024-06-11,11,0,11,100.0,2883.7052972497518
2024-06-12,11,0,11,100.0,2932.9896830942153
2024-06-13,11,0,11,100.0,2926.6263874962847
2024-06-14,11,0,11,100.0,2990.458752348709
2024-06-18,11,0,11,100.0,3020.5397243472053
2024-06-19,11,0,11,100.0,2953.822997610183
2024-06-20,11,0,11,100.0,2957.376106631069
2024-06-21,11,0,11,100.0,3040.7809617134667
2024-06-24,11,0,11,100.0,3057.6853334161256
2024-06-25,11,0,11,100.0,3012.4948507393283
2024-06-26,11,0,11,100.0,3046.93972999162
2024-06-27,11,0,11,100.0,3072.4424809901775
2024-06-28,11,0,11,100.0,3092.307772652955
2024-07-01,11,0,11,100.0,3097.707320384925
2024-07-02,11,0,11,100.0,3104.7024086819815
2024-07-03,11,0,11,100.0,3117.5997653797763
2024-07-04,11,0,11,100.0,3171.3009623537146
2024-07-05,11,0,11,100.0,3361.468907351317
2024-07-08,11,0,11,100.0,3483.6944126673543
2024-07-09,11,0,11,100.0,3368.552614898336
2024-07-10,11,0,11,100.0,3407.3885358218668
2024-07-11,11,0,11,100.0,3446.4715136140626
2024-07-12,11,0,11,100.0,3549.8473408355885
2024-07-15,11,0,11,100.0,3525.2083014885407
2024-07-16,11,0,11,100.0,3454.0885906188037
2024-07-18,11,0,11,100.0,3341.5459150225543
2024-07-19,11,0,11,100.0,3324.353342737728
2024-07-22,11,0,11,100.0,3367.9105327854095
2024-07-23,11,0,11,100.0,3229.2994759568865
2024-07-24,11,0,11,100.0,3248.9739384079217
2024-07-25,11,0,11,100.0,3187.1521950358465
2024-07-26,11,0,11,100.0,3170.6554691729216
2024-07-29,11,0,11,100.0,3334.635160328682
2024-07-30,11,0,11,100.0,3325.090438502226
2024-07-31,11,0,11,100.0,3257.3008323369377
2024-08-01,11,0,11,100.0,3220.9577854488016
2024-08-02,11,0,11,100.0,3201.690774176752
2024-08-05,11,0,11,100.0,3014.036160323238
2024-08-06,11,0,11,100.0,2950.7230898461958
2024-08-07,11,0,11,100.0,3036.0383178817997
2024-08-08,11,0,11,100.0,2982.2436822974614
2024-08-09,11,0,11,100.0,2966.065726205504
2024-08-12,11,0,11,100.0,3054.096818884064
2024-08-13,10,1,11,90.9090909090909,2996.953379919704
2024-08-14,10,1,11,90.9090909090909,2939.7063973046957
2024-08-16,10,1,11,90.9090909090909,2985.996097833531
2024-08-19,11,0,11,100.0,3010.358890742292
2024-08-20,11,0,11,100.0,2989.1022487963305
2024-08-21,11,0,11,100.0,3003.914078171133
2024-08-22,11,0,11,100.0,3002.959985034786
2024-08-23,10,1,11,90.9090909090909,3022.0180522394166
2024-08-26,11,0,11,100.0,3018.9115203097504
2024-08-27,10,1,11,90.9090909090909,3031.148994382834
2024-08-28,10,1,11,90.9090909090909,3036.6801143132866
2024-08-29,10,1,11,90.9090909090909,2998.1952174665566
2024-08-30,10,1,11,90.9090909090909,3015.6615214014164
2024-09-02,10,1,11,90.9090909090909,2986.9910996966046
2024-09-03,11,0,11,100.0,3006.244307511917
2024-09-04,10,1,11,90.9090909090909,3009.6655736491725
2024-09-05,11,0,11,100.0,2985.7575742409713
2024-09-06,9,2,11,81.81818181818183,2938.953832728372
2024-09-09,9,2,11,81.81818181818183,2896.5506999674008
2024-09-10,9,2,11,81.81818181818183,2914.9526384948945
2024-09-11,9,2,11,81.81818181818183,2889.3621342275997
2024-09-12,9,2,11,81.81818181818183,2901.3271091926536
2024-09-13,10,1,11,90.9090909090909,2942.552324276217
2024-09-16,9,2,11,81.81818181818183,2915.000014841521
2024-09-17,8,3,11,72.72727272727273,2872.938872080206
2024-09-18,8,3,11,72.72727272727273,2815.3968098177183
2024-09-19,7,4,11,63.63636363636363,2751.8214791262358
2024-09-20,8,3,11,72.72727272727273,2869.3853750013404
2024-09-23,8,3,11,72.72727272727273,2865.329801958855
2024-09-24,8,3,11,72.72727272727273,2831.1409420523114
2024-09-25,8,3,11,72.72727272727273,2803.6649406516226
2024-09-26,8,3,11,72.72727272727273,2800.9454711837384
2024-09-27,7,4,11,63.63636363636363,2811.39126109872
2024-09-30,8,3,11,72.72727272727273,2796.206100016196
2024-10-01,6,5,11,54.54545454545454,2766.7913232015594
2024-10-03,3,8,11,27.27272727272727,2679.517019822099
2024-10-04,3,8,11,27.27272727272727,2652.823074841751
2024-10-07,1,10,11,9.090909090909092,2512.356626138048
2024-10-08,2,9,11,18.181818181818183,2612.629168793438
2024-10-09,2,9,11,18.181818181818183,2634.280788961891
2024-10-10,3,8,11,27.27272727272727,2622.099641522007
2024-10-11,3,8,11,27.27272727272727,2647.9850143914705
2024-10-14,3,8,11,27.27272727272727,2654.078836383889
2024-10-15,3,8,11,27.27272727272727,2660.0215957550813
2024-10-16,5,6,11,45.45454545454545,2690.0692141506875
2024-10-17,5,6,11,45.45454545454545,2693.8818894548535
2024-10-18,3,8,11,27.27272727272727,2686.0007414333195
2024-10-21,3,8,11,27.27272727272727,2622.9667447572183
2024-10-22,2,9,11,18.181818181818183,2494.2157277334736
2024-10-23,2,9,11,18.181818181818183,2540.6022466093323
2024-10-24,2,9,11,18.181818181818183,2546.3451248916117
2024-10-25,1,10,11,9.090909090909092,2460.766256768711
2024-10-28,2,9,11,18.181818181818183,2516.783196741275
2024-10-29,2,9,11,18.181818181818183,2543.458319352519
2024-10-30,3,8,11,27.27272727272727,2643.0890588694797
2024-10-31,4,7,11,36.36363636363637,2693.0715397125346
2024-11-01,4,7,11,36.36363636363637,2705.1394847824495
2024-11-04,4,7,11,36.36363636363637,2622.1038124077786
2024-11-05,3,8,11,27.27272727272727,2638.3956957613714
2024-11-06,4,7,11,36.36363636363637,2702.893959505555
2024-11-07,4,7,11,36.36363636363637,2692.931551668999
2024-11-08,3,8,11,27.27272727272727,2609.0040949378113
2024-11-11,3,8,11,27.27272727272727,2567.974721927266
2024-11-12,2,9,11,18.181818181818183,2524.411702941093
2024-11-13,1,10,11,9.090909090909092,2432.478215200221
2024-11-14,1,10,11,9.090909090909092,2439.931512115006
2024-11-18,1,10,11,9.090909090909092,2412.016479413527
2024-11-19,1,10,11,9.090909090909092,2452.605596471891
2024-11-21,1,10,11,9.090909090909092,2407.447969790115
2024-11-22,1,10,11,9.090909090909092,2425.7995436736414
2024-11-25,2,9,11,18.181818181818183,2543.9854627736468
2024-11-26,2,9,11,18.181818181818183,2530.2872697220278
2024-11-27,3,8,11,27.27272727272727,2618.4249361871107
2024-11-28,3,8,11,27.27272727272727,2647.5420364337756
2024-11-29,3,8,11,27.27272727272727,2623.303013476993
2024-12-02,3,8,11,27.27272727272727,2633.8529652292004
2024-12-03,3,8,11,27.27272727272727,2648.2266019552535
2024-12-04,3,8,11,27.27272727272727,2667.4294270223777
2024-12-05,3,8,11,27.27272727272727,2661.686862567879
2024-12-06,4,7,11,36.36363636363637,2719.8294868652774
2024-12-09,4,7,11,36.36363636363637,2756.9574936487907
2024-12-10,4,7,11,36.36363636363637,2725.925743993308
2024-12-11,7,4,11,63.63636363636363,2845.898969205599
2024-12-12,7,4,11,63.63636363636363,2824.416186526172
2024-12-13,6,5,11,54.54545454545454,2785.6561425732616
2024-12-16,6,5,11,54.54545454545454,2808.6035947764044
2024-12-17,6,5,11,54.54545454545454,2780.0525743263106
2024-12-18,5,6,11,45.45454545454545,2725.561841268982
2024-12-19,5,6,11,45.45454545454545,2691.282832601297
2024-12-20,5,6,11,45.45454545454545,2631.521862272265
2024-12-23,3,8,11,27.27272727272727,2598.002224654219
2024-12-24,2,9,11,18.181818181818183,2586.292748759302
2024-12-26,1,10,11,9.090909090909092,2558.0795823622225
2024-12-27,1,10,11,9.090909090909092,2554.0691166199613
2024-12-30,1,10,11,9.090909090909092,2511.363552422987
2024-12-31,1,10,11,9.090909090909092,2561.8465957698527
2025-01-01,1,10,11,9.090909090909092,2582.0337368077116
2025-01-02,1,10,11,9.090909090909092,2603.545503150238
2025-01-03,1,10,11,9.090909090909092,2608.919121945976
2025-01-06,0,11,11,0.0,2486.0747888963356
2025-01-07,0,11,11,0.0,2511.2281841550944
2025-01-08,0,11,11,0.0,2492.5190565511753
2025-01-09,0,11,11,0.0,2459.8286921028766
2025-01-10,0,11,11,0.0,2381.5437875504576
2025-01-13,0,11,11,0.0,2264.7535152973273
2025-01-14,0,11,11,0.0,2331.465380730062
2025-01-15,0,11,11,0.0,2334.134752692621
2025-01-16,0,11,11,0.0,2498.1601415522855
2025-01-17,0,11,11,0.0,2525.7798438145064
2025-01-20,0,11,11,0.0,2553.1287295503466
2025-01-21,0,11,11,0.0,2476.995387855978
2025-01-22,0,11,11,0.0,2429.1441349335555
2025-01-23,0,11,11,0.0,2449.9528491270967
2025-01-24,0,11,11,0.0,2384.209094244514
2025-01-27,0,11,11,0.0,2293.9432811760294
2025-01-28,0,11,11,0.0,2270.1163758961416
2025-01-29,0,11,11,0.0,2318.2998310779353
2025-01-30,0,11,11,0.0,2366.6913128357687
2025-01-31,1,10,11,9.090909090909092,2516.2103140688964
2025-02-01,0,11,11,0.0,2364.418023675322
2025-02-03,0,11,11,0.0,2239.66728952798
2025-02-04,0,11,11,0.0,2235.4045669860307
2025-02-05,0,11,11,0.0,2255.9456332007576
2025-02-06,0,11,11,0.0,2226.5059630921423
2025-02-07,0,11,11,0.0,2184.1764149330625
2025-02-10,0,11,11,0.0,2144.5853448702383
2025-02-11,0,11,11,0.0,2060.5728821070015
2025-02-12,0,11,11,0.0,2046.7545340474871
2025-02-13,0,11,11,0.0,2052.160665113806
2025-02-14,0,11,11,0.0,1962.08551399056
2025-02-17,0,11,11,0.0,1942.565754151298
2025-02-18,0,11,11,0.0,1898.933301831222
2025-02-19,0,11,11,0.0,1998.0349380642797
2025-02-20,0,11,11,0.0,2008.9124128773665
2025-02-21,0,11,11,0.0,1982.1754205995226
2025-02-24,0,11,11,0.0,1955.999856058457
2025-02-25,0,11,11,0.0,1952.6699480735374
2025-02-27,0,11,11,0.0,1894.391682563201
2025-02-28,0,11,11,0.0,1804.1463203718563
2025-03-03,0,11,11,0.0,1781.922203197513
2025-03-04,0,11,11,0.0,1814.0626092651953
2025-03-05,0,11,11,0.0,1873.4496462827408
2025-03-06,0,11,11,0.0,1898.69987846292
2025-03-07,0,11,11,0.0,1936.3913736518373
2025-03-10,0,11,11,0.0,1870.5583194891935
2025-03-11,0,11,11,0.0,1851.3771718603664
2025-03-12,0,11,11,0.0,1846.3815334058463
2025-03-13,0,11,11,0.0,1830.2029623303706
2025-03-17,0,11,11,0.0,1811.0923628404062
2025-03-18,0,11,11,0.0,1869.412676772106
2025-03-19,0,11,11,0.0,1970.5640232356989
2025-03-20,0,11,11,0.0,1968.230206771623
2025-03-21,0,11,11,0.0,2038.8808357123078
2025-03-24,0,11,11,0.0,2114.1802593504353
2025-03-25,0,11,11,0.0,2073.779947701743
2025-03-26,0,11,11,0.0,2026.5992939321925
2025-03-27,0,11,11,0.0,2056.2763216652465
2025-03-28,0,11,11,0.0,2035.5894499036897
2025-04-01,0,11,11,0.0,2047.0817554490789
2025-04-02,0,11,11,0.0,2068.4699191265568
2025-04-03,0,11,11,0.0,2091.3321143079065
2025-04-04,0,11,11,0.0,2009.1621586275949
2025-04-07,0,11,11,0.0,1925.7813566222194
2025-04-08,0,11,11,0.0,1973.2390296212986
2025-04-09,0,11,11,0.0,1954.6009954460947
2025-04-11,0,11,11,0.0,1996.4945001645297
2025-04-15,0,11,11,0.0,2068.85204840972
2025-04-16,0,11,11,0.0,2087.0101398675483
2025-04-17,0,11,11,0.0,2091.654764737835
2025-04-21,0,11,11,0.0,2124.538510726185
2025-04-22,0,11,11,0.0,2135.1324236956416
2025-04-23,0,11,11,0.0,2149.5578177092016
2025-04-24,0,11,11,0.0,2140.026150889762
2025-04-25,0,11,11,0.0,2058.3736773570968
2025-04-28,0,11,11,0.0,2062.409628646722
2025-04-29,0,11,11,0.0,2063.103864531797
2025-04-30,0,11,11,0.0,2009.7921898929276
2025-05-02,0,11,11,0.0,2025.7282758684535
2025-05-05,0,11,11,0.0,2056.256073894788
2025-05-06,0,11,11,0.0,1976.5657094961555
2025-05-07,0,11,11,0.0,1987.8166620836244
2025-05-08,0,11,11,0.0,1946.8606402647254
2025-05-09,0,11,11,0.0,1926.0391291298258
2025-05-12,0,11,11,0.0,2075.2315714680526
2025-05-13,0,11,11,0.0,2088.5160146421927
2025-05-14,0,11,11,0.0,2188.4870404021326
2025-05-15,0,11,11,0.0,2208.4001411504387
2025-05-16,2,9,11,18.181818181818183,2382.0238136675875
2025-05-19,3,8,11,27.27272727272727,2423.918784695503
2025-05-20,1,10,11,9.090909090909092,2324.300290403844
2025-05-21,2,9,11,18.181818181818183,2346.1545914466174
2025-05-22,1,10,11,9.090909090909092,2332.316048042179
2025-05-23,1,10,11,9.090909090909092,2322.908228972661
2025-05-26,3,8,11,27.27272727272727,2397.010782808628
2025-05-27,3,8,11,27.27272727272727,2416.859126069074
2025-05-28,3,8,11,27.27272727272727,2429.3371430000407
2025-05-29,3,8,11,27.27272727272727,2433.348764329452
2025-05-30,3,8,11,27.27272727272727,2395.417635949427
2025-06-02,3,8,11,27.27272727272727,2418.781221098373
2025-06-03,4,7,11,36.36363636363637,2414.497660510666
2025-06-04,6,5,11,54.54545454545454,2538.69509563417
2025-06-05,6,5,11,54.54545454545454,2570.7255171771026
2025-06-06,6,5,11,54.54545454545454,2549.131488829651
2025-06-09,7,4,11,63.63636363636363,2574.7788723206277
2025-06-10,6,5,11,54.54545454545454,2559.7182709597027
2025-06-11,7,4,11,63.63636363636363,2558.1303739556056
2025-06-12,4,7,11,36.36363636363637,2469.4933049517454
2025-06-13,4,7,11,36.36363636363637,2449.234792856361
2025-06-16,4,7,11,36.36363636363637,2464.3395544954637
2025-06-17,4,7,11,36.36363636363637,2424.3342386787613
2025-06-18,4,7,11,36.36363636363637,2410.792060598636
2025-06-19,3,8,11,27.27272727272727,2328.274024063677
2025-06-20,4,7,11,36.36363636363637,2390.040873957471
2025-06-23,4,7,11,36.36363636363637,2405.0112543349665
2025-06-24,4,7,11,36.36363636363637,2427.516550933223
2025-06-25,4,7,11,36.36363636363637,2453.6140411529605
2025-06-26,6,5,11,54.54545454545454,2466.431295790504
2025-06-27,6,5,11,54.54545454545454,2473.2040328444673
2025-06-30,5,6,11,45.45454545454545,2476.333809073591
2025-07-01,5,6,11,45.45454545454545,2471.731877082776
2025-07-02,5,6,11,45.45454545454545,2468.096730995573
2025-07-03,5,6,11,45.45454545454545,2454.320944015461
2025-07-04,5,6,11,45.45454545454545,2454.725216535259
2025-07-07,5,6,11,45.45454545454545,2443.6099045912565
2025-07-08,5,6,11,45.45454545454545,2430.7040612644228
2025-07-09,6,5,11,54.54545454545454,2436.2277731282907
2025-07-10,6,5,11,54.54545454545454,2436.0804443284183
2025-07-11,5,6,11,45.45454545454545,2404.53422297455
2025-07-14,5,6,11,45.45454545454545,2405.4070025627498
2025-07-15,5,6,11,45.45454545454545,2419.060351083924
2025-07-16,5,6,11,45.45454545454545,2423.805863188054
2025-07-17,5,6,11,45.45454545454545,2409.1820545722485
2025-07-18,4,7,11,36.36363636363637,2374.0537768067215
2025-07-21,5,6,11,45.45454545454545,2388.1650257697715
2025-07-22,4,7,11,36.36363636363637,2358.8990958492477
2025-07-23,4,7,11,36.36363636363637,2360.9708181328597
2025-07-24,4,7,11,36.36363636363637,2355.0095847952102
2025-07-25,3,8,11,27.27272727272727,2293.6368061809567
2025-07-28,3,8,11,27.27272727272727,2236.260767274141
2025-07-29,3,8,11,27.27272727272727,2270.4543528397003
2025-07-30,2,9,11,18.181818181818183,2254.2080517411196
2025-07-31,1,10,11,9.090909090909092,2213.0247753060326
2025-08-01,1,10,11,9.090909090909092,2172.192546748717
2025-08-04,1,10,11,9.090909090909092,2219.636859689045
2025-08-05,1,10,11,9.090909090909092,2212.001295455219
2025-08-06,1,10,11,9.090909090909092,2179.1307454706134
2025-08-07,1,10,11,9.090909090909092,2166.8959457240553
2025-08-08,1,10,11,9.090909090909092,2122.030310182296
2025-08-11,1,10,11,9.090909090909092,2134.485611972347
2025-08-12,1,10,11,9.090909090909092,2122.9781221179132
2025-08-13,1,10,11,9.090909090909092,2131.9576222208193
2025-08-14,1,10,11,9.090909090909092,2107.363501235735
2025-08-18,1,10,11,9.090909090909092,2127.7641312452465
2025-08-19,2,9,11,18.181818181818183,2166.7988652937133
2025-08-20,1,10,11,9.090909090909092,2169.7228935632806
2025-08-21,2,9,11,18.181818181818183,2180.781199727771
2025-08-22,1,10,11,9.090909090909092,2171.9234531344155
2025-08-25,1,10,11,9.090909090909092,2155.224612883573
2025-08-26,1,10,11,9.090909090909092,2112.9571822732723
2025-08-28,1,10,11,9.090909090909092,2073.013962335
2025-08-29,1,10,11,9.090909090909092,2055.107498956575
2025-09-01,2,9,11,18.181818181818183,2110.916174267075
2025-09-02,2,9,11,18.181818181818183,2169.17107204163
2025-09-03,2,9,11,18.181818181818183,2167.352524997556
2025-09-04,2,9,11,18.181818181818183,2127.8595143094044
2025-09-05,2,9,11,18.181818181818183,2145.790421307045
2025-09-08,2,9,11,18.181818181818183,2156.266232222668
2025-09-09,2,9,11,18.181818181818183,2180.937232433898
2025-09-10,2,9,11,18.181818181818183,2192.9481349877624
2025-09-11,2,9,11,18.181818181818183,2194.7161681563653
2025-09-12,4,7,11,36.36363636363637,2243.409011430668
2025-09-15,5,6,11,45.45454545454545,2301.3257123490152
2025-09-16,5,6,11,45.45454545454545,2303.403845979149
2025-09-17,5,6,11,45.45454545454545,2319.7729730831006
2025-09-18,5,6,11,45.45454545454545,2311.8902693818222
2025-09-19,5,6,11,45.45454545454545,2309.5848251667585
2025-09-22,5,6,11,45.45454545454545,2275.9997052598856
2025-09-23,4,7,11,36.36363636363637,2253.965813105733
2025-09-24,3,8,11,27.27272727272727,2214.882433812317
2025-09-25,3,8,11,27.27272727272727,2206.424492445867
2025-09-26,2,9,11,18.181818181818183,2177.3906508623004
2025-09-29,2,9,11,18.181818181818183,2170.4317161565077
2025-09-30,2,9,11,18.181818181818183,2172.138685195914
2025-10-01,2,9,11,18.181818181818183,2208.141954025394
2025-10-03,3,8,11,27.27272727272727,2224.2807913895463
2025-10-06,4,7,11,36.36363636363637,2216.8791120513315
2025-10-07,5,6,11,45.45454545454545,2261.5892159791492
2025-10-08,5,6,11,45.45454545454545,2220.4186716390404
2025-10-09,4,7,11,36.36363636363637,2221.3001964314926
2025-10-10,4,7,11,36.36363636363637,2224.1082010555124
2025-10-13,4,7,11,36.36363636363637,2200.9488121166564
2025-10-14,3,8,11,27.27272727272727,2174.6565943399
2025-10-15,3,8,11,27.27272727272727,2196.891087073243
2025-10-16,4,7,11,36.36363636363637,2192.2367082144565
2025-10-17,2,9,11,18.181818181818183,2168.4758314102637
2025-10-20,3,8,11,27.27272727272727,2175.186261776695
2025-10-21,3,8,11,27.27272727272727,2181.539494875641
2025-10-23,3,8,11,27.27272727272727,2179.036798493829
2025-10-24,3,8,11,27.27272727272727,2176.904197442323
2025-10-27,3,8,11,27.27272727272727,2184.057856184948
2025-10-28,3,8,11,27.27272727272727,2171.0303027909417
2025-10-29,3,8,11,27.27272727272727,2206.5426679916477
2025-10-30,3,8,11,27.27272727272727,2201.8712410199582
2025-10-31,3,8,11,27.27272727272727,2180.4823395600565
2025-11-03,3,8,11,27.27272727272727,2189.1103096435345
2025-11-04,3,8,11,27.27272727272727,2165.833691086811
2025-11-06,1,10,11,9.090909090909092,2104.658714105609
2025-11-07,1,10,11,9.090909090909092,2100.302869870333
2025-11-10,1,10,11,9.090909090909092,2095.7029886998375
2025-11-11,2,9,11,18.181818181818183,2118.7145766865497
2025-11-12,3,8,11,27.27272727272727,2128.3831048339175
2025-11-13,2,9,11,18.181818181818183,2098.8280459636753
2025-11-14,2,9,11,18.181818181818183,2107.919902005708
2025-11-17,4,7,11,36.36363636363637,2142.60800142154
2025-11-18,3,8,11,27.27272727272727,2118.958438668782
2025-11-19,3,8,11,27.27272727272727,2104.661861637468
2025-11-20,3,8,11,27.27272727272727,2099.021861272642
2025-11-21,2,9,11,18.181818181818183,2068.9176431814585
2025-11-24,0,11,11,0.0,2046.7108961096312
2025-11-25,0,11,11,0.0,2037.710876922456
2025-11-26,0,11,11,0.0,2060.5769262449303
2025-11-27,0,11,11,0.0,2056.429726203827
2025-11-28,0,11,11,0.0,2037.3713514774067
2025-12-01,0,11,11,0.0,2025.7831432870987
2025-12-02,0,11,11,0.0,2007.7900254231668
2025-12-03,0,11,11,0.0,1985.077203226553
2025-12-04,0,11,11,0.0,1977.9708475990533
2025-12-05,0,11,11,0.0,1962.356251101362
2025-12-08,0,11,11,0.0,1898.6751600702153
2025-12-09,0,11,11,0.0,1951.0307212297
2025-12-10,0,11,11,0.0,1923.2108873273085
2025-12-11,0,11,11,0.0,1954.395080161043
2025-12-12,0,11,11,0.0,1959.5297482163546
2025-12-15,0,11,11,0.0,1975.0850010467818
2025-12-16,0,11,11,0.0,1954.2337406261508
2025-12-17,0,11,11,0.0,1930.5076298747804
2025-12-18,0,11,11,0.0,1919.245326885206
2025-12-19,0,11,11,0.0,1967.4583115049663
2025-12-22,0,11,11,0.0,2051.390193176594
2025-12-23,0,11,11,0.0,2123.752254292394
2025-12-24,1,10,11,9.090909090909092,2135.199257165767
2025-12-26,7,4,11,63.63636363636363,2242.4238799521822
2025-12-29,4,7,11,36.36363636363637,2191.9661016774903
2025-12-30,3,8,11,27.27272727272727,2154.9668733209332
2025-12-31,4,7,11,36.36363636363637,2183.702691956888
2026-01-01,4,7,11,36.36363636363637,2182.2544818229703
2026-01-02,5,6,11,45.45454545454545,2206.661053355549
2026-01-05,5,6,11,45.45454545454545,2182.8660936589163
2026-01-06,5,6,11,45.45454545454545,2164.3380345373866
2026-01-07,4,7,11,36.36363636363637,2162.2896383881334
2026-01-08,0,11,11,0.0,2088.4437278138585
2026-01-09,0,11,11,0.0,2036.9913070307518
2026-01-12,0,11,11,0.0,2036.4767616532088
2026-01-13,0,11,11,0.0,2020.000986318173
2026-01-14,0,11,11,0.0,2078.59872928261
2026-01-16,0,11,11,0.0,2078.59872928261
2026-01-19,0,11,11,0.0,2055.979805911198
2026-01-20,0,11,11,0.0,1990.5808815540488
2026-01-21,0,11,11,0.0,1975.0701251759135
2026-01-22,0,11,11,0.0,2013.2212681888952
2026-01-23,0,11,11,0.0,1968.4356854769335
2026-01-27,0,11,11,0.0,1973.1264328703521
2026-01-28,0,11,11,0.0,2078.1815453616114
2026-01-29,0,11,11,0.0,2062.5312697430486
2026-01-30,0,11,11,0.0,2081.9092836639024
2026-02-01,0,11,11,0.0,1985.2811763983602
2026-02-02,0,11,11,0.0,2001.3089410025038
2026-02-03,0,11,11,0.0,2017.71086919418
2026-02-04,0,11,11,0.0,2027.7131685469694
2026-02-05,0,11,11,0.0,1998.2347049168932
2026-02-06,0,11,11,0.0,1971.834870646679
2026-02-09,0,11,11,0.0,2015.3938225350419
2026-02-10,0,11,11,0.0,2033.7756525034436
2026-02-11,0,11,11,0.0,2019.963049607767
2026-02-12,0,11,11,0.0,1989.7475092625793
2026-02-13,0,11,11,0.0,1960.2020428724181
2026-02-16,0,11,11,0.0,1955.8204759111131
2026-02-17,0,11,11,0.0,1969.5579748649468
2026-02-18,0,11,11,0.0,1973.6673098550523
2026-02-19,0,11,11,0.0,1951.936429022304
2026-02-20,0,11,11,0.0,1953.278951323818
2026-02-23,0,11,11,0.0,1960.8928210071742
2026-02-24,0,11,11,0.0,1929.5688614103792
2026-02-25,0,11,11,0.0,1905.6564611777535
2026-02-26,0,11,11,0.0,1890.2524279679349
2026-02-27,0,11,11,0.0,1864.7767975231566
2026-03-02,0,11,11,0.0,1789.9399991014498
2026-03-04,0,11,11,0.0,1724.799380668675
2026-03-05,0,11,11,0.0,1754.1779968253352
2026-03-06,0,11,11,0.0,1822.736850705798
2026-03-09,0,11,11,0.0,1760.9960685800256
2026-03-10,0,11,11,0.0,1787.54351788016
2026-03-11,0,11,11,0.0,1758.1364642992078
2026-03-12,0,11,11,0.0,1758.473466410091
2026-03-13,0,11,11,0.0,1704.4650227907691
2026-03-16,0,11,11,0.0,1676.0719033247976
2026-03-17,0,11,11,0.0,1682.7772587803533
2026-03-18,0,11,11,0.0,1729.4046818036843
2026-03-19,0,11,11,0.0,1663.5232531902077
2026-03-20,0,11,11,0.0,1669.634444059427
2026-03-23,0,11,11,0.0,1581.0140682032047
2026-03-24,0,11,11,0.0,1629.6867606812796
2026-03-25,0,11,11,0.0,1667.5566524768246
2026-03-27,0,11,11,0.0,1612.473174613297
2026-03-30,0,11,11,0.0,1537.019653505424
2026-04-01,0,11,11,0.0,1643.3293531698166
2026-04-02,0,11,11,0.0,1644.8856927934994
2026-04-06,0,11,11,0.0,1665.5089425172782
2026-04-07,0,11,11,0.0,1688.0960016285471
2026-04-08,0,11,11,0.0,1769.7998487196471
2026-04-09,0,11,11,0.0,1770.0591904853095
2026-04-10,0,11,11,0.0,1790.0114868220526
2026-04-13,0,11,11,0.0,1768.6714500271169
2026-04-15,0,11,11,0.0,1862.0613926170329
2026-04-16,0,11,11,0.0,1893.6759620285006
2026-04-17,0,11,11,0.0,1934.4667978859302
2026-04-20,0,11,11,0.0,1901.6554482209003
2026-04-21,0,11,11,0.0,1913.2138892765724
2026-04-22,0,11,11,0.0,1948.5221784151306
2026-04-23,0,11,11,0.0,1931.559699869296
2026-04-24,0,11,11,0.0,1901.3249188156276
2026-04-27,0,11,11,0.0,1951.594169756374
2026-04-28,0,11,11,0.0,1952.5305696034454
2026-04-29,0,11,11,0.0,1943.5116255484697
2026-04-30,0,11,11,0.0,1920.7684444455726
2026-05-04,0,11,11,0.0,1947.373810451867
2026-05-05,2,9,11,18.181818181818183,2003.7827467089091
2026-05-06,4,7,11,36.36363636363637,2019.9063696986225
2026-05-07,5,6,11,45.45454545454545,2042.9931361141375
2026-05-08,4,7,11,36.36363636363637,2024.9380924644274
2026-05-11,3,8,11,27.27272727272727,1974.4776617588145
2026-05-12,1,10,11,9.090909090909092,1882.722533649995
2026-05-13,1,10,11,9.090909090909092,1927.2630881237346
2026-05-14,2,9,11,18.181818181818183,1937.3920062047816
2026-05-15,1,10,11,9.090909090909092,1897.151495689415
2026-05-18,0,11,11,0.0,1861.6987750174367
2026-05-19,0,11,11,0.0,1857.5083924223961
2026-05-20,0,11,11,0.0,1858.1282969137267
2026-05-21,0,11,11,0.0,1867.1343112434242
2026-05-22,0,11,11,0.0,1866.3399941723449
2026-05-25,2,9,11,18.181818181818183,1920.8328435788867
2026-05-26,1,10,11,9.090909090909092,1879.313835060089
2026-05-27,1,10,11,9.090909090909092,1878.976208216256
2026-05-29,1,10,11,9.090909090909092,1826.6554715299385
2026-06-01,0,11,11,0.0,1800.946002295009
2026-06-02,1,10,11,9.090909090909092,1820.9353907149377
2026-06-03,1,10,11,9.090909090909092,1813.2321940535026
2026-06-04,1,10,11,9.090909090909092,1820.9378359809282
2026-06-05,1,10,11,9.090909090909092,1822.6723564551278
2026-06-08,1,10,11,9.090909090909092,1790.7881641835725
2026-06-09,1,10,11,9.090909090909092,1818.10723070856
2026-06-10,1,10,11,9.090909090909092,1786.8029833008595
2026-06-11,1,10,11,9.090909090909092,1758.2827003580828
2026-06-12,1,10,11,9.090909090909092,1818.7400376229182
2026-06-15,1,10,11,9.090909090909092,1839.2898918297824
2026-06-22,1,10,11,9.090909090909092,1888.8504072802828
2026-06-23,1,10,11,9.090909090909092,1861.1677474077878
2026-06-24,1,10,11,9.090909090909092,1842.9291449207162
2026-06-25,1,10,11,9.090909090909092,1827.9449290343646
2026-06-29,1,10,11,9.090909090909092,1805.1796984842485
2026-06-30,1,10,11,9.090909090909092,1809.2670819918503
2026-07-01,2,9,11,18.181818181818183,1860.9057056382987
2026-07-02,2,9,11,18.181818181818183,1854.7771851609261
2026-07-03,2,9,11,18.181818181818183,1849.5148690558929
2026-07-06,3,8,11,27.27272727272727,1847.1797032813142
2026-07-07,3,8,11,27.27272727272727,1842.8040508435327
2026-07-08,1,10,11,9.090909090909092,1778.5748965970558
2026-07-09,1,10,11,9.090909090909092,1795.105792195405
2026-07-10,3,8,11,27.27272727272727,1828.7092716248
2026-07-13,3,8,11,27.27272727272727,1836.45483954833
2026-07-14,2,9,11,18.181818181818183,1824.349291106332
2026-07-15,3,8,11,27.27272727272727,1836.0588922463542
2026-07-16,1,10,11,9.090909090909092,1824.1019890492264
2026-07-17,1,10,11,9.090909090909092,1813.576917013226
2026-07-20,2,9,11,18.181818181818183,1813.7485320095539
2026-07-21,1,10,11,9.090909090909092,1801.6012649133143
2026-07-22,1,10,11,9.090909090909092,1769.9433762157746
2026-07-23,1,10,11,9.090909090909092,1759.0393115772272
2026-07-24,1,10,11,9.090909090909092,1760.4239455238383
2026-07-27,2,9,11,18.181818181818183,1787.0724142391725
2026-07-28,2,9,11,18.181818181818183,1769.9988103251496
2026-07-29,2,9,11,18.181818181818183,1810.2844075869075
2026-07-30,2,9,11,18.181818181818183,1798.5752680244498
2026-07-31,2,9,11,18.181818181818183,1793.0545922692354
2026-08-03,2,9,11,18.181818181818183,1836.100433267833
2026-08-04,2,9,11,18.181818181818183,1810.186652796487
2026-08-05,3,8,11,27.27272727272727,1811.4057754376834
2026-08-06,3,8,11,27.27272727272727,1833.2835852966973
2026-08-07,3,8,11,27.27272727272727,1831.07817338986
2026-08-10,4,7,11,36.36363636363637,1831.656716905179
2026-08-11,4,7,11,36.36363636363637,1828.1330685926105
2026-08-12,4,7,11,36.36363636363637,1818.7964543536034
2026-08-13,4,7,11,36.36363636363637,1824.6921889049095
2026-08-14,4,7,11,36.36363636363637,1801.4407041702466
2026-08-17,4,7,11,36.36363636363637,1801.9083934897733
2026-08-18,3,8,11,27.27272727272727,1793.029431972579
2026-08-19,3,8,11,27.27272727272727,1784.4612205921671
2026-08-20,3,8,11,27.27272727272727,1800.6973655531133
2026-08-21,3,8,11,27.27272727272727,1792.512877501925
2026-08-24,4,7,11,36.36363636363637,1783.309362103352
2026-08-25,3,8,11,27.27272727272727,1781.8793375805928
