Date,Above,Below,Total,Percentage,Index_Close
2014-09-16,1,0,1,100.0,254.69736205798807
2014-09-17,1,0,1,100.0,256.07040879188526
2014-09-18,1,0,1,100.0,261.56253025622175
2014-09-19,1,0,1,100.0,252.63783287667496
2014-09-22,1,0,1,100.0,257.4434391579694
2014-09-23,1,0,1,100.0,248.51874177842262
2014-09-24,1,0,1,100.0,257.44343915796946
2014-09-25,1,0,1,100.0,245.08616586321233
2014-09-26,1,0,1,100.0,238.9075128480207
2014-09-29,1,0,1,100.0,227.9232699193477
2014-09-30,1,0,1,100.0,237.53446611412352
2014-10-01,1,0,1,100.0,231.355845834558
2014-10-07,1,0,1,100.0,233.41539138368418
2014-10-08,1,0,1,100.0,239.5940443988758
2014-10-09,1,0,1,100.0,232.04234464978703
2014-10-10,1,0,1,100.0,214.19294989069337
2014-10-13,0,1,1,0.0,194.9704920298895
2014-10-14,0,1,1,0.0,190.16490211640814
2014-10-16,0,1,1,0.0,181.24018836904824
2014-10-17,0,1,1,0.0,175.0615353538566
2014-10-20,0,1,1,0.0,182.61321873513236
2014-10-21,0,1,1,0.0,178.49412763687997
2014-10-22,0,1,1,0.0,181.92670355209032
2014-10-23,0,1,1,0.0,190.8514009316371
2014-10-27,0,1,1,0.0,183.2997339181744
2014-10-28,0,1,1,0.0,178.49412763687994
2014-10-29,0,1,1,0.0,185.3592794673006
2014-10-30,0,1,1,0.0,185.3592794673006
2014-10-31,0,1,1,0.0,194.28397684684745
2014-11-03,0,1,1,0.0,203.89520577724934
2014-11-05,1,0,1,100.0,213.50643470765127
2014-11-07,1,0,1,100.0,223.80416245328217
2014-11-10,1,0,1,100.0,234.78842174976825
2014-11-11,1,0,1,100.0,246.4591962292964
2014-11-12,1,0,1,100.0,258.12995434101146
2014-11-13,1,0,1,100.0,270.4872603713947
2014-11-14,1,0,1,100.0,283.5310488491939
2014-11-17,1,0,1,100.0,269.8007288205396
2014-11-18,1,0,1,100.0,256.7569403427404
2014-11-19,1,0,1,100.0,244.3996343123571
2014-11-20,1,0,1,100.0,232.72887620064205
2014-11-21,1,0,1,100.0,233.4153913836841
2014-11-24,1,0,1,100.0,236.16146848366543
2014-11-25,1,0,1,100.0,224.4906940041373
2014-11-26,1,0,1,100.0,219.68507135502983
2014-11-27,1,0,1,100.0,230.66931428370285
2014-11-28,1,0,1,100.0,231.35584583455798
2014-12-01,1,0,1,100.0,223.80416245328223
2014-12-02,1,0,1,100.0,218.9985561719878
2014-12-03,1,0,1,100.0,229.2963002854318
2014-12-04,1,0,1,100.0,237.5344661141235
2014-12-05,1,0,1,100.0,245.7726646784413
2014-12-08,1,0,1,100.0,254.69736205798807
2014-12-09,1,0,1,100.0,239.59404439887578
2014-12-10,1,0,1,100.0,250.5782873275488
2014-12-11,1,0,1,100.0,245.08616586321227
2014-12-12,1,0,1,100.0,238.2209976649786
2014-12-15,1,0,1,100.0,230.66931428370285
2014-12-16,0,1,1,0.0,211.44687279071204
2014-12-17,0,1,1,0.0,205.95475132637551
2014-12-18,0,1,1,0.0,210.07385879244094
2014-12-19,0,1,1,0.0,196.34353876378663
2014-12-22,0,1,1,0.0,207.32779806027267
2014-12-23,0,1,1,0.0,204.58172096029136
2014-12-24,0,1,1,0.0,208.70081205854376
2014-12-26,0,1,1,0.0,212.81991952460922
2014-12-29,0,1,1,0.0,214.19294989069337
2014-12-30,0,1,1,0.0,216.93901062286162
2014-12-31,1,0,1,100.0,238.2209976649786
2015-01-01,1,0,1,100.0,261.56253025622175
2015-01-02,1,0,1,100.0,313.7377496386707
2015-01-05,1,0,1,100.0,376.2106803989376
2015-01-06,1,0,1,100.0,413.28253301883507
2015-01-07,1,0,1,100.0,454.47347673698494
2015-01-08,1,0,1,100.0,411.909502652751
2015-01-09,1,0,1,100.0,370.71855893460105
2015-01-12,1,0,1,100.0,371.4050577498301
2015-01-13,1,0,1,100.0,373.4646196667694
2015-01-14,1,0,1,100.0,407.79041155449863
2015-01-15,1,0,1,100.0,385.13539414629753
2015-01-16,1,0,1,100.0,423.5802771322791
2015-01-19,1,0,1,100.0,465.4577524012841
2015-01-20,1,0,1,100.0,500.4700758398684
2015-01-21,1,0,1,100.0,475.755496514728
2015-01-22,1,0,1,100.0,452.41394755567177
2015-01-23,1,0,1,100.0,436.62408197789125
2015-01-27,1,0,1,100.0,457.9060362843822
2015-01-28,1,0,1,100.0,435.9375504270362
2015-01-29,1,0,1,100.0,432.50499087963885
2015-01-30,1,0,1,100.0,424.26677594750794
2015-02-02,1,0,1,100.0,444.862296910022
2015-02-03,1,0,1,100.0,466.83078276736796
2015-02-04,1,0,1,100.0,488.7992686247139
2015-02-05,1,0,1,100.0,464.7712208504286
2015-02-06,1,0,1,100.0,420.8342164001105
2015-02-09,1,0,1,100.0,396.8061686258253
2015-02-10,1,0,1,100.0,413.9690645696899
2015-02-11,1,0,1,100.0,419.46118603402647
2015-02-12,1,0,1,100.0,402.2982900901619
2015-02-13,1,0,1,100.0,402.2982900901619
2015-02-16,1,0,1,100.0,442.11620344222763
2015-02-18,1,0,1,100.0,486.05324062817186
2015-02-19,1,0,1,100.0,505.2756657533496
2015-02-20,1,0,1,100.0,499.7835442890131
2015-02-23,1,0,1,100.0,546.4666094714995
2015-02-24,1,0,1,100.0,519.6924682294199
2015-02-25,1,0,1,100.0,494.29142282467666
2015-02-26,1,0,1,100.0,518.3194705989619
2015-02-27,1,0,1,100.0,542.3475183732472
2015-02-28,1,0,1,100.0,515.5733771311676
2015-03-02,1,0,1,100.0,490.1723317264243
2015-03-03,1,0,1,100.0,466.144283952139
2015-03-04,1,0,1,100.0,443.48923380831184
2015-03-05,1,0,1,100.0,427.6993682305314
2015-03-09,1,0,1,100.0,437.9971123439753
2015-03-10,1,0,1,100.0,423.5802771322789
2015-03-11,1,0,1,100.0,402.9848216410171
2015-03-12,1,0,1,100.0,385.13539414629736
2015-03-13,1,0,1,100.0,367.2859666515776
2015-03-16,1,0,1,100.0,352.86916417550736
2015-03-17,1,0,1,100.0,335.70626823164275
2015-03-18,1,0,1,100.0,336.3927670468717
2015-03-19,1,0,1,100.0,350.123070707713
2015-03-20,1,0,1,100.0,332.96017476384833
2015-03-23,1,0,1,100.0,316.48381037083885
2015-03-24,0,1,1,0.0,300.69394479305834
2015-03-25,0,1,1,0.0,290.3962006796143
2015-03-26,0,1,1,0.0,275.97936546791794
2015-03-27,0,1,1,0.0,262.2490618070767
2015-03-30,0,1,1,0.0,275.2928339170628
2015-03-31,0,1,1,0.0,289.0231703135302
2015-04-01,0,1,1,0.0,303.4400055252266
2015-04-06,1,0,1,100.0,318.543372287778
2015-04-07,1,0,1,100.0,334.33323786555854
2015-04-08,1,0,1,100.0,350.12307070771294
2015-04-09,1,0,1,100.0,354.9286933568204
2015-04-10,1,0,1,100.0,346.6905111603157
2015-04-13,1,0,1,100.0,336.39276704687165
2015-04-15,1,0,1,100.0,335.70626823164264
2015-04-16,1,0,1,100.0,324.0354937521145
2015-04-17,0,1,1,0.0,317.1703419216939
2015-04-20,0,1,1,0.0,318.543372287778
2015-04-21,0,1,1,0.0,302.7534739743714
2015-04-22,0,1,1,0.0,299.3209144269742
2015-04-23,0,1,1,0.0,313.73774963867055
2015-04-24,0,1,1,0.0,311.67822045735744
2015-04-27,0,1,1,0.0,296.57485369480594
2015-04-28,0,1,1,0.0,283.53104884919367
2015-04-29,0,1,1,0.0,271.1737591866235
2015-04-30,0,1,1,0.0,266.36813653751597
2015-05-04,0,1,1,0.0,292.4557298609274
2015-05-05,0,1,1,0.0,280.0984565661703
2015-05-06,0,1,1,0.0,258.1299543410112
2015-05-07,0,1,1,0.0,266.36813653751597
2015-05-08,0,1,1,0.0,274.6063351018338
2015-05-11,0,1,1,0.0,281.47148693225444
2015-05-12,0,1,1,0.0,265.681637722287
2015-05-13,0,1,1,0.0,267.74118327141315
2015-05-14,0,1,1,0.0,261.5625302562215
2015-05-15,0,1,1,0.0,260.8760150731795
2015-05-18,0,1,1,0.0,284.21758040004875
2015-05-19,0,1,1,0.0,271.17375918662344
2015-05-20,0,1,1,0.0,271.86025800185246
2015-05-21,0,1,1,0.0,271.86025800185246
2015-05-22,0,1,1,0.0,271.86025800185246
2015-05-25,0,1,1,0.0,266.36813653751597
2015-05-26,0,1,1,0.0,260.8760150731795
2015-05-27,0,1,1,0.0,269.1142136374973
2015-05-28,0,1,1,0.0,258.1299543410113
2015-05-29,0,1,1,0.0,260.1895162579505
2015-06-01,0,1,1,0.0,260.87601507317953
2015-06-02,0,1,1,0.0,245.7726646784411
2015-06-03,0,1,1,0.0,232.0423446497868
2015-06-04,0,1,1,0.0,229.9828154684737
2015-06-05,0,1,1,0.0,231.35584583455778
2015-06-08,0,1,1,0.0,242.34008876323082
2015-06-09,0,1,1,0.0,237.5344661141233
2015-06-10,0,1,1,0.0,241.65358994800178
2015-06-11,0,1,1,0.0,234.78842174976808
2015-06-12,0,1,1,0.0,231.35584583455778
2015-06-15,0,1,1,0.0,229.2963002854316
2015-06-16,0,1,1,0.0,241.65358994800178
2015-06-17,0,1,1,0.0,276.6658970187731
2015-06-18,0,1,1,0.0,286.963608396591
2015-06-19,0,1,1,0.0,278.72542620008625
2015-06-22,1,0,1,100.0,304.1265043404556
2015-06-23,1,0,1,100.0,304.81303589131073
2015-06-24,0,1,1,0.0,278.72542620008625
2015-06-25,0,1,1,0.0,277.35242856962816
2015-06-26,0,1,1,0.0,269.1142136374973
2015-06-29,0,1,1,0.0,266.368136537516
2015-06-30,0,1,1,0.0,262.9355606223057
2015-07-01,1,0,1,100.0,315.11078000475464
2015-07-02,1,0,1,100.0,347.37700997554464
2015-07-03,1,0,1,100.0,333.6467063147034
2015-07-06,1,0,1,100.0,358.36128563984374
2015-07-07,1,0,1,100.0,330.21411403168
2015-07-08,1,0,1,100.0,315.79727881998366
2015-07-09,1,0,1,100.0,317.85684073692295
2015-07-10,1,0,1,100.0,305.49956744216587
2015-07-13,1,0,1,100.0,317.85684073692295
2015-07-14,1,0,1,100.0,323.3489622012595
2015-07-15,1,0,1,100.0,322.6624633860305
2015-07-16,1,0,1,100.0,319.9163699182361
2015-07-17,1,0,1,100.0,328.84111640122205
2015-07-20,1,0,1,100.0,331.58714439776423
2015-07-21,1,0,1,100.0,320.60290146909125
2015-07-22,1,0,1,100.0,322.6624633860304
2015-07-23,1,0,1,100.0,317.17034192169393
2015-07-24,1,0,1,100.0,308.9321269895631
2015-07-27,0,1,1,0.0,298.6343828761191
2015-07-28,0,1,1,0.0,297.9478840608901
2015-07-29,0,1,1,0.0,307.559096623479
2015-07-30,0,1,1,0.0,298.6343828761191
2015-07-31,0,1,1,0.0,300.0074459778293
2015-08-03,1,0,1,100.0,313.7377496386706
2015-08-04,1,0,1,100.0,320.6029014690912
2015-08-05,1,0,1,100.0,325.4085241181987
2015-08-06,1,0,1,100.0,326.7815217486567
2015-08-07,0,1,1,0.0,302.06697515914243
2015-08-10,0,1,1,0.0,312.3647192725864
2015-08-11,0,1,1,0.0,310.9916889065023
2015-08-12,0,1,1,0.0,286.27710958136197
2015-08-13,0,1,1,0.0,281.4714869322545
2015-08-14,0,1,1,0.0,292.45572986092753
2015-08-17,0,1,1,0.0,292.45572986092753
2015-08-18,0,1,1,0.0,284.21758040004886
2015-08-19,0,1,1,0.0,284.21758040004886
2015-08-20,0,1,1,0.0,287.65013994744606
2015-08-21,0,1,1,0.0,267.7411832714132
2015-08-24,0,1,1,0.0,214.19294989069314
2015-08-25,0,1,1,0.0,214.19294989069314
2015-08-26,0,1,1,0.0,225.8637243702213
2015-08-27,0,1,1,0.0,247.14571141233827
2015-08-28,0,1,1,0.0,240.96705839714664
2015-08-31,0,1,1,0.0,234.10189019891297
2015-09-01,0,1,1,0.0,238.22099766497837
2015-09-02,0,1,1,0.0,232.72887620064188
2015-09-03,0,1,1,0.0,235.4749369328101
2015-09-04,0,1,1,0.0,222.4311484550109
2015-09-07,0,1,1,0.0,221.74461690415578
2015-09-08,0,1,1,0.0,232.0423446497867
2015-09-09,0,1,1,0.0,229.2963002854315
2015-09-10,0,1,1,0.0,230.6693142837026
2015-09-11,0,1,1,0.0,224.49069400413708
2015-09-14,0,1,1,0.0,238.22099766497828
2015-09-15,0,1,1,0.0,238.22099766497828
2015-09-16,0,1,1,0.0,236.84796729889416
2015-09-18,0,1,1,0.0,240.96705839714656
2015-09-21,0,1,1,0.0,238.22099766497828
2015-09-22,0,1,1,0.0,230.66931428370253
2015-09-23,0,1,1,0.0,240.28054321410445
2015-09-24,0,1,1,0.0,234.788421749768
2015-09-28,0,1,1,0.0,238.9075128480204
2015-09-29,0,1,1,0.0,233.41539138368387
2015-09-30,0,1,1,0.0,229.98281546847358
2015-10-01,0,1,1,0.0,251.9513176936326
2015-10-05,0,1,1,0.0,260.8760150731794
2015-10-06,0,1,1,0.0,254.01086324275877
2015-10-07,0,1,1,0.0,263.6220921731607
2015-10-08,0,1,1,0.0,267.74118327141304
2015-10-09,1,0,1,100.0,319.2298711030069
2015-10-12,0,1,1,0.0,313.0512180878153
2015-10-13,0,1,1,0.0,311.67822045735727
2015-10-14,0,1,1,0.0,318.5433722877778
2015-10-15,0,1,1,0.0,313.7377496386704
2015-10-16,0,1,1,0.0,307.55909662347875
2015-10-19,0,1,1,0.0,299.320914426974
2015-10-20,0,1,1,0.0,300.00744597782915
2015-10-21,0,1,1,0.0,306.87259780824974
2015-10-23,1,0,1,100.0,330.21411403167986
2015-10-26,1,0,1,100.0,331.5871443977639
2015-10-27,1,0,1,100.0,328.8411164012218
2015-10-28,1,0,1,100.0,334.33323786555826
2015-10-29,1,0,1,100.0,344.6309492433761
2015-10-30,1,0,1,100.0,333.6467063147031
2015-11-02,1,0,1,100.0,322.6624633860302
2015-11-03,0,1,1,0.0,317.17034192169365
2015-11-04,1,0,1,100.0,320.60290146909097
2015-11-05,0,1,1,0.0,312.36471927258617
2015-11-06,1,0,1,100.0,332.96017476384804
2015-11-09,1,0,1,100.0,332.273675948619
2015-11-10,0,1,1,0.0,316.4838103708385
2015-11-11,1,0,1,100.0,324.03549375211423
2015-11-13,1,0,1,100.0,315.7972788199834
2015-11-16,0,1,1,0.0,311.6782204573571
2015-11-17,0,1,1,0.0,302.06697515914215
2015-11-18,0,1,1,0.0,295.8883221439505
2015-11-19,0,1,1,0.0,304.8130358913104
2015-11-20,0,1,1,0.0,303.44000552522624
2015-11-23,0,1,1,0.0,308.2456281743337
2015-11-24,1,0,1,100.0,323.34896220125904
2015-11-26,1,0,1,100.0,345.31748079423113
2015-11-27,1,0,1,100.0,410.53647228666614
2015-11-30,1,0,1,100.0,388.5679536936941
2015-12-01,1,0,1,100.0,370.03206011937147
2015-12-02,1,0,1,100.0,443.4892338083113
2015-12-03,1,0,1,100.0,494.2914228246761
2015-12-04,1,0,1,100.0,492.23182817211074
2015-12-07,1,0,1,100.0,477.8150256960405
2015-12-08,1,0,1,100.0,447.60832490656367
2015-12-09,1,0,1,100.0,420.14771758488115
2015-12-10,1,0,1,100.0,425.6398390492177
2015-12-11,1,0,1,100.0,422.2072467661944
2015-12-14,1,0,1,100.0,435.2510516118066
2015-12-15,1,0,1,100.0,457.21953746915256
2015-12-16,1,0,1,100.0,452.41394755567114
2015-12-17,1,0,1,100.0,447.60832490656367
2015-12-18,1,0,1,100.0,468.2037803978255
2015-12-21,1,0,1,100.0,514.8868783159379
2015-12-22,1,0,1,100.0,492.23182817211074
2015-12-23,1,0,1,100.0,487.4262382586294
2015-12-24,1,0,1,100.0,527.9306831615503
2015-12-28,1,0,1,100.0,532.7362730750316
2015-12-29,1,0,1,100.0,519.0059694141904
2015-12-30,1,0,1,100.0,533.4228046258868
2015-12-31,1,0,1,100.0,586.2845228235648
2016-01-01,1,0,1,100.0,615.1181932469574
2016-01-04,1,0,1,100.0,645.3249267720604
2016-01-05,1,0,1,100.0,677.5911240072242
2016-01-06,1,0,1,100.0,648.0709875042286
2016-01-07,1,0,1,100.0,615.8047247978125
2016-01-08,1,0,1,100.0,644.6383952212052
2016-01-11,1,0,1,100.0,643.265332119495
2016-01-12,1,0,1,100.0,643.265332119495
2016-01-13,1,0,1,100.0,611.685600963934
2016-01-14,1,0,1,100.0,581.4789329100834
2016-01-15,1,0,1,100.0,552.6452624866906
2016-01-18,1,0,1,100.0,525.1846224293821
2016-01-19,1,0,1,100.0,499.0970127381576
2016-01-20,1,0,1,100.0,475.06893222824624
2016-01-21,1,0,1,100.0,451.72744874044224
2016-01-22,1,0,1,100.0,473.69593459778815
2016-01-25,1,0,1,100.0,497.03748355684434
2016-01-27,1,0,1,100.0,521.7520301463586
2016-01-28,1,0,1,100.0,547.8396725732092
2016-01-29,1,0,1,100.0,574.6137483440366
2016-02-01,1,0,1,100.0,567.74856377799
2016-02-02,1,0,1,100.0,560.1969131323402
2016-02-03,1,0,1,100.0,540.9745207427886
2016-02-04,1,0,1,100.0,519.6924682294194
2016-02-05,1,0,1,100.0,524.4981236141531
2016-02-08,1,0,1,100.0,523.8116247989242
2016-02-09,1,0,1,100.0,482.62064834514825
2016-02-10,1,0,1,100.0,477.8150256960408
2016-02-11,1,0,1,100.0,430.44542896269934
2016-02-12,1,0,1,100.0,415.34209493577396
2016-02-15,1,0,1,100.0,456.5330386539238
2016-02-16,1,0,1,100.0,413.96906456968986
2016-02-17,1,0,1,100.0,437.9971123439751
2016-02-18,1,0,1,100.0,437.9971123439751
2016-02-19,1,0,1,100.0,440.0566415252882
2016-02-22,1,0,1,100.0,461.3386285674052
2016-02-23,1,0,1,100.0,442.11620344222746
2016-02-24,1,0,1,100.0,442.11620344222746
2016-02-25,1,0,1,100.0,446.92179335570887
2016-02-26,1,0,1,100.0,436.624081977891
2016-02-29,1,0,1,100.0,418.08815566794226
2016-03-01,1,0,1,100.0,430.4454289626994
2016-03-02,1,0,1,100.0,431.81849206440967
2016-03-03,1,0,1,100.0,439.3701427100592
2016-03-04,1,0,1,100.0,466.14428395213884
2016-03-08,1,0,1,100.0,480.5610864282091
2016-03-09,1,0,1,100.0,471.6363726808492
2016-03-10,1,0,1,100.0,463.3981904843444
2016-03-11,1,0,1,100.0,457.9060362843818
2016-03-14,1,0,1,100.0,449.6678868235032
2016-03-15,1,0,1,100.0,436.6240819778909
2016-03-16,1,0,1,100.0,447.60832490656395
2016-03-17,1,0,1,100.0,501.156574655097
2016-03-18,1,0,1,100.0,601.3878895861164
2016-03-21,1,0,1,100.0,656.3091697007335
2016-03-22,1,0,1,100.0,661.1147596142149
2016-03-23,1,0,1,100.0,637.7732106551587
2016-03-28,1,0,1,100.0,660.4282280633597
2016-03-29,1,0,1,100.0,710.5439182644956
2016-03-30,1,0,1,100.0,781.255031221267
2016-03-31,1,0,1,100.0,786.0606211347485
2016-04-01,1,0,1,100.0,757.9134822622109
2016-04-04,1,0,1,100.0,765.4651983791128
2016-04-05,1,0,1,100.0,758.600013813066
2016-04-06,1,0,1,100.0,761.3460745452344
2016-04-07,1,0,1,100.0,745.5561762318277
2016-04-08,1,0,1,100.0,676.9045924563693
2016-04-11,1,0,1,100.0,694.754019951089
2016-04-12,1,0,1,100.0,670.7259394411777
2016-04-13,1,0,1,100.0,737.3180595065753
2016-04-18,1,0,1,100.0,756.5404191605007
2016-04-20,1,0,1,100.0,761.3460745452344
2016-04-21,1,0,1,100.0,741.4371178692014
2016-04-22,1,0,1,100.0,718.0955689101452
2016-04-25,1,0,1,100.0,714.6629766271219
2016-04-26,1,0,1,100.0,712.6034474458088
2016-04-27,1,0,1,100.0,700.2461414154257
2016-04-28,1,0,1,100.0,704.3652652493041
2016-04-29,1,0,1,100.0,685.8293716749814
2016-05-02,1,0,1,100.0,661.80129116507
2016-05-03,1,0,1,100.0,702.992267618846
2016-05-04,1,0,1,100.0,667.9799441802617
2016-05-05,1,0,1,100.0,674.8451287463084
2016-05-06,1,0,1,100.0,675.5315948259113
2016-05-09,1,0,1,100.0,673.4720656445982
2016-05-10,1,0,1,100.0,663.174288795528
2016-05-11,1,0,1,100.0,665.9203495276963
2016-05-12,1,0,1,100.0,652.8765774177102
2016-05-13,1,0,1,100.0,654.9361065990233
2016-05-16,1,0,1,100.0,653.5630434973131
2016-05-17,1,0,1,100.0,635.0271499229905
2016-05-18,1,0,1,100.0,637.7732106551588
2016-05-19,1,0,1,100.0,610.9991348843314
2016-05-20,1,0,1,100.0,698.1866122341124
2016-05-23,1,0,1,100.0,713.976510547519
2016-05-24,1,0,1,100.0,683.0832454715609
2016-05-25,1,0,1,100.0,706.424794430617
2016-05-26,1,0,1,100.0,677.5911240072243
2016-05-27,1,0,1,100.0,689.9484300376074
2016-05-30,1,0,1,100.0,685.8293716749812
2016-05-31,1,0,1,100.0,639.1462737568688
2016-06-01,1,0,1,100.0,642.5788005686398
2016-06-02,1,0,1,100.0,632.2810891908221
2016-06-03,1,0,1,100.0,637.7732106551586
2016-06-06,1,0,1,100.0,630.2215600095088
2016-06-07,1,0,1,100.0,619.2372516095837
2016-06-08,1,0,1,100.0,634.3406838433873
2016-06-09,1,0,1,100.0,631.5945576399669
2016-06-10,1,0,1,100.0,624.0429069943173
2016-06-13,1,0,1,100.0,609.6260717826209
2016-06-14,1,0,1,100.0,568.4351608000973
2016-06-15,1,0,1,100.0,519.6924682294194
2016-06-16,1,0,1,100.0,488.11276980948463
2016-06-17,0,1,1,0.0,446.23529454047963
2016-06-20,1,0,1,100.0,535.482366542826
2016-06-21,1,0,1,100.0,573.9272167931814
2016-06-22,1,0,1,100.0,553.3317940375457
2016-06-23,1,0,1,100.0,544.4070802901858
2016-06-24,1,0,1,100.0,529.3037135276343
2016-06-27,1,0,1,100.0,556.0778547697138
2016-06-28,1,0,1,100.0,551.9587309358353
2016-06-29,1,0,1,100.0,640.5193368585789
2016-06-30,1,0,1,100.0,646.6979244025183
2016-07-01,1,0,1,100.0,641.8923344890368
2016-07-04,1,0,1,100.0,663.1742887955278
2016-07-05,1,0,1,100.0,639.8327398364714
2016-07-07,1,0,1,100.0,629.5350284586535
2016-07-08,1,0,1,100.0,636.4001475534482
2016-07-11,1,0,1,100.0,623.3564409147142
2016-07-12,1,0,1,100.0,613.058664065644
2016-07-13,1,0,1,100.0,591.776644287901
2016-07-14,1,0,1,100.0,614.4316616961021
2016-07-15,1,0,1,100.0,606.1935449708495
2016-07-18,1,0,1,100.0,607.5665426013077
2016-07-19,1,0,1,100.0,620.6103147112938
2016-07-20,1,0,1,100.0,620.6103147112938
2016-07-21,1,0,1,100.0,600.0148919556581
2016-07-22,1,0,1,100.0,600.7013580352609
2016-07-25,1,0,1,100.0,602.7609526878263
2016-07-26,1,0,1,100.0,601.387889586116
2016-07-27,1,0,1,100.0,591.776644287901
2016-07-28,1,0,1,100.0,591.776644287901
2016-07-29,1,0,1,100.0,593.1497073896113
2016-08-01,1,0,1,100.0,605.5069479487423
2016-08-02,1,0,1,100.0,582.8519960117934
2016-08-03,1,0,1,100.0,560.8834446831952
2016-08-04,1,0,1,100.0,558.1373839510269
2016-08-05,1,0,1,100.0,589.030649026985
2016-08-08,1,0,1,100.0,563.6295054153634
2016-08-09,1,0,1,100.0,551.9587309358353
2016-08-10,0,1,1,0.0,538.914926090223
2016-08-11,1,0,1,100.0,548.526171388438
2016-08-12,0,1,1,0.0,536.8553641732838
2016-08-16,0,1,1,0.0,536.1688653580547
2016-08-17,0,1,1,0.0,529.9902123428632
2016-08-18,0,1,1,0.0,529.3037135276342
2016-08-19,0,1,1,0.0,534.7958677275968
2016-08-22,0,1,1,0.0,535.4823665428258
2016-08-23,0,1,1,0.0,521.7520301463585
2016-08-24,0,1,1,0.0,524.4981236141527
2016-08-25,0,1,1,0.0,529.3037135276342
2016-08-26,0,1,1,0.0,517.6329717837322
2016-08-29,0,1,1,0.0,512.8273163989986
2016-08-30,0,1,1,0.0,530.6767766293444
2016-08-31,0,1,1,0.0,528.6172147124053
2016-09-01,0,1,1,0.0,516.9464402328771
2016-09-02,0,1,1,0.0,510.0812884024565
2016-09-06,0,1,1,0.0,516.9464402328771
2016-09-07,0,1,1,0.0,508.7082253007463
2016-09-08,0,1,1,0.0,516.259908682022
2016-09-09,0,1,1,0.0,511.4543187685406
2016-09-12,0,1,1,0.0,494.29142282467603
2016-09-14,0,1,1,0.0,503.9026353872649
2016-09-15,0,1,1,0.0,508.7082253007463
2016-09-16,0,1,1,0.0,491.54532935688167
2016-09-19,0,1,1,0.0,500.4700758398677
2016-09-20,0,1,1,0.0,492.9183924585919
2016-09-21,0,1,1,0.0,486.7397394434003
2016-09-22,0,1,1,0.0,483.3071798960031
2016-09-23,1,0,1,100.0,579.4194037287701
2016-09-26,0,1,1,0.0,549.2126702036671
2016-09-27,0,1,1,0.0,527.2441843463212
2016-09-28,0,1,1,0.0,527.2441843463212
2016-09-29,0,1,1,0.0,540.2879564563074
2016-09-30,0,1,1,0.0,569.1216268797001
2016-10-03,1,0,1,100.0,575.9868114457468
2016-10-04,1,0,1,100.0,580.7924013592282
2016-10-05,1,0,1,100.0,577.3598090762048
2016-10-06,0,1,1,0.0,547.153108286728
2016-10-07,0,1,1,0.0,551.2722648562327
2016-10-10,1,0,1,100.0,608.2530086809106
2016-10-13,1,0,1,100.0,623.3564409147144
2016-10-14,1,0,1,100.0,623.3564409147144
2016-10-17,1,0,1,100.0,626.1024361756304
2016-10-18,1,0,1,100.0,615.1181932469575
2016-10-19,1,0,1,100.0,605.5069479487424
2016-10-20,1,0,1,100.0,618.5507855299808
2016-10-21,1,0,1,100.0,615.1181932469575
2016-10-24,1,0,1,100.0,629.5350284586538
2016-10-25,1,0,1,100.0,610.9991348843312
2016-10-26,1,0,1,100.0,598.6418288539479
2016-10-27,1,0,1,100.0,595.2092365709245
2016-10-28,1,0,1,100.0,600.7013580352611
2016-10-30,1,0,1,100.0,617.8642539791256
2016-11-01,1,0,1,100.0,608.9395402317657
2016-11-02,1,0,1,100.0,595.8957681217796
2016-11-03,1,0,1,100.0,588.3440520048777
2016-11-04,0,1,1,0.0,556.7643208493167
2016-11-07,1,0,1,100.0,589.7171151065879
2016-11-08,1,0,1,100.0,595.2092365709244
2016-11-09,0,1,1,0.0,580.1058698083729
2016-11-10,1,0,1,100.0,586.2845228235644
2016-11-11,0,1,1,0.0,553.3317940375455
2016-11-15,0,1,1,0.0,516.259908682022
2016-11-16,0,1,1,0.0,502.5295722855546
2016-11-17,0,1,1,0.0,501.8430734703256
2016-11-18,0,1,1,0.0,527.244184346321
2016-11-21,0,1,1,0.0,494.977921639905
2016-11-22,0,1,1,0.0,523.8116247989238
2016-11-23,0,1,1,0.0,548.526171388438
2016-11-24,0,1,1,0.0,536.8553641732839
2016-11-25,0,1,1,0.0,549.2126702036671
2016-11-28,1,0,1,100.0,584.9114597218543
2016-11-29,1,0,1,100.0,584.2249936422514
2016-11-30,0,1,1,0.0,575.3002798948917
2016-12-01,0,1,1,0.0,569.8081584305551
2016-12-02,0,1,1,0.0,549.2126702036671
2016-12-05,0,1,1,0.0,557.4508524001718
2016-12-06,0,1,1,0.0,552.6452624866905
2016-12-07,0,1,1,0.0,549.2126702036671
2016-12-08,0,1,1,0.0,560.8834446831953
2016-12-09,0,1,1,0.0,573.9272167931814
2016-12-12,0,1,1,0.0,562.9429738645084
2016-12-13,0,1,1,0.0,559.5104470527373
2016-12-14,0,1,1,0.0,551.9587309358354
2016-12-15,0,1,1,0.0,552.6452624866906
2016-12-16,0,1,1,0.0,558.1373839510272
2016-12-19,0,1,1,0.0,558.8239155018823
2016-12-20,0,1,1,0.0,540.2879564563075
2016-12-21,0,1,1,0.0,531.3632754445737
2016-12-22,0,1,1,0.0,514.2003795007091
2016-12-23,0,1,1,0.0,516.2599086820222
2016-12-26,0,1,1,0.0,501.15657465509685
2016-12-27,0,1,1,0.0,518.3194705989615
2016-12-28,0,1,1,0.0,532.0497742598027
2016-12-29,0,1,1,0.0,549.2126702036674
2016-12-30,0,1,1,0.0,582.1654644609386
2017-01-02,1,0,1,100.0,594.5227050200696
2017-01-03,1,0,1,100.0,597.9552973030931
2017-01-04,1,0,1,100.0,602.0743556657194
2017-01-05,0,1,1,0.0,589.0306490269854
2017-01-06,0,1,1,0.0,593.836238940467
2017-01-09,1,0,1,100.0,597.9552973030932
2017-01-10,1,0,1,100.0,717.4090373592903
2017-01-11,1,0,1,100.0,746.2427077826832
2017-01-12,1,0,1,100.0,689.948430037608
2017-01-13,1,0,1,100.0,674.1585317242013
2017-01-16,1,0,1,100.0,700.2461414154259
2017-01-17,1,0,1,100.0,713.2899789966641
2017-01-18,1,0,1,100.0,759.9730114435243
2017-01-19,1,0,1,100.0,772.3303174739076
2017-01-20,1,0,1,100.0,764.778666828258
2017-01-23,1,0,1,100.0,763.4056037265478
2017-01-24,1,0,1,100.0,741.4371178692019
2017-01-25,1,0,1,100.0,733.8854672235523
2017-01-27,1,0,1,100.0,722.9012242948794
2017-01-30,1,0,1,100.0,727.7068142083608
2017-01-31,1,0,1,100.0,716.0360397288326
2017-02-01,1,0,1,100.0,702.3057360679913
2017-02-02,1,0,1,100.0,723.5876903744823
2017-02-03,1,0,1,100.0,765.4651983791135
2017-02-06,1,0,1,100.0,872.5616324049275
2017-02-07,1,0,1,100.0,851.2796780984366
2017-02-08,1,0,1,100.0,845.787491162848
2017-02-09,1,0,1,100.0,836.1763113358851
2017-02-10,1,0,1,100.0,838.9223720680534
2017-02-13,1,0,1,100.0,850.5931465475815
2017-02-14,1,0,1,100.0,806.6561093616372
2017-02-15,1,0,1,100.0,789.4932134177725
2017-02-16,1,0,1,100.0,786.7471526856042
2017-02-17,1,0,1,100.0,776.4494413077864
2017-02-20,1,0,1,100.0,762.719072175693
2017-02-21,1,0,1,100.0,756.5404191605013
2017-02-22,1,0,1,100.0,748.3023024352487
2017-02-23,1,0,1,100.0,739.3775232166366
2017-02-27,1,0,1,100.0,732.512404121842
2017-02-28,1,0,1,100.0,738.6910571370337
2017-03-01,1,0,1,100.0,737.3180595065758
2017-03-02,1,0,1,100.0,717.4090373592906
2017-03-03,1,0,1,100.0,709.170920634038
2017-03-06,1,0,1,100.0,723.5876903744821
2017-03-07,1,0,1,100.0,709.170920634038
2017-03-08,1,0,1,100.0,699.559675335823
2017-03-09,1,0,1,100.0,700.9326729662812
2017-03-10,1,0,1,100.0,678.9641871089351
2017-03-14,1,0,1,100.0,782.628094322978
2017-03-15,1,0,1,100.0,764.7786668282583
2017-03-16,1,0,1,100.0,779.8819681195577
2017-03-17,1,0,1,100.0,741.4371178692021
2017-03-20,1,0,1,100.0,721.5281611931692
2017-03-21,1,0,1,100.0,726.3338165779028
2017-03-22,1,0,1,100.0,720.1551635627111
2017-03-23,1,0,1,100.0,731.1394064913841
2017-03-24,1,0,1,100.0,724.2742219253373
2017-03-27,1,0,1,100.0,725.6472195557953
2017-03-28,1,0,1,100.0,713.2899789966643
2017-03-29,1,0,1,100.0,715.3495081779774
2017-03-30,1,0,1,100.0,735.2584648540103
2017-03-31,1,0,1,100.0,740.064120238744
2017-04-03,1,0,1,100.0,727.0202826575056
2017-04-05,1,0,1,100.0,857.4583311136282
2017-04-06,1,0,1,100.0,930.2289732517128
2017-04-07,1,0,1,100.0,963.181767508984
2017-04-10,1,0,1,100.0,1115.5882363512003
2017-04-11,1,0,1,100.0,1034.5793465453585
2017-04-12,1,0,1,100.0,1039.38493645884
2017-04-13,1,0,1,100.0,1031.1467542623352
2017-04-17,1,0,1,100.0,1082.635442093929
2017-04-18,1,0,1,100.0,1104.603993422527
2017-04-19,1,0,1,100.0,1110.7826464377188
2017-04-20,1,0,1,100.0,1165.7039920235882
2017-04-21,1,0,1,100.0,1195.224193997836
2017-04-24,1,0,1,100.0,1254.9509985546824
2017-04-25,1,0,1,100.0,1316.737397764094
2017-04-26,1,0,1,100.0,1350.3766581009684
2017-04-27,1,0,1,100.0,1353.8091849127395
2017-04-28,1,0,1,100.0,1316.0508662132393
2017-05-02,1,0,1,100.0,1270.0542998459819
2017-05-03,1,0,1,100.0,1254.2644670038276
2017-05-04,1,0,1,100.0,1301.6340964727951
2017-05-05,1,0,1,100.0,1308.4992810388421
2017-05-08,1,0,1,100.0,1340.765478274006
2017-05-09,1,0,1,100.0,1407.357467396899
2017-05-10,1,0,1,100.0,1477.3821142740678
2017-05-11,1,0,1,100.0,1550.8392879630076
2017-05-12,1,0,1,100.0,1627.7291194062234
2017-05-15,1,0,1,100.0,1685.3964602530089
2017-05-16,1,0,1,100.0,1750.615386274192
2017-05-17,1,0,1,100.0,1728.646900416846
2017-05-18,1,0,1,100.0,1690.2020501664904
2017-05-19,1,0,1,100.0,1768.4648137689119
2017-05-22,1,0,1,100.0,1856.3387571982958
2017-05-23,1,0,1,100.0,1793.1794258296784
2017-05-24,1,0,1,100.0,1746.4963279115657
2017-05-25,1,0,1,100.0,1736.1984855912433
2017-05-26,1,0,1,100.0,1779.4491876400891
2017-05-29,1,0,1,100.0,1745.1232648098553
2017-05-30,1,0,1,100.0,1716.9761259373174
2017-05-31,1,0,1,100.0,1690.20205016649
2017-06-01,1,0,1,100.0,1725.2143736050743
2017-06-02,1,0,1,100.0,1727.2739682576396
2017-06-05,1,0,1,100.0,1759.5400345502992
2017-06-06,1,0,1,100.0,1701.186293095163
2017-06-07,1,0,1,100.0,1677.8447441361068
2017-06-08,1,0,1,100.0,1675.7852804260458
2017-06-09,1,0,1,100.0,1705.3053514577894
2017-06-12,1,0,1,100.0,1753.3613815351077
2017-06-13,1,0,1,100.0,1727.9603688659904
2017-06-14,1,0,1,100.0,1727.9603688659904
2017-06-15,1,0,1,100.0,1703.2458877477286
2017-06-16,1,0,1,100.0,1696.3807031816816
2017-06-19,1,0,1,100.0,1680.5908703395276
2017-06-20,1,0,1,100.0,1657.935721988822
2017-06-21,1,0,1,100.0,1649.6976052635696
2017-06-22,1,0,1,100.0,1623.6099301010927
2017-06-23,1,0,1,100.0,1592.716795967639
2017-06-27,1,0,1,100.0,1518.573090727844
2017-06-28,1,0,1,100.0,1504.1563209873998
2017-06-29,1,0,1,100.0,1561.823530891681
2017-06-30,1,0,1,100.0,1669.60649646835
2017-07-03,1,0,1,100.0,1664.1143750040137
2017-07-04,1,0,1,100.0,1710.7974729221262
2017-07-05,1,0,1,100.0,1660.6818481922423
2017-07-06,1,0,1,100.0,1670.2930280192054
2017-07-07,1,0,1,100.0,1684.0233971512987
2017-07-10,1,0,1,100.0,1647.6380106110041
2017-07-11,1,0,1,100.0,1634.5943039722706
2017-07-12,1,0,1,100.0,1635.2807045806212
2017-07-13,1,0,1,100.0,1614.6852818249854
2017-07-14,1,0,1,100.0,1583.7920167490272
2017-07-17,1,0,1,100.0,1591.3437328659293
2017-07-18,1,0,1,100.0,1591.3437328659293
2017-07-19,1,0,1,100.0,1532.3033289174334
2017-07-20,1,0,1,100.0,1567.3156523560176
2017-07-21,1,0,1,100.0,1552.8988826155735
2017-07-24,1,0,1,100.0,1664.8009065548688
2017-07-25,1,0,1,100.0,1670.2930280192056
2017-07-26,1,0,1,100.0,1663.4279743956636
2017-07-27,1,0,1,100.0,1585.8516114015931
2017-07-28,1,0,1,100.0,1576.926832182981
2017-07-31,1,0,1,100.0,1568.0021839068734
2017-08-01,1,0,1,100.0,1554.958346325635
2017-08-02,1,0,1,100.0,1572.1212422694996
2017-08-03,1,0,1,100.0,1538.48211287513
2017-08-04,1,0,1,100.0,1547.406630208733
2017-08-07,1,0,1,100.0,1577.613494676341
2017-08-08,1,0,1,100.0,1506.2157846974617
2017-08-09,1,0,1,100.0,1493.8584786670783
2017-08-10,1,0,1,100.0,1517.2000276261344
2017-08-11,1,0,1,100.0,1506.2157846974615
2017-08-14,1,0,1,100.0,1574.86736847292
2017-08-16,1,0,1,100.0,1576.9268321829807
2017-08-17,1,0,1,100.0,1579.6729583864014
2017-08-18,1,0,1,100.0,1585.851611401593
2017-08-21,1,0,1,100.0,1603.0145073454578
2017-08-22,1,0,1,100.0,1592.7167959676399
2017-08-23,1,0,1,100.0,1580.3594899372565
2017-08-24,1,0,1,100.0,1569.3752470085838
2017-08-28,1,0,1,100.0,1564.5695261525977
2017-08-29,1,0,1,100.0,1530.2437342648686
2017-08-30,1,0,1,100.0,1528.1842705548077
2017-08-31,1,0,1,100.0,1550.839287963009
2017-09-01,1,0,1,100.0,1543.9741033969622
2017-09-04,1,0,1,100.0,1535.7359866717097
2017-09-05,1,0,1,100.0,1542.601040295252
2017-09-06,1,0,1,100.0,1542.601040295252
2017-09-07,1,0,1,100.0,1547.4066302087333
2017-09-08,1,0,1,100.0,1520.632554437906
2017-09-11,1,0,1,100.0,1524.751743743037
2017-09-12,1,0,1,100.0,1506.9023162483172
2017-09-13,1,0,1,100.0,1603.7010388963135
2017-09-14,1,0,1,100.0,1579.6729583864021
2017-09-15,1,0,1,100.0,1677.1582125852535
2017-09-18,1,0,1,100.0,1721.0951842999457
2017-09-19,1,0,1,100.0,1666.8605012074356
2017-09-20,1,0,1,100.0,1677.1582125852535
2017-09-21,1,0,1,100.0,1654.5031951770525
2017-09-22,1,0,1,100.0,1608.5066288097953
2017-09-25,1,0,1,100.0,1556.3314094273462
2017-09-26,1,0,1,100.0,1568.0021839068745
2017-09-27,1,0,1,100.0,1526.8112074530984
2017-09-28,1,0,1,100.0,1551.5258195138651
2017-09-29,1,0,1,100.0,1524.0652121921826
2017-10-03,1,0,1,100.0,1557.7044725290566
2017-10-04,1,0,1,100.0,1528.1842705548088
2017-10-05,1,0,1,100.0,1524.7517437430377
2017-10-06,1,0,1,100.0,1520.632554437907
2017-10-09,1,0,1,100.0,1578.9864268355477
2017-10-10,1,0,1,100.0,1629.1021825079356
2017-10-11,1,0,1,100.0,1592.0302644167857
2017-10-12,1,0,1,100.0,1581.0460214881127
2017-10-13,1,0,1,100.0,1573.4943053712109
2017-10-16,1,0,1,100.0,1556.3314094273462
2017-10-17,1,0,1,100.0,1553.5854141664302
2017-10-18,1,0,1,100.0,1559.7639362391174
2017-10-19,1,0,1,100.0,1576.9268321829823
2017-10-23,1,0,1,100.0,1561.823530891683
2017-10-24,1,0,1,100.0,1554.9583463256363
2017-10-25,1,0,1,100.0,1510.3348430600893
2017-10-26,1,0,1,100.0,1513.767500814365
2017-10-27,1,0,1,100.0,1529.5573336565194
2017-10-30,1,0,1,100.0,1559.763936239118
2017-10-31,1,0,1,100.0,1550.8392879630105
2017-11-01,1,0,1,100.0,1527.4977390039542
2017-11-02,1,0,1,100.0,1537.7954503817723
2017-11-03,1,0,1,100.0,1537.7954503817723
2017-11-06,1,0,1,100.0,1545.3471664986744
2017-11-07,1,0,1,100.0,1504.1563209874028
2017-11-08,1,0,1,100.0,1484.9338303909726
2017-11-09,1,0,1,100.0,1484.2472988401175
2017-11-10,1,0,1,100.0,1517.2000276261365
2017-11-13,1,0,1,100.0,1521.319216931267
2017-11-14,1,0,1,100.0,1519.2596222787015
2017-11-15,1,0,1,100.0,1478.7550464332762
2017-11-16,1,0,1,100.0,1495.917942377141
2017-11-17,1,0,1,100.0,1504.8427215957531
2017-11-20,1,0,1,100.0,1513.7675008143653
2017-11-21,1,0,1,100.0,1489.739420304454
2017-11-22,1,0,1,100.0,1482.187704187552
2017-11-23,1,0,1,100.0,1481.501172636697
2017-11-24,1,0,1,100.0,1491.1123524636598
2017-11-27,1,0,1,100.0,1576.9268321829832
2017-11-28,1,0,1,100.0,1530.2437342648705
2017-11-29,1,0,1,100.0,1518.5730907278469
2017-11-30,1,0,1,100.0,1495.2315417687905
2017-12-01,1,0,1,100.0,1472.5765243605895
2017-12-04,1,0,1,100.0,1487.6798256518887
2017-12-05,1,0,1,100.0,1473.2630559114446
2017-12-06,1,0,1,100.0,1471.2034612588793
2017-12-07,1,0,1,100.0,1476.6955827232157
2017-12-08,1,0,1,100.0,1419.0282418764302
2017-12-11,1,0,1,100.0,1455.413628416725
2017-12-12,1,0,1,100.0,1518.5730907278473
2017-12-13,1,0,1,100.0,1484.2472988401178
2017-12-14,1,0,1,100.0,1486.9934250435385
2017-12-15,1,0,1,100.0,1497.2911364213564
2017-12-18,1,0,1,100.0,1496.6046048705011
2017-12-19,1,0,1,100.0,1550.8392879630112
2017-12-20,1,0,1,100.0,1602.3279757946052
2017-12-21,1,0,1,100.0,1542.6010402952545
2017-12-22,1,0,1,100.0,1556.331409427348
2017-12-26,1,0,1,100.0,1568.6887154577314
2017-12-27,1,0,1,100.0,1550.1527564121566
2017-12-28,1,0,1,100.0,1543.2877027886143
2017-12-29,1,0,1,100.0,1537.7954503817732
2018-01-01,1,0,1,100.0,1519.9460228870535
2018-01-02,1,0,1,100.0,1764.3457554062895
2018-01-03,1,0,1,100.0,1806.909794961776
2018-01-04,1,0,1,100.0,1832.3108076308931
2018-01-05,1,0,1,100.0,1838.48932970358
2018-01-08,1,0,1,100.0,2063.6667025688907
2018-01-09,1,0,1,100.0,2281.29209743229
2018-01-10,1,0,1,100.0,2322.4829429435617
2018-01-11,1,0,1,100.0,2153.60024065084
2018-01-12,1,0,1,100.0,1935.9747148449362
2018-01-15,1,0,1,100.0,1938.0341785549972
2018-01-16,1,0,1,100.0,1807.5961955701266
2018-01-17,1,0,1,100.0,1806.2232634109212
2018-01-18,1,0,1,100.0,1749.9288547233411
2018-01-19,1,0,1,100.0,1749.9288547233411
2018-01-22,1,0,1,100.0,1788.3738359162014
2018-01-23,1,0,1,100.0,1754.0480440284718
2018-01-24,1,0,1,100.0,1751.9884493759064
2018-01-25,1,0,1,100.0,1748.5557916216308
2018-01-29,1,0,1,100.0,1759.5400345503037
2018-01-30,1,0,1,100.0,1673.0391542226296
2018-01-31,0,1,1,0.0,1538.4821128751328
2018-02-01,0,1,1,0.0,1520.6325544379085
2018-02-02,0,1,1,0.0,1341.45187888236
2018-02-05,0,1,1,0.0,1267.3083045850692
2018-02-06,0,1,1,0.0,1211.7004274483445
2018-02-07,0,1,1,0.0,1191.7915362435638
2018-02-08,0,1,1,0.0,1261.8161831207328
2018-02-09,0,1,1,0.0,1495.9179423771418
2018-02-12,0,1,1,0.0,1567.315652356021
2018-02-14,0,1,1,0.0,1522.0056175396187
2018-02-15,0,1,1,0.0,1441.6832592846317
2018-02-16,0,1,1,0.0,1400.4922828308556
2018-02-19,0,1,1,0.0,1343.511473534925
2018-02-20,0,1,1,0.0,1346.2575997383456
2018-02-21,0,1,1,0.0,1313.3048709523264
2018-02-22,0,1,1,0.0,1289.9631910507655
2018-02-23,0,1,1,0.0,1269.3677682951297
2018-02-26,0,1,1,0.0,1246.7128818294332
2018-02-27,0,1,1,0.0,1249.4588770903492
2018-02-28,0,1,1,0.0,1206.2083059840077
2018-03-01,0,1,1,0.0,1211.013895897489
2018-03-05,0,1,1,0.0,1224.0577334787274
2018-03-06,0,1,1,0.0,1198.65672080961
2018-03-07,0,1,1,0.0,1144.4219067745958
2018-03-08,0,1,1,0.0,1151.9736228914976
2018-03-09,0,1,1,0.0,1181.4938248657454
2018-03-12,0,1,1,0.0,1211.700427448344
2018-03-13,0,1,1,0.0,1324.9756454318544
2018-03-14,0,1,1,0.0,1377.1508648143033
2018-03-15,0,1,1,0.0,1427.2663586016827
2018-03-16,0,1,1,0.0,1390.1945714530373
2018-03-19,0,1,1,0.0,1320.170055518373
2018-03-20,0,1,1,0.0,1291.3363850949802
2018-03-21,0,1,1,0.0,1272.11389449855
2018-03-22,0,1,1,0.0,1226.1173281312927
2018-03-23,0,1,1,0.0,1184.2398201266615
2018-03-26,0,1,1,0.0,1241.9071609734472
2018-03-27,0,1,1,0.0,1253.5779354529752
2018-03-28,0,1,1,0.0,1208.954432187428
2018-04-02,0,1,1,0.0,1267.308304585069
2018-04-03,0,1,1,0.0,1262.502583729083
2018-04-04,0,1,1,0.0,1228.1767918413539
2018-04-05,0,1,1,0.0,1224.7442650295825
2018-04-06,0,1,1,0.0,1217.8790804635357
2018-04-09,0,1,1,0.0,1222.6848013195215
2018-04-10,0,1,1,0.0,1204.8353738248018
2018-04-11,0,1,1,0.0,1241.220629422592
2018-04-12,0,1,1,0.0,1226.1173281312929
2018-04-13,0,1,1,0.0,1208.267900636573
2018-04-16,0,1,1,0.0,1203.4623107230916
2018-04-17,0,1,1,0.0,1200.716184519671
2018-04-18,0,1,1,0.0,1204.1487113314422
2018-04-19,0,1,1,0.0,1204.8353738248015
2018-04-20,0,1,1,0.0,1187.672477880937
2018-04-23,0,1,1,0.0,1184.9263516775165
2018-04-24,0,1,1,0.0,1175.3151718505537
2018-04-25,0,1,1,0.0,1160.8984021101096
2018-04-26,0,1,1,0.0,1152.6600234998482
2018-04-27,0,1,1,0.0,1134.8107269476327
2018-04-30,0,1,1,0.0,989.9558432798137
2018-05-02,0,1,1,0.0,937.7806893686168
2018-05-03,0,1,1,0.0,793.6123372516528
2018-05-04,0,1,1,0.0,829.997658320695
2018-05-07,0,1,1,0.0,912.379545756995
2018-05-08,0,1,1,0.0,932.2885679042801
2018-05-09,0,1,1,0.0,909.6334850248265
2018-05-10,0,1,1,0.0,891.7840575301067
2018-05-11,0,1,1,0.0,849.2200834458727
2018-05-14,0,1,1,0.0,811.46169927512
2018-05-15,0,1,1,0.0,801.1639878973021
2018-05-16,0,1,1,0.0,784.6876235042927
2018-05-17,0,1,1,0.0,781.9415627721244
2018-05-18,0,1,1,0.0,751.0483631674185
2018-05-21,0,1,1,0.0,717.409037359292
2018-05-22,0,1,1,0.0,698.1866122341142
2018-05-23,0,1,1,0.0,767.524727560428
2018-05-24,0,1,1,0.0,748.9887685148532
2018-05-25,0,1,1,0.0,818.326883841167
2018-05-28,0,1,1,0.0,879.4268169709761
2018-05-29,0,1,1,0.0,816.9538862107091
2018-05-30,0,1,1,0.0,849.9066149967281
2018-05-31,0,1,1,0.0,805.2831117311807
2018-06-01,0,1,1,0.0,767.524727560428
2018-06-04,0,1,1,0.0,719.4686320118575
2018-06-05,0,1,1,0.0,691.3214276680676
2018-06-06,0,1,1,0.0,689.9484300376096
2018-06-07,0,1,1,0.0,709.8573867136425
2018-06-08,0,1,1,0.0,733.1989356726988
2018-06-11,0,1,1,0.0,744.1831786013718
2018-06-12,0,1,1,0.0,731.8258725709885
2018-06-13,0,1,1,0.0,744.869710152227
2018-06-14,0,1,1,0.0,757.2270161826102
2018-06-15,0,1,1,0.0,746.242707782685
2018-06-18,0,1,1,0.0,727.7068142083623
2018-06-19,0,1,1,0.0,706.4247944306192
2018-06-20,0,1,1,0.0,713.976510547521
2018-06-21,0,1,1,0.0,714.6629766271238
2018-06-22,0,1,1,0.0,703.6787336984509
2018-06-25,0,1,1,0.0,692.6944907697778
2018-06-26,0,1,1,0.0,681.7102478411048
2018-06-27,0,1,1,0.0,661.1147596142167
2018-06-28,0,1,1,0.0,672.0990025428898
2018-06-29,0,1,1,0.0,661.8012911650719
2018-07-02,0,1,1,0.0,658.3686988820485
2018-07-03,0,1,1,0.0,632.2810891908239
2018-07-04,0,1,1,0.0,624.0429069943192
2018-07-05,0,1,1,0.0,615.1181932469592
2018-07-06,0,1,1,0.0,610.9991348843329
2018-07-09,0,1,1,0.0,586.2845228235665
2018-07-10,0,1,1,0.0,644.6383952212071
2018-07-11,0,1,1,0.0,688.5754324071514
2018-07-12,0,1,1,0.0,660.4282280633614
2018-07-13,0,1,1,0.0,617.1777878995246
2018-07-16,0,1,1,0.0,590.4036466574449
2018-07-17,0,1,1,0.0,596.5822996726365
2018-07-18,0,1,1,0.0,573.9272167931832
2018-07-19,0,1,1,0.0,518.319470598963
2018-07-20,0,1,1,0.0,523.1250605124443
2018-07-23,0,1,1,0.0,541.6610195580192
2018-07-24,0,1,1,0.0,566.3755661475336
2018-07-25,0,1,1,0.0,544.4070802901875
2018-07-26,0,1,1,0.0,528.6172147124071
2018-07-27,0,1,1,0.0,551.9587309358374
2018-07-30,0,1,1,0.0,555.3913232188606
2018-07-31,0,1,1,0.0,582.8519960117954
2018-08-01,0,1,1,0.0,611.6856009639362
2018-08-02,0,1,1,0.0,641.8923344890393
2018-08-03,0,1,1,0.0,671.4125364632872
2018-08-06,0,1,1,0.0,704.3652652493064
2018-08-07,0,1,1,0.0,718.0955689101477
2018-08-08,0,1,1,0.0,684.4563085732734
2018-08-09,0,1,1,0.0,685.8293716749837
2018-08-10,0,1,1,0.0,652.8765774177124
2018-08-13,0,1,1,0.0,622.6698438926094
2018-08-14,0,1,1,0.0,594.5227050200716
2018-08-16,0,1,1,0.0,565.0025685170759
2018-08-17,0,1,1,0.0,578.0463406270621
2018-08-20,0,1,1,0.0,589.7171151065902
2018-08-21,0,1,1,0.0,610.3126033334783
2018-08-23,0,1,1,0.0,589.7171151065902
2018-08-24,0,1,1,0.0,584.2249936422537
2018-08-27,0,1,1,0.0,599.3283604048052
2018-08-28,0,1,1,0.0,592.4631758387584
2018-08-29,0,1,1,0.0,595.2092365709267
2018-08-30,0,1,1,0.0,590.4036466574453
2018-08-31,0,1,1,0.0,578.7328721779172
2018-09-03,0,1,1,0.0,580.7924013592304
2018-09-04,0,1,1,0.0,571.8677530831227
2018-09-05,0,1,1,0.0,552.6452624866927
2018-09-06,0,1,1,0.0,580.1058698083754
2018-09-07,0,1,1,0.0,580.7924013592304
2018-09-10,0,1,1,0.0,571.1811560610155
2018-09-11,0,1,1,0.0,569.8081584305575
2018-09-12,0,1,1,0.0,568.4351608000994
2018-09-14,0,1,1,0.0,565.6891000679311
2018-09-17,0,1,1,0.0,561.5699762340527
2018-09-18,0,1,1,0.0,549.2126702036694
2018-09-19,0,1,1,0.0,535.4823665428282
2018-09-21,0,1,1,0.0,526.5576200598422
2018-09-24,0,1,1,0.0,501.15657465509884
2018-09-25,0,1,1,0.0,505.96216456858025
2018-09-26,0,1,1,0.0,488.11276980948657
2018-09-27,0,1,1,0.0,494.29142282467825
2018-09-28,0,1,1,0.0,470.2633423147669
2018-10-01,0,1,1,0.0,448.98138800827587
2018-10-03,0,1,1,0.0,470.9498738656219
2018-10-04,0,1,1,0.0,453.1004463709021
2018-10-05,0,1,1,0.0,437.9971123439766
2018-10-08,0,1,1,0.0,421.52074795096706
2018-10-09,0,1,1,0.0,442.116203442229
2018-10-10,0,1,1,0.0,479.8745876129817
2018-10-11,0,1,1,0.0,456.5330386539254
2018-10-12,0,1,1,0.0,484.6801775264631
2018-10-15,0,1,1,0.0,498.41048118730447
2018-10-16,0,1,1,0.0,545.7801106562722
2018-10-17,0,1,1,0.0,526.5576200598422
2018-10-19,0,1,1,0.0,524.4981236141551
2018-10-22,0,1,1,0.0,506.6487288550615
2018-10-23,0,1,1,0.0,487.42623825863143
2018-10-24,0,1,1,0.0,486.73973944340247
2018-10-25,0,1,1,0.0,479.87458761298177
2018-10-26,0,1,1,0.0,465.4577524012854
2018-10-29,0,1,1,0.0,485.3666763416922
2018-10-30,0,1,1,0.0,479.1880887977528
2018-10-31,0,1,1,0.0,477.81502569604254
2018-11-01,0,1,1,0.0,481.24758524343986
2018-11-02,0,1,1,0.0,475.75549651472954
2018-11-05,0,1,1,0.0,457.9060362843836
2018-11-06,0,1,1,0.0,477.12852688081364
2018-11-07,0,1,1,0.0,473.6959345977903
2018-11-09,0,1,1,0.0,457.9060362843836
2018-11-12,0,1,1,0.0,458.5926005708648
2018-11-13,0,1,1,0.0,452.41394755567325
2018-11-14,0,1,1,0.0,451.7274487404443
2018-11-15,0,1,1,0.0,451.04088445396303
2018-11-16,0,1,1,0.0,444.17573262354233
2018-11-19,0,1,1,0.0,451.04088445396303
2018-11-20,0,1,1,0.0,439.37014271006103
2018-11-21,0,1,1,0.0,429.75889741184596
2018-11-22,0,1,1,0.0,411.9095026527523
2018-11-26,0,1,1,0.0,406.41738118841573
2018-11-27,0,1,1,0.0,383.76236378021457
2018-11-28,0,1,1,0.0,380.3298042328173
2018-11-29,0,1,1,0.0,376.2106803989388
2018-11-30,0,1,1,0.0,339.8253593298963
2018-12-03,0,1,1,0.0,356.3017237229059
2018-12-04,0,1,1,0.0,373.46461966677055
2018-12-05,0,1,1,0.0,392.00054597671937
2018-12-06,0,1,1,0.0,375.5241815837098
2018-12-07,0,1,1,0.0,365.91293628549477
2018-12-10,0,1,1,0.0,348.0635415264011
2018-12-11,0,1,1,0.0,350.80960225856927
2018-12-12,0,1,1,0.0,367.972498202434
2018-12-13,0,1,1,0.0,369.3455285685181
2018-12-14,0,1,1,0.0,364.5399059194106
2018-12-17,0,1,1,0.0,362.48037673809745
2018-12-18,0,1,1,0.0,368.6590297532891
2018-12-19,0,1,1,0.0,377.58371076502283
2018-12-20,0,1,1,0.0,396.11963707497165
2018-12-21,0,1,1,0.0,389.94098405977996
2018-12-24,0,1,1,0.0,389.94098405977996
2018-12-26,0,1,1,0.0,387.19495606323784
2018-12-27,0,1,1,0.0,392.0005459767192
2018-12-28,0,1,1,0.0,389.25448524455095
2018-12-31,0,1,1,0.0,392.68707752757433
2019-01-01,0,1,1,0.0,392.68707752757433
2019-01-02,0,1,1,0.0,388.5679536936958
2019-01-03,0,1,1,0.0,383.7623637802144
2019-01-04,0,1,1,0.0,384.44886259544336
2019-01-07,0,1,1,0.0,386.50842451238265
2019-01-08,0,1,1,0.0,386.50842451238265
2019-01-09,0,1,1,0.0,378.27020958025173
2019-01-10,0,1,1,0.0,373.4646196667703
2019-01-11,0,1,1,0.0,371.4050577498311
2019-01-14,0,1,1,0.0,361.10731363638706
2019-01-15,0,1,1,0.0,343.2579188772934
2019-01-16,0,1,1,0.0,343.2579188772934
2019-01-17,0,1,1,0.0,360.42081482115805
2019-01-18,0,1,1,0.0,378.27020958025173
2019-01-21,0,1,1,0.0,362.4803767380973
2019-01-22,0,1,1,0.0,344.6309492433775
2019-01-23,0,1,1,0.0,327.46805329951286
2019-01-24,0,1,1,0.0,332.2736759486204
2019-01-25,0,1,1,0.0,315.79727881998474
2019-01-28,0,1,1,0.0,302.06697515914345
2019-01-29,0,1,1,0.0,317.17034192169496
2019-01-30,0,1,1,0.0,305.49956744216684
2019-01-31,0,1,1,0.0,317.170341921695
2019-02-01,0,1,1,0.0,332.9601747638494
2019-02-04,0,1,1,0.0,346.0040123450878
2019-02-05,0,1,1,0.0,333.64670631470455
2019-02-06,0,1,1,0.0,345.31748079423267
2019-02-07,0,1,1,0.0,345.31748079423267
2019-02-08,0,1,1,0.0,330.90064558253624
2019-02-11,0,1,1,0.0,352.1826326246533
2019-02-12,0,1,1,0.0,359.047784455074
2019-02-13,0,1,1,0.0,354.9286933568216
2019-02-14,0,1,1,0.0,356.3017237229057
2019-02-15,0,1,1,0.0,348.0635415264009
2019-02-18,0,1,1,0.0,360.4208148211581
2019-02-19,0,1,1,0.0,369.34552856851803
2019-02-20,0,1,1,0.0,395.43310552411646
2019-02-21,0,1,1,0.0,366.5994678363498
2019-02-22,0,1,1,0.0,351.49613380942435
2019-02-25,0,1,1,0.0,357.6747540889899
2019-02-26,0,1,1,0.0,349.4365718924851
2019-02-27,0,1,1,0.0,344.63094924337764
2019-02-28,0,1,1,0.0,361.7938451872423
2019-03-01,0,1,1,0.0,382.3893334141304
2019-03-05,0,1,1,0.0,394.7466067088875
2019-03-06,0,1,1,0.0,402.9848216410184
2019-03-07,0,1,1,0.0,413.96906456969145
2019-03-08,0,1,1,0.0,417.4016241170888
2019-03-11,0,1,1,0.0,437.3106135287478
2019-03-12,0,1,1,0.0,460.65212975217804
2019-03-13,0,1,1,0.0,459.965630936949
2019-03-14,0,1,1,0.0,450.354385638734
2019-03-15,0,1,1,0.0,436.6240819778927
2019-03-18,0,1,1,0.0,413.96906456969145
2019-03-19,0,1,1,0.0,441.42970462700015
2019-03-20,0,1,1,0.0,417.4016241170888
2019-03-22,0,1,1,0.0,399.5522293579951
2019-03-25,0,1,1,0.0,387.19495606323795
2019-03-26,0,1,1,0.0,393.37357634280346
2019-03-27,0,1,1,0.0,359.73431600592926
2019-03-28,0,1,1,0.0,359.73431600592926
2019-03-29,0,1,1,0.0,348.0635415264011
2019-04-01,0,1,1,0.0,377.583710765023
2019-04-02,0,1,1,0.0,370.0320601193733
2019-04-03,0,1,1,0.0,356.988255273761
2019-04-04,0,1,1,0.0,352.8691641755086
2019-04-05,0,1,1,0.0,375.5241815837098
2019-04-08,0,1,1,0.0,372.0915893006864
2019-04-09,0,1,1,0.0,373.46461966677055
2019-04-10,0,1,1,0.0,363.1669082889526
2019-04-11,0,1,1,0.0,368.6590297532891
2019-04-12,0,1,1,0.0,365.22643747026575
2019-04-15,0,1,1,0.0,364.5399059194106
2019-04-16,0,1,1,0.0,357.67475408898997
2019-04-18,0,1,1,0.0,353.5556629907376
2019-04-22,0,1,1,0.0,350.12307070771425
2019-04-23,0,1,1,0.0,341.19838969598044
2019-04-24,0,1,1,0.0,342.57142006206453
2019-04-25,0,1,1,0.0,335.0197366807888
2019-04-26,0,1,1,0.0,339.82535932989634
2019-04-30,0,1,1,0.0,332.9601747638496
2019-05-02,0,1,1,0.0,340.5118581451253
2019-05-03,0,1,1,0.0,340.5118581451253
2019-05-06,0,1,1,0.0,333.64670631470466
2019-05-07,0,1,1,0.0,327.46805329951303
2019-05-08,0,1,1,0.0,323.34896220126063
2019-05-09,0,1,1,0.0,320.6029014690924
2019-05-10,0,1,1,0.0,321.28940028432146
2019-05-13,0,1,1,0.0,304.12650434045673
2019-05-14,0,1,1,0.0,302.75347397437264
2019-05-15,0,1,1,0.0,299.3209144269754
2019-05-16,0,1,1,0.0,290.39620067961545
2019-05-17,0,1,1,0.0,303.4400055252278
2019-05-20,0,1,1,0.0,339.13882777904126
2019-05-21,0,1,1,0.0,328.84111640122336
2019-05-22,0,1,1,0.0,329.5276152164524
2019-05-23,0,1,1,0.0,324.0354937521158
2019-05-24,0,1,1,0.0,328.84111640122325
2019-05-27,0,1,1,0.0,326.7815217486579
2019-05-28,0,1,1,0.0,327.468053299513
2019-05-29,0,1,1,0.0,324.7219925673447
2019-05-30,0,1,1,0.0,266.368136537517
2019-05-31,0,1,1,0.0,319.2298711030082
2019-06-03,0,1,1,0.0,383.0758322293593
2019-06-04,1,0,1,100.0,457.9060362843835
2019-06-06,1,0,1,100.0,477.81502569604254
2019-06-07,1,0,1,100.0,471.63637268085085
2019-06-10,1,0,1,100.0,480.5610864282108
2019-06-11,1,0,1,100.0,442.11620344222905
2019-06-12,1,0,1,100.0,419.4611860340279
2019-06-13,0,1,1,0.0,381.0163030480462
2019-06-14,0,1,1,0.0,367.9724982024339
2019-06-17,0,1,1,0.0,385.8219256971537
2019-06-18,0,1,1,0.0,405.04435082233147
2019-06-19,1,0,1,100.0,420.83421640011204
2019-06-20,0,1,1,0.0,400.238728173224
2019-06-21,0,1,1,0.0,393.37357634280335
2019-06-24,0,1,1,0.0,387.1949560632378
2019-06-25,0,1,1,0.0,382.38933341413025
2019-06-26,0,1,1,0.0,379.643272681962
2019-06-27,0,1,1,0.0,374.15115121762545
2019-06-28,0,1,1,0.0,370.7185589346021
2019-07-01,0,1,1,0.0,365.2264374702656
2019-07-02,0,1,1,0.0,381.0163030480461
2019-07-03,0,1,1,0.0,394.06010789365837
2019-07-04,0,1,1,0.0,394.06010789365837
2019-07-05,0,1,1,0.0,382.3893334141302
2019-07-08,0,1,1,0.0,363.85340710418143
2019-07-09,0,1,1,0.0,353.5556629907374
2019-07-10,0,1,1,0.0,341.8848885112093
2019-07-11,0,1,1,0.0,345.31748079423267
2019-07-12,0,1,1,0.0,339.8253593298962
2019-07-15,0,1,1,0.0,335.01973668078864
2019-07-16,0,1,1,0.0,340.5118581451251
2019-07-17,0,1,1,0.0,338.45229622818584
2019-07-18,0,1,1,0.0,324.0354937521156
2019-07-19,0,1,1,0.0,308.245628174335
2019-07-22,0,1,1,0.0,293.1422614117835
2019-07-23,0,1,1,0.0,282.8445500339656
2019-07-24,0,1,1,0.0,278.7254262000871
2019-07-25,0,1,1,0.0,277.35242856962907
2019-07-26,0,1,1,0.0,271.1737591866244
2019-07-29,0,1,1,0.0,258.1299543410121
2019-07-30,0,1,1,0.0,260.8760150731803
2019-07-31,0,1,1,0.0,250.57828732754936
2019-08-01,0,1,1,0.0,245.77266467844186
2019-08-02,0,1,1,0.0,240.9670583971474
2019-08-05,0,1,1,0.0,229.2963002854323
2019-08-06,0,1,1,0.0,237.534466114124
2019-08-07,0,1,1,0.0,249.20524059365218
2019-08-08,0,1,1,0.0,261.56253025622243
2019-08-09,0,1,1,0.0,274.6063351018347
2019-08-13,0,1,1,0.0,288.3366714983021
2019-08-14,0,1,1,0.0,302.7534739743724
2019-08-16,0,1,1,0.0,293.1422614117835
2019-08-19,0,1,1,0.0,280.78498811702633
2019-08-20,0,1,1,0.0,271.1737591866244
2019-08-21,0,1,1,0.0,258.1299543410121
2019-08-22,0,1,1,0.0,245.77266467844186
2019-08-23,0,1,1,0.0,246.45919622929696
2019-08-26,0,1,1,0.0,247.14571141233907
2019-08-27,0,1,1,0.0,259.50298470709623
2019-08-28,0,1,1,0.0,264.3086073562037
2019-08-29,0,1,1,0.0,253.3243644275307
2019-08-30,0,1,1,0.0,260.8760150731803
2019-09-03,0,1,1,0.0,267.05466808837195
2019-09-04,0,1,1,0.0,278.72542620008704
2019-09-05,0,1,1,0.0,276.66589701877393
2019-09-06,0,1,1,0.0,276.66589701877393
2019-09-09,0,1,1,0.0,264.30860735620365
2019-09-11,0,1,1,0.0,258.81648589186716
2019-09-12,0,1,1,0.0,267.741183271414
2019-09-13,0,1,1,0.0,276.66589701877393
2019-09-16,0,1,1,0.0,277.352428569629
2019-09-17,0,1,1,0.0,276.66589701877393
2019-09-18,0,1,1,0.0,290.3962006796152
2019-09-19,0,1,1,0.0,283.5310488491945
2019-09-20,0,1,1,0.0,290.39620067961516
2019-09-23,0,1,1,0.0,291.0827322304703
2019-09-24,0,1,1,0.0,277.352428569629
2019-09-25,0,1,1,0.0,270.48726037139534
2019-09-26,0,1,1,0.0,282.84455003396556
2019-09-27,0,1,1,0.0,284.9040792152787
2019-10-01,0,1,1,0.0,284.9040792152787
2019-10-03,0,1,1,0.0,292.85824583316986
2019-10-04,0,1,1,0.0,306.59727814064473
2019-10-07,0,1,1,0.0,293.5813346491335
2019-10-09,0,1,1,0.0,295.7506700578576
2019-10-10,0,1,1,0.0,297.19688217020143
2019-10-11,0,1,1,0.0,288.51960949613834
2019-10-14,0,1,1,0.0,302.2586073231966
2019-10-15,0,1,1,0.0,292.8582458331699
2019-10-16,0,1,1,0.0,292.8582458331699
2019-10-17,0,1,1,0.0,287.7964861997582
2019-10-18,0,1,1,0.0,295.0275467614774
2019-10-22,0,1,1,0.0,303.7048539159571
2019-10-23,0,1,1,0.0,289.242698312102
2019-10-24,0,1,1,0.0,288.5196094961384
2019-10-25,0,1,1,0.0,293.58133464913357
2019-10-27,0,1,1,0.0,290.68891042444585
2019-10-29,0,1,1,0.0,292.8582458331699
2019-10-30,0,1,1,0.0,306.5972781406448
2019-10-31,0,1,1,0.0,336.9677324998656
2019-11-01,1,0,1,100.0,370.2306800446072
2019-11-04,1,0,1,100.0,388.30834868911353
2019-11-05,1,0,1,100.0,371.676892156951
2019-11-06,1,0,1,100.0,389.7545608014574
2019-11-07,1,0,1,100.0,370.9537688605708
2019-11-08,1,0,1,100.0,360.1071607777837
2019-11-11,0,1,1,0.0,342.7526154296575
2019-11-13,0,1,1,0.0,326.12112441707836
2019-11-14,0,1,1,0.0,342.0294921332773
2019-11-15,0,1,1,0.0,341.30640331731365
2019-11-18,0,1,1,0.0,325.39803560111477
2019-11-19,0,1,1,0.0,312.38212659002016
2019-11-20,0,1,1,0.0,325.39803560111477
2019-11-21,0,1,1,0.0,337.6908557962458
2019-11-22,0,1,1,0.0,323.2287346728073
2019-11-25,0,1,1,0.0,319.6131871517394
2019-11-26,0,1,1,0.0,331.18288405049015
2019-11-27,0,1,1,0.0,329.7366719381463
2019-11-28,0,1,1,0.0,345.64503965434517
2019-11-29,1,0,1,100.0,351.42988810372054
2019-12-02,0,1,1,0.0,347.8143405826527
2019-12-03,0,1,1,0.0,337.6908557962457
2019-12-04,0,1,1,0.0,333.3522194592142
2019-12-05,0,1,1,0.0,334.798431571558
2019-12-06,0,1,1,0.0,343.4757042456211
2019-12-09,0,1,1,0.0,338.4139446122093
2019-12-10,0,1,1,0.0,334.07534275559436
2019-12-11,0,1,1,0.0,321.78252256046335
2019-12-12,0,1,1,0.0,327.5673710098387
2019-12-13,0,1,1,0.0,325.39803560111466
2019-12-16,0,1,1,0.0,324.674946785151
2019-12-17,0,1,1,0.0,321.05939926408314
2019-12-18,0,1,1,0.0,320.33627596770293
2019-12-19,0,1,1,0.0,329.73667193814623
2019-12-20,0,1,1,0.0,324.674946785151
2019-12-23,0,1,1,0.0,318.8900638553591
2019-12-24,0,1,1,0.0,324.674946785151
2019-12-26,0,1,1,0.0,319.6131871517392
2019-12-27,0,1,1,0.0,323.9518234887708
2019-12-30,0,1,1,0.0,320.3362759677029
2019-12-31,0,1,1,0.0,323.95182348877074
2020-01-01,0,1,1,0.0,319.61318715173917
2020-01-02,0,1,1,0.0,323.2287346728071
2020-01-03,0,1,1,0.0,324.674946785151
2020-01-06,1,0,1,100.0,353.5992235124445
2020-01-07,1,0,1,100.0,388.3083486891134
2020-01-08,1,0,1,100.0,386.13901328038935
2020-01-09,1,0,1,100.0,369.5075567482269
2020-01-10,1,0,1,100.0,378.18482942228997
2020-01-13,1,0,1,100.0,372.39998097291453
2020-01-14,1,0,1,100.0,378.18482942228997
2020-01-15,1,0,1,100.0,412.8939545989589
2020-01-16,1,0,1,100.0,454.11105152138333
2020-01-17,1,0,1,100.0,432.417835355809
2020-01-20,1,0,1,100.0,435.3102595804968
2020-01-21,1,0,1,100.0,430.9716232434653
2020-01-22,1,0,1,100.0,420.1250151606781
2020-01-23,1,0,1,100.0,423.0174393853659
2020-01-24,1,0,1,100.0,434.5871362841167
2020-01-27,1,0,1,100.0,455.5572636337273
2020-01-28,1,0,1,100.0,433.1409586521894
2020-01-29,1,0,1,100.0,436.03338287687706
2020-01-30,1,0,1,100.0,417.9557142323707
2020-01-31,1,0,1,100.0,415.06329000768307
2020-02-01,1,0,1,100.0,394.81628595445267
2020-02-03,1,0,1,100.0,380.3541303505976
2020-02-04,1,0,1,100.0,399.1549222914842
2020-02-05,1,0,1,100.0,418.67883752875093
2020-02-06,1,0,1,100.0,428.8022878347413
2020-02-07,1,0,1,100.0,420.12501516067823
2020-02-10,1,0,1,100.0,412.1708657829953
2020-02-11,1,0,1,100.0,409.2784070778911
2020-02-12,1,0,1,100.0,389.03143750507724
2020-02-13,1,0,1,100.0,373.84619308525856
2020-02-14,1,0,1,100.0,391.92386172976495
2020-02-17,1,0,1,100.0,391.92386172976495
2020-02-18,1,0,1,100.0,378.9079527186703
2020-02-19,1,0,1,100.0,379.63104153463394
2020-02-20,1,0,2,100.0,368.0613446358832
2020-02-24,1,0,2,100.0,356.66117102076294
2020-02-25,1,0,2,100.0,353.6614194552401
2020-02-26,1,0,2,100.0,349.75571419731915
2020-02-27,0,1,2,0.0,338.3041185714365
2020-02-28,0,1,2,0.0,317.4785311056964
2020-03-02,0,1,2,0.0,316.45761704181103
2020-03-03,0,1,2,0.0,320.25130071810753
2020-03-04,0,1,2,0.0,310.96428310908027
2020-03-05,0,1,2,0.0,304.49322485534134
2020-03-06,0,1,2,0.0,304.4727238315729
2020-03-09,0,1,2,0.0,304.4265699183034
2020-03-11,0,1,2,0.0,303.93283509628424
2020-03-12,0,1,2,0.0,289.04126988309855
2020-03-13,0,1,2,0.0,286.4325218465976
2020-03-16,0,1,2,0.0,275.3391469590962
2020-03-17,0,1,2,0.0,262.4568147041986
2020-03-18,0,1,2,0.0,249.42949720261248
2020-03-19,0,1,2,0.0,238.4462990813804
2020-03-20,0,1,2,0.0,232.10172849930103
2020-03-23,0,1,2,0.0,209.32675124151876
2020-03-24,0,1,2,0.0,194.5587114522989
2020-03-25,0,1,2,0.0,194.32774338961437
2020-03-26,0,1,2,0.0,217.2897466686883
2020-03-27,0,1,2,0.0,232.1781295496836
2020-03-30,0,1,2,0.0,225.23339352673082
2020-03-31,0,1,2,0.0,220.2822573089686
2020-04-01,0,1,2,0.0,205.64008375244845
2020-04-03,0,1,2,0.0,209.7838716281944
2020-04-07,0,1,2,0.0,218.11679255268578
2020-04-08,0,1,2,0.0,223.86355252510492
2020-04-09,0,1,2,0.0,237.95333313256157
2020-04-13,0,1,2,0.0,251.97770496425505
2020-04-15,0,1,2,0.0,267.3113387494788
2020-04-16,0,1,2,0.0,260.88927827324153
2020-04-17,0,1,2,0.0,265.12726248373093
2020-04-20,0,1,2,0.0,273.24724896508235
2020-04-21,0,1,2,0.0,259.2725599327781
2020-04-22,0,1,2,0.0,253.76416882123925
2020-04-23,0,1,2,0.0,257.88798951511535
2020-04-24,0,1,2,0.0,254.13558045224636
2020-04-27,0,1,2,0.0,244.75217780705
2020-04-28,0,1,2,0.0,245.73798606012326
2020-04-29,0,1,2,0.0,243.94514172132412
2020-04-30,0,1,2,0.0,245.00611059909656
2020-05-04,0,1,2,0.0,240.0928866565207
2020-05-05,0,1,2,0.0,236.72681620965687
2020-05-06,0,1,2,0.0,235.6840859355937
2020-05-07,0,1,2,0.0,242.62095469161258
2020-05-08,0,1,2,0.0,239.34232197138826
2020-05-11,0,1,2,0.0,233.15374817850397
2020-05-12,0,1,2,0.0,232.60910436726198
2020-05-13,0,1,2,0.0,236.56318618062957
2020-05-14,0,1,2,0.0,234.59780751882877
2020-05-15,0,1,2,0.0,234.10077323099202
2020-05-18,0,1,2,0.0,228.46263484501145
2020-05-19,0,1,2,0.0,228.5140833784403
2020-05-20,0,1,2,0.0,234.2269398409195
2020-05-21,0,1,2,0.0,234.85583476293095
2020-05-22,0,1,2,0.0,229.25285758090556
2020-05-26,0,1,2,0.0,225.7230039758951
2020-05-27,0,1,2,0.0,228.79869503647998
2020-05-28,0,1,2,0.0,232.0904008120658
2020-05-29,0,1,2,0.0,231.26621616795484
2020-06-01,0,1,2,0.0,238.58083718309365
2020-06-02,0,1,2,0.0,253.69320469267848
2020-06-03,0,1,2,0.0,279.83180694011895
2020-06-04,0,1,2,0.0,312.06918328985466
2020-06-05,0,1,2,0.0,340.97394755619706
2020-06-08,0,1,2,0.0,373.3819108131118
2020-06-09,0,1,2,0.0,375.70488569222545
2020-06-10,0,1,2,0.0,402.657521644767
2020-06-11,0,1,2,0.0,407.8280753278438
2020-06-12,0,1,2,0.0,411.02579097836457
2020-06-15,0,1,2,0.0,421.8499492487143
2020-06-16,0,1,2,0.0,434.7114878645617
2020-06-17,0,1,2,0.0,446.16551264131135
2020-06-18,0,1,2,0.0,460.4353352471371
2020-06-19,0,1,2,0.0,494.13808686480917
2020-06-22,1,0,2,100.0,525.6968132652169
2020-06-23,1,0,2,100.0,564.471424379281
2020-06-24,1,0,2,100.0,577.9035053405809
2020-06-25,1,0,2,100.0,591.0317323777344
2020-06-26,1,0,2,100.0,620.3088857209225
2020-06-29,1,0,2,100.0,600.3417053903619
2020-06-30,1,0,2,100.0,570.6301398802226
2020-07-01,1,0,2,100.0,542.3130923392881
2020-07-02,0,1,2,0.0,518.4959236942228
2020-07-03,1,0,2,100.0,515.8475042319068
2020-07-06,1,0,2,100.0,515.893886093352
2020-07-07,1,0,2,100.0,495.4627340818324
2020-07-08,0,1,2,0.0,472.23823440043253
2020-07-09,0,1,2,0.0,461.6778334102543
2020-07-10,0,1,2,0.0,446.9002672896164
2020-07-13,0,1,2,0.0,432.47788856470413
2020-07-14,0,1,2,0.0,421.7883074857762
2020-07-15,0,1,2,0.0,437.486521569789
2020-07-16,0,1,2,0.0,444.0679716839845
2020-07-17,0,1,2,0.0,453.40312772616784
2020-07-20,0,1,2,0.0,437.5647446986291
2020-07-21,0,1,2,0.0,421.62478606334395
2020-07-22,0,1,2,0.0,425.02981730086435
2020-07-23,0,1,2,0.0,412.87653839543424
2020-07-24,0,1,2,0.0,413.7530525437027
2020-07-27,0,1,2,0.0,403.02851490349394
2020-07-28,0,1,2,0.0,390.9304570840719
2020-07-29,0,1,2,0.0,401.6350906328813
2020-07-30,0,1,2,0.0,416.3034382029197
2020-07-31,0,1,2,0.0,419.4335360624251
2020-08-03,0,1,2,0.0,398.9621938170715
2020-08-04,0,1,2,0.0,407.38184381831985
2020-08-05,0,1,2,0.0,415.8749883145115
2020-08-06,0,1,2,0.0,407.34451907166107
2020-08-07,0,1,2,0.0,412.92314194230465
2020-08-10,0,1,2,0.0,409.27195173675796
2020-08-11,0,1,2,0.0,398.2790088202345
2020-08-12,0,1,2,0.0,394.9276813617879
2020-08-13,0,1,2,0.0,394.37548789050163
2020-08-14,0,1,2,0.0,401.095385371719
2020-08-17,0,1,2,0.0,407.0176009644012
2020-08-18,0,1,2,0.0,417.17983944472587
2020-08-19,0,1,2,0.0,437.8347451451595
2020-08-20,1,0,2,100.0,440.9951288951509
2020-08-21,1,0,2,100.0,455.60010713286505
2020-08-24,1,0,2,100.0,467.4599213182259
2020-08-25,1,0,2,100.0,465.82558847564377
2020-08-26,1,0,2,100.0,455.6698139075296
2020-08-27,1,0,2,100.0,444.2770866336777
2020-08-28,0,1,2,0.0,431.905901466763
2020-08-31,0,1,2,0.0,412.25727451725345
2020-09-01,0,1,2,0.0,414.4955771462435
2020-09-02,0,1,2,0.0,417.3714254564084
2020-09-03,0,1,2,0.0,420.69354163059177
2020-09-04,0,1,2,0.0,411.5074876199431
2020-09-07,0,1,2,0.0,408.0857955164174
2020-09-08,0,1,2,0.0,399.45088879145965
2020-09-09,0,1,2,0.0,394.1737828723322
2020-09-10,0,1,2,0.0,412.65954336368856
2020-09-11,0,1,2,0.0,414.0701956694353
2020-09-14,0,1,2,0.0,417.4689784849216
2020-09-15,0,1,2,0.0,416.30576329385025
2020-09-16,0,1,2,0.0,414.3771745520182
2020-09-17,1,0,2,100.0,419.7187547095742
2020-09-18,1,0,2,100.0,415.8478266119441
2020-09-21,0,1,2,0.0,404.2314497629059
2020-09-22,0,1,2,0.0,394.3203158074283
2020-09-23,0,1,2,0.0,386.3142674508414
2020-09-24,0,1,2,0.0,371.49696375791365
2020-09-25,0,1,2,0.0,389.4639147782042
2020-09-28,1,1,2,50.0,401.76268966332566
2020-09-29,1,1,2,50.0,395.6021897585041
2020-09-30,1,1,2,50.0,400.5708103936887
2020-10-01,1,1,2,50.0,396.8201539920487
2020-10-05,1,1,2,50.0,406.6181781276501
2020-10-06,1,1,2,50.0,417.40672277018297
2020-10-07,1,1,2,50.0,407.94463034160844
2020-10-08,1,1,2,50.0,419.1463649667627
2020-10-09,1,1,2,50.0,408.08544352448763
2020-10-12,1,1,2,50.0,402.32331657142703
2020-10-13,1,1,2,50.0,402.6970190067706
2020-10-14,1,1,2,50.0,409.1455972920305
2020-10-15,1,1,2,50.0,404.81795631019236
2020-10-16,1,1,2,50.0,408.3963711132845
2020-10-19,1,1,2,50.0,412.1276949561819
2020-10-20,2,0,2,100.0,473.70397766637427
2020-10-21,2,0,2,100.0,514.5095070632565
2020-10-22,2,0,2,100.0,511.4821118336413
2020-10-23,2,0,2,100.0,500.02528939542435
2020-10-26,2,0,2,100.0,474.07766626527666
2020-10-27,2,0,2,100.0,493.60796737119966
2020-10-28,2,0,2,100.0,476.42672593338887
2020-10-29,2,0,2,100.0,459.8708405300078
2020-10-30,2,0,2,100.0,472.85914743736976
2020-11-02,2,0,2,100.0,476.4297309727012
2020-11-03,2,0,2,100.0,480.29356301383154
2020-11-04,2,0,2,100.0,488.3595362841297
2020-11-05,2,0,2,100.0,492.3232553778498
2020-11-06,2,0,2,100.0,508.35014807069126
2020-11-09,2,0,2,100.0,505.81849403924144
2020-11-10,2,0,2,100.0,495.6390000947642
2020-11-11,2,0,2,100.0,488.5025352184752
2020-11-12,2,0,2,100.0,496.86267737793025
2020-11-13,2,0,2,100.0,506.80219326985866
2020-11-14,2,0,2,100.0,517.446954545919
2020-11-17,2,0,2,100.0,546.9638933617932
2020-11-18,2,0,2,100.0,544.9625224248618
2020-11-19,2,0,2,100.0,540.0226110549031
2020-11-20,2,0,2,100.0,540.5471915773584
2020-11-23,2,0,2,100.0,539.7684568914382
2020-11-24,2,0,2,100.0,565.876289039621
2020-11-25,2,0,2,100.0,552.6205902853894
2020-11-26,2,0,2,100.0,554.5508655083822
2020-11-27,2,0,2,100.0,574.3723761164125
2020-12-01,2,0,2,100.0,607.0017635757147
2020-12-02,2,0,2,100.0,625.727808346539
2020-12-03,2,0,2,100.0,641.9046579596674
2020-12-04,2,0,2,100.0,622.9741853613663
2020-12-07,2,0,2,100.0,647.1476545093824
2020-12-08,2,0,2,100.0,641.9025801602602
2020-12-09,2,0,2,100.0,637.4435365430897
2020-12-10,2,0,2,100.0,632.9652104284374
2020-12-11,2,0,2,100.0,653.0781405730174
2020-12-14,2,0,2,100.0,750.6874929015913
2020-12-15,2,0,2,100.0,810.2044123895039
2020-12-16,2,0,2,100.0,823.6599577703671
2020-12-17,2,0,2,100.0,842.3486413184245
2020-12-18,2,0,2,100.0,873.2021104417461
2020-12-21,2,0,2,100.0,860.5064824915146
2020-12-22,2,0,2,100.0,910.0056552722779
2020-12-23,2,0,2,100.0,1023.2160983629765
2020-12-24,2,0,2,100.0,1024.7066594067355
2020-12-28,2,0,2,100.0,1094.5573907726182
2020-12-29,2,0,2,100.0,1176.132910517303
2020-12-30,2,0,2,100.0,1263.7547179766143
2020-12-31,2,0,2,100.0,1279.518025601007
2021-01-01,2,0,2,100.0,1278.9387079061862
2021-01-04,2,0,2,100.0,1310.1977154226784
2021-01-05,2,0,2,100.0,1299.9746639720727
2021-01-06,2,0,2,100.0,1244.8551600203818
2021-01-07,2,0,2,100.0,1231.0787366175675
2021-01-08,2,0,2,100.0,1278.1115823748569
2021-01-11,2,0,2,100.0,1278.931326796397
2021-01-12,2,0,2,100.0,1265.6549852370233
2021-01-13,2,0,2,100.0,1265.9291368857967
2021-01-14,2,0,2,100.0,1228.2537941439537
2021-01-15,2,0,2,100.0,1200.0393517405785
2021-01-18,2,0,2,100.0,1140.6961925187647
2021-01-19,2,0,2,100.0,1093.1298359576604
2021-01-20,2,0,2,100.0,1120.3808323898393
2021-01-21,2,0,2,100.0,1144.449339472397
2021-01-22,2,0,2,100.0,1162.9943218022036
2021-01-25,2,0,2,100.0,1153.4368149932875
2021-01-27,2,0,2,100.0,1148.3852812530893
2021-01-28,2,0,2,100.0,1201.072462588247
2021-01-29,2,0,2,100.0,1205.9399341336407
2021-02-01,2,0,2,100.0,1169.5224436714016
2021-02-02,2,0,2,100.0,1137.8240999031934
2021-02-03,2,0,2,100.0,1113.2848464132253
2021-02-04,2,0,2,100.0,1138.6784775301737
2021-02-05,2,0,2,100.0,1145.5362536786179
2021-02-08,2,0,2,100.0,1121.3447945595258
2021-02-09,2,0,2,100.0,1152.586887905735
2021-02-10,2,0,2,100.0,1194.0805243316013
2021-02-11,2,0,2,100.0,1173.7464335217771
2021-02-12,2,0,2,100.0,1162.0074456616987
2021-02-15,2,0,2,100.0,1150.4458653233862
2021-02-16,2,0,2,100.0,1149.9537106270473
2021-02-17,2,0,2,100.0,1143.4590007602183
2021-02-18,2,0,2,100.0,1108.9535844837515
2021-02-19,2,0,2,100.0,1109.014085726753
2021-02-22,2,0,2,100.0,1127.3995249161978
2021-02-23,2,0,2,100.0,1155.7302268534831
2021-02-24,2,0,2,100.0,1229.4440145374408
2021-02-25,2,0,2,100.0,1219.4831720221787
2021-02-26,2,0,2,100.0,1180.888429724545
2021-03-01,2,0,2,100.0,1203.8313621209202
2021-03-02,2,0,2,100.0,1181.282597139895
2021-03-03,2,0,2,100.0,1172.5003347413826
2021-03-04,2,0,2,100.0,1165.9903577923562
2021-03-05,2,0,2,100.0,1154.2996642607868
2021-03-08,2,0,2,100.0,1152.817980792479
2021-03-09,2,0,2,100.0,1113.3783532488933
2021-03-10,2,0,2,100.0,1164.6511541753027
2021-03-12,2,0,2,100.0,1214.2640624887035
2021-03-15,2,0,2,100.0,1226.7719941744253
2021-03-16,2,0,2,100.0,1250.9685022432097
2021-03-17,2,0,2,100.0,1196.6081014543327
2021-03-18,2,0,2,100.0,1147.6081930582923
2021-03-19,2,0,2,100.0,1180.4990516816042
2021-03-22,2,0,2,100.0,1190.2033999433154
2021-03-23,2,0,2,100.0,1193.7843041577642
2021-03-24,2,0,2,100.0,1160.6676969897762
2021-03-25,2,0,2,100.0,1116.522037922248
2021-03-26,2,0,2,100.0,1124.0862728786424
2021-03-30,2,0,2,100.0,1132.6797333951524
2021-03-31,2,0,2,100.0,1130.004163279436
2021-04-01,2,0,2,100.0,1152.1837261963974
2021-04-05,2,0,2,100.0,1138.014931227717
2021-04-06,2,0,2,100.0,1143.8057665600154
2021-04-07,2,0,2,100.0,1132.2334126048056
2021-04-08,2,0,2,100.0,1152.3386722990927
2021-04-09,2,0,2,100.0,1154.4887698515179
2021-04-12,2,0,2,100.0,1072.3090598220044
2021-04-13,2,0,2,100.0,1124.8583710892485
2021-04-15,2,0,2,100.0,1100.4723643821358
2021-04-16,2,0,2,100.0,1110.6668651790858
2021-04-19,2,0,2,100.0,1132.942815376361
2021-04-20,2,0,2,100.0,1130.96941672295
2021-04-22,2,0,2,100.0,1119.368918354735
2021-04-23,2,0,2,100.0,1119.304075423182
2021-04-26,2,0,2,100.0,1108.5729596316553
2021-04-27,2,0,2,100.0,1102.0739495041219
2021-04-28,2,0,2,100.0,1100.1712505716068
2021-04-29,2,0,2,100.0,1078.7657239420546
2021-04-30,2,0,2,100.0,1059.3178227310696
2021-05-03,2,0,2,100.0,1110.6435736648518
2021-05-04,2,0,2,100.0,1153.4686300161827
2021-05-05,2,0,2,100.0,1133.267777016469
2021-05-06,2,0,2,100.0,1121.8041361451717
2021-05-07,2,0,2,100.0,1138.32305209823
2021-05-10,2,0,2,100.0,1185.871976786055
2021-05-11,2,0,2,100.0,1170.0521583295777
2021-05-12,2,0,2,100.0,1153.7801583623695
2021-05-14,2,0,2,100.0,1185.583678601871
2021-05-17,2,0,2,100.0,1186.0698027989956
2021-05-18,2,0,2,100.0,1221.3908672191528
2021-05-19,2,0,2,100.0,1271.5069658284435
2021-05-20,2,0,2,100.0,1237.986498095302
2021-05-21,2,0,2,100.0,1242.8715727376768
2021-05-24,2,0,2,100.0,1293.4477065324386
2021-05-25,2,0,2,100.0,1360.5272245661122
2021-05-26,2,0,2,100.0,1425.1863878479758
2021-05-27,2,0,2,100.0,1390.1756503446413
2021-05-28,2,0,2,100.0,1330.5052527441371
2021-05-31,2,0,2,100.0,1313.0064287329026
2021-06-01,2,0,2,100.0,1291.7289987594274
2021-06-02,2,0,2,100.0,1307.8785878376307
2021-06-03,2,0,2,100.0,1330.3059731575709
2021-06-04,2,0,2,100.0,1311.975375146352
2021-06-07,2,0,2,100.0,1295.6119413462475
2021-06-08,2,0,2,100.0,1332.0670185338304
2021-06-09,2,0,2,100.0,1343.9935656329953
2021-06-10,2,0,2,100.0,1373.0814815500182
2021-06-11,2,0,2,100.0,1405.3275126920805
2021-06-14,2,0,2,100.0,1393.536090319768
2021-06-15,2,0,2,100.0,1363.548890647758
2021-06-16,2,0,2,100.0,1345.1785759862798
2021-06-17,2,0,2,100.0,1326.3013361235762
2021-06-18,2,0,2,100.0,1319.502825285292
2021-06-21,2,0,2,100.0,1307.28918253658
2021-06-22,2,0,2,100.0,1326.3047156856094
2021-06-23,2,0,2,100.0,1322.0952369411257
2021-06-24,2,0,2,100.0,1342.2834013856923
2021-06-25,2,0,2,100.0,1378.6547981983488
2021-06-28,2,0,2,100.0,1416.7447578374097
2021-06-29,2,0,2,100.0,1437.802582691259
2021-06-30,2,0,2,100.0,1471.0161881130289
2021-07-01,2,0,2,100.0,1498.1032942379948
2021-07-02,2,0,2,100.0,1550.710342715757
2021-07-05,2,0,2,100.0,1601.904384291879
2021-07-06,2,0,2,100.0,1644.9360915840853
2021-07-07,2,0,2,100.0,1602.6044762127015
2021-07-08,2,0,2,100.0,1556.429047494381
2021-07-09,2,0,2,100.0,1558.353882463602
2021-07-12,2,0,2,100.0,1542.3534677438718
2021-07-13,2,0,2,100.0,1560.6883222831148
2021-07-14,2,0,2,100.0,1602.4273555598104
2021-07-15,2,0,2,100.0,1585.0981479978923
2021-07-16,2,0,2,100.0,1601.130559664266
2021-07-19,2,0,2,100.0,1614.3967676612003
2021-07-20,2,0,2,100.0,1558.0090555864347
2021-07-22,2,0,2,100.0,1593.7148695276908
2021-07-23,2,0,2,100.0,1576.5768853189043
2021-07-26,2,0,2,100.0,1576.8894775907504
2021-07-27,2,0,2,100.0,1603.0300459768202
2021-07-28,2,0,2,100.0,1594.601445376031
2021-07-29,2,0,2,100.0,1621.6914381003378
2021-07-30,2,0,2,100.0,1615.6305035677854
2021-08-02,2,0,2,100.0,1646.3640724864324
2021-08-03,2,0,2,100.0,1618.5183428435303
2021-08-04,2,0,2,100.0,1571.9083014628084
2021-08-05,2,0,2,100.0,1645.8293896441899
2021-08-06,2,0,2,100.0,1647.2038216982685
2021-08-09,2,0,2,100.0,1665.5004946733325
2021-08-10,2,0,2,100.0,1618.1115491039686
2021-08-11,2,0,2,100.0,1606.268553932276
2021-08-12,2,0,2,100.0,1690.2437730669728
2021-08-13,2,0,2,100.0,1663.4930287974119
2021-08-16,2,0,2,100.0,1724.4052136829262
2021-08-17,2,0,2,100.0,1700.120881347619
2021-08-18,2,0,2,100.0,1623.354872391758
2021-08-20,2,0,2,100.0,1588.9849579873705
2021-08-23,2,0,2,100.0,1506.6983416420876
2021-08-24,2,0,2,100.0,1573.3714765443442
2021-08-25,2,0,2,100.0,1611.4282420457987
2021-08-26,2,0,2,100.0,1604.5451715243282
2021-08-27,2,0,2,100.0,1600.907513320893
2021-08-30,2,0,2,100.0,1590.6834181887232
2021-08-31,2,0,2,100.0,1579.571195011996
2021-09-01,2,0,2,100.0,1565.1178707876982
2021-09-02,2,0,2,100.0,1582.8408981658258
2021-09-03,2,0,2,100.0,1613.0817218923016
2021-09-06,2,0,2,100.0,1645.9054232206224
2021-09-07,2,0,2,100.0,1582.453088088153
2021-09-08,2,0,2,100.0,1578.3107077941481
2021-09-09,2,0,2,100.0,1619.4532056630596
2021-09-13,2,0,2,100.0,1686.1782388047427
2021-09-14,2,0,2,100.0,1695.7176353496084
2021-09-15,2,0,2,100.0,1688.5917513819675
2021-09-16,2,0,2,100.0,1654.1568099238773
2021-09-17,2,0,2,100.0,1617.8214865148113
2021-09-20,2,0,2,100.0,1578.9534946544284
2021-09-21,2,0,2,100.0,1603.63614836245
2021-09-22,2,0,2,100.0,1601.984876552428
2021-09-23,2,0,2,100.0,1608.496043897965
2021-09-24,2,0,2,100.0,1571.0489429293764
2021-09-27,2,0,2,100.0,1553.712255684223
2021-09-28,2,0,2,100.0,1620.4743591564245
2021-09-29,2,0,2,100.0,1604.909936676886
2021-09-30,2,0,2,100.0,1615.1536329665919
2021-10-01,2,0,2,100.0,1591.9510476845164
2021-10-04,2,0,2,100.0,1631.0332294309103
2021-10-05,2,0,2,100.0,1666.0972301203738
2021-10-06,2,0,2,100.0,1625.9177067154042
2021-10-07,2,0,2,100.0,1693.649301778096
2021-10-08,2,0,2,100.0,1655.8125150944352
2021-10-11,2,0,2,100.0,1900.3797682424722
2021-10-12,2,0,2,100.0,2071.730743436107
2021-10-13,2,0,2,100.0,2194.8949208841773
2021-10-14,2,0,2,100.0,2187.3515767182257
2021-10-18,2,0,2,100.0,2221.7602994013023
2021-10-19,2,0,2,100.0,2251.784897979882
2021-10-20,2,0,2,100.0,2141.1037767783087
2021-10-21,2,0,2,100.0,2071.167954189838
2021-10-22,2,0,2,100.0,2052.5079504830364
2021-10-25,2,0,2,100.0,2072.716873437078
2021-10-26,2,0,2,100.0,2151.147020474867
2021-10-27,2,0,2,100.0,2184.9171059717814
2021-10-28,2,0,2,100.0,2103.617264316976
2021-10-29,2,0,2,100.0,2102.6491900169017
2021-11-01,2,0,2,100.0,2188.704018507647
2021-11-02,2,0,2,100.0,2209.8995943225646
2021-11-03,2,0,2,100.0,2148.7191936061527
2021-11-04,2,0,2,100.0,2258.229358092585
2021-11-08,2,0,2,100.0,2223.4615637690626
2021-11-09,2,0,2,100.0,2212.7181973382526
2021-11-10,2,0,2,100.0,2180.664077175809
2021-11-11,2,0,2,100.0,2148.6189274848803
2021-11-12,2,0,2,100.0,2160.7707397292675
2021-11-15,2,0,2,100.0,2140.68812823879
2021-11-16,2,0,2,100.0,2188.5566699715446
2021-11-17,2,0,2,100.0,2242.529438884322
2021-11-18,2,0,2,100.0,2258.455856406055
2021-11-22,2,0,2,100.0,2161.322603646542
2021-11-23,2,0,2,100.0,2266.4626106627243
2021-11-24,2,0,2,100.0,2358.730171927944
2021-11-25,2,0,2,100.0,2434.868224758295
2021-11-26,2,0,2,100.0,2375.4424198022953
2021-11-29,2,0,2,100.0,2265.3912070148863
2021-11-30,2,0,2,100.0,2325.618239629752
2021-12-01,2,0,2,100.0,2328.3779908870047
2021-12-02,2,0,2,100.0,2369.360350946907
2021-12-03,2,0,2,100.0,2359.2730802056776
2021-12-06,2,0,2,100.0,2277.9588277910316
2021-12-07,2,0,2,100.0,2315.239448822361
2021-12-08,2,0,2,100.0,2343.531705719351
2021-12-09,2,0,2,100.0,2316.673403823895
2021-12-10,2,0,2,100.0,2511.2126953823326
2021-12-13,2,0,2,100.0,2553.6653873940886
2021-12-14,2,0,2,100.0,2699.644817942916
2021-12-15,2,0,2,100.0,2740.6799619353756
2021-12-16,2,0,2,100.0,3060.207873119341
2021-12-17,2,0,2,100.0,3037.344195943864
2021-12-20,2,0,2,100.0,2998.522536704398
2021-12-21,2,0,2,100.0,2945.8846200568064
2021-12-22,2,0,2,100.0,2936.8132685791447
2021-12-23,2,0,2,100.0,2883.8931642623306
2021-12-24,2,0,2,100.0,2925.0694821213974
2021-12-27,2,0,2,100.0,3123.1926715118816
2021-12-28,2,0,2,100.0,3147.46628933983
2021-12-29,2,0,2,100.0,3308.479862948637
2021-12-30,2,0,2,100.0,3465.1246466263137
2021-12-31,2,0,2,100.0,3638.242660658082
2022-01-03,2,0,2,100.0,3819.7989271240012
2022-01-04,2,0,2,100.0,3740.241960734145
2022-01-05,2,0,2,100.0,3609.1886139991075
2022-01-06,2,0,2,100.0,3548.994855056104
2022-01-07,2,0,2,100.0,3678.0147104789535
2022-01-10,2,0,2,100.0,3732.5862678359435
2022-01-11,2,0,2,100.0,3624.5734728682505
2022-01-12,2,0,2,100.0,3506.914253593571
2022-01-13,2,0,2,100.0,3534.27325945217
2022-01-14,2,0,2,100.0,3502.4923338042654
2022-01-17,2,0,2,100.0,3568.5181829546473
2022-01-18,2,0,2,100.0,3513.823590390323
2022-01-19,2,0,2,100.0,3485.010650743609
2022-01-20,2,0,2,100.0,3612.4264450722058
2022-01-21,2,0,2,100.0,3497.0143062220905
2022-01-24,2,0,2,100.0,3325.987723940941
2022-01-25,2,0,2,100.0,3320.1291865425974
2022-01-27,2,0,2,100.0,3373.4655913852152
2022-01-28,2,0,2,100.0,3423.9180839151954
2022-01-31,2,0,2,100.0,3445.243832102175
2022-02-01,2,0,2,100.0,3560.31348975024
2022-02-02,2,0,2,100.0,3615.043957839026
2022-02-03,2,0,2,100.0,3567.1921594743017
2022-02-04,2,0,2,100.0,3587.4895129743286
2022-02-07,2,0,2,100.0,3528.8629133585173
2022-02-08,2,0,2,100.0,3449.209723166272
2022-02-09,2,0,2,100.0,3387.4730020861157
2022-02-10,2,0,2,100.0,3430.70310973043
2022-02-11,2,0,2,100.0,3312.307615681789
2022-02-14,2,0,2,100.0,3130.780617833879
2022-02-15,2,0,2,100.0,3135.549453424564
2022-02-16,2,0,2,100.0,3057.6366779734003
2022-02-17,2,0,2,100.0,2969.7182443283446
2022-02-18,2,0,2,100.0,2977.0073627055544
2022-02-21,2,0,2,100.0,2871.0671545912273
2022-02-22,2,0,2,100.0,2730.2212622905517
2022-02-23,2,0,2,100.0,2701.3045643362693
2022-02-24,2,0,2,100.0,2505.6293470360447
2022-02-25,2,0,2,100.0,2646.3046068400304
2022-02-28,2,0,2,100.0,2780.8630886153524
2022-03-02,2,0,2,100.0,2844.9864044548403
2022-03-03,2,0,2,100.0,2883.3219917884994
2022-03-04,2,0,2,100.0,2789.7158192115016
2022-03-07,2,0,2,100.0,2730.607239670067
2022-03-08,2,0,2,100.0,2790.267243524934
2022-03-09,2,0,2,100.0,2921.9452629716357
2022-03-10,2,0,2,100.0,3020.9338627207885
2022-03-11,2,0,2,100.0,3049.2886561605314
2022-03-14,2,0,2,100.0,2935.2710242378
2022-03-15,2,0,2,100.0,2850.5748758472077
2022-03-16,2,0,2,100.0,2899.667356256957
2022-03-17,2,0,2,100.0,2892.101530188307
2022-03-21,2,0,2,100.0,2857.114728156554
2022-03-22,2,0,2,100.0,2856.870250506276
2022-03-23,2,0,2,100.0,2870.7360283022363
2022-03-24,2,0,2,100.0,2847.178141999146
2022-03-25,2,0,2,100.0,2823.2132008873964
2022-03-28,2,0,2,100.0,2709.053333037447
2022-03-29,2,0,2,100.0,2682.647180232568
2022-03-30,2,0,2,100.0,2784.8712607212574
2022-03-31,2,0,2,100.0,2746.801606238836
2022-04-01,2,0,2,100.0,2887.9081970234233
2022-04-04,2,0,2,100.0,2990.921568652775
2022-04-05,2,0,2,100.0,3119.418998533588
2022-04-06,2,0,2,100.0,3210.0217687298377
2022-04-07,2,0,2,100.0,3157.189867865381
2022-04-08,2,0,2,100.0,3166.687055232737
2022-04-11,2,0,2,100.0,3224.200876542519
2022-04-12,2,0,2,100.0,3275.112525716793
2022-04-13,2,0,2,100.0,3447.915845787908
2022-04-18,2,0,2,100.0,3503.4371362352977
2022-04-19,2,0,2,100.0,3314.778790250912
2022-04-20,2,0,2,100.0,3452.0069587313146
2022-04-21,2,0,2,100.0,3463.5868989732776
2022-04-22,2,0,2,100.0,3675.8359704948602
2022-04-25,2,0,2,100.0,3554.9027566575305
2022-04-26,2,0,2,100.0,3527.466917969529
2022-04-27,2,0,2,100.0,3397.5011968269073
2022-04-28,2,0,2,100.0,3307.076086275842
2022-04-29,2,0,2,100.0,3389.342253373795
2022-05-02,2,0,2,100.0,3390.8035841297333
2022-05-04,2,0,2,100.0,3257.0273993962337
2022-05-05,2,0,2,100.0,3105.088992032695
2022-05-06,2,0,2,100.0,3019.798231452305
2022-05-09,2,0,2,100.0,2965.496893363952
2022-05-10,2,0,2,100.0,2922.4753099240706
2022-05-11,2,0,2,100.0,2805.6551481125134
2022-05-12,1,1,2,50.0,2785.3342120767484
2022-05-13,2,0,2,100.0,2840.3227808334445
2022-05-16,2,0,2,100.0,2979.6142264024356
2022-05-17,2,0,2,100.0,3039.1200463329287
2022-05-18,2,0,2,100.0,3017.0446002755825
2022-05-19,2,0,2,100.0,2910.279705224087
2022-05-20,2,0,2,100.0,2973.030702824041
2022-05-23,2,0,2,100.0,2910.6804208199137
2022-05-24,1,1,2,50.0,2849.8964989930064
2022-05-25,1,1,2,50.0,2737.085593611701
2022-05-26,1,1,2,50.0,2756.2885107524257
2022-05-27,1,1,2,50.0,2795.267395212613
2022-05-30,1,1,2,50.0,2831.0006140855808
2022-05-31,1,1,2,50.0,2906.8553235316112
2022-06-01,1,1,2,50.0,2972.841068784652
2022-06-02,1,1,2,50.0,2982.2884016130624
2022-06-03,1,1,2,50.0,2964.035603089645
2022-06-06,1,1,2,50.0,2960.214018986603
2022-06-07,1,1,2,50.0,2914.753048652249
2022-06-08,1,1,2,50.0,2864.8105899950147
2022-06-09,1,1,2,50.0,2886.7741828093835
2022-06-10,1,1,2,50.0,2821.041120370028
2022-06-13,1,1,2,50.0,2715.071968336913
2022-06-14,1,1,2,50.0,2680.144444806329
2022-06-15,1,1,2,50.0,2687.3053446198023
2022-06-16,1,1,2,50.0,2577.5434421050595
2022-06-17,1,1,2,50.0,2518.674840898718
2022-06-20,1,1,2,50.0,2408.89248653698
2022-06-21,1,1,2,50.0,2531.4090493723183
2022-06-22,1,1,2,50.0,2589.173947136717
2022-06-23,1,1,2,50.0,2659.7900546711126
2022-06-24,1,1,2,50.0,2788.978644637332
2022-06-27,1,1,2,50.0,2859.3516602502536
2022-06-28,1,1,2,50.0,2857.482115633126
2022-06-29,1,1,2,50.0,2774.1494194347943
2022-06-30,1,1,2,50.0,2689.4350796972003
2022-07-01,1,1,2,50.0,2765.3570050974236
2022-07-04,1,1,2,50.0,2833.297435598447
2022-07-05,1,1,2,50.0,2914.2714953840273
2022-07-06,1,1,2,50.0,2878.432296714116
2022-07-07,1,1,2,50.0,2861.4002879220448
2022-07-08,1,1,2,50.0,2860.9195913549042
2022-07-11,1,1,2,50.0,2876.4438291183355
2022-07-12,1,1,2,50.0,2933.5606556663033
2022-07-13,1,1,2,50.0,2868.685455918641
2022-07-14,1,1,2,50.0,2808.832050735782
2022-07-15,1,1,2,50.0,2858.424833368135
2022-07-18,1,1,2,50.0,2926.5817690037384
2022-07-19,1,1,2,50.0,2882.0597100838254
2022-07-20,1,1,2,50.0,2870.771563530066
2022-07-21,1,1,2,50.0,2931.5569328251213
2022-07-22,1,1,2,50.0,2891.305040193057
2022-07-25,1,1,2,50.0,2806.3894235816806
2022-07-26,1,1,2,50.0,2776.64484817218
2022-07-27,1,1,2,50.0,2783.492661119627
2022-07-28,1,1,2,50.0,2798.0863633509034
2022-07-29,1,1,2,50.0,2787.780575290298
2022-08-01,1,1,2,50.0,2786.5214614613774
2022-08-02,1,1,2,50.0,2800.607485872604
2022-08-03,1,1,2,50.0,2766.626345988227
2022-08-04,1,1,2,50.0,2781.6277810920405
2022-08-05,1,1,2,50.0,2884.543516424253
2022-08-08,1,1,2,50.0,2938.628088377747
2022-08-10,0,2,2,0.0,2809.089948785887
2022-08-11,0,2,2,0.0,2714.0783246114706
2022-08-12,0,2,2,0.0,2717.199338731212
2022-08-16,0,2,2,0.0,2693.758653314166
2022-08-17,0,2,2,0.0,2696.5978413186353
2022-08-18,0,2,2,0.0,2705.4090375128308
2022-08-19,0,2,2,0.0,2699.056216612841
2022-08-22,0,2,2,0.0,2788.6126801511514
2022-08-23,0,2,2,0.0,2798.7066528470395
2022-08-24,0,2,2,0.0,2765.26875233011
2022-08-25,0,2,2,0.0,2635.6494126029156
2022-08-26,0,2,2,0.0,2669.0287433947974
2022-08-29,0,2,2,0.0,2684.814068501892
2022-08-30,0,2,2,0.0,2695.3168855190975
2022-09-01,0,2,2,0.0,2710.818325869234
2022-09-02,0,2,2,0.0,2711.2195230933844
2022-09-05,0,2,2,0.0,2803.4647802066124
2022-09-06,0,2,2,0.0,2873.380205762056
2022-09-07,0,2,2,0.0,2851.0377485395816
2022-09-08,1,1,2,50.0,3001.386760109211
2022-09-09,1,1,2,50.0,3020.451380190876
2022-09-12,1,1,2,50.0,3040.7023792055497
2022-09-13,1,1,2,50.0,3203.8000419662653
2022-09-14,1,1,2,50.0,3238.890845069807
2022-09-15,1,1,2,50.0,3127.996414753754
2022-09-16,1,1,2,50.0,3065.4949567013405
2022-09-19,1,1,2,50.0,2966.359901364934
2022-09-20,1,1,2,50.0,2955.797410605676
2022-09-21,1,1,2,50.0,2981.2923773646467
2022-09-22,0,2,2,0.0,3043.327018855573
2022-09-23,0,2,2,0.0,2980.2167532854946
2022-09-26,0,2,2,0.0,2882.568738555695
2022-09-27,0,2,2,0.0,2921.2209141047856
2022-09-28,0,2,2,0.0,2836.439644443376
2022-09-29,0,2,2,0.0,2848.2558535752837
2022-09-30,0,2,2,0.0,2893.237190128542
2022-10-03,0,2,2,0.0,2935.0851397650304
2022-10-04,0,2,2,0.0,2944.12537049955
2022-10-06,0,2,2,0.0,2958.420995310831
2022-10-07,0,2,2,0.0,2930.2859548954166
2022-10-10,0,2,2,0.0,2915.274820720525
2022-10-11,0,2,2,0.0,2844.606209265083
2022-10-12,0,2,2,0.0,2831.474917626429
2022-10-13,0,2,2,0.0,2804.0570507482366
2022-10-14,0,2,2,0.0,2814.9026513450517
2022-10-17,0,2,2,0.0,2764.5727332916995
2022-10-18,0,2,2,0.0,2762.779808996816
2022-10-19,0,2,2,0.0,2744.571904432679
2022-10-20,0,2,2,0.0,2724.244135341455
2022-10-21,0,2,2,0.0,2679.839476424791
2022-10-24,0,2,2,0.0,2787.886819039794
2022-10-25,0,2,2,0.0,2755.327219770602
2022-10-27,0,2,2,0.0,2788.9787749138663
2022-10-28,0,2,2,0.0,2740.5295182548434
2022-10-31,0,2,2,0.0,2749.8871621604444
2022-11-01,0,2,2,0.0,2824.8089809444546
2022-11-02,0,2,2,0.0,2874.3000459629657
2022-11-03,0,2,2,0.0,2841.4023031832976
2022-11-04,0,2,2,0.0,2827.575099212324
2022-11-07,0,2,2,0.0,2815.585221443364
2022-11-09,0,2,2,0.0,2792.576854427033
2022-11-10,0,2,2,0.0,2745.923368350088
2022-11-11,0,2,2,0.0,2736.4742697363054
2022-11-14,0,2,2,0.0,2703.2903137992735
2022-11-15,0,2,2,0.0,2712.8318562027102
2022-11-16,0,2,2,0.0,2666.5317940056507
2022-11-17,0,2,2,0.0,2669.8088302576743
2022-11-18,0,2,2,0.0,2655.7870809660158
2022-11-21,0,2,2,0.0,2642.2048734484542
2022-11-22,0,2,2,0.0,2604.4980901654685
2022-11-23,0,2,2,0.0,2653.5635112393784
2022-11-24,0,2,2,0.0,2737.718775882851
2022-11-25,0,2,2,0.0,2746.6417875384705
2022-11-28,0,2,2,0.0,2718.3506776796467
2022-11-29,0,2,2,0.0,2711.1423286384374
2022-11-30,0,2,2,0.0,2708.7368649021178
2022-12-01,0,2,2,0.0,2703.874871314587
2022-12-02,0,2,2,0.0,2707.555572091766
2022-12-05,0,2,2,0.0,2761.7131669764876
2022-12-06,0,2,2,0.0,2744.035777985621
2022-12-07,0,2,2,0.0,2739.793095597592
2022-12-08,0,2,2,0.0,2702.3559072333637
2022-12-09,0,2,2,0.0,2681.4198905078865
2022-12-12,0,2,2,0.0,2720.4855856930335
2022-12-13,0,2,2,0.0,2704.9230809990713
2022-12-14,0,2,2,0.0,2774.7790479612027
2022-12-15,0,2,2,0.0,2744.125966457783
2022-12-16,1,1,2,50.0,2755.4263656988182
2022-12-19,1,1,2,50.0,2803.775830667407
2022-12-20,1,1,2,50.0,2822.5002967996415
2022-12-21,1,1,2,50.0,2731.489086439182
2022-12-22,0,2,2,0.0,2620.2752519798964
2022-12-23,0,2,2,0.0,2484.895143520531
2022-12-26,0,2,2,0.0,2620.568524955018
2022-12-27,0,2,2,0.0,2649.2872167381142
2022-12-28,1,1,2,50.0,2720.515338475457
2022-12-29,0,2,2,0.0,2670.479249836325
2022-12-30,0,2,2,0.0,2673.1603867454583
2023-01-02,0,2,2,0.0,2663.70064642949
2023-01-03,0,2,2,0.0,2668.7488575844172
2023-01-04,0,2,2,0.0,2637.952882539958
2023-01-05,1,1,2,50.0,2703.819524614846
2023-01-06,1,1,2,50.0,2760.4747373684745
2023-01-09,1,1,2,50.0,2709.991030857489
2023-01-10,1,1,2,50.0,2660.94259066578
2023-01-11,1,1,2,50.0,2653.741450654652
2023-01-12,1,1,2,50.0,2716.5011374925266
2023-01-13,1,1,2,50.0,2740.010286011413
2023-01-16,1,1,2,50.0,2735.8779434140947
2023-01-17,1,1,2,50.0,2682.941095944524
2023-01-18,1,1,2,50.0,2707.6695073730757
2023-01-19,1,1,2,50.0,2697.6804211456792
2023-01-20,1,1,2,50.0,2668.0018724269175
2023-01-23,0,2,2,0.0,2575.066815205289
2023-01-24,0,2,2,0.0,2573.1713596799846
2023-01-25,1,1,2,50.0,2600.5334775986776
2023-01-27,0,2,2,0.0,2510.916040350504
2023-01-30,0,2,2,0.0,2527.10422351855
2023-01-31,0,2,2,0.0,2594.014852386906
2023-02-01,0,2,2,0.0,2618.5044669894623
2023-02-02,0,2,2,0.0,2636.5005585652725
2023-02-03,0,2,2,0.0,2611.0521462831753
2023-02-06,0,2,2,0.0,2560.1803991635084
2023-02-07,0,2,2,0.0,2512.109545840243
2023-02-08,0,2,2,0.0,2506.8811340662423
2023-02-09,0,2,2,0.0,2508.802347496314
2023-02-10,0,2,2,0.0,2508.7286210788457
2023-02-13,0,2,2,0.0,2451.9784045848473
2023-02-14,0,2,2,0.0,2364.3329324020774
2023-02-15,0,2,2,0.0,2421.277977026876
2023-02-16,0,2,2,0.0,2452.821826205822
2023-02-17,0,2,2,0.0,2438.8082942157566
2023-02-20,0,2,2,0.0,2358.466825697092
2023-02-21,0,2,2,0.0,2337.1562381822678
2023-02-22,0,2,2,0.0,2296.760076166323
2023-02-23,0,2,2,0.0,2301.8744449695246
2023-02-24,0,2,2,0.0,2301.535233918534
2023-02-27,0,2,2,0.0,2269.2078760757113
2023-02-28,0,2,2,0.0,2334.175091660565
2023-03-01,0,2,2,0.0,2400.3398992579105
2023-03-02,0,2,2,0.0,2359.9954331809204
2023-03-03,0,2,2,0.0,2333.8184608526044
2023-03-06,0,2,2,0.0,2357.4645761158217
2023-03-08,0,2,2,0.0,2343.418096938795
2023-03-09,0,2,2,0.0,2377.8880203146746
2023-03-10,0,2,2,0.0,2355.5786259395654
2023-03-13,0,2,2,0.0,2296.8747582109636
2023-03-14,0,2,2,0.0,2249.9272876626546
2023-03-15,0,2,2,0.0,2211.1083189322208
2023-03-16,0,2,2,0.0,2216.332485199505
2023-03-17,0,2,2,0.0,2211.744520764141
2023-03-20,0,2,2,0.0,2198.926674694594
2023-03-21,0,2,2,0.0,2201.343820384438
2023-03-22,0,2,2,0.0,2221.5761448906806
2023-03-23,0,2,2,0.0,2211.1465065418215
2023-03-24,0,2,2,0.0,2140.603199851088
2023-03-27,0,2,2,0.0,2003.209442944031
2023-03-28,0,2,2,0.0,1927.2253026438907
2023-03-29,0,2,2,0.0,2082.314794722498
2023-03-31,0,2,2,0.0,2176.5184801451232
2023-04-03,0,2,2,0.0,2237.3825064293364
2023-04-05,0,2,2,0.0,2274.68276741113
2023-04-06,0,2,2,0.0,2374.9855458128154
2023-04-10,0,2,2,0.0,2320.4953272687044
2023-04-11,0,2,2,0.0,2298.509248994311
2023-04-12,0,2,2,0.0,2333.6986908458744
2023-04-13,0,2,2,0.0,2307.1874024487615
2023-04-17,0,2,2,0.0,2292.7740340098235
2023-04-18,0,2,2,0.0,2297.6195734824714
2023-04-19,0,2,2,0.0,2317.0907649786122
2023-04-20,0,2,2,0.0,2399.90272897806
2023-04-21,0,2,2,0.0,2434.1874021261824
2023-04-24,0,2,2,0.0,2561.3264682351273
2023-04-25,0,2,2,0.0,2584.828613500126
2023-04-26,0,2,2,0.0,2633.7260550849396
2023-04-27,0,2,2,0.0,2604.704250480995
2023-04-28,0,2,2,0.0,2591.917538255253
2023-05-02,0,2,2,0.0,2607.553157917726
2023-05-03,0,2,2,0.0,2576.3410288623922
2023-05-04,0,2,2,0.0,2601.381224650136
2023-05-05,1,1,2,50.0,2653.175922859893
2023-05-08,0,2,2,0.0,2623.944205729094
2023-05-09,1,1,2,50.0,2671.492180410269
2023-05-10,1,1,2,50.0,2642.1192203683227
2023-05-11,0,2,2,0.0,2619.839427099153
2023-05-12,0,2,2,0.0,2567.768284803625
2023-05-15,1,1,2,50.0,2604.454503946979
2023-05-16,1,1,2,50.0,2725.038984562667
2023-05-17,1,1,2,50.0,2657.7143479244332
2023-05-18,1,1,2,50.0,2638.836440711669
2023-05-19,0,2,2,0.0,2607.0461284299968
2023-05-22,0,2,2,0.0,2593.179480180047
2023-05-23,0,2,2,0.0,2563.5297053591075
2023-05-24,0,2,2,0.0,2537.4774683226688
2023-05-25,0,2,2,0.0,2513.7347747467575
2023-05-26,0,2,2,0.0,2619.117963582043
2023-05-29,0,2,2,0.0,2652.7898961709834
2023-05-30,1,1,2,50.0,2660.179569461445
2023-05-31,1,1,2,50.0,2722.505515241301
2023-06-01,1,1,2,50.0,2706.018087022353
2023-06-02,1,1,2,50.0,2680.442651827242
2023-06-05,2,0,2,100.0,2723.5074824904937
2023-06-06,2,0,2,100.0,2731.468895363636
2023-06-07,2,0,2,100.0,2717.9273895685365
2023-06-08,1,1,2,50.0,2691.890292352968
2023-06-09,1,1,2,50.0,2706.510383442465
2023-06-12,2,0,2,100.0,2747.4633093009224
2023-06-13,1,1,2,50.0,2694.091307978768
2023-06-14,2,0,2,100.0,2734.3255893167825
2023-06-15,2,0,2,100.0,2757.0789237423555
2023-06-16,2,0,2,100.0,2725.8285145103896
2023-06-19,2,0,2,100.0,2749.5702707239643
2023-06-20,1,1,2,50.0,2742.0187009902497
2023-06-21,1,1,2,50.0,2726.3429797918993
2023-06-22,1,1,2,50.0,2689.9518152238616
2023-06-23,1,1,2,50.0,2640.8499761560342
2023-06-26,0,2,2,0.0,2576.2150300937774
2023-06-27,0,2,2,0.0,2578.3985628008527
2023-06-28,0,2,2,0.0,2569.5417083708176
2023-06-30,0,2,2,0.0,2568.4986039442088
2023-07-03,0,2,2,0.0,2561.044723460357
2023-07-04,0,2,2,0.0,2552.3703031715513
2023-07-05,0,2,2,0.0,2542.0317181163628
2023-07-06,0,2,2,0.0,2587.9567002609415
2023-07-07,0,2,2,0.0,2548.420282074095
2023-07-10,0,2,2,0.0,2486.997324643577
2023-07-11,0,2,2,0.0,2493.4808133303927
2023-07-12,0,2,2,0.0,2486.44482522993
2023-07-13,0,2,2,0.0,2480.898933229789
2023-07-14,0,2,2,0.0,2484.2554695964714
2023-07-17,0,2,2,0.0,2478.0565038852005
2023-07-18,0,2,2,0.0,2470.240091762206
2023-07-19,0,2,2,0.0,2465.04127293429
2023-07-20,0,2,2,0.0,2527.4155797784256
2023-07-21,0,2,2,0.0,2522.471986089664
2023-07-24,0,2,2,0.0,2513.024318184532
2023-07-25,0,2,2,0.0,2495.1731168816154
2023-07-26,0,2,2,0.0,2558.5362016161994
2023-07-27,1,1,2,50.0,2621.664730858594
2023-07-28,1,1,2,50.0,2676.6931118950124
2023-07-31,1,1,2,50.0,2791.157612546113
2023-08-01,2,0,2,100.0,2865.867294521474
2023-08-02,1,1,2,50.0,2812.892243270769
2023-08-03,1,1,2,50.0,2818.676067339232
2023-08-04,1,1,2,50.0,2811.1458330967475
2023-08-07,1,1,2,50.0,2876.774538002559
2023-08-08,1,1,2,50.0,2825.644983003606
2023-08-09,1,1,2,50.0,2799.344683961507
2023-08-10,1,1,2,50.0,2842.8274670016144
2023-08-11,1,1,2,50.0,2808.4002862091506
2023-08-14,1,1,2,50.0,2787.0175528656346
2023-08-16,1,1,2,50.0,2810.7239585517823
2023-08-17,1,1,2,50.0,2801.1698815068776
2023-08-18,1,1,2,50.0,2786.263012791984
2023-08-21,1,1,2,50.0,2826.719521833704
2023-08-22,1,1,2,50.0,2891.6472927305276
2023-08-23,1,1,2,50.0,2870.0194271740775
2023-08-24,1,1,2,50.0,2886.6816964488658
2023-08-25,1,1,2,50.0,2842.0854387969907
2023-08-28,1,1,2,50.0,2761.74971971529
2023-08-29,1,1,2,50.0,2744.9930952952304
2023-08-30,1,1,2,50.0,2816.572014416958
2023-08-31,1,1,2,50.0,2808.048948060225
2023-09-01,1,1,2,50.0,2896.8927037409744
2023-09-04,1,1,2,50.0,2925.6952183245257
2023-09-05,1,1,2,50.0,2889.039230202858
2023-09-06,1,1,2,50.0,2847.118398738403
2023-09-07,1,1,2,50.0,2917.868660256389
2023-09-08,1,1,2,50.0,2985.250670009104
2023-09-11,1,1,2,50.0,3057.417423375173
2023-09-12,1,1,2,50.0,3061.798660544479
2023-09-13,1,1,2,50.0,3144.0933738803483
2023-09-14,1,1,2,50.0,3171.000928520313
2023-09-15,1,1,2,50.0,3071.4790480529596
2023-09-18,1,1,2,50.0,2994.9619253640303
2023-09-20,1,1,2,50.0,3059.721843780373
2023-09-21,1,1,2,50.0,2992.0191355104507
2023-09-22,1,1,2,50.0,3002.9685288401697
2023-09-25,1,1,2,50.0,3062.9624459022584
2023-09-26,1,1,2,50.0,3084.617001990307
2023-09-27,1,1,2,50.0,3157.5412536403
2023-09-28,1,1,2,50.0,3117.6861110416694
2023-09-29,1,1,2,50.0,3137.7757574555335
2023-10-03,1,1,2,50.0,3097.7324737441127
2023-10-04,1,1,2,50.0,3178.925850531113
2023-10-05,1,1,2,50.0,3187.1688690296787
2023-10-06,1,1,2,50.0,3287.0966936949158
2023-10-09,1,1,2,50.0,3278.5725905343825
2023-10-10,1,1,2,50.0,3279.5287782415535
2023-10-11,1,1,2,50.0,3436.0881398293172
2023-10-12,1,1,2,50.0,3528.394256197828
2023-10-13,1,1,2,50.0,3601.31417866355
2023-10-16,1,1,2,50.0,3771.4506731788965
2023-10-17,1,1,2,50.0,3675.8132286944756
2023-10-18,1,1,2,50.0,3573.1764431618253
2023-10-19,1,1,2,50.0,3486.2887769386953
2023-10-20,1,1,2,50.0,3389.455793663793
2023-10-23,1,1,2,50.0,3272.3893967087024
2023-10-25,1,1,2,50.0,3259.0322013494033
2023-10-26,1,1,2,50.0,3203.2326452320854
2023-10-27,1,1,2,50.0,3317.2228040064247
2023-10-30,1,1,2,50.0,3388.139001920279
2023-10-31,1,1,2,50.0,3350.611166871305
2023-11-01,1,1,2,50.0,3322.515095770032
2023-11-02,1,1,2,50.0,3449.176624912395
2023-11-03,1,1,2,50.0,3405.8645041529594
2023-11-06,1,1,2,50.0,3508.783283678766
2023-11-07,1,1,2,50.0,3662.679136084413
2023-11-08,1,1,2,50.0,3726.157419719775
2023-11-09,1,1,2,50.0,3617.421979572581
2023-11-10,1,1,2,50.0,3653.757415616528
2023-11-12,1,1,2,50.0,3697.219595310969
2023-11-13,1,1,2,50.0,3673.5866745316466
2023-11-15,1,1,2,50.0,3637.8691166587237
2023-11-16,1,1,2,50.0,3589.876293897209
2023-11-17,1,1,2,50.0,3549.861469278654
2023-11-20,1,1,2,50.0,3475.53438197743
2023-11-21,1,1,2,50.0,3511.714369790012
2023-11-22,1,1,2,50.0,3562.172910799194
2023-11-23,1,1,2,50.0,3580.596855061477
2023-11-24,1,1,2,50.0,3577.734363023069
2023-11-28,1,1,2,50.0,3562.4940450675895
2023-11-29,1,1,2,50.0,3651.9409816881544
2023-11-30,1,1,2,50.0,3677.1871828795684
2023-12-01,1,1,2,50.0,3630.548850267813
2023-12-04,1,1,2,50.0,3774.8599965125563
2023-12-05,1,1,2,50.0,3856.204692108666
2023-12-06,1,1,2,50.0,3771.6285636351286
2023-12-07,1,1,2,50.0,3973.8386251631473
2023-12-08,1,1,2,50.0,4041.191292529297
2023-12-11,1,1,2,50.0,4131.717475630465
2023-12-12,1,1,2,50.0,4049.581693741771
2023-12-13,1,1,2,50.0,4080.805969304586
2023-12-14,1,1,2,50.0,4087.8272703073767
2023-12-15,1,1,2,50.0,4054.091556185626
2023-12-18,1,1,2,50.0,4305.685901107428
2023-12-19,1,1,2,50.0,4273.4731598581875
2023-12-20,1,1,2,50.0,4008.563771613673
2023-12-21,1,1,2,50.0,4099.971295565627
2023-12-22,1,1,2,50.0,4113.007918665549
2023-12-26,1,1,2,50.0,4090.4010647479167
2023-12-27,1,1,2,50.0,4044.6191796253247
2023-12-28,1,1,2,50.0,4136.956294943991
2023-12-29,1,1,2,50.0,4125.3290897033885
2024-01-01,1,1,2,50.0,4151.228804106931
2024-01-02,1,1,2,50.0,4308.866321415539
2024-01-03,2,0,2,100.0,4418.019816724543
2024-01-04,2,0,2,100.0,4524.897236962148
2024-01-05,2,0,2,100.0,4510.536794007471
2024-01-08,2,0,2,100.0,4441.940473822889
2024-01-09,2,0,2,100.0,4657.257597658063
2024-01-10,2,0,2,100.0,4683.148473191582
2024-01-11,2,0,2,100.0,4812.196132561445
2024-01-12,2,0,2,100.0,4786.627132876418
2024-01-15,2,0,2,100.0,4756.965991561579
2024-01-16,2,0,2,100.0,4721.944609714912
2024-01-17,2,0,2,100.0,4705.514472236969
2024-01-18,2,0,2,100.0,4653.114898898358
2024-01-19,2,0,2,100.0,4731.632757050845
2024-01-20,2,0,2,100.0,4708.910576171491
2024-01-23,2,0,2,100.0,5209.177350321843
2024-01-24,2,0,2,100.0,5463.12831983308
2024-01-25,2,0,2,100.0,5722.342756799917
2024-01-29,2,0,2,100.0,5670.12103707029
2024-01-30,2,0,2,100.0,5793.832882221048
2024-01-31,2,0,2,100.0,6125.680671836124
2024-02-01,2,0,2,100.0,6238.198892741919
2024-02-02,2,0,2,100.0,6410.363081778489
2024-02-05,2,0,2,100.0,6575.7661402166195
2024-02-06,2,0,2,100.0,6407.057379310136
2024-02-07,2,0,2,100.0,6533.345298972067
2024-02-08,2,0,2,100.0,6392.982566153353
2024-02-09,2,0,2,100.0,6484.2939878780835
2024-02-12,2,0,2,100.0,6025.074359897214
2024-02-13,2,0,2,100.0,6179.178437701939
2024-02-14,2,0,2,100.0,6071.224528132573
2024-02-15,2,0,2,100.0,6178.348403954564
2024-02-16,2,0,2,100.0,6255.174908130541
2024-02-19,2,0,2,100.0,6446.325199450317
2024-02-20,2,0,2,100.0,6367.596435327201
2024-02-21,2,0,2,100.0,6238.379142375504
2024-02-22,2,0,2,100.0,6193.120630151481
2024-02-23,2,0,2,100.0,6154.354826370715
2024-02-26,2,0,2,100.0,5903.58096103006
2024-02-27,2,0,2,100.0,5994.158808476464
2024-02-28,2,0,2,100.0,5726.3961211541655
2024-02-29,2,0,2,100.0,5885.835881404313
2024-03-01,2,0,2,100.0,6098.762817894822
2024-03-02,2,0,2,100.0,6082.262405215446
2024-03-04,2,0,2,100.0,6011.045459747617
2024-03-05,2,0,2,100.0,5973.006321266303
2024-03-06,2,0,2,100.0,5749.470987304765
2024-03-07,2,0,2,100.0,5945.601455067495
2024-03-11,2,0,2,100.0,5692.403837258113
2024-03-12,2,0,2,100.0,5472.591929263982
2024-03-13,2,0,2,100.0,5184.79085333182
2024-03-14,2,0,2,100.0,5257.989329058954
2024-03-15,2,0,2,100.0,5317.860684289436
2024-03-18,2,0,2,100.0,5430.659848300652
2024-03-19,2,0,2,100.0,5440.61293296272
2024-03-20,2,0,2,100.0,5517.418472868794
2024-03-21,2,0,2,100.0,5762.525572481245
2024-03-22,2,0,2,100.0,6021.47580038601
2024-03-26,2,0,2,100.0,6129.372693154133
2024-03-27,2,0,2,100.0,6216.933335829498
2024-03-28,2,0,2,100.0,6326.753001251952
2024-04-01,2,0,2,100.0,6468.565316191672
2024-04-02,2,0,2,100.0,6634.919132709388
2024-04-03,2,0,2,100.0,6819.573561728642
2024-04-04,2,0,2,100.0,6922.642108209986
2024-04-05,2,0,2,100.0,7004.735561379277
2024-04-08,2,0,2,100.0,7182.919797237754
2024-04-09,2,0,2,100.0,6992.502875915713
2024-04-10,2,0,2,100.0,7143.642192925136
2024-04-12,2,0,2,100.0,7344.684869741797
2024-04-15,2,0,2,100.0,7022.559900375689
2024-04-16,2,0,2,100.0,7127.5679071558425
2024-04-18,2,0,2,100.0,7259.782218598169
2024-04-19,2,0,2,100.0,7416.616381076046
2024-04-22,2,0,2,100.0,7636.288363873029
2024-04-23,2,0,2,100.0,7920.540587329077
2024-04-24,2,0,2,100.0,8093.748764048928
2024-04-25,2,0,2,100.0,7860.811769940777
2024-04-26,2,0,2,100.0,7684.925218541543
2024-04-29,2,0,2,100.0,7804.992856266787
2024-04-30,2,0,2,100.0,7740.518994369184
2024-05-02,2,0,2,100.0,7886.081922469452
2024-05-03,2,0,2,100.0,7829.041061369789
2024-05-06,2,0,2,100.0,7608.352798309201
2024-05-07,2,0,2,100.0,7429.586055791708
2024-05-08,2,0,2,100.0,7577.132369958586
2024-05-09,2,0,2,100.0,7324.400714973345
2024-05-10,2,0,2,100.0,7188.571883283029
2024-05-13,2,0,2,100.0,7061.853883741939
2024-05-14,2,0,2,100.0,7190.445673460569
2024-05-15,2,0,2,100.0,7487.881800584937
2024-05-16,2,0,2,100.0,7370.11578349705
2024-05-17,2,0,2,100.0,7304.744823902638
2024-05-18,2,0,2,100.0,7351.698315917707
2024-05-21,2,0,2,100.0,7173.62008542688
2024-05-22,2,0,2,100.0,7256.4698768437465
2024-05-23,2,0,2,100.0,7143.516935893599
2024-05-24,2,0,2,100.0,7157.246666383152
2024-05-27,2,0,2,100.0,7183.389315035656
2024-05-28,2,0,2,100.0,6902.479161062948
2024-05-29,2,0,2,100.0,6859.244459865525
2024-05-30,1,1,2,50.0,6807.855675538846
2024-05-31,1,1,2,50.0,6650.499390040962
2024-06-03,2,0,2,100.0,6891.894686630644
2024-06-04,1,1,2,50.0,6447.804025051311
2024-06-05,1,1,2,50.0,6673.616499169813
2024-06-06,1,1,2,50.0,6775.33670251872
2024-06-07,2,0,2,100.0,6941.660230799029
2024-06-10,2,0,2,100.0,7112.49368743954
2024-06-11,2,0,2,100.0,7269.115005233647
2024-06-12,2,0,2,100.0,7441.753686013516
2024-06-13,2,0,2,100.0,7428.389856491289
2024-06-14,2,0,2,100.0,7290.51063193506
2024-06-18,2,0,2,100.0,7192.634313270211
2024-06-19,2,0,2,100.0,7045.9013734925165
2024-06-20,2,0,2,100.0,7240.8861635242165
2024-06-21,2,0,2,100.0,7134.039404974659
2024-06-24,2,0,2,100.0,7171.7776199561895
2024-06-25,2,0,2,100.0,7281.776352360768
2024-06-26,2,0,2,100.0,7176.489747730791
2024-06-27,2,0,2,100.0,7040.37162731603
2024-06-28,2,0,2,100.0,7035.920936524399
2024-07-01,2,0,2,100.0,6985.723194400981
2024-07-02,2,0,2,100.0,6968.055320484923
2024-07-03,2,0,2,100.0,7177.777463382906
2024-07-04,2,0,2,100.0,7108.188729577827
2024-07-05,2,0,2,100.0,7083.857772243497
2024-07-08,2,0,2,100.0,7086.328411522433
2024-07-09,2,0,2,100.0,7106.719534448555
2024-07-10,2,0,2,100.0,7015.957380616456
2024-07-11,2,0,2,100.0,6990.501361846007
2024-07-12,2,0,2,100.0,6853.84160562723
2024-07-15,2,0,2,100.0,6806.696384614028
2024-07-16,2,0,2,100.0,6974.7605283912835
2024-07-18,2,0,2,100.0,6835.082374203068
2024-07-19,1,1,2,50.0,6639.2007840775295
2024-07-22,1,1,2,50.0,6651.982164386674
2024-07-23,2,0,2,100.0,7036.260533722826
2024-07-24,2,0,2,100.0,7498.670139295851
2024-07-25,2,0,2,100.0,7294.595235721522
2024-07-26,2,0,2,100.0,7317.110119046048
2024-07-29,2,0,2,100.0,7358.770568257374
2024-07-30,2,0,2,100.0,7571.241195949111
2024-07-31,2,0,2,100.0,7686.612564512391
2024-08-01,2,0,2,100.0,7463.115770153296
2024-08-02,2,0,2,100.0,7540.220765246644
2024-08-05,2,0,2,100.0,7444.686236897135
2024-08-06,1,1,2,50.0,7511.3697512718745
2024-08-07,2,0,2,100.0,7726.898051891968
2024-08-08,2,0,2,100.0,8015.887652992545
2024-08-09,2,0,2,100.0,8258.998684671891
2024-08-12,2,0,2,100.0,8406.851629882063
2024-08-13,1,1,2,50.0,8528.44236382358
2024-08-14,1,1,2,50.0,8260.90443085648
2024-08-16,2,0,2,100.0,8557.016155692154
2024-08-19,2,0,2,100.0,8811.875866976048
2024-08-20,2,0,2,100.0,9009.43971054077
2024-08-21,2,0,2,100.0,9218.943676087669
2024-08-22,2,0,2,100.0,9249.04935227817
2024-08-23,2,0,2,100.0,9190.893464009212
2024-08-26,2,0,2,100.0,8926.392216321241
2024-08-27,2,0,2,100.0,9185.353719425975
2024-08-28,2,0,2,100.0,9431.141950461191
2024-08-29,2,0,2,100.0,9229.96521073324
2024-08-30,2,0,2,100.0,9160.355055606711
2024-09-02,2,0,2,100.0,9204.545670192076
2024-09-03,2,0,3,100.0,9065.761262830447
2024-09-04,2,0,3,100.0,9229.116286067749
2024-09-05,1,1,3,50.0,9956.643422128416
2024-09-06,1,1,3,50.0,10396.240573221321
2024-09-09,1,1,3,50.0,10894.599293459214
2024-09-10,1,1,3,50.0,10690.903218438276
2024-09-11,2,0,3,100.0,10378.651641395285
2024-09-12,2,0,3,100.0,10410.489784405214
2024-09-13,1,1,3,50.0,10324.412159644933
2024-09-16,1,1,3,50.0,10272.235031919667
2024-09-17,1,1,3,50.0,10357.497751097653
2024-09-18,1,1,3,50.0,10287.825657836489
2024-09-19,1,1,3,50.0,10023.142511934644
2024-09-20,1,1,3,50.0,10230.537953571291
2024-09-23,1,1,3,50.0,10076.87335611021
2024-09-24,1,1,3,50.0,10053.658282191725
2024-09-25,1,1,3,50.0,9998.526188390842
2024-09-26,1,1,3,50.0,10178.425438047143
2024-09-27,1,1,3,50.0,10314.196608820534
2024-09-30,1,1,3,50.0,10346.855654128112
2024-10-01,1,1,3,50.0,10378.56391402828
2024-10-03,1,1,3,50.0,10058.81684418758
2024-10-04,1,1,3,50.0,9850.157020944811
2024-10-07,1,1,3,50.0,9374.956596443923
2024-10-08,1,1,3,50.0,9675.18043368458
2024-10-09,1,1,3,50.0,9920.427009975678
2024-10-10,1,1,3,50.0,10183.742473582037
2024-10-11,1,1,3,50.0,10184.088419427198
2024-10-14,1,1,3,50.0,10434.857363218622
2024-10-15,1,1,3,50.0,10648.814592199245
2024-10-16,1,1,3,50.0,10728.977470764072
2024-10-17,1,1,3,50.0,10387.398144843264
2024-10-18,1,1,3,50.0,10654.556214997476
2024-10-21,1,1,3,50.0,10346.461532069878
2024-10-22,1,1,3,50.0,9896.69842505742
2024-10-23,1,1,3,50.0,10033.478254775322
2024-10-24,1,1,3,50.0,10039.641047080513
2024-10-25,1,1,3,50.0,9757.786295326914
2024-10-28,1,1,4,50.0,9900.046277762105
2024-10-29,1,1,4,50.0,10012.634213667938
2024-10-30,1,1,4,50.0,10421.57710379491
2024-10-31,1,1,4,50.0,10957.055845015588
2024-11-01,1,1,4,50.0,11476.416768817136
2024-11-04,1,1,4,50.0,11629.076014420898
2024-11-05,1,1,4,50.0,12305.604668615248
2024-11-06,1,1,4,50.0,12575.2779113132
2024-11-07,1,1,4,50.0,12254.745567543669
2024-11-08,1,1,4,50.0,11996.760490072338
2024-11-11,1,1,4,50.0,11547.855079106257
2024-11-12,1,1,4,50.0,11229.59855217674
2024-11-13,1,1,4,50.0,10801.364634930615
2024-11-14,1,1,4,50.0,10670.190491070063
2024-11-18,1,1,4,50.0,11252.720933798859
2024-11-19,1,1,4,50.0,11245.49393688494
2024-11-21,1,1,4,50.0,11042.932284550398
2024-11-22,1,1,4,50.0,10862.419671160369
2024-11-25,1,1,4,50.0,10873.932285904155
2024-11-26,1,1,4,50.0,10821.406364991793
2024-11-27,1,1,4,50.0,10931.828802436363
2024-11-28,1,1,4,50.0,10964.691195528176
2024-11-29,1,1,4,50.0,11201.746432106956
2024-12-02,1,1,4,50.0,11338.070701854476
2024-12-03,1,1,4,50.0,11573.978094686474
2024-12-04,1,1,4,50.0,11875.43484896549
2024-12-05,2,0,4,100.0,12107.897654904113
2024-12-06,2,0,4,100.0,12375.94800344462
2024-12-09,2,0,4,100.0,12774.092967786491
2024-12-10,2,0,4,100.0,13193.104345638681
2024-12-11,2,0,4,100.0,13502.02262633982
2024-12-12,2,0,4,100.0,13528.125413919463
2024-12-13,2,0,4,100.0,13552.51654484768
2024-12-16,2,0,4,100.0,13790.482318199687
2024-12-17,2,0,4,100.0,13915.886443468047
2024-12-18,2,0,4,100.0,13660.600208148517
2024-12-19,2,0,4,100.0,13745.829312163733
2024-12-20,2,0,4,100.0,13596.536338638964
2024-12-23,2,0,4,100.0,13774.826240631211
2024-12-24,2,0,4,100.0,13686.291891875251
2024-12-26,2,0,4,100.0,13501.878699687115
2024-12-27,2,0,4,100.0,13362.469595143048
2024-12-30,2,0,4,100.0,13197.113325431852
2024-12-31,2,0,4,100.0,13341.320380341347
2025-01-01,2,0,4,100.0,13427.964573215419
2025-01-02,2,0,4,100.0,13401.287834069944
2025-01-03,2,0,4,100.0,13385.518565552036
2025-01-06,2,0,4,100.0,12925.465136695004
2025-01-07,2,0,4,100.0,13357.924878350368
2025-01-08,2,0,4,100.0,13344.858522082895
2025-01-09,2,0,4,100.0,13091.679426872164
2025-01-10,2,0,4,100.0,12704.98660208718
2025-01-13,2,0,4,100.0,12217.646230181505
2025-01-14,2,0,4,100.0,12462.290980940636
2025-01-15,2,0,4,100.0,12557.049975554364
2025-01-16,2,0,4,100.0,12757.000321952199
2025-01-17,2,0,4,100.0,12464.238452354028
2025-01-20,2,0,4,100.0,12748.861901066997
2025-01-21,2,0,4,100.0,12633.54068506064
2025-01-22,2,0,4,100.0,11842.184679019761
2025-01-23,2,0,4,100.0,11535.246443660715
2025-01-24,2,0,4,100.0,11049.355746195473
2025-01-27,1,1,4,50.0,10532.284199133208
2025-01-28,1,1,4,50.0,10085.566112600885
2025-01-29,2,0,4,100.0,10636.061568791449
2025-01-30,2,0,4,100.0,10517.353252654448
2025-01-31,2,0,4,100.0,11225.39457977294
2025-02-01,2,0,4,100.0,11462.586059189123
2025-02-03,1,1,4,50.0,11143.21157549808
2025-02-04,2,0,4,100.0,11288.02278902401
2025-02-05,2,0,4,100.0,11572.210210743193
2025-02-06,2,0,4,100.0,11709.721807753172
2025-02-07,2,0,4,100.0,11613.546488292614
2025-02-10,2,0,4,100.0,11220.85972990978
2025-02-11,2,0,4,100.0,10673.571097195092
2025-02-12,2,0,4,100.0,10807.62419897162
2025-02-13,1,1,4,50.0,10624.74769304286
2025-02-14,1,1,4,50.0,10249.274800994282
2025-02-17,1,1,4,50.0,10118.715427934598
2025-02-18,1,1,4,50.0,10135.78060085215
2025-02-19,2,0,4,100.0,10498.86960100394
2025-02-20,2,0,4,100.0,10606.767388789847
2025-02-21,2,0,4,100.0,10557.297655537373
2025-02-24,1,1,4,50.0,10302.644106643444
2025-02-25,1,1,4,50.0,10309.549446610918
2025-02-27,1,1,4,50.0,9944.400178384243
2025-02-28,0,2,4,0.0,9519.676990679915
2025-03-03,0,2,4,0.0,9281.480679288432
2025-03-04,1,1,4,50.0,9279.075180926015
2025-03-05,1,1,4,50.0,9566.09938264226
2025-03-06,1,1,4,50.0,9725.313896935313
2025-03-07,1,1,4,50.0,9912.102884760448
2025-03-10,1,1,4,50.0,9750.367066891495
2025-03-11,1,1,4,50.0,9684.700559448243
2025-03-12,1,1,4,50.0,9498.294852090066
2025-03-13,0,2,4,0.0,9448.796183029717
2025-03-17,0,2,4,0.0,9297.680810372896
2025-03-18,1,1,4,50.0,9551.157095293062
2025-03-19,1,1,4,50.0,9855.215336216112
2025-03-20,1,1,4,50.0,9831.213269750588
2025-03-21,0,2,4,0.0,9898.11612868568
2025-03-24,1,1,4,50.0,10213.393415196706
2025-03-25,1,1,4,50.0,10240.536247695934
2025-03-26,0,2,4,0.0,10248.368007466705
2025-03-27,1,1,4,50.0,10510.090973263847
2025-03-28,1,1,4,50.0,10505.407003085635
2025-04-01,1,1,4,50.0,10656.800064566898
2025-04-02,2,0,4,100.0,10397.882152630333
2025-04-03,1,1,4,50.0,10475.29265718263
2025-04-04,1,1,4,50.0,10291.439144821905
2025-04-07,1,1,4,50.0,9834.402679109437
2025-04-08,1,2,4,33.33333333333333,9867.939777780573
2025-04-09,1,2,4,33.33333333333333,9928.120176370267
2025-04-11,1,2,4,33.33333333333333,10267.575244006895
2025-04-15,1,2,4,33.33333333333333,10697.764909382307
2025-04-16,1,2,4,33.33333333333333,10861.209400015137
2025-04-17,2,1,4,66.66666666666666,11152.637503480733
2025-04-21,2,1,4,66.66666666666666,11412.939870128883
2025-04-22,2,1,4,66.66666666666666,11854.054629342048
2025-04-23,3,0,4,100.0,12529.556381852377
2025-04-24,2,1,4,66.66666666666666,12305.727438936128
2025-04-25,2,1,4,66.66666666666666,11805.454956777956
2025-04-28,1,2,4,33.33333333333333,11699.499809055043
2025-04-29,1,2,4,33.33333333333333,11547.34083642562
2025-04-30,1,2,4,33.33333333333333,11233.581623490614
2025-05-02,1,2,4,33.33333333333333,11139.594315546974
2025-05-05,1,2,4,33.33333333333333,11369.553276887236
2025-05-06,1,2,4,33.33333333333333,10912.162893453456
2025-05-07,0,3,4,0.0,10891.380170497116
2025-05-08,0,3,4,0.0,10867.375451673757
2025-05-09,2,1,4,66.66666666666666,11179.251279529024
2025-05-12,2,1,4,66.66666666666666,11595.759848532598
2025-05-13,2,1,4,66.66666666666666,11723.468912605225
2025-05-14,2,1,4,66.66666666666666,12154.721461094703
2025-05-15,2,1,4,66.66666666666666,12235.659025493569
2025-05-16,3,0,4,100.0,12832.956477268657
2025-05-19,3,0,4,100.0,12555.952315144887
2025-05-20,3,0,4,100.0,12449.95232842204
2025-05-21,3,0,4,100.0,12472.976361727091
2025-05-22,3,0,4,100.0,12424.090869278445
2025-05-23,3,0,4,100.0,12100.805891073604
2025-05-26,2,1,4,66.66666666666666,12098.649660375879
2025-05-27,2,1,4,66.66666666666666,12024.540984150693
2025-05-28,2,1,4,66.66666666666666,12045.363704149577
2025-05-29,3,0,4,100.0,12473.025271270175
2025-05-30,3,0,4,100.0,12521.778828198394
2025-06-02,3,0,4,100.0,12487.248694171925
2025-06-03,3,0,4,100.0,12325.197187010524
2025-06-04,2,1,4,66.66666666666666,12302.779627377264
2025-06-05,3,1,4,75.0,12313.227999145181
2025-06-06,3,1,4,75.0,12309.127497384361
2025-06-09,4,0,4,100.0,12255.345709670226
2025-06-10,4,0,4,100.0,12429.73743375927
2025-06-11,3,1,4,75.0,12404.1123405674
2025-06-12,3,1,4,75.0,12127.827669615255
2025-06-13,2,2,4,50.0,11939.560897710611
2025-06-16,2,2,4,50.0,11984.104081604934
2025-06-17,2,2,4,50.0,11721.244651837478
2025-06-18,2,2,4,50.0,11518.343074344108
2025-06-19,2,2,4,50.0,11210.357054191345
2025-06-20,2,2,4,50.0,11904.344050370395
2025-06-23,2,2,4,50.0,11724.276521255599
2025-06-24,2,2,4,50.0,11935.651060908613
2025-06-25,3,1,4,75.0,12079.222410618817
2025-06-26,3,1,4,75.0,12204.18328828182
2025-06-27,3,1,4,75.0,12087.579554003798
2025-06-30,3,1,4,75.0,12307.400700980346
2025-07-01,2,2,4,50.0,12088.555901644522
2025-07-02,2,2,4,50.0,11995.264962188721
2025-07-03,2,2,4,50.0,12006.634891806565
2025-07-04,3,1,4,75.0,11997.271245639302
2025-07-07,2,2,4,50.0,11911.243260990965
2025-07-08,1,3,4,25.0,12112.355838682659
2025-07-09,3,1,4,75.0,12241.629019610384
2025-07-10,4,0,4,100.0,12640.770617700065
2025-07-11,3,1,4,75.0,12552.557757173017
2025-07-14,3,1,4,75.0,12628.047924615557
2025-07-15,4,0,4,100.0,12763.1352440661
2025-07-16,4,0,4,100.0,12943.392166631926
2025-07-17,4,0,4,100.0,12929.17225824451
2025-07-18,4,0,4,100.0,12762.958731846102
2025-07-21,3,1,4,75.0,13096.70914978107
2025-07-22,3,1,4,75.0,13057.854107116467
2025-07-23,4,0,4,100.0,13292.811399736693
2025-07-24,4,0,4,100.0,13474.365024716411
2025-07-25,4,0,4,100.0,13199.630468108358
2025-07-28,3,1,4,75.0,12840.055722386782
2025-07-29,3,1,4,75.0,12989.407865590221
2025-07-30,4,0,4,100.0,12989.580318287897
2025-07-31,2,2,4,50.0,12650.650541070392
2025-08-01,2,2,4,50.0,12558.580229582729
2025-08-04,2,2,4,50.0,12546.811361702265
2025-08-05,2,2,4,50.0,12411.999217468463
2025-08-06,2,2,4,50.0,12492.570759531454
2025-08-07,2,2,4,50.0,12415.399432446997
2025-08-08,2,2,4,50.0,12415.717605457146
2025-08-11,3,1,4,75.0,12870.76693919251
2025-08-12,3,1,4,75.0,12791.893453678756
2025-08-13,3,1,4,75.0,12557.664951492203
2025-08-14,3,1,4,75.0,12225.015424403724
2025-08-18,2,2,4,50.0,12331.220420808164
2025-08-19,2,2,4,50.0,12466.177956744708
2025-08-20,2,2,4,50.0,12646.013288230342
2025-08-21,2,2,4,50.0,12565.180674306543
2025-08-22,2,2,4,50.0,12546.679328848577
2025-08-25,2,2,4,50.0,12392.408373438928
2025-08-26,2,2,5,50.0,12364.691715754077
2025-08-28,2,2,5,50.0,12506.768558471394
2025-08-29,2,2,5,50.0,12447.051357533865
2025-09-01,3,1,5,75.0,12473.537696246392
2025-09-02,3,1,5,75.0,12447.009288611769
2025-09-03,2,2,5,50.0,12449.821743199109
2025-09-04,2,2,5,50.0,12228.079457385506
2025-09-05,2,2,5,50.0,12322.12216574249
2025-09-08,2,2,5,50.0,12396.695375104566
2025-09-09,2,2,5,50.0,12613.697400338398
2025-09-10,2,2,5,50.0,13019.828007251243
2025-09-11,3,1,5,75.0,13249.121200880447
2025-09-12,3,1,5,75.0,12967.570171529142
2025-09-15,3,1,5,75.0,12938.139914801639
2025-09-16,3,1,5,75.0,12966.66388569414
2025-09-17,3,1,5,75.0,12876.607886033393
2025-09-18,3,1,5,75.0,12670.965657424107
2025-09-19,3,1,5,75.0,12733.179269368724
2025-09-22,2,2,5,50.0,12750.286252283358
2025-09-23,2,2,5,50.0,12588.287577622297
2025-09-24,3,1,5,75.0,12642.291855092535
2025-09-25,3,1,5,75.0,12604.000235918784
2025-09-26,2,2,5,50.0,12246.98353895511
2025-09-29,2,2,5,50.0,12271.944481459912
2025-09-30,2,2,5,50.0,12273.761528524943
2025-10-01,2,2,5,50.0,12399.926650085843
2025-10-03,3,1,5,75.0,12699.634955191601
2025-10-06,2,2,5,50.0,12525.394683058514
2025-10-07,2,2,5,50.0,12406.203963752212
2025-10-08,2,2,5,50.0,12284.672647326206
2025-10-09,2,2,5,50.0,12280.752178136248
2025-10-10,2,2,5,50.0,12589.406847168062
2025-10-13,3,1,5,75.0,12609.996677143246
2025-10-14,3,1,5,75.0,12999.279351133091
2025-10-15,3,1,5,75.0,13125.286117042207
2025-10-16,3,1,5,75.0,13200.243540094547
2025-10-17,3,1,5,75.0,12968.174078298649
2025-10-20,3,1,5,75.0,12953.023301494708
2025-10-21,3,1,5,75.0,13079.81236282184
2025-10-23,3,1,5,75.0,13026.834702338278
2025-10-24,3,1,5,75.0,12971.203077882203
2025-10-27,3,1,5,75.0,13190.73679675627
2025-10-28,3,1,5,75.0,13033.52586622905
2025-10-29,3,1,5,75.0,12974.518434700232
2025-10-30,3,1,5,75.0,13022.23868888158
2025-10-31,3,1,5,75.0,12903.743471478469
2025-11-03,3,1,5,75.0,13024.17525798491
2025-11-04,3,1,5,75.0,12770.165477698645
2025-11-06,3,1,5,75.0,12892.843556804914
2025-11-07,4,0,5,100.0,12849.240576575388
2025-11-10,4,0,5,100.0,12843.084293556873
2025-11-11,4,0,5,100.0,12934.638935491652
2025-11-12,4,0,5,100.0,13067.048385091573
2025-11-13,4,0,5,100.0,13031.315109833577
2025-11-14,3,1,5,75.0,12846.3556468495
2025-11-17,3,1,5,75.0,12676.022631053274
2025-11-18,2,2,6,50.0,12359.721586802916
2025-11-19,2,2,6,50.0,12278.911948443645
2025-11-20,2,2,7,50.0,12260.992970278467
2025-11-21,2,2,7,50.0,12036.242811539949
2025-11-24,2,2,7,50.0,11907.236789124821
2025-11-25,2,2,7,50.0,11856.775980112165
2025-11-26,2,2,7,50.0,11822.197167657016
2025-11-27,2,2,7,50.0,11697.2949156313
2025-11-28,2,2,7,50.0,11577.010539243829
2025-12-01,2,2,7,50.0,11472.919650409995
2025-12-02,2,2,7,50.0,11678.793812964801
2025-12-03,2,2,7,50.0,11672.196965458379
2025-12-04,2,2,7,50.0,11447.795581891072
2025-12-05,0,4,7,0.0,11118.22888923912
2025-12-08,0,4,7,0.0,10702.367373230236
2025-12-09,0,4,7,0.0,10780.900963238742
2025-12-10,0,4,7,0.0,10757.935393943977
2025-12-11,0,4,7,0.0,10791.248632445064
2025-12-12,1,3,7,25.0,10774.842187376378
2025-12-15,1,3,7,25.0,10641.061641295799
2025-12-16,0,4,7,0.0,10485.633085693315
2025-12-17,0,4,7,0.0,10291.864566459877
2025-12-18,0,4,7,0.0,10207.183845757036
2025-12-19,1,3,7,25.0,10471.486439450178
2025-12-22,1,3,7,25.0,10624.600559874669
2025-12-23,1,3,7,25.0,10708.00996422512
2025-12-24,1,3,7,25.0,10870.357839012859
2025-12-26,1,3,7,25.0,10864.312505856447
2025-12-29,0,4,7,0.0,10644.1497539244
2025-12-30,0,4,7,0.0,10640.641726636259
2025-12-31,0,4,7,0.0,10735.396160928238
2026-01-01,0,4,7,0.0,10676.412962716286
2026-01-02,0,4,7,0.0,10672.484003697598
2026-01-05,0,4,7,0.0,10418.703429530819
2026-01-06,0,4,7,0.0,10337.524851679866
2026-01-07,0,4,7,0.0,10530.055482540814
2026-01-08,0,4,7,0.0,10163.858047695472
2026-01-09,0,4,7,0.0,10045.399921452969
2026-01-12,0,4,7,0.0,10164.520893512467
2026-01-13,0,4,7,0.0,10223.94769302268
2026-01-14,0,4,7,0.0,10213.105505907128
2026-01-16,0,4,7,0.0,10213.105505907128
2026-01-19,0,4,7,0.0,10107.290196270284
2026-01-20,0,4,7,0.0,9670.871702515053
2026-01-21,0,4,7,0.0,9381.875597165075
2026-01-22,0,4,7,0.0,9807.991263636926
2026-01-23,0,4,7,0.0,9426.061771733863
2026-01-27,0,4,7,0.0,9549.451865175884
2026-01-28,0,4,7,0.0,9713.550741206463
2026-01-29,0,4,7,0.0,9665.359727243784
2026-01-30,0,4,7,0.0,9655.20427346554
2026-02-01,0,4,7,0.0,9374.089698953025
2026-02-02,0,4,7,0.0,9526.967383578536
2026-02-03,1,3,7,25.0,10089.06709688808
2026-02-04,1,3,7,25.0,10124.06881421728
2026-02-05,1,3,7,25.0,9920.374755553594
2026-02-06,1,3,7,25.0,9833.48436953502
2026-02-09,1,3,7,25.0,10099.456523212475
2026-02-10,1,3,7,25.0,10246.226504972865
2026-02-11,1,3,7,25.0,10234.91933749782
2026-02-12,1,3,7,25.0,10178.099220986
2026-02-13,1,3,7,25.0,9989.936451959224
2026-02-16,1,3,7,25.0,9906.121076685073
2026-02-17,0,4,7,0.0,9977.771644260696
2026-02-18,0,4,7,0.0,9960.448323571782
2026-02-19,0,4,7,0.0,9749.515036371047
2026-02-20,0,4,7,0.0,9598.892011501172
2026-02-23,0,4,7,0.0,9509.083113383716
2026-02-24,0,4,7,0.0,9449.451593957785
2026-02-25,0,4,7,0.0,9028.155578947399
2026-02-26,0,4,7,0.0,8807.320896596759
2026-02-27,0,4,7,0.0,8818.606815741949
2026-03-02,0,4,7,0.0,8548.85295481013
2026-03-04,0,4,7,0.0,8440.252491898244
2026-03-05,0,4,7,0.0,8586.071161399563
2026-03-06,0,4,7,0.0,8609.716736421324
2026-03-09,0,4,8,0.0,8451.436968477916
2026-03-10,0,4,8,0.0,8851.051516267229
2026-03-11,0,4,8,0.0,8914.519223829915
2026-03-12,0,4,8,0.0,8967.36331105751
2026-03-13,0,4,8,0.0,8736.297094742415
2026-03-16,0,4,8,0.0,8797.520065907258
2026-03-17,0,4,8,0.0,9121.523191740967
2026-03-18,1,3,8,25.0,9722.267691398367
2026-03-19,1,3,8,25.0,9523.521186457703
2026-03-20,1,3,8,25.0,9894.5830051807
2026-03-23,0,4,8,0.0,9602.6711734299
2026-03-24,1,3,8,25.0,9726.667972479074
2026-03-25,1,3,8,25.0,9854.255546440883
2026-03-27,1,3,8,25.0,9523.805202455807
2026-03-30,1,3,8,25.0,9189.404972081544
2026-04-01,0,4,8,0.0,9643.396199114253
2026-04-02,0,4,8,0.0,9736.352837649469
2026-04-06,0,5,8,0.0,9927.167968405276
2026-04-07,1,4,8,20.0,10000.743549139388
2026-04-08,2,3,8,40.0,10257.569320175302
2026-04-09,2,3,8,40.0,10436.621776377275
2026-04-10,2,3,8,40.0,10829.494800816961
2026-04-13,2,3,8,40.0,11094.292368337667
2026-04-15,2,3,8,40.0,11584.970908975009
2026-04-16,2,3,8,40.0,11790.108759257168
2026-04-17,2,3,8,40.0,12075.87425905452
2026-04-20,2,3,8,40.0,11962.239428116567
2026-04-21,2,3,8,40.0,11976.676640555643
2026-04-22,2,3,8,40.0,12220.678157338793
2026-04-23,3,2,8,60.0,12621.333621071017
2026-04-24,3,2,8,60.0,12495.436496953338
2026-04-27,3,2,8,60.0,12740.73257911003
2026-04-28,3,2,8,60.0,13042.550611693296
2026-04-29,3,2,8,60.0,12997.698443176983
2026-04-30,2,3,8,40.0,12416.441327049022
2026-05-04,3,2,8,60.0,12508.76481601416
2026-05-05,3,2,8,60.0,12487.014913878073
2026-05-06,3,2,8,60.0,12607.152407512764
2026-05-07,4,1,8,80.0,12649.990455795434
2026-05-08,4,1,8,80.0,12495.327434026443
2026-05-11,4,1,8,80.0,12440.342939931183
2026-05-12,3,2,8,60.0,12031.011251679132
2026-05-13,2,3,8,40.0,11936.598716240562
2026-05-14,2,3,8,40.0,11897.588296570124
2026-05-15,2,3,8,40.0,11776.374547103864
2026-05-18,1,4,8,20.0,11527.233485193916
2026-05-19,2,3,8,40.0,11879.591877813556
2026-05-20,2,3,8,40.0,11873.324112477529
2026-05-21,2,3,8,40.0,11965.347373659593
2026-05-22,2,3,8,40.0,11967.46357381293
2026-05-25,2,3,8,40.0,12350.693555381775
2026-05-26,2,3,8,40.0,12425.164548105462
2026-05-27,3,2,8,60.0,12510.394871530032
2026-05-29,3,2,8,60.0,12621.244297773072
2026-06-01,2,3,8,40.0,12246.952157867954
2026-06-02,2,3,8,40.0,12471.942594260863
2026-06-03,3,2,8,60.0,12819.363137746213
2026-06-04,2,3,8,40.0,12983.483643176563
2026-06-05,2,3,8,40.0,12795.923934069746
2026-06-08,2,3,8,40.0,12525.578773166271
2026-06-09,2,3,8,40.0,12701.970330549902
2026-06-10,2,3,8,40.0,12588.399596846044
2026-06-11,2,3,8,40.0,12256.642845253733
2026-06-12,3,2,8,60.0,12600.580602734548
2026-06-15,3,2,8,60.0,12670.089613240196
2026-06-22,3,2,8,60.0,12778.164130136696
2026-06-23,3,2,8,60.0,12539.956239839707
2026-06-24,3,2,8,60.0,12569.287651907853
2026-06-25,3,2,8,60.0,12511.878643104297
2026-06-29,3,2,8,60.0,12344.417398858199
2026-06-30,3,2,8,60.0,12533.99192062075
2026-07-01,3,2,8,60.0,12621.985291567238
2026-07-02,3,2,8,60.0,12930.85447912523
2026-07-03,4,2,8,66.66666666666666,12833.749533790626
2026-07-06,4,2,8,66.66666666666666,12675.572079724474
2026-07-07,5,2,8,71.42857142857143,12439.239590341012
2026-07-08,5,2,8,71.42857142857143,12362.393523170405
2026-07-09,5,2,8,71.42857142857143,12976.91281991138
2026-07-10,5,2,8,71.42857142857143,13262.177072339146
2026-07-13,5,2,8,71.42857142857143,13225.68338183643
2026-07-14,5,2,8,71.42857142857143,12950.925377789998
2026-07-15,5,2,8,71.42857142857143,12858.334813757085
2026-07-16,5,2,8,71.42857142857143,12994.365873526316
2026-07-17,5,2,8,71.42857142857143,12963.122087916216
2026-07-20,5,2,8,71.42857142857143,12911.943766493521
2026-07-21,5,2,8,71.42857142857143,12710.000648989428
2026-07-22,5,2,8,71.42857142857143,12573.861142317231
2026-07-23,5,2,8,71.42857142857143,12448.501216849816
2026-07-24,5,2,8,71.42857142857143,12507.241363023562
2026-07-27,5,2,8,71.42857142857143,12555.301585754296
2026-07-28,5,2,8,71.42857142857143,12387.778794096204
2026-07-29,5,2,8,71.42857142857143,12367.819592098323
2026-07-30,4,3,8,57.14285714285714,12008.707066860974
2026-07-31,5,2,8,71.42857142857143,12257.106037913994
2026-08-03,5,2,8,71.42857142857143,12321.165330758851
2026-08-04,5,2,8,71.42857142857143,12418.275479618706
2026-08-05,5,2,8,71.42857142857143,12413.259691526864
2026-08-06,4,3,8,57.14285714285714,12338.392433574176
2026-08-07,5,2,8,71.42857142857143,12206.374024881326
2026-08-10,5,2,8,71.42857142857143,12113.283277741262
2026-08-11,4,3,8,57.14285714285714,12028.743062604502
2026-08-12,4,3,8,57.14285714285714,11920.078927686895
2026-08-13,4,3,8,57.14285714285714,12013.264851980313
2026-08-14,4,3,8,57.14285714285714,11983.580403596907
2026-08-17,4,3,8,57.14285714285714,12281.095606157449
2026-08-18,4,3,8,57.14285714285714,12233.508485295511
2026-08-19,4,3,8,57.14285714285714,12053.844864096991
2026-08-20,4,3,8,57.14285714285714,12125.697797214216
2026-08-21,4,3,8,57.14285714285714,12172.572799677313
2026-08-24,4,3,8,57.14285714285714,12017.339098882176
2026-08-25,3,4,8,42.857142857142854,11933.703251577985
