Date,Above,Below,Total,Percentage,Index_Close
2014-08-07,7,0,7,100.0,136.86171925578705
2014-08-08,7,0,7,100.0,134.16618941025092
2014-08-11,7,0,7,100.0,135.55034185460138
2014-08-12,7,0,7,100.0,137.50115191643403
2014-08-13,7,0,7,100.0,136.2047763181841
2014-08-14,7,0,7,100.0,137.66999680238771
2014-08-18,7,0,7,100.0,141.13435469296198
2014-08-19,7,0,7,100.0,143.16489015806704
2014-08-20,7,0,7,100.0,143.0254346923123
2014-08-21,7,0,7,100.0,144.4695324680634
2014-08-22,7,0,7,100.0,145.6001785273982
2014-08-25,7,0,7,100.0,144.19473530797174
2014-08-26,7,0,7,100.0,143.57178429588055
2014-08-27,7,0,7,100.0,145.19643023864813
2014-08-28,7,0,7,100.0,145.4594507168328
2014-09-01,7,0,7,100.0,148.86410772764492
2014-09-02,7,0,7,100.0,150.15203897819745
2014-09-03,7,0,7,100.0,151.202623119142
2014-09-04,7,0,7,100.0,150.66505052277643
2014-09-05,7,0,7,100.0,150.352593111499
2014-09-08,7,0,7,100.0,152.15803156130164
2014-09-09,7,0,7,100.0,152.0555297115342
2014-09-10,7,0,7,100.0,151.52635603698184
2014-09-11,7,0,7,100.0,152.2450937545702
2014-09-12,7,0,7,100.0,152.52588121362143
2014-09-15,7,0,7,100.0,150.43417790781854
2014-09-16,7,0,7,100.0,146.76754991977276
2014-09-17,7,0,7,100.0,147.05899192605403
2014-09-18,7,0,7,100.0,149.82076922432958
2014-09-19,7,0,7,100.0,150.1562601641316
2014-09-22,7,0,7,100.0,150.92481112756263
2014-09-23,7,0,7,100.0,148.52566363868536
2014-09-24,7,0,7,100.0,147.4692755272134
2014-09-25,7,0,7,100.0,143.4135396646225
2014-09-26,7,0,7,100.0,146.81132207305558
2014-09-29,7,0,7,100.0,145.5529404570238
2014-09-30,7,0,7,100.0,144.72642030934543
2014-10-01,7,0,7,100.0,143.58173384815538
2014-10-07,7,0,7,100.0,142.33868548496253
2014-10-08,7,0,7,100.0,143.94167793020495
2014-10-09,7,0,7,100.0,148.5251484304405
2014-10-10,7,0,7,100.0,145.88960171405353
2014-10-13,7,0,7,100.0,148.95530139595473
2014-10-14,7,0,7,100.0,150.5000580859712
2014-10-16,7,0,7,100.0,148.10078374632425
2014-10-17,7,0,7,100.0,151.56220110046422
2014-10-20,7,0,7,100.0,154.40436881068032
2014-10-21,7,0,7,100.0,156.59510124078187
2014-10-22,7,0,7,100.0,157.8380862733108
2014-10-23,7,0,7,100.0,157.90018318159957
2014-10-27,7,0,7,100.0,159.27638177666003
2014-10-28,7,0,7,100.0,159.60780690268214
2014-10-29,7,0,7,100.0,159.20277891691703
2014-10-30,7,0,7,100.0,161.53721706303799
2014-10-31,7,0,7,100.0,164.6013535721329
2014-11-03,7,0,7,100.0,164.74062495806675
2014-11-05,7,0,7,100.0,166.68991947702193
2014-11-07,7,0,7,100.0,167.21670702846214
2014-11-10,7,0,7,100.0,166.28443135491767
2014-11-11,7,0,7,100.0,167.049335903648
2014-11-12,7,0,7,100.0,169.50678482658262
2014-11-13,7,0,7,100.0,167.7469023281451
2014-11-14,7,0,7,100.0,167.60007637227298
2014-11-17,7,0,7,100.0,167.91901141369806
2014-11-18,7,0,7,100.0,167.74556982012467
2014-11-19,7,0,7,100.0,166.4841858275814
2014-11-20,7,0,7,100.0,167.3373234120488
2014-11-21,7,0,7,100.0,171.83452882108722
2014-11-24,7,0,7,100.0,172.64777870626097
2014-11-25,7,0,7,100.0,169.6533612094863
2014-11-26,7,0,7,100.0,169.64305163702983
2014-11-27,7,0,7,100.0,170.8367586720411
2014-11-28,7,0,7,100.0,175.3128336948525
2014-12-01,7,0,7,100.0,175.81767954054112
2014-12-02,7,0,7,100.0,175.874163086784
2014-12-03,7,0,7,100.0,178.17666327932838
2014-12-04,7,0,7,100.0,179.24009755338926
2014-12-05,7,0,7,100.0,178.93666983102997
2014-12-08,7,0,7,100.0,176.65339407330504
2014-12-09,7,0,7,100.0,174.24021562928425
2014-12-10,7,0,7,100.0,175.2931623584697
2014-12-11,7,0,7,100.0,175.04870388869384
2014-12-12,7,0,7,100.0,174.32488965806385
2014-12-15,7,0,7,100.0,175.52852355921016
2014-12-16,7,0,7,100.0,170.95774050027202
2014-12-17,7,0,7,100.0,170.98560803507834
2014-12-18,7,0,7,100.0,175.24732784674833
2014-12-19,7,0,7,100.0,176.93316827941626
2014-12-22,7,0,7,100.0,179.31797576498894
2014-12-23,7,0,7,100.0,178.46629560650177
2014-12-24,7,0,7,100.0,178.59567285445848
2014-12-26,7,0,7,100.0,178.58156418838442
2014-12-29,7,0,7,100.0,178.62287346762272
2014-12-30,7,0,7,100.0,180.3943834499425
2014-12-31,7,0,7,100.0,181.768146866671
2015-01-01,7,0,7,100.0,181.69827373488684
2015-01-02,7,0,7,100.0,184.2385389012468
2015-01-05,7,0,7,100.0,184.07930532582648
2015-01-06,7,0,7,100.0,179.5257055876218
2015-01-07,7,0,7,100.0,178.6962728772518
2015-01-08,7,0,7,100.0,182.50990855124547
2015-01-09,7,0,7,100.0,182.4724561438619
2015-01-12,7,0,7,100.0,184.6159485653117
2015-01-13,7,0,7,100.0,184.4050640037721
2015-01-14,7,0,7,100.0,183.6709079244277
2015-01-15,7,0,7,100.0,187.34592735798924
2015-01-16,7,0,7,100.0,187.30492136199172
2015-01-19,7,0,7,100.0,189.60156928469792
2015-01-20,7,0,7,100.0,192.91564960962012
2015-01-21,7,0,7,100.0,192.46671655602142
2015-01-22,7,0,7,100.0,193.38498413589807
2015-01-23,7,0,7,100.0,195.1646326216305
2015-01-27,7,0,7,100.0,199.0090934498419
2015-01-28,7,0,7,100.0,197.9926495319924
2015-01-29,7,0,7,100.0,198.4750918969721
2015-01-30,7,0,7,100.0,194.77790582155646
2015-02-02,7,0,7,100.0,195.9628373923028
2015-02-03,7,0,7,100.0,191.15278919865756
2015-02-04,7,0,7,100.0,188.80562776668248
2015-02-05,7,0,7,100.0,188.26030027198897
2015-02-06,7,0,7,100.0,186.59937191728994
2015-02-09,7,0,7,100.0,184.1383278936494
2015-02-10,7,0,7,100.0,186.4740218637975
2015-02-11,7,0,7,100.0,189.01154445865419
2015-02-12,7,0,7,100.0,191.27612428462277
2015-02-13,7,0,7,100.0,191.67065544267902
2015-02-16,7,0,7,100.0,189.1768910401309
2015-02-18,7,0,7,100.0,189.73767474606348
2015-02-19,7,0,7,100.0,188.9066154931339
2015-02-20,7,0,7,100.0,189.1873194868223
2015-02-23,7,0,7,100.0,188.70945126191955
2015-02-24,7,0,7,100.0,188.64293940475966
2015-02-25,7,0,7,100.0,187.23447975137665
2015-02-26,7,0,7,100.0,185.48675182664016
2015-02-27,7,0,7,100.0,190.32130995342428
2015-02-28,7,0,7,100.0,198.12871828109354
2015-03-02,7,0,7,100.0,203.4511588713633
2015-03-03,7,0,7,100.0,202.63404619532562
2015-03-04,7,0,7,100.0,198.79389816661296
2015-03-05,7,0,7,100.0,199.70403637947314
2015-03-09,7,0,7,100.0,193.29732006537142
2015-03-10,7,0,7,100.0,191.91535657475322
2015-03-11,7,0,7,100.0,192.01620969059658
2015-03-12,7,0,7,100.0,192.60710562499594
2015-03-13,7,0,7,100.0,188.51761253894395
2015-03-16,7,0,7,100.0,188.78910846156273
2015-03-17,7,0,7,100.0,192.53153137814007
2015-03-18,7,0,7,100.0,193.54568441337997
2015-03-19,7,0,7,100.0,190.02342157765008
2015-03-20,6,1,7,85.71428571428571,188.8365982703835
2015-03-23,6,1,7,85.71428571428571,187.6892039812089
2015-03-24,5,2,7,71.42857142857143,186.5816402137441
2015-03-25,6,1,7,85.71428571428571,186.6653558601072
2015-03-26,5,2,7,71.42857142857143,183.00511340599434
2015-03-27,5,2,7,71.42857142857143,184.33059277081028
2015-03-30,5,2,7,71.42857142857143,186.8590188159851
2015-03-31,5,2,7,71.42857142857143,185.82329301690373
2015-04-01,6,1,7,85.71428571428571,190.60338134544003
2015-04-06,6,1,7,85.71428571428571,190.13575814277954
2015-04-07,5,2,7,71.42857142857143,188.74908626086636
2015-04-08,5,2,7,71.42857142857143,187.439583298825
2015-04-09,5,2,7,71.42857142857143,192.25555140352924
2015-04-10,5,2,7,71.42857142857143,191.09630345518016
2015-04-13,5,2,7,71.42857142857143,191.45024881143317
2015-04-15,5,2,7,71.42857142857143,191.02602907821654
2015-04-16,5,2,7,71.42857142857143,189.8231726108429
2015-04-17,5,2,7,71.42857142857143,184.96187256728936
2015-04-20,5,2,7,71.42857142857143,181.2397228021378
2015-04-21,5,2,7,71.42857142857143,180.7408265907373
2015-04-22,5,2,7,71.42857142857143,182.84135044811117
2015-04-23,5,2,7,71.42857142857143,185.39488942291968
2015-04-24,5,2,7,71.42857142857143,181.90225539632456
2015-04-27,5,2,7,71.42857142857143,179.2269626665773
2015-04-28,6,1,7,85.71428571428571,183.500333938246
2015-04-29,6,1,7,85.71428571428571,185.21832266761763
2015-04-30,6,1,7,85.71428571428571,185.9956061227406
2015-05-04,7,0,7,100.0,188.3830229271479
2015-05-05,7,0,7,100.0,189.12750057339042
2015-05-06,5,2,7,71.42857142857143,181.35990651951028
2015-05-07,5,2,7,71.42857142857143,177.17341238549585
2015-05-08,5,2,7,71.42857142857143,182.5378423925837
2015-05-11,6,1,7,85.71428571428571,185.59378884010067
2015-05-12,5,2,7,71.42857142857143,180.2952334076838
2015-05-13,5,2,7,71.42857142857143,184.7159914979621
2015-05-14,6,1,7,85.71428571428571,185.00998639680162
2015-05-15,6,1,7,85.71428571428571,186.67065487663876
2015-05-18,6,1,7,85.71428571428571,188.67983930012696
2015-05-19,6,1,7,85.71428571428571,188.79916849119584
2015-05-20,6,1,7,85.71428571428571,190.54289787681367
2015-05-21,6,1,7,85.71428571428571,190.9966637857677
2015-05-22,6,1,7,85.71428571428571,190.64591238747417
2015-05-25,6,1,7,85.71428571428571,189.66651686145548
2015-05-26,6,1,7,85.71428571428571,190.1090046805279
2015-05-27,6,1,7,85.71428571428571,192.31416037410176
2015-05-28,6,1,7,85.71428571428571,191.5057320428043
2015-05-29,6,1,7,85.71428571428571,194.78827826593837
2015-06-01,6,1,7,85.71428571428571,194.06747990193557
2015-06-02,6,1,7,85.71428571428571,187.44895174221773
2015-06-03,6,1,7,85.71428571428571,185.37093729997773
2015-06-04,6,1,7,85.71428571428571,185.85065686543084
2015-06-05,6,1,7,85.71428571428571,184.0769081744566
2015-06-08,5,2,7,71.42857142857143,182.70709811329158
2015-06-09,6,1,7,85.71428571428571,183.41535292107216
2015-06-10,6,1,7,85.71428571428571,185.35176977507717
2015-06-11,5,2,7,71.42857142857143,180.1275791932835
2015-06-12,5,2,7,71.42857142857143,182.34653524417232
2015-06-15,5,2,7,71.42857142857143,181.58430226181423
2015-06-16,5,2,7,71.42857142857143,183.77066577604316
2015-06-17,6,1,7,85.71428571428571,184.69441793667116
2015-06-18,6,1,7,85.71428571428571,185.9940346528682
2015-06-19,6,1,7,85.71428571428571,187.5299886351886
2015-06-22,6,1,7,85.71428571428571,191.9638739455565
2015-06-23,6,1,7,85.71428571428571,192.17328785336008
2015-06-24,6,1,7,85.71428571428571,192.44149980880195
2015-06-25,6,1,7,85.71428571428571,195.33135356931018
2015-06-26,6,1,7,85.71428571428571,193.68878915496498
2015-06-29,6,1,7,85.71428571428571,192.32031601021126
2015-06-30,6,1,7,85.71428571428571,193.21340350967137
2015-07-01,6,1,7,85.71428571428571,196.41345544410837
2015-07-02,6,1,7,85.71428571428571,197.77048852847608
2015-07-03,6,1,7,85.71428571428571,199.22210706130198
2015-07-06,6,1,7,85.71428571428571,200.1107818614671
2015-07-07,6,1,7,85.71428571428571,199.0589951418276
2015-07-08,6,1,7,85.71428571428571,194.54824720832653
2015-07-09,6,1,7,85.71428571428571,195.12485617497921
2015-07-10,6,1,7,85.71428571428571,196.75789786214307
2015-07-13,6,1,7,85.71428571428571,199.53863688324918
2015-07-14,6,1,7,85.71428571428571,198.83710105170306
2015-07-15,6,1,7,85.71428571428571,198.8392257667614
2015-07-16,6,1,7,85.71428571428571,202.61012253791293
2015-07-17,6,1,7,85.71428571428571,201.4936062841826
2015-07-20,6,1,7,85.71428571428571,199.68576816614566
2015-07-21,6,1,7,85.71428571428571,196.45313867953126
2015-07-22,6,1,7,85.71428571428571,199.3282897172616
2015-07-23,6,1,7,85.71428571428571,197.66408010987826
2015-07-24,6,1,7,85.71428571428571,196.24281242510136
2015-07-27,5,2,7,71.42857142857143,191.59674394691535
2015-07-28,5,2,7,71.42857142857143,192.97240822889654
2015-07-29,5,2,7,71.42857142857143,194.3437289512658
2015-07-30,5,2,7,71.42857142857143,194.56565304101105
2015-07-31,5,2,7,71.42857142857143,195.648279890459
2015-08-03,5,2,7,71.42857142857143,196.17143385277976
2015-08-04,5,2,7,71.42857142857143,195.81664794444612
2015-08-05,5,2,7,71.42857142857143,195.8179056110523
2015-08-06,5,2,7,71.42857142857143,196.2198239301502
2015-08-07,5,2,7,71.42857142857143,195.68720723455579
2015-08-10,5,2,7,71.42857142857143,195.02425537439694
2015-08-11,5,2,7,71.42857142857143,193.68809646998744
2015-08-12,4,3,7,57.14285714285714,187.75601688330605
2015-08-13,4,3,7,57.14285714285714,188.4214879540436
2015-08-14,5,2,7,71.42857142857143,194.4678053165039
2015-08-17,4,3,7,57.14285714285714,193.67828852541172
2015-08-18,4,3,7,57.14285714285714,193.03086513162165
2015-08-19,4,3,7,57.14285714285714,192.3727221104257
2015-08-20,3,4,7,42.857142857142854,187.13196039892694
2015-08-21,3,4,7,42.857142857142854,184.18793506509016
2015-08-24,2,5,7,28.57142857142857,171.1702189128408
2015-08-25,2,5,7,28.57142857142857,176.08969890018815
2015-08-26,1,6,7,14.285714285714285,173.2636820730537
2015-08-27,2,5,7,28.57142857142857,176.20877872779906
2015-08-28,1,6,7,14.285714285714285,175.88451481452802
2015-08-31,2,5,7,28.57142857142857,175.86299776098718
2015-09-01,0,7,7,0.0,169.23780098855298
2015-09-02,0,7,7,0.0,167.22046437890353
2015-09-03,0,7,7,0.0,170.75010418522726
2015-09-04,0,7,7,0.0,166.0034395553151
2015-09-07,0,7,7,0.0,163.13241900042354
2015-09-08,0,7,7,0.0,169.3359967018482
2015-09-09,1,6,7,14.285714285714285,172.980987479081
2015-09-10,1,6,7,14.285714285714285,173.07086426824225
2015-09-11,1,6,7,14.285714285714285,173.13684697534225
2015-09-14,1,6,7,14.285714285714285,176.34818414081693
2015-09-15,1,6,7,14.285714285714285,174.65231551987924
2015-09-16,1,6,7,14.285714285714285,177.5052600100924
2015-09-18,2,5,7,28.57142857142857,182.63143607156394
2015-09-21,2,5,7,28.57142857142857,184.31002288553708
2015-09-22,2,5,7,28.57142857142857,178.4914046005212
2015-09-23,2,5,7,28.57142857142857,180.78382419863223
2015-09-24,2,5,7,28.57142857142857,180.4932630064252
2015-09-28,2,5,7,28.57142857142857,179.49668967337146
2015-09-29,2,5,7,28.57142857142857,181.37326544550461
2015-09-30,2,5,7,28.57142857142857,180.48811087058047
2015-10-01,2,5,7,28.57142857142857,180.8332605738063
2015-10-05,2,5,7,28.57142857142857,184.9980835464628
2015-10-06,2,5,7,28.57142857142857,184.20780933340345
2015-10-07,2,5,7,28.57142857142857,183.55936764264106
2015-10-08,2,5,7,28.57142857142857,181.85271320948254
2015-10-09,2,5,7,28.57142857142857,182.54673558281905
2015-10-12,2,5,7,28.57142857142857,183.3381337386578
2015-10-13,2,5,7,28.57142857142857,182.94164587906567
2015-10-14,2,5,7,28.57142857142857,183.03192792501227
2015-10-15,2,5,7,28.57142857142857,184.45024864587327
2015-10-16,2,5,7,28.57142857142857,186.43182345126277
2015-10-19,2,5,7,28.57142857142857,186.21453181084243
2015-10-20,2,5,7,28.57142857142857,186.08769348291466
2015-10-21,2,5,7,28.57142857142857,182.59707112231868
2015-10-23,2,5,7,28.57142857142857,184.3782182052865
2015-10-26,2,5,7,28.57142857142857,182.8880156128802
2015-10-27,2,5,7,28.57142857142857,182.75945346377353
2015-10-28,2,5,7,28.57142857142857,178.3357461660502
2015-10-29,2,5,7,28.57142857142857,176.9512158751625
2015-10-30,3,4,7,42.857142857142854,178.65285610933523
2015-11-02,3,4,7,42.857142857142854,179.34846955507305
2015-11-03,3,4,7,42.857142857142854,179.46451079449935
2015-11-04,2,5,7,28.57142857142857,178.52683600436555
2015-11-05,2,5,7,28.57142857142857,175.74913163930185
2015-11-06,2,5,7,28.57142857142857,176.01068903078655
2015-11-09,2,5,7,28.57142857142857,175.36708227201171
2015-11-10,2,5,7,28.57142857142857,173.0051408275014
2015-11-11,2,5,7,28.57142857142857,174.88456477093172
2015-11-13,2,5,7,28.57142857142857,174.52023481024074
2015-11-16,3,4,7,42.857142857142854,177.84191226434513
2015-11-17,3,4,7,42.857142857142854,177.18553605621418
2015-11-18,2,5,7,28.57142857142857,173.92170571912834
2015-11-19,3,4,7,42.857142857142854,176.63001205331494
2015-11-20,3,4,7,42.857142857142854,176.26488645607077
2015-11-23,3,4,7,42.857142857142854,176.98181104423833
2015-11-24,3,4,7,42.857142857142854,176.61008254243754
2015-11-26,3,4,7,42.857142857142854,177.04002103697377
2015-11-27,3,4,7,42.857142857142854,180.3387757862206
2015-11-30,3,4,7,42.857142857142854,180.9065005004322
2015-12-01,3,4,7,42.857142857142854,180.41995847284497
2015-12-02,3,4,7,42.857142857142854,178.5411140172527
2015-12-03,2,5,7,28.57142857142857,178.03995241058084
2015-12-04,2,5,7,28.57142857142857,176.11199043587803
2015-12-07,2,5,7,28.57142857142857,177.12011538487343
2015-12-08,2,5,7,28.57142857142857,175.99838497299177
2015-12-09,1,6,7,14.285714285714285,173.27005195149664
2015-12-10,3,4,7,42.857142857142854,173.77269515358026
2015-12-11,1,6,7,14.285714285714285,169.8546551694435
2015-12-14,2,5,7,28.57142857142857,169.32613015939364
2015-12-15,3,4,7,42.857142857142854,170.45801091366252
2015-12-16,3,4,7,42.857142857142854,172.48147545573934
2015-12-17,3,4,7,42.857142857142854,174.6621479814144
2015-12-18,3,4,7,42.857142857142854,173.5218431307163
2015-12-21,3,4,7,42.857142857142854,176.02210688196462
2015-12-22,3,4,7,42.857142857142854,175.2346539044311
2015-12-23,3,4,7,42.857142857142854,176.7564856229924
2015-12-24,3,4,7,42.857142857142854,176.29383765618297
2015-12-28,3,4,7,42.857142857142854,178.3319138600694
2015-12-29,3,4,7,42.857142857142854,178.54243102397726
2015-12-30,3,4,7,42.857142857142854,178.3070007501414
2015-12-31,3,4,7,42.857142857142854,177.9884540323523
2016-01-01,3,4,7,42.857142857142854,179.13409149221468
2016-01-04,3,4,7,42.857142857142854,174.31689393295423
2016-01-05,3,4,7,42.857142857142854,174.29075302487377
2016-01-06,3,4,7,42.857142857142854,172.98091863733768
2016-01-07,3,4,7,42.857142857142854,168.3276215686769
2016-01-08,3,4,7,42.857142857142854,169.8151421528727
2016-01-11,3,4,7,42.857142857142854,169.20681432970187
2016-01-12,2,5,7,28.57142857142857,164.49154108995978
2016-01-13,3,4,7,42.857142857142854,166.66537796764814
2016-01-14,2,5,7,28.57142857142857,163.33869835866892
2016-01-15,1,6,7,14.285714285714285,160.48846272498818
2016-01-18,1,6,7,14.285714285714285,158.84876490983956
2016-01-19,0,7,7,0.0,161.95831080378142
2016-01-20,0,7,7,0.0,158.41797135513153
2016-01-21,0,7,7,0.0,160.06764526433147
2016-01-22,1,6,7,14.285714285714285,164.72529444942597
2016-01-25,2,5,7,28.57142857142857,164.36841676010226
2016-01-27,1,6,7,14.285714285714285,164.0396062381324
2016-01-28,1,6,7,14.285714285714285,161.8788192164697
2016-01-29,2,5,7,28.57142857142857,165.818678033484
2016-02-01,4,3,7,57.14285714285714,165.4770571662987
2016-02-02,2,5,7,28.57142857142857,162.83931311405607
2016-02-03,2,5,7,28.57142857142857,160.99453120166177
2016-02-04,1,6,7,14.285714285714285,160.7784450993486
2016-02-05,4,3,7,57.14285714285714,163.9256555892831
2016-02-08,1,6,7,14.285714285714285,162.43697153722374
2016-02-09,0,7,7,0.0,160.1687832943912
2016-02-10,0,7,7,0.0,158.03277826465907
2016-02-11,0,7,7,0.0,151.9692321700499
2016-02-12,0,7,7,0.0,152.01905603427687
2016-02-15,0,7,7,0.0,156.4610787591359
2016-02-16,0,7,7,0.0,154.75941299786518
2016-02-17,0,7,7,0.0,154.24467186548114
2016-02-18,0,7,7,0.0,156.1018025311515
2016-02-19,0,7,7,0.0,156.36117776727144
2016-02-22,0,7,7,0.0,157.46671442890704
2016-02-23,0,7,7,0.0,153.53679970288104
2016-02-24,0,7,7,0.0,151.27088852809013
2016-02-25,0,7,7,0.0,148.08401545025606
2016-02-26,0,7,7,0.0,150.7434842435327
2016-02-29,0,7,7,0.0,152.0503843672566
2016-03-01,0,7,7,0.0,157.596542149398
2016-03-02,0,7,7,0.0,164.20682792944908
2016-03-03,0,7,7,0.0,164.95665245057424
2016-03-04,2,5,7,28.57142857142857,166.32451914568975
2016-03-08,2,5,7,28.57142857142857,164.98021860784465
2016-03-09,2,5,7,28.57142857142857,166.77744874157423
2016-03-10,2,5,7,28.57142857142857,166.07921006030864
2016-03-11,2,5,7,28.57142857142857,165.6696462749185
2016-03-14,2,5,7,28.57142857142857,166.19489018259867
2016-03-15,2,5,7,28.57142857142857,166.36253115891913
2016-03-16,2,5,7,28.57142857142857,167.81555622244292
2016-03-17,2,5,7,28.57142857142857,168.5463183164809
2016-03-18,2,5,7,28.57142857142857,170.54859584999247
2016-03-21,2,5,7,28.57142857142857,173.00224940826854
2016-03-22,3,4,7,42.857142857142854,172.58723045610395
2016-03-23,2,5,7,28.57142857142857,172.45900668172712
2016-03-28,2,5,7,28.57142857142857,169.435260433942
2016-03-29,3,4,7,42.857142857142854,169.9924676169546
2016-03-30,4,3,7,57.14285714285714,173.99684511440145
2016-03-31,4,3,7,57.14285714285714,174.3105128278022
2016-04-01,4,3,7,57.14285714285714,174.34997708068573
2016-04-04,4,3,7,57.14285714285714,173.83787175417146
2016-04-05,3,4,7,42.857142857142854,168.82037648850726
2016-04-06,3,4,7,42.857142857142854,168.52719452605214
2016-04-07,3,4,7,42.857142857142854,167.04923371724294
2016-04-08,3,4,7,42.857142857142854,167.61366109289384
2016-04-11,3,4,7,42.857142857142854,170.04820397229332
2016-04-12,4,3,7,57.14285714285714,171.2399505551875
2016-04-13,4,3,7,57.14285714285714,174.98747655228593
2016-04-18,4,3,7,57.14285714285714,175.70802813523824
2016-04-20,4,3,7,57.14285714285714,175.7664184190021
2016-04-21,4,3,7,57.14285714285714,178.57715672558695
2016-04-22,5,2,7,71.42857142857143,179.36404682839176
2016-04-25,4,3,7,57.14285714285714,179.84339140347004
2016-04-26,5,2,7,71.42857142857143,183.86446792928345
2016-04-27,4,3,7,57.14285714285714,183.16372501357316
2016-04-28,4,3,7,57.14285714285714,182.0421581343626
2016-04-29,5,2,7,71.42857142857143,182.92253278329167
2016-05-02,5,2,7,71.42857142857143,181.7661838091459
2016-05-03,5,2,7,71.42857142857143,180.3634111294514
2016-05-04,4,3,7,57.14285714285714,180.34904856989274
2016-05-05,4,3,7,57.14285714285714,180.07136322677755
2016-05-06,4,3,7,57.14285714285714,179.72091623642035
2016-05-09,5,2,7,71.42857142857143,184.1896870359981
2016-05-10,5,2,7,71.42857142857143,185.2375397768482
2016-05-11,5,2,7,71.42857142857143,185.65296323394554
2016-05-12,5,2,7,71.42857142857143,186.7589096316363
2016-05-13,5,2,7,71.42857142857143,185.6289700715653
2016-05-16,5,2,7,71.42857142857143,187.65959672393012
2016-05-17,5,2,7,71.42857142857143,187.93933327606624
2016-05-18,5,2,7,71.42857142857143,187.5012127923533
2016-05-19,5,2,7,71.42857142857143,185.9005941648285
2016-05-20,5,2,7,71.42857142857143,185.91880910436055
2016-05-23,5,2,7,71.42857142857143,184.86737014612905
2016-05-24,5,2,7,71.42857142857143,184.90912291780728
2016-05-25,5,2,7,71.42857142857143,190.67740006340537
2016-05-26,5,2,7,71.42857142857143,195.1812942726454
2016-05-27,5,2,7,71.42857142857143,195.63406641323698
2016-05-30,5,2,7,71.42857142857143,195.83515595227138
2016-05-31,5,2,7,71.42857142857143,196.33676469415042
2016-06-01,5,2,7,71.42857142857143,194.2899899239571
2016-06-02,5,2,7,71.42857142857143,196.7461327538075
2016-06-03,5,2,7,71.42857142857143,198.58658280481103
2016-06-06,5,2,7,71.42857142857143,199.68443261313715
2016-06-07,7,0,7,100.0,202.6881161354551
2016-06-08,7,0,7,100.0,203.01597788741645
2016-06-09,7,0,7,100.0,202.56936340772893
2016-06-10,7,0,7,100.0,202.61930100086306
2016-06-13,6,1,7,85.71428571428571,200.26085775314658
2016-06-14,6,1,7,85.71428571428571,201.18154304125042
2016-06-15,7,0,7,100.0,203.1077097139522
2016-06-16,6,1,7,85.71428571428571,200.1746141305054
2016-06-17,6,1,7,85.71428571428571,200.63270351093428
2016-06-20,6,1,7,85.71428571428571,200.29019566010686
2016-06-21,6,1,7,85.71428571428571,199.06636652099235
2016-06-22,6,1,7,85.71428571428571,198.65195293701515
2016-06-23,7,0,7,100.0,201.6525015845482
2016-06-24,6,1,7,85.71428571428571,196.9249215594653
2016-06-27,6,1,7,85.71428571428571,197.44486713927552
2016-06-28,6,1,7,85.71428571428571,197.79354483967694
2016-06-29,6,1,7,85.71428571428571,199.68790710384414
2016-06-30,7,0,7,100.0,203.4851869042849
2016-07-01,7,0,7,100.0,205.1533459815912
2016-07-04,7,0,7,100.0,205.91502170288032
2016-07-05,7,0,7,100.0,204.83932541536493
2016-07-07,7,0,7,100.0,205.526972184168
2016-07-08,7,0,7,100.0,206.28856021379968
2016-07-11,7,0,7,100.0,209.21300987744905
2016-07-12,7,0,7,100.0,212.49547618248124
2016-07-13,7,0,7,100.0,211.17072261425554
2016-07-14,7,0,7,100.0,214.1894667283474
2016-07-15,7,0,7,100.0,214.39648556059115
2016-07-18,7,0,7,100.0,213.82012806031804
2016-07-19,7,0,7,100.0,213.06697640456292
2016-07-20,7,0,7,100.0,214.81017063879273
2016-07-21,7,0,7,100.0,211.5486275713721
2016-07-22,7,0,7,100.0,213.2881798274596
2016-07-25,7,0,7,100.0,216.71458719930135
2016-07-26,7,0,7,100.0,215.80322948800853
2016-07-27,7,0,7,100.0,217.45967278647055
2016-07-28,7,0,7,100.0,217.71308608747523
2016-07-29,7,0,7,100.0,217.5891152449534
2016-08-01,7,0,7,100.0,216.67683809424858
2016-08-02,7,0,7,100.0,215.61014148799524
2016-08-03,7,0,7,100.0,214.0627428525825
2016-08-04,7,0,7,100.0,213.7672758223937
2016-08-05,7,0,7,100.0,218.33563399849405
2016-08-08,7,0,7,100.0,218.43743274197715
2016-08-09,7,0,7,100.0,218.18066233894595
2016-08-10,7,0,7,100.0,215.2697774823872
2016-08-11,7,0,7,100.0,215.95031791690354
2016-08-12,7,0,7,100.0,218.9124681852887
2016-08-16,7,0,7,100.0,219.56096871528757
2016-08-17,7,0,7,100.0,219.53506140521105
2016-08-18,7,0,7,100.0,223.36814338933033
2016-08-19,7,0,7,100.0,223.83833628765402
2016-08-22,7,0,7,100.0,223.1576180366352
2016-08-23,7,0,7,100.0,223.51122917614848
2016-08-24,7,0,7,100.0,223.67334892592007
2016-08-25,7,0,7,100.0,223.39405240915275
2016-08-26,7,0,7,100.0,222.11403860909505
2016-08-29,7,0,7,100.0,222.79115087752558
2016-08-30,7,0,7,100.0,225.4833944698129
2016-08-31,7,0,8,100.0,228.87187387442117
2016-09-01,7,0,8,100.0,230.00750101429466
2016-09-02,7,0,8,100.0,230.80949610483663
2016-09-06,7,0,8,100.0,237.59094608001124
2016-09-07,7,0,8,100.0,236.5267716819448
2016-09-08,7,0,8,100.0,235.59590524345614
2016-09-09,7,0,8,100.0,232.60070004656376
2016-09-12,7,0,8,100.0,227.2132492451612
2016-09-14,7,0,8,100.0,229.13082060170566
2016-09-15,7,0,8,100.0,227.70830006480614
2016-09-16,7,0,8,100.0,227.4546906262038
2016-09-19,7,0,8,100.0,228.8658980870892
2016-09-20,7,0,8,100.0,227.45213731973783
2016-09-21,7,0,8,100.0,227.69647713631315
2016-09-22,7,0,8,100.0,231.02963568254737
2016-09-23,7,0,8,100.0,228.781946054327
2016-09-26,7,0,8,100.0,226.20517567900544
2016-09-27,7,0,8,100.0,225.42891427948183
2016-09-28,7,0,8,100.0,227.7555510972626
2016-09-29,7,0,8,100.0,220.80722321434482
2016-09-30,7,0,8,100.0,222.83860237736798
2016-10-03,7,0,8,100.0,227.18985900134498
2016-10-04,7,0,8,100.0,227.90495411885016
2016-10-05,7,0,8,100.0,225.71188859445357
2016-10-06,7,0,8,100.0,225.4452392872207
2016-10-07,7,0,8,100.0,225.8406923437887
2016-10-10,7,0,8,100.0,226.0623124390884
2016-10-13,7,0,8,100.0,221.41273280113273
2016-10-14,7,0,8,100.0,222.96288765846003
2016-10-17,7,0,8,100.0,222.48286763073207
2016-10-18,7,0,8,100.0,226.8048750018351
2016-10-19,7,0,8,100.0,226.3776860454423
2016-10-20,7,0,8,100.0,230.4886316408721
2016-10-21,7,0,8,100.0,231.02547649040326
2016-10-24,7,0,8,100.0,232.41576318880317
2016-10-25,7,0,8,100.0,236.11240904432432
2016-10-26,6,1,8,85.71428571428571,233.83055189991896
2016-10-27,6,1,8,85.71428571428571,233.55188844089128
2016-10-28,6,1,8,85.71428571428571,235.66928147806712
2016-10-30,6,1,8,85.71428571428571,236.7395608570224
2016-11-01,6,1,8,85.71428571428571,235.81223109426546
2016-11-02,6,1,8,85.71428571428571,232.65301804925952
2016-11-03,6,1,8,85.71428571428571,231.46902472062035
2016-11-04,6,1,8,85.71428571428571,229.49464426348203
2016-11-07,6,1,8,85.71428571428571,232.83712273445562
2016-11-08,6,1,8,85.71428571428571,234.608230968243
2016-11-09,6,1,8,85.71428571428571,233.04413744317372
2016-11-10,7,0,8,100.0,239.82657682586952
2016-11-11,7,0,8,100.0,233.94503048714813
2016-11-15,6,1,8,85.71428571428571,224.3405662724215
2016-11-16,6,1,8,85.71428571428571,222.03423457019164
2016-11-17,6,1,8,85.71428571428571,221.38169549135384
2016-11-18,6,1,8,85.71428571428571,219.96302398820967
2016-11-21,5,2,8,71.42857142857143,213.59730330970396
2016-11-22,5,2,8,71.42857142857143,216.96582077053534
2016-11-23,5,2,8,71.42857142857143,216.7214887813696
2016-11-24,5,2,8,71.42857142857143,212.59885613252735
2016-11-25,5,2,8,71.42857142857143,217.76482053839393
2016-11-28,5,2,8,71.42857142857143,216.06518254305936
2016-11-29,5,2,8,71.42857142857143,215.77586632995707
2016-11-30,6,1,8,85.71428571428571,220.14700604035303
2016-12-01,5,2,8,71.42857142857143,216.9469090418376
2016-12-02,4,3,8,57.14285714285714,213.91973712180024
2016-12-05,4,3,8,57.14285714285714,216.2509548402372
2016-12-06,4,3,8,57.14285714285714,216.74014721165605
2016-12-07,4,3,8,57.14285714285714,214.95546009290663
2016-12-08,6,1,8,85.71428571428571,218.74782186584088
2016-12-09,6,1,8,85.71428571428571,220.2283230161326
2016-12-12,4,3,8,57.14285714285714,216.5425180287506
2016-12-13,4,3,8,57.14285714285714,217.29409220399464
2016-12-14,3,4,8,42.857142857142854,215.87685578914684
2016-12-15,3,4,8,42.857142857142854,217.52163464587687
2016-12-16,4,3,8,57.14285714285714,216.03054133071228
2016-12-19,3,4,8,42.857142857142854,215.09222381778406
2016-12-20,4,3,8,57.14285714285714,212.98889799917768
2016-12-21,3,4,8,42.857142857142854,212.72794968911043
2016-12-22,3,4,8,42.857142857142854,210.01234931812957
2016-12-23,4,3,8,57.14285714285714,208.98555489726203
2016-12-26,1,6,8,14.285714285714285,205.89378349504818
2016-12-27,3,4,8,42.857142857142854,208.48676433782884
2016-12-28,2,5,8,28.57142857142857,208.8417537466351
2016-12-29,4,3,8,57.14285714285714,211.51539416489356
2016-12-30,5,2,8,71.42857142857143,213.30822759700249
2017-01-02,4,3,8,57.14285714285714,211.41766964617088
2017-01-03,3,4,8,42.857142857142854,213.0593891279664
2017-01-04,3,4,8,42.857142857142854,212.0507889731638
2017-01-05,4,3,8,57.14285714285714,216.21506085732247
2017-01-06,5,2,8,71.42857142857143,218.28969996950224
2017-01-09,5,2,8,71.42857142857143,218.8456467532721
2017-01-10,5,2,8,71.42857142857143,220.68649072052585
2017-01-11,5,2,8,71.42857142857143,227.07483882583142
2017-01-12,5,2,8,71.42857142857143,227.21178183046118
2017-01-13,5,2,8,71.42857142857143,227.9246627682077
2017-01-16,5,2,8,71.42857142857143,230.71537387855966
2017-01-17,5,2,8,71.42857142857143,231.42265540381223
2017-01-18,5,2,8,71.42857142857143,232.99878847009506
2017-01-19,5,2,8,71.42857142857143,232.29052703210317
2017-01-20,5,2,8,71.42857142857143,229.31589720226646
2017-01-23,5,2,8,71.42857142857143,231.2542172549273
2017-01-24,5,2,8,71.42857142857143,232.91378239905796
2017-01-25,6,1,8,85.71428571428571,237.8993375570713
2017-01-27,6,1,8,85.71428571428571,239.6097199298744
2017-01-30,6,1,8,85.71428571428571,237.37709189533632
2017-01-31,6,1,8,85.71428571428571,236.03549705690932
2017-02-01,6,1,8,85.71428571428571,242.92147423818022
2017-02-02,6,1,8,85.71428571428571,243.59459831024165
2017-02-03,6,1,8,85.71428571428571,244.3404390753342
2017-02-06,6,1,8,85.71428571428571,246.19021014742103
2017-02-07,6,1,8,85.71428571428571,245.5934349825433
2017-02-08,6,1,8,85.71428571428571,245.07604275342123
2017-02-09,6,1,8,85.71428571428571,244.59964213939642
2017-02-10,6,1,8,85.71428571428571,245.32782750702427
2017-02-13,6,1,8,85.71428571428571,247.48544284391562
2017-02-14,6,1,8,85.71428571428571,247.9520146028531
2017-02-15,6,1,8,85.71428571428571,245.34268723208535
2017-02-16,6,1,8,85.71428571428571,248.04029853515658
2017-02-17,6,1,8,85.71428571428571,250.7797879003091
2017-02-20,6,1,8,85.71428571428571,252.1200219402405
2017-02-21,6,1,8,85.71428571428571,254.57736211262164
2017-02-22,7,0,8,100.0,254.81022796025178
2017-02-23,7,0,8,100.0,257.7686507323337
2017-02-27,6,1,8,85.71428571428571,254.91928453215124
2017-02-28,6,1,8,85.71428571428571,257.15715221549453
2017-03-01,6,1,8,85.71428571428571,259.62381183931353
2017-03-02,6,1,8,85.71428571428571,255.07969346655227
2017-03-03,6,1,8,85.71428571428571,254.57052841084794
2017-03-06,7,0,8,100.0,257.78085157030495
2017-03-07,6,1,8,85.71428571428571,257.1705859421447
2017-03-08,6,1,8,85.71428571428571,258.0235390010017
2017-03-09,7,0,8,100.0,258.1599139042477
2017-03-10,7,0,8,100.0,258.2906541219723
2017-03-14,6,1,8,85.71428571428571,263.0148898214306
2017-03-15,6,1,8,85.71428571428571,263.1040387771018
2017-03-16,6,1,8,85.71428571428571,265.05740764781865
2017-03-17,7,0,8,100.0,264.72665448252536
2017-03-20,6,1,8,85.71428571428571,264.35766774842944
2017-03-21,6,1,8,85.71428571428571,263.8092282960935
2017-03-22,6,1,8,85.71428571428571,261.36973494792625
2017-03-23,6,1,8,85.71428571428571,263.64963869702297
2017-03-24,6,1,8,85.71428571428571,265.4487990144349
2017-03-27,6,1,8,85.71428571428571,264.97887267876877
2017-03-28,6,1,8,85.71428571428571,266.0995510950555
2017-03-29,6,1,8,85.71428571428571,267.1853887592997
2017-03-30,6,1,8,85.71428571428571,268.5638331276576
2017-03-31,6,1,8,85.71428571428571,267.95216463090765
2017-04-03,6,1,8,85.71428571428571,269.5808184964153
2017-04-05,6,1,8,85.71428571428571,272.9098891554027
2017-04-06,6,1,8,85.71428571428571,273.2770670378368
2017-04-07,6,1,8,85.71428571428571,271.4607944642788
2017-04-10,7,1,8,87.5,276.0098928752018
2017-04-11,8,0,8,100.0,277.6696795151365
2017-04-12,7,1,8,87.5,277.94761817674186
2017-04-13,7,1,8,87.5,276.6446637557403
2017-04-17,7,1,8,87.5,275.15072975830736
2017-04-18,7,1,8,87.5,275.36621115113456
2017-04-19,7,1,8,87.5,276.15044330884405
2017-04-20,7,1,8,87.5,274.38385050757944
2017-04-21,7,1,8,87.5,273.93251682815054
2017-04-24,7,1,8,87.5,276.18916867227534
2017-04-25,8,0,8,100.0,279.2537419929455
2017-04-26,8,0,8,100.0,280.237590810014
2017-04-27,7,1,8,87.5,281.82918588855165
2017-04-28,7,1,8,87.5,286.3134746857347
2017-05-02,7,1,8,87.5,289.2117512790484
2017-05-03,7,1,8,87.5,288.43028303949217
2017-05-04,8,0,8,100.0,290.8471181980433
2017-05-05,7,1,8,87.5,289.86068815316116
2017-05-08,7,1,8,87.5,291.78064017161404
2017-05-09,8,0,8,100.0,291.70841772658247
2017-05-10,8,0,8,100.0,293.34655405435666
2017-05-11,8,0,8,100.0,292.08931993004217
2017-05-12,7,1,8,87.5,288.26856407487065
2017-05-15,7,1,8,87.5,290.5012932547642
2017-05-16,7,1,8,87.5,290.4893944674002
2017-05-17,7,1,8,87.5,289.98893477429885
2017-05-18,7,1,8,87.5,284.9221724382532
2017-05-19,7,1,8,87.5,286.3175605467462
2017-05-22,7,1,8,87.5,284.5793032983152
2017-05-23,7,1,8,87.5,282.4089446990092
2017-05-24,7,1,8,87.5,283.04204820744883
2017-05-25,7,1,8,87.5,291.57662330100453
2017-05-26,8,0,8,100.0,292.5812528712936
2017-05-29,7,1,8,87.5,289.2132802405238
2017-05-30,8,0,8,100.0,290.380148368582
2017-05-31,8,0,8,100.0,292.89025722916324
2017-06-01,8,0,8,100.0,295.0825713299496
2017-06-02,8,0,8,100.0,296.1407091361166
2017-06-05,8,0,8,100.0,297.0689584056208
2017-06-06,8,0,8,100.0,295.951530285421
2017-06-07,8,0,8,100.0,298.15279793622307
2017-06-08,8,0,8,100.0,298.06431185688376
2017-06-09,8,0,8,100.0,298.9560558098897
2017-06-12,8,0,8,100.0,295.2848875355169
2017-06-13,8,0,8,100.0,294.5631546182078
2017-06-14,8,0,8,100.0,294.5869913399804
2017-06-15,8,0,8,100.0,294.09364409246444
2017-06-16,8,0,8,100.0,295.93086624395875
2017-06-19,8,0,8,100.0,296.8965256306479
2017-06-20,8,0,8,100.0,296.787650237163
2017-06-21,8,0,8,100.0,295.59518647119165
2017-06-22,8,0,8,100.0,296.252882657498
2017-06-23,8,0,8,100.0,293.80284658562806
2017-06-27,7,1,8,87.5,290.71992052006783
2017-06-28,7,1,8,87.5,291.2686588374869
2017-06-29,8,0,8,100.0,291.9270254844859
2017-06-30,8,0,8,100.0,292.96237711709676
2017-07-03,8,0,8,100.0,294.68464096978175
2017-07-04,8,0,8,100.0,294.50877151699194
2017-07-05,8,0,8,100.0,297.2704945969188
2017-07-06,8,0,8,100.0,297.87315921997816
2017-07-07,8,0,8,100.0,297.8282486297244
2017-07-10,8,0,8,100.0,299.84115012559903
2017-07-11,8,0,8,100.0,298.9472834942245
2017-07-12,8,0,8,100.0,300.1551748402999
2017-07-13,8,0,8,100.0,304.1324584907473
2017-07-14,8,0,8,100.0,304.0473363546301
2017-07-17,8,0,8,100.0,303.0757069151583
2017-07-18,8,0,8,100.0,302.83055916415543
2017-07-19,8,0,8,100.0,306.032491579768
2017-07-20,8,0,8,100.0,308.1264563463952
2017-07-21,8,0,8,100.0,308.24467095634776
2017-07-24,8,0,8,100.0,307.76749977839694
2017-07-25,8,0,8,100.0,309.98685313257334
2017-07-26,8,0,8,100.0,311.48292317414115
2017-07-27,8,0,8,100.0,314.7299430363481
2017-07-28,8,0,8,100.0,314.6428345145594
2017-07-31,8,0,8,100.0,316.60656741314057
2017-08-01,8,0,8,100.0,316.89523512827583
2017-08-02,8,0,8,100.0,316.07156410849575
2017-08-03,8,0,8,100.0,311.11057250344055
2017-08-04,8,0,8,100.0,312.63114528414104
2017-08-07,8,0,8,100.0,312.90921820742767
2017-08-08,8,0,8,100.0,308.78227488955366
2017-08-09,7,1,8,87.5,304.0775548856184
2017-08-10,7,1,8,87.5,301.5854618435092
2017-08-11,8,0,8,100.0,301.7056542113907
2017-08-14,8,0,8,100.0,304.8419347174296
2017-08-16,8,0,8,100.0,309.7171611948362
2017-08-17,8,0,8,100.0,306.99722477857495
2017-08-18,8,0,8,100.0,305.659646067185
2017-08-21,8,0,8,100.0,302.722987573274
2017-08-22,8,0,8,100.0,302.76943440361305
2017-08-23,8,0,8,100.0,306.6284680066016
2017-08-24,8,0,8,100.0,306.3847574817872
2017-08-28,8,0,8,100.0,309.03217957671745
2017-08-29,8,0,8,100.0,307.2911092003395
2017-08-30,8,0,8,100.0,309.9322061191552
2017-08-31,8,0,8,100.0,310.1541093569954
2017-09-01,8,0,8,100.0,312.5604649689831
2017-09-04,8,0,8,100.0,310.6578204632337
2017-09-05,8,0,8,100.0,312.42225100795
2017-09-06,8,0,8,100.0,311.9817066163722
2017-09-07,8,0,8,100.0,312.05550849386844
2017-09-08,8,0,8,100.0,312.6598591460915
2017-09-11,8,0,8,100.0,317.0750214097387
2017-09-12,8,0,8,100.0,318.1066931977067
2017-09-13,8,0,8,100.0,317.37937688625647
2017-09-14,8,0,8,100.0,318.95684936004204
2017-09-15,8,0,8,100.0,318.01945228057224
2017-09-18,8,0,8,100.0,321.8541346038674
2017-09-19,8,0,8,100.0,323.01852235512285
2017-09-20,8,0,8,100.0,321.8019105010018
2017-09-21,8,0,8,100.0,320.27086312726914
2017-09-22,8,0,8,100.0,312.98654624049846
2017-09-25,8,0,8,100.0,310.1425692273954
2017-09-26,8,0,8,100.0,311.1885671014593
2017-09-27,8,0,8,100.0,306.244557116505
2017-09-28,8,0,8,100.0,308.4937738431671
2017-09-29,8,0,8,100.0,309.174384377533
2017-10-03,8,0,8,100.0,310.2448247931617
2017-10-04,8,0,8,100.0,311.100106904718
2017-10-05,8,0,8,100.0,311.05638385412396
2017-10-06,8,0,8,100.0,313.5173972940846
2017-10-09,8,0,8,100.0,314.8739513614971
2017-10-10,8,0,8,100.0,316.6363630257534
2017-10-11,7,1,8,87.5,313.59220873757494
2017-10-12,7,1,8,87.5,317.18561501616705
2017-10-13,8,0,8,100.0,320.116409529766
2017-10-16,8,0,8,100.0,321.8857446728654
2017-10-17,8,0,8,100.0,321.8713283500136
2017-10-18,6,2,8,75.0,316.50178763386776
2017-10-19,6,2,8,75.0,312.56146800504376
2017-10-23,6,2,8,75.0,312.6258745453748
2017-10-24,6,2,8,75.0,312.6763176276369
2017-10-25,7,1,8,87.5,310.6142549843849
2017-10-26,7,1,8,87.5,312.1954371842635
2017-10-27,6,2,8,75.0,309.99921034266737
2017-10-30,7,1,8,87.5,311.83768950255205
2017-10-31,7,1,8,87.5,314.62486768106095
2017-11-01,8,0,8,100.0,318.12189952457953
2017-11-02,8,0,8,100.0,316.9751786092542
2017-11-03,8,0,8,100.0,318.3151011399887
2017-11-06,8,0,8,100.0,316.2805402981403
2017-11-07,7,1,8,87.5,313.42895590242364
2017-11-08,7,1,8,87.5,312.46975413273435
2017-11-09,7,1,8,87.5,313.38728373226365
2017-11-10,7,1,8,87.5,312.893664196078
2017-11-13,7,1,8,87.5,312.5196552492282
2017-11-14,7,1,8,87.5,311.2109740239032
2017-11-15,6,2,8,75.0,309.9836771466148
2017-11-16,6,2,8,75.0,311.6473118425462
2017-11-17,6,2,8,75.0,314.6179225133919
2017-11-20,7,1,8,87.5,316.9447113126622
2017-11-21,6,2,8,75.0,316.0816203374499
2017-11-22,6,2,8,75.0,314.7557957430058
2017-11-23,6,2,8,75.0,315.5801903843237
2017-11-24,6,2,8,75.0,316.7009369518264
2017-11-27,6,2,8,75.0,318.21039427723645
2017-11-28,7,1,8,87.5,319.0439064093189
2017-11-29,7,1,8,87.5,317.6750002850491
2017-11-30,6,2,8,75.0,312.3661802791859
2017-12-01,7,1,8,87.5,311.5442740646304
2017-12-04,5,3,8,62.5,308.7691262399284
2017-12-05,6,2,8,75.0,310.1221253736504
2017-12-06,6,2,8,75.0,308.174748512673
2017-12-07,6,2,8,75.0,310.6426846515586
2017-12-08,6,2,8,75.0,313.5385922730992
2017-12-11,6,2,8,75.0,313.5188469374316
2017-12-12,5,3,8,62.5,309.8173974153227
2017-12-13,5,3,8,62.5,308.11912066395564
2017-12-14,5,3,8,62.5,309.2766981452608
2017-12-15,5,3,8,62.5,314.2913308836646
2017-12-18,5,3,8,62.5,314.32218688477155
2017-12-19,6,2,8,75.0,316.6111770651318
2017-12-20,5,3,8,62.5,315.45050762265845
2017-12-21,5,3,8,62.5,314.459999832424
2017-12-22,5,3,8,62.5,314.81154275296234
2017-12-26,6,2,8,75.0,316.96857149032434
2017-12-27,6,2,8,75.0,315.2828729891914
2017-12-28,5,3,8,62.5,314.2771548539044
2017-12-29,5,3,8,62.5,315.6372306480112
2018-01-01,5,3,8,62.5,313.6496039222414
2018-01-02,5,3,8,62.5,313.75884962294674
2018-01-03,5,3,8,62.5,314.4500667809397
2018-01-04,5,3,8,62.5,315.6269934804798
2018-01-05,8,0,8,100.0,321.96955940781373
2018-01-08,8,0,8,100.0,324.6175022580082
2018-01-09,8,0,8,100.0,325.05778201297005
2018-01-10,8,0,8,100.0,323.12338850152895
2018-01-11,8,0,8,100.0,323.53771823683184
2018-01-12,8,0,8,100.0,324.4240182875113
2018-01-15,8,0,8,100.0,325.9538950627486
2018-01-16,6,2,8,75.0,322.2404932503355
2018-01-17,6,2,8,75.0,325.55831772797785
2018-01-18,6,2,8,75.0,326.9190040063852
2018-01-19,6,2,8,75.0,330.3442421840201
2018-01-22,7,1,8,87.5,333.00161799620105
2018-01-23,7,1,8,87.5,337.29481956189323
2018-01-24,6,2,8,75.0,334.3769341964648
2018-01-25,6,2,8,75.0,335.52283708251827
2018-01-29,6,2,8,75.0,335.0952025198088
2018-01-30,6,2,8,75.0,331.8950689954805
2018-01-31,6,2,8,75.0,333.2202711002578
2018-02-01,6,2,8,75.0,333.0572248834591
2018-02-02,6,2,8,75.0,321.89738946170144
2018-02-05,6,2,8,75.0,318.62228374917913
2018-02-06,6,2,8,75.0,314.56499319440707
2018-02-07,6,2,8,75.0,313.52209393033957
2018-02-08,6,2,8,75.0,316.4342989216939
2018-02-09,5,3,8,62.5,311.65133656121975
2018-02-12,6,2,8,75.0,315.4168883534296
2018-02-14,5,3,8,62.5,311.54714218613304
2018-02-15,5,3,8,62.5,311.98837700935854
2018-02-16,5,3,8,62.5,309.57975738891474
2018-02-19,5,3,8,62.5,307.9807176742717
2018-02-20,5,3,8,62.5,304.82780019959375
2018-02-21,4,4,8,50.0,305.3543141230695
2018-02-22,5,3,8,62.5,305.5462876167778
2018-02-23,5,3,8,62.5,312.357897728914
2018-02-26,5,3,8,62.5,318.19508362255067
2018-02-27,6,2,8,75.0,315.43500410746697
2018-02-28,5,3,8,62.5,311.77321737970306
2018-03-01,5,3,8,62.5,310.2903085726298
2018-03-05,4,4,8,50.0,307.70767934212034
2018-03-06,3,5,8,37.5,304.3473378301322
2018-03-07,3,5,8,37.5,300.49070474140007
2018-03-08,3,5,8,37.5,303.6028304773304
2018-03-09,3,5,8,37.5,301.8024838327949
2018-03-12,3,5,8,37.5,307.6776768143291
2018-03-13,5,3,8,62.5,309.2576206591329
2018-03-14,5,3,8,62.5,310.4557339101722
2018-03-15,4,4,8,50.0,309.0554546098432
2018-03-16,3,5,8,37.5,305.61358350314987
2018-03-19,3,5,8,37.5,301.77428307395206
2018-03-20,3,5,8,37.5,301.32366579731655
2018-03-21,3,5,8,37.5,301.6970046548598
2018-03-22,3,5,8,37.5,300.7557904485388
2018-03-23,3,5,8,37.5,295.62954256624494
2018-03-26,3,5,8,37.5,301.0981590690587
2018-03-27,3,5,9,37.5,303.4688882446433
2018-03-28,3,5,9,37.5,301.8324621703096
2018-04-02,3,5,9,37.5,302.941987973318
2018-04-03,3,5,9,37.5,306.38541445208614
2018-04-04,3,5,9,37.5,303.2660109996162
2018-04-05,3,5,9,37.5,311.39990134108086
2018-04-06,3,5,9,37.5,312.8145320011339
2018-04-09,3,5,9,37.5,316.3061038854723
2018-04-10,4,4,9,50.0,318.76071194773135
2018-04-11,4,4,9,50.0,319.69262229255594
2018-04-12,4,4,9,50.0,320.58254367291505
2018-04-13,4,4,9,50.0,320.32697002374226
2018-04-16,4,4,9,50.0,321.2155096770387
2018-04-17,5,3,9,62.5,320.3172554007532
2018-04-18,3,5,9,37.5,317.9867709036742
2018-04-19,3,5,9,37.5,318.1308874435472
2018-04-20,3,5,9,37.5,314.19445530523126
2018-04-23,3,5,9,37.5,315.7343160795133
2018-04-24,4,4,9,50.0,317.56283526614084
2018-04-25,4,4,9,50.0,316.2703246476258
2018-04-26,5,3,9,62.5,320.6503159874759
2018-04-27,6,2,9,75.0,327.1811273262528
2018-04-30,5,3,9,62.5,327.9783037731571
2018-05-02,5,3,9,62.5,327.5869974224514
2018-05-03,6,2,9,75.0,327.0192696980578
2018-05-04,5,3,9,62.5,327.2949038413351
2018-05-07,6,2,9,75.0,329.43267874226564
2018-05-08,7,1,9,87.5,331.60820487286094
2018-05-09,7,1,9,87.5,331.36398017589636
2018-05-10,7,1,9,87.5,327.1166338337524
2018-05-11,7,1,9,87.5,329.70811311204574
2018-05-14,7,1,9,87.5,329.0506479841106
2018-05-15,7,1,9,87.5,328.14229354431194
2018-05-16,6,2,9,75.0,325.93888419685186
2018-05-17,6,2,9,75.0,323.82500555621147
2018-05-18,5,3,9,62.5,322.1768558392036
2018-05-21,4,4,9,50.0,317.8486862901975
2018-05-22,4,4,9,50.0,317.8867924811533
2018-05-23,4,4,9,50.0,318.04719588119553
2018-05-24,4,4,9,50.0,319.18697049393126
2018-05-25,6,2,9,75.0,324.5164262303829
2018-05-28,6,2,9,75.0,328.2823872668462
2018-05-29,6,2,9,75.0,325.3206679500128
2018-05-30,6,2,9,75.0,324.3793904560404
2018-05-31,6,2,9,75.0,328.2511372951642
2018-06-01,5,3,9,62.5,325.01068153893743
2018-06-04,5,3,9,62.5,322.4370023662923
2018-06-05,5,3,9,62.5,321.8911876531701
2018-06-06,5,3,9,62.5,325.51207418448087
2018-06-07,6,2,9,75.0,328.68641580531823
2018-06-08,6,2,9,75.0,328.246309751114
2018-06-11,6,2,9,75.0,330.3549130086612
2018-06-12,6,2,9,75.0,332.4383180409083
2018-06-13,6,2,9,75.0,333.7503080914998
2018-06-14,5,3,9,62.5,333.928580552073
2018-06-15,5,3,9,62.5,332.2878854618579
2018-06-18,5,3,9,62.5,332.1067418512122
2018-06-19,5,3,9,62.5,328.32556641208146
2018-06-20,5,3,9,62.5,331.7925436223558
2018-06-21,5,3,9,62.5,330.1658232843526
2018-06-22,5,3,9,62.5,333.36044875418423
2018-06-25,5,3,9,62.5,332.02466609175895
2018-06-26,5,3,9,62.5,332.40424412529734
2018-06-27,5,3,9,62.5,328.7911654482997
2018-06-28,5,3,9,62.5,324.77721912350864
2018-06-29,5,3,9,62.5,329.12390786180083
2018-07-02,5,3,9,62.5,328.5187993938393
2018-07-03,5,3,9,62.5,332.29465959551925
2018-07-04,5,3,9,62.5,333.5507754660324
2018-07-05,5,3,9,62.5,333.0802041845625
2018-07-06,5,3,9,62.5,333.32033414707354
2018-07-09,5,3,9,62.5,339.48652719522875
2018-07-10,5,3,9,62.5,341.64035710215387
2018-07-11,6,2,9,75.0,339.8273946437291
2018-07-12,6,2,9,75.0,340.2215569892349
2018-07-13,5,3,9,62.5,338.1170959686942
2018-07-16,5,3,9,62.5,333.07455491480215
2018-07-17,6,2,9,75.0,343.2553681724667
2018-07-18,5,3,9,62.5,343.77789184725646
2018-07-19,5,3,9,62.5,343.64888444256906
2018-07-20,5,3,9,62.5,349.8732985858904
2018-07-23,6,2,9,75.0,352.1555775847749
2018-07-24,6,2,9,75.0,353.1635172351598
2018-07-25,5,3,9,62.5,351.59347838784413
2018-07-26,6,2,9,75.0,351.55084995250166
2018-07-27,6,2,9,75.0,356.6813523616044
2018-07-30,7,1,9,87.5,358.1539800271929
2018-07-31,7,1,9,87.5,357.79059590485906
2018-08-01,6,2,9,75.0,355.877789741218
2018-08-02,6,2,9,75.0,354.28091519700484
2018-08-03,7,1,9,87.5,358.8481657485672
2018-08-06,7,1,9,87.5,360.7565429751918
2018-08-07,7,1,9,87.5,359.60303208127044
2018-08-08,7,1,9,87.5,362.8859174799395
2018-08-09,7,1,9,87.5,367.6442440142075
2018-08-10,7,1,9,87.5,365.42999437254326
2018-08-13,7,1,9,87.5,360.7312070185354
2018-08-14,7,1,9,87.5,365.4623025453957
2018-08-16,7,1,9,87.5,364.60963419877345
2018-08-17,7,1,9,87.5,366.65474250754386
2018-08-20,7,1,9,87.5,365.89966664768815
2018-08-21,7,1,9,87.5,365.427023273742
2018-08-23,7,1,9,87.5,362.06324496085364
2018-08-24,7,1,9,87.5,361.4283347588466
2018-08-27,7,1,9,87.5,367.37339774552873
2018-08-28,7,1,9,87.5,367.016412206784
2018-08-29,7,1,9,87.5,365.9117076510408
2018-08-30,7,1,9,87.5,362.97440568654554
2018-08-31,7,1,9,87.5,362.7470871203413
2018-09-03,7,1,9,87.5,357.8627997980544
2018-09-04,6,2,9,75.0,350.7762697211148
2018-09-05,7,1,9,87.5,350.34296548781106
2018-09-06,7,1,9,87.5,351.24486407421267
2018-09-07,6,2,9,75.0,352.6473563079115
2018-09-10,6,2,9,75.0,348.1759363173255
2018-09-11,6,2,9,75.0,343.94029382290563
2018-09-12,6,2,9,75.0,342.8749434719082
2018-09-14,6,2,9,75.0,348.5786074109189
2018-09-17,6,2,9,75.0,345.1047416823393
2018-09-18,6,2,9,75.0,341.5206385807188
2018-09-19,4,4,9,50.0,338.3668230309523
2018-09-21,4,4,9,50.0,319.80106043871535
2018-09-24,3,5,9,37.5,310.9796809081025
2018-09-25,3,5,9,37.5,313.723661409466
2018-09-26,3,5,9,37.5,314.6896129215053
2018-09-27,3,5,9,37.5,308.4489715802017
2018-09-28,3,5,9,37.5,305.52562344827487
2018-10-01,3,5,9,37.5,302.7113751343823
2018-10-03,3,5,9,37.5,299.8718877386579
2018-10-04,2,6,9,25.0,298.29841721479414
2018-10-05,2,6,9,25.0,293.69534868561044
2018-10-08,2,6,9,25.0,299.0841511515293
2018-10-09,1,7,9,12.5,300.732108613336
2018-10-10,3,5,9,37.5,313.1731137022075
2018-10-11,2,6,9,25.0,305.64649065396316
2018-10-12,2,6,9,25.0,312.70003997781004
2018-10-15,3,5,9,37.5,312.70335494033753
2018-10-16,4,4,9,50.0,317.3604180827339
2018-10-17,3,5,9,37.5,310.73138269774336
2018-10-19,3,5,9,37.5,304.2136936209977
2018-10-22,3,5,9,37.5,297.5386121393354
2018-10-23,2,6,9,25.0,296.8919399108897
2018-10-24,3,5,9,37.5,299.1039904102967
2018-10-25,2,6,9,25.0,295.45699108781736
2018-10-26,1,7,9,12.5,288.73635498556325
2018-10-29,2,6,9,25.0,295.5324816062002
2018-10-30,2,6,9,25.0,293.555203811997
2018-10-31,2,6,9,25.0,298.16156096133864
2018-11-01,2,6,9,25.0,304.2676262454536
2018-11-02,2,7,9,22.22222222222222,309.94476205959177
2018-11-05,3,6,9,33.33333333333333,309.7349859491953
2018-11-06,3,6,9,33.33333333333333,309.70634114840493
2018-11-07,3,6,9,33.33333333333333,311.4751349704919
2018-11-09,3,6,9,33.33333333333333,314.274519258359
2018-11-12,3,6,9,33.33333333333333,311.4163322602281
2018-11-13,3,6,9,33.33333333333333,314.112814419846
2018-11-14,3,6,9,33.33333333333333,313.56327958850517
2018-11-15,3,6,9,33.33333333333333,315.5208276608506
2018-11-16,4,5,9,44.44444444444444,315.32276690600776
2018-11-19,4,5,9,44.44444444444444,318.9563668155282
2018-11-20,4,5,9,44.44444444444444,314.6154356961267
2018-11-21,4,5,9,44.44444444444444,318.000305345925
2018-11-22,4,5,9,44.44444444444444,313.91482669262484
2018-11-26,4,5,9,44.44444444444444,315.55557505789074
2018-11-27,4,5,9,44.44444444444444,316.9987944258339
2018-11-28,4,5,9,44.44444444444444,312.56603411920605
2018-11-29,6,3,9,66.66666666666666,319.1858197526756
2018-11-30,6,3,9,66.66666666666666,320.1767450817532
2018-12-03,5,4,9,55.55555555555556,322.6347628104671
2018-12-04,5,4,9,55.55555555555556,321.4718464799388
2018-12-05,5,4,9,55.55555555555556,317.95731633297464
2018-12-06,4,5,9,44.44444444444444,313.158284776382
2018-12-07,5,4,9,55.55555555555556,315.95505738753656
2018-12-10,4,5,9,44.44444444444444,311.16274165268715
2018-12-11,5,4,9,55.55555555555556,315.076924367785
2018-12-12,6,3,9,66.66666666666666,323.2580902268125
2018-12-13,6,3,9,66.66666666666666,326.0395623039757
2018-12-14,6,3,9,66.66666666666666,329.678653587759
2018-12-17,7,2,9,77.77777777777779,333.40758686540846
2018-12-18,7,2,9,77.77777777777779,334.3354990724578
2018-12-19,7,2,9,77.77777777777779,335.4238283763947
2018-12-20,7,2,9,77.77777777777779,335.2999194507167
2018-12-21,6,3,9,66.66666666666666,328.5668957220026
2018-12-24,6,3,9,66.66666666666666,327.622003880313
2018-12-26,7,2,9,77.77777777777779,329.3069313279278
2018-12-27,7,2,9,77.77777777777779,330.0563184684443
2018-12-28,7,2,9,77.77777777777779,332.0844364641903
2018-12-31,7,2,9,77.77777777777779,333.2701309580071
2019-01-01,7,2,9,77.77777777777779,335.2162371001023
2019-01-02,7,2,9,77.77777777777779,333.5253506113406
2019-01-03,6,3,9,66.66666666666666,329.1867683953667
2019-01-04,6,3,9,66.66666666666666,332.7804629787701
2019-01-07,6,3,9,66.66666666666666,331.8157468093171
2019-01-08,5,4,9,55.55555555555556,332.5871067902157
2019-01-09,6,3,9,66.66666666666666,333.5880577020667
2019-01-10,5,4,9,55.55555555555556,332.47169097567155
2019-01-11,5,4,9,55.55555555555556,329.34603400757385
2019-01-14,5,4,9,55.55555555555556,326.6612855884782
2019-01-15,5,4,9,55.55555555555556,329.8913129869452
2019-01-16,5,4,10,55.55555555555556,331.16615502028446
2019-01-17,5,4,10,55.55555555555556,329.32820547821166
2019-01-18,6,3,10,66.66666666666666,328.15560518288186
2019-01-21,6,3,10,66.66666666666666,326.23610267945094
2019-01-22,6,3,10,66.66666666666666,325.4411234744933
2019-01-23,6,3,10,66.66666666666666,325.68363011960446
2019-01-24,6,3,10,66.66666666666666,328.1426898389417
2019-01-25,6,3,10,66.66666666666666,327.5242592762216
2019-01-28,5,4,10,55.55555555555556,319.926846161257
2019-01-29,6,3,10,66.66666666666666,319.3758665747873
2019-01-30,4,5,10,44.44444444444444,320.703383995972
2019-01-31,6,3,10,66.66666666666666,323.679194943
2019-02-01,6,3,10,66.66666666666666,321.92000707542377
2019-02-04,6,3,10,66.66666666666666,321.9485877652515
2019-02-05,6,3,10,66.66666666666666,322.61515642817824
2019-02-06,6,3,10,66.66666666666666,323.0313184560848
2019-02-07,6,3,10,66.66666666666666,326.7958980615208
2019-02-08,5,4,10,55.55555555555556,324.740820050578
2019-02-11,5,4,10,55.55555555555556,323.8967823128763
2019-02-12,5,4,10,55.55555555555556,322.8895939575768
2019-02-13,5,4,10,55.55555555555556,320.1334057265784
2019-02-14,4,5,10,44.44444444444444,329.87178172685736
2019-02-15,4,5,10,44.44444444444444,327.6881174497866
2019-02-18,4,5,10,44.44444444444444,325.31517100769076
2019-02-19,4,5,10,44.44444444444444,325.20661964490876
2019-02-20,5,4,10,55.55555555555556,328.8525010878184
2019-02-21,5,4,10,55.55555555555556,330.0087835265193
2019-02-22,4,5,10,44.44444444444444,329.71319644753936
2019-02-25,4,5,10,44.44444444444444,333.6304220252878
2019-02-26,4,5,10,44.44444444444444,332.7497104337973
2019-02-27,4,5,10,44.44444444444444,331.16595954298253
2019-02-28,5,4,10,55.55555555555556,332.42095935318025
2019-03-01,5,4,10,55.55555555555556,338.56441491062066
2019-03-05,5,4,10,55.55555555555556,347.27849726291333
2019-03-06,5,4,10,55.55555555555556,348.6168853481585
2019-03-07,5,4,10,55.55555555555556,346.9120841886548
2019-03-08,5,4,10,55.55555555555556,347.8405086518256
2019-03-11,6,3,10,66.66666666666666,352.3922743416527
2019-03-12,6,3,10,66.66666666666666,355.92524751381677
2019-03-13,6,3,10,66.66666666666666,359.4300535827373
2019-03-14,6,3,10,66.66666666666666,361.51191656445553
2019-03-15,7,2,10,77.77777777777779,365.83983164872035
2019-03-18,7,2,10,77.77777777777779,366.0619627556443
2019-03-19,7,2,10,77.77777777777779,369.85980475939965
2019-03-20,7,2,10,77.77777777777779,368.82992987331465
2019-03-22,6,3,10,66.66666666666666,367.1342570000768
2019-03-25,6,3,10,66.66666666666666,361.69932312148234
2019-03-26,7,2,10,77.77777777777779,368.5383471193639
2019-03-27,8,1,10,88.88888888888889,374.59209932527943
2019-03-28,8,1,10,88.88888888888889,382.59912811902575
2019-03-29,9,0,10,100.0,383.31617357747285
2019-04-01,9,0,10,100.0,383.04689030098604
2019-04-02,9,0,10,100.0,383.1617011353721
2019-04-03,9,0,10,100.0,380.6005788797652
2019-04-04,9,0,10,100.0,376.72991128888896
2019-04-05,9,0,10,100.0,381.16954200553243
2019-04-08,9,0,10,100.0,377.5011889653909
2019-04-09,9,0,10,100.0,382.4810622267689
2019-04-10,9,0,10,100.0,380.66893741448234
2019-04-11,9,0,10,100.0,378.10330969758417
2019-04-12,9,0,10,100.0,378.72197705959104
2019-04-15,9,0,10,100.0,379.95475490475303
2019-04-16,9,0,10,100.0,386.27020093290866
2019-04-18,9,0,10,100.0,382.2551568943799
2019-04-22,8,1,10,88.88888888888889,374.00542051483984
2019-04-23,7,2,10,77.77777777777779,372.1263745151228
2019-04-24,8,1,10,88.88888888888889,377.8645130987007
2019-04-25,8,1,10,88.88888888888889,374.7887936090432
2019-04-26,8,1,10,88.88888888888889,378.3959702357021
2019-04-30,7,2,10,77.77777777777779,364.3334983288701
2019-05-02,7,2,10,77.77777777777779,365.5661208047579
2019-05-03,7,2,10,77.77777777777779,369.0493804973044
2019-05-06,7,2,10,77.77777777777779,364.0968347294427
2019-05-07,7,2,10,77.77777777777779,359.42986375325887
2019-05-08,7,2,10,77.77777777777779,355.32655451382993
2019-05-09,7,2,10,77.77777777777779,355.7220926309887
2019-05-10,7,2,10,77.77777777777779,355.6008661211325
2019-05-13,7,2,10,77.77777777777779,344.32827031815793
2019-05-14,7,2,10,77.77777777777779,344.3105700465877
2019-05-15,7,2,10,77.77777777777779,339.3711224162205
2019-05-16,7,2,10,77.77777777777779,339.03393723485755
2019-05-17,7,2,10,77.77777777777779,344.0685583514428
2019-05-20,7,2,10,77.77777777777779,361.4712667713365
2019-05-21,7,2,10,77.77777777777779,355.70671378291644
2019-05-22,7,2,10,77.77777777777779,357.51997942224835
2019-05-23,7,2,10,77.77777777777779,360.5392809854063
2019-05-24,8,1,10,88.88888888888889,367.83527438689714
2019-05-27,7,2,10,77.77777777777779,374.16636842528584
2019-05-28,7,2,10,77.77777777777779,374.58132344387633
2019-05-29,7,2,10,77.77777777777779,372.10124583703686
2019-05-30,7,2,10,77.77777777777779,374.5037341384811
2019-05-31,7,2,10,77.77777777777779,371.41220840298007
2019-06-03,8,1,10,88.88888888888889,375.4614800737716
2019-06-04,8,1,10,88.88888888888889,375.32897792183167
2019-06-06,7,2,10,77.77777777777779,362.6725069990953
2019-06-07,7,2,10,77.77777777777779,362.169385922406
2019-06-10,7,2,10,77.77777777777779,360.3544812671855
2019-06-11,7,2,10,77.77777777777779,364.4261953311171
2019-06-12,7,2,10,77.77777777777779,359.82426117126147
2019-06-13,7,2,10,77.77777777777779,352.8805936122675
2019-06-14,7,2,10,77.77777777777779,347.2923316061792
2019-06-17,7,2,10,77.77777777777779,344.6542217708799
2019-06-18,7,2,10,77.77777777777779,344.15119275241886
2019-06-19,7,2,10,77.77777777777779,340.3562272179967
2019-06-20,7,2,10,77.77777777777779,348.3342540761406
2019-06-21,7,2,10,77.77777777777779,344.91187893344363
2019-06-24,7,2,10,77.77777777777779,345.68338452530594
2019-06-25,7,2,10,77.77777777777779,346.7039594256616
2019-06-26,7,2,10,77.77777777777779,350.2594734944429
2019-06-27,7,2,10,77.77777777777779,352.7006113803283
2019-06-28,7,2,10,77.77777777777779,350.63080299396654
2019-07-01,7,2,10,77.77777777777779,354.4153358655395
2019-07-02,7,2,10,77.77777777777779,351.75290805249017
2019-07-03,7,2,10,77.77777777777779,353.3824665565312
2019-07-04,7,2,10,77.77777777777779,353.42508553429803
2019-07-05,7,2,10,77.77777777777779,347.9406233750774
2019-07-08,7,2,10,77.77777777777779,341.8597534307092
2019-07-09,7,2,10,77.77777777777779,341.95869381197207
2019-07-10,7,2,10,77.77777777777779,342.2868718472113
2019-07-11,7,2,10,77.77777777777779,345.1023261639281
2019-07-12,7,2,10,77.77777777777779,345.7153339377343
2019-07-15,7,2,10,77.77777777777779,341.4914294651136
2019-07-16,6,3,10,66.66666666666666,344.33313507670994
2019-07-17,6,3,10,66.66666666666666,343.67504323821214
2019-07-18,6,3,10,66.66666666666666,334.11566382565553
2019-07-19,6,3,10,66.66666666666666,323.45528316869996
2019-07-22,5,4,10,55.55555555555556,320.3298350771539
2019-07-23,5,4,10,55.55555555555556,316.42858953407136
2019-07-24,5,4,10,55.55555555555556,309.82664858808516
2019-07-25,5,4,10,55.55555555555556,312.6139254269292
2019-07-26,5,4,10,55.55555555555556,323.1529487230671
2019-07-29,5,4,10,55.55555555555556,321.4501273624162
2019-07-30,4,5,10,44.44444444444444,308.8206319967071
2019-07-31,4,5,10,44.44444444444444,314.00624036608804
2019-08-01,3,6,10,33.33333333333333,309.13203645837706
2019-08-02,3,6,10,33.33333333333333,307.6625548623928
2019-08-05,2,7,10,22.22222222222222,301.6211944896834
2019-08-06,2,7,10,22.22222222222222,307.6373805453085
2019-08-07,2,7,10,22.22222222222222,303.608994817859
2019-08-08,3,6,10,33.33333333333333,307.89678157613287
2019-08-09,3,6,10,33.33333333333333,311.01041075359143
2019-08-13,3,6,10,33.33333333333333,300.5059899277387
2019-08-14,3,6,10,33.33333333333333,306.0819355851451
2019-08-16,3,6,10,33.33333333333333,311.1222258456241
2019-08-19,3,6,10,33.33333333333333,310.46740149353064
2019-08-20,3,6,10,33.33333333333333,304.6180972074336
2019-08-21,3,6,10,33.33333333333333,295.9996127335104
2019-08-22,2,7,10,22.22222222222222,285.6630874216022
2019-08-23,2,7,10,22.22222222222222,287.093207786259
2019-08-26,3,7,10,30.0,296.8475544909722
2019-08-27,3,7,10,30.0,297.846540744287
2019-08-28,3,7,10,30.0,288.8962343887915
2019-08-29,3,7,10,30.0,285.322988398278
2019-08-30,3,7,10,30.0,289.890566546772
2019-09-03,2,8,10,20.0,282.7676923451985
2019-09-04,3,7,10,30.0,284.41579630563473
2019-09-05,3,7,10,30.0,283.7610944610232
2019-09-06,3,7,10,30.0,287.5420898436913
2019-09-09,3,7,10,30.0,293.12578305004837
2019-09-11,3,7,10,30.0,300.06800948161197
2019-09-12,3,7,10,30.0,297.66499892297855
2019-09-13,3,7,10,30.0,300.02201530941176
2019-09-16,3,7,10,30.0,296.656294113599
2019-09-17,2,8,10,20.0,289.5603177531828
2019-09-18,2,8,10,20.0,289.16889730078515
2019-09-19,1,9,10,10.0,279.7415730753095
2019-09-20,4,6,10,40.0,304.8605233485942
2019-09-23,6,4,10,60.0,317.99465292680156
2019-09-24,5,5,10,50.0,314.64691984764903
2019-09-25,3,7,10,30.0,308.48536091308176
2019-09-26,5,5,10,50.0,311.812662993708
2019-09-27,4,6,10,40.0,306.70374320587956
2019-10-01,3,7,10,30.0,306.70374320587956
2019-10-03,3,7,10,30.0,315.2518689349264
2019-10-04,3,7,10,30.0,310.92204297570504
2019-10-07,3,7,10,30.0,312.5364558201368
2019-10-09,3,7,10,30.0,318.90848633643515
2019-10-10,3,7,10,30.0,310.1884934271946
2019-10-11,4,6,10,40.0,312.08694169322655
2019-10-14,4,6,10,40.0,312.04485046798686
2019-10-15,4,6,10,40.0,319.42145142342645
2019-10-16,4,6,10,40.0,316.86932072687216
2019-10-17,4,6,10,40.0,328.9998254421942
2019-10-18,4,6,10,40.0,331.48856988314026
2019-10-22,4,6,10,40.0,332.6749659783671
2019-10-23,4,6,10,40.0,328.5568330281359
2019-10-24,4,6,10,40.0,323.3277398173589
2019-10-25,4,6,10,40.0,329.69857880609845
2019-10-27,4,6,10,40.0,332.6563006136428
2019-10-29,5,5,10,50.0,341.9761497129234
2019-10-30,5,5,10,50.0,342.4486856168998
2019-10-31,5,5,10,50.0,354.3106623572365
2019-11-01,5,5,10,50.0,354.73763539046547
2019-11-04,5,5,10,50.0,354.0450944886767
2019-11-05,5,5,10,50.0,350.148536287046
2019-11-06,5,5,10,50.0,353.1730060327925
2019-11-07,5,5,10,50.0,352.10025464269916
2019-11-08,4,6,10,40.0,354.6188927805859
2019-11-11,5,5,10,50.0,361.6810284264419
2019-11-13,4,6,10,40.0,355.07649686939726
2019-11-14,4,6,10,40.0,354.58895672141716
2019-11-15,4,6,10,40.0,355.47765925258597
2019-11-18,4,6,10,40.0,356.12283422131566
2019-11-19,5,5,10,50.0,355.873719715404
2019-11-20,5,5,10,50.0,360.76280278026985
2019-11-21,5,5,10,50.0,358.374616840288
2019-11-22,5,5,10,50.0,359.23689225491336
2019-11-25,6,4,10,60.0,364.24389349371455
2019-11-26,6,4,10,60.0,363.1648749207036
2019-11-27,6,4,10,60.0,369.38051576003363
2019-11-28,6,4,10,60.0,377.274772071831
2019-11-29,7,3,10,70.0,376.1289147837259
2019-12-02,7,3,10,70.0,372.55723873108894
2019-12-03,7,3,10,70.0,366.66720051984527
2019-12-04,7,3,10,70.0,372.0058516599524
2019-12-05,5,5,10,50.0,368.1011587607061
2019-12-06,4,6,10,40.0,357.3311152302062
2019-12-09,5,5,10,50.0,355.486314133607
2019-12-10,3,7,10,30.0,346.80368750030664
2019-12-11,3,7,10,30.0,343.47711085010155
2019-12-12,3,7,10,30.0,349.26226545757766
2019-12-13,5,5,10,50.0,354.48124438145913
2019-12-16,5,5,10,50.0,351.18741592458196
2019-12-17,5,5,10,50.0,351.9548823093812
2019-12-18,5,5,10,50.0,353.6717658025786
2019-12-19,5,5,10,50.0,358.29682294895815
2019-12-20,5,5,10,50.0,359.0291924456905
2019-12-23,5,5,10,50.0,355.49513785303037
2019-12-24,5,5,10,50.0,356.79875863792614
2019-12-26,5,5,10,50.0,353.71507279927357
2019-12-27,6,4,10,60.0,358.0344147979158
2019-12-30,6,4,10,60.0,358.02364249250184
2019-12-31,6,4,10,60.0,357.0424315867065
2020-01-01,6,4,10,60.0,356.5635276888825
2020-01-02,7,3,10,70.0,362.60361705207356
2020-01-03,6,4,10,60.0,359.0760758267088
2020-01-06,3,7,10,30.0,347.89233894251663
2020-01-07,3,7,10,30.0,348.8898603854119
2020-01-08,3,7,10,30.0,348.43771468034276
2020-01-09,5,5,10,50.0,356.5800644640517
2020-01-10,5,5,10,50.0,353.4757957004083
2020-01-13,5,5,10,50.0,355.88391072545306
2020-01-14,6,4,10,60.0,352.62555760517677
2020-01-15,5,5,10,50.0,349.28152528268305
2020-01-16,6,4,10,60.0,348.5682676813053
2020-01-17,4,6,10,40.0,345.0192726465627
2020-01-20,4,6,10,40.0,340.38218838486165
2020-01-21,4,6,10,40.0,340.7067184503286
2020-01-22,4,6,10,40.0,338.3910430257084
2020-01-23,4,6,10,40.0,342.51691653973774
2020-01-24,6,4,10,60.0,345.8856996177465
2020-01-27,5,5,10,50.0,343.18607102526204
2020-01-28,5,5,10,50.0,340.828142137472
2020-01-29,6,4,10,60.0,340.2089380640982
2020-01-30,4,6,10,40.0,331.8026993149919
2020-01-31,3,7,10,30.0,333.44196664473805
2020-02-01,2,8,10,20.0,322.17105985904715
2020-02-03,2,8,10,20.0,324.20791374168374
2020-02-04,3,7,10,30.0,328.4382955322887
2020-02-05,3,7,10,30.0,332.1346803395272
2020-02-06,5,5,10,50.0,337.5062372675641
2020-02-07,4,6,10,40.0,338.23052984435293
2020-02-10,4,6,10,40.0,335.685630316953
2020-02-11,4,6,10,40.0,337.80900232000926
2020-02-12,4,6,10,40.0,337.2409759688112
2020-02-13,4,6,10,40.0,333.9517598686614
2020-02-14,4,6,10,40.0,330.28070648777333
2020-02-17,4,6,10,40.0,324.67741138666867
2020-02-18,4,6,10,40.0,318.8856748725416
2020-02-19,4,6,10,40.0,322.3726455402828
2020-02-20,4,6,10,40.0,325.16485261042567
2020-02-24,3,7,10,30.0,319.6963927838801
2020-02-25,2,8,10,20.0,319.78176775825864
2020-02-26,2,8,10,20.0,318.85644892363194
2020-02-27,3,7,10,30.0,319.63953313782923
2020-02-28,2,8,10,20.0,307.126968810355
2020-03-02,2,8,10,20.0,302.8116129882108
2020-03-03,2,8,10,20.0,306.88038946498745
2020-03-04,2,8,10,20.0,301.69835243878447
2020-03-05,2,8,10,20.0,312.6143473488213
2020-03-06,2,8,10,20.0,282.1689326766631
2020-03-09,1,9,10,10.0,270.6307734986139
2020-03-11,1,9,10,10.0,281.55898319088914
2020-03-12,0,10,10,0.0,251.59337098136353
2020-03-13,0,10,10,0.0,259.9852440568624
2020-03-16,0,10,10,0.0,244.1492141311911
2020-03-17,0,10,10,0.0,246.98089281347197
2020-03-18,0,10,10,0.0,229.08188037412876
2020-03-19,0,10,10,0.0,218.7852297837487
2020-03-20,0,10,10,0.0,219.38222537930923
2020-03-23,0,10,10,0.0,178.45731954756812
2020-03-24,0,10,10,0.0,176.67393712017105
2020-03-25,0,10,10,0.0,181.59085058864596
2020-03-26,0,10,10,0.0,201.92635660878162
2020-03-27,0,10,10,0.0,207.18984378142991
2020-03-30,0,10,10,0.0,194.6884068078423
2020-03-31,0,10,10,0.0,189.0495417159349
2020-04-01,0,10,10,0.0,183.95875773613665
2020-04-03,0,10,10,0.0,172.79249428983735
2020-04-07,0,10,10,0.0,186.742370453843
2020-04-08,0,10,10,0.0,190.06586852595123
2020-04-09,0,10,10,0.0,196.20125368308493
2020-04-13,0,10,10,0.0,194.13888587067973
2020-04-15,0,10,10,0.0,193.5097368134701
2020-04-16,0,10,10,0.0,198.32739220300877
2020-04-17,0,10,10,0.0,212.83161085959662
2020-04-20,0,10,10,0.0,211.90322145943378
2020-04-21,0,10,10,0.0,198.61080227514736
2020-04-22,0,10,10,0.0,200.75874476033374
2020-04-23,0,10,10,0.0,203.507254661786
2020-04-24,0,10,10,0.0,195.8715995727461
2020-04-27,0,10,10,0.0,203.4604853199086
2020-04-28,0,10,10,0.0,213.15295499990393
2020-04-29,0,10,10,0.0,215.71144396166946
2020-04-30,0,10,10,0.0,221.94861781446886
2020-05-04,0,10,10,0.0,204.3791619882103
2020-05-05,0,10,10,0.0,201.24280843676274
2020-05-06,0,10,10,0.0,206.1981390786396
2020-05-07,0,10,10,0.0,207.1770436271273
2020-05-08,0,10,10,0.0,202.20163285231146
2020-05-11,0,10,10,0.0,200.40908180372335
2020-05-12,0,10,10,0.0,199.20071597520462
2020-05-13,0,10,10,0.0,208.14738026621256
2020-05-14,0,10,10,0.0,205.22118211215022
2020-05-15,0,10,10,0.0,202.11546910074628
2020-05-18,0,10,10,0.0,187.95789581593954
2020-05-19,0,10,10,0.0,185.89256996828928
2020-05-20,0,10,10,0.0,187.6869548953525
2020-05-21,0,10,10,0.0,185.18590885102722
2020-05-22,0,10,10,0.0,179.9478687136283
2020-05-26,0,10,10,0.0,183.53161754841912
2020-05-27,0,10,10,0.0,195.49105104360444
2020-05-28,0,10,10,0.0,198.56332841571736
2020-05-29,0,10,10,0.0,201.93090235492704
2020-06-01,0,10,10,0.0,209.79728327291363
2020-06-02,0,10,10,0.0,215.65261938339296
2020-06-03,0,10,10,0.0,218.93306211753432
2020-06-04,0,10,10,0.0,211.14783568480573
2020-06-05,0,10,10,0.0,218.05799443724996
2020-06-08,0,10,10,0.0,226.17224039064848
2020-06-09,0,10,10,0.0,224.41030217150524
2020-06-10,0,10,10,0.0,233.61666659755778
2020-06-11,0,10,10,0.0,229.33456270277023
2020-06-12,0,10,10,0.0,233.03594856018654
2020-06-15,0,10,10,0.0,223.82815236626703
2020-06-16,0,10,10,0.0,224.5157733978123
2020-06-17,0,10,10,0.0,224.11872960584623
2020-06-18,0,10,10,0.0,230.25156102220947
2020-06-19,0,10,10,0.0,234.97293099793737
2020-06-22,0,10,10,0.0,244.15633149006553
2020-06-23,0,10,10,0.0,252.61418073276047
2020-06-24,0,10,10,0.0,242.47699183983858
2020-06-25,0,10,10,0.0,242.6058800777549
2020-06-26,0,10,10,0.0,243.9238755820985
2020-06-29,0,10,10,0.0,238.1230310043382
2020-06-30,0,10,10,0.0,236.01145204293968
2020-07-01,0,10,10,0.0,242.98859250105042
2020-07-02,0,10,10,0.0,244.50903791558346
2020-07-03,0,10,10,0.0,243.11416806055598
2020-07-06,0,10,10,0.0,246.75495529938738
2020-07-07,0,10,10,0.0,255.6186629179882
2020-07-08,0,10,10,0.0,254.2890179253293
2020-07-09,1,9,10,10.0,257.16902095786196
2020-07-10,0,10,10,0.0,250.2148170848837
2020-07-13,0,10,10,0.0,244.1356389436403
2020-07-14,0,10,10,0.0,233.90942675174057
2020-07-15,0,10,10,0.0,231.83098380642596
2020-07-16,0,10,10,0.0,233.42727206478514
2020-07-17,0,10,10,0.0,237.66174394779762
2020-07-20,1,9,10,10.0,240.8617433489632
2020-07-21,1,9,10,10.0,243.60236013917503
2020-07-22,1,9,10,10.0,243.1483322868627
2020-07-23,1,9,10,10.0,240.23713933469602
2020-07-24,1,9,10,10.0,238.13096050023867
2020-07-27,0,10,10,0.0,228.6228521951787
2020-07-28,0,10,10,0.0,231.27650148076336
2020-07-29,0,10,10,0.0,231.11909220304176
2020-07-30,0,10,10,0.0,226.21122084829784
2020-07-31,0,10,10,0.0,226.21401104161234
2020-08-03,0,10,10,0.0,218.51777093714188
2020-08-04,0,10,10,0.0,221.92575932043428
2020-08-05,0,10,10,0.0,224.5135689630223
2020-08-06,0,10,10,0.0,225.51653780591772
2020-08-07,0,10,10,0.0,232.26295759200798
2020-08-10,0,10,10,0.0,232.0836670101471
2020-08-11,0,10,10,0.0,237.56221424600366
2020-08-12,0,10,10,0.0,238.73649814512086
2020-08-13,0,10,10,0.0,237.2477457179235
2020-08-14,0,10,10,0.0,230.79533609593256
2020-08-17,0,10,10,0.0,230.56773704017223
2020-08-18,0,10,10,0.0,235.9377989825079
2020-08-19,0,10,10,0.0,238.30521517564512
2020-08-20,0,10,10,0.0,235.72343006252154
2020-08-21,0,10,10,0.0,237.62655404126627
2020-08-24,1,9,10,10.0,241.18805817613668
2020-08-25,1,9,10,10.0,242.61131605124712
2020-08-26,2,8,10,20.0,247.6346103817798
2020-08-27,1,9,10,10.0,250.35588212880094
2020-08-28,3,7,10,30.0,262.23815281372686
2020-08-31,1,9,10,10.0,250.4538264427656
2020-09-01,1,9,10,10.0,249.58835179172604
2020-09-02,1,9,10,10.0,252.1997930121825
2020-09-03,1,9,10,10.0,249.54864963436552
2020-09-04,1,9,10,10.0,244.81190184123545
2020-09-07,1,9,10,10.0,242.8166948522496
2020-09-08,1,9,10,10.0,238.88857254535853
2020-09-09,1,9,10,10.0,234.55174899385622
2020-09-10,1,9,10,10.0,238.50985373169019
2020-09-11,0,10,10,0.0,240.3988984719232
2020-09-14,0,10,10,0.0,238.67332017704234
2020-09-15,1,9,10,10.0,242.74231661492354
2020-09-16,2,8,10,20.0,242.3490166996607
2020-09-17,1,9,10,10.0,240.02306359517917
2020-09-18,0,10,10,0.0,236.76662060386982
2020-09-21,0,10,10,0.0,226.29624631241524
2020-09-22,0,10,10,0.0,221.86473015840815
2020-09-23,0,10,10,0.0,221.41307717260102
2020-09-24,0,10,10,0.0,212.11063446368166
2020-09-25,0,10,10,0.0,220.2711434454005
2020-09-28,0,10,10,0.0,229.70722470820553
2020-09-29,0,10,10,0.0,225.56378091661404
2020-09-30,1,9,10,10.0,224.6123871234533
2020-10-01,1,9,10,10.0,234.0720267031489
2020-10-05,1,9,10,10.0,235.3567500922957
2020-10-06,2,8,10,20.0,240.9341276828178
2020-10-07,2,8,10,20.0,241.36068651868467
2020-10-08,2,8,10,20.0,242.1448204499642
2020-10-09,2,8,10,20.0,247.09335351861904
2020-10-12,4,6,10,40.0,244.74961440171242
2020-10-13,2,8,10,20.0,242.78163755464334
2020-10-14,3,7,10,30.0,245.40492095224528
2020-10-15,1,9,10,10.0,237.28766551579935
2020-10-16,2,8,10,20.0,241.76129810691154
2020-10-19,4,6,10,40.0,250.5993658765877
2020-10-20,3,7,10,30.0,250.6102964844642
2020-10-21,5,5,10,50.0,252.14588777420227
2020-10-22,5,5,10,50.0,250.42918003471627
2020-10-23,5,5,10,50.0,250.4318901169456
2020-10-26,5,5,10,50.0,246.63827625909417
2020-10-27,5,5,10,50.0,250.5318511058845
2020-10-28,5,5,10,50.0,245.29268393050936
2020-10-29,5,5,10,50.0,243.95307772583652
2020-10-30,5,5,10,50.0,242.28168591528902
2020-11-02,5,5,10,50.0,249.94096566344638
2020-11-03,6,4,10,60.0,256.0581255956251
2020-11-04,7,3,10,70.0,257.3766294994219
2020-11-05,7,3,10,70.0,262.58281762441766
2020-11-06,8,2,10,80.0,267.88919444343145
2020-11-09,8,2,10,80.0,276.54800246011206
2020-11-10,9,1,10,90.0,288.3762198454886
2020-11-11,9,1,10,90.0,287.87093637949454
2020-11-12,9,1,10,90.0,283.9674711160755
2020-11-13,9,1,10,90.0,286.48596408891376
2020-11-14,9,1,10,90.0,287.8252842578808
2020-11-17,9,1,10,90.0,292.59424860479993
2020-11-18,9,1,10,90.0,300.439079519889
2020-11-19,9,1,10,90.0,291.6497238318809
2020-11-20,9,1,10,90.0,293.378641287319
2020-11-23,9,1,10,90.0,296.64455274284524
2020-11-24,9,1,10,90.0,302.7333369578708
2020-11-25,9,1,10,90.0,298.88543894933173
2020-11-26,9,1,10,90.0,299.9998477400915
2020-11-27,9,1,10,90.0,303.95242360969104
2020-12-01,9,1,10,90.0,309.6894746720689
2020-12-02,9,1,10,90.0,307.29106136221674
2020-12-03,9,1,10,90.0,308.1006975594181
2020-12-04,9,1,10,90.0,313.4145117424708
2020-12-07,9,1,10,90.0,317.02960130445075
2020-12-08,9,1,10,90.0,318.360465788633
2020-12-09,9,1,10,90.0,325.8973543325509
2020-12-10,9,1,10,90.0,326.6359569540913
2020-12-11,9,1,10,90.0,326.38628744234677
2020-12-14,9,1,10,90.0,325.7996691905648
2020-12-15,9,1,10,90.0,325.3318862727591
2020-12-16,9,1,10,90.0,326.8635783486278
2020-12-17,9,1,10,90.0,325.49225598451636
2020-12-18,9,1,10,90.0,323.4190861678219
2020-12-21,9,1,10,90.0,304.489915334543
2020-12-22,9,1,10,90.0,306.81511024688024
2020-12-23,9,1,10,90.0,312.99615638806955
2020-12-24,9,1,10,90.0,315.7794240524881
2020-12-28,9,1,10,90.0,322.23084887653425
2020-12-29,9,1,10,90.0,326.39946868123747
2020-12-30,9,1,10,90.0,325.3427025707082
2020-12-31,9,1,10,90.0,324.82688393995414
2021-01-01,9,1,10,90.0,325.524716442679
2021-01-04,9,1,10,90.0,328.26038407605046
2021-01-05,9,1,10,90.0,335.40512215960985
2021-01-06,9,1,10,90.0,338.46189673555205
2021-01-07,9,1,10,90.0,346.12664745043344
2021-01-08,9,1,10,90.0,346.22301910122155
2021-01-11,9,1,10,90.0,342.9253379616359
2021-01-12,9,1,10,90.0,345.313980349928
2021-01-13,9,1,10,90.0,342.62506385860803
2021-01-14,9,1,10,90.0,343.1219801078667
2021-01-15,9,1,10,90.0,341.6310187582639
2021-01-18,9,1,10,90.0,334.67769121766014
2021-01-19,9,1,10,90.0,344.1663207668734
2021-01-20,9,1,10,90.0,345.73911729254473
2021-01-21,9,1,10,90.0,339.481108470684
2021-01-22,9,1,10,90.0,327.2905959839592
2021-01-25,8,2,10,80.0,321.46296091523124
2021-01-27,8,2,10,80.0,313.2404041827973
2021-01-28,8,2,10,80.0,312.9799486699271
2021-01-29,8,2,10,80.0,316.0370047928155
2021-02-01,9,1,10,90.0,338.2882582462454
2021-02-02,9,1,10,90.0,347.4193618904618
2021-02-03,9,1,10,90.0,353.70209151390833
2021-02-04,9,1,10,90.0,358.340459573409
2021-02-05,9,1,10,90.0,355.25944080725833
2021-02-08,9,1,10,90.0,357.4152618174644
2021-02-09,9,1,10,90.0,357.03320469092745
2021-02-10,9,1,10,90.0,355.5279980728889
2021-02-11,9,1,10,90.0,357.7453167083325
2021-02-12,9,1,10,90.0,358.980507921053
2021-02-15,9,1,10,90.0,369.07177897401067
2021-02-16,9,1,10,90.0,369.43813615616244
2021-02-17,9,1,10,90.0,368.17339054845013
2021-02-18,9,1,10,90.0,367.32163366940813
2021-02-19,9,1,10,90.0,364.4672304249001
2021-02-22,9,1,10,90.0,355.69837107049244
2021-02-23,9,1,10,90.0,355.23195360765976
2021-02-24,9,1,10,90.0,368.2688704151557
2021-02-25,9,1,10,90.0,371.95163908936695
2021-02-26,9,1,10,90.0,358.0971387752663
2021-03-01,9,1,10,90.0,361.36016455894327
2021-03-02,9,1,10,90.0,363.54547671060453
2021-03-03,9,1,10,90.0,374.93456601777655
2021-03-04,9,1,10,90.0,374.90357524718314
2021-03-05,9,1,10,90.0,367.15304335636625
2021-03-08,9,1,10,90.0,367.021084642046
2021-03-09,9,1,10,90.0,369.48266491120705
2021-03-10,9,1,10,90.0,370.27870644585494
2021-03-12,9,1,10,90.0,367.1736956589919
2021-03-15,9,1,10,90.0,362.10169988488667
2021-03-16,9,1,10,90.0,358.4227414228759
2021-03-17,9,1,10,90.0,349.82256688727114
2021-03-18,9,1,10,90.0,345.4337932416732
2021-03-19,9,1,10,90.0,349.2664687585572
2021-03-22,9,1,10,90.0,344.67304852383734
2021-03-23,9,1,10,90.0,350.5616384006859
2021-03-24,9,1,10,90.0,340.48588559976577
2021-03-25,9,1,10,90.0,336.1103859460163
2021-03-26,9,1,10,90.0,337.2035821879758
2021-03-30,8,2,10,80.0,343.64084871365446
2021-03-31,9,1,10,90.0,338.2797692489085
2021-04-01,9,1,10,90.0,346.9697355546613
2021-04-05,7,3,10,70.0,334.25752672102675
2021-04-06,8,2,10,80.0,335.373513640718
2021-04-07,9,1,10,90.0,342.18663040151915
2021-04-08,9,1,10,90.0,340.1004055838648
2021-04-09,9,1,10,90.0,337.22965408657507
2021-04-12,7,3,10,70.0,313.97709197165386
2021-04-13,7,3,10,70.0,325.63409710638103
2021-04-15,7,3,10,70.0,323.7999759192082
2021-04-16,7,3,10,70.0,323.72777128045357
2021-04-19,7,3,10,70.0,311.17808427689744
2021-04-20,7,3,10,70.0,311.23568552606196
2021-04-22,7,3,10,70.0,314.285735353903
2021-04-23,7,3,10,70.0,315.3961843590615
2021-04-26,7,3,10,70.0,321.2282604991095
2021-04-27,7,3,10,70.0,326.8606231475826
2021-04-28,7,3,10,70.0,336.45978917696135
2021-04-29,7,3,10,70.0,336.3048619715547
2021-04-30,7,3,10,70.0,332.49602275400423
2021-05-03,7,3,10,70.0,326.6425048350707
2021-05-04,7,3,10,70.0,326.4101903174926
2021-05-05,7,3,10,70.0,329.91451693198826
2021-05-06,7,3,10,70.0,327.6734490139915
2021-05-07,7,3,10,70.0,327.46541445803115
2021-05-10,7,3,10,70.0,328.50462681057326
2021-05-11,7,3,10,70.0,327.5210239668894
2021-05-12,7,3,10,70.0,323.7352691313895
2021-05-14,7,3,10,70.0,319.6622299555926
2021-05-17,7,3,10,70.0,330.5691017226191
2021-05-18,7,3,10,70.0,335.3141393746829
2021-05-19,7,3,10,70.0,333.5289245554608
2021-05-20,7,3,10,70.0,332.43832411691375
2021-05-21,7,3,10,70.0,342.1193321021323
2021-05-24,8,2,10,80.0,346.006751195435
2021-05-25,7,3,10,70.0,342.7092533277208
2021-05-26,7,3,10,70.0,341.982104648498
2021-05-27,8,2,10,80.0,345.0666805606062
2021-05-28,8,2,10,80.0,348.25675573746435
2021-05-31,8,2,10,80.0,349.4802616542779
2021-06-01,8,2,10,80.0,345.60341341086985
2021-06-02,8,2,10,80.0,350.97049438423744
2021-06-03,8,2,10,80.0,352.39066088251786
2021-06-04,8,2,10,80.0,350.3119902427348
2021-06-07,9,1,10,90.0,356.07176679425106
2021-06-08,8,2,10,80.0,352.2265080003276
2021-06-09,8,2,10,80.0,348.45201505850207
2021-06-10,8,2,10,80.0,353.452500598529
2021-06-11,8,2,10,80.0,351.5649215896226
2021-06-14,8,2,10,80.0,349.1333184410769
2021-06-15,8,2,10,80.0,352.4551319510369
2021-06-16,8,2,10,80.0,349.0556790862839
2021-06-17,7,3,10,70.0,344.68893120438037
2021-06-18,7,3,10,70.0,343.5972373914072
2021-06-21,9,1,10,90.0,349.6752170709252
2021-06-22,8,2,10,80.0,347.99583177764464
2021-06-23,7,3,10,70.0,345.3590467931751
2021-06-24,7,3,10,70.0,345.8775910165552
2021-06-25,7,3,10,70.0,350.374325486647
2021-06-28,8,2,10,80.0,351.87671960074545
2021-06-29,7,3,10,70.0,347.76430460985443
2021-06-30,6,4,10,60.0,345.35552699170063
2021-07-01,6,4,10,60.0,344.24432496843013
2021-07-02,6,4,10,60.0,344.125937199319
2021-07-05,7,3,10,70.0,347.4176176591865
2021-07-06,8,2,10,80.0,347.960769757037
2021-07-07,8,2,10,80.0,350.58365053029996
2021-07-08,7,3,10,70.0,346.1789306110768
2021-07-09,7,3,10,70.0,345.5508130290982
2021-07-12,7,3,10,70.0,347.8507345058967
2021-07-13,7,3,10,70.0,350.2060500073881
2021-07-14,7,3,10,70.0,350.2319176305979
2021-07-15,7,3,10,70.0,351.31270442156745
2021-07-16,6,4,10,60.0,349.13205282884354
2021-07-19,6,4,10,60.0,342.31670259450203
2021-07-20,6,4,10,60.0,335.01781985426254
2021-07-22,6,4,10,60.0,337.7157253528658
2021-07-23,6,4,10,60.0,339.1260362346926
2021-07-26,6,4,10,60.0,338.6545002950926
2021-07-27,6,4,10,60.0,334.76253073719886
2021-07-28,5,5,10,50.0,332.8188486632613
2021-07-29,5,5,10,50.0,332.6763409847807
2021-07-30,5,5,10,50.0,332.6535623796067
2021-08-02,5,5,10,50.0,334.31611930746254
2021-08-03,5,5,10,50.0,337.09900293616477
2021-08-04,6,4,10,60.0,337.8721043271347
2021-08-05,5,5,10,50.0,335.5227042964246
2021-08-06,5,5,10,50.0,336.6917382966016
2021-08-09,5,5,10,50.0,337.1491999140692
2021-08-10,6,4,10,60.0,334.0278954532553
2021-08-11,5,5,10,50.0,333.21305613756556
2021-08-12,5,5,10,50.0,332.6719619289192
2021-08-13,5,5,10,50.0,332.420360006057
2021-08-16,5,5,10,50.0,330.50783198877065
2021-08-17,5,5,10,50.0,326.458270389011
2021-08-18,5,5,10,50.0,324.6199532332069
2021-08-20,5,5,10,50.0,316.1534175016245
2021-08-23,5,5,10,50.0,312.2210907423915
2021-08-24,5,5,10,50.0,317.6986789569821
2021-08-25,5,5,10,50.0,316.65531123583617
2021-08-26,5,5,10,50.0,316.2521907115317
2021-08-27,5,5,10,50.0,318.1344892088167
2021-08-30,5,5,10,50.0,325.4806625220915
2021-08-31,5,5,10,50.0,324.4788256349521
2021-09-01,5,5,10,50.0,328.69509068238574
2021-09-02,5,5,10,50.0,330.8081480476063
2021-09-03,5,5,10,50.0,331.1223665871544
2021-09-06,5,5,10,50.0,329.65024066563984
2021-09-07,5,5,10,50.0,329.08603013106307
2021-09-08,5,5,10,50.0,331.373600716862
2021-09-09,6,4,10,60.0,330.8545313101199
2021-09-13,6,4,10,60.0,330.56929679677467
2021-09-14,6,4,10,60.0,338.0500848598541
2021-09-15,6,4,10,60.0,342.1464095404473
2021-09-16,7,3,10,70.0,356.1500210115304
2021-09-17,6,4,10,60.0,350.8028395573229
2021-09-20,6,4,10,60.0,342.2264838759033
2021-09-21,6,4,10,60.0,345.1942403356006
2021-09-22,6,4,10,60.0,345.68538443425626
2021-09-23,6,4,10,60.0,351.6597334703082
2021-09-24,6,4,10,60.0,349.1430942028549
2021-09-27,6,4,10,60.0,351.40136577267674
2021-09-28,6,4,10,60.0,348.59457776861916
2021-09-29,6,4,10,60.0,346.8372191772312
2021-09-30,6,4,10,60.0,346.80354545736986
2021-10-01,6,4,10,60.0,347.0826589808128
2021-10-04,6,4,10,60.0,350.9699372770214
2021-10-05,6,4,10,60.0,353.36005624128285
2021-10-06,6,4,10,60.0,349.5592785270521
2021-10-07,7,3,10,70.0,355.8484137774809
2021-10-08,7,3,10,70.0,358.90338557370126
2021-10-11,7,3,10,70.0,358.64347949184656
2021-10-12,7,3,10,70.0,361.7846003106317
2021-10-13,7,3,10,70.0,364.53721631855797
2021-10-14,7,3,10,70.0,366.96753262835824
2021-10-18,7,3,10,70.0,374.50381387765657
2021-10-19,6,4,10,60.0,367.20026796727484
2021-10-20,6,4,10,60.0,366.895098946155
2021-10-21,7,3,10,70.0,374.87083544156087
2021-10-22,7,3,10,70.0,379.6152677199539
2021-10-25,6,4,10,60.0,380.9009622353162
2021-10-26,7,3,10,70.0,383.5302719064479
2021-10-27,7,3,10,70.0,376.51776658116563
2021-10-28,6,4,10,60.0,367.0530303338664
2021-10-29,6,4,10,60.0,359.262609885554
2021-11-01,6,4,10,60.0,366.05532760438894
2021-11-02,7,3,10,70.0,375.56569397672394
2021-11-03,6,4,10,60.0,368.3064790488798
2021-11-04,6,4,10,60.0,370.36657631148364
2021-11-08,6,4,10,60.0,367.2752998826145
2021-11-09,7,3,10,70.0,371.1092179218025
2021-11-10,7,3,10,70.0,368.20484630301837
2021-11-11,6,4,10,60.0,365.34910269398074
2021-11-12,6,4,10,60.0,366.74316131079763
2021-11-15,6,4,10,60.0,365.8197543134074
2021-11-16,7,3,10,70.0,363.258137806294
2021-11-17,6,4,10,60.0,360.21225716433145
2021-11-18,4,6,10,40.0,355.43030630864286
2021-11-22,3,7,10,30.0,346.2810232779321
2021-11-23,3,7,10,30.0,349.1346269257363
2021-11-24,3,7,10,30.0,350.8728484335633
2021-11-25,5,5,10,50.0,351.3478700044884
2021-11-26,3,7,10,30.0,334.71424232335306
2021-11-29,3,7,10,30.0,330.2837002873476
2021-11-30,3,7,10,30.0,329.55341579962527
2021-12-01,3,7,10,30.0,337.54078703437386
2021-12-02,4,6,10,40.0,339.57110994557837
2021-12-03,3,7,10,30.0,338.33091028404374
2021-12-06,3,7,10,30.0,333.4142962762215
2021-12-07,4,6,10,40.0,341.95306137005923
2021-12-08,4,6,10,40.0,346.95766498381835
2021-12-09,5,5,10,50.0,349.09114194711105
2021-12-10,5,5,10,50.0,351.7425379933928
2021-12-13,4,6,10,40.0,349.34393571069637
2021-12-14,3,7,10,30.0,347.91939828728175
2021-12-15,4,6,10,40.0,345.4519393206939
2021-12-16,3,7,10,30.0,341.9356074586906
2021-12-17,1,9,10,10.0,331.2746780969792
2021-12-20,1,9,10,10.0,317.30097633810993
2021-12-21,1,9,10,10.0,318.79354889138017
2021-12-22,2,8,10,20.0,326.12055294461953
2021-12-23,2,8,10,20.0,327.88554830179345
2021-12-24,1,9,10,10.0,322.9911277570601
2021-12-27,1,9,10,10.0,317.5127520346675
2021-12-28,2,8,10,20.0,320.5246932808604
2021-12-29,2,8,10,20.0,320.9148466775193
2021-12-30,2,8,10,20.0,317.57615857592634
2021-12-31,2,8,10,20.0,320.3196687677144
2022-01-03,4,6,10,40.0,329.1437105815023
2022-01-04,5,5,10,50.0,331.6372730959906
2022-01-05,5,5,10,50.0,337.6939573892871
2022-01-06,5,5,10,50.0,337.73691466449054
2022-01-07,5,5,10,50.0,338.5208489066329
2022-01-10,6,4,10,60.0,344.68356125863215
2022-01-11,6,4,10,60.0,345.1862904172229
2022-01-12,6,4,10,60.0,349.8744781480682
2022-01-13,6,4,10,60.0,350.52818610266394
2022-01-14,5,5,10,50.0,351.23017600634427
2022-01-17,6,4,10,60.0,350.6434491022354
2022-01-18,5,5,10,50.0,346.60811195712125
2022-01-19,6,4,10,60.0,347.3878266136963
2022-01-20,5,5,10,50.0,344.96926776006916
2022-01-21,5,5,10,50.0,339.49038498312734
2022-01-24,4,6,10,40.0,333.18508841018615
2022-01-25,6,4,10,60.0,342.8526027319986
2022-01-27,6,4,10,60.0,347.97830037040904
2022-01-28,6,4,10,60.0,345.6297729066375
2022-01-31,6,4,10,60.0,345.06828211027516
2022-02-01,6,4,10,60.0,350.52599258494115
2022-02-02,7,3,10,70.0,359.32371157161367
2022-02-03,7,3,10,70.0,356.11308076967003
2022-02-04,7,3,10,70.0,353.6675679971668
2022-02-07,5,5,10,50.0,348.8737402289786
2022-02-08,5,5,10,50.0,348.8706742663387
2022-02-09,5,5,10,50.0,353.7046033129807
2022-02-10,7,3,10,70.0,355.87932025347175
2022-02-11,6,4,10,60.0,351.9438887747071
2022-02-14,5,5,10,50.0,336.4950195954232
2022-02-15,5,5,10,50.0,348.8170918908961
2022-02-16,5,5,10,50.0,348.0006126177542
2022-02-17,5,5,10,50.0,344.7762520350896
2022-02-18,5,5,10,50.0,344.7107979084936
2022-02-21,6,4,10,60.0,343.65814477529517
2022-02-22,5,5,10,50.0,341.22917710891124
2022-02-23,6,4,10,60.0,343.84892492278976
2022-02-24,1,9,10,10.0,318.2770446109163
2022-02-25,5,5,10,50.0,333.7751765674526
2022-02-28,4,6,10,40.0,332.8777914662216
2022-03-02,2,8,10,20.0,326.6367270786557
2022-03-03,1,9,10,10.0,323.60910005849456
2022-03-04,1,9,10,10.0,316.6908845211181
2022-03-07,0,10,10,0.0,302.66416082247133
2022-03-08,1,9,10,10.0,307.7685171667839
2022-03-09,1,9,10,10.0,314.036477458683
2022-03-10,1,9,10,10.0,318.8145712075799
2022-03-11,1,9,10,10.0,318.57901615506626
2022-03-14,1,9,10,10.0,321.4849826666975
2022-03-15,1,9,10,10.0,318.82395614684447
2022-03-16,1,9,10,10.0,328.10333819388916
2022-03-17,2,8,10,20.0,333.7201959736647
2022-03-21,1,9,10,10.0,328.9632672725867
2022-03-22,2,8,10,20.0,331.2556083181311
2022-03-23,2,8,10,20.0,330.1457484081823
2022-03-24,1,9,10,10.0,325.74594868334776
2022-03-25,2,8,10,20.0,324.8120348694876
2022-03-28,1,9,10,10.0,324.316618616601
2022-03-29,1,9,10,10.0,323.4223868669311
2022-03-30,4,6,10,40.0,326.332577670932
2022-03-31,4,6,10,40.0,328.7620276378499
2022-04-01,4,6,10,40.0,339.1061159200808
2022-04-04,6,4,10,60.0,349.33323131781424
2022-04-05,5,5,10,50.0,344.4932920783921
2022-04-06,6,4,10,60.0,346.70261109608293
2022-04-07,5,5,10,50.0,347.34463947505657
2022-04-08,5,5,10,50.0,347.4722005040106
2022-04-11,5,5,10,50.0,346.59705055926725
2022-04-12,5,5,10,50.0,346.827175835414
2022-04-13,5,5,10,50.0,344.1167596321511
2022-04-18,5,5,10,50.0,338.97549202126055
2022-04-19,5,5,10,50.0,333.67931723685604
2022-04-20,5,5,10,50.0,334.0873644305933
2022-04-21,5,5,10,50.0,339.97587722294634
2022-04-22,5,5,10,50.0,333.58290547632777
2022-04-25,5,5,10,50.0,331.6454883684326
2022-04-26,5,5,10,50.0,336.2342938333588
2022-04-27,5,5,10,50.0,332.5963440063712
2022-04-28,5,5,10,50.0,335.0782725586139
2022-04-29,4,6,10,40.0,332.03636617438497
2022-05-02,5,5,10,50.0,332.08318461475005
2022-05-04,3,7,10,30.0,325.795271976836
2022-05-05,3,7,10,30.0,325.2130915600095
2022-05-06,2,8,10,20.0,317.9261219476963
2022-05-09,2,8,10,20.0,314.604713025675
2022-05-10,2,8,10,20.0,315.80545917691103
2022-05-11,1,9,10,10.0,314.36174352388446
2022-05-12,1,9,10,10.0,302.12693808596873
2022-05-13,1,9,10,10.0,303.7146321155857
2022-05-16,1,9,10,10.0,311.40898218574614
2022-05-17,2,8,10,20.0,318.92410182503517
2022-05-18,2,8,10,20.0,318.7860678183036
2022-05-19,2,8,10,20.0,308.1144641261107
2022-05-20,2,8,10,20.0,316.575418689305
2022-05-23,2,8,10,20.0,315.4173043888268
2022-05-24,3,7,10,30.0,313.12662668190694
2022-05-25,2,8,10,20.0,309.72573340207913
2022-05-26,3,7,10,30.0,315.5770488162126
2022-05-27,3,7,10,30.0,321.7153064405104
2022-05-30,4,6,10,40.0,325.2063831599105
2022-05-31,3,7,10,30.0,321.56641800893254
2022-06-01,3,7,10,30.0,322.519162373903
2022-06-02,4,6,10,40.0,323.4077277318751
2022-06-03,3,7,10,30.0,317.89430058523493
2022-06-06,3,7,10,30.0,319.470959317504
2022-06-07,1,9,10,10.0,318.0637452335222
2022-06-08,2,8,10,20.0,317.8897035164995
2022-06-09,2,8,10,20.0,319.8197480799347
2022-06-10,1,9,10,10.0,315.28742853780665
2022-06-13,1,9,10,10.0,298.93117726742065
2022-06-14,1,9,10,10.0,298.6688416601939
2022-06-15,1,9,10,10.0,298.5983778740556
2022-06-16,1,9,10,10.0,289.6966969619328
2022-06-17,1,9,10,10.0,289.98726916320066
2022-06-20,0,10,10,0.0,282.0338165029877
2022-06-21,0,10,10,0.0,288.81928827624733
2022-06-22,0,10,10,0.0,285.7609405507027
2022-06-23,0,10,10,0.0,287.84127609529577
2022-06-24,0,10,10,0.0,293.81262013129776
2022-06-27,0,10,10,0.0,297.4254080269799
2022-06-28,0,10,10,0.0,295.1393446837129
2022-06-29,0,10,10,0.0,290.15562501328645
2022-06-30,0,10,10,0.0,289.17514964356064
2022-07-01,1,9,10,10.0,293.01453756338805
2022-07-04,1,9,10,10.0,298.3908707364253
2022-07-05,1,9,10,10.0,295.1107920214116
2022-07-06,1,9,10,10.0,299.38566891034924
2022-07-07,2,8,10,20.0,304.2166383687784
2022-07-08,2,8,10,20.0,303.058738840348
2022-07-11,2,8,10,20.0,308.11781849971175
2022-07-12,3,7,10,30.0,306.0929352267159
2022-07-13,2,8,10,20.0,303.6658542484367
2022-07-14,3,7,10,30.0,302.34385832889785
2022-07-15,3,7,10,30.0,301.7688420059012
2022-07-18,3,7,10,30.0,310.9808015313392
2022-07-19,3,7,10,30.0,317.82502721402597
2022-07-20,3,7,10,30.0,317.5858472910585
2022-07-21,4,6,10,40.0,324.43686813220955
2022-07-22,4,6,10,40.0,327.0308924147848
2022-07-25,5,5,10,50.0,325.84449546182356
2022-07-26,4,6,10,40.0,320.7464890741657
2022-07-27,5,5,10,50.0,325.76308242159047
2022-07-28,5,5,10,50.0,330.57418638068583
2022-07-29,5,5,10,50.0,332.65868597042936
2022-08-01,7,3,10,70.0,340.93268785441404
2022-08-02,7,3,10,70.0,349.34496482864637
2022-08-03,7,3,10,70.0,345.99327198859254
2022-08-04,6,4,10,60.0,344.0564056146659
2022-08-05,6,4,10,60.0,344.6254366596954
2022-08-08,8,2,10,80.0,347.75559490754137
2022-08-10,7,3,10,70.0,346.3529306537326
2022-08-11,8,2,10,80.0,350.47665014866584
2022-08-12,8,2,10,80.0,350.4130833035442
2022-08-16,8,2,10,80.0,353.767651226327
2022-08-17,8,2,10,80.0,358.3122156466266
2022-08-18,8,2,10,80.0,361.12037909059944
2022-08-19,8,2,10,80.0,353.89383131792175
2022-08-22,8,2,10,80.0,348.31595134426686
2022-08-23,8,2,10,80.0,354.95057277693456
2022-08-24,8,2,10,80.0,368.86495458640593
2022-08-25,9,1,10,90.0,369.99203458146945
2022-08-26,8,2,10,80.0,367.1245381795307
2022-08-29,8,2,10,80.0,361.0582978829081
2022-08-30,8,2,10,80.0,370.111522383255
2022-09-01,8,2,10,80.0,369.04033743502004
2022-09-02,8,2,10,80.0,368.6088194962225
2022-09-05,8,2,10,80.0,375.8193603277115
2022-09-06,8,2,10,80.0,373.28262741457274
2022-09-07,8,2,10,80.0,373.21456296387095
2022-09-08,8,2,10,80.0,379.77985282667527
2022-09-09,9,1,10,90.0,381.99636148066384
2022-09-12,9,1,10,90.0,382.5481175853311
2022-09-13,10,0,10,100.0,384.92997404608246
2022-09-14,10,0,10,100.0,390.8351261038645
2022-09-15,10,0,10,100.0,389.5283274891496
2022-09-16,8,2,10,80.0,383.0694117096739
2022-09-19,8,2,10,80.0,382.9010906307243
2022-09-20,9,1,10,90.0,388.2043858400271
2022-09-21,9,1,10,90.0,386.0760998981793
2022-09-22,9,1,10,90.0,382.6259474498691
2022-09-23,8,2,10,80.0,370.81797509450644
2022-09-26,7,3,10,70.0,356.5478626416771
2022-09-27,6,4,10,60.0,357.45584611199007
2022-09-28,5,5,10,50.0,351.2672760500287
2022-09-29,5,5,10,50.0,352.20757518440433
2022-09-30,7,3,10,70.0,362.7746597357149
2022-10-03,6,4,10,60.0,356.57693618408916
2022-10-04,8,2,10,80.0,371.49404548717433
2022-10-06,9,1,10,90.0,374.9208445840073
2022-10-07,9,1,10,90.0,375.5918064040275
2022-10-10,7,3,10,70.0,373.96920123260304
2022-10-11,7,3,10,70.0,370.19032123211264
2022-10-12,7,3,10,70.0,376.33634837920084
2022-10-13,7,3,10,70.0,372.80108011311205
2022-10-14,9,1,10,90.0,377.31946425797753
2022-10-17,9,1,10,90.0,382.46222868105986
2022-10-18,9,1,10,90.0,385.66824447999574
2022-10-19,9,1,10,90.0,386.3799058932129
2022-10-20,9,1,10,90.0,383.69369887194296
2022-10-21,9,1,10,90.0,390.59326154025456
2022-10-24,9,1,10,90.0,390.9438335087528
2022-10-25,9,1,10,90.0,386.0539825851609
2022-10-27,9,1,10,90.0,392.2321674051652
2022-10-28,9,1,10,90.0,389.29730640436526
2022-10-31,9,1,10,90.0,386.1603699130973
2022-11-01,9,1,10,90.0,384.78339986513777
2022-11-02,9,1,10,90.0,383.1400847254297
2022-11-03,9,1,10,90.0,387.711203484909
2022-11-04,9,1,10,90.0,387.22561185566457
2022-11-07,9,1,10,90.0,388.15482570077523
2022-11-09,9,1,10,90.0,390.0264857737629
2022-11-10,9,1,10,90.0,387.2851205552621
2022-11-11,9,1,10,90.0,391.781677743871
2022-11-14,9,1,10,90.0,393.63065331789136
2022-11-15,9,1,10,90.0,394.93156381931124
2022-11-16,9,1,10,90.0,393.7449692199462
2022-11-17,9,1,10,90.0,393.34074059028933
2022-11-18,9,1,10,90.0,390.516488056192
2022-11-21,9,1,10,90.0,389.2055341227448
2022-11-22,9,1,10,90.0,391.4127109011307
2022-11-23,9,1,10,90.0,392.91868057270744
2022-11-24,9,1,10,90.0,393.6532226572216
2022-11-25,9,1,10,90.0,397.68742826059275
2022-11-28,9,1,10,90.0,400.5160929164955
2022-11-29,9,1,10,90.0,401.45525533382107
2022-11-30,9,1,10,90.0,403.60745015492483
2022-12-01,9,1,10,90.0,403.14427862909986
2022-12-02,9,1,10,90.0,404.31714080345114
2022-12-05,9,1,10,90.0,408.13598673923235
2022-12-06,9,1,10,90.0,407.0191297179557
2022-12-07,9,1,10,90.0,404.9288988453772
2022-12-08,9,1,10,90.0,410.0533195758551
2022-12-09,9,1,10,90.0,412.31730196927725
2022-12-12,9,1,10,90.0,416.7498781441932
2022-12-13,9,1,10,90.0,426.8801878062034
2022-12-14,9,1,10,90.0,428.63608325955573
2022-12-15,9,1,10,90.0,427.86836212365625
2022-12-16,9,1,10,90.0,421.4391268251365
2022-12-19,9,1,10,90.0,423.91739512770556
2022-12-20,9,1,10,90.0,422.4588116426779
2022-12-21,8,2,10,80.0,411.2175443120708
2022-12-22,9,1,10,90.0,403.68047992931554
2022-12-23,8,2,10,80.0,389.6888055003236
2022-12-26,8,2,10,80.0,406.50133490018794
2022-12-27,8,2,10,80.0,411.52017809207433
2022-12-28,8,2,10,80.0,412.56611692133475
2022-12-29,8,2,10,80.0,417.51469302702685
2022-12-30,8,2,10,80.0,419.4068153598697
2023-01-02,8,2,10,80.0,425.4122160124395
2023-01-03,9,1,10,90.0,429.5167300716716
2023-01-04,8,2,10,80.0,423.31222973205377
2023-01-05,8,2,10,80.0,423.4395459601141
2023-01-06,8,2,10,80.0,418.3705087505616
2023-01-09,8,2,10,80.0,423.33238678267946
2023-01-10,8,2,10,80.0,418.2413379437187
2023-01-11,8,2,10,80.0,417.7929067629784
2023-01-12,8,2,10,80.0,414.5040272823779
2023-01-13,8,2,10,80.0,417.5186184163466
2023-01-16,8,2,10,80.0,417.0158465406631
2023-01-17,8,2,10,80.0,415.16980040913813
2023-01-18,8,2,10,80.0,416.4668981485496
2023-01-19,8,2,10,80.0,412.76094092933295
2023-01-20,8,2,10,80.0,412.8176907433706
2023-01-23,8,2,10,80.0,412.3000810935346
2023-01-24,8,2,10,80.0,409.4208929289418
2023-01-25,8,2,10,80.0,400.5153512722443
2023-01-27,7,3,10,70.0,390.43816733982976
2023-01-30,7,3,10,70.0,389.9224471048083
2023-01-31,8,2,10,80.0,393.856874402843
2023-02-01,7,3,10,70.0,387.5064730163674
2023-02-02,8,2,10,80.0,392.29672975065955
2023-02-03,8,2,10,80.0,395.1943387330279
2023-02-06,8,2,10,80.0,398.7304490033588
2023-02-07,8,2,10,80.0,399.5081928449531
2023-02-08,8,2,10,80.0,401.2659180795328
2023-02-09,8,2,10,80.0,401.1284732872056
2023-02-10,8,2,10,80.0,402.0340491338255
2023-02-13,8,2,10,80.0,397.95226277632463
2023-02-14,8,2,10,80.0,398.0638489660777
2023-02-15,8,2,10,80.0,398.95558538558
2023-02-16,8,2,10,80.0,397.5986839195868
2023-02-17,7,3,10,70.0,390.77200569941306
2023-02-20,8,2,10,80.0,389.25668521662885
2023-02-21,8,2,10,80.0,388.3770698626371
2023-02-22,8,2,10,80.0,381.39631781409366
2023-02-23,8,2,10,80.0,382.77543347390053
2023-02-24,6,4,10,60.0,382.0435338888552
2023-02-27,8,2,10,80.0,384.45381258900704
2023-02-28,8,2,10,80.0,388.62302823658564
2023-03-01,8,2,10,80.0,396.6497824581176
2023-03-02,8,2,10,80.0,392.24388142163764
2023-03-03,8,2,10,80.0,396.5001305719963
2023-03-06,8,2,10,80.0,397.0937631275418
2023-03-08,8,2,10,80.0,398.99157663219785
2023-03-09,8,2,10,80.0,394.7759237438268
2023-03-10,7,3,10,70.0,388.42332908889745
2023-03-13,5,5,10,50.0,375.75219447987
2023-03-14,5,5,10,50.0,372.35056004910734
2023-03-15,5,5,10,50.0,368.9837834614458
2023-03-16,5,5,10,50.0,367.6051842025567
2023-03-17,5,5,10,50.0,370.73809855904074
2023-03-20,5,5,10,50.0,368.2277778064447
2023-03-21,6,4,10,60.0,373.0901035956272
2023-03-22,6,4,10,60.0,375.9286683006204
2023-03-23,6,4,10,60.0,372.1764129677796
2023-03-24,5,5,10,50.0,367.43939300644826
2023-03-27,5,5,10,50.0,365.8465616690966
2023-03-28,6,4,10,60.0,363.9993983247565
2023-03-29,5,5,10,50.0,368.9516194645435
2023-03-31,6,4,10,60.0,376.03312684985355
2023-04-03,6,4,10,60.0,381.1330443119921
2023-04-05,6,4,10,60.0,379.1829942707068
2023-04-06,6,4,10,60.0,380.417160462109
2023-04-10,6,4,10,60.0,378.5957033463282
2023-04-11,7,3,10,70.0,381.86921883074166
2023-04-12,7,3,10,70.0,382.9893670792167
2023-04-13,8,2,10,80.0,385.80353670981503
2023-04-17,8,2,10,80.0,390.3976356889905
2023-04-18,8,2,10,80.0,396.27567502314105
2023-04-19,8,2,10,80.0,394.236174793499
2023-04-20,8,2,10,80.0,395.2475716873774
2023-04-21,8,2,10,80.0,393.4680960651721
2023-04-24,7,3,10,70.0,396.2998249778872
2023-04-25,8,2,10,80.0,397.8223027463198
2023-04-26,8,2,10,80.0,399.50364419891525
2023-04-27,8,2,10,80.0,402.9002949403232
2023-04-28,8,2,10,80.0,405.92361830579
2023-05-02,8,2,10,80.0,407.53074434758696
2023-05-03,8,2,10,80.0,408.382288260853
2023-05-04,8,2,10,80.0,409.82197292189556
2023-05-05,7,3,10,70.0,398.600633073606
2023-05-08,7,3,10,70.0,405.84728868486746
2023-05-09,8,2,10,80.0,406.3383146124247
2023-05-10,8,2,10,80.0,407.52386030438055
2023-05-11,8,2,10,80.0,409.43386730436293
2023-05-12,7,3,10,70.0,409.61705509472637
2023-05-15,8,2,10,80.0,414.6449864475299
2023-05-16,7,3,10,70.0,413.4255030447723
2023-05-17,7,3,10,70.0,411.00032367285513
2023-05-18,6,4,10,60.0,410.3258024432937
2023-05-19,7,3,10,70.0,411.0180183637774
2023-05-22,7,3,10,70.0,410.62300801802263
2023-05-23,8,2,10,80.0,413.1639142708835
2023-05-24,8,2,10,80.0,412.4013795368473
2023-05-25,8,2,10,80.0,414.2563692789142
2023-05-26,8,2,10,80.0,417.5514197755657
2023-05-29,8,2,10,80.0,421.9140428162455
2023-05-30,8,2,10,80.0,427.0507773351037
2023-05-31,8,2,10,80.0,426.54817247926775
2023-06-01,8,2,10,80.0,426.99284045385167
2023-06-02,8,2,10,80.0,428.40057219864497
2023-06-05,8,2,10,80.0,430.9550682130033
2023-06-06,8,2,10,80.0,432.18112597230913
2023-06-07,8,2,10,80.0,432.9608771966365
2023-06-08,8,2,10,80.0,430.2568417853392
2023-06-09,8,2,10,80.0,430.14158000253826
2023-06-12,8,2,10,80.0,431.0316534392341
2023-06-13,8,2,10,80.0,433.4465129380284
2023-06-14,8,2,10,80.0,430.4058973225227
2023-06-15,7,3,10,70.0,425.24334139916107
2023-06-16,8,2,10,80.0,432.93733788727724
2023-06-19,7,3,10,70.0,428.9516067549652
2023-06-20,7,3,10,70.0,430.5095335172718
2023-06-21,7,3,10,70.0,428.98379905356546
2023-06-22,6,4,10,60.0,423.9487641286587
2023-06-23,6,4,10,60.0,423.40461249114253
2023-06-26,6,4,10,60.0,423.525470841051
2023-06-27,7,3,10,70.0,428.72858702394706
2023-06-28,6,4,10,60.0,430.4602913896957
2023-06-30,8,2,10,80.0,437.2567537982999
2023-07-03,7,3,10,70.0,439.49148118697474
2023-07-04,8,2,10,80.0,439.0889577109576
2023-07-05,9,1,10,90.0,442.2915279243622
2023-07-06,9,1,10,90.0,445.80162615277646
2023-07-07,9,1,10,90.0,440.9973197382431
2023-07-10,9,1,10,90.0,439.2144439767449
2023-07-11,9,1,10,90.0,442.41722056526334
2023-07-12,9,1,10,90.0,442.51262144803195
2023-07-13,8,2,10,80.0,438.8748373984284
2023-07-14,8,2,10,80.0,445.27449289474055
2023-07-17,9,1,10,90.0,451.5888793573786
2023-07-18,9,1,10,90.0,449.860959456418
2023-07-19,9,1,10,90.0,450.6994414541337
2023-07-20,9,1,10,90.0,455.39169544993416
2023-07-21,9,1,10,90.0,457.1223268304825
2023-07-24,9,1,10,90.0,455.1765427860178
2023-07-25,9,1,10,90.0,452.6535650569433
2023-07-26,8,2,10,80.0,459.04274461874274
2023-07-27,8,2,10,80.0,453.17186756716046
2023-07-28,8,2,10,80.0,453.5098232356543
2023-07-31,8,2,10,80.0,455.9549751456697
2023-08-01,9,1,10,90.0,456.616293144573
2023-08-02,7,3,10,70.0,450.7882550323608
2023-08-03,7,3,10,70.0,448.55182633214537
2023-08-04,7,3,10,70.0,452.36214597003067
2023-08-07,7,3,10,70.0,452.4574802581644
2023-08-08,7,3,10,70.0,454.33658140456276
2023-08-09,7,3,10,70.0,454.69358597497364
2023-08-10,7,3,10,70.0,452.88804370326767
2023-08-11,7,3,10,70.0,450.5991387300346
2023-08-14,6,4,10,60.0,450.72576539409164
2023-08-16,6,4,10,60.0,447.4688055847138
2023-08-17,6,4,10,60.0,448.9442532740437
2023-08-18,6,4,10,60.0,447.9686967020199
2023-08-21,6,4,10,60.0,451.0379055194403
2023-08-22,7,3,10,70.0,453.70017831951037
2023-08-23,7,3,10,70.0,460.9794818056928
2023-08-24,7,3,10,70.0,460.26676027485587
2023-08-25,7,3,10,70.0,459.04876211833914
2023-08-28,7,3,10,70.0,461.45063894973777
2023-08-29,7,3,10,70.0,461.15926793652244
2023-08-30,6,4,10,60.0,461.126661061716
2023-08-31,6,4,10,60.0,459.5707375791354
2023-09-01,8,2,10,80.0,465.02661241911227
2023-09-04,8,2,10,80.0,469.9396587955813
2023-09-05,8,2,10,80.0,469.68197358724575
2023-09-06,8,2,10,80.0,466.442679213362
2023-09-07,8,2,10,80.0,471.6988873028138
2023-09-08,9,1,10,90.0,473.26255692435905
2023-09-11,9,1,10,90.0,476.4211307352838
2023-09-12,9,1,10,90.0,465.7802207624474
2023-09-13,9,1,10,90.0,471.70035166249875
2023-09-14,9,1,10,90.0,473.1699217380319
2023-09-15,9,1,10,90.0,479.4995433642515
2023-09-18,9,1,10,90.0,476.2767796206123
2023-09-20,8,2,10,80.0,472.4320501703648
2023-09-21,8,2,10,80.0,466.30947090172407
2023-09-22,8,2,10,80.0,468.846986859253
2023-09-25,8,2,10,80.0,471.4591053757725
2023-09-26,8,2,10,80.0,470.3952437710239
2023-09-27,8,2,10,80.0,474.11944342082916
2023-09-28,8,2,10,80.0,468.09899161506155
2023-09-29,8,2,10,80.0,472.9851503057022
2023-10-03,8,2,10,80.0,473.2886221754321
2023-10-04,8,2,10,80.0,466.67031743292335
2023-10-05,8,2,10,80.0,465.3667033293467
2023-10-06,8,2,10,80.0,468.9051591340049
2023-10-09,7,3,10,70.0,462.78747769087005
2023-10-10,8,2,10,80.0,468.5420010206064
2023-10-11,8,2,10,80.0,469.1149526881974
2023-10-12,8,2,10,80.0,470.4188790476637
2023-10-13,8,2,10,80.0,467.72152508017115
2023-10-16,8,2,10,80.0,467.28441841644104
2023-10-17,8,2,10,80.0,468.12392606533354
2023-10-18,8,2,10,80.0,463.12284143362905
2023-10-19,7,3,10,70.0,462.1633357376317
2023-10-20,7,3,10,70.0,461.58965789252153
2023-10-23,6,4,10,60.0,450.2965304132477
2023-10-25,6,4,10,60.0,445.2055999404817
2023-10-26,5,5,10,50.0,438.2948800835577
2023-10-27,5,5,10,50.0,444.6251125701502
2023-10-30,6,4,10,60.0,444.267705636076
2023-10-31,6,4,10,60.0,442.4328984712271
2023-11-01,5,5,10,50.0,439.858349946516
2023-11-02,6,4,10,60.0,444.07181827977877
2023-11-03,6,4,10,60.0,448.6576949442248
2023-11-06,6,4,10,60.0,452.5421643906335
2023-11-07,7,3,10,70.0,455.3126782827311
2023-11-08,7,3,10,70.0,459.92788595482165
2023-11-09,7,3,10,70.0,461.91283092323516
2023-11-10,7,3,10,70.0,463.3788063817507
2023-11-12,7,3,10,70.0,465.04856964233204
2023-11-13,7,3,10,70.0,469.11185810305074
2023-11-15,7,3,10,70.0,474.343882894156
2023-11-16,7,3,10,70.0,474.55084532159333
2023-11-17,7,3,10,70.0,466.3277461105257
2023-11-20,7,3,10,70.0,462.55174510826754
2023-11-21,7,3,10,70.0,463.4194877412102
2023-11-22,7,3,10,70.0,458.7312168487769
2023-11-23,7,3,10,70.0,463.67935972648445
2023-11-24,7,3,10,70.0,463.08569664638435
2023-11-28,7,3,10,70.0,466.1930464349001
2023-11-29,7,3,10,70.0,471.4134731203695
2023-11-30,7,3,10,70.0,469.54536355306715
2023-12-01,7,3,10,70.0,471.61939515624596
2023-12-04,10,0,10,100.0,486.258287944845
2023-12-05,10,0,10,100.0,492.08117704548533
2023-12-06,10,0,10,100.0,492.37664588210646
2023-12-07,10,0,10,100.0,492.2592199242443
2023-12-08,10,0,10,100.0,496.34054618126305
2023-12-11,10,0,10,100.0,498.73494912443414
2023-12-12,10,0,10,100.0,498.45911844351605
2023-12-13,10,0,10,100.0,499.5508029721698
2023-12-14,10,0,10,100.0,505.83782792420055
2023-12-15,10,0,10,100.0,514.6598467614432
2023-12-18,10,0,10,100.0,513.581581215632
2023-12-19,10,0,10,100.0,511.7739458523286
2023-12-20,10,0,10,100.0,498.15232094039675
2023-12-21,10,0,10,100.0,503.0137857265839
2023-12-22,10,0,10,100.0,500.2260990705654
2023-12-26,10,0,10,100.0,499.48760705004736
2023-12-27,10,0,10,100.0,503.55948623558186
2023-12-28,10,0,10,100.0,506.41406631492964
2023-12-29,10,0,10,100.0,509.27248858696225
2024-01-01,10,0,10,100.0,512.7810714498466
2024-01-02,10,0,10,100.0,507.488213492315
2024-01-03,10,0,10,100.0,510.3280025146758
2024-01-04,10,0,10,100.0,517.6415293933424
2024-01-05,10,0,10,100.0,517.539178762859
2024-01-08,10,0,10,100.0,508.4107638458301
2024-01-09,10,0,10,100.0,507.09848320943144
2024-01-10,8,2,10,80.0,510.0525100036216
2024-01-11,9,1,10,90.0,514.9598333522259
2024-01-12,9,1,10,90.0,514.0578680921191
2024-01-15,9,1,10,90.0,516.6809282501478
2024-01-16,9,1,10,90.0,517.6541198549199
2024-01-17,7,3,10,70.0,500.3555184474056
2024-01-18,7,3,10,70.0,497.60074803973475
2024-01-19,7,3,10,70.0,495.3728279095973
2024-01-20,7,3,10,70.0,499.10849565491293
2024-01-23,6,4,10,60.0,481.61175278176086
2024-01-24,6,4,10,60.0,483.6525411940436
2024-01-25,6,4,10,60.0,481.6653012317076
2024-01-29,7,3,10,70.0,488.3098349411753
2024-01-30,7,3,10,70.0,486.08668680109804
2024-01-31,7,3,10,70.0,492.64632144328505
2024-02-01,7,3,10,70.0,492.85198554330753
2024-02-02,6,4,10,60.0,490.24062395212377
2024-02-05,7,3,10,70.0,487.45155707066283
2024-02-06,6,4,10,60.0,489.9279077190291
2024-02-07,6,4,10,60.0,498.60096594389904
2024-02-08,6,4,10,60.0,488.08486544827457
2024-02-09,6,4,10,60.0,494.507790311166
2024-02-12,6,4,10,60.0,477.89250600681453
2024-02-13,6,4,10,60.0,482.95148850461356
2024-02-14,6,4,10,60.0,487.45443786256175
2024-02-15,6,4,10,60.0,490.5867373506966
2024-02-16,6,4,10,60.0,495.3633797917719
2024-02-19,6,4,10,60.0,492.8443096130334
2024-02-20,6,4,10,60.0,493.5211710143335
2024-02-21,6,4,10,60.0,488.8741326380864
2024-02-22,6,4,10,60.0,493.38014294587634
2024-02-23,6,4,10,60.0,493.28492061893144
2024-02-26,6,4,10,60.0,489.52702405425595
2024-02-27,6,4,10,60.0,488.87797521470355
2024-02-28,6,4,10,60.0,477.2903297872853
2024-02-29,6,4,10,60.0,480.60148222974135
2024-03-01,6,4,10,60.0,491.6175556304839
2024-03-02,6,4,10,60.0,493.28361841713706
2024-03-04,6,4,10,60.0,493.40265441534206
2024-03-05,6,4,10,60.0,489.3967099997796
2024-03-06,6,4,10,60.0,490.26943266106457
2024-03-07,6,4,10,60.0,489.60207210088765
2024-03-11,6,4,10,60.0,483.94854659837847
2024-03-12,6,4,10,60.0,480.1131681087248
2024-03-13,5,5,10,50.0,466.5886008744165
2024-03-14,5,5,10,50.0,469.61710057546827
2024-03-15,5,5,10,50.0,471.89036736771317
2024-03-18,5,5,10,50.0,469.7437966082974
2024-03-19,4,6,10,40.0,467.12591051304014
2024-03-20,4,6,10,40.0,466.916682611257
2024-03-21,6,4,10,60.0,473.84749995226736
2024-03-22,6,4,10,60.0,476.342137961612
2024-03-26,6,4,10,60.0,474.1116412582724
2024-03-27,5,5,10,50.0,474.8549818318663
2024-03-28,6,4,10,60.0,475.1130794803804
2024-04-01,6,4,10,60.0,484.3107393782196
2024-04-02,6,4,10,60.0,486.9572639745938
2024-04-03,6,4,10,60.0,487.35094542827477
2024-04-04,6,4,10,60.0,490.81293618264965
2024-04-05,6,4,10,60.0,494.65093662771017
2024-04-08,6,4,10,60.0,493.39783901292765
2024-04-09,6,4,10,60.0,493.78394536059005
2024-04-10,7,3,10,70.0,497.5513050921288
2024-04-12,7,3,10,70.0,494.1014637550892
2024-04-15,7,3,10,70.0,485.38168713809415
2024-04-16,7,3,10,70.0,480.47580628132414
2024-04-18,4,6,10,40.0,477.64489613584936
2024-04-19,6,4,10,60.0,481.2253674510654
2024-04-22,6,4,10,60.0,489.5934304074868
2024-04-23,6,4,10,60.0,492.2125663692673
2024-04-24,6,4,10,60.0,493.45891750629784
2024-04-25,6,4,10,60.0,494.59137501967945
2024-04-26,5,5,10,50.0,493.70977535766326
2024-04-29,6,4,10,60.0,500.7873442675044
2024-04-30,6,4,10,60.0,500.7268670094817
2024-05-02,6,4,10,60.0,500.03181891823453
2024-05-03,5,5,10,50.0,494.4520742677807
2024-05-06,6,4,10,60.0,492.7531961018425
2024-05-07,4,6,10,40.0,481.8462073280655
2024-05-08,4,6,10,40.0,479.5206441811822
2024-05-09,4,6,10,40.0,473.7171242611355
2024-05-10,4,6,10,40.0,477.13277589210907
2024-05-13,4,6,10,40.0,479.7436618196612
2024-05-14,5,5,10,50.0,482.3600869713639
2024-05-15,5,5,10,50.0,481.8716085481959
2024-05-16,5,5,10,50.0,482.0672657677621
2024-05-17,5,5,10,50.0,484.2877183278754
2024-05-18,5,5,10,50.0,486.1208503466617
2024-05-21,5,5,10,50.0,484.47694120277436
2024-05-22,5,5,10,50.0,482.4632100526505
2024-05-23,5,5,10,50.0,490.655337845793
2024-05-24,6,4,10,60.0,490.83277629650183
2024-05-27,6,4,10,60.0,493.8839194639227
2024-05-28,6,4,10,60.0,491.1832167483668
2024-05-29,4,6,10,40.0,486.9768112568375
2024-05-30,5,5,10,50.0,485.20932749538224
2024-05-31,5,5,10,50.0,487.97620869812704
2024-06-03,7,3,10,70.0,504.7007308429541
2024-06-04,4,6,10,40.0,465.28405851152445
2024-06-05,6,4,10,60.0,492.9956045096295
2024-06-06,5,5,10,50.0,492.8153708179857
2024-06-07,7,3,10,70.0,499.10904393424306
2024-06-10,6,4,10,60.0,501.11691723371985
2024-06-11,6,4,10,60.0,500.3125693251071
2024-06-12,6,4,10,60.0,504.05892308807364
2024-06-13,7,3,10,70.0,502.4761866765911
2024-06-14,7,3,10,70.0,503.35515821933416
2024-06-18,7,3,10,70.0,508.98972252146376
2024-06-19,7,3,10,70.0,516.275967959685
2024-06-20,8,2,10,80.0,523.5712065398992
2024-06-21,8,2,10,80.0,522.1099126313641
2024-06-24,7,3,10,70.0,519.1141075493031
2024-06-25,8,2,10,80.0,522.2951746617218
2024-06-26,8,2,10,80.0,525.0934040499766
2024-06-27,8,2,10,80.0,525.0022633745642
2024-06-28,7,3,10,70.0,522.5690293249323
2024-07-01,7,3,10,70.0,524.6867757877877
2024-07-02,7,3,10,70.0,517.1913907175838
2024-07-03,7,3,10,70.0,529.9653073385002
2024-07-04,7,3,10,70.0,529.0130278448754
2024-07-05,7,3,10,70.0,532.9478849248527
2024-07-08,6,4,10,60.0,528.6623762418583
2024-07-09,6,4,10,60.0,526.358098750883
2024-07-10,6,4,10,60.0,520.2252139371647
2024-07-11,6,4,10,60.0,525.0767520130066
2024-07-12,6,4,10,60.0,524.9592208205756
2024-07-15,6,4,10,60.0,527.2214847306815
2024-07-16,6,4,10,60.0,526.3410652256172
2024-07-18,6,4,10,60.0,526.2432545364804
2024-07-19,6,4,10,60.0,518.3071463204785
2024-07-22,5,5,10,50.0,521.8679035642248
2024-07-23,6,4,10,60.0,516.8392619993521
2024-07-24,5,5,10,50.0,512.5953828033164
2024-07-25,6,4,10,60.0,506.86400563114057
2024-07-26,6,4,10,60.0,511.73557103274743
2024-07-29,7,3,10,70.0,518.819540199906
2024-07-30,7,3,10,70.0,522.7158338586574
2024-07-31,7,3,10,70.0,523.9959646285665
2024-08-01,7,3,10,70.0,521.0874438817153
2024-08-02,7,3,10,70.0,515.9648265751731
2024-08-05,6,4,10,60.0,498.88587957187303
2024-08-06,6,4,10,60.0,495.44641869367956
2024-08-07,6,4,10,60.0,499.4918980653886
2024-08-08,6,4,10,60.0,498.5504510129645
2024-08-09,6,4,10,60.0,501.34959556958603
2024-08-12,6,4,10,60.0,503.63259832108537
2024-08-13,5,5,10,50.0,499.0170921159791
2024-08-14,5,5,10,50.0,494.6837526496413
2024-08-16,6,4,10,60.0,501.42919512763433
2024-08-19,6,4,10,60.0,500.4883158499368
2024-08-20,6,4,10,60.0,508.4136972041466
2024-08-21,6,4,10,60.0,512.338392762666
2024-08-22,7,3,10,70.0,515.541559454732
2024-08-23,6,4,10,60.0,511.9461294656861
2024-08-26,6,4,10,60.0,512.1087497276775
2024-08-27,6,4,10,60.0,513.4255324840808
2024-08-28,6,4,10,60.0,510.95711940893966
2024-08-29,5,5,10,50.0,508.9017777691164
2024-08-30,5,5,10,50.0,511.2013692776448
2024-09-02,6,4,10,60.0,514.1380218594738
2024-09-03,5,5,10,50.0,514.2053370940869
2024-09-04,5,5,10,50.0,508.120893233033
2024-09-05,6,4,10,60.0,509.107688465065
2024-09-06,4,6,10,40.0,500.02068334412576
2024-09-09,5,5,10,50.0,501.7712036495068
2024-09-10,5,5,10,50.0,505.3255775563342
2024-09-11,5,5,10,50.0,502.933879085217
2024-09-12,5,5,10,50.0,508.29963871363935
2024-09-13,6,4,10,60.0,513.0740738921384
2024-09-16,6,4,10,60.0,514.7157005330586
2024-09-17,6,4,10,60.0,515.491034607965
2024-09-18,7,3,10,70.0,517.8743016116589
2024-09-19,7,3,10,70.0,518.6928271030049
2024-09-20,7,3,10,70.0,521.9865270092383
2024-09-23,6,4,10,60.0,524.733909279639
2024-09-24,6,4,10,60.0,522.0974572960516
2024-09-25,6,4,10,60.0,521.1429976737745
2024-09-26,6,4,10,60.0,523.2130838209204
2024-09-27,6,4,10,60.0,520.5699899016104
2024-09-30,5,5,10,50.0,514.2616166792119
2024-10-01,5,5,10,50.0,511.43795960431777
2024-10-03,5,5,10,50.0,499.1486761228313
2024-10-04,5,5,10,50.0,496.44143728535727
2024-10-07,5,5,10,50.0,485.7716771595121
2024-10-08,5,5,10,50.0,492.3467775719866
2024-10-09,5,5,10,50.0,491.46107635114384
2024-10-10,5,5,10,50.0,496.5359417254763
2024-10-11,6,4,10,60.0,501.54348404382756
2024-10-14,6,4,10,60.0,504.4511047265001
2024-10-15,5,5,10,50.0,503.84234601763626
2024-10-16,5,5,10,50.0,501.2574538325435
2024-10-17,4,6,10,40.0,495.01901913525927
2024-10-18,5,5,10,50.0,501.5508364629655
2024-10-21,5,5,10,50.0,488.371798497423
2024-10-22,4,6,10,40.0,475.5756481110985
2024-10-23,4,6,10,40.0,475.59592879043413
2024-10-24,4,6,10,40.0,477.0480405826584
2024-10-25,4,6,10,40.0,460.76093784352616
2024-10-28,4,6,10,40.0,470.75162722746234
2024-10-29,4,6,10,40.0,477.9719272365068
2024-10-30,4,6,10,40.0,477.96603767936114
2024-10-31,4,6,10,40.0,473.7874815065393
2024-11-01,4,6,10,40.0,478.66176333439034
2024-11-04,3,7,10,30.0,472.103467632491
2024-11-05,4,6,10,40.0,478.4010301745245
2024-11-06,4,6,10,40.0,480.09366323860434
2024-11-07,4,6,10,40.0,476.1889087331203
2024-11-08,4,6,10,40.0,471.008220625137
2024-11-11,4,6,10,40.0,470.9996687513746
2024-11-12,4,6,10,40.0,466.59442861812676
2024-11-13,3,7,10,30.0,452.8298518017836
2024-11-14,3,7,10,30.0,454.24457394493965
2024-11-18,3,7,10,30.0,456.55686839740895
2024-11-19,3,7,10,30.0,459.02009471701365
2024-11-21,3,7,10,30.0,456.91669392641734
2024-11-22,3,7,10,30.0,461.79328887412305
2024-11-25,5,5,10,50.0,466.8957639353257
2024-11-26,4,6,10,40.0,469.2700175375484
2024-11-27,4,6,10,40.0,469.304758437667
2024-11-28,3,7,10,30.0,466.209096897164
2024-11-29,4,6,10,40.0,464.8432952394403
2024-12-02,3,7,10,30.0,465.65307627154164
2024-12-03,4,6,10,40.0,473.29967328307896
2024-12-04,4,6,10,40.0,481.35329672474006
2024-12-05,5,5,10,50.0,482.62802108592126
2024-12-06,5,5,10,50.0,482.6492626498748
2024-12-09,5,5,10,50.0,480.77887138858114
2024-12-10,4,6,10,40.0,483.15249725511205
2024-12-11,4,6,10,40.0,482.19500360155723
2024-12-12,4,6,10,40.0,477.554892138704
2024-12-13,4,6,10,40.0,478.4571354775376
2024-12-16,4,6,10,40.0,479.3614388810023
2024-12-17,4,6,10,40.0,470.71006462265007
2024-12-18,4,6,10,40.0,465.65850163952274
2024-12-19,3,7,10,30.0,462.4553987646512
2024-12-20,3,7,10,30.0,448.71216278060643
2024-12-23,3,7,10,30.0,454.0121819385883
2024-12-24,3,7,10,30.0,456.4980741438485
2024-12-26,3,7,10,30.0,454.34200214403154
2024-12-27,3,7,10,30.0,455.6403078320814
2024-12-30,3,7,10,30.0,454.2741628351826
2024-12-31,4,6,10,40.0,454.2500852626059
2025-01-01,4,6,10,40.0,456.5253335709984
2025-01-02,4,6,10,40.0,462.16738106214217
2025-01-03,4,6,10,40.0,461.4671637232276
2025-01-06,4,6,10,40.0,450.14799956808736
2025-01-07,4,6,10,40.0,452.2801388346361
2025-01-08,3,7,10,30.0,448.3431695600328
2025-01-09,4,6,10,40.0,444.50126433466306
2025-01-10,3,7,10,30.0,433.7467781253889
2025-01-13,2,8,10,20.0,426.14191264363564
2025-01-14,2,8,10,20.0,437.9009075341319
2025-01-15,3,7,10,30.0,438.9194625457261
2025-01-16,4,6,10,40.0,443.85519309776527
2025-01-17,2,8,10,20.0,437.28856441271233
2025-01-20,4,6,10,40.0,446.0797588444338
2025-01-21,2,8,10,20.0,440.2518685735881
2025-01-22,3,7,10,30.0,439.83443208754613
2025-01-23,3,7,10,30.0,439.7456782722919
2025-01-24,2,8,10,20.0,435.9069217522555
2025-01-27,3,7,10,30.0,430.80293313300297
2025-01-28,3,7,10,30.0,436.0542310672454
2025-01-29,3,7,10,30.0,440.91855863979276
2025-01-30,3,7,10,30.0,443.18963750261577
2025-01-31,3,7,10,30.0,449.15409401005394
2025-02-01,3,7,10,30.0,448.85155370921746
2025-02-03,3,7,10,30.0,444.76873273514525
2025-02-04,3,7,10,30.0,452.53700176920535
2025-02-05,3,7,10,30.0,457.50066278829564
2025-02-06,3,7,10,30.0,457.17730391444445
2025-02-07,3,7,10,30.0,458.72668336383384
2025-02-10,3,7,10,30.0,454.3075498942561
2025-02-11,3,7,10,30.0,446.26266543803973
2025-02-12,3,7,10,30.0,445.48623455422955
2025-02-13,3,7,10,30.0,445.7619822731302
2025-02-14,3,7,10,30.0,438.6813575492013
2025-02-17,3,7,10,30.0,439.0319395808905
2025-02-18,3,7,10,30.0,434.0354326266543
2025-02-19,3,7,10,30.0,442.280128358555
2025-02-20,3,7,10,30.0,444.32943852359557
2025-02-21,3,7,10,30.0,442.26129602051793
2025-02-24,1,9,10,10.0,440.1664914072945
2025-02-25,2,8,10,20.0,437.2501968486345
2025-02-27,2,8,10,20.0,439.0554833423034
2025-02-28,2,8,10,20.0,433.5175713690546
2025-03-03,2,8,10,20.0,430.0979689603101
2025-03-04,2,8,10,20.0,430.96304465549366
2025-03-05,2,8,10,20.0,435.7313179035619
2025-03-06,2,8,10,20.0,438.2298297463039
2025-03-07,2,8,10,20.0,436.5946710416692
2025-03-10,1,9,10,10.0,431.17204669737487
2025-03-11,2,8,10,20.0,415.4887136332303
2025-03-12,3,7,10,30.0,417.5116673569846
2025-03-13,3,7,10,30.0,415.30172891265937
2025-03-17,3,7,10,30.0,416.0241502951114
2025-03-18,3,7,10,30.0,425.16856802317966
2025-03-19,3,7,10,30.0,431.3263692565433
2025-03-20,3,7,10,30.0,431.5471873905316
2025-03-21,3,7,10,30.0,437.2654082944772
2025-03-24,4,6,10,40.0,446.9403243802277
2025-03-25,4,6,10,40.0,444.03348299979245
2025-03-26,4,6,10,40.0,443.4356538658436
2025-03-27,4,6,10,40.0,446.19706067150355
2025-03-28,4,6,10,40.0,441.1212267347254
2025-04-01,3,7,10,30.0,444.281234942026
2025-04-02,3,7,10,30.0,446.3536137122344
2025-04-03,4,6,10,40.0,453.3512253029714
2025-04-04,4,6,10,40.0,447.83293865182446
2025-04-07,3,7,10,30.0,433.8597855730966
2025-04-08,3,7,10,30.0,439.7545772659849
2025-04-09,3,7,10,30.0,438.5651457744877
2025-04-11,3,7,10,30.0,444.90669108626724
2025-04-15,3,7,10,30.0,458.75081507267447
2025-04-16,5,5,10,50.0,468.9480939591025
2025-04-17,5,5,10,50.0,475.0694201579914
2025-04-21,6,4,10,60.0,491.44976040775987
2025-04-22,7,3,10,70.0,490.01164344806386
2025-04-23,7,3,10,70.0,489.3572228560842
2025-04-24,7,3,10,70.0,491.6374635743455
2025-04-25,6,4,10,60.0,481.3772112382084
2025-04-28,6,4,10,60.0,490.9730623347241
2025-04-29,7,3,10,70.0,491.49312182545384
2025-04-30,6,4,10,60.0,486.66883848051674
2025-05-02,5,5,10,50.0,484.99755017050774
2025-05-05,6,4,10,60.0,485.29784577909885
2025-05-06,5,5,10,50.0,478.2814369560274
2025-05-07,6,4,10,60.0,483.9637086695242
2025-05-08,6,4,10,60.0,480.44131816700013
2025-05-09,6,4,10,60.0,480.8955636438829
2025-05-12,8,2,10,80.0,495.34210104321585
2025-05-13,8,2,10,80.0,493.72041393109345
2025-05-14,8,2,10,80.0,495.99209540226445
2025-05-15,8,2,10,80.0,500.3045888736403
2025-05-16,8,2,10,80.0,501.49017880400083
2025-05-19,9,1,10,90.0,500.8936699322688
2025-05-20,8,2,10,80.0,493.5892748939062
2025-05-21,8,2,10,80.0,494.5500512373516
2025-05-22,8,2,10,80.0,494.1879526017402
2025-05-23,8,2,10,80.0,498.6585849889651
2025-05-26,8,2,10,80.0,497.23921251855614
2025-05-27,8,2,10,80.0,500.7242066775089
2025-05-28,9,1,10,90.0,498.7489334020812
2025-05-29,9,1,10,90.0,503.3698408901703
2025-05-30,9,1,10,90.0,502.2914601474888
2025-06-02,9,1,10,90.0,508.41139222585474
2025-06-03,9,1,10,90.0,499.2412113373094
2025-06-04,9,1,10,90.0,500.88149914520875
2025-06-05,8,2,10,80.0,496.6844355652935
2025-06-06,9,1,10,90.0,509.2315155884113
2025-06-09,9,1,10,90.0,520.7397368797587
2025-06-10,9,1,10,90.0,516.4683001801914
2025-06-11,9,1,10,90.0,514.5768380460283
2025-06-12,9,1,10,90.0,510.3853736618188
2025-06-13,9,1,10,90.0,505.24286298255987
2025-06-16,9,1,10,90.0,508.3700824545259
2025-06-17,9,1,10,90.0,505.1438164306849
2025-06-18,9,1,10,90.0,512.4159236598024
2025-06-19,8,2,10,80.0,507.2806325938842
2025-06-20,9,1,10,90.0,513.0126234337534
2025-06-23,9,1,10,90.0,514.6120915577222
2025-06-24,9,1,10,90.0,517.9841667363343
2025-06-25,9,1,10,90.0,518.7918939176259
2025-06-26,9,1,10,90.0,522.380291340256
2025-06-27,9,1,10,90.0,525.4794886204905
2025-06-30,9,1,10,90.0,528.3517029829017
2025-07-01,9,1,10,90.0,534.4859247899706
2025-07-02,9,1,10,90.0,529.4326534868566
2025-07-03,9,1,10,90.0,527.8219643718496
2025-07-04,9,1,10,90.0,527.1416649735324
2025-07-07,9,1,10,90.0,526.2242595634622
2025-07-08,9,1,10,90.0,525.8943540053526
2025-07-09,9,1,10,90.0,528.0994991773467
2025-07-10,9,1,10,90.0,525.1389852010368
2025-07-11,9,1,10,90.0,524.7574119558393
2025-07-14,9,1,10,90.0,525.5968849493124
2025-07-15,9,1,10,90.0,528.3904736621521
2025-07-16,9,1,10,90.0,531.1524715917662
2025-07-17,9,1,10,90.0,528.3580426351751
2025-07-18,8,2,10,80.0,523.9696069710532
2025-07-21,8,2,10,80.0,525.4917530936766
2025-07-22,8,2,10,80.0,521.6418382866208
2025-07-23,8,2,10,80.0,524.5777558700199
2025-07-24,8,2,10,80.0,523.4637472651496
2025-07-25,8,2,10,80.0,514.9159707484718
2025-07-28,7,3,10,70.0,507.2505960963871
2025-07-29,8,2,10,80.0,507.34163990478294
2025-07-30,6,4,10,60.0,505.3254244480043
2025-07-31,7,3,10,70.0,504.3984804755499
2025-08-01,5,5,10,50.0,496.8581100725201
2025-08-04,6,4,10,60.0,502.53334223342125
2025-08-05,6,4,10,60.0,501.96161912168645
2025-08-06,6,4,10,60.0,499.2468758212
2025-08-07,7,3,10,70.0,502.2380371795128
2025-08-08,5,5,10,50.0,495.5779264700764
2025-08-11,6,4,10,60.0,498.26264029002243
2025-08-12,5,5,10,50.0,495.34647659962934
2025-08-13,6,4,10,60.0,496.23692662332724
2025-08-14,6,4,10,60.0,494.7158956310956
2025-08-18,6,4,10,60.0,501.94830248591086
2025-08-19,8,2,10,80.0,507.5547462448728
2025-08-20,8,2,10,80.0,505.34870917656684
2025-08-21,8,2,10,80.0,504.7536024434167
2025-08-22,7,3,10,70.0,499.7236080188412
2025-08-25,6,4,10,60.0,501.17994437185615
2025-08-26,5,5,10,50.0,492.6569550130526
2025-08-28,5,5,10,50.0,487.0408188493435
2025-08-29,5,5,10,50.0,488.97963585162756
2025-09-01,6,4,10,60.0,494.1367359749298
2025-09-02,6,4,10,60.0,493.64542081351664
2025-09-03,6,4,10,60.0,499.4199792627927
2025-09-04,6,4,10,60.0,497.4403641304268
2025-09-05,6,4,10,60.0,500.7115396765024
2025-09-08,6,4,10,60.0,499.6913094957972
2025-09-09,6,4,10,60.0,500.77101008957027
2025-09-10,6,4,10,60.0,504.8211858795484
2025-09-11,7,3,10,70.0,505.43472684714965
2025-09-12,7,3,10,70.0,505.07297593997276
2025-09-15,7,3,10,70.0,504.49717590066746
2025-09-16,9,1,10,90.0,506.1941640371602
2025-09-17,9,1,10,90.0,507.9590076610725
2025-09-18,9,1,10,90.0,510.63734691900515
2025-09-19,9,1,10,90.0,509.5633504373681
2025-09-22,8,2,10,80.0,506.1764329454222
2025-09-23,8,2,10,80.0,508.4766002285985
2025-09-24,7,3,10,70.0,503.76096635122406
2025-09-25,7,3,10,70.0,504.1443323319465
2025-09-26,6,4,10,60.0,496.8318313134431
2025-09-29,6,4,10,60.0,500.07498799852675
2025-09-30,6,4,10,60.0,502.3025858246369
2025-10-01,8,2,10,80.0,508.40873840139847
2025-10-03,8,2,10,80.0,511.0435187061297
2025-10-06,8,2,10,80.0,514.9762271501118
2025-10-07,9,1,10,90.0,517.3555579232222
2025-10-08,9,1,10,90.0,517.6381286754958
2025-10-09,9,1,10,90.0,522.4458414530535
2025-10-10,9,1,10,90.0,531.950426078765
2025-10-13,9,1,10,90.0,532.1294037114715
2025-10-14,9,1,10,90.0,527.8639073067075
2025-10-15,9,1,10,90.0,529.3643215268713
2025-10-16,9,1,10,90.0,532.4732744286592
2025-10-17,9,1,10,90.0,530.735915244566
2025-10-20,9,1,10,90.0,546.1235001203067
2025-10-21,9,1,10,90.0,545.6285003135027
2025-10-23,9,1,10,90.0,548.9062915101275
2025-10-24,9,1,10,90.0,545.1712049322964
2025-10-27,9,1,10,90.0,549.6986376503238
2025-10-28,9,1,10,90.0,554.0441079917274
2025-10-29,9,1,10,90.0,553.4365886425719
2025-10-30,8,2,10,80.0,549.60321483822
2025-10-31,7,3,10,70.0,546.115868340422
2025-11-03,7,3,10,70.0,548.6932854431451
2025-11-04,7,3,10,70.0,544.8967704355061
2025-11-06,7,3,10,70.0,540.9224179812994
2025-11-07,7,3,10,70.0,544.6712257060303
2025-11-10,7,3,10,70.0,543.7013540232581
2025-11-11,8,2,10,80.0,544.0715044309851
2025-11-12,8,2,10,80.0,549.6122548010017
2025-11-13,9,1,10,90.0,546.6492691338732
2025-11-14,9,1,10,90.0,547.3609346410441
2025-11-17,9,1,10,90.0,551.7034102227152
2025-11-18,9,1,10,90.0,550.4996021515309
2025-11-19,9,1,10,90.0,549.9917614278361
2025-11-20,9,1,10,90.0,549.249543668015
2025-11-21,8,2,10,80.0,546.7238431422647
2025-11-24,8,2,10,80.0,545.2066936668862
2025-11-25,7,3,10,70.0,547.7549534139695
2025-11-26,8,2,10,80.0,555.4158935045544
2025-11-27,9,1,10,90.0,554.8805423739238
2025-11-28,9,1,10,90.0,555.7678832225281
2025-12-01,9,1,10,90.0,553.099882088899
2025-12-02,8,2,10,80.0,551.9904176094572
2025-12-03,9,1,10,90.0,551.2926970891806
2025-12-04,9,1,10,90.0,551.2820969258457
2025-12-05,9,1,10,90.0,552.4063463392604
2025-12-08,9,1,10,90.0,543.341158775039
2025-12-09,8,2,10,80.0,547.8388260073458
2025-12-10,8,2,10,80.0,544.8020273550179
2025-12-11,8,2,10,80.0,550.5964515158889
2025-12-12,8,2,10,80.0,554.2700392113725
2025-12-15,8,2,10,80.0,556.0512394865686
2025-12-16,8,2,10,80.0,549.7085959966784
2025-12-17,8,2,10,80.0,547.3387969330682
2025-12-18,8,2,10,80.0,546.7252661352186
2025-12-19,8,2,10,80.0,551.3022507106161
2025-12-22,8,2,10,80.0,553.6604317770443
2025-12-23,8,2,10,80.0,552.6222619480527
2025-12-24,8,2,10,80.0,550.4121276340635
2025-12-26,8,2,10,80.0,549.1299813739046
2025-12-29,8,2,10,80.0,548.2063012770883
2025-12-30,8,2,10,80.0,550.8252261154397
2025-12-31,8,2,10,80.0,556.6984296652691
2026-01-01,8,2,10,80.0,557.6340795068954
2026-01-02,8,2,10,80.0,562.3122006204976
2026-01-05,8,2,10,80.0,562.4816207926249
2026-01-06,8,2,10,80.0,562.5763291393566
2026-01-07,8,2,10,80.0,563.0627313093707
2026-01-08,8,2,10,80.0,557.7071551934838
2026-01-09,8,2,10,80.0,554.2557622324634
2026-01-12,8,2,10,80.0,554.8894771698338
2026-01-13,8,2,10,80.0,553.2319604103686
2026-01-14,8,2,10,80.0,556.5841547765643
2026-01-16,7,3,10,70.0,556.5841547765643
2026-01-19,7,3,10,70.0,551.9606060576667
2026-01-20,7,3,10,70.0,540.92569869394
2026-01-21,7,3,10,70.0,538.9557953104122
2026-01-22,7,3,10,70.0,543.8269981594874
2026-01-23,7,3,10,70.0,538.9886309024457
2026-01-27,6,4,10,60.0,544.1106852426481
2026-01-28,6,4,10,60.0,548.4864074642013
2026-01-29,6,4,10,60.0,550.7442732225297
2026-01-30,6,4,10,60.0,550.5776310987525
2026-02-01,6,4,10,60.0,542.3370491427219
2026-02-02,6,4,10,60.0,543.0729993245092
2026-02-03,6,4,10,60.0,556.6799281788768
2026-02-04,7,3,10,70.0,558.6604738148287
2026-02-05,6,4,10,60.0,556.473836716669
2026-02-06,8,2,10,80.0,557.3936391725515
2026-02-09,7,3,10,70.0,561.7457492497916
2026-02-10,9,1,10,90.0,561.9552015166298
2026-02-11,9,1,10,90.0,562.6404912138509
2026-02-12,9,1,10,90.0,562.7289345314088
2026-02-13,8,2,10,80.0,557.4921262485436
2026-02-16,8,2,10,80.0,563.0968411805561
2026-02-17,8,2,10,80.0,565.6232785520339
2026-02-18,9,1,10,90.0,570.1303078398956
2026-02-19,6,4,10,60.0,563.6423336433811
2026-02-20,7,3,10,70.0,566.159352075853
2026-02-23,6,4,10,60.0,559.2472951672496
2026-02-24,6,4,10,60.0,561.7880569308613
2026-02-25,7,3,10,70.0,564.0390705450035
2026-02-26,7,3,10,70.0,568.4576309969513
2026-02-27,5,5,10,50.0,561.7637904747352
2026-03-02,5,5,10,50.0,553.2692279420145
2026-03-04,5,5,10,50.0,544.4979782016295
2026-03-05,5,5,10,50.0,550.3082995969227
2026-03-06,5,5,10,50.0,540.7627299789806
2026-03-09,5,5,10,50.0,523.2558170670453
2026-03-10,5,5,10,50.0,533.9274095513256
2026-03-11,5,5,10,50.0,522.4399527275817
2026-03-12,4,6,10,40.0,514.1081294499727
2026-03-13,3,7,10,30.0,502.83361997079305
2026-03-16,3,7,10,30.0,502.39641780069337
2026-03-17,3,7,10,30.0,505.22184842784003
2026-03-18,5,5,10,50.0,512.8841884646954
2026-03-19,2,8,10,20.0,496.22996100631116
2026-03-20,2,8,10,20.0,496.76389323053013
2026-03-23,2,8,10,20.0,476.8580263813329
2026-03-24,2,8,10,20.0,488.5958032131613
2026-03-25,3,7,10,30.0,498.9932399190023
2026-03-27,2,8,10,20.0,488.2108270699542
2026-03-30,2,8,10,20.0,469.59213239396433
2026-04-01,2,8,10,20.0,482.6244036048533
2026-04-02,2,8,10,20.0,482.35766800616614
2026-04-06,3,7,10,30.0,494.3150952626083
2026-04-07,3,7,10,30.0,494.0958584852589
2026-04-08,5,5,10,50.0,523.008112010553
2026-04-09,4,6,10,40.0,516.2329499399987
2026-04-10,4,6,10,40.0,525.4137026993507
2026-04-13,4,6,10,40.0,520.8830279060841
2026-04-15,5,5,10,50.0,530.1750944174466
2026-04-16,5,5,10,50.0,530.3166659407003
2026-04-17,5,5,10,50.0,535.0017447528365
2026-04-20,5,5,10,50.0,533.1711945651589
2026-04-21,6,4,10,60.0,538.2408957062123
2026-04-22,5,5,10,50.0,537.5697285486488
2026-04-23,5,5,10,50.0,531.6490388573154
2026-04-24,5,5,10,50.0,530.3296161497889
2026-04-27,5,5,10,50.0,536.2991365750988
2026-04-28,5,5,10,50.0,531.4475555709969
2026-04-29,5,5,10,50.0,543.3970944618914
2026-04-30,5,5,10,50.0,540.047016535671
2026-05-04,5,5,10,50.0,540.7647989436492
2026-05-05,5,5,10,50.0,540.324250275025
2026-05-06,6,4,10,60.0,553.8176207718581
2026-05-07,6,4,10,60.0,557.7747311283854
2026-05-08,6,4,10,60.0,556.4882710468991
2026-05-11,6,4,10,60.0,548.516549142919
2026-05-12,6,4,10,60.0,535.8344920696137
2026-05-13,6,4,10,60.0,535.0735718362876
2026-05-14,6,4,10,60.0,542.0535422126721
2026-05-15,6,4,10,60.0,538.7849154515848
2026-05-18,6,4,10,60.0,536.5550225063133
2026-05-19,6,4,10,60.0,535.5282821589662
2026-05-20,6,4,10,60.0,538.0276986509555
2026-05-21,6,4,10,60.0,535.8500625368106
2026-05-22,6,4,10,60.0,543.5156426922593
2026-05-25,6,4,10,60.0,553.4049058133419
2026-05-26,6,4,10,60.0,554.8149935772936
2026-05-27,6,4,10,60.0,556.0319338728682
2026-05-29,6,4,10,60.0,552.812240455629
2026-06-01,6,4,10,60.0,547.8704737108997
2026-06-02,6,4,10,60.0,548.9713378236007
2026-06-03,6,4,10,60.0,552.6381218837687
2026-06-04,6,4,10,60.0,553.3316670246113
2026-06-05,6,4,10,60.0,555.5370863140178
2026-06-08,6,4,10,60.0,550.4048821042277
2026-06-09,6,4,10,60.0,563.0852715634414
2026-06-10,6,4,10,60.0,558.3877540850683
2026-06-11,6,4,10,60.0,557.9194197147995
2026-06-12,7,3,10,70.0,575.7828704157719
2026-06-15,7,3,10,70.0,583.8064470169102
2026-06-22,8,2,10,80.0,590.915528012407
2026-06-23,7,3,10,70.0,584.0493687165153
2026-06-24,9,1,10,90.0,594.3921076390232
2026-06-25,9,1,10,90.0,590.785389630207
2026-06-29,8,2,10,80.0,586.7036813089902
2026-06-30,8,2,10,80.0,587.0208659719096
2026-07-01,8,2,10,80.0,590.3121621242087
2026-07-02,8,2,10,80.0,589.4111900738758
2026-07-03,8,2,10,80.0,590.9678087778334
2026-07-06,8,2,10,80.0,597.4159267079269
2026-07-07,8,2,10,80.0,597.2087440657042
2026-07-08,8,2,10,80.0,580.1905842018457
2026-07-09,8,2,10,80.0,586.0828844607464
2026-07-10,8,2,10,80.0,596.8028391497147
2026-07-13,8,2,10,80.0,598.1833516737094
2026-07-14,8,2,10,80.0,591.3507502427326
2026-07-15,8,2,10,80.0,594.3933412018021
2026-07-16,8,2,10,80.0,591.6629639285852
2026-07-17,8,2,10,80.0,602.4872972052091
2026-07-20,7,3,10,70.0,595.042790923085
2026-07-21,7,3,10,70.0,596.8478962991607
2026-07-22,7,3,10,70.0,581.0326288894255
2026-07-23,6,4,10,60.0,572.4664761617886
2026-07-24,6,4,10,60.0,572.4788590896834
2026-07-27,6,4,10,60.0,579.3938146892925
2026-07-28,6,4,10,60.0,578.0475544453121
2026-07-29,7,3,10,70.0,584.3279782729544
2026-07-30,7,3,10,70.0,583.1753114985106
2026-07-31,7,3,10,70.0,584.4052966890733
2026-08-03,7,3,10,70.0,594.4599921965641
2026-08-04,7,3,10,70.0,591.3996597787749
2026-08-05,6,4,10,60.0,589.0124998141988
2026-08-06,7,3,10,70.0,588.9056521906755
2026-08-07,7,3,10,70.0,586.4441595358795
2026-08-10,7,3,10,70.0,587.9284607504726
2026-08-11,7,3,10,70.0,584.7873672872171
2026-08-12,7,3,10,70.0,587.7435304668403
2026-08-13,7,3,10,70.0,586.0800574594788
2026-08-14,7,3,10,70.0,584.0417407030835
2026-08-17,7,3,10,70.0,584.4650699356259
2026-08-18,7,3,10,70.0,582.6387593631488
2026-08-19,6,4,10,60.0,582.8163075390091
2026-08-20,7,3,10,70.0,587.9818139065432
2026-08-21,8,2,10,80.0,590.9643725546345
2026-08-24,8,2,10,80.0,588.2934033454629
2026-08-25,8,2,10,80.0,584.882777194115
