Date,Above,Below,Total,Percentage,Index_Close
2014-08-07,5,0,5,100.0,141.5502133769918
2014-08-08,5,0,5,100.0,139.483543677554
2014-08-11,5,0,5,100.0,140.2026337237383
2014-08-12,5,0,5,100.0,137.5579186078456
2014-08-13,5,0,5,100.0,138.27707501009746
2014-08-14,5,0,5,100.0,136.23783373510034
2014-08-18,5,0,5,100.0,135.89814347649187
2014-08-19,5,0,5,100.0,139.3897636969892
2014-08-20,5,0,5,100.0,140.6423454440089
2014-08-21,5,0,5,100.0,144.75060085005282
2014-08-22,5,0,5,100.0,146.7597614586177
2014-08-25,5,0,5,100.0,145.97413377286637
2014-08-26,5,0,5,100.0,145.63209193651096
2014-08-27,5,0,5,100.0,150.48963069901936
2014-08-28,5,0,5,100.0,156.299842944668
2014-09-01,5,0,5,100.0,155.0324446603114
2014-09-02,5,0,5,100.0,152.85537045922302
2014-09-03,5,0,5,100.0,155.67495781539364
2014-09-04,5,0,5,100.0,157.38422611195057
2014-09-05,5,0,5,100.0,162.08190790920892
2014-09-08,5,0,5,100.0,159.39021379706156
2014-09-09,5,0,5,100.0,158.32373819689607
2014-09-10,5,0,5,100.0,157.33563936254083
2014-09-11,5,0,5,100.0,158.5405982654392
2014-09-12,5,0,5,100.0,158.23818358224807
2014-09-15,5,0,5,100.0,158.03777836211628
2014-09-16,5,0,5,100.0,152.62068196479754
2014-09-17,5,0,5,100.0,150.8912045140535
2014-09-18,5,0,5,100.0,155.15614357865422
2014-09-19,5,0,5,100.0,152.36340947663103
2014-09-22,5,0,5,100.0,153.7964885353665
2014-09-23,5,0,5,100.0,152.1500376917664
2014-09-24,5,0,5,100.0,148.9521135155408
2014-09-25,5,0,5,100.0,148.336036256617
2014-09-26,5,0,5,100.0,148.30298079469367
2014-09-29,5,0,5,100.0,152.83869328827993
2014-09-30,5,0,5,100.0,154.00045512688249
2014-10-01,5,0,5,100.0,151.00654103595426
2014-10-07,5,0,5,100.0,150.05293547323149
2014-10-08,5,0,5,100.0,150.56095557115273
2014-10-09,5,0,5,100.0,151.09870672854967
2014-10-10,5,0,5,100.0,150.79691104653918
2014-10-13,5,0,5,100.0,148.6503532104474
2014-10-14,5,0,5,100.0,150.26554396651977
2014-10-16,5,0,5,100.0,148.1275561619979
2014-10-17,5,0,5,100.0,146.43516073965455
2014-10-20,5,0,5,100.0,148.9737646464746
2014-10-21,5,0,5,100.0,148.34524374482262
2014-10-22,5,0,5,100.0,149.1252941444573
2014-10-23,5,0,5,100.0,149.4068617509184
2014-10-27,5,0,5,100.0,148.94566182577702
2014-10-28,5,0,5,100.0,151.23690623873057
2014-10-29,5,0,5,100.0,152.58549010295997
2014-10-30,5,0,5,100.0,151.6037955393595
2014-10-31,5,0,5,100.0,151.24339985768313
2014-11-03,5,0,5,100.0,151.80915948833112
2014-11-05,5,0,5,100.0,152.98724726926773
2014-11-07,5,0,5,100.0,151.67075960848842
2014-11-10,5,0,5,100.0,151.19556396302778
2014-11-11,5,0,5,100.0,151.5488619988297
2014-11-12,5,0,5,100.0,150.8162388956778
2014-11-13,5,0,5,100.0,148.33668691059617
2014-11-14,5,0,5,100.0,149.08893120455048
2014-11-17,5,0,5,100.0,149.85894296334214
2014-11-18,5,0,5,100.0,150.75659498646374
2014-11-19,5,0,5,100.0,150.2704238112962
2014-11-20,5,0,5,100.0,149.42608066645778
2014-11-21,4,1,5,80.0,151.55195021656846
2014-11-24,4,1,5,80.0,151.2387386153853
2014-11-25,4,1,5,80.0,147.7470542449009
2014-11-26,4,1,5,80.0,146.59815050019895
2014-11-27,4,1,5,80.0,147.63975986963496
2014-11-28,4,1,5,80.0,149.3110374794689
2014-12-01,4,1,5,80.0,153.36915594290096
2014-12-02,4,1,5,80.0,161.85389473172737
2014-12-03,5,0,5,100.0,167.96064730787003
2014-12-04,4,1,5,80.0,166.41166323271437
2014-12-05,4,1,5,80.0,169.0333597795464
2014-12-08,4,1,5,80.0,165.60272534612133
2014-12-09,4,1,5,80.0,161.12584201006206
2014-12-10,4,1,5,80.0,161.2149278993654
2014-12-11,4,1,5,80.0,158.889031004003
2014-12-12,4,1,5,80.0,154.69218993890073
2014-12-15,4,1,5,80.0,154.9066487711849
2014-12-16,3,2,5,60.0,150.7688301398792
2014-12-17,3,2,5,60.0,148.36206671293115
2014-12-18,3,2,5,60.0,152.11510621617853
2014-12-19,3,2,5,60.0,152.826704872933
2014-12-22,4,1,5,80.0,154.25771434533164
2014-12-23,4,1,5,80.0,154.30974273618196
2014-12-24,4,1,5,80.0,153.69911650069835
2014-12-26,3,2,5,60.0,154.0252555380816
2014-12-29,3,2,5,60.0,154.60932098241017
2014-12-30,3,2,5,60.0,156.6615210306121
2014-12-31,3,2,5,60.0,157.9406743046732
2015-01-01,4,1,5,80.0,158.14250551267517
2015-01-02,4,1,5,80.0,157.88527557464792
2015-01-05,4,1,5,80.0,159.35355675482808
2015-01-06,3,2,5,60.0,153.92079480862316
2015-01-07,3,2,5,60.0,153.10846279009422
2015-01-08,3,2,5,60.0,155.6724362257037
2015-01-09,3,2,5,60.0,156.78668415512124
2015-01-12,3,2,5,60.0,155.3607065087635
2015-01-13,3,2,5,60.0,154.52232547599002
2015-01-14,3,2,5,60.0,154.10298779048023
2015-01-15,3,2,5,60.0,154.60766510455645
2015-01-16,3,2,5,60.0,152.66304049660735
2015-01-19,2,2,4,50.0,153.73821095956612
2015-01-20,3,2,5,60.0,155.13461587172824
2015-01-21,3,2,5,60.0,155.96682434434436
2015-01-22,3,2,5,60.0,156.69012530437345
2015-01-23,3,2,5,60.0,156.11805672074448
2015-01-27,3,2,5,60.0,154.24061214806167
2015-01-28,3,2,5,60.0,153.50759972030835
2015-01-29,3,2,5,60.0,153.25493480006102
2015-01-30,3,2,5,60.0,153.0224956400158
2015-02-02,3,2,5,60.0,152.62145977776964
2015-02-03,3,2,5,60.0,152.68575583451914
2015-02-04,3,2,5,60.0,155.60613466736527
2015-02-05,3,2,5,60.0,152.28408277794466
2015-02-06,3,2,5,60.0,149.91621394809627
2015-02-09,2,3,5,40.0,147.50071810482592
2015-02-10,3,2,5,60.0,146.7082854876975
2015-02-11,3,2,5,60.0,148.2775972380352
2015-02-12,3,2,5,60.0,149.74614630367543
2015-02-13,2,3,5,40.0,146.7728292852326
2015-02-16,2,3,5,40.0,145.6702780148255
2015-02-18,2,3,5,40.0,146.2751384481998
2015-02-19,2,3,5,40.0,147.68980489911954
2015-02-20,2,3,5,40.0,146.15959194792228
2015-02-23,2,3,5,40.0,145.44357921219174
2015-02-24,2,3,5,40.0,144.62986212140547
2015-02-25,2,3,5,40.0,143.4027103311389
2015-02-26,2,3,5,40.0,142.07467551553293
2015-02-27,2,3,5,40.0,144.10972539938442
2015-02-28,2,3,5,40.0,143.77566913487846
2015-03-02,2,3,5,40.0,144.24105318809887
2015-03-03,2,3,5,40.0,144.55045080160423
2015-03-04,2,3,5,40.0,144.25837909911786
2015-03-05,2,3,5,40.0,143.64252420277055
2015-03-09,2,3,5,40.0,142.2842714857209
2015-03-10,2,3,5,40.0,140.84335538086162
2015-03-11,2,3,5,40.0,138.7135525210488
2015-03-12,2,3,5,40.0,139.50842664006845
2015-03-13,1,4,5,20.0,140.18770338087234
2015-03-16,0,5,5,0.0,139.60236309791213
2015-03-17,1,4,5,20.0,140.54139211816678
2015-03-18,1,4,5,20.0,141.70074392918545
2015-03-19,1,4,5,20.0,143.7647877728146
2015-03-20,1,4,5,20.0,139.77638532733388
2015-03-23,0,5,5,0.0,137.246839851427
2015-03-24,0,5,5,0.0,136.44744654762638
2015-03-25,1,4,5,20.0,136.36679993771222
2015-03-26,1,4,5,20.0,136.24154079656492
2015-03-27,2,3,5,40.0,138.13000371270692
2015-03-30,2,3,5,40.0,140.3765905134685
2015-03-31,2,3,5,40.0,140.96793394137163
2015-04-01,2,3,5,40.0,143.3935336592335
2015-04-06,2,3,5,40.0,144.4469383830449
2015-04-07,2,3,5,40.0,144.4688695271005
2015-04-08,3,2,5,60.0,149.15858531035164
2015-04-09,3,2,5,60.0,147.70848056093908
2015-04-10,3,2,5,60.0,146.71348253240834
2015-04-13,3,2,5,60.0,146.6272363154234
2015-04-15,2,3,6,40.0,143.64240892946188
2015-04-16,2,3,6,40.0,143.37757869868483
2015-04-17,2,3,6,40.0,142.67913473685167
2015-04-20,1,4,6,20.0,140.2320210098926
2015-04-21,2,3,6,40.0,141.39976671929554
2015-04-22,2,3,6,40.0,142.3173371599107
2015-04-23,2,3,6,40.0,142.61729082015793
2015-04-24,0,5,6,0.0,139.0896515540053
2015-04-27,0,5,6,0.0,137.32571188801103
2015-04-28,1,4,6,20.0,139.11338648017784
2015-04-29,1,4,6,20.0,139.1565780677812
2015-04-30,1,4,6,20.0,141.00543249423302
2015-05-04,3,2,6,60.0,145.21259512628433
2015-05-05,2,3,6,40.0,142.57386749179878
2015-05-06,0,5,6,0.0,138.6239680897495
2015-05-07,0,5,6,0.0,138.10699504019357
2015-05-08,1,4,6,20.0,140.93904997379545
2015-05-11,1,4,6,20.0,140.97624920903706
2015-05-12,0,5,6,0.0,137.86853376005982
2015-05-13,1,4,6,20.0,137.81499406776084
2015-05-14,0,5,6,0.0,136.59252303773707
2015-05-15,0,5,6,0.0,136.76607969298342
2015-05-18,1,4,6,20.0,138.95878814974455
2015-05-19,1,4,6,20.0,138.4347739255273
2015-05-20,0,5,6,0.0,138.196273208764
2015-05-21,0,5,6,0.0,137.8978749008739
2015-05-22,0,5,6,0.0,138.23393022901868
2015-05-25,0,5,6,0.0,137.78745220795832
2015-05-26,0,5,6,0.0,136.46538469588256
2015-05-27,0,5,6,0.0,136.51001610146852
2015-05-28,0,5,6,0.0,135.5303660456938
2015-05-29,0,5,6,0.0,137.45186040647727
2015-06-01,0,5,6,0.0,136.96072052759882
2015-06-02,0,5,6,0.0,134.92946673460983
2015-06-03,1,4,6,20.0,133.18842680910203
2015-06-04,0,5,6,0.0,132.97955980639793
2015-06-05,0,5,6,0.0,133.95538452971093
2015-06-08,0,5,6,0.0,132.99551128018473
2015-06-09,0,5,6,0.0,131.64328834463464
2015-06-10,0,5,6,0.0,132.27792235188608
2015-06-11,0,5,6,0.0,131.22862360367282
2015-06-12,0,5,6,0.0,129.85311038884285
2015-06-15,0,5,6,0.0,129.6195752680639
2015-06-16,0,5,6,0.0,128.23088936349046
2015-06-17,0,5,6,0.0,133.07364988095478
2015-06-18,0,5,6,0.0,136.63423179201268
2015-06-19,0,5,6,0.0,134.83802464292202
2015-06-22,0,5,6,0.0,134.66908256168938
2015-06-23,0,5,6,0.0,134.54388963918805
2015-06-24,0,5,6,0.0,133.62519296257219
2015-06-25,0,5,6,0.0,135.16857767615852
2015-06-26,0,5,6,0.0,136.69763852519543
2015-06-29,0,5,6,0.0,135.15107401653185
2015-06-30,0,5,6,0.0,134.71196376673632
2015-07-01,0,5,6,0.0,136.32964923317581
2015-07-02,0,5,6,0.0,136.2199704305011
2015-07-03,0,5,6,0.0,135.2891907425705
2015-07-06,0,5,6,0.0,135.5321346492451
2015-07-07,1,4,6,20.0,140.63791565060453
2015-07-08,2,3,6,40.0,142.11765591324502
2015-07-09,2,3,6,40.0,140.81777136822973
2015-07-10,2,3,6,40.0,141.7276277548699
2015-07-13,2,3,6,40.0,141.75920289975522
2015-07-14,2,3,6,40.0,143.69982459440337
2015-07-15,2,3,6,40.0,145.26832701570493
2015-07-16,2,3,6,40.0,145.5816148215195
2015-07-17,3,2,6,60.0,146.6166492994608
2015-07-20,3,2,6,60.0,147.54255943649372
2015-07-21,3,2,6,60.0,146.29127543188122
2015-07-22,3,2,6,60.0,148.52948893685758
2015-07-23,3,2,6,60.0,148.3595355039782
2015-07-24,2,3,6,40.0,147.23288466060956
2015-07-27,2,3,6,40.0,146.54520246059593
2015-07-28,3,2,6,60.0,146.0848499768212
2015-07-29,3,2,6,60.0,147.42752974685317
2015-07-30,3,2,6,60.0,147.60152994020393
2015-07-31,2,3,6,40.0,146.6460001609368
2015-08-03,2,3,6,40.0,148.4856793047248
2015-08-04,2,3,6,40.0,150.1807103365999
2015-08-05,3,2,6,60.0,149.92136855104565
2015-08-06,3,2,6,60.0,153.39660884739303
2015-08-07,3,2,6,60.0,151.62733060786985
2015-08-10,4,1,6,80.0,152.83247695886624
2015-08-11,4,1,6,80.0,152.43195475611233
2015-08-12,3,2,6,60.0,148.4988489666452
2015-08-13,3,2,6,60.0,147.54186135781973
2015-08-14,3,2,6,60.0,148.75211086651404
2015-08-17,3,2,6,60.0,149.95449790547306
2015-08-18,3,2,6,60.0,150.34232359928413
2015-08-19,2,3,6,40.0,149.77788395297972
2015-08-20,2,3,6,40.0,148.9065752872693
2015-08-21,2,3,6,40.0,147.37979710493622
2015-08-24,1,4,6,20.0,137.89969991737547
2015-08-25,2,3,6,40.0,141.6038889797621
2015-08-26,1,4,6,20.0,138.41430891498564
2015-08-27,1,4,6,20.0,140.4412144575954
2015-08-28,1,4,6,20.0,139.97252914979066
2015-08-31,1,4,6,20.0,139.93948309860176
2015-09-01,1,4,6,20.0,137.2444866770386
2015-09-02,1,4,6,20.0,137.07751677250104
2015-09-03,1,4,6,20.0,137.56267799217932
2015-09-04,1,4,6,20.0,134.98004165987498
2015-09-07,1,4,6,20.0,135.22399737110453
2015-09-08,1,4,6,20.0,137.4835489561807
2015-09-09,1,4,6,20.0,138.96457059624038
2015-09-10,1,4,6,20.0,137.86308122787
2015-09-11,1,4,6,20.0,138.19291767779794
2015-09-14,1,4,6,20.0,140.159814060597
2015-09-15,1,4,6,20.0,139.9588176772855
2015-09-16,1,4,6,20.0,140.96302383808757
2015-09-18,1,4,6,20.0,142.04406007534814
2015-09-21,1,4,6,20.0,141.77482041259384
2015-09-22,1,4,6,20.0,141.71972120844666
2015-09-23,1,4,6,20.0,141.3697664003701
2015-09-24,1,4,6,20.0,142.71132900105312
2015-09-28,1,4,6,20.0,141.01653534429678
2015-09-29,1,4,6,20.0,140.0644917550125
2015-09-30,1,4,6,20.0,140.1456322990892
2015-10-01,1,4,6,20.0,141.4118346712075
2015-10-05,1,4,6,20.0,144.9070335712839
2015-10-06,1,4,6,20.0,145.01537942774962
2015-10-07,2,3,6,40.0,146.807739303157
2015-10-08,2,3,6,40.0,145.76996770840017
2015-10-09,1,4,6,20.0,147.5862787005043
2015-10-12,1,4,6,20.0,146.53264784600321
2015-10-13,1,4,6,20.0,146.62200869881335
2015-10-14,2,3,6,40.0,151.4864050519379
2015-10-15,4,1,6,80.0,156.13560951062695
2015-10-16,4,1,6,80.0,156.90807368358892
2015-10-19,3,2,6,60.0,153.74994360576858
2015-10-20,4,1,6,80.0,156.0056774545359
2015-10-21,4,1,6,80.0,156.6966197550111
2015-10-23,4,1,6,80.0,155.99296757474153
2015-10-26,3,2,6,60.0,155.78248878131362
2015-10-27,4,1,6,80.0,156.85274392863272
2015-10-28,4,1,6,80.0,156.4944376097758
2015-10-29,3,2,6,60.0,155.61725415061292
2015-10-30,4,1,6,80.0,159.75520459102762
2015-11-02,4,1,6,80.0,156.39486774707638
2015-11-03,4,1,6,80.0,155.54491366981858
2015-11-04,3,2,6,60.0,155.66980116332027
2015-11-05,4,1,6,80.0,154.4910338466974
2015-11-06,4,1,6,80.0,154.28790329251308
2015-11-09,3,2,6,60.0,155.47051270475606
2015-11-10,3,2,6,60.0,153.511587946172
2015-11-11,4,1,6,80.0,156.87702328633412
2015-11-13,4,1,6,80.0,156.09701194521566
2015-11-16,3,2,6,60.0,156.60297692598724
2015-11-17,3,2,6,60.0,156.71150847963972
2015-11-18,5,1,6,83.33333333333334,157.35816730142454
2015-11-19,4,2,6,66.66666666666666,158.03546768503472
2015-11-20,5,1,6,83.33333333333334,159.8097598265924
2015-11-23,5,1,6,83.33333333333334,163.47680731472215
2015-11-24,5,1,6,83.33333333333334,162.83967311214042
2015-11-26,5,1,6,83.33333333333334,162.99297674091048
2015-11-27,5,1,6,83.33333333333334,163.94875040321784
2015-11-30,5,1,6,83.33333333333334,166.58125106747343
2015-12-01,5,1,6,83.33333333333334,167.08657692199347
2015-12-02,6,0,6,100.0,176.82636530623427
2015-12-03,6,0,6,100.0,179.9068592177985
2015-12-04,6,0,6,100.0,177.79199149271955
2015-12-07,6,0,6,100.0,173.6923041101759
2015-12-08,6,0,6,100.0,172.6989391555338
2015-12-09,5,1,6,83.33333333333334,169.1401117473545
2015-12-10,5,1,6,83.33333333333334,169.92875605571408
2015-12-11,5,1,6,83.33333333333334,169.89913744967347
2015-12-14,5,1,6,83.33333333333334,176.68457776153227
2015-12-15,5,1,6,83.33333333333334,179.96032790235387
2015-12-16,5,1,6,83.33333333333334,178.4793723912755
2015-12-17,6,0,6,100.0,181.62035837876113
2015-12-18,5,1,6,83.33333333333334,178.81120243973655
2015-12-21,5,1,6,83.33333333333334,178.16084708373413
2015-12-22,5,1,6,83.33333333333334,176.5457074193034
2015-12-23,5,1,6,83.33333333333334,180.80230518898406
2015-12-24,5,1,6,83.33333333333334,181.37553537432026
2015-12-28,5,1,6,83.33333333333334,180.83149148556748
2015-12-29,5,1,6,83.33333333333334,180.64717498226938
2015-12-30,5,1,6,83.33333333333334,179.9735276468956
2015-12-31,5,1,6,83.33333333333334,185.57316816832682
2016-01-01,5,1,6,83.33333333333334,192.90717266645606
2016-01-04,5,1,6,83.33333333333334,192.1569303301801
2016-01-05,5,1,6,83.33333333333334,192.52308685075346
2016-01-06,5,1,6,83.33333333333334,188.02261250272736
2016-01-07,5,1,6,83.33333333333334,180.4284986361629
2016-01-08,5,1,6,83.33333333333334,184.45179663082286
2016-01-11,5,1,6,83.33333333333334,183.96623132485416
2016-01-12,5,1,6,83.33333333333334,181.36227233263213
2016-01-13,5,1,6,83.33333333333334,176.27085401443276
2016-01-14,5,1,6,83.33333333333334,172.46514111446572
2016-01-15,5,1,6,83.33333333333334,167.24834820255063
2016-01-18,5,1,6,83.33333333333334,162.2443075309489
2016-01-19,5,1,6,83.33333333333334,166.31034675758363
2016-01-20,5,1,6,83.33333333333334,163.46543024086847
2016-01-21,5,1,6,83.33333333333334,163.70733313068314
2016-01-22,5,1,6,83.33333333333334,169.63550657927368
2016-01-25,5,1,6,83.33333333333334,170.9669716538573
2016-01-27,5,1,6,83.33333333333334,172.29649539664064
2016-01-28,5,1,6,83.33333333333334,171.11389478843424
2016-01-29,5,1,6,83.33333333333334,172.27382677766718
2016-02-01,5,1,6,83.33333333333334,170.15123730004515
2016-02-02,5,1,6,83.33333333333334,168.4545524594053
2016-02-03,5,1,6,83.33333333333334,166.38834841927087
2016-02-04,5,1,6,83.33333333333334,166.0687388901513
2016-02-05,5,1,6,83.33333333333334,165.53178910908625
2016-02-08,5,1,6,83.33333333333334,165.35718904885454
2016-02-09,5,1,6,83.33333333333334,162.33649076069366
2016-02-10,2,4,6,33.33333333333333,159.07911801060592
2016-02-11,2,4,6,33.33333333333333,152.17889082636418
2016-02-12,2,4,6,33.33333333333333,152.59792036879972
2016-02-15,3,3,6,50.0,156.98944709689547
2016-02-16,2,4,6,33.33333333333333,152.79847656666556
2016-02-17,2,4,6,33.33333333333333,152.3347508398595
2016-02-18,2,4,6,33.33333333333333,151.88354303991923
2016-02-19,2,4,6,33.33333333333333,150.60851992886364
2016-02-22,2,4,6,33.33333333333333,151.75377165984108
2016-02-23,2,4,6,33.33333333333333,152.71603639476336
2016-02-24,2,4,6,33.33333333333333,151.03909680485458
2016-02-25,2,4,6,33.33333333333333,150.74525424658069
2016-02-26,2,4,6,33.33333333333333,150.30646898945827
2016-02-29,1,5,6,16.666666666666664,149.70329587564297
2016-03-01,2,4,6,33.33333333333333,151.91996754297827
2016-03-02,2,4,6,33.33333333333333,154.47030592597062
2016-03-03,2,4,6,33.33333333333333,156.06659520191624
2016-03-04,2,4,6,33.33333333333333,156.32217880129653
2016-03-08,2,4,6,33.33333333333333,156.17374910280094
2016-03-09,3,3,6,50.0,156.88050893227205
2016-03-10,3,3,6,50.0,156.05642142437966
2016-03-11,1,5,6,16.666666666666664,154.23923612056626
2016-03-14,1,5,6,16.666666666666664,154.18766042491072
2016-03-15,1,5,6,16.666666666666664,151.34667491080148
2016-03-16,1,5,6,16.666666666666664,152.17855401407928
2016-03-17,1,5,6,16.666666666666664,152.4980816365154
2016-03-18,1,5,6,16.666666666666664,153.34467026245306
2016-03-21,1,5,6,16.666666666666664,155.48436660822694
2016-03-22,1,5,6,16.666666666666664,154.30325275307223
2016-03-23,2,4,6,33.33333333333333,155.80259585359292
2016-03-28,1,5,6,16.666666666666664,153.68286721689978
2016-03-29,2,4,6,33.33333333333333,154.9361770488226
2016-03-30,2,4,6,33.33333333333333,156.88799070664638
2016-03-31,2,4,6,33.33333333333333,155.74599057286355
2016-04-01,2,4,6,33.33333333333333,156.95593052614544
2016-04-04,2,4,6,33.33333333333333,158.9963101434048
2016-04-05,2,4,6,33.33333333333333,157.48971239233484
2016-04-06,2,4,6,33.33333333333333,159.98957574812036
2016-04-07,2,4,6,33.33333333333333,160.09044731685458
2016-04-08,2,4,6,33.33333333333333,159.94764760380568
2016-04-11,2,4,6,33.33333333333333,161.43330459312327
2016-04-12,4,2,6,66.66666666666666,163.63014084418472
2016-04-13,4,2,6,66.66666666666666,165.45843735436253
2016-04-18,4,2,6,66.66666666666666,167.23168447849451
2016-04-20,5,1,6,83.33333333333334,168.4651009222706
2016-04-21,5,1,6,83.33333333333334,168.28353298164484
2016-04-22,4,2,6,66.66666666666666,167.30114804763127
2016-04-25,4,2,6,66.66666666666666,165.06350579231076
2016-04-26,5,1,6,83.33333333333334,165.5684735430405
2016-04-27,5,1,6,83.33333333333334,164.61457928585705
2016-04-28,3,3,6,50.0,162.4471540134726
2016-04-29,3,3,6,50.0,162.8392121571671
2016-05-02,3,3,6,50.0,162.19792189575017
2016-05-03,3,3,6,50.0,162.46016328388967
2016-05-04,3,3,6,50.0,162.89332883641507
2016-05-05,3,3,6,50.0,161.7604071317856
2016-05-06,3,3,6,50.0,161.9951636489547
2016-05-09,3,3,6,50.0,162.92515887640033
2016-05-10,3,3,6,50.0,162.75201881982179
2016-05-11,3,3,6,50.0,162.30833262941374
2016-05-12,4,2,6,66.66666666666666,164.42271874640772
2016-05-13,3,3,6,50.0,164.61765612846443
2016-05-16,3,3,6,50.0,167.75435231598325
2016-05-17,5,1,6,83.33333333333334,175.82189836855846
2016-05-18,5,1,6,83.33333333333334,174.20471358635666
2016-05-19,4,2,6,66.66666666666666,171.38828161918838
2016-05-20,5,1,6,83.33333333333334,174.05834133845255
2016-05-23,5,1,6,83.33333333333334,172.57803375827757
2016-05-24,6,0,6,100.0,173.56347676778773
2016-05-25,5,1,6,83.33333333333334,174.42677564050095
2016-05-26,5,1,6,83.33333333333334,175.0198312073342
2016-05-27,5,1,6,83.33333333333334,178.69939094624561
2016-05-30,5,1,6,83.33333333333334,179.52799190100075
2016-05-31,5,1,6,83.33333333333334,180.12778594476012
2016-06-01,5,1,6,83.33333333333334,179.95105160508092
2016-06-02,5,1,6,83.33333333333334,183.35902820720622
2016-06-03,5,1,6,83.33333333333334,179.41911992315133
2016-06-06,5,1,6,83.33333333333334,181.43190163795973
2016-06-07,5,1,6,83.33333333333334,183.41185131871595
2016-06-08,5,1,6,83.33333333333334,184.0479193673503
2016-06-09,5,1,6,83.33333333333334,182.2224881562929
2016-06-10,5,1,6,83.33333333333334,182.87744869872117
2016-06-13,5,1,6,83.33333333333334,180.92356801097048
2016-06-14,5,1,6,83.33333333333334,182.0573294274946
2016-06-15,6,0,6,100.0,187.8181695015682
2016-06-16,6,0,6,100.0,188.69788901396137
2016-06-17,6,0,6,100.0,192.73990955934218
2016-06-20,6,0,6,100.0,191.17543879609778
2016-06-21,5,1,6,83.33333333333334,187.7261348558905
2016-06-22,6,0,6,100.0,186.97884133291706
2016-06-23,6,0,6,100.0,187.6841701785495
2016-06-24,5,1,6,83.33333333333334,183.78111693402536
2016-06-27,5,1,6,83.33333333333334,186.3867831698969
2016-06-28,6,0,6,100.0,187.19500311462141
2016-06-29,6,0,6,100.0,188.65581282345786
2016-06-30,6,0,6,100.0,189.50577913564103
2016-07-01,6,0,6,100.0,189.8345016081833
2016-07-04,6,0,6,100.0,191.45164854241926
2016-07-05,6,0,6,100.0,189.32141867023392
2016-07-07,6,0,6,100.0,187.67505656792858
2016-07-08,5,1,6,83.33333333333334,187.30366853282936
2016-07-11,6,0,6,100.0,189.99440665440568
2016-07-12,6,0,6,100.0,190.797461090249
2016-07-13,6,0,6,100.0,189.94641330793198
2016-07-14,6,0,6,100.0,195.1454569740245
2016-07-15,6,0,6,100.0,199.8921631646516
2016-07-18,6,0,6,100.0,197.4457652318015
2016-07-19,6,0,6,100.0,199.64038192035855
2016-07-20,6,0,6,100.0,201.10125620395726
2016-07-21,6,0,6,100.0,201.87917879644277
2016-07-22,6,0,6,100.0,203.05468011443955
2016-07-25,6,0,6,100.0,203.54877315311234
2016-07-26,6,0,6,100.0,200.87142509818867
2016-07-27,6,0,6,100.0,202.8237678649829
2016-07-28,6,0,6,100.0,202.81818170754173
2016-07-29,6,0,6,100.0,202.78491158523687
2016-08-01,6,0,6,100.0,201.18119350187396
2016-08-02,6,0,6,100.0,199.03556119725238
2016-08-03,6,0,6,100.0,197.77367939116556
2016-08-04,5,1,6,83.33333333333334,197.25756263286877
2016-08-05,5,1,6,83.33333333333334,196.710664320453
2016-08-08,5,1,6,83.33333333333334,196.21913503868393
2016-08-09,5,1,6,83.33333333333334,192.69379317015964
2016-08-10,5,1,6,83.33333333333334,190.25325580733633
2016-08-11,5,1,6,83.33333333333334,190.0426053157775
2016-08-12,6,0,6,100.0,192.07752018303682
2016-08-16,6,0,6,100.0,191.50496299111774
2016-08-17,5,1,6,83.33333333333334,191.57351753330744
2016-08-18,5,1,6,83.33333333333334,192.3082264627
2016-08-19,6,0,6,100.0,203.68151436012081
2016-08-22,6,0,6,100.0,199.07685768801417
2016-08-23,6,0,6,100.0,205.74683371549915
2016-08-24,6,0,6,100.0,205.80659993814726
2016-08-25,6,0,6,100.0,205.86369710126286
2016-08-26,5,1,6,83.33333333333334,201.42141887414277
2016-08-29,5,1,6,83.33333333333334,201.43047550398884
2016-08-30,5,1,6,83.33333333333334,201.0995335391545
2016-08-31,5,1,6,83.33333333333334,201.7434298000802
2016-09-01,4,2,6,66.66666666666666,200.98660815141812
2016-09-02,5,1,6,83.33333333333334,202.22153615889326
2016-09-06,6,0,6,100.0,205.86157082776572
2016-09-07,6,0,6,100.0,205.27783227971508
2016-09-08,6,0,6,100.0,203.45372564873986
2016-09-09,6,0,6,100.0,201.21358294328692
2016-09-12,5,1,6,83.33333333333334,196.55080649221733
2016-09-14,5,1,6,83.33333333333334,198.07673721113835
2016-09-15,5,1,6,83.33333333333334,198.56201267479028
2016-09-16,5,1,6,83.33333333333334,196.92615324991417
2016-09-19,5,1,6,83.33333333333334,198.00006135151384
2016-09-20,5,1,6,83.33333333333334,198.7195252292633
2016-09-21,5,1,6,83.33333333333334,198.93819854218495
2016-09-22,5,1,6,83.33333333333334,201.2416586081398
2016-09-23,6,0,6,100.0,202.9116960221848
2016-09-26,5,1,6,83.33333333333334,199.2839105516047
2016-09-27,5,1,6,83.33333333333334,199.88323804562665
2016-09-28,6,0,6,100.0,206.53963482089245
2016-09-29,5,1,6,83.33333333333334,196.9567969528405
2016-09-30,5,1,6,83.33333333333334,198.90206735474248
2016-10-03,6,0,6,100.0,206.51985056557785
2016-10-04,6,0,6,100.0,208.0458158126841
2016-10-05,5,1,6,83.33333333333334,206.80267664942943
2016-10-06,6,0,6,100.0,205.828672097892
2016-10-07,6,0,6,100.0,204.45357260693586
2016-10-10,5,1,6,83.33333333333334,206.66701450250628
2016-10-13,5,1,6,83.33333333333334,202.76866196301393
2016-10-14,5,1,6,83.33333333333334,205.33271141410586
2016-10-17,5,1,6,83.33333333333334,203.42161451984094
2016-10-18,5,1,6,83.33333333333334,206.62901331619264
2016-10-19,5,1,6,83.33333333333334,206.7321834353852
2016-10-20,5,1,6,83.33333333333334,206.80980635794026
2016-10-21,5,1,6,83.33333333333334,207.72856930175067
2016-10-24,5,1,6,83.33333333333334,207.42578761581473
2016-10-25,5,1,6,83.33333333333334,205.08226215143225
2016-10-26,6,0,6,100.0,203.06332207747263
2016-10-27,5,1,6,83.33333333333334,198.0430032249771
2016-10-28,5,1,6,83.33333333333334,199.35093411026065
2016-10-30,5,1,6,83.33333333333334,202.17514660081358
2016-11-01,5,1,6,83.33333333333334,204.09463921132436
2016-11-02,4,2,6,66.66666666666666,202.02073463848356
2016-11-03,4,2,6,66.66666666666666,198.39858702373277
2016-11-04,4,2,6,66.66666666666666,196.5572753491773
2016-11-07,4,2,6,66.66666666666666,198.13908373100904
2016-11-08,4,2,6,66.66666666666666,199.2406692799892
2016-11-09,4,2,6,66.66666666666666,190.45925831759754
2016-11-10,4,2,6,66.66666666666666,192.31331665275272
2016-11-11,4,2,6,66.66666666666666,186.61069416350034
2016-11-15,2,4,6,33.33333333333333,180.04373580704296
2016-11-16,4,2,6,66.66666666666666,180.95972976594354
2016-11-17,2,4,6,33.33333333333333,177.36029624218745
2016-11-18,2,4,6,33.33333333333333,175.38904243811805
2016-11-21,1,5,6,16.666666666666664,169.8927786485428
2016-11-22,1,5,6,16.666666666666664,172.55345195474888
2016-11-23,1,5,6,16.666666666666664,177.56960630229267
2016-11-24,2,4,6,33.33333333333333,175.3248856765581
2016-11-25,1,5,6,16.666666666666664,177.585836812368
2016-11-28,2,4,6,33.33333333333333,179.08749323006202
2016-11-29,2,4,6,33.33333333333333,180.40287390385365
2016-11-30,2,4,6,33.33333333333333,182.05326487710718
2016-12-01,2,4,6,33.33333333333333,179.39304205586882
2016-12-02,1,5,6,16.666666666666664,174.78768879210725
2016-12-05,0,6,6,0.0,174.82626877531067
2016-12-06,0,6,6,0.0,174.0364221639245
2016-12-07,0,6,6,0.0,175.11265639217206
2016-12-08,1,5,6,16.666666666666664,177.0957016402827
2016-12-09,1,5,6,16.666666666666664,177.26650016307195
2016-12-12,1,5,6,16.666666666666664,178.1279435353464
2016-12-13,1,5,6,16.666666666666664,178.3023666609692
2016-12-14,2,4,6,33.33333333333333,179.13003932208497
2016-12-15,2,4,6,33.33333333333333,178.06352929953536
2016-12-16,1,5,6,16.666666666666664,177.62065703536575
2016-12-19,2,4,6,33.33333333333333,177.81546311849482
2016-12-20,2,4,6,33.33333333333333,176.30143958123378
2016-12-21,2,4,6,33.33333333333333,174.93669925451076
2016-12-22,2,4,6,33.33333333333333,173.2234991096383
2016-12-23,1,5,6,16.666666666666664,172.5962360619945
2016-12-26,0,6,6,0.0,169.7229083401575
2016-12-27,0,6,6,0.0,171.89434727716883
2016-12-28,1,5,6,16.666666666666664,172.54275003837424
2016-12-29,1,5,6,16.666666666666664,172.7022716980308
2016-12-30,2,4,6,33.33333333333333,174.6812143857822
2017-01-02,1,5,6,16.666666666666664,175.24237205626892
2017-01-03,1,5,6,16.666666666666664,176.23953089408133
2017-01-04,1,5,6,16.666666666666664,175.40335232575484
2017-01-05,1,5,6,16.666666666666664,175.86781806810527
2017-01-06,1,5,6,16.666666666666664,175.84833762147986
2017-01-09,2,4,6,33.33333333333333,176.86431487089123
2017-01-10,2,4,6,33.33333333333333,181.52819078205255
2017-01-11,2,4,6,33.33333333333333,181.54509864023794
2017-01-12,2,4,6,33.33333333333333,182.74001669337284
2017-01-13,2,4,6,33.33333333333333,182.87451700663317
2017-01-16,2,4,6,33.33333333333333,182.8203054300188
2017-01-17,2,4,6,33.33333333333333,182.37249726138538
2017-01-18,2,4,6,33.33333333333333,183.75786009427858
2017-01-19,2,4,6,33.33333333333333,184.73438046819064
2017-01-20,1,5,6,16.666666666666664,183.70388075561942
2017-01-23,2,4,6,33.33333333333333,190.74242185699643
2017-01-24,2,4,6,33.33333333333333,190.81783801450356
2017-01-25,2,4,6,33.33333333333333,191.16337842091485
2017-01-27,2,4,6,33.33333333333333,192.51292529363369
2017-01-30,2,4,6,33.33333333333333,192.05802810072018
2017-01-31,2,4,6,33.33333333333333,192.46328182854018
2017-02-01,3,3,6,50.0,195.58370954296066
2017-02-02,3,3,6,50.0,195.29978710350665
2017-02-03,3,3,6,50.0,198.84296306053852
2017-02-06,3,3,6,50.0,199.73235415232725
2017-02-07,3,3,6,50.0,198.5857077820505
2017-02-08,3,3,6,50.0,198.45072584711235
2017-02-09,4,2,6,66.66666666666666,198.9630185880442
2017-02-10,4,2,6,66.66666666666666,198.91790414968682
2017-02-13,3,3,6,50.0,199.02263546565842
2017-02-14,5,1,6,83.33333333333334,201.10345699146234
2017-02-15,5,1,6,83.33333333333334,201.75275537164703
2017-02-16,5,1,6,83.33333333333334,204.93392973617765
2017-02-17,4,2,6,66.66666666666666,201.96847887715404
2017-02-20,5,1,6,83.33333333333334,203.2692453521767
2017-02-21,5,1,6,83.33333333333334,206.4390477859435
2017-02-22,5,1,6,83.33333333333334,203.67549525691362
2017-02-23,5,1,6,83.33333333333334,202.31056026529507
2017-02-27,5,1,6,83.33333333333334,201.18955294693507
2017-02-28,5,1,6,83.33333333333334,201.34736600554558
2017-03-01,4,2,6,66.66666666666666,202.13661451272807
2017-03-02,4,2,6,66.66666666666666,199.79694965200852
2017-03-03,4,2,6,66.66666666666666,199.69286540215901
2017-03-06,4,2,6,66.66666666666666,198.54141514961697
2017-03-07,5,1,6,83.33333333333334,201.0350516454318
2017-03-08,4,2,6,66.66666666666666,199.9009831398874
2017-03-09,6,0,6,100.0,200.3231856255595
2017-03-10,4,2,6,66.66666666666666,199.26809796117817
2017-03-14,5,1,6,83.33333333333334,201.3574911984332
2017-03-15,5,1,6,83.33333333333334,199.6530315548984
2017-03-16,5,1,6,83.33333333333334,205.23084352204717
2017-03-17,5,1,6,83.33333333333334,206.87961081819256
2017-03-20,4,2,6,66.66666666666666,212.93681153684992
2017-03-21,4,2,6,66.66666666666666,212.56467180055876
2017-03-22,4,2,6,66.66666666666666,209.5162624109676
2017-03-23,5,1,6,83.33333333333334,214.6251704511568
2017-03-24,5,1,6,83.33333333333334,217.84980654485625
2017-03-27,5,1,6,83.33333333333334,219.0873596821751
2017-03-28,5,1,6,83.33333333333334,220.27087411229957
2017-03-29,6,0,6,100.0,221.83369032681207
2017-03-30,6,0,6,100.0,224.85305683338575
2017-03-31,6,0,6,100.0,229.01216478313034
2017-04-03,6,0,6,100.0,226.329151880664
2017-04-05,6,0,6,100.0,231.9938995265186
2017-04-06,6,0,6,100.0,229.94929973371677
2017-04-07,6,0,6,100.0,230.89573254525203
2017-04-10,6,0,6,100.0,233.00320050920038
2017-04-11,6,0,6,100.0,238.03927959222597
2017-04-12,6,0,6,100.0,239.70849075437278
2017-04-13,6,0,6,100.0,243.47160352054712
2017-04-17,6,0,6,100.0,243.21638669624707
2017-04-18,6,0,6,100.0,248.09582312427617
2017-04-19,6,0,6,100.0,249.79679986432296
2017-04-20,6,0,6,100.0,247.57599194677428
2017-04-21,6,0,6,100.0,248.18438677166412
2017-04-24,6,0,6,100.0,249.55148707964452
2017-04-25,6,0,6,100.0,253.0146403994773
2017-04-26,6,0,6,100.0,250.34995424810052
2017-04-27,6,0,6,100.0,249.2016610024394
2017-04-28,6,0,6,100.0,249.0160091690869
2017-05-02,6,0,6,100.0,248.87736606714412
2017-05-03,6,0,6,100.0,250.27293895155415
2017-05-04,6,0,6,100.0,250.66210177307244
2017-05-05,6,0,6,100.0,248.64336867387857
2017-05-08,6,0,6,100.0,247.58587842835817
2017-05-09,6,0,6,100.0,249.19904668230876
2017-05-10,6,0,6,100.0,253.8810476548064
2017-05-11,6,0,6,100.0,253.68209708600403
2017-05-12,6,0,6,100.0,256.3788495380448
2017-05-15,6,0,6,100.0,256.27993668862956
2017-05-16,6,0,6,100.0,262.4325040304645
2017-05-17,6,0,6,100.0,265.193084955162
2017-05-18,6,0,6,100.0,256.4813064156035
2017-05-19,6,0,6,100.0,254.85867103029332
2017-05-22,6,0,6,100.0,255.36983549897866
2017-05-23,6,0,6,100.0,247.9760289120284
2017-05-24,6,0,6,100.0,245.5376004053444
2017-05-25,6,0,6,100.0,250.96474452406886
2017-05-26,6,0,6,100.0,253.82201871508232
2017-05-29,6,0,6,100.0,248.2116658633043
2017-05-30,6,0,6,100.0,249.32095181142338
2017-05-31,6,0,6,100.0,249.8321399720068
2017-06-01,6,0,6,100.0,247.85850207444403
2017-06-02,6,0,6,100.0,248.44096490091943
2017-06-05,6,0,6,100.0,248.00515433067613
2017-06-06,6,0,6,100.0,247.07649398282686
2017-06-07,6,0,6,100.0,256.1875336285166
2017-06-08,6,0,6,100.0,256.23580290785935
2017-06-09,6,0,6,100.0,255.52354967806994
2017-06-12,6,0,6,100.0,251.4904590750722
2017-06-13,6,0,6,100.0,252.12515967502043
2017-06-14,6,0,6,100.0,254.9994249043063
2017-06-15,6,0,6,100.0,255.04865461189578
2017-06-16,6,0,6,100.0,254.10122913327825
2017-06-19,6,0,6,100.0,252.6583706233384
2017-06-20,6,0,6,100.0,255.41853620306338
2017-06-21,6,0,6,100.0,257.5525770112599
2017-06-22,6,0,6,100.0,258.47270598144195
2017-06-23,6,0,6,100.0,255.9330978638926
2017-06-27,6,0,6,100.0,252.5628593165397
2017-06-28,6,0,6,100.0,250.84262142590399
2017-06-29,6,0,6,100.0,252.59052286557196
2017-06-30,6,0,6,100.0,256.292652413118
2017-07-03,6,0,6,100.0,255.89358888235853
2017-07-04,6,0,6,100.0,254.1397956108442
2017-07-05,6,0,6,100.0,257.89298171471285
2017-07-06,6,0,6,100.0,259.4777144225135
2017-07-07,6,0,6,100.0,264.2147856408339
2017-07-10,6,0,6,100.0,262.322354865209
2017-07-11,6,0,6,100.0,260.8424294906179
2017-07-12,6,0,6,100.0,261.15888081525435
2017-07-13,6,0,6,100.0,261.2490015079307
2017-07-14,6,0,6,100.0,259.28596771242
2017-07-17,6,0,6,100.0,256.27035378300917
2017-07-18,6,0,6,100.0,256.24898039456633
2017-07-19,6,0,6,100.0,258.90961559145376
2017-07-20,6,0,6,100.0,263.1746866562887
2017-07-21,6,0,6,100.0,260.5383530321336
2017-07-24,6,0,6,100.0,261.92783626099975
2017-07-25,6,0,6,100.0,258.36474252405935
2017-07-26,6,0,6,100.0,260.03859865559366
2017-07-27,6,0,6,100.0,259.7001746518153
2017-07-28,6,0,6,100.0,259.2446931996224
2017-07-31,6,0,6,100.0,260.1128568683317
2017-08-01,6,0,6,100.0,257.48366274754187
2017-08-02,6,0,6,100.0,259.17588366015775
2017-08-03,6,0,6,100.0,254.255721224821
2017-08-04,6,0,6,100.0,253.42838963480548
2017-08-07,6,0,6,100.0,254.62247157745477
2017-08-08,6,0,6,100.0,253.3535113801696
2017-08-09,6,0,6,100.0,248.866408608479
2017-08-10,6,0,6,100.0,244.62614171509233
2017-08-11,6,0,6,100.0,241.8111324910919
2017-08-14,6,0,6,100.0,246.4600884075872
2017-08-16,6,0,6,100.0,246.91088020847752
2017-08-17,6,0,6,100.0,248.88974768522522
2017-08-18,6,0,6,100.0,247.86636237604642
2017-08-21,6,0,6,100.0,244.37330576078628
2017-08-22,5,1,6,83.33333333333334,237.93771871694972
2017-08-23,5,1,6,83.33333333333334,238.63785810307743
2017-08-24,5,1,6,83.33333333333334,238.05291075348194
2017-08-28,5,1,6,83.33333333333334,240.93132386170296
2017-08-29,5,1,6,83.33333333333334,240.81702213423517
2017-08-30,5,1,6,83.33333333333334,242.002585538321
2017-08-31,6,0,6,100.0,243.26185668958976
2017-09-01,5,1,6,83.33333333333334,243.96213489664055
2017-09-04,5,1,6,83.33333333333334,243.86973136049065
2017-09-05,6,0,6,100.0,245.66093346042032
2017-09-06,6,0,6,100.0,243.8750636114166
2017-09-07,5,1,6,83.33333333333334,242.88107178112773
2017-09-08,5,1,6,83.33333333333334,242.12675425493194
2017-09-11,5,1,6,83.33333333333334,244.13485423879487
2017-09-12,5,1,6,83.33333333333334,245.2169977817222
2017-09-13,5,1,6,83.33333333333334,244.1168628362664
2017-09-14,5,1,6,83.33333333333334,243.76225404347417
2017-09-15,5,1,6,83.33333333333334,243.37424014033243
2017-09-18,4,2,6,66.66666666666666,242.84700834670687
2017-09-19,4,2,6,66.66666666666666,243.5890402437137
2017-09-20,4,2,6,66.66666666666666,241.16699533890423
2017-09-21,4,2,6,66.66666666666666,249.09871565590572
2017-09-22,4,2,6,66.66666666666666,245.0897350421594
2017-09-25,4,2,6,66.66666666666666,243.077156931466
2017-09-26,4,2,6,66.66666666666666,247.0771952660146
2017-09-27,4,2,6,66.66666666666666,244.61340156988265
2017-09-28,4,2,6,66.66666666666666,246.1401963219869
2017-09-29,4,2,6,66.66666666666666,246.28555271321756
2017-10-03,5,1,6,83.33333333333334,253.83617349600746
2017-10-04,4,2,6,66.66666666666666,249.90341915084912
2017-10-05,4,2,6,66.66666666666666,252.1779296224259
2017-10-06,4,2,6,66.66666666666666,252.5259494540489
2017-10-09,4,2,6,66.66666666666666,250.68826388478874
2017-10-10,4,2,6,66.66666666666666,250.82454008671533
2017-10-11,4,2,6,66.66666666666666,249.36075894570627
2017-10-12,4,2,6,66.66666666666666,250.21943318997182
2017-10-13,4,2,6,66.66666666666666,247.9295293410639
2017-10-16,4,2,6,66.66666666666666,251.3890498093711
2017-10-17,4,2,6,66.66666666666666,250.93597910855112
2017-10-18,4,2,6,66.66666666666666,249.60864550712282
2017-10-19,5,1,6,83.33333333333334,251.5519482583494
2017-10-23,4,2,6,66.66666666666666,253.20466515530694
2017-10-24,4,2,6,66.66666666666666,257.48337551503323
2017-10-25,4,2,6,66.66666666666666,257.2720395742381
2017-10-26,4,2,6,66.66666666666666,254.29843542280253
2017-10-27,4,2,6,66.66666666666666,253.76202572983684
2017-10-30,4,2,6,66.66666666666666,257.46758043072833
2017-10-31,4,2,6,66.66666666666666,257.1219077361887
2017-11-01,4,2,6,66.66666666666666,256.35808015585116
2017-11-02,4,2,6,66.66666666666666,255.2518074140906
2017-11-03,4,2,6,66.66666666666666,254.70790833561895
2017-11-06,4,2,6,66.66666666666666,254.2241981285303
2017-11-07,4,2,6,66.66666666666666,250.48833308945055
2017-11-08,4,2,6,66.66666666666666,249.0638090001982
2017-11-09,4,2,6,66.66666666666666,249.0527824314261
2017-11-10,4,2,6,66.66666666666666,247.97142301194822
2017-11-13,4,2,6,66.66666666666666,249.75188376261482
2017-11-14,3,3,6,50.0,247.72210965224093
2017-11-15,3,3,6,50.0,246.30606208552814
2017-11-16,3,3,6,50.0,246.8195811538441
2017-11-17,3,3,6,50.0,247.27707805567206
2017-11-20,4,2,6,66.66666666666666,250.08368195613855
2017-11-21,4,2,6,66.66666666666666,250.9438472617728
2017-11-22,4,2,6,66.66666666666666,248.97875743726252
2017-11-23,5,1,6,83.33333333333334,252.1615652078678
2017-11-24,5,1,6,83.33333333333334,257.3822744422315
2017-11-27,5,1,6,83.33333333333334,260.50131767345476
2017-11-28,4,2,6,66.66666666666666,258.69463318862097
2017-11-29,5,1,6,83.33333333333334,262.2144366060357
2017-11-30,5,1,6,83.33333333333334,265.1601570305731
2017-12-01,4,2,6,66.66666666666666,260.2252813528833
2017-12-04,4,2,6,66.66666666666666,257.69526595233856
2017-12-05,4,2,6,66.66666666666666,257.3257324351766
2017-12-06,4,2,6,66.66666666666666,253.4323943400097
2017-12-07,5,1,6,83.33333333333334,253.86414582687965
2017-12-08,5,1,6,83.33333333333334,253.54789288768575
2017-12-11,4,2,6,66.66666666666666,252.357716381535
2017-12-12,4,2,6,66.66666666666666,253.4372896192039
2017-12-13,4,2,6,66.66666666666666,251.79792354617027
2017-12-14,4,2,6,66.66666666666666,251.84220311850277
2017-12-15,4,2,6,66.66666666666666,255.4841599327319
2017-12-18,4,2,6,66.66666666666666,253.09408752665217
2017-12-19,4,2,6,66.66666666666666,257.0549828074045
2017-12-20,4,2,6,66.66666666666666,255.93905011382597
2017-12-21,4,2,6,66.66666666666666,259.9197198746175
2017-12-22,4,2,6,66.66666666666666,262.09364176494284
2017-12-26,4,2,6,66.66666666666666,262.741399272209
2017-12-27,4,2,6,66.66666666666666,260.9172343425011
2017-12-28,4,2,6,66.66666666666666,262.3277736822919
2017-12-29,4,2,6,66.66666666666666,260.9663820592456
2018-01-01,4,2,6,66.66666666666666,262.2327188432068
2018-01-02,4,2,6,66.66666666666666,261.91865743563864
2018-01-03,4,2,6,66.66666666666666,264.787952646073
2018-01-04,4,2,6,66.66666666666666,269.8579505515797
2018-01-05,5,1,6,83.33333333333334,278.0905002402507
2018-01-08,5,1,6,83.33333333333334,292.9647628637944
2018-01-09,5,1,6,83.33333333333334,295.4035048093016
2018-01-10,6,0,6,100.0,302.2062799323895
2018-01-11,5,1,6,83.33333333333334,299.7344003486717
2018-01-12,6,0,6,100.0,300.9793913081104
2018-01-15,6,0,6,100.0,300.1294171905299
2018-01-16,5,1,6,83.33333333333334,309.348544743357
2018-01-17,5,1,6,83.33333333333334,306.61485126852773
2018-01-18,5,1,6,83.33333333333334,303.8822953651221
2018-01-19,5,1,6,83.33333333333334,310.8927901034537
2018-01-22,5,1,6,83.33333333333334,315.5250886774698
2018-01-23,6,0,6,100.0,326.9473076804156
2018-01-24,6,0,6,100.0,317.37282792360907
2018-01-25,6,0,6,100.0,318.4353025353948
2018-01-29,6,0,6,100.0,312.24925668254446
2018-01-30,5,1,6,83.33333333333334,306.89475527998223
2018-01-31,5,1,6,83.33333333333334,299.2704722824471
2018-02-01,5,1,6,83.33333333333334,300.7075260228825
2018-02-02,4,2,6,66.66666666666666,285.1966372430617
2018-02-05,4,2,6,66.66666666666666,286.5413246540276
2018-02-06,3,3,6,50.0,274.9260551012513
2018-02-07,4,2,6,66.66666666666666,281.83303564357755
2018-02-08,5,1,6,83.33333333333334,290.9045920808092
2018-02-09,5,1,6,83.33333333333334,293.65752562397904
2018-02-12,5,1,6,83.33333333333334,299.87318733198236
2018-02-14,5,1,6,83.33333333333334,299.3462829133189
2018-02-15,5,1,6,83.33333333333334,291.0625522643456
2018-02-16,4,2,6,66.66666666666666,283.96365084975014
2018-02-19,3,3,6,50.0,281.938922703429
2018-02-20,3,3,6,50.0,278.71966013855143
2018-02-21,3,3,6,50.0,278.7345872428268
2018-02-22,3,3,6,50.0,277.55451112804275
2018-02-23,4,2,6,66.66666666666666,278.22276195537074
2018-02-26,3,3,6,50.0,275.73996612584375
2018-02-27,3,3,6,50.0,277.5573700940891
2018-02-28,3,3,6,50.0,278.4386276837018
2018-03-01,3,3,6,50.0,275.9849118925632
2018-03-05,3,3,6,50.0,274.0574257315532
2018-03-06,3,3,6,50.0,270.658878116477
2018-03-07,3,3,6,50.0,264.89723600855393
2018-03-08,3,3,6,50.0,264.9968462569407
2018-03-09,3,3,6,50.0,263.7691762893566
2018-03-12,3,3,6,50.0,263.80749126031463
2018-03-13,3,3,6,50.0,265.97336296675627
2018-03-14,3,3,6,50.0,265.44996450322367
2018-03-15,3,3,6,50.0,267.172561227018
2018-03-16,3,3,6,50.0,263.71537578345874
2018-03-19,3,3,6,50.0,260.7338780882215
2018-03-20,3,3,6,50.0,261.08089365581606
2018-03-21,3,3,6,50.0,260.96117542323174
2018-03-22,3,3,6,50.0,259.52545878774635
2018-03-23,3,3,6,50.0,257.59377758116926
2018-03-26,3,3,6,50.0,258.66003900340024
2018-03-27,3,3,6,50.0,261.5471514959507
2018-03-28,3,3,6,50.0,262.50478579342706
2018-04-02,3,3,6,50.0,271.4116018655477
2018-04-03,5,1,6,83.33333333333334,275.8193733840517
2018-04-04,4,2,6,66.66666666666666,273.7208385677007
2018-04-05,5,1,6,83.33333333333334,279.1310406982924
2018-04-06,5,1,6,83.33333333333334,280.7889969511443
2018-04-09,5,1,7,83.33333333333334,279.2920597990379
2018-04-10,5,1,7,83.33333333333334,276.0934954777739
2018-04-11,5,1,7,83.33333333333334,274.4107265168477
2018-04-12,5,1,7,83.33333333333334,274.6009165920282
2018-04-13,5,1,7,83.33333333333334,283.24891282664913
2018-04-16,5,1,7,83.33333333333334,282.5427805037572
2018-04-17,5,1,7,83.33333333333334,310.887544468496
2018-04-18,5,1,7,83.33333333333334,315.82749233368025
2018-04-19,5,1,7,83.33333333333334,316.75005207707534
2018-04-20,5,1,7,83.33333333333334,323.95065671337403
2018-04-23,5,1,7,83.33333333333334,324.61595675065576
2018-04-24,5,1,7,83.33333333333334,328.86304834084945
2018-04-25,5,1,7,83.33333333333334,315.2587536514221
2018-04-26,5,1,7,83.33333333333334,312.9800873014597
2018-04-27,5,1,7,83.33333333333334,310.1066393116317
2018-04-30,5,1,7,83.33333333333334,313.08616147353365
2018-05-02,5,1,7,83.33333333333334,314.37209935407566
2018-05-03,5,1,7,83.33333333333334,312.23862238408316
2018-05-04,5,1,7,83.33333333333334,305.8731616771054
2018-05-07,5,1,7,83.33333333333334,310.13421638322313
2018-05-08,5,1,7,83.33333333333334,310.4605600017799
2018-05-09,5,1,7,83.33333333333334,311.9663452395241
2018-05-10,5,1,7,83.33333333333334,306.27934365944367
2018-05-11,5,1,7,83.33333333333334,301.2866382899144
2018-05-14,5,1,7,83.33333333333334,298.6861573361735
2018-05-15,5,1,7,83.33333333333334,296.22189604359363
2018-05-16,4,2,7,66.66666666666666,294.46024596454123
2018-05-17,4,2,7,66.66666666666666,297.1251424950201
2018-05-18,4,2,7,66.66666666666666,292.26740143599585
2018-05-21,4,2,7,66.66666666666666,284.72104169015694
2018-05-22,4,2,7,66.66666666666666,289.1495536067141
2018-05-23,4,2,7,66.66666666666666,287.4403382998043
2018-05-24,4,2,7,66.66666666666666,288.1435359744536
2018-05-25,5,1,7,83.33333333333334,289.84405687760534
2018-05-28,5,1,7,83.33333333333334,300.5114006830978
2018-05-29,5,1,7,83.33333333333334,303.23874640919814
2018-05-30,5,1,7,83.33333333333334,304.4163691556081
2018-05-31,5,1,7,83.33333333333334,302.3931146061734
2018-06-01,5,1,7,83.33333333333334,300.6924350874859
2018-06-04,4,2,7,66.66666666666666,296.8641809376875
2018-06-05,4,2,7,66.66666666666666,287.76828435210496
2018-06-06,5,1,7,83.33333333333334,287.84832885481586
2018-06-07,4,2,7,66.66666666666666,296.08427186059896
2018-06-08,4,2,7,66.66666666666666,297.61282684094726
2018-06-11,4,2,7,66.66666666666666,302.54749081339673
2018-06-12,4,2,7,66.66666666666666,308.0245865018243
2018-06-13,4,2,7,66.66666666666666,303.16344500255764
2018-06-14,4,2,7,66.66666666666666,304.108305119708
2018-06-15,4,2,7,66.66666666666666,301.54550567450735
2018-06-18,4,2,7,66.66666666666666,297.9930659520829
2018-06-19,4,2,7,66.66666666666666,293.9644386666401
2018-06-20,4,2,7,66.66666666666666,293.686125617502
2018-06-21,4,2,7,66.66666666666666,292.0696577380106
2018-06-22,3,3,7,50.0,292.6039941708131
2018-06-25,3,3,7,50.0,287.26603571293805
2018-06-26,3,3,7,50.0,285.62599313790554
2018-06-27,2,4,7,33.33333333333333,279.8128757901023
2018-06-28,1,5,7,16.666666666666664,276.1450998047003
2018-06-29,4,2,7,66.66666666666666,290.1487768290155
2018-07-02,3,3,7,50.0,282.77252189876924
2018-07-03,3,3,7,50.0,283.63014687655743
2018-07-04,4,2,7,66.66666666666666,287.80043121559646
2018-07-05,2,4,7,33.33333333333333,284.81470188727604
2018-07-06,1,5,7,16.666666666666664,281.5806278141175
2018-07-09,2,4,7,33.33333333333333,283.8166697414818
2018-07-10,2,4,7,33.33333333333333,282.9020923538361
2018-07-11,2,4,7,33.33333333333333,282.6945411778904
2018-07-12,2,4,7,33.33333333333333,280.2096120748633
2018-07-13,2,4,7,33.33333333333333,279.39222453832247
2018-07-16,2,4,7,33.33333333333333,274.77293610708654
2018-07-17,2,4,7,33.33333333333333,274.68359363534785
2018-07-18,1,5,7,16.666666666666664,272.8580146205678
2018-07-19,1,5,7,16.666666666666664,270.80306349761736
2018-07-20,1,5,7,16.666666666666664,269.60389796932685
2018-07-23,1,5,7,16.666666666666664,276.59513092995786
2018-07-24,1,5,7,16.666666666666664,276.31699534222304
2018-07-25,2,4,7,33.33333333333333,276.32915444947804
2018-07-26,1,5,7,16.666666666666664,275.9007592313893
2018-07-27,1,5,7,16.666666666666664,276.59990415139794
2018-07-30,3,3,7,50.0,280.6165032026929
2018-07-31,3,3,7,50.0,280.7127463235936
2018-08-01,1,5,7,16.666666666666664,278.43709582379876
2018-08-02,1,5,7,16.666666666666664,280.2178607714798
2018-08-03,1,5,7,16.666666666666664,281.8987656926464
2018-08-06,1,5,7,16.666666666666664,279.73147296655003
2018-08-07,1,5,7,16.666666666666664,275.0482056592307
2018-08-08,2,4,7,33.33333333333333,277.6096728921357
2018-08-09,2,4,7,33.33333333333333,277.37065766114017
2018-08-10,2,4,7,33.33333333333333,272.536720861199
2018-08-13,2,4,7,33.33333333333333,271.88360779785154
2018-08-14,2,4,7,33.33333333333333,269.7120019648984
2018-08-16,2,4,7,33.33333333333333,263.5053975022272
2018-08-17,2,4,7,33.33333333333333,267.00574388777665
2018-08-20,2,4,7,33.33333333333333,265.59608689971503
2018-08-21,2,4,7,33.33333333333333,265.682375391434
2018-08-23,2,4,7,33.33333333333333,262.857644383765
2018-08-24,2,4,7,33.33333333333333,261.7065363608666
2018-08-27,2,4,7,33.33333333333333,260.97596418888287
2018-08-28,2,4,7,33.33333333333333,260.8821849062919
2018-08-29,2,4,7,33.33333333333333,261.35890695299975
2018-08-30,3,3,7,50.0,262.2895861202903
2018-08-31,3,3,7,50.0,263.5243657025688
2018-09-03,3,3,7,50.0,263.24410599517637
2018-09-04,2,4,7,33.33333333333333,258.7798392479109
2018-09-05,1,5,7,16.666666666666664,254.75331281846718
2018-09-06,1,5,7,16.666666666666664,255.99376787643558
2018-09-07,1,5,7,16.666666666666664,257.69783674353016
2018-09-10,1,5,7,16.666666666666664,255.3870897416058
2018-09-11,1,5,7,16.666666666666664,256.48683673958556
2018-09-12,0,6,7,0.0,253.6941638798508
2018-09-14,1,5,7,16.666666666666664,253.90701859773318
2018-09-17,1,5,7,16.666666666666664,256.6398904484972
2018-09-18,0,6,7,0.0,253.1419459568926
2018-09-19,0,6,7,0.0,249.7717701158162
2018-09-21,0,6,7,0.0,243.59583170592524
2018-09-24,0,6,7,0.0,238.628136651101
2018-09-25,0,6,7,0.0,237.37309994236506
2018-09-26,0,6,7,0.0,233.2157426882923
2018-09-27,0,6,7,0.0,234.12453345302796
2018-09-28,1,5,7,16.666666666666664,229.04720635909928
2018-10-01,0,6,7,0.0,226.22177917347238
2018-10-03,0,6,7,0.0,230.8997046457732
2018-10-04,0,6,7,0.0,230.3298980419445
2018-10-05,0,6,7,0.0,226.3296160295093
2018-10-08,0,6,7,0.0,220.90793222990527
2018-10-09,0,6,7,0.0,218.93940204545618
2018-10-10,0,6,7,0.0,221.87707989736555
2018-10-11,0,6,7,0.0,220.50993858213624
2018-10-12,0,6,7,0.0,225.15843094627837
2018-10-15,0,6,7,0.0,226.44589724184976
2018-10-16,0,6,7,0.0,231.69873168884885
2018-10-17,0,6,7,0.0,226.92892342000044
2018-10-19,0,6,7,0.0,224.79131074944752
2018-10-22,0,6,7,0.0,232.5806783560378
2018-10-23,0,6,7,0.0,229.02288537626583
2018-10-24,0,6,7,0.0,227.52732622825235
2018-10-25,0,6,7,0.0,224.917060624
2018-10-26,0,6,7,0.0,226.1796701405944
2018-10-29,0,6,7,0.0,229.11076917580448
2018-10-30,0,6,7,0.0,229.90638668182442
2018-10-31,0,6,7,0.0,230.42003230924593
2018-11-01,0,6,7,0.0,232.45288557820692
2018-11-02,0,6,7,0.0,231.0543344994428
2018-11-05,0,6,7,0.0,231.01679948680243
2018-11-06,1,5,7,16.666666666666664,230.81537611027704
2018-11-07,1,5,7,16.666666666666664,234.02042092805982
2018-11-09,1,5,7,16.666666666666664,234.70060858239688
2018-11-12,0,6,7,0.0,232.38845135979008
2018-11-13,0,6,7,0.0,231.96960288595469
2018-11-14,0,7,7,0.0,231.33388045909035
2018-11-15,0,7,7,0.0,229.67490378820094
2018-11-16,1,6,7,14.285714285714285,231.54276604862392
2018-11-19,1,6,7,14.285714285714285,231.73348388230127
2018-11-20,2,5,7,28.57142857142857,231.97200685082473
2018-11-21,1,6,7,14.285714285714285,231.26294888871456
2018-11-22,3,4,7,42.857142857142854,236.95951753395735
2018-11-26,3,4,7,42.857142857142854,237.86548639201487
2018-11-27,3,4,7,42.857142857142854,241.5336987099043
2018-11-28,2,5,7,28.57142857142857,239.57492325855907
2018-11-29,2,5,7,28.57142857142857,242.40804383458158
2018-11-30,2,5,7,28.57142857142857,243.06616441374925
2018-12-03,2,5,7,28.57142857142857,242.7971588318987
2018-12-04,2,5,7,28.57142857142857,243.32986180407192
2018-12-05,2,5,7,28.57142857142857,242.7044484726888
2018-12-06,2,5,7,28.57142857142857,238.54999245814358
2018-12-07,2,5,7,28.57142857142857,239.0663990921277
2018-12-10,2,5,7,28.57142857142857,233.1204456577598
2018-12-11,2,5,7,28.57142857142857,237.95680279046297
2018-12-12,2,5,7,28.57142857142857,245.38236498243594
2018-12-13,2,5,7,28.57142857142857,245.28174563889257
2018-12-14,3,4,7,42.857142857142854,247.37320928102795
2018-12-17,3,4,7,42.857142857142854,248.7901372559715
2018-12-18,4,3,7,57.14285714285714,249.87392634197317
2018-12-19,2,5,7,28.57142857142857,249.45063504373098
2018-12-20,2,5,7,28.57142857142857,246.6743917398143
2018-12-21,2,5,7,28.57142857142857,244.90869908548345
2018-12-24,2,5,7,28.57142857142857,241.9963793453789
2018-12-26,2,5,7,28.57142857142857,241.5647801024667
2018-12-27,3,4,7,42.857142857142854,243.38691882761884
2018-12-28,4,3,7,57.14285714285714,249.50545224998396
2018-12-31,4,3,7,57.14285714285714,248.12953218148914
2019-01-01,4,3,7,57.14285714285714,250.7249732265727
2019-01-02,3,4,7,42.857142857142854,244.62463287230477
2019-01-03,3,4,7,42.857142857142854,242.20519652882598
2019-01-04,3,4,7,42.857142857142854,240.78932706860425
2019-01-07,3,4,7,42.857142857142854,241.60626592660788
2019-01-08,3,4,7,42.857142857142854,240.4276311872228
2019-01-09,3,4,7,42.857142857142854,241.10625929194956
2019-01-10,3,4,7,42.857142857142854,241.1595782498515
2019-01-11,3,4,7,42.857142857142854,241.8020214404089
2019-01-14,3,4,7,42.857142857142854,240.26084282855174
2019-01-15,2,5,7,28.57142857142857,237.92325334957818
2019-01-16,3,4,7,42.857142857142854,238.06901891217467
2019-01-17,3,4,7,42.857142857142854,237.9901486161311
2019-01-18,3,4,7,42.857142857142854,235.73554956665865
2019-01-21,3,4,7,42.857142857142854,235.36822194382393
2019-01-22,3,4,7,42.857142857142854,234.0950736139326
2019-01-23,3,4,7,42.857142857142854,235.11546892521605
2019-01-24,2,5,7,28.57142857142857,229.37110230870354
2019-01-25,1,6,7,14.285714285714285,225.70835788508097
2019-01-28,2,5,7,28.57142857142857,222.35151786898717
2019-01-29,1,6,7,14.285714285714285,221.1003125682642
2019-01-30,1,6,7,14.285714285714285,221.88191364764114
2019-01-31,2,5,7,28.57142857142857,227.42637281219334
2019-02-01,2,5,7,28.57142857142857,223.61856487755713
2019-02-04,2,5,7,28.57142857142857,220.12600187223973
2019-02-05,2,5,7,28.57142857142857,217.42070869937916
2019-02-06,2,5,7,28.57142857142857,218.19062705453507
2019-02-07,2,5,8,28.57142857142857,215.92422223417552
2019-02-08,2,5,8,28.57142857142857,214.35237775511231
2019-02-11,2,5,8,28.57142857142857,213.71555303954977
2019-02-12,2,5,8,28.57142857142857,212.79919168204583
2019-02-13,3,4,8,42.857142857142854,215.225553134634
2019-02-14,2,5,8,28.57142857142857,211.38229711456668
2019-02-15,2,5,8,28.57142857142857,210.92357465572124
2019-02-18,3,4,8,42.857142857142854,209.30345943848744
2019-02-19,3,4,8,42.857142857142854,209.48090564819495
2019-02-20,3,4,8,42.857142857142854,210.007324406445
2019-02-21,3,4,8,42.857142857142854,211.54871544252586
2019-02-22,3,4,8,42.857142857142854,214.51146087051197
2019-02-25,3,4,8,42.857142857142854,217.44815994402938
2019-02-26,3,4,8,42.857142857142854,214.94805369288864
2019-02-27,3,4,8,42.857142857142854,214.0252253864016
2019-02-28,3,4,8,42.857142857142854,213.70511746730747
2019-03-01,3,4,8,42.857142857142854,213.7786183359168
2019-03-05,4,3,8,57.14285714285714,217.8343062582616
2019-03-06,4,3,8,57.14285714285714,221.10001937409987
2019-03-07,4,3,8,57.14285714285714,222.2884104671329
2019-03-08,5,2,8,71.42857142857143,227.19611732476412
2019-03-11,4,3,8,57.14285714285714,231.41194846709178
2019-03-12,6,1,8,85.71428571428571,236.71173217063824
2019-03-13,6,1,8,85.71428571428571,245.39347142111478
2019-03-14,6,1,8,85.71428571428571,246.92680569694386
2019-03-15,6,1,8,85.71428571428571,246.6416614067802
2019-03-18,6,1,8,85.71428571428571,247.71659749521825
2019-03-19,6,1,8,85.71428571428571,248.96804347898006
2019-03-20,6,1,8,85.71428571428571,244.4859634214124
2019-03-22,6,1,8,85.71428571428571,240.31851896001166
2019-03-25,5,2,8,71.42857142857143,237.01092414591062
2019-03-26,6,1,8,85.71428571428571,242.17465304622556
2019-03-27,6,1,8,85.71428571428571,243.65832419216943
2019-03-28,6,1,8,85.71428571428571,245.33731890218618
2019-03-29,6,1,8,85.71428571428571,245.86691781007502
2019-04-01,6,1,8,85.71428571428571,246.9943036096561
2019-04-02,6,1,8,85.71428571428571,250.37761698903162
2019-04-03,6,1,8,85.71428571428571,246.5850167980586
2019-04-04,6,1,8,85.71428571428571,244.2443957630474
2019-04-05,6,1,8,85.71428571428571,243.11709804382767
2019-04-08,6,1,8,85.71428571428571,242.8086664037047
2019-04-09,5,2,8,71.42857142857143,238.53029865981372
2019-04-10,6,1,8,85.71428571428571,239.8498290739149
2019-04-11,6,1,8,85.71428571428571,238.61135552809873
2019-04-12,6,1,8,85.71428571428571,239.30963414870686
2019-04-15,6,1,8,85.71428571428571,241.2453224534293
2019-04-16,6,1,8,85.71428571428571,242.4753065365791
2019-04-18,6,1,8,85.71428571428571,241.82767937369616
2019-04-22,6,1,8,85.71428571428571,239.96513422905576
2019-04-23,6,1,8,85.71428571428571,238.93883793585852
2019-04-24,6,1,8,85.71428571428571,240.65386401443482
2019-04-25,6,1,8,85.71428571428571,240.48902297749183
2019-04-26,6,1,8,85.71428571428571,239.26541031846398
2019-04-30,6,1,8,85.71428571428571,237.40128114522147
2019-05-02,6,1,8,85.71428571428571,236.63506113412285
2019-05-03,6,1,8,85.71428571428571,237.5820360903119
2019-05-06,5,2,8,71.42857142857143,235.9983230189525
2019-05-07,5,2,8,71.42857142857143,234.3710387447886
2019-05-08,4,3,8,57.14285714285714,229.52445012368966
2019-05-09,4,3,8,57.14285714285714,227.55261447741324
2019-05-10,2,5,8,28.57142857142857,226.48540854215128
2019-05-13,2,5,8,28.57142857142857,220.99127003945705
2019-05-14,2,5,8,28.57142857142857,221.45306667827592
2019-05-15,2,5,8,28.57142857142857,221.17065101857128
2019-05-16,3,4,8,42.857142857142854,221.1794973429923
2019-05-17,2,5,8,28.57142857142857,221.91278519106766
2019-05-20,3,4,8,42.857142857142854,227.14924400665785
2019-05-21,3,4,8,42.857142857142854,225.6911452206811
2019-05-22,2,5,8,28.57142857142857,224.5145032390382
2019-05-23,2,5,8,28.57142857142857,224.19073217654457
2019-05-24,4,3,8,57.14285714285714,228.1761157392856
2019-05-27,4,3,8,57.14285714285714,232.50711109226881
2019-05-28,5,2,8,71.42857142857143,234.66455608761092
2019-05-29,6,1,8,85.71428571428571,232.58280870379312
2019-05-30,6,1,8,85.71428571428571,231.57332126283544
2019-05-31,6,1,8,85.71428571428571,231.96903044279372
2019-06-03,4,3,8,57.14285714285714,228.12677182764833
2019-06-04,4,3,8,57.14285714285714,225.5584224481101
2019-06-06,4,3,8,57.14285714285714,221.70091094820017
2019-06-07,3,4,8,42.857142857142854,219.64300688931692
2019-06-10,3,4,8,42.857142857142854,219.0233472682238
2019-06-11,3,4,8,42.857142857142854,220.4862707451346
2019-06-12,3,4,8,42.857142857142854,220.53288894817013
2019-06-13,3,4,8,42.857142857142854,218.0959350017696
2019-06-14,3,4,8,42.857142857142854,217.31090903816974
2019-06-17,3,4,8,42.857142857142854,215.82844333463797
2019-06-18,3,4,8,42.857142857142854,215.15545750448092
2019-06-19,2,5,8,28.57142857142857,212.33149383654793
2019-06-20,2,5,8,28.57142857142857,214.59853931489863
2019-06-21,2,5,8,28.57142857142857,214.3116138037187
2019-06-24,2,5,8,28.57142857142857,214.39340802223396
2019-06-25,3,4,8,42.857142857142854,216.34688377441802
2019-06-26,3,4,8,42.857142857142854,219.32208331103112
2019-06-27,3,4,8,42.857142857142854,218.95809722123084
2019-06-28,4,3,8,57.14285714285714,220.88214515819283
2019-07-01,4,3,8,57.14285714285714,220.06938393075154
2019-07-02,3,4,8,42.857142857142854,219.97009220636238
2019-07-03,3,4,8,42.857142857142854,220.64335798647113
2019-07-04,4,3,8,57.14285714285714,220.1575942828952
2019-07-05,3,4,8,42.857142857142854,218.17729113881774
2019-07-08,3,4,8,42.857142857142854,216.03662719963293
2019-07-09,3,4,8,42.857142857142854,215.75169784519034
2019-07-10,2,5,8,28.57142857142857,213.51284791254818
2019-07-11,2,5,8,28.57142857142857,214.22572973666072
2019-07-12,2,5,8,28.57142857142857,213.79349966277636
2019-07-15,2,5,8,28.57142857142857,212.613521550208
2019-07-16,2,5,8,28.57142857142857,211.508325904997
2019-07-17,3,4,8,42.857142857142854,212.73289939447437
2019-07-18,3,4,8,42.857142857142854,212.63042638819795
2019-07-19,3,4,8,42.857142857142854,212.14859097900577
2019-07-22,2,5,8,28.57142857142857,211.72309455595877
2019-07-23,2,5,8,28.57142857142857,209.6337430257934
2019-07-24,2,5,8,28.57142857142857,206.54535395920982
2019-07-25,1,6,8,14.285714285714285,204.15184352728812
2019-07-26,2,5,8,28.57142857142857,204.3375648638118
2019-07-29,1,6,8,14.285714285714285,200.44762397024095
2019-07-30,1,6,8,14.285714285714285,198.61621202969656
2019-07-31,1,6,8,14.285714285714285,198.17484945524097
2019-08-01,0,7,8,0.0,195.033032608775
2019-08-02,0,7,8,0.0,193.36866575308983
2019-08-05,0,7,8,0.0,192.7344541216201
2019-08-06,0,7,8,0.0,195.88629005313953
2019-08-07,0,7,8,0.0,198.24057167146842
2019-08-08,0,7,8,0.0,199.36578891310302
2019-08-09,0,7,8,0.0,199.440240164235
2019-08-13,0,7,8,0.0,191.31700746995858
2019-08-14,0,7,8,0.0,190.34882186730775
2019-08-16,0,7,8,0.0,189.43380884412403
2019-08-19,0,7,8,0.0,189.73867520217163
2019-08-20,0,7,8,0.0,187.30670877240772
2019-08-21,0,7,8,0.0,186.69721626142345
2019-08-22,0,7,8,0.0,183.49021908232567
2019-08-23,0,7,8,0.0,187.37365852867413
2019-08-26,0,7,8,0.0,188.01618448925856
2019-08-27,0,7,8,0.0,189.804524712917
2019-08-28,0,7,8,0.0,190.1006605684761
2019-08-29,0,7,8,0.0,186.3818321437123
2019-08-30,0,7,8,0.0,186.62563114554075
2019-09-03,0,7,8,0.0,185.06177209551683
2019-09-04,0,7,8,0.0,183.3388080421347
2019-09-05,0,7,8,0.0,185.7615988770423
2019-09-06,1,6,8,14.285714285714285,189.69586293616732
2019-09-09,0,7,8,0.0,194.5199167229488
2019-09-11,0,7,8,0.0,199.54915051546462
2019-09-12,0,7,8,0.0,201.58521088805833
2019-09-13,1,6,8,14.285714285714285,202.08513208699947
2019-09-16,1,6,8,14.285714285714285,205.63292800734865
2019-09-17,1,6,8,14.285714285714285,201.0116393890697
2019-09-18,1,6,8,14.285714285714285,204.109471255805
2019-09-19,1,7,8,12.5,202.6297110344828
2019-09-20,2,6,8,25.0,208.5590559541012
2019-09-23,5,3,8,62.5,224.69456919913475
2019-09-24,5,3,8,62.5,221.06274795086
2019-09-25,3,5,8,37.5,219.2925369497035
2019-09-26,3,5,8,37.5,217.81831779153174
2019-09-27,3,5,8,37.5,215.7724051294733
2019-10-01,3,5,8,37.5,215.7724051294733
2019-10-03,2,6,8,25.0,212.72153769446135
2019-10-04,1,7,8,12.5,209.49778090896308
2019-10-07,2,6,8,25.0,205.79562324086874
2019-10-09,2,6,8,25.0,205.13850151432084
2019-10-10,2,6,8,25.0,205.49213923759325
2019-10-11,1,7,8,12.5,204.12426007697198
2019-10-14,2,6,8,25.0,205.4587968065554
2019-10-15,1,7,8,12.5,204.49068478240204
2019-10-16,1,7,8,12.5,205.4751996461748
2019-10-17,1,7,8,12.5,206.12568997244605
2019-10-18,3,5,8,37.5,210.91056378480286
2019-10-22,2,6,8,25.0,212.0398613732214
2019-10-23,2,6,8,25.0,210.13997308368198
2019-10-24,2,6,8,25.0,212.18122031550672
2019-10-25,2,6,8,25.0,210.384568365546
2019-10-27,2,6,8,25.0,210.31031819578953
2019-10-29,2,6,8,25.0,209.1249665970109
2019-10-30,2,6,8,25.0,209.40738858535778
2019-10-31,2,6,8,25.0,210.0106590085816
2019-11-01,3,5,8,37.5,213.75446126527234
2019-11-04,3,5,8,37.5,215.01570356519656
2019-11-05,3,5,8,37.5,215.39285507379194
2019-11-06,3,5,8,37.5,215.9094647488848
2019-11-07,3,5,8,37.5,212.77295681264792
2019-11-08,3,5,8,37.5,212.29805379287487
2019-11-11,3,5,8,37.5,212.04450583428064
2019-11-13,2,6,8,25.0,211.33931649260361
2019-11-14,2,6,8,25.0,208.25542137212437
2019-11-15,2,6,8,25.0,206.19390228480245
2019-11-18,2,6,8,25.0,208.58595638949376
2019-11-19,3,5,8,37.5,208.38073305892718
2019-11-20,2,6,8,25.0,207.7488370450944
2019-11-21,2,6,8,25.0,207.8325968991204
2019-11-22,2,6,8,25.0,207.56950049847939
2019-11-25,2,6,8,25.0,209.00799375646164
2019-11-26,2,6,8,25.0,207.7944721836998
2019-11-27,2,6,8,25.0,209.17139260707125
2019-11-28,2,6,8,25.0,208.02964834925825
2019-11-29,2,6,8,25.0,210.62916778731662
2019-12-02,2,6,8,25.0,207.1208111577568
2019-12-03,2,6,8,25.0,209.07415619269938
2019-12-04,2,6,8,25.0,209.44990224795083
2019-12-05,2,6,8,25.0,207.90437623018664
2019-12-06,2,6,8,25.0,207.97891516509915
2019-12-09,2,6,8,25.0,205.29750120396187
2019-12-10,1,7,8,12.5,203.0190242610358
2019-12-11,1,7,8,12.5,200.09761467747157
2019-12-12,1,7,8,12.5,201.15097640048435
2019-12-13,1,7,8,12.5,202.901846451538
2019-12-16,1,7,8,12.5,201.29179290961397
2019-12-17,2,6,8,25.0,203.71849593889007
2019-12-18,1,7,8,12.5,201.89989819344422
2019-12-19,1,7,8,12.5,202.6024092319409
2019-12-20,2,6,8,25.0,203.7845296284816
2019-12-23,2,6,8,25.0,203.7014585004833
2019-12-24,2,6,8,25.0,205.94276318572557
2019-12-26,2,6,8,25.0,203.59526846697995
2019-12-27,2,6,8,25.0,207.3479711387333
2019-12-30,2,6,8,25.0,206.6016463365409
2019-12-31,2,6,8,25.0,207.32163176183525
2020-01-01,2,6,8,25.0,207.29461700317376
2020-01-02,3,5,8,37.5,211.7187881615099
2020-01-03,2,6,8,25.0,210.10345412492975
2020-01-06,1,7,8,12.5,203.83675097358224
2020-01-07,2,6,8,25.0,205.8179862342356
2020-01-08,1,7,9,12.5,202.9806611219937
2020-01-09,2,6,9,25.0,206.8312590550089
2020-01-10,2,6,9,25.0,206.4236212122396
2020-01-13,3,5,9,37.5,208.67517121034857
2020-01-14,3,5,9,37.5,207.83940186055054
2020-01-15,3,5,9,37.5,209.85229086365865
2020-01-16,3,5,9,37.5,212.77439890919604
2020-01-17,3,5,9,37.5,213.13411921073384
2020-01-20,3,5,9,37.5,211.28243756091513
2020-01-21,3,5,9,37.5,210.45706507464357
2020-01-22,3,5,9,37.5,211.14807343908524
2020-01-23,3,5,9,37.5,209.54775807405045
2020-01-24,3,5,9,37.5,211.18165384602298
2020-01-27,3,5,9,37.5,210.00266677333795
2020-01-28,3,5,9,37.5,208.2703018035426
2020-01-29,3,5,9,37.5,209.10285030647904
2020-01-30,3,5,9,37.5,206.4929649801508
2020-01-31,3,5,9,37.5,205.9359110612852
2020-02-01,1,7,9,12.5,198.42384849938603
2020-02-03,1,7,9,12.5,197.83499868425776
2020-02-04,3,5,9,37.5,200.76181245593082
2020-02-05,1,7,9,12.5,200.0218972428528
2020-02-06,2,6,9,25.0,201.27691571652693
2020-02-07,2,6,9,25.0,201.10567491434813
2020-02-10,3,5,9,37.5,204.05171152285786
2020-02-11,3,5,9,37.5,206.37827304386906
2020-02-12,3,5,9,37.5,201.29251234800648
2020-02-13,3,5,9,37.5,199.4817421300376
2020-02-14,3,5,9,37.5,198.98624972918174
2020-02-17,3,5,9,37.5,197.0986047894354
2020-02-18,3,5,9,37.5,192.28837296159233
2020-02-19,3,5,9,37.5,193.77634411198525
2020-02-20,4,4,9,50.0,193.88975447730502
2020-02-24,2,6,9,25.0,189.8567341638614
2020-02-25,1,7,9,12.5,188.05930197774956
2020-02-26,0,8,9,0.0,184.77464361008018
2020-02-27,0,8,9,0.0,182.76049066762658
2020-02-28,0,8,9,0.0,178.22197599465093
2020-03-02,0,8,9,0.0,176.68327582100488
2020-03-03,1,7,9,12.5,175.87636320155298
2020-03-04,0,8,9,0.0,168.80147651980937
2020-03-05,0,8,9,0.0,167.4663581813912
2020-03-06,0,8,9,0.0,161.76202559356258
2020-03-09,0,8,9,0.0,154.09536289438876
2020-03-11,0,8,9,0.0,155.63429999443633
2020-03-12,0,8,9,0.0,138.8721391581097
2020-03-13,0,8,9,0.0,138.57349258898165
2020-03-16,0,8,9,0.0,136.6063359423941
2020-03-17,0,8,9,0.0,131.98447702889288
2020-03-18,0,8,9,0.0,122.03828841883279
2020-03-19,0,8,9,0.0,114.94426037596277
2020-03-20,0,8,9,0.0,119.5638457209963
2020-03-23,0,8,9,0.0,106.07163876871162
2020-03-24,0,8,9,0.0,103.69752742129492
2020-03-25,0,8,9,0.0,105.16955661934892
2020-03-26,0,8,9,0.0,111.0704908950261
2020-03-27,0,8,9,0.0,110.47153557228326
2020-03-30,0,8,9,0.0,108.19502853199907
2020-03-31,0,8,9,0.0,109.16059840563861
2020-04-01,0,8,9,0.0,108.94878167127627
2020-04-03,0,8,9,0.0,107.11794293679189
2020-04-07,0,8,9,0.0,107.34724662328235
2020-04-08,0,8,9,0.0,109.67530929390597
2020-04-09,0,8,9,0.0,110.89200822727814
2020-04-13,0,8,9,0.0,110.01304718987382
2020-04-15,0,8,9,0.0,113.39927421343103
2020-04-16,0,8,9,0.0,114.93413928845244
2020-04-17,0,8,9,0.0,117.00506890091029
2020-04-20,0,8,9,0.0,118.02450242192761
2020-04-21,0,8,9,0.0,113.59752915921632
2020-04-22,0,8,9,0.0,113.21590682186515
2020-04-23,0,8,9,0.0,117.13054972187393
2020-04-24,0,8,9,0.0,113.10338364384525
2020-04-27,0,8,9,0.0,112.3864153510781
2020-04-28,0,8,9,0.0,111.0377499812484
2020-04-29,0,8,9,0.0,111.04255182914076
2020-04-30,0,8,9,0.0,111.36424724541445
2020-05-04,0,8,9,0.0,108.17055268946885
2020-05-05,0,8,9,0.0,106.52690510005749
2020-05-06,0,8,9,0.0,105.25184131108118
2020-05-07,0,8,9,0.0,104.41264164307678
2020-05-08,0,8,9,0.0,103.48764847595122
2020-05-11,0,8,9,0.0,103.76107180864472
2020-05-12,0,8,9,0.0,103.99359610097245
2020-05-13,0,8,9,0.0,107.73934166987797
2020-05-14,0,8,9,0.0,104.46406100917964
2020-05-15,0,8,9,0.0,106.37825412283945
2020-05-18,0,8,9,0.0,98.93188582823896
2020-05-19,0,8,9,0.0,98.43528699412173
2020-05-20,0,8,9,0.0,97.45292860297756
2020-05-21,0,8,9,0.0,102.55236465476467
2020-05-22,0,8,9,0.0,102.19801988723287
2020-05-26,0,8,9,0.0,101.63400282808239
2020-05-27,0,8,9,0.0,103.26986385869112
2020-05-28,0,8,9,0.0,107.49040828369631
2020-05-29,0,8,9,0.0,108.40067327029593
2020-06-01,0,8,9,0.0,116.70535246000813
2020-06-02,0,8,9,0.0,127.13581891136715
2020-06-03,0,8,9,0.0,136.04977302927207
2020-06-04,0,8,9,0.0,133.39081194755846
2020-06-05,1,7,9,12.5,141.2462598105063
2020-06-08,1,7,9,12.5,141.750954149263
2020-06-09,1,7,9,12.5,137.9013239478511
2020-06-10,1,7,9,12.5,137.40555512156735
2020-06-11,1,7,9,12.5,134.60027653328706
2020-06-12,0,8,9,0.0,133.31013052178423
2020-06-15,0,8,9,0.0,133.65097136932965
2020-06-16,0,8,9,0.0,132.42520439016104
2020-06-17,1,7,9,12.5,132.7924787702473
2020-06-18,1,7,9,12.5,132.82505880121948
2020-06-19,1,7,9,12.5,133.72494370386957
2020-06-22,1,7,9,12.5,134.67596410504206
2020-06-23,1,7,9,12.5,139.02451645873242
2020-06-24,1,7,9,12.5,136.3177824850286
2020-06-25,1,7,9,12.5,134.3074141876503
2020-06-26,1,7,9,12.5,133.93728061369941
2020-06-29,1,7,9,12.5,130.73997975467014
2020-06-30,1,7,9,12.5,128.60031352100486
2020-07-01,1,7,9,12.5,133.16274866734238
2020-07-02,1,7,9,12.5,135.48295889213415
2020-07-03,1,7,9,12.5,134.2833290055038
2020-07-06,0,8,9,0.0,135.42977490957315
2020-07-07,2,6,9,25.0,142.17585345947313
2020-07-08,2,6,9,25.0,141.59057455914265
2020-07-09,1,7,9,12.5,139.801186575739
2020-07-10,0,8,9,0.0,136.61900027213628
2020-07-13,1,7,9,12.5,134.41236094581527
2020-07-14,1,7,9,12.5,131.16687114388785
2020-07-15,0,8,9,0.0,130.68172291570644
2020-07-16,0,8,9,0.0,129.33791613205165
2020-07-17,0,8,9,0.0,129.6348629068714
2020-07-20,0,8,9,0.0,130.7812101472557
2020-07-21,0,8,9,0.0,131.24091432590103
2020-07-22,0,8,9,0.0,129.96897737491955
2020-07-23,0,8,9,0.0,130.3440038267202
2020-07-24,0,8,9,0.0,129.43636263171138
2020-07-27,0,8,9,0.0,127.84292513444552
2020-07-28,0,8,9,0.0,127.16554597546026
2020-07-29,0,8,9,0.0,127.85394807798546
2020-07-30,0,8,9,0.0,128.08423792445137
2020-07-31,0,8,9,0.0,128.4847946782554
2020-08-03,0,8,9,0.0,128.20732290505177
2020-08-04,0,8,9,0.0,128.29868020784735
2020-08-05,0,8,9,0.0,128.69141921712352
2020-08-06,0,8,9,0.0,129.86121397088354
2020-08-07,0,8,9,0.0,129.82982208372133
2020-08-10,0,8,9,0.0,132.0861055073228
2020-08-11,0,8,9,0.0,134.7768373647847
2020-08-12,0,8,9,0.0,139.49947973794437
2020-08-13,3,6,9,33.33333333333333,150.00203720165842
2020-08-14,2,7,9,22.22222222222222,145.32119990694
2020-08-17,2,7,9,22.22222222222222,143.30308815839768
2020-08-18,2,7,9,22.22222222222222,146.40067409164914
2020-08-19,2,7,9,22.22222222222222,147.5165359794063
2020-08-20,2,7,9,22.22222222222222,154.19904871604464
2020-08-21,2,7,9,22.22222222222222,155.81887239381936
2020-08-24,2,7,9,22.22222222222222,157.31283081562825
2020-08-25,2,7,9,22.22222222222222,154.69095256807648
2020-08-26,2,7,9,22.22222222222222,155.5690184433682
2020-08-27,4,5,9,44.44444444444444,156.7800727428444
2020-08-28,4,5,9,44.44444444444444,156.81133306492535
2020-08-31,2,7,9,22.22222222222222,149.88221522382105
2020-09-01,2,7,9,22.22222222222222,150.81154105597116
2020-09-02,1,8,9,11.11111111111111,150.2170278477862
2020-09-03,1,8,9,11.11111111111111,150.4447124817846
2020-09-04,1,8,9,11.11111111111111,149.11585806306127
2020-09-07,1,8,9,11.11111111111111,147.24249437096964
2020-09-08,1,8,9,11.11111111111111,144.50037956906343
2020-09-09,1,8,9,11.11111111111111,143.1258806072516
2020-09-10,2,7,9,22.22222222222222,146.46769661896604
2020-09-11,3,6,9,33.33333333333333,147.9110993066843
2020-09-14,1,8,9,11.11111111111111,150.77889931134476
2020-09-15,2,7,9,22.22222222222222,149.71412679999452
2020-09-16,2,7,9,22.22222222222222,149.40553776136244
2020-09-17,1,8,9,11.11111111111111,148.43096370757084
2020-09-18,1,8,9,11.11111111111111,147.7347020851249
2020-09-21,1,8,9,11.11111111111111,141.58545462917692
2020-09-22,1,8,9,11.11111111111111,136.51183203821589
2020-09-23,1,8,9,11.11111111111111,136.41304808934953
2020-09-24,1,8,9,11.11111111111111,134.91577068509127
2020-09-25,1,8,9,11.11111111111111,137.21613798701063
2020-09-28,1,8,9,11.11111111111111,142.43699140770266
2020-09-29,1,8,9,11.11111111111111,140.7638045315596
2020-09-30,1,8,9,11.11111111111111,141.80593595888905
2020-10-01,2,7,9,22.22222222222222,145.00598805773967
2020-10-05,2,7,9,22.22222222222222,145.43045174172556
2020-10-06,2,7,9,22.22222222222222,143.3878950273017
2020-10-07,2,7,9,22.22222222222222,141.43492147061914
2020-10-08,1,8,9,11.11111111111111,139.9722022308461
2020-10-09,1,8,9,11.11111111111111,139.88460108964557
2020-10-12,1,8,9,11.11111111111111,137.77568001950831
2020-10-13,1,8,9,11.11111111111111,137.19072632615746
2020-10-14,1,8,9,11.11111111111111,138.7045702339051
2020-10-15,1,8,9,11.11111111111111,135.71344340653494
2020-10-16,1,8,9,11.11111111111111,137.6656833669218
2020-10-19,1,8,9,11.11111111111111,138.22728825969628
2020-10-20,2,7,9,22.22222222222222,139.2660372555673
2020-10-21,2,7,9,22.22222222222222,139.2576768285448
2020-10-22,2,7,9,22.22222222222222,139.25932431732647
2020-10-23,2,7,9,22.22222222222222,141.33854137276995
2020-10-26,2,7,9,22.22222222222222,139.5657164360067
2020-10-27,1,8,9,11.11111111111111,138.88197470848084
2020-10-28,1,8,9,11.11111111111111,138.09769005781297
2020-10-29,2,7,9,22.22222222222222,137.4951454486368
2020-10-30,1,8,9,11.11111111111111,137.2497911054635
2020-11-02,1,8,9,11.11111111111111,136.0500825931562
2020-11-03,1,8,9,11.11111111111111,136.98153055862255
2020-11-04,1,8,9,11.11111111111111,136.91950182385634
2020-11-05,1,8,9,11.11111111111111,138.2893362863288
2020-11-06,2,7,9,22.22222222222222,139.40924917054133
2020-11-09,3,6,9,33.33333333333333,141.82270718058723
2020-11-10,8,1,9,88.88888888888889,150.14290473812733
2020-11-11,5,4,9,55.55555555555556,146.73528332332862
2020-11-12,7,2,9,77.77777777777779,149.22449931446138
2020-11-13,7,2,9,77.77777777777779,148.4998659634567
2020-11-14,8,1,9,88.88888888888889,150.18847986174904
2020-11-17,8,1,9,88.88888888888889,157.3100977037141
2020-11-18,8,1,9,88.88888888888889,155.05777147210728
2020-11-19,8,1,9,88.88888888888889,155.92567861469792
2020-11-20,7,2,9,77.77777777777779,153.88433954506533
2020-11-23,7,2,9,77.77777777777779,151.67378132976515
2020-11-24,7,2,9,77.77777777777779,151.97903088714176
2020-11-25,7,2,9,77.77777777777779,151.37736660448337
2020-11-26,8,1,9,88.88888888888889,154.96082479455643
2020-11-27,8,1,9,88.88888888888889,156.52885054380857
2020-12-01,8,1,9,88.88888888888889,160.63362869153067
2020-12-02,8,1,9,88.88888888888889,165.61728837480695
2020-12-03,9,0,9,100.0,173.0414840851909
2020-12-04,9,0,9,100.0,176.60608006753583
2020-12-07,9,0,9,100.0,184.9374171006222
2020-12-08,9,0,9,100.0,184.78479140593245
2020-12-09,9,0,9,100.0,184.97576804998496
2020-12-10,9,0,9,100.0,181.53991449874735
2020-12-11,9,0,9,100.0,184.4340859960872
2020-12-14,9,0,9,100.0,189.44605604529653
2020-12-15,9,0,9,100.0,187.98267783264865
2020-12-16,9,0,9,100.0,188.19544871327486
2020-12-17,9,0,9,100.0,186.59291723935203
2020-12-18,9,0,9,100.0,182.6485625656518
2020-12-21,8,1,9,88.88888888888889,171.03917347534968
2020-12-22,8,1,9,88.88888888888889,168.49646137713142
2020-12-23,8,1,9,88.88888888888889,175.42468538116245
2020-12-24,8,1,9,88.88888888888889,174.33975879996066
2020-12-28,9,0,9,100.0,174.6200873563766
2020-12-29,8,1,9,88.88888888888889,174.0688940652883
2020-12-30,8,1,9,88.88888888888889,174.57797777200417
2020-12-31,8,1,9,88.88888888888889,175.10870640329406
2021-01-01,9,0,9,100.0,181.31162186567315
2021-01-04,9,0,9,100.0,186.12590504477464
2021-01-05,9,0,9,100.0,185.3349190742485
2021-01-06,9,0,9,100.0,189.4177817214543
2021-01-07,9,0,9,100.0,193.3939334029053
2021-01-08,9,0,9,100.0,190.71980507628115
2021-01-11,9,0,9,100.0,189.23643997562147
2021-01-12,9,0,9,100.0,187.61726609636258
2021-01-13,9,0,9,100.0,187.17331010698993
2021-01-14,9,0,9,100.0,187.6421591890052
2021-01-15,9,0,9,100.0,186.40251161865055
2021-01-18,8,1,9,88.88888888888889,182.25803617454358
2021-01-19,8,1,9,88.88888888888889,182.47364081636738
2021-01-20,8,1,9,88.88888888888889,183.5028133202569
2021-01-21,8,1,9,88.88888888888889,182.3479529083166
2021-01-22,8,1,9,88.88888888888889,179.92098996334082
2021-01-25,8,1,9,88.88888888888889,179.13632424079714
2021-01-27,8,1,9,88.88888888888889,175.85416051414353
2021-01-28,8,1,9,88.88888888888889,179.01327256152365
2021-01-29,8,1,9,88.88888888888889,178.9160658392065
2021-02-01,8,1,9,88.88888888888889,179.47817102039338
2021-02-02,8,1,9,88.88888888888889,180.44909178969627
2021-02-03,8,1,9,88.88888888888889,181.23081090735516
2021-02-04,8,1,9,88.88888888888889,181.40018465026233
2021-02-05,8,1,9,88.88888888888889,183.21408705472422
2021-02-08,8,1,9,88.88888888888889,184.32460115702125
2021-02-09,8,1,9,88.88888888888889,182.68353126005107
2021-02-10,8,1,9,88.88888888888889,181.92761145667146
2021-02-11,8,1,9,88.88888888888889,181.63229394863544
2021-02-12,8,1,9,88.88888888888889,183.5160009902256
2021-02-15,8,1,9,88.88888888888889,184.03844921469954
2021-02-16,8,1,9,88.88888888888889,182.09368094516782
2021-02-17,8,1,9,88.88888888888889,179.8168980743157
2021-02-18,8,1,9,88.88888888888889,180.4880094184519
2021-02-19,8,1,9,88.88888888888889,178.16443205420876
2021-02-22,8,1,9,88.88888888888889,176.21806473146484
2021-02-23,8,1,9,88.88888888888889,176.0560335660046
2021-02-24,8,1,9,88.88888888888889,177.1256671030073
2021-02-25,8,1,9,88.88888888888889,177.4300955215094
2021-02-26,8,1,9,88.88888888888889,176.62533976610445
2021-03-01,8,1,9,88.88888888888889,178.75245694780938
2021-03-02,8,1,9,88.88888888888889,179.55396437221293
2021-03-03,8,1,9,88.88888888888889,184.59558431478135
2021-03-04,8,1,9,88.88888888888889,193.59926410964098
2021-03-05,8,1,9,88.88888888888889,192.0698121398387
2021-03-08,8,1,9,88.88888888888889,194.11451839684634
2021-03-09,8,1,9,88.88888888888889,190.95718758907404
2021-03-10,8,1,9,88.88888888888889,190.98542698451368
2021-03-12,8,1,9,88.88888888888889,187.92614507114695
2021-03-15,8,1,9,88.88888888888889,185.5115150897601
2021-03-16,8,1,9,88.88888888888889,184.03120306849735
2021-03-17,8,1,9,88.88888888888889,181.55415438423674
2021-03-18,8,1,9,88.88888888888889,176.942223530586
2021-03-19,8,1,9,88.88888888888889,175.02321236003542
2021-03-22,8,1,9,88.88888888888889,175.88271147785645
2021-03-23,8,1,9,88.88888888888889,176.1191589976764
2021-03-24,8,1,9,88.88888888888889,172.850481021881
2021-03-25,6,3,9,66.66666666666666,166.8598336872247
2021-03-26,6,3,9,66.66666666666666,167.91739153344258
2021-03-30,5,4,9,55.55555555555556,164.96692638376615
2021-03-31,7,2,9,77.77777777777779,166.47874062514217
2021-04-01,7,2,9,77.77777777777779,172.06668247916414
2021-04-05,6,3,9,66.66666666666666,167.3050244655696
2021-04-06,7,2,9,77.77777777777779,167.51367545524317
2021-04-07,7,2,9,77.77777777777779,168.6983272050923
2021-04-08,7,2,9,77.77777777777779,171.39432001063918
2021-04-09,7,2,9,77.77777777777779,170.97143459776538
2021-04-12,5,4,9,55.55555555555556,159.89333703416608
2021-04-13,5,4,9,55.55555555555556,161.1055134412842
2021-04-15,5,4,9,55.55555555555556,157.85416166892117
2021-04-16,5,4,9,55.55555555555556,156.94058347479728
2021-04-19,2,7,9,22.22222222222222,152.46210701441657
2021-04-20,2,7,9,22.22222222222222,153.90209430618765
2021-04-22,3,6,9,33.33333333333333,156.22489635050363
2021-04-23,4,5,9,44.44444444444444,159.4883643050326
2021-04-26,7,2,9,77.77777777777779,166.86224009348166
2021-04-27,7,2,9,77.77777777777779,169.9462005229296
2021-04-28,7,2,9,77.77777777777779,169.014335750531
2021-04-29,7,2,9,77.77777777777779,166.61378522906543
2021-04-30,7,2,9,77.77777777777779,166.36185443963063
2021-05-03,7,2,9,77.77777777777779,165.63497613113196
2021-05-04,7,2,9,77.77777777777779,168.16476508755326
2021-05-05,7,2,9,77.77777777777779,169.13097624295693
2021-05-06,7,2,9,77.77777777777779,168.4902806416624
2021-05-07,7,2,9,77.77777777777779,168.35608404911028
2021-05-10,7,2,9,77.77777777777779,169.31062920695183
2021-05-11,7,2,9,77.77777777777779,175.35776421239603
2021-05-12,7,2,9,77.77777777777779,175.28441498219607
2021-05-14,7,2,9,77.77777777777779,173.62161319492117
2021-05-17,7,2,9,77.77777777777779,175.27879029518814
2021-05-18,7,2,9,77.77777777777779,184.15036090816955
2021-05-19,7,2,9,77.77777777777779,189.10930614676323
2021-05-20,8,1,9,88.88888888888889,189.68861842502074
2021-05-21,8,1,9,88.88888888888889,191.76692762093955
2021-05-24,9,0,9,100.0,202.77014793815135
2021-05-25,9,0,9,100.0,210.66897190883373
2021-05-26,9,0,9,100.0,212.41586125351338
2021-05-27,9,0,9,100.0,219.63428172235498
2021-05-28,9,0,9,100.0,221.56480070456107
2021-05-31,9,0,9,100.0,221.69826429717
2021-06-01,9,0,9,100.0,218.82723314564547
2021-06-02,9,0,9,100.0,222.8644379226227
2021-06-03,9,0,9,100.0,228.6724463053423
2021-06-04,9,0,9,100.0,240.58039847261915
2021-06-07,9,0,9,100.0,243.1445539143117
2021-06-08,9,0,9,100.0,238.37059887207835
2021-06-09,9,0,9,100.0,232.30648214615678
2021-06-10,9,0,9,100.0,235.53159808342383
2021-06-11,9,0,9,100.0,232.3384103974445
2021-06-14,9,0,9,100.0,231.8909070207865
2021-06-15,9,0,9,100.0,234.19629585070078
2021-06-16,9,0,9,100.0,232.12406460429568
2021-06-17,9,0,9,100.0,227.47600706686265
2021-06-18,9,0,9,100.0,224.97534880388935
2021-06-21,9,0,9,100.0,227.15742021196695
2021-06-22,9,0,9,100.0,232.26693748977692
2021-06-23,9,0,9,100.0,231.21422914405963
2021-06-24,9,0,9,100.0,229.6937090737613
2021-06-25,9,0,9,100.0,231.41831537831976
2021-06-28,9,0,9,100.0,231.68483901042524
2021-06-29,9,0,9,100.0,230.96344415011473
2021-06-30,9,0,9,100.0,230.28169319323112
2021-07-01,9,0,9,100.0,229.84391526426876
2021-07-02,9,0,9,100.0,231.57495463698586
2021-07-05,9,0,9,100.0,237.44056537806162
2021-07-06,9,0,9,100.0,239.3770903096459
2021-07-07,9,0,9,100.0,242.4037281388157
2021-07-08,9,0,9,100.0,241.15056921073167
2021-07-09,9,0,9,100.0,239.57610453732815
2021-07-12,9,0,9,100.0,239.86095029906554
2021-07-13,9,0,9,100.0,243.76787035374528
2021-07-14,9,0,9,100.0,242.85364560352193
2021-07-15,9,0,9,100.0,240.7653474073782
2021-07-16,9,0,9,100.0,241.12935178181428
2021-07-19,9,0,9,100.0,237.09120838718277
2021-07-20,9,0,9,100.0,230.1864987986113
2021-07-22,9,0,9,100.0,231.79953948980634
2021-07-23,9,0,9,100.0,231.80994111898897
2021-07-26,8,1,9,88.88888888888889,233.64224507146346
2021-07-27,8,1,9,88.88888888888889,233.90464347650638
2021-07-28,8,1,9,88.88888888888889,234.22055083879303
2021-07-29,9,0,9,100.0,233.83328594656695
2021-07-30,9,0,9,100.0,234.52875892564714
2021-08-02,9,0,9,100.0,237.4380713524428
2021-08-03,9,0,9,100.0,235.9410665276398
2021-08-04,9,0,9,100.0,231.4305885841653
2021-08-05,8,1,9,88.88888888888889,228.48739291586995
2021-08-06,8,1,9,88.88888888888889,230.29580995950752
2021-08-09,8,1,9,88.88888888888889,228.941405238663
2021-08-10,6,3,9,66.66666666666666,222.52641073920682
2021-08-11,6,3,9,66.66666666666666,217.0324566890968
2021-08-12,8,1,9,88.88888888888889,225.55755746394817
2021-08-13,8,1,9,88.88888888888889,226.9150931710281
2021-08-16,8,1,9,88.88888888888889,222.95121590590048
2021-08-17,8,1,9,88.88888888888889,221.7986813140279
2021-08-18,8,1,9,88.88888888888889,221.92021373231546
2021-08-20,6,3,9,66.66666666666666,216.0201551525018
2021-08-23,6,3,9,66.66666666666666,212.78292046791415
2021-08-24,6,3,9,66.66666666666666,217.18156945985072
2021-08-25,6,3,9,66.66666666666666,219.2640216907757
2021-08-26,6,3,9,66.66666666666666,217.7252078145924
2021-08-27,6,3,9,66.66666666666666,217.85244833997183
2021-08-30,6,3,9,66.66666666666666,218.6624063517307
2021-08-31,7,2,9,77.77777777777779,218.719820938626
2021-09-01,7,2,9,77.77777777777779,221.2114657481539
2021-09-02,7,2,9,77.77777777777779,225.37782537637855
2021-09-03,7,2,9,77.77777777777779,225.46955506843616
2021-09-06,7,2,9,77.77777777777779,224.40482489858212
2021-09-07,7,2,9,77.77777777777779,223.7792615670922
2021-09-08,7,2,9,77.77777777777779,226.47382945957003
2021-09-09,9,0,9,100.0,233.96324295873566
2021-09-13,9,0,9,100.0,234.56264875429264
2021-09-14,8,1,9,88.88888888888889,235.40957285606544
2021-09-15,9,0,9,100.0,235.04260511775175
2021-09-16,9,0,9,100.0,235.02775921103424
2021-09-17,9,0,9,100.0,231.5531867330575
2021-09-20,8,1,9,88.88888888888889,239.28214757344173
2021-09-21,8,1,9,88.88888888888889,242.96047368480757
2021-09-22,9,0,9,100.0,252.13952120103536
2021-09-23,9,0,9,100.0,257.35002891263485
2021-09-24,9,0,9,100.0,253.6557919630595
2021-09-27,9,0,9,100.0,272.3141970076123
2021-09-28,9,0,9,100.0,269.2655381534319
2021-09-29,9,0,9,100.0,271.43981843850884
2021-09-30,9,0,9,100.0,268.7917537274439
2021-10-01,9,0,9,100.0,269.93871545437656
2021-10-04,9,0,9,100.0,275.2376363963422
2021-10-05,9,0,9,100.0,276.585124609569
2021-10-06,9,0,9,100.0,270.36324770928803
2021-10-07,9,0,9,100.0,285.452276900332
2021-10-08,9,0,9,100.0,292.2561684660826
2021-10-11,9,0,9,100.0,298.5651736281011
2021-10-12,9,0,9,100.0,297.66348434434474
2021-10-13,9,0,9,100.0,297.4555333142775
2021-10-14,9,0,9,100.0,298.40837362166303
2021-10-18,9,0,9,100.0,301.17403604886357
2021-10-19,9,0,9,100.0,293.08460678550955
2021-10-20,9,0,9,100.0,291.17331305448
2021-10-21,9,0,9,100.0,290.62824040133484
2021-10-22,9,0,9,100.0,289.38479033432327
2021-10-25,9,0,9,100.0,282.7514186758161
2021-10-26,9,0,9,100.0,287.65991216409174
2021-10-27,9,0,9,100.0,287.70251991295004
2021-10-28,9,0,9,100.0,283.3002763322088
2021-10-29,9,0,9,100.0,279.96736699662443
2021-11-01,9,0,9,100.0,285.4582883063901
2021-11-02,9,0,9,100.0,287.6211929649406
2021-11-03,9,0,9,100.0,287.0285212386322
2021-11-04,9,0,9,100.0,295.10835062344427
2021-11-08,9,0,9,100.0,301.7251743163354
2021-11-09,9,0,9,100.0,303.26550822069686
2021-11-10,9,0,9,100.0,303.5182554124078
2021-11-11,9,0,9,100.0,304.83026486271905
2021-11-12,9,0,9,100.0,304.40191379002954
2021-11-15,9,0,9,100.0,302.92165426821356
2021-11-16,9,0,9,100.0,300.87130300182145
2021-11-17,9,0,9,100.0,299.78084663683006
2021-11-18,9,0,9,100.0,294.0947807750816
2021-11-22,9,0,9,100.0,280.5471879145923
2021-11-23,9,0,9,100.0,288.6310141676045
2021-11-24,9,0,9,100.0,288.31989736282236
2021-11-25,9,0,9,100.0,289.23709270408204
2021-11-26,9,0,9,100.0,267.34910077709395
2021-11-29,8,1,9,88.88888888888889,256.1252743624567
2021-11-30,8,1,9,88.88888888888889,259.3747310055699
2021-12-01,8,1,9,88.88888888888889,259.18787058579886
2021-12-02,8,1,9,88.88888888888889,261.8599451888334
2021-12-03,9,0,9,100.0,266.2031027239663
2021-12-06,8,1,9,88.88888888888889,260.79458484378335
2021-12-07,9,0,9,100.0,268.103396181981
2021-12-08,9,0,9,100.0,272.51381999527047
2021-12-09,9,0,9,100.0,276.94693592898136
2021-12-10,9,0,9,100.0,276.6274396537879
2021-12-13,9,0,9,100.0,280.0022656118289
2021-12-14,9,0,9,100.0,276.04703399500426
2021-12-15,9,0,9,100.0,277.3543518355669
2021-12-16,9,0,9,100.0,272.82243371228503
2021-12-17,8,1,9,88.88888888888889,265.8139868754561
2021-12-20,8,1,9,88.88888888888889,254.5366693377265
2021-12-21,7,2,9,77.77777777777779,255.32868308043834
2021-12-22,8,1,9,88.88888888888889,258.04140189765604
2021-12-23,7,2,9,77.77777777777779,257.4780455132901
2021-12-24,7,2,9,77.77777777777779,253.67735045203804
2021-12-27,7,2,9,77.77777777777779,251.62632124789073
2021-12-28,7,2,9,77.77777777777779,256.8783106118267
2021-12-29,7,2,9,77.77777777777779,255.34471674848066
2021-12-30,7,2,9,77.77777777777779,253.54721176037688
2021-12-31,7,2,9,77.77777777777779,257.1503788322272
2022-01-03,8,1,9,88.88888888888889,267.2531653927898
2022-01-04,7,2,9,77.77777777777779,267.9233637211819
2022-01-05,7,2,9,77.77777777777779,263.8607373255524
2022-01-06,7,2,9,77.77777777777779,269.3646171105688
2022-01-07,8,1,9,88.88888888888889,267.1955588475485
2022-01-10,8,1,9,88.88888888888889,272.82122134276335
2022-01-11,8,1,9,88.88888888888889,272.6734627203622
2022-01-12,9,0,9,100.0,288.92769253653825
2022-01-13,9,0,9,100.0,291.1395108961638
2022-01-14,9,0,9,100.0,295.04250271820626
2022-01-17,9,0,9,100.0,300.86978986437856
2022-01-18,9,0,9,100.0,293.1713128550602
2022-01-19,9,0,9,100.0,297.0327394813962
2022-01-20,9,0,9,100.0,297.6738800986627
2022-01-21,9,0,9,100.0,293.5987244919499
2022-01-24,8,1,9,88.88888888888889,280.1756300902107
2022-01-25,8,1,9,88.88888888888889,286.15982041728205
2022-01-27,9,0,9,100.0,288.790363659247
2022-01-28,9,0,9,100.0,290.48875926776304
2022-01-31,9,0,9,100.0,302.3007943816774
2022-02-01,9,0,9,100.0,304.2495811476075
2022-02-02,9,0,9,100.0,302.6845799290204
2022-02-03,9,0,9,100.0,302.34279160650794
2022-02-04,9,0,9,100.0,300.1893623735076
2022-02-07,9,0,9,100.0,298.9482657604087
2022-02-08,9,0,9,100.0,296.3800883004964
2022-02-09,9,0,9,100.0,295.8311831257246
2022-02-10,9,0,9,100.0,296.1148886407326
2022-02-11,8,1,9,88.88888888888889,291.1111586215411
2022-02-14,7,2,9,77.77777777777779,278.07416293618434
2022-02-15,8,1,9,88.88888888888889,285.8016042540051
2022-02-16,8,1,9,88.88888888888889,287.80754128700545
2022-02-17,9,0,9,100.0,293.73287637329616
2022-02-18,8,1,9,88.88888888888889,290.3634550666454
2022-02-21,8,1,9,88.88888888888889,293.8781566916257
2022-02-22,8,1,9,88.88888888888889,286.18658482395756
2022-02-23,8,1,9,88.88888888888889,287.2358187115206
2022-02-24,5,4,9,55.55555555555556,266.94966975080416
2022-02-25,6,3,9,66.66666666666666,277.9796774776383
2022-02-28,6,3,9,66.66666666666666,279.4739446418409
2022-03-02,6,3,9,66.66666666666666,276.8631536760024
2022-03-03,6,3,9,66.66666666666666,285.3287152813799
2022-03-04,5,4,9,55.55555555555556,281.7070570523444
2022-03-07,5,4,9,55.55555555555556,279.0351461910142
2022-03-08,5,4,9,55.55555555555556,285.22161807286943
2022-03-09,6,3,9,66.66666666666666,293.416447697157
2022-03-10,6,3,9,66.66666666666666,291.9896978501166
2022-03-11,7,2,9,77.77777777777779,294.2990361051932
2022-03-14,8,1,9,88.88888888888889,300.49149183558063
2022-03-15,4,5,9,44.44444444444444,292.9923204803416
2022-03-16,7,2,9,77.77777777777779,299.58421023412114
2022-03-17,7,2,9,77.77777777777779,303.1125688710426
2022-03-21,7,2,9,77.77777777777779,298.4991796460667
2022-03-22,7,2,9,77.77777777777779,306.93247473647517
2022-03-23,8,1,9,88.88888888888889,310.7909870714299
2022-03-24,8,1,9,88.88888888888889,310.4578977936867
2022-03-25,8,1,9,88.88888888888889,319.57832039226804
2022-03-28,8,1,9,88.88888888888889,335.173237269763
2022-03-29,8,1,9,88.88888888888889,336.71797013678497
2022-03-30,8,1,9,88.88888888888889,334.86703956328154
2022-03-31,8,1,9,88.88888888888889,330.75116856674157
2022-04-01,8,1,9,88.88888888888889,336.2150816275917
2022-04-04,8,1,9,88.88888888888889,340.332104125627
2022-04-05,8,1,9,88.88888888888889,343.3277127862694
2022-04-06,8,1,9,88.88888888888889,361.46978887162476
2022-04-07,9,0,9,100.0,366.926738205775
2022-04-08,9,0,9,100.0,372.7445701146226
2022-04-11,9,0,9,100.0,368.0033479089867
2022-04-12,9,0,9,100.0,365.63497064672254
2022-04-13,9,0,9,100.0,372.2595482665907
2022-04-18,9,0,9,100.0,366.44397421299146
2022-04-19,9,0,9,100.0,357.5626027821637
2022-04-20,9,0,9,100.0,356.6948967594084
2022-04-21,9,0,9,100.0,360.3102428907981
2022-04-22,9,0,9,100.0,357.052613158641
2022-04-25,9,0,9,100.0,347.41350085586663
2022-04-26,9,0,9,100.0,352.2434893343499
2022-04-27,9,0,9,100.0,350.6906858044629
2022-04-28,9,0,9,100.0,353.52755612492257
2022-04-29,9,0,9,100.0,356.1304171692885
2022-05-02,8,1,9,88.88888888888889,358.0306489610705
2022-05-04,8,1,9,88.88888888888889,348.03968429300994
2022-05-05,8,1,9,88.88888888888889,344.5123883993346
2022-05-06,8,1,9,88.88888888888889,336.5838310010159
2022-05-09,8,1,9,88.88888888888889,329.8155427527859
2022-05-10,8,1,9,88.88888888888889,321.8179551335886
2022-05-11,8,1,9,88.88888888888889,314.16730694232797
2022-05-12,6,3,9,66.66666666666666,307.12256308274044
2022-05-13,8,1,9,88.88888888888889,315.9090463467825
2022-05-16,8,1,9,88.88888888888889,325.2504433581793
2022-05-17,8,1,9,88.88888888888889,330.3682993957666
2022-05-18,8,1,9,88.88888888888889,327.6252963139339
2022-05-19,8,1,9,88.88888888888889,321.125952521151
2022-05-20,8,1,9,88.88888888888889,327.2289142907006
2022-05-23,8,1,9,88.88888888888889,328.15699904752387
2022-05-24,8,1,9,88.88888888888889,322.2604498488534
2022-05-25,6,3,9,66.66666666666666,309.52705590644973
2022-05-26,7,2,9,77.77777777777779,313.0778917431248
2022-05-27,7,2,9,77.77777777777779,312.1138514686595
2022-05-30,8,1,9,88.88888888888889,321.430516894625
2022-05-31,7,2,9,77.77777777777779,322.72682197046043
2022-06-01,8,1,9,88.88888888888889,330.23353248600034
2022-06-02,7,2,9,77.77777777777779,331.15933059247334
2022-06-03,7,2,9,77.77777777777779,327.4587457537967
2022-06-06,7,2,9,77.77777777777779,320.55659199756724
2022-06-07,6,3,9,66.66666666666666,321.02549373922426
2022-06-08,6,3,9,66.66666666666666,321.243771980373
2022-06-09,6,3,9,66.66666666666666,317.4708884767458
2022-06-10,6,3,9,66.66666666666666,315.5458086805995
2022-06-13,4,5,9,44.44444444444444,307.5973943873446
2022-06-14,4,5,9,44.44444444444444,308.0659969613247
2022-06-15,5,4,9,55.55555555555556,311.27216811589716
2022-06-16,4,5,9,44.44444444444444,302.74292362577245
2022-06-17,4,5,9,44.44444444444444,301.67295684874586
2022-06-20,4,5,9,44.44444444444444,294.2042235407947
2022-06-21,4,5,9,44.44444444444444,300.5450877396695
2022-06-22,4,5,9,44.44444444444444,295.5583890206229
2022-06-23,4,5,9,44.44444444444444,299.99740377611124
2022-06-24,4,5,9,44.44444444444444,306.15023798414643
2022-06-27,4,5,9,44.44444444444444,311.05425383745126
2022-06-28,4,5,9,44.44444444444444,313.27199247195136
2022-06-29,5,4,9,55.55555555555556,319.47690946150357
2022-06-30,5,4,9,55.55555555555556,313.5494166653043
2022-07-01,5,4,9,55.55555555555556,316.430567163829
2022-07-04,5,4,9,55.55555555555556,322.0311950189539
2022-07-05,5,4,9,55.55555555555556,323.0955815954991
2022-07-06,4,5,9,44.44444444444444,322.611274947336
2022-07-07,6,3,9,66.66666666666666,328.6752792113861
2022-07-08,5,4,9,55.55555555555556,327.22017885903847
2022-07-11,5,4,9,55.55555555555556,329.4717405778839
2022-07-12,6,3,9,66.66666666666666,327.66770094779014
2022-07-13,5,4,9,55.55555555555556,325.9222825949256
2022-07-14,5,4,9,55.55555555555556,325.42290146631416
2022-07-15,6,3,9,66.66666666666666,326.48981533878333
2022-07-18,6,3,9,66.66666666666666,327.8329505532774
2022-07-19,6,3,9,66.66666666666666,327.0076037381296
2022-07-20,6,3,9,66.66666666666666,331.9242507338839
2022-07-21,7,2,9,77.77777777777779,336.6564003368294
2022-07-22,7,2,9,77.77777777777779,338.1217204313766
2022-07-25,7,2,9,77.77777777777779,340.65671209918014
2022-07-26,7,2,9,77.77777777777779,339.8647938071225
2022-07-27,7,2,9,77.77777777777779,340.465527065758
2022-07-28,8,1,9,88.88888888888889,346.125151580182
2022-07-29,8,1,9,88.88888888888889,344.5494716686128
2022-08-01,8,1,9,88.88888888888889,349.59208956405007
2022-08-02,8,1,9,88.88888888888889,353.78921277342084
2022-08-03,8,1,9,88.88888888888889,354.6398460078814
2022-08-04,8,1,9,88.88888888888889,353.773765031234
2022-08-05,8,1,9,88.88888888888889,363.26349748595925
2022-08-08,8,1,9,88.88888888888889,369.8058936953029
2022-08-10,9,0,9,100.0,373.14147049519073
2022-08-11,8,1,9,88.88888888888889,371.53549813660055
2022-08-12,8,1,9,88.88888888888889,371.5980544251601
2022-08-16,9,0,9,100.0,379.9808512847888
2022-08-17,9,0,9,100.0,376.9674477891358
2022-08-18,9,0,9,100.0,377.5321178255865
2022-08-19,9,0,9,100.0,371.90950825229277
2022-08-22,9,0,9,100.0,364.7282381559621
2022-08-23,9,0,9,100.0,368.43305210837514
2022-08-24,8,1,9,88.88888888888889,370.6824873814042
2022-08-25,8,1,9,88.88888888888889,375.0964958312387
2022-08-26,8,1,9,88.88888888888889,376.9566697452115
2022-08-29,8,1,9,88.88888888888889,370.54255011471685
2022-08-30,8,1,9,88.88888888888889,374.8794968246312
2022-09-01,9,0,9,100.0,379.2691834367889
2022-09-02,9,0,9,100.0,401.46462593641087
2022-09-05,9,0,9,100.0,400.42390948870764
2022-09-06,9,0,9,100.0,398.41761597473686
2022-09-07,9,0,9,100.0,412.39210502836744
2022-09-08,9,0,9,100.0,409.75578290437846
2022-09-09,9,0,9,100.0,406.61096979367477
2022-09-12,9,0,9,100.0,408.2823805110064
2022-09-13,9,0,9,100.0,406.60267871537343
2022-09-14,9,0,9,100.0,413.55642284202577
2022-09-15,9,0,9,100.0,419.73361095876515
2022-09-16,8,1,9,88.88888888888889,407.42522728850463
2022-09-19,9,0,9,100.0,412.44347813071977
2022-09-20,9,0,9,100.0,417.86230057869835
2022-09-21,9,0,9,100.0,418.09592031725674
2022-09-22,9,0,9,100.0,422.3088120505209
2022-09-23,9,0,9,100.0,415.5543466676608
2022-09-26,8,1,9,88.88888888888889,399.11373699020294
2022-09-27,8,1,9,88.88888888888889,402.9878597872969
2022-09-28,8,1,9,88.88888888888889,404.35095713263036
2022-09-29,8,1,9,88.88888888888889,405.42172246657213
2022-09-30,8,1,9,88.88888888888889,412.0266490725329
2022-10-03,8,1,9,88.88888888888889,422.30620540335974
2022-10-04,8,1,9,88.88888888888889,432.30234516115485
2022-10-06,8,1,9,88.88888888888889,432.5663149127626
2022-10-07,9,0,9,100.0,435.57527669318387
2022-10-10,9,0,9,100.0,428.9181199727865
2022-10-11,9,0,9,100.0,421.4055715409873
2022-10-12,9,0,9,100.0,419.83047809583337
2022-10-13,8,1,9,88.88888888888889,413.92208398622677
2022-10-14,8,1,9,88.88888888888889,410.2076966328672
2022-10-17,8,1,9,88.88888888888889,412.81245888811276
2022-10-18,9,0,9,100.0,421.10269242514056
2022-10-19,9,0,9,100.0,418.62771520079986
2022-10-20,9,0,9,100.0,415.313038223805
2022-10-21,8,1,9,88.88888888888889,409.88256708689687
2022-10-24,9,0,9,100.0,414.52495046414157
2022-10-25,9,0,9,100.0,413.2805180354704
2022-10-27,9,0,9,100.0,414.9219951956362
2022-10-28,9,0,9,100.0,411.7692843591043
2022-10-31,9,0,9,100.0,416.108149925077
2022-11-01,8,1,9,88.88888888888889,417.7352912143852
2022-11-02,8,1,9,88.88888888888889,425.37129268620345
2022-11-03,9,0,9,100.0,427.70310300374064
2022-11-04,9,0,9,100.0,431.0345972547845
2022-11-07,9,0,9,100.0,435.71582760388577
2022-11-09,9,0,9,100.0,447.50232202712573
2022-11-10,9,0,9,100.0,430.6618052320254
2022-11-11,9,0,9,100.0,433.8581810263416
2022-11-14,9,0,9,100.0,425.6925035134354
2022-11-15,9,0,9,100.0,427.4035980384438
2022-11-16,9,0,9,100.0,427.2531769100556
2022-11-17,9,0,9,100.0,424.9072009211921
2022-11-18,9,0,9,100.0,421.3643185668303
2022-11-21,9,0,9,100.0,415.7153701495373
2022-11-22,9,0,9,100.0,413.83909679502426
2022-11-23,8,1,9,88.88888888888889,414.4223708738841
2022-11-24,9,0,9,100.0,416.9808468437594
2022-11-25,9,0,9,100.0,427.85475716520517
2022-11-28,9,0,9,100.0,429.69789810063565
2022-11-29,9,0,9,100.0,426.1788565051968
2022-11-30,9,0,9,100.0,456.9514809735053
2022-12-01,9,0,9,100.0,453.26705525288446
2022-12-02,9,0,9,100.0,451.5539038715191
2022-12-05,9,0,9,100.0,453.9552996795126
2022-12-06,9,0,9,100.0,451.2617162506792
2022-12-07,9,0,9,100.0,450.09628649973007
2022-12-08,9,0,9,100.0,452.03603754811263
2022-12-09,9,0,9,100.0,449.72730216518875
2022-12-12,9,0,9,100.0,450.94120341212226
2022-12-13,9,0,9,100.0,455.91314137250674
2022-12-14,9,0,9,100.0,457.5868454656962
2022-12-15,9,0,9,100.0,454.4577127990384
2022-12-16,9,0,9,100.0,448.3440842958531
2022-12-19,9,0,9,100.0,447.07601519716843
2022-12-20,9,0,9,100.0,445.4770110056205
2022-12-21,9,0,9,100.0,416.8302008984169
2022-12-22,9,0,9,100.0,401.50753347183735
2022-12-23,3,6,9,33.33333333333333,379.6924480567525
2022-12-26,9,0,9,100.0,404.0628320825682
2022-12-27,9,0,9,100.0,409.5623427034077
2022-12-28,9,0,9,100.0,418.33849527913287
2022-12-29,9,0,9,100.0,417.0321879124281
2022-12-30,9,0,9,100.0,424.8134590515268
2023-01-02,9,0,9,100.0,427.2133165790902
2023-01-03,9,0,9,100.0,427.54896475723837
2023-01-04,9,0,9,100.0,417.88379123732176
2023-01-05,9,0,9,100.0,413.43041989516695
2023-01-06,9,0,9,100.0,412.0291366224424
2023-01-09,9,0,9,100.0,419.9836675568428
2023-01-10,9,0,9,100.0,417.5082934889761
2023-01-11,9,0,9,100.0,416.7992285326951
2023-01-12,9,0,9,100.0,413.9360880756439
2023-01-13,9,0,9,100.0,416.3950769029572
2023-01-16,9,0,9,100.0,414.9060216682373
2023-01-17,9,0,9,100.0,411.91715504245565
2023-01-18,9,0,9,100.0,408.3905380663937
2023-01-19,8,1,9,88.88888888888889,404.7244247681944
2023-01-20,8,1,9,88.88888888888889,403.6089985646181
2023-01-23,8,1,9,88.88888888888889,404.8377014833229
2023-01-24,8,1,9,88.88888888888889,403.88493536117977
2023-01-25,8,1,9,88.88888888888889,402.5479970856842
2023-01-27,4,5,9,44.44444444444444,391.1912951472409
2023-01-30,4,5,9,44.44444444444444,391.0714817402452
2023-01-31,8,1,9,88.88888888888889,401.8179628332477
2023-02-01,9,0,9,100.0,414.5622049914941
2023-02-02,8,1,9,88.88888888888889,407.53823685240513
2023-02-03,6,3,9,66.66666666666666,403.84895600923005
2023-02-06,9,0,9,100.0,412.81328887701346
2023-02-07,9,0,9,100.0,412.8185565565275
2023-02-08,9,0,9,100.0,414.90427593160126
2023-02-09,8,1,9,88.88888888888889,415.06558435965195
2023-02-10,9,0,9,100.0,414.34854914929355
2023-02-13,9,0,9,100.0,411.57355035131286
2023-02-14,9,0,9,100.0,407.33160386127463
2023-02-15,9,0,9,100.0,409.2005906389875
2023-02-16,9,0,9,100.0,420.7720515668236
2023-02-17,9,0,9,100.0,419.36109197594743
2023-02-20,8,1,9,88.88888888888889,414.2028991837539
2023-02-21,7,2,9,77.77777777777779,411.7838689985043
2023-02-22,6,3,9,66.66666666666666,403.98363442114527
2023-02-23,7,2,9,77.77777777777779,410.27288379442115
2023-02-24,6,3,9,66.66666666666666,409.5795919782139
2023-02-27,5,4,9,55.55555555555556,407.5289872572665
2023-02-28,6,3,9,66.66666666666666,408.3374885725311
2023-03-01,6,3,9,66.66666666666666,412.0520607067437
2023-03-02,6,3,9,66.66666666666666,410.52306730865774
2023-03-03,6,3,9,66.66666666666666,413.3871158474649
2023-03-06,7,2,9,77.77777777777779,415.8604258907211
2023-03-08,9,0,9,100.0,422.9907895448581
2023-03-09,8,1,9,88.88888888888889,419.86678176623826
2023-03-10,7,2,9,77.77777777777779,419.23711139405543
2023-03-13,5,4,9,55.55555555555556,408.970471774287
2023-03-14,7,2,9,77.77777777777779,411.0206450650889
2023-03-15,6,3,9,66.66666666666666,407.9723092968214
2023-03-16,5,4,9,55.55555555555556,407.8764111303311
2023-03-17,5,4,9,55.55555555555556,409.23050070933743
2023-03-20,5,4,9,55.55555555555556,401.6735836495029
2023-03-21,4,5,9,44.44444444444444,402.17294549827545
2023-03-22,5,4,9,55.55555555555556,402.95311271135813
2023-03-23,5,4,9,55.55555555555556,399.97174290175565
2023-03-24,5,4,9,55.55555555555556,393.6221354813109
2023-03-27,4,5,9,44.44444444444444,387.42288803326426
2023-03-28,5,4,9,55.55555555555556,385.4175568040492
2023-03-29,5,4,9,55.55555555555556,396.48468364172277
2023-03-31,5,4,9,55.55555555555556,398.92296637522446
2023-04-03,5,4,9,55.55555555555556,407.2519012685422
2023-04-05,6,3,9,66.66666666666666,416.2211913775083
2023-04-06,5,4,9,55.55555555555556,416.03083782185826
2023-04-10,5,4,9,55.55555555555556,417.3034000867858
2023-04-11,6,3,9,66.66666666666666,423.97569613569397
2023-04-12,7,2,9,77.77777777777779,428.4304200317573
2023-04-13,6,3,9,66.66666666666666,426.6700180447228
2023-04-17,7,2,9,77.77777777777779,432.340321987557
2023-04-18,7,2,9,77.77777777777779,429.72274192124746
2023-04-19,7,2,9,77.77777777777779,433.00444261802625
2023-04-20,8,1,9,88.88888888888889,439.0013294029564
2023-04-21,8,1,9,88.88888888888889,440.6805424157846
2023-04-24,8,1,9,88.88888888888889,437.7776884343743
2023-04-25,8,1,9,88.88888888888889,438.442513587468
2023-04-26,8,1,9,88.88888888888889,445.87381182293836
2023-04-27,8,1,9,88.88888888888889,446.41661611587057
2023-04-28,8,1,9,88.88888888888889,454.1231845943805
2023-05-02,8,1,9,88.88888888888889,456.6753678209185
2023-05-03,8,1,9,88.88888888888889,464.1206444206514
2023-05-04,8,1,9,88.88888888888889,465.3872281336379
2023-05-05,8,1,9,88.88888888888889,461.3229981620142
2023-05-08,8,1,9,88.88888888888889,466.96772523701765
2023-05-09,8,1,9,88.88888888888889,467.21169346086685
2023-05-10,8,1,9,88.88888888888889,467.56065808597873
2023-05-11,8,1,9,88.88888888888889,470.65314055789304
2023-05-12,9,0,9,100.0,468.7309721467064
2023-05-15,9,0,9,100.0,469.553357628121
2023-05-16,8,1,9,88.88888888888889,474.39983882062364
2023-05-17,8,1,9,88.88888888888889,477.35478822325945
2023-05-18,8,1,9,88.88888888888889,478.7450850675618
2023-05-19,8,1,9,88.88888888888889,477.6201007295028
2023-05-22,8,1,9,88.88888888888889,474.18184461012993
2023-05-23,8,1,9,88.88888888888889,470.7867456227239
2023-05-24,8,1,9,88.88888888888889,470.8306778459533
2023-05-25,8,1,9,88.88888888888889,482.0236710635518
2023-05-26,8,1,9,88.88888888888889,480.7943428162114
2023-05-29,8,1,9,88.88888888888889,481.58554160670366
2023-05-30,8,1,9,88.88888888888889,483.4776429574597
2023-05-31,8,1,9,88.88888888888889,487.4421528297413
2023-06-01,8,1,9,88.88888888888889,488.2407090350245
2023-06-02,8,1,9,88.88888888888889,488.71289313522965
2023-06-05,8,1,9,88.88888888888889,489.6909953056452
2023-06-06,8,1,9,88.88888888888889,489.2925706118613
2023-06-07,8,1,9,88.88888888888889,490.0284634373501
2023-06-08,8,1,9,88.88888888888889,484.57030370866005
2023-06-09,8,1,9,88.88888888888889,482.45467774709823
2023-06-12,8,1,9,88.88888888888889,484.66372410352176
2023-06-13,8,1,9,88.88888888888889,491.03263268642195
2023-06-14,8,1,9,88.88888888888889,488.2019866097459
2023-06-15,8,1,9,88.88888888888889,485.6098129917017
2023-06-16,8,1,9,88.88888888888889,492.25747457664556
2023-06-19,8,1,9,88.88888888888889,495.11636470883286
2023-06-20,8,1,9,88.88888888888889,494.55197125042883
2023-06-21,8,1,9,88.88888888888889,493.32816039294266
2023-06-22,8,1,9,88.88888888888889,486.7332236995199
2023-06-23,8,1,9,88.88888888888889,483.0297874962165
2023-06-26,8,1,9,88.88888888888889,484.9759093614993
2023-06-27,8,1,9,88.88888888888889,485.69682685829537
2023-06-28,8,1,9,88.88888888888889,491.4434745854826
2023-06-30,8,1,9,88.88888888888889,491.74416633275086
2023-07-03,8,1,9,88.88888888888889,494.6928121751486
2023-07-04,8,1,9,88.88888888888889,488.2006471072286
2023-07-05,8,1,9,88.88888888888889,492.98632383481487
2023-07-06,8,1,9,88.88888888888889,493.63628774691574
2023-07-07,8,1,9,88.88888888888889,494.5086282665283
2023-07-10,8,1,9,88.88888888888889,503.3179700132563
2023-07-11,8,1,9,88.88888888888889,504.1445120281136
2023-07-12,8,1,9,88.88888888888889,505.88050617598566
2023-07-13,8,1,9,88.88888888888889,503.0064670316623
2023-07-14,8,1,9,88.88888888888889,506.31318370196425
2023-07-17,8,1,9,88.88888888888889,511.31495377967894
2023-07-18,8,1,9,88.88888888888889,508.6102898385939
2023-07-19,8,1,9,88.88888888888889,515.1161851051653
2023-07-20,8,1,9,88.88888888888889,521.7968919474976
2023-07-21,8,1,9,88.88888888888889,514.9557221334089
2023-07-24,8,1,9,88.88888888888889,513.0861457703876
2023-07-25,8,1,9,88.88888888888889,510.34225883628847
2023-07-26,8,1,9,88.88888888888889,512.2494855931074
2023-07-27,8,1,9,88.88888888888889,515.3697561009653
2023-07-28,8,1,9,88.88888888888889,507.0556467206488
2023-07-31,8,1,9,88.88888888888889,514.454072626894
2023-08-01,8,1,9,88.88888888888889,517.6584782471479
2023-08-02,8,1,9,88.88888888888889,513.1071332103911
2023-08-03,8,1,9,88.88888888888889,513.18950792819
2023-08-04,8,1,9,88.88888888888889,515.9653956564755
2023-08-07,8,1,9,88.88888888888889,514.9403515374837
2023-08-08,8,1,9,88.88888888888889,514.2400411107039
2023-08-09,8,1,9,88.88888888888889,513.7062759973935
2023-08-10,8,1,9,88.88888888888889,504.1671769063959
2023-08-11,8,1,9,88.88888888888889,505.87471888994156
2023-08-14,8,1,9,88.88888888888889,502.07980538602135
2023-08-16,8,1,9,88.88888888888889,501.25653954966714
2023-08-17,8,1,9,88.88888888888889,506.638193990872
2023-08-18,8,1,9,88.88888888888889,512.3954755372679
2023-08-21,8,1,9,88.88888888888889,517.701791536668
2023-08-22,8,1,9,88.88888888888889,526.4648389690841
2023-08-23,8,1,9,88.88888888888889,530.1573214531551
2023-08-24,8,1,9,88.88888888888889,531.9104568134725
2023-08-25,7,2,9,77.77777777777779,527.7457119329814
2023-08-28,7,2,9,77.77777777777779,523.291847131816
2023-08-29,8,1,9,88.88888888888889,530.2466493394178
2023-08-30,9,0,9,100.0,550.4709574094674
2023-08-31,8,1,9,88.88888888888889,563.0462719080429
2023-09-01,8,1,9,88.88888888888889,576.2609314667111
2023-09-04,8,1,9,88.88888888888889,570.8622271950014
2023-09-05,9,0,9,100.0,568.6877102037756
2023-09-06,8,1,9,88.88888888888889,585.2946297396733
2023-09-07,9,0,9,100.0,592.937920649148
2023-09-08,9,0,9,100.0,595.5715775950907
2023-09-11,9,0,9,100.0,595.0789710608893
2023-09-12,8,1,9,88.88888888888889,574.2146138221226
2023-09-13,8,1,9,88.88888888888889,570.4898012310356
2023-09-14,8,1,9,88.88888888888889,585.2979381471113
2023-09-15,8,1,9,88.88888888888889,584.1920947949528
2023-09-18,8,1,9,88.88888888888889,579.4738639748878
2023-09-20,8,1,9,88.88888888888889,572.6951082971224
2023-09-21,8,1,9,88.88888888888889,567.8860275459042
2023-09-22,8,1,9,88.88888888888889,572.1497404217313
2023-09-25,8,1,9,88.88888888888889,566.7474486815676
2023-09-26,8,1,9,88.88888888888889,567.2261838380246
2023-09-27,8,1,9,88.88888888888889,572.1594275354947
2023-09-28,8,1,9,88.88888888888889,566.7918120257482
2023-09-29,8,1,9,88.88888888888889,573.6610776039608
2023-10-03,9,0,9,100.0,598.097760075284
2023-10-04,9,0,9,100.0,600.7459660208059
2023-10-05,9,0,9,100.0,602.1102870196255
2023-10-06,9,0,9,100.0,627.8867611085846
2023-10-09,9,0,9,100.0,622.016387468355
2023-10-10,9,0,9,100.0,630.4746645597315
2023-10-11,9,0,9,100.0,631.3554365580341
2023-10-12,9,0,9,100.0,635.4892533580351
2023-10-13,9,0,9,100.0,631.0450304309273
2023-10-16,9,0,9,100.0,626.8646450305155
2023-10-17,9,0,9,100.0,626.1727518945809
2023-10-18,9,0,9,100.0,616.7851706294429
2023-10-19,9,0,9,100.0,620.3836720789653
2023-10-20,9,0,9,100.0,612.863714155406
2023-10-23,8,1,9,88.88888888888889,583.060018433608
2023-10-25,9,0,9,100.0,575.7030442478522
2023-10-26,8,1,9,88.88888888888889,573.6224761224197
2023-10-27,9,0,9,100.0,580.3258871044527
2023-10-30,8,1,9,88.88888888888889,576.2315828957419
2023-10-31,8,1,9,88.88888888888889,574.5913516312635
2023-11-01,8,1,9,88.88888888888889,575.2750737425306
2023-11-02,9,0,9,100.0,585.3989991787078
2023-11-03,9,0,9,100.0,596.3198229458162
2023-11-06,9,0,9,100.0,612.6838076298598
2023-11-07,9,0,9,100.0,620.7631453129744
2023-11-08,8,1,9,88.88888888888889,619.2035837326843
2023-11-09,8,1,9,88.88888888888889,617.0171769702996
2023-11-10,8,1,9,88.88888888888889,616.8561123141799
2023-11-12,8,1,9,88.88888888888889,626.3550330342147
2023-11-13,8,1,9,88.88888888888889,626.8918399739239
2023-11-15,8,1,9,88.88888888888889,634.66024149558
2023-11-16,8,1,9,88.88888888888889,638.0209582701635
2023-11-17,8,1,9,88.88888888888889,640.5679302818098
2023-11-20,8,1,9,88.88888888888889,639.2114526917709
2023-11-21,8,1,9,88.88888888888889,633.5157919090868
2023-11-22,8,1,9,88.88888888888889,624.6060524886566
2023-11-23,8,1,9,88.88888888888889,631.7181795864718
2023-11-24,8,1,9,88.88888888888889,627.7467019170065
2023-11-28,8,1,9,88.88888888888889,627.7541896515198
2023-11-29,8,1,9,88.88888888888889,625.1255372861917
2023-11-30,8,1,9,88.88888888888889,631.9817328356272
2023-12-01,8,1,9,88.88888888888889,638.7695002654764
2023-12-04,8,1,9,88.88888888888889,647.9716882673742
2023-12-05,8,1,9,88.88888888888889,642.6893856402104
2023-12-06,8,1,9,88.88888888888889,663.479561882282
2023-12-07,9,0,9,100.0,681.2664759627852
2023-12-08,9,0,9,100.0,678.756628199404
2023-12-11,9,0,9,100.0,681.051897752104
2023-12-12,9,0,9,100.0,679.3016591706281
2023-12-13,9,0,9,100.0,682.1057379272177
2023-12-14,9,0,9,100.0,685.2381094844901
2023-12-15,9,0,9,100.0,689.061239638328
2023-12-18,9,0,9,100.0,692.5121058761508
2023-12-19,9,0,9,100.0,690.2570741938033
2023-12-20,8,1,9,88.88888888888889,656.5862119682837
2023-12-21,8,1,9,88.88888888888889,664.008642783694
2023-12-22,8,1,9,88.88888888888889,671.6051346031052
2023-12-26,8,1,9,88.88888888888889,674.0223157817501
2023-12-27,8,1,9,88.88888888888889,676.7730046652181
2023-12-28,8,1,9,88.88888888888889,679.8906981764992
2023-12-29,8,1,9,88.88888888888889,682.4000647612604
2024-01-01,9,0,9,100.0,686.2992458910286
2024-01-02,9,0,9,100.0,700.3976180805994
2024-01-03,9,0,9,100.0,706.8063211964479
2024-01-04,9,0,9,100.0,717.2230182132968
2024-01-05,9,0,9,100.0,712.0530823545101
2024-01-08,9,0,9,100.0,715.2543200086843
2024-01-09,9,0,9,100.0,728.5586646539215
2024-01-10,9,0,9,100.0,741.3369603191074
2024-01-11,9,0,9,100.0,746.2322590360637
2024-01-12,9,0,9,100.0,750.1830694593646
2024-01-15,9,0,9,100.0,757.8885782289456
2024-01-16,9,0,9,100.0,744.7299814588328
2024-01-17,9,0,9,100.0,735.6977239694791
2024-01-18,9,0,9,100.0,735.2554503900858
2024-01-19,9,0,9,100.0,743.8379835934763
2024-01-20,9,0,9,100.0,746.2167191345009
2024-01-23,9,0,9,100.0,750.1767630143677
2024-01-24,9,0,9,100.0,767.0677230198394
2024-01-25,9,0,9,100.0,770.2762165262586
2024-01-29,9,0,9,100.0,780.1161807645121
2024-01-30,9,0,9,100.0,773.9891352928997
2024-01-31,9,0,9,100.0,782.5063774167086
2024-02-01,9,0,9,100.0,784.5763689034186
2024-02-02,9,0,9,100.0,815.7967704469675
2024-02-05,9,0,9,100.0,829.5103066816583
2024-02-06,9,0,9,100.0,840.0013718031901
2024-02-07,9,0,9,100.0,862.5529372267426
2024-02-08,9,0,9,100.0,865.304440614559
2024-02-09,9,0,9,100.0,851.8895720384206
2024-02-12,9,0,9,100.0,825.9540654259496
2024-02-13,9,0,9,100.0,832.2603044928497
2024-02-14,9,0,9,100.0,844.7705633167534
2024-02-15,9,0,9,100.0,850.0513225526428
2024-02-16,9,0,9,100.0,854.1604157434838
2024-02-19,9,0,9,100.0,858.0281905085074
2024-02-20,9,0,9,100.0,880.897264203397
2024-02-21,9,0,9,100.0,886.7717226568677
2024-02-22,9,0,9,100.0,886.9971833404987
2024-02-23,9,0,9,100.0,906.0061131797237
2024-02-26,9,0,9,100.0,896.9668616629415
2024-02-27,9,0,9,100.0,884.2931651702102
2024-02-28,9,0,9,100.0,857.6606854752097
2024-02-29,9,0,9,100.0,857.7380522969754
2024-03-01,9,0,9,100.0,860.4717228229099
2024-03-02,9,0,9,100.0,867.6424232083039
2024-03-04,9,0,9,100.0,869.4289520021307
2024-03-05,9,0,9,100.0,869.8816284141171
2024-03-06,9,0,9,100.0,851.0966289471787
2024-03-07,9,0,9,100.0,847.1424674275952
2024-03-11,9,0,9,100.0,822.8024963507517
2024-03-12,9,0,9,100.0,803.0642293485755
2024-03-13,9,0,9,100.0,753.6880211740828
2024-03-14,9,0,9,100.0,775.0376072393377
2024-03-15,9,0,9,100.0,776.8243478537485
2024-03-18,8,1,9,88.88888888888889,771.1925531355399
2024-03-19,7,2,9,77.77777777777779,756.9026040975399
2024-03-20,8,1,9,88.88888888888889,768.2313679820252
2024-03-21,9,0,9,100.0,792.7741675661194
2024-03-22,9,0,9,100.0,796.5183310947748
2024-03-26,9,0,9,100.0,807.1027643253283
2024-03-27,9,0,9,100.0,817.0389434792176
2024-03-28,9,0,9,100.0,826.9372355896078
2024-04-01,9,0,9,100.0,863.8709215415746
2024-04-02,9,0,9,100.0,869.679587117202
2024-04-03,9,0,9,100.0,894.6476317166012
2024-04-04,9,0,9,100.0,894.8685151272235
2024-04-05,9,0,9,100.0,900.4262332963332
2024-04-08,9,0,9,100.0,900.2360212961422
2024-04-09,9,0,9,100.0,892.7433990790151
2024-04-10,9,0,9,100.0,893.7784266511189
2024-04-12,9,0,9,100.0,889.0911692872345
2024-04-15,9,0,9,100.0,868.979424179366
2024-04-16,9,0,9,100.0,875.1064361294666
2024-04-18,9,0,9,100.0,865.5107478428782
2024-04-19,9,0,9,100.0,868.6729429144975
2024-04-22,9,0,9,100.0,874.8444260368868
2024-04-23,9,0,9,100.0,886.6673356018758
2024-04-24,9,0,9,100.0,893.6271478487303
2024-04-25,9,0,9,100.0,895.8823878236024
2024-04-26,9,0,9,100.0,902.1609620178008
2024-04-29,9,0,9,100.0,910.2271700863282
2024-04-30,9,0,9,100.0,901.9590206820839
2024-05-02,9,0,9,100.0,905.5541754407221
2024-05-03,9,0,9,100.0,926.9561672002576
2024-05-06,9,0,9,100.0,923.6115975236667
2024-05-07,9,0,9,100.0,907.4752064753643
2024-05-08,9,0,9,100.0,912.317813113712
2024-05-09,9,0,9,100.0,886.0412586693517
2024-05-10,9,0,9,100.0,889.5446927831136
2024-05-13,9,0,9,100.0,878.3807916613224
2024-05-14,9,0,9,100.0,883.7528405593765
2024-05-15,9,0,9,100.0,882.0474093821541
2024-05-16,9,0,9,100.0,880.0517668417895
2024-05-17,9,0,9,100.0,885.396604258722
2024-05-18,9,0,9,100.0,895.2330564646458
2024-05-21,8,1,9,88.88888888888889,890.646994942505
2024-05-22,9,0,9,100.0,887.6802561668035
2024-05-23,9,0,9,100.0,893.329167375209
2024-05-24,9,0,9,100.0,886.9903818827481
2024-05-27,9,0,9,100.0,878.493949057202
2024-05-28,8,1,9,88.88888888888889,861.6811179793056
2024-05-29,9,0,9,100.0,852.5933468789693
2024-05-30,8,1,9,88.88888888888889,839.4428501522157
2024-05-31,8,1,9,88.88888888888889,835.1645264138313
2024-06-03,8,1,9,88.88888888888889,849.8869315320668
2024-06-04,7,2,9,77.77777777777779,801.5014693985769
2024-06-05,7,2,9,77.77777777777779,825.2413145658602
2024-06-06,8,1,9,88.88888888888889,845.2199997882685
2024-06-07,7,2,9,77.77777777777779,870.6829820920796
2024-06-10,7,2,9,77.77777777777779,869.8946641408646
2024-06-11,8,1,9,88.88888888888889,868.1187351840612
2024-06-12,9,0,9,100.0,877.1591609030537
2024-06-13,8,1,9,88.88888888888889,880.4713805263907
2024-06-14,9,0,9,100.0,899.868884366226
2024-06-18,9,0,9,100.0,897.8495050396753
2024-06-19,9,0,9,100.0,891.7874295607108
2024-06-20,9,0,9,100.0,924.3577372280436
2024-06-21,8,1,9,88.88888888888889,930.4405573284972
2024-06-24,8,1,9,88.88888888888889,925.9256543581806
2024-06-25,8,1,9,88.88888888888889,925.5981342785667
2024-06-26,8,1,9,88.88888888888889,914.5834052094368
2024-06-27,8,1,9,88.88888888888889,893.0960664720851
2024-06-28,8,1,9,88.88888888888889,893.3025674958029
2024-07-01,8,1,9,88.88888888888889,900.3536381360665
2024-07-02,8,1,9,88.88888888888889,891.1887820718441
2024-07-03,8,1,9,88.88888888888889,892.0699230037851
2024-07-04,8,1,9,88.88888888888889,891.9797579244121
2024-07-05,8,1,9,88.88888888888889,900.4247940815152
2024-07-08,8,1,9,88.88888888888889,893.5632229599353
2024-07-09,8,1,9,88.88888888888889,898.4962075376204
2024-07-10,8,1,9,88.88888888888889,886.3957962801752
2024-07-11,8,1,9,88.88888888888889,887.67727602574
2024-07-12,8,1,9,88.88888888888889,875.6294243951677
2024-07-15,8,1,9,88.88888888888889,862.0370416231923
2024-07-16,8,1,9,88.88888888888889,863.200216548379
2024-07-18,8,1,9,88.88888888888889,856.1401222303779
2024-07-19,8,1,9,88.88888888888889,837.6288143928643
2024-07-22,8,1,9,88.88888888888889,856.604601356632
2024-07-23,8,1,9,88.88888888888889,858.313651289998
2024-07-24,8,1,9,88.88888888888889,879.7770993290637
2024-07-25,8,1,9,88.88888888888889,876.3924579139149
2024-07-26,8,1,9,88.88888888888889,889.4477967288875
2024-07-29,8,1,9,88.88888888888889,891.4079722334328
2024-07-30,8,1,9,88.88888888888889,900.6799871803667
2024-07-31,8,1,9,88.88888888888889,905.6770630944268
2024-08-01,8,1,9,88.88888888888889,886.1480560014121
2024-08-02,8,1,9,88.88888888888889,877.5441756859541
2024-08-05,7,2,9,77.77777777777779,846.0045130781175
2024-08-06,7,2,9,77.77777777777779,826.149180582532
2024-08-07,7,2,9,77.77777777777779,834.6234847852179
2024-08-08,7,2,9,77.77777777777779,831.7488858949878
2024-08-09,6,3,9,66.66666666666666,827.6566484753145
2024-08-12,7,2,9,77.77777777777779,828.5062208720935
2024-08-13,7,2,9,77.77777777777779,813.5085993365534
2024-08-14,5,4,9,55.55555555555556,800.0132828807776
2024-08-16,6,3,9,66.66666666666666,809.2605478149407
2024-08-19,5,4,9,55.55555555555556,813.5269766244448
2024-08-20,5,4,9,55.55555555555556,819.9168940052976
2024-08-21,6,3,9,66.66666666666666,831.288414494604
2024-08-22,6,3,9,66.66666666666666,851.4718339529427
2024-08-23,6,3,9,66.66666666666666,847.6027295842
2024-08-26,6,3,9,66.66666666666666,860.6654751199936
2024-08-27,6,3,9,66.66666666666666,860.8431251309488
2024-08-28,6,3,9,66.66666666666666,856.8642743548736
2024-08-29,6,3,9,66.66666666666666,852.588575275232
2024-08-30,6,3,9,66.66666666666666,870.1872422784488
2024-09-02,6,3,9,66.66666666666666,863.1964435766453
2024-09-03,6,3,9,66.66666666666666,877.3412010633403
2024-09-04,6,3,9,66.66666666666666,869.6855124527758
2024-09-05,7,2,9,77.77777777777779,882.8565215664504
2024-09-06,7,2,9,77.77777777777779,866.7570516812971
2024-09-09,4,5,9,44.44444444444444,859.2590253307792
2024-09-10,7,2,9,77.77777777777779,889.6207536789575
2024-09-11,6,3,9,66.66666666666666,873.3837743998733
2024-09-12,6,3,9,66.66666666666666,873.5702437303285
2024-09-13,6,3,9,66.66666666666666,871.4983877112556
2024-09-16,5,4,9,55.55555555555556,867.5847634940374
2024-09-17,4,5,9,44.44444444444444,863.141804019077
2024-09-18,3,6,9,33.33333333333333,855.3526819034741
2024-09-19,3,6,9,33.33333333333333,850.2909646873452
2024-09-20,3,6,9,33.33333333333333,848.7408155892075
2024-09-23,4,5,9,44.44444444444444,860.7335204330726
2024-09-24,3,6,9,33.33333333333333,856.5818434794108
2024-09-25,3,6,9,33.33333333333333,847.4557159770316
2024-09-26,3,6,9,33.33333333333333,840.5428242087412
2024-09-27,3,6,9,33.33333333333333,852.1608362860867
2024-09-30,4,5,9,44.44444444444444,846.8234425968388
2024-10-01,4,5,9,44.44444444444444,845.1417059824732
2024-10-03,3,6,9,33.33333333333333,833.947201993233
2024-10-04,3,6,9,33.33333333333333,828.8871834206387
2024-10-07,3,6,9,33.33333333333333,802.7259601224563
2024-10-08,3,6,9,33.33333333333333,824.1445794052097
2024-10-09,4,5,9,44.44444444444444,837.7645490443156
2024-10-10,4,5,9,44.44444444444444,850.1612370107729
2024-10-11,4,5,9,44.44444444444444,868.7156126934616
2024-10-14,4,5,9,44.44444444444444,883.0495608658143
2024-10-15,4,5,9,44.44444444444444,879.2679996868179
2024-10-16,4,5,9,44.44444444444444,875.7366922702017
2024-10-17,4,5,9,44.44444444444444,854.7139816967062
2024-10-18,3,6,9,33.33333333333333,849.4148310592824
2024-10-21,3,6,9,33.33333333333333,840.4480813130684
2024-10-22,3,6,9,33.33333333333333,805.362640549085
2024-10-23,3,6,9,33.33333333333333,806.5660303758557
2024-10-24,3,6,9,33.33333333333333,808.2613924160597
2024-10-25,3,6,9,33.33333333333333,807.9679780406439
2024-10-28,3,6,9,33.33333333333333,806.2993330622053
2024-10-29,3,6,9,33.33333333333333,804.6718224439865
2024-10-30,3,6,9,33.33333333333333,834.5071736548476
2024-10-31,4,5,9,44.44444444444444,850.770266595281
2024-11-01,4,5,9,44.44444444444444,868.4167350032403
2024-11-04,4,5,9,44.44444444444444,854.1280944248409
2024-11-05,4,5,9,44.44444444444444,850.6725334706607
2024-11-06,4,5,9,44.44444444444444,862.6929081019181
2024-11-07,4,5,9,44.44444444444444,862.2993703688635
2024-11-08,5,4,9,55.55555555555556,879.0370696978742
2024-11-11,5,4,9,55.55555555555556,876.5249128207251
2024-11-12,4,5,9,44.44444444444444,856.3937588994006
2024-11-13,3,6,9,33.33333333333333,827.290135163819
2024-11-14,3,6,9,33.33333333333333,836.3790349845958
2024-11-18,3,6,9,33.33333333333333,841.4291291661149
2024-11-19,3,6,9,33.33333333333333,845.9873633611716
2024-11-21,4,5,9,44.44444444444444,852.7785893802653
2024-11-22,3,6,9,33.33333333333333,860.4077829349282
2024-11-25,4,5,9,44.44444444444444,864.733856862793
2024-11-26,5,4,9,55.55555555555556,876.0268270641085
2024-11-27,5,4,9,55.55555555555556,878.6020899969623
2024-11-28,5,4,9,55.55555555555556,891.786864289149
2024-11-29,5,4,9,55.55555555555556,901.3695986932435
2024-12-02,5,4,9,55.55555555555556,900.9235826386272
2024-12-03,5,4,9,55.55555555555556,911.9904053748157
2024-12-04,5,4,9,55.55555555555556,928.3145718642121
2024-12-05,6,3,9,66.66666666666666,932.797451618684
2024-12-06,6,3,9,66.66666666666666,943.4439754878557
2024-12-09,6,3,9,66.66666666666666,955.7641922558399
2024-12-10,6,3,9,66.66666666666666,949.2509853233491
2024-12-11,7,2,9,77.77777777777779,970.3109609138074
2024-12-12,7,2,9,77.77777777777779,977.7877194353227
2024-12-13,7,2,9,77.77777777777779,991.4239486630457
2024-12-16,7,2,9,77.77777777777779,999.1664160850769
2024-12-17,7,2,9,77.77777777777779,1004.5854868840725
2024-12-18,7,2,9,77.77777777777779,996.2939403747745
2024-12-19,7,2,9,77.77777777777779,997.9531050536993
2024-12-20,6,3,9,66.66666666666666,967.5341177433783
2024-12-23,6,3,9,66.66666666666666,956.4532740338649
2024-12-24,6,3,9,66.66666666666666,960.6467016964077
2024-12-26,6,3,9,66.66666666666666,974.2940116853836
2024-12-27,6,3,9,66.66666666666666,969.9692780793514
2024-12-30,6,3,9,66.66666666666666,968.3013504770596
2024-12-31,7,2,9,77.77777777777779,970.7683502977429
2025-01-01,7,2,9,77.77777777777779,1012.4735480322648
2025-01-02,7,2,9,77.77777777777779,1011.9820307597839
2025-01-03,7,2,9,77.77777777777779,1015.9625633439213
2025-01-06,6,3,9,66.66666666666666,964.7731909601399
2025-01-07,7,2,9,77.77777777777779,979.596410490087
2025-01-08,7,2,9,77.77777777777779,966.8951581110999
2025-01-09,6,3,9,66.66666666666666,949.8569827656746
2025-01-10,6,3,9,66.66666666666666,925.4987907801359
2025-01-13,6,3,9,66.66666666666666,885.2762016317154
2025-01-14,5,4,9,55.55555555555556,891.4644855548204
2025-01-15,5,4,9,55.55555555555556,899.7051742419548
2025-01-16,5,4,9,55.55555555555556,913.2114182060176
2025-01-17,5,4,9,55.55555555555556,916.9347931453126
2025-01-20,5,4,9,55.55555555555556,927.4252550861974
2025-01-21,5,4,9,55.55555555555556,901.3273658851665
2025-01-22,5,4,9,55.55555555555556,883.169242578879
2025-01-23,5,4,9,55.55555555555556,884.4685254247506
2025-01-24,4,5,9,44.44444444444444,870.2260902031803
2025-01-27,4,5,9,44.44444444444444,840.4356355437077
2025-01-28,4,5,9,44.44444444444444,829.1668691133582
2025-01-29,4,5,10,44.44444444444444,855.3176087215022
2025-01-30,3,6,10,33.33333333333333,837.6841206901581
2025-01-31,3,6,10,33.33333333333333,848.1178942937445
2025-02-01,4,5,10,44.44444444444444,869.2659452349819
2025-02-03,4,5,10,44.44444444444444,878.253415889764
2025-02-04,4,5,10,44.44444444444444,888.0223700960213
2025-02-05,4,5,10,44.44444444444444,887.2276881886119
2025-02-06,4,5,10,44.44444444444444,884.0965091177653
2025-02-07,4,5,10,44.44444444444444,872.2649477619921
2025-02-10,2,7,10,22.22222222222222,861.8912719143402
2025-02-11,2,7,10,22.22222222222222,819.6945706205412
2025-02-12,2,7,10,22.22222222222222,811.304816137364
2025-02-13,2,7,10,22.22222222222222,810.7218223487296
2025-02-14,2,7,10,22.22222222222222,793.9666269365235
2025-02-17,2,7,10,22.22222222222222,789.1286919991776
2025-02-18,2,7,10,22.22222222222222,775.1898268622899
2025-02-19,2,7,10,22.22222222222222,816.3914720448756
2025-02-20,2,7,10,22.22222222222222,827.9684774694364
2025-02-21,2,7,10,22.22222222222222,820.2859179427422
2025-02-24,2,7,10,22.22222222222222,808.0749142209615
2025-02-25,2,7,10,22.22222222222222,808.6675099007
2025-02-27,2,7,10,22.22222222222222,805.4685801161703
2025-02-28,2,7,10,22.22222222222222,787.5420167554138
2025-03-03,2,7,10,22.22222222222222,790.3334307794767
2025-03-04,2,7,10,22.22222222222222,800.0031462687277
2025-03-05,2,7,10,22.22222222222222,829.3578595135571
2025-03-06,2,7,10,22.22222222222222,836.7489464559808
2025-03-07,2,7,10,22.22222222222222,844.6499010803914
2025-03-10,2,7,10,22.22222222222222,829.8982707822804
2025-03-11,2,7,10,22.22222222222222,824.6314153137174
2025-03-12,2,7,10,22.22222222222222,824.5106637583042
2025-03-13,2,7,10,22.22222222222222,818.6308622471088
2025-03-17,2,7,10,22.22222222222222,815.929363804684
2025-03-18,2,7,10,22.22222222222222,842.2158586359517
2025-03-19,3,6,10,33.33333333333333,864.132688941611
2025-03-20,3,6,10,33.33333333333333,866.9820841068423
2025-03-21,3,6,10,33.33333333333333,890.3689987489
2025-03-24,4,5,10,44.44444444444444,886.8075527475544
2025-03-25,4,5,10,44.44444444444444,872.8100512862546
2025-03-26,3,6,10,33.33333333333333,851.447230817002
2025-03-27,2,7,10,22.22222222222222,842.4535881090302
2025-03-28,2,7,10,22.22222222222222,834.325974213846
2025-04-01,4,5,10,44.44444444444444,863.5858551738437
2025-04-02,4,5,10,44.44444444444444,879.4356233414495
2025-04-03,4,5,10,44.44444444444444,887.960286806417
2025-04-04,3,6,10,33.33333333333333,858.9301861265834
2025-04-07,2,7,10,22.22222222222222,828.2859973107396
2025-04-08,3,6,10,33.33333333333333,843.6313950549522
2025-04-09,3,6,10,33.33333333333333,831.6661758964781
2025-04-11,3,6,10,33.33333333333333,854.8127740682095
2025-04-15,3,6,10,33.33333333333333,878.8444404634646
2025-04-16,3,6,10,33.33333333333333,878.4369254558577
2025-04-17,3,6,10,33.33333333333333,880.7613138003919
2025-04-21,3,6,10,33.33333333333333,896.3897636128719
2025-04-22,4,5,10,44.44444444444444,909.0216826569829
2025-04-23,5,4,10,55.55555555555556,901.9506173890862
2025-04-24,5,4,10,55.55555555555556,904.0211542153476
2025-04-25,5,4,10,55.55555555555556,873.7578192872087
2025-04-28,4,5,10,44.44444444444444,871.4270544033064
2025-04-29,4,5,10,44.44444444444444,872.6558121805836
2025-04-30,4,5,10,44.44444444444444,857.7943010694784
2025-05-02,4,5,10,44.44444444444444,866.0145615167708
2025-05-05,4,5,10,44.44444444444444,876.5345105584352
2025-05-06,3,6,10,33.33333333333333,839.4735393170599
2025-05-07,4,5,10,44.44444444444444,846.2718234989602
2025-05-08,4,5,10,44.44444444444444,829.5906111139058
2025-05-09,1,8,10,11.11111111111111,809.1412816506174
2025-05-12,5,4,10,55.55555555555556,872.4207061320328
2025-05-13,5,4,10,55.55555555555556,885.9328134611724
2025-05-14,5,4,10,55.55555555555556,896.7490770876657
2025-05-15,5,4,10,55.55555555555556,902.5033344009607
2025-05-16,5,4,10,55.55555555555556,923.8456552531447
2025-05-19,6,3,10,66.66666666666666,931.4429290911125
2025-05-20,6,3,10,66.66666666666666,916.917682372689
2025-05-21,6,3,10,66.66666666666666,924.0454534950949
2025-05-22,5,4,10,55.55555555555556,924.4523008972382
2025-05-23,6,3,10,66.66666666666666,937.2208019939264
2025-05-26,6,3,10,66.66666666666666,945.5491183757168
2025-05-27,6,3,10,66.66666666666666,943.6901665650724
2025-05-28,6,3,10,66.66666666666666,935.8281757084226
2025-05-29,6,3,10,66.66666666666666,937.3523597532218
2025-05-30,6,3,10,66.66666666666666,940.4266706735712
2025-06-02,8,1,10,88.88888888888889,944.6437576740104
2025-06-03,7,2,10,77.77777777777779,938.6923572356997
2025-06-04,6,3,10,66.66666666666666,937.4188044164033
2025-06-05,6,3,10,66.66666666666666,936.4770834495238
2025-06-06,6,3,10,66.66666666666666,937.7873027058913
2025-06-09,7,2,10,77.77777777777779,948.9769418583156
2025-06-10,7,2,10,77.77777777777779,941.3656714933533
2025-06-11,6,3,10,66.66666666666666,940.5948180772139
2025-06-12,4,5,10,44.44444444444444,918.8059939710998
2025-06-13,4,5,10,44.44444444444444,909.654869979598
2025-06-16,4,5,10,44.44444444444444,908.8244131489199
2025-06-17,4,5,10,44.44444444444444,903.4530027423876
2025-06-18,5,4,10,55.55555555555556,899.1965474439363
2025-06-19,3,6,10,33.33333333333333,884.5680945814757
2025-06-20,4,5,10,44.44444444444444,889.6253308807707
2025-06-23,4,5,10,44.44444444444444,888.6054632770408
2025-06-24,4,5,10,44.44444444444444,901.138961343214
2025-06-25,5,4,10,55.55555555555556,915.4449298078539
2025-06-26,5,4,10,55.55555555555556,916.0600345498951
2025-06-27,5,4,10,55.55555555555556,910.9161110448529
2025-06-30,4,5,10,44.44444444444444,915.2009211468242
2025-07-01,4,5,10,44.44444444444444,913.0850579132897
2025-07-02,4,5,10,44.44444444444444,903.4342809108232
2025-07-03,4,5,10,44.44444444444444,898.6949869663792
2025-07-04,4,5,10,44.44444444444444,899.6352628771634
2025-07-07,4,5,10,44.44444444444444,898.9498127989726
2025-07-08,4,5,10,44.44444444444444,904.4041801032711
2025-07-09,6,3,10,66.66666666666666,908.9219958089137
2025-07-10,6,3,10,66.66666666666666,924.3912054127865
2025-07-11,6,3,10,66.66666666666666,916.4349736638251
2025-07-14,6,3,10,66.66666666666666,915.677738564608
2025-07-15,6,3,10,66.66666666666666,928.9571506769862
2025-07-16,7,2,10,77.77777777777779,941.761430503813
2025-07-17,7,2,10,77.77777777777779,950.567807671313
2025-07-18,6,3,10,66.66666666666666,952.9051610812631
2025-07-21,7,2,10,77.77777777777779,946.910548260308
2025-07-22,6,3,10,66.66666666666666,939.1508415280514
2025-07-23,6,3,10,66.66666666666666,941.9785901471023
2025-07-24,6,3,10,66.66666666666666,941.6602612081052
2025-07-25,5,4,10,55.55555555555556,922.9846936836491
2025-07-28,5,4,10,55.55555555555556,914.2431337044524
2025-07-29,5,4,10,55.55555555555556,920.6505424647863
2025-07-30,5,4,10,55.55555555555556,916.5244664076056
2025-07-31,5,4,10,55.55555555555556,914.1790819859029
2025-08-01,5,4,10,55.55555555555556,906.6949684327593
2025-08-04,5,4,10,55.55555555555556,911.1371847838819
2025-08-05,4,5,10,44.44444444444444,903.0585014908332
2025-08-06,4,5,10,44.44444444444444,898.5902622938308
2025-08-07,4,5,10,44.44444444444444,898.6733512730891
2025-08-08,4,5,10,44.44444444444444,890.3997390377823
2025-08-11,4,5,10,44.44444444444444,885.1099098236048
2025-08-12,3,6,10,33.33333333333333,888.5064360959836
2025-08-13,5,4,10,55.55555555555556,911.1778282864059
2025-08-14,5,4,10,55.55555555555556,899.7321638728538
2025-08-18,6,3,10,66.66666666666666,911.2226370227606
2025-08-19,5,4,10,55.55555555555556,914.727318390648
2025-08-20,6,3,10,66.66666666666666,941.5761698586177
2025-08-21,6,3,10,66.66666666666666,951.623525162475
2025-08-22,6,3,10,66.66666666666666,948.525679483644
2025-08-25,6,3,10,66.66666666666666,945.636917648193
2025-08-26,5,4,10,55.55555555555556,925.3049747604299
2025-08-28,5,4,10,55.55555555555556,924.416162800239
2025-08-29,4,5,10,44.44444444444444,919.6915668881161
2025-09-01,4,5,10,44.44444444444444,927.5084553429448
2025-09-02,5,4,10,55.55555555555556,932.6045715587759
2025-09-03,5,4,10,55.55555555555556,946.2431647430689
2025-09-04,5,4,10,55.55555555555556,945.2000731863482
2025-09-05,6,4,10,60.0,947.036767723176
2025-09-08,6,4,10,60.0,960.5502334081469
2025-09-09,6,4,10,60.0,962.8049879890127
2025-09-10,6,4,10,60.0,956.9192938893254
2025-09-11,6,4,10,60.0,951.1715633004362
2025-09-12,6,4,10,60.0,947.6329953528625
2025-09-15,7,3,10,70.0,956.6877635942417
2025-09-16,6,4,10,60.0,955.1220997374334
2025-09-17,7,3,10,70.0,950.8523213361098
2025-09-18,7,3,10,70.0,949.656230577388
2025-09-19,6,4,10,60.0,939.2029963644852
2025-09-22,6,4,10,60.0,932.2818087799199
2025-09-23,6,4,10,60.0,929.6078824989798
2025-09-24,6,4,10,60.0,919.1899408251907
2025-09-25,5,5,10,50.0,910.6407642026325
2025-09-26,4,6,10,40.0,892.1638339901244
2025-09-29,4,6,10,40.0,890.1082897783558
2025-09-30,4,6,10,40.0,887.468830391112
2025-10-01,4,6,10,40.0,887.6863029372676
2025-10-03,6,4,10,60.0,912.4050008957927
2025-10-06,6,4,10,60.0,901.063932872936
2025-10-07,6,4,10,60.0,897.7507569866711
2025-10-08,6,4,10,60.0,898.1435426948188
2025-10-09,5,5,10,50.0,893.4106207174997
2025-10-10,5,5,10,50.0,889.473027940077
2025-10-13,5,5,10,50.0,882.1296165194408
2025-10-14,4,6,10,40.0,868.2585918682289
2025-10-15,4,6,10,40.0,877.3566100227054
2025-10-16,4,6,10,40.0,882.3761056730484
2025-10-17,4,6,10,40.0,877.8165401289762
2025-10-20,4,6,10,40.0,879.2173885120096
2025-10-21,5,5,10,50.0,886.4549249928682
2025-10-23,5,5,10,50.0,883.1211381202925
2025-10-24,4,6,10,40.0,879.9208558866685
2025-10-27,4,6,10,40.0,879.9977110579963
2025-10-28,4,6,10,40.0,879.3311762787157
2025-10-29,4,6,10,40.0,882.7179548670673
2025-10-30,4,6,10,40.0,885.0595949518673
2025-10-31,4,6,10,40.0,880.5027623057464
2025-11-03,4,6,10,40.0,884.3885880485542
2025-11-04,4,6,10,40.0,882.0950591081248
2025-11-06,4,6,10,40.0,863.0019272726644
2025-11-07,3,7,10,30.0,861.565150091919
2025-11-10,3,7,10,30.0,855.4853891124462
2025-11-11,3,7,10,30.0,849.5681687194387
2025-11-12,3,7,10,30.0,852.5656356368229
2025-11-13,3,7,10,30.0,850.7759862756567
2025-11-14,3,7,10,30.0,842.8878192309699
2025-11-17,2,8,10,20.0,840.5975497735628
2025-11-18,2,8,10,20.0,844.5455041230257
2025-11-19,3,7,10,30.0,839.5271383679564
2025-11-20,3,7,10,30.0,845.9607541756318
2025-11-21,3,7,10,30.0,835.9646922383913
2025-11-24,2,8,10,20.0,825.7561948581127
2025-11-25,2,8,10,20.0,826.2707584286893
2025-11-26,2,8,10,20.0,834.9195378406102
2025-11-27,4,6,10,40.0,827.758883205086
2025-11-28,2,8,10,20.0,833.9516181382553
2025-12-01,3,7,10,30.0,834.9265424455787
2025-12-02,2,8,10,20.0,826.7166744288611
2025-12-03,3,7,10,30.0,821.5268315809093
2025-12-04,3,7,10,30.0,818.884217729062
2025-12-05,3,7,10,30.0,814.0137935921202
2025-12-08,2,8,10,20.0,802.8064745636018
2025-12-09,2,8,10,20.0,806.9392890387942
2025-12-10,2,8,10,20.0,803.2509452592441
2025-12-11,2,8,10,20.0,801.3403769088402
2025-12-12,3,7,10,30.0,809.1992506186518
2025-12-15,1,9,10,10.0,803.155740290551
2025-12-16,1,9,10,10.0,796.6732996817927
2025-12-17,1,9,10,10.0,792.9015601714714
2025-12-18,1,9,10,10.0,788.0206679500277
2025-12-19,1,9,10,10.0,799.9878951951375
2025-12-22,1,9,10,10.0,815.9342249343439
2025-12-23,1,9,10,10.0,817.2735040072287
2025-12-24,1,9,10,10.0,812.4294395207194
2025-12-26,2,8,10,20.0,814.9402613562763
2025-12-29,2,8,10,20.0,807.4596583047743
2025-12-30,2,8,10,20.0,806.5481351572641
2025-12-31,2,8,10,20.0,807.7904402943398
2026-01-01,2,8,10,20.0,813.9837293201055
2026-01-02,2,8,10,20.0,820.5676886635897
2026-01-05,0,10,10,0.0,825.0521873954943
2026-01-06,0,10,10,0.0,816.0100537882233
2026-01-07,2,8,10,20.0,819.9051654527078
2026-01-08,1,9,10,10.0,811.8191730595106
2026-01-09,0,10,10,0.0,802.8298523448698
2026-01-12,0,10,10,0.0,794.192899414514
2026-01-13,0,10,10,0.0,798.8394709468479
2026-01-14,0,10,10,0.0,798.6316942914187
2026-01-16,0,10,10,0.0,798.6316942914187
2026-01-19,0,10,10,0.0,782.7697600454522
2026-01-20,0,10,10,0.0,769.2057031298834
2026-01-21,0,10,10,0.0,759.5723813141933
2026-01-22,0,10,10,0.0,762.3537629017876
2026-01-23,0,10,10,0.0,742.6596435784343
2026-01-27,0,10,10,0.0,729.991525706364
2026-01-28,0,10,10,0.0,747.8550826695955
2026-01-29,0,10,10,0.0,740.4238281475299
2026-01-30,0,10,10,0.0,753.2189661174589
2026-02-01,0,10,10,0.0,750.4716643943565
2026-02-02,0,10,10,0.0,754.0600176237774
2026-02-03,0,10,10,0.0,770.7013580708538
2026-02-04,0,10,10,0.0,771.1962711702611
2026-02-05,0,10,10,0.0,767.5998107067993
2026-02-06,0,10,10,0.0,762.3340267114014
2026-02-09,0,10,10,0.0,779.7876948457413
2026-02-10,0,10,10,0.0,789.1177052259823
2026-02-11,0,10,10,0.0,787.0504408300945
2026-02-12,0,10,10,0.0,775.4668195858287
2026-02-13,0,10,10,0.0,760.4949974762143
2026-02-16,0,10,10,0.0,753.5597835351936
2026-02-17,0,10,10,0.0,756.7295797525306
2026-02-18,0,10,10,0.0,757.6013809576948
2026-02-19,0,10,10,0.0,746.1395183878748
2026-02-20,0,10,10,0.0,739.9705888912675
2026-02-23,0,10,10,0.0,735.392106432
2026-02-24,0,10,10,0.0,726.734663995925
2026-02-25,0,10,10,0.0,720.2454021560984
2026-02-26,0,10,10,0.0,721.003655506911
2026-02-27,0,10,10,0.0,715.3454094809845
2026-03-02,0,10,10,0.0,699.6674791299473
2026-03-04,0,10,10,0.0,684.1937487598952
2026-03-05,0,10,10,0.0,690.1450737429506
2026-03-06,0,10,10,0.0,688.15738214593
2026-03-09,0,10,10,0.0,664.701089506133
2026-03-10,0,10,10,0.0,672.7744480129212
2026-03-11,0,10,10,0.0,671.7713888915631
2026-03-12,0,10,10,0.0,667.901585256945
2026-03-13,0,10,10,0.0,643.1657025316406
2026-03-16,0,10,10,0.0,635.4130575978073
2026-03-17,0,10,10,0.0,640.6796061000208
2026-03-18,0,10,10,0.0,656.3450730714795
2026-03-19,0,10,10,0.0,640.3025179312052
2026-03-20,0,10,10,0.0,636.1955337983738
2026-03-23,0,10,10,0.0,604.6899323934159
2026-03-24,0,10,10,0.0,622.4364786976407
2026-03-25,0,10,10,0.0,628.6358141683432
2026-03-27,0,10,10,0.0,599.0045998006398
2026-03-30,0,10,10,0.0,577.5288098885424
2026-04-01,0,10,10,0.0,616.5282279205891
2026-04-02,0,10,10,0.0,644.5470014255002
2026-04-06,0,10,10,0.0,651.3789055301594
2026-04-07,0,10,10,0.0,650.2470969110173
2026-04-08,0,10,10,0.0,679.8473133305431
2026-04-09,0,10,10,0.0,673.0497485240272
2026-04-10,0,10,10,0.0,688.1866300733077
2026-04-13,0,10,10,0.0,683.3306604199081
2026-04-15,0,10,10,0.0,705.9049844198364
2026-04-16,0,10,10,0.0,709.4904582338332
2026-04-17,0,10,10,0.0,714.9931140851207
2026-04-20,0,10,10,0.0,709.4646491075041
2026-04-21,0,10,10,0.0,721.7050680686201
2026-04-22,0,10,10,0.0,719.0810933137062
2026-04-23,0,10,10,0.0,706.9180795763383
2026-04-24,0,10,10,0.0,694.5315982455301
2026-04-27,0,10,10,0.0,702.8048101787446
2026-04-28,0,10,10,0.0,697.3897886159068
2026-04-29,0,10,10,0.0,692.134661769132
2026-04-30,0,10,10,0.0,688.7651328861734
2026-05-04,0,10,10,0.0,691.6230757935699
2026-05-05,0,10,10,0.0,693.1836237884299
2026-05-06,0,10,10,0.0,710.050049767085
2026-05-07,0,10,10,0.0,717.251028073325
2026-05-08,0,10,10,0.0,714.3987133149028
2026-05-11,0,10,10,0.0,694.6540352869166
2026-05-12,0,10,10,0.0,665.7490505732897
2026-05-13,0,10,10,0.0,665.4013776809591
2026-05-14,0,10,10,0.0,668.2955545363251
2026-05-15,0,10,10,0.0,670.9974926600289
2026-05-18,0,10,10,0.0,661.4205215619573
2026-05-19,0,10,10,0.0,667.9386107177953
2026-05-20,0,10,10,0.0,666.750802543556
2026-05-21,0,10,10,0.0,670.6012448154668
2026-05-22,0,10,10,0.0,674.72331234726
2026-05-25,0,10,10,0.0,681.9702736167321
2026-05-26,0,10,10,0.0,679.6587794421256
2026-05-27,0,10,10,0.0,682.8273344631032
2026-05-29,0,10,10,0.0,671.6819839847316
2026-06-01,0,10,10,0.0,666.6812476790237
2026-06-02,0,10,10,0.0,669.746215296434
2026-06-03,0,10,10,0.0,667.4810505312577
2026-06-04,0,10,10,0.0,669.795712688387
2026-06-05,0,10,10,0.0,668.0463836536986
2026-06-08,0,10,10,0.0,656.3498182058117
2026-06-09,0,10,10,0.0,668.0691539895357
2026-06-10,0,10,10,0.0,664.1814482062812
2026-06-11,0,10,10,0.0,653.538288223639
2026-06-12,0,10,10,0.0,671.9920087916657
2026-06-15,1,9,10,10.0,696.8242145889316
2026-06-22,2,8,10,20.0,727.8399472731647
2026-06-23,2,8,10,20.0,735.9289852317056
2026-06-24,2,8,10,20.0,734.5982858280587
2026-06-25,2,8,10,20.0,728.5706412853953
2026-06-29,2,8,10,20.0,720.0748874973299
2026-06-30,2,8,10,20.0,726.1607354239206
2026-07-01,2,8,10,20.0,726.7886020256503
2026-07-02,2,8,10,20.0,729.9879082792554
2026-07-03,2,8,10,20.0,730.718748473347
2026-07-06,2,8,10,20.0,733.0917625672599
2026-07-07,3,7,10,30.0,740.2713594999495
2026-07-08,2,8,10,20.0,718.0722684296018
2026-07-09,2,8,10,20.0,733.9605556863077
2026-07-10,4,6,10,40.0,741.4712512859038
2026-07-13,3,7,10,30.0,738.1354588987033
2026-07-14,3,7,10,30.0,730.2253666529828
2026-07-15,4,6,10,40.0,730.3516645222701
2026-07-16,3,7,10,30.0,725.8514574505061
2026-07-17,3,7,10,30.0,718.5790033588415
2026-07-20,3,7,10,30.0,724.7522702068595
2026-07-21,2,8,10,20.0,721.4086636781017
2026-07-22,2,8,10,20.0,707.50389564156
2026-07-23,2,8,10,20.0,702.5174727182967
2026-07-24,2,8,10,20.0,705.722004229104
2026-07-27,3,7,10,30.0,720.1849642829536
2026-07-28,3,7,10,30.0,712.8284712343902
2026-07-29,2,8,10,20.0,714.4296681917767
2026-07-30,2,8,10,20.0,711.1406208781638
2026-07-31,3,7,10,30.0,713.4900847836891
2026-08-03,3,7,10,30.0,722.4009790040715
2026-08-04,3,7,10,30.0,723.9760936608756
2026-08-05,4,6,10,40.0,725.7560842824558
2026-08-06,4,6,10,40.0,726.4674320124564
2026-08-07,3,7,10,30.0,716.330254028138
2026-08-10,3,7,10,30.0,706.6727446978542
2026-08-11,2,8,10,20.0,705.8732938239456
2026-08-12,2,8,10,20.0,699.493675858189
2026-08-13,2,8,10,20.0,693.7063526257765
2026-08-14,2,8,10,20.0,692.8035426657045
2026-08-17,3,7,10,30.0,690.2074811719694
2026-08-18,3,7,10,30.0,688.5435558149119
2026-08-19,3,7,10,30.0,697.5014297160725
2026-08-20,3,7,10,30.0,703.1768835151067
2026-08-21,3,7,10,30.0,704.3368026291579
2026-08-24,3,7,10,30.0,703.9624418716185
2026-08-25,3,7,10,30.0,705.3938418077942
2026-08-26,3,7,10,30.0,704.992843490023
2026-08-27,3,7,10,30.0,698.3775095594738
2026-08-28,3,7,10,30.0,693.1786802161287
2026-08-31,3,7,10,30.0,692.7432728517409
2026-09-01,3,7,10,30.0,689.7749544904365
2026-09-02,3,7,10,30.0,690.514657264957
2026-09-03,3,7,10,30.0,691.842492058244
2026-09-04,3,7,10,30.0,691.7035023516318
