Date,Above,Below,Total,Percentage,Index_Close
2014-08-07,12,0,12,100.0,141.63076741518847
2014-08-08,12,0,12,100.0,138.3973652939786
2014-08-11,12,0,12,100.0,140.1529666636471
2014-08-12,12,0,12,100.0,141.93016562652943
2014-08-13,12,0,12,100.0,139.04417337237717
2014-08-14,12,0,12,100.0,140.41991908315381
2014-08-18,12,0,12,100.0,143.74656073139735
2014-08-19,12,0,12,100.0,145.373071761063
2014-08-20,12,0,12,100.0,144.58346032346773
2014-08-21,12,0,12,100.0,147.68317911340483
2014-08-22,12,0,12,100.0,149.79447064812342
2014-08-25,12,0,12,100.0,147.54250255758092
2014-08-26,12,0,12,100.0,146.69230310293176
2014-08-27,12,0,12,100.0,147.89890315926039
2014-08-28,12,0,12,100.0,147.08448592632627
2014-09-01,12,0,12,100.0,150.89770871756048
2014-09-02,12,0,12,100.0,151.5320087352787
2014-09-03,12,0,12,100.0,151.88924629182208
2014-09-04,12,0,12,100.0,150.6777581743009
2014-09-05,12,0,12,100.0,150.51120597036888
2014-09-08,12,0,12,100.0,152.33689883085023
2014-09-09,12,0,12,100.0,152.3434797118503
2014-09-10,12,0,12,100.0,152.09236978334366
2014-09-11,12,0,12,100.0,153.82693984316725
2014-09-12,12,0,12,100.0,155.06952091735005
2014-09-15,12,0,12,100.0,154.4531712784709
2014-09-16,12,0,12,100.0,149.8434770487053
2014-09-17,12,0,12,100.0,150.28685623512786
2014-09-18,12,0,12,100.0,153.78777505584563
2014-09-19,12,0,12,100.0,152.90733679645652
2014-09-22,12,0,12,100.0,153.8220513962617
2014-09-23,12,0,12,100.0,150.45022631981138
2014-09-24,12,0,12,100.0,147.81876611790196
2014-09-25,12,0,12,100.0,142.40900939016734
2014-09-26,12,0,12,100.0,146.47812673049447
2014-09-29,12,0,12,100.0,145.17786380124576
2014-09-30,12,0,12,100.0,144.19416785352712
2014-10-01,12,0,12,100.0,143.49300688755318
2014-10-07,12,0,12,100.0,141.72698996386436
2014-10-08,12,0,12,100.0,143.44222404349236
2014-10-09,12,0,12,100.0,147.93271696024934
2014-10-10,12,0,12,100.0,145.80267039039782
2014-10-13,12,0,12,100.0,148.76083827343638
2014-10-14,12,0,12,100.0,150.46082104719648
2014-10-16,12,0,12,100.0,148.1309926191745
2014-10-17,12,0,12,100.0,151.4508713926591
2014-10-20,12,0,12,100.0,154.25880396188418
2014-10-21,12,0,12,100.0,155.4094697342332
2014-10-22,12,0,12,100.0,156.05728430097662
2014-10-23,12,0,12,100.0,156.18699701227328
2014-10-27,12,0,12,100.0,157.7609930547982
2014-10-28,12,0,12,100.0,158.43677231265164
2014-10-29,12,0,12,100.0,157.42416923712054
2014-10-30,12,0,12,100.0,158.8721272276703
2014-10-31,12,0,12,100.0,162.02591564265853
2014-11-03,12,0,12,100.0,163.0068317545411
2014-11-05,12,0,12,100.0,164.23273243832406
2014-11-07,12,0,12,100.0,163.73321070485102
2014-11-10,12,0,12,100.0,162.78512305801547
2014-11-11,12,0,12,100.0,164.8899483550916
2014-11-12,12,0,12,100.0,166.6473482422281
2014-11-13,12,0,12,100.0,164.40116411387808
2014-11-14,12,0,12,100.0,165.0156913330463
2014-11-17,12,0,12,100.0,167.44835766566686
2014-11-18,12,0,12,100.0,167.93574198285572
2014-11-19,12,0,12,100.0,165.76751184447255
2014-11-20,12,0,12,100.0,165.46246741485825
2014-11-21,12,0,12,100.0,169.08565613781568
2014-11-24,12,0,12,100.0,170.14784199840796
2014-11-25,12,0,12,100.0,166.37564340643846
2014-11-26,12,0,12,100.0,166.359759764969
2014-11-27,12,0,12,100.0,167.5706866276826
2014-11-28,12,0,12,100.0,174.6711623282479
2014-12-01,12,0,12,100.0,174.83726818724085
2014-12-02,12,0,12,100.0,175.51837301918292
2014-12-03,12,0,12,100.0,177.14294657779607
2014-12-04,12,0,12,100.0,178.25503527248244
2014-12-05,12,0,12,100.0,178.62979810721035
2014-12-08,12,0,12,100.0,176.52983891458163
2014-12-09,12,0,12,100.0,172.7307928484447
2014-12-10,12,0,12,100.0,175.4005912033083
2014-12-11,12,0,12,100.0,175.19245033607606
2014-12-12,12,0,12,100.0,173.80457752082165
2014-12-15,12,0,12,100.0,174.34216815476393
2014-12-16,12,0,12,100.0,169.4221288118637
2014-12-17,12,0,12,100.0,170.2454402715404
2014-12-18,12,0,12,100.0,175.6479267250912
2014-12-19,12,0,12,100.0,175.8426428344718
2014-12-22,12,0,12,100.0,178.39120893249802
2014-12-23,12,0,12,100.0,177.38514001290918
2014-12-24,12,0,12,100.0,177.8094075547785
2014-12-26,12,0,12,100.0,179.22678360391214
2014-12-29,12,0,12,100.0,178.5927859173627
2014-12-30,12,0,12,100.0,180.3945890214868
2014-12-31,12,0,12,100.0,181.22483716247692
2015-01-01,12,0,12,100.0,181.443290198264
2015-01-02,12,0,12,100.0,183.10434310605177
2015-01-05,12,0,12,100.0,182.6357813201721
2015-01-06,12,0,12,100.0,176.94223895695055
2015-01-07,12,0,12,100.0,175.91217131989433
2015-01-08,12,0,12,100.0,179.82470632543325
2015-01-09,12,0,12,100.0,179.18773080642492
2015-01-12,12,0,12,100.0,181.554792998485
2015-01-13,12,0,12,100.0,181.02494884170557
2015-01-14,12,0,12,100.0,179.49715871117937
2015-01-15,12,0,12,100.0,184.77485730023798
2015-01-16,12,0,12,100.0,183.6258450514569
2015-01-19,12,0,12,100.0,185.50512649780623
2015-01-20,12,0,12,100.0,188.14221222905144
2015-01-21,12,0,12,100.0,189.8187588665432
2015-01-22,12,0,12,100.0,189.72653926541275
2015-01-23,12,0,12,100.0,190.8287243119908
2015-01-27,12,0,12,100.0,192.1256730901174
2015-01-28,12,0,12,100.0,191.42092869128945
2015-01-29,12,0,12,100.0,189.36187604428162
2015-01-30,11,1,12,91.66666666666666,182.51802957039536
2015-02-02,12,0,12,100.0,183.26937830288327
2015-02-03,9,3,12,75.0,178.02959875313627
2015-02-04,9,3,12,75.0,176.54209217093413
2015-02-05,9,3,12,75.0,173.78408613132063
2015-02-06,9,3,12,75.0,171.9191281795565
2015-02-09,9,3,12,75.0,168.132453884622
2015-02-10,8,4,12,66.66666666666666,170.073517225467
2015-02-11,9,3,12,75.0,172.0903678056532
2015-02-12,8,4,12,66.66666666666666,172.73107858179443
2015-02-13,9,3,12,75.0,175.24028141389755
2015-02-16,9,3,12,75.0,173.40048625923163
2015-02-18,9,3,12,75.0,173.69452319599804
2015-02-19,9,3,12,75.0,172.19590461320934
2015-02-20,9,3,12,75.0,173.39092215646448
2015-02-23,8,4,12,66.66666666666666,172.00904040464584
2015-02-24,8,4,12,66.66666666666666,171.42409717705655
2015-02-25,8,4,12,66.66666666666666,170.16324891908707
2015-02-26,8,4,12,66.66666666666666,167.48616153108438
2015-02-27,8,4,12,66.66666666666666,173.14529916493697
2015-02-28,9,3,12,75.0,177.60214329074984
2015-03-02,9,3,12,75.0,180.3118922276338
2015-03-03,9,3,12,75.0,181.20447772311368
2015-03-04,9,3,12,75.0,177.08900197266266
2015-03-05,9,3,12,75.0,178.09406446153608
2015-03-09,8,4,12,66.66666666666666,173.41306232541586
2015-03-10,8,4,12,66.66666666666666,172.6987181261596
2015-03-11,8,4,12,66.66666666666666,172.32334671047994
2015-03-12,8,4,12,66.66666666666666,173.34584302877926
2015-03-13,8,4,12,66.66666666666666,170.30518696373983
2015-03-16,8,4,12,66.66666666666666,170.971705956373
2015-03-17,8,4,12,66.66666666666666,173.10093998827162
2015-03-18,8,4,12,66.66666666666666,173.90285590600143
2015-03-19,8,4,12,66.66666666666666,170.3578628544467
2015-03-20,7,5,12,58.333333333333336,168.81880807743522
2015-03-23,6,6,12,50.0,167.71616392368176
2015-03-24,5,7,12,41.66666666666667,166.26904657810687
2015-03-25,6,6,12,50.0,165.39668971373737
2015-03-26,5,7,12,41.66666666666667,161.34286270393457
2015-03-27,5,7,12,41.66666666666667,162.0904569572426
2015-03-30,5,7,12,41.66666666666667,164.33021541775298
2015-03-31,5,7,12,41.66666666666667,162.89753233697053
2015-04-01,6,6,12,50.0,167.7939306208175
2015-04-06,6,6,12,50.0,167.21128538636154
2015-04-07,5,7,12,41.66666666666667,166.47005212334466
2015-04-08,5,7,12,41.66666666666667,165.79643859208602
2015-04-09,6,6,12,50.0,170.37192464264177
2015-04-10,6,6,12,50.0,170.5324659690733
2015-04-13,6,6,12,50.0,171.5129475059297
2015-04-15,6,6,12,50.0,172.1504255980391
2015-04-16,6,6,12,50.0,170.7845311108599
2015-04-17,6,6,12,50.0,168.52157955594305
2015-04-20,6,6,12,50.0,165.27897764823888
2015-04-21,6,6,12,50.0,165.19347117968465
2015-04-22,6,6,12,50.0,165.81229495921272
2015-04-23,5,7,12,41.66666666666667,166.41602105050347
2015-04-24,5,7,12,41.66666666666667,162.97437584116042
2015-04-27,5,7,12,41.66666666666667,160.8448737548366
2015-04-28,6,6,12,50.0,163.76172691660395
2015-04-29,6,6,12,50.0,164.32252605659693
2015-04-30,6,6,12,50.0,164.31574514861154
2015-05-04,7,5,12,58.333333333333336,167.30779444617863
2015-05-05,7,5,12,58.333333333333336,166.98349888352857
2015-05-06,5,7,12,41.66666666666667,160.09177252674323
2015-05-07,5,7,12,41.66666666666667,155.74751332860126
2015-05-08,5,7,12,41.66666666666667,156.75893997271393
2015-05-11,6,6,12,50.0,162.88017154897105
2015-05-12,5,7,12,41.66666666666667,158.04791427753193
2015-05-13,5,7,12,41.66666666666667,162.54954852628288
2015-05-14,7,5,12,58.333333333333336,164.9028946885425
2015-05-15,7,5,12,58.333333333333336,165.29002613738035
2015-05-18,7,5,12,58.333333333333336,166.08255483266626
2015-05-19,7,5,12,58.333333333333336,166.0852931893838
2015-05-20,7,5,12,58.333333333333336,167.26128383679372
2015-05-21,7,5,12,58.333333333333336,167.1431645809164
2015-05-22,7,5,12,58.333333333333336,166.46945956655418
2015-05-25,6,6,12,50.0,165.55772883832847
2015-05-26,6,6,12,50.0,165.63309270386006
2015-05-27,7,5,12,58.333333333333336,168.06933688908583
2015-05-28,7,5,12,58.333333333333336,168.08172202307125
2015-05-29,7,5,12,58.333333333333336,170.0067823263315
2015-06-01,7,5,12,58.333333333333336,170.00555846172077
2015-06-02,6,6,12,50.0,163.57085480920097
2015-06-03,6,6,12,50.0,161.98594691515572
2015-06-04,6,6,12,50.0,160.98589647691537
2015-06-05,6,6,12,50.0,159.46444312489257
2015-06-08,5,7,12,41.66666666666667,156.58402890451
2015-06-09,6,6,12,50.0,156.53256626394284
2015-06-10,6,6,12,50.0,157.88158713324123
2015-06-11,5,7,12,41.66666666666667,153.44824561121513
2015-06-12,5,7,12,41.66666666666667,154.68867643988503
2015-06-15,5,7,12,41.66666666666667,153.47598015482453
2015-06-16,5,7,12,41.66666666666667,155.97466164356288
2015-06-17,6,6,12,50.0,156.30475606447686
2015-06-18,6,6,12,50.0,156.86445790855714
2015-06-19,6,6,12,50.0,158.36781652756983
2015-06-22,6,6,12,50.0,163.01003090970227
2015-06-23,6,6,12,50.0,164.96219733912744
2015-06-24,6,6,12,50.0,163.0306569209823
2015-06-25,6,6,12,50.0,164.63692600441254
2015-06-26,6,6,12,50.0,163.29973972524493
2015-06-29,6,6,12,50.0,161.75126688127608
2015-06-30,6,6,12,50.0,162.1170656478786
2015-07-01,6,6,12,50.0,165.96483419313702
2015-07-02,6,6,12,50.0,166.36630540506587
2015-07-03,6,6,12,50.0,168.1156721672677
2015-07-06,6,6,12,50.0,169.5948537564759
2015-07-07,6,6,12,50.0,169.29071188992626
2015-07-08,6,6,12,50.0,165.57385446722998
2015-07-09,6,6,12,50.0,166.7006662923468
2015-07-10,6,6,12,50.0,168.7638263090775
2015-07-13,6,6,12,50.0,170.61215946934004
2015-07-14,6,6,12,50.0,170.1357527173494
2015-07-15,6,6,12,50.0,169.76964694555662
2015-07-16,6,6,12,50.0,172.19670751043202
2015-07-17,6,6,12,50.0,171.66053587134397
2015-07-20,6,6,12,50.0,169.0340501499994
2015-07-21,6,6,12,50.0,165.8769699465983
2015-07-22,6,6,12,50.0,168.1964105431057
2015-07-23,6,6,12,50.0,167.3221471104969
2015-07-24,6,6,12,50.0,165.91426641802357
2015-07-27,5,7,12,41.66666666666667,161.64658477579624
2015-07-28,5,7,12,41.66666666666667,163.08449733532123
2015-07-29,5,7,12,41.66666666666667,162.42001815470186
2015-07-30,5,7,12,41.66666666666667,166.7143504785421
2015-07-31,6,6,12,50.0,170.45913901311806
2015-08-03,7,5,12,58.333333333333336,173.83076902007224
2015-08-04,8,4,12,66.66666666666666,177.066574311283
2015-08-05,8,4,12,66.66666666666666,176.57064981346625
2015-08-06,8,4,12,66.66666666666666,178.33427082242883
2015-08-07,7,5,12,58.333333333333336,176.48688206337772
2015-08-10,8,4,12,66.66666666666666,175.9146618105195
2015-08-11,7,5,12,58.333333333333336,173.783153208081
2015-08-12,5,7,12,41.66666666666667,168.19785056864382
2015-08-13,5,7,12,41.66666666666667,168.57178457561884
2015-08-14,7,5,12,58.333333333333336,175.6842440729272
2015-08-17,7,5,12,58.333333333333336,181.55838181169258
2015-08-18,8,4,12,66.66666666666666,181.34260117109767
2015-08-19,7,5,12,58.333333333333336,179.28253919588636
2015-08-20,5,7,12,41.66666666666667,173.23165662617257
2015-08-21,5,7,12,41.66666666666667,171.37326394559258
2015-08-24,3,9,12,25.0,156.60531727626895
2015-08-25,3,9,12,25.0,160.1618740835058
2015-08-26,1,11,12,8.333333333333332,156.84072848208874
2015-08-27,4,8,12,33.33333333333333,160.99247535187186
2015-08-28,2,10,12,16.666666666666664,159.55017838557106
2015-08-31,3,9,12,25.0,160.0234965663691
2015-09-01,0,12,12,0.0,152.68486820810782
2015-09-02,0,12,12,0.0,149.39009379966404
2015-09-03,0,12,12,0.0,152.3996309284635
2015-09-04,0,12,12,0.0,148.61096690973397
2015-09-07,0,12,12,0.0,145.83881484955933
2015-09-08,1,11,12,8.333333333333332,151.37315770061286
2015-09-09,2,10,12,16.666666666666664,155.0466165212123
2015-09-10,2,10,12,16.666666666666664,153.9041211822404
2015-09-11,2,10,12,16.666666666666664,154.34068550237637
2015-09-14,2,10,12,16.666666666666664,157.8129596717288
2015-09-15,2,10,12,16.666666666666664,155.93268987845562
2015-09-16,2,10,12,16.666666666666664,158.12275910956802
2015-09-18,4,8,12,33.33333333333333,162.77323164840953
2015-09-21,4,8,12,33.33333333333333,164.67543427536634
2015-09-22,3,9,12,25.0,159.24885502282626
2015-09-23,4,8,12,33.33333333333333,161.46318504261424
2015-09-24,4,8,12,33.33333333333333,161.1012572559971
2015-09-28,4,8,12,33.33333333333333,160.29968412803112
2015-09-29,4,8,12,33.33333333333333,161.93845819033567
2015-09-30,4,8,12,33.33333333333333,160.2872948872952
2015-10-01,3,9,12,25.0,159.9885784704342
2015-10-05,4,8,12,33.33333333333333,164.33722025606988
2015-10-06,4,8,12,33.33333333333333,164.37107269348303
2015-10-07,4,8,12,33.33333333333333,164.73368833657446
2015-10-08,4,8,12,33.33333333333333,163.73844478405306
2015-10-09,4,8,12,33.33333333333333,163.51785946647107
2015-10-12,4,8,12,33.33333333333333,163.45451984172547
2015-10-13,4,8,12,33.33333333333333,162.96038447828934
2015-10-14,3,9,12,25.0,162.21500056909196
2015-10-15,4,8,12,33.33333333333333,164.45961016007195
2015-10-16,4,8,12,33.33333333333333,165.5117656842448
2015-10-19,4,8,12,33.33333333333333,164.8457444476441
2015-10-20,4,8,12,33.33333333333333,165.07506154602873
2015-10-21,3,9,12,25.0,162.01546480119376
2015-10-23,2,10,12,16.666666666666664,163.00866288546607
2015-10-26,2,10,12,16.666666666666664,161.32189612633118
2015-10-27,2,10,12,16.666666666666664,160.97600396437363
2015-10-28,2,10,12,16.666666666666664,157.11591775801307
2015-10-29,2,10,12,16.666666666666664,155.31548805884995
2015-10-30,3,9,12,25.0,155.5481901364865
2015-11-02,3,9,12,25.0,156.42887798785154
2015-11-03,3,9,12,25.0,156.53697681495723
2015-11-04,2,10,12,16.666666666666664,156.5572653815595
2015-11-05,2,10,12,16.666666666666664,154.07894081705155
2015-11-06,2,10,12,16.666666666666664,155.96854640303818
2015-11-09,3,9,12,25.0,156.50975339182565
2015-11-10,3,9,12,25.0,154.584364501297
2015-11-11,3,9,12,25.0,155.90965708043615
2015-11-13,3,9,12,25.0,155.92529382245704
2015-11-16,4,8,12,33.33333333333333,159.18515165601934
2015-11-17,4,8,12,33.33333333333333,158.32692929716274
2015-11-18,2,10,12,16.666666666666664,154.73340514342428
2015-11-19,3,9,12,25.0,156.6471158423179
2015-11-20,4,8,12,33.33333333333333,156.7588253873882
2015-11-23,4,8,12,33.33333333333333,156.71913903267154
2015-11-24,3,9,12,25.0,155.93579387097571
2015-11-26,4,8,12,33.33333333333333,156.5722116410186
2015-11-27,5,7,12,41.66666666666667,160.89772053097613
2015-11-30,5,7,12,41.66666666666667,161.73358762934006
2015-12-01,5,7,12,41.66666666666667,161.08375626033256
2015-12-02,5,7,12,41.66666666666667,158.6565566415334
2015-12-03,4,8,12,33.33333333333333,157.34869487722094
2015-12-04,3,9,12,25.0,155.25793288092285
2015-12-07,3,9,12,25.0,155.470849694968
2015-12-08,2,10,12,16.666666666666664,153.72925753408393
2015-12-09,1,11,12,8.333333333333332,151.57142819672714
2015-12-10,3,9,12,25.0,150.85063402944826
2015-12-11,1,11,12,8.333333333333332,147.16811276493706
2015-12-14,2,10,12,16.666666666666664,147.02269618498318
2015-12-15,3,9,12,25.0,147.3758294130955
2015-12-16,3,9,12,25.0,148.61168085814595
2015-12-17,3,9,12,25.0,150.360274200954
2015-12-18,3,9,12,25.0,149.609768437381
2015-12-21,3,9,12,25.0,151.40557387145495
2015-12-22,3,9,12,25.0,150.18553312500015
2015-12-23,3,9,12,25.0,151.41620968859112
2015-12-24,3,9,12,25.0,150.79279491424117
2015-12-28,3,9,12,25.0,152.07900082576595
2015-12-29,3,9,12,25.0,151.87391178839906
2015-12-30,3,9,12,25.0,150.8981868675136
2015-12-31,3,9,12,25.0,150.20471842328524
2016-01-01,3,9,12,25.0,151.75398171401454
2016-01-04,3,9,12,25.0,147.1252383196363
2016-01-05,3,9,12,25.0,146.16941699128125
2016-01-06,3,9,12,25.0,145.313394772296
2016-01-07,3,9,12,25.0,140.22233187342707
2016-01-08,3,9,12,25.0,141.16234790334616
2016-01-11,3,9,12,25.0,139.46483651507734
2016-01-12,2,10,12,16.666666666666664,135.47071976589692
2016-01-13,3,9,12,25.0,135.80604665639564
2016-01-14,2,10,12,16.666666666666664,133.0343605797281
2016-01-15,1,11,12,8.333333333333332,128.34576622985526
2016-01-18,1,11,12,8.333333333333332,126.98739562395218
2016-01-19,0,12,12,0.0,128.9271449785564
2016-01-20,0,12,12,0.0,125.06645874548241
2016-01-21,0,12,12,0.0,126.86344430527757
2016-01-22,1,11,12,8.333333333333332,131.78565464012385
2016-01-25,2,10,12,16.666666666666664,131.1344854337763
2016-01-27,1,11,12,8.333333333333332,132.72021119309088
2016-01-28,1,11,12,8.333333333333332,131.20338696987233
2016-01-29,2,10,12,16.666666666666664,132.91438280668152
2016-02-01,4,8,12,33.33333333333333,131.0688598769038
2016-02-02,2,10,12,16.666666666666664,129.42599250373092
2016-02-03,2,10,12,16.666666666666664,127.69108351374632
2016-02-04,1,11,12,8.333333333333332,128.00648177637294
2016-02-05,4,8,12,33.33333333333333,131.90968891311593
2016-02-08,1,11,12,8.333333333333332,132.19804036053415
2016-02-09,0,12,12,0.0,128.68272551184037
2016-02-10,0,12,12,0.0,124.67762575776248
2016-02-11,0,12,12,0.0,120.07798342925014
2016-02-12,0,12,12,0.0,118.9045755457947
2016-02-15,0,12,12,0.0,125.57415563965624
2016-02-16,0,12,12,0.0,121.77910586837417
2016-02-17,0,12,12,0.0,122.50677533179703
2016-02-18,0,12,12,0.0,123.4268232973422
2016-02-19,0,12,12,0.0,124.71110048007957
2016-02-22,0,12,12,0.0,124.72359540477933
2016-02-23,0,12,12,0.0,120.92483707032642
2016-02-24,0,12,12,0.0,119.8925492079163
2016-02-25,0,12,12,0.0,117.70438168919661
2016-02-26,0,12,12,0.0,119.13681164568422
2016-02-29,0,12,12,0.0,119.31961038462731
2016-03-01,0,12,12,0.0,123.68078436978722
2016-03-02,0,12,12,0.0,130.8817764897628
2016-03-03,0,12,12,0.0,131.43650309764675
2016-03-04,2,10,12,16.666666666666664,134.02271918603847
2016-03-08,2,10,12,16.666666666666664,132.07369866717272
2016-03-09,2,10,12,16.666666666666664,133.25957559328094
2016-03-10,2,10,12,16.666666666666664,132.13627549059527
2016-03-11,2,10,12,16.666666666666664,132.16265346329084
2016-03-14,2,10,12,16.666666666666664,132.83887599185005
2016-03-15,2,10,12,16.666666666666664,133.5755240897524
2016-03-16,2,10,12,16.666666666666664,134.32339611999552
2016-03-17,2,10,12,16.666666666666664,134.63330377805724
2016-03-18,2,10,12,16.666666666666664,136.54534335541993
2016-03-21,2,10,12,16.666666666666664,138.98659815807795
2016-03-22,3,9,12,25.0,138.6520853655102
2016-03-23,2,10,12,16.666666666666664,137.88584214687242
2016-03-28,2,10,12,16.666666666666664,134.34714807744444
2016-03-29,3,9,12,25.0,134.67196314589273
2016-03-30,4,8,12,33.33333333333333,138.86133468414081
2016-03-31,4,8,12,33.33333333333333,139.03278736991533
2016-04-01,4,8,12,33.33333333333333,141.28137633905175
2016-04-04,4,8,12,33.33333333333333,140.58396608739153
2016-04-05,3,9,12,25.0,135.1035416276839
2016-04-06,3,9,12,25.0,134.42807082757017
2016-04-07,3,9,12,25.0,133.1549226907025
2016-04-08,3,9,12,25.0,133.6357860348431
2016-04-11,3,9,12,25.0,136.43160055339305
2016-04-12,4,8,12,33.33333333333333,137.10380973662225
2016-04-13,4,8,12,33.33333333333333,140.11293472377184
2016-04-18,4,8,12,33.33333333333333,139.0370015204064
2016-04-20,4,8,12,33.33333333333333,139.85736324362372
2016-04-21,4,8,12,33.33333333333333,143.51855100403768
2016-04-22,6,6,12,50.0,145.20562293024412
2016-04-25,4,8,12,33.33333333333333,144.31202642047472
2016-04-26,6,6,12,50.0,147.35368716198894
2016-04-27,5,7,12,41.66666666666667,146.60284893664374
2016-04-28,5,7,12,41.66666666666667,145.09566903685948
2016-04-29,5,7,12,41.66666666666667,144.61763481318764
2016-05-02,5,7,12,41.66666666666667,142.91208884485062
2016-05-03,5,7,12,41.66666666666667,141.31173948713388
2016-05-04,4,8,12,33.33333333333333,139.4404253527222
2016-05-05,4,8,12,33.33333333333333,139.2962834955107
2016-05-06,4,8,12,33.33333333333333,139.47988701062798
2016-05-09,5,7,12,41.66666666666667,143.18120167480697
2016-05-10,5,7,12,41.66666666666667,143.69693310546128
2016-05-11,5,7,12,41.66666666666667,142.33305038674777
2016-05-12,5,7,12,41.66666666666667,143.2848405062011
2016-05-13,5,7,12,41.66666666666667,141.76366279964253
2016-05-16,5,7,12,41.66666666666667,139.55950186938625
2016-05-17,5,7,12,41.66666666666667,139.5379748777441
2016-05-18,5,7,12,41.66666666666667,140.48147189667114
2016-05-19,5,7,12,41.66666666666667,137.78168405069974
2016-05-20,5,7,12,41.66666666666667,137.590774979911
2016-05-23,5,7,12,41.66666666666667,136.28183770298415
2016-05-24,5,7,12,41.66666666666667,136.36328255276436
2016-05-25,5,7,12,41.66666666666667,140.8456708743627
2016-05-26,5,7,12,41.66666666666667,144.1484836521618
2016-05-27,5,7,12,41.66666666666667,145.83934850881107
2016-05-30,5,7,12,41.66666666666667,146.26128365646105
2016-05-31,5,7,12,41.66666666666667,148.6628323543746
2016-06-01,5,7,12,41.66666666666667,145.64717826625008
2016-06-02,5,7,12,41.66666666666667,147.6225137476875
2016-06-03,5,7,12,41.66666666666667,147.23313895301447
2016-06-06,5,7,12,41.66666666666667,148.64169757498033
2016-06-07,8,4,12,66.66666666666666,151.24504874317907
2016-06-08,8,4,12,66.66666666666666,152.3458965606054
2016-06-09,8,4,12,66.66666666666666,152.73159222937616
2016-06-10,7,5,12,58.333333333333336,152.3495339762007
2016-06-13,6,6,12,50.0,150.48646951738735
2016-06-14,7,5,12,58.333333333333336,153.18681903151864
2016-06-15,8,4,12,66.66666666666666,155.20584142547872
2016-06-16,7,5,12,58.333333333333336,154.68343784306322
2016-06-17,7,5,12,58.333333333333336,155.21344816627246
2016-06-20,7,5,12,58.333333333333336,156.07671334932542
2016-06-21,7,5,12,58.333333333333336,155.2593721185654
2016-06-22,7,5,12,58.333333333333336,154.77115490970735
2016-06-23,8,4,12,66.66666666666666,157.2322156745799
2016-06-24,7,5,12,58.333333333333336,154.0977701962283
2016-06-27,8,4,12,66.66666666666666,155.98854539554233
2016-06-28,9,3,12,75.0,156.52744129932375
2016-06-29,9,3,12,75.0,157.65348137624468
2016-06-30,10,2,12,83.33333333333334,159.76906366216858
2016-07-01,10,2,12,83.33333333333334,161.08116507490612
2016-07-04,11,1,12,91.66666666666666,163.63795222852704
2016-07-05,11,1,12,91.66666666666666,163.48237150411222
2016-07-07,11,1,12,91.66666666666666,163.71806068179652
2016-07-08,11,1,12,91.66666666666666,163.16495777760485
2016-07-11,11,1,12,91.66666666666666,167.94060151712227
2016-07-12,12,0,12,100.0,169.73535457131675
2016-07-13,11,1,12,91.66666666666666,168.76317252764633
2016-07-14,12,0,12,100.0,173.15704041148177
2016-07-15,12,0,12,100.0,173.584518446148
2016-07-18,12,0,12,100.0,171.565854244553
2016-07-19,12,0,12,100.0,171.6538508934923
2016-07-20,12,0,12,100.0,172.30578021456338
2016-07-21,11,1,12,91.66666666666666,168.21524832417614
2016-07-22,10,2,12,83.33333333333334,167.3420374750177
2016-07-25,11,1,12,91.66666666666666,172.2694566679116
2016-07-26,11,1,12,91.66666666666666,171.34512084574465
2016-07-27,11,1,12,91.66666666666666,173.06917623009383
2016-07-28,11,1,12,91.66666666666666,172.47105353064873
2016-07-29,11,1,12,91.66666666666666,170.83358075123294
2016-08-01,10,2,12,83.33333333333334,169.09842813723023
2016-08-02,11,1,12,91.66666666666666,169.66302502601076
2016-08-03,10,2,12,83.33333333333334,168.66828519064057
2016-08-04,12,0,12,100.0,170.07616696470473
2016-08-05,12,0,12,100.0,173.55284443286968
2016-08-08,11,1,12,91.66666666666666,172.54873911296184
2016-08-09,11,1,12,91.66666666666666,173.05795052698846
2016-08-10,11,1,12,91.66666666666666,170.18773599687722
2016-08-11,10,2,12,83.33333333333334,168.1283567243943
2016-08-12,10,2,12,83.33333333333334,172.73716262076633
2016-08-16,11,1,12,91.66666666666666,173.17374758034256
2016-08-17,12,0,12,100.0,174.16255833190726
2016-08-18,12,0,12,100.0,176.95600874420506
2016-08-19,12,0,12,100.0,179.00465571555094
2016-08-22,12,0,12,100.0,178.04744825477368
2016-08-23,12,0,12,100.0,178.63606794325173
2016-08-24,12,0,12,100.0,178.91927101512258
2016-08-25,12,0,12,100.0,178.1020009906433
2016-08-26,12,0,12,100.0,176.48754868735213
2016-08-29,12,0,12,100.0,177.47216835883162
2016-08-30,12,0,12,100.0,180.92038301559873
2016-08-31,12,0,12,100.0,182.4943699646052
2016-09-01,12,0,12,100.0,181.78378535581132
2016-09-02,12,0,12,100.0,183.58284732854628
2016-09-06,12,0,12,100.0,189.19577821957992
2016-09-07,12,0,12,100.0,192.10836816913596
2016-09-08,12,0,12,100.0,192.31257805765432
2016-09-09,12,0,12,100.0,190.55116883373074
2016-09-12,12,0,12,100.0,183.64210417598318
2016-09-14,12,0,12,100.0,187.24249941089911
2016-09-15,12,0,12,100.0,185.26832851188922
2016-09-16,12,0,12,100.0,184.12199778777995
2016-09-19,12,0,12,100.0,185.46690395777412
2016-09-20,12,0,12,100.0,184.7927686373568
2016-09-21,12,0,12,100.0,184.0553493211703
2016-09-22,12,0,12,100.0,188.01585566470095
2016-09-23,12,0,12,100.0,185.95342158208106
2016-09-26,12,0,12,100.0,183.95083735843448
2016-09-27,12,0,12,100.0,183.21673031620642
2016-09-28,12,0,12,100.0,186.96171629469745
2016-09-29,12,0,12,100.0,179.83217780066522
2016-09-30,12,0,12,100.0,182.6262508346441
2016-10-03,12,0,12,100.0,186.5261111938247
2016-10-04,12,0,12,100.0,189.06762152141127
2016-10-05,12,0,12,100.0,188.05392039445158
2016-10-06,12,0,12,100.0,185.94901259016174
2016-10-07,12,0,12,100.0,186.053420164317
2016-10-10,12,0,12,100.0,185.23018441734882
2016-10-13,12,0,12,100.0,180.13205299077373
2016-10-14,12,0,12,100.0,180.81307405688136
2016-10-17,12,0,12,100.0,179.5881856893311
2016-10-18,12,0,12,100.0,184.18960107953498
2016-10-19,12,0,12,100.0,183.49009881815854
2016-10-20,12,0,12,100.0,186.9563259531385
2016-10-21,12,0,12,100.0,186.9460677139588
2016-10-24,12,0,12,100.0,188.31040482981888
2016-10-25,12,0,12,100.0,189.31866593147876
2016-10-26,11,1,12,91.66666666666666,186.35488192977505
2016-10-27,11,1,12,91.66666666666666,185.17117623377746
2016-10-28,11,1,12,91.66666666666666,186.77361956390743
2016-10-30,11,1,12,91.66666666666666,186.588679232935
2016-11-01,11,1,12,91.66666666666666,185.47091757873048
2016-11-02,11,1,12,91.66666666666666,181.15167262890552
2016-11-03,10,2,12,83.33333333333334,179.4657768414595
2016-11-04,10,2,12,83.33333333333334,177.57445375429805
2016-11-07,10,2,12,83.33333333333334,181.1122104947118
2016-11-08,10,2,12,83.33333333333334,181.53119137039263
2016-11-09,11,1,12,91.66666666666666,182.00985071343501
2016-11-10,12,0,12,100.0,192.56195066085363
2016-11-11,12,0,12,100.0,187.85229235463586
2016-11-15,11,1,12,91.66666666666666,185.5309552790374
2016-11-16,11,1,12,91.66666666666666,184.13360492243405
2016-11-17,11,1,12,91.66666666666666,184.6871906458474
2016-11-18,11,1,12,91.66666666666666,185.24136941623573
2016-11-21,10,2,12,83.33333333333334,176.39590414450583
2016-11-22,10,2,12,83.33333333333334,178.09162879359087
2016-11-23,10,2,12,83.33333333333334,178.00596242116143
2016-11-24,10,2,12,83.33333333333334,176.84920287896531
2016-11-25,10,2,12,83.33333333333334,179.7865573817447
2016-11-28,10,2,12,83.33333333333334,177.21294009081686
2016-11-29,10,2,12,83.33333333333334,176.46838993442026
2016-11-30,11,1,12,91.66666666666666,180.11091607200999
2016-12-01,10,2,12,83.33333333333334,177.65373458498888
2016-12-02,9,3,12,75.0,174.97709430762023
2016-12-05,9,3,12,75.0,176.98361552179222
2016-12-06,9,3,12,75.0,177.2339236488828
2016-12-07,9,3,12,75.0,175.02019286278804
2016-12-08,11,1,12,91.66666666666666,177.39914391479556
2016-12-09,11,1,12,91.66666666666666,179.72697869210688
2016-12-12,9,3,12,75.0,176.18628583562744
2016-12-13,9,3,12,75.0,176.89783913480215
2016-12-14,8,4,12,66.66666666666666,175.2309965689233
2016-12-15,8,4,12,66.66666666666666,175.74983342263104
2016-12-16,9,3,12,75.0,174.48055302782063
2016-12-19,8,4,12,66.66666666666666,173.39680386085405
2016-12-20,8,4,12,66.66666666666666,170.53966294700845
2016-12-21,7,5,12,58.333333333333336,170.25649940880066
2016-12-22,7,5,12,58.333333333333336,167.81570701369557
2016-12-23,7,5,12,58.333333333333336,167.13828905245757
2016-12-26,4,8,12,33.33333333333333,163.04470075158108
2016-12-27,6,6,12,50.0,165.47840328218055
2016-12-28,4,8,12,33.33333333333333,165.31628050996227
2016-12-29,6,6,12,50.0,166.17744468148555
2016-12-30,8,4,12,66.66666666666666,167.82297950062562
2017-01-02,7,5,12,58.333333333333336,166.2955550704096
2017-01-03,6,6,12,50.0,167.4705530900436
2017-01-04,6,6,12,50.0,166.14209245600233
2017-01-05,7,5,12,58.333333333333336,169.07228919322245
2017-01-06,8,4,12,66.66666666666666,170.81552163529915
2017-01-09,8,4,12,66.66666666666666,171.10213556711392
2017-01-10,8,4,12,66.66666666666666,172.12601780962666
2017-01-11,10,2,12,83.33333333333334,177.90917582339864
2017-01-12,10,2,12,83.33333333333334,177.73473716115157
2017-01-13,10,2,12,83.33333333333334,178.24868304297715
2017-01-16,10,2,12,83.33333333333334,180.18883089990464
2017-01-17,10,2,12,83.33333333333334,180.86534636725062
2017-01-18,10,2,12,83.33333333333334,182.12517362022203
2017-01-19,10,2,12,83.33333333333334,182.29281765167516
2017-01-20,9,3,12,75.0,178.41020888107877
2017-01-23,9,3,12,75.0,179.3105718401141
2017-01-24,10,2,12,83.33333333333334,180.76244636479743
2017-01-25,11,1,12,91.66666666666666,185.00980933113962
2017-01-27,11,1,12,91.66666666666666,187.25757985757625
2017-01-30,11,1,12,91.66666666666666,187.07148465670812
2017-01-31,11,1,12,91.66666666666666,185.35320606205886
2017-02-01,11,1,12,91.66666666666666,191.41387175260022
2017-02-02,11,1,12,91.66666666666666,193.1481715856382
2017-02-03,11,1,12,91.66666666666666,197.95019220390031
2017-02-06,11,1,12,91.66666666666666,198.62927032313644
2017-02-07,11,1,12,91.66666666666666,198.88876646877515
2017-02-08,11,1,12,91.66666666666666,198.08910953617635
2017-02-09,11,1,12,91.66666666666666,195.59106782124758
2017-02-10,11,1,12,91.66666666666666,196.3086592280783
2017-02-13,11,1,12,91.66666666666666,194.07025629394974
2017-02-14,11,1,12,91.66666666666666,193.9962221151007
2017-02-15,11,1,12,91.66666666666666,190.93817149292192
2017-02-16,11,1,12,91.66666666666666,192.30121147042559
2017-02-17,11,1,12,91.66666666666666,193.6322313421389
2017-02-20,11,1,12,91.66666666666666,194.56808778739045
2017-02-21,11,1,12,91.66666666666666,196.57612454724804
2017-02-22,12,0,12,100.0,196.51092017118654
2017-02-23,12,0,12,100.0,196.28453034321743
2017-02-27,11,1,12,91.66666666666666,193.82791410423212
2017-02-28,11,1,12,91.66666666666666,195.58926273633512
2017-03-01,11,1,12,91.66666666666666,197.28971661235707
2017-03-02,11,1,12,91.66666666666666,193.93781471672392
2017-03-03,11,1,12,91.66666666666666,193.40894430793873
2017-03-06,12,0,12,100.0,195.4461929225423
2017-03-07,11,1,12,91.66666666666666,194.9242592897089
2017-03-08,11,1,12,91.66666666666666,194.90576502406188
2017-03-09,12,0,12,100.0,195.26438804392495
2017-03-10,12,0,12,100.0,195.18674534418082
2017-03-14,11,1,12,91.66666666666666,198.45328381142505
2017-03-15,11,1,12,91.66666666666666,199.77868736088163
2017-03-16,11,1,12,91.66666666666666,202.23789273460667
2017-03-17,12,0,12,100.0,200.3622721334223
2017-03-20,11,1,12,91.66666666666666,200.38837742741813
2017-03-21,11,1,12,91.66666666666666,198.492252314789
2017-03-22,11,1,12,91.66666666666666,195.19708597790196
2017-03-23,11,1,12,91.66666666666666,196.6837127719946
2017-03-24,11,1,12,91.66666666666666,200.8193449551939
2017-03-27,11,1,12,91.66666666666666,201.94854646497436
2017-03-28,11,1,12,91.66666666666666,203.39585636285386
2017-03-29,11,1,12,91.66666666666666,204.6373806190003
2017-03-30,11,1,12,91.66666666666666,205.93715535750795
2017-03-31,11,1,12,91.66666666666666,205.1078885540814
2017-04-03,11,1,12,91.66666666666666,205.4563896065746
2017-04-05,11,1,12,91.66666666666666,207.48216869744255
2017-04-06,11,1,12,91.66666666666666,206.70006556419986
2017-04-07,11,1,12,91.66666666666666,203.83461422011675
2017-04-10,11,1,12,91.66666666666666,206.36716369894773
2017-04-11,12,0,12,100.0,209.6670686767701
2017-04-12,11,1,12,91.66666666666666,208.74705744722885
2017-04-13,11,1,12,91.66666666666666,208.82716893440823
2017-04-17,11,1,12,91.66666666666666,208.48048773701376
2017-04-18,11,1,12,91.66666666666666,207.99429540346898
2017-04-19,11,1,12,91.66666666666666,206.7171505270048
2017-04-20,11,1,12,91.66666666666666,207.48595733503598
2017-04-21,11,1,12,91.66666666666666,207.04145171434382
2017-04-24,11,1,12,91.66666666666666,209.57028385422532
2017-04-25,12,0,12,100.0,212.48565790514667
2017-04-26,12,0,12,100.0,213.9490364758945
2017-04-27,11,1,12,91.66666666666666,213.86727516669404
2017-04-28,11,1,12,91.66666666666666,220.15745572681485
2017-05-02,11,1,12,91.66666666666666,221.5886280872486
2017-05-03,11,1,12,91.66666666666666,222.5639338963304
2017-05-04,12,0,12,100.0,228.35484256949533
2017-05-05,11,1,12,91.66666666666666,226.55212977834148
2017-05-08,11,1,12,91.66666666666666,228.43165908129896
2017-05-09,12,0,12,100.0,225.6801118220245
2017-05-10,12,0,12,100.0,225.53726542818006
2017-05-11,12,0,12,100.0,225.62356892003072
2017-05-12,11,1,12,91.66666666666666,222.7264575446892
2017-05-15,11,1,12,91.66666666666666,223.66991365462323
2017-05-16,11,1,12,91.66666666666666,226.54563001016945
2017-05-17,11,1,12,91.66666666666666,225.05493086676384
2017-05-18,11,1,12,91.66666666666666,220.6839098429149
2017-05-19,11,1,12,91.66666666666666,221.1748573753677
2017-05-22,11,1,12,91.66666666666666,217.7491483380459
2017-05-23,11,1,12,91.66666666666666,216.07241571553834
2017-05-24,11,1,12,91.66666666666666,214.62833588053013
2017-05-25,11,1,12,91.66666666666666,220.28408582935825
2017-05-26,12,0,12,100.0,221.33186247313583
2017-05-29,11,1,12,91.66666666666666,216.9930163108893
2017-05-30,12,0,12,100.0,219.05030245247139
2017-05-31,12,0,12,100.0,219.82179955293813
2017-06-01,12,0,12,100.0,220.70841341485402
2017-06-02,12,0,12,100.0,221.9833569576322
2017-06-05,12,0,12,100.0,222.93017492841662
2017-06-06,12,0,12,100.0,220.90863564678367
2017-06-07,12,0,12,100.0,223.0057656858212
2017-06-08,12,0,12,100.0,222.26715734901074
2017-06-09,12,0,12,100.0,223.05597259662528
2017-06-12,12,0,12,100.0,218.72937442763626
2017-06-13,12,0,12,100.0,218.97722799826963
2017-06-14,12,0,12,100.0,220.53369269263877
2017-06-15,12,0,12,100.0,219.16948276394672
2017-06-16,12,0,12,100.0,219.81854120028382
2017-06-19,12,0,12,100.0,220.87316826566328
2017-06-20,12,0,12,100.0,220.20690331192364
2017-06-21,11,1,12,91.66666666666666,219.85601425582857
2017-06-22,11,1,12,91.66666666666666,220.0357946661359
2017-06-23,10,2,12,83.33333333333334,216.90422666961413
2017-06-27,8,4,12,66.66666666666666,211.84268883832357
2017-06-28,8,4,12,66.66666666666666,212.5973845197219
2017-06-29,9,3,12,75.0,213.26130116336185
2017-06-30,9,3,12,75.0,214.28255837054252
2017-07-03,10,2,12,83.33333333333334,215.64684301949964
2017-07-04,9,3,12,75.0,214.19419678259254
2017-07-05,10,2,12,83.33333333333334,216.1480613411639
2017-07-06,11,1,12,91.66666666666666,218.85140081652375
2017-07-07,11,1,12,91.66666666666666,218.56869690909738
2017-07-10,12,0,13,100.0,223.06806201350722
2017-07-11,11,1,13,91.66666666666666,221.76498650398747
2017-07-12,11,1,13,91.66666666666666,225.24600885247548
2017-07-13,11,1,13,91.66666666666666,228.6205372396242
2017-07-14,11,1,13,91.66666666666666,227.20223518246394
2017-07-17,11,1,13,91.66666666666666,227.06271010730887
2017-07-18,11,1,13,91.66666666666666,227.0666258604222
2017-07-19,11,1,13,91.66666666666666,228.72611753238922
2017-07-20,11,1,13,91.66666666666666,227.70792391265005
2017-07-21,11,1,13,91.66666666666666,228.22745426097413
2017-07-24,11,1,13,91.66666666666666,229.59940171162864
2017-07-25,11,1,13,91.66666666666666,231.9395337564262
2017-07-26,11,1,13,91.66666666666666,231.6159202776332
2017-07-27,11,1,13,91.66666666666666,230.99239322634287
2017-07-28,11,1,13,91.66666666666666,232.67801743677188
2017-07-31,12,0,13,100.0,235.6359395570853
2017-08-01,11,1,13,91.66666666666666,234.04478503407228
2017-08-02,10,2,13,83.33333333333334,233.12695859086142
2017-08-03,10,2,13,83.33333333333334,227.01616210595
2017-08-04,10,2,13,83.33333333333334,228.58919927219233
2017-08-07,10,2,13,83.33333333333334,229.257762446075
2017-08-08,10,2,13,83.33333333333334,226.2316424616838
2017-08-09,9,3,13,75.0,223.52273323832006
2017-08-10,8,4,13,66.66666666666666,219.2163033901535
2017-08-11,9,3,13,75.0,216.11516834997212
2017-08-14,9,3,13,75.0,217.78165923794427
2017-08-16,10,2,13,83.33333333333334,221.52591029723445
2017-08-17,10,2,13,83.33333333333334,220.31422532693063
2017-08-18,9,3,13,75.0,218.1831738274322
2017-08-21,8,4,13,66.66666666666666,215.82443026619623
2017-08-22,8,4,13,66.66666666666666,215.1039647453361
2017-08-23,9,3,13,75.0,218.61885646582851
2017-08-24,9,3,13,75.0,219.70460584563995
2017-08-28,10,2,13,83.33333333333334,221.14893835811773
2017-08-29,9,3,13,75.0,218.50732517752624
2017-08-30,9,3,13,75.0,220.05916426065517
2017-08-31,9,3,13,75.0,219.91313914319397
2017-09-01,9,3,13,75.0,221.81495570197646
2017-09-04,9,3,13,75.0,220.1633559088443
2017-09-05,9,3,13,75.0,221.92012724831298
2017-09-06,8,4,13,66.66666666666666,220.19952451103117
2017-09-07,8,4,13,66.66666666666666,220.25586589507859
2017-09-08,8,4,13,66.66666666666666,219.16164778601495
2017-09-11,8,4,13,66.66666666666666,221.64563031731163
2017-09-12,8,4,13,66.66666666666666,223.41854172561492
2017-09-13,8,4,13,66.66666666666666,224.04137862090155
2017-09-14,9,3,13,75.0,225.73778814822774
2017-09-15,9,3,13,75.0,225.4876206440088
2017-09-18,9,3,13,75.0,226.771195935075
2017-09-19,8,4,13,66.66666666666666,226.3981545632562
2017-09-20,9,3,13,75.0,226.9726866605212
2017-09-21,8,4,13,66.66666666666666,224.95201046875636
2017-09-22,8,4,13,66.66666666666666,219.2347343597662
2017-09-25,8,4,13,66.66666666666666,218.32299838694775
2017-09-26,8,4,13,66.66666666666666,219.07237288980704
2017-09-27,7,5,13,58.333333333333336,214.62307543104924
2017-09-28,7,5,13,58.333333333333336,215.51498590566402
2017-09-29,7,5,13,58.333333333333336,215.16010493639905
2017-10-03,7,5,13,58.333333333333336,215.24819068428002
2017-10-04,7,5,13,58.333333333333336,215.68297470497578
2017-10-05,7,5,13,58.333333333333336,216.82023886432754
2017-10-06,7,5,13,58.333333333333336,220.60446441534336
2017-10-09,7,5,13,58.333333333333336,220.6525170805047
2017-10-10,7,5,13,58.333333333333336,221.11584921942256
2017-10-11,6,6,13,50.0,217.50409666865437
2017-10-12,6,6,13,50.0,219.03858471558334
2017-10-13,7,5,13,58.333333333333336,221.09432010127995
2017-10-16,7,5,13,58.333333333333336,221.96466656337415
2017-10-17,7,5,13,58.333333333333336,222.09922076352572
2017-10-18,5,7,13,41.66666666666667,217.76470409386678
2017-10-19,5,7,13,41.66666666666667,215.76046876233553
2017-10-23,5,7,13,41.66666666666667,216.542862126175
2017-10-24,5,7,13,41.66666666666667,219.5419108237358
2017-10-25,11,1,13,91.66666666666666,248.45975167625335
2017-10-26,11,1,13,91.66666666666666,250.3792535911919
2017-10-27,10,2,13,83.33333333333334,244.5764734944289
2017-10-30,11,1,13,91.66666666666666,247.46174208972081
2017-10-31,11,1,13,91.66666666666666,245.91375751633163
2017-11-01,12,0,13,100.0,249.80189859951167
2017-11-02,12,0,13,100.0,247.86862732906428
2017-11-03,12,0,13,100.0,251.01484048574667
2017-11-06,12,0,13,100.0,250.25715331734833
2017-11-07,11,1,13,91.66666666666666,244.47953134819304
2017-11-08,10,2,13,83.33333333333334,242.89375246480364
2017-11-09,11,1,13,91.66666666666666,244.97195263167782
2017-11-10,11,1,13,91.66666666666666,245.73578849878203
2017-11-13,11,1,13,91.66666666666666,245.47853982823105
2017-11-14,11,1,13,91.66666666666666,244.22397229685635
2017-11-15,11,1,13,91.66666666666666,243.005401241288
2017-11-16,11,1,13,91.66666666666666,248.3221207302357
2017-11-17,11,1,13,91.66666666666666,250.71251498137866
2017-11-20,11,1,13,91.66666666666666,251.193519507934
2017-11-21,11,1,13,91.66666666666666,249.60099891366121
2017-11-22,11,1,13,91.66666666666666,250.26153931537317
2017-11-23,11,1,13,91.66666666666666,249.86981889020416
2017-11-24,11,1,13,91.66666666666666,249.72399532098163
2017-11-27,11,1,13,91.66666666666666,250.440505021001
2017-11-28,11,1,13,91.66666666666666,249.71104796203954
2017-11-29,11,1,13,91.66666666666666,248.37489264052454
2017-11-30,11,1,13,91.66666666666666,244.62327064854423
2017-12-01,11,1,13,91.66666666666666,241.87772341602889
2017-12-04,10,2,13,83.33333333333334,241.3619004253614
2017-12-05,11,1,13,91.66666666666666,243.16042137908008
2017-12-06,11,1,13,91.66666666666666,239.4947154010246
2017-12-07,11,1,13,91.66666666666666,241.8390785540708
2017-12-08,11,1,13,91.66666666666666,242.83023603429373
2017-12-11,11,1,13,91.66666666666666,243.678174199073
2017-12-12,9,3,13,75.0,241.77062561294065
2017-12-13,9,3,13,75.0,238.19971372354604
2017-12-14,9,3,13,75.0,238.63053115613076
2017-12-15,9,3,13,75.0,240.97714266549622
2017-12-18,10,2,13,83.33333333333334,243.9863828507798
2017-12-19,10,2,13,83.33333333333334,244.5054319084585
2017-12-20,9,3,13,75.0,242.6039960690502
2017-12-21,9,3,13,75.0,242.67827524122154
2017-12-22,9,3,13,75.0,243.33159343814424
2017-12-26,10,2,13,83.33333333333334,244.01630354825596
2017-12-27,10,2,13,83.33333333333334,242.86726609538474
2017-12-28,8,4,13,66.66666666666666,240.7230823063585
2017-12-29,8,4,13,66.66666666666666,240.66955003145267
2018-01-01,8,4,13,66.66666666666666,239.4757273868497
2018-01-02,8,4,13,66.66666666666666,237.61095772473456
2018-01-03,8,4,13,66.66666666666666,238.2274820835663
2018-01-04,9,3,13,75.0,242.02183573076672
2018-01-05,10,2,13,83.33333333333334,244.3113596730049
2018-01-08,10,2,13,83.33333333333334,245.64172410954546
2018-01-09,11,1,13,91.66666666666666,245.66313297487255
2018-01-10,10,2,13,83.33333333333334,243.4069599603518
2018-01-11,10,2,13,83.33333333333334,243.7679082896469
2018-01-12,10,2,13,83.33333333333334,244.04621735544345
2018-01-15,11,1,13,91.66666666666666,245.08358104763337
2018-01-16,8,4,13,66.66666666666666,240.30359895581944
2018-01-17,10,2,13,83.33333333333334,246.05883051618557
2018-01-18,8,4,13,66.66666666666666,244.8881701555068
2018-01-19,10,2,13,83.33333333333334,249.4741006079732
2018-01-22,10,2,13,83.33333333333334,249.93466185029897
2018-01-23,10,2,13,83.33333333333334,255.6136438943122
2018-01-24,10,2,13,83.33333333333334,257.755819430778
2018-01-25,10,2,13,83.33333333333334,252.4636501979586
2018-01-29,8,4,13,66.66666666666666,249.82450589991822
2018-01-30,8,4,13,66.66666666666666,247.79293821368657
2018-01-31,8,4,13,66.66666666666666,246.8186546554429
2018-02-01,8,4,13,66.66666666666666,244.2750732023395
2018-02-02,8,4,13,66.66666666666666,236.59772490454293
2018-02-05,8,4,13,66.66666666666666,235.4590250624333
2018-02-06,7,5,13,58.333333333333336,232.40315463362185
2018-02-07,6,6,13,50.0,230.85288004928287
2018-02-08,7,5,13,58.333333333333336,233.697543114271
2018-02-09,6,6,13,50.0,230.78850315470328
2018-02-12,8,5,13,61.53846153846154,234.5496462447975
2018-02-14,6,7,13,46.15384615384615,227.95155896099698
2018-02-15,5,8,13,38.46153846153847,225.4283689914279
2018-02-16,5,8,13,38.46153846153847,222.33200548434664
2018-02-19,5,8,13,38.46153846153847,217.64361701612677
2018-02-20,5,8,13,38.46153846153847,217.22655958618705
2018-02-21,4,9,13,30.76923076923077,217.79717898592855
2018-02-22,5,8,13,38.46153846153847,216.62855730505518
2018-02-23,5,8,13,38.46153846153847,219.69780166204606
2018-02-26,5,8,13,38.46153846153847,221.59114682085539
2018-02-27,6,7,13,46.15384615384615,216.14467101384295
2018-02-28,5,8,13,38.46153846153847,215.90377475416182
2018-03-01,5,8,13,38.46153846153847,213.99110942469508
2018-03-05,4,9,13,30.76923076923077,211.81285366411728
2018-03-06,3,10,13,23.076923076923077,207.9733669681176
2018-03-07,3,10,13,23.076923076923077,204.02126201313052
2018-03-08,3,10,13,23.076923076923077,206.84391959322812
2018-03-09,3,10,13,23.076923076923077,203.9617396830023
2018-03-12,3,10,13,23.076923076923077,205.56217259878068
2018-03-13,5,8,13,38.46153846153847,210.02937172826392
2018-03-14,5,8,13,38.46153846153847,212.3803840490693
2018-03-15,4,9,13,30.76923076923077,211.69187710815467
2018-03-16,3,10,13,23.076923076923077,210.0958086899273
2018-03-19,3,10,13,23.076923076923077,206.00696864583256
2018-03-20,3,10,13,23.076923076923077,205.53381759534014
2018-03-21,3,10,13,23.076923076923077,206.08003636048383
2018-03-22,3,10,13,23.076923076923077,204.49022020826823
2018-03-23,3,10,13,23.076923076923077,199.16256430728995
2018-03-26,3,10,13,23.076923076923077,206.23393544842395
2018-03-27,4,9,13,30.76923076923077,209.4846798804946
2018-03-28,4,9,13,30.76923076923077,207.3085500838888
2018-04-02,4,9,13,30.76923076923077,208.16301582198707
2018-04-03,4,9,13,30.76923076923077,210.33580632877516
2018-04-04,4,9,13,30.76923076923077,207.20120513052302
2018-04-05,4,9,13,30.76923076923077,214.62120593579957
2018-04-06,4,9,13,30.76923076923077,217.14205202998346
2018-04-09,4,9,13,30.76923076923077,220.33118061990692
2018-04-10,5,8,13,38.46153846153847,221.13936680385044
2018-04-11,5,8,13,38.46153846153847,218.88129191486044
2018-04-12,5,8,13,38.46153846153847,218.60329103568802
2018-04-13,5,8,13,38.46153846153847,218.6024894568814
2018-04-16,5,8,13,38.46153846153847,218.2595088601038
2018-04-17,5,8,13,38.46153846153847,216.85422701589397
2018-04-18,4,9,13,30.76923076923077,215.11458921873268
2018-04-19,4,9,13,30.76923076923077,215.36156476023197
2018-04-20,4,9,13,30.76923076923077,210.98709706023774
2018-04-23,4,9,13,30.76923076923077,212.72398764620988
2018-04-24,4,9,13,30.76923076923077,213.49964569748306
2018-04-25,4,9,13,30.76923076923077,210.95028711454566
2018-04-26,5,8,13,38.46153846153847,213.33000405652422
2018-04-27,6,7,13,46.15384615384615,218.29304606617404
2018-04-30,5,8,13,38.46153846153847,220.18003317985392
2018-05-02,5,8,13,38.46153846153847,217.4180522439925
2018-05-03,6,7,13,46.15384615384615,217.06134674800626
2018-05-04,5,8,13,38.46153846153847,215.88670152949098
2018-05-07,6,7,13,46.15384615384615,218.9220202199229
2018-05-08,7,6,13,53.84615384615385,220.19823454640073
2018-05-09,7,6,13,53.84615384615385,220.50059001986435
2018-05-10,7,6,13,53.84615384615385,216.36686178111918
2018-05-11,7,6,13,53.84615384615385,217.93513888575907
2018-05-14,7,6,13,53.84615384615385,218.02153639783074
2018-05-15,7,6,13,53.84615384615385,215.252582830219
2018-05-16,6,7,13,46.15384615384615,210.84782843689433
2018-05-17,6,7,13,46.15384615384615,209.68337395155189
2018-05-18,6,7,13,46.15384615384615,207.4804286430571
2018-05-21,5,8,13,38.46153846153847,209.43929786948212
2018-05-22,5,8,13,38.46153846153847,211.0249966338932
2018-05-23,5,8,13,38.46153846153847,210.99952608128842
2018-05-24,5,8,13,38.46153846153847,213.10590987513285
2018-05-25,6,7,13,46.15384615384615,216.07907802732177
2018-05-28,6,7,13,46.15384615384615,220.78011500512454
2018-05-29,6,7,13,46.15384615384615,216.55685827614425
2018-05-30,6,7,13,46.15384615384615,216.66291434957338
2018-05-31,6,7,13,46.15384615384615,218.52516153797828
2018-06-01,6,7,13,46.15384615384615,216.4792578087159
2018-06-04,6,7,13,46.15384615384615,214.0489508169495
2018-06-05,5,8,13,38.46153846153847,212.86552373086516
2018-06-06,5,8,13,38.46153846153847,215.92181962055542
2018-06-07,6,7,13,46.15384615384615,218.7701824193204
2018-06-08,6,7,13,46.15384615384615,220.1262991248372
2018-06-11,6,7,13,46.15384615384615,220.33782560361098
2018-06-12,7,6,13,53.84615384615385,222.41420325038524
2018-06-13,7,6,13,53.84615384615385,222.96014826636252
2018-06-14,6,7,13,46.15384615384615,221.92472017063753
2018-06-15,5,8,13,38.46153846153847,218.5245957954939
2018-06-18,5,8,13,38.46153846153847,218.15060248706857
2018-06-19,5,8,13,38.46153846153847,216.01608494781445
2018-06-20,5,8,13,38.46153846153847,216.5058446693708
2018-06-21,5,8,13,38.46153846153847,213.35982261480143
2018-06-22,5,8,13,38.46153846153847,214.2713720154288
2018-06-25,5,8,13,38.46153846153847,211.20795610409527
2018-06-26,5,8,13,38.46153846153847,211.91575756220553
2018-06-27,5,8,13,38.46153846153847,208.44322305488606
2018-06-28,5,8,13,38.46153846153847,205.319028189463
2018-06-29,5,8,13,38.46153846153847,207.74019784572576
2018-07-02,5,8,13,38.46153846153847,207.91839104352928
2018-07-03,5,8,13,38.46153846153847,207.60554480075393
2018-07-04,5,8,13,38.46153846153847,208.1254403785791
2018-07-05,5,8,13,38.46153846153847,207.7987887887633
2018-07-06,5,8,13,38.46153846153847,209.3510079847118
2018-07-09,4,9,13,30.76923076923077,210.95708579094804
2018-07-10,4,9,13,30.76923076923077,211.89271259370076
2018-07-11,5,8,13,38.46153846153847,209.2775064735386
2018-07-12,5,8,13,38.46153846153847,210.45138384052282
2018-07-13,4,9,13,30.76923076923077,207.08985110156442
2018-07-16,4,9,13,30.76923076923077,203.73945402247807
2018-07-17,5,8,13,38.46153846153847,212.32882080060543
2018-07-18,4,9,13,30.76923076923077,208.88446283496287
2018-07-19,4,9,13,30.76923076923077,209.22213213565905
2018-07-20,4,9,13,30.76923076923077,209.999103495712
2018-07-23,5,8,13,38.46153846153847,214.5658886799919
2018-07-24,5,8,13,38.46153846153847,216.09321876860216
2018-07-25,4,9,13,30.76923076923077,216.3780947706183
2018-07-26,6,7,13,46.15384615384615,221.31324084122394
2018-07-27,6,7,13,46.15384615384615,222.87645532256047
2018-07-30,8,5,13,61.53846153846154,228.2398955273316
2018-07-31,8,5,13,61.53846153846154,226.69769409136333
2018-08-01,7,6,13,53.84615384615385,226.40489998483852
2018-08-02,7,6,13,53.84615384615385,224.83584035059576
2018-08-03,9,4,13,69.23076923076923,229.0399931713697
2018-08-06,9,4,13,69.23076923076923,231.95279390482116
2018-08-07,8,5,13,61.53846153846154,228.4932273996871
2018-08-08,8,5,13,61.53846153846154,228.86560678532754
2018-08-09,8,5,13,61.53846153846154,233.0610242513583
2018-08-10,9,4,13,69.23076923076923,231.0182982589402
2018-08-13,8,5,13,61.53846153846154,226.97129308347823
2018-08-14,8,5,13,61.53846153846154,228.68468052937612
2018-08-16,8,5,13,61.53846153846154,227.84677624983317
2018-08-17,8,5,13,61.53846153846154,231.02275479999176
2018-08-20,9,4,13,69.23076923076923,232.19397562087792
2018-08-21,9,4,13,69.23076923076923,232.07973999253446
2018-08-23,9,4,13,69.23076923076923,230.87904764015698
2018-08-24,9,4,13,69.23076923076923,229.01775194738346
2018-08-27,9,4,13,69.23076923076923,232.818026277821
2018-08-28,8,5,13,61.53846153846154,229.5891210286636
2018-08-29,9,4,13,69.23076923076923,231.46107438500917
2018-08-30,9,4,13,69.23076923076923,232.1547755659917
2018-08-31,9,4,13,69.23076923076923,232.27547782239904
2018-09-03,9,4,13,69.23076923076923,230.17616148174426
2018-09-04,7,6,13,53.84615384615385,224.15391392203185
2018-09-05,8,5,13,61.53846153846154,223.42049556661513
2018-09-06,8,5,13,61.53846153846154,223.35878033216687
2018-09-07,8,5,13,61.53846153846154,223.80591467561771
2018-09-10,8,5,13,61.53846153846154,220.40792524863912
2018-09-11,7,6,13,53.84615384615385,218.00380314679427
2018-09-12,7,6,13,53.84615384615385,217.45859394838413
2018-09-14,7,6,13,53.84615384615385,220.8491706855296
2018-09-17,7,6,13,53.84615384615385,218.86393040025592
2018-09-18,6,7,13,46.15384615384615,210.2521801404861
2018-09-19,4,9,13,30.76923076923077,210.60618897476851
2018-09-21,3,10,13,23.076923076923077,199.97563537649933
2018-09-24,2,11,13,15.384615384615385,194.61938866141645
2018-09-25,3,10,13,23.076923076923077,195.44491382262856
2018-09-26,2,11,13,15.384615384615385,195.46216368425388
2018-09-27,3,10,13,23.076923076923077,189.62338552596688
2018-09-28,3,10,13,23.076923076923077,185.93787640705156
2018-10-01,3,10,13,23.076923076923077,190.42793624875628
2018-10-03,3,10,13,23.076923076923077,189.31632495086785
2018-10-04,2,11,13,15.384615384615385,188.22883078482545
2018-10-05,2,11,13,15.384615384615385,184.05056587204533
2018-10-08,2,11,13,15.384615384615385,186.08154406588883
2018-10-09,1,12,13,7.6923076923076925,185.32635189007408
2018-10-10,3,10,13,23.076923076923077,193.60021306828025
2018-10-11,2,11,13,15.384615384615385,189.273948692166
2018-10-12,2,11,13,15.384615384615385,194.5783311227504
2018-10-15,3,10,13,23.076923076923077,194.77784460318196
2018-10-16,3,10,13,23.076923076923077,199.22638366761018
2018-10-17,2,11,13,15.384615384615385,192.50748082582842
2018-10-19,3,10,13,23.076923076923077,190.23318467713585
2018-10-22,3,10,13,23.076923076923077,187.07289978008535
2018-10-23,2,11,13,15.384615384615385,186.616081543761
2018-10-24,3,10,13,23.076923076923077,187.71453019439917
2018-10-25,2,11,13,15.384615384615385,185.74273574758607
2018-10-26,1,12,13,7.6923076923076925,182.26664642571666
2018-10-29,2,11,13,15.384615384615385,190.8805364599291
2018-10-30,3,10,13,23.076923076923077,194.15087539485404
2018-10-31,3,10,13,23.076923076923077,197.6211894572892
2018-11-01,3,10,13,23.076923076923077,199.3826741460011
2018-11-02,3,10,13,23.076923076923077,199.6732395307859
2018-11-05,3,10,13,23.076923076923077,200.70669555672504
2018-11-06,3,10,13,23.076923076923077,199.48044463534515
2018-11-07,3,10,13,23.076923076923077,200.57911632603762
2018-11-09,3,10,13,23.076923076923077,202.42921949778872
2018-11-12,3,10,13,23.076923076923077,199.346947055869
2018-11-13,3,10,13,23.076923076923077,200.26333557770818
2018-11-14,3,10,13,23.076923076923077,203.06791049241517
2018-11-15,3,10,13,23.076923076923077,203.77929802285695
2018-11-16,4,9,13,30.76923076923077,204.9554232555208
2018-11-19,4,9,13,30.76923076923077,206.04273741399112
2018-11-20,4,9,13,30.76923076923077,202.5390366081947
2018-11-21,5,8,13,38.46153846153847,205.56061159129402
2018-11-22,4,9,13,30.76923076923077,202.75307280769673
2018-11-26,5,8,13,38.46153846153847,203.61083879441
2018-11-27,5,8,13,38.46153846153847,204.89709865331398
2018-11-28,5,8,13,38.46153846153847,200.85665687566788
2018-11-29,6,7,13,46.15384615384615,203.22289010664187
2018-11-30,6,7,13,46.15384615384615,202.6370685101138
2018-12-03,5,8,13,38.46153846153847,205.19436080263267
2018-12-04,5,8,13,38.46153846153847,204.17401278228365
2018-12-05,5,8,13,38.46153846153847,201.94148469889163
2018-12-06,4,9,13,30.76923076923077,198.28068871792485
2018-12-07,5,8,13,38.46153846153847,199.48740670147635
2018-12-10,4,9,13,30.76923076923077,195.75854921662875
2018-12-11,5,8,13,38.46153846153847,200.05497111687424
2018-12-12,6,7,13,46.15384615384615,206.24121843960916
2018-12-13,7,6,13,53.84615384615385,206.66885017393037
2018-12-14,7,6,13,53.84615384615385,208.3964698092873
2018-12-17,7,6,13,53.84615384615385,209.336922092392
2018-12-18,7,6,13,53.84615384615385,210.94826479326883
2018-12-19,8,5,13,61.53846153846154,214.10684733658027
2018-12-20,7,6,13,53.84615384615385,213.46702659835378
2018-12-21,7,6,13,53.84615384615385,210.9963257925917
2018-12-24,7,6,13,53.84615384615385,210.3112430057351
2018-12-26,7,6,13,53.84615384615385,211.05973951796585
2018-12-27,7,6,13,53.84615384615385,211.01475878596725
2018-12-28,8,5,13,61.53846153846154,212.82116348935872
2018-12-31,8,5,13,61.53846153846154,214.0712445145033
2019-01-01,8,5,13,61.53846153846154,216.72806332578975
2019-01-02,8,5,13,61.53846153846154,214.766893013917
2019-01-03,8,5,13,61.53846153846154,213.49441051098998
2019-01-04,9,4,13,69.23076923076923,217.51637732779815
2019-01-07,8,5,13,61.53846153846154,217.11149764726025
2019-01-08,8,5,13,61.53846153846154,220.82237749581358
2019-01-09,9,4,13,69.23076923076923,220.67616963386976
2019-01-10,9,4,13,69.23076923076923,220.44156644255258
2019-01-11,9,4,13,69.23076923076923,219.12623426586117
2019-01-14,9,4,13,69.23076923076923,218.69024931175267
2019-01-15,9,4,13,69.23076923076923,219.67354122895327
2019-01-16,9,4,14,69.23076923076923,221.17193245344282
2019-01-17,9,4,14,69.23076923076923,219.83376117888338
2019-01-18,9,4,14,69.23076923076923,217.6759784888747
2019-01-21,9,4,14,69.23076923076923,214.4995487847444
2019-01-22,8,5,14,61.53846153846154,213.09335865578646
2019-01-23,7,6,14,53.84615384615385,211.68419599255824
2019-01-24,7,6,14,53.84615384615385,213.25614613829856
2019-01-25,6,7,14,46.15384615384615,210.896768491493
2019-01-28,5,8,14,38.46153846153847,206.52285498133693
2019-01-29,6,7,14,46.15384615384615,208.4005033701222
2019-01-30,4,9,14,30.76923076923077,209.40674759179618
2019-01-31,6,7,14,46.15384615384615,211.16930873499027
2019-02-01,6,7,14,46.15384615384615,207.64435452462342
2019-02-04,6,7,14,46.15384615384615,206.26672356336755
2019-02-05,6,7,14,46.15384615384615,205.96948404772215
2019-02-06,6,7,14,46.15384615384615,206.99975749141092
2019-02-07,6,7,14,46.15384615384615,207.9930585361995
2019-02-08,5,8,14,38.46153846153847,203.5775492786618
2019-02-11,5,8,14,38.46153846153847,202.73119772004566
2019-02-12,4,9,14,30.76923076923077,200.82816319104063
2019-02-13,4,9,14,30.76923076923077,198.60963754602932
2019-02-14,4,9,14,30.76923076923077,204.1599811026406
2019-02-15,4,9,14,30.76923076923077,201.35356931919657
2019-02-18,4,9,14,30.76923076923077,199.48805457130027
2019-02-19,4,9,14,30.76923076923077,200.15299347743866
2019-02-20,4,9,14,30.76923076923077,202.51353747814025
2019-02-21,4,9,14,30.76923076923077,203.88896288784807
2019-02-22,3,10,14,23.076923076923077,203.8649352851044
2019-02-25,3,10,14,23.076923076923077,205.4904198049138
2019-02-26,3,10,14,23.076923076923077,203.62397444042074
2019-02-27,3,10,14,23.076923076923077,203.89573743792565
2019-02-28,4,9,14,30.76923076923077,205.12335383964572
2019-03-01,4,9,14,30.76923076923077,211.0649552725621
2019-03-05,5,8,14,38.46153846153847,218.06470742753143
2019-03-06,5,8,14,38.46153846153847,217.62891888868688
2019-03-07,7,6,14,53.84615384615385,218.53245531116733
2019-03-08,6,7,14,46.15384615384615,217.3753121879781
2019-03-11,9,4,14,69.23076923076923,221.27134671967386
2019-03-12,9,4,14,69.23076923076923,222.50104722281526
2019-03-13,9,4,14,69.23076923076923,225.53880426614202
2019-03-14,9,4,14,69.23076923076923,225.90019375179685
2019-03-15,10,3,14,76.92307692307693,229.2049376624997
2019-03-18,11,2,14,84.61538461538461,230.81092530383393
2019-03-19,11,2,14,84.61538461538461,234.0984898849562
2019-03-20,11,2,14,84.61538461538461,234.41310463388257
2019-03-22,10,3,14,76.92307692307693,231.58351349569278
2019-03-25,9,4,14,69.23076923076923,228.5392731828308
2019-03-26,11,2,14,84.61538461538461,234.05604726813021
2019-03-27,12,1,14,92.3076923076923,238.0735600866051
2019-03-28,12,1,14,92.3076923076923,243.99699147097772
2019-03-29,12,1,14,92.3076923076923,243.89218842689468
2019-04-01,12,1,14,92.3076923076923,244.777516819308
2019-04-02,12,1,14,92.3076923076923,246.5649979990938
2019-04-03,12,1,14,92.3076923076923,242.18462677449767
2019-04-04,12,1,14,92.3076923076923,240.15360124547578
2019-04-05,12,1,14,92.3076923076923,240.91698024861148
2019-04-08,12,1,14,92.3076923076923,238.4984958730437
2019-04-09,12,1,14,92.3076923076923,242.15153692428206
2019-04-10,12,1,14,92.3076923076923,240.1149738917625
2019-04-11,12,1,14,92.3076923076923,239.49618491160444
2019-04-12,12,1,14,92.3076923076923,240.70471973926882
2019-04-15,12,1,14,92.3076923076923,241.05580967482035
2019-04-16,12,1,14,92.3076923076923,242.7718050821946
2019-04-18,13,0,14,100.0,239.35193916609978
2019-04-22,11,2,14,84.61538461538461,233.00005319046102
2019-04-23,10,3,14,76.92307692307693,232.18075333384732
2019-04-24,11,2,14,84.61538461538461,235.0907691920336
2019-04-25,12,1,14,92.3076923076923,233.34368098135005
2019-04-26,12,1,14,92.3076923076923,235.89715352122215
2019-04-30,10,3,14,76.92307692307693,226.26982646606453
2019-05-02,10,3,14,76.92307692307693,226.77171769297888
2019-05-03,10,3,14,76.92307692307693,229.0246980190475
2019-05-06,10,3,14,76.92307692307693,226.37972655421072
2019-05-07,10,3,14,76.92307692307693,222.9806645641202
2019-05-08,9,4,14,69.23076923076923,221.51160805691651
2019-05-09,9,4,14,69.23076923076923,221.3596165819383
2019-05-10,10,3,14,76.92307692307693,223.3311985012167
2019-05-13,8,5,14,61.53846153846154,214.03213971457683
2019-05-14,8,5,14,61.53846153846154,217.1604054620664
2019-05-15,8,5,14,61.53846153846154,212.25332682950486
2019-05-16,8,5,14,61.53846153846154,212.1034359817066
2019-05-17,8,5,14,61.53846153846154,215.2891765280673
2019-05-20,10,3,14,76.92307692307693,227.72815473404003
2019-05-21,10,3,14,76.92307692307693,224.74785239413433
2019-05-22,9,4,14,69.23076923076923,224.76632074658593
2019-05-23,10,3,14,76.92307692307693,225.57411139746839
2019-05-24,11,2,14,84.61538461538461,234.14980237693257
2019-05-27,10,3,14,76.92307692307693,237.81662088565363
2019-05-28,10,3,14,76.92307692307693,238.1393716154831
2019-05-29,10,3,14,76.92307692307693,235.1592265902942
2019-05-30,10,3,14,76.92307692307693,235.8597040040397
2019-05-31,10,3,14,76.92307692307693,233.34176821391884
2019-06-03,11,2,14,84.61538461538461,235.38869622272557
2019-06-04,11,2,14,84.61538461538461,236.28454187853038
2019-06-06,10,3,14,76.92307692307693,227.38715349297976
2019-06-07,10,3,14,76.92307692307693,227.77222527049528
2019-06-10,9,4,14,69.23076923076923,225.8611890784502
2019-06-11,10,3,14,76.92307692307693,229.32304721788998
2019-06-12,10,3,14,76.92307692307693,227.65827368153012
2019-06-13,9,4,14,69.23076923076923,224.05528451524987
2019-06-14,9,4,14,69.23076923076923,221.80616017630643
2019-06-17,8,5,14,61.53846153846154,219.09729667612785
2019-06-18,8,5,14,61.53846153846154,218.60188797160083
2019-06-19,8,5,14,61.53846153846154,216.70934779122996
2019-06-20,9,4,14,69.23076923076923,222.4484366034301
2019-06-21,9,4,14,69.23076923076923,222.2439086003401
2019-06-24,9,4,14,69.23076923076923,222.4805168639219
2019-06-25,9,4,14,69.23076923076923,223.73727720374904
2019-06-26,10,3,14,76.92307692307693,226.087415801561
2019-06-27,9,4,14,69.23076923076923,226.93241129002573
2019-06-28,11,2,14,84.61538461538461,227.6066870733263
2019-07-01,11,2,14,84.61538461538461,229.3520186354567
2019-07-02,11,2,14,84.61538461538461,227.33675828386356
2019-07-03,11,2,14,84.61538461538461,229.59768037616152
2019-07-04,11,2,14,84.61538461538461,230.3305929378548
2019-07-05,11,2,14,84.61538461538461,228.69543017071015
2019-07-08,9,4,14,69.23076923076923,220.6359844110095
2019-07-09,9,4,14,69.23076923076923,221.73175083157642
2019-07-10,9,4,14,69.23076923076923,220.41995427370256
2019-07-11,9,4,14,69.23076923076923,222.84192584331618
2019-07-12,9,4,14,69.23076923076923,223.1641485955382
2019-07-15,9,4,14,69.23076923076923,219.97872796705752
2019-07-16,9,4,14,69.23076923076923,223.74990008187203
2019-07-17,9,4,14,69.23076923076923,224.26264384843054
2019-07-18,9,4,14,69.23076923076923,217.65862843432592
2019-07-19,9,4,14,69.23076923076923,213.39501511553803
2019-07-22,9,4,14,69.23076923076923,213.14261729076608
2019-07-23,7,6,14,53.84615384615385,209.70563002429597
2019-07-24,7,6,14,53.84615384615385,206.00740737867014
2019-07-25,7,6,14,53.84615384615385,205.53934178286048
2019-07-26,7,6,14,53.84615384615385,211.11752341136736
2019-07-29,7,6,14,53.84615384615385,210.32580366696783
2019-07-30,6,7,14,46.15384615384615,203.11085345509267
2019-07-31,6,7,14,46.15384615384615,207.54895527717895
2019-08-01,5,8,14,38.46153846153847,203.18319025130572
2019-08-02,5,8,14,38.46153846153847,202.1845317303826
2019-08-05,3,10,14,23.076923076923077,198.0172202878542
2019-08-06,3,10,14,23.076923076923077,201.66586397507547
2019-08-07,3,10,14,23.076923076923077,198.03805551315637
2019-08-08,4,9,14,30.76923076923077,201.20463222225715
2019-08-09,4,9,14,30.76923076923077,201.99527735906756
2019-08-13,4,9,14,30.76923076923077,195.89834179668188
2019-08-14,4,9,14,30.76923076923077,199.01924078975134
2019-08-16,4,9,14,30.76923076923077,202.7174256616965
2019-08-19,4,9,14,30.76923076923077,201.7646353580411
2019-08-20,4,9,14,30.76923076923077,197.6587939847488
2019-08-21,4,9,14,30.76923076923077,193.04321818464757
2019-08-22,3,10,14,23.076923076923077,186.20960678305397
2019-08-23,3,10,14,23.076923076923077,188.05588567353203
2019-08-26,4,10,14,28.57142857142857,193.91102115771852
2019-08-27,4,10,14,28.57142857142857,196.3849566882269
2019-08-28,4,10,14,28.57142857142857,192.30852811990562
2019-08-29,4,10,14,28.57142857142857,188.92939096868787
2019-08-30,4,10,14,28.57142857142857,190.7552619036405
2019-09-03,3,11,14,21.428571428571427,183.92865280876342
2019-09-04,4,10,14,28.57142857142857,184.9377783567845
2019-09-05,4,10,14,28.57142857142857,185.2561487434788
2019-09-06,4,10,14,28.57142857142857,186.55118839620053
2019-09-09,4,10,14,28.57142857142857,189.557758169002
2019-09-11,4,10,14,28.57142857142857,194.62250748552037
2019-09-12,4,10,14,28.57142857142857,193.9880862940308
2019-09-13,4,10,14,28.57142857142857,195.11368061857343
2019-09-16,4,10,14,28.57142857142857,193.46250980984112
2019-09-17,3,11,14,21.428571428571427,187.18191016985597
2019-09-18,3,11,14,21.428571428571427,188.29407414890198
2019-09-19,2,12,14,14.285714285714285,182.9599921443066
2019-09-20,5,9,14,35.714285714285715,195.77520383942036
2019-09-23,7,7,14,50.0,202.99801924269886
2019-09-24,6,8,14,42.857142857142854,200.08312353200512
2019-09-25,4,10,14,28.57142857142857,193.66769081906216
2019-09-26,6,8,14,42.857142857142854,195.3780283595556
2019-09-27,5,9,14,35.714285714285715,193.57890737463475
2019-10-01,4,10,14,28.57142857142857,193.57890737463475
2019-10-03,4,10,14,28.57142857142857,196.8669199463454
2019-10-04,4,10,14,28.57142857142857,193.8182700072742
2019-10-07,4,10,14,28.57142857142857,194.1569320624469
2019-10-09,4,10,14,28.57142857142857,198.75128366928152
2019-10-10,4,10,14,28.57142857142857,192.60423639105602
2019-10-11,4,10,14,28.57142857142857,193.39186767223939
2019-10-14,4,10,14,28.57142857142857,193.81134308195993
2019-10-15,4,10,14,28.57142857142857,196.0029374431379
2019-10-16,4,10,14,28.57142857142857,195.79502206288078
2019-10-17,4,10,14,28.57142857142857,202.041394561608
2019-10-18,4,10,14,28.57142857142857,204.18370198963603
2019-10-22,4,10,14,28.57142857142857,206.19957743885732
2019-10-23,4,10,14,28.57142857142857,207.236512910849
2019-10-24,4,10,14,28.57142857142857,202.2400954278509
2019-10-25,4,10,14,28.57142857142857,206.61310404315975
2019-10-27,4,10,14,28.57142857142857,208.0605152456739
2019-10-29,5,9,14,35.714285714285715,211.3883806793298
2019-10-30,5,9,14,35.714285714285715,213.67929212624261
2019-10-31,6,8,14,42.857142857142854,219.95454777675195
2019-11-01,6,8,14,42.857142857142854,222.17221824264192
2019-11-04,6,8,14,42.857142857142854,222.71746634267166
2019-11-05,6,8,14,42.857142857142854,220.24579109856694
2019-11-06,6,8,14,42.857142857142854,220.99788380370856
2019-11-07,6,8,14,42.857142857142854,219.59222970603247
2019-11-08,5,9,14,35.714285714285715,218.95607166234788
2019-11-11,6,8,14,42.857142857142854,222.72931373222917
2019-11-13,5,9,14,35.714285714285715,219.24977993454107
2019-11-14,4,10,14,28.57142857142857,220.50824177253267
2019-11-15,5,9,14,35.714285714285715,222.3591057756383
2019-11-18,5,9,14,35.714285714285715,223.7301031517226
2019-11-19,6,8,14,42.857142857142854,227.88585981548542
2019-11-20,6,8,14,42.857142857142854,229.08993941530778
2019-11-21,6,8,14,42.857142857142854,227.8635082813361
2019-11-22,6,8,14,42.857142857142854,226.83503166908116
2019-11-25,7,7,14,50.0,230.56428690792248
2019-11-26,7,7,14,50.0,229.2594565778387
2019-11-27,7,7,14,50.0,232.82929946628371
2019-11-28,7,7,14,50.0,238.47690547776745
2019-11-29,8,6,14,57.14285714285714,236.86233811901428
2019-12-02,8,6,14,57.14285714285714,235.40966611583087
2019-12-03,8,6,14,57.14285714285714,229.42194303735448
2019-12-04,8,6,14,57.14285714285714,233.36062222230746
2019-12-05,6,8,14,42.857142857142854,229.8178881070628
2019-12-06,5,9,14,35.714285714285715,222.8579468068566
2019-12-09,6,8,14,42.857142857142854,223.2985894428849
2019-12-10,5,9,14,35.714285714285715,219.17553983116326
2019-12-11,5,9,14,35.714285714285715,217.97834948228072
2019-12-12,5,9,14,35.714285714285715,221.98146149603969
2019-12-13,7,7,14,50.0,227.68052330360206
2019-12-16,7,7,14,50.0,226.67696237604522
2019-12-17,7,7,14,50.0,227.7793101241632
2019-12-18,7,7,14,50.0,225.66764548507118
2019-12-19,7,7,14,50.0,227.35897797942877
2019-12-20,7,7,14,50.0,230.0538486254478
2019-12-23,7,7,14,50.0,227.9966343768578
2019-12-24,7,7,14,50.0,228.51011020979445
2019-12-26,7,7,14,50.0,225.9433929482782
2019-12-27,8,6,14,57.14285714285714,229.6739269406862
2019-12-30,8,6,14,57.14285714285714,228.40398664093837
2019-12-31,8,6,14,57.14285714285714,227.5528479563392
2020-01-01,8,6,14,57.14285714285714,227.31769942418376
2020-01-02,9,5,14,64.28571428571429,231.0024531606986
2020-01-03,8,6,14,57.14285714285714,227.8488886566612
2020-01-06,5,9,14,35.714285714285715,219.8287716281969
2020-01-07,5,9,14,35.714285714285715,220.39214771690135
2020-01-08,5,9,14,35.714285714285715,220.4892740804162
2020-01-09,7,7,14,50.0,225.58838091165887
2020-01-10,7,7,14,50.0,224.21861140524322
2020-01-13,7,7,14,50.0,224.7294530977971
2020-01-14,8,6,14,57.14285714285714,223.11206828493377
2020-01-15,7,7,14,50.0,223.10796028708762
2020-01-16,8,6,14,57.14285714285714,223.8589598710502
2020-01-17,6,8,14,42.857142857142854,221.97925251357685
2020-01-20,5,9,14,35.714285714285715,219.20591041203812
2020-01-21,5,9,14,35.714285714285715,218.89739133715014
2020-01-22,5,9,14,35.714285714285715,217.78899462658057
2020-01-23,6,8,14,42.857142857142854,222.27152560826053
2020-01-24,8,6,14,57.14285714285714,225.7782156977169
2020-01-27,6,8,14,42.857142857142854,221.73701632099588
2020-01-28,6,8,14,42.857142857142854,220.49695957336698
2020-01-29,7,7,14,50.0,221.1340112484348
2020-01-30,5,9,14,35.714285714285715,217.26294201518635
2020-01-31,5,9,14,35.714285714285715,218.2893463008112
2020-02-01,3,11,14,21.428571428571427,210.70042468945041
2020-02-03,3,11,14,21.428571428571427,209.5167160755166
2020-02-04,4,10,14,28.57142857142857,211.7658755077874
2020-02-05,4,10,14,28.57142857142857,214.91423201454705
2020-02-06,7,7,14,50.0,219.05178539195197
2020-02-07,6,8,14,42.857142857142854,218.94617714108585
2020-02-10,6,8,14,42.857142857142854,217.14714789951523
2020-02-11,6,8,14,42.857142857142854,218.09989688308517
2020-02-12,6,8,14,42.857142857142854,216.19409367772363
2020-02-13,6,8,14,42.857142857142854,215.567742729425
2020-02-14,6,8,14,42.857142857142854,212.82194478741073
2020-02-17,5,9,14,35.714285714285715,208.87827060227434
2020-02-18,6,8,14,42.857142857142854,205.60355305203765
2020-02-19,6,8,14,42.857142857142854,208.20134678081197
2020-02-20,6,8,14,42.857142857142854,209.96263808356974
2020-02-24,5,9,14,35.714285714285715,205.23001599600832
2020-02-25,4,10,14,28.57142857142857,204.8489513660484
2020-02-26,4,10,14,28.57142857142857,204.10365633582296
2020-02-27,5,9,14,35.714285714285715,202.5337529647401
2020-02-28,3,11,14,21.428571428571427,194.02168648562957
2020-03-02,3,11,14,21.428571428571427,188.78464116290948
2020-03-03,3,11,14,21.428571428571427,191.48848864920384
2020-03-04,3,11,14,21.428571428571427,188.37759108210355
2020-03-05,3,11,14,21.428571428571427,194.02764885117602
2020-03-06,3,11,14,21.428571428571427,178.75745723545916
2020-03-09,2,12,14,14.285714285714285,172.30154864671005
2020-03-11,2,12,14,14.285714285714285,173.59112972965607
2020-03-12,1,13,14,7.142857142857142,153.38367318140257
2020-03-13,1,13,14,7.142857142857142,163.64698606821358
2020-03-16,1,13,14,7.142857142857142,157.32028642080095
2020-03-17,1,13,14,7.142857142857142,158.0862706241998
2020-03-18,0,14,14,0.0,148.92565511003363
2020-03-19,0,14,14,0.0,142.72716518575123
2020-03-20,0,14,14,0.0,142.81866638862851
2020-03-23,0,14,14,0.0,120.16492913046095
2020-03-24,0,14,14,0.0,119.79095843270915
2020-03-25,0,14,14,0.0,121.75419493065729
2020-03-26,0,14,14,0.0,128.696681862689
2020-03-27,0,14,14,0.0,130.83360509175242
2020-03-30,0,14,14,0.0,125.1013699453129
2020-03-31,0,14,14,0.0,125.07249271481524
2020-04-01,0,14,14,0.0,121.51754722672617
2020-04-03,0,14,14,0.0,116.10048966127835
2020-04-07,0,14,14,0.0,124.19744019547944
2020-04-08,0,14,14,0.0,124.10101413553537
2020-04-09,0,14,14,0.0,128.69081902900314
2020-04-13,0,14,14,0.0,127.09152694261665
2020-04-15,0,14,14,0.0,126.61926148725007
2020-04-16,0,14,14,0.0,128.72307758817757
2020-04-17,0,14,14,0.0,135.38381740743
2020-04-20,0,14,14,0.0,137.2565509674951
2020-04-21,0,14,14,0.0,130.0948404952892
2020-04-22,0,14,14,0.0,130.91640956875247
2020-04-23,0,14,14,0.0,131.55756584445325
2020-04-24,0,14,14,0.0,126.74128360457975
2020-04-27,0,14,14,0.0,129.2045234067921
2020-04-28,0,14,14,0.0,132.71435448805758
2020-04-29,0,14,14,0.0,135.03748433455237
2020-04-30,0,14,14,0.0,136.67155084503503
2020-05-04,0,14,14,0.0,127.0267489573572
2020-05-05,0,14,14,0.0,123.75896425555142
2020-05-06,0,14,14,0.0,123.87915132019663
2020-05-07,0,14,14,0.0,123.97878033916925
2020-05-08,0,14,14,0.0,121.56398605228031
2020-05-11,0,14,14,0.0,120.23628267939436
2020-05-12,0,14,14,0.0,119.72332268000487
2020-05-13,0,14,14,0.0,125.95727851525633
2020-05-14,0,14,14,0.0,123.6815042350345
2020-05-15,0,14,14,0.0,121.98967916995849
2020-05-18,0,14,14,0.0,114.09470735480971
2020-05-19,0,14,14,0.0,112.09855162712464
2020-05-20,0,14,14,0.0,113.14796986573387
2020-05-21,0,14,14,0.0,113.24945880036907
2020-05-22,0,14,14,0.0,110.85010002732703
2020-05-26,0,14,14,0.0,112.02587111380589
2020-05-27,0,14,14,0.0,117.7776714107926
2020-05-28,0,14,14,0.0,118.97187936172597
2020-05-29,0,14,14,0.0,120.53603334879827
2020-06-01,0,14,14,0.0,126.83222133443401
2020-06-02,0,14,14,0.0,129.46351715335504
2020-06-03,0,14,14,0.0,132.81371604025728
2020-06-04,0,14,14,0.0,131.69733388392652
2020-06-05,0,14,14,0.0,137.51337849963397
2020-06-08,0,14,14,0.0,139.35020555320153
2020-06-09,0,14,14,0.0,136.99357046168296
2020-06-10,0,14,14,0.0,140.84567828921465
2020-06-11,0,14,14,0.0,136.95871420478431
2020-06-12,0,14,14,0.0,138.17334822198865
2020-06-15,0,14,14,0.0,134.93064188435412
2020-06-16,0,14,14,0.0,135.07454380756104
2020-06-17,0,14,14,0.0,134.7936804499116
2020-06-18,0,14,14,0.0,138.28590482442826
2020-06-19,0,14,14,0.0,141.12498014107842
2020-06-22,0,14,14,0.0,146.22272433000987
2020-06-23,0,14,14,0.0,150.92319309315357
2020-06-24,0,14,14,0.0,146.01071053476474
2020-06-25,0,14,14,0.0,146.1946398600955
2020-06-26,0,14,14,0.0,146.24851850659277
2020-06-29,0,14,14,0.0,142.37352720903596
2020-06-30,0,14,14,0.0,141.30106442356347
2020-07-01,0,14,14,0.0,146.4690501682179
2020-07-02,0,14,14,0.0,146.45132843692699
2020-07-03,0,14,14,0.0,145.36202787522345
2020-07-06,0,14,14,0.0,147.7797649446018
2020-07-07,0,14,14,0.0,150.21059217003534
2020-07-08,0,14,14,0.0,151.7664779022213
2020-07-09,1,13,14,7.142857142857142,152.86970270046126
2020-07-10,0,14,14,0.0,148.8514539333724
2020-07-13,0,14,14,0.0,145.7876455237294
2020-07-14,0,14,14,0.0,141.27236501033303
2020-07-15,0,14,14,0.0,139.75471268006265
2020-07-16,0,14,14,0.0,140.8883558673429
2020-07-17,0,14,14,0.0,143.52415469947962
2020-07-20,1,13,14,7.142857142857142,145.4382113745158
2020-07-21,1,13,14,7.142857142857142,147.50554008593554
2020-07-22,2,12,14,14.285714285714285,147.0039714527116
2020-07-23,2,12,14,14.285714285714285,146.35320121094819
2020-07-24,2,12,14,14.285714285714285,144.9673367772302
2020-07-27,1,13,14,7.142857142857142,139.61764527424953
2020-07-28,1,13,14,7.142857142857142,140.4861301266911
2020-07-29,1,13,14,7.142857142857142,140.90054401571487
2020-07-30,0,14,14,0.0,137.5683498311299
2020-07-31,1,13,14,7.142857142857142,138.4169956758952
2020-08-03,0,14,14,0.0,136.47563911190576
2020-08-04,0,14,14,0.0,137.52403407351653
2020-08-05,1,13,14,7.142857142857142,138.57966542630834
2020-08-06,1,13,14,7.142857142857142,139.35360205515292
2020-08-07,0,14,14,0.0,141.258433012792
2020-08-10,0,14,14,0.0,142.0705022057983
2020-08-11,0,14,14,0.0,144.30981577225467
2020-08-12,0,14,14,0.0,146.39187878946615
2020-08-13,0,14,14,0.0,145.45440216966793
2020-08-14,0,14,14,0.0,141.66729113368558
2020-08-17,0,14,14,0.0,140.9516560764991
2020-08-18,0,14,14,0.0,144.0377419327262
2020-08-19,1,13,14,7.142857142857142,146.34775223348916
2020-08-20,0,14,14,0.0,145.27917174143312
2020-08-21,0,14,14,0.0,146.61617744836502
2020-08-24,2,12,14,14.285714285714285,148.33886742673533
2020-08-25,2,12,14,14.285714285714285,149.43260900857416
2020-08-26,3,11,14,21.428571428571427,150.79663798403487
2020-08-27,2,12,14,14.285714285714285,151.606723540953
2020-08-28,4,10,14,28.57142857142857,159.01031667954553
2020-08-31,1,13,14,7.142857142857142,151.136177172877
2020-09-01,1,13,14,7.142857142857142,151.22676508059428
2020-09-02,1,13,14,7.142857142857142,151.56168704676466
2020-09-03,1,13,14,7.142857142857142,150.25761887420558
2020-09-04,1,13,14,7.142857142857142,146.5675940541239
2020-09-07,1,13,14,7.142857142857142,145.83600345521708
2020-09-08,1,13,14,7.142857142857142,143.75393677642404
2020-09-09,1,13,14,7.142857142857142,140.94281515347967
2020-09-10,1,13,14,7.142857142857142,143.5382062238864
2020-09-11,0,14,14,0.0,144.6656114700321
2020-09-14,0,14,14,0.0,144.5211178076411
2020-09-15,1,13,14,7.142857142857142,145.96121514427537
2020-09-16,2,12,14,14.285714285714285,145.68787408191253
2020-09-17,1,13,14,7.142857142857142,144.0147623756298
2020-09-18,1,13,14,7.142857142857142,142.51254887081623
2020-09-21,0,14,14,0.0,136.87563693726275
2020-09-22,0,14,14,0.0,133.95465642348393
2020-09-23,0,14,14,0.0,132.7491251392996
2020-09-24,0,14,14,0.0,127.60184514269213
2020-09-25,0,14,14,0.0,131.85632271590384
2020-09-28,0,14,14,0.0,136.66616264821283
2020-09-29,0,14,14,0.0,134.07303080430714
2020-09-30,1,13,14,7.142857142857142,133.2378198871362
2020-10-01,1,13,14,7.142857142857142,136.85438747145972
2020-10-05,1,13,14,7.142857142857142,137.48337925469485
2020-10-06,3,11,14,21.428571428571427,140.34483499386468
2020-10-07,3,11,14,21.428571428571427,139.667587287132
2020-10-08,3,11,14,21.428571428571427,140.49225857630753
2020-10-09,3,11,14,21.428571428571427,143.78325065271096
2020-10-12,4,10,14,28.57142857142857,141.93604759351174
2020-10-13,3,11,14,21.428571428571427,140.99194997517418
2020-10-14,4,10,14,28.57142857142857,142.13218063381316
2020-10-15,2,12,14,14.285714285714285,138.17384045968214
2020-10-16,3,11,14,21.428571428571427,139.5338089740592
2020-10-19,4,10,14,28.57142857142857,144.75009994533534
2020-10-20,4,10,14,28.57142857142857,144.2730738488549
2020-10-21,6,8,14,42.857142857142854,145.28157400050327
2020-10-22,6,8,14,42.857142857142854,144.6815258847756
2020-10-23,6,8,14,42.857142857142854,145.448614935055
2020-10-26,6,8,14,42.857142857142854,143.88272294222585
2020-10-27,6,8,14,42.857142857142854,145.25382800337135
2020-10-28,6,8,14,42.857142857142854,142.71711502314412
2020-10-29,6,8,14,42.857142857142854,141.52279064359993
2020-10-30,6,8,14,42.857142857142854,140.93148933620287
2020-11-02,6,8,14,42.857142857142854,144.99628018795516
2020-11-03,7,7,14,50.0,147.59189949538154
2020-11-04,7,7,14,50.0,148.1249461518362
2020-11-05,8,6,14,57.14285714285714,150.86938845367058
2020-11-06,8,6,14,57.14285714285714,152.7886938896593
2020-11-09,8,6,14,57.14285714285714,157.12681566514593
2020-11-10,9,5,14,64.28571428571429,163.665038652758
2020-11-11,9,5,14,64.28571428571429,163.1475271766265
2020-11-12,9,5,14,64.28571428571429,160.30940625079893
2020-11-13,9,5,14,64.28571428571429,161.61212676260857
2020-11-14,9,5,14,64.28571428571429,162.4302393188993
2020-11-17,9,5,14,64.28571428571429,165.20619405057258
2020-11-18,9,5,14,64.28571428571429,169.71275760985876
2020-11-19,9,5,14,64.28571428571429,165.15778879837183
2020-11-20,9,5,14,64.28571428571429,166.00235765580328
2020-11-23,9,5,14,64.28571428571429,166.84716287135006
2020-11-24,9,5,14,64.28571428571429,168.77739920214128
2020-11-25,9,5,14,64.28571428571429,168.45906010618026
2020-11-26,10,4,14,71.42857142857143,170.83992895579158
2020-11-27,12,2,14,85.71428571428571,173.36476660553882
2020-12-01,12,2,14,85.71428571428571,178.0197344700836
2020-12-02,13,1,14,92.85714285714286,176.97931019520743
2020-12-03,13,1,14,92.85714285714286,180.05446981654725
2020-12-04,13,1,14,92.85714285714286,182.10364856173175
2020-12-07,13,1,14,92.85714285714286,184.34341380442655
2020-12-08,13,1,14,92.85714285714286,191.8391352096534
2020-12-09,13,1,14,92.85714285714286,194.1698188538435
2020-12-10,13,1,14,92.85714285714286,192.61361159564382
2020-12-11,13,1,14,92.85714285714286,193.53506423718886
2020-12-14,13,1,14,92.85714285714286,195.08788991338807
2020-12-15,13,1,14,92.85714285714286,193.4852595508248
2020-12-16,13,1,14,92.85714285714286,192.18590783007667
2020-12-17,13,1,14,92.85714285714286,191.5824030434006
2020-12-18,13,1,14,92.85714285714286,189.74304018380323
2020-12-21,13,1,14,92.85714285714286,178.3014287609933
2020-12-22,13,1,14,92.85714285714286,179.3005757260221
2020-12-23,12,2,14,85.71428571428571,182.1319343212987
2020-12-24,12,2,14,85.71428571428571,183.5814240776672
2020-12-28,13,1,14,92.85714285714286,187.19321875068488
2020-12-29,13,1,14,92.85714285714286,189.53493693087634
2020-12-30,13,1,14,92.85714285714286,189.46668152755964
2020-12-31,13,1,14,92.85714285714286,189.14292771770033
2021-01-01,13,1,14,92.85714285714286,192.15837927651594
2021-01-04,13,1,14,92.85714285714286,193.89142995080508
2021-01-05,13,1,14,92.85714285714286,196.11526412936934
2021-01-06,13,1,14,92.85714285714286,196.4844379812042
2021-01-07,13,1,14,92.85714285714286,199.50707624719453
2021-01-08,13,1,14,92.85714285714286,198.8913983374728
2021-01-11,13,1,14,92.85714285714286,197.40659486243118
2021-01-12,13,1,14,92.85714285714286,203.4087049120542
2021-01-13,13,1,14,92.85714285714286,205.2130356857222
2021-01-14,13,1,14,92.85714285714286,206.05605855790583
2021-01-15,13,1,14,92.85714285714286,204.07499201889797
2021-01-18,13,1,14,92.85714285714286,199.7969412820717
2021-01-19,13,1,14,92.85714285714286,205.11305682771814
2021-01-20,13,1,14,92.85714285714286,207.77233299079748
2021-01-21,13,1,14,92.85714285714286,203.59558102294693
2021-01-22,13,1,14,92.85714285714286,198.05996912734676
2021-01-25,13,1,14,92.85714285714286,195.6929710057796
2021-01-27,13,1,14,92.85714285714286,191.162952653155
2021-01-28,13,1,14,92.85714285714286,189.28402248206356
2021-01-29,13,1,14,92.85714285714286,192.52103895355916
2021-02-01,13,1,14,92.85714285714286,206.38292844053842
2021-02-02,13,1,14,92.85714285714286,211.7680517495267
2021-02-03,13,1,14,92.85714285714286,215.96258810305008
2021-02-04,13,1,14,92.85714285714286,221.8639797956079
2021-02-05,13,1,14,92.85714285714286,223.58552581284795
2021-02-08,13,1,14,92.85714285714286,223.95703245401359
2021-02-09,13,1,14,92.85714285714286,224.2508334334846
2021-02-10,13,1,14,92.85714285714286,224.61347957818015
2021-02-11,13,1,14,92.85714285714286,224.58554374193972
2021-02-12,13,1,14,92.85714285714286,224.92086654895198
2021-02-15,13,1,14,92.85714285714286,230.195938846354
2021-02-16,13,1,14,92.85714285714286,229.96114212204586
2021-02-17,13,1,14,92.85714285714286,234.16464174631687
2021-02-18,13,1,14,92.85714285714286,239.86713042085916
2021-02-19,13,1,14,92.85714285714286,235.21603608421233
2021-02-22,13,1,14,92.85714285714286,229.67752458033277
2021-02-23,13,1,14,92.85714285714286,230.2193648375551
2021-02-24,13,1,14,92.85714285714286,238.14250032790892
2021-02-25,13,1,14,92.85714285714286,239.93871424337567
2021-02-26,13,1,14,92.85714285714286,230.70285446929094
2021-03-01,13,1,14,92.85714285714286,232.33758225738157
2021-03-02,13,1,14,92.85714285714286,232.73623401174842
2021-03-03,13,1,14,92.85714285714286,240.47221376854
2021-03-04,13,1,14,92.85714285714286,240.9997730336639
2021-03-05,13,1,14,92.85714285714286,234.67843384884804
2021-03-08,13,1,14,92.85714285714286,234.7717826496996
2021-03-09,13,1,14,92.85714285714286,234.70587058018032
2021-03-10,13,1,14,92.85714285714286,235.81476364735127
2021-03-12,13,1,14,92.85714285714286,232.8171868008776
2021-03-15,13,1,14,92.85714285714286,230.60423587107422
2021-03-16,13,1,14,92.85714285714286,228.78456650527608
2021-03-17,13,1,14,92.85714285714286,221.85738654350723
2021-03-18,13,1,14,92.85714285714286,218.41620435087026
2021-03-19,13,1,14,92.85714285714286,221.1840948378575
2021-03-22,13,1,14,92.85714285714286,218.25386242375674
2021-03-23,13,1,14,92.85714285714286,222.62241278692846
2021-03-24,13,1,14,92.85714285714286,216.03322729915882
2021-03-25,13,1,14,92.85714285714286,212.02006489763355
2021-03-26,13,1,14,92.85714285714286,213.40628041127073
2021-03-30,13,1,14,92.85714285714286,219.2214986113159
2021-03-31,13,1,14,92.85714285714286,217.14055852260046
2021-04-01,13,1,14,92.85714285714286,222.48555847101295
2021-04-05,13,1,14,92.85714285714286,214.37476686175333
2021-04-06,13,1,14,92.85714285714286,214.87693130119663
2021-04-07,13,1,14,92.85714285714286,218.98223246535093
2021-04-08,13,1,14,92.85714285714286,217.58400462947526
2021-04-09,13,1,14,92.85714285714286,216.1746538368693
2021-04-12,12,2,14,85.71428571428571,199.78921922952756
2021-04-13,13,1,14,92.85714285714286,207.03820705218692
2021-04-15,13,1,14,92.85714285714286,205.7442985896667
2021-04-16,13,1,14,92.85714285714286,205.8742044682214
2021-04-19,12,2,14,85.71428571428571,197.96308000170896
2021-04-20,12,2,14,85.71428571428571,198.15813179778027
2021-04-22,12,2,14,85.71428571428571,200.56558568254403
2021-04-23,12,2,14,85.71428571428571,200.6394826072473
2021-04-26,13,1,14,92.85714285714286,203.83659814305156
2021-04-27,13,1,14,92.85714285714286,208.21969648329488
2021-04-28,13,1,14,92.85714285714286,214.3376823358356
2021-04-29,13,1,14,92.85714285714286,213.18146145992074
2021-04-30,13,1,14,92.85714285714286,209.61853515189674
2021-05-03,13,1,14,92.85714285714286,206.26469515854455
2021-05-04,13,1,14,92.85714285714286,209.13028836376023
2021-05-05,13,1,14,92.85714285714286,212.6731089818446
2021-05-06,13,1,14,92.85714285714286,211.4119495032166
2021-05-07,13,1,14,92.85714285714286,210.14565482496167
2021-05-10,13,1,14,92.85714285714286,211.64838732250266
2021-05-11,13,1,14,92.85714285714286,212.59409300765992
2021-05-12,13,1,14,92.85714285714286,213.3689884147431
2021-05-14,13,1,14,92.85714285714286,210.2404600339738
2021-05-17,13,1,14,92.85714285714286,217.09180118518515
2021-05-18,13,1,14,92.85714285714286,218.1103273813732
2021-05-19,13,1,14,92.85714285714286,216.76849518197434
2021-05-20,13,1,14,92.85714285714286,216.03025312123583
2021-05-21,13,1,14,92.85714285714286,222.8625306050306
2021-05-24,13,1,14,92.85714285714286,226.36428868431787
2021-05-25,13,1,14,92.85714285714286,223.02078742252877
2021-05-26,13,1,14,92.85714285714286,222.09515354138455
2021-05-27,13,1,14,92.85714285714286,225.98716370380285
2021-05-28,13,1,14,92.85714285714286,227.88597635719475
2021-05-31,13,1,14,92.85714285714286,227.88041710089232
2021-06-01,13,1,14,92.85714285714286,225.95810641253956
2021-06-02,13,1,14,92.85714285714286,229.94552586414025
2021-06-03,13,1,14,92.85714285714286,230.68111597907767
2021-06-04,13,1,14,92.85714285714286,229.45128139148005
2021-06-07,14,0,14,100.0,231.8866567610957
2021-06-08,13,1,14,92.85714285714286,229.1130201479545
2021-06-09,13,1,14,92.85714285714286,226.3864125593529
2021-06-10,13,1,14,92.85714285714286,230.30708824762786
2021-06-11,13,1,14,92.85714285714286,229.94861819081072
2021-06-14,13,1,14,92.85714285714286,230.5017977751548
2021-06-15,13,1,14,92.85714285714286,231.08532047535553
2021-06-16,13,1,14,92.85714285714286,228.83291330953867
2021-06-17,13,1,14,92.85714285714286,226.36932026218642
2021-06-18,13,1,14,92.85714285714286,224.73756734356692
2021-06-21,13,1,14,92.85714285714286,228.97705004951345
2021-06-22,13,1,14,92.85714285714286,227.70659636728382
2021-06-23,13,1,14,92.85714285714286,226.9386129172471
2021-06-24,13,1,14,92.85714285714286,225.84942341745472
2021-06-25,12,2,14,85.71428571428571,230.2012982231577
2021-06-28,12,2,14,85.71428571428571,231.79102321485323
2021-06-29,12,2,14,85.71428571428571,230.14951439754392
2021-06-30,12,2,14,85.71428571428571,227.69525088375224
2021-07-01,12,2,14,85.71428571428571,227.55434274524515
2021-07-02,12,2,14,85.71428571428571,227.9672445128179
2021-07-05,12,2,14,85.71428571428571,229.88648564903244
2021-07-06,13,1,14,92.85714285714286,230.4336035553704
2021-07-07,13,1,14,92.85714285714286,231.4366625524913
2021-07-08,12,2,14,85.71428571428571,228.7448322749595
2021-07-09,12,2,14,85.71428571428571,228.61679084430045
2021-07-12,12,2,14,85.71428571428571,229.75097547950253
2021-07-13,12,2,14,85.71428571428571,231.3089596575136
2021-07-14,12,2,14,85.71428571428571,231.1127880589129
2021-07-15,12,2,14,85.71428571428571,232.08113318500665
2021-07-16,12,2,14,85.71428571428571,231.22354958043084
2021-07-19,12,2,14,85.71428571428571,227.4308284737821
2021-07-20,12,2,14,85.71428571428571,222.41306442633166
2021-07-22,12,2,14,85.71428571428571,223.973544331326
2021-07-23,12,2,14,85.71428571428571,225.3424975549769
2021-07-26,12,2,14,85.71428571428571,225.5042024767679
2021-07-27,12,2,14,85.71428571428571,224.57340954352483
2021-07-28,11,3,14,78.57142857142857,221.9434428697264
2021-07-29,11,3,14,78.57142857142857,225.69789117747393
2021-07-30,11,3,14,78.57142857142857,225.5499644644886
2021-08-02,11,3,14,78.57142857142857,226.74118960998646
2021-08-03,11,3,14,78.57142857142857,229.44685574715004
2021-08-04,12,2,14,85.71428571428571,230.73860937060022
2021-08-05,11,3,14,78.57142857142857,227.76678210059123
2021-08-06,11,3,14,78.57142857142857,229.3639431444837
2021-08-09,11,3,14,78.57142857142857,228.56576666406897
2021-08-10,12,2,14,85.71428571428571,226.263028967637
2021-08-11,11,3,14,78.57142857142857,226.02188403977163
2021-08-12,11,3,14,78.57142857142857,226.99619929981014
2021-08-13,11,3,14,78.57142857142857,227.01574946970044
2021-08-16,11,3,14,78.57142857142857,225.87345488620804
2021-08-17,10,4,14,71.42857142857143,222.9241482037966
2021-08-18,10,4,14,71.42857142857143,222.79292500393143
2021-08-20,9,5,14,64.28571428571429,216.6327949144166
2021-08-23,9,5,14,64.28571428571429,215.67668767627563
2021-08-24,9,5,14,64.28571428571429,220.13693380688176
2021-08-25,9,5,14,64.28571428571429,219.09824253615255
2021-08-26,9,5,14,64.28571428571429,218.32589415197407
2021-08-27,9,5,14,64.28571428571429,218.2665183869482
2021-08-30,10,4,14,71.42857142857143,222.66563074477395
2021-08-31,10,4,14,71.42857142857143,221.3546754789132
2021-09-01,10,4,14,71.42857142857143,224.02761645341388
2021-09-02,10,4,14,71.42857142857143,225.09835011936966
2021-09-03,11,3,14,78.57142857142857,225.77858641006975
2021-09-06,10,4,14,71.42857142857143,224.5551346530236
2021-09-07,10,4,14,71.42857142857143,223.37591726330328
2021-09-08,10,4,14,71.42857142857143,225.22387277781687
2021-09-09,11,3,14,78.57142857142857,225.10779708162053
2021-09-13,10,4,14,71.42857142857143,224.29251382888822
2021-09-14,10,4,14,71.42857142857143,227.30057748716507
2021-09-15,11,3,14,78.57142857142857,230.74639148973927
2021-09-16,13,1,14,92.85714285714286,241.36501400777388
2021-09-17,12,2,14,85.71428571428571,236.35005414705424
2021-09-20,10,4,14,71.42857142857143,229.46138038724553
2021-09-21,10,4,14,71.42857142857143,230.7818873425346
2021-09-22,10,4,14,71.42857142857143,230.99528973764785
2021-09-23,11,3,14,78.57142857142857,234.04534664094743
2021-09-24,9,5,14,64.28571428571429,231.3980803179963
2021-09-27,10,4,14,71.42857142857143,233.2636366329367
2021-09-28,11,3,14,78.57142857142857,233.44270392565568
2021-09-29,12,2,14,85.71428571428571,235.5004652381126
2021-09-30,12,2,14,85.71428571428571,235.75982821579063
2021-10-01,12,2,14,85.71428571428571,236.36557227187453
2021-10-04,12,2,14,85.71428571428571,240.0065141209942
2021-10-05,12,2,14,85.71428571428571,240.76100206034394
2021-10-06,12,2,14,85.71428571428571,237.3295977410949
2021-10-07,12,2,14,85.71428571428571,239.52785006919646
2021-10-08,12,2,14,85.71428571428571,241.24128765134594
2021-10-11,12,2,14,85.71428571428571,242.63639996562537
2021-10-12,12,2,14,85.71428571428571,246.8717923224483
2021-10-13,12,2,14,85.71428571428571,250.04828488939506
2021-10-14,12,2,14,85.71428571428571,253.24511846908493
2021-10-18,12,2,14,85.71428571428571,261.12510288162423
2021-10-19,12,2,14,85.71428571428571,254.5357391452022
2021-10-20,12,2,14,85.71428571428571,256.0149771323172
2021-10-21,13,1,14,92.85714285714286,262.5318179095045
2021-10-22,12,2,14,85.71428571428571,263.53867332009224
2021-10-25,12,2,14,85.71428571428571,265.2377390236917
2021-10-26,12,2,14,85.71428571428571,267.75250169481205
2021-10-27,12,2,14,85.71428571428571,267.77333154559045
2021-10-28,12,2,14,85.71428571428571,257.33438736509765
2021-10-29,12,2,14,85.71428571428571,257.4281633354512
2021-11-01,12,2,14,85.71428571428571,261.5427505580524
2021-11-02,12,2,14,85.71428571428571,266.00969407712915
2021-11-03,12,2,14,85.71428571428571,261.8906025592362
2021-11-04,12,2,14,85.71428571428571,264.670943048739
2021-11-08,12,2,14,85.71428571428571,267.20885229554875
2021-11-09,12,2,14,85.71428571428571,267.70561898135725
2021-11-10,12,2,14,85.71428571428571,262.8963476443493
2021-11-11,11,3,14,78.57142857142857,260.10174605234124
2021-11-12,11,3,14,78.57142857142857,260.9452106860687
2021-11-15,11,3,14,78.57142857142857,259.2160393482758
2021-11-16,11,3,14,78.57142857142857,255.7347514846876
2021-11-17,11,3,14,78.57142857142857,254.82645355550238
2021-11-18,10,4,14,71.42857142857143,252.87105272898037
2021-11-22,9,5,14,64.28571428571429,245.06495862265183
2021-11-23,9,5,14,64.28571428571429,248.43619107802044
2021-11-24,9,5,14,64.28571428571429,248.3668037112042
2021-11-25,10,4,14,71.42857142857143,247.58901850222003
2021-11-26,7,7,14,50.0,237.3976632149425
2021-11-29,7,7,14,50.0,234.44122047656742
2021-11-30,7,7,14,50.0,233.15244057601086
2021-12-01,7,7,14,50.0,239.46979708820123
2021-12-02,8,6,14,57.14285714285714,241.0326254665821
2021-12-03,7,7,14,50.0,240.28285167250928
2021-12-06,7,7,14,50.0,236.57712360881357
2021-12-07,8,6,14,57.14285714285714,242.595526330279
2021-12-08,9,5,14,64.28571428571429,247.02487204267877
2021-12-09,10,4,14,71.42857142857143,248.2022063709627
2021-12-10,11,3,14,78.57142857142857,251.98026439744172
2021-12-13,10,4,14,71.42857142857143,249.35520073857327
2021-12-14,9,5,14,64.28571428571429,248.80989934731156
2021-12-15,10,4,14,71.42857142857143,246.4307179064255
2021-12-16,8,6,14,57.14285714285714,244.1843635522505
2021-12-17,5,9,14,35.714285714285715,235.9726190714739
2021-12-20,4,10,14,28.57142857142857,225.73551889649016
2021-12-21,4,10,14,28.57142857142857,226.9362656428274
2021-12-22,5,9,14,35.714285714285715,231.0923489846531
2021-12-23,5,9,14,35.714285714285715,232.99613518908728
2021-12-24,4,10,14,28.57142857142857,228.86120713171317
2021-12-27,4,10,14,28.57142857142857,229.2696847987905
2021-12-28,5,9,14,35.714285714285715,230.90093527555595
2021-12-29,5,9,14,35.714285714285715,231.29706873019524
2021-12-30,5,9,14,35.714285714285715,231.05859733846265
2021-12-31,5,9,14,35.714285714285715,233.97290524719506
2022-01-03,8,6,14,57.14285714285714,240.14000398847358
2022-01-04,9,5,14,64.28571428571429,242.8422750300815
2022-01-05,10,4,14,71.42857142857143,247.84481800449615
2022-01-06,10,4,14,71.42857142857143,248.0556044816591
2022-01-07,10,4,14,71.42857142857143,248.82069831368418
2022-01-10,12,2,14,85.71428571428571,254.24925357093184
2022-01-11,12,2,14,85.71428571428571,254.72017213387625
2022-01-12,12,2,14,85.71428571428571,256.38928316096894
2022-01-13,12,2,14,85.71428571428571,257.22352941161415
2022-01-14,11,3,14,78.57142857142857,255.58401728991296
2022-01-17,11,3,14,78.57142857142857,255.43052721790897
2022-01-18,10,4,14,71.42857142857143,252.49404402653238
2022-01-19,11,3,14,78.57142857142857,254.30352116502468
2022-01-20,10,4,14,71.42857142857143,253.02981638113553
2022-01-21,10,4,14,71.42857142857143,247.86983094556217
2022-01-24,8,6,14,57.14285714285714,242.70346148995614
2022-01-25,11,3,14,78.57142857142857,249.99112528964017
2022-01-27,11,3,14,78.57142857142857,257.3955844469042
2022-01-28,11,3,14,78.57142857142857,256.8068777131807
2022-01-31,11,3,14,78.57142857142857,259.84951245953437
2022-02-01,11,3,14,78.57142857142857,262.3742935599226
2022-02-02,12,2,14,85.71428571428571,270.76881368284387
2022-02-03,12,2,14,85.71428571428571,267.6280867396346
2022-02-04,12,2,14,85.71428571428571,264.9497911608599
2022-02-07,10,4,14,71.42857142857143,263.6307966574849
2022-02-08,10,4,14,71.42857142857143,264.99491199349217
2022-02-09,10,4,14,71.42857142857143,266.97193297939435
2022-02-10,12,2,14,85.71428571428571,267.94143160706363
2022-02-11,10,4,14,71.42857142857143,263.8829971705892
2022-02-14,9,5,14,64.28571428571429,249.80293565711298
2022-02-15,9,5,14,64.28571428571429,258.6520305070397
2022-02-16,9,5,14,64.28571428571429,257.19055728299793
2022-02-17,9,5,14,64.28571428571429,254.637130150341
2022-02-18,9,5,14,64.28571428571429,254.2659912007403
2022-02-21,10,4,14,71.42857142857143,253.15406334892137
2022-02-22,9,5,14,64.28571428571429,250.82484479370714
2022-02-23,10,4,14,71.42857142857143,253.0163654712815
2022-02-24,5,9,14,35.714285714285715,233.66473574111586
2022-02-25,8,6,14,57.14285714285714,244.65143505526248
2022-02-28,7,7,14,50.0,243.79981313828245
2022-03-02,7,7,14,50.0,240.9661785566111
2022-03-03,5,9,14,35.714285714285715,238.83114053172991
2022-03-04,3,11,14,21.428571428571427,234.32735037125317
2022-03-07,2,12,14,14.285714285714285,223.94096478009007
2022-03-08,3,11,14,21.428571428571427,227.78158562030106
2022-03-09,3,11,14,21.428571428571427,232.74225684156607
2022-03-10,4,10,14,28.57142857142857,236.9900750664038
2022-03-11,5,9,14,35.714285714285715,238.31623285795405
2022-03-14,4,10,14,28.57142857142857,240.29279595024545
2022-03-15,4,10,14,28.57142857142857,238.18972882478792
2022-03-16,5,9,14,35.714285714285715,243.0442016412935
2022-03-17,4,10,14,28.57142857142857,245.47969663268435
2022-03-21,4,10,14,28.57142857142857,243.01084068099615
2022-03-22,5,9,14,35.714285714285715,243.68831028280206
2022-03-23,5,9,14,35.714285714285715,243.51854990850876
2022-03-24,5,9,14,35.714285714285715,241.12972405017695
2022-03-25,5,9,14,35.714285714285715,240.58497931620067
2022-03-28,5,9,14,35.714285714285715,241.99908961588613
2022-03-29,5,9,14,35.714285714285715,241.0992018144567
2022-03-30,7,7,14,50.0,243.1331984775781
2022-03-31,7,7,14,50.0,244.00603320451154
2022-04-01,7,7,14,50.0,252.29120579513898
2022-04-04,10,4,14,71.42857142857143,258.2826933738112
2022-04-05,9,5,14,64.28571428571429,256.83072855942635
2022-04-06,10,4,14,71.42857142857143,260.12128144261754
2022-04-07,9,5,14,64.28571428571429,260.5639861975306
2022-04-08,9,5,14,64.28571428571429,262.75386105396336
2022-04-11,9,5,14,64.28571428571429,261.36705367274254
2022-04-12,9,5,14,64.28571428571429,259.54212701579803
2022-04-13,9,5,14,64.28571428571429,258.6425996628233
2022-04-18,8,6,14,57.14285714285714,253.54685893971603
2022-04-19,8,6,14,57.14285714285714,251.7087001258555
2022-04-20,8,6,14,57.14285714285714,251.60479955373387
2022-04-21,8,6,14,57.14285714285714,254.81299336143462
2022-04-22,8,6,14,57.14285714285714,249.50762596751602
2022-04-25,8,6,14,57.14285714285714,247.6351179524431
2022-04-26,8,6,14,57.14285714285714,251.94150477674845
2022-04-27,8,6,14,57.14285714285714,249.12916267842343
2022-04-28,8,6,14,57.14285714285714,251.39652831689264
2022-04-29,7,7,14,50.0,247.83647048568156
2022-05-02,8,6,14,57.14285714285714,247.94563868452474
2022-05-04,6,8,14,42.857142857142854,242.0720609289649
2022-05-05,6,8,14,42.857142857142854,241.52924673645734
2022-05-06,5,9,14,35.714285714285715,236.78247130100846
2022-05-09,3,11,14,21.428571428571427,233.08729968960068
2022-05-10,3,11,14,21.428571428571427,232.89481344625088
2022-05-11,2,12,14,14.285714285714285,232.7457691200573
2022-05-12,2,12,14,14.285714285714285,222.31807677047013
2022-05-13,2,12,14,14.285714285714285,222.5010017824066
2022-05-16,2,12,14,14.285714285714285,226.8474434311155
2022-05-17,3,11,14,21.428571428571427,231.57182811343512
2022-05-18,3,11,14,21.428571428571427,230.2988703082929
2022-05-19,3,11,14,21.428571428571427,223.55760161325273
2022-05-20,3,11,14,21.428571428571427,230.33718900822592
2022-05-23,3,11,14,21.428571428571427,230.30070918279247
2022-05-24,4,10,14,28.57142857142857,228.87702811666983
2022-05-25,2,12,14,14.285714285714285,226.0458333024136
2022-05-26,4,10,14,28.57142857142857,231.21216900563417
2022-05-27,4,10,14,28.57142857142857,234.2586541724791
2022-05-30,7,7,14,50.0,238.63942948527082
2022-05-31,4,10,14,28.57142857142857,235.5294905389707
2022-06-01,5,9,14,35.714285714285715,237.36155615296641
2022-06-02,6,8,14,42.857142857142854,239.78373788089118
2022-06-03,5,9,14,35.714285714285715,236.23235341520913
2022-06-06,5,9,14,35.714285714285715,236.06782783655973
2022-06-07,3,11,14,21.428571428571427,234.86652451317727
2022-06-08,4,10,14,28.57142857142857,234.62355672766978
2022-06-09,2,12,14,14.285714285714285,234.50830854338997
2022-06-10,1,13,14,7.142857142857142,231.8317713631381
2022-06-13,1,13,14,7.142857142857142,224.40645789980832
2022-06-14,1,13,14,7.142857142857142,224.18551986932775
2022-06-15,2,12,14,14.285714285714285,224.51774499946197
2022-06-16,2,12,14,14.285714285714285,218.8822696828823
2022-06-17,2,12,14,14.285714285714285,219.34278713694525
2022-06-20,1,13,14,7.142857142857142,215.4326186306185
2022-06-21,1,13,14,7.142857142857142,220.67553195194222
2022-06-22,1,13,14,7.142857142857142,218.30875146474833
2022-06-23,1,13,14,7.142857142857142,220.02009235583677
2022-06-24,2,12,14,14.285714285714285,224.22016300733478
2022-06-27,2,12,14,14.285714285714285,226.14762773137937
2022-06-28,2,12,14,14.285714285714285,226.20758708262767
2022-06-29,1,13,14,7.142857142857142,223.436342226118
2022-06-30,1,13,14,7.142857142857142,221.98883749901356
2022-07-01,2,12,14,14.285714285714285,223.78311233268704
2022-07-04,2,12,14,14.285714285714285,226.85011112549444
2022-07-05,2,12,14,14.285714285714285,225.67715689773445
2022-07-06,3,11,14,21.428571428571427,229.09195668577397
2022-07-07,5,9,14,35.714285714285715,234.8415188748338
2022-07-08,5,9,14,35.714285714285715,235.14391625966152
2022-07-11,5,9,14,35.714285714285715,238.75664536587396
2022-07-12,6,8,14,42.857142857142854,237.20586364841614
2022-07-13,5,9,14,35.714285714285715,236.31007075932357
2022-07-14,5,9,14,35.714285714285715,233.65242102519966
2022-07-15,4,10,14,28.57142857142857,233.0274360888505
2022-07-18,6,8,14,42.857142857142854,239.43641238513104
2022-07-19,6,8,14,42.857142857142854,244.13925152765975
2022-07-20,6,8,14,42.857142857142854,244.34126960563844
2022-07-21,7,7,14,50.0,249.19117430564683
2022-07-22,7,7,14,50.0,251.4324071034868
2022-07-25,8,6,14,57.14285714285714,250.48035993712423
2022-07-26,7,7,14,50.0,247.8311411040511
2022-07-27,8,6,14,57.14285714285714,251.92594982252524
2022-07-28,8,6,14,57.14285714285714,255.0331859414508
2022-07-29,8,6,14,57.14285714285714,255.20392224737708
2022-08-01,10,4,14,71.42857142857143,260.80339881687354
2022-08-02,11,3,14,78.57142857142857,268.0302355645104
2022-08-03,10,4,14,71.42857142857143,265.61672715930376
2022-08-04,10,4,14,71.42857142857143,264.0657161316805
2022-08-05,10,4,14,71.42857142857143,264.6814446087326
2022-08-08,12,2,14,85.71428571428571,265.84632450986203
2022-08-10,11,3,14,78.57142857142857,264.9830963927249
2022-08-11,13,1,14,92.85714285714286,269.4962427077039
2022-08-12,13,1,14,92.85714285714286,269.253444276071
2022-08-16,13,1,14,92.85714285714286,270.68443692515837
2022-08-17,13,1,14,92.85714285714286,274.68885682531544
2022-08-18,13,1,14,92.85714285714286,275.4510049910417
2022-08-19,13,1,14,92.85714285714286,269.6119231587809
2022-08-22,12,2,14,85.71428571428571,264.76413977584417
2022-08-23,13,1,14,92.85714285714286,269.69755093388886
2022-08-24,13,1,14,92.85714285714286,273.93850301653686
2022-08-25,14,0,14,100.0,276.2053315293054
2022-08-26,14,0,14,100.0,276.6599546487022
2022-08-29,14,0,14,100.0,272.46049655247344
2022-08-30,14,0,14,100.0,279.7231339120636
2022-09-01,14,0,14,100.0,280.45615315960066
2022-09-02,14,0,14,100.0,279.7228655490222
2022-09-05,14,0,14,100.0,283.98637668045075
2022-09-06,14,0,14,100.0,283.32910727714733
2022-09-07,14,0,14,100.0,282.88736104563685
2022-09-08,14,0,14,100.0,288.0086833303497
2022-09-09,14,0,14,100.0,289.1151488148431
2022-09-12,14,0,14,100.0,291.91564055912147
2022-09-13,14,0,14,100.0,293.0497278363529
2022-09-14,14,0,14,100.0,296.78275766437633
2022-09-15,14,0,14,100.0,296.8343265087257
2022-09-16,14,0,14,100.0,292.7511690612136
2022-09-19,14,0,14,100.0,294.35984714925723
2022-09-20,14,0,14,100.0,297.4412936989403
2022-09-21,14,0,14,100.0,295.6574836003169
2022-09-22,14,0,14,100.0,292.71467752554565
2022-09-23,14,0,14,100.0,282.24489896473085
2022-09-26,12,2,14,85.71428571428571,272.17737521763905
2022-09-27,10,4,14,71.42857142857143,273.05868425501166
2022-09-28,9,5,14,64.28571428571429,267.3219300655694
2022-09-29,9,5,14,64.28571428571429,269.41566352709935
2022-09-30,12,2,14,85.71428571428571,278.29414988242223
2022-10-03,11,3,14,78.57142857142857,272.1058482541457
2022-10-04,13,1,14,92.85714285714286,281.79417308168763
2022-10-06,13,1,14,92.85714285714286,283.20513577682976
2022-10-07,13,1,14,92.85714285714286,282.6972877202816
2022-10-10,11,3,14,78.57142857142857,281.6334598663356
2022-10-11,11,3,14,78.57142857142857,277.9821896408007
2022-10-12,11,3,14,78.57142857142857,282.3368529885545
2022-10-13,11,3,14,78.57142857142857,278.8752999412487
2022-10-14,13,1,14,92.85714285714286,282.2564309151854
2022-10-17,13,1,14,92.85714285714286,288.2043727324411
2022-10-18,13,1,14,92.85714285714286,294.272325451386
2022-10-19,13,1,14,92.85714285714286,294.4444557145369
2022-10-20,13,1,14,92.85714285714286,294.15949043082753
2022-10-21,13,1,14,92.85714285714286,299.0819174626841
2022-10-24,13,1,14,92.85714285714286,301.18809548805257
2022-10-25,13,1,14,92.85714285714286,303.2886340618285
2022-10-27,13,1,14,92.85714285714286,305.56910244990974
2022-10-28,13,1,14,92.85714285714286,303.42911807790176
2022-10-31,13,1,14,92.85714285714286,305.111097955487
2022-11-01,13,1,14,92.85714285714286,303.9100355948144
2022-11-02,13,1,14,92.85714285714286,302.5703613606251
2022-11-03,13,1,14,92.85714285714286,307.6136667588501
2022-11-04,13,1,14,92.85714285714286,308.7237005294646
2022-11-07,13,1,14,92.85714285714286,314.3631545149027
2022-11-09,14,0,14,100.0,320.8909574005983
2022-11-10,14,0,14,100.0,319.181790542895
2022-11-11,13,1,14,92.85714285714286,319.95894094659224
2022-11-14,14,0,14,100.0,320.03106446520917
2022-11-15,14,0,14,100.0,320.32444318770416
2022-11-16,13,1,14,92.85714285714286,321.1185893846694
2022-11-17,13,1,14,92.85714285714286,321.9358720094175
2022-11-18,13,1,14,92.85714285714286,323.2300174460527
2022-11-21,13,1,14,92.85714285714286,324.9025944018629
2022-11-22,13,1,14,92.85714285714286,327.73260821442244
2022-11-23,13,1,14,92.85714285714286,330.6766470343381
2022-11-24,14,0,14,100.0,333.38077148136654
2022-11-25,14,0,14,100.0,333.8653311518864
2022-11-28,14,0,14,100.0,335.6423176133212
2022-11-29,14,0,14,100.0,334.5941579215444
2022-11-30,14,0,14,100.0,334.12067761631175
2022-12-01,14,0,14,100.0,336.4958160130447
2022-12-02,14,0,14,100.0,337.4660294028663
2022-12-05,14,0,14,100.0,340.89859059789177
2022-12-06,14,0,14,100.0,341.3919968035678
2022-12-07,14,0,14,100.0,340.2688450640187
2022-12-08,14,0,14,100.0,347.07391549564164
2022-12-09,14,0,14,100.0,347.18422904362666
2022-12-12,14,0,14,100.0,351.3948142267358
2022-12-13,14,0,14,100.0,359.633923464526
2022-12-14,14,0,14,100.0,359.59767377914613
2022-12-15,14,0,14,100.0,355.635980254854
2022-12-16,14,0,14,100.0,348.66170112624224
2022-12-19,14,0,14,100.0,350.48325752676243
2022-12-20,14,0,14,100.0,349.68534884971376
2022-12-21,13,1,14,92.85714285714286,340.08144607578464
2022-12-22,14,0,14,100.0,335.33697685215776
2022-12-23,13,1,14,92.85714285714286,320.32695584065027
2022-12-26,13,1,14,92.85714285714286,337.5421444747654
2022-12-27,13,1,14,92.85714285714286,341.1303946469209
2022-12-28,13,1,14,92.85714285714286,341.76487235268905
2022-12-29,13,1,14,92.85714285714286,345.0681521130116
2022-12-30,13,1,14,92.85714285714286,347.843678324657
2023-01-02,13,1,14,92.85714285714286,351.43928466727374
2023-01-03,14,0,14,100.0,353.63135104399845
2023-01-04,13,1,14,92.85714285714286,347.68433145858586
2023-01-05,13,1,14,92.85714285714286,347.0964632995731
2023-01-06,12,2,14,85.71428571428571,342.9073701386192
2023-01-09,13,1,14,92.85714285714286,346.7604726572845
2023-01-10,12,2,14,85.71428571428571,341.0312441696621
2023-01-11,12,2,14,85.71428571428571,341.3041375217246
2023-01-12,12,2,14,85.71428571428571,340.13347603109077
2023-01-13,12,2,14,85.71428571428571,343.67436479188194
2023-01-16,12,2,14,85.71428571428571,345.7919446489603
2023-01-17,12,2,14,85.71428571428571,343.2856769341645
2023-01-18,12,2,14,85.71428571428571,342.8629645024578
2023-01-19,12,2,14,85.71428571428571,341.86424133018545
2023-01-20,12,2,14,85.71428571428571,341.2406266648094
2023-01-23,13,1,14,92.85714285714286,341.96712327038836
2023-01-24,13,1,14,92.85714285714286,339.3230406454569
2023-01-25,12,2,14,85.71428571428571,329.39453924517187
2023-01-27,11,3,14,78.57142857142857,318.1618973500046
2023-01-30,11,3,14,78.57142857142857,318.17103850482727
2023-01-31,12,2,14,85.71428571428571,324.98595568430113
2023-02-01,10,4,14,71.42857142857143,315.5811039229043
2023-02-02,11,3,14,78.57142857142857,318.82384360062
2023-02-03,12,2,14,85.71428571428571,323.89339059363004
2023-02-06,13,1,14,92.85714285714286,324.6721968783635
2023-02-07,13,1,14,92.85714285714286,325.7638533935688
2023-02-08,13,1,14,92.85714285714286,325.9811049220218
2023-02-09,13,1,14,92.85714285714286,324.8601909740529
2023-02-10,13,1,14,92.85714285714286,325.9112575281749
2023-02-13,13,1,14,92.85714285714286,321.02532187657056
2023-02-14,13,1,14,92.85714285714286,322.71356715994904
2023-02-15,13,1,14,92.85714285714286,323.6709388427645
2023-02-16,12,2,14,85.71428571428571,322.76409697355257
2023-02-17,10,4,14,71.42857142857143,317.6006949987339
2023-02-20,11,3,14,78.57142857142857,315.05028144873063
2023-02-21,11,3,14,78.57142857142857,313.2350520258901
2023-02-22,11,3,14,78.57142857142857,307.5129507347714
2023-02-23,11,3,14,78.57142857142857,308.3601643512459
2023-02-24,9,5,14,64.28571428571429,307.19893853748806
2023-02-27,11,3,14,78.57142857142857,310.2327495724015
2023-02-28,11,3,14,78.57142857142857,312.07922480450816
2023-03-01,11,3,14,78.57142857142857,319.16239497882776
2023-03-02,11,3,14,78.57142857142857,316.42247912034713
2023-03-03,12,2,14,85.71428571428571,324.84394669713674
2023-03-06,13,1,14,92.85714285714286,325.2640161373902
2023-03-08,13,1,14,92.85714285714286,328.08055993139806
2023-03-09,12,2,14,85.71428571428571,325.1689900622844
2023-03-10,12,2,14,85.71428571428571,319.45541604280663
2023-03-13,8,6,14,57.14285714285714,309.6651329321471
2023-03-14,8,6,14,57.14285714285714,307.2374936617602
2023-03-15,8,6,14,57.14285714285714,304.06773069099415
2023-03-16,8,6,14,57.14285714285714,303.67277588036
2023-03-17,8,6,14,57.14285714285714,305.83474616015997
2023-03-20,8,6,14,57.14285714285714,303.32274901416395
2023-03-21,9,5,14,64.28571428571429,307.45083484665633
2023-03-22,9,5,14,64.28571428571429,308.85221906845135
2023-03-23,9,5,14,64.28571428571429,304.48920236484753
2023-03-24,8,6,14,57.14285714285714,300.8410680819709
2023-03-27,8,6,14,57.14285714285714,300.75621521363956
2023-03-28,9,5,14,64.28571428571429,300.06771610567915
2023-03-29,8,6,14,57.14285714285714,307.1147663056054
2023-03-31,9,5,14,64.28571428571429,310.9073386123248
2023-04-03,9,5,14,64.28571428571429,312.93805055618526
2023-04-05,9,5,14,64.28571428571429,310.8030771538053
2023-04-06,9,5,14,64.28571428571429,311.70651121390097
2023-04-10,9,5,14,64.28571428571429,309.7365984508669
2023-04-11,10,4,14,71.42857142857143,313.84968274689487
2023-04-12,10,4,14,71.42857142857143,313.96161816322274
2023-04-13,12,2,14,85.71428571428571,321.40148536524686
2023-04-17,12,2,14,85.71428571428571,326.3522091939898
2023-04-18,12,2,14,85.71428571428571,329.9607028416102
2023-04-19,12,2,14,85.71428571428571,327.6967320008671
2023-04-20,12,2,14,85.71428571428571,328.2666191035915
2023-04-21,12,2,14,85.71428571428571,325.90882917839514
2023-04-24,12,2,14,85.71428571428571,329.7850679042536
2023-04-25,13,1,14,92.85714285714286,331.47426754514504
2023-04-26,13,1,14,92.85714285714286,332.6070317690259
2023-04-27,13,1,14,92.85714285714286,333.4290510546794
2023-04-28,13,1,14,92.85714285714286,338.1927258903263
2023-05-02,13,1,14,92.85714285714286,341.2353457622849
2023-05-03,13,1,14,92.85714285714286,340.7009084838648
2023-05-04,13,1,14,92.85714285714286,343.0599040932381
2023-05-05,12,2,14,85.71428571428571,335.7989220936126
2023-05-08,12,2,14,85.71428571428571,338.5851768889707
2023-05-09,13,1,14,92.85714285714286,336.0593987048726
2023-05-10,13,1,14,92.85714285714286,334.95197092095907
2023-05-11,13,1,14,92.85714285714286,336.32256027061885
2023-05-12,12,2,14,85.71428571428571,337.69092918247446
2023-05-15,13,1,14,92.85714285714286,340.4194548647078
2023-05-16,12,2,14,85.71428571428571,341.64914793855746
2023-05-17,12,2,14,85.71428571428571,340.7730049071317
2023-05-18,12,2,14,85.71428571428571,338.8156228147115
2023-05-19,12,2,14,85.71428571428571,340.28138072377345
2023-05-22,12,2,14,85.71428571428571,340.99987205439584
2023-05-23,12,2,14,85.71428571428571,341.2502021963225
2023-05-24,12,2,14,85.71428571428571,339.6946030029607
2023-05-25,12,2,14,85.71428571428571,340.1900857761697
2023-05-26,12,2,14,85.71428571428571,344.06574791554345
2023-05-29,12,2,14,85.71428571428571,346.57930849041196
2023-05-30,12,2,14,85.71428571428571,347.6202191926656
2023-05-31,12,2,14,85.71428571428571,348.17464334503325
2023-06-01,12,2,14,85.71428571428571,347.61856952652414
2023-06-02,12,2,14,85.71428571428571,349.970319519291
2023-06-05,12,2,14,85.71428571428571,349.9042283429486
2023-06-06,12,2,14,85.71428571428571,349.94255676709145
2023-06-07,12,2,14,85.71428571428571,351.54356977457917
2023-06-08,12,2,14,85.71428571428571,349.8569045644586
2023-06-09,12,2,14,85.71428571428571,349.0244176034621
2023-06-12,12,2,14,85.71428571428571,349.68431991945175
2023-06-13,12,2,14,85.71428571428571,350.9663962664361
2023-06-14,12,2,14,85.71428571428571,351.0775314961273
2023-06-15,11,3,14,78.57142857142857,346.8122751592453
2023-06-16,12,2,14,85.71428571428571,351.98124231624473
2023-06-19,11,3,14,78.57142857142857,351.15540639629415
2023-06-20,11,3,14,78.57142857142857,352.05200550763635
2023-06-21,12,2,14,85.71428571428571,352.03426327591103
2023-06-22,11,3,14,78.57142857142857,347.4830548375293
2023-06-23,10,4,14,71.42857142857143,346.176661035794
2023-06-26,10,4,14,71.42857142857143,346.0331256569124
2023-06-27,12,2,14,85.71428571428571,349.37458521410576
2023-06-28,11,3,14,78.57142857142857,350.48826115610484
2023-06-30,12,2,14,85.71428571428571,355.4089053710116
2023-07-03,12,2,14,85.71428571428571,362.445036906347
2023-07-04,13,1,14,92.85714285714286,366.32031880691216
2023-07-05,14,0,14,100.0,369.1726108990896
2023-07-06,14,0,14,100.0,373.10946885849773
2023-07-07,14,0,14,100.0,371.55037216344664
2023-07-10,14,0,14,100.0,370.342241273034
2023-07-11,14,0,14,100.0,371.570175541452
2023-07-12,14,0,14,100.0,372.2725714077383
2023-07-13,13,1,14,92.85714285714286,366.9487405571909
2023-07-14,13,1,14,92.85714285714286,370.3099849979178
2023-07-17,14,0,14,100.0,375.55798152982766
2023-07-18,14,0,14,100.0,374.039672952691
2023-07-19,14,0,14,100.0,378.4795317371087
2023-07-20,14,0,14,100.0,381.7775396932746
2023-07-21,14,0,14,100.0,381.86579403597625
2023-07-24,14,0,14,100.0,379.3233419856996
2023-07-25,14,0,14,100.0,375.42138124080856
2023-07-26,13,1,14,92.85714285714286,379.8333517111689
2023-07-27,13,1,14,92.85714285714286,378.3949953342714
2023-07-28,13,1,14,92.85714285714286,378.40615059899534
2023-07-31,13,1,14,92.85714285714286,380.0317801655756
2023-08-01,14,0,14,100.0,379.17756471786583
2023-08-02,12,2,14,85.71428571428571,372.7562476613426
2023-08-03,12,2,14,85.71428571428571,370.5480818977263
2023-08-04,12,2,14,85.71428571428571,373.18808846420126
2023-08-07,12,2,14,85.71428571428571,371.7005787631382
2023-08-08,12,2,14,85.71428571428571,375.3963332617309
2023-08-09,12,2,14,85.71428571428571,375.31215552186706
2023-08-10,12,2,14,85.71428571428571,372.48490101234586
2023-08-11,12,2,14,85.71428571428571,372.74713544015555
2023-08-14,10,4,14,71.42857142857143,371.4144018151887
2023-08-16,10,4,14,71.42857142857143,370.31461030683516
2023-08-17,11,3,14,78.57142857142857,372.15688962349185
2023-08-18,11,3,14,78.57142857142857,372.257214042609
2023-08-21,11,3,14,78.57142857142857,372.39692331560536
2023-08-22,11,3,14,78.57142857142857,373.304341645351
2023-08-23,11,3,14,78.57142857142857,378.4827854530279
2023-08-24,11,3,14,78.57142857142857,378.1803100713886
2023-08-25,11,3,14,78.57142857142857,374.6751471228248
2023-08-28,11,3,14,78.57142857142857,377.5191013998768
2023-08-29,11,3,14,78.57142857142857,375.52979888528654
2023-08-30,11,3,14,78.57142857142857,375.17049209761893
2023-08-31,10,4,14,71.42857142857143,372.62702099094133
2023-09-01,12,2,14,85.71428571428571,377.9244675154934
2023-09-04,12,2,14,85.71428571428571,383.8021676332368
2023-09-05,12,2,14,85.71428571428571,384.2193980244545
2023-09-06,12,2,14,85.71428571428571,381.0368410988621
2023-09-07,12,2,14,85.71428571428571,385.1064020517146
2023-09-08,13,1,14,92.85714285714286,386.5359498748876
2023-09-11,13,1,14,92.85714285714286,392.66126067759114
2023-09-12,13,1,14,92.85714285714286,385.71356229560575
2023-09-13,13,1,14,92.85714285714286,393.80387786477684
2023-09-14,13,1,14,92.85714285714286,397.0060539520585
2023-09-15,13,1,14,92.85714285714286,399.40065109823854
2023-09-18,13,1,14,92.85714285714286,401.6180241065
2023-09-20,12,2,14,85.71428571428571,399.6784658816364
2023-09-21,12,2,14,85.71428571428571,392.63163031645297
2023-09-22,12,2,14,85.71428571428571,398.49863738293897
2023-09-25,12,2,14,85.71428571428571,399.54534884121983
2023-09-26,12,2,14,85.71428571428571,397.4348355898655
2023-09-27,12,2,14,85.71428571428571,400.4069331413858
2023-09-28,12,2,14,85.71428571428571,395.47844415722955
2023-09-29,12,2,14,85.71428571428571,398.7922068824275
2023-10-03,12,2,14,85.71428571428571,402.0265611189053
2023-10-04,12,2,14,85.71428571428571,394.18440981538924
2023-10-05,12,2,14,85.71428571428571,393.5892946157412
2023-10-06,12,2,14,85.71428571428571,395.26382609553383
2023-10-09,11,3,14,78.57142857142857,388.12104913520636
2023-10-10,12,2,14,85.71428571428571,393.82326906812034
2023-10-11,12,2,14,85.71428571428571,393.8426322292141
2023-10-12,12,2,14,85.71428571428571,394.0310232610093
2023-10-13,12,2,14,85.71428571428571,391.9284391952533
2023-10-16,12,2,14,85.71428571428571,392.5380037027872
2023-10-17,12,2,14,85.71428571428571,394.21160107782947
2023-10-18,12,2,14,85.71428571428571,389.21844877777676
2023-10-19,12,2,14,85.71428571428571,389.55492719231506
2023-10-20,11,3,14,78.57142857142857,387.43156589614455
2023-10-23,10,4,14,71.42857142857143,377.3994336060206
2023-10-25,10,4,14,71.42857142857143,375.66954461583526
2023-10-26,8,6,14,57.14285714285714,371.7910424005272
2023-10-27,9,5,14,64.28571428571429,380.3623756611096
2023-10-30,10,4,14,71.42857142857143,380.01523720054166
2023-10-31,10,4,14,71.42857142857143,379.712101364842
2023-11-01,9,5,14,64.28571428571429,378.7479670589871
2023-11-02,10,4,14,71.42857142857143,383.01957549768224
2023-11-03,10,4,14,71.42857142857143,385.4099802430327
2023-11-06,10,4,14,71.42857142857143,386.13592067497876
2023-11-07,11,3,14,78.57142857142857,388.1786857059318
2023-11-08,11,3,14,78.57142857142857,389.8073638432379
2023-11-09,11,3,14,78.57142857142857,391.71136681443596
2023-11-10,12,2,14,85.71428571428571,393.52887208428575
2023-11-12,12,2,14,85.71428571428571,395.09614594870186
2023-11-13,12,2,14,85.71428571428571,402.11628227556605
2023-11-15,12,2,14,85.71428571428571,404.672758537036
2023-11-16,12,2,14,85.71428571428571,404.3213056019571
2023-11-17,11,3,14,78.57142857142857,399.3359896044551
2023-11-20,12,2,14,85.71428571428571,398.62063386544867
2023-11-21,11,3,14,78.57142857142857,397.3906399661836
2023-11-22,11,3,14,78.57142857142857,393.0568504876038
2023-11-23,11,3,14,78.57142857142857,395.4113650798692
2023-11-24,11,3,14,78.57142857142857,395.2802833558336
2023-11-28,11,3,14,78.57142857142857,399.233572069242
2023-11-29,12,2,14,85.71428571428571,403.72202344253674
2023-11-30,11,3,14,78.57142857142857,400.7821447648346
2023-12-01,12,2,14,85.71428571428571,405.20668810404885
2023-12-04,14,0,14,100.0,418.33947520054664
2023-12-05,14,0,14,100.0,423.1193465088162
2023-12-06,14,0,14,100.0,423.0429528103173
2023-12-07,14,0,14,100.0,423.23410693733064
2023-12-08,14,0,14,100.0,424.5974213427278
2023-12-11,14,0,14,100.0,427.3767347666877
2023-12-12,14,0,14,100.0,428.1575033313636
2023-12-13,14,0,14,100.0,429.0369886400879
2023-12-14,14,0,14,100.0,433.96971792714305
2023-12-15,14,0,14,100.0,440.36567481898726
2023-12-18,14,0,14,100.0,438.09310885830524
2023-12-19,14,0,14,100.0,437.67641635600967
2023-12-20,14,0,14,100.0,427.4662795070679
2023-12-21,14,0,14,100.0,433.3241016322287
2023-12-22,14,0,14,100.0,430.9484532781686
2023-12-26,14,0,14,100.0,431.695495483189
2023-12-27,14,0,14,100.0,437.33285706428495
2023-12-28,14,0,14,100.0,440.5793280811685
2023-12-29,14,0,14,100.0,440.29028493943565
2024-01-01,14,0,14,100.0,443.24009077345596
2024-01-02,14,0,14,100.0,439.22378668865963
2024-01-03,14,0,14,100.0,441.0598205389009
2024-01-04,14,0,14,100.0,447.3586891285783
2024-01-05,14,0,14,100.0,447.70367779275455
2024-01-08,14,0,14,100.0,440.5702637817639
2024-01-09,14,0,14,100.0,438.87127178924806
2024-01-10,13,1,14,92.85714285714286,440.49463474777104
2024-01-11,13,1,14,92.85714285714286,443.2170224204526
2024-01-12,14,0,14,100.0,448.26168846630156
2024-01-15,14,0,14,100.0,450.6348301646859
2024-01-16,14,0,14,100.0,451.7405412869931
2024-01-17,12,2,14,85.71428571428571,438.3893807148428
2024-01-18,12,2,14,85.71428571428571,438.4080473725482
2024-01-19,12,2,14,85.71428571428571,440.40442317699524
2024-01-20,12,2,14,85.71428571428571,445.9780735896642
2024-01-23,10,4,14,71.42857142857143,429.70321787597544
2024-01-24,11,3,14,78.57142857142857,434.1479541861621
2024-01-25,10,4,14,71.42857142857143,433.07964095295404
2024-01-29,11,3,14,78.57142857142857,436.8530512550494
2024-01-30,11,3,14,78.57142857142857,436.36874908797137
2024-01-31,11,3,14,78.57142857142857,443.28540879487815
2024-02-01,11,3,14,78.57142857142857,448.0789235876363
2024-02-02,10,4,14,71.42857142857143,449.35723972232336
2024-02-05,11,3,14,78.57142857142857,446.9200246169969
2024-02-06,10,4,14,71.42857142857143,448.1040105395697
2024-02-07,10,4,14,71.42857142857143,457.94369077910585
2024-02-08,10,4,14,71.42857142857143,454.92553209229163
2024-02-09,10,4,14,71.42857142857143,461.1712341868833
2024-02-12,10,4,14,71.42857142857143,447.14915416561814
2024-02-13,10,4,14,71.42857142857143,451.2867152182748
2024-02-14,10,4,14,71.42857142857143,457.98478620986424
2024-02-15,10,4,14,71.42857142857143,465.1681053573739
2024-02-16,10,4,14,71.42857142857143,467.1070973397109
2024-02-19,10,4,14,71.42857142857143,463.6831593187665
2024-02-20,10,4,14,71.42857142857143,464.4267790533224
2024-02-21,10,4,14,71.42857142857143,462.9191416284051
2024-02-22,10,4,14,71.42857142857143,466.0183385105689
2024-02-23,10,4,14,71.42857142857143,463.564400098886
2024-02-26,10,4,14,71.42857142857143,459.80785919127493
2024-02-27,10,4,14,71.42857142857143,459.7462033327383
2024-02-28,10,4,14,71.42857142857143,448.33681347254054
2024-02-29,10,4,14,71.42857142857143,453.1515182161428
2024-03-01,10,4,14,71.42857142857143,462.6693031470845
2024-03-02,10,4,14,71.42857142857143,464.31967413596726
2024-03-04,10,4,14,71.42857142857143,465.37556762022376
2024-03-05,10,4,14,71.42857142857143,469.2034441838535
2024-03-06,10,4,14,71.42857142857143,470.35749520851573
2024-03-07,10,4,14,71.42857142857143,470.0947143804735
2024-03-11,10,4,14,71.42857142857143,465.70172605839025
2024-03-12,10,4,14,71.42857142857143,459.12377862205835
2024-03-13,10,4,14,71.42857142857143,446.7996933944522
2024-03-14,10,4,14,71.42857142857143,450.9023547705276
2024-03-15,10,4,14,71.42857142857143,450.9963080853552
2024-03-18,10,4,14,71.42857142857143,451.3451127824314
2024-03-19,9,5,14,64.28571428571429,445.58272924519537
2024-03-20,9,5,14,64.28571428571429,445.01597343413135
2024-03-21,10,4,14,71.42857142857143,451.864143695604
2024-03-22,10,4,14,71.42857142857143,455.1373376826503
2024-03-26,10,4,14,71.42857142857143,454.4420976774172
2024-03-27,10,4,14,71.42857142857143,454.17288713230255
2024-03-28,10,4,14,71.42857142857143,457.79997960517267
2024-04-01,10,4,14,71.42857142857143,465.1575175490194
2024-04-02,10,4,14,71.42857142857143,467.3310295663133
2024-04-03,10,4,14,71.42857142857143,472.1645227189563
2024-04-04,10,4,14,71.42857142857143,473.1048711949422
2024-04-05,10,4,14,71.42857142857143,477.8068503858955
2024-04-08,10,4,14,71.42857142857143,476.7454367798139
2024-04-09,10,4,14,71.42857142857143,475.32726360348283
2024-04-10,11,3,14,78.57142857142857,480.3801263325422
2024-04-12,11,3,14,78.57142857142857,476.2865946674837
2024-04-15,11,3,14,78.57142857142857,468.8766705645495
2024-04-16,11,3,14,78.57142857142857,462.6618769129075
2024-04-18,8,6,14,57.14285714285714,461.2657764595986
2024-04-19,10,4,14,71.42857142857143,461.21558421017806
2024-04-22,10,4,14,71.42857142857143,470.6628478072594
2024-04-23,10,4,14,71.42857142857143,470.94655243281727
2024-04-24,10,4,14,71.42857142857143,471.91144839641817
2024-04-25,10,4,14,71.42857142857143,477.3997226946654
2024-04-26,9,5,14,64.28571428571429,475.8707800584065
2024-04-29,10,4,14,71.42857142857143,486.6228749164887
2024-04-30,10,4,14,71.42857142857143,487.4388021129903
2024-05-02,10,4,14,71.42857142857143,485.87630345456523
2024-05-03,9,5,14,64.28571428571429,481.2796367864722
2024-05-06,10,4,14,71.42857142857143,473.6206707455228
2024-05-07,9,5,14,64.28571428571429,463.4660906286312
2024-05-08,9,5,14,64.28571428571429,462.47190400456554
2024-05-09,9,5,14,64.28571428571429,457.697146057749
2024-05-10,9,5,14,64.28571428571429,458.6638532898392
2024-05-13,9,5,14,64.28571428571429,458.81703739236224
2024-05-14,9,5,14,64.28571428571429,461.91640749873886
2024-05-15,9,5,14,64.28571428571429,463.5015840348111
2024-05-16,9,5,14,64.28571428571429,463.81045837747087
2024-05-17,9,5,14,64.28571428571429,464.8838883007537
2024-05-18,9,5,14,64.28571428571429,466.97812520144123
2024-05-21,9,5,14,64.28571428571429,467.1659111164184
2024-05-22,9,5,14,64.28571428571429,465.92742920354686
2024-05-23,9,5,14,64.28571428571429,474.1408822036664
2024-05-24,10,4,14,71.42857142857143,475.1789453109584
2024-05-27,10,4,14,71.42857142857143,479.66140635668177
2024-05-28,10,4,14,71.42857142857143,475.89555171424536
2024-05-29,9,5,14,64.28571428571429,472.8334342979789
2024-05-30,10,4,14,71.42857142857143,471.7986601718665
2024-05-31,10,4,14,71.42857142857143,477.19493825307524
2024-06-03,11,3,14,78.57142857142857,499.3119753759571
2024-06-04,9,5,14,64.28571428571429,450.65330183682767
2024-06-05,11,3,14,78.57142857142857,472.5695659713275
2024-06-06,10,4,14,71.42857142857143,476.4706876945984
2024-06-07,11,3,14,78.57142857142857,481.1282707521981
2024-06-10,10,4,14,71.42857142857143,483.6346089417173
2024-06-11,10,4,14,71.42857142857143,483.0971388580192
2024-06-12,10,4,14,71.42857142857143,487.35829453328057
2024-06-13,11,3,14,78.57142857142857,485.954016465425
2024-06-14,11,3,14,78.57142857142857,488.29746170549606
2024-06-18,11,3,14,78.57142857142857,491.88571131301353
2024-06-19,11,3,14,78.57142857142857,495.1818430623264
2024-06-20,12,2,14,85.71428571428571,498.44742648611896
2024-06-21,12,2,14,85.71428571428571,496.04412031477506
2024-06-24,12,2,14,85.71428571428571,494.0353730478257
2024-06-25,13,1,14,92.85714285714286,497.259668152946
2024-06-26,13,1,14,92.85714285714286,499.2689126900392
2024-06-27,12,2,14,85.71428571428571,495.6505988107572
2024-06-28,11,3,14,78.57142857142857,495.5040883866006
2024-07-01,12,2,14,85.71428571428571,494.851844172349
2024-07-02,12,2,14,85.71428571428571,488.15637715397315
2024-07-03,11,3,14,78.57142857142857,495.3723683737643
2024-07-04,12,2,14,85.71428571428571,496.3257835296316
2024-07-05,12,2,14,85.71428571428571,501.81567423853977
2024-07-08,11,3,14,78.57142857142857,494.96050733612884
2024-07-09,11,3,14,78.57142857142857,497.4166723887205
2024-07-10,11,3,14,78.57142857142857,491.70747095624574
2024-07-11,11,3,14,78.57142857142857,493.9635724649338
2024-07-12,11,3,14,78.57142857142857,493.3458623498356
2024-07-15,11,3,14,78.57142857142857,499.32629976121194
2024-07-16,11,3,14,78.57142857142857,497.5379430672679
2024-07-18,11,3,14,78.57142857142857,497.8164747748405
2024-07-19,11,3,14,78.57142857142857,490.8815044962078
2024-07-22,10,4,14,71.42857142857143,494.24005658499067
2024-07-23,11,3,14,78.57142857142857,490.42646841008866
2024-07-24,10,4,14,71.42857142857143,487.4104700526375
2024-07-25,11,3,14,78.57142857142857,482.4812380004949
2024-07-26,11,3,14,78.57142857142857,487.1586150649831
2024-07-29,11,3,14,78.57142857142857,492.22105090364926
2024-07-30,11,3,14,78.57142857142857,493.6541804972884
2024-07-31,11,3,14,78.57142857142857,493.6253378723607
2024-08-01,11,3,14,78.57142857142857,491.40274781459607
2024-08-02,11,3,14,78.57142857142857,484.7710776206533
2024-08-05,9,5,14,64.28571428571429,469.1633217211066
2024-08-06,9,5,14,64.28571428571429,466.08659560868836
2024-08-07,10,4,14,71.42857142857143,470.22319706905336
2024-08-08,10,4,14,71.42857142857143,468.2596308992429
2024-08-09,10,4,14,71.42857142857143,473.29324111117484
2024-08-12,10,4,14,71.42857142857143,472.9289822900649
2024-08-13,9,5,14,64.28571428571429,468.1312673819842
2024-08-14,8,6,14,57.14285714285714,465.1564330651725
2024-08-16,10,4,14,71.42857142857143,471.3661467842494
2024-08-19,10,4,14,71.42857142857143,473.25976478028406
2024-08-20,10,4,14,71.42857142857143,480.2508887106242
2024-08-21,10,4,14,71.42857142857143,479.74678237007487
2024-08-22,10,4,14,71.42857142857143,483.32778388580414
2024-08-23,10,4,14,71.42857142857143,481.00841263301015
2024-08-26,10,4,14,71.42857142857143,480.13691419502385
2024-08-27,10,4,14,71.42857142857143,480.2531421401824
2024-08-28,10,4,14,71.42857142857143,478.4275352772536
2024-08-29,9,5,14,64.28571428571429,478.49162607369254
2024-08-30,10,4,14,71.42857142857143,481.70659253116924
2024-09-02,11,3,14,78.57142857142857,484.4280459220504
2024-09-03,10,4,14,71.42857142857143,483.466408972062
2024-09-04,8,6,14,57.14285714285714,478.6295096768405
2024-09-05,8,6,14,57.14285714285714,479.9154200148479
2024-09-06,6,8,14,42.857142857142854,469.9358340873161
2024-09-09,7,7,14,50.0,471.9665238417354
2024-09-10,7,7,14,50.0,473.27507664638216
2024-09-11,7,7,14,50.0,469.93548248334537
2024-09-12,7,7,14,50.0,475.35946598320925
2024-09-13,7,7,14,50.0,479.39101316564063
2024-09-16,7,7,14,50.0,481.08067071203885
2024-09-17,7,7,14,50.0,479.96146117175067
2024-09-18,8,6,14,57.14285714285714,481.7341763639073
2024-09-19,8,6,14,57.14285714285714,482.9792019581515
2024-09-20,8,6,14,57.14285714285714,484.13534276630594
2024-09-23,8,6,14,57.14285714285714,491.21629744790056
2024-09-24,8,6,14,57.14285714285714,489.3200957892083
2024-09-25,8,6,14,57.14285714285714,488.00283940186813
2024-09-26,8,6,14,57.14285714285714,491.42737556718873
2024-09-27,8,6,14,57.14285714285714,491.1461626118062
2024-09-30,8,6,14,57.14285714285714,486.35013406725625
2024-10-01,8,6,14,57.14285714285714,484.26783884140656
2024-10-03,7,7,14,50.0,475.37606957757737
2024-10-04,8,6,14,57.14285714285714,474.5808733867779
2024-10-07,7,7,14,50.0,463.58906472858274
2024-10-08,7,7,14,50.0,468.0983938135454
2024-10-09,7,7,14,50.0,467.2374190396054
2024-10-10,7,7,14,50.0,469.3508109427809
2024-10-11,7,7,14,50.0,467.64634941325414
2024-10-14,7,7,14,50.0,472.01035468694846
2024-10-15,7,7,14,50.0,471.580000764445
2024-10-16,7,7,14,50.0,469.5603827543631
2024-10-17,6,8,14,42.857142857142854,465.06129508946515
2024-10-18,7,7,14,50.0,470.8941801804661
2024-10-21,7,7,14,50.0,465.51010346807135
2024-10-22,5,9,14,35.714285714285715,451.4915233262073
2024-10-23,6,8,14,42.857142857142854,452.20998550580083
2024-10-24,5,9,14,35.714285714285715,455.5587740908276
2024-10-25,5,9,14,35.714285714285715,441.24079539629736
2024-10-28,5,9,14,35.714285714285715,451.1544511934848
2024-10-29,6,8,14,42.857142857142854,460.8814718133922
2024-10-30,5,9,14,35.714285714285715,458.890808853888
2024-10-31,5,9,14,35.714285714285715,455.50233488252314
2024-11-01,6,8,14,42.857142857142854,459.685042857602
2024-11-04,4,10,14,28.57142857142857,456.8907642612964
2024-11-05,6,8,14,42.857142857142854,463.3086675106143
2024-11-06,6,8,14,42.857142857142854,466.4885105380126
2024-11-07,6,8,14,42.857142857142854,463.9722118569379
2024-11-08,6,8,14,42.857142857142854,457.8761742504004
2024-11-11,6,8,14,42.857142857142854,459.77694627573777
2024-11-12,5,9,14,35.714285714285715,455.04505555427653
2024-11-13,4,10,14,28.57142857142857,442.53127705803263
2024-11-14,4,10,14,28.57142857142857,441.80809735374476
2024-11-18,4,10,14,28.57142857142857,444.53386430369005
2024-11-19,4,10,14,28.57142857142857,446.20322051245785
2024-11-21,3,11,14,21.428571428571427,440.439389974524
2024-11-22,4,10,14,28.57142857142857,447.26619798911395
2024-11-25,6,8,14,42.857142857142854,457.0301621103045
2024-11-26,5,9,14,35.714285714285715,459.49664607559464
2024-11-27,5,9,14,35.714285714285715,458.9961088803294
2024-11-28,4,10,14,28.57142857142857,458.0392016062352
2024-11-29,5,9,14,35.714285714285715,456.7577395138937
2024-12-02,4,10,14,28.57142857142857,456.02225477473183
2024-12-03,6,8,14,42.857142857142854,465.3440429509236
2024-12-04,6,8,14,42.857142857142854,471.67996853649913
2024-12-05,7,7,14,50.0,472.2294965191272
2024-12-06,7,7,14,50.0,473.2937624184161
2024-12-09,7,7,14,50.0,471.7442218517819
2024-12-10,6,8,14,42.857142857142854,473.6666501845212
2024-12-11,6,8,14,42.857142857142854,471.4922716358616
2024-12-12,6,8,14,42.857142857142854,468.86304119376706
2024-12-13,6,8,14,42.857142857142854,468.7693660737862
2024-12-16,6,8,14,42.857142857142854,470.08598362146
2024-12-17,6,8,14,42.857142857142854,462.236880452427
2024-12-18,5,9,14,35.714285714285715,455.335816956842
2024-12-19,4,10,14,28.57142857142857,452.04960505621256
2024-12-20,4,10,14,28.57142857142857,440.05688947637805
2024-12-23,4,10,14,28.57142857142857,445.3504099460253
2024-12-24,4,10,14,28.57142857142857,444.47698694102087
2024-12-26,4,10,14,28.57142857142857,444.46383549285883
2024-12-27,3,11,14,21.428571428571427,444.76237718355264
2024-12-30,3,11,14,21.428571428571427,445.3323092888341
2024-12-31,4,10,14,28.57142857142857,445.19706460614907
2025-01-01,4,10,14,28.57142857142857,447.9683292659637
2025-01-02,4,10,14,28.57142857142857,452.58187555467026
2025-01-03,4,10,14,28.57142857142857,452.9981758581133
2025-01-06,4,10,14,28.57142857142857,437.06929310368076
2025-01-07,4,10,14,28.57142857142857,439.20906440492587
2025-01-08,3,11,14,21.428571428571427,436.5910330362646
2025-01-09,4,10,14,28.57142857142857,433.34898297896854
2025-01-10,3,11,14,21.428571428571427,423.28396404787753
2025-01-13,2,12,14,14.285714285714285,414.7788315630928
2025-01-14,2,12,14,14.285714285714285,425.5501190046369
2025-01-15,3,11,14,21.428571428571427,427.24641807849713
2025-01-16,4,10,14,28.57142857142857,434.63593912228
2025-01-17,2,12,14,14.285714285714285,429.9859936714198
2025-01-20,4,10,14,28.57142857142857,438.99295412765287
2025-01-21,2,12,14,14.285714285714285,432.91885755013413
2025-01-22,3,11,14,21.428571428571427,431.4549909349138
2025-01-23,3,11,14,21.428571428571427,430.3677944923344
2025-01-24,2,12,14,14.285714285714285,426.5754194232028
2025-01-27,3,11,14,21.428571428571427,419.1950611999791
2025-01-28,3,11,14,21.428571428571427,425.87258211259973
2025-01-29,3,11,14,21.428571428571427,429.668026346368
2025-01-30,3,11,14,21.428571428571427,429.78881148382584
2025-01-31,3,11,14,21.428571428571427,435.77563753683046
2025-02-01,3,11,14,21.428571428571427,432.95234990118166
2025-02-03,3,11,14,21.428571428571427,429.2375742339442
2025-02-04,3,11,14,21.428571428571427,436.85086447593574
2025-02-05,3,11,14,21.428571428571427,441.9298057326583
2025-02-06,3,11,14,21.428571428571427,440.9564167290262
2025-02-07,3,11,14,21.428571428571427,440.17752526231374
2025-02-10,3,11,14,21.428571428571427,435.8649710950263
2025-02-11,3,11,14,21.428571428571427,427.7218515057025
2025-02-12,3,11,14,21.428571428571427,429.0741615914187
2025-02-13,3,11,14,21.428571428571427,426.91333364730906
2025-02-14,3,11,14,21.428571428571427,419.7207554913877
2025-02-17,3,11,14,21.428571428571427,420.49434812089856
2025-02-18,3,11,14,21.428571428571427,416.8572083808764
2025-02-19,3,11,14,21.428571428571427,423.69145957883865
2025-02-20,3,11,14,21.428571428571427,428.26936939892033
2025-02-21,3,11,14,21.428571428571427,424.0148835003577
2025-02-24,1,13,14,7.142857142857142,422.4221063413429
2025-02-25,2,12,14,14.285714285714285,419.2164086135138
2025-02-27,2,12,14,14.285714285714285,419.37751897188207
2025-02-28,2,12,14,14.285714285714285,411.23635074760153
2025-03-03,2,12,14,14.285714285714285,408.75204543657355
2025-03-04,2,12,14,14.285714285714285,409.4508844269975
2025-03-05,2,12,14,14.285714285714285,416.6874655993327
2025-03-06,2,12,14,14.285714285714285,418.70042883298026
2025-03-07,2,12,14,14.285714285714285,416.7532445235873
2025-03-10,1,13,14,7.142857142857142,410.5888788370227
2025-03-11,2,12,14,14.285714285714285,401.67765546343867
2025-03-12,3,11,14,21.428571428571427,400.61128424799983
2025-03-13,3,11,14,21.428571428571427,400.03859858916127
2025-03-17,3,11,14,21.428571428571427,400.0797074582549
2025-03-18,3,11,14,21.428571428571427,408.43923494067707
2025-03-19,3,11,14,21.428571428571427,415.6061941047614
2025-03-20,3,11,14,21.428571428571427,416.65000626158024
2025-03-21,4,10,14,28.57142857142857,422.5003647187852
2025-03-24,5,9,14,35.714285714285715,433.4679621826263
2025-03-25,5,9,14,35.714285714285715,428.6393539714685
2025-03-26,4,10,14,28.57142857142857,426.0423298010181
2025-03-27,5,9,14,35.714285714285715,432.1820321755529
2025-03-28,5,9,14,35.714285714285715,428.33720361078775
2025-04-01,4,10,14,28.57142857142857,429.16678830375565
2025-04-02,4,10,14,28.57142857142857,433.49538688028025
2025-04-03,5,9,14,35.714285714285715,441.4003810261578
2025-04-04,5,9,14,35.714285714285715,432.4867735210382
2025-04-07,3,11,14,21.428571428571427,420.7365710553285
2025-04-08,4,10,14,28.57142857142857,427.89078206158104
2025-04-09,3,11,14,21.428571428571427,424.8639666176488
2025-04-11,3,11,14,21.428571428571427,429.8416688225774
2025-04-15,4,10,14,28.57142857142857,440.9575060935735
2025-04-16,7,7,14,50.0,450.9506741702636
2025-04-17,8,6,14,57.14285714285714,456.99581546963424
2025-04-21,9,5,14,64.28571428571429,471.07738124161466
2025-04-22,10,4,14,71.42857142857143,471.2608784451818
2025-04-23,10,4,14,71.42857142857143,472.19093183621095
2025-04-24,10,4,14,71.42857142857143,473.10214124333135
2025-04-25,9,5,14,64.28571428571429,464.195020932618
2025-04-28,9,5,14,64.28571428571429,472.472109286963
2025-04-29,10,4,14,71.42857142857143,473.8883606633845
2025-04-30,8,6,14,57.14285714285714,466.6155606565564
2025-05-02,8,6,14,57.14285714285714,466.22906372663743
2025-05-05,8,6,14,57.14285714285714,464.9476007161895
2025-05-06,5,9,14,35.714285714285715,452.9676468250929
2025-05-07,6,8,14,42.857142857142854,457.0594549070462
2025-05-08,6,8,14,42.857142857142854,453.5014273227099
2025-05-09,7,7,14,50.0,457.7204643242407
2025-05-12,11,3,14,78.57142857142857,471.06073715665326
2025-05-13,11,3,14,78.57142857142857,473.2686029579407
2025-05-14,11,3,14,78.57142857142857,474.59020853909414
2025-05-15,11,3,14,78.57142857142857,476.85263059085105
2025-05-16,12,2,14,85.71428571428571,478.32553986309347
2025-05-19,12,2,14,85.71428571428571,480.3930919640207
2025-05-20,12,2,14,85.71428571428571,476.1686890858929
2025-05-21,12,2,14,85.71428571428571,478.2221855222869
2025-05-22,12,2,14,85.71428571428571,477.508752488097
2025-05-23,12,2,14,85.71428571428571,481.35896096231716
2025-05-26,12,2,14,85.71428571428571,481.58822831745783
2025-05-27,13,1,14,92.85714285714286,483.1583183818716
2025-05-28,13,1,14,92.85714285714286,484.27006817425314
2025-05-29,13,1,14,92.85714285714286,484.88038956566993
2025-05-30,13,1,14,92.85714285714286,489.8592407179772
2025-06-02,13,1,14,92.85714285714286,498.5768019480023
2025-06-03,13,1,14,92.85714285714286,493.016224527175
2025-06-04,13,1,14,92.85714285714286,494.798187855193
2025-06-05,13,1,14,92.85714285714286,491.80316167582134
2025-06-06,13,1,14,92.85714285714286,500.0953596483223
2025-06-09,13,1,14,92.85714285714286,506.8804406520682
2025-06-10,13,1,14,92.85714285714286,505.26560484425136
2025-06-11,13,1,14,92.85714285714286,502.57460384404425
2025-06-12,13,1,14,92.85714285714286,497.9634310450562
2025-06-13,13,1,14,92.85714285714286,492.51077594220715
2025-06-16,13,1,14,92.85714285714286,495.4914383815667
2025-06-17,13,1,14,92.85714285714286,491.4939723059724
2025-06-18,13,1,14,92.85714285714286,493.8916508103153
2025-06-19,12,2,14,85.71428571428571,487.3227676989778
2025-06-20,13,1,14,92.85714285714286,494.0979666398536
2025-06-23,13,1,14,92.85714285714286,494.3268449510471
2025-06-24,13,1,14,92.85714285714286,499.638170144575
2025-06-25,13,1,14,92.85714285714286,500.2857227173466
2025-06-26,13,1,14,92.85714285714286,503.53315651740996
2025-06-27,13,1,14,92.85714285714286,505.69757349793554
2025-06-30,13,1,14,92.85714285714286,511.240858368384
2025-07-01,13,1,14,92.85714285714286,516.4901652893664
2025-07-02,13,1,14,92.85714285714286,512.0808938222499
2025-07-03,13,1,14,92.85714285714286,508.96808804970203
2025-07-04,13,1,14,92.85714285714286,510.1123025663318
2025-07-07,13,1,14,92.85714285714286,509.74916959249566
2025-07-08,13,1,14,92.85714285714286,510.2875826456291
2025-07-09,13,1,14,92.85714285714286,508.3318721991918
2025-07-10,13,1,14,92.85714285714286,505.61945555702766
2025-07-11,13,1,14,92.85714285714286,504.0195235165936
2025-07-14,13,1,14,92.85714285714286,506.1752921715821
2025-07-15,13,1,14,92.85714285714286,508.84445035922596
2025-07-16,13,1,14,92.85714285714286,512.1473817024586
2025-07-17,13,1,14,92.85714285714286,508.1516914310683
2025-07-18,12,2,14,85.71428571428571,504.4346299797362
2025-07-21,12,2,14,85.71428571428571,502.675959316581
2025-07-22,12,2,14,85.71428571428571,496.56373559289244
2025-07-23,12,2,14,85.71428571428571,499.52009095729386
2025-07-24,12,2,14,85.71428571428571,501.86620742105595
2025-07-25,12,2,14,85.71428571428571,493.3413045492124
2025-07-28,11,3,14,78.57142857142857,486.38066295501534
2025-07-29,12,2,14,85.71428571428571,487.91352518950816
2025-07-30,10,4,14,71.42857142857143,485.28803752304646
2025-07-31,11,3,14,78.57142857142857,482.1912630066783
2025-08-01,10,4,14,71.42857142857143,476.5592382449286
2025-08-04,10,4,14,71.42857142857143,481.4637365846483
2025-08-05,10,4,14,71.42857142857143,480.4602135330392
2025-08-06,10,4,14,71.42857142857143,480.9107055325651
2025-08-07,11,3,14,78.57142857142857,482.79324106539514
2025-08-08,9,5,14,64.28571428571429,477.5607929632918
2025-08-11,10,4,14,71.42857142857143,483.25870157207993
2025-08-12,9,5,14,64.28571428571429,481.3558093296357
2025-08-13,10,4,14,71.42857142857143,482.4770455521534
2025-08-14,10,4,14,71.42857142857143,482.53304883743755
2025-08-18,10,4,14,71.42857142857143,486.7394515726528
2025-08-19,12,2,14,85.71428571428571,491.0041278854573
2025-08-20,12,2,14,85.71428571428571,489.55285098508136
2025-08-21,12,2,14,85.71428571428571,487.8334485345854
2025-08-22,11,3,14,78.57142857142857,482.47099582415876
2025-08-25,10,4,14,71.42857142857143,483.0028229479677
2025-08-26,9,5,14,64.28571428571429,474.4669223655664
2025-08-28,9,5,14,64.28571428571429,469.003612003329
2025-08-29,9,5,14,64.28571428571429,467.6168004598441
2025-09-01,10,4,14,71.42857142857143,473.06256327484977
2025-09-02,10,4,14,71.42857142857143,472.01670258755587
2025-09-03,10,4,14,71.42857142857143,477.5500279392971
2025-09-04,10,4,14,71.42857142857143,474.16324769469975
2025-09-05,10,4,14,71.42857142857143,475.32848638681884
2025-09-08,10,4,14,71.42857142857143,475.6955999749822
2025-09-09,10,4,14,71.42857142857143,476.2513853249437
2025-09-10,10,4,14,71.42857142857143,483.0131096513276
2025-09-11,11,3,14,78.57142857142857,485.15123572232295
2025-09-12,11,3,14,78.57142857142857,484.1585951538622
2025-09-15,11,3,14,78.57142857142857,486.17104749554187
2025-09-16,13,1,14,92.85714285714286,488.25498483455243
2025-09-17,13,1,14,92.85714285714286,494.00443576308095
2025-09-18,13,1,14,92.85714285714286,494.856149694051
2025-09-19,13,1,14,92.85714285714286,496.9663654687172
2025-09-22,12,2,14,85.71428571428571,494.4303994883291
2025-09-23,12,2,14,85.71428571428571,499.95549950310743
2025-09-24,12,2,14,85.71428571428571,496.7268582299427
2025-09-25,12,2,14,85.71428571428571,496.03416657093993
2025-09-26,11,3,14,78.57142857142857,487.76590291685136
2025-09-29,10,4,14,71.42857142857143,490.4537956661416
2025-09-30,10,4,14,71.42857142857143,495.2469933498495
2025-10-01,12,2,14,85.71428571428571,498.9817534825445
2025-10-03,12,2,14,85.71428571428571,502.71896281718006
2025-10-06,12,2,14,85.71428571428571,507.46336722595674
2025-10-07,13,1,14,92.85714285714286,509.24234022503117
2025-10-08,13,1,14,92.85714285714286,506.8988229898169
2025-10-09,13,1,14,92.85714285714286,510.6541013962243
2025-10-10,13,1,14,92.85714285714286,518.3212691136672
2025-10-13,13,1,14,92.85714285714286,519.424141864714
2025-10-14,13,1,14,92.85714285714286,514.9917754317378
2025-10-15,13,1,14,92.85714285714286,519.2424406630782
2025-10-16,13,1,14,92.85714285714286,519.8997365007469
2025-10-17,13,1,14,92.85714285714286,517.3935288618007
2025-10-20,13,1,14,92.85714285714286,531.8081102667538
2025-10-21,13,1,14,92.85714285714286,531.4050183587168
2025-10-23,13,1,14,92.85714285714286,533.594582257944
2025-10-24,13,1,14,92.85714285714286,529.8146702632336
2025-10-27,13,1,14,92.85714285714286,536.5194510993831
2025-10-28,13,1,14,92.85714285714286,541.1489663145563
2025-10-29,13,1,14,92.85714285714286,541.2092904570226
2025-10-30,12,2,14,85.71428571428571,537.9854592394441
2025-10-31,12,2,14,85.71428571428571,543.2214018064477
2025-11-03,12,2,14,85.71428571428571,547.8526306704032
2025-11-04,12,2,14,85.71428571428571,546.682963126582
2025-11-06,12,2,14,85.71428571428571,543.0110047818534
2025-11-07,12,2,14,85.71428571428571,548.4032228111408
2025-11-10,12,2,14,85.71428571428571,548.730437943994
2025-11-11,13,1,14,92.85714285714286,548.0289064710431
2025-11-12,13,1,14,92.85714285714286,552.3935797585406
2025-11-13,14,0,14,100.0,549.4580778047851
2025-11-14,14,0,14,100.0,551.9897006836904
2025-11-17,14,0,14,100.0,558.0968042353521
2025-11-18,14,0,14,100.0,557.8515555223108
2025-11-19,14,0,14,100.0,561.0498130423678
2025-11-20,14,0,14,100.0,558.036620303592
2025-11-21,13,1,14,92.85714285714286,554.1480650254966
2025-11-24,13,1,14,92.85714285714286,553.4598980791266
2025-11-25,12,2,14,85.71428571428571,558.9310262181974
2025-11-26,13,1,14,92.85714285714286,565.1755803451972
2025-11-27,14,0,14,100.0,565.2458803152798
2025-11-28,14,0,14,100.0,566.0288946923146
2025-12-01,14,0,14,100.0,565.4356579188685
2025-12-02,13,1,14,92.85714285714286,566.2222372580263
2025-12-03,14,0,14,100.0,559.5207203696743
2025-12-04,14,0,14,100.0,561.0518313648813
2025-12-05,14,0,14,100.0,565.94389562067
2025-12-08,14,0,14,100.0,554.6369976200021
2025-12-09,13,1,14,92.85714285714286,559.4437917106907
2025-12-10,13,1,14,92.85714285714286,556.7689802089086
2025-12-11,13,1,14,92.85714285714286,558.9809212881785
2025-12-12,13,1,14,92.85714285714286,561.2677006808826
2025-12-15,13,1,14,92.85714285714286,564.118122556078
2025-12-16,13,1,14,92.85714285714286,559.098230650232
2025-12-17,13,1,14,92.85714285714286,561.5599824839586
2025-12-18,13,1,14,92.85714285714286,561.6254113721317
2025-12-19,13,1,14,92.85714285714286,563.9742555722078
2025-12-22,13,1,14,92.85714285714286,566.2549956781962
2025-12-23,13,1,14,92.85714285714286,564.5802581434725
2025-12-24,13,1,14,92.85714285714286,562.2565404360105
2025-12-26,13,1,14,92.85714285714286,561.4533500820371
2025-12-29,13,1,14,92.85714285714286,560.6733032785803
2025-12-30,13,1,14,92.85714285714286,565.5316664248983
2025-12-31,13,1,14,92.85714285714286,570.9159610407379
2026-01-01,13,1,14,92.85714285714286,572.9965007512677
2026-01-02,13,1,14,92.85714285714286,578.2807013810904
2026-01-05,13,1,14,92.85714285714286,580.621442658855
2026-01-06,13,1,14,92.85714285714286,580.95744844533
2026-01-07,13,1,14,92.85714285714286,581.2850403439423
2026-01-08,13,1,14,92.85714285714286,574.3244294911547
2026-01-09,13,1,14,92.85714285714286,573.3795965552382
2026-01-12,13,1,14,92.85714285714286,575.6068929264148
2026-01-13,13,1,14,92.85714285714286,574.6435234526866
2026-01-14,13,1,14,92.85714285714286,582.1299716521288
2026-01-16,12,2,14,85.71428571428571,582.1299716521288
2026-01-19,12,2,14,85.71428571428571,580.485871301593
2026-01-20,12,2,14,85.71428571428571,570.8493794718438
2026-01-21,12,2,14,85.71428571428571,566.1726369474152
2026-01-22,12,2,14,85.71428571428571,572.5155702070982
2026-01-23,12,2,14,85.71428571428571,561.7195644915741
2026-01-27,11,3,14,78.57142857142857,568.5565006826272
2026-01-28,11,3,14,78.57142857142857,574.1430084875951
2026-01-29,11,3,14,78.57142857142857,574.8008580123958
2026-01-30,11,3,14,78.57142857142857,572.8718554343291
2026-02-01,11,3,14,78.57142857142857,558.7136834790743
2026-02-02,11,3,14,78.57142857142857,560.1933314693874
2026-02-03,11,3,14,78.57142857142857,572.2553968979586
2026-02-04,12,2,14,85.71428571428571,574.2032633302142
2026-02-05,11,3,14,78.57142857142857,573.8144872995747
2026-02-06,13,1,14,92.85714285714286,573.6067054355001
2026-02-09,12,2,14,85.71428571428571,579.8451488013666
2026-02-10,13,1,14,92.85714285714286,578.103812197491
2026-02-11,13,1,14,92.85714285714286,578.8658694836334
2026-02-12,13,1,14,92.85714285714286,577.3896259258271
2026-02-13,12,2,14,85.71428571428571,572.5020598029824
2026-02-16,12,2,14,85.71428571428571,580.3583426608628
2026-02-17,12,2,14,85.71428571428571,586.0343002150628
2026-02-18,13,1,14,92.85714285714286,592.324824919406
2026-02-19,10,4,14,71.42857142857143,584.2590342405975
2026-02-20,11,3,14,78.57142857142857,591.0709459654294
2026-02-23,10,4,14,71.42857142857143,586.7809338903337
2026-02-24,10,4,14,71.42857142857143,588.3800265280042
2026-02-25,11,3,14,78.57142857142857,587.8357667630156
2026-02-26,11,3,14,78.57142857142857,592.2709875863059
2026-02-27,9,5,14,64.28571428571429,587.335985640142
2026-03-02,9,5,14,64.28571428571429,578.2786699797975
2026-03-04,9,5,14,64.28571428571429,565.106753906806
2026-03-05,9,5,14,64.28571428571429,569.2100171421785
2026-03-06,9,5,14,64.28571428571429,559.0428113749697
2026-03-09,8,6,14,57.14285714285714,539.8361314914638
2026-03-10,9,5,14,64.28571428571429,549.1868017991551
2026-03-11,9,5,14,64.28571428571429,537.3134070220347
2026-03-12,8,6,14,57.14285714285714,531.7237092144859
2026-03-13,6,8,14,42.857142857142854,516.5657285241273
2026-03-16,7,7,14,50.0,519.473678206332
2026-03-17,7,7,14,50.0,524.113947693482
2026-03-18,8,6,14,57.14285714285714,530.7659184604795
2026-03-19,6,8,14,42.857142857142854,513.8541172825961
2026-03-20,6,8,14,42.857142857142854,517.6417431558051
2026-03-23,3,11,14,21.428571428571427,495.54237967949825
2026-03-24,6,8,14,42.857142857142854,507.3617147015419
2026-03-25,7,7,14,50.0,519.2726495575257
2026-03-27,4,10,14,28.57142857142857,504.7987302757411
2026-03-30,3,11,14,21.428571428571427,482.96458267825295
2026-04-01,4,10,14,28.57142857142857,496.6862088486803
2026-04-02,4,10,14,28.57142857142857,496.4532991917169
2026-04-06,5,9,14,35.714285714285715,506.37864030315745
2026-04-07,5,9,14,35.714285714285715,506.1596387136341
2026-04-08,8,6,14,57.14285714285714,537.0349901173213
2026-04-09,7,7,14,50.0,530.1395211163695
2026-04-10,7,7,14,50.0,540.0711407299735
2026-04-13,7,7,14,50.0,535.8523071859994
2026-04-15,8,6,14,57.14285714285714,543.917922728599
2026-04-16,8,6,14,57.14285714285714,544.3246754806253
2026-04-17,8,6,14,57.14285714285714,549.3951070166821
2026-04-20,8,6,14,57.14285714285714,548.8829026577863
2026-04-21,9,5,14,64.28571428571429,555.2216476734001
2026-04-22,8,6,14,57.14285714285714,555.7131079588006
2026-04-23,8,6,14,57.14285714285714,547.0451726989311
2026-04-24,8,6,14,57.14285714285714,544.5999414201082
2026-04-27,8,6,14,57.14285714285714,547.9319374856051
2026-04-28,7,7,14,50.0,538.6709446136891
2026-04-29,7,7,14,50.0,539.5493512762105
2026-04-30,7,7,14,50.0,534.3917734979655
2026-05-04,7,7,14,50.0,533.7799631697651
2026-05-05,7,7,14,50.0,531.9435134266035
2026-05-06,8,6,14,57.14285714285714,546.6034417917413
2026-05-07,8,6,14,57.14285714285714,547.3448280389605
2026-05-08,7,7,14,50.0,542.7650311182233
2026-05-11,7,7,14,50.0,533.3700364318607
2026-05-12,7,7,14,50.0,524.4046942224671
2026-05-13,6,8,14,42.857142857142854,523.7772976728438
2026-05-14,7,7,14,50.0,529.8663998638592
2026-05-15,7,7,14,50.0,524.529802591631
2026-05-18,6,8,14,42.857142857142854,521.0309830615206
2026-05-19,6,8,14,42.857142857142854,521.6187433491332
2026-05-20,6,8,14,42.857142857142854,523.994646180279
2026-05-21,6,8,14,42.857142857142854,522.2525385934199
2026-05-22,6,8,14,42.857142857142854,527.7573479569854
2026-05-25,7,7,14,50.0,540.5940958691616
2026-05-26,7,7,14,50.0,540.4168685639248
2026-05-27,7,7,14,50.0,540.3758860062212
2026-05-29,6,8,14,42.857142857142854,535.3904267704289
2026-06-01,6,8,14,42.857142857142854,528.4032952705078
2026-06-02,6,8,14,42.857142857142854,529.7810760630839
2026-06-03,7,7,14,50.0,534.7489651677494
2026-06-04,7,7,14,50.0,535.6628379777197
2026-06-05,7,7,14,50.0,539.0362447365709
2026-06-08,7,7,14,50.0,533.8987305561552
2026-06-09,9,5,14,64.28571428571429,548.1257794329498
2026-06-10,8,6,14,57.14285714285714,542.314832186823
2026-06-11,7,7,14,50.0,541.346509103727
2026-06-12,9,5,14,64.28571428571429,558.6370835924643
2026-06-15,9,5,14,64.28571428571429,564.1334127883314
2026-06-22,11,3,14,78.57142857142857,574.3232873995288
2026-06-23,9,5,14,64.28571428571429,565.4231524329674
2026-06-24,11,3,14,78.57142857142857,573.3325794706818
2026-06-25,11,3,14,78.57142857142857,572.1263487693784
2026-06-29,10,4,14,71.42857142857143,567.1992984165953
2026-06-30,10,4,14,71.42857142857143,565.5975047354797
2026-07-01,10,4,14,71.42857142857143,570.8809249636462
2026-07-02,9,5,14,64.28571428571429,569.3799073365477
2026-07-03,9,5,14,64.28571428571429,567.1327318441422
2026-07-06,9,5,14,64.28571428571429,567.8646842513101
2026-07-07,9,5,14,64.28571428571429,566.6885223402269
2026-07-08,8,6,14,57.14285714285714,551.4468992400778
2026-07-09,8,6,14,57.14285714285714,558.4490454745647
2026-07-10,9,5,14,64.28571428571429,568.148208990061
2026-07-13,9,5,14,64.28571428571429,570.0169709868801
2026-07-14,9,5,14,64.28571428571429,562.7237880057405
2026-07-15,9,5,14,64.28571428571429,565.498404657854
2026-07-16,9,5,14,64.28571428571429,563.7570670765358
2026-07-17,9,5,14,64.28571428571429,570.6850608990183
2026-07-20,8,6,14,57.14285714285714,571.815377609543
2026-07-21,8,6,14,57.14285714285714,572.0888041164401
2026-07-22,8,6,14,57.14285714285714,565.3534533245297
2026-07-23,8,6,14,57.14285714285714,559.2550331493103
2026-07-24,8,6,14,57.14285714285714,561.737461890554
2026-07-27,8,6,14,57.14285714285714,567.2282598498898
2026-07-28,8,6,14,57.14285714285714,563.538942899888
2026-07-29,8,6,14,57.14285714285714,567.233135181568
2026-07-30,8,6,14,57.14285714285714,565.5113407240439
2026-07-31,8,6,14,57.14285714285714,568.0517469069979
2026-08-03,9,5,14,64.28571428571429,578.0751580972016
2026-08-04,9,5,14,64.28571428571429,576.0446904996272
2026-08-05,9,5,14,64.28571428571429,574.9742640876065
2026-08-06,9,5,14,64.28571428571429,579.8703303552722
2026-08-07,9,5,14,64.28571428571429,578.1938328240326
2026-08-10,9,5,14,64.28571428571429,576.5382329330394
2026-08-11,9,5,14,64.28571428571429,574.7142680944464
2026-08-12,9,5,14,64.28571428571429,581.8391979132936
2026-08-13,9,5,14,64.28571428571429,580.0918088665221
2026-08-14,9,5,14,64.28571428571429,578.1137409644696
2026-08-17,9,5,14,64.28571428571429,577.891093340805
2026-08-18,9,5,14,64.28571428571429,574.8218420259955
2026-08-19,9,5,14,64.28571428571429,576.0397149794836
2026-08-20,9,5,14,64.28571428571429,577.5647052445848
2026-08-21,10,4,14,71.42857142857143,579.9618735282197
2026-08-24,10,4,14,71.42857142857143,576.7200907444918
2026-08-25,10,4,14,71.42857142857143,576.9146274968695
