Date,Above,Below,Total,Percentage,Index_Close
2014-08-07,4,0,4,100.0,163.46935683012777
2014-08-08,4,0,4,100.0,160.45956567581092
2014-08-11,4,0,4,100.0,159.73526244547747
2014-08-12,4,0,4,100.0,158.92731484117598
2014-08-13,4,0,4,100.0,158.57168072551138
2014-08-14,4,0,4,100.0,160.45064442462294
2014-08-18,4,0,4,100.0,162.48261376427158
2014-08-19,4,0,4,100.0,163.43174034291806
2014-08-20,4,0,4,100.0,164.15620092049005
2014-08-21,4,0,4,100.0,164.89469751685616
2014-08-22,4,0,4,100.0,162.8347266265522
2014-08-25,4,0,4,100.0,163.3379811796408
2014-08-26,4,0,4,100.0,162.14924524466736
2014-08-27,4,0,4,100.0,161.6297727094316
2014-08-28,4,0,4,100.0,162.7004735121427
2014-09-01,4,0,4,100.0,166.9952075318377
2014-09-02,4,0,4,100.0,171.29196720824083
2014-09-03,4,0,4,100.0,172.48386509027472
2014-09-04,4,0,4,100.0,171.66380273838234
2014-09-05,4,0,4,100.0,172.55969992889985
2014-09-08,4,0,4,100.0,172.30730275347705
2014-09-09,4,0,4,100.0,177.82048792646407
2014-09-10,4,0,4,100.0,175.39190766076936
2014-09-11,4,0,4,100.0,177.08980401744526
2014-09-12,4,0,4,100.0,176.40638772382215
2014-09-15,4,0,4,100.0,176.7303048731363
2014-09-16,4,0,4,100.0,170.78701074004948
2014-09-17,4,0,4,100.0,169.5757872393209
2014-09-18,4,0,4,100.0,172.17131413702168
2014-09-19,4,0,4,100.0,172.07004491151667
2014-09-22,4,0,4,100.0,172.03982656376004
2014-09-23,4,0,4,100.0,172.39250359493596
2014-09-24,4,0,4,100.0,172.23360415488068
2014-09-25,4,0,4,100.0,167.4402589329068
2014-09-26,4,0,4,100.0,171.18468474330126
2014-09-29,4,0,4,100.0,171.4738733969031
2014-09-30,4,0,4,100.0,172.45704847873137
2014-10-01,4,0,4,100.0,175.42127966941504
2014-10-07,4,0,4,100.0,172.8363171293544
2014-10-08,4,0,4,100.0,172.37114800172435
2014-10-09,4,0,4,100.0,177.19872002996607
2014-10-10,4,0,4,100.0,174.9383144619901
2014-10-13,4,0,4,100.0,178.42403880673066
2014-10-14,4,0,4,100.0,181.69779016985012
2014-10-16,4,0,4,100.0,179.76737055081563
2014-10-17,4,0,4,100.0,182.85244843503602
2014-10-20,4,0,4,100.0,182.00958949503078
2014-10-21,4,0,4,100.0,184.15542274836432
2014-10-22,4,0,4,100.0,184.98874741469794
2014-10-23,4,0,4,100.0,188.71773498808057
2014-10-27,4,0,4,100.0,185.5003607033594
2014-10-28,4,0,4,100.0,184.2668577867058
2014-10-29,4,0,4,100.0,184.96417082998107
2014-10-30,4,0,4,100.0,186.65962188543574
2014-10-31,4,0,4,100.0,190.87769991019175
2014-11-03,4,0,4,100.0,194.6591219262119
2014-11-05,4,0,4,100.0,199.23970321034238
2014-11-07,4,0,4,100.0,203.6218151510353
2014-11-10,4,0,4,100.0,204.2122798839753
2014-11-11,4,0,4,100.0,207.23043856051996
2014-11-12,4,0,4,100.0,210.53296152033494
2014-11-13,4,0,4,100.0,208.29946242548564
2014-11-14,4,0,4,100.0,210.39285875930113
2014-11-17,4,0,4,100.0,213.31204919567176
2014-11-18,4,0,4,100.0,212.74223685987513
2014-11-19,4,0,4,100.0,210.17784382246322
2014-11-20,4,0,4,100.0,208.34536284442362
2014-11-21,4,0,4,100.0,208.56437278255632
2014-11-24,4,0,4,100.0,209.89680574102857
2014-11-25,4,0,4,100.0,206.53710835211388
2014-11-26,4,0,4,100.0,206.0181417034606
2014-11-27,4,0,4,100.0,207.7264470671761
2014-11-28,4,0,4,100.0,209.8938143452688
2014-12-01,4,0,4,100.0,209.72974270068622
2014-12-02,4,0,4,100.0,212.01660218500854
2014-12-03,4,0,4,100.0,212.6931021721168
2014-12-04,4,0,4,100.0,210.8911347237483
2014-12-05,4,0,4,100.0,209.50557148610164
2014-12-08,4,0,4,100.0,211.80501129343872
2014-12-09,4,0,4,100.0,211.57507438566557
2014-12-10,4,0,4,100.0,218.9839318313528
2014-12-11,4,0,4,100.0,218.13203681262303
2014-12-12,4,0,4,100.0,214.63794759963858
2014-12-15,4,0,4,100.0,217.08030525946543
2014-12-16,4,0,4,100.0,208.28315888067078
2014-12-17,4,0,4,100.0,209.2602413838677
2014-12-18,4,0,4,100.0,217.95872637663334
2014-12-19,4,0,4,100.0,217.3412100744736
2014-12-22,4,0,4,100.0,218.75658509296537
2014-12-23,4,0,4,100.0,217.10778739383935
2014-12-24,4,0,4,100.0,216.1520225171368
2014-12-26,4,0,4,100.0,218.1147090122579
2014-12-29,4,0,4,100.0,218.21045030718324
2014-12-30,4,0,4,100.0,221.82624478026844
2014-12-31,4,0,4,100.0,224.5208163253063
2015-01-01,4,0,4,100.0,226.45616965111287
2015-01-02,4,0,4,100.0,240.3666644780326
2015-01-05,4,0,4,100.0,242.43365956112513
2015-01-06,4,0,4,100.0,234.25476757164319
2015-01-07,4,0,4,100.0,240.7145031627569
2015-01-08,4,0,4,100.0,245.37514900216263
2015-01-09,4,0,4,100.0,253.96493016994467
2015-01-12,4,0,4,100.0,246.991753743501
2015-01-13,4,0,4,100.0,247.62138626508948
2015-01-14,4,0,4,100.0,246.49857971999432
2015-01-15,4,0,4,100.0,253.4357280504991
2015-01-16,4,0,4,100.0,261.9448098824696
2015-01-19,4,0,4,100.0,264.405486191594
2015-01-20,4,0,4,100.0,272.88602528090433
2015-01-21,4,0,4,100.0,270.3798083172948
2015-01-22,4,0,4,100.0,269.69790871267924
2015-01-23,4,0,4,100.0,266.95219891977536
2015-01-27,4,0,4,100.0,270.6665703036884
2015-01-28,4,0,4,100.0,270.5663549071751
2015-01-29,4,0,4,100.0,268.6299401400877
2015-01-30,4,0,4,100.0,267.877421427996
2015-02-02,4,0,4,100.0,267.4187640526602
2015-02-03,4,0,4,100.0,266.6384253569963
2015-02-04,4,0,4,100.0,262.08033309471625
2015-02-05,4,0,4,100.0,260.37933347373803
2015-02-06,4,0,4,100.0,255.18474595191677
2015-02-09,4,0,4,100.0,253.444409136401
2015-02-10,4,0,4,100.0,256.57739498654604
2015-02-11,4,0,4,100.0,258.7604079537289
2015-02-12,4,0,4,100.0,267.292225606549
2015-02-13,4,0,4,100.0,269.5928086443443
2015-02-16,4,0,4,100.0,266.8869589650022
2015-02-18,4,0,4,100.0,268.36164647393133
2015-02-19,4,0,4,100.0,265.10430320387553
2015-02-20,4,0,4,100.0,268.4358856749704
2015-02-23,4,0,4,100.0,267.5339811650645
2015-02-24,4,0,4,100.0,266.8786840784558
2015-02-25,4,0,4,100.0,267.27891224828534
2015-02-26,4,0,4,100.0,268.07191441232726
2015-02-27,4,0,4,100.0,272.28407306151007
2015-02-28,4,0,4,100.0,268.7511591754673
2015-03-02,4,0,4,100.0,272.5474628935788
2015-03-03,4,0,4,100.0,275.756751002778
2015-03-04,4,0,4,100.0,274.63635315603216
2015-03-05,4,0,4,100.0,276.7508116236504
2015-03-09,4,0,4,100.0,268.8074095661668
2015-03-10,4,0,4,100.0,265.590882868403
2015-03-11,4,0,4,100.0,262.7991745948528
2015-03-12,4,0,4,100.0,261.0720471246115
2015-03-13,4,0,4,100.0,256.89346204861386
2015-03-16,4,0,4,100.0,255.674073043007
2015-03-17,4,0,4,100.0,257.28540974890007
2015-03-18,4,0,4,100.0,257.2423680098612
2015-03-19,4,0,4,100.0,256.38723463556676
2015-03-20,4,0,4,100.0,254.27325655432384
2015-03-23,4,0,4,100.0,249.12718933290964
2015-03-24,4,0,4,100.0,249.09307636048484
2015-03-25,4,0,4,100.0,246.99538921405141
2015-03-26,4,0,4,100.0,244.03658392464976
2015-03-27,4,0,4,100.0,244.2536608459728
2015-03-30,4,0,4,100.0,252.6561953089589
2015-03-31,4,0,4,100.0,253.135646273392
2015-04-01,4,0,4,100.0,260.0061118428892
2015-04-06,4,0,4,100.0,262.723152805832
2015-04-07,4,0,4,100.0,260.64456722108883
2015-04-08,4,0,4,100.0,260.35236191583897
2015-04-09,4,0,4,100.0,278.9752807657766
2015-04-10,4,0,4,100.0,276.84746327995305
2015-04-13,4,0,4,100.0,276.41031813795735
2015-04-15,4,0,4,100.0,278.4957333325225
2015-04-16,4,0,4,100.0,275.1950718676427
2015-04-17,4,0,4,100.0,265.0476101363254
2015-04-20,4,0,4,100.0,263.16477348876685
2015-04-21,4,0,4,100.0,265.2323841500064
2015-04-22,4,0,4,100.0,264.704550552685
2015-04-23,4,0,4,100.0,264.4955277130381
2015-04-24,4,0,4,100.0,257.9904900408243
2015-04-27,4,0,4,100.0,252.0184679165383
2015-04-28,4,0,4,100.0,259.0487105197044
2015-04-29,4,0,4,100.0,262.78263378023377
2015-04-30,4,0,4,100.0,261.66068362110764
2015-05-04,4,0,4,100.0,266.40607201019697
2015-05-05,4,0,4,100.0,267.0382598603568
2015-05-06,4,0,4,100.0,252.3741672574256
2015-05-07,4,0,4,100.0,245.2101021447257
2015-05-08,4,0,4,100.0,250.21722769878428
2015-05-11,4,0,4,100.0,257.7633725379818
2015-05-12,4,0,4,100.0,251.94409574227282
2015-05-13,4,0,4,100.0,257.41240945115595
2015-05-14,4,0,4,100.0,256.9627128957063
2015-05-15,4,0,4,100.0,258.6010740182497
2015-05-18,4,0,4,100.0,262.9619029061689
2015-05-19,4,0,4,100.0,262.45360350795335
2015-05-20,4,0,4,100.0,262.3079953385317
2015-05-21,4,0,4,100.0,261.2783457608396
2015-05-22,4,0,4,100.0,262.2014733561487
2015-05-25,4,0,4,100.0,259.273464635463
2015-05-26,4,0,4,100.0,258.41294584654315
2015-05-27,4,0,4,100.0,259.1698866975141
2015-05-28,4,0,4,100.0,258.60665441128765
2015-05-29,4,0,4,100.0,261.199983018162
2015-06-01,4,0,4,100.0,264.3901845541974
2015-06-02,3,1,4,75.0,255.4050352789535
2015-06-03,3,1,4,75.0,255.28543495398975
2015-06-04,3,1,4,75.0,256.0513380755244
2015-06-05,3,1,4,75.0,257.9681463822459
2015-06-08,3,1,4,75.0,255.70461265775162
2015-06-09,3,1,4,75.0,249.93123033895185
2015-06-10,3,1,4,75.0,252.89979356916854
2015-06-11,3,1,4,75.0,250.58320457099938
2015-06-12,3,1,4,75.0,250.27897437381247
2015-06-15,3,1,4,75.0,249.25857175646806
2015-06-16,3,1,4,75.0,251.6423184627662
2015-06-17,4,0,4,100.0,260.85638147933304
2015-06-18,4,0,4,100.0,265.91940380376207
2015-06-19,4,0,4,100.0,267.12892457704055
2015-06-22,4,0,4,100.0,273.17183044572397
2015-06-23,4,0,4,100.0,271.20721871003866
2015-06-24,4,0,4,100.0,271.60209896829934
2015-06-25,4,0,4,100.0,273.27740843293583
2015-06-26,4,0,4,100.0,276.76492622517685
2015-06-29,4,0,4,100.0,277.6832593804562
2015-06-30,4,0,4,100.0,281.74325020269225
2015-07-01,4,0,4,100.0,282.47736746964904
2015-07-02,4,0,4,100.0,286.81078320934085
2015-07-03,4,0,4,100.0,283.24870033789597
2015-07-06,4,0,4,100.0,284.2209299249098
2015-07-07,4,0,4,100.0,285.68454859207264
2015-07-08,4,0,4,100.0,279.41163938726726
2015-07-09,4,0,4,100.0,282.1291883435306
2015-07-10,4,0,4,100.0,287.8229921667222
2015-07-13,4,0,4,100.0,289.2036099008228
2015-07-14,4,0,4,100.0,289.5579462336507
2015-07-15,4,0,4,100.0,287.81932391161115
2015-07-16,4,0,4,100.0,292.58940684139844
2015-07-17,4,0,4,100.0,297.8958442663691
2015-07-20,4,0,4,100.0,298.7741153479453
2015-07-21,4,0,4,100.0,297.68239807947737
2015-07-22,4,0,4,100.0,308.17777580032924
2015-07-23,4,0,4,100.0,313.5050602724158
2015-07-24,4,0,4,100.0,310.52925104461826
2015-07-27,4,0,4,100.0,307.86551152324694
2015-07-28,4,0,4,100.0,309.1019998078312
2015-07-29,4,0,4,100.0,307.62571042461764
2015-07-30,4,0,4,100.0,306.0101221824707
2015-07-31,4,0,4,100.0,311.0081953130217
2015-08-03,4,0,4,100.0,313.6711681906408
2015-08-04,4,0,4,100.0,317.18938988868416
2015-08-05,4,0,4,100.0,321.8674387763781
2015-08-06,4,0,4,100.0,325.84315190388764
2015-08-07,4,0,4,100.0,325.9350330725523
2015-08-10,4,0,4,100.0,326.3232959699511
2015-08-11,4,0,4,100.0,323.0165855630443
2015-08-12,4,0,4,100.0,309.4871367755059
2015-08-13,4,0,4,100.0,309.45234694646194
2015-08-14,4,0,4,100.0,320.65021863129056
2015-08-17,4,0,4,100.0,327.0014952385117
2015-08-18,4,0,4,100.0,325.2353946058448
2015-08-19,4,0,4,100.0,326.57401574442287
2015-08-20,4,0,4,100.0,318.331594443364
2015-08-21,4,0,4,100.0,316.036805544824
2015-08-24,3,1,4,75.0,290.9219942991583
2015-08-25,3,1,4,75.0,295.51939053003395
2015-08-26,3,1,4,75.0,294.5607433222945
2015-08-27,4,0,4,100.0,302.83257161572743
2015-08-28,3,1,4,75.0,303.3704205513712
2015-08-31,3,1,4,75.0,306.21968287650503
2015-09-01,3,1,4,75.0,296.1380958987583
2015-09-02,3,1,4,75.0,288.6636355017944
2015-09-03,3,1,4,75.0,297.37657487725664
2015-09-04,3,1,4,75.0,292.18590248403956
2015-09-07,3,1,4,75.0,289.00340300136475
2015-09-08,3,1,4,75.0,289.061527760125
2015-09-09,3,1,4,75.0,292.0682189162078
2015-09-10,3,1,4,75.0,295.5721907865769
2015-09-11,3,1,4,75.0,298.46688138565526
2015-09-14,3,1,4,75.0,303.6611803389259
2015-09-15,3,1,4,75.0,301.3133955475812
2015-09-16,2,2,4,50.0,297.91564888482117
2015-09-18,3,1,4,75.0,300.8342395221972
2015-09-21,4,0,4,100.0,303.57002352307336
2015-09-22,3,1,4,75.0,299.0539263004186
2015-09-23,3,1,4,75.0,304.0968554036674
2015-09-24,3,1,4,75.0,306.84641895781624
2015-09-28,3,1,4,75.0,306.38344523133884
2015-09-29,4,0,4,100.0,318.6092037384563
2015-09-30,4,0,4,100.0,330.3325802403388
2015-10-01,4,0,4,100.0,325.26372376400576
2015-10-05,4,0,4,100.0,331.5219673147474
2015-10-06,4,0,4,100.0,334.13350185687796
2015-10-07,4,0,4,100.0,335.16970431252406
2015-10-08,4,0,4,100.0,331.041371611229
2015-10-09,4,0,4,100.0,332.0065051387184
2015-10-12,4,0,4,100.0,329.0552918312475
2015-10-13,4,0,4,100.0,326.4660862443221
2015-10-14,4,0,4,100.0,328.4934770882108
2015-10-15,4,0,4,100.0,332.7724362822835
2015-10-16,4,0,4,100.0,330.86201332702234
2015-10-19,4,0,4,100.0,327.00802469698465
2015-10-20,4,0,4,100.0,326.97022032483545
2015-10-21,4,0,4,100.0,328.51357157230035
2015-10-23,4,0,4,100.0,328.5310214977218
2015-10-26,4,0,4,100.0,330.4715678540712
2015-10-27,4,0,4,100.0,331.39480992024926
2015-10-28,4,0,4,100.0,330.43945185458637
2015-10-29,4,0,4,100.0,327.4677571735346
2015-10-30,4,0,4,100.0,325.1829892520349
2015-11-02,4,0,4,100.0,322.6611798323257
2015-11-03,4,0,4,100.0,324.87881776914946
2015-11-04,4,0,4,100.0,323.9102023398645
2015-11-05,4,0,4,100.0,316.8423121478435
2015-11-06,4,0,4,100.0,317.488237284286
2015-11-09,4,0,4,100.0,318.8314955839688
2015-11-10,4,0,4,100.0,313.1425679660229
2015-11-11,4,0,4,100.0,318.79969833092116
2015-11-13,2,2,4,50.0,307.5755030731469
2015-11-16,2,2,4,50.0,308.0751281064602
2015-11-17,2,2,4,50.0,305.6959395121266
2015-11-18,2,2,4,50.0,300.75173436582355
2015-11-19,3,1,4,75.0,308.1864399191571
2015-11-20,4,0,4,100.0,315.89728802242513
2015-11-23,4,0,4,100.0,319.3374261181257
2015-11-24,4,0,4,100.0,321.2562032264855
2015-11-26,4,0,4,100.0,320.115832744676
2015-11-27,4,0,4,100.0,324.23495908118053
2015-11-30,4,0,4,100.0,325.76057197581105
2015-12-01,4,0,4,100.0,327.77464176610965
2015-12-02,4,0,4,100.0,326.6518658650926
2015-12-03,4,0,4,100.0,322.6441409277215
2015-12-04,4,0,4,100.0,317.3338407948649
2015-12-07,3,1,4,75.0,315.3335388787237
2015-12-08,3,1,4,75.0,313.5895649633486
2015-12-09,3,1,4,75.0,310.23913327213603
2015-12-10,3,1,4,75.0,311.7762353943374
2015-12-11,3,1,4,75.0,307.8618366924075
2015-12-14,3,1,4,75.0,310.1969082328584
2015-12-15,3,1,4,75.0,313.3179029932281
2015-12-16,3,1,4,75.0,316.2567191401435
2015-12-17,3,1,4,75.0,322.1705488611167
2015-12-18,3,1,4,75.0,322.4885584111855
2015-12-21,3,1,4,75.0,326.0666030542645
2015-12-22,3,1,4,75.0,327.38958248610334
2015-12-23,3,1,4,75.0,330.2721237160783
2015-12-24,3,1,4,75.0,330.6024933699525
2015-12-28,3,1,4,75.0,332.11385158978055
2015-12-29,4,0,4,100.0,339.18389520255425
2015-12-30,4,0,4,100.0,337.05715559507405
2015-12-31,4,0,4,100.0,341.37030052894585
2016-01-01,4,0,4,100.0,343.77905447030616
2016-01-04,4,0,4,100.0,334.7310965945271
2016-01-05,3,1,4,75.0,335.2897899216434
2016-01-06,3,1,4,75.0,335.14422435660913
2016-01-07,3,1,4,75.0,326.9682208373962
2016-01-08,3,1,4,75.0,333.01948156940557
2016-01-11,3,1,4,75.0,330.4664725139346
2016-01-12,3,1,4,75.0,322.843345143189
2016-01-13,3,1,4,75.0,319.9088146000911
2016-01-14,3,1,4,75.0,313.05784893395025
2016-01-15,2,2,4,50.0,305.6109283002247
2016-01-18,2,2,4,50.0,296.60134314053965
2016-01-19,3,1,4,75.0,300.3237543282905
2016-01-20,3,1,4,75.0,300.37463231360164
2016-01-21,3,1,4,75.0,307.39121296545073
2016-01-22,3,1,4,75.0,321.54440207543246
2016-01-25,3,1,4,75.0,322.7177722694343
2016-01-27,3,1,4,75.0,322.89425973915644
2016-01-28,3,1,4,75.0,323.6896947246727
2016-01-29,3,1,4,75.0,325.9136478680094
2016-02-01,3,1,4,75.0,324.07818171194253
2016-02-02,2,2,4,50.0,315.2927008643552
2016-02-03,1,3,4,25.0,310.14099751234096
2016-02-04,1,3,4,25.0,306.4633272229221
2016-02-05,2,2,4,50.0,315.8082589100195
2016-02-08,1,3,4,25.0,313.62897265274603
2016-02-09,1,3,4,25.0,299.3280050100096
2016-02-10,1,3,4,25.0,298.84211614832986
2016-02-11,1,3,4,25.0,286.38622521326823
2016-02-12,1,3,4,25.0,277.92339278235323
2016-02-15,1,3,4,25.0,293.7986786728742
2016-02-16,1,3,4,25.0,287.29444603491163
2016-02-17,1,3,4,25.0,286.8390038891756
2016-02-18,1,3,4,25.0,287.5896657931648
2016-02-19,1,3,4,25.0,287.7196452405414
2016-02-22,1,3,4,25.0,289.6582160746355
2016-02-23,1,3,4,25.0,281.9499372517337
2016-02-24,1,3,4,25.0,276.5734700031592
2016-02-25,1,3,4,25.0,276.8642024191859
2016-02-26,1,3,4,25.0,285.0275647452314
2016-02-29,1,3,4,25.0,283.54876328024307
2016-03-01,1,3,4,25.0,300.10136031785606
2016-03-02,1,3,4,25.0,307.2194929031589
2016-03-03,1,3,4,25.0,306.0744260146837
2016-03-04,1,3,4,25.0,307.4660009382026
2016-03-08,1,3,4,25.0,306.5866870626541
2016-03-09,2,2,4,50.0,308.4985156601388
2016-03-10,2,2,4,50.0,307.4786821551365
2016-03-11,2,2,4,50.0,306.83199712592636
2016-03-14,1,3,4,25.0,307.7589871464407
2016-03-15,1,3,4,25.0,305.34742041595354
2016-03-16,1,3,4,25.0,303.97542172343026
2016-03-17,1,3,4,25.0,302.64990536013187
2016-03-18,2,2,4,50.0,303.23303612852783
2016-03-21,2,2,4,50.0,310.116854111953
2016-03-22,2,2,4,50.0,311.0143146919508
2016-03-23,2,2,4,50.0,311.97014790263455
2016-03-28,2,2,4,50.0,308.86916984710655
2016-03-29,2,2,4,50.0,311.5411228697126
2016-03-30,2,2,4,50.0,317.8503352345805
2016-03-31,2,2,4,50.0,321.9182963491708
2016-04-01,2,2,4,50.0,322.6274960370826
2016-04-04,2,2,4,50.0,325.44013079245934
2016-04-05,2,2,4,50.0,319.2997027902912
2016-04-06,2,2,4,50.0,322.9281232965984
2016-04-07,2,2,4,50.0,319.335698840088
2016-04-08,2,2,4,50.0,320.27616288365266
2016-04-11,2,2,4,50.0,325.48019369904824
2016-04-12,2,2,4,50.0,328.72777400260316
2016-04-13,2,2,4,50.0,337.89264719264895
2016-04-18,3,1,4,75.0,337.9453754710522
2016-04-20,3,1,4,75.0,335.2001824716613
2016-04-21,2,2,4,50.0,332.89746328618025
2016-04-22,2,2,4,50.0,335.3714748839699
2016-04-25,1,3,4,25.0,332.845205393082
2016-04-26,2,2,4,50.0,336.9172047578462
2016-04-27,2,2,4,50.0,338.5844350140993
2016-04-28,2,2,4,50.0,331.94356307712656
2016-04-29,1,3,4,25.0,334.11675847723615
2016-05-02,1,3,4,25.0,333.44674988172716
2016-05-03,1,3,4,25.0,334.342322146654
2016-05-04,1,3,4,25.0,328.2007072184927
2016-05-05,1,3,4,25.0,325.8352443714341
2016-05-06,1,3,4,25.0,324.81493583819673
2016-05-09,1,3,4,25.0,331.6504270347752
2016-05-10,1,3,4,25.0,330.24023003155213
2016-05-11,1,3,4,25.0,328.1586214253038
2016-05-12,3,1,4,75.0,338.2635986992823
2016-05-13,3,1,4,75.0,340.88690776014397
2016-05-16,3,1,4,75.0,343.50449125050324
2016-05-17,3,1,4,75.0,343.4107059251785
2016-05-18,3,1,4,75.0,345.424087284123
2016-05-19,2,2,4,50.0,337.03296381560216
2016-05-20,2,2,4,50.0,332.7305517360704
2016-05-23,2,2,4,50.0,330.7943216895012
2016-05-24,2,2,4,50.0,328.0440525017948
2016-05-25,3,1,4,75.0,330.8800644252694
2016-05-26,3,1,4,75.0,339.7107785008007
2016-05-27,3,1,4,75.0,343.58087096578396
2016-05-30,4,0,4,100.0,343.9059734896981
2016-05-31,4,0,4,100.0,344.1766318424098
2016-06-01,4,0,4,100.0,344.8255495117482
2016-06-02,4,0,4,100.0,345.2900038982273
2016-06-03,4,0,4,100.0,349.787549805179
2016-06-06,4,0,4,100.0,353.62740640994326
2016-06-07,4,0,4,100.0,355.33004293954843
2016-06-08,4,0,4,100.0,361.62306879396857
2016-06-09,4,0,4,100.0,357.108069969442
2016-06-10,4,0,4,100.0,349.84923082449416
2016-06-13,4,0,4,100.0,348.63433300864597
2016-06-14,4,0,4,100.0,345.58886314768256
2016-06-15,4,0,4,100.0,349.78958067908525
2016-06-16,4,0,4,100.0,347.6408078562864
2016-06-17,4,0,4,100.0,346.4921291947721
2016-06-20,4,0,4,100.0,348.39479290931024
2016-06-21,4,0,4,100.0,350.15029870438553
2016-06-22,4,0,4,100.0,347.41581313939395
2016-06-23,3,1,4,75.0,351.0891356301021
2016-06-24,3,1,4,75.0,347.5721243939706
2016-06-27,3,1,4,75.0,349.0160759010064
2016-06-28,3,1,4,75.0,351.7193121712223
2016-06-29,3,1,4,75.0,352.7527681430129
2016-06-30,3,1,4,75.0,356.51664732997045
2016-07-01,3,1,4,75.0,357.7246656582118
2016-07-04,3,1,4,75.0,359.526160835875
2016-07-05,3,1,4,75.0,355.6120067651444
2016-07-07,3,1,4,75.0,356.43503105478857
2016-07-08,4,0,4,100.0,360.4968045692031
2016-07-11,4,0,4,100.0,367.37905502116746
2016-07-12,4,0,4,100.0,368.7597145310841
2016-07-13,4,0,4,100.0,363.7047209746637
2016-07-14,4,0,4,100.0,362.22415877581835
2016-07-15,4,0,4,100.0,370.3599161243489
2016-07-18,4,0,4,100.0,367.56745771235387
2016-07-19,4,0,4,100.0,369.5199025581883
2016-07-20,4,0,4,100.0,372.240620765401
2016-07-21,4,0,4,100.0,375.0755742745909
2016-07-22,4,0,4,100.0,382.3871743500501
2016-07-25,4,0,4,100.0,382.86378443092974
2016-07-26,4,0,4,100.0,385.14640647266856
2016-07-27,4,0,4,100.0,387.83447836438626
2016-07-28,4,0,4,100.0,388.1851209207035
2016-07-29,4,0,4,100.0,391.3411405874426
2016-08-01,4,0,4,100.0,395.524454776734
2016-08-02,4,0,4,100.0,399.29855528105026
2016-08-03,4,0,4,100.0,393.7063397211575
2016-08-04,4,0,4,100.0,394.164954892897
2016-08-05,4,0,4,100.0,399.5059763123895
2016-08-08,4,0,4,100.0,402.0928273738715
2016-08-09,4,0,4,100.0,403.3941970675315
2016-08-10,4,0,4,100.0,395.96684526488843
2016-08-11,4,0,4,100.0,398.0707283619329
2016-08-12,4,0,4,100.0,407.4681257421225
2016-08-16,4,0,4,100.0,409.3708872692713
2016-08-17,4,0,4,100.0,408.5639513047825
2016-08-18,4,0,4,100.0,409.5460148989975
2016-08-19,4,0,4,100.0,408.546586365508
2016-08-22,4,0,4,100.0,407.1186292677999
2016-08-23,4,0,4,100.0,408.65808552206346
2016-08-24,4,0,4,100.0,410.9840933356252
2016-08-25,4,0,4,100.0,414.1433630154039
2016-08-26,4,0,4,100.0,417.0068959501937
2016-08-29,4,0,4,100.0,420.492660594459
2016-08-30,4,0,4,100.0,420.3542595243535
2016-08-31,4,0,4,100.0,422.23772141730615
2016-09-01,4,0,4,100.0,426.14978827796176
2016-09-02,4,0,4,100.0,426.8875565195294
2016-09-06,4,0,4,100.0,441.0503186148252
2016-09-07,4,0,4,100.0,438.62237001374876
2016-09-08,4,0,4,100.0,437.68006528309763
2016-09-09,4,0,4,100.0,431.67408688662806
2016-09-12,4,0,4,100.0,419.0126018577813
2016-09-14,4,0,4,100.0,427.4772812401304
2016-09-15,4,0,4,100.0,425.5782700083246
2016-09-16,4,0,4,100.0,435.6399472967005
2016-09-19,4,0,4,100.0,432.73902716217566
2016-09-20,4,0,4,100.0,427.6527809178129
2016-09-21,4,0,4,100.0,426.66883995356227
2016-09-22,4,0,4,100.0,435.1600339895449
2016-09-23,4,0,4,100.0,432.046495085771
2016-09-26,4,0,4,100.0,427.91274539393544
2016-09-27,4,0,4,100.0,427.236753843742
2016-09-28,4,0,4,100.0,431.60059868480687
2016-09-29,4,0,4,100.0,421.6363387715118
2016-09-30,4,0,4,100.0,429.74368762042536
2016-10-03,4,0,4,100.0,441.39574485410435
2016-10-04,4,0,4,100.0,449.99027070863366
2016-10-05,4,0,4,100.0,445.93449454273923
2016-10-06,4,0,4,100.0,442.4334181403547
2016-10-07,4,0,4,100.0,445.95547251605296
2016-10-10,4,0,4,100.0,438.11668110091
2016-10-13,4,0,4,100.0,429.2742059863487
2016-10-14,4,0,4,100.0,435.7633981488754
2016-10-17,4,0,4,100.0,434.563212254794
2016-10-18,4,0,4,100.0,448.81767578264834
2016-10-19,4,0,4,100.0,451.5248521260224
2016-10-20,4,0,4,100.0,450.2064445190148
2016-10-21,4,0,4,100.0,449.8212163190263
2016-10-24,4,0,4,100.0,449.6307595737401
2016-10-25,4,0,4,100.0,446.8284524663275
2016-10-26,4,0,4,100.0,440.5187462870404
2016-10-27,4,0,4,100.0,436.658768089394
2016-10-28,4,0,4,100.0,437.9491943372359
2016-10-30,4,0,4,100.0,441.3003544337646
2016-11-01,4,0,4,100.0,444.662838811144
2016-11-02,4,0,4,100.0,434.3777763889711
2016-11-03,4,0,4,100.0,421.4837994839881
2016-11-04,4,0,4,100.0,410.040048971034
2016-11-07,3,1,5,75.0,410.6816727704957
2016-11-08,4,0,5,100.0,419.50778967657953
2016-11-09,2,2,5,50.0,396.05692513138104
2016-11-10,2,2,5,50.0,396.9589822050845
2016-11-11,2,2,5,50.0,380.29198673323805
2016-11-15,0,4,5,0.0,338.5807446519709
2016-11-16,2,2,5,50.0,351.7172971587577
2016-11-17,2,2,5,50.0,351.8866790004696
2016-11-18,2,2,5,50.0,359.2145005172355
2016-11-21,2,2,5,50.0,357.61711097674845
2016-11-22,2,2,5,50.0,362.8640162221331
2016-11-23,2,2,5,50.0,366.59099454534976
2016-11-24,2,2,5,50.0,363.0435896794256
2016-11-25,2,2,5,50.0,374.0003072211824
2016-11-28,2,2,5,50.0,375.04179753690016
2016-11-29,3,1,5,75.0,390.18922209132467
2016-11-30,3,1,5,75.0,400.0533635926184
2016-12-01,3,1,5,75.0,398.4601156808709
2016-12-02,3,1,5,75.0,391.7540935251998
2016-12-05,3,1,5,75.0,387.37010370362856
2016-12-06,3,1,5,75.0,386.4140665450061
2016-12-07,2,2,5,50.0,382.9265053253474
2016-12-08,2,2,5,50.0,389.2765212557461
2016-12-09,2,2,5,50.0,386.4867060498635
2016-12-12,2,2,5,50.0,377.9635971278518
2016-12-13,2,2,5,50.0,371.93558452296287
2016-12-14,2,2,5,50.0,367.4912294696948
2016-12-15,2,2,5,50.0,371.7783755328104
2016-12-16,2,2,5,50.0,371.43246672972134
2016-12-19,2,2,5,50.0,371.8830638195064
2016-12-20,2,2,5,50.0,367.10138123418585
2016-12-21,2,2,5,50.0,369.7544257597476
2016-12-22,2,2,5,50.0,363.59877810069656
2016-12-23,2,2,5,50.0,362.4570352462416
2016-12-26,2,2,5,50.0,350.31148542397824
2016-12-27,2,2,5,50.0,354.5541070718945
2016-12-28,2,2,5,50.0,359.6654497715882
2016-12-29,2,2,5,50.0,363.04813131555494
2016-12-30,2,2,5,50.0,371.30881002164347
2017-01-02,2,2,5,50.0,373.96929287554
2017-01-03,2,2,5,50.0,372.7888619233645
2017-01-04,1,3,5,25.0,369.3061672788582
2017-01-05,2,2,5,50.0,374.83966411445994
2017-01-06,2,2,5,50.0,376.71212517681596
2017-01-09,2,2,5,50.0,378.93443400440987
2017-01-10,2,2,5,50.0,379.5954938415224
2017-01-11,2,2,5,50.0,388.46128024261833
2017-01-12,2,2,5,50.0,388.53268319205023
2017-01-13,3,1,5,75.0,391.38702968668963
2017-01-16,3,1,5,75.0,398.41011610994315
2017-01-17,3,1,5,75.0,400.09858699603564
2017-01-18,3,1,5,75.0,395.040185430189
2017-01-19,3,1,5,75.0,392.942269096737
2017-01-20,2,2,5,50.0,390.18640749239336
2017-01-23,3,1,5,75.0,393.36910625151614
2017-01-24,3,1,5,75.0,396.911783485602
2017-01-25,3,1,5,75.0,409.23241534255703
2017-01-27,3,1,5,75.0,412.83841226706215
2017-01-30,3,1,5,75.0,416.5274408985687
2017-01-31,3,1,5,75.0,414.4363581248522
2017-02-01,3,1,5,75.0,422.90237305126243
2017-02-02,4,0,5,100.0,436.18288442013096
2017-02-03,4,0,5,100.0,442.6258399696217
2017-02-06,4,0,5,100.0,448.8529361791142
2017-02-07,4,0,5,100.0,449.9510560880457
2017-02-08,4,0,5,100.0,455.00890627125943
2017-02-09,4,0,5,100.0,451.2990863043798
2017-02-10,4,0,5,100.0,454.671882287726
2017-02-13,4,0,5,100.0,452.7057477301283
2017-02-14,3,1,5,75.0,443.9777799489745
2017-02-15,3,1,5,75.0,442.3343986766985
2017-02-16,3,1,5,75.0,445.6997745705294
2017-02-17,3,1,5,75.0,448.5738147340431
2017-02-20,3,1,5,75.0,452.39110100093177
2017-02-21,3,1,5,75.0,454.51612098949454
2017-02-22,3,1,5,75.0,456.49153369528375
2017-02-23,3,1,5,75.0,453.6621242116005
2017-02-27,3,1,5,75.0,448.34198439612294
2017-02-28,3,1,5,75.0,448.0026426592264
2017-03-01,3,1,5,75.0,447.81787638442205
2017-03-02,3,1,5,75.0,440.81891389974953
2017-03-03,3,1,5,75.0,437.02407172815816
2017-03-06,3,1,5,75.0,437.39729861519197
2017-03-07,3,1,5,75.0,438.54344242661784
2017-03-08,3,1,5,75.0,434.546037462119
2017-03-09,3,1,5,75.0,435.19012062141434
2017-03-10,3,1,5,75.0,434.4487791322311
2017-03-14,3,1,5,75.0,454.8951965297907
2017-03-15,3,1,5,75.0,469.4262773317501
2017-03-16,3,1,5,75.0,477.3740568089986
2017-03-17,3,1,5,75.0,478.4381200861536
2017-03-20,3,1,5,75.0,475.17381035653943
2017-03-21,3,1,5,75.0,472.4548826069366
2017-03-22,3,1,5,75.0,463.9788213537333
2017-03-23,3,1,5,75.0,473.2257146921496
2017-03-24,3,1,5,75.0,476.5261096945554
2017-03-27,3,1,5,75.0,475.55676515565193
2017-03-28,3,1,5,75.0,482.36775262003374
2017-03-29,3,1,5,75.0,482.16338314541895
2017-03-30,3,1,5,75.0,488.60340586578826
2017-03-31,3,1,5,75.0,495.563085678575
2017-04-03,4,0,5,100.0,510.3743848114457
2017-04-05,4,0,5,100.0,507.51037959783656
2017-04-06,4,0,5,100.0,505.9035673046803
2017-04-07,3,1,5,75.0,500.4797532313045
2017-04-10,3,1,5,75.0,498.28746631440157
2017-04-11,3,1,5,75.0,502.6118156535043
2017-04-12,4,0,5,100.0,517.1061181862066
2017-04-13,4,0,5,100.0,526.4245035983348
2017-04-17,4,0,5,100.0,526.3348249658158
2017-04-18,4,0,5,100.0,524.6348855317292
2017-04-19,4,0,5,100.0,527.1363946075124
2017-04-20,4,0,5,100.0,531.517029940069
2017-04-21,4,0,5,100.0,537.961751982707
2017-04-24,4,0,5,100.0,547.0498155992539
2017-04-25,4,0,5,100.0,554.101298020131
2017-04-26,4,0,5,100.0,551.2663398243907
2017-04-27,4,0,5,100.0,548.1167813557228
2017-04-28,4,0,5,100.0,554.6157573704495
2017-05-02,4,0,5,100.0,573.8574988664583
2017-05-03,4,0,5,100.0,573.1719646578252
2017-05-04,4,0,5,100.0,574.4097122946264
2017-05-05,4,0,5,100.0,572.7480490289169
2017-05-08,4,0,5,100.0,571.6370250525496
2017-05-09,4,0,5,100.0,560.9710366587858
2017-05-10,4,0,5,100.0,568.9797973423794
2017-05-11,4,0,5,100.0,561.1559859023042
2017-05-12,4,0,5,100.0,556.7161576368628
2017-05-15,4,0,5,100.0,564.2947556794206
2017-05-16,4,0,5,100.0,564.6232374137699
2017-05-17,4,0,5,100.0,566.229536394188
2017-05-18,4,0,5,100.0,553.666404021252
2017-05-19,4,0,6,100.0,548.0940751735318
2017-05-22,4,0,6,100.0,540.1099815862697
2017-05-23,4,0,6,100.0,534.0301791706909
2017-05-24,4,0,6,100.0,536.2567747224351
2017-05-25,4,0,6,100.0,549.834862734427
2017-05-26,4,0,6,100.0,563.2627797156023
2017-05-29,4,0,6,100.0,563.2612232070597
2017-05-30,4,0,6,100.0,571.8263057473943
2017-05-31,4,0,6,100.0,582.730473255105
2017-06-01,4,0,6,100.0,583.4637543550747
2017-06-02,4,0,6,100.0,579.9309316456424
2017-06-05,4,0,6,100.0,584.1256682936948
2017-06-06,4,0,6,100.0,581.5701731973737
2017-06-07,4,0,6,100.0,592.6660274240222
2017-06-08,4,0,6,100.0,594.6369045865725
2017-06-09,4,0,6,100.0,608.5456541834793
2017-06-12,4,0,6,100.0,615.9515269640565
2017-06-13,5,0,6,100.0,627.5827449993649
2017-06-14,5,0,6,100.0,622.6577768287781
2017-06-15,5,0,6,100.0,629.2387715494762
2017-06-16,5,0,6,100.0,625.3456130700505
2017-06-19,5,0,6,100.0,622.7635603507033
2017-06-20,5,0,6,100.0,623.9606434343859
2017-06-21,5,0,6,100.0,625.0104797551185
2017-06-22,5,0,6,100.0,618.7413147079245
2017-06-23,5,0,6,100.0,607.771228060952
2017-06-27,5,0,6,100.0,594.4394945082919
2017-06-28,5,0,6,100.0,593.3158186979003
2017-06-29,5,0,6,100.0,603.5120680011748
2017-06-30,5,0,6,100.0,605.3966294216319
2017-07-03,5,0,6,100.0,602.5455303854944
2017-07-04,5,0,6,100.0,598.5347038899998
2017-07-05,5,0,6,100.0,603.5755069556948
2017-07-06,5,0,6,100.0,602.8458597730926
2017-07-07,5,0,6,100.0,600.8981685341931
2017-07-10,5,0,6,100.0,601.2603078325146
2017-07-11,5,0,6,100.0,608.3624733268459
2017-07-12,5,0,6,100.0,629.212464585152
2017-07-13,5,0,6,100.0,644.805396594864
2017-07-14,5,0,6,100.0,633.2332647260102
2017-07-17,5,0,6,100.0,631.6076406639037
2017-07-18,5,0,6,100.0,628.408059440076
2017-07-19,5,0,6,100.0,633.8735571943882
2017-07-20,5,0,6,100.0,639.1309392793224
2017-07-21,5,0,6,100.0,629.873113134161
2017-07-24,5,0,6,100.0,623.4010928229325
2017-07-25,5,0,6,100.0,628.170203946639
2017-07-26,5,0,6,100.0,622.8274007788232
2017-07-27,5,0,6,100.0,620.8103242900596
2017-07-28,5,0,6,100.0,617.8288242141005
2017-07-31,5,0,6,100.0,608.7129686650705
2017-08-01,5,0,6,100.0,613.6522196745702
2017-08-02,5,0,6,100.0,613.074599121723
2017-08-03,5,0,6,100.0,601.0805446073268
2017-08-04,5,0,6,100.0,611.7793835180065
2017-08-07,4,1,6,80.0,607.3732214715758
2017-08-08,4,1,6,80.0,601.9784313487372
2017-08-09,4,1,6,80.0,590.1181274906088
2017-08-10,4,1,6,80.0,573.907881868693
2017-08-11,4,1,6,80.0,574.4434414792985
2017-08-14,4,1,6,80.0,586.8894784914166
2017-08-16,4,1,6,80.0,600.5934172250345
2017-08-17,4,1,6,80.0,597.9680350097464
2017-08-18,4,1,6,80.0,590.4888167906731
2017-08-21,4,1,6,80.0,582.4347170483238
2017-08-22,4,1,6,80.0,571.3324479321759
2017-08-23,4,1,6,80.0,586.7246895632069
2017-08-24,4,1,6,80.0,585.7712267092918
2017-08-28,4,1,6,80.0,590.2355403405215
2017-08-29,4,1,6,80.0,583.6583582469177
2017-08-30,4,1,6,80.0,597.1119823643471
2017-08-31,4,1,6,80.0,601.6350031906892
2017-09-01,4,1,6,80.0,603.7588506984018
2017-09-04,4,1,6,80.0,598.4753441168411
2017-09-05,4,1,6,80.0,607.4638999842314
2017-09-06,4,1,6,80.0,610.4896332921322
2017-09-07,4,1,6,80.0,619.5212873582585
2017-09-08,4,1,6,80.0,611.6041161651937
2017-09-11,4,1,6,80.0,611.8172287760393
2017-09-12,4,1,6,80.0,611.9790687262486
2017-09-13,4,1,6,80.0,605.5180894618325
2017-09-14,4,1,6,80.0,605.2317931899079
2017-09-15,4,1,6,80.0,604.0373834777449
2017-09-18,4,1,6,80.0,609.9468664668967
2017-09-19,4,1,6,80.0,612.5165617979164
2017-09-20,4,1,6,80.0,612.2038115962981
2017-09-21,4,1,6,80.0,610.7266119748211
2017-09-22,4,1,6,80.0,585.7450810365765
2017-09-25,3,2,6,60.0,571.2716644991978
2017-09-26,3,2,6,60.0,575.4492739533335
2017-09-27,3,2,6,60.0,561.8054467702859
2017-09-28,3,2,6,60.0,570.9200241482959
2017-09-29,3,2,6,60.0,575.0414304735095
2017-10-03,4,1,6,80.0,582.5885412303497
2017-10-04,4,1,6,80.0,585.2780485709194
2017-10-05,4,1,6,80.0,585.8835275541028
2017-10-06,4,1,6,80.0,589.3871109286425
2017-10-09,4,1,6,80.0,590.5486196501173
2017-10-10,4,1,6,80.0,591.0372000574781
2017-10-11,3,2,6,60.0,576.9937338600326
2017-10-12,4,1,6,80.0,584.6890943441863
2017-10-13,4,1,6,80.0,590.728312624439
2017-10-16,4,1,6,80.0,591.5695334804336
2017-10-17,4,1,6,80.0,596.6738215229997
2017-10-18,4,1,6,80.0,596.8965725262764
2017-10-19,4,1,6,80.0,594.7294692018935
2017-10-23,4,1,6,80.0,589.8324126297508
2017-10-24,3,2,6,60.0,586.0107580736728
2017-10-25,2,3,6,40.0,564.1128389484459
2017-10-26,2,3,6,40.0,564.4303490519779
2017-10-27,2,3,6,40.0,566.1062107135557
2017-10-30,2,3,6,40.0,569.2209431443142
2017-10-31,2,3,6,40.0,562.7128328935244
2017-11-01,2,3,6,40.0,561.034754632118
2017-11-02,2,3,6,40.0,562.2119170276186
2017-11-03,2,3,6,40.0,559.2211229820299
2017-11-06,2,3,6,40.0,555.0665661682399
2017-11-07,2,3,6,40.0,545.2928444475222
2017-11-08,2,3,6,40.0,538.4172813936157
2017-11-09,2,3,6,40.0,541.744297062205
2017-11-10,2,3,6,40.0,544.3612024384998
2017-11-13,2,3,6,40.0,539.730145749781
2017-11-14,1,4,6,20.0,544.335184563683
2017-11-15,1,4,6,20.0,530.8951223993895
2017-11-16,1,4,6,20.0,539.1807998058732
2017-11-17,2,3,6,40.0,552.4811094690042
2017-11-20,2,3,6,40.0,554.1725630257562
2017-11-21,2,3,6,40.0,547.8553183916149
2017-11-22,2,3,6,40.0,549.8006802929651
2017-11-23,2,3,6,40.0,549.9266938160139
2017-11-24,1,4,6,20.0,550.840966717373
2017-11-27,2,3,6,40.0,553.4525037370179
2017-11-28,1,4,6,20.0,555.5180752309982
2017-11-29,1,4,6,20.0,555.5998384158147
2017-11-30,1,4,6,20.0,550.5011430257155
2017-12-01,1,4,6,20.0,536.6989588016182
2017-12-04,1,4,6,20.0,534.7339410639028
2017-12-05,1,4,6,20.0,535.2320030628009
2017-12-06,1,4,6,20.0,530.1852928045721
2017-12-07,1,4,6,20.0,542.4716616872398
2017-12-08,1,4,6,20.0,545.7898657513099
2017-12-11,1,4,6,20.0,547.1934874437045
2017-12-12,1,4,6,20.0,539.496824892905
2017-12-13,1,4,6,20.0,535.6173309383707
2017-12-14,1,4,6,20.0,536.6208170816819
2017-12-15,1,4,6,20.0,542.720121463674
2017-12-18,1,4,6,20.0,544.0555932876994
2017-12-19,1,4,6,20.0,552.9745054755682
2017-12-20,1,4,6,20.0,552.0208858833585
2017-12-21,2,4,6,33.33333333333333,562.618501553706
2017-12-22,2,4,6,33.33333333333333,557.3018960910724
2017-12-26,2,4,6,33.33333333333333,557.6447728623364
2017-12-27,2,4,6,33.33333333333333,555.5710799651604
2017-12-28,2,4,6,33.33333333333333,551.5384573052347
2017-12-29,2,4,6,33.33333333333333,553.8599861963932
2018-01-01,2,4,6,33.33333333333333,557.8886588080057
2018-01-02,2,4,6,33.33333333333333,550.47347554563
2018-01-03,2,4,6,33.33333333333333,553.8052700392417
2018-01-04,2,4,6,33.33333333333333,553.5249097078116
2018-01-05,3,3,6,50.0,557.958509451101
2018-01-08,3,3,6,50.0,567.8394175755004
2018-01-09,3,3,6,50.0,565.2757827638908
2018-01-10,3,3,6,50.0,565.1382567883468
2018-01-11,2,4,6,33.33333333333333,564.1769871347591
2018-01-12,2,4,6,33.33333333333333,558.4308646473085
2018-01-15,2,4,6,33.33333333333333,558.0166369155054
2018-01-16,2,4,6,33.33333333333333,547.7766496642176
2018-01-17,2,4,6,33.33333333333333,549.4725149193964
2018-01-18,2,4,6,33.33333333333333,548.5974870162004
2018-01-19,2,4,6,33.33333333333333,560.5400919202442
2018-01-22,2,4,6,33.33333333333333,569.9145043456313
2018-01-23,2,4,6,33.33333333333333,565.8715070203356
2018-01-24,2,4,6,33.33333333333333,559.3884318567332
2018-01-25,2,4,6,33.33333333333333,556.4625647655033
2018-01-29,2,4,6,33.33333333333333,561.1885237089156
2018-01-30,2,4,6,33.33333333333333,551.893014619705
2018-01-31,2,4,6,33.33333333333333,547.1998908274165
2018-02-01,2,4,6,33.33333333333333,546.254941315826
2018-02-02,1,5,6,16.666666666666664,525.9757006952224
2018-02-05,1,5,6,16.666666666666664,532.4048103411893
2018-02-06,1,5,6,16.666666666666664,525.8579120055318
2018-02-07,1,5,6,16.666666666666664,523.2489093265293
2018-02-08,1,5,6,16.666666666666664,528.5429469160038
2018-02-09,1,5,6,16.666666666666664,526.0884782506145
2018-02-12,2,4,6,33.33333333333333,540.2295802568484
2018-02-14,2,4,6,33.33333333333333,549.4420657248037
2018-02-15,2,4,6,33.33333333333333,536.0349343683256
2018-02-16,2,4,6,33.33333333333333,531.6489454587182
2018-02-19,2,4,6,33.33333333333333,523.6349894394227
2018-02-20,1,5,6,16.666666666666664,522.6526476368855
2018-02-21,1,5,6,16.666666666666664,521.630085085991
2018-02-22,1,5,6,16.666666666666664,524.2102471830224
2018-02-23,1,5,6,16.666666666666664,530.4584982312043
2018-02-26,2,4,6,33.33333333333333,537.4640373577643
2018-02-27,2,4,6,33.33333333333333,531.0731404208872
2018-02-28,2,4,6,33.33333333333333,530.1753576219801
2018-03-01,2,4,6,33.33333333333333,529.912552322523
2018-03-05,2,4,6,33.33333333333333,528.1501645298194
2018-03-06,2,4,6,33.33333333333333,520.1933444626152
2018-03-07,0,6,6,0.0,501.5848318314342
2018-03-08,0,6,6,0.0,502.3513389933731
2018-03-09,0,6,6,0.0,498.7663390625921
2018-03-12,0,6,6,0.0,506.2945086635426
2018-03-13,2,4,6,33.33333333333333,515.8933182038191
2018-03-14,2,4,6,33.33333333333333,516.1952592254713
2018-03-15,1,5,6,16.666666666666664,518.1948022955736
2018-03-16,1,5,6,16.666666666666664,513.0153465197296
2018-03-19,0,6,6,0.0,507.90194567915876
2018-03-20,0,6,6,0.0,508.61045834335357
2018-03-21,1,5,6,16.666666666666664,512.788377227692
2018-03-22,1,5,6,16.666666666666664,509.3786546328436
2018-03-23,0,6,6,0.0,502.38096989898133
2018-03-26,0,6,6,0.0,512.6517817174588
2018-03-27,1,5,6,16.666666666666664,523.2061762643168
2018-03-28,1,5,6,16.666666666666664,518.0102398016344
2018-04-02,1,5,6,16.666666666666664,511.4013578961134
2018-04-03,1,5,6,16.666666666666664,522.007233018837
2018-04-04,1,5,6,16.666666666666664,520.6164541850873
2018-04-05,1,5,6,16.666666666666664,534.3035664713389
2018-04-06,1,5,6,16.666666666666664,538.1370169295753
2018-04-09,1,5,6,16.666666666666664,539.4746748517547
2018-04-10,1,5,6,16.666666666666664,541.1188836295653
2018-04-11,1,5,6,16.666666666666664,536.8640732785626
2018-04-12,1,5,6,16.666666666666664,534.9442452298854
2018-04-13,1,5,6,16.666666666666664,535.8773130599071
2018-04-16,1,5,6,16.666666666666664,540.276583221416
2018-04-17,1,5,6,16.666666666666664,539.0917817627429
2018-04-18,1,5,6,16.666666666666664,536.1144683447354
2018-04-19,1,5,6,16.666666666666664,535.8508029020106
2018-04-20,1,5,6,16.666666666666664,532.4701287420821
2018-04-23,1,5,6,16.666666666666664,530.6339833817924
2018-04-24,1,5,6,16.666666666666664,530.2301464130344
2018-04-25,1,5,6,16.666666666666664,528.9328000211208
2018-04-26,1,5,6,16.666666666666664,527.5412559612192
2018-04-27,1,5,6,16.666666666666664,528.3279850047269
2018-04-30,3,3,6,50.0,532.4948809567504
2018-05-02,2,4,6,33.33333333333333,521.9470509846002
2018-05-03,2,4,6,33.33333333333333,513.3416732592973
2018-05-04,2,4,6,33.33333333333333,509.3287555773295
2018-05-07,0,6,6,0.0,505.0788474109222
2018-05-08,0,6,6,0.0,496.1840548279112
2018-05-09,0,6,6,0.0,499.18148187517914
2018-05-10,0,6,6,0.0,491.336113699391
2018-05-11,0,6,6,0.0,490.3881575981086
2018-05-14,0,6,6,0.0,486.4247920529623
2018-05-15,0,6,6,0.0,483.11951537625805
2018-05-16,0,6,6,0.0,477.44995026825217
2018-05-17,0,6,6,0.0,481.9790167282256
2018-05-18,0,6,6,0.0,471.76003229550236
2018-05-21,0,6,6,0.0,462.1569137142971
2018-05-22,0,6,6,0.0,461.97752667408076
2018-05-23,0,6,6,0.0,462.12355956376126
2018-05-24,0,6,6,0.0,460.41382207590675
2018-05-25,0,6,6,0.0,471.1479280208075
2018-05-28,0,6,6,0.0,492.8116038300893
2018-05-29,0,6,6,0.0,487.89269364584715
2018-05-30,0,6,6,0.0,484.4939223729476
2018-05-31,0,6,6,0.0,480.92281641987773
2018-06-01,0,6,6,0.0,473.33276165038865
2018-06-04,0,6,6,0.0,461.83352886434363
2018-06-05,0,6,6,0.0,454.5124574965003
2018-06-06,0,6,6,0.0,462.27270234526657
2018-06-07,0,6,6,0.0,467.4894255586035
2018-06-08,0,6,6,0.0,466.7918888193122
2018-06-11,0,6,6,0.0,466.251177845961
2018-06-12,0,6,6,0.0,469.4642058230421
2018-06-13,0,6,6,0.0,474.69503566359424
2018-06-14,0,6,6,0.0,470.5840529168004
2018-06-15,0,6,6,0.0,467.2600958685441
2018-06-18,0,6,6,0.0,466.327446800443
2018-06-19,0,6,6,0.0,461.44050982307493
2018-06-20,0,6,6,0.0,462.1380404485973
2018-06-21,0,6,6,0.0,461.34685891011316
2018-06-22,0,6,6,0.0,463.40797929524723
2018-06-25,0,6,6,0.0,472.40368373829637
2018-06-26,0,6,6,0.0,466.9506497406674
2018-06-27,0,6,6,0.0,463.3641941926655
2018-06-28,0,6,6,0.0,451.83972399259744
2018-06-29,0,6,6,0.0,452.5551222552716
2018-07-02,0,6,6,0.0,447.1432964225348
2018-07-03,0,6,6,0.0,450.0607958661426
2018-07-04,0,6,6,0.0,450.68315669835914
2018-07-05,0,6,6,0.0,452.5073058605371
2018-07-06,0,6,6,0.0,459.54295012202334
2018-07-09,0,6,6,0.0,462.12903016621664
2018-07-10,0,6,6,0.0,467.85504624586406
2018-07-11,0,6,6,0.0,468.39842516892867
2018-07-12,0,6,6,0.0,466.1833854310414
2018-07-13,0,6,6,0.0,462.57340060166376
2018-07-16,0,6,6,0.0,454.7800706240761
2018-07-17,0,6,6,0.0,464.1934320622042
2018-07-18,0,6,6,0.0,466.6669398294117
2018-07-19,0,6,6,0.0,467.84821095377185
2018-07-20,0,6,6,0.0,465.25176985066776
2018-07-23,0,6,6,0.0,471.1828162619563
2018-07-24,1,5,6,16.666666666666664,485.43967180882834
2018-07-25,3,3,6,50.0,491.66126551518215
2018-07-26,3,3,6,50.0,493.8922534477792
2018-07-27,3,3,6,50.0,501.31105199996284
2018-07-30,3,3,6,50.0,500.8470805387285
2018-07-31,2,4,6,33.33333333333333,489.4610371588856
2018-08-01,3,3,6,50.0,486.69229501767967
2018-08-02,2,4,6,33.33333333333333,486.709983043968
2018-08-03,3,3,6,50.0,495.9007164425036
2018-08-06,4,2,6,66.66666666666666,500.419802272611
2018-08-07,4,2,6,66.66666666666666,501.6527949530955
2018-08-08,4,2,6,66.66666666666666,497.5640125409681
2018-08-09,4,2,6,66.66666666666666,497.37686998142794
2018-08-10,3,3,6,50.0,490.26069878762667
2018-08-13,2,4,6,33.33333333333333,481.7418172056282
2018-08-14,4,2,6,66.66666666666666,486.27517878489675
2018-08-16,3,3,6,50.0,482.91164771484415
2018-08-17,3,3,6,50.0,490.53462530040497
2018-08-20,3,3,6,50.0,494.9452215164417
2018-08-21,3,3,6,50.0,499.70459113496037
2018-08-23,3,3,6,50.0,495.47389388699037
2018-08-24,3,3,6,50.0,492.82721929274265
2018-08-27,3,3,6,50.0,487.79800704891454
2018-08-28,2,4,6,33.33333333333333,484.67754872486006
2018-08-29,2,4,6,33.33333333333333,483.87565452964526
2018-08-30,3,3,6,50.0,481.3054359056519
2018-08-31,2,4,6,33.33333333333333,479.1463100539256
2018-09-03,2,4,6,33.33333333333333,479.5700313506023
2018-09-04,1,5,6,16.666666666666664,468.24977837793904
2018-09-05,1,5,6,16.666666666666664,467.15771811396047
2018-09-06,1,5,6,16.666666666666664,472.3132392915818
2018-09-07,1,5,6,16.666666666666664,472.0277212929465
2018-09-10,1,5,6,16.666666666666664,465.50361474714936
2018-09-11,1,5,6,16.666666666666664,458.9850977400339
2018-09-12,1,5,6,16.666666666666664,453.6404676738254
2018-09-14,1,5,6,16.666666666666664,464.85707893282137
2018-09-17,1,5,6,16.666666666666664,465.3925901193044
2018-09-18,0,6,6,0.0,452.43645144845124
2018-09-19,0,6,6,0.0,449.16392173750796
2018-09-21,0,6,6,0.0,424.9328216288063
2018-09-24,0,6,6,0.0,396.69429214828125
2018-09-25,0,6,6,0.0,391.4574376834356
2018-09-26,0,6,6,0.0,389.3837086527346
2018-09-27,0,6,6,0.0,370.0200721694696
2018-09-28,0,6,6,0.0,360.20579549756235
2018-10-01,0,6,6,0.0,370.77468586853655
2018-10-03,0,6,6,0.0,366.7721328459335
2018-10-04,0,6,6,0.0,362.5460222001847
2018-10-05,0,6,6,0.0,351.8801380448272
2018-10-08,0,6,7,0.0,348.4685860738978
2018-10-09,0,6,7,0.0,348.49210051024056
2018-10-10,0,6,7,0.0,360.8352209606754
2018-10-11,0,6,7,0.0,344.9379588286156
2018-10-12,0,6,7,0.0,357.56489854689397
2018-10-15,0,6,7,0.0,363.2450525499037
2018-10-16,0,6,7,0.0,359.1090806999435
2018-10-17,0,6,7,0.0,340.2433903221254
2018-10-19,0,6,7,0.0,314.39847664462815
2018-10-22,0,6,7,0.0,315.03505238654617
2018-10-23,0,6,7,0.0,313.34853847485726
2018-10-24,0,6,7,0.0,322.7828663679839
2018-10-25,0,6,7,0.0,318.15181889272657
2018-10-26,0,6,7,0.0,315.7738750864782
2018-10-29,0,6,7,0.0,327.1514635901136
2018-10-30,0,6,7,0.0,328.6707710543503
2018-10-31,0,6,7,0.0,344.492332846296
2018-11-01,0,6,7,0.0,350.31351523587443
2018-11-02,0,6,7,0.0,359.8189243047928
2018-11-05,0,6,7,0.0,353.1540143329623
2018-11-06,0,6,7,0.0,357.09464424400903
2018-11-07,0,6,7,0.0,360.26129309293464
2018-11-09,0,6,7,0.0,365.1183498995505
2018-11-12,0,6,7,0.0,364.64883665408416
2018-11-13,0,6,7,0.0,365.3936965856861
2018-11-14,0,6,7,0.0,368.83557847638684
2018-11-15,0,6,7,0.0,369.11002031044495
2018-11-16,0,6,7,0.0,360.58070973009364
2018-11-19,0,6,7,0.0,358.37157212693563
2018-11-20,0,6,7,0.0,356.16664936836287
2018-11-21,0,6,7,0.0,359.35408731266307
2018-11-22,0,6,7,0.0,355.954022622612
2018-11-26,0,6,7,0.0,356.6384549348548
2018-11-27,0,6,7,0.0,358.7291856006215
2018-11-28,0,6,7,0.0,354.6792678352086
2018-11-29,0,6,7,0.0,352.189108273436
2018-11-30,0,6,7,0.0,356.81857937264823
2018-12-03,0,6,7,0.0,360.23175955146127
2018-12-04,0,6,7,0.0,359.15414183612495
2018-12-05,0,6,7,0.0,352.2807611979165
2018-12-06,0,6,7,0.0,345.35304599208274
2018-12-07,0,6,7,0.0,344.6477089521333
2018-12-10,0,6,7,0.0,333.53598630744403
2018-12-11,0,6,7,0.0,338.151178889176
2018-12-12,0,6,7,0.0,352.9674270929351
2018-12-13,0,6,7,0.0,364.44099774623055
2018-12-14,0,6,7,0.0,368.1447891652708
2018-12-17,0,6,7,0.0,367.79051111360434
2018-12-18,0,6,7,0.0,367.6831439656603
2018-12-19,0,6,7,0.0,382.84336194000986
2018-12-20,1,5,7,16.666666666666664,385.20740352884724
2018-12-21,0,6,7,0.0,377.47016755359783
2018-12-24,0,6,7,0.0,374.2064204929566
2018-12-26,0,6,7,0.0,378.9817174105329
2018-12-27,0,6,7,0.0,377.69098553648195
2018-12-28,1,5,7,16.666666666666664,381.6093931875669
2018-12-31,1,5,7,16.666666666666664,384.21459356681294
2019-01-01,1,5,7,16.666666666666664,383.4360862588435
2019-01-02,0,6,7,0.0,378.0684653331299
2019-01-03,0,6,7,0.0,375.91614795435515
2019-01-04,1,5,7,16.666666666666664,378.55308870902695
2019-01-07,0,6,7,0.0,379.2578416919649
2019-01-08,0,6,7,0.0,381.7540921073848
2019-01-09,0,6,7,0.0,378.42667465232165
2019-01-10,0,6,7,0.0,380.58123803208207
2019-01-11,0,6,7,0.0,381.614450861653
2019-01-14,0,6,7,0.0,375.53613257070094
2019-01-15,1,5,7,16.666666666666664,381.3759873499599
2019-01-16,0,6,7,0.0,383.4719615452405
2019-01-17,1,5,7,16.666666666666664,384.35710724420835
2019-01-18,0,6,7,0.0,377.82320965568255
2019-01-21,0,6,7,0.0,377.4296862562296
2019-01-22,0,6,7,0.0,378.5749914485134
2019-01-23,0,6,7,0.0,374.6589081567784
2019-01-24,0,6,7,0.0,372.18094652824533
2019-01-25,0,6,7,0.0,364.21466082756365
2019-01-28,0,6,7,0.0,355.24321663193047
2019-01-29,0,6,7,0.0,357.673096170735
2019-01-30,0,6,7,0.0,356.0463314090781
2019-01-31,0,6,7,0.0,357.49740285895564
2019-02-01,0,6,7,0.0,360.7838143842175
2019-02-04,0,6,7,0.0,352.87350653081677
2019-02-05,0,6,7,0.0,351.40238567852157
2019-02-06,0,6,7,0.0,353.3153554960037
2019-02-07,0,6,7,0.0,360.4118934803588
2019-02-08,0,6,7,0.0,352.5386693401511
2019-02-11,0,6,7,0.0,344.8338060297324
2019-02-12,0,6,7,0.0,350.220912125179
2019-02-13,0,6,7,0.0,348.57909185321995
2019-02-14,0,6,7,0.0,352.6039263369784
2019-02-15,0,6,7,0.0,343.778728990224
2019-02-18,0,6,7,0.0,337.7679397780613
2019-02-19,0,6,7,0.0,337.83326474995243
2019-02-20,0,6,7,0.0,344.5367357563073
2019-02-21,0,6,7,0.0,358.01008101915016
2019-02-22,0,6,7,0.0,363.01810481162846
2019-02-25,0,6,7,0.0,364.42969991299634
2019-02-26,0,6,7,0.0,358.52679251349633
2019-02-27,0,6,7,0.0,359.8572792064068
2019-02-28,1,5,7,16.666666666666664,361.12970484414654
2019-03-01,1,5,7,16.666666666666664,373.2961549315586
2019-03-05,1,5,7,16.666666666666664,399.8645386160168
2019-03-06,1,5,7,16.666666666666664,406.4874664185502
2019-03-07,1,5,7,16.666666666666664,406.2338193895364
2019-03-08,1,5,7,16.666666666666664,405.43604423592006
2019-03-11,2,4,7,33.33333333333333,412.54460518404545
2019-03-12,2,4,7,33.33333333333333,416.9900977219814
2019-03-13,2,4,7,33.33333333333333,413.15023774101843
2019-03-14,2,4,7,33.33333333333333,411.9206869252764
2019-03-15,2,4,7,33.33333333333333,407.89896963641803
2019-03-18,2,4,7,33.33333333333333,407.0975606147904
2019-03-19,2,4,7,33.33333333333333,409.56578809672664
2019-03-20,2,4,7,33.33333333333333,414.67163385277166
2019-03-22,2,4,7,33.33333333333333,413.2494038907753
2019-03-25,2,4,7,33.33333333333333,406.3046119016505
2019-03-26,3,3,7,50.0,412.8997034278688
2019-03-27,3,3,7,50.0,415.86593453034067
2019-03-28,3,3,7,50.0,421.40925383355955
2019-03-29,3,3,7,50.0,431.1293760214072
2019-04-01,3,3,7,50.0,438.354123641471
2019-04-02,3,3,7,50.0,437.50327581373256
2019-04-03,3,3,7,50.0,437.84659737647615
2019-04-04,2,4,7,33.33333333333333,435.4882590105597
2019-04-05,2,4,7,33.33333333333333,441.2047583491339
2019-04-08,2,4,7,33.33333333333333,436.3832450233696
2019-04-09,3,3,7,50.0,432.65084253787353
2019-04-10,2,4,7,33.33333333333333,426.7820140388328
2019-04-11,2,4,7,33.33333333333333,425.47187042923804
2019-04-12,2,4,7,33.33333333333333,424.72118486869255
2019-04-15,2,4,7,33.33333333333333,423.9267136008662
2019-04-16,2,4,7,33.33333333333333,420.0174495957954
2019-04-18,2,4,7,33.33333333333333,412.6158741290496
2019-04-22,2,4,7,33.33333333333333,399.3065792548302
2019-04-23,2,4,7,33.33333333333333,399.0774027193128
2019-04-24,2,4,7,33.33333333333333,400.75825819876655
2019-04-25,2,4,7,33.33333333333333,401.0838232042059
2019-04-26,2,4,7,33.33333333333333,401.65109480702324
2019-04-30,2,4,7,33.33333333333333,390.3926205404624
2019-05-02,2,4,7,33.33333333333333,391.79629962180564
2019-05-03,2,4,7,33.33333333333333,396.3996049312249
2019-05-06,2,4,7,33.33333333333333,394.4272691866933
2019-05-07,1,5,7,16.666666666666664,393.15715172022806
2019-05-08,1,5,7,16.666666666666664,390.689297282295
2019-05-09,1,5,7,16.666666666666664,390.1471684860377
2019-05-10,1,5,7,16.666666666666664,397.8351068625093
2019-05-13,1,5,7,16.666666666666664,385.29880202418167
2019-05-14,2,4,7,33.33333333333333,397.14058825753546
2019-05-15,1,5,7,16.666666666666664,393.4398585674008
2019-05-16,2,4,7,33.33333333333333,400.3117957677738
2019-05-17,3,4,7,42.857142857142854,401.7594599810497
2019-05-20,4,3,7,57.14285714285714,432.04358058040435
2019-05-21,3,4,7,42.857142857142854,426.9994996780352
2019-05-22,3,4,7,42.857142857142854,424.95948134911725
2019-05-23,3,4,7,42.857142857142854,426.12941368821106
2019-05-24,3,4,7,42.857142857142854,437.71257999546805
2019-05-27,3,4,7,42.857142857142854,439.71956098695637
2019-05-28,4,3,7,57.14285714285714,438.3206222249903
2019-05-29,4,3,7,57.14285714285714,435.7487557807146
2019-05-30,3,4,7,42.857142857142854,433.4814675601809
2019-05-31,3,4,7,42.857142857142854,432.2763850657579
2019-06-03,3,4,7,42.857142857142854,433.2496966784892
2019-06-04,3,4,7,42.857142857142854,435.8762394814006
2019-06-06,3,4,7,42.857142857142854,420.2134463260195
2019-06-07,3,4,7,42.857142857142854,420.0296127070426
2019-06-10,3,4,7,42.857142857142854,418.37222268005326
2019-06-11,3,4,7,42.857142857142854,412.89903068390714
2019-06-12,3,4,7,42.857142857142854,407.51317740875425
2019-06-13,3,4,7,42.857142857142854,413.9558818101998
2019-06-14,3,4,7,42.857142857142854,409.22263841952986
2019-06-17,3,4,7,42.857142857142854,400.8932781634055
2019-06-18,3,4,7,42.857142857142854,403.7501298404807
2019-06-19,3,4,7,42.857142857142854,393.9632138861125
2019-06-20,3,4,7,42.857142857142854,406.72307136672055
2019-06-21,3,4,7,42.857142857142854,405.5078156540686
2019-06-24,3,4,7,42.857142857142854,404.92960362576804
2019-06-25,3,4,7,42.857142857142854,406.9836806129074
2019-06-26,3,4,7,42.857142857142854,407.3466227595055
2019-06-27,3,4,7,42.857142857142854,410.05344973917397
2019-06-28,3,4,7,42.857142857142854,410.3284785824827
2019-07-01,3,4,7,42.857142857142854,413.0141277238523
2019-07-02,3,4,7,42.857142857142854,415.53260875090734
2019-07-03,3,4,7,42.857142857142854,421.49851933640514
2019-07-04,3,4,7,42.857142857142854,423.1918203172915
2019-07-05,3,4,7,42.857142857142854,422.00032101994776
2019-07-08,3,4,7,42.857142857142854,415.3745338498649
2019-07-09,3,4,7,42.857142857142854,419.59735566265624
2019-07-10,3,4,7,42.857142857142854,412.3430438259619
2019-07-11,3,4,7,42.857142857142854,415.7164835552794
2019-07-12,3,4,7,42.857142857142854,413.8893997235551
2019-07-15,3,4,7,42.857142857142854,409.41526862609106
2019-07-16,3,4,7,42.857142857142854,411.6092785463312
2019-07-17,3,4,7,42.857142857142854,414.02403679087
2019-07-18,3,4,7,42.857142857142854,410.09948921403634
2019-07-19,3,4,7,42.857142857142854,402.8247927427758
2019-07-22,3,4,7,42.857142857142854,394.4857335373231
2019-07-23,3,4,7,42.857142857142854,398.1573955159698
2019-07-24,3,4,7,42.857142857142854,389.754653367873
2019-07-25,3,4,7,42.857142857142854,388.6305909761763
2019-07-26,3,4,7,42.857142857142854,391.84102237111847
2019-07-29,3,4,7,42.857142857142854,383.32664647139177
2019-07-30,3,4,7,42.857142857142854,378.26424294064964
2019-07-31,3,4,7,42.857142857142854,383.17185573413
2019-08-01,3,4,7,42.857142857142854,376.8406883196082
2019-08-02,3,4,7,42.857142857142854,373.8169660079081
2019-08-05,3,4,7,42.857142857142854,367.4962271884646
2019-08-06,2,5,7,28.57142857142857,372.8125427020385
2019-08-07,3,4,7,42.857142857142854,366.04581982937486
2019-08-08,2,5,7,28.57142857142857,367.17098881704464
2019-08-09,3,4,7,42.857142857142854,378.57982499935093
2019-08-13,2,5,7,28.57142857142857,379.3369522809438
2019-08-14,2,5,7,28.57142857142857,379.68503285485684
2019-08-16,2,5,7,28.57142857142857,382.9379421720892
2019-08-19,2,5,7,28.57142857142857,386.010886020691
2019-08-20,2,5,7,28.57142857142857,376.183434517579
2019-08-21,2,5,7,28.57142857142857,367.05110644644026
2019-08-22,2,5,7,28.57142857142857,351.58666606861726
2019-08-23,2,5,7,28.57142857142857,352.2114835925761
2019-08-26,2,5,7,28.57142857142857,362.2810272328732
2019-08-27,2,5,7,28.57142857142857,374.0614341802554
2019-08-28,2,5,7,28.57142857142857,369.99679356062825
2019-08-29,2,5,7,28.57142857142857,364.4339129271172
2019-08-30,2,5,7,28.57142857142857,367.27903365836767
2019-09-03,2,5,7,28.57142857142857,360.60103933878355
2019-09-04,2,5,7,28.57142857142857,363.5843126695553
2019-09-05,2,5,7,28.57142857142857,360.16243918479796
2019-09-06,2,5,7,28.57142857142857,360.4842117970024
2019-09-09,2,5,7,28.57142857142857,361.67154424661254
2019-09-11,2,5,7,28.57142857142857,363.3897499607547
2019-09-12,2,5,7,28.57142857142857,369.51439790061073
2019-09-13,2,5,7,28.57142857142857,365.4625948389065
2019-09-16,2,5,7,28.57142857142857,367.9672836518721
2019-09-17,2,5,7,28.57142857142857,359.3959780092217
2019-09-18,2,5,7,28.57142857142857,354.6434847408869
2019-09-19,2,5,7,28.57142857142857,345.6804413142453
2019-09-20,2,5,7,28.57142857142857,367.32925781588335
2019-09-23,2,5,7,28.57142857142857,374.6186761021398
2019-09-24,2,5,7,28.57142857142857,372.64860208909977
2019-09-25,2,5,7,28.57142857142857,366.1983001038679
2019-09-26,2,5,7,28.57142857142857,364.87377077771225
2019-09-27,2,5,7,28.57142857142857,357.15587147681697
2019-10-01,2,5,7,28.57142857142857,357.15587147681697
2019-10-03,2,5,7,28.57142857142857,356.53323498106903
2019-10-04,2,5,7,28.57142857142857,351.90716383922984
2019-10-07,2,5,7,28.57142857142857,342.7367686192171
2019-10-09,2,5,7,28.57142857142857,347.70548698994196
2019-10-10,2,5,7,28.57142857142857,334.6083682493387
2019-10-11,2,5,7,28.57142857142857,335.25150476078613
2019-10-14,2,5,7,28.57142857142857,327.51827690003006
2019-10-15,2,5,7,28.57142857142857,323.950057865474
2019-10-16,2,5,7,28.57142857142857,316.1088616025452
2019-10-17,2,5,7,28.57142857142857,327.52609010764166
2019-10-18,2,5,7,28.57142857142857,347.5869074641676
2019-10-22,2,5,7,28.57142857142857,340.7878337518766
2019-10-23,2,5,7,28.57142857142857,335.23515957746844
2019-10-24,2,5,7,28.57142857142857,330.81318281934404
2019-10-25,2,5,7,28.57142857142857,333.02903212666996
2019-10-27,2,5,7,28.57142857142857,339.5271020305755
2019-10-29,2,5,7,28.57142857142857,349.0860066995063
2019-10-30,2,5,7,28.57142857142857,349.9919903042292
2019-10-31,3,4,7,42.857142857142854,357.24795113437204
2019-11-01,3,4,7,42.857142857142854,364.69888928117604
2019-11-04,3,4,7,42.857142857142854,367.27929428544394
2019-11-05,3,4,7,42.857142857142854,364.4277239381504
2019-11-06,3,4,7,42.857142857142854,364.70591019658946
2019-11-07,3,4,7,42.857142857142854,376.78120221084674
2019-11-08,3,4,7,42.857142857142854,373.62645059816884
2019-11-11,3,4,7,42.857142857142854,371.4587303369094
2019-11-13,3,4,7,42.857142857142854,359.44598802028503
2019-11-14,3,4,7,42.857142857142854,360.54538655880333
2019-11-15,3,4,7,42.857142857142854,359.3929369814499
2019-11-18,3,4,7,42.857142857142854,359.6911196715356
2019-11-19,3,4,7,42.857142857142854,368.1121145661774
2019-11-20,3,4,7,42.857142857142854,368.75231365780536
2019-11-21,3,4,7,42.857142857142854,371.10125169573536
2019-11-22,3,4,7,42.857142857142854,373.4607063186852
2019-11-25,3,4,7,42.857142857142854,382.0329322620169
2019-11-26,3,4,7,42.857142857142854,381.7862423116803
2019-11-27,3,4,7,42.857142857142854,383.55544313621675
2019-11-28,3,4,7,42.857142857142854,402.6101531797898
2019-11-29,3,4,7,42.857142857142854,393.5648839893033
2019-12-02,3,4,7,42.857142857142854,391.30170299482955
2019-12-03,3,4,7,42.857142857142854,385.3442864628816
2019-12-04,3,4,7,42.857142857142854,388.43719051717216
2019-12-05,2,5,7,28.57142857142857,385.4706101080895
2019-12-06,2,5,7,28.57142857142857,373.1125588079206
2019-12-09,2,5,7,28.57142857142857,366.3773554204312
2019-12-10,2,5,7,28.57142857142857,366.6648354507719
2019-12-11,2,5,7,28.57142857142857,371.3353897019265
2019-12-12,2,5,7,28.57142857142857,377.53461647219456
2019-12-13,2,5,7,28.57142857142857,385.08826869658736
2019-12-16,2,5,7,28.57142857142857,387.26274996261776
2019-12-17,2,5,7,28.57142857142857,388.7249496752637
2019-12-18,2,5,7,28.57142857142857,386.00456882748375
2019-12-19,2,5,7,28.57142857142857,379.985667040694
2019-12-20,2,5,7,28.57142857142857,379.35508502154374
2019-12-23,2,5,7,28.57142857142857,378.9664606486025
2019-12-24,2,5,7,28.57142857142857,378.6088805164469
2019-12-26,2,5,7,28.57142857142857,376.42047956335557
2019-12-27,2,5,7,28.57142857142857,378.8806045652251
2019-12-30,2,5,7,28.57142857142857,382.3672116425853
2019-12-31,2,5,7,28.57142857142857,385.0755153139097
2020-01-01,2,5,7,28.57142857142857,388.51836074046247
2020-01-02,3,4,7,42.857142857142854,404.50775740205074
2020-01-03,2,5,7,28.57142857142857,404.7622881065374
2020-01-06,2,5,7,28.57142857142857,386.85200448389185
2020-01-07,2,5,7,28.57142857142857,390.75401361904824
2020-01-08,2,5,7,28.57142857142857,389.02934357815155
2020-01-09,2,5,7,28.57142857142857,397.8941520412679
2020-01-10,3,4,7,42.857142857142854,399.05171812774915
2020-01-13,3,4,7,42.857142857142854,401.45752605008613
2020-01-14,3,4,7,42.857142857142854,399.02968570906194
2020-01-15,3,4,7,42.857142857142854,401.8100880055825
2020-01-16,4,3,7,57.14285714285714,409.57973611296234
2020-01-17,3,4,7,42.857142857142854,408.212676964805
2020-01-20,3,4,7,42.857142857142854,406.1304338727643
2020-01-21,5,2,7,71.42857142857143,427.6520176180393
2020-01-22,4,3,7,57.14285714285714,423.1249440202659
2020-01-23,4,3,7,57.14285714285714,429.0702503857519
2020-01-24,3,4,7,42.857142857142854,420.9247856219861
2020-01-27,3,4,7,42.857142857142854,416.63468793979746
2020-01-28,3,4,7,42.857142857142854,415.47940198039316
2020-01-29,3,4,7,42.857142857142854,418.7902798370675
2020-01-30,3,4,7,42.857142857142854,410.87048746595906
2020-01-31,3,4,7,42.857142857142854,409.709018296116
2020-02-01,3,4,7,42.857142857142854,388.8847369271814
2020-02-03,3,4,7,42.857142857142854,387.18184249479776
2020-02-04,2,5,7,28.57142857142857,389.4947120898482
2020-02-05,2,5,7,28.57142857142857,391.77230678404635
2020-02-06,4,3,7,57.14285714285714,413.01754319070983
2020-02-07,4,3,7,57.14285714285714,408.6038837886373
2020-02-10,2,5,7,28.57142857142857,399.14672593097976
2020-02-11,2,5,7,28.57142857142857,406.9262373376173
2020-02-12,2,5,7,28.57142857142857,402.9648584428868
2020-02-13,2,5,7,28.57142857142857,396.21324494352115
2020-02-14,2,5,7,28.57142857142857,393.7022842929814
2020-02-17,2,5,7,28.57142857142857,383.2646513919806
2020-02-18,2,5,7,28.57142857142857,378.65840990314246
2020-02-19,2,5,7,28.57142857142857,383.44302753762554
2020-02-20,2,5,7,28.57142857142857,390.18295663590345
2020-02-24,2,5,7,28.57142857142857,379.9978312836228
2020-02-25,2,5,7,28.57142857142857,375.6066404305261
2020-02-26,2,5,7,28.57142857142857,374.4605671618783
2020-02-27,2,5,7,28.57142857142857,369.83118424291257
2020-02-28,2,5,7,28.57142857142857,351.82069356915866
2020-03-02,2,5,7,28.57142857142857,350.28083966091793
2020-03-03,2,5,7,28.57142857142857,352.1683976288494
2020-03-04,2,5,7,28.57142857142857,345.41832649079447
2020-03-05,2,5,7,28.57142857142857,348.0610984061386
2020-03-06,2,5,7,28.57142857142857,329.7477058116424
2020-03-09,2,5,7,28.57142857142857,303.00668052552845
2020-03-11,2,5,7,28.57142857142857,299.3786233407533
2020-03-12,1,6,7,14.285714285714285,264.8745107484439
2020-03-13,1,6,7,14.285714285714285,269.5715760311609
2020-03-16,1,6,7,14.285714285714285,258.0189881792945
2020-03-17,0,7,7,0.0,254.69729058877064
2020-03-18,0,7,7,0.0,233.31223178005823
2020-03-19,0,7,7,0.0,208.07925008452887
2020-03-20,0,7,7,0.0,207.50301029872702
2020-03-23,0,7,7,0.0,185.06539245854987
2020-03-24,0,7,7,0.0,176.21729071584394
2020-03-25,0,7,7,0.0,176.64827897184384
2020-03-26,0,7,7,0.0,186.72897287828903
2020-03-27,0,7,7,0.0,190.19817887798337
2020-03-30,0,7,7,0.0,186.40286893260802
2020-03-31,0,7,7,0.0,191.1419242313488
2020-04-01,0,7,7,0.0,190.13495804483483
2020-04-03,0,7,7,0.0,183.2655236955859
2020-04-07,0,7,7,0.0,188.53520581089228
2020-04-08,0,7,7,0.0,188.82827271167514
2020-04-09,0,7,7,0.0,197.2946894494967
2020-04-13,0,7,7,0.0,193.00905417584005
2020-04-15,0,7,7,0.0,195.23726406661467
2020-04-16,0,7,7,0.0,204.70440493514178
2020-04-17,0,7,7,0.0,219.57905210708284
2020-04-20,0,7,7,0.0,224.02076720842183
2020-04-21,0,7,7,0.0,215.65369118996753
2020-04-22,0,7,7,0.0,212.2219708102656
2020-04-23,0,7,7,0.0,218.71360723718882
2020-04-24,0,7,7,0.0,208.72323411967503
2020-04-27,0,7,7,0.0,208.03369659996136
2020-04-28,0,7,7,0.0,213.26055925312963
2020-04-29,0,7,7,0.0,222.24388392264208
2020-04-30,0,7,7,0.0,227.7647216761316
2020-05-04,0,7,7,0.0,213.0924753334169
2020-05-05,0,7,7,0.0,207.15188300664576
2020-05-06,0,7,7,0.0,209.25123281899553
2020-05-07,0,7,7,0.0,211.83830088250028
2020-05-08,0,7,7,0.0,209.0863712055168
2020-05-11,0,7,7,0.0,207.57694025138255
2020-05-12,0,7,7,0.0,203.16637152578153
2020-05-13,0,7,7,0.0,213.67918649639228
2020-05-14,0,7,7,0.0,209.44449593154215
2020-05-15,0,7,7,0.0,208.30724046129808
2020-05-18,0,7,7,0.0,196.23853422287982
2020-05-19,0,7,7,0.0,197.50709823299556
2020-05-20,0,7,7,0.0,200.53805531586312
2020-05-21,0,7,7,0.0,199.82360410539837
2020-05-22,0,7,7,0.0,195.18688837624595
2020-05-26,0,7,7,0.0,191.7321847405048
2020-05-27,0,7,7,0.0,195.45316605184559
2020-05-28,0,7,7,0.0,197.8938520003092
2020-05-29,0,7,7,0.0,196.37180320346297
2020-06-01,0,7,7,0.0,204.77342756219906
2020-06-02,0,7,7,0.0,209.15966848871741
2020-06-03,0,7,7,0.0,212.42171852045368
2020-06-04,0,7,7,0.0,211.32511239983845
2020-06-05,0,7,7,0.0,218.28248291476467
2020-06-08,0,7,7,0.0,228.96148755318376
2020-06-09,0,7,7,0.0,226.65139628100377
2020-06-10,0,7,7,0.0,230.6109627776157
2020-06-11,0,7,7,0.0,227.59212279249655
2020-06-12,0,7,7,0.0,230.46683057390032
2020-06-15,0,7,7,0.0,228.90733480111686
2020-06-16,0,7,7,0.0,232.01726560519472
2020-06-17,0,7,7,0.0,237.334732620175
2020-06-18,0,7,7,0.0,241.6420718015009
2020-06-19,0,7,7,0.0,259.4611243710514
2020-06-22,1,6,7,14.285714285714285,269.33116546246424
2020-06-23,1,6,7,14.285714285714285,268.5841521186273
2020-06-24,0,7,7,0.0,259.3128494925489
2020-06-25,0,7,7,0.0,267.164011973921
2020-06-26,0,7,7,0.0,267.83696580527356
2020-06-29,1,6,7,14.285714285714285,269.029088691097
2020-06-30,1,6,7,14.285714285714285,264.61360640388835
2020-07-01,1,6,7,14.285714285714285,269.85245998034725
2020-07-02,1,6,7,14.285714285714285,271.85676298905236
2020-07-03,2,5,7,28.57142857142857,272.0485273752803
2020-07-06,2,5,7,28.57142857142857,276.1575122157467
2020-07-07,2,5,7,28.57142857142857,281.7386721506858
2020-07-08,2,5,7,28.57142857142857,278.83669000911715
2020-07-09,2,5,7,28.57142857142857,282.3549118363252
2020-07-10,2,5,7,28.57142857142857,277.8388516820083
2020-07-13,2,5,7,28.57142857142857,276.85611501280664
2020-07-14,1,6,7,14.285714285714285,266.06160083423094
2020-07-15,1,6,7,14.285714285714285,263.6389129872921
2020-07-16,1,6,7,14.285714285714285,264.60849724097824
2020-07-17,2,5,7,28.57142857142857,267.8231294418277
2020-07-20,2,5,7,28.57142857142857,272.0266216007757
2020-07-21,2,5,7,28.57142857142857,272.4103299341715
2020-07-22,3,4,7,42.857142857142854,271.0802248124161
2020-07-23,3,4,7,42.857142857142854,277.07004849152145
2020-07-24,2,5,7,28.57142857142857,281.37217593211943
2020-07-27,2,5,7,28.57142857142857,277.45564723251925
2020-07-28,1,6,7,14.285714285714285,279.07304459361785
2020-07-29,1,6,7,14.285714285714285,280.61323502010174
2020-07-30,1,6,7,14.285714285714285,273.4047450985182
2020-07-31,1,6,7,14.285714285714285,272.0516142001605
2020-08-03,1,6,7,14.285714285714285,272.0346247860476
2020-08-04,2,5,7,28.57142857142857,272.68521088713726
2020-08-05,1,6,7,14.285714285714285,272.9737755779712
2020-08-06,1,6,7,14.285714285714285,274.13451911945316
2020-08-07,1,6,7,14.285714285714285,273.9915212604352
2020-08-10,2,5,7,28.57142857142857,282.38425566916294
2020-08-11,1,6,7,14.285714285714285,284.5370995600696
2020-08-12,2,5,7,28.57142857142857,283.5803678546363
2020-08-13,1,6,7,14.285714285714285,282.23123308598576
2020-08-14,1,6,7,14.285714285714285,280.5398475782676
2020-08-17,1,6,7,14.285714285714285,280.5500908040239
2020-08-18,1,6,7,14.285714285714285,286.41578498295274
2020-08-19,1,6,7,14.285714285714285,292.0734049317941
2020-08-20,1,6,7,14.285714285714285,294.4602265314237
2020-08-21,1,6,7,14.285714285714285,296.65753016196624
2020-08-24,2,5,7,28.57142857142857,298.29490788312125
2020-08-25,2,5,7,28.57142857142857,308.9842589794205
2020-08-26,4,3,7,57.14285714285714,316.4836516349243
2020-08-27,3,4,7,42.857142857142854,320.25639543712987
2020-08-28,3,4,7,42.857142857142854,325.69152639055073
2020-08-31,1,6,7,14.285714285714285,307.1896943344472
2020-09-01,2,5,7,28.57142857142857,307.67888636196557
2020-09-02,2,5,7,28.57142857142857,307.3837198631117
2020-09-03,2,5,7,28.57142857142857,308.4202179072651
2020-09-04,2,5,7,28.57142857142857,306.19164762333037
2020-09-07,1,6,7,14.285714285714285,310.04285458389853
2020-09-08,2,5,7,28.57142857142857,313.73031174381583
2020-09-09,2,5,7,28.57142857142857,308.45266938246584
2020-09-10,3,4,7,42.857142857142854,311.58556301851513
2020-09-11,3,4,7,42.857142857142854,312.4623990914445
2020-09-14,3,4,7,42.857142857142854,320.1154284775353
2020-09-15,3,4,7,42.857142857142854,319.644463811959
2020-09-16,3,4,7,42.857142857142854,322.4162373077112
2020-09-17,3,4,7,42.857142857142854,318.56750260230007
2020-09-18,3,4,7,42.857142857142854,312.6312252380931
2020-09-21,3,4,7,42.857142857142854,296.1620962117606
2020-09-22,3,4,7,42.857142857142854,294.5620762580994
2020-09-23,3,4,7,42.857142857142854,297.5582636432792
2020-09-24,3,4,7,42.857142857142854,284.8553017380722
2020-09-25,3,4,7,42.857142857142854,295.62868887163114
2020-09-28,3,4,7,42.857142857142854,304.5464942183034
2020-09-29,3,4,7,42.857142857142854,303.3622579569947
2020-09-30,3,4,7,42.857142857142854,304.2933140728927
2020-10-01,3,4,7,42.857142857142854,304.39316324324926
2020-10-05,3,4,7,42.857142857142854,305.7313527736572
2020-10-06,3,4,7,42.857142857142854,312.7082533283546
2020-10-07,3,4,7,42.857142857142854,309.9474223365741
2020-10-08,4,3,7,57.14285714285714,317.65285605067976
2020-10-09,5,2,7,71.42857142857143,331.4569549713573
2020-10-12,6,1,7,85.71428571428571,331.09518237910925
2020-10-13,5,2,7,71.42857142857143,322.2552425677605
2020-10-14,4,3,7,57.14285714285714,323.788934989122
2020-10-15,4,3,7,57.14285714285714,314.2825072984432
2020-10-16,5,2,7,71.42857142857143,318.19450885075105
2020-10-19,5,2,7,71.42857142857143,320.8390388334182
2020-10-20,5,2,7,71.42857142857143,322.73034018070666
2020-10-21,6,1,7,85.71428571428571,324.07844983869944
2020-10-22,6,1,7,85.71428571428571,325.9362141072136
2020-10-23,6,1,7,85.71428571428571,327.07861929116245
2020-10-26,6,1,7,85.71428571428571,321.75734103067424
2020-10-27,6,1,7,85.71428571428571,322.0492326399705
2020-10-28,6,1,7,85.71428571428571,318.32182147488913
2020-10-29,5,2,7,71.42857142857143,315.4382777033282
2020-10-30,4,3,7,57.14285714285714,313.2096381858075
2020-11-02,5,2,7,71.42857142857143,316.68713666412896
2020-11-03,6,1,7,85.71428571428571,320.61829412123456
2020-11-04,6,1,7,85.71428571428571,318.28925690713504
2020-11-05,6,1,7,85.71428571428571,322.00004570805004
2020-11-06,6,1,7,85.71428571428571,325.55919690892847
2020-11-09,6,1,7,85.71428571428571,329.7043798394309
2020-11-10,6,1,7,85.71428571428571,340.2445381684166
2020-11-11,6,1,7,85.71428571428571,339.36077842343894
2020-11-12,6,1,7,85.71428571428571,343.6499473887932
2020-11-13,6,1,7,85.71428571428571,348.3497818917564
2020-11-14,7,0,7,100.0,353.80262695839946
2020-11-17,6,1,7,85.71428571428571,354.6599465284274
2020-11-18,7,0,7,100.0,354.7044450977305
2020-11-19,6,1,7,85.71428571428571,349.1916278899854
2020-11-20,6,1,7,85.71428571428571,349.19742902609363
2020-11-23,6,1,7,85.71428571428571,354.924014139823
2020-11-24,7,0,7,100.0,359.66187227523966
2020-11-25,7,0,7,100.0,357.6239289992561
2020-11-26,7,0,7,100.0,359.1149772014667
2020-11-27,7,0,7,100.0,362.7445560916434
2020-12-01,7,0,7,100.0,373.3536937109091
2020-12-02,7,0,7,100.0,374.3376272459603
2020-12-03,7,0,7,100.0,380.00800196472653
2020-12-04,7,0,7,100.0,378.0883112014433
2020-12-07,7,0,7,100.0,382.77827568664844
2020-12-08,7,0,7,100.0,383.93149619717946
2020-12-09,7,0,7,100.0,383.30807123996027
2020-12-10,7,0,7,100.0,375.06643503581375
2020-12-11,7,0,7,100.0,381.1462299260322
2020-12-14,7,0,7,100.0,382.0881863651427
2020-12-15,7,0,7,100.0,380.7925010851063
2020-12-16,7,0,7,100.0,386.2808144982953
2020-12-17,7,0,7,100.0,390.63156280233966
2020-12-18,7,0,7,100.0,386.62555306176966
2020-12-21,7,0,7,100.0,362.4472544749189
2020-12-22,7,0,7,100.0,360.97358284291175
2020-12-23,7,0,7,100.0,376.6720995334865
2020-12-24,7,0,7,100.0,379.0753605686899
2020-12-28,7,0,7,100.0,385.68272419490665
2020-12-29,7,0,7,100.0,384.98775161598684
2020-12-30,7,0,7,100.0,383.0595618247851
2020-12-31,7,0,7,100.0,385.58209432831507
2021-01-01,7,0,7,100.0,393.3014559553786
2021-01-04,7,0,7,100.0,399.37939295191995
2021-01-05,7,0,7,100.0,406.56423967990366
2021-01-06,7,0,7,100.0,404.6726609745889
2021-01-07,7,0,7,100.0,417.884713551373
2021-01-08,7,0,7,100.0,422.5435327624826
2021-01-11,7,0,7,100.0,419.1270636141068
2021-01-12,7,0,7,100.0,423.3193869870318
2021-01-13,7,0,7,100.0,429.79177140361946
2021-01-14,7,0,7,100.0,423.41236947785825
2021-01-15,7,0,7,100.0,419.18875637853967
2021-01-18,7,0,7,100.0,407.0031920161611
2021-01-19,7,0,7,100.0,418.91039314916105
2021-01-20,7,0,7,100.0,422.99225426528
2021-01-21,7,0,7,100.0,419.194644675093
2021-01-22,7,0,7,100.0,408.4910697699298
2021-01-25,7,0,7,100.0,397.09677638683127
2021-01-27,7,0,7,100.0,393.1511468938384
2021-01-28,7,0,7,100.0,388.23520804532757
2021-01-29,7,0,7,100.0,387.9434650809735
2021-02-01,7,0,7,100.0,403.8134134515455
2021-02-02,7,0,7,100.0,412.3975186670312
2021-02-03,7,0,8,100.0,415.33582560489367
2021-02-04,7,0,8,100.0,424.99625971900974
2021-02-05,7,0,8,100.0,418.1550834991967
2021-02-08,7,0,8,100.0,422.63904856954724
2021-02-09,7,0,8,100.0,425.36659483361393
2021-02-10,7,0,8,100.0,431.7085631683222
2021-02-11,7,0,8,100.0,434.6040645024683
2021-02-12,7,0,8,100.0,438.24626954952
2021-02-15,7,0,8,100.0,434.50403845283915
2021-02-16,7,0,8,100.0,440.0332646554465
2021-02-17,7,0,8,100.0,450.19089264189773
2021-02-18,7,0,8,100.0,472.7004449964445
2021-02-19,7,0,8,100.0,466.7891875949399
2021-02-22,7,0,8,100.0,449.4349393235516
2021-02-23,7,0,8,100.0,449.05839954204174
2021-02-24,7,0,8,100.0,457.1493725329631
2021-02-25,7,0,8,100.0,467.56972463867214
2021-02-26,7,0,8,100.0,456.5721467270091
2021-03-01,7,0,8,100.0,461.8661670441123
2021-03-02,7,0,8,100.0,463.2311447602034
2021-03-03,7,0,8,100.0,471.13797898371354
2021-03-04,7,0,8,100.0,474.87907417746464
2021-03-05,7,0,8,100.0,464.83049873588874
2021-03-08,7,0,8,100.0,461.8117866795455
2021-03-09,7,0,8,100.0,460.44334789827855
2021-03-10,7,0,8,100.0,469.23626521719603
2021-03-12,7,0,8,100.0,469.9728539536717
2021-03-15,7,0,8,100.0,460.9417882732733
2021-03-16,7,0,8,100.0,459.4971424501684
2021-03-17,7,0,8,100.0,445.36602571051384
2021-03-18,7,0,8,100.0,440.4188904503636
2021-03-19,7,0,8,100.0,444.2251620990509
2021-03-22,7,0,8,100.0,452.5031645874653
2021-03-23,7,0,8,100.0,453.5019371214588
2021-03-24,7,0,8,100.0,444.4049270525748
2021-03-25,6,1,8,85.71428571428571,437.2418173600787
2021-03-26,6,1,8,85.71428571428571,439.6755654127893
2021-03-30,6,1,8,85.71428571428571,443.78201373201523
2021-03-31,6,1,8,85.71428571428571,446.4897633047198
2021-04-01,7,0,8,100.0,455.1402275721633
2021-04-05,6,1,8,85.71428571428571,438.0741336659818
2021-04-06,6,1,8,85.71428571428571,439.7188065296343
2021-04-07,6,1,8,85.71428571428571,441.9048865210031
2021-04-08,6,1,8,85.71428571428571,447.19195724399583
2021-04-09,6,1,8,85.71428571428571,441.98876340435856
2021-04-12,6,1,8,85.71428571428571,402.64928922208094
2021-04-13,6,1,8,85.71428571428571,412.6756972455847
2021-04-15,6,1,8,85.71428571428571,409.52598734108267
2021-04-16,6,1,8,85.71428571428571,417.68453695763696
2021-04-19,6,1,8,85.71428571428571,405.63918671526017
2021-04-20,6,1,8,85.71428571428571,411.03950947196586
2021-04-22,6,1,8,85.71428571428571,414.3923074769841
2021-04-23,6,1,8,85.71428571428571,418.7264456560447
2021-04-26,6,1,8,85.71428571428571,426.2671132381703
2021-04-27,6,1,8,85.71428571428571,431.59226283624497
2021-04-28,6,1,8,85.71428571428571,438.52185954089043
2021-04-29,6,1,8,85.71428571428571,435.472120154992
2021-04-30,6,1,8,85.71428571428571,435.6452616522734
2021-05-03,6,1,8,85.71428571428571,431.894993712322
2021-05-04,6,1,8,85.71428571428571,432.29181740788556
2021-05-05,6,1,8,85.71428571428571,437.0592525272797
2021-05-06,6,1,8,85.71428571428571,431.2076849265531
2021-05-07,6,1,8,85.71428571428571,433.8708555144989
2021-05-10,6,1,8,85.71428571428571,439.5430690936406
2021-05-11,6,1,8,85.71428571428571,442.3575080303678
2021-05-12,6,1,8,85.71428571428571,443.5805114120304
2021-05-14,6,1,8,85.71428571428571,440.0588562440812
2021-05-17,6,1,8,85.71428571428571,444.94586434986337
2021-05-18,6,1,8,85.71428571428571,452.0272680597909
2021-05-19,7,0,8,100.0,451.4966322110367
2021-05-20,7,0,8,100.0,456.0105334371959
2021-05-21,7,0,8,100.0,463.02952600521195
2021-05-24,7,0,8,100.0,472.64268196570754
2021-05-25,7,0,8,100.0,466.1527162351531
2021-05-26,7,0,8,100.0,473.52794379075647
2021-05-27,7,0,8,100.0,477.2250289121273
2021-05-28,7,0,8,100.0,474.21742076696864
2021-05-31,7,0,8,100.0,497.095592462018
2021-06-01,7,0,8,100.0,510.05730239865017
2021-06-02,7,0,8,100.0,523.2152930901713
2021-06-03,7,0,8,100.0,531.46357734386
2021-06-04,7,0,8,100.0,558.113738052883
2021-06-07,7,0,8,100.0,555.0920918196679
2021-06-08,7,0,8,100.0,551.7562006809663
2021-06-09,7,0,8,100.0,543.7838419226878
2021-06-10,7,0,8,100.0,561.351939081416
2021-06-11,7,0,8,100.0,566.1125597356792
2021-06-14,7,0,8,100.0,569.2899475816243
2021-06-15,7,0,8,100.0,564.6303736190961
2021-06-16,7,0,8,100.0,553.7116835302995
2021-06-17,7,0,8,100.0,549.7679588375064
2021-06-18,7,0,8,100.0,540.2777540696881
2021-06-21,7,0,8,100.0,536.916791898494
2021-06-22,7,0,8,100.0,548.330903404297
2021-06-23,7,0,8,100.0,537.6026064629837
2021-06-24,7,0,8,100.0,532.7686436714827
2021-06-25,7,0,8,100.0,539.9324282392483
2021-06-28,7,0,8,100.0,545.2754362944032
2021-06-29,7,0,8,100.0,543.0056581577237
2021-06-30,7,0,8,100.0,541.5352937545673
2021-07-01,7,0,8,100.0,540.8410740486961
2021-07-02,7,0,8,100.0,536.854154193796
2021-07-05,7,0,8,100.0,542.6058856129603
2021-07-06,7,0,8,100.0,541.5910905566841
2021-07-07,7,0,8,100.0,545.893436541768
2021-07-08,7,0,8,100.0,550.2602022241812
2021-07-09,7,0,8,100.0,556.8327646860115
2021-07-12,7,0,8,100.0,559.4245320835716
2021-07-13,7,0,8,100.0,564.321853477458
2021-07-14,7,0,8,100.0,564.8872402224339
2021-07-15,7,0,8,100.0,562.0343794079103
2021-07-16,7,0,8,100.0,560.5827157816234
2021-07-19,7,0,8,100.0,550.887899692956
2021-07-20,7,0,8,100.0,538.102214215394
2021-07-22,7,0,8,100.0,545.2974276543208
2021-07-23,7,0,8,100.0,542.5413114959946
2021-07-26,7,0,8,100.0,539.6030634439092
2021-07-27,7,0,8,100.0,530.3231592045398
2021-07-28,7,0,8,100.0,526.8101115865385
2021-07-29,7,0,8,100.0,526.5671422635081
2021-07-30,7,0,8,100.0,524.1257738318595
2021-08-02,6,1,8,85.71428571428571,527.0530218774101
2021-08-03,6,1,8,85.71428571428571,525.8395460183303
2021-08-04,6,1,8,85.71428571428571,528.1009880527347
2021-08-05,6,1,8,85.71428571428571,527.878390051392
2021-08-06,6,1,8,85.71428571428571,524.7413813021784
2021-08-09,6,1,8,85.71428571428571,519.9903540952766
2021-08-10,5,2,8,71.42857142857143,509.1438584188147
2021-08-11,5,2,8,71.42857142857143,506.1922083579421
2021-08-12,6,1,8,85.71428571428571,514.055523726295
2021-08-13,6,1,8,85.71428571428571,511.08655883796865
2021-08-16,5,2,8,71.42857142857143,505.7204597588968
2021-08-17,4,3,8,57.14285714285714,501.86409208896305
2021-08-18,5,2,8,71.42857142857143,497.847252644461
2021-08-20,4,3,8,57.14285714285714,482.80417351615466
2021-08-23,2,5,8,28.57142857142857,471.22959745892103
2021-08-24,3,4,9,42.857142857142854,477.6748678304672
2021-08-25,3,4,9,42.857142857142854,481.9066357619617
2021-08-26,3,4,9,42.857142857142854,480.2287374670636
2021-08-27,3,4,9,42.857142857142854,484.7378983703711
2021-08-30,4,3,9,57.14285714285714,496.88094562401403
2021-08-31,4,3,9,57.14285714285714,498.2509289069199
2021-09-01,4,3,9,57.14285714285714,505.62165710224554
2021-09-02,4,3,9,57.14285714285714,504.3478241519991
2021-09-03,4,3,9,57.14285714285714,502.44981734269487
2021-09-06,4,3,9,57.14285714285714,503.00096574005136
2021-09-07,5,2,9,71.42857142857143,506.184664477781
2021-09-08,4,3,9,57.14285714285714,508.5772628371549
2021-09-09,4,3,9,57.14285714285714,505.4964904130042
2021-09-13,5,3,9,62.5,507.8367018482789
2021-09-14,5,3,9,62.5,509.99475601703034
2021-09-15,5,3,9,62.5,511.8261119070768
2021-09-16,7,1,9,87.5,513.2946381360575
2021-09-17,7,1,9,87.5,512.3583468667629
2021-09-20,4,4,9,50.0,496.0212223791234
2021-09-21,4,4,9,50.0,498.1098682533125
2021-09-22,5,3,9,62.5,510.08574299089753
2021-09-23,8,0,9,100.0,529.3218962732416
2021-09-24,7,1,9,87.5,522.524213249386
2021-09-27,8,0,9,100.0,525.7894280553516
2021-09-28,7,1,9,87.5,519.871145602438
2021-09-29,8,0,9,100.0,520.391576318348
2021-09-30,7,1,9,87.5,517.514124987724
2021-10-01,7,1,9,87.5,515.3402289372419
2021-10-04,8,0,9,100.0,525.951238604182
2021-10-05,8,0,9,100.0,533.8140863295242
2021-10-06,7,1,9,87.5,523.6979889197635
2021-10-07,8,0,9,100.0,530.5542091614669
2021-10-08,8,0,9,100.0,532.6335277094216
2021-10-11,7,1,9,87.5,535.4928692868102
2021-10-12,8,0,9,100.0,542.1926577145895
2021-10-13,8,0,9,100.0,541.5609099731502
2021-10-14,8,0,9,100.0,541.0826196877217
2021-10-18,8,0,9,100.0,540.9116036668977
2021-10-19,7,1,9,87.5,532.4704266317127
2021-10-20,7,1,9,87.5,521.4020788570282
2021-10-21,6,2,9,75.0,521.6452705971881
2021-10-22,3,5,9,37.5,506.21528751322427
2021-10-25,3,5,9,37.5,503.31483756933534
2021-10-26,3,5,9,37.5,511.1267550444757
2021-10-27,3,5,9,37.5,508.2657277274652
2021-10-28,3,5,9,37.5,498.9868266028049
2021-10-29,3,5,9,37.5,499.3185033524613
2021-11-01,3,5,9,37.5,505.99248551497993
2021-11-02,3,5,9,37.5,517.2997109450729
2021-11-03,3,5,9,37.5,513.1178578070333
2021-11-04,4,4,9,50.0,516.9726702896934
2021-11-08,5,3,9,62.5,520.8286398022361
2021-11-09,5,3,9,62.5,523.4616108228664
2021-11-10,6,2,9,75.0,524.2222424342584
2021-11-11,6,2,9,75.0,518.422586651301
2021-11-12,5,3,9,62.5,520.4574443368377
2021-11-15,3,5,9,37.5,518.8317668119275
2021-11-16,3,5,9,37.5,514.9884901311576
2021-11-17,3,5,9,37.5,514.8775662987846
2021-11-18,3,5,9,37.5,509.99906044142244
2021-11-22,3,5,9,37.5,497.6234614082276
2021-11-23,3,5,9,37.5,507.52562399588743
2021-11-24,3,5,9,37.5,504.0641892376074
2021-11-25,3,5,9,37.5,514.0178392115321
2021-11-26,4,4,9,50.0,504.39035374186636
2021-11-29,4,4,9,50.0,504.7672592833774
2021-11-30,4,4,9,50.0,510.36669314420635
2021-12-01,5,3,9,62.5,521.6839561204348
2021-12-02,5,3,9,62.5,525.3315448642328
2021-12-03,5,3,9,62.5,523.4203444779664
2021-12-06,4,4,9,50.0,510.9806839040709
2021-12-07,4,4,9,50.0,517.6253254004885
2021-12-08,5,3,9,62.5,520.8763786465038
2021-12-09,5,3,9,62.5,529.1610179614454
2021-12-10,5,3,9,62.5,530.7844243476753
2021-12-13,5,3,9,62.5,529.9784242108304
2021-12-14,5,3,9,62.5,530.4218984185965
2021-12-15,4,4,9,50.0,526.7791931652182
2021-12-16,4,4,9,50.0,519.1563692497435
2021-12-17,3,5,9,37.5,501.26164796851083
2021-12-20,1,7,9,12.5,479.82244192052406
2021-12-21,2,6,9,25.0,486.4774715513791
2021-12-22,1,7,9,12.5,493.91026670193884
2021-12-23,1,7,9,12.5,493.6837313685108
2021-12-24,1,7,9,12.5,486.68555450861504
2021-12-27,1,7,9,12.5,486.9254804509553
2021-12-28,1,7,9,12.5,490.98252916480334
2021-12-29,2,6,9,25.0,488.5787695367969
2021-12-30,2,6,9,25.0,487.35205507503946
2021-12-31,2,6,9,25.0,491.2062761930735
2022-01-03,3,5,9,37.5,498.69396640448446
2022-01-04,3,5,9,37.5,506.84709836114416
2022-01-05,3,5,9,37.5,508.57730388923426
2022-01-06,3,5,9,37.5,508.65222178975966
2022-01-07,3,5,9,37.5,504.8586360929851
2022-01-10,3,5,9,37.5,512.7451063421483
2022-01-11,3,5,9,37.5,510.6109054127253
2022-01-12,3,5,9,37.5,513.4631763679412
2022-01-13,3,5,9,37.5,512.968359011868
2022-01-14,3,5,9,37.5,517.5125090044253
2022-01-17,3,5,9,37.5,522.7030896277572
2022-01-18,3,5,9,37.5,515.0808312562867
2022-01-19,3,5,9,37.5,509.9697847590826
2022-01-20,3,5,9,37.5,508.57960761205874
2022-01-21,3,5,9,37.5,501.1399662439571
2022-01-24,2,6,9,25.0,482.5288079824146
2022-01-25,3,5,9,37.5,485.8858502039935
2022-01-27,3,5,9,37.5,486.65655043937653
2022-01-28,3,5,9,37.5,501.5371248797254
2022-01-31,3,5,9,37.5,501.537416545609
2022-02-01,3,5,9,37.5,510.34696261407976
2022-02-02,3,5,9,37.5,527.9073808755597
2022-02-03,3,5,9,37.5,523.1998887131481
2022-02-04,3,5,9,37.5,512.3464448300933
2022-02-07,3,5,9,37.5,502.4405399243933
2022-02-08,3,5,9,37.5,494.09460234785075
2022-02-09,3,5,9,37.5,501.03550826745834
2022-02-10,3,5,9,37.5,510.6034059626264
2022-02-11,3,5,9,37.5,496.8111086834077
2022-02-14,3,5,9,37.5,473.3563519974851
2022-02-15,3,5,9,37.5,477.4622524186872
2022-02-16,3,5,9,37.5,488.80798882466803
2022-02-17,3,5,9,37.5,486.324365679127
2022-02-18,3,5,9,37.5,481.24068516644627
2022-02-21,3,5,9,37.5,464.7766196189259
2022-02-22,3,5,9,37.5,454.874571800544
2022-02-23,3,5,9,37.5,454.0933083103613
2022-02-24,2,6,9,25.0,424.1279483650955
2022-02-25,2,6,9,25.0,433.8205172098318
2022-02-28,2,6,9,25.0,437.0945369897195
2022-03-02,2,6,9,25.0,435.8494863307469
2022-03-03,2,6,9,25.0,438.02332504870094
2022-03-04,2,6,9,25.0,429.2902531638042
2022-03-07,0,8,9,0.0,419.2487030227639
2022-03-08,0,8,9,0.0,421.4793165064775
2022-03-09,1,7,9,12.5,435.7687704423564
2022-03-10,2,6,9,25.0,441.4624428828839
2022-03-11,2,6,9,25.0,445.7133055559205
2022-03-14,2,6,9,25.0,442.59542995014965
2022-03-15,1,7,9,12.5,439.7678497605747
2022-03-16,2,6,9,25.0,444.0010373660104
2022-03-17,2,6,9,25.0,454.38268335450704
2022-03-21,2,6,9,25.0,445.99403290485196
2022-03-22,2,6,9,25.0,443.7785322229356
2022-03-23,2,6,9,25.0,438.31324470702475
2022-03-24,2,6,9,25.0,435.68794888953875
2022-03-25,2,6,9,25.0,432.6288485023486
2022-03-28,2,6,9,25.0,425.55068773664607
2022-03-29,2,6,9,25.0,430.2822578945567
2022-03-30,2,7,9,22.22222222222222,441.76926464287413
2022-03-31,2,7,9,22.22222222222222,441.8836887654297
2022-04-01,2,7,9,22.22222222222222,455.45269476301496
2022-04-04,3,6,9,33.33333333333333,464.68073928309377
2022-04-05,2,7,9,22.22222222222222,466.59699780218375
2022-04-06,2,7,9,22.22222222222222,465.9750509357363
2022-04-07,2,7,9,22.22222222222222,469.12722664989815
2022-04-08,2,7,9,22.22222222222222,467.6790826209758
2022-04-11,2,7,9,22.22222222222222,470.46441734074006
2022-04-12,2,7,9,22.22222222222222,458.1549323767927
2022-04-13,2,7,9,22.22222222222222,459.6268516574963
2022-04-18,2,7,9,22.22222222222222,450.1076591004809
2022-04-19,2,7,9,22.22222222222222,448.98162165950373
2022-04-20,2,7,9,22.22222222222222,449.17426476652827
2022-04-21,2,7,9,22.22222222222222,455.28445316744694
2022-04-22,2,7,9,22.22222222222222,450.2688137100111
2022-04-25,2,7,9,22.22222222222222,442.8404254123699
2022-04-26,2,7,9,22.22222222222222,450.1436030593366
2022-04-27,2,7,9,22.22222222222222,446.49768803266426
2022-04-28,2,7,9,22.22222222222222,445.28567069490634
2022-04-29,1,8,9,11.11111111111111,434.52013753679796
2022-05-02,2,7,9,22.22222222222222,438.2806049630574
2022-05-04,2,7,9,22.22222222222222,430.2673075222573
2022-05-05,1,8,9,11.11111111111111,428.7520049985727
2022-05-06,1,8,9,11.11111111111111,417.7068045387167
2022-05-09,1,8,9,11.11111111111111,411.23114436365523
2022-05-10,1,8,9,11.11111111111111,407.1575474308936
2022-05-11,1,8,9,11.11111111111111,386.32900634857504
2022-05-12,1,8,9,11.11111111111111,381.7141053695109
2022-05-13,1,8,9,11.11111111111111,385.73624133733404
2022-05-16,1,8,9,11.11111111111111,392.5748940874924
2022-05-17,1,8,9,11.11111111111111,397.27867878764533
2022-05-18,1,8,9,11.11111111111111,401.92979645429193
2022-05-19,1,8,9,11.11111111111111,391.59489263723486
2022-05-20,1,8,9,11.11111111111111,399.76188975686455
2022-05-23,1,8,9,11.11111111111111,399.4174550132334
2022-05-24,1,8,9,11.11111111111111,394.9159247992857
2022-05-25,1,8,9,11.11111111111111,387.0986899561323
2022-05-26,1,8,9,11.11111111111111,391.2680679421297
2022-05-27,1,8,9,11.11111111111111,394.2448315934212
2022-05-30,1,8,9,11.11111111111111,403.2366795596259
2022-05-31,1,8,9,11.11111111111111,397.80097449704795
2022-06-01,1,8,9,11.11111111111111,397.6580464499987
2022-06-02,1,8,9,11.11111111111111,395.9888943844413
2022-06-03,1,8,9,11.11111111111111,392.78594378293775
2022-06-06,1,8,9,11.11111111111111,390.5502787121085
2022-06-07,1,8,9,11.11111111111111,385.3542216040512
2022-06-08,1,8,9,11.11111111111111,383.25621091196405
2022-06-09,1,8,9,11.11111111111111,390.87828526736274
2022-06-10,1,8,9,11.11111111111111,382.94414046445456
2022-06-13,1,8,9,11.11111111111111,367.3360087375072
2022-06-14,1,8,9,11.11111111111111,361.7526986252865
2022-06-15,1,8,9,11.11111111111111,361.4067313531061
2022-06-16,0,9,9,0.0,350.23574528300657
2022-06-17,0,9,9,0.0,348.5445912766242
2022-06-20,0,9,9,0.0,341.69475896155734
2022-06-21,1,8,9,11.11111111111111,354.1455688039715
2022-06-22,1,8,9,11.11111111111111,348.4000248468612
2022-06-23,0,9,9,0.0,353.2639967298637
2022-06-24,0,9,9,0.0,365.6488034030282
2022-06-27,1,8,9,11.11111111111111,369.93795545768535
2022-06-28,1,8,9,11.11111111111111,368.00672351515755
2022-06-29,1,8,9,11.11111111111111,368.5262823149245
2022-06-30,1,8,9,11.11111111111111,366.92356292124896
2022-07-01,1,8,9,11.11111111111111,369.7062440762932
2022-07-04,1,8,9,11.11111111111111,367.90379745758474
2022-07-05,0,9,9,0.0,363.6253714436611
2022-07-06,1,8,9,11.11111111111111,367.3238384521334
2022-07-07,1,8,9,11.11111111111111,373.82643790506864
2022-07-08,1,8,9,11.11111111111111,373.68298146920165
2022-07-11,1,8,9,11.11111111111111,379.77449607011977
2022-07-12,1,8,9,11.11111111111111,378.97040183829984
2022-07-13,1,8,9,11.11111111111111,380.003818738488
2022-07-14,1,8,9,11.11111111111111,374.43828936395846
2022-07-15,1,8,9,11.11111111111111,373.2724466324719
2022-07-18,1,8,9,11.11111111111111,381.5692800174861
2022-07-19,1,8,9,11.11111111111111,390.30451102969647
2022-07-20,1,8,9,11.11111111111111,401.43727009645085
2022-07-21,1,8,9,11.11111111111111,401.90798814313507
2022-07-22,2,7,9,22.22222222222222,406.5666500217197
2022-07-25,1,8,9,11.11111111111111,408.1347816097698
2022-07-26,1,8,9,11.11111111111111,402.4773715625332
2022-07-27,1,8,9,11.11111111111111,407.4131948161206
2022-07-28,3,6,9,33.33333333333333,420.6081947196652
2022-07-29,3,6,9,33.33333333333333,419.7696311683471
2022-08-01,3,6,9,33.33333333333333,427.3484862992733
2022-08-02,4,5,9,44.44444444444444,432.08791420361854
2022-08-03,4,5,9,44.44444444444444,427.68963118082013
2022-08-04,4,5,9,44.44444444444444,420.9069530212879
2022-08-05,4,5,9,44.44444444444444,424.4122309015323
2022-08-08,4,5,9,44.44444444444444,422.7089598586959
2022-08-10,3,6,9,33.33333333333333,421.94579899275675
2022-08-11,4,5,9,44.44444444444444,428.23695251857725
2022-08-12,4,5,9,44.44444444444444,435.20467917345877
2022-08-16,4,5,9,44.44444444444444,449.80060258890046
2022-08-17,4,5,9,44.44444444444444,456.89817019470195
2022-08-18,5,4,9,55.55555555555556,462.44595492966374
2022-08-19,5,4,9,55.55555555555556,466.65460911047455
2022-08-22,5,4,9,55.55555555555556,467.3787309402202
2022-08-23,6,3,9,66.66666666666666,477.048687413745
2022-08-24,6,3,9,66.66666666666666,484.7745886574579
2022-08-25,6,3,9,66.66666666666666,485.901147480228
2022-08-26,6,3,9,66.66666666666666,484.667160169424
2022-08-29,6,3,9,66.66666666666666,481.36401878263433
2022-08-30,6,3,9,66.66666666666666,488.33855532457414
2022-09-01,6,3,9,66.66666666666666,488.6994672993972
2022-09-02,6,3,9,66.66666666666666,490.21563230322886
2022-09-05,6,3,9,66.66666666666666,489.9901257993024
2022-09-06,6,3,9,66.66666666666666,485.40397102736694
2022-09-07,6,3,9,66.66666666666666,487.755101995877
2022-09-08,6,3,9,66.66666666666666,490.51503414533295
2022-09-09,6,3,9,66.66666666666666,490.7160020446555
2022-09-12,6,3,9,66.66666666666666,494.5838728567908
2022-09-13,7,2,9,77.77777777777779,497.3500936809737
2022-09-14,7,2,9,77.77777777777779,500.446723368838
2022-09-15,7,2,9,77.77777777777779,497.76489324191584
2022-09-16,7,2,9,77.77777777777779,478.8805012776859
2022-09-19,6,3,9,66.66666666666666,477.677641909665
2022-09-20,6,3,9,66.66666666666666,480.54715116661635
2022-09-21,5,4,9,55.55555555555556,468.77625308668866
2022-09-22,5,4,9,55.55555555555556,472.1675446601915
2022-09-23,5,4,9,55.55555555555556,459.05712561683237
2022-09-26,4,5,9,44.44444444444444,446.50301665351463
2022-09-27,4,5,9,44.44444444444444,445.27518300861846
2022-09-28,4,5,9,44.44444444444444,445.34419377337116
2022-09-29,4,5,9,44.44444444444444,444.7463445970396
2022-09-30,5,4,9,55.55555555555556,454.5177115056169
2022-10-03,4,5,9,44.44444444444444,453.5678448517386
2022-10-04,5,4,9,55.55555555555556,462.3100755676151
2022-10-06,5,4,9,55.55555555555556,466.7557172730461
2022-10-07,5,4,9,55.55555555555556,466.1349984805559
2022-10-10,5,4,9,55.55555555555556,459.1805475270427
2022-10-11,4,5,9,44.44444444444444,446.65799535023984
2022-10-12,5,4,9,55.55555555555556,452.62021344200656
2022-10-13,5,4,9,55.55555555555556,449.82430636423175
2022-10-14,5,4,9,55.55555555555556,447.8846575840148
2022-10-17,6,3,9,66.66666666666666,453.1641812693833
2022-10-18,6,3,9,66.66666666666666,456.5222380814371
2022-10-19,6,3,9,66.66666666666666,460.615993504351
2022-10-20,6,3,9,66.66666666666666,461.974301102794
2022-10-21,4,5,9,44.44444444444444,453.9328408982611
2022-10-24,5,4,9,55.55555555555556,457.64810917775884
2022-10-25,5,4,9,55.55555555555556,453.6218715753915
2022-10-27,4,5,9,44.44444444444444,455.72045704050447
2022-10-28,4,5,9,44.44444444444444,455.1551800573801
2022-10-31,4,5,9,44.44444444444444,453.70387558819976
2022-11-01,5,4,9,55.55555555555556,454.2888550011813
2022-11-02,4,5,9,44.44444444444444,445.2571485477261
2022-11-03,4,5,9,44.44444444444444,449.32490222736635
2022-11-04,5,4,9,55.55555555555556,457.75641861861044
2022-11-07,5,4,9,55.55555555555556,461.3818933323177
2022-11-09,5,4,9,55.55555555555556,463.69894949285435
2022-11-10,5,4,9,55.55555555555556,461.46142326417197
2022-11-11,5,4,9,55.55555555555556,459.74476156842377
2022-11-14,5,4,9,55.55555555555556,465.69622957440276
2022-11-15,5,4,9,55.55555555555556,463.2622693398743
2022-11-16,5,4,9,55.55555555555556,468.93935142926654
2022-11-17,5,4,9,55.55555555555556,471.6403761408156
2022-11-18,5,4,9,55.55555555555556,462.42615790140246
2022-11-21,4,5,9,44.44444444444444,457.82313934348275
2022-11-22,4,5,9,44.44444444444444,460.9755882164794
2022-11-23,4,5,9,44.44444444444444,463.0278065747027
2022-11-24,5,4,9,55.55555555555556,465.1113140964106
2022-11-25,5,4,9,55.55555555555556,475.1703475975928
2022-11-28,5,4,9,55.55555555555556,479.1744678415772
2022-11-29,7,2,9,77.77777777777779,478.25109709205435
2022-11-30,7,2,9,77.77777777777779,488.4261462817029
2022-12-01,6,3,9,66.66666666666666,489.3142612759603
2022-12-02,6,3,9,66.66666666666666,489.69491019011997
2022-12-05,7,2,9,77.77777777777779,492.94516137306977
2022-12-06,6,3,9,66.66666666666666,489.34999085356867
2022-12-07,6,3,9,66.66666666666666,489.78686095766244
2022-12-08,6,3,9,66.66666666666666,487.1105438840895
2022-12-09,6,3,9,66.66666666666666,483.8680004503724
2022-12-12,6,3,9,66.66666666666666,483.4642860107527
2022-12-13,5,4,9,55.55555555555556,489.76664093078773
2022-12-14,6,3,9,66.66666666666666,501.2727450462146
2022-12-15,5,4,9,55.55555555555556,504.12500381680945
2022-12-16,5,4,9,55.55555555555556,491.18104976273884
2022-12-19,5,4,9,55.55555555555556,503.9057153877345
2022-12-20,6,3,9,66.66666666666666,506.87626184848114
2022-12-21,5,4,9,55.55555555555556,491.68743764123457
2022-12-22,5,4,9,55.55555555555556,483.2632012010211
2022-12-23,5,4,9,55.55555555555556,456.0372884827961
2022-12-26,5,4,9,55.55555555555556,474.7436140153116
2022-12-27,5,4,9,55.55555555555556,488.33725507307236
2022-12-28,5,4,9,55.55555555555556,487.2681962667233
2022-12-29,6,3,9,66.66666666666666,496.3672267807767
2022-12-30,5,4,9,55.55555555555556,498.96529990177845
2023-01-02,6,3,9,66.66666666666666,507.71371162478863
2023-01-03,7,2,9,77.77777777777779,504.61278400079726
2023-01-04,6,3,9,66.66666666666666,497.32898221740606
2023-01-05,6,3,9,66.66666666666666,498.21012309234237
2023-01-06,6,3,9,66.66666666666666,492.14309462490917
2023-01-09,7,2,9,77.77777777777779,498.32998441042287
2023-01-10,7,2,9,77.77777777777779,492.58008899358555
2023-01-11,6,3,9,66.66666666666666,496.55619907713157
2023-01-12,6,3,9,66.66666666666666,497.4431656046017
2023-01-13,6,3,9,66.66666666666666,496.1703468744943
2023-01-16,6,3,9,66.66666666666666,496.09606265841154
2023-01-17,5,4,9,55.55555555555556,488.4964019668809
2023-01-18,5,4,9,55.55555555555556,490.1113226982612
2023-01-19,5,4,9,55.55555555555556,486.4200682805489
2023-01-20,5,4,9,55.55555555555556,482.8876148917896
2023-01-23,6,3,9,66.66666666666666,488.1261678375719
2023-01-24,6,3,9,66.66666666666666,488.76690368567904
2023-01-25,6,3,9,66.66666666666666,487.60220967909396
2023-01-27,5,4,9,55.55555555555556,474.686146202475
2023-01-30,5,4,9,55.55555555555556,470.8554574193108
2023-01-31,5,4,9,55.55555555555556,481.4588442472414
2023-02-01,5,4,9,55.55555555555556,474.9410281905715
2023-02-02,5,4,9,55.55555555555556,479.1328375049595
2023-02-03,5,4,9,55.55555555555556,480.28909904365725
2023-02-06,5,4,9,55.55555555555556,480.67415627740854
2023-02-07,4,5,9,44.44444444444444,478.3714091391453
2023-02-08,5,4,9,55.55555555555556,489.44063595767864
2023-02-09,4,5,9,44.44444444444444,488.08795080066034
2023-02-10,4,5,9,44.44444444444444,487.1873005607525
2023-02-13,4,5,9,44.44444444444444,480.0553140225877
2023-02-14,4,5,9,44.44444444444444,473.48396715026314
2023-02-15,4,5,9,44.44444444444444,475.8761063579205
2023-02-16,4,5,9,44.44444444444444,475.7418132224177
2023-02-17,4,5,9,44.44444444444444,473.6592166596867
2023-02-20,4,5,9,44.44444444444444,470.5024001392011
2023-02-21,4,5,9,44.44444444444444,465.813508934226
2023-02-22,4,5,9,44.44444444444444,460.0318214703539
2023-02-23,4,5,9,44.44444444444444,456.8565671029452
2023-02-24,3,6,9,33.33333333333333,453.3849424518653
2023-02-27,3,6,9,33.33333333333333,448.00575273028994
2023-02-28,3,6,9,33.33333333333333,449.1453752886531
2023-03-01,3,6,9,33.33333333333333,454.79300433308885
2023-03-02,3,6,9,33.33333333333333,454.2678002504913
2023-03-03,3,6,9,33.33333333333333,456.4913393289265
2023-03-06,3,6,9,33.33333333333333,468.4512943812906
2023-03-08,3,6,9,33.33333333333333,468.15878274764987
2023-03-09,3,6,9,33.33333333333333,460.9242385565051
2023-03-10,3,6,9,33.33333333333333,455.6273733140821
2023-03-13,3,6,9,33.33333333333333,443.51027496743603
2023-03-14,2,7,9,22.22222222222222,432.5589333233766
2023-03-15,2,7,9,22.22222222222222,431.16558443809606
2023-03-16,2,7,9,22.22222222222222,426.78913457103346
2023-03-17,2,7,9,22.22222222222222,428.52787259193406
2023-03-20,2,7,9,22.22222222222222,426.7294153104094
2023-03-21,2,7,9,22.22222222222222,429.5438191943368
2023-03-22,3,6,9,33.33333333333333,433.4563422872408
2023-03-23,3,6,9,33.33333333333333,428.9429711613858
2023-03-24,2,7,9,22.22222222222222,419.14292402710174
2023-03-27,2,7,9,22.22222222222222,410.15998324815575
2023-03-28,1,8,9,11.11111111111111,410.47130919507487
2023-03-29,2,7,9,22.22222222222222,419.3813180941838
2023-03-31,2,7,9,22.22222222222222,427.0961862642025
2023-04-03,3,6,9,33.33333333333333,433.8180273719844
2023-04-05,3,6,9,33.33333333333333,435.1980316626874
2023-04-06,3,6,9,33.33333333333333,437.328696085858
2023-04-10,3,6,9,33.33333333333333,439.21565239090734
2023-04-11,3,6,9,33.33333333333333,441.7300779058444
2023-04-12,3,6,9,33.33333333333333,443.13244027612706
2023-04-13,3,6,9,33.33333333333333,442.21780790502186
2023-04-17,3,6,9,33.33333333333333,444.43828866949343
2023-04-18,3,6,9,33.33333333333333,442.3092900180512
2023-04-19,3,6,9,33.33333333333333,442.1388644190698
2023-04-20,3,6,9,33.33333333333333,441.3562370202335
2023-04-21,3,6,9,33.33333333333333,434.21086417738087
2023-04-24,3,6,9,33.33333333333333,438.85090596965
2023-04-25,3,6,9,33.33333333333333,442.2465861092073
2023-04-26,3,6,9,33.33333333333333,439.60265289718075
2023-04-27,3,6,9,33.33333333333333,439.80058970635287
2023-04-28,3,6,9,33.33333333333333,444.12854591904136
2023-05-02,3,6,9,33.33333333333333,454.74410442657296
2023-05-03,3,6,9,33.33333333333333,463.9317264827311
2023-05-04,3,6,9,33.33333333333333,470.4854536033494
2023-05-05,3,6,9,33.33333333333333,464.7243548760584
2023-05-08,3,6,9,33.33333333333333,474.6231066414317
2023-05-09,3,6,9,33.33333333333333,469.9884246304297
2023-05-10,3,6,9,33.33333333333333,473.1606047259436
2023-05-11,3,6,9,33.33333333333333,475.44394705681975
2023-05-12,3,6,9,33.33333333333333,471.36934470329084
2023-05-15,3,6,9,33.33333333333333,476.57989422028584
2023-05-16,4,5,9,44.44444444444444,480.62643816440305
2023-05-17,3,6,9,33.33333333333333,477.34220418221247
2023-05-18,3,6,9,33.33333333333333,475.7477118528219
2023-05-19,3,6,9,33.33333333333333,474.30595263697717
2023-05-22,3,6,9,33.33333333333333,474.97161432815886
2023-05-23,4,5,9,44.44444444444444,478.86009699379247
2023-05-24,4,5,9,44.44444444444444,480.80309151998574
2023-05-25,4,5,9,44.44444444444444,478.4539799924927
2023-05-26,3,6,9,33.33333333333333,475.30788483361056
2023-05-29,4,5,9,44.44444444444444,486.3993246140539
2023-05-30,4,5,9,44.44444444444444,492.7970938270855
2023-05-31,4,5,9,44.44444444444444,497.9970594234879
2023-06-01,4,5,9,44.44444444444444,506.95430539294597
2023-06-02,5,4,9,55.55555555555556,513.5257976349037
2023-06-05,5,4,9,55.55555555555556,516.237487208428
2023-06-06,5,4,9,55.55555555555556,514.976533826495
2023-06-07,5,4,9,55.55555555555556,523.4458827845917
2023-06-08,5,4,9,55.55555555555556,519.2695311603183
2023-06-09,5,4,9,55.55555555555556,516.1014162227235
2023-06-12,5,4,9,55.55555555555556,521.0633437625645
2023-06-13,5,4,9,55.55555555555556,528.8327525027751
2023-06-14,5,4,9,55.55555555555556,524.7238118315479
2023-06-15,5,4,9,55.55555555555556,521.3881830490869
2023-06-16,6,3,9,66.66666666666666,525.353291773286
2023-06-19,6,3,9,66.66666666666666,524.8426181845655
2023-06-20,6,3,9,66.66666666666666,528.8331334270591
2023-06-21,6,3,9,66.66666666666666,530.1177047224896
2023-06-22,6,3,9,66.66666666666666,527.2496252371917
2023-06-23,6,3,9,66.66666666666666,521.2438743699252
2023-06-26,6,3,9,66.66666666666666,525.4733940977083
2023-06-27,6,3,9,66.66666666666666,531.8967416522268
2023-06-28,6,3,9,66.66666666666666,534.7365564532922
2023-06-30,7,2,9,77.77777777777779,536.4592963437037
2023-07-03,7,2,9,77.77777777777779,539.6365540688238
2023-07-04,7,2,9,77.77777777777779,540.0292060679192
2023-07-05,7,2,9,77.77777777777779,544.7603141037359
2023-07-06,7,2,9,77.77777777777779,546.3660471926169
2023-07-07,7,2,9,77.77777777777779,544.6563081474981
2023-07-10,7,2,9,77.77777777777779,544.7434194730106
2023-07-11,7,2,9,77.77777777777779,549.7087501815007
2023-07-12,7,2,9,77.77777777777779,549.8665353524037
2023-07-13,6,3,9,66.66666666666666,546.1347238180834
2023-07-14,8,1,9,88.88888888888889,557.6096870956923
2023-07-17,7,2,9,77.77777777777779,557.0344220070923
2023-07-18,7,2,9,77.77777777777779,550.795771708783
2023-07-19,7,2,9,77.77777777777779,553.6850671556285
2023-07-20,7,2,9,77.77777777777779,559.5535183299219
2023-07-21,6,3,9,66.66666666666666,559.5286144856019
2023-07-24,7,2,9,77.77777777777779,571.9535064796323
2023-07-25,7,2,9,77.77777777777779,574.9330120921979
2023-07-26,7,2,9,77.77777777777779,568.8098174167083
2023-07-27,7,2,9,77.77777777777779,568.3771449784656
2023-07-28,8,1,9,88.88888888888889,572.5664000586069
2023-07-31,8,1,9,88.88888888888889,582.6369507670256
2023-08-01,7,2,9,77.77777777777779,576.6415602280398
2023-08-02,7,2,9,77.77777777777779,570.7533360666305
2023-08-03,7,2,9,77.77777777777779,578.2951904855939
2023-08-04,7,2,9,77.77777777777779,583.2584606409796
2023-08-07,7,2,9,77.77777777777779,594.8944298120623
2023-08-08,7,2,9,77.77777777777779,595.975135650519
2023-08-09,7,2,9,77.77777777777779,604.3148576248533
2023-08-10,7,2,9,77.77777777777779,602.2767053439841
2023-08-11,7,2,9,77.77777777777779,601.3353342727958
2023-08-14,7,2,9,77.77777777777779,600.442020736403
2023-08-16,7,2,9,77.77777777777779,604.991221900874
2023-08-17,8,1,9,88.88888888888889,608.7101263620682
2023-08-18,7,2,9,77.77777777777779,604.0872038698903
2023-08-21,7,2,9,77.77777777777779,611.7901094569526
2023-08-22,7,2,9,77.77777777777779,613.2465803525203
2023-08-23,8,1,9,88.88888888888889,613.760760831139
2023-08-24,7,2,9,77.77777777777779,612.4710270867762
2023-08-25,7,2,9,77.77777777777779,613.0047537033448
2023-08-28,7,2,9,77.77777777777779,623.1555851905117
2023-08-29,7,2,9,77.77777777777779,621.7287841394048
2023-08-30,7,2,9,77.77777777777779,624.9953854467617
2023-08-31,7,2,9,77.77777777777779,630.8294672572608
2023-09-01,7,2,9,77.77777777777779,636.2807320006964
2023-09-04,8,1,9,88.88888888888889,639.7338317616062
2023-09-05,7,2,9,77.77777777777779,640.9530418884448
2023-09-06,8,1,9,88.88888888888889,644.8619845217908
2023-09-07,8,1,9,88.88888888888889,648.001743578963
2023-09-08,8,1,9,88.88888888888889,649.2687374921403
2023-09-11,9,0,9,100.0,649.7473673269576
2023-09-12,8,1,9,88.88888888888889,622.5472538897316
2023-09-13,8,1,9,88.88888888888889,637.1428549029272
2023-09-14,8,1,9,88.88888888888889,648.4603719138861
2023-09-15,9,0,9,100.0,653.7807004521687
2023-09-18,8,1,9,88.88888888888889,649.3110093994
2023-09-20,9,0,9,100.0,647.8194894390065
2023-09-21,9,0,9,100.0,638.0020414955683
2023-09-22,8,1,9,88.88888888888889,652.8685649029834
2023-09-25,9,0,9,100.0,655.1768498714099
2023-09-26,9,0,9,100.0,652.5633211529444
2023-09-27,9,0,9,100.0,660.7900553126913
2023-09-28,9,0,9,100.0,657.540991482227
2023-09-29,9,0,9,100.0,667.7414564449504
2023-10-03,9,0,9,100.0,681.0545746254841
2023-10-04,9,0,9,100.0,666.9619502204132
2023-10-05,9,0,9,100.0,668.0834798317537
2023-10-06,9,0,9,100.0,671.4536749341974
2023-10-09,9,0,9,100.0,663.7999548272572
2023-10-10,9,0,9,100.0,670.3174941455327
2023-10-11,9,0,9,100.0,673.1228689747851
2023-10-12,9,0,9,100.0,674.2715621147513
2023-10-13,9,0,9,100.0,666.6005698750985
2023-10-16,8,1,9,88.88888888888889,666.9328611511891
2023-10-17,8,1,9,88.88888888888889,683.2027441878731
2023-10-18,8,1,9,88.88888888888889,678.2839689839583
2023-10-19,8,1,9,88.88888888888889,676.5012651478847
2023-10-20,8,1,9,88.88888888888889,666.8339589067218
2023-10-23,8,1,9,88.88888888888889,639.8495496021374
2023-10-25,8,1,9,88.88888888888889,630.2711862740365
2023-10-26,8,1,9,88.88888888888889,631.9395566538684
2023-10-27,8,1,9,88.88888888888889,646.2213340902887
2023-10-30,8,1,9,88.88888888888889,639.3277085472008
2023-10-31,8,1,9,88.88888888888889,645.8618115196142
2023-11-01,8,1,9,88.88888888888889,639.9727632265443
2023-11-02,8,1,9,88.88888888888889,648.0986758366947
2023-11-03,8,1,9,88.88888888888889,653.0435376332154
2023-11-06,8,1,9,88.88888888888889,658.9158106686202
2023-11-07,8,1,9,88.88888888888889,664.895170266566
2023-11-08,8,1,9,88.88888888888889,662.5070486082884
2023-11-09,8,1,9,88.88888888888889,660.7967732111292
2023-11-10,8,1,9,88.88888888888889,664.2575792835851
2023-11-12,8,1,9,88.88888888888889,673.3336791297909
2023-11-13,8,1,9,88.88888888888889,676.0675526235082
2023-11-15,8,1,9,88.88888888888889,684.028811845116
2023-11-16,8,1,9,88.88888888888889,682.3444410737736
2023-11-17,8,1,9,88.88888888888889,682.156092290339
2023-11-20,8,1,9,88.88888888888889,685.617316411478
2023-11-21,8,1,9,88.88888888888889,683.1803250736234
2023-11-22,8,1,9,88.88888888888889,672.0824612789676
2023-11-23,8,1,9,88.88888888888889,665.2114684966581
2023-11-24,8,1,9,88.88888888888889,662.3240411231162
2023-11-28,8,1,9,88.88888888888889,661.3515835068015
2023-11-29,8,1,9,88.88888888888889,671.0563740929987
2023-11-30,8,1,9,88.88888888888889,683.5212614610435
2023-12-01,8,1,9,88.88888888888889,691.3149917539881
2023-12-04,8,1,9,88.88888888888889,702.9473466202987
2023-12-05,8,1,9,88.88888888888889,703.4184223661684
2023-12-06,8,1,9,88.88888888888889,698.5605162300521
2023-12-07,8,1,9,88.88888888888889,714.7300756157299
2023-12-08,8,1,9,88.88888888888889,718.1027889407861
2023-12-11,8,1,9,88.88888888888889,717.7876995787703
2023-12-12,8,1,9,88.88888888888889,720.5295673599002
2023-12-13,8,1,9,88.88888888888889,729.3224156040021
2023-12-14,8,1,9,88.88888888888889,743.1938569308256
2023-12-15,8,1,9,88.88888888888889,750.8453570451669
2023-12-18,8,1,9,88.88888888888889,755.2458257222377
2023-12-19,8,1,9,88.88888888888889,748.321153510426
2023-12-20,8,1,10,88.88888888888889,717.0744043991843
2023-12-21,8,1,10,88.88888888888889,728.8819368149603
2023-12-22,8,1,10,88.88888888888889,727.4168014067901
2023-12-26,8,1,10,88.88888888888889,724.0922614694715
2023-12-27,8,1,10,88.88888888888889,732.5171251961109
2023-12-28,8,1,10,88.88888888888889,740.1862713506721
2023-12-29,8,1,10,88.88888888888889,745.3992696164958
2024-01-01,9,0,10,100.0,755.9463591804235
2024-01-02,9,0,10,100.0,751.8835084474675
2024-01-03,9,0,10,100.0,752.4779847022669
2024-01-04,9,0,10,100.0,760.249692713395
2024-01-05,9,0,10,100.0,760.5938216524081
2024-01-08,9,0,10,100.0,752.2078591998388
2024-01-09,9,0,10,100.0,750.4557343105938
2024-01-10,9,0,10,100.0,751.0838237555225
2024-01-11,9,0,10,100.0,767.1108162516438
2024-01-12,9,0,10,100.0,772.4780501722134
2024-01-15,9,0,10,100.0,775.2337432555072
2024-01-16,9,0,10,100.0,773.7062138146896
2024-01-17,8,1,10,88.88888888888889,769.0722104715255
2024-01-18,8,1,10,88.88888888888889,777.6685192024754
2024-01-19,8,1,10,88.88888888888889,797.4242042608674
2024-01-20,8,1,10,88.88888888888889,792.7501710931389
2024-01-23,7,2,10,77.77777777777779,770.4004328838723
2024-01-24,8,1,10,88.88888888888889,785.6663985834019
2024-01-25,8,1,10,88.88888888888889,785.5456422124415
2024-01-29,8,1,10,88.88888888888889,791.0001985272016
2024-01-30,8,1,10,88.88888888888889,793.9834725885793
2024-01-31,8,1,10,88.88888888888889,811.2033955750384
2024-02-01,8,1,10,88.88888888888889,835.2226032345142
2024-02-02,8,1,10,88.88888888888889,840.2702223920382
2024-02-05,8,1,10,88.88888888888889,829.164698109036
2024-02-06,8,1,10,88.88888888888889,834.6238502291428
2024-02-07,8,1,10,88.88888888888889,841.0568019788446
2024-02-08,8,1,10,88.88888888888889,836.2773470311618
2024-02-09,8,1,10,88.88888888888889,828.6001134287552
2024-02-12,8,1,10,88.88888888888889,790.8736183454292
2024-02-13,8,1,10,88.88888888888889,805.3599739676448
2024-02-14,8,1,10,88.88888888888889,826.4699636122342
2024-02-15,8,1,10,88.88888888888889,827.9667840349289
2024-02-16,8,1,10,88.88888888888889,817.7898601140914
2024-02-19,8,1,10,88.88888888888889,810.6616987430382
2024-02-20,8,1,10,88.88888888888889,819.0245649315834
2024-02-21,8,1,10,88.88888888888889,808.4708872550266
2024-02-22,8,1,10,88.88888888888889,813.8770979601696
2024-02-23,8,1,10,88.88888888888889,820.2069949395021
2024-02-26,8,1,10,88.88888888888889,823.6032730806743
2024-02-27,8,1,10,88.88888888888889,809.2387167067538
2024-02-28,8,1,10,88.88888888888889,794.15469960309
2024-02-29,7,2,10,77.77777777777779,797.282008026115
2024-03-01,8,1,10,88.88888888888889,803.8160288908962
2024-03-02,8,1,10,88.88888888888889,809.503697565109
2024-03-04,8,1,10,88.88888888888889,803.3500949972241
2024-03-05,6,3,10,66.66666666666666,793.6561676137453
2024-03-06,6,3,10,66.66666666666666,774.0338680126499
2024-03-07,7,2,10,77.77777777777779,789.3398081660429
2024-03-11,6,3,10,66.66666666666666,774.7622282508601
2024-03-12,5,4,10,55.55555555555556,757.1243962603286
2024-03-13,3,6,10,33.33333333333333,713.6197789635838
2024-03-14,4,5,10,44.44444444444444,738.3408876310566
2024-03-15,4,5,10,44.44444444444444,736.5871534689683
2024-03-18,4,5,10,44.44444444444444,729.4213267504592
2024-03-19,4,5,10,44.44444444444444,721.7466391150158
2024-03-20,4,5,10,44.44444444444444,721.7607742542222
2024-03-21,4,5,10,44.44444444444444,738.1248733209886
2024-03-22,4,5,10,44.44444444444444,744.778116631292
2024-03-26,5,4,10,55.55555555555556,740.35834862273
2024-03-27,5,4,10,55.55555555555556,745.1961687818557
2024-03-28,5,4,10,55.55555555555556,753.1723558771083
2024-04-01,8,1,10,88.88888888888889,804.016610332946
2024-04-02,8,1,10,88.88888888888889,804.8659394061913
2024-04-03,8,1,10,88.88888888888889,808.088060258858
2024-04-04,8,1,10,88.88888888888889,817.5136280357506
2024-04-05,9,0,10,100.0,824.4542029563225
2024-04-08,9,0,10,100.0,825.462451954439
2024-04-09,8,1,10,88.88888888888889,819.5305131505379
2024-04-10,9,0,10,100.0,818.0353024195404
2024-04-12,8,1,10,88.88888888888889,813.6063012717052
2024-04-15,8,1,10,88.88888888888889,793.7613514137449
2024-04-16,6,3,10,66.66666666666666,798.6827540702959
2024-04-18,5,4,10,55.55555555555556,794.4214080067769
2024-04-19,6,3,10,66.66666666666666,802.3971246010831
2024-04-22,6,3,10,66.66666666666666,808.8223686538823
2024-04-23,6,3,10,66.66666666666666,816.8984316331873
2024-04-24,6,3,10,66.66666666666666,824.0261723920526
2024-04-25,6,3,10,66.66666666666666,821.9635862216203
2024-04-26,6,3,10,66.66666666666666,830.7282616586058
2024-04-29,6,3,10,66.66666666666666,836.2782138965609
2024-04-30,7,2,10,77.77777777777779,838.7764531368157
2024-05-02,7,2,10,77.77777777777779,836.1855915917611
2024-05-03,7,2,10,77.77777777777779,830.866815833421
2024-05-06,6,3,10,66.66666666666666,816.4505121002305
2024-05-07,6,3,10,66.66666666666666,804.1590331843215
2024-05-08,6,3,10,66.66666666666666,813.9796859835106
2024-05-09,6,3,10,66.66666666666666,791.9312029282835
2024-05-10,6,3,10,66.66666666666666,796.7360374807996
2024-05-13,5,4,10,55.55555555555556,788.145803118847
2024-05-14,5,4,10,55.55555555555556,804.4608890119015
2024-05-15,6,3,11,66.66666666666666,808.3853228786883
2024-05-16,6,3,11,66.66666666666666,821.1289706627409
2024-05-17,6,3,11,66.66666666666666,818.945841978419
2024-05-18,6,3,11,66.66666666666666,822.501290255504
2024-05-21,5,4,11,55.55555555555556,822.1711672426273
2024-05-22,5,4,11,55.55555555555556,825.3664527185981
2024-05-23,5,4,11,55.55555555555556,832.4393104342164
2024-05-24,6,3,11,66.66666666666666,827.0625302665176
2024-05-27,6,3,11,66.66666666666666,830.6025055717732
2024-05-28,5,4,11,55.55555555555556,817.4643618982417
2024-05-29,4,5,11,44.44444444444444,815.1345474081368
2024-05-30,5,4,11,55.55555555555556,807.1823688894549
2024-05-31,4,5,11,44.44444444444444,812.2530460421264
2024-06-03,5,4,11,55.55555555555556,834.234580728308
2024-06-04,3,6,11,33.33333333333333,770.4602663534218
2024-06-05,4,5,11,44.44444444444444,795.8770743891482
2024-06-06,5,4,11,55.55555555555556,829.8637555843085
2024-06-07,7,2,11,77.77777777777779,843.5847816188796
2024-06-10,7,2,11,77.77777777777779,866.5050204375449
2024-06-11,8,1,11,88.88888888888889,893.4454205993483
2024-06-12,8,1,11,88.88888888888889,918.6168797095257
2024-06-13,8,1,11,88.88888888888889,926.3088466744584
2024-06-14,8,1,11,88.88888888888889,946.3391063951917
2024-06-18,8,1,11,88.88888888888889,957.9210294915175
2024-06-19,8,1,11,88.88888888888889,953.5323233250178
2024-06-20,8,1,11,88.88888888888889,941.941923568631
2024-06-21,8,1,11,88.88888888888889,936.1451169282153
2024-06-24,8,1,11,88.88888888888889,932.7533373534202
2024-06-25,8,1,11,88.88888888888889,940.7061951342323
2024-06-26,8,1,11,88.88888888888889,948.6815128104404
2024-06-27,8,1,11,88.88888888888889,946.2866583110499
2024-06-28,8,1,11,88.88888888888889,947.7028722976113
2024-07-01,8,1,11,88.88888888888889,971.0822508953034
2024-07-02,8,1,11,88.88888888888889,957.7006331059566
2024-07-03,8,1,11,88.88888888888889,977.1437359167547
2024-07-04,8,1,11,88.88888888888889,978.3069702833873
2024-07-05,8,1,11,88.88888888888889,976.1076543185892
2024-07-08,8,1,11,88.88888888888889,969.3882584006218
2024-07-09,8,1,11,88.88888888888889,964.6740114065627
2024-07-10,8,1,11,88.88888888888889,960.5987252289829
2024-07-11,8,1,11,88.88888888888889,968.7466405745248
2024-07-12,8,1,11,88.88888888888889,967.2888234148887
2024-07-15,8,1,11,88.88888888888889,974.237079249237
2024-07-16,8,1,11,88.88888888888889,978.2064864180843
2024-07-18,8,1,11,88.88888888888889,974.7640604399676
2024-07-19,8,1,11,88.88888888888889,954.6860858012858
2024-07-22,8,1,11,88.88888888888889,972.6980206131742
2024-07-23,6,3,11,66.66666666666666,948.8242560242425
2024-07-24,7,2,11,77.77777777777779,955.0300615614242
2024-07-25,8,1,11,88.88888888888889,947.4127140846368
2024-07-26,7,2,11,77.77777777777779,956.5894927929849
2024-07-29,8,2,11,80.0,962.3564603202642
2024-07-30,8,2,11,80.0,954.7169192178476
2024-07-31,8,2,11,80.0,957.2956081480122
2024-08-01,8,2,11,80.0,942.9049790208463
2024-08-02,8,2,11,80.0,933.8094561576248
2024-08-05,7,3,11,70.0,893.6704456495344
2024-08-06,7,3,11,70.0,887.5259258981606
2024-08-07,8,2,11,80.0,896.1175394878286
2024-08-08,7,3,11,70.0,891.0556677502288
2024-08-09,8,2,11,80.0,906.0541416415867
2024-08-12,8,2,11,80.0,914.0248895449263
2024-08-13,8,2,11,80.0,895.1532727754891
2024-08-14,8,2,11,80.0,887.998494677122
2024-08-16,8,2,11,80.0,901.4028497029194
2024-08-19,8,2,11,80.0,905.4493204097556
2024-08-20,8,2,11,80.0,911.0933484008901
2024-08-21,8,2,11,80.0,930.3772880674
2024-08-22,8,2,11,80.0,935.1638858340774
2024-08-23,8,2,11,80.0,928.4541864791921
2024-08-26,8,2,11,80.0,928.6986642342861
2024-08-27,8,2,11,80.0,930.5280782147387
2024-08-28,8,2,11,80.0,941.5009376988668
2024-08-29,8,2,11,80.0,943.9924067375636
2024-08-30,9,1,11,90.0,947.8893674437239
2024-09-02,8,2,11,80.0,946.7120060066387
2024-09-03,8,2,11,80.0,959.0141002076891
2024-09-04,8,2,11,80.0,960.0701767717248
2024-09-05,9,1,11,90.0,979.7944691894297
2024-09-06,9,1,11,90.0,970.993348615194
2024-09-09,8,2,11,80.0,961.1117473793556
2024-09-10,8,2,11,80.0,962.5302479576249
2024-09-11,8,2,11,80.0,961.8308807350662
2024-09-12,8,2,11,80.0,982.0492209224806
2024-09-13,9,1,11,90.0,1012.6420519562655
2024-09-16,9,1,12,90.0,981.8134205944741
2024-09-17,9,1,12,90.0,985.3219928022327
2024-09-18,9,1,12,90.0,984.156807586078
2024-09-19,9,1,12,90.0,966.2794654926039
2024-09-20,9,1,12,90.0,986.7515862690011
2024-09-23,9,1,12,90.0,1001.4486320165898
2024-09-24,9,1,12,90.0,1003.3654938324437
2024-09-25,9,1,12,90.0,995.7494423786412
2024-09-26,9,1,12,90.0,988.8772585513786
2024-09-27,9,1,12,90.0,982.3641451736844
2024-09-30,9,1,12,90.0,974.1437140692547
2024-10-01,9,1,12,90.0,970.4238667067079
2024-10-03,8,2,12,80.0,944.7249918192941
2024-10-04,7,3,12,70.0,947.4445887387307
2024-10-07,7,3,12,70.0,917.6857443057044
2024-10-08,8,2,12,80.0,947.7426874506715
2024-10-09,7,3,12,70.0,951.076900296826
2024-10-10,7,3,12,70.0,941.7559832158931
2024-10-11,7,3,12,70.0,942.416478639347
2024-10-14,7,3,12,70.0,945.9638825328606
2024-10-15,7,3,12,70.0,947.2635072810581
2024-10-16,7,3,12,70.0,939.6590094090836
2024-10-17,7,3,12,70.0,924.813933361208
2024-10-18,7,3,12,70.0,921.9829747760398
2024-10-21,7,3,12,70.0,906.4254417022883
2024-10-22,7,3,12,70.0,879.8429169562754
2024-10-23,7,3,12,70.0,897.5376551616408
2024-10-24,7,3,12,70.0,890.8387603198685
2024-10-25,7,3,12,70.0,880.6049144514952
2024-10-28,6,4,12,60.0,885.7631878034524
2024-10-29,6,4,12,60.0,905.9491013316572
2024-10-30,6,4,12,60.0,914.4419633237068
2024-10-31,6,4,12,60.0,912.7345743325059
2024-11-01,6,4,12,60.0,921.8310533744935
2024-11-04,6,4,12,60.0,914.0921984121032
2024-11-05,6,4,12,60.0,916.9156203848959
2024-11-06,7,3,12,70.0,930.2603243534621
2024-11-07,7,3,12,70.0,927.1636012421743
2024-11-08,6,4,12,60.0,908.5937266094404
2024-11-11,5,5,12,50.0,892.2941803818944
2024-11-12,4,6,12,40.0,881.2379916109793
2024-11-13,3,7,12,30.0,862.2856834928058
2024-11-14,4,6,12,40.0,864.8377848966795
2024-11-18,3,7,12,30.0,863.277903176503
2024-11-19,3,7,12,30.0,868.5590299563222
2024-11-21,3,7,12,30.0,868.2832070813124
2024-11-22,3,7,12,30.0,870.337313191807
2024-11-25,4,6,12,40.0,888.5289902392424
2024-11-26,4,6,12,40.0,879.7473325570603
2024-11-27,4,6,12,40.0,892.4475977437467
2024-11-28,6,4,12,60.0,903.8940420095049
2024-11-29,6,4,12,60.0,907.6878298685377
2024-12-02,4,6,12,40.0,905.0987476122099
2024-12-03,5,5,12,50.0,909.6465577410532
2024-12-04,6,4,12,60.0,917.1574680162435
2024-12-05,5,5,12,50.0,919.3073614623039
2024-12-06,3,7,12,30.0,916.2712919984604
2024-12-09,6,4,12,60.0,917.6854502622288
2024-12-10,7,3,12,70.0,918.1468207442476
2024-12-11,7,3,12,70.0,917.2245617468468
2024-12-12,5,5,12,50.0,907.1410704257188
2024-12-13,5,5,12,50.0,904.6489779974937
2024-12-16,5,5,12,50.0,907.0897136146862
2024-12-17,4,6,12,40.0,892.9711369191743
2024-12-18,5,6,12,45.45454545454545,882.8314798579854
2024-12-19,6,5,12,54.54545454545454,881.2504896707821
2024-12-20,3,8,12,27.27272727272727,867.464184228532
2024-12-23,4,7,12,36.36363636363637,860.4796559311861
2024-12-24,3,8,12,27.27272727272727,858.8768099077375
2024-12-26,3,8,12,27.27272727272727,859.0860885223726
2024-12-27,4,7,12,36.36363636363637,865.3853332625463
2024-12-30,4,7,12,36.36363636363637,865.1786170994516
2024-12-31,5,6,12,45.45454545454545,868.757103304313
2025-01-01,4,7,12,36.36363636363637,873.680651579108
2025-01-02,6,5,12,54.54545454545454,887.3367978267535
2025-01-03,7,4,12,63.63636363636363,887.8784451277369
2025-01-06,5,6,12,45.45454545454545,864.6681232855715
2025-01-07,5,6,12,45.45454545454545,867.8480715086109
2025-01-08,4,7,12,36.36363636363637,863.8924663118779
2025-01-09,4,7,12,36.36363636363637,853.9491739731641
2025-01-10,2,9,12,18.181818181818183,834.131712747258
2025-01-13,0,11,12,0.0,802.5934531048057
2025-01-14,1,10,12,9.090909090909092,820.795314195063
2025-01-15,0,11,12,0.0,820.5752551201817
2025-01-16,2,9,12,18.181818181818183,840.7107750415598
2025-01-17,1,10,12,9.090909090909092,844.8929441051565
2025-01-20,2,9,12,18.181818181818183,850.0778437064071
2025-01-21,3,8,12,27.27272727272727,842.2089157587978
2025-01-22,2,9,12,18.181818181818183,832.7661610194676
2025-01-23,2,9,12,18.181818181818183,831.9508530287088
2025-01-24,1,10,12,9.090909090909092,823.6834344186493
2025-01-27,0,11,12,0.0,794.617000625323
2025-01-28,0,11,12,0.0,804.8797103849088
2025-01-29,1,10,12,9.090909090909092,822.8398729339788
2025-01-30,1,10,12,9.090909090909092,821.0633746124394
2025-01-31,2,9,12,18.181818181818183,839.5406376969555
2025-02-01,1,10,12,9.090909090909092,832.2634015275939
2025-02-03,2,9,12,18.181818181818183,815.1852728823116
2025-02-04,2,9,12,18.181818181818183,829.7319041621317
2025-02-05,3,8,12,27.27272727272727,837.9664462958956
2025-02-06,3,8,12,27.27272727272727,845.5038455560972
2025-02-07,4,7,12,36.36363636363637,848.7916958853668
2025-02-10,3,8,12,27.27272727272727,828.8795252715197
2025-02-11,0,11,12,0.0,803.7319872640549
2025-02-12,0,11,12,0.0,793.963797272212
2025-02-13,0,11,12,0.0,794.298566999339
2025-02-14,0,11,12,0.0,773.2675676772267
2025-02-17,0,11,12,0.0,775.174909963887
2025-02-18,0,11,12,0.0,767.9566257219421
2025-02-19,0,11,12,0.0,775.2048854647354
2025-02-20,1,10,12,9.090909090909092,785.5601252317027
2025-02-21,1,10,12,9.090909090909092,781.2751328783143
2025-02-24,1,10,12,9.090909090909092,770.0369927454415
2025-02-25,1,10,12,9.090909090909092,765.1545518319032
2025-02-27,1,10,12,9.090909090909092,765.0001180542985
2025-02-28,1,10,12,9.090909090909092,761.7571903192727
2025-03-03,1,10,12,9.090909090909092,762.3223944765107
2025-03-04,1,10,12,9.090909090909092,768.2689847738197
2025-03-05,1,10,12,9.090909090909092,783.1177179526918
2025-03-06,1,10,12,9.090909090909092,789.7873375383341
2025-03-07,2,9,12,18.181818181818183,798.462357990769
2025-03-10,3,8,12,27.27272727272727,792.0353518632954
2025-03-11,3,8,12,27.27272727272727,790.8510328783319
2025-03-12,3,8,12,27.27272727272727,789.7840064766295
2025-03-13,2,9,12,18.181818181818183,787.1940311470987
2025-03-17,2,9,12,18.181818181818183,796.72101167603
2025-03-18,3,8,12,27.27272727272727,809.8414497668456
2025-03-19,3,8,12,27.27272727272727,830.0387770656899
2025-03-20,3,8,12,27.27272727272727,829.8181249223325
2025-03-21,3,8,12,27.27272727272727,849.0487802906642
2025-03-24,3,8,12,27.27272727272727,855.5948548694806
2025-03-25,2,9,12,18.181818181818183,837.3247011842901
2025-03-26,2,9,12,18.181818181818183,828.1881578919297
2025-03-27,3,8,12,27.27272727272727,845.2758314486377
2025-03-28,4,7,12,36.36363636363637,839.4893193441669
2025-04-01,3,8,12,27.27272727272727,841.5182849814996
2025-04-02,4,7,12,36.36363636363637,850.8519360147328
2025-04-03,4,7,12,36.36363636363637,869.9982338344679
2025-04-04,4,7,12,36.36363636363637,849.5063839392527
2025-04-07,4,7,12,36.36363636363637,826.404772840754
2025-04-08,4,7,12,36.36363636363637,853.432115707883
2025-04-09,4,7,12,36.36363636363637,853.3895829856231
2025-04-11,4,7,12,36.36363636363637,864.6538939717977
2025-04-15,5,6,12,45.45454545454545,890.1458983725273
2025-04-16,6,5,12,54.54545454545454,909.8158882294576
2025-04-17,6,5,12,54.54545454545454,924.7773935435632
2025-04-21,7,4,12,63.63636363636363,946.0511260509214
2025-04-22,6,5,12,54.54545454545454,946.1780975788602
2025-04-23,6,5,12,54.54545454545454,948.7820880229445
2025-04-24,7,5,12,58.333333333333336,943.4513707471714
2025-04-25,6,6,12,50.0,920.1510726017315
2025-04-28,6,6,12,50.0,926.7393468724398
2025-04-29,6,6,12,50.0,929.5275560039013
2025-04-30,6,6,12,50.0,916.8023894044657
2025-05-02,6,6,12,50.0,910.758366231698
2025-05-05,6,6,12,50.0,916.3194539594336
2025-05-06,5,7,12,41.66666666666667,888.3503725742886
2025-05-07,6,6,12,50.0,894.5570624320166
2025-05-08,6,6,12,50.0,885.4150054908372
2025-05-09,4,8,12,33.33333333333333,875.3815173298354
2025-05-12,6,6,12,50.0,913.7361535944087
2025-05-13,6,6,12,50.0,917.8375546972266
2025-05-14,7,5,12,58.333333333333336,920.6241032451222
2025-05-15,7,5,12,58.333333333333336,925.0216174812143
2025-05-16,8,4,12,66.66666666666666,931.833538061273
2025-05-19,7,5,12,58.333333333333336,931.8349830984291
2025-05-20,7,5,12,58.333333333333336,917.2423457627988
2025-05-21,7,5,12,58.333333333333336,916.2480977953697
2025-05-22,7,5,12,58.333333333333336,915.3972352125674
2025-05-23,7,5,12,58.333333333333336,920.5136445392839
2025-05-26,7,5,12,58.333333333333336,924.5536058938998
2025-05-27,8,4,12,66.66666666666666,924.6361418818746
2025-05-28,8,4,12,66.66666666666666,923.4405784511918
2025-05-29,8,4,12,66.66666666666666,922.9744384919865
2025-05-30,8,4,12,66.66666666666666,936.0459906923207
2025-06-02,8,4,12,66.66666666666666,940.6295131727793
2025-06-03,8,4,12,66.66666666666666,929.8927373764712
2025-06-04,8,4,12,66.66666666666666,929.0485126610965
2025-06-05,7,5,12,58.333333333333336,931.047082252133
2025-06-06,8,4,12,66.66666666666666,954.9849071375721
2025-06-09,9,3,12,75.0,964.8292771544352
2025-06-10,10,2,12,83.33333333333334,961.9008531485656
2025-06-11,10,2,12,83.33333333333334,957.4655877915079
2025-06-12,9,3,12,75.0,940.7827925469408
2025-06-13,8,4,12,66.66666666666666,938.3415188284873
2025-06-16,9,3,12,75.0,940.982138515707
2025-06-17,8,4,12,66.66666666666666,933.715371930567
2025-06-18,9,3,12,75.0,932.9921101970324
2025-06-19,6,6,12,50.0,916.5304031351482
2025-06-20,7,5,12,58.333333333333336,924.726563778895
2025-06-23,7,5,12,58.333333333333336,931.5593639647678
2025-06-24,10,2,12,83.33333333333334,947.7061033935036
2025-06-25,11,1,12,91.66666666666666,966.9677025388372
2025-06-26,11,1,12,91.66666666666666,975.0998057962427
2025-06-27,11,1,12,91.66666666666666,975.8585652740459
2025-06-30,11,1,12,91.66666666666666,981.3703932332052
2025-07-01,11,1,12,91.66666666666666,973.3502379346598
2025-07-02,10,2,12,83.33333333333334,969.3059063523644
2025-07-03,10,2,12,83.33333333333334,966.1113074603659
2025-07-04,10,2,12,83.33333333333334,958.0121894616212
2025-07-07,10,2,12,83.33333333333334,956.9655313480451
2025-07-08,10,2,12,83.33333333333334,960.8594136638782
2025-07-09,10,2,12,83.33333333333334,971.3291341355002
2025-07-10,10,2,12,83.33333333333334,974.6464681921926
2025-07-11,10,2,12,83.33333333333334,974.7401188857916
2025-07-14,10,2,12,83.33333333333334,973.3361719656885
2025-07-15,10,2,12,83.33333333333334,982.2088421805568
2025-07-16,10,2,12,83.33333333333334,997.4995267273462
2025-07-17,10,2,12,83.33333333333334,996.647795733491
2025-07-18,11,1,12,91.66666666666666,994.6900770122742
2025-07-21,11,1,12,91.66666666666666,999.8262897262249
2025-07-22,11,1,12,91.66666666666666,991.7477529390203
2025-07-23,10,2,12,83.33333333333334,988.9537638344975
2025-07-24,10,2,12,83.33333333333334,979.3729452817113
2025-07-25,10,2,12,83.33333333333334,965.5924381088839
2025-07-28,8,4,12,66.66666666666666,946.776870613161
2025-07-29,8,4,12,66.66666666666666,938.3181895476035
2025-07-30,7,5,12,58.333333333333336,932.6360370081737
2025-07-31,6,6,12,50.0,925.1457989933263
2025-08-01,5,7,12,41.66666666666667,902.0058794892815
2025-08-04,7,5,12,58.333333333333336,918.4627684969081
2025-08-05,6,6,12,50.0,914.6514905453168
2025-08-06,5,7,12,41.66666666666667,903.8233244987296
2025-08-07,5,7,12,41.66666666666667,893.7930878034122
2025-08-08,5,7,12,41.66666666666667,895.4012856573684
2025-08-11,5,7,12,41.66666666666667,900.3009506009296
2025-08-12,5,7,12,41.66666666666667,901.1722317615496
2025-08-13,5,7,12,41.66666666666667,896.4430045953558
2025-08-14,5,7,12,41.66666666666667,898.6932433225338
2025-08-18,5,7,12,41.66666666666667,904.6489131168448
2025-08-19,5,7,12,41.66666666666667,915.4734119145143
2025-08-20,5,7,12,41.66666666666667,915.9999847130814
2025-08-21,5,7,12,41.66666666666667,913.6537149761176
2025-08-22,5,7,12,41.66666666666667,909.5174709954131
2025-08-25,5,7,12,41.66666666666667,909.8839063309968
2025-08-26,5,7,12,41.66666666666667,890.5139579271454
2025-08-28,4,8,12,33.33333333333333,877.4446676681501
2025-08-29,4,8,12,33.33333333333333,875.6709359750342
2025-09-01,4,8,12,33.33333333333333,880.9055864706721
2025-09-02,6,6,12,50.0,899.678490103456
2025-09-03,6,6,12,50.0,909.447407857135
2025-09-04,6,6,12,50.0,901.6675686337692
2025-09-05,6,6,12,50.0,905.9748802210015
2025-09-08,7,5,12,58.333333333333336,909.9028213709822
2025-09-09,6,6,12,50.0,906.2483899122604
2025-09-10,7,5,12,58.333333333333336,910.6771174348928
2025-09-11,7,5,12,58.333333333333336,913.3937934426074
2025-09-12,7,5,12,58.333333333333336,914.8514252843104
2025-09-15,7,5,12,58.333333333333336,923.4193835938804
2025-09-16,7,5,12,58.333333333333336,932.5276497715697
2025-09-17,7,5,12,58.333333333333336,930.659756131399
2025-09-18,8,4,12,66.66666666666666,936.1434853214591
2025-09-19,8,4,12,66.66666666666666,941.5496375724707
2025-09-22,8,4,12,66.66666666666666,936.3490636268488
2025-09-23,8,4,12,66.66666666666666,933.4420814318966
2025-09-24,8,4,12,66.66666666666666,933.0367506364588
2025-09-25,6,6,12,50.0,919.9393097687107
2025-09-26,6,6,12,50.0,900.0929363734402
2025-09-29,7,5,12,58.333333333333336,915.2764947635329
2025-09-30,7,5,12,58.333333333333336,924.1685003026441
2025-10-01,8,4,12,66.66666666666666,939.8778571692819
2025-10-03,8,4,12,66.66666666666666,944.7886836255609
2025-10-06,8,4,12,66.66666666666666,941.3404768702034
2025-10-07,7,5,12,58.333333333333336,942.6844143786695
2025-10-08,7,5,12,58.333333333333336,935.6317520752406
2025-10-09,7,5,12,58.333333333333336,933.254409677396
2025-10-10,8,4,12,66.66666666666666,939.333518410007
2025-10-13,8,4,12,66.66666666666666,937.2581956170055
2025-10-14,7,5,12,58.333333333333336,930.438351651031
2025-10-15,7,5,12,58.333333333333336,937.0970636582101
2025-10-16,7,5,12,58.333333333333336,935.9125266936287
2025-10-17,7,5,12,58.333333333333336,930.9813391542393
2025-10-20,8,4,12,66.66666666666666,949.9940261863442
2025-10-21,8,4,12,66.66666666666666,957.1168917078246
2025-10-23,8,4,12,66.66666666666666,957.1880536971495
2025-10-24,9,3,12,75.0,970.0919127942946
2025-10-27,9,3,12,75.0,968.1440959386268
2025-10-28,9,3,12,75.0,964.8325250732986
2025-10-29,9,3,12,75.0,974.6055738339367
2025-10-30,9,3,12,75.0,972.850464011593
2025-10-31,9,3,12,75.0,971.5220402810887
2025-11-03,9,3,12,75.0,976.9211023019153
2025-11-04,9,3,12,75.0,968.6708814578717
2025-11-06,6,6,12,50.0,951.5158348550599
2025-11-07,7,5,12,58.333333333333336,950.2339741983405
2025-11-10,7,5,12,58.333333333333336,953.8060872829195
2025-11-11,7,5,12,58.333333333333336,948.4121024546643
2025-11-12,6,6,12,50.0,950.6942520027792
2025-11-13,6,6,12,50.0,950.6673042868733
2025-11-14,7,5,12,58.333333333333336,954.8671699019267
2025-11-17,7,5,12,58.333333333333336,968.1170907374773
2025-11-18,7,5,12,58.333333333333336,967.5416470413018
2025-11-19,7,5,12,58.333333333333336,945.7495884692074
2025-11-20,6,6,12,50.0,939.5879118311957
2025-11-21,6,6,12,50.0,930.3679872329063
2025-11-24,6,6,12,50.0,926.3339306003262
2025-11-25,6,6,12,50.0,923.5603273237134
2025-11-26,6,6,12,50.0,934.633213555469
2025-11-27,6,6,12,50.0,928.3007160543915
2025-11-28,6,6,12,50.0,926.2309877292782
2025-12-01,6,6,12,50.0,925.9047144984617
2025-12-02,6,6,12,50.0,913.48836622268
2025-12-03,6,6,12,50.0,903.3507321007953
2025-12-04,5,7,12,41.66666666666667,902.4797426190383
2025-12-05,5,7,12,41.66666666666667,904.9771255866153
2025-12-08,4,8,12,33.33333333333333,890.1060455400009
2025-12-09,4,8,12,33.33333333333333,903.1729873150548
2025-12-10,4,8,12,33.33333333333333,903.5038106929053
2025-12-11,4,8,12,33.33333333333333,909.82839343528
2025-12-12,5,7,12,41.66666666666667,917.4212614551685
2025-12-15,4,8,12,33.33333333333333,916.9020181478622
2025-12-16,4,8,12,33.33333333333333,906.5678731622199
2025-12-17,4,8,12,33.33333333333333,895.5891013456223
2025-12-18,3,9,12,25.0,891.6642453607683
2025-12-19,4,8,12,33.33333333333333,901.5483753975861
2025-12-22,5,7,12,41.66666666666667,900.0596625421263
2025-12-23,5,7,12,41.66666666666667,903.134512404512
2025-12-24,5,7,12,41.66666666666667,907.2855552274843
2025-12-26,6,6,12,50.0,902.8971607685173
2025-12-29,4,8,12,33.33333333333333,898.4970684160639
2025-12-30,6,6,12,50.0,903.3605943429582
2025-12-31,6,6,12,50.0,907.2597580132305
2026-01-01,6,6,12,50.0,913.880049333808
2026-01-02,6,6,12,50.0,924.9282497135513
2026-01-05,6,6,12,50.0,924.68696220898
2026-01-06,6,6,12,50.0,920.7094701849261
2026-01-07,6,6,12,50.0,918.6082453685758
2026-01-08,5,7,12,41.66666666666667,900.110379937237
2026-01-09,4,8,12,33.33333333333333,889.2749543456423
2026-01-12,4,8,12,33.33333333333333,887.9862643417094
2026-01-13,5,7,12,41.66666666666667,890.9919423736496
2026-01-14,4,8,12,33.33333333333333,892.959290652821
2026-01-16,4,8,12,33.33333333333333,892.959290652821
2026-01-19,4,8,12,33.33333333333333,887.0350325839155
2026-01-20,2,10,12,16.666666666666664,870.9690134042556
2026-01-21,1,11,12,8.333333333333332,861.9915811737056
2026-01-22,2,10,12,16.666666666666664,872.8246284202941
2026-01-23,2,10,12,16.666666666666664,864.0302219465165
2026-01-27,2,10,12,16.666666666666664,875.6600401009342
2026-01-28,3,9,12,25.0,884.2044051681253
2026-01-29,4,8,12,33.33333333333333,887.7766636080032
2026-01-30,4,8,12,33.33333333333333,892.6890412653045
2026-02-01,2,10,12,16.666666666666664,872.7382195371639
2026-02-02,2,10,12,16.666666666666664,868.2560718016157
2026-02-03,3,9,12,25.0,885.9382176539981
2026-02-04,3,9,12,25.0,894.7791195286006
2026-02-05,3,9,12,25.0,882.288911397433
2026-02-06,3,9,12,25.0,876.0123718320932
2026-02-09,3,9,12,25.0,884.6119069667262
2026-02-10,3,9,12,25.0,881.6702604000925
2026-02-11,3,9,12,25.0,876.3118624575217
2026-02-12,3,9,12,25.0,872.7044300175089
2026-02-13,3,9,12,25.0,860.0764074051989
2026-02-16,3,9,12,25.0,862.1826760867401
2026-02-17,3,9,12,25.0,866.0648662871091
2026-02-18,3,9,12,25.0,871.5933864723821
2026-02-19,2,10,12,16.666666666666664,862.3427654994736
2026-02-20,2,10,12,16.666666666666664,861.7544883681113
2026-02-23,2,10,12,16.666666666666664,862.0986032591288
2026-02-24,2,10,12,16.666666666666664,853.5161041920976
2026-02-25,3,9,12,25.0,867.2843840180172
2026-02-26,2,10,12,16.666666666666664,864.3868605788301
2026-02-27,2,10,12,16.666666666666664,844.9522367394849
2026-03-02,1,11,12,8.333333333333332,828.9032126057215
2026-03-04,0,12,12,0.0,809.9653712514794
2026-03-05,1,11,12,8.333333333333332,812.9240694546925
2026-03-06,0,12,12,0.0,807.7323230460966
2026-03-09,0,12,12,0.0,799.0102437367318
2026-03-10,2,10,12,16.666666666666664,823.5011245347577
2026-03-11,2,10,12,16.666666666666664,818.8209528212019
2026-03-12,1,11,12,8.333333333333332,808.8524438121349
2026-03-13,0,12,12,0.0,793.7296282132965
2026-03-16,1,11,12,8.333333333333332,794.2877942142619
2026-03-17,0,12,12,0.0,793.0071933316319
2026-03-18,1,11,12,8.333333333333332,808.5958794224855
2026-03-19,0,12,12,0.0,783.9408731029853
2026-03-20,0,12,12,0.0,777.086856178372
2026-03-23,0,12,12,0.0,750.5441220671661
2026-03-24,0,12,12,0.0,776.7614186667217
2026-03-25,2,10,12,16.666666666666664,800.0753600298818
2026-03-27,1,11,12,8.333333333333332,785.1487665403366
2026-03-30,1,11,12,8.333333333333332,765.0748626387445
2026-04-01,1,11,12,8.333333333333332,789.9669949853629
2026-04-02,1,11,12,8.333333333333332,790.2706358100206
2026-04-06,1,11,12,8.333333333333332,801.4876424243078
2026-04-07,1,11,12,8.333333333333332,801.9427447344024
2026-04-08,2,10,12,16.666666666666664,838.4338694741068
2026-04-09,2,10,12,16.666666666666664,839.0445306133892
2026-04-10,2,10,12,16.666666666666664,850.5741035174159
2026-04-13,2,10,12,16.666666666666664,849.170637554618
2026-04-15,2,10,12,16.666666666666664,864.8826483958043
2026-04-16,5,7,12,41.66666666666667,881.4287787840034
2026-04-17,5,7,12,41.66666666666667,892.3703378094636
2026-04-20,4,8,12,33.33333333333333,886.6131346458234
2026-04-21,6,6,12,50.0,912.6938351308588
2026-04-22,5,7,12,41.66666666666667,915.129117293687
2026-04-23,3,9,12,25.0,910.8135555602846
2026-04-24,4,8,12,33.33333333333333,911.223113880792
2026-04-27,5,7,12,41.66666666666667,919.0575682537263
2026-04-28,6,6,12,50.0,911.0917322122157
2026-04-29,5,7,12,41.66666666666667,914.9987458400199
2026-04-30,5,7,12,41.66666666666667,913.0541489845415
2026-05-04,8,4,12,66.66666666666666,922.3956570777856
2026-05-05,7,5,12,58.333333333333336,925.1425666878134
2026-05-06,9,3,12,75.0,938.5833748899689
2026-05-07,9,3,12,75.0,943.1464611391265
2026-05-08,9,3,12,75.0,944.7013845492885
2026-05-11,9,3,12,75.0,933.4949374504693
2026-05-12,4,8,12,33.33333333333333,906.9137177302982
2026-05-13,4,8,12,33.33333333333333,909.591769802071
2026-05-14,4,8,12,33.33333333333333,906.2507754201
2026-05-15,3,9,12,25.0,895.2453436628257
2026-05-18,1,11,12,8.333333333333332,880.0686546516002
2026-05-19,2,10,12,16.666666666666664,882.4376697953747
2026-05-20,3,9,12,25.0,891.1714859493395
2026-05-21,3,9,12,25.0,896.6495068516135
2026-05-22,3,9,12,25.0,899.0095190606282
2026-05-25,3,9,12,25.0,905.7705938657822
2026-05-26,3,9,12,25.0,908.35285816692
2026-05-27,3,9,12,25.0,912.7925335439627
2026-05-29,2,10,12,16.666666666666664,897.1936916863932
2026-06-01,2,10,12,16.666666666666664,892.1259729593521
2026-06-02,2,10,12,16.666666666666664,889.3156364385968
2026-06-03,2,10,12,16.666666666666664,887.3817379286795
2026-06-04,3,9,12,25.0,890.4545856008453
2026-06-05,3,9,12,25.0,893.0394570054375
2026-06-08,2,10,12,16.666666666666664,874.2900189835366
2026-06-09,4,8,12,33.33333333333333,887.9737562187055
2026-06-10,2,10,12,16.666666666666664,881.7990334575985
2026-06-11,2,10,12,16.666666666666664,874.0034327591318
2026-06-12,4,8,12,33.33333333333333,912.6621701300087
2026-06-15,8,4,12,66.66666666666666,923.9888881377276
2026-06-22,9,3,12,75.0,934.1690639031805
2026-06-23,7,5,12,58.333333333333336,923.460654209947
2026-06-24,7,5,12,58.333333333333336,933.3999715501751
2026-06-25,9,3,12,75.0,940.8203931345238
2026-06-29,7,5,12,58.333333333333336,934.3174210399098
2026-06-30,9,3,12,75.0,942.8126467998314
2026-07-01,10,2,12,83.33333333333334,953.9264118234332
2026-07-02,9,3,12,75.0,956.8363257161112
2026-07-03,10,2,12,83.33333333333334,972.8618012874923
2026-07-06,10,2,12,83.33333333333334,972.0396384572517
2026-07-07,10,2,12,83.33333333333334,963.5259753507469
2026-07-08,8,4,12,66.66666666666666,939.8974932010699
2026-07-09,8,4,12,66.66666666666666,947.6649622846468
2026-07-10,10,2,12,83.33333333333334,961.659091179529
2026-07-13,11,1,12,91.66666666666666,972.1835838211503
2026-07-14,10,2,12,83.33333333333334,952.4423084005364
2026-07-15,10,2,12,83.33333333333334,959.0602621727239
2026-07-16,10,2,12,83.33333333333334,954.9943444024965
2026-07-17,10,2,12,83.33333333333334,956.4103552113455
2026-07-20,9,3,12,75.0,955.4497556967624
2026-07-21,9,3,12,75.0,951.577604971059
2026-07-22,6,6,12,50.0,931.2025204289888
2026-07-23,5,7,12,41.66666666666667,914.0637404475015
2026-07-24,5,7,12,41.66666666666667,906.1982826266475
2026-07-27,6,6,12,50.0,918.8207478837003
2026-07-28,6,6,12,50.0,912.0873360462145
2026-07-29,6,6,12,50.0,915.6207111122197
2026-07-30,6,6,12,50.0,906.102804537975
2026-07-31,4,8,12,33.33333333333333,903.323817347429
2026-08-03,5,7,12,41.66666666666667,911.9743828144395
2026-08-04,4,8,12,33.33333333333333,905.9610805394994
2026-08-05,4,8,12,33.33333333333333,913.0675577876108
2026-08-06,4,8,12,33.33333333333333,917.578249846099
2026-08-07,4,8,12,33.33333333333333,906.9330647332944
2026-08-10,4,8,12,33.33333333333333,898.3808560851395
2026-08-11,4,8,12,33.33333333333333,897.7719850935932
2026-08-12,5,7,12,41.66666666666667,899.8000054704834
2026-08-13,5,7,12,41.66666666666667,898.3358457024657
2026-08-14,3,9,12,25.0,886.3439858228718
2026-08-17,3,9,12,25.0,884.3318205939735
2026-08-18,3,9,12,25.0,883.1262732597897
2026-08-19,2,10,12,16.666666666666664,883.7280172365066
2026-08-20,2,10,12,16.666666666666664,888.290867888887
2026-08-21,2,10,12,16.666666666666664,884.7021138336139
2026-08-24,2,10,12,16.666666666666664,877.3088171368361
2026-08-25,2,10,12,16.666666666666664,879.1749032566809
