Date,Above,Below,Total,Percentage,Index_Close
2014-08-07,7,0,7,100.0,132.31057104775417
2014-08-08,6,1,7,85.71428571428571,129.21577856241504
2014-08-11,6,1,7,85.71428571428571,129.23332190556334
2014-08-12,5,2,7,71.42857142857143,129.85475281184762
2014-08-13,5,2,7,71.42857142857143,126.55440338854918
2014-08-14,4,3,7,57.14285714285714,127.455562139702
2014-08-18,5,2,7,71.42857142857143,128.41062104432675
2014-08-19,5,2,7,71.42857142857143,129.77399654106438
2014-08-20,6,1,7,85.71428571428571,132.04568946279784
2014-08-21,6,1,7,85.71428571428571,131.65473396632396
2014-08-22,6,1,7,85.71428571428571,131.51660691338313
2014-08-25,6,1,7,85.71428571428571,132.20232597317184
2014-08-26,6,1,7,85.71428571428571,132.91021537563356
2014-08-27,6,1,7,85.71428571428571,133.77761284878
2014-08-28,4,3,7,57.14285714285714,133.38493639423268
2014-09-01,5,2,7,71.42857142857143,135.01811439698776
2014-09-02,6,1,7,85.71428571428571,135.12660371257232
2014-09-03,6,1,7,85.71428571428571,134.88909414144422
2014-09-04,6,1,7,85.71428571428571,133.78757223813096
2014-09-05,6,1,7,85.71428571428571,133.52563298621442
2014-09-08,6,1,7,85.71428571428571,134.54689178658063
2014-09-09,6,1,7,85.71428571428571,133.5291248236933
2014-09-10,6,1,7,85.71428571428571,135.8757301427369
2014-09-11,6,1,7,85.71428571428571,135.7592896366476
2014-09-12,6,1,7,85.71428571428571,136.0376242905229
2014-09-15,6,1,7,85.71428571428571,136.8745243805745
2014-09-16,6,1,7,85.71428571428571,133.26249646980781
2014-09-17,6,1,7,85.71428571428571,132.60713973688124
2014-09-18,6,1,7,85.71428571428571,135.4166198839056
2014-09-19,5,2,7,71.42857142857143,136.33393368204963
2014-09-22,6,1,7,85.71428571428571,135.2843501902952
2014-09-23,6,1,7,85.71428571428571,133.1750129030755
2014-09-24,6,1,7,85.71428571428571,132.4142006895039
2014-09-25,6,1,7,85.71428571428571,130.71326876430916
2014-09-26,6,1,7,85.71428571428571,130.79545520340244
2014-09-29,6,1,7,85.71428571428571,132.67584956231116
2014-09-30,6,1,7,85.71428571428571,134.2452942435815
2014-10-01,6,1,7,85.71428571428571,133.34824324942326
2014-10-07,6,1,7,85.71428571428571,132.6296214290151
2014-10-08,6,1,7,85.71428571428571,134.06488649867393
2014-10-09,6,1,7,85.71428571428571,137.08821878609302
2014-10-10,6,1,7,85.71428571428571,134.83689912407783
2014-10-13,6,1,7,85.71428571428571,134.62029325009578
2014-10-14,6,1,7,85.71428571428571,133.5739838831937
2014-10-16,6,1,7,85.71428571428571,132.27812395345322
2014-10-17,6,1,7,85.71428571428571,133.98405764512236
2014-10-20,6,1,7,85.71428571428571,134.96098213164822
2014-10-21,6,1,7,85.71428571428571,136.51602133173623
2014-10-22,6,1,7,85.71428571428571,138.69910181056576
2014-10-23,6,1,7,85.71428571428571,138.93261052961742
2014-10-27,6,1,7,85.71428571428571,138.81545410401722
2014-10-28,6,1,7,85.71428571428571,139.97918334053986
2014-10-29,6,1,7,85.71428571428571,140.55690104992377
2014-10-30,6,1,7,85.71428571428571,140.19826173605804
2014-10-31,6,1,7,85.71428571428571,141.78112537914947
2014-11-03,6,1,7,85.71428571428571,144.88088520140238
2014-11-05,6,1,7,85.71428571428571,145.71672466680155
2014-11-07,6,1,7,85.71428571428571,146.07778682737674
2014-11-10,6,1,7,85.71428571428571,147.74168403140234
2014-11-11,6,1,7,85.71428571428571,146.97666764349754
2014-11-12,6,1,7,85.71428571428571,147.123434660202
2014-11-13,6,1,7,85.71428571428571,147.39973226464477
2014-11-14,6,1,7,85.71428571428571,146.2141297037212
2014-11-17,6,1,7,85.71428571428571,148.25305816260357
2014-11-18,6,1,7,85.71428571428571,149.74191632619232
2014-11-19,6,1,7,85.71428571428571,148.65572563056878
2014-11-20,6,1,7,85.71428571428571,146.876023781941
2014-11-21,6,1,7,85.71428571428571,150.3938607276392
2014-11-24,6,1,7,85.71428571428571,149.8665228739647
2014-11-25,6,1,7,85.71428571428571,148.04467683945037
2014-11-26,6,1,7,85.71428571428571,147.96848497991618
2014-11-27,6,1,7,85.71428571428571,147.46193169973716
2014-11-28,6,1,7,85.71428571428571,147.3218824354637
2014-12-01,6,1,7,85.71428571428571,146.70442147768432
2014-12-02,6,1,7,85.71428571428571,147.94770476375888
2014-12-03,6,1,7,85.71428571428571,151.47907583995575
2014-12-04,7,0,7,100.0,153.34967011885624
2014-12-05,6,1,7,85.71428571428571,153.9719883488586
2014-12-08,7,0,7,100.0,155.7534101648671
2014-12-09,6,1,7,85.71428571428571,151.43721088443064
2014-12-10,7,0,7,100.0,153.41455469624395
2014-12-11,7,0,7,100.0,156.50115627345278
2014-12-12,6,1,7,85.71428571428571,153.48563325800032
2014-12-15,6,1,7,85.71428571428571,155.3380567588414
2014-12-16,6,1,7,85.71428571428571,151.63406755946275
2014-12-17,6,1,7,85.71428571428571,149.47431665418875
2014-12-18,6,1,7,85.71428571428571,153.6003152032711
2014-12-19,6,1,7,85.71428571428571,153.48601627991036
2014-12-22,6,1,7,85.71428571428571,154.14680820224822
2014-12-23,6,1,7,85.71428571428571,154.80915741909206
2014-12-24,6,1,7,85.71428571428571,156.91064258042874
2014-12-26,7,0,7,100.0,156.45697981877618
2014-12-29,7,0,7,100.0,155.89909552303635
2014-12-30,7,0,7,100.0,156.3876723902742
2014-12-31,7,0,7,100.0,157.60858941588629
2015-01-01,7,0,7,100.0,158.21795806933574
2015-01-02,7,0,7,100.0,157.13841922950436
2015-01-05,6,1,7,85.71428571428571,156.3033647533439
2015-01-06,6,1,7,85.71428571428571,150.85187131417496
2015-01-07,6,1,7,85.71428571428571,148.5297408922001
2015-01-08,6,1,7,85.71428571428571,149.5606363801364
2015-01-09,5,2,7,71.42857142857143,149.66640106071293
2015-01-12,7,0,7,100.0,156.51694324930466
2015-01-13,6,1,7,85.71428571428571,158.24186462152105
2015-01-14,6,1,7,85.71428571428571,156.72140050958646
2015-01-15,7,0,7,100.0,157.79333243640994
2015-01-16,7,0,7,100.0,162.0293169267684
2015-01-19,7,0,7,100.0,161.5635861363316
2015-01-20,7,0,7,100.0,161.93320401295153
2015-01-21,7,0,7,100.0,157.90071871467225
2015-01-22,7,0,7,100.0,157.99946525296795
2015-01-23,7,0,7,100.0,155.74769519728943
2015-01-27,7,0,7,100.0,155.7275823610778
2015-01-28,7,0,7,100.0,154.5875596016778
2015-01-29,7,0,7,100.0,156.55340875003347
2015-01-30,7,0,7,100.0,155.50849922052282
2015-02-02,7,0,7,100.0,156.87195206175969
2015-02-03,7,0,7,100.0,156.76918715307343
2015-02-04,7,0,7,100.0,155.8423441975252
2015-02-05,7,0,7,100.0,152.76255332980645
2015-02-06,7,0,7,100.0,149.6762289205723
2015-02-09,6,1,7,85.71428571428571,149.8429364331008
2015-02-10,6,1,7,85.71428571428571,149.45793093642635
2015-02-11,6,1,7,85.71428571428571,151.3303329907837
2015-02-12,7,0,7,100.0,154.33544503185922
2015-02-13,6,1,7,85.71428571428571,154.6024762828238
2015-02-16,6,1,7,85.71428571428571,151.57949162049584
2015-02-18,6,1,7,85.71428571428571,153.96991888834913
2015-02-19,5,2,7,71.42857142857143,152.4045541139859
2015-02-20,5,2,7,71.42857142857143,151.58397977455107
2015-02-23,5,2,7,71.42857142857143,151.048515581481
2015-02-24,5,2,7,71.42857142857143,150.93600292146644
2015-02-25,4,3,7,57.14285714285714,148.92666838367495
2015-02-26,4,3,7,57.14285714285714,146.41921627769375
2015-02-27,4,3,7,57.14285714285714,145.10398139899004
2015-02-28,4,3,7,57.14285714285714,144.49062367548896
2015-03-02,4,3,7,57.14285714285714,145.43844917668406
2015-03-03,5,2,7,71.42857142857143,147.252798279479
2015-03-04,4,3,7,57.14285714285714,144.56690601295864
2015-03-05,4,3,7,57.14285714285714,145.26380527306767
2015-03-09,3,4,7,42.857142857142854,141.99434325898196
2015-03-10,3,4,7,42.857142857142854,141.39234429249058
2015-03-11,3,4,7,42.857142857142854,139.62916780803187
2015-03-12,4,3,7,57.14285714285714,142.50649283521082
2015-03-13,3,4,7,42.857142857142854,139.6973823325214
2015-03-16,3,4,7,42.857142857142854,138.66815891054446
2015-03-17,3,4,7,42.857142857142854,139.47015980311411
2015-03-18,3,4,7,42.857142857142854,139.4553573774347
2015-03-19,3,4,7,42.857142857142854,138.06430771084442
2015-03-20,3,4,7,42.857142857142854,134.90116102315065
2015-03-23,3,4,7,42.857142857142854,134.03711196329496
2015-03-24,3,4,7,42.857142857142854,136.25600071680623
2015-03-25,2,5,7,28.57142857142857,134.3979586474882
2015-03-26,2,5,7,28.57142857142857,133.02485177494273
2015-03-27,3,4,7,42.857142857142854,132.07243796701223
2015-03-30,3,4,7,42.857142857142854,136.6385333859829
2015-03-31,3,4,7,42.857142857142854,137.34843940741857
2015-04-01,3,4,7,42.857142857142854,139.31447445152884
2015-04-06,3,4,7,42.857142857142854,139.7375567054021
2015-04-07,3,4,7,42.857142857142854,139.06579827833235
2015-04-08,3,4,7,42.857142857142854,139.95469621963485
2015-04-09,3,4,7,42.857142857142854,143.88877574921125
2015-04-10,5,2,7,71.42857142857143,149.611139204612
2015-04-13,5,2,7,71.42857142857143,148.94128101639996
2015-04-15,5,2,7,71.42857142857143,146.22083906400135
2015-04-16,3,4,7,42.857142857142854,143.96299187031752
2015-04-17,4,3,7,57.14285714285714,143.5444000328864
2015-04-20,3,4,7,42.857142857142854,140.77083791661255
2015-04-21,1,6,7,14.285714285714285,138.50310260029383
2015-04-22,3,4,7,42.857142857142854,140.7826794949718
2015-04-23,2,5,7,28.57142857142857,140.25671410974374
2015-04-24,1,6,7,14.285714285714285,138.14889508955827
2015-04-27,1,6,7,14.285714285714285,136.56317294676532
2015-04-28,1,6,7,14.285714285714285,138.0251015321642
2015-04-29,2,5,7,28.57142857142857,138.46319466135918
2015-04-30,2,5,7,28.57142857142857,137.76206911823445
2015-05-04,3,4,7,42.857142857142854,141.76226696021004
2015-05-05,2,5,7,28.57142857142857,142.23527530865755
2015-05-06,2,5,7,28.57142857142857,137.88655005892915
2015-05-07,2,5,7,28.57142857142857,136.6449725288446
2015-05-08,2,5,7,28.57142857142857,139.3041749921967
2015-05-11,3,4,7,42.857142857142854,142.48628004830513
2015-05-12,2,5,7,28.57142857142857,139.01587923484783
2015-05-13,2,5,7,28.57142857142857,138.9439847625459
2015-05-14,2,5,7,28.57142857142857,140.60684935769362
2015-05-15,2,5,7,28.57142857142857,139.02275117167412
2015-05-18,1,6,7,14.285714285714285,141.44027513315783
2015-05-19,2,5,7,28.57142857142857,141.78095082505496
2015-05-20,2,5,7,28.57142857142857,143.05807521701834
2015-05-21,2,5,7,28.57142857142857,141.99738998694107
2015-05-22,2,5,7,28.57142857142857,141.81116982891902
2015-05-25,2,5,7,28.57142857142857,141.40176112282577
2015-05-26,2,5,7,28.57142857142857,142.42920009716207
2015-05-27,3,4,7,42.857142857142854,142.50010446365943
2015-05-28,3,4,7,42.857142857142854,142.87856496436646
2015-05-29,2,5,7,28.57142857142857,141.59904476065662
2015-06-01,2,5,7,28.57142857142857,143.4692523952859
2015-06-02,1,6,7,14.285714285714285,142.80255781488643
2015-06-03,1,6,7,14.285714285714285,141.49907400409597
2015-06-04,1,6,7,14.285714285714285,142.88145375985658
2015-06-05,1,6,7,14.285714285714285,142.8878060635756
2015-06-08,1,6,7,14.285714285714285,135.81970362245823
2015-06-09,1,6,7,14.285714285714285,137.44261907455336
2015-06-10,1,6,7,14.285714285714285,138.5556836404458
2015-06-11,1,6,7,14.285714285714285,136.7224045714829
2015-06-12,1,6,7,14.285714285714285,137.03204360517665
2015-06-15,1,6,7,14.285714285714285,139.51807356081883
2015-06-16,2,5,7,28.57142857142857,140.7398116698539
2015-06-17,2,5,7,28.57142857142857,144.66417556886833
2015-06-18,4,3,7,57.14285714285714,145.69029757981497
2015-06-19,3,4,7,42.857142857142854,147.08876356086463
2015-06-22,4,3,7,57.14285714285714,147.26883110568207
2015-06-23,4,3,7,57.14285714285714,147.27325476768652
2015-06-24,3,4,7,42.857142857142854,144.86674833943178
2015-06-25,4,3,7,57.14285714285714,145.2951755503217
2015-06-26,4,3,7,57.14285714285714,145.86998892932525
2015-06-29,4,3,7,57.14285714285714,143.6829868033701
2015-06-30,4,3,7,57.14285714285714,146.51153170813075
2015-07-01,4,3,7,57.14285714285714,147.09504505893423
2015-07-02,3,4,7,42.857142857142854,151.72039974236748
2015-07-03,4,3,7,57.14285714285714,154.13622630007112
2015-07-06,4,3,7,57.14285714285714,158.57255769222448
2015-07-07,4,3,7,57.14285714285714,157.6178742026977
2015-07-08,4,3,7,57.14285714285714,155.07311334346193
2015-07-09,4,3,7,57.14285714285714,154.62209292716057
2015-07-10,3,4,7,42.857142857142854,155.46337788093754
2015-07-13,4,3,7,57.14285714285714,158.72806281926268
2015-07-14,3,4,7,42.857142857142854,158.04727019560335
2015-07-15,3,4,7,42.857142857142854,158.61212371163674
2015-07-16,3,4,7,42.857142857142854,159.85635251933073
2015-07-17,3,4,7,42.857142857142854,160.4922955533988
2015-07-20,4,3,7,57.14285714285714,161.67607080834048
2015-07-21,4,3,7,57.14285714285714,159.40281371294662
2015-07-22,3,4,7,42.857142857142854,162.1167492254132
2015-07-23,3,4,7,42.857142857142854,163.91279874558393
2015-07-24,2,5,7,28.57142857142857,164.17877919506702
2015-07-27,3,4,7,42.857142857142854,166.36132662340052
2015-07-28,3,4,7,42.857142857142854,165.7870467468437
2015-07-29,3,4,7,42.857142857142854,169.72701832993872
2015-07-30,3,4,7,42.857142857142854,168.93178282123802
2015-07-31,3,4,7,42.857142857142854,172.54988030934464
2015-08-03,4,3,7,57.14285714285714,175.21076707630343
2015-08-04,4,3,7,57.14285714285714,174.85196170541244
2015-08-05,4,3,7,57.14285714285714,175.89508356769076
2015-08-06,3,4,7,42.857142857142854,173.77951673967132
2015-08-07,3,4,7,42.857142857142854,175.53855883780233
2015-08-10,4,3,7,57.14285714285714,174.6814554602279
2015-08-11,3,4,7,42.857142857142854,175.25640690340586
2015-08-12,3,4,7,42.857142857142854,169.80936341342965
2015-08-13,3,4,7,42.857142857142854,170.06037021046734
2015-08-14,3,4,7,42.857142857142854,172.9840380480783
2015-08-17,4,3,7,57.14285714285714,172.508087957955
2015-08-18,3,4,7,42.857142857142854,170.91224326592516
2015-08-19,4,3,7,57.14285714285714,171.20523463855972
2015-08-20,3,4,7,42.857142857142854,166.5268705495482
2015-08-21,3,4,7,42.857142857142854,166.12851713013487
2015-08-24,2,5,7,28.57142857142857,150.39706330469863
2015-08-25,2,5,7,28.57142857142857,149.26489408760227
2015-08-26,3,4,7,42.857142857142854,153.1941123255861
2015-08-27,3,4,7,42.857142857142854,158.3891135760481
2015-08-28,3,4,7,42.857142857142854,160.01809954445307
2015-08-31,3,4,7,42.857142857142854,160.95410019017007
2015-09-01,3,4,7,42.857142857142854,158.19853389135844
2015-09-02,4,3,7,57.14285714285714,158.9165920714871
2015-09-03,4,3,7,57.14285714285714,160.80541279775758
2015-09-04,4,3,7,57.14285714285714,160.0291188139716
2015-09-07,4,3,7,57.14285714285714,157.6440027640835
2015-09-08,4,3,7,57.14285714285714,158.14749555597683
2015-09-09,4,3,7,57.14285714285714,158.98479505634592
2015-09-10,3,4,7,42.857142857142854,158.3441495939369
2015-09-11,3,4,7,42.857142857142854,158.79797337938152
2015-09-14,3,4,7,42.857142857142854,160.45863401563872
2015-09-15,3,4,7,42.857142857142854,161.0198526679173
2015-09-16,3,4,7,42.857142857142854,160.26916848381626
2015-09-18,3,4,7,42.857142857142854,162.55652643706716
2015-09-21,3,4,7,42.857142857142854,164.37012618883975
2015-09-22,4,3,7,57.14285714285714,162.412372550554
2015-09-23,4,3,7,57.14285714285714,162.91919943333463
2015-09-24,4,3,7,57.14285714285714,164.954937759385
2015-09-28,3,4,7,42.857142857142854,160.33757677485002
2015-09-29,4,3,7,57.14285714285714,158.32604494456172
2015-09-30,4,3,7,57.14285714285714,159.89282613089912
2015-10-01,4,3,7,57.14285714285714,159.82203030694916
2015-10-05,4,3,7,57.14285714285714,162.935399800161
2015-10-06,4,3,7,57.14285714285714,162.10096618572686
2015-10-07,3,4,7,42.857142857142854,163.1122206787098
2015-10-08,3,4,7,42.857142857142854,162.24361056369384
2015-10-09,3,4,7,42.857142857142854,165.93536028278356
2015-10-12,3,4,7,42.857142857142854,164.53724057894098
2015-10-13,4,3,7,57.14285714285714,165.62267359093687
2015-10-14,4,3,7,57.14285714285714,165.6400325798814
2015-10-15,4,3,7,57.14285714285714,169.69054966594038
2015-10-16,4,3,7,57.14285714285714,169.3186654846572
2015-10-19,4,3,7,57.14285714285714,171.07561321131627
2015-10-20,4,3,7,57.14285714285714,170.87308849106083
2015-10-21,4,3,7,57.14285714285714,170.93118815921812
2015-10-23,4,3,7,57.14285714285714,169.29635229546923
2015-10-26,4,3,7,57.14285714285714,169.16015012541516
2015-10-27,4,3,7,57.14285714285714,168.21182200273012
2015-10-28,4,3,7,57.14285714285714,168.561421329879
2015-10-29,4,3,7,57.14285714285714,169.61606797096331
2015-10-30,4,3,7,57.14285714285714,168.75550066823604
2015-11-02,4,3,7,57.14285714285714,167.80644918989256
2015-11-03,4,3,7,57.14285714285714,168.86396483543174
2015-11-04,4,3,7,57.14285714285714,169.72798513108924
2015-11-05,4,3,7,57.14285714285714,166.9258598648058
2015-11-06,4,3,7,57.14285714285714,167.40223357421115
2015-11-09,4,3,7,57.14285714285714,169.0008481325793
2015-11-10,4,3,7,57.14285714285714,168.79964458851907
2015-11-11,4,3,7,57.14285714285714,172.6269752639219
2015-11-13,4,3,7,57.14285714285714,170.46114957290695
2015-11-16,4,3,7,57.14285714285714,169.2739778132735
2015-11-17,4,3,7,57.14285714285714,169.27910499843426
2015-11-18,4,3,7,57.14285714285714,166.97722394564377
2015-11-19,4,3,7,57.14285714285714,169.53466468939408
2015-11-20,4,3,7,57.14285714285714,168.76771377489987
2015-11-23,4,3,7,57.14285714285714,169.67806969278698
2015-11-24,4,3,7,57.14285714285714,169.72522325464521
2015-11-26,4,3,7,57.14285714285714,170.69424750779223
2015-11-27,4,3,7,57.14285714285714,171.4377085986243
2015-11-30,4,3,7,57.14285714285714,173.78940099441013
2015-12-01,4,3,7,57.14285714285714,175.48815577590003
2015-12-02,4,3,7,57.14285714285714,174.8038608429025
2015-12-03,5,2,7,71.42857142857143,177.44300768478433
2015-12-04,4,3,7,57.14285714285714,174.18780367741184
2015-12-07,5,2,7,71.42857142857143,174.60473178280134
2015-12-08,4,3,7,57.14285714285714,171.3980631747813
2015-12-09,4,3,7,57.14285714285714,166.50355269913032
2015-12-10,4,3,7,57.14285714285714,169.96576994315888
2015-12-11,4,3,7,57.14285714285714,167.25089200349606
2015-12-14,4,3,7,57.14285714285714,168.7169114785248
2015-12-15,4,3,7,57.14285714285714,169.67971835900966
2015-12-16,4,3,7,57.14285714285714,169.0777354849437
2015-12-17,5,2,7,71.42857142857143,171.5571891271268
2015-12-18,5,2,7,71.42857142857143,178.63393777090647
2015-12-21,5,2,7,71.42857142857143,182.35844982373223
2015-12-22,5,2,7,71.42857142857143,181.15010418037375
2015-12-23,5,2,7,71.42857142857143,180.7554054356826
2015-12-24,5,2,7,71.42857142857143,181.4347146330296
2015-12-28,5,2,7,71.42857142857143,183.9052415159341
2015-12-29,5,2,7,71.42857142857143,182.38689576091994
2015-12-30,5,2,7,71.42857142857143,183.52890224323875
2015-12-31,5,2,7,71.42857142857143,183.9867820627288
2016-01-01,5,2,7,71.42857142857143,185.4917438609522
2016-01-04,5,2,7,71.42857142857143,181.21047229569302
2016-01-05,5,2,7,71.42857142857143,182.22284738980736
2016-01-06,5,2,7,71.42857142857143,180.86390827129054
2016-01-07,5,2,7,71.42857142857143,175.75228080801853
2016-01-08,5,2,7,71.42857142857143,179.23619882786852
2016-01-11,5,2,7,71.42857142857143,176.28920330814003
2016-01-12,5,2,7,71.42857142857143,174.88401826029894
2016-01-13,5,2,7,71.42857142857143,173.82428077376952
2016-01-14,4,3,7,57.14285714285714,170.3531511060248
2016-01-15,3,4,7,42.857142857142854,162.8812957039159
2016-01-18,2,5,7,28.57142857142857,156.831751247801
2016-01-19,3,4,7,42.857142857142854,159.75109190380607
2016-01-20,1,6,7,14.285714285714285,152.5989319558662
2016-01-21,1,6,7,14.285714285714285,151.67815648289803
2016-01-22,1,6,7,14.285714285714285,156.44614848249827
2016-01-25,3,4,7,42.857142857142854,156.39476624031937
2016-01-27,2,5,7,28.57142857142857,157.27462202338464
2016-01-28,3,4,7,42.857142857142854,159.987765242363
2016-01-29,3,4,7,42.857142857142854,162.78349245252934
2016-02-01,3,4,7,42.857142857142854,163.5579987570979
2016-02-02,3,4,7,42.857142857142854,159.021758167383
2016-02-03,1,6,7,14.285714285714285,156.50206047092843
2016-02-04,1,6,7,14.285714285714285,154.33218882387516
2016-02-05,2,5,7,28.57142857142857,157.8853454293512
2016-02-08,1,6,7,14.285714285714285,157.08035523843557
2016-02-09,1,6,7,14.285714285714285,154.16777345055965
2016-02-10,0,7,7,0.0,152.30422691478708
2016-02-11,0,7,7,0.0,145.7233652087127
2016-02-12,1,6,7,14.285714285714285,147.50052408770577
2016-02-15,2,5,7,28.57142857142857,154.34839345271016
2016-02-16,1,6,7,14.285714285714285,150.14822521980167
2016-02-17,1,6,7,14.285714285714285,150.4903781755819
2016-02-18,1,6,7,14.285714285714285,151.47856811933252
2016-02-19,2,5,7,28.57142857142857,149.4429751632665
2016-02-22,2,5,7,28.57142857142857,152.09091645415438
2016-02-23,2,5,7,28.57142857142857,149.64035912656968
2016-02-24,2,5,7,28.57142857142857,148.5935347227232
2016-02-25,1,6,7,14.285714285714285,146.86836025926542
2016-02-26,1,6,7,14.285714285714285,146.22580366618138
2016-02-29,1,6,7,14.285714285714285,143.2152643465487
2016-03-01,2,5,7,28.57142857142857,152.25127089919445
2016-03-02,3,4,7,42.857142857142854,160.97789601329185
2016-03-03,2,5,7,28.57142857142857,159.3544506710895
2016-03-04,3,4,7,42.857142857142854,158.77274363777573
2016-03-08,3,4,7,42.857142857142854,158.92103183356983
2016-03-09,3,4,7,42.857142857142854,158.41159959426997
2016-03-10,3,4,7,42.857142857142854,157.40159795010814
2016-03-11,3,4,7,42.857142857142854,157.27916070786313
2016-03-14,3,4,7,42.857142857142854,157.82021704931404
2016-03-15,2,5,7,28.57142857142857,155.26832744182383
2016-03-16,2,5,7,28.57142857142857,156.07297418314135
2016-03-17,2,5,7,28.57142857142857,156.5941104073024
2016-03-18,3,4,7,42.857142857142854,157.59154326352348
2016-03-21,3,4,7,42.857142857142854,157.54074107363684
2016-03-22,2,5,7,28.57142857142857,157.77093634137063
2016-03-23,2,5,7,28.57142857142857,159.2344100271967
2016-03-28,2,5,7,28.57142857142857,157.4640673002576
2016-03-29,2,5,7,28.57142857142857,157.170011618088
2016-03-30,2,5,7,28.57142857142857,157.488974738475
2016-03-31,2,5,7,28.57142857142857,160.41718659286315
2016-04-01,2,5,7,28.57142857142857,160.58710784935116
2016-04-04,4,3,7,57.14285714285714,163.96496624089752
2016-04-05,2,5,7,28.57142857142857,158.92907951506606
2016-04-06,2,5,7,28.57142857142857,161.03160810078444
2016-04-07,2,5,7,28.57142857142857,158.94894342240667
2016-04-08,2,5,7,28.57142857142857,159.72507403502095
2016-04-11,3,4,7,42.857142857142854,161.0795012275293
2016-04-12,3,4,7,42.857142857142854,162.08347790902263
2016-04-13,4,3,7,57.14285714285714,162.0873932200973
2016-04-18,4,3,7,57.14285714285714,162.60533893290284
2016-04-20,4,3,7,57.14285714285714,163.41616364938187
2016-04-21,4,3,7,57.14285714285714,161.08163115873035
2016-04-22,4,3,7,57.14285714285714,162.10079715744706
2016-04-25,4,3,7,57.14285714285714,161.57448952817433
2016-04-26,4,3,7,57.14285714285714,162.9568386166813
2016-04-27,4,3,7,57.14285714285714,164.56471190885708
2016-04-28,4,3,7,57.14285714285714,166.26683672440845
2016-04-29,4,3,7,57.14285714285714,167.31579433363956
2016-05-02,4,3,7,57.14285714285714,166.31616721123314
2016-05-03,4,3,7,57.14285714285714,166.03480902548296
2016-05-04,4,3,7,57.14285714285714,162.70145931085156
2016-05-05,4,3,7,57.14285714285714,162.89308502585723
2016-05-06,3,4,7,42.857142857142854,162.1943178682699
2016-05-09,4,3,7,57.14285714285714,164.08283728208303
2016-05-10,4,3,7,57.14285714285714,162.99954661283448
2016-05-11,4,3,7,57.14285714285714,165.1203085499092
2016-05-12,4,3,7,57.14285714285714,166.64654963198126
2016-05-13,4,3,7,57.14285714285714,167.87594287702964
2016-05-16,4,3,7,57.14285714285714,167.22577859104624
2016-05-17,4,3,7,57.14285714285714,170.84382261052008
2016-05-18,4,3,7,57.14285714285714,167.70740458539086
2016-05-19,3,4,7,42.857142857142854,160.6608284532941
2016-05-20,3,4,7,42.857142857142854,161.7236849964644
2016-05-23,3,4,7,42.857142857142854,160.9740040175038
2016-05-24,4,3,7,57.14285714285714,162.50006628030079
2016-05-25,4,3,7,57.14285714285714,164.7808131709983
2016-05-26,4,3,7,57.14285714285714,165.30597797601683
2016-05-27,4,3,7,57.14285714285714,167.9313668393643
2016-05-30,4,3,7,57.14285714285714,168.60052254745733
2016-05-31,4,3,7,57.14285714285714,168.15255585353415
2016-06-01,4,3,7,57.14285714285714,166.8749131271716
2016-06-02,3,4,7,42.857142857142854,167.36976507477772
2016-06-03,3,4,7,42.857142857142854,166.8029903777159
2016-06-06,3,4,7,42.857142857142854,166.9272642514951
2016-06-07,2,5,7,28.57142857142857,168.58227861863847
2016-06-08,2,5,7,28.57142857142857,169.46258293250443
2016-06-09,2,5,7,28.57142857142857,168.17475652801204
2016-06-10,3,4,7,42.857142857142854,167.62515924448843
2016-06-13,3,4,7,42.857142857142854,167.09204814437814
2016-06-14,3,4,7,42.857142857142854,167.92995682469603
2016-06-15,3,4,7,42.857142857142854,169.01668555784315
2016-06-16,3,4,7,42.857142857142854,166.98535252676893
2016-06-17,3,4,7,42.857142857142854,166.98275399625186
2016-06-20,3,4,7,42.857142857142854,166.7327408964942
2016-06-21,3,4,7,42.857142857142854,166.60458511341437
2016-06-22,3,4,7,42.857142857142854,165.98665946643288
2016-06-23,2,5,7,28.57142857142857,165.0046188986541
2016-06-24,2,5,7,28.57142857142857,163.45514258031207
2016-06-27,2,5,7,28.57142857142857,162.8266255066219
2016-06-28,2,5,7,28.57142857142857,163.40230773244625
2016-06-29,2,5,7,28.57142857142857,165.60434072545675
2016-06-30,3,4,7,42.857142857142854,168.01031649743624
2016-07-01,3,4,7,42.857142857142854,167.54505583176152
2016-07-04,3,4,7,42.857142857142854,169.9382103891296
2016-07-05,3,4,7,42.857142857142854,170.97088835759243
2016-07-07,5,2,7,71.42857142857143,173.99454756986975
2016-07-08,5,2,7,71.42857142857143,173.35622875862597
2016-07-11,5,2,7,71.42857142857143,178.43926058688115
2016-07-12,5,2,7,71.42857142857143,176.60614562161507
2016-07-13,4,3,7,57.14285714285714,172.47588997273314
2016-07-14,4,3,7,57.14285714285714,174.7342024199402
2016-07-15,4,3,7,57.14285714285714,173.56044966800238
2016-07-18,4,3,7,57.14285714285714,173.02741606912423
2016-07-19,4,3,7,57.14285714285714,173.93509870081581
2016-07-20,4,3,7,57.14285714285714,175.59522000238704
2016-07-21,4,3,7,57.14285714285714,175.02831023426194
2016-07-22,4,3,7,57.14285714285714,179.2233687093408
2016-07-25,4,3,7,57.14285714285714,182.3576249439889
2016-07-26,4,3,7,57.14285714285714,180.1617954992563
2016-07-27,4,3,7,57.14285714285714,179.4370905961651
2016-07-28,4,3,7,57.14285714285714,179.7822610155031
2016-07-29,4,3,7,57.14285714285714,181.82794556427191
2016-08-01,4,3,7,57.14285714285714,183.55706690037943
2016-08-02,4,3,7,57.14285714285714,183.7838201144873
2016-08-03,4,3,7,57.14285714285714,181.53527030619227
2016-08-04,4,3,7,57.14285714285714,180.507629544815
2016-08-05,4,3,7,57.14285714285714,182.72575125775757
2016-08-08,4,3,7,57.14285714285714,183.10758228048857
2016-08-09,4,3,7,57.14285714285714,182.17532371551906
2016-08-10,4,3,7,57.14285714285714,179.10680390245673
2016-08-11,4,3,7,57.14285714285714,176.25985059920365
2016-08-12,4,3,7,57.14285714285714,177.75940282448857
2016-08-16,4,3,7,57.14285714285714,177.97819646604677
2016-08-17,4,3,7,57.14285714285714,177.46598963188634
2016-08-18,4,3,7,57.14285714285714,180.14176910404942
2016-08-19,4,3,7,57.14285714285714,181.1627380325345
2016-08-22,4,3,7,57.14285714285714,178.45761965318695
2016-08-23,4,3,7,57.14285714285714,179.09710237854225
2016-08-24,4,3,7,57.14285714285714,179.6322030561377
2016-08-25,4,3,7,57.14285714285714,178.95567424055133
2016-08-26,4,3,7,57.14285714285714,177.41619331345723
2016-08-29,4,3,7,57.14285714285714,179.895564196446
2016-08-30,5,2,7,71.42857142857143,182.81612152770236
2016-08-31,5,2,7,71.42857142857143,184.62745533810855
2016-09-01,4,3,7,57.14285714285714,181.154540481206
2016-09-02,4,3,7,57.14285714285714,181.07500173646673
2016-09-06,4,3,7,57.14285714285714,183.17935665588305
2016-09-07,4,3,7,57.14285714285714,185.13021438782792
2016-09-08,4,3,7,57.14285714285714,184.4839942040159
2016-09-09,4,3,7,57.14285714285714,181.69976175877608
2016-09-12,4,3,7,57.14285714285714,175.47177783030185
2016-09-14,4,3,7,57.14285714285714,177.06471094247811
2016-09-15,4,3,7,57.14285714285714,180.6246238789373
2016-09-16,4,3,7,57.14285714285714,179.39281314426486
2016-09-19,4,3,7,57.14285714285714,179.258320425436
2016-09-20,4,3,7,57.14285714285714,178.55191731533108
2016-09-21,4,3,7,57.14285714285714,178.27484515008086
2016-09-22,5,2,7,71.42857142857143,179.96213630589418
2016-09-23,4,3,7,57.14285714285714,179.3261135906601
2016-09-26,4,3,7,57.14285714285714,177.5720855082098
2016-09-27,4,3,7,57.14285714285714,177.82324895943623
2016-09-28,5,2,7,71.42857142857143,183.26965948751615
2016-09-29,4,3,7,57.14285714285714,175.15628911266097
2016-09-30,5,2,7,71.42857142857143,179.62806789826928
2016-10-03,5,2,7,71.42857142857143,190.1017832384194
2016-10-04,5,2,7,71.42857142857143,186.73865857293112
2016-10-05,5,2,7,71.42857142857143,188.18979767321466
2016-10-06,5,2,7,71.42857142857143,188.61674268742422
2016-10-07,5,2,7,71.42857142857143,189.77625242090687
2016-10-10,5,2,7,71.42857142857143,191.7340417887491
2016-10-13,5,2,7,71.42857142857143,187.47777230634088
2016-10-14,5,2,7,71.42857142857143,189.4246945425831
2016-10-17,4,3,7,57.14285714285714,185.5220065980633
2016-10-18,4,3,7,57.14285714285714,188.29418946132284
2016-10-19,4,3,7,57.14285714285714,187.61963552124539
2016-10-20,5,2,7,71.42857142857143,188.08935941972229
2016-10-21,4,3,7,57.14285714285714,186.7147266313673
2016-10-24,4,3,7,57.14285714285714,186.79901143229304
2016-10-25,4,3,7,57.14285714285714,186.88346200593705
2016-10-26,5,2,7,71.42857142857143,191.88096628283625
2016-10-27,4,3,7,57.14285714285714,188.16040147800243
2016-10-28,5,2,7,71.42857142857143,191.02256928451408
2016-10-30,5,2,7,71.42857142857143,191.99804985197426
2016-11-01,5,2,7,71.42857142857143,191.13090808523162
2016-11-02,4,3,7,57.14285714285714,188.10287610955427
2016-11-03,4,3,7,57.14285714285714,186.54650217093587
2016-11-04,4,3,7,57.14285714285714,183.8844164366018
2016-11-07,4,3,7,57.14285714285714,186.06433724928726
2016-11-08,4,3,7,57.14285714285714,186.39406316446667
2016-11-09,4,3,7,57.14285714285714,181.552416453031
2016-11-10,4,3,7,57.14285714285714,184.126309929439
2016-11-11,4,3,7,57.14285714285714,178.93967903779145
2016-11-15,3,4,7,42.857142857142854,173.00999835546568
2016-11-16,4,3,7,57.14285714285714,174.4536493265409
2016-11-17,4,3,7,57.14285714285714,171.1360187143106
2016-11-18,3,4,7,42.857142857142854,170.57907879349054
2016-11-21,3,4,7,42.857142857142854,165.48011887567318
2016-11-22,3,4,7,42.857142857142854,165.92795180141707
2016-11-23,5,2,7,71.42857142857143,169.27674984571894
2016-11-24,4,3,7,57.14285714285714,168.06686813276644
2016-11-25,4,3,7,57.14285714285714,169.8778390549372
2016-11-28,5,2,7,71.42857142857143,172.39857619135051
2016-11-29,4,3,7,57.14285714285714,173.11784751745972
2016-11-30,4,3,7,57.14285714285714,178.1137454084758
2016-12-01,4,3,7,57.14285714285714,178.65328733407188
2016-12-02,4,3,7,57.14285714285714,175.04157878768086
2016-12-05,3,4,7,42.857142857142854,178.98325303217297
2016-12-06,3,4,7,42.857142857142854,176.30301793597545
2016-12-07,3,4,7,42.857142857142854,174.81356728292934
2016-12-08,3,4,7,42.857142857142854,175.29394118343654
2016-12-09,3,4,7,42.857142857142854,177.7483983951037
2016-12-12,3,4,7,42.857142857142854,176.19755392864715
2016-12-13,3,4,7,42.857142857142854,179.30905428150396
2016-12-14,3,4,7,42.857142857142854,176.67833447802766
2016-12-15,3,4,7,42.857142857142854,177.68073919760562
2016-12-16,3,4,7,42.857142857142854,177.0216605272215
2016-12-19,3,4,7,42.857142857142854,175.14114255878866
2016-12-20,3,4,7,42.857142857142854,174.6831395653226
2016-12-21,3,4,7,42.857142857142854,172.74114354757566
2016-12-22,3,4,7,42.857142857142854,170.32902308235475
2016-12-23,3,4,7,42.857142857142854,169.8435628071295
2016-12-26,3,4,7,42.857142857142854,166.67402419600208
2016-12-27,3,4,7,42.857142857142854,168.4470164599683
2016-12-28,3,4,7,42.857142857142854,171.24884004278275
2016-12-29,3,4,7,42.857142857142854,171.49239933309505
2016-12-30,3,4,7,42.857142857142854,172.81072704107032
2017-01-02,3,4,7,42.857142857142854,175.6923140139306
2017-01-03,4,3,7,57.14285714285714,179.73315249839703
2017-01-04,4,3,7,57.14285714285714,181.66427572467467
2017-01-05,5,2,7,71.42857142857143,183.35993483627902
2017-01-06,4,3,7,57.14285714285714,180.87526655276864
2017-01-09,3,4,7,42.857142857142854,180.9660883617363
2017-01-10,5,2,7,71.42857142857143,181.86898063249885
2017-01-11,5,2,7,71.42857142857143,184.53529169446293
2017-01-12,5,2,7,71.42857142857143,185.15488291474352
2017-01-13,5,2,7,71.42857142857143,187.01629734190445
2017-01-16,4,3,7,57.14285714285714,185.76883421327173
2017-01-17,4,3,7,57.14285714285714,184.0284991785118
2017-01-18,4,3,7,57.14285714285714,184.22913123189574
2017-01-19,4,3,7,57.14285714285714,188.87373511377172
2017-01-20,3,4,7,42.857142857142854,187.0345255324624
2017-01-23,4,3,7,57.14285714285714,188.5401784827836
2017-01-24,4,3,7,57.14285714285714,189.45716515761788
2017-01-25,4,3,7,57.14285714285714,192.52539402395394
2017-01-27,4,3,7,57.14285714285714,189.59548716808007
2017-01-30,4,3,7,57.14285714285714,190.24845357069754
2017-01-31,5,2,7,71.42857142857143,188.40251922841603
2017-02-01,5,2,7,71.42857142857143,190.6537356267895
2017-02-02,5,2,7,71.42857142857143,190.40351122961656
2017-02-03,5,2,7,71.42857142857143,197.86906463761505
2017-02-06,5,2,7,71.42857142857143,198.70022608527307
2017-02-07,5,2,7,71.42857142857143,199.07651163318064
2017-02-08,5,2,7,71.42857142857143,200.16078883194845
2017-02-09,5,2,7,71.42857142857143,203.2857867041597
2017-02-10,5,2,7,71.42857142857143,203.79115799721436
2017-02-13,5,2,7,71.42857142857143,201.9975376722365
2017-02-14,5,2,7,71.42857142857143,201.46088444917388
2017-02-15,5,2,7,71.42857142857143,198.91823495413635
2017-02-16,5,2,7,71.42857142857143,199.19116248124072
2017-02-17,5,2,7,71.42857142857143,197.99728154330464
2017-02-20,5,2,7,71.42857142857143,198.8906497643319
2017-02-21,5,2,7,71.42857142857143,200.68187019404508
2017-02-22,5,2,7,71.42857142857143,200.04050349876658
2017-02-23,5,2,7,71.42857142857143,199.3830218417988
2017-02-27,5,2,7,71.42857142857143,198.8158724088642
2017-02-28,5,2,7,71.42857142857143,199.32507225777016
2017-03-01,5,2,7,71.42857142857143,200.49547746338575
2017-03-02,4,3,7,57.14285714285714,196.85459707750422
2017-03-03,5,2,7,71.42857142857143,197.22854407342655
2017-03-06,5,2,7,71.42857142857143,197.6933088393742
2017-03-07,5,2,7,71.42857142857143,197.62360177626582
2017-03-08,5,2,7,71.42857142857143,198.6354871912133
2017-03-09,5,2,7,71.42857142857143,198.2432211481424
2017-03-10,5,2,7,71.42857142857143,197.9314455454505
2017-03-14,5,2,7,71.42857142857143,199.42938495392985
2017-03-15,5,2,7,71.42857142857143,200.76611252172148
2017-03-16,5,2,7,71.42857142857143,202.47239513446843
2017-03-17,5,2,7,71.42857142857143,199.83495787571007
2017-03-20,5,2,7,71.42857142857143,201.6349051896092
2017-03-21,5,2,7,71.42857142857143,201.3407427501318
2017-03-22,5,2,7,71.42857142857143,198.84013569264064
2017-03-23,5,2,7,71.42857142857143,199.67191182820164
2017-03-24,5,2,7,71.42857142857143,199.58009248893512
2017-03-27,5,2,7,71.42857142857143,200.34364926495974
2017-03-28,4,3,7,57.14285714285714,202.30216217785699
2017-03-29,5,2,7,71.42857142857143,206.10964942152532
2017-03-30,4,3,7,57.14285714285714,205.69080454512775
2017-03-31,5,2,7,71.42857142857143,207.00583947725377
2017-04-03,6,1,7,85.71428571428571,212.1395676356587
2017-04-05,7,0,7,100.0,215.84973613952943
2017-04-06,6,1,7,85.71428571428571,213.95334176191577
2017-04-07,6,1,7,85.71428571428571,212.4166815473854
2017-04-10,5,2,7,71.42857142857143,213.21978176185894
2017-04-11,7,0,7,100.0,219.42133434926515
2017-04-12,7,0,7,100.0,219.45470248556992
2017-04-13,7,0,7,100.0,223.86119887226025
2017-04-17,7,0,7,100.0,220.86609202471556
2017-04-18,7,0,7,100.0,218.81855893176163
2017-04-19,7,0,7,100.0,227.53530949063588
2017-04-20,6,1,7,85.71428571428571,229.8457816224887
2017-04-21,6,1,7,85.71428571428571,234.05730956018834
2017-04-24,7,0,7,100.0,237.16931141054184
2017-04-25,7,0,7,100.0,238.8948726863378
2017-04-26,7,0,7,100.0,234.86147265068755
2017-04-27,7,0,7,100.0,236.2344946544669
2017-04-28,7,0,7,100.0,235.8174959219141
2017-05-02,7,0,7,100.0,236.408809963047
2017-05-03,6,1,7,85.71428571428571,236.61373517085474
2017-05-04,6,1,7,85.71428571428571,233.27718280533617
2017-05-05,7,0,7,100.0,227.495347853199
2017-05-08,7,0,7,100.0,228.6039410915288
2017-05-09,6,1,7,85.71428571428571,229.20594568608678
2017-05-10,6,1,7,85.71428571428571,235.45792754037055
2017-05-11,6,1,7,85.71428571428571,238.24594834762317
2017-05-12,6,1,7,85.71428571428571,233.35467073689205
2017-05-15,6,1,7,85.71428571428571,240.10965057486925
2017-05-16,6,1,7,85.71428571428571,241.32986226107073
2017-05-17,6,1,7,85.71428571428571,238.82484669360372
2017-05-18,6,1,7,85.71428571428571,233.88545136028057
2017-05-19,6,1,7,85.71428571428571,232.21378137203362
2017-05-22,6,1,7,85.71428571428571,231.88456544646297
2017-05-23,6,1,7,85.71428571428571,226.19894982710855
2017-05-24,5,2,7,71.42857142857143,219.26484298033415
2017-05-25,5,2,7,71.42857142857143,225.43901388524242
2017-05-26,6,1,7,85.71428571428571,230.4806242227629
2017-05-29,5,2,7,71.42857142857143,224.94954960855696
2017-05-30,6,1,7,85.71428571428571,227.45268617534492
2017-05-31,7,0,7,100.0,228.3488263821174
2017-06-01,6,1,7,85.71428571428571,228.09222168928446
2017-06-02,7,0,7,100.0,230.47848599594332
2017-06-05,6,1,7,85.71428571428571,229.93077853344644
2017-06-06,5,2,7,71.42857142857143,226.94675985756646
2017-06-07,5,2,7,71.42857142857143,227.70247451461168
2017-06-08,5,2,7,71.42857142857143,225.11588779433646
2017-06-09,5,2,7,71.42857142857143,227.07194601972657
2017-06-12,5,2,7,71.42857142857143,227.2782745863217
2017-06-13,6,1,7,85.71428571428571,234.95207280405955
2017-06-14,7,0,7,100.0,235.6282907636823
2017-06-15,6,1,7,85.71428571428571,239.08837151321086
2017-06-16,7,0,7,100.0,238.19774661115528
2017-06-19,7,0,7,100.0,241.0538069250558
2017-06-20,6,1,7,85.71428571428571,238.29303766440617
2017-06-21,6,1,7,85.71428571428571,239.08706362378211
2017-06-22,7,0,7,100.0,235.86477288206896
2017-06-23,7,0,7,100.0,231.45398166450403
2017-06-27,6,1,7,85.71428571428571,228.94919825744665
2017-06-28,6,1,7,85.71428571428571,232.1298429806558
2017-06-29,6,1,7,85.71428571428571,232.85220725376496
2017-06-30,6,1,7,85.71428571428571,233.82725834140348
2017-07-03,6,1,7,85.71428571428571,235.27534164023956
2017-07-04,6,1,7,85.71428571428571,232.86769675744648
2017-07-05,6,1,7,85.71428571428571,235.47335856055668
2017-07-06,7,0,7,100.0,233.44208563616027
2017-07-07,7,0,7,100.0,237.9698390859366
2017-07-10,7,0,7,100.0,239.7379057992222
2017-07-11,6,1,7,85.71428571428571,240.0717207357209
2017-07-12,6,1,7,85.71428571428571,243.29958719063578
2017-07-13,6,1,7,85.71428571428571,246.72153661468542
2017-07-14,6,1,7,85.71428571428571,244.1227540041276
2017-07-17,5,2,7,71.42857142857143,243.28815194509775
2017-07-18,5,2,7,71.42857142857143,239.9508232312367
2017-07-19,5,2,7,71.42857142857143,245.5415566820999
2017-07-20,6,1,7,85.71428571428571,246.99820041256393
2017-07-21,6,1,7,85.71428571428571,249.41138212822253
2017-07-24,5,2,7,71.42857142857143,252.42157401080232
2017-07-25,5,2,7,71.42857142857143,252.7002837020212
2017-07-26,6,1,7,85.71428571428571,253.9899724040053
2017-07-27,6,1,7,85.71428571428571,249.8782463659695
2017-07-28,6,1,7,85.71428571428571,251.74008188826144
2017-07-31,6,1,7,85.71428571428571,248.68985269694966
2017-08-01,6,1,7,85.71428571428571,249.718932651176
2017-08-02,6,1,7,85.71428571428571,250.78282300266176
2017-08-03,6,1,7,85.71428571428571,249.74652462395053
2017-08-04,6,1,7,85.71428571428571,250.37966341692254
2017-08-07,6,1,7,85.71428571428571,249.85842206142146
2017-08-08,6,1,7,85.71428571428571,242.97249429381574
2017-08-09,6,1,7,85.71428571428571,241.18714844039735
2017-08-10,4,3,7,57.14285714285714,232.70396826659848
2017-08-11,5,2,7,71.42857142857143,233.16205081725667
2017-08-14,6,1,7,85.71428571428571,238.6146819797792
2017-08-16,5,2,7,71.42857142857143,237.8545052984518
2017-08-17,6,1,7,85.71428571428571,242.41267387360773
2017-08-18,6,1,7,85.71428571428571,240.63515086223796
2017-08-21,6,1,7,85.71428571428571,239.14269930760724
2017-08-22,6,1,7,85.71428571428571,236.02171039123107
2017-08-23,5,2,7,71.42857142857143,237.43649368751778
2017-08-24,6,1,7,85.71428571428571,237.44556354520356
2017-08-28,6,1,7,85.71428571428571,241.62776293137108
2017-08-29,6,1,7,85.71428571428571,238.9047539620582
2017-08-30,5,2,7,71.42857142857143,240.2433836786837
2017-08-31,4,3,7,57.14285714285714,240.9156608985795
2017-09-01,5,2,7,71.42857142857143,245.15197371775557
2017-09-04,6,1,7,85.71428571428571,249.0178818191504
2017-09-05,6,1,7,85.71428571428571,251.77814813612252
2017-09-06,6,1,7,85.71428571428571,253.75197000773807
2017-09-07,5,2,7,71.42857142857143,254.02552372172585
2017-09-08,6,1,7,85.71428571428571,250.20399918517228
2017-09-11,6,1,7,85.71428571428571,251.33517351443396
2017-09-12,5,2,7,71.42857142857143,250.54736293593513
2017-09-13,5,2,7,71.42857142857143,247.45349008061223
2017-09-14,5,2,7,71.42857142857143,250.6342370819152
2017-09-15,5,2,7,71.42857142857143,249.4655809115244
2017-09-18,5,2,7,71.42857142857143,250.6841528124633
2017-09-19,5,2,7,71.42857142857143,249.40999762621644
2017-09-20,5,2,7,71.42857142857143,248.8367362904684
2017-09-21,5,2,7,71.42857142857143,245.92365538474402
2017-09-22,5,2,7,71.42857142857143,239.96862987771354
2017-09-25,4,3,7,57.14285714285714,234.9589507662278
2017-09-26,4,3,7,57.14285714285714,234.20115909213752
2017-09-27,4,3,7,57.14285714285714,232.68305463600507
2017-09-28,3,4,7,42.857142857142854,231.20394192630408
2017-09-29,5,2,7,71.42857142857143,234.19829461408997
2017-10-03,5,2,7,71.42857142857143,233.849983856566
2017-10-04,5,2,7,71.42857142857143,240.09249888874237
2017-10-05,5,2,7,71.42857142857143,240.92676860635774
2017-10-06,5,2,7,71.42857142857143,242.29801165992222
2017-10-09,5,2,7,71.42857142857143,242.38730878651575
2017-10-10,5,2,7,71.42857142857143,249.06941930176419
2017-10-11,5,2,7,71.42857142857143,245.2195496396021
2017-10-12,4,3,7,57.14285714285714,247.12131603463558
2017-10-13,3,4,7,42.857142857142854,248.35766256635912
2017-10-16,4,3,7,57.14285714285714,248.18808422777875
2017-10-17,4,3,7,57.14285714285714,256.47238058406975
2017-10-18,4,3,7,57.14285714285714,256.2907451150081
2017-10-19,4,3,7,57.14285714285714,255.06388437492666
2017-10-23,4,3,7,57.14285714285714,253.89514934904068
2017-10-24,5,2,7,71.42857142857143,258.04802988916043
2017-10-25,5,2,7,71.42857142857143,257.71222243183945
2017-10-26,4,3,7,57.14285714285714,259.4413596003517
2017-10-27,4,3,7,57.14285714285714,261.74408751119324
2017-10-30,5,2,7,71.42857142857143,264.9240323440008
2017-10-31,5,2,7,71.42857142857143,265.4456036088573
2017-11-01,5,2,7,71.42857142857143,265.2053830050396
2017-11-02,5,2,7,71.42857142857143,268.4933431300799
2017-11-03,6,1,7,85.71428571428571,277.11749691167967
2017-11-06,6,1,7,85.71428571428571,281.98739528660155
2017-11-07,5,2,7,71.42857142857143,274.5482960467337
2017-11-08,5,2,7,71.42857142857143,272.1784687044718
2017-11-09,6,1,7,85.71428571428571,279.1543107610438
2017-11-10,6,1,7,85.71428571428571,283.8747197163277
2017-11-13,5,2,7,71.42857142857143,282.5914810733806
2017-11-14,5,2,7,71.42857142857143,279.2259236002716
2017-11-15,4,3,7,57.14285714285714,272.82967969222483
2017-11-16,4,3,7,57.14285714285714,279.85153342241114
2017-11-17,4,3,7,57.14285714285714,279.98199183877256
2017-11-20,5,2,7,71.42857142857143,281.19505917484366
2017-11-21,5,2,7,71.42857142857143,282.74475412378536
2017-11-22,5,2,7,71.42857142857143,285.42590695945233
2017-11-23,5,2,7,71.42857142857143,285.5116141473346
2017-11-24,5,2,7,71.42857142857143,286.6539542630642
2017-11-27,6,1,7,85.71428571428571,295.8884219981425
2017-11-28,6,1,7,85.71428571428571,296.20317705138547
2017-11-29,6,1,7,85.71428571428571,299.93130965126886
2017-11-30,5,2,7,71.42857142857143,295.97534357322866
2017-12-01,5,2,7,71.42857142857143,291.30553037654715
2017-12-04,5,2,7,71.42857142857143,290.62092561714496
2017-12-05,5,2,7,71.42857142857143,295.05911777226356
2017-12-06,5,2,7,71.42857142857143,288.78902059379993
2017-12-07,6,1,7,85.71428571428571,294.8941410116536
2017-12-08,6,1,7,85.71428571428571,295.8705765791684
2017-12-11,6,1,7,85.71428571428571,298.6921525585742
2017-12-12,6,1,7,85.71428571428571,293.78614333120356
2017-12-13,6,1,7,85.71428571428571,293.39054830393184
2017-12-14,6,1,7,85.71428571428571,291.376441384981
2017-12-15,6,1,7,85.71428571428571,293.74665567852725
2017-12-18,6,1,7,85.71428571428571,292.4893803805924
2017-12-19,6,1,7,85.71428571428571,296.7381685283912
2017-12-20,6,1,7,85.71428571428571,296.6890555107629
2017-12-21,6,1,7,85.71428571428571,301.75468134411716
2017-12-22,6,1,7,85.71428571428571,312.2689120621675
2017-12-26,6,1,7,85.71428571428571,314.5556924886762
2017-12-27,6,1,7,85.71428571428571,313.7085207824761
2017-12-28,6,1,7,85.71428571428571,315.002732848039
2017-12-29,6,1,7,85.71428571428571,313.4105239210421
2018-01-01,6,1,7,85.71428571428571,312.7528892216371
2018-01-02,6,1,7,85.71428571428571,310.26094985770953
2018-01-03,6,1,7,85.71428571428571,315.07831162792866
2018-01-04,6,1,7,85.71428571428571,318.23887483897647
2018-01-05,6,1,7,85.71428571428571,318.5927366677656
2018-01-08,6,1,7,85.71428571428571,317.57827731415733
2018-01-09,7,0,7,100.0,315.5685517483071
2018-01-10,7,0,7,100.0,312.61729549213794
2018-01-11,7,0,7,100.0,316.46817819371813
2018-01-12,7,0,7,100.0,319.81629909330496
2018-01-15,7,0,7,100.0,330.091723980658
2018-01-16,7,0,7,100.0,323.0864438744827
2018-01-17,7,0,7,100.0,318.24317053095206
2018-01-18,6,1,7,85.71428571428571,307.2771515753244
2018-01-19,6,1,7,85.71428571428571,307.8793461712776
2018-01-22,6,1,7,85.71428571428571,307.9618627661488
2018-01-23,6,1,7,85.71428571428571,312.85284676096546
2018-01-24,6,1,7,85.71428571428571,308.8155160225411
2018-01-25,6,1,7,85.71428571428571,303.98153308800556
2018-01-29,6,1,7,85.71428571428571,300.32517562741987
2018-01-30,6,1,7,85.71428571428571,297.2128333778402
2018-01-31,6,1,7,85.71428571428571,298.9366141492769
2018-02-01,6,1,7,85.71428571428571,293.8620111976976
2018-02-02,4,3,7,57.14285714285714,282.4906905644579
2018-02-05,3,4,7,42.857142857142854,282.03303325889397
2018-02-06,4,3,7,57.14285714285714,280.2678396157874
2018-02-07,4,3,7,57.14285714285714,281.48751875303486
2018-02-08,4,3,7,57.14285714285714,291.0235831591185
2018-02-09,5,2,7,71.42857142857143,288.48838474506925
2018-02-12,6,1,7,85.71428571428571,295.35743677880424
2018-02-14,6,1,7,85.71428571428571,295.5375014285728
2018-02-15,4,3,7,57.14285714285714,289.1901502695586
2018-02-16,4,3,7,57.14285714285714,283.65426573210135
2018-02-19,4,3,7,57.14285714285714,279.14016751117316
2018-02-20,4,3,7,57.14285714285714,280.1965035867097
2018-02-21,4,3,7,57.14285714285714,279.29786617543823
2018-02-22,4,3,7,57.14285714285714,278.76381166093427
2018-02-23,4,3,7,57.14285714285714,284.21565145198304
2018-02-26,4,3,7,57.14285714285714,285.9518729737952
2018-02-27,4,3,7,57.14285714285714,284.2080043805872
2018-02-28,4,3,7,57.14285714285714,284.0729851706571
2018-03-01,4,3,7,57.14285714285714,281.7921273453159
2018-03-05,3,4,7,42.857142857142854,278.6898018150481
2018-03-06,3,4,7,42.857142857142854,275.6342476731499
2018-03-07,3,4,7,42.857142857142854,269.86298145850856
2018-03-08,3,4,7,42.857142857142854,273.23589382094633
2018-03-09,3,4,7,42.857142857142854,273.4442225233633
2018-03-12,4,3,7,57.14285714285714,275.7581657092234
2018-03-13,4,3,7,57.14285714285714,278.6254431048071
2018-03-14,4,3,7,57.14285714285714,283.2313382584458
2018-03-15,4,3,7,57.14285714285714,283.58405687642966
2018-03-16,4,3,7,57.14285714285714,278.52965917947625
2018-03-19,4,3,7,57.14285714285714,276.06559298779626
2018-03-20,4,3,7,57.14285714285714,273.51483179165325
2018-03-21,4,3,7,57.14285714285714,273.2728235456583
2018-03-22,3,4,7,42.857142857142854,270.0836441285647
2018-03-23,3,4,7,42.857142857142854,264.9857445319326
2018-03-26,5,2,7,71.42857142857143,277.052991767715
2018-03-27,5,2,7,71.42857142857143,280.0896650242648
2018-03-28,3,4,7,42.857142857142854,271.9723716326539
2018-04-02,4,3,7,57.14285714285714,281.66544634632925
2018-04-03,5,2,7,71.42857142857143,286.3687297310488
2018-04-04,4,3,7,57.14285714285714,281.6414530135542
2018-04-05,5,2,7,71.42857142857143,286.09633796869673
2018-04-06,5,2,7,71.42857142857143,286.9046422442849
2018-04-09,5,2,7,71.42857142857143,283.9906576837299
2018-04-10,5,2,7,71.42857142857143,284.9131929814048
2018-04-11,5,2,7,71.42857142857143,284.40703991158676
2018-04-12,4,3,7,57.14285714285714,284.807483708966
2018-04-13,5,2,7,71.42857142857143,286.6152555867355
2018-04-16,5,2,7,71.42857142857143,287.9080322599716
2018-04-17,5,2,7,71.42857142857143,287.5793114958507
2018-04-18,5,2,7,71.42857142857143,289.1950761723787
2018-04-19,5,2,7,71.42857142857143,287.93703162270236
2018-04-20,5,2,7,71.42857142857143,285.7024775175334
2018-04-23,5,2,7,71.42857142857143,288.58797754280374
2018-04-24,4,3,7,57.14285714285714,284.26805817573074
2018-04-25,3,4,7,42.857142857142854,276.7956922429141
2018-04-26,4,3,7,57.14285714285714,278.8977947245092
2018-04-27,4,3,7,57.14285714285714,279.4454676896353
2018-04-30,4,3,7,57.14285714285714,280.02517953769984
2018-05-02,3,4,7,42.857142857142854,277.1694244859431
2018-05-03,2,5,7,28.57142857142857,271.98721751384477
2018-05-04,2,5,7,28.57142857142857,273.13634246227247
2018-05-07,3,4,7,42.857142857142854,277.9129733856112
2018-05-08,3,4,7,42.857142857142854,276.56433067051915
2018-05-09,3,4,7,42.857142857142854,275.2793870840991
2018-05-10,2,5,7,28.57142857142857,271.238194973831
2018-05-11,2,5,7,28.57142857142857,270.96808409425523
2018-05-14,3,4,7,42.857142857142854,274.37461859957614
2018-05-15,3,4,7,42.857142857142854,273.75520217566304
2018-05-16,3,4,7,42.857142857142854,270.5765856399871
2018-05-17,3,4,7,42.857142857142854,269.48444355145614
2018-05-18,3,4,7,42.857142857142854,264.9205584639478
2018-05-21,2,5,7,28.57142857142857,255.102421766829
2018-05-22,3,4,7,42.857142857142854,258.041783977836
2018-05-23,2,5,7,28.57142857142857,258.41417828131335
2018-05-24,2,5,7,28.57142857142857,256.58671468855124
2018-05-25,3,4,7,42.857142857142854,264.75365387362643
2018-05-28,3,4,7,42.857142857142854,268.36269125195
2018-05-29,2,5,7,28.57142857142857,266.3349386600976
2018-05-30,2,5,7,28.57142857142857,266.76493167244456
2018-05-31,2,5,7,28.57142857142857,259.61473635156216
2018-06-01,2,5,7,28.57142857142857,256.4261706853845
2018-06-04,3,4,7,42.857142857142854,253.76790276918842
2018-06-05,2,5,7,28.57142857142857,249.93459870794462
2018-06-06,2,5,7,28.57142857142857,253.5300307941232
2018-06-07,2,5,7,28.57142857142857,255.9493755099024
2018-06-08,2,5,7,28.57142857142857,259.05320189246896
2018-06-11,3,4,7,42.857142857142854,259.6480097795743
2018-06-12,3,4,7,42.857142857142854,263.01845522053287
2018-06-13,2,5,7,28.57142857142857,262.7097293062655
2018-06-14,2,5,7,28.57142857142857,262.28490551630836
2018-06-15,2,5,7,28.57142857142857,259.79457862761933
2018-06-18,1,6,7,14.285714285714285,258.43567430831297
2018-06-19,1,6,7,14.285714285714285,255.1405534036193
2018-06-20,1,6,7,14.285714285714285,255.75829110815138
2018-06-21,1,6,7,14.285714285714285,254.54922847974836
2018-06-22,1,6,7,14.285714285714285,254.7445880064247
2018-06-25,0,7,7,0.0,248.58019832009103
2018-06-26,0,7,7,0.0,246.18629451679232
2018-06-27,0,7,7,0.0,241.52750874019503
2018-06-28,0,7,7,0.0,236.30399075384165
2018-06-29,0,7,7,0.0,240.2871614484843
2018-07-02,0,7,7,0.0,236.944824375125
2018-07-03,0,7,7,0.0,238.5071502921829
2018-07-04,0,7,7,0.0,237.7776391276893
2018-07-05,0,7,7,0.0,236.6897067804226
2018-07-06,0,7,7,0.0,233.25440774225848
2018-07-09,0,7,7,0.0,237.2788550767403
2018-07-10,0,7,7,0.0,238.34458690702115
2018-07-11,0,7,7,0.0,233.91979263964276
2018-07-12,0,7,7,0.0,232.91614179007917
2018-07-13,0,7,7,0.0,231.23784386997994
2018-07-16,0,7,7,0.0,222.2718704463658
2018-07-17,0,7,7,0.0,224.9653919884825
2018-07-18,0,7,7,0.0,225.8581564724408
2018-07-19,0,7,7,0.0,224.12078798785072
2018-07-20,0,7,7,0.0,223.93938359351014
2018-07-23,0,7,7,0.0,223.79509781262047
2018-07-24,0,7,7,0.0,226.23718240591106
2018-07-25,0,7,7,0.0,223.823441493142
2018-07-26,0,7,7,0.0,221.64738894757357
2018-07-27,0,7,7,0.0,222.08920732363947
2018-07-30,0,7,7,0.0,222.80709759964833
2018-07-31,0,7,7,0.0,220.8221112182195
2018-08-01,0,7,7,0.0,222.56932068214007
2018-08-02,0,7,7,0.0,222.7215863046412
2018-08-03,0,7,7,0.0,227.33110729414054
2018-08-06,0,7,7,0.0,226.40902064111495
2018-08-07,0,7,7,0.0,227.89331206869204
2018-08-08,0,7,7,0.0,231.08542637383175
2018-08-09,0,7,7,0.0,234.0168243951807
2018-08-10,0,7,7,0.0,232.67562253957414
2018-08-13,0,7,7,0.0,223.31190596044163
2018-08-14,0,7,7,0.0,225.1572786198321
2018-08-16,0,7,7,0.0,221.74165707354186
2018-08-17,0,7,7,0.0,225.0668518655903
2018-08-20,0,7,7,0.0,232.45455141107806
2018-08-21,0,7,7,0.0,234.0100989801038
2018-08-23,0,7,7,0.0,233.87497293286117
2018-08-24,0,7,7,0.0,229.27507640269215
2018-08-27,0,7,7,0.0,228.96731959228913
2018-08-28,0,7,7,0.0,225.04926650698843
2018-08-29,0,7,7,0.0,228.19473991107006
2018-08-30,0,7,7,0.0,225.7014717755843
2018-08-31,0,7,7,0.0,226.93015251440357
2018-09-03,1,6,7,14.285714285714285,231.60242206315885
2018-09-04,0,7,7,0.0,228.27945738714033
2018-09-05,1,6,7,14.285714285714285,226.4940405609289
2018-09-06,1,6,7,14.285714285714285,226.43875066697555
2018-09-07,1,6,7,14.285714285714285,233.58434158451834
2018-09-10,1,6,7,14.285714285714285,240.262000979071
2018-09-11,1,6,7,14.285714285714285,234.32795858030738
2018-09-12,1,6,7,14.285714285714285,235.5993752383436
2018-09-14,1,6,7,14.285714285714285,238.29360975095756
2018-09-17,1,6,7,14.285714285714285,236.14152358030168
2018-09-18,1,6,7,14.285714285714285,230.0686318816223
2018-09-19,1,6,7,14.285714285714285,228.1506550194921
2018-09-21,0,7,7,0.0,219.7379292135521
2018-09-24,0,7,7,0.0,211.96415873366067
2018-09-25,0,7,7,0.0,210.99476340929962
2018-09-26,0,7,7,0.0,214.9425388238378
2018-09-27,0,7,7,0.0,214.5900426583895
2018-09-28,0,7,7,0.0,209.3273009085328
2018-10-01,0,7,7,0.0,210.02197262504328
2018-10-03,0,7,7,0.0,213.96046640851802
2018-10-04,0,7,7,0.0,212.30139878130188
2018-10-05,0,7,7,0.0,205.70903109730546
2018-10-08,0,7,7,0.0,203.1155382304811
2018-10-09,0,7,7,0.0,203.491561669539
2018-10-10,0,7,7,0.0,211.1313167945915
2018-10-11,0,7,7,0.0,209.894985737661
2018-10-12,0,7,7,0.0,215.5935593772161
2018-10-15,0,7,7,0.0,219.65824555313586
2018-10-16,1,6,7,14.285714285714285,222.90508043209547
2018-10-17,0,7,7,0.0,219.04392649745623
2018-10-19,1,6,7,14.285714285714285,214.19715615691635
2018-10-22,1,6,7,14.285714285714285,210.63435176223524
2018-10-23,1,6,7,14.285714285714285,207.46655405382768
2018-10-24,1,6,7,14.285714285714285,207.8718011231575
2018-10-25,1,6,7,14.285714285714285,204.85886573330615
2018-10-26,1,6,7,14.285714285714285,202.54112854548256
2018-10-29,1,6,7,14.285714285714285,207.82950588599599
2018-10-30,1,6,7,14.285714285714285,209.5032537778679
2018-10-31,1,6,7,14.285714285714285,213.15736197660752
2018-11-01,1,6,7,14.285714285714285,215.3547278915331
2018-11-02,1,6,7,14.285714285714285,216.13779896236016
2018-11-05,1,6,7,14.285714285714285,214.61121331896646
2018-11-06,1,6,7,14.285714285714285,216.14702683382356
2018-11-07,1,6,7,14.285714285714285,216.93773413344735
2018-11-09,1,6,7,14.285714285714285,217.8570506687018
2018-11-12,1,6,7,14.285714285714285,214.11961471696617
2018-11-13,1,6,7,14.285714285714285,214.56759335386516
2018-11-14,1,6,7,14.285714285714285,213.83662659409737
2018-11-15,1,6,7,14.285714285714285,212.83988491090565
2018-11-16,1,6,7,14.285714285714285,212.78481220276606
2018-11-19,1,6,7,14.285714285714285,214.10104126874074
2018-11-20,1,6,7,14.285714285714285,212.98760893140692
2018-11-21,1,6,7,14.285714285714285,213.7112338185486
2018-11-22,1,6,7,14.285714285714285,212.85381004727597
2018-11-26,1,6,7,14.285714285714285,212.27800143915937
2018-11-27,1,6,7,14.285714285714285,212.515137824985
2018-11-28,1,6,7,14.285714285714285,215.1497346113881
2018-11-29,1,6,7,14.285714285714285,215.99809174320274
2018-11-30,1,6,7,14.285714285714285,213.98075766322208
2018-12-03,1,6,7,14.285714285714285,214.88087479904016
2018-12-04,1,6,7,14.285714285714285,214.5041874961367
2018-12-05,1,6,7,14.285714285714285,210.70024775553344
2018-12-06,1,6,7,14.285714285714285,207.81041286029333
2018-12-07,1,6,7,14.285714285714285,207.58299141081844
2018-12-10,1,6,7,14.285714285714285,204.32005994290913
2018-12-11,1,6,7,14.285714285714285,205.7626165075761
2018-12-12,1,6,7,14.285714285714285,210.02125892641544
2018-12-13,1,6,7,14.285714285714285,210.85950280287946
2018-12-14,1,6,7,14.285714285714285,211.56678086543215
2018-12-17,1,6,7,14.285714285714285,213.385640878523
2018-12-18,1,6,7,14.285714285714285,212.5260466337812
2018-12-19,1,6,7,14.285714285714285,214.5786935069498
2018-12-20,1,6,7,14.285714285714285,214.675583696993
2018-12-21,1,6,7,14.285714285714285,211.71255870209473
2018-12-24,1,6,7,14.285714285714285,209.29855420135817
2018-12-26,1,6,7,14.285714285714285,209.48078229729137
2018-12-27,1,6,7,14.285714285714285,212.5559226194393
2018-12-28,1,6,7,14.285714285714285,215.11329364240362
2018-12-31,1,6,7,14.285714285714285,215.365675958761
2019-01-01,1,6,7,14.285714285714285,215.63813275509293
2019-01-02,1,6,7,14.285714285714285,214.2932742689292
2019-01-03,1,6,7,14.285714285714285,211.30642296323254
2019-01-04,1,6,7,14.285714285714285,212.4293227804833
2019-01-07,1,6,7,14.285714285714285,214.86706641477596
2019-01-08,1,6,7,14.285714285714285,213.2082939237288
2019-01-09,1,6,7,14.285714285714285,214.73212750516564
2019-01-10,1,6,7,14.285714285714285,214.2635297915163
2019-01-11,1,6,7,14.285714285714285,213.9530243456378
2019-01-14,1,6,7,14.285714285714285,212.664104047135
2019-01-15,1,6,7,14.285714285714285,215.76122530635124
2019-01-16,1,6,7,14.285714285714285,215.1065693678909
2019-01-17,1,6,7,14.285714285714285,212.6116209321903
2019-01-18,1,6,7,14.285714285714285,208.99178939487615
2019-01-21,1,6,7,14.285714285714285,207.6319190138852
2019-01-22,1,6,7,14.285714285714285,206.78116475848665
2019-01-23,1,6,7,14.285714285714285,208.62636593585142
2019-01-24,1,6,7,14.285714285714285,207.7997967811567
2019-01-25,1,6,7,14.285714285714285,196.93019242464047
2019-01-28,1,6,7,14.285714285714285,200.03310894405848
2019-01-29,1,6,7,14.285714285714285,199.96307796631095
2019-01-30,1,6,7,14.285714285714285,201.0940251152485
2019-01-31,1,6,7,14.285714285714285,202.6753242093625
2019-02-01,1,6,7,14.285714285714285,201.15791221129768
2019-02-04,1,6,7,14.285714285714285,199.0030984224415
2019-02-05,1,6,7,14.285714285714285,199.48891191940868
2019-02-06,1,6,7,14.285714285714285,199.9097526290389
2019-02-07,1,6,7,14.285714285714285,201.5963249707256
2019-02-08,1,6,7,14.285714285714285,199.8539662653023
2019-02-11,1,6,7,14.285714285714285,201.53211578310416
2019-02-12,1,6,7,14.285714285714285,200.00892742222578
2019-02-13,1,6,7,14.285714285714285,197.568229931609
2019-02-14,1,6,7,14.285714285714285,200.95582683054167
2019-02-15,1,6,7,14.285714285714285,198.9506999146488
2019-02-18,1,6,7,14.285714285714285,195.91825659182268
2019-02-19,0,7,7,0.0,195.58158169590496
2019-02-20,0,7,7,0.0,196.71312095196595
2019-02-21,0,7,7,0.0,197.70253892787454
2019-02-22,0,7,7,0.0,198.50224359155453
2019-02-25,0,7,7,0.0,197.36997226705898
2019-02-26,0,7,7,0.0,203.5239562629374
2019-02-27,0,7,7,0.0,203.1948328729809
2019-02-28,0,7,7,0.0,206.4012941632719
2019-03-01,1,6,7,14.285714285714285,212.85391698434603
2019-03-05,2,5,7,28.57142857142857,217.8359730439368
2019-03-06,2,5,7,28.57142857142857,220.1928862254204
2019-03-07,2,5,7,28.57142857142857,217.1989928578792
2019-03-08,1,6,7,14.285714285714285,214.99408095088
2019-03-11,1,6,7,14.285714285714285,217.6883220604262
2019-03-12,2,5,7,28.57142857142857,221.5328926328801
2019-03-13,2,5,7,28.57142857142857,220.02394826714698
2019-03-14,1,6,7,14.285714285714285,220.1034485176976
2019-03-15,0,7,7,0.0,217.52389868928734
2019-03-18,1,6,7,14.285714285714285,218.55408772860656
2019-03-19,1,6,7,14.285714285714285,217.67640054090697
2019-03-20,0,7,7,0.0,212.74877183691206
2019-03-22,0,7,7,0.0,208.16916298265866
2019-03-25,1,6,7,14.285714285714285,207.9005310921909
2019-03-26,1,6,7,14.285714285714285,210.67337159667053
2019-03-27,1,6,7,14.285714285714285,213.01621387275955
2019-03-28,1,6,7,14.285714285714285,216.38225949178525
2019-03-29,1,6,7,14.285714285714285,218.29885612852456
2019-04-01,1,6,7,14.285714285714285,219.1118720034059
2019-04-02,1,6,7,14.285714285714285,218.8652107267621
2019-04-03,1,6,7,14.285714285714285,214.89194129917985
2019-04-04,1,6,7,14.285714285714285,215.206651631996
2019-04-05,1,6,7,14.285714285714285,216.77327732004392
2019-04-08,2,5,7,28.57142857142857,216.23964149185687
2019-04-09,1,6,7,14.285714285714285,214.79455500677554
2019-04-10,1,6,7,14.285714285714285,213.73146760319847
2019-04-11,1,6,7,14.285714285714285,213.5442295956259
2019-04-12,1,6,7,14.285714285714285,216.0261006640566
2019-04-15,1,6,7,14.285714285714285,215.02513408079454
2019-04-16,1,6,7,14.285714285714285,213.71249696388267
2019-04-18,1,6,7,14.285714285714285,209.9375084816274
2019-04-22,1,6,7,14.285714285714285,208.08663023107724
2019-04-23,1,6,7,14.285714285714285,207.21800910865
2019-04-24,1,6,7,14.285714285714285,209.70906766994776
2019-04-25,1,6,7,14.285714285714285,209.08068616778684
2019-04-26,1,6,7,14.285714285714285,209.23073486069592
2019-04-30,1,6,7,14.285714285714285,211.0257976535944
2019-05-02,1,6,7,14.285714285714285,207.18155082718943
2019-05-03,1,6,7,14.285714285714285,203.932331187059
2019-05-06,1,6,7,14.285714285714285,201.9490349683088
2019-05-07,1,6,7,14.285714285714285,201.9221365786426
2019-05-08,1,6,7,14.285714285714285,195.91207197996883
2019-05-09,1,6,7,14.285714285714285,199.74157346517097
2019-05-10,1,6,7,14.285714285714285,200.74717679638968
2019-05-13,1,6,7,14.285714285714285,195.10587244825766
2019-05-14,1,6,7,14.285714285714285,193.92818835309592
2019-05-15,0,7,7,0.0,189.66685003200377
2019-05-16,0,7,7,0.0,189.7183889133358
2019-05-17,0,7,7,0.0,192.39053547464943
2019-05-20,1,6,7,14.285714285714285,200.4166253222116
2019-05-21,1,6,7,14.285714285714285,196.05740747004992
2019-05-22,1,6,7,14.285714285714285,196.04651397853172
2019-05-23,1,6,7,14.285714285714285,195.77209777286424
2019-05-24,1,6,7,14.285714285714285,199.05412936002483
2019-05-27,1,6,7,14.285714285714285,201.55304217776134
2019-05-28,1,6,7,14.285714285714285,205.24829567640967
2019-05-29,1,6,7,14.285714285714285,202.8507432951776
2019-05-30,1,6,7,14.285714285714285,202.09666545154025
2019-05-31,1,6,7,14.285714285714285,200.071170933171
2019-06-03,1,6,7,14.285714285714285,198.96401582451844
2019-06-04,1,6,7,14.285714285714285,197.6975486418253
2019-06-06,1,6,7,14.285714285714285,195.7022147045112
2019-06-07,1,6,7,14.285714285714285,194.63503066127655
2019-06-10,1,6,7,14.285714285714285,191.11889053888322
2019-06-11,1,6,7,14.285714285714285,192.69482924417304
2019-06-12,1,6,7,14.285714285714285,191.60386642952113
2019-06-13,1,6,7,14.285714285714285,192.279840575267
2019-06-14,1,6,7,14.285714285714285,188.70561429048263
2019-06-17,1,6,7,14.285714285714285,186.35926616255887
2019-06-18,1,6,7,14.285714285714285,189.7874503018678
2019-06-19,1,6,7,14.285714285714285,188.24808172438858
2019-06-20,1,6,7,14.285714285714285,190.71487171050418
2019-06-21,1,6,7,14.285714285714285,188.7466083017821
2019-06-24,1,6,7,14.285714285714285,189.63841362912913
2019-06-25,1,6,7,14.285714285714285,188.69436355199457
2019-06-26,1,6,7,14.285714285714285,188.64407413025407
2019-06-27,1,6,7,14.285714285714285,189.05960361729956
2019-06-28,1,6,7,14.285714285714285,186.9194459347264
2019-07-01,1,6,7,14.285714285714285,189.2761725414604
2019-07-02,1,6,7,14.285714285714285,187.18186896851648
2019-07-03,1,6,7,14.285714285714285,188.5489927359204
2019-07-04,1,6,7,14.285714285714285,188.50475107537937
2019-07-05,1,6,7,14.285714285714285,184.39825549238626
2019-07-08,1,6,7,14.285714285714285,178.11322126304358
2019-07-09,1,6,7,14.285714285714285,177.82954319300106
2019-07-10,1,6,7,14.285714285714285,176.29528787693602
2019-07-11,1,6,7,14.285714285714285,181.09725816471862
2019-07-12,1,6,7,14.285714285714285,182.27674946749346
2019-07-15,1,6,7,14.285714285714285,179.48698535384787
2019-07-16,0,7,7,0.0,178.2413925704933
2019-07-17,0,7,7,0.0,176.86594076344485
2019-07-18,0,7,7,0.0,173.55593639131598
2019-07-19,0,7,7,0.0,169.40222010647912
2019-07-22,0,7,7,0.0,170.43954216103197
2019-07-23,0,7,7,0.0,171.9009709927742
2019-07-24,0,7,7,0.0,172.18859688542418
2019-07-25,0,7,7,0.0,173.61571554166036
2019-07-26,0,7,7,0.0,174.7620658031406
2019-07-29,0,7,7,0.0,172.11493530520667
2019-07-30,0,7,7,0.0,169.3113615106108
2019-07-31,0,7,7,0.0,166.91032751726823
2019-08-01,0,7,7,0.0,160.5375925402382
2019-08-02,0,7,7,0.0,158.78171727206387
2019-08-05,0,7,7,0.0,155.41308351769095
2019-08-06,0,7,7,0.0,157.4133486633321
2019-08-07,0,7,7,0.0,157.41505755211872
2019-08-08,0,7,7,0.0,158.6270706777628
2019-08-09,0,7,7,0.0,159.31443943174716
2019-08-13,0,7,7,0.0,162.94677210565612
2019-08-14,0,7,7,0.0,163.18753444537185
2019-08-16,0,7,7,0.0,159.8150967347389
2019-08-19,0,7,7,0.0,160.5959457687861
2019-08-20,0,7,7,0.0,161.13096100876638
2019-08-21,1,6,7,14.285714285714285,160.7146396476212
2019-08-22,1,6,7,14.285714285714285,154.36343925291746
2019-08-23,1,6,7,14.285714285714285,158.2620884886752
2019-08-26,1,6,7,14.285714285714285,161.20907804578442
2019-08-27,1,6,7,14.285714285714285,162.53811753835475
2019-08-28,1,6,7,14.285714285714285,164.64496950677898
2019-08-29,1,6,7,14.285714285714285,162.17711035583048
2019-08-30,1,6,7,14.285714285714285,165.52355805333013
2019-09-03,1,6,7,14.285714285714285,161.49493990645644
2019-09-04,1,6,7,14.285714285714285,162.08385488896923
2019-09-05,1,6,7,14.285714285714285,161.9108411460005
2019-09-06,1,6,7,14.285714285714285,161.05742718047833
2019-09-09,0,7,7,0.0,160.02791685682445
2019-09-11,0,7,7,0.0,160.5401000007999
2019-09-12,0,7,7,0.0,162.77119568160043
2019-09-13,0,7,7,0.0,166.60330653772365
2019-09-16,0,7,7,0.0,167.05487283915772
2019-09-17,0,7,7,0.0,162.8060933888825
2019-09-18,0,7,7,0.0,163.460482106167
2019-09-19,0,7,7,0.0,157.45367126656478
2019-09-20,0,7,7,0.0,159.44469170053833
2019-09-23,0,7,7,0.0,162.08646307162442
2019-09-24,0,7,7,0.0,161.4885574605066
2019-09-25,0,7,7,0.0,159.33125556924068
2019-09-26,0,7,7,0.0,161.37621895356838
2019-09-27,0,7,7,0.0,159.45330044151044
2019-10-01,0,7,7,0.0,159.45330044151044
2019-10-03,0,7,7,0.0,160.21501903635547
2019-10-04,0,7,7,0.0,156.9635838832439
2019-10-07,0,7,7,0.0,161.21260384063189
2019-10-09,0,7,7,0.0,160.5996150872758
2019-10-10,0,7,7,0.0,160.81928765235247
2019-10-11,0,7,7,0.0,160.23116226620752
2019-10-14,0,7,7,0.0,163.45690273406893
2019-10-15,0,7,7,0.0,169.40293127376063
2019-10-16,1,6,7,14.285714285714285,174.40457161493273
2019-10-17,1,6,7,14.285714285714285,176.4709493680525
2019-10-18,1,6,7,14.285714285714285,176.20217086270463
2019-10-22,1,6,7,14.285714285714285,176.2929418124133
2019-10-23,1,6,7,14.285714285714285,176.1968553902976
2019-10-24,1,6,7,14.285714285714285,175.3605027298435
2019-10-25,2,5,7,28.57142857142857,176.48904915724822
2019-10-27,2,5,7,28.57142857142857,180.72555210305316
2019-10-29,2,5,7,28.57142857142857,180.6832955523409
2019-10-30,1,6,7,14.285714285714285,178.18512792104443
2019-10-31,2,5,7,28.57142857142857,183.5625427256684
2019-11-01,2,5,7,28.57142857142857,194.54901966533518
2019-11-04,2,5,7,28.57142857142857,193.38083833164615
2019-11-05,1,6,7,14.285714285714285,191.17428701815413
2019-11-06,2,5,7,28.57142857142857,194.39984333321914
2019-11-07,2,5,7,28.57142857142857,198.43900270155817
2019-11-08,1,6,7,14.285714285714285,198.26582010901174
2019-11-11,2,5,7,28.57142857142857,199.66623545987179
2019-11-13,1,6,7,14.285714285714285,194.93647558061474
2019-11-14,1,6,7,14.285714285714285,194.51236791976876
2019-11-15,1,6,7,14.285714285714285,190.71768915857783
2019-11-18,0,7,7,0.0,186.9093619623889
2019-11-19,0,7,7,0.0,185.4190124136391
2019-11-20,0,7,7,0.0,187.44101041345647
2019-11-21,0,7,7,0.0,190.00446478155325
2019-11-22,2,5,7,28.57142857142857,194.35450652253036
2019-11-25,1,6,7,14.285714285714285,193.57021007388576
2019-11-26,1,6,7,14.285714285714285,189.81033176197423
2019-11-27,1,6,7,14.285714285714285,188.76599112220433
2019-11-28,1,6,7,14.285714285714285,190.00177849321383
2019-11-29,1,6,7,14.285714285714285,188.7122874917864
2019-12-02,1,6,7,14.285714285714285,186.1783062729551
2019-12-03,1,6,7,14.285714285714285,184.67279930324761
2019-12-04,1,6,7,14.285714285714285,185.46353828339542
2019-12-05,1,6,7,14.285714285714285,189.2364596230646
2019-12-06,1,6,7,14.285714285714285,184.56854548963878
2019-12-09,0,7,7,0.0,184.3328026010529
2019-12-10,0,7,7,0.0,179.4962238233157
2019-12-11,0,7,7,0.0,178.89386045192703
2019-12-12,0,7,7,0.0,179.59140131993132
2019-12-13,0,7,7,0.0,180.60537284351304
2019-12-16,0,7,7,0.0,179.26709057781537
2019-12-17,0,7,7,0.0,179.952024963697
2019-12-18,0,7,7,0.0,178.69364777026232
2019-12-19,0,7,7,0.0,177.717814772417
2019-12-20,0,7,7,0.0,178.86306495052807
2019-12-23,0,7,7,0.0,177.84195219401556
2019-12-24,0,7,7,0.0,177.34949274204186
2019-12-26,0,7,7,0.0,177.7446098942591
2019-12-27,0,7,7,0.0,177.73304527835393
2019-12-30,0,7,7,0.0,178.25365907452527
2019-12-31,0,7,7,0.0,178.76344387491696
2020-01-01,0,7,7,0.0,177.76691051687038
2020-01-02,0,7,7,0.0,179.12027232641208
2020-01-03,0,7,7,0.0,175.99928521440867
2020-01-06,0,7,7,0.0,172.93659339636147
2020-01-07,0,7,7,0.0,173.2175137045372
2020-01-08,0,7,7,0.0,172.0411155454392
2020-01-09,0,7,7,0.0,176.24306725980733
2020-01-10,0,7,7,0.0,179.7826753913307
2020-01-13,1,6,7,14.285714285714285,180.38934002962498
2020-01-14,1,6,7,14.285714285714285,183.82654122948844
2020-01-15,1,6,7,14.285714285714285,188.30074551964074
2020-01-16,1,6,7,14.285714285714285,190.54384022474017
2020-01-17,1,6,7,14.285714285714285,189.7230066073784
2020-01-20,1,6,7,14.285714285714285,186.67395550662934
2020-01-21,1,6,7,14.285714285714285,188.57272273646936
2020-01-22,1,6,7,14.285714285714285,189.1583537740223
2020-01-23,2,5,7,28.57142857142857,187.32668989510975
2020-01-24,2,5,7,28.57142857142857,186.2770041229079
2020-01-27,2,5,7,28.57142857142857,184.99682570787934
2020-01-28,2,5,7,28.57142857142857,183.65769488950727
2020-01-29,2,5,7,28.57142857142857,183.62323932925585
2020-01-30,1,6,7,14.285714285714285,181.35282047300282
2020-01-31,1,6,7,14.285714285714285,181.6298230210379
2020-02-01,0,7,7,0.0,171.99285933906305
2020-02-03,0,7,7,0.0,171.71272386416086
2020-02-04,0,7,7,0.0,173.37688989848286
2020-02-05,1,6,7,14.285714285714285,171.37554839384498
2020-02-06,2,5,7,28.57142857142857,176.4637575982688
2020-02-07,1,6,7,14.285714285714285,178.8535084383091
2020-02-10,1,6,7,14.285714285714285,177.88439207311734
2020-02-11,2,5,7,28.57142857142857,179.61178154851663
2020-02-12,2,5,7,28.57142857142857,178.21456113124475
2020-02-13,2,5,7,28.57142857142857,177.26054800946997
2020-02-14,2,5,7,28.57142857142857,176.87029340871206
2020-02-17,1,6,7,14.285714285714285,175.91653950836326
2020-02-18,2,5,7,28.57142857142857,183.10509433222177
2020-02-19,3,4,7,42.857142857142854,190.9260473320758
2020-02-20,3,4,7,42.857142857142854,186.86269647994695
2020-02-24,1,6,7,14.285714285714285,180.94597802960186
2020-02-25,2,5,7,28.57142857142857,182.27629474224884
2020-02-26,2,5,7,28.57142857142857,181.84028313836097
2020-02-27,2,5,7,28.57142857142857,179.11548738399944
2020-02-28,1,6,7,14.285714285714285,169.66135658089047
2020-03-02,1,6,7,14.285714285714285,167.75529464897053
2020-03-03,1,6,7,14.285714285714285,171.03556993713548
2020-03-04,1,6,7,14.285714285714285,166.17500830680788
2020-03-05,1,6,7,14.285714285714285,164.33887464369187
2020-03-06,0,7,7,0.0,159.9438547821333
2020-03-09,0,7,7,0.0,150.52447755539373
2020-03-11,0,7,7,0.0,152.6363305932821
2020-03-12,0,7,7,0.0,138.14532880492294
2020-03-13,0,7,7,0.0,134.84281033988913
2020-03-16,0,7,7,0.0,124.78932554399907
2020-03-17,0,7,7,0.0,121.62242157375694
2020-03-18,0,7,7,0.0,120.97646987340238
2020-03-19,0,7,7,0.0,116.42568714363006
2020-03-20,0,7,7,0.0,116.3874475292846
2020-03-23,0,7,7,0.0,104.97438935426133
2020-03-24,0,7,7,0.0,103.71126231590961
2020-03-25,0,7,7,0.0,106.87059829657504
2020-03-26,0,7,7,0.0,109.20054845528202
2020-03-27,0,7,7,0.0,108.99340284449568
2020-03-30,0,7,7,0.0,108.13083183260453
2020-03-31,0,7,7,0.0,109.32575070427846
2020-04-01,0,7,7,0.0,108.37322595435874
2020-04-03,0,7,7,0.0,109.21302566315221
2020-04-07,0,7,7,0.0,116.560266300272
2020-04-08,0,7,7,0.0,119.01940021664214
2020-04-09,0,7,7,0.0,124.37340394712979
2020-04-13,0,7,7,0.0,121.4313351336774
2020-04-15,0,7,7,0.0,123.27728773931213
2020-04-16,0,7,7,0.0,122.97671279859695
2020-04-17,0,7,7,0.0,128.31462559444495
2020-04-20,0,7,7,0.0,134.76711313323727
2020-04-21,0,7,7,0.0,129.34929320786134
2020-04-22,0,7,7,0.0,140.34650451047415
2020-04-23,2,5,7,28.57142857142857,142.66696538945374
2020-04-24,1,6,7,14.285714285714285,137.302248172828
2020-04-27,0,7,7,0.0,135.92787008292527
2020-04-28,0,7,7,0.0,135.89262284538947
2020-04-29,0,7,7,0.0,136.945554293574
2020-04-30,0,7,7,0.0,136.96257552036485
2020-05-04,0,7,7,0.0,131.28935750786732
2020-05-05,0,7,7,0.0,131.91436202948944
2020-05-06,0,7,7,0.0,130.5547039285837
2020-05-07,0,7,7,0.0,129.90245115942375
2020-05-08,0,7,7,0.0,130.75467069260037
2020-05-11,1,6,7,14.285714285714285,140.43022646423614
2020-05-12,2,5,7,28.57142857142857,144.15199595441493
2020-05-13,2,5,7,28.57142857142857,145.33097090188457
2020-05-14,2,5,7,28.57142857142857,141.40359357494958
2020-05-15,2,5,7,28.57142857142857,139.59536948766979
2020-05-18,2,5,7,28.57142857142857,134.8781696669101
2020-05-19,2,5,7,28.57142857142857,133.526806211378
2020-05-20,2,5,7,28.57142857142857,135.8273044994321
2020-05-21,2,5,7,28.57142857142857,133.97848169508774
2020-05-22,2,5,7,28.57142857142857,135.32186448460718
2020-05-26,1,6,7,14.285714285714285,132.4538058639737
2020-05-27,1,6,7,14.285714285714285,131.63564124701665
2020-05-28,2,5,7,28.57142857142857,137.55238501769554
2020-05-29,2,5,7,28.57142857142857,140.45133399540327
2020-06-01,2,5,7,28.57142857142857,143.49177583770586
2020-06-02,2,5,7,28.57142857142857,145.61755670522405
2020-06-03,2,5,7,28.57142857142857,151.33666640389603
2020-06-04,3,4,7,42.857142857142854,157.93823863906061
2020-06-05,3,4,7,42.857142857142854,164.89163264862296
2020-06-08,3,4,7,42.857142857142854,169.2770772567205
2020-06-09,3,4,7,42.857142857142854,164.60138460771842
2020-06-10,3,4,7,42.857142857142854,167.64047654896223
2020-06-11,3,4,7,42.857142857142854,164.57489689323515
2020-06-12,3,4,7,42.857142857142854,163.96907006340803
2020-06-15,3,4,7,42.857142857142854,167.02416085565403
2020-06-16,3,4,7,42.857142857142854,171.15815553940357
2020-06-17,3,4,7,42.857142857142854,175.30743051220853
2020-06-18,3,4,7,42.857142857142854,178.83182453280685
2020-06-19,3,4,7,42.857142857142854,180.1092466366415
2020-06-22,3,4,7,42.857142857142854,184.38917729630475
2020-06-23,3,4,7,42.857142857142854,188.00722998666012
2020-06-24,3,4,7,42.857142857142854,183.3310552387057
2020-06-25,3,4,7,42.857142857142854,182.0780531802804
2020-06-26,4,3,7,57.14285714285714,183.5914820942233
2020-06-29,3,4,7,42.857142857142854,179.07081865483073
2020-06-30,3,4,7,42.857142857142854,176.92704803854625
2020-07-01,3,4,7,42.857142857142854,179.51729875090368
2020-07-02,3,4,7,42.857142857142854,178.72932270792705
2020-07-03,3,4,7,42.857142857142854,178.0381299905631
2020-07-06,3,4,7,42.857142857142854,178.45743357217557
2020-07-07,3,4,7,42.857142857142854,177.86193781676732
2020-07-08,3,4,7,42.857142857142854,176.9482812074025
2020-07-09,3,4,7,42.857142857142854,180.0353806373964
2020-07-10,3,4,7,42.857142857142854,180.00237233099526
2020-07-13,3,4,7,42.857142857142854,181.9049226036829
2020-07-14,3,4,7,42.857142857142854,187.22169533981287
2020-07-15,3,4,7,42.857142857142854,187.42285896946922
2020-07-16,3,4,7,42.857142857142854,182.46452395062948
2020-07-17,3,4,7,42.857142857142854,185.31896022450255
2020-07-20,3,4,7,42.857142857142854,191.58372395115376
2020-07-21,3,4,7,42.857142857142854,194.14199785173383
2020-07-22,3,4,7,42.857142857142854,193.4381910291306
2020-07-23,3,4,7,42.857142857142854,192.8342841302211
2020-07-24,3,4,7,42.857142857142854,189.97965980624122
2020-07-27,3,4,7,42.857142857142854,187.3769935803268
2020-07-28,3,4,7,42.857142857142854,186.4118744205693
2020-07-29,3,4,7,42.857142857142854,185.90242396331084
2020-07-30,3,4,7,42.857142857142854,182.89416582647593
2020-07-31,3,4,7,42.857142857142854,179.46004065183675
2020-08-03,3,4,7,42.857142857142854,175.99908407897462
2020-08-04,3,4,7,42.857142857142854,181.3585753174116
2020-08-05,3,4,7,42.857142857142854,184.45443095466632
2020-08-06,3,4,7,42.857142857142854,184.85347886968634
2020-08-07,3,4,7,42.857142857142854,183.8249862054105
2020-08-10,3,4,7,42.857142857142854,186.77403007787882
2020-08-11,3,4,7,42.857142857142854,193.1157915022159
2020-08-12,4,3,7,57.14285714285714,199.28212429745034
2020-08-13,4,3,7,57.14285714285714,202.97098046301386
2020-08-14,4,3,7,57.14285714285714,198.048140933152
2020-08-17,5,2,7,71.42857142857143,202.14574662629195
2020-08-18,5,2,7,71.42857142857143,204.75869429667233
2020-08-19,5,2,7,71.42857142857143,207.62235374393475
2020-08-20,5,2,7,71.42857142857143,209.21643840145828
2020-08-21,5,2,7,71.42857142857143,206.96750011216722
2020-08-24,5,2,7,71.42857142857143,209.4719039854243
2020-08-25,5,2,7,71.42857142857143,213.12604329825828
2020-08-26,6,1,7,85.71428571428571,216.27339219461567
2020-08-27,6,1,7,85.71428571428571,217.17842579957062
2020-08-28,6,1,7,85.71428571428571,216.30537114474953
2020-08-31,5,2,7,71.42857142857143,205.86222103542363
2020-09-01,5,2,7,71.42857142857143,205.88631497233757
2020-09-02,6,1,7,85.71428571428571,213.00392704760074
2020-09-03,6,1,7,85.71428571428571,213.13484324092732
2020-09-04,6,1,7,85.71428571428571,211.19834070861373
2020-09-07,6,1,7,85.71428571428571,209.55544911443474
2020-09-08,6,1,7,85.71428571428571,207.30963911476374
2020-09-09,6,1,7,85.71428571428571,205.02109464031366
2020-09-10,6,1,7,85.71428571428571,209.87484701449387
2020-09-11,6,1,7,85.71428571428571,209.53693256333707
2020-09-14,6,1,7,85.71428571428571,211.7448505632456
2020-09-15,6,1,7,85.71428571428571,213.2039844502969
2020-09-16,6,1,7,85.71428571428571,214.42353520983687
2020-09-17,6,1,7,85.71428571428571,214.52026836830345
2020-09-18,6,1,7,85.71428571428571,213.17721225680057
2020-09-21,6,1,7,85.71428571428571,206.377362415776
2020-09-22,5,2,7,71.42857142857143,200.51619371194732
2020-09-23,5,2,7,71.42857142857143,197.5619122319498
2020-09-24,5,2,7,71.42857142857143,191.75099667843702
2020-09-25,5,2,7,71.42857142857143,199.91608836315072
2020-09-28,5,1,6,83.33333333333334,203.96075571129475
2020-09-29,6,1,7,85.71428571428571,206.74123196458686
2020-09-30,6,1,7,85.71428571428571,206.59852138799707
2020-10-01,6,1,7,85.71428571428571,207.11050922235827
2020-10-05,6,1,7,85.71428571428571,207.8059069823492
2020-10-06,6,1,7,85.71428571428571,212.1783542646034
2020-10-07,6,1,7,85.71428571428571,208.45517428291456
2020-10-08,6,1,7,85.71428571428571,208.0504941818584
2020-10-09,6,1,7,85.71428571428571,206.38722833214
2020-10-12,5,2,7,71.42857142857143,203.66911977787106
2020-10-13,5,2,7,71.42857142857143,204.4874606733539
2020-10-14,5,2,7,71.42857142857143,204.09997801976556
2020-10-15,5,2,7,71.42857142857143,198.71334309084412
2020-10-16,5,2,7,71.42857142857143,196.79802365073152
2020-10-19,5,2,7,71.42857142857143,194.96185488625082
2020-10-20,5,2,7,71.42857142857143,195.97345133811507
2020-10-21,5,2,7,71.42857142857143,195.77046533581884
2020-10-22,5,2,7,71.42857142857143,199.232883258622
2020-10-23,5,2,7,71.42857142857143,201.70780420168592
2020-10-26,5,2,7,71.42857142857143,201.85664667496815
2020-10-27,5,2,7,71.42857142857143,204.12782252074192
2020-10-28,5,2,7,71.42857142857143,200.6711420671456
2020-10-29,5,2,7,71.42857142857143,201.2856291373515
2020-10-30,5,2,7,71.42857142857143,203.58362285989503
2020-11-02,5,2,7,71.42857142857143,200.95166306559852
2020-11-03,5,2,7,71.42857142857143,200.51219631669125
2020-11-04,5,2,7,71.42857142857143,200.9702783482968
2020-11-05,6,1,7,85.71428571428571,204.93940222965784
2020-11-06,6,1,7,85.71428571428571,204.4115079119973
2020-11-09,6,1,7,85.71428571428571,206.07637729452085
2020-11-10,6,1,7,85.71428571428571,206.19382432157903
2020-11-11,6,1,7,85.71428571428571,207.13939983632218
2020-11-12,6,1,7,85.71428571428571,210.16299799649198
2020-11-13,6,1,7,85.71428571428571,209.20262940868338
2020-11-14,6,1,7,85.71428571428571,209.7841478774578
2020-11-17,6,1,7,85.71428571428571,207.88978051050358
2020-11-18,6,1,7,85.71428571428571,212.35003024272686
2020-11-19,6,1,7,85.71428571428571,213.60948449496107
2020-11-20,6,1,7,85.71428571428571,214.53225456021366
2020-11-23,6,1,7,85.71428571428571,212.9440458246999
2020-11-24,6,1,7,85.71428571428571,212.3611054742185
2020-11-25,6,1,7,85.71428571428571,208.98518818325468
2020-11-26,6,1,7,85.71428571428571,210.93401692842852
2020-11-27,7,0,7,100.0,214.0048531961063
2020-12-01,7,0,7,100.0,217.53564271293607
2020-12-02,7,0,7,100.0,218.5484562188203
2020-12-03,7,0,7,100.0,221.87708331647977
2020-12-04,7,0,7,100.0,223.6343802106743
2020-12-07,7,0,7,100.0,228.6506018132835
2020-12-08,7,0,7,100.0,226.10561229265417
2020-12-09,7,0,7,100.0,236.33432225858573
2020-12-10,7,0,7,100.0,230.8720327002714
2020-12-11,7,0,7,100.0,230.7852051451156
2020-12-14,7,0,7,100.0,231.97653815426546
2020-12-15,7,0,7,100.0,236.4362966714345
2020-12-16,7,0,7,100.0,239.1242137777238
2020-12-17,7,0,7,100.0,237.2160955652645
2020-12-18,7,0,7,100.0,235.46437022893122
2020-12-21,7,0,7,100.0,222.21058277826756
2020-12-22,7,0,7,100.0,229.16502315181523
2020-12-23,7,0,7,100.0,235.1320917261206
2020-12-24,7,0,7,100.0,236.45207852757645
2020-12-28,7,0,7,100.0,240.96092922079987
2020-12-29,7,0,7,100.0,241.10035395661157
2020-12-30,7,0,7,100.0,240.01486045557695
2020-12-31,7,0,7,100.0,241.12236244382368
2021-01-01,7,0,7,100.0,241.72765393007109
2021-01-04,7,0,7,100.0,241.87332022624184
2021-01-05,7,0,7,100.0,243.2870103330897
2021-01-06,7,0,7,100.0,240.99115628124594
2021-01-07,7,0,7,100.0,244.32400175759543
2021-01-08,7,0,7,100.0,247.04199978462088
2021-01-11,7,0,7,100.0,244.4631380672687
2021-01-12,7,0,7,100.0,248.3443416779085
2021-01-13,7,0,7,100.0,246.56793012209005
2021-01-14,7,0,7,100.0,245.92892807400105
2021-01-15,7,0,7,100.0,243.53679975653964
2021-01-18,7,0,7,100.0,236.68584459876013
2021-01-19,7,0,7,100.0,243.26612464730326
2021-01-20,7,0,7,100.0,246.65826306204642
2021-01-21,7,0,7,100.0,242.99961519740876
2021-01-22,7,0,7,100.0,241.01189633235256
2021-01-25,6,1,7,85.71428571428571,239.72451072163793
2021-01-27,6,1,7,85.71428571428571,237.15692396821328
2021-01-28,6,1,7,85.71428571428571,238.384200706968
2021-01-29,6,1,7,85.71428571428571,237.20509504269157
2021-02-01,6,1,7,85.71428571428571,244.12892129148483
2021-02-02,6,1,7,85.71428571428571,250.28891711124922
2021-02-03,6,1,7,85.71428571428571,254.11547252754994
2021-02-04,6,1,7,85.71428571428571,256.14567646429316
2021-02-05,6,1,7,85.71428571428571,247.13599896005
2021-02-08,6,1,7,85.71428571428571,249.99981778347018
2021-02-09,6,1,7,85.71428571428571,246.20716022940448
2021-02-10,6,1,7,85.71428571428571,249.83860483220707
2021-02-11,6,1,7,85.71428571428571,252.43913890518468
2021-02-12,6,1,7,85.71428571428571,249.5867192020584
2021-02-15,6,1,7,85.71428571428571,249.6174592995946
2021-02-16,6,1,7,85.71428571428571,250.64993984123433
2021-02-17,6,1,7,85.71428571428571,253.21722190760062
2021-02-18,6,1,7,85.71428571428571,256.5563688437321
2021-02-19,6,1,7,85.71428571428571,253.48140356341293
2021-02-22,6,1,7,85.71428571428571,248.62740291332196
2021-02-23,6,1,7,85.71428571428571,248.50837799490955
2021-02-24,6,1,7,85.71428571428571,252.49558275976244
2021-02-25,6,1,7,85.71428571428571,261.70891352135567
2021-02-26,6,1,7,85.71428571428571,259.7537296430272
2021-03-01,6,1,7,85.71428571428571,269.5970265336439
2021-03-02,6,1,7,85.71428571428571,270.7708046349156
2021-03-03,6,1,7,85.71428571428571,281.0726967468356
2021-03-04,6,1,7,85.71428571428571,284.3894532054538
2021-03-05,6,1,7,85.71428571428571,281.228762585533
2021-03-08,6,1,7,85.71428571428571,288.42572756941524
2021-03-09,7,0,7,100.0,289.68471509137083
2021-03-10,6,1,7,85.71428571428571,287.80700542113084
2021-03-12,6,1,7,85.71428571428571,288.92459185063444
2021-03-15,6,1,7,85.71428571428571,286.7289868344911
2021-03-16,6,1,7,85.71428571428571,288.05473990680673
2021-03-17,6,1,7,85.71428571428571,277.26707098937567
2021-03-18,6,1,7,85.71428571428571,273.05057160628144
2021-03-19,6,1,7,85.71428571428571,277.7652957952167
2021-03-22,6,1,7,85.71428571428571,276.75547869293865
2021-03-23,6,1,7,85.71428571428571,277.3019050497039
2021-03-24,6,1,7,85.71428571428571,269.3142750737565
2021-03-25,5,2,7,71.42857142857143,266.70704679540967
2021-03-26,5,2,7,71.42857142857143,264.6962787467471
2021-03-30,5,2,8,71.42857142857143,264.5360928479776
2021-03-31,5,2,8,71.42857142857143,261.88201424308386
2021-04-01,6,1,8,85.71428571428571,274.0370541518425
2021-04-05,5,2,8,71.42857142857143,267.9310685104906
2021-04-06,5,2,8,71.42857142857143,276.871017968866
2021-04-07,5,2,8,71.42857142857143,277.7363669707744
2021-04-08,5,2,8,71.42857142857143,276.104316170392
2021-04-09,5,2,8,71.42857142857143,276.26268021604227
2021-04-12,3,4,8,42.857142857142854,256.71442202087155
2021-04-13,4,3,8,57.14285714285714,263.61128357648795
2021-04-15,4,3,8,57.14285714285714,262.37819655624565
2021-04-16,4,3,8,57.14285714285714,270.461116996866
2021-04-19,4,3,8,57.14285714285714,263.9033501577443
2021-04-20,4,3,8,57.14285714285714,267.2964654096323
2021-04-22,3,4,8,42.857142857142854,272.0463178814524
2021-04-23,3,4,8,42.857142857142854,267.3815766007777
2021-04-26,4,3,8,57.14285714285714,268.12389415784924
2021-04-27,4,3,8,57.14285714285714,273.109119999487
2021-04-28,5,2,8,71.42857142857143,281.3494572783029
2021-04-29,4,3,8,57.14285714285714,278.52733017815194
2021-04-30,4,3,8,57.14285714285714,277.35029043152406
2021-05-03,5,2,8,71.42857142857143,279.1372847502622
2021-05-04,5,2,8,71.42857142857143,273.3107561097892
2021-05-05,4,3,8,57.14285714285714,275.7690324056528
2021-05-06,5,2,8,71.42857142857143,277.06265692005877
2021-05-07,5,2,8,71.42857142857143,277.4006597706977
2021-05-10,5,2,8,71.42857142857143,279.0212146117477
2021-05-11,5,2,8,71.42857142857143,281.92105843172345
2021-05-12,5,2,8,71.42857142857143,280.186639193306
2021-05-14,5,2,8,71.42857142857143,277.64766476946824
2021-05-17,5,2,8,71.42857142857143,281.08325027507897
2021-05-18,5,2,8,71.42857142857143,286.2307800088582
2021-05-19,5,2,8,71.42857142857143,288.93783067064606
2021-05-20,5,2,8,71.42857142857143,291.186414070795
2021-05-21,5,2,8,71.42857142857143,291.27096119190014
2021-05-24,5,2,8,71.42857142857143,295.9954748224955
2021-05-25,5,2,8,71.42857142857143,298.7541932511496
2021-05-26,6,1,8,85.71428571428571,302.89807087364346
2021-05-27,6,1,8,85.71428571428571,305.09104215176734
2021-05-28,6,1,8,85.71428571428571,302.6086829206787
2021-05-31,6,1,8,85.71428571428571,303.06528851856825
2021-06-01,6,1,8,85.71428571428571,299.78924239772033
2021-06-02,6,1,8,85.71428571428571,302.1191575198812
2021-06-03,6,1,8,85.71428571428571,301.69964886771913
2021-06-04,6,1,8,85.71428571428571,304.5580692757303
2021-06-07,6,1,8,85.71428571428571,307.3999260035748
2021-06-08,6,1,8,85.71428571428571,316.04867289947964
2021-06-09,6,1,8,85.71428571428571,309.84590910538356
2021-06-10,6,1,8,85.71428571428571,327.1429253445467
2021-06-11,6,1,8,85.71428571428571,324.9379273878929
2021-06-14,6,1,8,85.71428571428571,325.7595137275865
2021-06-15,6,1,8,85.71428571428571,330.06370734835593
2021-06-16,6,1,8,85.71428571428571,328.53843360974093
2021-06-17,6,1,8,85.71428571428571,325.57998043354
2021-06-18,6,1,8,85.71428571428571,318.0992876422367
2021-06-21,6,1,8,85.71428571428571,320.1398729050966
2021-06-22,6,1,8,85.71428571428571,319.4125569645731
2021-06-23,6,1,8,85.71428571428571,318.0348533682267
2021-06-24,6,1,8,85.71428571428571,316.1839562183788
2021-06-25,6,1,8,85.71428571428571,317.6346044252926
2021-06-28,6,1,8,85.71428571428571,318.81811135116226
2021-06-29,6,1,8,85.71428571428571,320.355289134191
2021-06-30,6,1,8,85.71428571428571,317.7603992144205
2021-07-01,6,1,8,85.71428571428571,318.7955873268141
2021-07-02,6,1,8,85.71428571428571,320.88418430882587
2021-07-05,6,1,8,85.71428571428571,328.1216074913661
2021-07-06,6,1,8,85.71428571428571,328.7791362290415
2021-07-07,6,1,8,85.71428571428571,332.2382213514588
2021-07-08,6,1,8,85.71428571428571,334.5918382574789
2021-07-09,6,1,8,85.71428571428571,335.6708980832521
2021-07-12,6,1,8,85.71428571428571,337.23937935541454
2021-07-13,6,1,8,85.71428571428571,334.17133306036635
2021-07-14,6,1,8,85.71428571428571,335.5934451961527
2021-07-15,6,1,8,85.71428571428571,335.306001101872
2021-07-16,6,1,8,85.71428571428571,336.6698338047616
2021-07-19,5,2,8,71.42857142857143,337.9624156142259
2021-07-20,5,2,8,71.42857142857143,328.1698509081471
2021-07-22,5,2,8,71.42857142857143,329.64737197116636
2021-07-23,5,2,8,71.42857142857143,328.90084947666094
2021-07-26,5,2,8,71.42857142857143,327.4351623797318
2021-07-27,5,2,8,71.42857142857143,325.94410724100976
2021-07-28,5,2,8,71.42857142857143,323.91885041580787
2021-07-29,5,2,8,71.42857142857143,325.9316104806777
2021-07-30,5,2,8,71.42857142857143,330.1234214397643
2021-08-02,5,2,8,71.42857142857143,332.38283488466413
2021-08-03,5,2,8,71.42857142857143,333.48850921015196
2021-08-04,5,2,8,71.42857142857143,327.5155508315283
2021-08-05,5,2,8,71.42857142857143,322.3502344095931
2021-08-06,5,2,8,71.42857142857143,318.59823760657724
2021-08-09,5,2,8,71.42857142857143,322.92170113040623
2021-08-10,4,3,8,57.14285714285714,311.17991202161164
2021-08-11,4,3,8,57.14285714285714,308.2185765248919
2021-08-12,4,3,8,57.14285714285714,313.5747057439205
2021-08-13,5,2,8,71.42857142857143,312.24477798954644
2021-08-16,3,4,8,42.857142857142854,304.5304377949702
2021-08-17,3,4,8,42.857142857142854,302.08815118238897
2021-08-18,3,4,8,42.857142857142854,299.9223470722695
2021-08-20,3,4,8,42.857142857142854,296.2048781923585
2021-08-23,3,4,8,42.857142857142854,293.5211555367709
2021-08-24,4,3,8,57.14285714285714,304.04068398804947
2021-08-25,3,4,8,42.857142857142854,304.8294116023264
2021-08-26,3,4,8,42.857142857142854,306.8050640899262
2021-08-27,3,4,8,42.857142857142854,306.91481674509146
2021-08-30,3,4,8,42.857142857142854,309.6505500120952
2021-08-31,3,4,8,42.857142857142854,312.636897417358
2021-09-01,3,4,8,42.857142857142854,311.388830526325
2021-09-02,4,3,8,57.14285714285714,315.5592961679636
2021-09-03,4,3,8,57.14285714285714,322.5836496631565
2021-09-06,4,3,8,57.14285714285714,328.18638778020784
2021-09-07,4,3,8,57.14285714285714,328.637094556217
2021-09-08,3,4,8,42.857142857142854,331.93643369694684
2021-09-09,4,3,8,57.14285714285714,336.9539294503705
2021-09-13,3,4,8,42.857142857142854,344.4714350461853
2021-09-14,6,1,8,85.71428571428571,372.4170938450225
2021-09-15,6,1,8,85.71428571428571,371.85693952522774
2021-09-16,6,1,8,85.71428571428571,368.7477755493752
2021-09-17,5,2,8,71.42857142857143,365.82433690712423
2021-09-20,5,2,8,71.42857142857143,360.3474437690566
2021-09-21,5,2,8,71.42857142857143,359.1786963409725
2021-09-22,6,1,8,85.71428571428571,383.1067752324305
2021-09-23,6,1,8,85.71428571428571,380.36274810397384
2021-09-24,6,1,8,85.71428571428571,373.55577625951537
2021-09-27,6,1,8,85.71428571428571,376.0808246163326
2021-09-28,5,2,8,71.42857142857143,371.4497765998303
2021-09-29,5,2,8,71.42857142857143,373.36502201045664
2021-09-30,6,1,8,85.71428571428571,371.81351852154336
2021-10-01,6,1,8,85.71428571428571,378.50425117190025
2021-10-04,6,1,8,85.71428571428571,388.24989272116466
2021-10-05,6,1,8,85.71428571428571,399.1916297772425
2021-10-06,6,1,8,85.71428571428571,398.1370229593122
2021-10-07,6,1,8,85.71428571428571,399.31006716439333
2021-10-08,6,1,8,85.71428571428571,406.48816932830147
2021-10-11,6,1,8,85.71428571428571,414.01800241027684
2021-10-12,6,1,8,85.71428571428571,426.8966431673034
2021-10-13,6,1,8,85.71428571428571,426.89605505954364
2021-10-14,6,1,8,85.71428571428571,435.54161395564483
2021-10-18,6,1,8,85.71428571428571,439.75437833731
2021-10-19,6,1,8,85.71428571428571,433.08429739642315
2021-10-20,6,1,8,85.71428571428571,432.12446628833857
2021-10-21,6,1,8,85.71428571428571,434.34020234426794
2021-10-22,6,1,8,85.71428571428571,426.5123046729241
2021-10-25,6,1,8,85.71428571428571,421.4511847223564
2021-10-26,6,1,8,85.71428571428571,431.0169261159336
2021-10-27,6,1,8,85.71428571428571,426.9467462632635
2021-10-28,6,1,8,85.71428571428571,417.5566289856167
2021-10-29,6,1,8,85.71428571428571,413.49161482459493
2021-11-01,6,1,8,85.71428571428571,420.1705284738833
2021-11-02,6,1,8,85.71428571428571,421.7539484804189
2021-11-03,6,1,8,85.71428571428571,414.20323656190766
2021-11-04,7,1,8,87.5,420.9970308355657
2021-11-08,7,1,8,87.5,423.99472631298653
2021-11-09,7,1,8,87.5,423.4160713639053
2021-11-10,7,1,8,87.5,421.24593005064656
2021-11-11,7,1,8,87.5,419.02949731257786
2021-11-12,7,1,8,87.5,417.67899471469826
2021-11-15,7,1,8,87.5,412.7275296539696
2021-11-16,7,1,8,87.5,412.3007532918778
2021-11-17,7,1,8,87.5,412.8222960532777
2021-11-18,7,1,8,87.5,403.30974299716377
2021-11-22,7,1,8,87.5,393.00421856250904
2021-11-23,7,1,8,87.5,400.60307299912256
2021-11-24,7,1,8,87.5,408.4774144092762
2021-11-25,7,1,8,87.5,415.85408661664934
2021-11-26,7,1,8,87.5,404.8049424937709
2021-11-29,7,1,8,87.5,395.9660244177152
2021-11-30,6,2,8,75.0,391.71369600847584
2021-12-01,7,1,8,87.5,395.4200784650087
2021-12-02,7,1,8,87.5,404.6221376748834
2021-12-03,7,1,8,87.5,411.84997205908047
2021-12-06,7,1,8,87.5,406.23502729581406
2021-12-07,7,1,8,87.5,415.1630548629497
2021-12-08,7,1,8,87.5,420.1281128514939
2021-12-09,7,1,8,87.5,435.3303386489838
2021-12-10,7,1,8,87.5,449.68572582575683
2021-12-13,7,1,8,87.5,444.24038247029705
2021-12-14,7,1,8,87.5,444.35891187794863
2021-12-15,7,1,8,87.5,439.4147781224202
2021-12-16,7,1,8,87.5,433.7795010542635
2021-12-17,7,1,8,87.5,416.8938371244825
2021-12-20,4,4,8,50.0,398.9247124703646
2021-12-21,4,4,8,50.0,407.6480865931177
2021-12-22,4,4,8,50.0,412.3092622974492
2021-12-23,4,4,8,50.0,411.4202919493882
2021-12-24,4,4,8,50.0,412.989657270807
2021-12-27,4,4,8,50.0,410.30441897194845
2021-12-28,5,3,8,62.5,416.77983526857315
2021-12-29,6,2,8,75.0,417.47698090244415
2021-12-30,6,2,8,75.0,416.52980613622856
2021-12-31,6,2,8,75.0,419.9813615311195
2022-01-03,6,2,8,75.0,427.4615404225776
2022-01-04,6,2,8,75.0,427.3197070479261
2022-01-05,6,2,8,75.0,426.11490747482776
2022-01-06,5,3,8,62.5,423.99264286904923
2022-01-07,5,3,8,62.5,420.69818437472435
2022-01-10,5,3,8,62.5,427.32322329365735
2022-01-11,6,2,8,75.0,423.99820355213365
2022-01-12,5,3,8,62.5,423.0749047838059
2022-01-13,6,2,8,75.0,429.23722669342135
2022-01-14,6,2,8,75.0,428.3850277225652
2022-01-17,5,3,8,62.5,430.8072798450085
2022-01-18,6,2,8,75.0,425.9523425179214
2022-01-19,5,3,8,62.5,426.6206711403032
2022-01-20,5,3,8,62.5,425.97255031670755
2022-01-21,5,3,8,62.5,415.0494886965107
2022-01-24,4,4,8,50.0,394.54879320021104
2022-01-25,4,4,8,50.0,393.8069419266766
2022-01-27,5,3,8,62.5,395.7519609869301
2022-01-28,5,3,8,62.5,400.62142127481496
2022-01-31,5,3,8,62.5,403.9592155885861
2022-02-01,5,3,8,62.5,407.8852307256769
2022-02-02,5,3,8,62.5,415.9742213729416
2022-02-03,5,3,8,62.5,417.4746021325772
2022-02-04,5,3,8,62.5,411.58947812300005
2022-02-07,4,4,8,50.0,405.94752268221094
2022-02-08,4,4,8,50.0,399.3363518520175
2022-02-09,4,4,8,50.0,406.99468974022767
2022-02-10,5,3,8,62.5,412.4833702566368
2022-02-11,4,4,8,50.0,407.17879238404817
2022-02-14,3,5,8,37.5,389.7588929167032
2022-02-15,4,4,8,50.0,395.4952031418741
2022-02-16,4,4,8,50.0,398.69366796589867
2022-02-17,4,4,8,50.0,396.15853451863046
2022-02-18,4,4,8,50.0,391.13603463576186
2022-02-21,3,5,8,37.5,379.2941943275609
2022-02-22,3,5,8,37.5,364.5384052450777
2022-02-23,3,5,8,37.5,368.30771792821514
2022-02-24,3,5,8,37.5,343.397244298533
2022-02-25,3,5,8,37.5,356.72611306594456
2022-02-28,3,5,8,37.5,356.5507503910576
2022-03-02,3,5,8,37.5,360.05612730646595
2022-03-03,3,5,8,37.5,361.7435014293962
2022-03-04,3,5,8,37.5,360.3711618600674
2022-03-07,2,5,7,28.57142857142857,357.39759205613876
2022-03-08,3,5,8,37.5,362.0330178319387
2022-03-09,3,5,8,37.5,372.52276887121644
2022-03-10,3,5,8,37.5,377.98865302641815
2022-03-11,3,5,8,37.5,381.6588952970617
2022-03-14,3,5,8,37.5,384.61080452476375
2022-03-15,3,5,8,37.5,381.0223110686503
2022-03-16,3,5,8,37.5,381.6867099772037
2022-03-17,3,5,8,37.5,386.7496825361415
2022-03-21,3,5,8,37.5,384.44317094493016
2022-03-22,3,5,8,37.5,384.23694186568525
2022-03-23,3,5,8,37.5,383.4538815424582
2022-03-24,4,4,8,50.0,393.22623011363487
2022-03-25,4,4,8,50.0,388.06730286361164
2022-03-28,4,4,8,50.0,385.4479937369424
2022-03-29,4,4,8,50.0,385.1303538091846
2022-03-30,4,4,8,50.0,393.36373518131575
2022-03-31,4,4,8,50.0,393.1068455257881
2022-04-01,4,4,8,50.0,403.84986738148774
2022-04-04,4,4,8,50.0,410.7146063099851
2022-04-05,4,4,8,50.0,411.34697672966166
2022-04-06,4,4,8,50.0,410.4724706456057
2022-04-07,4,4,8,50.0,407.2336652643058
2022-04-08,6,2,8,75.0,415.7440860520697
2022-04-11,5,3,8,62.5,420.1229266289671
2022-04-12,5,3,8,62.5,410.95023448936183
2022-04-13,5,3,8,62.5,408.1601112279641
2022-04-18,6,2,8,75.0,414.31505926295864
2022-04-19,4,4,8,50.0,407.2672540773591
2022-04-20,4,4,8,50.0,404.8149627601178
2022-04-21,4,4,8,50.0,405.25759257231033
2022-04-22,4,4,8,50.0,405.0979353479287
2022-04-25,4,4,8,50.0,402.01861352409225
2022-04-26,4,4,8,50.0,407.1487940608751
2022-04-27,4,4,8,50.0,406.9924043525923
2022-04-28,4,4,8,50.0,391.8499363681862
2022-04-29,2,6,8,25.0,382.87914667638944
2022-05-02,3,5,8,37.5,381.92508379849477
2022-05-04,1,7,8,12.5,366.1466835982703
2022-05-05,1,7,8,12.5,364.2655781120139
2022-05-06,1,7,8,12.5,359.68501317536743
2022-05-09,0,8,8,0.0,351.2350743179871
2022-05-10,0,8,8,0.0,343.2084351528015
2022-05-11,0,8,8,0.0,332.14939171340177
2022-05-12,0,8,8,0.0,327.61322129002724
2022-05-13,1,7,8,12.5,338.0039863346733
2022-05-16,0,8,8,0.0,339.8956637280845
2022-05-17,1,7,8,12.5,348.6983364047805
2022-05-18,1,7,8,12.5,349.2365342469643
2022-05-19,0,8,8,0.0,340.08099467892305
2022-05-20,2,6,8,25.0,352.3154689704685
2022-05-23,1,7,8,12.5,347.69615615438937
2022-05-24,1,7,8,12.5,343.39535646388845
2022-05-25,0,8,8,0.0,331.5293567232366
2022-05-26,0,8,8,0.0,332.21030317399715
2022-05-27,0,8,8,0.0,336.54504577512284
2022-05-30,0,8,8,0.0,345.9495382165682
2022-05-31,1,7,8,12.5,354.4323285805245
2022-06-01,1,7,8,12.5,353.66089658902655
2022-06-02,1,7,8,12.5,355.2498396386673
2022-06-03,1,7,8,12.5,353.1067912079839
2022-06-06,0,8,8,0.0,348.1756424885064
2022-06-07,0,8,8,0.0,342.4625370970999
2022-06-08,1,7,8,12.5,345.4934967084574
2022-06-09,1,7,8,12.5,345.9626949886469
2022-06-10,0,8,8,0.0,342.40820239438966
2022-06-13,0,8,8,0.0,329.46766793481356
2022-06-14,0,8,8,0.0,331.81918993246165
2022-06-15,0,8,8,0.0,329.4523849753421
2022-06-16,0,8,8,0.0,318.93165433868774
2022-06-17,0,8,8,0.0,316.19656927399933
2022-06-20,0,8,8,0.0,305.0436664677299
2022-06-21,0,8,8,0.0,315.1037062093735
2022-06-22,0,8,8,0.0,301.8586505900579
2022-06-23,0,8,8,0.0,306.35739239189223
2022-06-24,0,8,8,0.0,318.01692168078057
2022-06-27,0,8,8,0.0,319.7988753866947
2022-06-28,0,8,8,0.0,323.99049320502684
2022-06-29,0,8,8,0.0,325.29396311558247
2022-06-30,0,8,8,0.0,323.1239461923667
2022-07-01,0,8,8,0.0,323.37363695724446
2022-07-04,0,8,8,0.0,324.86235550775046
2022-07-05,0,8,8,0.0,326.53524505951
2022-07-06,0,8,8,0.0,332.8451012218153
2022-07-07,0,8,8,0.0,334.8249936266976
2022-07-08,0,8,8,0.0,333.42358199957494
2022-07-11,0,8,8,0.0,334.2476628846846
2022-07-12,0,8,8,0.0,331.51622764340493
2022-07-13,0,8,8,0.0,333.00959314078364
2022-07-14,0,8,8,0.0,328.620831959103
2022-07-15,0,8,8,0.0,328.74782949720077
2022-07-18,0,8,8,0.0,334.1563107283803
2022-07-19,0,8,8,0.0,334.283479300457
2022-07-20,0,8,8,0.0,333.2879294303089
2022-07-21,0,8,8,0.0,332.25376493381634
2022-07-22,0,8,8,0.0,332.58183396629175
2022-07-25,0,8,8,0.0,330.4710525127343
2022-07-26,0,8,8,0.0,329.95595884913433
2022-07-27,0,8,8,0.0,332.40274731598066
2022-07-28,0,8,8,0.0,337.1690315500419
2022-07-29,0,8,8,0.0,339.5403708038472
2022-08-01,0,8,8,0.0,352.2129318100428
2022-08-02,1,7,8,12.5,358.4892548518806
2022-08-03,1,7,8,12.5,356.8349469801697
2022-08-04,1,7,8,12.5,355.8670220346234
2022-08-05,1,7,8,12.5,356.67679600182043
2022-08-08,1,7,8,12.5,358.9390363015464
2022-08-10,2,6,8,25.0,356.637273013674
2022-08-11,1,7,8,12.5,356.16010589619515
2022-08-12,2,6,8,25.0,355.7521018203151
2022-08-16,2,6,8,25.0,358.35809509339913
2022-08-17,2,6,8,25.0,362.9770361952452
2022-08-18,2,6,8,25.0,361.77986772097717
2022-08-19,2,6,8,25.0,365.1937472693712
2022-08-22,2,6,8,25.0,373.0093739244447
2022-08-23,2,6,8,25.0,369.28360924449055
2022-08-24,2,6,8,25.0,373.9604377149244
2022-08-25,2,6,8,25.0,373.47936708707476
2022-08-26,2,6,8,25.0,372.1663863853859
2022-08-29,3,5,8,37.5,373.0959821906691
2022-08-30,2,6,8,25.0,375.98184092851113
2022-09-01,2,6,8,25.0,378.29150937019017
2022-09-02,3,5,8,37.5,382.904693898967
2022-09-05,3,5,8,37.5,387.6368821919783
2022-09-06,3,5,8,37.5,384.75175054969833
2022-09-07,3,5,8,37.5,386.8805136856563
2022-09-08,3,5,8,37.5,389.79426107985
2022-09-09,3,5,8,37.5,395.21463511206366
2022-09-12,4,4,8,50.0,401.5937433279639
2022-09-13,4,4,8,50.0,410.32787456204636
2022-09-14,4,4,8,50.0,410.5182087581734
2022-09-15,4,4,8,50.0,409.7143715006508
2022-09-16,3,5,8,37.5,397.39801431774123
2022-09-19,4,4,8,50.0,395.5006693208374
2022-09-20,4,4,8,50.0,398.4216889104109
2022-09-21,3,5,8,37.5,391.52821923228885
2022-09-22,4,4,8,50.0,397.1896515843469
2022-09-23,3,5,8,37.5,386.59414264082426
2022-09-26,2,6,8,25.0,371.9731057443155
2022-09-27,3,5,8,37.5,375.6206945009532
2022-09-28,2,6,8,25.0,366.70380895826315
2022-09-29,2,6,8,25.0,369.48096845255145
2022-09-30,2,6,8,25.0,372.5833630877837
2022-10-03,2,6,8,25.0,371.9707847402679
2022-10-04,3,5,8,37.5,382.96585600815655
2022-10-06,3,5,8,37.5,390.6009889338259
2022-10-07,3,5,8,37.5,392.68308428328294
2022-10-10,4,4,8,50.0,391.06098611813206
2022-10-11,3,5,8,37.5,384.5508398447924
2022-10-12,4,4,8,50.0,388.0704696120409
2022-10-13,4,4,8,50.0,386.76279262044113
2022-10-14,4,4,8,50.0,386.16596766389273
2022-10-17,3,5,8,37.5,381.6459808863169
2022-10-18,3,5,8,37.5,387.46146607647296
2022-10-19,3,5,8,37.5,381.026702158582
2022-10-20,3,5,8,37.5,381.7366079014128
2022-10-21,3,5,8,37.5,377.9787605371903
2022-10-24,3,5,8,37.5,379.6341008125693
2022-10-25,3,5,8,37.5,378.55264259914185
2022-10-27,3,5,8,37.5,377.6426720717486
2022-10-28,3,5,8,37.5,374.11522911383423
2022-10-31,4,4,8,50.0,375.65747682016803
2022-11-01,4,4,8,50.0,376.2315440498754
2022-11-02,4,4,8,50.0,379.687629306608
2022-11-03,4,4,8,50.0,376.41811958142523
2022-11-04,4,4,8,50.0,377.8190756005228
2022-11-07,3,5,8,37.5,379.9100160935078
2022-11-09,3,5,8,37.5,379.2588239884463
2022-11-10,3,5,8,37.5,376.6905732846582
2022-11-11,3,5,8,37.5,377.23405516726797
2022-11-14,3,5,8,37.5,370.73209913351354
2022-11-15,3,5,8,37.5,366.8697087868709
2022-11-16,3,5,8,37.5,358.77739156685584
2022-11-17,3,5,8,37.5,356.16571575298894
2022-11-18,2,6,8,25.0,358.21733019560503
2022-11-21,2,6,8,25.0,354.4540266969959
2022-11-22,3,5,8,37.5,354.8190053672029
2022-11-23,3,5,8,37.5,358.5300638067063
2022-11-24,3,5,8,37.5,359.1540408593411
2022-11-25,3,5,8,37.5,363.1171308334961
2022-11-28,4,4,8,50.0,374.2355286755425
2022-11-29,4,4,8,50.0,383.1537060382489
2022-11-30,4,4,8,50.0,390.01193811873225
2022-12-01,4,4,8,50.0,395.4242912943359
2022-12-02,5,3,8,62.5,396.2184250022125
2022-12-05,6,2,8,75.0,400.1263920505779
2022-12-06,4,4,8,50.0,393.35453217109574
2022-12-07,4,4,8,50.0,390.07114817087927
2022-12-08,5,3,8,62.5,398.7098623671751
2022-12-09,4,4,8,50.0,392.1143549026404
2022-12-12,4,4,8,50.0,389.30654720967505
2022-12-13,4,4,8,50.0,391.72966602194936
2022-12-14,6,2,8,75.0,399.9242925402776
2022-12-15,6,2,8,75.0,393.9562729170039
2022-12-16,4,4,8,50.0,391.77146934659527
2022-12-19,5,3,8,62.5,393.9147807780979
2022-12-20,5,3,8,62.5,392.5705841469497
2022-12-21,4,4,8,50.0,378.6375056570599
2022-12-22,3,5,8,37.5,372.64562067872873
2022-12-23,2,6,8,25.0,353.6871365199956
2022-12-26,2,6,8,25.0,366.0844323571209
2022-12-27,3,5,8,37.5,371.99920992272195
2022-12-28,3,5,8,37.5,377.39397341018673
2022-12-29,3,5,8,37.5,373.15643832107355
2022-12-30,2,6,8,25.0,375.5501777735508
2023-01-02,3,5,8,37.5,385.7892988160895
2023-01-03,3,5,8,37.5,383.1745993825622
2023-01-04,2,6,8,25.0,375.0189840533946
2023-01-05,2,6,8,25.0,374.2111788830277
2023-01-06,2,6,8,25.0,374.75709921732243
2023-01-09,2,6,8,25.0,373.0684047847434
2023-01-10,1,7,8,12.5,370.15230931459075
2023-01-11,1,7,8,12.5,372.40910282698894
2023-01-12,1,7,8,12.5,371.228664298178
2023-01-13,2,6,8,25.0,371.9956654583624
2023-01-16,2,6,8,25.0,370.85250489894526
2023-01-17,2,6,8,25.0,367.07759359032195
2023-01-18,2,6,8,25.0,367.0668044247704
2023-01-19,2,6,8,25.0,363.88436971768886
2023-01-20,2,6,8,25.0,363.5805279511137
2023-01-23,2,6,8,25.0,362.2486942257687
2023-01-24,1,7,8,12.5,360.54907954093176
2023-01-25,1,7,8,12.5,360.8564414390898
2023-01-27,1,7,8,12.5,352.8506979449236
2023-01-30,1,7,8,12.5,349.54255565025005
2023-01-31,1,7,8,12.5,358.5384829277653
2023-02-01,1,7,8,12.5,348.9183020535426
2023-02-02,1,7,8,12.5,346.01019950884273
2023-02-03,1,7,8,12.5,343.726337149771
2023-02-06,1,7,8,12.5,344.9383879095275
2023-02-07,1,7,8,12.5,343.34077047797285
2023-02-08,1,7,8,12.5,342.87655151206707
2023-02-09,1,7,8,12.5,344.1508764587732
2023-02-10,1,7,8,12.5,347.83068667599275
2023-02-13,0,8,8,0.0,342.33688418877676
2023-02-14,2,6,8,25.0,344.86837489855475
2023-02-15,0,8,8,0.0,343.11446104938585
2023-02-16,0,8,8,0.0,342.4971988446912
2023-02-17,0,8,8,0.0,342.1629738552132
2023-02-20,0,8,8,0.0,339.0456089668775
2023-02-21,0,8,8,0.0,338.3699369265928
2023-02-22,0,8,8,0.0,334.0513517529935
2023-02-23,0,8,8,0.0,332.7556591579972
2023-02-24,0,8,8,0.0,327.6052316647156
2023-02-27,1,7,8,12.5,326.09790437340894
2023-02-28,1,7,8,12.5,330.78360813252965
2023-03-01,1,7,8,12.5,334.8529980543995
2023-03-02,1,7,8,12.5,332.5958029286358
2023-03-03,1,7,8,12.5,335.76494534135963
2023-03-06,1,7,8,12.5,335.23358415640854
2023-03-08,1,7,8,12.5,337.4573369933935
2023-03-09,1,7,8,12.5,336.87086764691367
2023-03-10,1,7,8,12.5,335.69046789112576
2023-03-13,1,7,8,12.5,327.3115085242864
2023-03-14,1,7,8,12.5,324.573378364091
2023-03-15,1,7,8,12.5,320.491653572065
2023-03-16,1,7,8,12.5,326.91500662314303
2023-03-17,1,7,8,12.5,325.3611828130061
2023-03-20,1,7,8,12.5,328.77120457949394
2023-03-21,1,7,8,12.5,336.10242073237106
2023-03-22,1,7,8,12.5,333.7213816946495
2023-03-23,1,7,8,12.5,331.372790067762
2023-03-24,1,7,8,12.5,324.6350258002091
2023-03-27,1,7,8,12.5,319.88773966554606
2023-03-28,1,7,8,12.5,315.3888351048135
2023-03-29,0,8,8,0.0,320.99919645740323
2023-03-31,1,7,8,12.5,327.26522062386516
2023-04-03,1,7,8,12.5,332.32559967728224
2023-04-05,2,6,8,25.0,337.62789591035147
2023-04-06,2,6,8,25.0,337.9338659921012
2023-04-10,1,7,8,12.5,343.10446353142316
2023-04-11,1,7,8,12.5,344.1374587179446
2023-04-12,1,7,8,12.5,344.94079311614706
2023-04-13,1,7,8,12.5,345.47326640061084
2023-04-17,2,6,8,25.0,348.0653620424439
2023-04-18,2,6,8,25.0,340.94898623329925
2023-04-19,2,6,8,25.0,337.6220975393429
2023-04-20,2,6,8,25.0,337.7704834018868
2023-04-21,2,6,8,25.0,340.30037681875314
2023-04-24,2,6,8,25.0,341.1755738388222
2023-04-25,2,6,8,25.0,335.93188649588444
2023-04-26,2,6,8,25.0,338.2972818479431
2023-04-27,2,6,8,25.0,344.3121926166961
2023-04-28,2,6,8,25.0,344.1482001417324
2023-05-02,2,6,8,25.0,346.055015722907
2023-05-03,2,6,8,25.0,346.8928002053405
2023-05-04,2,6,8,25.0,348.20170428619565
2023-05-05,2,6,8,25.0,344.59122115360776
2023-05-08,2,6,8,25.0,344.67038940697125
2023-05-09,2,6,8,25.0,343.34419371790455
2023-05-10,2,6,8,25.0,347.3823494290494
2023-05-11,2,6,8,25.0,347.0306154204138
2023-05-12,2,6,9,25.0,343.4531139496368
2023-05-15,2,6,9,25.0,347.9200185488557
2023-05-16,2,6,9,25.0,345.73578667806316
2023-05-17,2,6,9,25.0,342.51345746009446
2023-05-18,2,6,9,25.0,339.97848052743797
2023-05-19,2,6,9,25.0,340.5656607539803
2023-05-22,2,6,9,25.0,339.6510681993185
2023-05-23,3,5,9,37.5,342.3637918139969
2023-05-24,3,5,9,37.5,350.26409602957773
2023-05-25,3,5,9,37.5,350.23109991343387
2023-05-26,3,5,9,37.5,354.93042259594057
2023-05-29,3,5,9,37.5,356.9781534460484
2023-05-30,3,5,9,37.5,360.44896384023065
2023-05-31,3,5,9,37.5,363.41008860095883
2023-06-01,4,4,9,50.0,367.21444078135005
2023-06-02,4,4,9,50.0,368.77850291334516
2023-06-05,4,4,9,50.0,375.3010072575712
2023-06-06,4,4,9,50.0,374.2096263253475
2023-06-07,4,4,9,50.0,375.8109987296309
2023-06-08,4,4,9,50.0,370.2784802708814
2023-06-09,4,4,9,50.0,370.3863569349789
2023-06-12,4,4,9,50.0,376.622075545119
2023-06-13,4,4,9,50.0,380.81516902590414
2023-06-14,4,4,9,50.0,378.4359010342956
2023-06-15,3,5,9,37.5,376.85588051813687
2023-06-16,4,4,9,50.0,382.92243974614706
2023-06-19,4,4,9,50.0,382.35278886012924
2023-06-20,5,3,9,62.5,383.09930237467495
2023-06-21,5,3,9,62.5,390.21404841519995
2023-06-22,6,2,9,75.0,387.8625989325584
2023-06-23,5,3,9,62.5,382.30653164646156
2023-06-26,5,3,9,62.5,383.73232353512844
2023-06-27,5,3,9,62.5,389.64312497839256
2023-06-28,5,3,9,62.5,388.3765296986635
2023-06-30,5,3,9,62.5,390.57381120770407
2023-07-03,4,4,9,50.0,393.1858962494733
2023-07-04,4,4,9,50.0,397.27716890682825
2023-07-05,6,2,9,75.0,401.221303225842
2023-07-06,6,2,9,75.0,405.94092323220235
2023-07-07,6,2,9,75.0,411.00928470922906
2023-07-10,6,2,9,75.0,412.60255658440815
2023-07-11,6,2,9,75.0,413.69562321232604
2023-07-12,6,2,9,75.0,416.49241752824224
2023-07-13,6,2,9,75.0,410.7582883068029
2023-07-14,6,2,9,75.0,421.8194024810128
2023-07-17,8,0,9,100.0,428.9624737826374
2023-07-18,7,1,9,87.5,426.94500265322233
2023-07-19,6,2,9,75.0,429.762237719885
2023-07-20,7,1,9,87.5,429.2041404681732
2023-07-21,6,2,9,75.0,435.97549223495895
2023-07-24,7,1,9,87.5,436.1639374252462
2023-07-25,7,1,9,87.5,433.4487608159587
2023-07-26,6,2,9,75.0,437.5510884865659
2023-07-27,7,1,9,87.5,437.4736767031589
2023-07-28,7,1,9,87.5,442.0873948981721
2023-07-31,7,1,9,87.5,442.59617502820186
2023-08-01,7,1,9,87.5,447.64744260604283
2023-08-02,7,1,9,87.5,439.8866620312082
2023-08-03,7,1,9,87.5,442.5263613351605
2023-08-04,7,1,9,87.5,442.420394968618
2023-08-07,7,1,9,87.5,442.3449272698262
2023-08-08,7,1,9,87.5,441.38226108962925
2023-08-09,7,1,9,87.5,444.3415591146302
2023-08-10,8,0,9,100.0,455.18431113229065
2023-08-11,8,0,9,100.0,450.7164868472368
2023-08-14,7,1,9,87.5,448.83240939725005
2023-08-16,8,0,9,100.0,455.13568175245484
2023-08-17,7,1,9,87.5,453.4727204539931
2023-08-18,8,0,9,100.0,458.7440442412628
2023-08-21,8,0,9,100.0,457.234171068719
2023-08-22,8,0,9,100.0,459.44856945823886
2023-08-23,8,0,9,100.0,466.2799128392786
2023-08-24,8,0,9,100.0,462.79167856056375
2023-08-25,8,0,9,100.0,462.56916204745886
2023-08-28,8,0,9,100.0,462.050055351355
2023-08-29,7,1,9,87.5,465.6510022489305
2023-08-30,7,1,9,87.5,466.4626262405054
2023-08-31,7,1,9,87.5,467.7839662393456
2023-09-01,8,0,9,100.0,469.6326486327043
2023-09-04,7,1,9,87.5,477.9525710846607
2023-09-05,8,0,9,100.0,488.74861828474883
2023-09-06,8,0,9,100.0,486.89844732919215
2023-09-07,7,1,9,87.5,488.4452457177935
2023-09-08,7,1,9,87.5,489.4677794219814
2023-09-11,7,1,9,87.5,484.99897094263923
2023-09-12,7,1,9,87.5,467.1064440169712
2023-09-13,7,1,9,87.5,474.0378296711351
2023-09-14,7,1,9,87.5,474.6184521287578
2023-09-15,7,1,9,87.5,478.1295699000312
2023-09-18,7,1,9,87.5,476.483863416709
2023-09-20,7,1,9,87.5,475.76534256710346
2023-09-21,8,0,9,100.0,485.0047962350527
2023-09-22,8,0,9,100.0,486.07592696790334
2023-09-25,8,0,9,100.0,483.02935886517383
2023-09-26,8,0,9,100.0,478.2982652517928
2023-09-27,8,0,9,100.0,475.8404797965194
2023-09-28,8,0,9,100.0,476.05317462784785
2023-09-29,8,0,9,100.0,484.9215783211122
2023-10-03,8,0,9,100.0,494.94608380739595
2023-10-04,8,0,9,100.0,487.8962349951915
2023-10-05,8,0,9,100.0,498.38448637906225
2023-10-06,8,0,9,100.0,498.3799789462419
2023-10-09,8,0,9,100.0,487.1057261064204
2023-10-10,8,0,9,100.0,492.45981654944444
2023-10-11,8,0,9,100.0,494.2880217384107
2023-10-12,8,0,9,100.0,512.2020171395395
2023-10-13,8,0,9,100.0,509.5095480542358
2023-10-16,8,0,9,100.0,510.2539709840836
2023-10-17,8,0,9,100.0,508.7267512432679
2023-10-18,8,0,9,100.0,510.3115355526136
2023-10-19,8,0,9,100.0,513.8632970188488
2023-10-20,8,0,9,100.0,508.6427302934854
2023-10-23,7,1,9,87.5,479.4959645913903
2023-10-25,6,2,9,75.0,473.93941389623035
2023-10-26,6,2,9,75.0,470.54186945489755
2023-10-27,7,1,9,87.5,483.118529352496
2023-10-30,7,1,9,87.5,481.08120829062415
2023-10-31,7,1,9,87.5,481.78494549606324
2023-11-01,7,1,9,87.5,481.65392100435395
2023-11-02,7,1,9,87.5,486.0508239318765
2023-11-03,7,1,9,87.5,497.5799575444432
2023-11-06,8,0,9,100.0,503.28638072513064
2023-11-07,8,0,9,100.0,504.10851133306113
2023-11-08,7,1,9,87.5,503.89290874552046
2023-11-09,7,1,9,87.5,499.633275995594
2023-11-10,7,1,9,87.5,500.06052642934213
2023-11-12,7,1,9,87.5,504.47307094796463
2023-11-13,7,1,9,87.5,500.5232771375423
2023-11-15,7,1,9,87.5,511.08585055203315
2023-11-16,7,1,9,87.5,512.833570986847
2023-11-17,8,0,9,100.0,519.4601067001813
2023-11-20,8,0,9,100.0,516.706786485019
2023-11-21,8,0,9,100.0,522.8806381675597
2023-11-22,8,0,9,100.0,516.5873309151456
2023-11-23,8,0,9,100.0,520.348026802661
2023-11-24,8,0,9,100.0,521.6363422104224
2023-11-28,8,0,9,100.0,520.1483955376998
2023-11-29,8,0,9,100.0,520.7526051780222
2023-11-30,8,0,9,100.0,519.5130771857255
2023-12-01,8,0,9,100.0,521.2094847661075
2023-12-04,8,0,9,100.0,520.0344199285908
2023-12-05,8,0,9,100.0,516.4825410771004
2023-12-06,8,0,9,100.0,523.9294117705737
2023-12-07,8,0,9,100.0,526.973894084292
2023-12-08,8,0,9,100.0,522.4636997888623
2023-12-11,8,0,9,100.0,536.1899348832636
2023-12-12,8,0,9,100.0,531.965706405762
2023-12-13,8,0,9,100.0,539.783449159446
2023-12-14,8,0,9,100.0,540.1129803173154
2023-12-15,9,0,9,100.0,538.098206913057
2023-12-18,9,0,9,100.0,543.2540066489852
2023-12-19,9,0,9,100.0,545.4421936083096
2023-12-20,9,0,9,100.0,517.9407298709726
2023-12-21,9,0,9,100.0,527.550624409312
2023-12-22,9,0,9,100.0,533.1873384359176
2023-12-26,9,0,9,100.0,536.909531793395
2023-12-27,9,0,9,100.0,534.1161784218277
2023-12-28,9,0,9,100.0,533.6265607335457
2023-12-29,9,0,9,100.0,535.0130551420126
2024-01-01,9,0,9,100.0,538.3709086956837
2024-01-02,9,0,9,100.0,543.2449382460587
2024-01-03,9,0,9,100.0,544.9630493169212
2024-01-04,9,0,9,100.0,551.4194684155559
2024-01-05,9,0,9,100.0,555.6176484643271
2024-01-08,8,1,9,88.88888888888889,563.6263614136197
2024-01-09,8,1,9,88.88888888888889,554.3026264623485
2024-01-10,8,1,9,88.88888888888889,571.3134919106527
2024-01-11,8,1,9,88.88888888888889,574.5609851604561
2024-01-12,8,1,9,88.88888888888889,571.9449329228933
2024-01-15,8,1,9,88.88888888888889,569.0962214813994
2024-01-16,8,1,9,88.88888888888889,564.8913386125593
2024-01-17,7,2,9,77.77777777777779,564.8696000557514
2024-01-18,7,2,9,77.77777777777779,562.920252308553
2024-01-19,6,3,9,66.66666666666666,567.5347563510876
2024-01-20,6,3,9,66.66666666666666,568.6170844828355
2024-01-23,6,3,9,66.66666666666666,519.3567727703169
2024-01-24,6,3,9,66.66666666666666,538.1168772003135
2024-01-25,6,3,9,66.66666666666666,543.0099362768348
2024-01-29,6,3,9,66.66666666666666,538.7130551173002
2024-01-30,6,3,9,66.66666666666666,549.7593845415945
2024-01-31,6,3,9,66.66666666666666,553.5782291566103
2024-02-01,6,3,9,66.66666666666666,549.6325127063128
2024-02-02,6,3,9,66.66666666666666,545.238986395661
2024-02-05,6,3,9,66.66666666666666,547.735448666479
2024-02-06,7,2,9,77.77777777777779,552.0625503425157
2024-02-07,7,2,9,77.77777777777779,554.5760637069043
2024-02-08,7,2,9,77.77777777777779,557.7020683879003
2024-02-09,6,3,9,66.66666666666666,546.4873551170392
2024-02-12,6,3,9,66.66666666666666,522.2501275226552
2024-02-13,6,3,9,66.66666666666666,522.938539753722
2024-02-14,7,2,9,77.77777777777779,536.5453785601075
2024-02-15,7,2,9,77.77777777777779,544.109858277928
2024-02-16,7,2,9,77.77777777777779,547.1546167650497
2024-02-19,7,2,9,77.77777777777779,551.2912294106167
2024-02-20,7,2,9,77.77777777777779,554.2212509658494
2024-02-21,7,2,9,77.77777777777779,535.6282803306667
2024-02-22,7,2,9,77.77777777777779,539.7663606234825
2024-02-23,7,2,9,77.77777777777779,542.2552915094568
2024-02-26,7,2,9,77.77777777777779,541.4052993621793
2024-02-27,7,2,9,77.77777777777779,536.1478137610364
2024-02-28,6,3,9,66.66666666666666,518.726227855063
2024-02-29,6,3,9,66.66666666666666,517.8950314585993
2024-03-01,6,3,9,66.66666666666666,513.0825478598364
2024-03-02,6,3,9,66.66666666666666,522.1725472546092
2024-03-04,6,3,9,66.66666666666666,515.6320283181346
2024-03-05,6,3,9,66.66666666666666,508.2212887763878
2024-03-06,6,3,9,66.66666666666666,491.69842386726793
2024-03-07,6,3,9,66.66666666666666,500.99346428721833
2024-03-11,6,3,9,66.66666666666666,486.504720768656
2024-03-12,5,4,9,55.55555555555556,475.38110308168376
2024-03-13,2,7,9,22.22222222222222,448.10435693840464
2024-03-14,4,5,9,44.44444444444444,458.75838499101064
2024-03-15,3,6,9,33.33333333333333,460.730910653049
2024-03-18,3,6,9,33.33333333333333,467.9055983052437
2024-03-19,3,6,9,33.33333333333333,458.4662872684417
2024-03-20,3,6,9,33.33333333333333,458.0785414152837
2024-03-21,3,6,9,33.33333333333333,467.0577496144833
2024-03-22,3,6,9,33.33333333333333,471.7456070232577
2024-03-26,3,6,9,33.33333333333333,463.92187644991117
2024-03-27,2,7,9,22.22222222222222,462.0553455180687
2024-03-28,4,5,9,44.44444444444444,461.36789353452184
2024-04-01,5,4,9,55.55555555555556,484.74797505204475
2024-04-02,5,4,9,55.55555555555556,491.95706545909843
2024-04-03,6,3,9,66.66666666666666,499.8097521250658
2024-04-04,6,3,9,66.66666666666666,498.45177787065103
2024-04-05,6,3,9,66.66666666666666,498.01912585110637
2024-04-08,6,3,9,66.66666666666666,497.0322621142256
2024-04-09,4,5,9,44.44444444444444,488.12691820517887
2024-04-10,6,3,9,66.66666666666666,493.59954200150156
2024-04-12,5,4,9,55.55555555555556,487.98552559749186
2024-04-15,5,4,9,55.55555555555556,476.93098246032406
2024-04-16,4,5,9,44.44444444444444,484.19641948892826
2024-04-18,5,4,9,55.55555555555556,491.0911958568236
2024-04-19,4,5,9,44.44444444444444,487.49189832477515
2024-04-22,5,4,9,55.55555555555556,490.2209595620172
2024-04-23,5,4,9,55.55555555555556,493.55185584308236
2024-04-24,5,4,9,55.55555555555556,495.40813114593584
2024-04-25,5,4,9,55.55555555555556,495.4473155211002
2024-04-26,5,4,9,55.55555555555556,498.023873199671
2024-04-29,6,3,9,66.66666666666666,500.03808670355426
2024-04-30,6,3,9,66.66666666666666,498.297207304804
2024-05-02,6,3,9,66.66666666666666,491.76208179378943
2024-05-03,5,4,9,55.55555555555556,488.421437660876
2024-05-06,4,5,9,44.44444444444444,480.1960630696339
2024-05-07,3,6,9,33.33333333333333,473.04387257063246
2024-05-08,3,6,9,33.33333333333333,475.3753464965911
2024-05-09,3,6,9,33.33333333333333,467.3060641154079
2024-05-10,3,6,9,33.33333333333333,470.4724509408926
2024-05-13,4,5,9,44.44444444444444,468.679171585543
2024-05-14,4,5,9,44.44444444444444,474.3387144264812
2024-05-15,4,5,9,44.44444444444444,472.04422390811425
2024-05-16,4,5,9,44.44444444444444,474.3184529722666
2024-05-17,4,5,9,44.44444444444444,481.7501353613901
2024-05-18,4,5,9,44.44444444444444,484.606045811731
2024-05-21,4,5,9,44.44444444444444,483.2178168809267
2024-05-22,4,5,9,44.44444444444444,487.10006914904704
2024-05-23,4,5,9,44.44444444444444,494.25450463528574
2024-05-24,4,5,9,44.44444444444444,495.73253773976404
2024-05-27,4,5,9,44.44444444444444,494.1452742924754
2024-05-28,4,5,9,44.44444444444444,501.68566342037667
2024-05-29,5,4,9,55.55555555555556,503.97370917737305
2024-05-30,3,6,9,33.33333333333333,506.4467878256637
2024-05-31,3,6,9,33.33333333333333,503.0104536358021
2024-06-03,5,4,9,55.55555555555556,516.7316268346732
2024-06-04,3,6,9,33.33333333333333,484.3597202421611
2024-06-05,3,6,9,33.33333333333333,495.9020812714859
2024-06-06,4,5,9,44.44444444444444,517.4391719895738
2024-06-07,4,5,9,44.44444444444444,526.573011712206
2024-06-10,5,4,9,55.55555555555556,532.1397481348796
2024-06-11,5,4,9,55.55555555555556,542.6779637411793
2024-06-12,5,4,9,55.55555555555556,550.289760491348
2024-06-13,5,4,9,55.55555555555556,551.7339441559135
2024-06-14,6,3,9,66.66666666666666,555.366134468785
2024-06-18,5,4,9,55.55555555555556,553.9662393482965
2024-06-19,5,4,9,55.55555555555556,549.8336498252872
2024-06-20,5,4,9,55.55555555555556,549.476576062579
2024-06-21,6,3,9,66.66666666666666,553.514985302064
2024-06-24,6,3,9,66.66666666666666,550.7259243197075
2024-06-25,6,3,9,66.66666666666666,551.311898894482
2024-06-26,6,3,9,66.66666666666666,562.5632214771725
2024-06-27,6,3,9,66.66666666666666,554.4703719079682
2024-06-28,6,3,9,66.66666666666666,557.6778854901776
2024-07-01,6,3,9,66.66666666666666,583.2361135520657
2024-07-02,6,3,9,66.66666666666666,588.5404634203238
2024-07-03,7,2,9,77.77777777777779,587.7591950498058
2024-07-04,6,3,9,66.66666666666666,592.1748647357741
2024-07-05,6,3,9,66.66666666666666,594.2805500387632
2024-07-08,6,3,9,66.66666666666666,595.8966953058074
2024-07-09,6,3,9,66.66666666666666,597.5239103908726
2024-07-10,6,3,9,66.66666666666666,588.4697360998912
2024-07-11,6,3,9,66.66666666666666,592.6709423888329
2024-07-12,6,3,9,66.66666666666666,592.0985662852739
2024-07-15,6,3,9,66.66666666666666,602.5551425273698
2024-07-16,6,3,9,66.66666666666666,594.4312957403421
2024-07-18,6,3,9,66.66666666666666,578.0342489581867
2024-07-19,6,3,9,66.66666666666666,563.275608050025
2024-07-22,6,3,9,66.66666666666666,563.8288167832532
2024-07-23,6,3,9,66.66666666666666,571.8006027211222
2024-07-24,6,3,9,66.66666666666666,584.8779814978076
2024-07-25,7,2,9,77.77777777777779,591.2569769544922
2024-07-26,8,1,9,88.88888888888889,602.0340730686844
2024-07-29,8,1,9,88.88888888888889,609.0699826803052
2024-07-30,8,1,9,88.88888888888889,610.6204076051371
2024-07-31,8,1,9,88.88888888888889,617.4166271318662
2024-08-01,8,1,9,88.88888888888889,605.4254387909812
2024-08-02,7,2,9,77.77777777777779,603.9718414349951
2024-08-05,6,3,9,66.66666666666666,576.1318140769629
2024-08-06,6,3,9,66.66666666666666,578.3424660007394
2024-08-07,7,2,9,77.77777777777779,590.5345028895078
2024-08-08,6,3,9,66.66666666666666,589.3381191670773
2024-08-09,7,2,9,77.77777777777779,599.3275088703423
2024-08-12,6,3,9,66.66666666666666,587.7030436640007
2024-08-13,6,3,9,66.66666666666666,582.1085045269097
2024-08-14,6,3,9,66.66666666666666,576.9174943990199
2024-08-16,7,2,9,77.77777777777779,585.5983458713955
2024-08-19,7,2,9,77.77777777777779,589.8843170947353
2024-08-20,7,2,9,77.77777777777779,589.4493261158464
2024-08-21,7,2,9,77.77777777777779,598.244753860004
2024-08-22,7,2,9,77.77777777777779,597.1136030075966
2024-08-23,7,2,9,77.77777777777779,593.6136418488525
2024-08-26,7,2,9,77.77777777777779,594.5809609711753
2024-08-27,7,2,9,77.77777777777779,603.7784748567966
2024-08-28,7,2,9,77.77777777777779,597.5066060114624
2024-08-29,7,2,9,77.77777777777779,594.8461123476161
2024-08-30,7,2,9,77.77777777777779,592.2605778787806
2024-09-02,7,2,9,77.77777777777779,588.0327004250954
2024-09-03,7,2,9,77.77777777777779,584.1423477541755
2024-09-04,6,3,9,66.66666666666666,583.4702350411304
2024-09-05,6,3,9,66.66666666666666,586.5330966583626
2024-09-06,6,3,9,66.66666666666666,579.6439279776437
2024-09-09,6,3,9,66.66666666666666,580.9427357596229
2024-09-10,6,3,9,66.66666666666666,596.4267736441333
2024-09-11,6,3,9,66.66666666666666,587.8153612825946
2024-09-12,6,3,9,66.66666666666666,591.3163254975326
2024-09-13,6,3,9,66.66666666666666,602.0075780914619
2024-09-16,6,3,9,66.66666666666666,612.3037439038978
2024-09-17,6,3,9,66.66666666666666,602.1812510117945
2024-09-18,6,3,9,66.66666666666666,599.8441117877019
2024-09-19,6,3,9,66.66666666666666,584.9709576325248
2024-09-20,6,3,9,66.66666666666666,589.4076280003466
2024-09-23,6,3,9,66.66666666666666,591.0636924459922
2024-09-24,6,3,9,66.66666666666666,592.5828226510522
2024-09-25,6,3,9,66.66666666666666,610.1561585326086
2024-09-26,6,3,9,66.66666666666666,607.7727593068543
2024-09-27,6,3,9,66.66666666666666,601.2086107401399
2024-09-30,6,3,10,66.66666666666666,607.9722215953987
2024-10-01,6,3,10,66.66666666666666,614.6572684749642
2024-10-03,6,3,10,66.66666666666666,607.2513577620581
2024-10-04,6,3,10,66.66666666666666,591.9211431129575
2024-10-07,6,3,10,66.66666666666666,579.3722387687898
2024-10-08,6,3,10,66.66666666666666,599.7195658065564
2024-10-09,6,3,10,66.66666666666666,606.3179844626534
2024-10-10,6,3,10,66.66666666666666,602.9711050101869
2024-10-11,6,3,10,66.66666666666666,607.0013440371259
2024-10-14,6,3,10,66.66666666666666,602.4650144028888
2024-10-15,6,3,10,66.66666666666666,607.02884714608
2024-10-16,6,3,10,66.66666666666666,604.5681322552874
2024-10-17,6,3,10,66.66666666666666,593.1822262695929
2024-10-18,6,3,10,66.66666666666666,596.6788118419315
2024-10-21,6,3,10,66.66666666666666,582.1503323897826
2024-10-22,6,3,10,66.66666666666666,564.514922253852
2024-10-23,6,3,10,66.66666666666666,565.9696341879078
2024-10-24,6,3,10,66.66666666666666,563.6449915859085
2024-10-25,5,4,10,55.55555555555556,549.8277942866682
2024-10-28,5,4,10,55.55555555555556,558.9055929771496
2024-10-29,5,4,10,55.55555555555556,563.7101366375795
2024-10-30,6,3,10,66.66666666666666,576.8755254605915
2024-10-31,6,3,10,66.66666666666666,591.8702484096563
2024-11-01,6,3,10,66.66666666666666,594.4799137222277
2024-11-04,6,3,10,66.66666666666666,587.496051414979
2024-11-05,6,3,10,66.66666666666666,586.0347171654794
2024-11-06,6,3,10,66.66666666666666,591.7804464190966
2024-11-07,6,3,10,66.66666666666666,588.2691473137937
2024-11-08,6,3,10,66.66666666666666,576.231172877857
2024-11-11,6,3,10,66.66666666666666,568.4163363175078
2024-11-12,4,5,10,44.44444444444444,564.5663497401255
2024-11-13,3,6,10,33.33333333333333,554.1043925301029
2024-11-14,5,4,10,55.55555555555556,567.2878960670569
2024-11-18,3,6,10,33.33333333333333,558.9907411541103
2024-11-19,4,5,10,44.44444444444444,567.3069931134504
2024-11-21,2,7,10,22.22222222222222,553.6637198707548
2024-11-22,4,5,10,44.44444444444444,554.8999302308067
2024-11-25,3,6,10,33.33333333333333,562.9596411728314
2024-11-26,5,4,10,55.55555555555556,569.5050949761503
2024-11-27,6,3,10,66.66666666666666,569.7844136869197
2024-11-28,6,3,10,66.66666666666666,574.7576000081724
2024-11-29,6,3,10,66.66666666666666,577.8779274871684
2024-12-02,6,3,10,66.66666666666666,582.7726112454374
2024-12-03,6,3,10,66.66666666666666,594.2106212752072
2024-12-04,7,2,10,77.77777777777779,598.5081361340361
2024-12-05,7,2,10,77.77777777777779,597.5251293258419
2024-12-06,7,2,10,77.77777777777779,598.3543366622703
2024-12-09,7,2,10,77.77777777777779,589.2757403766079
2024-12-10,6,3,10,66.66666666666666,586.6961431411538
2024-12-11,6,3,10,66.66666666666666,584.4762327721379
2024-12-12,5,4,10,55.55555555555556,571.2389672199993
2024-12-13,4,5,10,44.44444444444444,574.000381966509
2024-12-16,6,3,10,66.66666666666666,578.7250169884836
2024-12-17,6,3,10,66.66666666666666,574.2717001162041
2024-12-18,4,5,10,44.44444444444444,566.722124524559
2024-12-19,4,5,10,44.44444444444444,563.2085447886074
2024-12-20,4,5,10,44.44444444444444,558.2142874830053
2024-12-23,2,7,10,22.22222222222222,554.7396017278626
2024-12-24,3,6,10,33.33333333333333,553.7675580500943
2024-12-26,2,7,10,22.22222222222222,543.2909235816766
2024-12-27,2,7,10,22.22222222222222,548.434331191576
2024-12-30,2,7,10,22.22222222222222,540.7729651775422
2024-12-31,2,7,10,22.22222222222222,541.6820407446789
2025-01-01,3,6,10,33.33333333333333,547.5987245772071
2025-01-02,3,6,10,33.33333333333333,546.748954494104
2025-01-03,3,6,10,33.33333333333333,554.9726307403901
2025-01-06,3,6,10,33.33333333333333,539.609201102384
2025-01-07,3,6,10,33.33333333333333,545.9521672363921
2025-01-08,3,6,10,33.33333333333333,538.2932819996854
2025-01-09,3,6,10,33.33333333333333,533.5450573098411
2025-01-10,3,6,10,33.33333333333333,519.3387165184005
2025-01-13,2,7,10,22.22222222222222,495.3853217526887
2025-01-14,2,7,10,22.22222222222222,508.77062187000337
2025-01-15,2,7,10,22.22222222222222,502.61550977588234
2025-01-16,2,7,10,22.22222222222222,506.11370212900806
2025-01-17,2,7,10,22.22222222222222,509.51038969619714
2025-01-20,2,7,10,22.22222222222222,517.8548920481694
2025-01-21,2,7,10,22.22222222222222,508.89976989945023
2025-01-22,2,7,10,22.22222222222222,496.67639227302357
2025-01-23,2,7,10,22.22222222222222,498.443053529596
2025-01-24,2,7,10,22.22222222222222,488.36471141357754
2025-01-27,1,8,10,11.11111111111111,466.5228143620858
2025-01-28,1,8,10,11.11111111111111,463.2579606939987
2025-01-29,1,8,10,11.11111111111111,474.42338711130407
2025-01-30,1,8,10,11.11111111111111,470.3993052376533
2025-01-31,1,8,10,11.11111111111111,475.4530095174925
2025-02-01,1,8,10,11.11111111111111,484.2226618312534
2025-02-03,2,7,10,22.22222222222222,482.01347026916136
2025-02-04,2,7,10,22.22222222222222,484.90947896296353
2025-02-05,2,7,10,22.22222222222222,493.2112313380966
2025-02-06,2,7,10,22.22222222222222,488.9868814217995
2025-02-07,2,7,10,22.22222222222222,479.7556894916438
2025-02-10,2,7,10,22.22222222222222,471.1017774110737
2025-02-11,2,7,10,22.22222222222222,460.5691027608603
2025-02-12,2,7,10,22.22222222222222,453.6240211966883
2025-02-13,2,7,10,22.22222222222222,460.94659464417214
2025-02-14,1,8,10,11.11111111111111,448.55789580419764
2025-02-17,1,8,10,11.11111111111111,444.4727621701773
2025-02-18,1,8,10,11.11111111111111,444.93780125016553
2025-02-19,1,8,10,11.11111111111111,452.63968090319463
2025-02-20,1,8,10,11.11111111111111,457.69735119690836
2025-02-21,1,8,10,11.11111111111111,454.8820077359489
2025-02-24,0,9,10,0.0,448.04977738905933
2025-02-25,1,8,10,11.11111111111111,449.59615744554196
2025-02-27,0,9,10,0.0,436.87318989721115
2025-02-28,0,9,10,0.0,418.1012460159362
2025-03-03,0,9,10,0.0,416.1627356310864
2025-03-04,0,9,10,0.0,423.06592047078533
2025-03-05,0,9,10,0.0,436.1201169528891
2025-03-06,1,8,10,11.11111111111111,441.73288497454496
2025-03-07,1,8,10,11.11111111111111,450.85944979061844
2025-03-10,0,9,10,0.0,445.09945655705945
2025-03-11,0,9,10,0.0,443.9695578384366
2025-03-12,0,9,10,0.0,436.45408625991644
2025-03-13,0,9,10,0.0,433.20577878749316
2025-03-17,0,9,10,0.0,429.3792720578126
2025-03-18,0,9,10,0.0,444.6424083942067
2025-03-19,1,8,10,11.11111111111111,452.90822756047504
2025-03-20,2,7,10,22.22222222222222,457.90632445289685
2025-03-21,1,8,10,11.11111111111111,466.28820228496204
2025-03-24,1,8,10,11.11111111111111,466.9815440875652
2025-03-25,2,7,10,22.22222222222222,457.75958336395394
2025-03-26,1,8,10,11.11111111111111,446.611333255164
2025-03-27,1,8,10,11.11111111111111,453.5947847633441
2025-03-28,1,8,10,11.11111111111111,444.49045386433727
2025-04-01,1,8,10,11.11111111111111,453.89407274915186
2025-04-02,2,7,10,22.22222222222222,455.6222121727574
2025-04-03,1,8,10,11.11111111111111,459.39013788573055
2025-04-04,1,8,10,11.11111111111111,445.64807621850474
2025-04-07,1,8,10,11.11111111111111,431.5845684439154
2025-04-08,1,8,10,11.11111111111111,445.1498025791615
2025-04-09,1,8,10,11.11111111111111,442.85024344032723
2025-04-11,2,7,10,22.22222222222222,449.99818730970117
2025-04-15,2,7,10,22.22222222222222,461.81662582989287
2025-04-16,2,7,10,22.22222222222222,469.1864062061544
2025-04-17,2,7,10,22.22222222222222,471.10884229495315
2025-04-21,2,7,10,22.22222222222222,475.62957213893736
2025-04-22,2,7,10,22.22222222222222,481.4426899100236
2025-04-23,2,7,10,22.22222222222222,481.6918125909151
2025-04-24,2,7,10,22.22222222222222,482.7831432604105
2025-04-25,2,7,10,22.22222222222222,467.64890825209943
2025-04-28,2,7,10,22.22222222222222,474.41455063699493
2025-04-29,2,7,10,22.22222222222222,474.1321064018835
2025-04-30,2,7,10,22.22222222222222,467.1625293691158
2025-05-02,2,7,10,22.22222222222222,468.1842975402974
2025-05-05,2,7,10,22.22222222222222,470.11929787321105
2025-05-06,2,7,10,22.22222222222222,458.5349251206719
2025-05-07,2,7,10,22.22222222222222,461.2216848879231
2025-05-08,2,7,10,22.22222222222222,458.9969664588506
2025-05-09,2,8,10,20.0,462.29227857097356
2025-05-12,2,8,10,20.0,477.44674375056707
2025-05-13,3,7,10,30.0,481.8532884036193
2025-05-14,3,7,10,30.0,487.3653896142713
2025-05-15,3,7,10,30.0,491.760903275609
2025-05-16,3,7,10,30.0,495.8652132147523
2025-05-19,3,7,10,30.0,494.0274392763506
2025-05-20,3,7,10,30.0,490.4908223552571
2025-05-21,3,7,10,30.0,492.2854776315014
2025-05-22,3,7,10,30.0,499.37970944125516
2025-05-23,3,7,10,30.0,502.94096957785433
2025-05-26,3,7,10,30.0,509.3083452760771
2025-05-27,3,7,10,30.0,510.6777959050852
2025-05-28,3,7,10,30.0,512.9785326726729
2025-05-29,3,7,10,30.0,516.7480515202349
2025-05-30,3,7,10,30.0,517.0828985719332
2025-06-02,3,7,10,30.0,517.763705667296
2025-06-03,3,7,10,30.0,519.3964444600254
2025-06-04,3,7,10,30.0,527.0324257739777
2025-06-05,3,7,10,30.0,529.5167682906048
2025-06-06,3,7,10,30.0,524.1343630554721
2025-06-09,4,6,10,40.0,528.7520981647658
2025-06-10,4,6,10,40.0,534.1265586707036
2025-06-11,4,6,10,40.0,536.4864096719651
2025-06-12,4,6,10,40.0,531.0420828735344
2025-06-13,4,6,10,40.0,528.5046368762747
2025-06-16,4,6,10,40.0,529.0889587398428
2025-06-17,3,7,10,30.0,524.432843354296
2025-06-18,4,6,10,40.0,524.6120112713894
2025-06-19,3,7,10,30.0,513.6595759903563
2025-06-20,2,8,10,20.0,510.88316180300023
2025-06-23,2,8,10,20.0,521.2703576264537
2025-06-24,2,8,10,20.0,520.084480381222
2025-06-25,3,7,10,30.0,534.0496053142158
2025-06-26,2,8,10,20.0,529.5454168914613
2025-06-27,3,7,10,30.0,540.6807233832452
2025-06-30,4,6,10,40.0,543.3676135622187
2025-07-01,4,6,10,40.0,543.0955553819117
2025-07-02,3,7,10,30.0,545.066870412
2025-07-03,3,7,10,30.0,548.0639428681544
2025-07-04,4,6,10,40.0,552.6684745343075
2025-07-07,4,6,10,40.0,548.6497323081894
2025-07-08,4,6,10,40.0,545.7668208731812
2025-07-09,3,7,10,30.0,542.6929144017902
2025-07-10,3,7,10,30.0,540.3679366733321
2025-07-11,3,7,10,30.0,535.8115619045265
2025-07-14,3,7,10,30.0,545.0293149514291
2025-07-15,4,6,10,40.0,546.7901543735239
2025-07-16,6,4,10,60.0,559.2704525750827
2025-07-17,6,4,10,60.0,557.462678934124
2025-07-18,6,4,10,60.0,560.4807525552436
2025-07-21,6,4,10,60.0,560.2236776479461
2025-07-22,4,6,10,40.0,550.6878102512895
2025-07-23,5,5,10,50.0,549.3518989017352
2025-07-24,5,5,10,50.0,545.3577561796235
2025-07-25,4,6,10,40.0,532.3122074502751
2025-07-28,3,7,10,30.0,518.0102982704481
2025-07-29,3,7,10,30.0,526.1071854806193
2025-07-30,3,7,10,30.0,522.6361518985212
2025-07-31,3,7,10,30.0,520.0044717013444
2025-08-01,3,7,10,30.0,518.9331777159409
2025-08-04,4,6,10,40.0,526.3211352098405
2025-08-05,3,7,10,30.0,529.7834894496442
2025-08-06,3,7,10,30.0,523.6851991036451
2025-08-07,3,7,10,30.0,526.2954882689754
2025-08-08,3,7,10,30.0,526.9453712026503
2025-08-11,3,7,10,30.0,525.5517805057958
2025-08-12,3,7,10,30.0,526.5964967127802
2025-08-13,3,7,10,30.0,529.7817343931732
2025-08-14,3,7,10,30.0,530.6574103296224
2025-08-18,3,7,10,30.0,530.8975740670473
2025-08-19,4,6,10,40.0,536.0248164399161
2025-08-20,4,6,10,40.0,531.4284072633659
2025-08-21,4,6,10,40.0,529.0282815442707
2025-08-22,5,5,10,50.0,525.3458526080855
2025-08-25,5,5,10,50.0,520.1880814046814
2025-08-26,4,6,10,40.0,514.1107772086854
2025-08-28,4,6,10,40.0,511.21328669088876
2025-08-29,4,6,10,40.0,513.8446781376302
2025-09-01,4,6,10,40.0,512.4234320934946
2025-09-02,4,6,10,40.0,516.756151638356
2025-09-03,4,6,10,40.0,516.5676824102878
2025-09-04,3,7,10,30.0,515.7751702962125
2025-09-05,3,7,10,30.0,521.9200187128481
2025-09-08,3,7,10,30.0,530.0464490842852
2025-09-09,3,7,10,30.0,534.6446212579332
2025-09-10,3,7,10,30.0,532.9814835419197
2025-09-11,3,7,10,30.0,536.0697968773283
2025-09-12,3,7,10,30.0,535.0541490427595
2025-09-15,3,7,10,30.0,534.2462294910343
2025-09-16,4,6,10,40.0,537.600360549225
2025-09-17,5,5,10,50.0,538.3477221461773
2025-09-18,5,5,10,50.0,537.7003812003313
2025-09-19,5,5,10,50.0,533.7955293315656
2025-09-22,5,5,10,50.0,533.8279705121797
2025-09-23,5,5,10,50.0,533.1341998248038
2025-09-24,4,6,10,40.0,527.318304839122
2025-09-25,3,7,10,30.0,524.2080092394532
2025-09-26,4,6,10,40.0,517.8889481522128
2025-09-29,3,7,10,30.0,514.234906085021
2025-09-30,3,7,10,30.0,508.8636135114846
2025-10-01,3,7,10,30.0,522.7923327037112
2025-10-03,4,6,10,40.0,524.0526786268531
2025-10-06,3,7,10,30.0,519.3690725087965
2025-10-07,3,7,10,30.0,520.1872174107984
2025-10-08,3,7,10,30.0,511.90308792313937
2025-10-09,3,7,10,30.0,508.4182048743978
2025-10-10,3,7,10,30.0,510.7416348347496
2025-10-13,3,7,10,30.0,510.09910781704144
2025-10-14,3,7,10,30.0,505.4208681669339
2025-10-15,2,8,10,20.0,499.3230007162337
2025-10-16,2,8,10,20.0,501.359633060012
2025-10-17,2,8,10,20.0,494.63870134684527
2025-10-20,2,8,10,20.0,497.39278788118025
2025-10-21,2,8,10,20.0,501.8902449122005
2025-10-23,3,7,10,30.0,504.79631924060504
2025-10-24,3,7,10,30.0,505.36693035694987
2025-10-27,3,7,10,30.0,506.7015418794472
2025-10-28,3,7,10,30.0,505.29912956311034
2025-10-29,3,7,10,30.0,509.81128803736027
2025-10-30,3,7,10,30.0,510.78307614094444
2025-10-31,3,7,10,30.0,507.6733009849489
2025-11-03,3,7,10,30.0,508.4006407757399
2025-11-04,3,7,10,30.0,505.7530778082303
2025-11-06,3,7,10,30.0,492.49074967285947
2025-11-07,3,7,10,30.0,488.7904331129617
2025-11-10,3,7,10,30.0,484.8715961757577
2025-11-11,3,7,10,30.0,482.61046378450294
2025-11-12,3,7,10,30.0,489.1199832025069
2025-11-13,3,7,10,30.0,484.82153600073576
2025-11-14,3,7,10,30.0,486.8361160968954
2025-11-17,3,7,10,30.0,489.2840739492259
2025-11-18,3,7,10,30.0,486.60773675211215
2025-11-19,3,7,10,30.0,485.24367867420403
2025-11-20,3,7,10,30.0,480.5960967481757
2025-11-21,3,7,10,30.0,476.0109038048728
2025-11-24,3,7,10,30.0,472.53943006359845
2025-11-25,3,7,10,30.0,473.4663528232384
2025-11-26,3,7,10,30.0,480.5436619602007
2025-11-27,3,7,10,30.0,485.7174704070089
2025-11-28,3,7,10,30.0,486.03553989463927
2025-12-01,3,7,10,30.0,486.2608081514875
2025-12-02,3,7,10,30.0,485.48955683115037
2025-12-03,3,7,10,30.0,483.4064995077604
2025-12-04,3,7,10,30.0,477.8945588525359
2025-12-05,3,7,10,30.0,476.52032729408046
2025-12-08,2,8,10,20.0,463.30722369574744
2025-12-09,2,8,10,20.0,469.6482977621045
2025-12-10,2,8,10,20.0,477.5966174601434
2025-12-11,2,8,10,20.0,474.256588129872
2025-12-12,2,8,10,20.0,473.4791247393593
2025-12-15,3,7,10,30.0,484.8052217264571
2025-12-16,3,7,10,30.0,485.0560779729496
2025-12-17,3,7,10,30.0,475.56176496589825
2025-12-18,3,7,10,30.0,472.93347924637266
2025-12-19,3,7,10,30.0,474.02425395205245
2025-12-22,3,7,10,30.0,476.7151721531648
2025-12-23,2,8,10,20.0,481.8728219581318
2025-12-24,2,8,10,20.0,484.75211452013343
2025-12-26,2,8,10,20.0,484.0129541846439
2025-12-29,2,8,10,20.0,485.9279769981446
2025-12-30,2,8,10,20.0,487.1745205509968
2025-12-31,3,7,10,30.0,492.16283580669966
2026-01-01,3,7,10,30.0,491.0731460708558
2026-01-02,4,6,10,40.0,496.5862273711001
2026-01-05,4,6,10,40.0,498.87360722596526
2026-01-06,1,9,10,10.0,494.03833853365285
2026-01-07,2,8,10,20.0,494.8487066940402
2026-01-08,1,9,10,10.0,487.4323163193064
2026-01-09,1,9,10,10.0,482.39727263868286
2026-01-12,1,9,10,10.0,477.3090207583727
2026-01-13,2,8,10,20.0,478.47761591557196
2026-01-14,1,9,10,10.0,479.26639786565033
2026-01-16,1,9,10,10.0,479.26639786565033
2026-01-19,1,9,10,10.0,471.55712714152884
2026-01-20,1,9,10,10.0,463.49130398146394
2026-01-21,1,9,10,10.0,462.94141625207806
2026-01-22,1,9,10,10.0,473.8270086071318
2026-01-23,1,9,10,10.0,458.7302766229818
2026-01-27,1,9,10,10.0,452.07874132152693
2026-01-28,1,9,10,10.0,462.9627357123935
2026-01-29,2,8,10,20.0,460.5072178632354
2026-01-30,1,9,10,10.0,469.2859756580824
2026-02-01,1,9,10,10.0,462.72498048535925
2026-02-02,1,9,10,10.0,465.0352448523135
2026-02-03,1,9,10,10.0,474.409625459412
2026-02-04,1,9,10,10.0,477.7187085670338
2026-02-05,1,9,10,10.0,478.99037964598125
2026-02-06,1,9,10,10.0,476.85326027342
2026-02-09,1,9,10,10.0,496.7431074697875
2026-02-10,3,7,10,30.0,504.7326043577642
2026-02-11,4,6,10,40.0,505.9789320276038
2026-02-12,3,7,10,30.0,497.5931065765358
2026-02-13,4,6,10,40.0,492.5368631475212
2026-02-16,2,8,10,20.0,490.88633390706156
2026-02-17,2,8,10,20.0,494.63898180626876
2026-02-18,3,7,10,30.0,496.27201484303
2026-02-19,2,8,10,20.0,484.3260851696
2026-02-20,2,8,10,20.0,482.2150984166148
2026-02-23,2,8,10,20.0,483.1829254144981
2026-02-24,2,8,10,20.0,475.7442480156154
2026-02-25,2,8,10,20.0,478.0508603028844
2026-02-26,2,8,10,20.0,474.2529741421773
2026-02-27,2,8,10,20.0,474.6131094605487
2026-03-02,2,8,10,20.0,469.4671645712933
2026-03-04,2,8,10,20.0,456.55295075408964
2026-03-05,2,8,10,20.0,462.0770974377182
2026-03-06,2,8,10,20.0,458.28511086972867
2026-03-09,2,8,10,20.0,451.15277760730095
2026-03-10,2,8,10,20.0,458.22165436317096
2026-03-11,2,8,10,20.0,456.220645160494
2026-03-12,2,8,10,20.0,457.68059290142975
2026-03-13,1,9,10,10.0,442.25138706564104
2026-03-16,1,9,10,10.0,443.0542045053811
2026-03-17,2,8,10,20.0,445.28609967231023
2026-03-18,2,8,10,20.0,459.7821761932729
2026-03-19,2,8,10,20.0,445.2575385988573
2026-03-20,2,8,10,20.0,448.33385148501276
2026-03-23,2,8,10,20.0,431.6152861245742
2026-03-24,2,8,10,20.0,447.1477204372058
2026-03-25,2,8,10,20.0,451.34933641801894
2026-03-27,2,8,10,20.0,443.4606053581891
2026-03-30,2,8,10,20.0,431.1313796237139
2026-04-01,2,8,10,20.0,450.5345752283838
2026-04-02,2,8,10,20.0,450.66376263577155
2026-04-06,2,8,10,20.0,452.99926953465655
2026-04-07,2,8,10,20.0,456.4029995749949
2026-04-08,2,8,10,20.0,469.9947975348113
2026-04-09,2,8,10,20.0,465.4948396318896
2026-04-10,2,8,10,20.0,476.7248969244098
2026-04-13,2,8,10,20.0,476.1170148515736
2026-04-15,2,8,10,20.0,486.0904210690454
2026-04-16,3,7,10,30.0,490.764387662936
2026-04-17,3,7,10,30.0,497.1819815218162
2026-04-20,3,7,10,30.0,493.8812116496715
2026-04-21,3,7,10,30.0,498.3879191910028
2026-04-22,3,7,10,30.0,501.5924959174869
2026-04-23,3,7,10,30.0,505.61718182130227
2026-04-24,3,7,10,30.0,497.05292207047
2026-04-27,3,7,10,30.0,509.41298878412465
2026-04-28,4,6,10,40.0,505.5980289344883
2026-04-29,4,6,10,40.0,502.8369705941268
2026-04-30,4,6,10,40.0,500.0333492414083
2026-05-04,4,6,10,40.0,497.8415211983528
2026-05-05,4,6,10,40.0,498.3824480311137
2026-05-06,4,6,10,40.0,504.09287483036564
2026-05-07,5,5,10,50.0,506.6632881278913
2026-05-08,4,6,10,40.0,506.122851523379
2026-05-11,3,7,10,30.0,495.8329362221484
2026-05-12,2,8,10,20.0,480.9886284650918
2026-05-13,2,8,10,20.0,478.0304678265776
2026-05-14,2,8,10,20.0,481.5207090839488
2026-05-15,4,6,10,40.0,487.98985358838314
2026-05-18,3,7,10,30.0,476.64566238489687
2026-05-19,4,6,10,40.0,482.6285084503664
2026-05-20,4,6,10,40.0,481.32144819208065
2026-05-21,4,6,10,40.0,480.65694105441503
2026-05-22,4,6,10,40.0,474.4337911289519
2026-05-25,4,6,10,40.0,475.50850990511367
2026-05-26,4,6,10,40.0,474.86730565491484
2026-05-27,4,6,10,40.0,486.2180998495415
2026-05-29,4,6,10,40.0,481.91570192136703
2026-06-01,5,5,10,50.0,484.3801511102436
2026-06-02,4,6,10,40.0,486.2957325428972
2026-06-03,3,7,10,30.0,482.34994876358274
2026-06-04,5,5,10,50.0,487.7701538625194
2026-06-05,5,5,10,50.0,505.7858654456787
2026-06-08,5,5,10,50.0,496.7195959691035
2026-06-09,5,5,10,50.0,496.4098491331751
2026-06-10,4,6,10,40.0,484.4541209534455
2026-06-11,4,6,10,40.0,485.80095214165107
2026-06-12,5,5,10,50.0,496.69219709759363
2026-06-15,5,5,10,50.0,502.39920027653875
2026-06-22,5,5,10,50.0,514.7898534519696
2026-06-23,4,6,10,40.0,504.3070629919331
2026-06-24,4,6,10,40.0,505.3564014610907
2026-06-25,4,6,10,40.0,503.0543492352723
2026-06-29,4,6,10,40.0,495.5236384176244
2026-06-30,4,6,10,40.0,495.5440248341819
2026-07-01,4,6,10,40.0,506.91081921897893
2026-07-02,5,5,10,50.0,514.0188064643527
2026-07-03,5,5,10,50.0,509.64527378266087
2026-07-06,5,5,10,50.0,507.08613412368857
2026-07-07,5,5,10,50.0,502.4810942235537
2026-07-08,4,6,10,40.0,491.9305249956134
2026-07-09,5,5,10,50.0,504.00212070152594
2026-07-10,5,5,10,50.0,508.33806597527985
2026-07-13,5,5,10,50.0,518.2075651119408
2026-07-14,5,5,10,50.0,517.510578828191
2026-07-15,5,5,10,50.0,513.9934404716438
2026-07-16,5,5,10,50.0,519.3373278229511
2026-07-17,5,5,10,50.0,519.025892750375
2026-07-20,5,5,10,50.0,524.3146086152829
2026-07-21,5,5,10,50.0,524.9834614090466
2026-07-22,5,5,10,50.0,509.2929777235295
2026-07-23,5,5,10,50.0,511.12939519350454
2026-07-24,6,4,10,60.0,519.1199424037602
2026-07-27,6,4,10,60.0,527.5615306760546
2026-07-28,6,4,10,60.0,526.4363688251033
2026-07-29,6,4,10,60.0,534.8887128319254
2026-07-30,6,4,10,60.0,531.4177425198792
2026-07-31,6,4,10,60.0,537.2198131427433
2026-08-03,6,4,10,60.0,534.2248578796986
2026-08-04,6,4,10,60.0,541.2669026750191
2026-08-05,6,4,10,60.0,536.5406748842422
2026-08-06,5,5,10,50.0,529.7357026652636
2026-08-07,6,4,10,60.0,527.8846529772643
2026-08-10,6,4,10,60.0,529.146756782567
2026-08-11,5,5,10,50.0,527.4575140953228
2026-08-12,6,4,10,60.0,526.588945498707
2026-08-13,6,4,10,60.0,530.2123348051457
2026-08-14,6,4,10,60.0,531.0212283502201
2026-08-17,6,4,10,60.0,530.5353532079015
2026-08-18,6,4,10,60.0,532.984410607935
2026-08-19,6,4,10,60.0,527.551819083375
2026-08-20,6,4,10,60.0,537.8359040445879
2026-08-21,6,4,10,60.0,537.0245700151077
2026-08-24,6,4,10,60.0,537.2338615999911
2026-08-25,6,4,10,60.0,537.1748106758423
2026-08-26,6,4,10,60.0,536.661917570485
2026-08-27,6,4,10,60.0,531.6774998591259
