Date,Above,Below,Total,Percentage,Index_Close
2014-08-07,6,1,7,85.71428571428571,221.06202653580564
2014-08-08,6,1,7,85.71428571428571,218.53005956198976
2014-08-11,6,1,7,85.71428571428571,223.701339862934
2014-08-12,6,1,7,85.71428571428571,223.10051725864307
2014-08-13,6,1,7,85.71428571428571,224.3551722832735
2014-08-14,6,1,7,85.71428571428571,224.25586190482753
2014-08-18,6,1,7,85.71428571428571,230.52520254582666
2014-08-19,6,1,7,85.71428571428571,237.93164389372396
2014-08-20,6,1,7,85.71428571428571,239.00474545180614
2014-08-21,6,1,7,85.71428571428571,238.25385280595745
2014-08-22,6,1,7,85.71428571428571,235.59181893270323
2014-08-25,6,1,7,85.71428571428571,238.3724181253878
2014-08-26,6,1,7,85.71428571428571,238.5173844339
2014-08-27,6,1,7,85.71428571428571,240.7872928607548
2014-08-28,6,1,7,85.71428571428571,242.30414775978045
2014-09-01,6,1,7,85.71428571428571,245.4883555256564
2014-09-02,6,1,7,85.71428571428571,248.7980754510306
2014-09-03,6,1,7,85.71428571428571,248.96460584257034
2014-09-04,6,1,7,85.71428571428571,247.65072472517545
2014-09-05,6,1,7,85.71428571428571,250.46869286853354
2014-09-08,6,1,7,85.71428571428571,252.23158840464026
2014-09-09,6,1,7,85.71428571428571,250.29263758554515
2014-09-10,6,1,7,85.71428571428571,253.86134555209986
2014-09-11,7,0,7,100.0,255.62323949146295
2014-09-12,7,0,7,100.0,257.04318592138515
2014-09-15,7,0,7,100.0,260.05669108322127
2014-09-16,6,1,7,85.71428571428571,251.40288229424482
2014-09-17,6,1,7,85.71428571428571,253.35034985505794
2014-09-18,6,1,7,85.71428571428571,253.47061426293678
2014-09-19,6,1,7,85.71428571428571,253.53218988371844
2014-09-22,6,1,7,85.71428571428571,254.67829684646165
2014-09-23,7,0,7,100.0,253.65794539827098
2014-09-24,7,0,7,100.0,250.76421068492448
2014-09-25,7,0,7,100.0,244.9049543006099
2014-09-26,7,0,7,100.0,240.11649664165762
2014-09-29,6,1,7,85.71428571428571,244.32744247435318
2014-09-30,6,1,7,85.71428571428571,246.03000632422373
2014-10-01,6,1,7,85.71428571428571,244.2100448160954
2014-10-07,6,1,7,85.71428571428571,247.26013850556998
2014-10-08,6,1,7,85.71428571428571,242.12790528293468
2014-10-09,6,1,7,85.71428571428571,250.2641705096751
2014-10-10,6,1,7,85.71428571428571,250.3676644926362
2014-10-13,6,1,7,85.71428571428571,251.45711237605065
2014-10-14,6,1,7,85.71428571428571,249.91253664768797
2014-10-16,6,1,7,85.71428571428571,245.35725299954288
2014-10-17,6,1,7,85.71428571428571,244.48858066192946
2014-10-20,6,1,7,85.71428571428571,251.77846170963068
2014-10-21,6,1,7,85.71428571428571,252.37582581367747
2014-10-22,6,1,7,85.71428571428571,254.8779879628558
2014-10-23,6,1,7,85.71428571428571,258.59841120872096
2014-10-27,6,1,7,85.71428571428571,253.58326491453903
2014-10-28,6,1,7,85.71428571428571,252.5055010371421
2014-10-29,6,1,7,85.71428571428571,254.44867226815697
2014-10-30,6,1,7,85.71428571428571,256.1649075393917
2014-10-31,6,1,7,85.71428571428571,258.5009992888707
2014-11-03,6,1,7,85.71428571428571,261.64731431037205
2014-11-05,6,1,7,85.71428571428571,269.8731667867021
2014-11-07,6,1,7,85.71428571428571,265.16125243801446
2014-11-10,6,1,7,85.71428571428571,266.17806236893546
2014-11-11,6,1,7,85.71428571428571,264.9188849497698
2014-11-12,6,1,7,85.71428571428571,266.82754234295754
2014-11-13,6,1,7,85.71428571428571,264.1213307102277
2014-11-14,7,0,7,100.0,273.2924367815903
2014-11-17,7,0,7,100.0,273.794565103675
2014-11-18,7,0,7,100.0,281.7983413432741
2014-11-19,6,1,7,85.71428571428571,275.000970391819
2014-11-20,7,0,7,100.0,273.383979806542
2014-11-21,7,0,7,100.0,273.3776431599661
2014-11-24,6,1,7,85.71428571428571,273.09772015807914
2014-11-25,6,1,7,85.71428571428571,269.81587238146716
2014-11-26,6,1,7,85.71428571428571,271.9787929461387
2014-11-27,6,1,7,85.71428571428571,272.86478020822585
2014-11-28,6,1,7,85.71428571428571,273.0697865593794
2014-12-01,7,0,7,100.0,273.1137738205907
2014-12-02,6,1,7,85.71428571428571,269.9190121994443
2014-12-03,7,0,7,100.0,282.1929765112619
2014-12-04,7,0,7,100.0,283.45722192280437
2014-12-05,7,0,7,100.0,283.2534371517767
2014-12-08,7,0,7,100.0,279.0907663656491
2014-12-09,7,0,7,100.0,273.0091459288333
2014-12-10,7,0,7,100.0,272.54977482762655
2014-12-11,7,0,7,100.0,269.61702546251087
2014-12-12,7,0,7,100.0,267.075636131374
2014-12-15,7,0,7,100.0,267.1097433699927
2014-12-16,7,0,7,100.0,258.6791522075626
2014-12-17,7,0,7,100.0,256.1185486994393
2014-12-18,7,0,7,100.0,267.8777703652923
2014-12-19,7,0,7,100.0,272.66641928463235
2014-12-22,7,0,7,100.0,272.2431900211232
2014-12-23,7,0,7,100.0,268.98466402639343
2014-12-24,7,0,7,100.0,268.89031725615916
2014-12-26,7,0,7,100.0,267.72982003498527
2014-12-29,7,0,7,100.0,270.1695682113648
2014-12-30,7,0,7,100.0,270.95707822396736
2014-12-31,7,0,7,100.0,278.42111132270554
2015-01-01,7,0,7,100.0,278.99193268258426
2015-01-02,7,0,7,100.0,282.8553359338065
2015-01-05,7,0,7,100.0,284.7341365702806
2015-01-06,7,0,7,100.0,276.5272053137569
2015-01-07,7,0,7,100.0,275.3596972959509
2015-01-08,7,0,7,100.0,279.7129147742665
2015-01-09,7,0,7,100.0,281.2485694390638
2015-01-12,7,0,7,100.0,286.5399165215557
2015-01-13,7,0,7,100.0,290.4283974304942
2015-01-14,6,1,7,85.71428571428571,289.4304171165852
2015-01-15,7,0,7,100.0,299.95444545530756
2015-01-16,7,0,7,100.0,301.0031697438477
2015-01-19,7,0,7,100.0,306.46077280552623
2015-01-20,7,0,7,100.0,308.7385660297133
2015-01-21,7,0,7,100.0,316.0651283036649
2015-01-22,7,0,7,100.0,315.6592685529382
2015-01-23,7,0,7,100.0,310.99086730273314
2015-01-27,7,0,7,100.0,312.2572024111803
2015-01-28,7,0,7,100.0,324.7027795256407
2015-01-29,7,0,7,100.0,328.59367863726845
2015-01-30,7,0,7,100.0,326.6769284365389
2015-02-02,7,0,7,100.0,332.646212806216
2015-02-03,7,0,7,100.0,335.40316860547443
2015-02-04,7,0,7,100.0,330.81591529139297
2015-02-05,7,0,7,100.0,331.83308918294404
2015-02-06,7,0,7,100.0,327.1258716327095
2015-02-09,7,0,7,100.0,327.21064879139374
2015-02-10,7,0,7,100.0,327.8294610429374
2015-02-11,7,0,7,100.0,332.89917016905866
2015-02-12,7,0,7,100.0,337.1266197322956
2015-02-13,7,0,7,100.0,350.65658992738776
2015-02-16,7,0,7,100.0,350.6105543367465
2015-02-18,7,0,7,100.0,350.3334149203876
2015-02-19,7,0,7,100.0,345.80989927289005
2015-02-20,7,0,7,100.0,348.5355866279892
2015-02-23,7,0,7,100.0,343.1030952585984
2015-02-24,7,0,7,100.0,344.22633629920955
2015-02-25,7,0,7,100.0,345.6947302542456
2015-02-26,7,0,7,100.0,344.95170069383454
2015-02-27,7,0,7,100.0,349.4939446243536
2015-02-28,7,0,7,100.0,353.79297018442946
2015-03-02,7,0,7,100.0,358.43785102844134
2015-03-03,7,0,7,100.0,359.89461623483055
2015-03-04,7,0,7,100.0,355.8631458712688
2015-03-05,7,0,7,100.0,360.5957835175587
2015-03-09,7,0,7,100.0,357.32187734070493
2015-03-10,7,0,7,100.0,357.3022501623326
2015-03-11,7,0,7,100.0,362.7306796607302
2015-03-12,7,0,7,100.0,361.12625461906725
2015-03-13,7,0,7,100.0,353.26755440061237
2015-03-16,7,0,7,100.0,361.606638687217
2015-03-17,7,0,7,100.0,364.8063109646289
2015-03-18,7,0,7,100.0,364.9101298392684
2015-03-19,7,0,7,100.0,363.6872874174951
2015-03-20,7,0,7,100.0,362.2886138980595
2015-03-23,7,0,7,100.0,356.3386789097135
2015-03-24,7,0,7,100.0,357.07056531012694
2015-03-25,7,0,7,100.0,360.8777353729523
2015-03-26,7,0,7,100.0,362.43515071101064
2015-03-27,7,0,7,100.0,358.473694305836
2015-03-30,7,0,7,100.0,368.7940429969198
2015-03-31,7,0,7,100.0,369.86677618976444
2015-04-01,7,0,7,100.0,377.91640272243245
2015-04-06,7,0,7,100.0,382.1003921363749
2015-04-07,7,0,7,100.0,387.18417732317494
2015-04-08,7,0,7,100.0,389.96864179080967
2015-04-09,7,0,7,100.0,391.9228497332914
2015-04-10,7,0,7,100.0,392.83600163998057
2015-04-13,7,0,7,100.0,397.79684765681503
2015-04-15,7,0,7,100.0,397.0281552949338
2015-04-16,7,0,7,100.0,394.8430161878589
2015-04-17,7,0,7,100.0,390.45549331089495
2015-04-20,7,0,7,100.0,386.75630884415585
2015-04-21,7,0,7,100.0,386.9003288439366
2015-04-22,7,0,7,100.0,388.020325528176
2015-04-23,7,0,7,100.0,379.18032978946644
2015-04-24,7,0,7,100.0,363.07164076107796
2015-04-27,7,0,7,100.0,348.0550560729668
2015-04-28,7,0,7,100.0,353.47450203069604
2015-04-29,7,0,7,100.0,357.4952785331742
2015-04-30,7,0,7,100.0,359.38005053336457
2015-05-04,7,0,7,100.0,366.89227823141675
2015-05-05,7,0,7,100.0,365.58832751808524
2015-05-06,7,0,7,100.0,351.5032660199461
2015-05-07,6,1,7,85.71428571428571,339.17313013803545
2015-05-08,7,0,7,100.0,348.00097918553405
2015-05-11,7,0,7,100.0,348.80895236302547
2015-05-12,6,1,7,85.71428571428571,338.6957448567794
2015-05-13,7,0,7,100.0,341.99167323499285
2015-05-14,6,1,7,85.71428571428571,342.88023252251406
2015-05-15,6,1,7,85.71428571428571,344.90868568514605
2015-05-18,6,1,7,85.71428571428571,350.629342434165
2015-05-19,6,1,7,85.71428571428571,352.35512772739725
2015-05-20,7,0,7,100.0,363.244520739522
2015-05-21,7,0,7,100.0,363.4529832795312
2015-05-22,7,0,7,100.0,367.9173784381544
2015-05-25,7,0,7,100.0,369.8183231772636
2015-05-26,7,0,7,100.0,369.92164471300015
2015-05-27,7,0,7,100.0,365.0086412309599
2015-05-28,7,0,7,100.0,362.16108958383364
2015-05-29,7,0,7,100.0,367.9335924195832
2015-06-01,7,0,7,100.0,366.96771806463926
2015-06-02,7,0,7,100.0,357.313642010043
2015-06-03,6,1,7,85.71428571428571,344.67242750849005
2015-06-04,7,0,7,100.0,344.462084842405
2015-06-05,7,0,7,100.0,346.65605493972504
2015-06-08,7,0,7,100.0,341.1218767098457
2015-06-09,6,1,7,85.71428571428571,343.3112571457378
2015-06-10,6,1,7,85.71428571428571,346.98834878531505
2015-06-11,4,3,7,57.14285714285714,336.3179307022703
2015-06-12,4,3,7,57.14285714285714,330.55256793830137
2015-06-15,4,3,7,57.14285714285714,336.30397038260315
2015-06-16,4,3,7,57.14285714285714,335.95827005591616
2015-06-17,5,2,7,71.42857142857143,338.7775673376175
2015-06-18,6,1,7,85.71428571428571,342.6535743746156
2015-06-19,5,2,7,71.42857142857143,344.0964470549848
2015-06-22,5,2,7,71.42857142857143,345.61364489624225
2015-06-23,5,2,7,71.42857142857143,344.3223335986832
2015-06-24,5,2,7,71.42857142857143,339.97357255186944
2015-06-25,5,2,7,71.42857142857143,339.50783336165216
2015-06-26,5,2,7,71.42857142857143,339.420377804948
2015-06-29,5,2,7,71.42857142857143,332.0951380567989
2015-06-30,5,2,7,71.42857142857143,340.2586073992698
2015-07-01,5,2,7,71.42857142857143,344.40451767923946
2015-07-02,5,2,7,71.42857142857143,341.1166852007697
2015-07-03,5,2,7,71.42857142857143,341.26376483300083
2015-07-06,5,2,7,71.42857142857143,344.8556202305176
2015-07-07,5,2,7,71.42857142857143,339.9679065788294
2015-07-08,5,2,7,71.42857142857143,335.8563048290359
2015-07-09,5,2,7,71.42857142857143,334.14626956195104
2015-07-10,5,2,7,71.42857142857143,338.60637005797645
2015-07-13,5,2,7,71.42857142857143,343.59200305058965
2015-07-14,6,1,7,85.71428571428571,354.067297520011
2015-07-15,7,0,7,100.0,367.0517312113379
2015-07-16,7,0,7,100.0,367.18267876396084
2015-07-17,6,1,7,85.71428571428571,365.64227930964034
2015-07-20,6,1,7,85.71428571428571,366.8003119232016
2015-07-21,6,1,7,85.71428571428571,360.31767004150475
2015-07-22,5,2,7,71.42857142857143,360.2299112836044
2015-07-23,5,2,7,71.42857142857143,360.7572781179949
2015-07-24,6,1,7,85.71428571428571,362.7684689245458
2015-07-27,6,1,7,85.71428571428571,361.4071089247935
2015-07-28,6,1,7,85.71428571428571,365.563808590188
2015-07-29,6,1,7,85.71428571428571,372.2449226589571
2015-07-30,6,1,7,85.71428571428571,375.6847135579855
2015-07-31,6,1,7,85.71428571428571,380.5344160314477
2015-08-03,6,1,7,85.71428571428571,383.0248672141885
2015-08-04,6,1,7,85.71428571428571,386.8863192173783
2015-08-05,6,1,7,85.71428571428571,386.4356167659607
2015-08-06,6,1,7,85.71428571428571,396.8085437837067
2015-08-07,6,1,7,85.71428571428571,398.27563195565835
2015-08-10,6,1,7,85.71428571428571,402.51552661952985
2015-08-11,6,1,7,85.71428571428571,399.47583903989187
2015-08-12,3,4,7,42.857142857142854,391.63660721899316
2015-08-13,4,3,7,57.14285714285714,388.0482269457749
2015-08-14,4,3,7,57.14285714285714,391.5249373547511
2015-08-17,4,3,7,57.14285714285714,393.87201785051
2015-08-18,6,1,7,85.71428571428571,399.2611598081542
2015-08-19,4,3,7,57.14285714285714,397.43768758331623
2015-08-20,4,3,7,57.14285714285714,394.2661086407777
2015-08-21,3,4,7,42.857142857142854,390.4068687617827
2015-08-24,2,5,7,28.57142857142857,358.2504337051887
2015-08-25,2,5,7,28.57142857142857,353.7356821323169
2015-08-26,2,5,7,28.57142857142857,355.0728077108215
2015-08-27,2,5,7,28.57142857142857,372.09063152720387
2015-08-28,3,4,7,42.857142857142854,375.1390229218865
2015-08-31,2,5,7,28.57142857142857,372.23031131051584
2015-09-01,2,5,7,28.57142857142857,367.08737144515806
2015-09-02,2,5,7,28.57142857142857,372.9617642158195
2015-09-03,2,5,7,28.57142857142857,383.65401616762836
2015-09-04,2,5,7,28.57142857142857,372.036775523586
2015-09-07,2,5,7,28.57142857142857,371.80666527738606
2015-09-08,2,5,7,28.57142857142857,371.49612532143095
2015-09-09,2,5,7,28.57142857142857,378.1883937266566
2015-09-10,2,5,7,28.57142857142857,377.40282044479943
2015-09-11,2,5,7,28.57142857142857,381.0528241739593
2015-09-14,2,5,7,28.57142857142857,390.0387401030369
2015-09-15,2,5,7,28.57142857142857,388.4525020264065
2015-09-16,2,5,7,28.57142857142857,384.24858273996097
2015-09-18,3,4,7,42.857142857142854,404.73404479679556
2015-09-21,3,4,7,42.857142857142854,407.9347216321976
2015-09-22,3,4,7,42.857142857142854,413.54559978975874
2015-09-23,3,4,7,42.857142857142854,412.19479308399735
2015-09-24,3,4,7,42.857142857142854,415.6199657090247
2015-09-28,3,4,7,42.857142857142854,413.2063999997457
2015-09-29,3,4,7,42.857142857142854,405.00952881247247
2015-09-30,4,3,7,57.14285714285714,412.11114851144066
2015-10-01,4,3,7,57.14285714285714,411.42291328639556
2015-10-05,4,3,7,57.14285714285714,422.49493378346614
2015-10-06,4,3,7,57.14285714285714,435.40643005503495
2015-10-07,4,3,7,57.14285714285714,433.2478898114486
2015-10-08,4,3,7,57.14285714285714,443.31522918580885
2015-10-09,4,3,7,57.14285714285714,446.33000726276765
2015-10-12,4,3,7,57.14285714285714,445.0916228075738
2015-10-13,4,3,7,57.14285714285714,442.61322161170244
2015-10-14,4,3,7,57.14285714285714,448.65391667285405
2015-10-15,5,2,7,71.42857142857143,459.39957446414354
2015-10-16,5,2,7,71.42857142857143,467.45731032437067
2015-10-19,5,2,7,71.42857142857143,475.8460593661252
2015-10-20,6,1,7,85.71428571428571,475.7353171277335
2015-10-21,6,1,7,85.71428571428571,486.10649760761123
2015-10-23,5,2,7,71.42857142857143,470.9029306063501
2015-10-26,4,3,7,57.14285714285714,463.769903056235
2015-10-27,4,3,7,57.14285714285714,469.17358768918814
2015-10-28,4,3,7,57.14285714285714,466.8635596324846
2015-10-29,4,3,7,57.14285714285714,461.0174614830033
2015-10-30,3,4,7,42.857142857142854,456.289159952481
2015-11-02,3,4,7,42.857142857142854,456.5100949261621
2015-11-03,3,4,7,42.857142857142854,456.46169122226985
2015-11-04,3,4,7,42.857142857142854,448.1857658346902
2015-11-05,3,4,7,42.857142857142854,442.93699849416475
2015-11-06,3,4,7,42.857142857142854,443.31615527272345
2015-11-09,3,4,7,42.857142857142854,448.3717415611778
2015-11-10,3,4,7,42.857142857142854,447.32224120028707
2015-11-11,3,4,7,42.857142857142854,457.35827281280945
2015-11-13,3,4,7,42.857142857142854,447.97722157302394
2015-11-16,3,4,7,42.857142857142854,447.42296851058796
2015-11-17,3,4,7,42.857142857142854,452.58104146120627
2015-11-18,3,4,7,42.857142857142854,449.48812027148557
2015-11-19,3,4,7,42.857142857142854,451.6728021220861
2015-11-20,3,4,7,42.857142857142854,456.45698765577805
2015-11-23,3,4,7,42.857142857142854,458.646056794052
2015-11-24,3,4,7,42.857142857142854,465.675209895924
2015-11-26,3,4,7,42.857142857142854,473.8598620303926
2015-11-27,4,3,7,57.14285714285714,472.837532144923
2015-11-30,4,3,7,57.14285714285714,485.54293895881483
2015-12-01,4,3,7,57.14285714285714,485.81540183802156
2015-12-02,4,3,7,57.14285714285714,483.5475873766425
2015-12-03,3,4,7,42.857142857142854,478.9508695659713
2015-12-04,3,4,7,42.857142857142854,477.9185344923311
2015-12-07,5,2,7,71.42857142857143,479.3352210392875
2015-12-08,3,4,7,42.857142857142854,476.23368413402164
2015-12-09,3,4,7,42.857142857142854,468.7054869320775
2015-12-10,3,4,7,42.857142857142854,474.96319028088675
2015-12-11,3,4,7,42.857142857142854,471.21548262829975
2015-12-14,3,4,7,42.857142857142854,479.86352891522836
2015-12-15,3,4,7,42.857142857142854,480.5658813826175
2015-12-16,3,4,7,42.857142857142854,483.7477050177346
2015-12-17,4,3,7,57.14285714285714,498.83035719601037
2015-12-18,4,3,7,57.14285714285714,494.9676580530192
2015-12-21,4,3,7,57.14285714285714,496.6395219177473
2015-12-22,4,3,7,57.14285714285714,504.61203282100024
2015-12-23,5,2,7,71.42857142857143,507.60850802128516
2015-12-24,5,2,7,71.42857142857143,513.6290025322251
2015-12-28,5,2,7,71.42857142857143,522.4744943135347
2015-12-29,5,2,7,71.42857142857143,514.7885796038568
2015-12-30,5,2,7,71.42857142857143,515.7656875183333
2015-12-31,5,2,7,71.42857142857143,510.6496906202433
2016-01-01,5,2,7,71.42857142857143,514.4017560192736
2016-01-04,5,2,7,71.42857142857143,508.6933955516817
2016-01-05,5,2,7,71.42857142857143,513.0540397944026
2016-01-06,5,2,7,71.42857142857143,510.9398826518703
2016-01-07,5,2,7,71.42857142857143,498.7230799552282
2016-01-08,5,2,7,71.42857142857143,503.0677361657706
2016-01-11,5,2,7,71.42857142857143,508.63850187685324
2016-01-12,4,3,7,57.14285714285714,501.8314272997091
2016-01-13,4,3,7,57.14285714285714,487.6214972466375
2016-01-14,3,4,7,42.857142857142854,477.5643131958625
2016-01-15,3,4,7,42.857142857142854,465.86107837181885
2016-01-18,3,4,7,42.857142857142854,449.71960664851133
2016-01-19,3,4,7,42.857142857142854,456.73758627326674
2016-01-20,3,4,7,42.857142857142854,439.1556703552438
2016-01-21,3,4,7,42.857142857142854,440.48977607257365
2016-01-22,3,4,7,42.857142857142854,451.9206695381701
2016-01-25,3,4,7,42.857142857142854,462.2451514597782
2016-01-27,3,4,7,42.857142857142854,461.89745724658326
2016-01-28,3,4,7,42.857142857142854,452.86185489963617
2016-01-29,3,4,7,42.857142857142854,456.112002358248
2016-02-01,3,4,7,42.857142857142854,459.7626112891653
2016-02-02,3,4,7,42.857142857142854,454.6003103625063
2016-02-03,3,4,7,42.857142857142854,451.36667161407536
2016-02-04,3,4,7,42.857142857142854,456.1366942489095
2016-02-05,3,4,7,42.857142857142854,455.97202691896575
2016-02-08,4,3,7,57.14285714285714,459.22495871995403
2016-02-09,4,3,7,57.14285714285714,452.9036286824932
2016-02-10,4,3,7,57.14285714285714,446.79347625095625
2016-02-11,3,4,7,42.857142857142854,429.42362875554727
2016-02-12,3,4,7,42.857142857142854,430.0060559843056
2016-02-15,3,4,7,42.857142857142854,449.3280136825675
2016-02-16,3,4,7,42.857142857142854,445.16579653682385
2016-02-17,3,4,7,42.857142857142854,448.5504902040577
2016-02-18,3,4,7,42.857142857142854,451.9590487683499
2016-02-19,3,4,7,42.857142857142854,449.6294150799217
2016-02-22,3,4,7,42.857142857142854,458.92071909146324
2016-02-23,3,4,7,42.857142857142854,461.4022060194879
2016-02-24,3,4,7,42.857142857142854,453.5934966588911
2016-02-25,3,4,7,42.857142857142854,452.622004538677
2016-02-26,3,4,7,42.857142857142854,447.8708198935478
2016-02-29,3,4,7,42.857142857142854,445.7456983029548
2016-03-01,3,4,7,42.857142857142854,467.09356456691154
2016-03-02,3,4,7,42.857142857142854,485.64021008185387
2016-03-03,3,4,7,42.857142857142854,481.7576013512057
2016-03-04,3,4,7,42.857142857142854,484.03581656638653
2016-03-08,4,3,7,57.14285714285714,486.8165089143539
2016-03-09,4,3,7,57.14285714285714,481.3801004393173
2016-03-10,4,3,7,57.14285714285714,478.2278309309679
2016-03-11,4,3,7,57.14285714285714,474.29753018926937
2016-03-14,4,3,7,57.14285714285714,476.5767256069953
2016-03-15,5,2,7,71.42857142857143,468.43641408429227
2016-03-16,4,3,7,57.14285714285714,476.2348737784647
2016-03-17,4,3,7,57.14285714285714,462.61427781040527
2016-03-18,4,3,7,57.14285714285714,465.9833295520432
2016-03-21,3,4,7,42.857142857142854,463.0092920000389
2016-03-22,3,4,7,42.857142857142854,462.4401243223002
2016-03-23,4,3,7,57.14285714285714,468.1503299403365
2016-03-28,4,3,7,57.14285714285714,466.9752162667543
2016-03-29,4,3,7,57.14285714285714,467.71201210510173
2016-03-30,4,3,7,57.14285714285714,472.8953976025762
2016-03-31,4,3,7,57.14285714285714,472.33318167026124
2016-04-01,5,2,7,71.42857142857143,473.9247150440801
2016-04-04,4,3,7,57.14285714285714,471.96798392528325
2016-04-05,4,3,7,57.14285714285714,473.65522369689074
2016-04-06,4,3,7,57.14285714285714,475.8781670518142
2016-04-07,4,3,7,57.14285714285714,482.9359224028705
2016-04-08,5,2,7,71.42857142857143,489.92682890074553
2016-04-11,6,1,7,85.71428571428571,497.12532331344244
2016-04-12,6,1,7,85.71428571428571,499.8485505457814
2016-04-13,6,1,7,85.71428571428571,514.4203135185415
2016-04-18,6,1,7,85.71428571428571,520.5767707005209
2016-04-20,6,1,7,85.71428571428571,526.4778388030418
2016-04-21,6,1,7,85.71428571428571,523.2690984606486
2016-04-22,6,1,7,85.71428571428571,531.4691794984058
2016-04-25,6,1,7,85.71428571428571,531.943574975764
2016-04-26,6,1,7,85.71428571428571,541.5310728379878
2016-04-27,6,1,7,85.71428571428571,542.6789157748433
2016-04-28,6,1,7,85.71428571428571,539.6122236146832
2016-04-29,6,1,7,85.71428571428571,541.4102869124487
2016-05-02,6,1,7,85.71428571428571,548.0667898185761
2016-05-03,7,0,7,100.0,554.5466862840418
2016-05-04,7,0,7,100.0,557.9239028252579
2016-05-05,7,0,7,100.0,561.4174976900508
2016-05-06,7,0,7,100.0,559.7061609940387
2016-05-09,7,0,7,100.0,563.1627253345788
2016-05-10,7,0,7,100.0,570.3511649721044
2016-05-11,7,0,7,100.0,572.4044053104814
2016-05-12,7,0,7,100.0,571.4627977561948
2016-05-13,7,0,7,100.0,564.4909877505239
2016-05-16,6,1,7,85.71428571428571,564.2635924603571
2016-05-17,6,1,7,85.71428571428571,565.6673296397727
2016-05-18,6,1,7,85.71428571428571,569.2650855499758
2016-05-19,6,1,7,85.71428571428571,563.0690088116539
2016-05-20,6,1,7,85.71428571428571,556.1173403375371
2016-05-23,6,1,7,85.71428571428571,565.4624038555737
2016-05-24,6,1,7,85.71428571428571,567.1594608962778
2016-05-25,6,1,7,85.71428571428571,585.7868110473046
2016-05-26,6,1,7,85.71428571428571,584.8691700071042
2016-05-27,6,1,7,85.71428571428571,587.3606041792701
2016-05-30,6,1,7,85.71428571428571,587.4149806270378
2016-05-31,6,1,7,85.71428571428571,584.5856424192066
2016-06-01,7,0,7,100.0,595.8510984956458
2016-06-02,7,0,7,100.0,607.9712575392756
2016-06-03,6,1,7,85.71428571428571,602.5144035233003
2016-06-06,6,1,7,85.71428571428571,616.9907281751349
2016-06-07,6,1,7,85.71428571428571,618.7156370898267
2016-06-08,7,0,7,100.0,633.0750920674415
2016-06-09,7,0,7,100.0,639.1119797973587
2016-06-10,7,0,7,100.0,633.9972261584284
2016-06-13,7,0,7,100.0,633.4150944378691
2016-06-14,7,0,7,100.0,642.9458220704839
2016-06-15,7,0,7,100.0,659.4200384443664
2016-06-16,7,0,7,100.0,660.5332094741697
2016-06-17,7,0,7,100.0,665.2209398126057
2016-06-20,7,0,7,100.0,662.0356119238377
2016-06-21,7,0,7,100.0,671.9924521477916
2016-06-22,7,0,7,100.0,667.7198801050738
2016-06-23,7,0,7,100.0,662.6050809748318
2016-06-24,7,0,7,100.0,665.1758651234228
2016-06-27,7,0,7,100.0,666.0082855362176
2016-06-28,7,0,7,100.0,677.4069847825303
2016-06-29,7,0,7,100.0,686.3428376075473
2016-06-30,7,0,7,100.0,688.0905931002487
2016-07-01,7,0,7,100.0,693.3702052878056
2016-07-04,7,0,7,100.0,697.316980174688
2016-07-05,7,0,7,100.0,698.1297128187856
2016-07-07,7,0,7,100.0,695.7198565823878
2016-07-08,7,0,7,100.0,696.375113529533
2016-07-11,7,0,7,100.0,698.220053172326
2016-07-12,7,0,7,100.0,698.5225873448674
2016-07-13,7,0,7,100.0,701.1643352187028
2016-07-14,7,0,7,100.0,699.6328449597753
2016-07-15,7,0,7,100.0,711.3292034570936
2016-07-18,7,0,7,100.0,701.3154465539415
2016-07-19,7,0,7,100.0,707.1559460523252
2016-07-20,7,0,7,100.0,710.1468601978129
2016-07-21,7,0,7,100.0,707.1591973519039
2016-07-22,7,0,7,100.0,706.6096223540819
2016-07-25,7,0,7,100.0,713.1454438915546
2016-07-26,7,0,7,100.0,706.4249411279219
2016-07-27,7,0,7,100.0,709.8743402095396
2016-07-28,7,0,7,100.0,707.5773801111583
2016-07-29,7,0,7,100.0,709.0207203386574
2016-08-01,7,0,7,100.0,706.0931468051216
2016-08-02,7,0,7,100.0,704.1697857597337
2016-08-03,7,0,7,100.0,691.6837426024784
2016-08-04,7,0,7,100.0,687.8875293558924
2016-08-05,7,0,7,100.0,695.0608945384369
2016-08-08,7,0,7,100.0,698.6964088357074
2016-08-09,7,0,7,100.0,702.795092792476
2016-08-10,7,0,7,100.0,698.2899684907208
2016-08-11,7,0,7,100.0,695.0053384319259
2016-08-12,7,0,7,100.0,694.3475934814193
2016-08-16,7,0,7,100.0,697.699044587734
2016-08-17,7,0,7,100.0,703.9432391484099
2016-08-18,7,0,7,100.0,711.2569383563596
2016-08-19,7,0,7,100.0,710.1199351382468
2016-08-22,7,0,7,100.0,710.1800298863812
2016-08-23,7,0,7,100.0,710.0900633290729
2016-08-24,7,0,7,100.0,716.9407940448491
2016-08-25,7,0,7,100.0,720.2687421620667
2016-08-26,7,0,7,100.0,721.3613213958623
2016-08-29,7,0,7,100.0,721.9469694516937
2016-08-30,7,0,7,100.0,724.8400625949996
2016-08-31,7,0,7,100.0,724.7223946245009
2016-09-01,7,0,7,100.0,725.310751811188
2016-09-02,7,0,7,100.0,723.5676007619021
2016-09-06,7,0,7,100.0,730.698986012611
2016-09-07,7,0,7,100.0,745.3160068602978
2016-09-08,7,0,7,100.0,738.981887889351
2016-09-09,7,0,7,100.0,736.1274321427245
2016-09-12,7,0,7,100.0,722.6900621919682
2016-09-14,7,0,7,100.0,738.6235098182686
2016-09-15,7,0,7,100.0,738.5458008255446
2016-09-16,7,0,7,100.0,735.331047251026
2016-09-19,7,0,7,100.0,745.5120093486576
2016-09-20,7,0,7,100.0,743.3042779801203
2016-09-21,7,0,7,100.0,743.8689441697214
2016-09-22,7,0,7,100.0,744.9136741362971
2016-09-23,7,0,7,100.0,744.9755384515091
2016-09-26,7,0,7,100.0,757.9497510435656
2016-09-27,7,0,7,100.0,761.8108019724407
2016-09-28,7,0,7,100.0,771.5185349076185
2016-09-29,7,0,7,100.0,748.6946412516436
2016-09-30,7,0,7,100.0,756.3943675012433
2016-10-03,7,0,7,100.0,771.9578408063827
2016-10-04,7,0,7,100.0,775.8790911805933
2016-10-05,7,0,7,100.0,782.9814626936627
2016-10-06,7,0,7,100.0,780.0740141004163
2016-10-07,7,0,7,100.0,787.4674044311615
2016-10-10,7,0,7,100.0,788.044885676421
2016-10-13,7,0,7,100.0,790.0129231833637
2016-10-14,7,0,7,100.0,797.4674375997151
2016-10-17,7,0,7,100.0,797.8651745385774
2016-10-18,7,0,7,100.0,806.2839470979908
2016-10-19,7,0,7,100.0,810.847099298566
2016-10-20,7,0,7,100.0,805.0105426817302
2016-10-21,7,0,7,100.0,793.1212789540269
2016-10-24,7,0,7,100.0,798.340868354212
2016-10-25,7,0,7,100.0,795.0133764511269
2016-10-26,7,0,7,100.0,798.5002422987504
2016-10-27,7,0,7,100.0,792.3419789245734
2016-10-28,7,0,7,100.0,802.9613870572701
2016-10-30,7,0,7,100.0,804.0657610644914
2016-11-01,7,0,7,100.0,812.9458191067979
2016-11-02,7,0,7,100.0,798.2712057738011
2016-11-03,7,0,7,100.0,803.8907441245009
2016-11-04,7,0,7,100.0,792.2836548867762
2016-11-07,7,0,7,100.0,797.9573757194454
2016-11-08,7,0,7,100.0,794.5470107387298
2016-11-09,6,1,7,85.71428571428571,747.8097317486968
2016-11-10,6,1,7,85.71428571428571,750.8129541606911
2016-11-11,6,1,7,85.71428571428571,710.8497733703881
2016-11-15,4,3,7,57.14285714285714,667.7353311579867
2016-11-16,4,3,7,57.14285714285714,667.2400224325604
2016-11-17,4,3,7,57.14285714285714,663.7270532019559
2016-11-18,4,3,7,57.14285714285714,667.5594495386388
2016-11-21,4,3,7,57.14285714285714,644.1493433283845
2016-11-22,4,3,7,57.14285714285714,647.2602366914389
2016-11-23,4,3,7,57.14285714285714,664.8735948549552
2016-11-24,4,3,7,57.14285714285714,677.6970492956706
2016-11-25,4,3,7,57.14285714285714,684.2821468482082
2016-11-28,4,3,7,57.14285714285714,697.6892976027995
2016-11-29,4,3,7,57.14285714285714,694.9660723750361
2016-11-30,4,3,7,57.14285714285714,697.6991054357694
2016-12-01,3,4,7,42.857142857142854,691.4508867962896
2016-12-02,3,4,7,42.857142857142854,679.7774126054778
2016-12-05,3,4,7,42.857142857142854,680.5009774999505
2016-12-06,4,3,7,57.14285714285714,683.2248990183572
2016-12-07,3,4,7,42.857142857142854,679.4461904892677
2016-12-08,5,2,7,71.42857142857143,689.5813574982411
2016-12-09,4,3,7,57.14285714285714,682.2968318031654
2016-12-12,4,3,7,57.14285714285714,673.1914521634029
2016-12-13,3,4,7,42.857142857142854,669.0250060705333
2016-12-14,3,4,7,42.857142857142854,660.5355051981999
2016-12-15,3,4,7,42.857142857142854,662.0683673670891
2016-12-16,3,4,7,42.857142857142854,664.0784453776525
2016-12-19,3,4,7,42.857142857142854,654.8598351848632
2016-12-20,3,4,7,42.857142857142854,649.7560365771512
2016-12-21,3,4,7,42.857142857142854,644.047244873747
2016-12-22,3,4,7,42.857142857142854,641.0517343383783
2016-12-23,3,4,7,42.857142857142854,641.6727806457283
2016-12-26,2,5,7,28.57142857142857,633.8159936795441
2016-12-27,2,5,7,28.57142857142857,632.0493476359611
2016-12-28,3,4,7,42.857142857142854,635.8512411687054
2016-12-29,3,4,7,42.857142857142854,640.3237918246842
2016-12-30,3,4,7,42.857142857142854,654.8310242146933
2017-01-02,3,4,7,42.857142857142854,660.5369175960294
2017-01-03,3,4,7,42.857142857142854,662.3615805931079
2017-01-04,3,4,7,42.857142857142854,668.4208038467324
2017-01-05,3,4,7,42.857142857142854,671.0397410550278
2017-01-06,3,4,7,42.857142857142854,667.4346572393597
2017-01-09,3,4,7,42.857142857142854,673.1238522753323
2017-01-10,3,4,7,42.857142857142854,680.8755192171405
2017-01-11,3,4,7,42.857142857142854,698.764133205975
2017-01-12,3,4,7,42.857142857142854,704.4503412758671
2017-01-13,3,4,7,42.857142857142854,701.1298510010957
2017-01-16,3,4,7,42.857142857142854,704.6221933411495
2017-01-17,3,4,7,42.857142857142854,714.9083119702192
2017-01-18,4,3,7,57.14285714285714,717.7634420593577
2017-01-19,4,3,7,57.14285714285714,720.8258342016368
2017-01-20,4,3,7,57.14285714285714,720.2800577527536
2017-01-23,4,3,7,57.14285714285714,728.0629889683601
2017-01-24,5,2,7,71.42857142857143,746.7885322838487
2017-01-25,5,2,7,71.42857142857143,748.976020158853
2017-01-27,5,2,7,71.42857142857143,755.7873531220937
2017-01-30,5,2,7,71.42857142857143,763.9780358757705
2017-01-31,5,2,7,71.42857142857143,753.3331141144531
2017-02-01,6,1,7,85.71428571428571,769.8707704101203
2017-02-02,7,0,7,100.0,769.980319553917
2017-02-03,7,0,7,100.0,781.6978910029911
2017-02-06,7,0,7,100.0,792.6464460969445
2017-02-07,7,0,7,100.0,801.8516786077594
2017-02-08,7,0,7,100.0,801.0331484375986
2017-02-09,6,1,7,85.71428571428571,803.1242804889491
2017-02-10,7,0,7,100.0,807.5273708052583
2017-02-13,6,1,7,85.71428571428571,813.8471166936808
2017-02-14,6,1,7,85.71428571428571,811.6366161140276
2017-02-15,6,1,7,85.71428571428571,802.8592969092149
2017-02-16,6,1,7,85.71428571428571,804.2720478416691
2017-02-17,6,1,7,85.71428571428571,803.0661954834588
2017-02-20,6,1,7,85.71428571428571,804.3975699655621
2017-02-21,6,1,7,85.71428571428571,808.1835043522137
2017-02-22,6,1,7,85.71428571428571,802.9604795713235
2017-02-23,6,1,7,85.71428571428571,801.7995330758406
2017-02-27,6,1,7,85.71428571428571,810.5407979756285
2017-02-28,7,0,7,100.0,816.3494886964536
2017-03-01,6,1,7,85.71428571428571,817.2810431033943
2017-03-02,6,1,7,85.71428571428571,805.4555816306753
2017-03-03,6,1,7,85.71428571428571,801.9478365805403
2017-03-06,6,1,7,85.71428571428571,813.9367449662286
2017-03-07,6,1,7,85.71428571428571,819.4928656939069
2017-03-08,6,1,7,85.71428571428571,811.3008668641643
2017-03-09,6,1,7,85.71428571428571,814.286145398642
2017-03-10,6,1,7,85.71428571428571,812.7763356386724
2017-03-14,6,1,7,85.71428571428571,813.5122004500797
2017-03-15,6,1,7,85.71428571428571,810.5591141622493
2017-03-16,6,1,7,85.71428571428571,827.588204270699
2017-03-17,6,1,7,85.71428571428571,826.3759989464328
2017-03-20,6,1,7,85.71428571428571,828.9385904706244
2017-03-21,6,1,7,85.71428571428571,827.0634711097676
2017-03-22,6,1,7,85.71428571428571,816.5178828243969
2017-03-23,6,1,7,85.71428571428571,817.9743575820632
2017-03-24,6,1,7,85.71428571428571,827.3043994970822
2017-03-27,6,1,7,85.71428571428571,832.0381679638112
2017-03-28,6,1,7,85.71428571428571,835.5897076642401
2017-03-29,6,1,7,85.71428571428571,832.8833656263764
2017-03-30,6,1,7,85.71428571428571,844.7925612156702
2017-03-31,6,1,7,85.71428571428571,855.6014290028119
2017-04-03,7,0,7,100.0,862.1333140515408
2017-04-05,7,0,7,100.0,866.0964989598145
2017-04-06,7,0,7,100.0,857.10365577902
2017-04-07,7,0,7,100.0,856.0561786841223
2017-04-10,7,0,7,100.0,854.250825937145
2017-04-11,7,0,7,100.0,866.834569374541
2017-04-12,7,0,7,100.0,864.9127486540443
2017-04-13,6,1,7,85.71428571428571,863.6639482274682
2017-04-17,6,1,7,85.71428571428571,863.6605209597866
2017-04-18,6,1,7,85.71428571428571,857.001864457278
2017-04-19,7,0,7,100.0,875.0453674500865
2017-04-20,7,0,7,100.0,879.5700736581292
2017-04-21,7,0,7,100.0,895.9328171486729
2017-04-24,7,0,7,100.0,918.2111546817155
2017-04-25,7,0,7,100.0,928.8734977240614
2017-04-26,7,0,7,100.0,923.2574081044015
2017-04-27,7,0,7,100.0,926.5115328042382
2017-04-28,7,0,7,100.0,932.843991223775
2017-05-02,7,0,7,100.0,940.8855461993774
2017-05-03,7,0,7,100.0,938.0608720140275
2017-05-04,7,0,7,100.0,942.8411216310283
2017-05-05,7,0,7,100.0,941.1025557990783
2017-05-08,7,0,7,100.0,945.3881020664978
2017-05-09,7,0,7,100.0,953.7581910561032
2017-05-10,7,0,7,100.0,960.3611470799253
2017-05-11,7,0,7,100.0,953.7058419156386
2017-05-12,7,0,7,100.0,942.5650618854872
2017-05-15,7,0,7,100.0,962.8681322635375
2017-05-16,7,0,7,100.0,957.714950394438
2017-05-17,7,0,7,100.0,948.1703023622944
2017-05-18,7,0,7,100.0,938.5919693013692
2017-05-19,7,0,7,100.0,930.3957270339062
2017-05-22,7,0,7,100.0,927.6581483064833
2017-05-23,7,0,7,100.0,913.8047943622566
2017-05-24,7,0,7,100.0,901.9527043134824
2017-05-25,7,0,7,100.0,942.5901122230833
2017-05-26,7,0,7,100.0,947.9368777422189
2017-05-29,7,0,7,100.0,941.1506191672594
2017-05-30,7,0,7,100.0,943.7716559709659
2017-05-31,6,1,7,85.71428571428571,957.7475752095919
2017-06-01,6,1,7,85.71428571428571,953.1879037156004
2017-06-02,6,1,7,85.71428571428571,954.9127812518531
2017-06-05,6,1,7,85.71428571428571,962.02233719229
2017-06-06,6,1,7,85.71428571428571,959.5681634330026
2017-06-07,6,1,7,85.71428571428571,970.681438105238
2017-06-08,6,1,7,85.71428571428571,991.5247412270752
2017-06-09,6,1,7,85.71428571428571,991.9716070930948
2017-06-12,6,1,7,85.71428571428571,996.807695174258
2017-06-13,6,1,7,85.71428571428571,995.0517376536064
2017-06-14,6,1,7,85.71428571428571,1000.5792644081515
2017-06-15,7,0,7,100.0,1000.9459568677809
2017-06-16,7,0,7,100.0,1014.2350353429877
2017-06-19,7,0,7,100.0,1002.8671919229753
2017-06-20,7,0,7,100.0,998.1414226766801
2017-06-21,7,0,7,100.0,995.6329164336834
2017-06-22,7,0,7,100.0,990.3938556356385
2017-06-23,7,0,7,100.0,984.8447635440442
2017-06-27,6,1,7,85.71428571428571,961.5579411567261
2017-06-28,6,1,7,85.71428571428571,969.2081945669429
2017-06-29,6,1,7,85.71428571428571,970.3239895099449
2017-06-30,7,0,7,100.0,968.9723460141853
2017-07-03,6,1,7,85.71428571428571,976.7866637468378
2017-07-04,6,1,7,85.71428571428571,977.715553422752
2017-07-05,6,1,7,85.71428571428571,978.5908762008088
2017-07-06,6,1,7,85.71428571428571,981.5772332308055
2017-07-07,6,1,7,85.71428571428571,979.1813286667006
2017-07-10,7,0,7,100.0,981.9554501743274
2017-07-11,6,1,7,85.71428571428571,978.7813866173136
2017-07-12,6,1,7,85.71428571428571,979.0030636759166
2017-07-13,6,1,7,85.71428571428571,981.9817877636656
2017-07-14,6,1,7,85.71428571428571,978.9575263023459
2017-07-17,6,1,7,85.71428571428571,989.7714005892087
2017-07-18,6,1,7,85.71428571428571,980.4529867594612
2017-07-19,6,1,7,85.71428571428571,984.6028428601652
2017-07-20,6,1,7,85.71428571428571,978.4799884678723
2017-07-21,6,1,7,85.71428571428571,980.1699622378082
2017-07-24,6,1,7,85.71428571428571,981.0833847452919
2017-07-25,6,1,7,85.71428571428571,981.4698669404187
2017-07-26,6,1,7,85.71428571428571,988.2078000372868
2017-07-27,7,0,7,100.0,988.1235328526069
2017-07-28,6,1,7,85.71428571428571,993.0821235587748
2017-07-31,6,1,7,85.71428571428571,991.7157472506254
2017-08-01,7,0,7,100.0,983.2211754583373
2017-08-02,6,1,7,85.71428571428571,973.9032488020431
2017-08-03,6,1,7,85.71428571428571,964.9426943243396
2017-08-04,6,1,7,85.71428571428571,953.8635504758654
2017-08-07,7,0,7,100.0,964.8939353207699
2017-08-08,6,1,7,85.71428571428571,959.238751016087
2017-08-09,6,1,7,85.71428571428571,953.9454026167382
2017-08-10,6,1,7,85.71428571428571,938.0397078956046
2017-08-11,6,1,7,85.71428571428571,932.0016859136759
2017-08-14,7,0,7,100.0,940.9289800283867
2017-08-16,7,0,7,100.0,939.2532987521779
2017-08-17,7,0,7,100.0,948.7517216958681
2017-08-18,7,0,7,100.0,947.220637499594
2017-08-21,6,1,7,85.71428571428571,946.5823537115197
2017-08-22,6,1,7,85.71428571428571,941.0899267109595
2017-08-23,7,0,7,100.0,956.6252704643564
2017-08-24,7,0,7,100.0,967.8586827714149
2017-08-28,7,0,7,100.0,973.9542939794219
2017-08-29,7,0,7,100.0,969.4925115235186
2017-08-30,7,0,7,100.0,970.5194009777374
2017-08-31,7,0,7,100.0,974.684058557173
2017-09-01,7,0,7,100.0,981.6471032108783
2017-09-04,7,0,7,100.0,974.8488778754122
2017-09-05,7,0,7,100.0,973.8137144369672
2017-09-06,6,1,7,85.71428571428571,970.357554076466
2017-09-07,6,1,7,85.71428571428571,979.92133752629
2017-09-08,7,0,7,100.0,986.6352812098345
2017-09-11,7,0,7,100.0,992.0876814559222
2017-09-12,7,0,7,100.0,999.464285084933
2017-09-13,7,0,7,100.0,992.7377490790096
2017-09-14,6,1,7,85.71428571428571,998.6624883492523
2017-09-15,6,1,7,85.71428571428571,1005.9266320286819
2017-09-18,6,1,7,85.71428571428571,1019.4046526892464
2017-09-19,6,1,7,85.71428571428571,1030.0593830001296
2017-09-20,6,1,7,85.71428571428571,1035.363939968215
2017-09-21,6,1,7,85.71428571428571,1042.6243932628295
2017-09-22,6,1,7,85.71428571428571,1035.1727897981077
2017-09-25,5,2,7,71.42857142857143,1033.6149446477818
2017-09-26,6,1,7,85.71428571428571,1030.7607344896194
2017-09-27,5,2,7,71.42857142857143,1029.4213846422467
2017-09-28,5,2,7,71.42857142857143,1032.0155077546724
2017-09-29,6,1,7,85.71428571428571,1044.6480331049606
2017-10-03,6,1,7,85.71428571428571,1051.1940707484098
2017-10-04,6,1,7,85.71428571428571,1056.7861058099904
2017-10-05,6,1,7,85.71428571428571,1059.4205987208054
2017-10-06,6,1,7,85.71428571428571,1064.5492124700327
2017-10-09,6,1,7,85.71428571428571,1054.491953321021
2017-10-10,5,2,7,71.42857142857143,1074.7770680818523
2017-10-11,6,1,7,85.71428571428571,1062.2608360065765
2017-10-12,6,1,7,85.71428571428571,1066.652492994267
2017-10-13,6,1,7,85.71428571428571,1066.3907385530658
2017-10-16,6,1,7,85.71428571428571,1072.1492635389234
2017-10-17,7,0,7,100.0,1073.508804498576
2017-10-18,7,0,7,100.0,1071.9778354002315
2017-10-19,7,0,7,100.0,1078.8305781596173
2017-10-23,6,1,7,85.71428571428571,1064.422749754254
2017-10-24,6,1,7,85.71428571428571,1065.0349520237105
2017-10-25,6,1,7,85.71428571428571,1062.944772288649
2017-10-26,6,1,7,85.71428571428571,1065.7036834624414
2017-10-27,6,1,7,85.71428571428571,1063.0747288280827
2017-10-30,7,0,7,100.0,1087.1248296111696
2017-10-31,7,0,7,100.0,1099.5106752222366
2017-11-01,7,0,7,100.0,1104.4758828968081
2017-11-02,7,0,7,100.0,1105.4391370894236
2017-11-03,7,0,7,100.0,1103.663419665653
2017-11-06,7,0,7,100.0,1121.2853583368642
2017-11-07,7,0,7,100.0,1119.491391404447
2017-11-08,7,0,7,100.0,1113.5500311431617
2017-11-09,7,0,7,100.0,1135.4912155689578
2017-11-10,7,0,7,100.0,1130.3892708868955
2017-11-13,7,0,7,100.0,1131.4169203283643
2017-11-14,7,0,7,100.0,1123.7086281317465
2017-11-15,7,0,7,100.0,1109.5447393231104
2017-11-16,7,0,7,100.0,1123.9999706210501
2017-11-17,7,0,7,100.0,1120.7789557486178
2017-11-20,7,0,7,100.0,1129.5447323955132
2017-11-21,7,0,7,100.0,1130.0834515774482
2017-11-22,7,0,7,100.0,1128.6754788764556
2017-11-23,7,0,7,100.0,1122.786466613344
2017-11-24,7,0,7,100.0,1126.136778126506
2017-11-27,7,0,7,100.0,1135.0773347108
2017-11-28,7,0,7,100.0,1138.8129667571727
2017-11-29,7,0,7,100.0,1153.6374129065161
2017-11-30,7,0,7,100.0,1162.0170850773923
2017-12-01,7,0,7,100.0,1159.2411638478754
2017-12-04,7,0,7,100.0,1135.0866031200069
2017-12-05,7,0,7,100.0,1140.0326718617193
2017-12-06,7,0,7,100.0,1141.3821414917272
2017-12-07,7,0,7,100.0,1154.7805719528224
2017-12-08,7,0,7,100.0,1162.8971161789468
2017-12-11,7,0,7,100.0,1162.8116438578345
2017-12-12,7,0,7,100.0,1165.6721076572353
2017-12-13,7,0,7,100.0,1154.5731032809429
2017-12-14,7,0,7,100.0,1139.8265158449658
2017-12-15,7,0,7,100.0,1157.1966621643319
2017-12-18,7,0,7,100.0,1161.4575155881919
2017-12-19,7,0,7,100.0,1177.989679970656
2017-12-20,7,0,7,100.0,1184.3807251858693
2017-12-21,7,0,7,100.0,1185.0550340864522
2017-12-22,7,0,7,100.0,1185.5606279443714
2017-12-26,7,0,7,100.0,1187.8595789365395
2017-12-27,7,0,7,100.0,1184.103804391719
2017-12-28,7,0,7,100.0,1182.0591699232375
2017-12-29,7,0,7,100.0,1190.3191186493007
2018-01-01,7,0,7,100.0,1202.5934926435257
2018-01-02,7,0,7,100.0,1196.4394863655577
2018-01-03,7,0,7,100.0,1224.5032492131684
2018-01-04,7,0,7,100.0,1256.4391352771756
2018-01-05,7,0,7,100.0,1252.3154392057884
2018-01-08,7,0,7,100.0,1252.9925513601363
2018-01-09,7,0,7,100.0,1256.1209662231254
2018-01-10,7,0,7,100.0,1254.6292919813534
2018-01-11,7,0,7,100.0,1264.4837101493274
2018-01-12,7,0,7,100.0,1264.9292639601836
2018-01-15,7,0,7,100.0,1263.466452443115
2018-01-16,7,0,7,100.0,1253.856422535525
2018-01-17,7,0,7,100.0,1254.6590093497975
2018-01-18,7,0,7,100.0,1237.2478334891318
2018-01-19,7,0,7,100.0,1246.8317672175544
2018-01-22,7,0,7,100.0,1252.9204884604487
2018-01-23,7,0,7,100.0,1247.7910479054658
2018-01-24,7,0,7,100.0,1242.0057745869747
2018-01-25,7,0,7,100.0,1236.6208797567087
2018-01-29,6,1,7,85.71428571428571,1209.3137031877154
2018-01-30,5,2,7,71.42857142857143,1178.5455380914768
2018-01-31,5,2,7,71.42857142857143,1143.8387922163688
2018-02-01,5,2,7,71.42857142857143,1138.5529190268708
2018-02-02,5,2,7,71.42857142857143,1109.345862695764
2018-02-05,5,2,7,71.42857142857143,1083.3717116508308
2018-02-06,3,4,7,42.857142857142854,1050.3502088682558
2018-02-07,5,2,7,71.42857142857143,1105.3503203178398
2018-02-08,5,2,7,71.42857142857143,1129.0936328699802
2018-02-09,5,2,7,71.42857142857143,1123.0224971841008
2018-02-12,5,2,7,71.42857142857143,1141.1703495707113
2018-02-14,5,2,7,71.42857142857143,1126.2688952485328
2018-02-15,5,2,7,71.42857142857143,1126.247145669358
2018-02-16,5,2,7,71.42857142857143,1114.2743566222914
2018-02-19,5,2,7,71.42857142857143,1102.2251091221747
2018-02-20,5,2,7,71.42857142857143,1095.243099259477
2018-02-21,5,2,7,71.42857142857143,1088.2288082669259
2018-02-22,4,3,7,57.14285714285714,1076.9694602340205
2018-02-23,5,2,7,71.42857142857143,1076.7252922548898
2018-02-26,4,3,7,57.14285714285714,1084.7071325960294
2018-02-27,5,2,7,71.42857142857143,1084.3111047695986
2018-02-28,5,2,7,71.42857142857143,1094.622198675026
2018-03-01,5,2,7,71.42857142857143,1092.6403519038556
2018-03-05,4,3,7,57.14285714285714,1078.4910725418733
2018-03-06,4,3,7,57.14285714285714,1070.2059023271872
2018-03-07,3,4,7,42.857142857142854,1043.9260434439425
2018-03-08,3,4,7,42.857142857142854,1046.3126994792335
2018-03-09,3,4,7,42.857142857142854,1044.466526124678
2018-03-12,3,4,7,42.857142857142854,1044.4385876606086
2018-03-13,4,3,7,57.14285714285714,1068.8601908126059
2018-03-14,5,2,7,71.42857142857143,1072.9705053308833
2018-03-15,4,3,7,57.14285714285714,1078.5409095171779
2018-03-16,4,3,7,57.14285714285714,1066.374107568084
2018-03-19,4,3,7,57.14285714285714,1055.1890866894573
2018-03-20,4,3,7,57.14285714285714,1050.1279016938256
2018-03-21,4,3,7,57.14285714285714,1054.8771465293519
2018-03-22,3,4,7,42.857142857142854,1047.3925353142195
2018-03-23,3,4,7,42.857142857142854,1037.3521996569114
2018-03-26,4,3,7,57.14285714285714,1044.0005892766985
2018-03-27,4,3,7,57.14285714285714,1070.2562720563242
2018-03-28,3,4,7,42.857142857142854,1054.286066483089
2018-04-02,4,3,7,57.14285714285714,1069.8115078540018
2018-04-03,4,3,7,57.14285714285714,1059.5411890358514
2018-04-04,4,3,7,57.14285714285714,1069.7320532055924
2018-04-05,4,3,7,57.14285714285714,1086.0262773412878
2018-04-06,4,3,7,57.14285714285714,1083.8414937559803
2018-04-09,4,3,7,57.14285714285714,1086.9318333138363
2018-04-10,3,4,7,42.857142857142854,1080.1260238489754
2018-04-11,4,3,7,57.14285714285714,1084.921629655871
2018-04-12,4,3,7,57.14285714285714,1085.5247749387727
2018-04-13,4,3,7,57.14285714285714,1090.3098255378843
2018-04-16,3,4,7,42.857142857142854,1076.284405679194
2018-04-17,3,4,7,42.857142857142854,1074.1622471869873
2018-04-18,3,4,7,42.857142857142854,1071.9895592685766
2018-04-19,3,4,7,42.857142857142854,1072.3224712001577
2018-04-20,3,4,7,42.857142857142854,1064.1897317162013
2018-04-23,2,5,7,28.57142857142857,1064.3287687360664
2018-04-24,2,5,7,28.57142857142857,1059.8445258764364
2018-04-25,2,5,7,28.57142857142857,1052.9072198573224
2018-04-26,2,5,7,28.57142857142857,1039.3809702368408
2018-04-27,2,5,7,28.57142857142857,1032.328802520578
2018-04-30,2,5,7,28.57142857142857,1022.7685967044611
2018-05-02,2,5,7,28.57142857142857,1023.529922242237
2018-05-03,2,5,7,28.57142857142857,1002.2604835553816
2018-05-04,2,5,7,28.57142857142857,995.7290449934305
2018-05-07,2,5,7,28.57142857142857,991.8827574376668
2018-05-08,2,5,7,28.57142857142857,987.8105716419699
2018-05-09,2,5,7,28.57142857142857,982.0680135610553
2018-05-10,2,5,7,28.57142857142857,981.989802488285
2018-05-11,2,5,7,28.57142857142857,981.4135964099866
2018-05-14,2,5,7,28.57142857142857,977.3294618577946
2018-05-15,2,5,7,28.57142857142857,971.2083687839959
2018-05-16,1,6,7,14.285714285714285,960.1897995931157
2018-05-17,1,6,7,14.285714285714285,960.0683540496916
2018-05-18,1,6,7,14.285714285714285,945.569710883216
2018-05-21,0,7,7,0.0,930.9072024161385
2018-05-22,0,7,7,0.0,933.6377363519016
2018-05-23,0,7,7,0.0,934.0329268378239
2018-05-24,0,7,7,0.0,927.1945531164015
2018-05-25,0,7,7,0.0,928.8464893584817
2018-05-28,0,7,7,0.0,944.7817907757146
2018-05-29,0,7,7,0.0,942.3076146766869
2018-05-30,0,7,7,0.0,933.040789345628
2018-05-31,0,7,7,0.0,919.1374032707547
2018-06-01,0,7,7,0.0,907.8028762899253
2018-06-04,0,7,7,0.0,892.2686011732711
2018-06-05,0,7,7,0.0,869.2190311181116
2018-06-06,0,7,7,0.0,881.3191916117805
2018-06-07,0,7,7,0.0,888.0715689986804
2018-06-08,0,7,7,0.0,896.6900078663894
2018-06-11,0,7,7,0.0,905.4854905199747
2018-06-12,0,7,7,0.0,907.9471018606421
2018-06-13,0,7,7,0.0,912.9757614586989
2018-06-14,0,7,7,0.0,911.129224989973
2018-06-15,0,7,7,0.0,907.3848399178626
2018-06-18,0,7,7,0.0,902.0964198667583
2018-06-19,0,7,7,0.0,893.5886819675884
2018-06-20,0,7,7,0.0,888.5183230187348
2018-06-21,0,7,7,0.0,885.6686889270153
2018-06-22,0,7,7,0.0,884.3504104616029
2018-06-25,0,7,7,0.0,870.9716811184821
2018-06-26,0,7,7,0.0,860.4768804708538
2018-06-27,0,7,7,0.0,850.7985377267737
2018-06-28,0,7,7,0.0,839.6319574554844
2018-06-29,0,7,7,0.0,840.9922053172439
2018-07-02,0,7,7,0.0,833.2611746653586
2018-07-03,0,7,7,0.0,827.4399336495709
2018-07-04,0,7,7,0.0,822.7148944435628
2018-07-05,0,7,7,0.0,817.95591116125
2018-07-06,0,7,7,0.0,816.9681289916468
2018-07-09,0,7,7,0.0,820.6591282110951
2018-07-10,0,7,7,0.0,822.095369943447
2018-07-11,0,7,7,0.0,825.8091029534929
2018-07-12,0,7,7,0.0,827.5378580027311
2018-07-13,0,7,7,0.0,817.7323938759451
2018-07-16,0,7,7,0.0,796.863169144022
2018-07-17,0,7,7,0.0,801.6042289122979
2018-07-18,0,7,7,0.0,791.8133835838378
2018-07-19,0,7,7,0.0,788.0855890590418
2018-07-20,0,7,7,0.0,776.8253417560567
2018-07-23,0,7,7,0.0,778.5414678938726
2018-07-24,0,7,7,0.0,794.2485274483787
2018-07-25,0,7,7,0.0,798.3428483044188
2018-07-26,0,7,7,0.0,798.747018045035
2018-07-27,0,7,7,0.0,803.2329361731885
2018-07-30,0,7,7,0.0,820.1759672495131
2018-07-31,0,7,7,0.0,831.7593348615258
2018-08-01,0,7,7,0.0,831.8640246572171
2018-08-02,0,7,7,0.0,834.109631787282
2018-08-03,0,7,7,0.0,853.9593929297457
2018-08-06,0,7,7,0.0,870.2324920649543
2018-08-07,0,7,7,0.0,861.0931814640591
2018-08-08,0,7,7,0.0,846.3095766741864
2018-08-09,0,7,7,0.0,835.6484837707477
2018-08-10,0,7,7,0.0,821.2269644072933
2018-08-13,0,7,7,0.0,810.9653629295364
2018-08-14,0,7,7,0.0,811.8791105260581
2018-08-16,0,7,7,0.0,803.7190011029825
2018-08-17,0,7,7,0.0,801.6416778220638
2018-08-20,0,7,7,0.0,801.3693371072849
2018-08-21,0,7,7,0.0,819.5194715807188
2018-08-23,0,7,7,0.0,830.4859024046468
2018-08-24,0,7,7,0.0,827.5315914776272
2018-08-27,0,7,7,0.0,824.5032597717695
2018-08-28,0,7,7,0.0,830.2369296180277
2018-08-29,0,7,7,0.0,833.7959617469683
2018-08-30,0,7,7,0.0,824.7272436038038
2018-08-31,0,7,7,0.0,823.1044212428502
2018-09-03,0,7,7,0.0,818.507514782886
2018-09-04,0,7,7,0.0,805.0259831882199
2018-09-05,0,7,7,0.0,783.7984662780667
2018-09-06,0,7,7,0.0,780.0461992989858
2018-09-07,0,7,7,0.0,784.3927010215336
2018-09-10,0,7,7,0.0,769.4834162155041
2018-09-11,0,7,7,0.0,761.9184370366006
2018-09-12,0,7,7,0.0,755.5603770462086
2018-09-14,0,7,7,0.0,767.8158860293647
2018-09-17,0,7,7,0.0,772.0625817532621
2018-09-18,0,7,7,0.0,758.7300330138937
2018-09-19,0,7,7,0.0,748.5099864076142
2018-09-21,0,7,7,0.0,731.8419488696336
2018-09-24,0,7,7,0.0,728.6317907757218
2018-09-25,0,7,7,0.0,714.139998591791
2018-09-26,0,7,7,0.0,713.2112091600676
2018-09-27,0,7,7,0.0,707.3741483453337
2018-09-28,0,7,7,0.0,673.3366846477263
2018-10-01,0,7,7,0.0,665.5747130837597
2018-10-03,0,7,7,0.0,664.3033878744367
2018-10-04,0,7,7,0.0,648.015325111121
2018-10-05,0,7,7,0.0,633.23696265708
2018-10-08,0,7,7,0.0,622.7900679615161
2018-10-09,0,7,7,0.0,621.1760194798293
2018-10-10,0,7,7,0.0,645.1469115600468
2018-10-11,0,7,7,0.0,637.8127855621866
2018-10-12,0,7,7,0.0,646.4656151882461
2018-10-15,0,7,7,0.0,650.5861607060172
2018-10-16,0,7,7,0.0,670.5488158290879
2018-10-17,0,7,7,0.0,653.2501352517254
2018-10-19,0,7,7,0.0,638.9445981683474
2018-10-22,0,7,7,0.0,621.7807716962477
2018-10-23,0,7,7,0.0,607.372394511105
2018-10-24,0,7,7,0.0,610.0460559855252
2018-10-25,0,7,7,0.0,614.205871196811
2018-10-26,0,7,7,0.0,627.059808529105
2018-10-29,0,7,7,0.0,631.1445131682167
2018-10-30,0,7,7,0.0,634.8953712248016
2018-10-31,0,7,7,0.0,644.9379157234105
2018-11-01,0,7,7,0.0,653.1803452455815
2018-11-02,0,7,7,0.0,652.8619439511992
2018-11-05,0,7,7,0.0,649.2942371757089
2018-11-06,0,7,7,0.0,644.5317045760738
2018-11-07,0,7,7,0.0,654.8330571701379
2018-11-09,0,7,7,0.0,661.5837316364755
2018-11-12,0,7,7,0.0,651.7424294284369
2018-11-13,0,7,7,0.0,647.4539882539594
2018-11-14,0,7,7,0.0,642.3948938026882
2018-11-15,0,7,7,0.0,642.2822521530632
2018-11-16,0,7,7,0.0,644.9249745074076
2018-11-19,0,7,7,0.0,641.3360468431794
2018-11-20,0,7,7,0.0,636.5617953554528
2018-11-21,0,7,7,0.0,634.8289440997141
2018-11-22,0,7,7,0.0,634.373150427822
2018-11-26,0,7,7,0.0,638.8209183243762
2018-11-27,0,7,7,0.0,647.4661092345713
2018-11-28,0,7,7,0.0,642.8492179960898
2018-11-29,0,7,7,0.0,641.6603000722184
2018-11-30,0,7,7,0.0,636.992399891113
2018-12-03,0,7,7,0.0,640.1764655795753
2018-12-04,0,7,7,0.0,643.7270732491988
2018-12-05,0,7,7,0.0,639.1088023788069
2018-12-06,0,7,7,0.0,640.4521287574191
2018-12-07,0,7,7,0.0,640.5748868091111
2018-12-10,0,7,7,0.0,628.2204548110766
2018-12-11,0,7,7,0.0,633.543223822515
2018-12-12,0,7,7,0.0,645.7904806833653
2018-12-13,0,7,7,0.0,647.9525915698672
2018-12-14,0,7,7,0.0,654.0670678585361
2018-12-17,0,7,7,0.0,660.816230967677
2018-12-18,0,7,7,0.0,658.2072351669611
2018-12-19,0,7,7,0.0,667.3383974133028
2018-12-20,1,6,7,14.285714285714285,675.0389386361359
2018-12-21,1,6,7,14.285714285714285,672.9930920233484
2018-12-24,1,6,7,14.285714285714285,660.3010808154111
2018-12-26,1,6,7,14.285714285714285,657.8843268516537
2018-12-27,1,6,7,14.285714285714285,657.5261330768893
2018-12-28,1,6,7,14.285714285714285,661.5686120216548
2018-12-31,2,5,7,28.57142857142857,677.5425813039325
2019-01-01,1,6,7,14.285714285714285,675.7215092542634
2019-01-02,1,6,7,14.285714285714285,675.785269028631
2019-01-03,1,6,7,14.285714285714285,677.6279953655621
2019-01-04,1,6,7,14.285714285714285,681.7328967420708
2019-01-07,1,6,7,14.285714285714285,688.4624592281914
2019-01-08,1,6,7,14.285714285714285,690.0517258754423
2019-01-09,1,6,7,14.285714285714285,688.1529274849938
2019-01-10,1,6,7,14.285714285714285,693.59590921016
2019-01-11,1,6,7,14.285714285714285,686.7623701823698
2019-01-14,1,6,7,14.285714285714285,690.7741867805103
2019-01-15,1,6,7,14.285714285714285,693.8499056704732
2019-01-16,1,6,7,14.285714285714285,696.1199225459126
2019-01-17,1,6,7,14.285714285714285,699.6361678567681
2019-01-18,1,6,7,14.285714285714285,694.4025969510786
2019-01-21,1,6,7,14.285714285714285,680.785704007937
2019-01-22,1,6,7,14.285714285714285,674.906746536908
2019-01-23,1,6,7,14.285714285714285,677.7672025767203
2019-01-24,1,6,7,14.285714285714285,668.1465733107576
2019-01-25,1,6,7,14.285714285714285,657.6075648371946
2019-01-28,1,6,7,14.285714285714285,641.530085856076
2019-01-29,1,6,7,14.285714285714285,645.6278132013175
2019-01-30,1,6,7,14.285714285714285,644.1374967746126
2019-01-31,1,6,7,14.285714285714285,644.4278126288882
2019-02-01,1,6,7,14.285714285714285,651.7716828465644
2019-02-04,1,6,7,14.285714285714285,639.3151561760807
2019-02-05,1,6,7,14.285714285714285,638.2123065642008
2019-02-06,1,6,7,14.285714285714285,644.2963942267428
2019-02-07,1,6,7,14.285714285714285,653.2351487818671
2019-02-08,1,6,7,14.285714285714285,651.1995613405672
2019-02-11,1,6,7,14.285714285714285,636.8610991408215
2019-02-12,1,6,7,14.285714285714285,624.1023450479854
2019-02-13,1,6,7,14.285714285714285,622.5483300118154
2019-02-14,1,6,7,14.285714285714285,624.6413987817657
2019-02-15,1,6,7,14.285714285714285,624.8354913891544
2019-02-18,1,6,7,14.285714285714285,614.4093629373372
2019-02-19,1,6,7,14.285714285714285,615.5764911585771
2019-02-20,1,6,7,14.285714285714285,618.2956802559405
2019-02-21,1,6,7,14.285714285714285,626.0623400218077
2019-02-22,1,6,7,14.285714285714285,629.6360600532753
2019-02-25,1,6,7,14.285714285714285,649.013134214153
2019-02-26,1,6,7,14.285714285714285,651.7770149127608
2019-02-27,1,6,7,14.285714285714285,652.937911774088
2019-02-28,1,6,7,14.285714285714285,659.5398874237472
2019-03-01,1,6,7,14.285714285714285,689.1684709412523
2019-03-05,1,6,7,14.285714285714285,709.9526427947246
2019-03-06,1,6,7,14.285714285714285,714.345540988239
2019-03-07,1,6,7,14.285714285714285,717.9281856918057
2019-03-08,1,6,7,14.285714285714285,720.5693970236722
2019-03-11,2,5,7,28.57142857142857,736.2050795104996
2019-03-12,2,5,7,28.57142857142857,744.5491271649689
2019-03-13,2,5,7,28.57142857142857,740.4888384793268
2019-03-14,2,5,7,28.57142857142857,733.4795278013638
2019-03-15,2,5,7,28.57142857142857,720.8798363957792
2019-03-18,2,5,7,28.57142857142857,731.9611975881833
2019-03-19,3,4,7,42.857142857142854,734.5391471480217
2019-03-20,4,3,7,57.14285714285714,734.4153085732623
2019-03-22,4,3,7,57.14285714285714,734.4781626330198
2019-03-25,3,4,7,42.857142857142854,729.1541052246598
2019-03-26,4,3,7,57.14285714285714,728.8540465835661
2019-03-27,5,2,7,71.42857142857143,734.5382244996904
2019-03-28,5,2,7,71.42857142857143,742.7438071493453
2019-03-29,5,2,7,71.42857142857143,769.4405478238807
2019-04-01,5,2,7,71.42857142857143,781.3512573950813
2019-04-02,5,2,7,71.42857142857143,782.0632653313597
2019-04-03,5,2,7,71.42857142857143,776.5914893712019
2019-04-04,5,2,7,71.42857142857143,765.9429005078958
2019-04-05,6,1,7,85.71428571428571,785.2859888807592
2019-04-08,6,1,7,85.71428571428571,785.3356612689898
2019-04-09,6,1,7,85.71428571428571,804.0509445907968
2019-04-10,5,2,7,71.42857142857143,793.7667492443361
2019-04-11,5,2,7,71.42857142857143,781.5605575092959
2019-04-12,5,2,7,71.42857142857143,784.4264537620949
2019-04-15,5,2,7,71.42857142857143,787.7890496515226
2019-04-16,6,1,7,85.71428571428571,802.8681892464978
2019-04-18,6,1,7,85.71428571428571,798.4585824138662
2019-04-22,5,2,7,71.42857142857143,790.5732714115055
2019-04-23,6,1,7,85.71428571428571,796.3677742284739
2019-04-24,6,1,7,85.71428571428571,798.0757643373419
2019-04-25,6,1,7,85.71428571428571,801.4046549618826
2019-04-26,6,1,7,85.71428571428571,790.16171122763
2019-04-30,6,1,7,85.71428571428571,792.0735296794228
2019-05-02,6,1,7,85.71428571428571,781.9131950163144
2019-05-03,6,1,7,85.71428571428571,778.5738241117679
2019-05-06,5,2,7,71.42857142857143,765.6465684424248
2019-05-07,5,2,7,71.42857142857143,755.2544110496628
2019-05-08,5,2,7,71.42857142857143,749.397552709465
2019-05-09,4,3,7,57.14285714285714,742.4073373350809
2019-05-10,5,2,7,71.42857142857143,741.8281925225521
2019-05-13,4,3,7,57.14285714285714,743.1637466923763
2019-05-14,4,3,7,57.14285714285714,745.5376090179041
2019-05-15,4,3,7,57.14285714285714,748.8547932117831
2019-05-16,4,3,7,57.14285714285714,747.653666972829
2019-05-17,4,3,7,57.14285714285714,745.3462718935106
2019-05-20,4,3,7,57.14285714285714,774.7442293346385
2019-05-21,4,3,7,57.14285714285714,765.5072752701436
2019-05-22,5,2,7,71.42857142857143,770.8808063916614
2019-05-23,5,2,7,71.42857142857143,784.399104921783
2019-05-24,5,2,7,71.42857142857143,808.2081470223048
2019-05-27,6,1,7,85.71428571428571,827.0502695403603
2019-05-28,6,1,7,85.71428571428571,835.412900679902
2019-05-29,6,1,7,85.71428571428571,829.1725886796819
2019-05-30,6,1,7,85.71428571428571,829.4968211580707
2019-05-31,6,1,7,85.71428571428571,825.7623320312903
2019-06-03,6,1,7,85.71428571428571,828.5612864241605
2019-06-04,6,1,7,85.71428571428571,822.4440478614086
2019-06-06,6,1,7,85.71428571428571,813.5614952052151
2019-06-07,6,1,7,85.71428571428571,800.1507684219787
2019-06-10,6,1,7,85.71428571428571,805.0517254593173
2019-06-11,6,1,7,85.71428571428571,802.7214915740134
2019-06-12,5,2,7,71.42857142857143,792.872139865458
2019-06-13,5,2,7,71.42857142857143,789.036325625959
2019-06-14,5,2,7,71.42857142857143,782.610825795129
2019-06-17,5,2,7,71.42857142857143,772.3615368124987
2019-06-18,5,2,7,71.42857142857143,769.7763280329189
2019-06-19,5,2,7,71.42857142857143,765.2424029861733
2019-06-20,5,2,7,71.42857142857143,766.6581094259824
2019-06-21,5,2,7,71.42857142857143,756.0169474943168
2019-06-24,5,2,7,71.42857142857143,754.0171348746917
2019-06-25,5,2,7,71.42857142857143,736.8577515638747
2019-06-26,5,2,7,71.42857142857143,733.7106122755589
2019-06-27,5,2,7,71.42857142857143,728.919835116789
2019-06-28,5,2,7,71.42857142857143,725.6319299315645
2019-07-01,5,2,7,71.42857142857143,729.824865151703
2019-07-02,5,2,7,71.42857142857143,731.1401500239447
2019-07-03,5,2,7,71.42857142857143,739.6586940560828
2019-07-04,5,2,7,71.42857142857143,741.9534533133658
2019-07-05,5,2,7,71.42857142857143,726.8192587649382
2019-07-08,5,2,7,71.42857142857143,711.7817736187089
2019-07-09,5,2,7,71.42857142857143,704.2498207903311
2019-07-10,5,2,7,71.42857142857143,689.8685079761259
2019-07-11,5,2,7,71.42857142857143,682.4316515540282
2019-07-12,5,2,7,71.42857142857143,682.1415971563629
2019-07-15,5,2,7,71.42857142857143,664.2389047876895
2019-07-16,4,3,7,57.14285714285714,654.7399155441166
2019-07-17,4,3,7,57.14285714285714,646.1107825034546
2019-07-18,4,3,7,57.14285714285714,626.3605889622976
2019-07-19,4,3,7,57.14285714285714,612.1497029158028
2019-07-22,2,5,7,28.57142857142857,606.8721870215558
2019-07-23,2,5,7,28.57142857142857,608.8440253237136
2019-07-24,2,5,7,28.57142857142857,593.1734634537249
2019-07-25,2,5,7,28.57142857142857,587.8125097657263
2019-07-26,2,5,7,28.57142857142857,582.8810610477103
2019-07-29,2,5,7,28.57142857142857,576.570755703661
2019-07-30,1,6,7,14.285714285714285,562.8496243960977
2019-07-31,1,6,7,14.285714285714285,558.7739025162177
2019-08-01,1,6,7,14.285714285714285,543.0920330917586
2019-08-02,0,7,7,0.0,530.2518005506205
2019-08-05,0,7,7,0.0,516.1084272422991
2019-08-06,0,7,7,0.0,526.8573692370625
2019-08-07,0,7,7,0.0,531.9554882115133
2019-08-08,0,7,7,0.0,541.3110490129773
2019-08-09,0,7,7,0.0,560.1377709164319
2019-08-13,0,7,7,0.0,564.1524671445123
2019-08-14,1,6,7,14.285714285714285,567.513528396918
2019-08-16,0,7,7,0.0,570.7442452413616
2019-08-19,0,7,7,0.0,575.1015514174918
2019-08-20,1,6,7,14.285714285714285,572.3478868148704
2019-08-21,0,7,7,0.0,558.6145502602607
2019-08-22,1,6,7,14.285714285714285,548.5210546995913
2019-08-23,0,7,7,0.0,550.237470211433
2019-08-26,0,7,7,0.0,555.2613785815419
2019-08-27,0,7,7,0.0,561.8284881465962
2019-08-28,0,7,7,0.0,552.7627461511065
2019-08-29,0,7,7,0.0,553.6939077334887
2019-08-30,0,7,7,0.0,554.7011579762662
2019-09-03,0,7,7,0.0,548.645938591625
2019-09-04,0,7,7,0.0,547.6966126538723
2019-09-05,0,7,7,0.0,552.3193405177092
2019-09-06,1,6,7,14.285714285714285,558.5324402404035
2019-09-09,1,6,7,14.285714285714285,546.3987575255392
2019-09-11,1,6,7,14.285714285714285,545.5795007129371
2019-09-12,1,6,7,14.285714285714285,552.602721860447
2019-09-13,1,6,7,14.285714285714285,567.094745216501
2019-09-16,1,6,7,14.285714285714285,572.9144839589686
2019-09-17,1,6,7,14.285714285714285,559.9591620044271
2019-09-18,1,6,7,14.285714285714285,558.720510389932
2019-09-19,1,6,7,14.285714285714285,551.6050555552612
2019-09-20,3,4,7,42.857142857142854,570.2698361959451
2019-09-23,4,3,7,57.14285714285714,582.5657222861937
2019-09-24,4,3,7,57.14285714285714,584.0108319314686
2019-09-25,4,3,7,57.14285714285714,576.6751441824947
2019-09-26,4,3,7,57.14285714285714,573.2153558212864
2019-09-27,4,3,7,57.14285714285714,577.4913634813903
2019-10-01,4,3,7,57.14285714285714,577.4913634813903
2019-10-03,2,5,7,28.57142857142857,573.6205638585129
2019-10-04,3,4,7,42.857142857142854,573.2079295479053
2019-10-07,2,5,7,28.57142857142857,564.7608964225324
2019-10-09,4,3,7,57.14285714285714,569.853038416165
2019-10-10,3,4,7,42.857142857142854,565.2408301050377
2019-10-11,2,5,7,28.57142857142857,563.1640935679901
2019-10-14,2,5,7,28.57142857142857,558.2909697048343
2019-10-15,3,4,7,42.857142857142854,552.9528654699449
2019-10-16,3,4,7,42.857142857142854,550.0022053681733
2019-10-17,3,4,7,42.857142857142854,545.6641164368973
2019-10-18,4,3,7,57.14285714285714,556.4728329748922
2019-10-22,4,3,7,57.14285714285714,560.7171357170527
2019-10-23,4,3,8,57.14285714285714,559.6472301958554
2019-10-24,2,5,8,28.57142857142857,547.2533060055355
2019-10-25,3,4,8,42.857142857142854,541.4728842159261
2019-10-27,4,3,8,57.14285714285714,544.1742681285501
2019-10-29,4,3,8,57.14285714285714,543.5735987721716
2019-10-30,3,4,8,42.857142857142854,539.370174117422
2019-10-31,5,2,8,71.42857142857143,540.1723810442738
2019-11-01,5,2,8,71.42857142857143,550.0861707815127
2019-11-04,5,2,8,71.42857142857143,554.1422182917978
2019-11-05,3,4,8,42.857142857142854,549.8125300150999
2019-11-06,3,4,8,42.857142857142854,542.3893245897688
2019-11-07,3,4,8,42.857142857142854,553.773105486341
2019-11-08,3,4,8,42.857142857142854,564.934763784135
2019-11-11,3,4,8,42.857142857142854,583.4934897227805
2019-11-13,3,4,8,42.857142857142854,586.3672825157909
2019-11-14,3,4,8,42.857142857142854,590.1599890553267
2019-11-15,3,4,8,42.857142857142854,592.4889881094768
2019-11-18,3,4,8,42.857142857142854,592.234827366965
2019-11-19,3,4,8,42.857142857142854,599.2643670407552
2019-11-20,3,4,8,42.857142857142854,599.9970699320253
2019-11-21,3,4,8,42.857142857142854,605.0662238868786
2019-11-22,3,4,8,42.857142857142854,601.3109598744559
2019-11-25,3,4,8,42.857142857142854,613.8038602360214
2019-11-26,3,4,8,42.857142857142854,616.05701926839
2019-11-27,3,4,8,42.857142857142854,613.5081659827778
2019-11-28,3,4,8,42.857142857142854,607.4822082014956
2019-11-29,3,4,8,42.857142857142854,616.4183766025582
2019-12-02,3,4,8,42.857142857142854,613.8902293859595
2019-12-03,3,4,8,42.857142857142854,610.5623653605953
2019-12-04,3,4,8,42.857142857142854,612.4156831913724
2019-12-05,3,4,8,42.857142857142854,610.6106278712206
2019-12-06,3,4,8,42.857142857142854,606.8265950381599
2019-12-09,3,4,8,42.857142857142854,608.023442564521
2019-12-10,2,5,8,28.57142857142857,600.3041750868133
2019-12-11,2,5,8,28.57142857142857,599.5471568125869
2019-12-12,2,5,8,28.57142857142857,607.5351390860095
2019-12-13,3,4,8,42.857142857142854,608.556584265064
2019-12-16,3,4,8,42.857142857142854,605.0896182519873
2019-12-17,3,4,8,42.857142857142854,602.4446747749865
2019-12-18,2,5,8,28.57142857142857,601.0049810336421
2019-12-19,3,4,8,42.857142857142854,596.1644775809871
2019-12-20,2,5,8,28.57142857142857,597.2831582872692
2019-12-23,2,5,8,28.57142857142857,599.9040344581695
2019-12-24,2,5,8,28.57142857142857,602.5236533823094
2019-12-26,2,5,8,28.57142857142857,604.9657402267227
2019-12-27,3,4,8,42.857142857142854,607.6262046019176
2019-12-30,2,5,8,28.57142857142857,611.8019640784001
2019-12-31,3,4,8,42.857142857142854,614.4727096947558
2020-01-01,4,3,8,57.14285714285714,620.4382721773284
2020-01-02,3,4,8,42.857142857142854,637.8538369252607
2020-01-03,4,3,8,57.14285714285714,638.1523133042709
2020-01-06,3,4,8,42.857142857142854,630.3861166078109
2020-01-07,3,4,8,42.857142857142854,641.6876123744286
2020-01-08,3,4,8,42.857142857142854,638.3122226040998
2020-01-09,4,3,8,57.14285714285714,645.3332616649775
2020-01-10,4,3,8,57.14285714285714,640.3568500915026
2020-01-13,3,4,8,42.857142857142854,635.7002121459398
2020-01-14,4,3,8,57.14285714285714,643.6524335859342
2020-01-15,4,3,8,57.14285714285714,642.0349391668049
2020-01-16,4,3,8,57.14285714285714,653.6081493871691
2020-01-17,4,3,8,57.14285714285714,661.8974493812221
2020-01-20,4,3,8,57.14285714285714,664.728384062891
2020-01-21,4,3,8,57.14285714285714,673.9407544718914
2020-01-22,5,2,8,71.42857142857143,676.2768999402322
2020-01-23,4,3,8,57.14285714285714,674.1417612832153
2020-01-24,5,2,8,71.42857142857143,675.5089803126698
2020-01-27,5,2,8,71.42857142857143,673.5610670731809
2020-01-28,5,2,8,71.42857142857143,666.5608499898566
2020-01-29,5,2,8,71.42857142857143,670.962272542261
2020-01-30,5,2,8,71.42857142857143,671.3911567742496
2020-01-31,5,2,8,71.42857142857143,665.3672488636221
2020-02-01,3,4,8,42.857142857142854,649.9494968739061
2020-02-03,3,4,8,42.857142857142854,646.4254251310613
2020-02-04,4,3,8,57.14285714285714,659.0102377386545
2020-02-05,3,4,8,42.857142857142854,647.4708453910849
2020-02-06,3,4,8,42.857142857142854,646.0000960523223
2020-02-07,3,4,8,42.857142857142854,647.760607591498
2020-02-10,2,5,8,28.57142857142857,646.3650256298154
2020-02-11,2,5,8,28.57142857142857,640.7173973641355
2020-02-12,3,4,8,42.857142857142854,636.4451066301799
2020-02-13,2,5,8,28.57142857142857,637.3314332774548
2020-02-14,2,5,8,28.57142857142857,637.9115080317122
2020-02-17,1,6,8,14.285714285714285,628.9224861400626
2020-02-18,1,6,8,14.285714285714285,623.2611940279907
2020-02-19,1,6,8,14.285714285714285,625.7034940186777
2020-02-20,2,5,8,28.57142857142857,627.956884432391
2020-02-24,2,5,8,28.57142857142857,614.0824302246668
2020-02-25,2,5,8,28.57142857142857,621.0717879299672
2020-02-26,3,4,8,42.857142857142854,615.756793546937
2020-02-27,2,5,8,28.57142857142857,610.2850463182797
2020-02-28,2,5,8,28.57142857142857,588.87259310562
2020-03-02,2,5,8,28.57142857142857,586.3036877596611
2020-03-03,3,4,8,42.857142857142854,583.2767733833799
2020-03-04,2,5,8,28.57142857142857,568.5171173507023
2020-03-05,2,5,8,28.57142857142857,559.3859267950278
2020-03-06,2,5,8,28.57142857142857,548.2050451854643
2020-03-09,2,5,8,28.57142857142857,532.7389309325532
2020-03-11,1,6,8,14.285714285714285,524.8885521533851
2020-03-12,0,7,8,0.0,482.030519788024
2020-03-13,0,7,8,0.0,478.8755369555888
2020-03-16,0,7,8,0.0,454.7331313150247
2020-03-17,0,7,8,0.0,441.79802873594144
2020-03-18,0,7,8,0.0,422.42201802796393
2020-03-19,0,7,8,0.0,408.72710774974183
2020-03-20,0,7,8,0.0,432.09778218343837
2020-03-23,0,7,8,0.0,379.70753550136396
2020-03-24,0,7,8,0.0,374.01597145680637
2020-03-25,0,7,8,0.0,376.7700977283201
2020-03-26,0,7,8,0.0,395.7582848129811
2020-03-27,0,7,8,0.0,399.97764749382753
2020-03-30,0,7,8,0.0,386.6783406919543
2020-03-31,0,7,8,0.0,396.3235882254937
2020-04-01,0,7,8,0.0,392.8900044276884
2020-04-03,0,7,8,0.0,387.99937620164246
2020-04-07,0,7,8,0.0,403.52478275528415
2020-04-08,0,7,8,0.0,401.13038990157037
2020-04-09,0,7,8,0.0,418.4567861812978
2020-04-13,0,7,8,0.0,412.5809702448254
2020-04-15,0,7,8,0.0,422.54746262175865
2020-04-16,0,7,8,0.0,419.71650254816535
2020-04-17,0,7,8,0.0,439.92225349644053
2020-04-20,0,7,8,0.0,450.5777390922246
2020-04-21,0,7,8,0.0,438.8960508541129
2020-04-22,0,7,8,0.0,437.2968574253019
2020-04-23,0,7,8,0.0,448.2646217910048
2020-04-24,0,7,8,0.0,449.1205050670822
2020-04-27,0,7,8,0.0,444.6009350404437
2020-04-28,0,7,8,0.0,437.0469466773309
2020-04-29,0,7,8,0.0,447.87770405791525
2020-04-30,0,7,8,0.0,456.2927099610893
2020-05-04,0,7,8,0.0,431.77074758344435
2020-05-05,0,7,8,0.0,423.3381908469165
2020-05-06,0,7,8,0.0,417.8530596398523
2020-05-07,0,7,8,0.0,411.5181153520102
2020-05-08,0,7,8,0.0,409.2510158516714
2020-05-11,0,7,8,0.0,410.7681931289823
2020-05-12,0,7,8,0.0,404.0770914073325
2020-05-13,0,7,8,0.0,415.4062198145239
2020-05-14,0,7,8,0.0,418.4951284077065
2020-05-15,0,7,8,0.0,412.16351099412157
2020-05-18,0,7,8,0.0,396.62047979232545
2020-05-19,0,7,8,0.0,399.57461081920644
2020-05-20,0,7,8,0.0,400.59421715668077
2020-05-21,0,7,8,0.0,405.06615268916096
2020-05-22,0,7,8,0.0,401.4737380296454
2020-05-26,0,7,8,0.0,404.71967825773436
2020-05-27,0,7,8,0.0,403.8352908366008
2020-05-28,0,7,8,0.0,412.93680167913374
2020-05-29,0,7,8,0.0,421.6246334066123
2020-06-01,1,7,8,12.5,434.3489096743782
2020-06-02,1,7,8,12.5,442.6153543538911
2020-06-03,1,7,8,12.5,453.31148268584036
2020-06-04,1,7,8,12.5,453.8600630609096
2020-06-05,2,6,8,25.0,470.46119375655763
2020-06-08,2,6,8,25.0,469.58390944094015
2020-06-09,2,6,8,25.0,462.4586636354339
2020-06-10,2,6,8,25.0,459.5105922645882
2020-06-11,2,6,8,25.0,451.6841828017108
2020-06-12,2,6,8,25.0,451.3380308961203
2020-06-15,2,6,8,25.0,454.7494635082013
2020-06-16,1,7,8,12.5,446.6807370254225
2020-06-17,2,6,8,25.0,448.5796366597229
2020-06-18,2,6,8,25.0,465.81755433198106
2020-06-19,2,6,8,25.0,482.986577656651
2020-06-22,2,6,8,25.0,498.01887778854336
2020-06-23,2,6,8,25.0,507.996334447789
2020-06-24,2,6,8,25.0,498.8268489328432
2020-06-25,3,5,8,37.5,498.61605900879545
2020-06-26,3,5,8,37.5,493.84336378080167
2020-06-29,0,8,8,0.0,482.03007752239193
2020-06-30,0,8,8,0.0,479.17941737877516
2020-07-01,1,7,8,12.5,481.37969710013937
2020-07-02,1,7,8,12.5,490.7941911174281
2020-07-03,1,7,8,12.5,495.9919460947123
2020-07-06,1,7,8,12.5,498.2691593221282
2020-07-07,1,7,8,12.5,499.17462601613244
2020-07-08,2,6,8,25.0,502.6423522042352
2020-07-09,1,7,8,12.5,494.50974350157185
2020-07-10,1,7,8,12.5,492.0089183586831
2020-07-13,1,7,8,12.5,492.5577103235573
2020-07-14,1,7,8,12.5,486.42910976761823
2020-07-15,1,7,8,12.5,484.79000663611043
2020-07-16,1,7,8,12.5,481.45360707394894
2020-07-17,1,7,8,12.5,486.1642078840971
2020-07-20,1,7,8,12.5,493.713872226824
2020-07-21,1,7,8,12.5,493.21593071892755
2020-07-22,1,7,8,12.5,492.9112823269822
2020-07-23,1,7,8,12.5,493.5527875675021
2020-07-24,1,7,8,12.5,494.8356635222581
2020-07-27,1,7,8,12.5,497.37760213985405
2020-07-28,1,7,8,12.5,500.03918046614933
2020-07-29,1,7,8,12.5,500.86465304153904
2020-07-30,1,7,8,12.5,493.99608862963225
2020-07-31,1,7,8,12.5,495.4595302300359
2020-08-03,1,7,8,12.5,492.81163058693267
2020-08-04,1,7,8,12.5,502.83341973639574
2020-08-05,1,7,8,12.5,502.1319851601561
2020-08-06,1,7,8,12.5,506.5373207514625
2020-08-07,2,6,8,25.0,510.8664460152569
2020-08-10,2,6,8,25.0,516.6868772369011
2020-08-11,2,6,8,25.0,526.7090252118588
2020-08-12,2,6,8,25.0,529.5638311099714
2020-08-13,2,6,8,25.0,532.7454884667363
2020-08-14,2,6,8,25.0,528.7337912105434
2020-08-17,2,6,8,25.0,536.1647452039658
2020-08-18,3,5,8,37.5,548.4868848824116
2020-08-19,3,5,8,37.5,553.3714226181615
2020-08-20,4,4,8,50.0,559.6182302441216
2020-08-21,6,2,8,75.0,580.9023379210814
2020-08-24,7,1,8,87.5,599.1466538802597
2020-08-25,6,2,8,75.0,593.2447790962351
2020-08-26,6,2,8,75.0,596.6448322870963
2020-08-27,7,1,8,87.5,606.2789480642164
2020-08-28,6,2,8,75.0,598.3212102997422
2020-08-31,5,3,8,62.5,576.7098753888818
2020-09-01,5,3,8,62.5,574.1215312351692
2020-09-02,5,3,8,62.5,577.5167638364449
2020-09-03,6,2,8,75.0,577.4246703722791
2020-09-04,6,2,8,75.0,581.7022860100437
2020-09-07,6,2,8,75.0,582.0823297815372
2020-09-08,5,3,8,62.5,572.9493125664736
2020-09-09,4,4,8,50.0,556.0579262209321
2020-09-10,5,3,8,62.5,567.34751140496
2020-09-11,6,2,8,75.0,574.2998740933735
2020-09-14,6,2,8,75.0,607.4870347500968
2020-09-15,6,2,8,75.0,624.982925240717
2020-09-16,6,2,8,75.0,633.6227001730042
2020-09-17,6,2,8,75.0,628.2791614533594
2020-09-18,6,2,8,75.0,619.5868925088291
2020-09-21,5,3,8,62.5,604.6209687009787
2020-09-22,5,3,8,62.5,589.8554386440103
2020-09-23,5,3,8,62.5,588.6837034372172
2020-09-24,5,3,8,62.5,565.4005675066156
2020-09-25,5,3,8,62.5,587.9413831583234
2020-09-28,5,3,8,62.5,594.4357524904296
2020-09-29,5,3,8,62.5,598.7456032824007
2020-09-30,5,3,8,62.5,608.0984935370261
2020-10-01,6,2,8,75.0,617.879324113399
2020-10-05,6,2,8,75.0,622.818308038092
2020-10-06,6,2,8,75.0,642.4568485802297
2020-10-07,6,2,8,75.0,655.1001016141956
2020-10-08,6,2,8,75.0,657.6350311295843
2020-10-09,7,1,8,87.5,662.1526593247668
2020-10-12,6,2,8,75.0,646.8870648671353
2020-10-13,6,2,8,75.0,643.700402976976
2020-10-14,6,2,8,75.0,652.8678173161315
2020-10-15,6,2,8,75.0,644.4639282825518
2020-10-16,7,1,8,87.5,654.1337092399297
2020-10-19,7,1,8,87.5,665.0671216970745
2020-10-20,6,2,8,75.0,666.5883175927078
2020-10-21,6,2,8,75.0,686.8688543976095
2020-10-22,6,2,8,75.0,697.0401992161889
2020-10-23,6,2,8,75.0,705.2662818712704
2020-10-26,6,2,8,75.0,699.0928653090455
2020-10-27,6,2,8,75.0,695.2375081376018
2020-10-28,6,2,8,75.0,694.5284621332546
2020-10-29,6,2,8,75.0,683.5305483276622
2020-10-30,6,2,8,75.0,690.2448598297124
2020-11-02,6,2,8,75.0,696.6137885684481
2020-11-03,6,2,8,75.0,702.6253972526081
2020-11-04,6,2,8,75.0,706.5088851150618
2020-11-05,6,2,8,75.0,721.4193347223022
2020-11-06,6,2,8,75.0,735.3649231327184
2020-11-09,6,2,8,75.0,747.6718194066325
2020-11-10,6,2,8,75.0,733.5329144273398
2020-11-11,6,2,8,75.0,731.4864516527026
2020-11-12,6,2,8,75.0,734.3886788223937
2020-11-13,7,1,8,87.5,764.6531963880833
2020-11-14,7,1,8,87.5,778.6944578912337
2020-11-17,7,1,8,87.5,785.148669135578
2020-11-18,7,1,8,87.5,784.364036935525
2020-11-19,7,1,8,87.5,775.1421667292683
2020-11-20,7,1,8,87.5,778.0808717613634
2020-11-23,7,1,8,87.5,780.3132374671807
2020-11-24,8,0,8,100.0,803.3432414937396
2020-11-25,8,0,8,100.0,819.2507644104028
2020-11-26,8,0,8,100.0,841.0187102023556
2020-11-27,8,0,8,100.0,870.9118618233059
2020-12-01,8,0,8,100.0,905.382709533469
2020-12-02,8,0,8,100.0,901.8837350695376
2020-12-03,8,0,8,100.0,910.2566560583632
2020-12-04,8,0,8,100.0,927.8815217409436
2020-12-07,8,0,8,100.0,945.1297373698925
2020-12-08,8,0,8,100.0,936.7229534170522
2020-12-09,8,0,8,100.0,942.4584297975869
2020-12-10,8,0,8,100.0,941.5614291185913
2020-12-11,8,0,8,100.0,931.9344132459981
2020-12-14,8,0,8,100.0,963.6498198543226
2020-12-15,8,0,8,100.0,973.1118942316183
2020-12-16,8,0,8,100.0,971.4352022612743
2020-12-17,8,0,8,100.0,970.510894499354
2020-12-18,8,0,8,100.0,972.041012581643
2020-12-21,8,0,8,100.0,918.3454522305093
2020-12-22,8,0,8,100.0,924.4228054307124
2020-12-23,8,0,8,100.0,959.0665262985422
2020-12-24,8,0,8,100.0,976.797859617851
2020-12-28,8,0,8,100.0,989.8046355813578
2020-12-29,8,0,8,100.0,987.5563895117514
2020-12-30,8,0,8,100.0,991.6591685528061
2020-12-31,8,0,8,100.0,1008.5731073198282
2021-01-01,8,0,8,100.0,1029.0484486699445
2021-01-04,8,0,8,100.0,1053.1482231808284
2021-01-05,8,0,8,100.0,1061.2396570547799
2021-01-06,8,0,8,100.0,1081.8734026594511
2021-01-07,8,0,8,100.0,1107.6284981264848
2021-01-08,8,0,8,100.0,1130.1450752462144
2021-01-11,8,0,8,100.0,1135.8756070221646
2021-01-12,8,0,8,100.0,1137.4048121072778
2021-01-13,8,0,8,100.0,1135.0468755241109
2021-01-14,8,0,8,100.0,1127.2301330839684
2021-01-15,8,0,8,100.0,1117.0966307834983
2021-01-18,8,0,8,100.0,1089.4668253615005
2021-01-19,8,0,8,100.0,1126.793080346464
2021-01-20,8,0,8,100.0,1124.0846969887557
2021-01-21,8,0,8,100.0,1128.6995707781439
2021-01-22,8,0,8,100.0,1154.4831830788153
2021-01-25,8,0,8,100.0,1159.6200480571383
2021-01-27,8,0,8,100.0,1148.1759802814522
2021-01-28,8,0,8,100.0,1145.9765826165767
2021-01-29,8,0,8,100.0,1134.4026836287683
2021-02-01,8,0,8,100.0,1159.8073033304452
2021-02-02,8,0,8,100.0,1176.8901494844322
2021-02-03,8,0,8,100.0,1206.9176564672755
2021-02-04,8,0,8,100.0,1217.5271938521141
2021-02-05,8,0,8,100.0,1207.0773676755684
2021-02-08,8,0,8,100.0,1215.5394511320264
2021-02-09,8,0,8,100.0,1200.0344893821655
2021-02-10,8,0,8,100.0,1225.5651870155718
2021-02-11,8,0,8,100.0,1253.9938758036421
2021-02-12,8,0,8,100.0,1294.6737996303418
2021-02-15,8,0,8,100.0,1311.2713741045254
2021-02-16,8,0,8,100.0,1317.961825624687
2021-02-17,8,0,8,100.0,1314.1278164130267
2021-02-18,8,0,8,100.0,1328.9399605456742
2021-02-19,8,0,8,100.0,1315.8522095295834
2021-02-22,8,0,8,100.0,1303.0217828054308
2021-02-23,8,0,8,100.0,1296.9999868806144
2021-02-24,8,0,8,100.0,1314.596844209248
2021-02-25,8,0,8,100.0,1342.462459607704
2021-02-26,8,0,8,100.0,1337.8950757894727
2021-03-01,8,0,8,100.0,1364.2695883202698
2021-03-02,8,0,8,100.0,1405.888955611175
2021-03-03,8,0,8,100.0,1429.5921343746666
2021-03-04,8,0,8,100.0,1447.5641018095885
2021-03-05,8,0,8,100.0,1435.7670373634428
2021-03-08,8,0,8,100.0,1447.1035518680758
2021-03-09,8,0,8,100.0,1442.6278283818037
2021-03-10,8,0,8,100.0,1460.1166871286982
2021-03-12,8,0,8,100.0,1464.5866665473063
2021-03-15,8,0,8,100.0,1443.0691165800756
2021-03-16,8,0,8,100.0,1447.9582500248894
2021-03-17,8,0,8,100.0,1430.8808121276973
2021-03-18,8,0,8,100.0,1406.9827555445072
2021-03-19,8,0,8,100.0,1412.111402535453
2021-03-22,8,0,8,100.0,1392.785560458371
2021-03-23,8,0,8,100.0,1380.056614542713
2021-03-24,8,0,8,100.0,1357.5965671998256
2021-03-25,8,0,8,100.0,1351.9433454616606
2021-03-26,8,0,8,100.0,1376.2733567994294
2021-03-30,8,0,8,100.0,1394.6726831307917
2021-03-31,8,0,8,100.0,1401.031884044952
2021-04-01,8,0,8,100.0,1422.97165252299
2021-04-05,8,0,8,100.0,1412.9720300810768
2021-04-06,8,0,8,100.0,1408.0151324285164
2021-04-07,8,0,8,100.0,1427.7778808443547
2021-04-08,8,0,8,100.0,1438.545156746803
2021-04-09,8,0,8,100.0,1461.5128281388822
2021-04-12,8,0,8,100.0,1375.422693231053
2021-04-13,8,0,8,100.0,1381.5208529646145
2021-04-15,8,0,8,100.0,1421.547183123285
2021-04-16,8,0,8,100.0,1454.3456709421525
2021-04-19,8,0,8,100.0,1397.7028984259016
2021-04-20,8,0,8,100.0,1449.751005987264
2021-04-22,8,0,8,100.0,1457.9248458031486
2021-04-23,8,0,8,100.0,1444.8452654977925
2021-04-26,8,0,8,100.0,1458.4272547965734
2021-04-27,8,0,8,100.0,1462.9294329064737
2021-04-28,8,0,8,100.0,1475.0338429558922
2021-04-29,8,0,8,100.0,1478.0619074507742
2021-04-30,8,0,8,100.0,1473.2273011506406
2021-05-03,8,0,8,100.0,1489.0042288410189
2021-05-04,8,0,8,100.0,1496.5643493993332
2021-05-05,8,0,8,100.0,1507.8843891897743
2021-05-06,8,0,8,100.0,1506.4864795276067
2021-05-07,8,0,8,100.0,1493.2782532124954
2021-05-10,8,0,8,100.0,1510.25107632485
2021-05-11,8,0,8,100.0,1504.3435040599675
2021-05-12,8,0,8,100.0,1510.3009604182996
2021-05-14,8,0,8,100.0,1517.195825378383
2021-05-17,8,0,8,100.0,1544.090378599973
2021-05-18,8,0,8,100.0,1564.827734722631
2021-05-19,8,0,8,100.0,1607.272256999099
2021-05-20,8,0,8,100.0,1618.9987839141768
2021-05-21,8,0,8,100.0,1639.8951574337311
2021-05-24,8,0,8,100.0,1646.0718828720996
2021-05-25,8,0,8,100.0,1639.3589001102323
2021-05-26,8,0,8,100.0,1658.7420767282013
2021-05-27,8,0,8,100.0,1654.4250443379465
2021-05-28,8,0,8,100.0,1648.7319466719396
2021-05-31,8,0,8,100.0,1634.2425788268872
2021-06-01,8,0,8,100.0,1623.0252249570597
2021-06-02,8,0,8,100.0,1622.6783471764093
2021-06-03,8,0,8,100.0,1636.5954912783063
2021-06-04,8,0,8,100.0,1646.0697721613278
2021-06-07,8,0,8,100.0,1676.1734910034875
2021-06-08,8,0,8,100.0,1694.6280322605144
2021-06-09,8,0,8,100.0,1683.447194303627
2021-06-10,8,0,8,100.0,1702.3503407914156
2021-06-11,8,0,8,100.0,1695.023430237904
2021-06-14,8,0,8,100.0,1702.2028487369514
2021-06-15,8,0,8,100.0,1708.8342328105252
2021-06-16,8,0,8,100.0,1694.992592432736
2021-06-17,8,0,8,100.0,1728.2782613587005
2021-06-18,8,0,8,100.0,1732.4849108455164
2021-06-21,8,0,8,100.0,1750.1293297156874
2021-06-22,8,0,8,100.0,1750.2205264546703
2021-06-23,8,0,8,100.0,1744.727661300207
2021-06-24,8,0,8,100.0,1755.9442607957712
2021-06-25,8,0,8,100.0,1754.1459289296788
2021-06-28,8,0,8,100.0,1743.1029054084643
2021-06-29,8,0,8,100.0,1751.941993213686
2021-06-30,8,0,8,100.0,1774.0045926123269
2021-07-01,8,0,8,100.0,1800.5609677020927
2021-07-02,8,0,8,100.0,1821.6528814019734
2021-07-05,8,0,8,100.0,1823.8151826173128
2021-07-06,8,0,8,100.0,1822.4924405445133
2021-07-07,8,0,8,100.0,1819.4161341293839
2021-07-08,8,0,8,100.0,1806.5259204109902
2021-07-09,8,0,8,100.0,1801.214413466613
2021-07-12,8,0,8,100.0,1797.12488547875
2021-07-13,8,0,8,100.0,1815.3747771046797
2021-07-14,8,0,8,100.0,1812.7464821891635
2021-07-15,8,0,8,100.0,1810.6445057382664
2021-07-16,8,0,8,100.0,1830.4560219700447
2021-07-19,8,0,8,100.0,1820.4873738775677
2021-07-20,8,0,8,100.0,1827.042771138546
2021-07-22,8,0,8,100.0,1827.9135716608353
2021-07-23,8,0,8,100.0,1817.080587334678
2021-07-26,8,0,8,100.0,1825.4815678051898
2021-07-27,8,0,8,100.0,1823.4066783388066
2021-07-28,8,0,8,100.0,1840.498044564928
2021-07-29,8,0,8,100.0,1856.868471623393
2021-07-30,8,0,8,100.0,1861.040132583583
2021-08-02,8,0,8,100.0,1917.7991377868914
2021-08-03,8,0,8,100.0,1957.9826276423937
2021-08-04,8,0,8,100.0,1934.9472103116948
2021-08-05,8,0,8,100.0,1893.6750491343466
2021-08-06,8,0,8,100.0,1875.4452802616825
2021-08-09,8,0,8,100.0,1857.4852169180392
2021-08-10,8,0,8,100.0,1816.7721072061686
2021-08-11,8,0,8,100.0,1812.2483212235973
2021-08-12,8,0,8,100.0,1835.5774574771597
2021-08-13,8,0,8,100.0,1812.5913764258692
2021-08-16,8,0,8,100.0,1815.4873279112635
2021-08-17,8,0,8,100.0,1827.9304533581349
2021-08-18,8,0,8,100.0,1826.9546675319991
2021-08-20,8,0,8,100.0,1782.8913611560836
2021-08-23,8,0,8,100.0,1743.9440064412538
2021-08-24,8,0,8,100.0,1773.6085040638766
2021-08-25,8,0,8,100.0,1782.9635268700877
2021-08-26,8,0,8,100.0,1831.1096586342526
2021-08-27,8,0,8,100.0,1841.284682757874
2021-08-30,8,0,8,100.0,1843.4634217796809
2021-08-31,8,0,8,100.0,1854.4444318847397
2021-09-01,8,0,8,100.0,1853.802498070619
2021-09-02,8,0,8,100.0,1858.307340696781
2021-09-03,8,0,8,100.0,1860.2967201187507
2021-09-06,8,0,8,100.0,1852.4912558404708
2021-09-07,8,0,8,100.0,1858.6244647196736
2021-09-08,8,0,8,100.0,1885.7737974221302
2021-09-09,8,0,8,100.0,1896.9233301382164
2021-09-13,8,0,8,100.0,1925.6174651270978
2021-09-14,8,0,8,100.0,1924.3448829429615
2021-09-15,8,0,8,100.0,1926.6135829000605
2021-09-16,8,0,8,100.0,1935.9755777625971
2021-09-17,8,0,8,100.0,1925.783769189613
2021-09-20,8,0,8,100.0,1904.417973254688
2021-09-21,7,1,8,87.5,1881.9898460419615
2021-09-22,8,0,8,100.0,1924.4196595586313
2021-09-23,8,0,8,100.0,1943.261128749965
2021-09-24,8,0,8,100.0,1991.1854892449228
2021-09-27,8,0,8,100.0,2010.0036866236205
2021-09-28,8,0,8,100.0,2007.3673348369828
2021-09-29,8,0,8,100.0,2000.6351684257704
2021-09-30,8,0,8,100.0,1996.3593445733902
2021-10-01,8,0,8,100.0,2025.421863131928
2021-10-04,8,0,8,100.0,2064.30931316081
2021-10-05,8,0,8,100.0,2077.1568002484078
2021-10-06,8,0,8,100.0,2064.1265513180065
2021-10-07,8,0,8,100.0,2078.789362482063
2021-10-08,8,0,8,100.0,2079.0542958455567
2021-10-11,8,0,8,100.0,2118.527446865055
2021-10-12,8,0,8,100.0,2109.251365291856
2021-10-13,8,0,8,100.0,2111.973879332293
2021-10-14,8,0,8,100.0,2152.5598727260535
2021-10-18,8,0,8,100.0,2216.316902104499
2021-10-19,8,0,8,100.0,2216.505475582459
2021-10-20,8,0,8,100.0,2157.7966446547134
2021-10-21,8,0,8,100.0,2106.633101894208
2021-10-22,8,0,8,100.0,2089.58976101924
2021-10-25,8,0,8,100.0,2073.8024391144613
2021-10-26,8,0,8,100.0,2129.217067376501
2021-10-27,8,0,8,100.0,2163.8212713686967
2021-10-28,8,0,8,100.0,2165.732888717475
2021-10-29,8,0,8,100.0,2152.1165920966955
2021-11-01,8,0,8,100.0,2217.780665088862
2021-11-02,8,0,8,100.0,2273.3497889813016
2021-11-03,8,0,8,100.0,2254.294753487275
2021-11-04,8,0,8,100.0,2339.073581929287
2021-11-08,8,0,8,100.0,2393.906050729189
2021-11-09,8,0,8,100.0,2413.560340325768
2021-11-10,8,0,8,100.0,2392.653917135058
2021-11-11,8,0,8,100.0,2376.5990479693455
2021-11-12,8,0,8,100.0,2414.015637896624
2021-11-15,8,0,8,100.0,2404.4167841391927
2021-11-16,8,0,8,100.0,2416.7918690747515
2021-11-17,8,0,8,100.0,2388.4613418302843
2021-11-18,8,0,8,100.0,2339.8483021440525
2021-11-22,8,0,8,100.0,2254.9704189723184
2021-11-23,8,0,8,100.0,2296.6126938656876
2021-11-24,8,0,8,100.0,2313.771879452205
2021-11-25,8,0,8,100.0,2340.2557073876173
2021-11-26,8,0,8,100.0,2262.195314682557
2021-11-29,7,1,8,87.5,2202.976887432917
2021-11-30,8,0,8,100.0,2244.7654516409216
2021-12-01,8,0,8,100.0,2237.7597049462
2021-12-02,8,0,8,100.0,2272.1162281229417
2021-12-03,8,0,8,100.0,2289.9533749128595
2021-12-06,8,0,8,100.0,2277.702892750776
2021-12-07,8,0,8,100.0,2317.994239233905
2021-12-08,8,0,8,100.0,2382.4814511446953
2021-12-09,8,0,8,100.0,2384.7025527119554
2021-12-10,8,0,8,100.0,2383.355192434438
2021-12-13,8,0,8,100.0,2380.2345077940136
2021-12-14,8,0,8,100.0,2445.2900949618297
2021-12-15,8,0,8,100.0,2450.0580358133266
2021-12-16,8,0,8,100.0,2429.9218448028478
2021-12-17,8,0,8,100.0,2379.900147009312
2021-12-20,7,1,8,87.5,2316.716558378855
2021-12-21,8,0,8,100.0,2350.5683047036696
2021-12-22,8,0,8,100.0,2367.3258887748693
2021-12-23,8,0,8,100.0,2395.3194613101164
2021-12-24,8,0,8,100.0,2402.3467980717487
2021-12-27,8,0,8,100.0,2404.8280106853917
2021-12-28,8,0,8,100.0,2432.0019797345185
2021-12-29,8,0,8,100.0,2428.2189936681275
2021-12-30,8,0,8,100.0,2421.430877495378
2021-12-31,8,0,8,100.0,2412.4812639902843
2022-01-03,8,0,8,100.0,2432.66400031378
2022-01-04,8,0,8,100.0,2442.8495360390816
2022-01-05,8,0,8,100.0,2460.738674943636
2022-01-06,8,0,8,100.0,2452.5273826972298
2022-01-07,8,0,8,100.0,2458.4389212033325
2022-01-10,8,0,8,100.0,2497.9434774173506
2022-01-11,8,0,8,100.0,2485.9675128697963
2022-01-12,8,0,8,100.0,2481.8872435640783
2022-01-13,8,0,8,100.0,2480.584996992117
2022-01-14,8,0,8,100.0,2484.827181898926
2022-01-17,8,0,8,100.0,2510.9151020308764
2022-01-18,8,0,8,100.0,2494.179644331727
2022-01-19,8,0,8,100.0,2495.4575406231934
2022-01-20,8,0,8,100.0,2498.973115138584
2022-01-21,8,0,8,100.0,2428.108935004823
2022-01-24,6,2,8,75.0,2328.3610637417905
2022-01-25,7,1,8,87.5,2368.6918207137423
2022-01-27,6,2,8,75.0,2380.054887669125
2022-01-28,7,1,8,87.5,2413.6091815364853
2022-01-31,8,0,8,100.0,2443.9666090998808
2022-02-01,8,0,8,100.0,2424.8562412543247
2022-02-02,7,1,8,87.5,2445.156053672109
2022-02-03,7,1,8,87.5,2445.2029272288614
2022-02-04,6,2,8,75.0,2447.3361368666547
2022-02-07,6,2,8,75.0,2433.3825065103597
2022-02-08,6,2,8,75.0,2415.279511128084
2022-02-09,6,2,8,75.0,2430.41478455994
2022-02-10,7,1,8,87.5,2429.7749995025997
2022-02-11,7,1,8,87.5,2418.8544184833418
2022-02-14,5,3,8,62.5,2313.5653117041547
2022-02-15,5,3,8,62.5,2339.267552699824
2022-02-16,6,2,8,75.0,2383.6674049771837
2022-02-17,5,3,8,62.5,2370.519487863793
2022-02-18,5,3,8,62.5,2341.023305550001
2022-02-21,5,3,8,62.5,2299.603344934623
2022-02-22,5,3,8,62.5,2264.3554084988723
2022-02-23,5,3,8,62.5,2285.5798776851357
2022-02-24,3,5,8,37.5,2165.763282761177
2022-02-25,3,5,8,37.5,2232.6598448078357
2022-02-28,5,3,8,62.5,2242.1329402094307
2022-03-02,3,5,8,37.5,2227.4073340899527
2022-03-03,4,4,8,50.0,2220.1349651449514
2022-03-04,4,4,8,50.0,2194.7467771197375
2022-03-07,3,5,8,37.5,2106.0855833640244
2022-03-08,3,5,8,37.5,2123.6704853568267
2022-03-09,3,5,8,37.5,2176.5248618800297
2022-03-10,4,4,8,50.0,2260.3603535867273
2022-03-11,4,4,8,50.0,2281.322899001018
2022-03-14,4,4,8,50.0,2306.608798459606
2022-03-15,4,4,8,50.0,2348.0727013059804
2022-03-16,4,4,8,50.0,2385.1239532032996
2022-03-17,4,4,8,50.0,2429.0339084883854
2022-03-21,5,3,8,62.5,2463.764915543773
2022-03-22,5,3,8,62.5,2493.1700653323965
2022-03-23,5,3,8,62.5,2469.0597709064905
2022-03-24,5,3,8,62.5,2431.2987821650927
2022-03-25,5,3,8,62.5,2419.511988181116
2022-03-28,4,4,8,50.0,2419.0712387629633
2022-03-29,4,4,8,50.0,2459.955736492659
2022-03-30,6,2,8,75.0,2516.498795700726
2022-03-31,6,2,8,75.0,2563.8227383333083
2022-04-01,6,2,8,75.0,2551.537424972205
2022-04-04,6,2,8,75.0,2550.6538129901155
2022-04-05,6,2,8,75.0,2585.621855714563
2022-04-06,6,2,8,75.0,2589.466456433938
2022-04-07,5,3,8,62.5,2545.8377725897826
2022-04-08,5,3,8,62.5,2585.242378976387
2022-04-11,5,3,8,62.5,2625.27347900179
2022-04-12,6,2,8,75.0,2579.9047634450103
2022-04-13,5,3,8,62.5,2605.0274650985775
2022-04-18,5,3,8,62.5,2561.981201865009
2022-04-19,5,3,8,62.5,2545.493024330304
2022-04-20,5,3,8,62.5,2517.6665578952816
2022-04-21,5,3,8,62.5,2559.6974686410795
2022-04-22,5,3,8,62.5,2544.9176353408325
2022-04-25,5,3,8,62.5,2491.613078265218
2022-04-26,5,3,8,62.5,2511.874420234183
2022-04-27,5,3,8,62.5,2492.022063462404
2022-04-28,5,3,8,62.5,2498.3453371732408
2022-04-29,5,3,8,62.5,2484.260427644023
2022-05-02,5,3,8,62.5,2483.543852449386
2022-05-04,5,3,8,62.5,2432.611172288802
2022-05-05,5,3,8,62.5,2431.0954332112137
2022-05-06,5,3,8,62.5,2371.339458261792
2022-05-09,2,6,8,25.0,2285.0365842172696
2022-05-10,2,6,8,25.0,2206.1772935020417
2022-05-11,2,6,9,25.0,2161.910702444502
2022-05-12,2,6,9,25.0,2098.8194606103957
2022-05-13,2,6,9,25.0,2125.920366676173
2022-05-16,2,6,9,25.0,2148.405230974684
2022-05-17,3,5,9,37.5,2188.7925587993573
2022-05-18,3,5,9,37.5,2158.963878686061
2022-05-19,2,6,9,25.0,2129.0082785289646
2022-05-20,3,5,9,37.5,2173.9748365125306
2022-05-23,2,6,9,25.0,2158.5765124585237
2022-05-24,3,5,9,37.5,2147.217123178512
2022-05-25,2,6,9,25.0,2084.957050277882
2022-05-26,2,6,9,25.0,2103.1299243174285
2022-05-27,2,6,9,25.0,2122.5823944729013
2022-05-30,2,6,9,25.0,2189.296236616845
2022-05-31,4,4,9,50.0,2206.7824579107246
2022-06-01,3,5,9,37.5,2246.2371651335366
2022-06-02,3,5,9,37.5,2242.308774099401
2022-06-03,3,5,9,37.5,2210.215358388674
2022-06-06,3,5,9,37.5,2222.415048170708
2022-06-07,3,5,9,37.5,2183.8110187798447
2022-06-08,3,5,9,37.5,2167.4815652817942
2022-06-09,3,5,9,37.5,2162.473218149839
2022-06-10,3,5,9,37.5,2137.1134989579564
2022-06-13,2,6,9,25.0,2068.5090178124906
2022-06-14,2,6,9,25.0,2062.089383944682
2022-06-15,3,5,9,37.5,2093.109488852775
2022-06-16,2,6,9,25.0,2048.3513963556916
2022-06-17,1,7,9,12.5,2027.5638604282342
2022-06-20,0,8,9,0.0,1963.3846966142112
2022-06-21,1,7,9,12.5,2004.1313133127294
2022-06-22,0,8,9,0.0,1974.1144527735623
2022-06-23,0,8,9,0.0,1989.8109242546063
2022-06-24,1,7,9,12.5,2025.9912201833035
2022-06-27,1,7,9,12.5,2064.7420291440076
2022-06-28,1,7,9,12.5,2041.7795883519304
2022-06-29,1,7,9,12.5,2052.028905237676
2022-06-30,1,7,9,12.5,2051.5849808378985
2022-07-01,1,7,9,12.5,2061.7662879244835
2022-07-04,1,7,9,12.5,2072.9788109911783
2022-07-05,1,7,9,12.5,2066.882940966335
2022-07-06,1,7,9,12.5,2072.8954542539204
2022-07-07,1,7,9,12.5,2129.33549755848
2022-07-08,1,7,9,12.5,2141.1249971759325
2022-07-11,2,6,9,25.0,2161.7908610411673
2022-07-12,2,6,9,25.0,2142.3011198985805
2022-07-13,1,7,9,12.5,2136.5679231882555
2022-07-14,2,6,9,25.0,2119.6021618461114
2022-07-15,2,6,9,25.0,2124.406716061226
2022-07-18,2,6,9,25.0,2164.247448623646
2022-07-19,2,6,9,25.0,2197.9455777660437
2022-07-20,3,5,9,37.5,2214.3935571240936
2022-07-21,3,5,9,37.5,2264.828030279228
2022-07-22,3,5,9,37.5,2310.11652827605
2022-07-25,4,4,9,50.0,2303.875031481151
2022-07-26,2,6,9,25.0,2263.6903612525825
2022-07-27,1,7,9,12.5,2263.8237159040946
2022-07-28,3,5,9,37.5,2292.2303511284626
2022-07-29,4,4,9,50.0,2355.523901578109
2022-08-01,4,4,9,50.0,2356.3619691718786
2022-08-02,5,3,9,62.5,2359.4698042763694
2022-08-03,5,3,9,62.5,2378.1286641120714
2022-08-04,5,3,9,62.5,2389.0910090517696
2022-08-05,5,3,9,62.5,2390.3568724813595
2022-08-08,5,3,9,62.5,2410.310853460996
2022-08-10,4,4,9,50.0,2427.9292235497082
2022-08-11,5,3,9,62.5,2458.026250009003
2022-08-12,5,3,9,62.5,2484.240960946086
2022-08-16,5,3,9,62.5,2494.4649355873225
2022-08-17,5,3,9,62.5,2500.177586556244
2022-08-18,5,3,9,62.5,2497.6685716522948
2022-08-19,5,3,9,62.5,2509.367269143751
2022-08-22,5,3,9,62.5,2478.7140033964556
2022-08-23,5,3,9,62.5,2496.606790541037
2022-08-24,5,3,9,62.5,2514.9946099826816
2022-08-25,5,3,9,62.5,2509.844220660059
2022-08-26,5,3,9,62.5,2519.2061870297994
2022-08-29,5,3,9,62.5,2517.1002917163564
2022-08-30,5,3,9,62.5,2553.514392087184
2022-09-01,5,3,9,62.5,2573.6308075509437
2022-09-02,5,3,9,62.5,2595.771120153622
2022-09-05,6,2,9,75.0,2624.8777528793103
2022-09-06,5,3,9,62.5,2593.695386186905
2022-09-07,6,2,9,75.0,2615.830024247209
2022-09-08,6,2,9,75.0,2626.2735469660347
2022-09-09,6,2,9,75.0,2617.5648455431538
2022-09-12,6,2,9,75.0,2654.129874046343
2022-09-13,6,2,9,75.0,2684.8718201631395
2022-09-14,6,2,9,75.0,2678.5758977456403
2022-09-15,6,2,9,75.0,2711.9933263780576
2022-09-16,6,2,9,75.0,2673.0708508098955
2022-09-19,6,2,9,75.0,2655.4262474072953
2022-09-20,6,2,9,75.0,2646.607713786767
2022-09-21,6,2,9,75.0,2641.8471156188275
2022-09-22,6,2,9,75.0,2682.13910494499
2022-09-23,5,3,9,62.5,2647.455104562292
2022-09-26,5,3,9,62.5,2541.177482457386
2022-09-27,5,3,9,62.5,2553.9630066431405
2022-09-28,5,3,9,62.5,2509.004322178088
2022-09-29,5,3,9,62.5,2490.907707109258
2022-09-30,5,3,9,62.5,2511.697718737827
2022-10-03,5,3,9,62.5,2491.0596880439234
2022-10-04,5,3,9,62.5,2510.1318885476803
2022-10-06,5,3,9,62.5,2538.5203771071638
2022-10-07,5,3,9,62.5,2529.049461238247
2022-10-10,5,3,9,62.5,2517.091713591085
2022-10-11,5,3,9,62.5,2489.325797767011
2022-10-12,4,4,9,50.0,2449.115052101405
2022-10-13,4,4,9,50.0,2435.86643764202
2022-10-14,4,4,9,50.0,2438.202296822539
2022-10-17,5,3,9,62.5,2442.7047194263473
2022-10-18,5,3,9,62.5,2444.1520711274984
2022-10-19,5,3,9,62.5,2446.02364469824
2022-10-20,4,4,9,50.0,2424.228480511698
2022-10-21,4,4,9,50.0,2402.771692975075
2022-10-24,5,3,9,62.5,2450.8465508035633
2022-10-25,4,4,9,50.0,2425.2304783784166
2022-10-27,3,5,9,37.5,2402.400477252759
2022-10-28,2,6,9,25.0,2379.1001764511234
2022-10-31,2,6,9,25.0,2367.754838598951
2022-11-01,2,6,9,25.0,2385.580203955849
2022-11-02,2,6,9,25.0,2369.612540634547
2022-11-03,2,6,9,25.0,2342.702790009573
2022-11-04,2,6,9,25.0,2336.1818711387873
2022-11-07,2,6,9,25.0,2348.0169528989577
2022-11-09,2,6,9,25.0,2347.151709185847
2022-11-10,2,6,9,25.0,2334.763920716911
2022-11-11,2,6,9,25.0,2325.9910794652155
2022-11-14,2,6,9,25.0,2329.629119752995
2022-11-15,2,6,9,25.0,2312.3320485609565
2022-11-16,2,6,9,25.0,2299.1222944950055
2022-11-17,2,6,9,25.0,2287.444145477256
2022-11-18,2,6,10,25.0,2252.227088916494
2022-11-21,2,6,10,25.0,2232.342552016089
2022-11-22,2,6,10,25.0,2229.0735991403994
2022-11-23,2,6,10,25.0,2234.459094587393
2022-11-24,2,6,10,25.0,2233.1542834610314
2022-11-25,3,5,10,37.5,2254.771582374435
2022-11-28,3,5,10,37.5,2316.568656079703
2022-11-29,3,5,10,37.5,2322.424637842562
2022-11-30,3,5,10,37.5,2300.667154420044
2022-12-01,3,5,10,37.5,2315.143204146241
2022-12-02,3,5,10,37.5,2353.529377598604
2022-12-05,3,5,10,37.5,2366.3245424907836
2022-12-06,3,5,10,37.5,2340.0258604924666
2022-12-07,3,5,10,37.5,2338.8837961300037
2022-12-08,3,5,10,37.5,2330.8131454527006
2022-12-09,3,5,10,37.5,2330.4443914825943
2022-12-12,3,5,10,37.5,2324.5427012353157
2022-12-13,3,5,10,37.5,2333.2526615155034
2022-12-14,5,4,10,55.55555555555556,2339.3773703174465
2022-12-15,4,5,10,44.44444444444444,2331.179681271522
2022-12-16,4,5,10,44.44444444444444,2301.0309303117524
2022-12-19,4,5,10,44.44444444444444,2292.3893698471493
2022-12-20,4,5,10,44.44444444444444,2280.197228809595
2022-12-21,4,5,10,44.44444444444444,2236.762032112564
2022-12-22,4,5,10,44.44444444444444,2181.2009341411376
2022-12-23,4,5,10,44.44444444444444,2108.8406211223246
2022-12-26,4,5,10,44.44444444444444,2199.5131338868955
2022-12-27,4,5,10,44.44444444444444,2206.9130307915693
2022-12-28,4,5,10,44.44444444444444,2216.744803470567
2022-12-29,4,5,10,44.44444444444444,2253.3281357119863
2022-12-30,4,5,10,44.44444444444444,2250.204077536056
2023-01-02,4,5,10,44.44444444444444,2267.3270629050985
2023-01-03,4,5,10,44.44444444444444,2255.760123926021
2023-01-04,4,5,10,44.44444444444444,2252.2108212812773
2023-01-05,4,5,10,44.44444444444444,2255.326440678687
2023-01-06,4,5,10,44.44444444444444,2229.4148160220734
2023-01-09,4,5,10,44.44444444444444,2235.4011169445703
2023-01-10,4,5,10,44.44444444444444,2225.355867007144
2023-01-11,4,5,10,44.44444444444444,2224.8097172199436
2023-01-12,4,5,10,44.44444444444444,2216.5302294710855
2023-01-13,4,5,10,44.44444444444444,2226.28465113669
2023-01-16,4,5,10,44.44444444444444,2229.401187501345
2023-01-17,3,6,10,33.33333333333333,2209.1200558237842
2023-01-18,3,6,10,33.33333333333333,2229.6514146371746
2023-01-19,3,6,10,33.33333333333333,2210.739804389031
2023-01-20,3,6,10,33.33333333333333,2214.482551962856
2023-01-23,3,6,10,33.33333333333333,2231.985845350984
2023-01-24,3,6,10,33.33333333333333,2232.0771576380603
2023-01-25,3,6,10,33.33333333333333,2215.690030160083
2023-01-27,4,5,10,44.44444444444444,2202.0975295480876
2023-01-30,3,6,10,33.33333333333333,2182.1002973621044
2023-01-31,3,6,10,33.33333333333333,2207.9649885471863
2023-02-01,3,6,10,33.33333333333333,2185.18301829385
2023-02-02,4,5,10,44.44444444444444,2182.9737754001885
2023-02-03,3,6,10,33.33333333333333,2174.599138020248
2023-02-06,4,5,10,44.44444444444444,2192.4666604087447
2023-02-07,4,5,10,44.44444444444444,2181.5793454356067
2023-02-08,4,5,10,44.44444444444444,2192.1197673100423
2023-02-09,4,5,10,44.44444444444444,2207.039667576748
2023-02-10,4,5,10,44.44444444444444,2232.575768824744
2023-02-13,4,5,10,44.44444444444444,2217.1049697468707
2023-02-14,4,5,10,44.44444444444444,2225.4702482820258
2023-02-15,4,5,10,44.44444444444444,2246.6740637299167
2023-02-16,4,5,10,44.44444444444444,2296.8710198086465
2023-02-17,3,6,10,33.33333333333333,2279.747398516407
2023-02-20,3,6,10,33.33333333333333,2306.35659129922
2023-02-21,3,6,10,33.33333333333333,2301.175192477725
2023-02-22,3,6,10,33.33333333333333,2308.202894051366
2023-02-23,3,6,10,33.33333333333333,2303.521423236466
2023-02-24,3,6,10,33.33333333333333,2263.2718381613995
2023-02-27,3,6,10,33.33333333333333,2244.473950891989
2023-02-28,3,6,10,33.33333333333333,2247.0562847169067
2023-03-01,3,6,10,33.33333333333333,2300.7458903202
2023-03-02,3,6,10,33.33333333333333,2282.0990944937544
2023-03-03,3,6,10,33.33333333333333,2290.9453161364822
2023-03-06,4,5,10,44.44444444444444,2315.5208392600007
2023-03-08,4,5,10,44.44444444444444,2324.983236734794
2023-03-09,3,6,10,33.33333333333333,2314.7818084042106
2023-03-10,3,6,10,33.33333333333333,2303.1659294767032
2023-03-13,3,6,10,33.33333333333333,2255.1997879619935
2023-03-14,3,6,10,33.33333333333333,2257.9081938584627
2023-03-15,3,6,10,33.33333333333333,2250.295385370422
2023-03-16,3,6,10,33.33333333333333,2212.6942545769543
2023-03-17,3,6,10,33.33333333333333,2234.900725341962
2023-03-20,3,6,10,33.33333333333333,2201.317767510035
2023-03-21,3,6,10,33.33333333333333,2208.9423570973095
2023-03-22,3,6,10,33.33333333333333,2233.5801860335296
2023-03-23,3,6,10,33.33333333333333,2215.596541102672
2023-03-24,3,6,10,33.33333333333333,2177.193657405313
2023-03-27,3,6,10,33.33333333333333,2122.3015734752034
2023-03-28,3,6,10,33.33333333333333,2096.5892374929767
2023-03-29,3,6,10,33.33333333333333,2112.077584457664
2023-03-31,3,6,10,33.33333333333333,2169.2042774637744
2023-04-03,3,6,10,33.33333333333333,2191.3806887716605
2023-04-05,3,6,10,33.33333333333333,2229.062411312585
2023-04-06,3,6,10,33.33333333333333,2242.1389512804603
2023-04-10,4,5,10,44.44444444444444,2236.382518907034
2023-04-11,4,5,10,44.44444444444444,2267.4325065032567
2023-04-12,4,5,10,44.44444444444444,2290.4686582576905
2023-04-13,4,5,10,44.44444444444444,2306.004340864423
2023-04-17,4,5,10,44.44444444444444,2292.659424836541
2023-04-18,4,5,10,44.44444444444444,2314.230825849673
2023-04-19,4,5,10,44.44444444444444,2382.8310149631134
2023-04-20,3,6,10,33.33333333333333,2366.6286622085217
2023-04-21,3,6,10,33.33333333333333,2342.182771528559
2023-04-24,3,6,10,33.33333333333333,2351.1733431388157
2023-04-25,3,6,10,33.33333333333333,2342.9152098846853
2023-04-26,3,6,10,33.33333333333333,2331.521597504784
2023-04-27,4,5,10,44.44444444444444,2355.6662043133456
2023-04-28,3,6,10,33.33333333333333,2389.635127228453
2023-05-02,3,6,10,33.33333333333333,2394.1652381321915
2023-05-03,3,6,10,33.33333333333333,2371.0184212910885
2023-05-04,4,5,10,44.44444444444444,2396.5454502205157
2023-05-05,4,5,10,44.44444444444444,2462.0079001167896
2023-05-08,5,4,10,55.55555555555556,2499.436854639047
2023-05-09,4,5,10,44.44444444444444,2513.1276067647855
2023-05-10,5,4,10,55.55555555555556,2528.745247672836
2023-05-11,4,5,10,44.44444444444444,2568.3000873672013
2023-05-12,6,3,10,66.66666666666666,2597.8516285374967
2023-05-15,5,4,10,55.55555555555556,2583.532869900142
2023-05-16,6,3,10,66.66666666666666,2611.7032413720303
2023-05-17,7,2,10,77.77777777777779,2615.099487101693
2023-05-18,5,4,10,55.55555555555556,2621.9952958620956
2023-05-19,6,3,10,66.66666666666666,2623.6247829969584
2023-05-22,6,3,10,66.66666666666666,2626.7390679931978
2023-05-23,7,2,10,77.77777777777779,2667.9478561256833
2023-05-24,7,2,10,77.77777777777779,2663.8723275243096
2023-05-25,7,2,10,77.77777777777779,2652.243061822971
2023-05-26,6,3,10,66.66666666666666,2630.2656364111376
2023-05-29,7,2,10,77.77777777777779,2616.3012315676265
2023-05-30,6,3,10,66.66666666666666,2596.8325980487834
2023-05-31,5,4,10,55.55555555555556,2609.2929501987273
2023-06-01,7,2,10,77.77777777777779,2650.12030406344
2023-06-02,7,2,10,77.77777777777779,2672.3338231740895
2023-06-05,7,2,10,77.77777777777779,2684.8363153011383
2023-06-06,7,2,10,77.77777777777779,2704.2430721842616
2023-06-07,7,2,10,77.77777777777779,2721.3166953232217
2023-06-08,7,2,10,77.77777777777779,2737.221764139613
2023-06-09,7,2,10,77.77777777777779,2739.275383192378
2023-06-12,7,2,10,77.77777777777779,2796.315365047689
2023-06-13,8,1,10,88.88888888888889,2822.4909506255726
2023-06-14,8,1,10,88.88888888888889,2900.068483616343
2023-06-15,8,1,10,88.88888888888889,2862.259333512243
2023-06-16,8,1,10,88.88888888888889,2875.825784340997
2023-06-19,8,1,10,88.88888888888889,2871.4714654955224
2023-06-20,8,1,10,88.88888888888889,2894.8431377299753
2023-06-21,8,1,10,88.88888888888889,2892.1947464110235
2023-06-22,7,2,10,77.77777777777779,2878.8541733438374
2023-06-23,7,2,10,77.77777777777779,2818.046708912385
2023-06-26,8,2,10,80.0,2820.651225653209
2023-06-27,9,1,10,90.0,2880.3971729216664
2023-06-28,9,1,10,90.0,2873.3737635869006
2023-06-30,8,2,10,80.0,2881.453268911081
2023-07-03,9,1,10,90.0,2887.202866988861
2023-07-04,9,1,10,90.0,2866.4088103202434
2023-07-05,9,1,10,90.0,2877.3774228402035
2023-07-06,9,1,10,90.0,2884.5940097645666
2023-07-07,9,1,10,90.0,2864.6192149410736
2023-07-10,9,1,10,90.0,2901.3454598045896
2023-07-11,9,1,10,90.0,2910.781097797313
2023-07-12,9,1,10,90.0,2965.225007977224
2023-07-13,9,1,10,90.0,2923.84178671234
2023-07-14,9,1,10,90.0,2925.571169976343
2023-07-17,9,1,10,90.0,2966.2211968205243
2023-07-18,9,1,10,90.0,2949.9182257629827
2023-07-19,9,1,10,90.0,2986.6231562723515
2023-07-20,9,1,10,90.0,3014.60326803036
2023-07-21,9,1,10,90.0,3000.365309397515
2023-07-24,9,1,10,90.0,3016.6357617758467
2023-07-25,9,1,10,90.0,3021.3835877458987
2023-07-26,9,1,10,90.0,2982.8369539816126
2023-07-27,9,1,10,90.0,2972.329635810842
2023-07-28,9,1,10,90.0,2961.62045810875
2023-07-31,9,1,10,90.0,2983.566612406339
2023-08-01,9,1,10,90.0,3015.809838281839
2023-08-02,9,1,10,90.0,2988.580789887631
2023-08-03,9,1,10,90.0,2991.396802410514
2023-08-04,9,1,10,90.0,3015.5824078049945
2023-08-07,9,1,10,90.0,2995.8514668425564
2023-08-08,9,1,10,90.0,2997.319877310309
2023-08-09,9,1,10,90.0,3000.5768525577478
2023-08-10,9,1,10,90.0,2997.223838512992
2023-08-11,9,1,10,90.0,2950.125731813687
2023-08-14,9,1,10,90.0,2951.1113493781554
2023-08-16,9,1,10,90.0,2950.318751341421
2023-08-17,9,1,10,90.0,2970.761165321217
2023-08-18,9,1,10,90.0,2967.4028564966734
2023-08-21,9,1,10,90.0,2981.3865986250958
2023-08-22,9,1,10,90.0,3022.8850013573224
2023-08-23,9,1,10,90.0,3033.244554597916
2023-08-24,9,1,10,90.0,3052.698323511209
2023-08-25,9,1,10,90.0,3123.0094363659764
2023-08-28,9,1,10,90.0,3128.5331909771644
2023-08-29,9,1,10,90.0,3118.215284999459
2023-08-30,9,1,10,90.0,3124.186888021967
2023-08-31,10,0,10,100.0,3175.7995820275764
2023-09-01,10,0,10,100.0,3205.970479776718
2023-09-04,10,0,10,100.0,3215.984406431993
2023-09-05,9,1,10,90.0,3241.09627270937
2023-09-06,9,1,10,90.0,3211.7577798002544
2023-09-07,9,1,10,90.0,3188.2749897109275
2023-09-08,9,1,10,90.0,3196.8468359289213
2023-09-11,10,0,10,100.0,3210.8461357307883
2023-09-12,9,1,10,90.0,3089.622130605492
2023-09-13,9,1,10,90.0,3097.7703356497454
2023-09-14,9,1,10,90.0,3096.6318637701684
2023-09-15,9,1,10,90.0,3073.850190761528
2023-09-18,9,1,10,90.0,3076.5718431752
2023-09-20,9,1,10,90.0,3132.8327822116926
2023-09-21,9,1,10,90.0,3115.112376722989
2023-09-22,9,1,10,90.0,3103.893112069014
2023-09-25,9,1,10,90.0,3116.2350128516887
2023-09-26,9,1,10,90.0,3105.203058185731
2023-09-27,9,1,10,90.0,3110.209510027388
2023-09-28,9,1,10,90.0,3105.949604502584
2023-09-29,9,1,10,90.0,3100.6650639466343
2023-10-03,9,1,10,90.0,3131.7870476464586
2023-10-04,9,1,10,90.0,3110.467095521656
2023-10-05,9,1,10,90.0,3124.75749304167
2023-10-06,9,1,10,90.0,3136.759189738164
2023-10-09,9,1,10,90.0,3084.4940662413146
2023-10-10,9,1,10,90.0,3106.2195204624722
2023-10-11,9,1,10,90.0,3136.689230591514
2023-10-12,9,1,10,90.0,3169.6623702682004
2023-10-13,9,1,10,90.0,3225.072039289151
2023-10-16,10,0,10,100.0,3229.0704759466557
2023-10-17,9,1,10,90.0,3218.207032364832
2023-10-18,9,1,10,90.0,3218.494573896171
2023-10-19,10,0,10,100.0,3249.463774492421
2023-10-20,10,0,10,100.0,3220.49760110812
2023-10-23,9,1,10,90.0,3115.173699017205
2023-10-25,8,2,10,80.0,3070.4695360777455
2023-10-26,9,1,10,90.0,3072.587165691353
2023-10-27,10,0,10,100.0,3156.7705568006013
2023-10-30,10,0,10,100.0,3145.7539241728564
2023-10-31,10,0,10,100.0,3129.393460328193
2023-11-01,10,0,10,100.0,3105.946625712296
2023-11-02,10,0,10,100.0,3107.9541379012962
2023-11-03,10,0,10,100.0,3158.1576311383974
2023-11-06,10,0,10,100.0,3172.9450922949854
2023-11-07,10,0,10,100.0,3188.4164445185397
2023-11-08,10,0,10,100.0,3228.1855681847624
2023-11-09,9,1,10,90.0,3274.288603186955
2023-11-10,9,1,10,90.0,3288.1641374685933
2023-11-12,10,0,10,100.0,3355.709772811934
2023-11-13,9,1,10,90.0,3356.2866440697844
2023-11-15,10,0,10,100.0,3360.728837934256
2023-11-16,10,0,10,100.0,3366.0599288481253
2023-11-17,10,0,10,100.0,3341.324181068818
2023-11-20,9,1,10,90.0,3356.411547896073
2023-11-21,10,0,10,100.0,3350.18910060656
2023-11-22,10,0,10,100.0,3358.070929296173
2023-11-23,10,0,10,100.0,3382.384904744403
2023-11-24,10,0,10,100.0,3404.06699895763
2023-11-28,10,0,10,100.0,3382.978627717186
2023-11-29,10,0,10,100.0,3381.9295698071046
2023-11-30,10,0,10,100.0,3427.998667128569
2023-12-01,10,0,10,100.0,3463.7429119059525
2023-12-04,10,0,10,100.0,3473.518805793093
2023-12-05,10,0,10,100.0,3450.6644543057105
2023-12-06,10,0,10,100.0,3438.157602214048
2023-12-07,10,0,10,100.0,3441.099433740716
2023-12-08,10,0,10,100.0,3436.6532924582316
2023-12-11,10,0,10,100.0,3458.4965626728854
2023-12-12,10,0,10,100.0,3478.3956097419605
2023-12-13,10,0,10,100.0,3481.313682529094
2023-12-14,10,0,10,100.0,3499.440516584751
2023-12-15,10,0,10,100.0,3474.8241505170827
2023-12-18,10,0,10,100.0,3463.8996592650756
2023-12-19,10,0,10,100.0,3596.66265278244
2023-12-20,10,0,10,100.0,3443.4210687687732
2023-12-21,10,0,10,100.0,3485.3433969748407
2023-12-22,10,0,10,100.0,3513.5693366032074
2023-12-26,10,0,10,100.0,3523.61898568396
2023-12-27,10,0,10,100.0,3520.237535065879
2023-12-28,10,0,10,100.0,3526.703500455383
2023-12-29,10,0,10,100.0,3513.2581051310635
2024-01-01,10,0,10,100.0,3521.1677073749643
2024-01-02,10,0,10,100.0,3516.8635631241436
2024-01-03,9,1,10,90.0,3528.5964605031777
2024-01-04,9,1,10,90.0,3539.722675987307
2024-01-05,9,1,10,90.0,3570.527896360489
2024-01-08,9,1,10,90.0,3545.205669302009
2024-01-09,9,1,10,90.0,3578.595484883115
2024-01-10,9,1,10,90.0,3563.2511084657217
2024-01-11,9,1,10,90.0,3560.4621392208714
2024-01-12,10,0,10,100.0,3562.3676273211067
2024-01-15,10,0,10,100.0,3540.86037531535
2024-01-16,10,0,10,100.0,3540.991148635073
2024-01-17,10,0,10,100.0,3499.1859327755756
2024-01-18,9,1,10,90.0,3486.044495701752
2024-01-19,10,0,10,100.0,3519.2900744443264
2024-01-20,10,0,10,100.0,3496.79857226943
2024-01-23,10,0,10,100.0,3444.817506929145
2024-01-24,10,0,10,100.0,3489.2388214454195
2024-01-25,9,1,10,90.0,3472.6779070721805
2024-01-29,10,0,10,100.0,3479.2986673198257
2024-01-30,10,0,10,100.0,3482.1768880208188
2024-01-31,10,0,10,100.0,3516.0361748978135
2024-02-01,10,0,10,100.0,3519.960164069039
2024-02-02,10,0,10,100.0,3509.5341594299575
2024-02-05,8,2,10,80.0,3494.9803250148207
2024-02-06,8,2,10,80.0,3512.5402328742966
2024-02-07,8,2,10,80.0,3490.643533020741
2024-02-08,8,2,10,80.0,3450.0508746053547
2024-02-09,7,3,10,70.0,3417.1196497341216
2024-02-12,6,4,10,60.0,3348.7221728111854
2024-02-13,7,3,10,70.0,3394.9523412023595
2024-02-14,6,4,10,60.0,3406.8371541968845
2024-02-15,6,4,10,60.0,3394.8826379497127
2024-02-16,6,4,10,60.0,3392.7264944452945
2024-02-19,6,4,10,60.0,3418.4254456250515
2024-02-20,6,4,10,60.0,3397.848551313568
2024-02-21,6,4,10,60.0,3388.440123627789
2024-02-22,6,4,10,60.0,3413.1256583094496
2024-02-23,6,4,10,60.0,3458.6902354445433
2024-02-26,6,4,10,60.0,3516.5751406726436
2024-02-27,6,4,10,60.0,3523.3408502301877
2024-02-28,6,4,10,60.0,3450.2027388352053
2024-02-29,7,3,10,70.0,3474.9080880549714
2024-03-01,7,3,10,70.0,3491.7842663727633
2024-03-02,7,3,10,70.0,3510.5767157390824
2024-03-04,7,3,10,70.0,3479.8270216058254
2024-03-05,7,3,10,70.0,3429.140811839529
2024-03-06,6,4,10,60.0,3398.3625525542307
2024-03-07,5,5,10,50.0,3399.730430571517
2024-03-11,4,6,10,40.0,3320.833204299716
2024-03-12,3,7,10,30.0,3276.837364608646
2024-03-13,2,8,10,20.0,3120.5271267835287
2024-03-14,3,7,10,30.0,3201.8555184614734
2024-03-15,2,8,10,20.0,3166.2247211233894
2024-03-18,3,7,10,30.0,3169.9791047027384
2024-03-19,3,7,10,30.0,3168.4262188498947
2024-03-20,2,8,10,20.0,3140.0850026356097
2024-03-21,2,8,10,20.0,3158.9532942866904
2024-03-22,2,8,10,20.0,3203.922553302892
2024-03-26,2,8,10,20.0,3137.4656028828354
2024-03-27,2,8,10,20.0,3128.56969924455
2024-03-28,2,8,10,20.0,3129.750018653058
2024-04-01,2,8,10,20.0,3249.2187032839142
2024-04-02,3,7,10,30.0,3288.5440597029556
2024-04-03,3,7,10,30.0,3368.63855055012
2024-04-04,4,6,10,40.0,3376.988891625524
2024-04-05,4,6,10,40.0,3394.2913836944613
2024-04-08,4,6,10,40.0,3380.155343871805
2024-04-09,4,6,10,40.0,3349.547249212025
2024-04-10,4,6,10,40.0,3332.367009012698
2024-04-12,3,7,10,30.0,3304.0378210372564
2024-04-15,2,8,10,20.0,3277.810907541118
2024-04-16,3,7,10,30.0,3287.994419041384
2024-04-18,3,7,10,30.0,3270.016355435703
2024-04-19,4,6,10,40.0,3269.2282058637807
2024-04-22,3,7,10,30.0,3304.1836275164596
2024-04-23,4,6,10,40.0,3317.712857747378
2024-04-24,4,6,10,40.0,3332.6032196006195
2024-04-25,3,7,10,30.0,3334.2781996922968
2024-04-26,3,7,10,30.0,3317.255206971271
2024-04-29,3,7,10,30.0,3301.506400521297
2024-04-30,3,7,10,30.0,3302.7474559045536
2024-05-02,3,7,10,30.0,3292.1268277230724
2024-05-03,4,6,10,40.0,3273.659648494591
2024-05-06,3,7,10,30.0,3241.9647650962306
2024-05-07,2,8,10,20.0,3225.517978831354
2024-05-08,2,8,10,20.0,3185.492895647359
2024-05-09,3,7,10,30.0,3168.51921798865
2024-05-10,2,8,10,20.0,3152.6329243960104
2024-05-13,2,8,10,20.0,3171.470435236185
2024-05-14,3,7,10,30.0,3172.6849367187965
2024-05-15,3,7,10,30.0,3204.617746544084
2024-05-16,4,6,10,40.0,3292.854423410582
2024-05-17,4,6,10,40.0,3351.3460415505124
2024-05-18,4,6,10,40.0,3365.445098461101
2024-05-21,4,6,10,40.0,3313.6922363750423
2024-05-22,4,6,10,40.0,3327.824421727962
2024-05-23,4,6,10,40.0,3303.6634796150834
2024-05-24,4,6,10,40.0,3307.1800450269925
2024-05-27,4,6,10,40.0,3309.881579790961
2024-05-28,4,6,10,40.0,3277.5668676454
2024-05-29,4,6,10,40.0,3256.050586291129
2024-05-30,3,7,10,30.0,3230.050552103124
2024-05-31,2,8,10,20.0,3202.900503404798
2024-06-03,2,8,10,20.0,3226.182413503443
2024-06-04,1,9,10,10.0,3102.512907267631
2024-06-05,2,8,10,20.0,3164.056133648703
2024-06-06,2,8,10,20.0,3243.1995759993056
2024-06-07,4,6,10,40.0,3324.954408544991
2024-06-10,5,5,10,50.0,3384.8694045438756
2024-06-11,6,4,10,60.0,3421.704973982812
2024-06-12,5,5,10,50.0,3400.256488558069
2024-06-13,4,6,10,40.0,3385.532729736945
2024-06-14,4,6,10,40.0,3392.2813717733334
2024-06-18,7,3,10,70.0,3481.20636879456
2024-06-19,5,5,10,50.0,3470.122204209445
2024-06-20,8,2,10,80.0,3508.552044247118
2024-06-21,6,4,10,60.0,3536.2272072462106
2024-06-24,7,3,10,70.0,3588.045395288533
2024-06-25,7,3,10,70.0,3615.4277125373724
2024-06-26,7,3,10,70.0,3614.2511998836894
2024-06-27,6,4,10,60.0,3589.649962554514
2024-06-28,6,4,10,60.0,3635.385677553978
2024-07-01,7,3,10,70.0,3710.059195474846
2024-07-02,8,2,10,80.0,3728.656780488144
2024-07-03,7,3,10,70.0,3719.0383553394554
2024-07-04,8,2,10,80.0,3762.6886377345068
2024-07-05,7,3,10,70.0,3780.4372734368117
2024-07-08,7,3,10,70.0,3758.7170134833386
2024-07-09,7,3,10,70.0,3711.448976276305
2024-07-10,7,3,10,70.0,3676.937070878661
2024-07-11,7,3,10,70.0,3661.617184980389
2024-07-12,7,3,10,70.0,3635.8887297197803
2024-07-15,7,3,10,70.0,3647.062860126185
2024-07-16,7,3,10,70.0,3645.0591967959986
2024-07-18,6,4,10,60.0,3578.6283870646153
2024-07-19,4,6,10,40.0,3500.440141130465
2024-07-22,5,5,10,50.0,3536.973410821856
2024-07-23,5,5,10,50.0,3540.347494670531
2024-07-24,6,4,10,60.0,3613.885145166925
2024-07-25,6,4,10,60.0,3582.6935888437483
2024-07-26,6,4,10,60.0,3599.2888536227724
2024-07-29,6,4,10,60.0,3625.836527587923
2024-07-30,7,3,10,70.0,3691.154580674513
2024-07-31,7,3,10,70.0,3713.590188220207
2024-08-01,7,3,10,70.0,3726.688783796269
2024-08-02,7,3,10,70.0,3726.187802358994
2024-08-05,5,5,10,50.0,3617.4177609051662
2024-08-06,7,3,10,70.0,3670.488643727243
2024-08-07,7,3,10,70.0,3744.166861735774
2024-08-08,7,3,10,70.0,3803.7365756593945
2024-08-09,7,3,10,70.0,3853.1940155987704
2024-08-12,7,3,10,70.0,3801.9982452319573
2024-08-13,8,2,10,80.0,3739.7881721514877
2024-08-14,8,2,10,80.0,3738.7850247154665
2024-08-16,7,3,10,70.0,3749.083597838118
2024-08-19,8,2,10,80.0,3804.083471901701
2024-08-20,8,2,10,80.0,3795.9313488553917
2024-08-21,8,2,10,80.0,3836.6700318453773
2024-08-22,8,2,10,80.0,3908.1270241085017
2024-08-23,9,1,10,90.0,3926.6228540071374
2024-08-26,9,1,10,90.0,3974.3550359842507
2024-08-27,9,1,10,90.0,3974.2009489309603
2024-08-28,9,1,10,90.0,3941.5297343531647
2024-08-29,9,1,10,90.0,3927.608767064519
2024-08-30,9,1,10,90.0,3913.048915509108
2024-09-02,9,1,10,90.0,3900.2931725300045
2024-09-03,9,1,10,90.0,3912.543250058814
2024-09-04,8,2,10,80.0,3955.770985558155
2024-09-05,8,2,10,80.0,3951.302650212004
2024-09-06,8,2,10,80.0,3897.135886470883
2024-09-09,8,2,10,80.0,3877.46766334672
2024-09-10,9,1,10,90.0,3931.483131447573
2024-09-11,8,2,10,80.0,3875.6267753599614
2024-09-12,8,2,10,80.0,3886.666923591996
2024-09-13,8,2,10,80.0,3918.6123418727398
2024-09-16,8,2,10,80.0,3898.880837674955
2024-09-17,8,2,10,80.0,3949.7259329614253
2024-09-18,8,2,10,80.0,3898.646867573734
2024-09-19,8,2,10,80.0,3869.599993304962
2024-09-20,8,2,10,80.0,3925.2834698812367
2024-09-23,8,2,10,80.0,3937.5078101840395
2024-09-24,8,2,10,80.0,3937.319127929412
2024-09-25,8,2,10,80.0,3949.6115597997873
2024-09-26,9,1,10,90.0,3918.455545992951
2024-09-27,9,1,10,90.0,3911.1086196658525
2024-09-30,9,1,10,90.0,3949.580648781034
2024-10-01,9,1,10,90.0,3984.9764811495625
2024-10-03,9,1,10,90.0,3947.1213567704995
2024-10-04,8,2,10,80.0,3894.032811111159
2024-10-07,7,3,10,70.0,3766.923063892358
2024-10-08,7,3,10,70.0,3860.8989617689467
2024-10-09,7,3,10,70.0,3871.5887494082326
2024-10-10,7,3,10,70.0,3916.4307794965225
2024-10-11,7,3,10,70.0,3947.8832558284685
2024-10-14,7,3,10,70.0,3934.300972406062
2024-10-15,8,2,10,80.0,3928.419828649539
2024-10-16,7,3,10,70.0,3947.306799074521
2024-10-17,7,3,10,70.0,3888.1116084195896
2024-10-18,7,3,10,70.0,3878.7520988896226
2024-10-21,6,4,10,60.0,3848.8074747890914
2024-10-22,5,5,10,50.0,3722.6214654093383
2024-10-23,4,6,10,40.0,3720.0929951214307
2024-10-24,4,6,10,40.0,3667.198959188647
2024-10-25,4,6,10,40.0,3605.0933785791544
2024-10-28,4,6,10,40.0,3654.4548598314186
2024-10-29,4,6,10,40.0,3624.93179175871
2024-10-30,4,6,10,40.0,3669.8310117420706
2024-10-31,6,4,10,60.0,3734.486418775384
2024-11-01,6,4,10,60.0,3760.952688313628
2024-11-04,6,4,10,60.0,3689.5689586745766
2024-11-05,6,4,10,60.0,3753.079777495706
2024-11-06,6,4,10,60.0,3794.7442177313605
2024-11-07,6,4,10,60.0,3760.6086178620785
2024-11-08,6,4,10,60.0,3760.400029871418
2024-11-11,6,4,10,60.0,3694.702085027246
2024-11-12,6,4,10,60.0,3632.500946230006
2024-11-13,3,7,10,30.0,3503.1999321752182
2024-11-14,3,7,10,30.0,3514.6705803025143
2024-11-18,3,7,10,30.0,3501.8118757318043
2024-11-19,3,7,10,30.0,3502.411897046385
2024-11-21,2,8,10,20.0,3414.7631494895195
2024-11-22,2,8,10,20.0,3444.727952818238
2024-11-25,2,8,10,20.0,3512.6972006657097
2024-11-26,3,7,10,30.0,3562.848109475037
2024-11-27,3,7,10,30.0,3585.1752876037067
2024-11-28,4,6,10,40.0,3614.10882275073
2024-11-29,6,4,10,60.0,3631.4142549167846
2024-12-02,5,5,10,50.0,3687.8826731849094
2024-12-03,6,4,10,60.0,3746.147145459685
2024-12-04,7,3,10,70.0,3790.2348197790693
2024-12-05,7,3,10,70.0,3785.342757121325
2024-12-06,7,3,10,70.0,3794.3182538341766
2024-12-09,6,4,10,60.0,3765.5037053409296
2024-12-10,7,3,10,70.0,3877.3290267949064
2024-12-11,7,3,10,70.0,3901.1187070587966
2024-12-12,7,3,10,70.0,3910.7740134184537
2024-12-13,6,4,10,60.0,3860.009616448296
2024-12-16,6,4,10,60.0,3876.4638957067646
2024-12-17,6,4,10,60.0,3831.400844347027
2024-12-18,5,5,10,50.0,3792.17651488364
2024-12-19,5,5,10,50.0,3818.036378699796
2024-12-20,4,6,10,40.0,3724.052583790641
2024-12-23,4,6,10,40.0,3676.757453054725
2024-12-24,3,7,10,30.0,3666.9944513614205
2024-12-26,3,7,10,30.0,3616.56204329499
2024-12-27,2,8,10,20.0,3603.3554130347597
2024-12-30,2,8,10,20.0,3607.0650180099174
2024-12-31,3,7,10,30.0,3671.8257699488995
2025-01-01,4,6,10,40.0,3722.6379120730735
2025-01-02,4,6,10,40.0,3736.093768439328
2025-01-03,4,6,10,40.0,3720.733532545586
2025-01-06,4,6,10,40.0,3583.6234528164446
2025-01-07,4,6,10,40.0,3638.8451544814034
2025-01-08,4,6,10,40.0,3570.0420259086086
2025-01-09,4,6,10,40.0,3552.08561102974
2025-01-10,3,7,10,30.0,3490.8813883690386
2025-01-13,2,8,10,20.0,3298.9753065845007
2025-01-14,2,8,10,20.0,3399.8590930766672
2025-01-15,2,8,10,20.0,3429.185710754642
2025-01-16,3,7,10,30.0,3453.8821374285126
2025-01-17,3,7,10,30.0,3475.044388439737
2025-01-20,3,7,10,30.0,3479.2846183882943
2025-01-21,3,7,10,30.0,3440.1054406298376
2025-01-22,3,7,10,30.0,3385.687685491893
2025-01-23,3,7,10,30.0,3395.8515502076443
2025-01-24,3,7,10,30.0,3331.6153763534116
2025-01-27,2,8,10,20.0,3242.1160543043607
2025-01-28,2,8,10,20.0,3208.8037821875146
2025-01-29,1,9,10,10.0,3245.419409263998
2025-01-30,1,9,10,10.0,3207.147804372029
2025-01-31,1,9,10,10.0,3272.488044748722
2025-02-01,2,8,10,20.0,3293.236333483067
2025-02-03,2,8,10,20.0,3307.664725422359
2025-02-04,2,8,10,20.0,3309.3781088347937
2025-02-05,2,8,10,20.0,3324.104944920614
2025-02-06,2,8,10,20.0,3313.5662108242686
2025-02-07,2,8,10,20.0,3276.6915720519646
2025-02-10,1,9,10,10.0,3227.2610676794225
2025-02-11,1,9,10,10.0,3112.2960659750433
2025-02-12,1,9,10,10.0,3058.672710726041
2025-02-13,1,9,10,10.0,3071.104945541234
2025-02-14,0,10,10,0.0,2964.324193718594
2025-02-17,0,10,10,0.0,2912.7084259108997
2025-02-18,0,10,10,0.0,2860.7835837475413
2025-02-19,0,10,10,0.0,2923.0275366811857
2025-02-20,0,10,10,0.0,2997.6936907877775
2025-02-21,1,9,10,10.0,2998.1912629197504
2025-02-24,0,10,10,0.0,2948.3550964918463
2025-02-25,0,10,10,0.0,2915.141139011124
2025-02-27,0,10,10,0.0,2856.828508305242
2025-02-28,0,10,10,0.0,2801.740071394363
2025-03-03,0,10,10,0.0,2745.0596381544187
2025-03-04,0,10,10,0.0,2744.9520089814596
2025-03-05,0,10,10,0.0,2816.2903452708947
2025-03-06,0,10,10,0.0,2887.6184083186945
2025-03-07,0,10,10,0.0,2894.4843800783383
2025-03-10,0,10,10,0.0,2815.501733281142
2025-03-11,0,10,10,0.0,2777.647679650834
2025-03-12,0,10,10,0.0,2789.9137362301267
2025-03-13,0,10,10,0.0,2745.8213603560107
2025-03-17,0,10,10,0.0,2708.2571816354985
2025-03-18,0,10,10,0.0,2808.6828723642757
2025-03-19,0,10,10,0.0,2863.3731895746123
2025-03-20,1,9,10,10.0,2864.3082929649636
2025-03-21,1,9,10,10.0,2932.8610929736124
2025-03-24,1,9,10,10.0,2948.615055511298
2025-03-25,1,9,10,10.0,2913.923587385658
2025-03-26,0,10,10,0.0,2877.8008316199134
2025-03-27,1,9,10,10.0,2885.5755228948065
2025-03-28,1,9,10,10.0,2845.55481221877
2025-04-01,1,9,10,10.0,2892.1075572175764
2025-04-02,1,9,10,10.0,2902.529269104274
2025-04-03,1,9,10,10.0,2897.7956009909567
2025-04-04,1,9,10,10.0,2801.9593711652424
2025-04-07,0,10,10,0.0,2705.4018517192403
2025-04-08,0,10,10,0.0,2789.3553255638644
2025-04-09,0,10,10,0.0,2757.0915680805297
2025-04-11,1,9,10,10.0,2830.5938069748863
2025-04-15,1,9,10,10.0,2921.620515390841
2025-04-16,1,9,10,10.0,2914.7685993828823
2025-04-17,1,9,10,10.0,2922.595225962637
2025-04-21,1,9,10,10.0,2957.3937550409673
2025-04-22,1,9,10,10.0,3027.6542882597537
2025-04-23,1,9,10,10.0,3002.6706642780364
2025-04-24,1,9,10,10.0,3007.0293943502493
2025-04-25,1,9,10,10.0,2923.337304590301
2025-04-28,1,9,10,10.0,2914.0174893331186
2025-04-29,1,9,10,10.0,2928.7706560557594
2025-04-30,1,9,10,10.0,2891.5983420271273
2025-05-02,1,9,10,10.0,2860.2642786617735
2025-05-05,1,9,10,10.0,2893.254102654374
2025-05-06,1,9,10,10.0,2849.4069110525143
2025-05-07,1,9,10,10.0,2856.538324211317
2025-05-08,1,9,10,10.0,2858.787871358242
2025-05-09,1,9,10,10.0,2871.2547051158763
2025-05-12,1,9,10,10.0,3020.168073769601
2025-05-13,1,9,10,10.0,3070.0798280867343
2025-05-14,1,9,10,10.0,3118.6017203837937
2025-05-15,1,9,10,10.0,3156.8687990307253
2025-05-16,1,9,10,10.0,3183.1895352222714
2025-05-19,1,9,10,10.0,3233.339335547445
2025-05-20,1,9,10,10.0,3196.7043023132387
2025-05-21,1,9,10,10.0,3252.6164639947615
2025-05-22,2,8,10,20.0,3286.8088611184094
2025-05-23,2,8,10,20.0,3307.7800188468386
2025-05-26,2,8,10,20.0,3346.5817954715158
2025-05-27,2,8,10,20.0,3341.6968493389236
2025-05-28,2,8,10,20.0,3364.023084644757
2025-05-29,3,7,10,30.0,3384.7647511162195
2025-05-30,2,8,10,20.0,3397.435777812849
2025-06-02,4,6,10,40.0,3437.98840094892
2025-06-03,3,7,10,30.0,3423.5248987004957
2025-06-04,4,6,10,40.0,3448.8611690753573
2025-06-05,3,7,10,30.0,3451.80834905971
2025-06-06,4,6,10,40.0,3456.0276850524347
2025-06-09,4,6,10,40.0,3574.586909587216
2025-06-10,5,5,10,50.0,3608.1446074015607
2025-06-11,3,7,10,30.0,3579.5061785685048
2025-06-12,4,6,10,40.0,3540.1744356467793
2025-06-13,4,6,10,40.0,3575.2793216028986
2025-06-16,5,5,10,50.0,3547.6544599628055
2025-06-17,6,4,10,60.0,3536.3047909190354
2025-06-18,4,6,10,40.0,3487.41266149149
2025-06-19,3,7,10,30.0,3443.0698516566695
2025-06-20,2,8,10,20.0,3416.525876136368
2025-06-23,2,8,10,20.0,3424.2289343538964
2025-06-24,3,7,10,30.0,3484.5786542855635
2025-06-25,4,6,10,40.0,3492.5175017767715
2025-06-26,4,6,10,40.0,3476.0179899849772
2025-06-27,5,5,10,50.0,3499.3648095221643
2025-06-30,4,6,10,40.0,3486.9325363184826
2025-07-01,5,5,10,50.0,3490.396503459903
2025-07-02,3,7,10,30.0,3496.0824563398
2025-07-03,6,4,10,60.0,3521.0419437403934
2025-07-04,5,5,10,50.0,3543.169778236318
2025-07-07,5,5,10,50.0,3502.706144160138
2025-07-08,5,5,10,50.0,3496.0588686844135
2025-07-09,5,5,10,50.0,3503.439564933682
2025-07-10,5,5,10,50.0,3517.6802072122437
2025-07-11,5,5,10,50.0,3480.5135596851374
2025-07-14,5,5,10,50.0,3487.171492740586
2025-07-15,4,6,10,40.0,3501.0368302497673
2025-07-16,6,4,10,60.0,3565.6929366058803
2025-07-17,7,3,10,70.0,3605.4299395885337
2025-07-18,6,4,10,60.0,3563.59998705285
2025-07-21,6,4,10,60.0,3566.3582974617298
2025-07-22,6,4,10,60.0,3617.3952787791604
2025-07-23,8,2,10,80.0,3659.1059540589363
2025-07-24,8,2,10,80.0,3627.6047073512514
2025-07-25,6,4,10,60.0,3552.0297024158303
2025-07-28,5,5,10,50.0,3509.613097414144
2025-07-29,5,5,10,50.0,3534.143845970312
2025-07-30,5,5,10,50.0,3532.221719601802
2025-07-31,6,4,10,60.0,3515.696564807538
2025-08-01,5,5,10,50.0,3453.0457429476933
2025-08-04,5,5,10,50.0,3467.2442158295466
2025-08-05,5,5,10,50.0,3441.976363016844
2025-08-06,3,7,10,30.0,3386.508070420836
2025-08-07,5,5,10,50.0,3408.11032231052
2025-08-08,4,6,10,40.0,3412.001371505959
2025-08-11,4,6,10,40.0,3409.8480755355154
2025-08-12,4,6,10,40.0,3386.577599505083
2025-08-13,4,6,10,40.0,3373.1318282462626
2025-08-14,5,5,10,50.0,3394.0495364611943
2025-08-18,7,3,10,70.0,3438.36049321183
2025-08-19,7,3,10,70.0,3486.2093849523285
2025-08-20,6,4,10,60.0,3480.3691483424623
2025-08-21,6,4,10,60.0,3476.8204986391693
2025-08-22,6,4,10,60.0,3459.575130150807
2025-08-25,6,4,10,60.0,3436.1165913480627
2025-08-26,5,5,10,50.0,3398.4434966672866
2025-08-28,5,5,10,50.0,3401.732271248294
2025-08-29,5,5,10,50.0,3432.937522531716
2025-09-01,7,3,10,70.0,3460.1486071731
2025-09-02,7,3,10,70.0,3481.561897063937
2025-09-03,6,4,10,60.0,3499.3141708219896
2025-09-04,4,6,10,40.0,3467.2286242636687
2025-09-05,5,5,10,50.0,3497.6523626080807
2025-09-08,4,6,10,40.0,3487.9740481018443
2025-09-09,4,6,10,40.0,3488.720168698577
2025-09-10,4,6,10,40.0,3500.7036350356907
2025-09-11,7,3,10,70.0,3634.19249123213
2025-09-12,7,3,10,70.0,3634.1717508350293
2025-09-15,7,3,10,70.0,3668.1074259654947
2025-09-16,8,2,10,80.0,3674.550549308212
2025-09-17,8,2,10,80.0,3674.192394264676
2025-09-18,7,3,10,70.0,3617.5585330469758
2025-09-19,7,3,10,70.0,3637.164377507689
2025-09-22,7,3,10,70.0,3596.609039716774
2025-09-23,7,3,10,70.0,3575.7876472340195
2025-09-24,7,3,10,70.0,3586.2021924290575
2025-09-25,7,3,10,70.0,3532.455935485053
2025-09-26,7,3,10,70.0,3464.183402515085
2025-09-29,5,5,10,50.0,3436.463816317439
2025-09-30,6,4,10,60.0,3455.9901896397955
2025-10-01,7,3,10,70.0,3518.165204228822
2025-10-03,7,3,10,70.0,3564.220761148618
2025-10-06,7,3,10,70.0,3532.800994740214
2025-10-07,7,3,10,70.0,3534.730804485208
2025-10-08,7,3,10,70.0,3528.345931119375
2025-10-09,7,3,10,70.0,3527.5416008423435
2025-10-10,7,3,10,70.0,3554.925478214621
2025-10-13,6,4,10,60.0,3519.0582525217706
2025-10-14,5,5,10,50.0,3449.437792528828
2025-10-15,6,4,10,60.0,3482.3953606343343
2025-10-16,7,3,10,70.0,3505.8673323075004
2025-10-17,6,4,10,60.0,3508.835174174664
2025-10-20,5,5,10,50.0,3505.4505129806444
2025-10-21,7,3,10,70.0,3523.4170801410783
2025-10-23,6,4,10,60.0,3505.486215056549
2025-10-24,6,4,10,60.0,3492.407483094592
2025-10-27,7,3,10,70.0,3496.2903142049436
2025-10-28,6,4,10,60.0,3492.810431697656
2025-10-29,8,2,10,80.0,3516.6970342598356
2025-10-30,7,3,10,70.0,3533.3912078499507
2025-10-31,8,2,10,80.0,3510.316648536622
2025-11-03,8,2,10,80.0,3525.4941276820105
2025-11-04,6,4,10,60.0,3485.282109511607
2025-11-06,5,5,10,50.0,3433.852884940321
2025-11-07,4,6,10,40.0,3414.7293302240328
2025-11-10,4,6,10,40.0,3404.2760580286795
2025-11-11,4,6,10,40.0,3400.5509859229237
2025-11-12,5,5,10,50.0,3438.2218351584265
2025-11-13,5,5,10,50.0,3435.2784102549954
2025-11-14,4,6,10,40.0,3416.071928147557
2025-11-17,4,6,10,40.0,3411.6063791580764
2025-11-18,4,6,10,40.0,3387.5536066852837
2025-11-19,4,6,10,40.0,3362.9328673546925
2025-11-20,4,6,10,40.0,3356.9580286320693
2025-11-21,3,7,10,30.0,3316.437910037098
2025-11-24,4,6,10,40.0,3267.426866579523
2025-11-25,4,6,10,40.0,3280.884541471562
2025-11-26,4,6,10,40.0,3340.908350289122
2025-11-27,4,6,10,40.0,3325.986789116617
2025-11-28,4,6,10,40.0,3299.469502207526
2025-12-01,4,6,10,40.0,3287.812928813907
2025-12-02,4,6,10,40.0,3284.380473864448
2025-12-03,4,6,10,40.0,3283.5185334157613
2025-12-04,4,6,10,40.0,3260.0804346924156
2025-12-05,3,7,10,30.0,3237.8226536315055
2025-12-08,3,7,10,30.0,3172.970787647564
2025-12-09,3,7,10,30.0,3190.605808249651
2025-12-10,3,7,10,30.0,3202.9999885145144
2025-12-11,3,7,10,30.0,3218.3813504226996
2025-12-12,3,7,10,30.0,3228.7278841270677
2025-12-15,4,6,10,40.0,3231.908002545209
2025-12-16,4,6,10,40.0,3226.2352460250318
2025-12-17,4,6,10,40.0,3212.941180328508
2025-12-18,4,6,10,40.0,3161.0363595323056
2025-12-19,3,7,10,30.0,3182.7848932830266
2025-12-22,3,7,10,30.0,3216.2946276620564
2025-12-23,3,7,10,30.0,3227.5323876074617
2025-12-24,3,7,10,30.0,3177.518274730894
2025-12-26,3,7,10,30.0,3181.040566274701
2025-12-29,3,7,10,30.0,3153.103328852976
2025-12-30,3,7,10,30.0,3156.2876141714514
2025-12-31,3,7,10,30.0,3182.0406963471196
2026-01-01,3,7,10,30.0,3197.834984512846
2026-01-02,3,7,10,30.0,3223.0624295871494
2026-01-05,3,7,10,30.0,3189.2226668795374
2026-01-06,3,7,10,30.0,3177.5593980158756
2026-01-07,3,7,10,30.0,3179.970133154455
2026-01-08,2,8,10,20.0,3114.67900330929
2026-01-09,2,8,10,20.0,3061.953861988652
2026-01-12,1,9,10,10.0,3048.314302657603
2026-01-13,2,8,10,20.0,3040.4712983101726
2026-01-14,1,9,10,10.0,3030.560900206851
2026-01-16,1,9,10,10.0,3030.560900206851
2026-01-19,1,9,10,10.0,2972.5979588083846
2026-01-20,1,9,10,10.0,2927.6858101827884
2026-01-21,1,9,10,10.0,2908.4802469115566
2026-01-22,1,9,10,10.0,2958.3294921899396
2026-01-23,1,9,10,10.0,2909.6903897048774
2026-01-27,1,9,10,10.0,2893.507688236651
2026-01-28,2,8,10,20.0,2949.7194926169277
2026-01-29,2,8,10,20.0,2942.690181058215
2026-01-30,2,8,10,20.0,2982.3070221494268
2026-02-01,1,9,10,10.0,2949.9738501381403
2026-02-02,2,8,10,20.0,2983.130115655591
2026-02-03,3,7,10,30.0,3091.7651523548966
2026-02-04,3,7,10,30.0,3092.998192320474
2026-02-05,3,7,10,30.0,3039.240053926893
2026-02-06,3,7,10,30.0,3059.285266888439
2026-02-09,3,7,10,30.0,3144.6455297410216
2026-02-10,3,7,10,30.0,3185.1474338469734
2026-02-11,3,7,10,30.0,3160.143973174313
2026-02-12,3,7,10,30.0,3132.122247017447
2026-02-13,2,8,10,20.0,3068.443047166724
2026-02-16,2,8,10,20.0,3044.433849420736
2026-02-17,2,8,10,20.0,3073.5490374694377
2026-02-18,2,8,10,20.0,3091.897500142649
2026-02-19,2,8,10,20.0,3040.6139130359966
2026-02-20,2,8,10,20.0,3024.117341220143
2026-02-23,2,8,10,20.0,3015.6126986590143
2026-02-24,2,8,10,20.0,2960.4281233894953
2026-02-25,2,8,10,20.0,2956.899458700531
2026-02-26,2,8,10,20.0,2965.835468970849
2026-02-27,2,8,10,20.0,2930.5343200057864
2026-03-02,1,9,10,10.0,2861.182931514948
2026-03-04,1,9,10,10.0,2801.1569510644126
2026-03-05,1,9,10,10.0,2807.6498166181664
2026-03-06,1,9,10,10.0,2778.8591194751607
2026-03-09,1,9,10,10.0,2677.649415381196
2026-03-10,1,9,10,10.0,2729.161487161495
2026-03-11,1,9,10,10.0,2766.4951297480484
2026-03-12,1,9,10,10.0,2760.944402503494
2026-03-13,1,9,10,10.0,2662.257785388656
2026-03-16,1,9,10,10.0,2628.4364888005525
2026-03-17,1,9,10,10.0,2658.094209969266
2026-03-18,1,9,10,10.0,2767.258721549212
2026-03-19,1,9,10,10.0,2685.609967285978
2026-03-20,1,9,10,10.0,2686.292444861889
2026-03-23,1,9,10,10.0,2573.1274233143095
2026-03-24,1,9,10,10.0,2642.204332682105
2026-03-25,1,9,10,10.0,2704.717140993276
2026-03-27,1,9,10,10.0,2630.8225525227454
2026-03-30,1,9,10,10.0,2544.5537923865622
2026-04-01,1,9,10,10.0,2671.8808456562824
2026-04-02,1,9,10,10.0,2711.2416680296496
2026-04-06,1,9,10,10.0,2729.403373008234
2026-04-07,1,9,10,10.0,2743.4340233740604
2026-04-08,1,9,10,10.0,2894.3161267633222
2026-04-09,2,8,10,20.0,2872.827859282434
2026-04-10,2,8,10,20.0,2935.6318758071943
2026-04-13,2,8,10,20.0,2907.1640990698784
2026-04-15,2,8,10,20.0,2986.6665779861214
2026-04-16,3,7,10,30.0,3030.389244861967
2026-04-17,3,7,10,30.0,3085.9694934875506
2026-04-20,3,7,10,30.0,3070.868496416028
2026-04-21,4,6,10,40.0,3111.8367813425166
2026-04-22,5,5,10,50.0,3156.1540740175724
2026-04-23,5,5,10,50.0,3125.9044551413335
2026-04-24,5,5,10,50.0,3094.1347877956578
2026-04-27,5,5,10,50.0,3132.553702948361
2026-04-28,5,5,10,50.0,3182.30002058774
2026-04-29,6,4,10,60.0,3247.3182256373684
2026-04-30,5,5,10,50.0,3198.9287756748004
2026-05-04,5,5,10,50.0,3208.912129026147
2026-05-05,4,6,10,40.0,3167.9426536435035
2026-05-06,5,5,10,50.0,3225.30516367114
2026-05-07,5,5,10,50.0,3234.368432657992
2026-05-08,7,3,10,70.0,3240.2928328659855
2026-05-11,6,4,10,60.0,3210.8041666349704
2026-05-12,5,5,10,50.0,3098.611752505049
2026-05-13,5,5,10,50.0,3108.5692137387077
2026-05-14,5,5,10,50.0,3085.9905611894683
2026-05-15,5,5,10,50.0,3061.591271232342
2026-05-18,4,6,10,40.0,3019.410385257652
2026-05-19,4,6,10,40.0,3063.6262371748107
2026-05-20,3,7,10,30.0,3111.0094782013884
2026-05-21,3,7,10,30.0,3122.4333635550797
2026-05-22,4,6,10,40.0,3172.721575297303
2026-05-25,5,5,10,50.0,3203.8161159453134
2026-05-26,5,5,10,50.0,3187.717881369014
2026-05-27,4,6,10,40.0,3184.12589992564
2026-05-29,4,6,10,40.0,3109.5791948638944
2026-06-01,4,6,10,40.0,3105.069973124702
2026-06-02,4,6,10,40.0,3158.636642368987
2026-06-03,5,5,10,50.0,3170.1829089191287
2026-06-04,5,5,10,50.0,3155.545872106805
2026-06-05,4,6,10,40.0,3194.7202813825393
2026-06-08,3,7,10,30.0,3133.079066673225
2026-06-09,4,6,10,40.0,3212.2554566236745
2026-06-10,4,6,10,40.0,3189.6170807455683
2026-06-11,4,6,10,40.0,3189.810910175604
2026-06-12,5,5,10,50.0,3258.7578440179373
2026-06-15,5,5,10,50.0,3358.4017301269514
2026-06-22,6,4,10,60.0,3426.1454111344024
2026-06-23,6,4,10,60.0,3407.474719541718
2026-06-24,6,4,10,60.0,3422.083314741635
2026-06-25,6,4,10,60.0,3403.8186856048674
2026-06-29,5,5,10,50.0,3382.9932386858322
2026-06-30,6,4,10,60.0,3404.76079694577
2026-07-01,6,4,10,60.0,3406.1372218912793
2026-07-02,6,4,10,60.0,3415.991618259044
2026-07-03,7,3,10,70.0,3427.2967088502255
2026-07-06,7,3,10,70.0,3426.1373595120217
2026-07-07,7,3,10,70.0,3420.6456548376855
2026-07-08,7,3,10,70.0,3354.724553729053
2026-07-09,7,3,10,70.0,3404.5447622811466
2026-07-10,7,3,10,70.0,3434.9013225760837
2026-07-13,7,3,10,70.0,3439.767862544512
2026-07-14,7,3,10,70.0,3404.273204781609
2026-07-15,7,3,10,70.0,3437.074461593435
2026-07-16,7,3,10,70.0,3443.0612391197365
2026-07-17,7,3,10,70.0,3404.9800722172326
2026-07-20,7,3,10,70.0,3436.0535808788454
2026-07-21,7,3,10,70.0,3437.2227617042463
2026-07-22,6,4,10,60.0,3439.31944780664
2026-07-23,6,4,10,60.0,3381.384003980912
2026-07-24,7,3,10,70.0,3390.9779441706687
2026-07-27,7,3,10,70.0,3420.475833473366
2026-07-28,7,3,10,70.0,3404.846009869723
2026-07-29,7,3,10,70.0,3408.936804498469
2026-07-30,7,3,10,70.0,3408.7731100478413
2026-07-31,7,3,10,70.0,3397.3899441474614
2026-08-03,8,2,10,80.0,3442.3504973242502
2026-08-04,8,2,10,80.0,3468.2665385650025
2026-08-05,8,2,10,80.0,3467.479463147563
2026-08-06,8,2,10,80.0,3481.737217827616
2026-08-07,8,2,10,80.0,3429.3641711923556
2026-08-10,8,2,10,80.0,3442.3981816432442
2026-08-11,8,2,10,80.0,3424.8790245954515
2026-08-12,7,3,10,70.0,3400.6086118071003
2026-08-13,7,3,10,70.0,3432.4869140546434
2026-08-14,7,3,10,70.0,3416.3030569781477
2026-08-17,7,3,10,70.0,3392.9424691420572
2026-08-18,7,3,10,70.0,3384.8849147076644
2026-08-19,7,3,10,70.0,3366.6939427461657
2026-08-20,8,2,10,80.0,3387.0144349025004
2026-08-21,7,3,10,70.0,3416.5058911643414
2026-08-24,7,3,10,70.0,3407.875022331489
2026-08-25,7,3,10,70.0,3390.811675756226
