Date,Above,Below,Total,Percentage,Index_Close
2014-08-07,2,0,2,100.0,207.3241363015779
2014-08-08,2,0,2,100.0,201.59777476894226
2014-08-11,2,0,2,100.0,204.4113246584568
2014-08-12,2,0,2,100.0,198.7734440499059
2014-08-13,2,0,2,100.0,195.76785832566847
2014-08-14,2,0,2,100.0,197.36506783359397
2014-08-18,2,0,2,100.0,202.75042617021066
2014-08-19,2,0,2,100.0,206.3101662735229
2014-08-20,2,0,2,100.0,202.95450032222698
2014-08-21,2,0,2,100.0,206.0845309234225
2014-08-22,2,0,2,100.0,203.46915923288157
2014-08-25,2,0,2,100.0,201.87486639777887
2014-08-26,2,0,2,100.0,200.45372682795968
2014-08-27,2,0,2,100.0,204.81834678010551
2014-08-28,2,0,2,100.0,205.15234831136985
2014-09-01,2,0,2,100.0,206.69359022217665
2014-09-02,2,0,2,100.0,205.99188798707183
2014-09-03,2,0,2,100.0,205.86607041766075
2014-09-04,2,0,2,100.0,203.67795130434837
2014-09-05,2,0,2,100.0,212.98923745289468
2014-09-08,2,0,2,100.0,214.00657959094173
2014-09-09,2,0,2,100.0,209.82337138768088
2014-09-10,2,0,2,100.0,210.79704248316008
2014-09-11,2,0,2,100.0,216.56705007814003
2014-09-12,2,0,2,100.0,216.13749550685236
2014-09-15,2,0,2,100.0,214.4711474527731
2014-09-16,2,0,2,100.0,206.95119908603948
2014-09-17,2,0,2,100.0,207.48855085062044
2014-09-18,2,0,2,100.0,214.61447287420015
2014-09-19,2,0,2,100.0,210.45749863988675
2014-09-22,2,0,2,100.0,208.72262315330366
2014-09-23,2,0,2,100.0,204.80689102976447
2014-09-24,2,0,2,100.0,204.98550419049008
2014-09-25,2,0,2,100.0,201.15226358039214
2014-09-26,2,0,2,100.0,205.54519893947233
2014-09-29,2,0,2,100.0,206.58715617334767
2014-09-30,2,0,2,100.0,211.52526842579928
2014-10-01,2,0,2,100.0,208.05764151688138
2014-10-07,2,0,2,100.0,200.50422305486143
2014-10-08,2,0,2,100.0,200.65227329467544
2014-10-09,2,0,2,100.0,200.41621574398386
2014-10-10,2,0,2,100.0,198.02212489775977
2014-10-13,2,0,2,100.0,199.5852740493904
2014-10-14,2,0,2,100.0,198.05529533082066
2014-10-16,2,0,2,100.0,196.45158030265242
2014-10-17,2,0,2,100.0,200.49486395333048
2014-10-20,2,0,2,100.0,201.553533528373
2014-10-21,2,0,2,100.0,209.1657985737763
2014-10-22,2,0,2,100.0,203.89860775703377
2014-10-23,2,0,2,100.0,206.00428319175626
2014-10-27,2,0,2,100.0,208.54363322758144
2014-10-28,2,0,2,100.0,206.62857364015412
2014-10-29,2,0,2,100.0,207.4104956563977
2014-10-30,2,0,2,100.0,207.27454736870706
2014-10-31,2,0,2,100.0,209.73439046627186
2014-11-03,2,0,2,100.0,214.08852388080325
2014-11-05,2,0,2,100.0,218.85182184375532
2014-11-07,2,0,2,100.0,218.90960590685097
2014-11-10,2,0,2,100.0,217.01393154552565
2014-11-11,2,0,2,100.0,218.02337082306656
2014-11-12,2,0,2,100.0,220.8030415091357
2014-11-13,2,0,2,100.0,218.55665691042825
2014-11-14,2,0,2,100.0,217.76632858502785
2014-11-17,2,0,2,100.0,221.21285221644104
2014-11-18,2,0,2,100.0,216.29576144970338
2014-11-19,2,0,2,100.0,216.17353531923445
2014-11-20,2,0,2,100.0,217.27233310092703
2014-11-21,2,0,2,100.0,220.28125464094717
2014-11-24,2,0,2,100.0,223.52097063264412
2014-11-25,2,0,2,100.0,220.81211424903307
2014-11-26,2,0,2,100.0,221.21763452487468
2014-11-27,2,0,2,100.0,234.96364161203388
2014-11-28,2,0,2,100.0,238.15145260775532
2014-12-01,2,0,2,100.0,233.52130183237193
2014-12-02,2,0,2,100.0,235.90570585913557
2014-12-03,2,0,2,100.0,240.0205881786616
2014-12-04,2,0,2,100.0,242.47661240087086
2014-12-05,2,0,2,100.0,242.51418472705168
2014-12-08,2,0,2,100.0,242.62296427702194
2014-12-09,2,0,2,100.0,235.79065862791487
2014-12-10,2,0,2,100.0,239.74896354854334
2014-12-11,2,0,2,100.0,240.13549844200503
2014-12-12,2,0,2,100.0,235.2078757334346
2014-12-15,2,0,2,100.0,230.45839873451527
2014-12-16,2,0,2,100.0,223.3476185512395
2014-12-17,2,0,2,100.0,227.14282084907964
2014-12-18,2,0,2,100.0,227.89661924147134
2014-12-19,2,0,2,100.0,228.33832553840315
2014-12-22,2,0,2,100.0,228.5882328629734
2014-12-23,2,0,2,100.0,232.30996683401983
2014-12-24,2,0,2,100.0,227.89615573532464
2014-12-26,2,0,2,100.0,225.98421922328978
2014-12-29,2,0,2,100.0,230.13215501570014
2014-12-30,2,0,2,100.0,230.00384106333613
2014-12-31,2,0,2,100.0,228.6525216785528
2015-01-01,2,0,2,100.0,236.59896093159287
2015-01-02,2,0,2,100.0,234.67404519950486
2015-01-05,2,0,2,100.0,241.66703204751659
2015-01-06,2,0,2,100.0,235.95656295958617
2015-01-07,2,0,2,100.0,235.57370580271098
2015-01-08,2,0,2,100.0,236.99378515098758
2015-01-09,2,0,2,100.0,238.14956233467427
2015-01-12,2,0,2,100.0,243.97859969215818
2015-01-13,2,0,2,100.0,245.76144575056125
2015-01-14,2,0,2,100.0,243.08305604035678
2015-01-15,2,0,2,100.0,246.99741712514302
2015-01-16,2,0,2,100.0,245.7379086494484
2015-01-19,2,0,2,100.0,246.32122409235637
2015-01-20,2,0,2,100.0,253.05372906201512
2015-01-21,2,0,2,100.0,253.6355882326347
2015-01-22,2,0,2,100.0,254.98376918343774
2015-01-23,2,0,2,100.0,256.42001983257853
2015-01-27,2,0,2,100.0,260.89708908498744
2015-01-28,2,0,2,100.0,262.5223322514515
2015-01-29,2,0,2,100.0,270.2655956018393
2015-01-30,2,0,2,100.0,265.7778180278008
2015-02-02,2,0,2,100.0,267.07719410291816
2015-02-03,2,0,2,100.0,257.60163510293256
2015-02-04,2,0,2,100.0,258.8516651883028
2015-02-05,2,0,2,100.0,254.3716384775764
2015-02-06,2,0,2,100.0,253.19543131578368
2015-02-09,2,0,2,100.0,253.32131239849417
2015-02-10,2,0,2,100.0,253.37805200170803
2015-02-11,2,0,2,100.0,255.98217449545223
2015-02-12,2,0,2,100.0,256.4424397522475
2015-02-13,2,0,2,100.0,257.5335375676983
2015-02-16,2,0,2,100.0,272.1405597820437
2015-02-18,2,0,2,100.0,278.7292450516905
2015-02-19,2,0,2,100.0,273.38098403805475
2015-02-20,2,0,2,100.0,276.31159913562294
2015-02-23,2,0,2,100.0,282.52268621551934
2015-02-24,2,0,2,100.0,276.90750113736044
2015-02-25,2,0,2,100.0,281.1689423585634
2015-02-26,2,0,2,100.0,278.67576062844404
2015-02-27,2,0,2,100.0,279.94092316938446
2015-02-28,2,0,2,100.0,299.949258964132
2015-03-02,2,0,2,100.0,302.12105783270033
2015-03-03,2,0,2,100.0,306.12966394361376
2015-03-04,2,0,2,100.0,302.9679309005049
2015-03-05,2,0,2,100.0,303.88064328128996
2015-03-09,2,0,2,100.0,305.6013397213562
2015-03-10,2,0,2,100.0,301.4580761084783
2015-03-11,2,0,2,100.0,294.40685433466894
2015-03-12,2,0,2,100.0,294.39471676447704
2015-03-13,2,0,2,100.0,288.6872803983368
2015-03-16,2,0,2,100.0,287.1134820742685
2015-03-17,2,0,2,100.0,286.3367476259095
2015-03-18,2,0,2,100.0,291.9272911908135
2015-03-19,2,0,2,100.0,292.8658268430914
2015-03-20,2,0,2,100.0,287.69642785498604
2015-03-23,2,0,2,100.0,293.34675353856346
2015-03-24,2,0,2,100.0,304.26353374728217
2015-03-25,2,0,2,100.0,298.12347946355385
2015-03-26,2,0,2,100.0,285.56809402757256
2015-03-27,2,0,2,100.0,281.0665621956608
2015-03-30,2,0,2,100.0,285.7174946280498
2015-03-31,2,0,2,100.0,285.1890127125221
2015-04-01,2,0,2,100.0,300.2094703458374
2015-04-06,2,0,2,100.0,303.08418855992375
2015-04-07,2,0,2,100.0,301.3576928364207
2015-04-08,2,0,2,100.0,302.1944993021579
2015-04-09,2,0,2,100.0,300.6230968395078
2015-04-10,2,0,2,100.0,306.170759892795
2015-04-13,2,0,2,100.0,306.1286959994125
2015-04-15,2,0,2,100.0,300.1329768616757
2015-04-16,2,0,2,100.0,298.8304800246308
2015-04-17,2,0,2,100.0,296.0939481531823
2015-04-20,2,0,2,100.0,289.42863808228844
2015-04-21,2,0,2,100.0,283.42540741041404
2015-04-22,2,0,2,100.0,285.93382235145737
2015-04-23,2,0,2,100.0,283.76748220702615
2015-04-24,2,0,2,100.0,263.7123762137791
2015-04-27,2,0,2,100.0,264.4161512322438
2015-04-28,2,0,2,100.0,271.3158916232854
2015-04-29,2,0,2,100.0,276.49085928290907
2015-04-30,2,0,2,100.0,283.55349223668003
2015-05-04,2,0,2,100.0,283.96922816117666
2015-05-05,2,0,2,100.0,277.5202605663611
2015-05-06,2,0,2,100.0,269.2289706205487
2015-05-07,2,0,2,100.0,267.9701204885987
2015-05-08,2,0,2,100.0,271.97037557478353
2015-05-11,2,0,2,100.0,277.3963214535524
2015-05-12,2,0,2,100.0,272.0065259486957
2015-05-13,2,0,2,100.0,281.78756545869396
2015-05-14,2,0,2,100.0,285.2457900252699
2015-05-15,2,0,2,100.0,297.8321861026421
2015-05-18,2,0,2,100.0,296.3664911272125
2015-05-19,2,0,2,100.0,294.8882088136772
2015-05-20,2,0,2,100.0,297.66651323779257
2015-05-21,2,0,2,100.0,301.8423049202467
2015-05-22,2,0,2,100.0,296.1408794556605
2015-05-25,2,0,2,100.0,289.61962680438097
2015-05-26,2,0,2,100.0,284.093318089622
2015-05-27,2,0,2,100.0,283.2610706636413
2015-05-28,2,0,2,100.0,282.86652118741296
2015-05-29,2,0,2,100.0,302.05041961342243
2015-06-01,2,0,2,100.0,293.21245580026584
2015-06-02,2,0,2,100.0,283.3646672171369
2015-06-03,2,0,2,100.0,277.9096399961278
2015-06-04,2,0,2,100.0,276.47402325324066
2015-06-05,2,0,2,100.0,274.4990622909449
2015-06-08,2,0,2,100.0,272.46741434969096
2015-06-09,2,0,2,100.0,270.8639222126234
2015-06-10,2,0,2,100.0,273.5274211323966
2015-06-11,2,0,2,100.0,267.34164930768276
2015-06-12,2,0,2,100.0,265.05178587702
2015-06-15,2,0,2,100.0,268.8017465032494
2015-06-16,2,0,2,100.0,272.55009645009045
2015-06-17,2,0,2,100.0,278.9048739931559
2015-06-18,2,0,2,100.0,281.7316779719366
2015-06-19,2,0,2,100.0,281.03260965028227
2015-06-22,2,0,2,100.0,282.6672142519403
2015-06-23,2,0,2,100.0,286.6618252134223
2015-06-24,2,0,2,100.0,290.2557468778222
2015-06-25,2,0,2,100.0,291.1642084193593
2015-06-26,2,0,2,100.0,290.67641756482294
2015-06-29,2,0,2,100.0,280.8699360652267
2015-06-30,2,0,2,100.0,284.57958080735494
2015-07-01,2,0,2,100.0,291.53435413087294
2015-07-02,2,0,2,100.0,295.1233050968303
2015-07-03,2,0,2,100.0,296.92534798443745
2015-07-06,2,0,2,100.0,301.17867120731967
2015-07-07,2,0,2,100.0,299.68691544913816
2015-07-08,2,0,2,100.0,292.45396240298214
2015-07-09,2,0,2,100.0,291.50550305544823
2015-07-10,2,0,2,100.0,291.23691788809987
2015-07-13,2,0,2,100.0,293.99359538747916
2015-07-14,2,0,2,100.0,301.8017146321143
2015-07-15,2,0,2,100.0,303.7817660105127
2015-07-16,2,0,2,100.0,308.5814697944206
2015-07-17,2,0,2,100.0,311.8140011562861
2015-07-20,2,0,2,100.0,312.618781280097
2015-07-21,2,0,2,100.0,309.59171158905366
2015-07-22,2,0,2,100.0,320.8653245045047
2015-07-23,2,0,2,100.0,318.61745608193723
2015-07-24,2,0,2,100.0,315.73246074495523
2015-07-27,2,0,2,100.0,314.0905276682889
2015-07-28,2,0,2,100.0,313.8478845794987
2015-07-29,2,0,2,100.0,319.231566590576
2015-07-30,2,0,2,100.0,317.18125624214053
2015-07-31,2,0,2,100.0,324.0345632221244
2015-08-03,2,0,2,100.0,325.36942577809873
2015-08-04,2,0,2,100.0,319.6363127226513
2015-08-05,2,0,2,100.0,322.5610569520144
2015-08-06,2,0,2,100.0,319.146979898089
2015-08-07,2,0,2,100.0,319.0389030641141
2015-08-10,2,0,2,100.0,310.0527816911839
2015-08-11,2,0,2,100.0,306.15554157853046
2015-08-12,2,0,2,100.0,297.1717989625595
2015-08-13,2,0,2,100.0,297.9423426504658
2015-08-14,2,0,2,100.0,303.0342014762458
2015-08-17,2,0,2,100.0,300.21203554023987
2015-08-18,2,0,2,100.0,305.1672442291583
2015-08-19,2,0,2,100.0,303.0375341350976
2015-08-20,2,0,2,100.0,300.6352456472851
2015-08-21,2,0,2,100.0,296.43451542257407
2015-08-24,1,1,2,50.0,274.97516992748524
2015-08-25,1,1,2,50.0,277.6775708168058
2015-08-26,1,1,2,50.0,276.3958581970396
2015-08-27,2,0,2,100.0,286.84277132886547
2015-08-28,1,1,2,50.0,287.22542721893706
2015-08-31,1,1,2,50.0,293.6120157181249
2015-09-01,1,1,2,50.0,278.12468205580916
2015-09-02,1,1,2,50.0,274.331511125977
2015-09-03,1,1,2,50.0,281.3013148913362
2015-09-04,1,1,2,50.0,271.8431498390545
2015-09-07,0,2,2,0.0,261.2780950661035
2015-09-08,0,2,2,0.0,267.4021813048558
2015-09-09,0,2,2,0.0,266.9238938276715
2015-09-10,0,2,2,0.0,269.62516938640744
2015-09-11,1,1,2,50.0,273.0477816412278
2015-09-14,0,2,2,0.0,270.87693580085806
2015-09-15,0,2,2,0.0,270.24072418270515
2015-09-16,1,1,2,50.0,278.2416697766957
2015-09-18,1,1,2,50.0,276.8276203295102
2015-09-21,1,1,2,50.0,275.9502263030642
2015-09-22,0,2,2,0.0,269.7684153965965
2015-09-23,0,2,2,0.0,266.49568034036923
2015-09-24,1,1,2,50.0,275.55609633605786
2015-09-28,1,1,2,50.0,274.7500997598998
2015-09-29,0,2,2,0.0,273.8624628702568
2015-09-30,0,2,2,0.0,269.4806906805367
2015-10-01,0,2,2,0.0,264.9126203056157
2015-10-05,0,2,2,0.0,261.4824706033672
2015-10-06,0,2,2,0.0,265.0637105193596
2015-10-07,0,2,2,0.0,268.1086509340637
2015-10-08,0,2,2,0.0,266.900372738644
2015-10-09,0,2,2,0.0,263.9075919931929
2015-10-12,0,2,2,0.0,266.13404891956105
2015-10-13,0,2,2,0.0,268.5952163305572
2015-10-14,0,2,2,0.0,266.3616860354884
2015-10-15,0,2,2,0.0,268.7471609769494
2015-10-16,0,2,2,0.0,265.38681416301944
2015-10-19,0,2,2,0.0,267.3546127312045
2015-10-20,1,1,2,50.0,285.3890590238386
2015-10-21,1,1,2,50.0,286.3712508680607
2015-10-23,1,1,2,50.0,286.73862286977914
2015-10-26,1,1,2,50.0,283.42602991303323
2015-10-27,1,1,2,50.0,281.16395542649377
2015-10-28,1,1,2,50.0,281.8730976870158
2015-10-29,1,1,2,50.0,281.15695364177213
2015-10-30,1,1,2,50.0,280.7734547894813
2015-11-02,1,1,2,50.0,281.25467438562663
2015-11-03,1,1,2,50.0,286.39669765319337
2015-11-04,1,1,2,50.0,283.9623725405028
2015-11-05,1,1,2,50.0,280.67764115310763
2015-11-06,1,1,2,50.0,278.6626722842324
2015-11-09,1,1,2,50.0,275.77599774490926
2015-11-10,1,1,2,50.0,275.0030385940702
2015-11-11,1,1,2,50.0,279.65091876193
2015-11-13,1,1,2,50.0,276.805584793608
2015-11-16,1,1,2,50.0,275.06376875491503
2015-11-17,1,1,2,50.0,281.0829227511936
2015-11-18,1,1,2,50.0,276.10387909853335
2015-11-19,1,1,2,50.0,278.31358020061975
2015-11-20,1,1,2,50.0,280.1991073500101
2015-11-23,1,1,2,50.0,281.72365530695856
2015-11-24,1,1,2,50.0,279.8054954919484
2015-11-26,1,1,2,50.0,279.04427073115994
2015-11-27,1,1,2,50.0,277.4459341660642
2015-11-30,1,1,2,50.0,279.67539620911725
2015-12-01,1,1,2,50.0,284.46765439875804
2015-12-02,1,1,2,50.0,284.6304777753115
2015-12-03,1,1,2,50.0,283.2380121676296
2015-12-04,1,1,2,50.0,280.7536417468937
2015-12-07,1,1,2,50.0,276.3652842610115
2015-12-08,1,1,2,50.0,271.7951189569307
2015-12-09,1,1,2,50.0,268.1404754383466
2015-12-10,1,1,2,50.0,272.84365292699675
2015-12-11,1,1,2,50.0,270.5582760848863
2015-12-14,1,1,2,50.0,265.05082231321114
2015-12-15,1,1,2,50.0,267.67424488700067
2015-12-16,1,1,2,50.0,267.3382613579717
2015-12-17,1,1,2,50.0,263.121059358576
2015-12-18,1,1,2,50.0,263.4145296390088
2015-12-21,1,1,2,50.0,266.57593176837094
2015-12-22,1,1,2,50.0,275.41775270779056
2015-12-23,1,1,2,50.0,273.34805328307243
2015-12-24,1,1,2,50.0,275.348406970119
2015-12-28,1,1,2,50.0,278.73449137427724
2015-12-29,1,1,2,50.0,280.94188315420837
2015-12-30,1,1,2,50.0,282.39987948372107
2015-12-31,1,1,2,50.0,287.5626548063268
2016-01-01,1,1,2,50.0,289.3478909510405
2016-01-04,1,1,2,50.0,284.20503568761836
2016-01-05,1,1,2,50.0,280.82143215546716
2016-01-06,1,1,2,50.0,284.23316254992466
2016-01-07,1,1,2,50.0,278.78090496010816
2016-01-08,1,1,2,50.0,281.0578961360464
2016-01-11,1,1,2,50.0,279.2502625415836
2016-01-12,1,1,2,50.0,278.07194749316955
2016-01-13,1,1,2,50.0,277.8167755445802
2016-01-14,1,1,2,50.0,271.8126343313489
2016-01-15,0,2,2,0.0,259.971824911573
2016-01-18,0,2,2,0.0,247.31507049584164
2016-01-19,0,2,2,0.0,247.28556735312884
2016-01-20,0,2,2,0.0,246.52775435183253
2016-01-21,0,2,2,0.0,247.99370295382496
2016-01-22,0,2,2,0.0,250.68781237205212
2016-01-25,0,2,2,0.0,254.88912700767594
2016-01-27,0,2,2,0.0,253.94069616191487
2016-01-28,0,2,2,0.0,253.84045446005757
2016-01-29,0,2,2,0.0,257.17560776313394
2016-02-01,0,2,2,0.0,258.5907559976006
2016-02-02,0,2,2,0.0,254.33723388072255
2016-02-03,0,2,2,0.0,249.04402201933772
2016-02-04,0,2,2,0.0,252.91897117928275
2016-02-05,0,2,2,0.0,255.10669272818873
2016-02-08,0,2,2,0.0,253.32769322387333
2016-02-09,0,2,2,0.0,249.73847137756405
2016-02-10,0,2,2,0.0,251.60333169911522
2016-02-11,0,2,2,0.0,238.1441920821919
2016-02-12,0,2,2,0.0,233.23047231674767
2016-02-15,0,2,2,0.0,237.22864111537905
2016-02-16,0,2,2,0.0,232.70852027627944
2016-02-17,0,2,2,0.0,232.4896309928264
2016-02-18,0,2,2,0.0,232.53615580122005
2016-02-19,0,2,2,0.0,235.07943811891244
2016-02-22,0,2,2,0.0,239.46147490051192
2016-02-23,0,2,2,0.0,239.57503147313633
2016-02-24,0,2,2,0.0,237.0271316546477
2016-02-25,0,2,2,0.0,236.53054054410862
2016-02-26,0,2,2,0.0,232.84293922001012
2016-02-29,0,2,2,0.0,242.5729478477994
2016-03-01,0,2,2,0.0,245.36318176327052
2016-03-02,0,2,2,0.0,249.32023087361168
2016-03-03,0,2,2,0.0,250.2232862654858
2016-03-04,0,2,2,0.0,251.90243901946414
2016-03-08,0,2,2,0.0,256.3895375883155
2016-03-09,0,2,2,0.0,252.25283213905715
2016-03-10,0,2,2,0.0,254.99936883802198
2016-03-11,0,2,2,0.0,255.22870614371502
2016-03-14,0,2,2,0.0,256.5300651843674
2016-03-15,0,2,2,0.0,252.41299640361876
2016-03-16,0,2,2,0.0,250.87560478308157
2016-03-17,0,2,2,0.0,251.60088255539375
2016-03-18,0,2,2,0.0,250.44245699938133
2016-03-21,0,2,2,0.0,253.69271278676771
2016-03-22,0,2,2,0.0,254.17341446332063
2016-03-23,0,2,2,0.0,254.49502863801868
2016-03-28,0,2,2,0.0,249.3087560250919
2016-03-29,0,2,2,0.0,246.26961867451328
2016-03-30,0,2,2,0.0,248.8971263792801
2016-03-31,0,2,2,0.0,249.7324693270175
2016-04-01,0,2,2,0.0,250.70785333483707
2016-04-04,0,2,2,0.0,250.51347227112598
2016-04-05,0,2,2,0.0,249.36182846594633
2016-04-06,0,2,2,0.0,251.34078150733282
2016-04-07,0,2,2,0.0,251.1103872538149
2016-04-08,0,2,2,0.0,249.20168432151627
2016-04-11,0,2,2,0.0,250.1223361204501
2016-04-12,0,2,2,0.0,248.46603628592067
2016-04-13,0,2,2,0.0,254.61180592150043
2016-04-18,0,2,2,0.0,255.20036532939963
2016-04-20,0,2,2,0.0,258.4138685135637
2016-04-21,0,2,2,0.0,262.23248907717306
2016-04-22,0,2,2,0.0,260.6244631614748
2016-04-25,0,2,2,0.0,265.0642062858435
2016-04-26,0,2,2,0.0,268.2622457067365
2016-04-27,0,2,2,0.0,267.58172053563214
2016-04-28,0,2,2,0.0,265.0249870466266
2016-04-29,0,2,2,0.0,267.26660473641016
2016-05-02,1,1,2,50.0,271.3896281185893
2016-05-03,1,1,2,50.0,267.1275890702368
2016-05-04,0,2,2,0.0,259.47007703318883
2016-05-05,1,1,2,50.0,263.9221681455537
2016-05-06,0,2,2,0.0,259.14408062917727
2016-05-09,0,2,2,0.0,261.78008517051757
2016-05-10,0,2,2,0.0,262.48632315034445
2016-05-11,0,2,2,0.0,259.02835235938755
2016-05-12,0,2,2,0.0,261.6777437103931
2016-05-13,0,2,2,0.0,257.89930371398736
2016-05-16,0,2,2,0.0,261.3414939936738
2016-05-17,0,2,2,0.0,264.77844552632854
2016-05-18,0,2,2,0.0,267.1078694828624
2016-05-19,0,2,2,0.0,263.78242022964724
2016-05-20,1,1,2,50.0,267.75188335285776
2016-05-23,2,0,2,100.0,279.1014371296187
2016-05-24,2,0,2,100.0,276.87188366020047
2016-05-25,2,0,2,100.0,282.467973868631
2016-05-26,2,0,2,100.0,284.15273849286683
2016-05-27,2,0,2,100.0,293.24641024837047
2016-05-30,2,0,2,100.0,294.205649510918
2016-05-31,2,0,2,100.0,294.88241062022706
2016-06-01,2,0,2,100.0,307.571735109422
2016-06-02,2,0,2,100.0,305.4800439369913
2016-06-03,2,0,2,100.0,299.75164281209004
2016-06-06,2,0,2,100.0,302.8819467753636
2016-06-07,2,0,2,100.0,302.7355445578499
2016-06-08,2,0,2,100.0,300.9784013563722
2016-06-09,2,0,2,100.0,302.2058077027502
2016-06-10,2,0,2,100.0,300.99901743948976
2016-06-13,2,0,2,100.0,297.72564357498396
2016-06-14,2,0,2,100.0,300.44521422803507
2016-06-15,2,0,2,100.0,304.5402772888302
2016-06-16,2,0,2,100.0,300.12456801374793
2016-06-17,2,0,2,100.0,300.05512343110433
2016-06-20,2,0,2,100.0,295.97987094086545
2016-06-21,2,0,2,100.0,298.75418005840635
2016-06-22,2,0,2,100.0,295.284191208786
2016-06-23,2,0,2,100.0,294.3991624321615
2016-06-24,2,0,2,100.0,286.82133193560765
2016-06-27,2,0,2,100.0,292.5801880570254
2016-06-28,2,0,2,100.0,300.87580938780627
2016-06-29,2,0,2,100.0,303.6574808566719
2016-06-30,2,0,2,100.0,309.8174688414516
2016-07-01,2,0,2,100.0,321.4357972169768
2016-07-04,2,0,2,100.0,324.65832941510456
2016-07-05,2,0,2,100.0,327.2606088340598
2016-07-07,2,0,2,100.0,330.7185344337689
2016-07-08,2,0,2,100.0,334.0187142178953
2016-07-11,2,0,2,100.0,336.9794411936075
2016-07-12,2,0,2,100.0,336.86819033119025
2016-07-13,2,0,2,100.0,330.618095251234
2016-07-14,2,0,2,100.0,330.03638381509154
2016-07-15,2,0,2,100.0,330.77457844148495
2016-07-18,2,0,2,100.0,337.4076312202219
2016-07-19,2,0,2,100.0,335.7674961892216
2016-07-20,2,0,2,100.0,346.89110587001915
2016-07-21,2,0,2,100.0,344.17303037734246
2016-07-22,2,0,2,100.0,380.66323729721006
2016-07-25,2,0,2,100.0,374.09727373749877
2016-07-26,2,0,2,100.0,361.9064777004558
2016-07-27,2,0,2,100.0,365.90864839239384
2016-07-28,2,0,2,100.0,371.4867660842098
2016-07-29,2,0,2,100.0,372.21919518562305
2016-08-01,2,0,2,100.0,374.069281987438
2016-08-02,2,0,2,100.0,368.6507253302013
2016-08-03,2,0,2,100.0,364.6657141402349
2016-08-04,2,0,2,100.0,367.8295699817051
2016-08-05,2,0,2,100.0,373.3944359148869
2016-08-08,2,0,2,100.0,374.82525237501545
2016-08-09,2,0,2,100.0,366.2246970473865
2016-08-10,2,0,2,100.0,364.32029594285444
2016-08-11,2,0,2,100.0,362.13107083899354
2016-08-12,2,0,2,100.0,367.55683311559426
2016-08-16,2,0,2,100.0,366.92231279606517
2016-08-17,2,0,2,100.0,362.598890719365
2016-08-18,2,0,2,100.0,363.80428953744894
2016-08-19,2,0,2,100.0,361.41998229070543
2016-08-22,2,0,2,100.0,363.39610221800365
2016-08-23,2,0,2,100.0,362.70884688013416
2016-08-24,2,0,2,100.0,374.69883961845113
2016-08-25,2,0,2,100.0,378.1725549061808
2016-08-26,2,0,2,100.0,371.93686554210814
2016-08-29,2,0,2,100.0,368.4309287950919
2016-08-30,2,0,2,100.0,366.96419817931877
2016-08-31,2,0,2,100.0,365.75801225710654
2016-09-01,2,0,2,100.0,370.053795547576
2016-09-02,2,0,2,100.0,368.6767911598596
2016-09-06,2,0,2,100.0,377.25663091600296
2016-09-07,2,0,2,100.0,368.41741293185294
2016-09-08,2,0,2,100.0,370.22839181540326
2016-09-09,2,0,2,100.0,364.19942723174455
2016-09-12,2,0,2,100.0,352.6279651079986
2016-09-14,2,0,2,100.0,362.79052064164745
2016-09-15,2,0,2,100.0,364.5425546478123
2016-09-16,2,0,2,100.0,365.72159876916726
2016-09-19,2,0,2,100.0,371.500442165443
2016-09-20,2,0,2,100.0,372.26092778183215
2016-09-21,2,0,2,100.0,376.4117119657267
2016-09-22,2,0,2,100.0,383.00779975794825
2016-09-23,2,0,2,100.0,381.1866050336489
2016-09-26,2,0,2,100.0,387.3760762116523
2016-09-27,2,0,2,100.0,396.1789267500751
2016-09-28,2,0,2,100.0,415.29832402967077
2016-09-29,2,0,2,100.0,416.89173552007725
2016-09-30,2,0,2,100.0,424.6066574452041
2016-10-03,2,0,2,100.0,439.89712367174826
2016-10-04,2,0,2,100.0,434.8350967540777
2016-10-05,2,0,2,100.0,434.6822470151694
2016-10-06,2,0,2,100.0,432.4285745930631
2016-10-07,2,0,2,100.0,441.82522658790526
2016-10-10,2,0,2,100.0,450.6776653021645
2016-10-13,2,0,2,100.0,444.1109936593609
2016-10-14,2,0,2,100.0,447.3964688259823
2016-10-17,2,0,2,100.0,455.47281729051565
2016-10-18,2,0,2,100.0,471.5732134952753
2016-10-19,2,0,2,100.0,466.2939291656767
2016-10-20,2,0,2,100.0,463.5603400266733
2016-10-21,2,0,2,100.0,471.33271384534925
2016-10-24,2,0,2,100.0,476.67263800755234
2016-10-25,2,0,2,100.0,474.06160769996507
2016-10-26,2,0,2,100.0,469.20758497916444
2016-10-27,2,0,2,100.0,456.0961982769219
2016-10-28,2,0,2,100.0,458.3901703866916
2016-10-30,2,0,2,100.0,465.9925434079202
2016-11-01,2,0,2,100.0,455.6488548411118
2016-11-02,2,0,2,100.0,443.4799499624521
2016-11-03,2,0,2,100.0,447.52521294118264
2016-11-04,2,0,2,100.0,440.3857908649922
2016-11-07,2,0,2,100.0,451.3761594599843
2016-11-08,2,0,2,100.0,448.94674554884625
2016-11-09,2,0,2,100.0,437.28404379508356
2016-11-10,2,0,2,100.0,463.2199498156832
2016-11-11,2,0,2,100.0,428.5912644867962
2016-11-15,2,0,2,100.0,405.49012780123286
2016-11-16,2,0,2,100.0,418.5249837287069
2016-11-17,2,0,2,100.0,420.31219065529274
2016-11-18,2,0,2,100.0,415.14217155685316
2016-11-21,2,0,2,100.0,393.5770277703018
2016-11-22,2,0,2,100.0,402.89613110835194
2016-11-23,2,0,2,100.0,413.6359774610887
2016-11-24,2,0,2,100.0,418.22039656709063
2016-11-25,2,0,2,100.0,418.18230808341247
2016-11-28,2,0,2,100.0,421.88640288457293
2016-11-29,2,0,2,100.0,419.81931032817624
2016-11-30,2,0,2,100.0,431.7773375683669
2016-12-01,2,0,2,100.0,430.4208422057476
2016-12-02,2,0,2,100.0,424.1885680408993
2016-12-05,2,0,2,100.0,423.02921261460324
2016-12-06,2,0,2,100.0,429.05783872700863
2016-12-07,2,0,2,100.0,430.3650745616414
2016-12-08,2,0,2,100.0,441.7952612594462
2016-12-09,2,0,2,100.0,448.70638864929714
2016-12-12,2,0,2,100.0,449.3804184698024
2016-12-13,2,0,2,100.0,442.68041661869785
2016-12-14,2,0,2,100.0,430.2893049253191
2016-12-15,2,0,2,100.0,435.5075622067594
2016-12-16,2,0,2,100.0,433.2429177841868
2016-12-19,2,0,2,100.0,432.24831149213605
2016-12-20,2,0,2,100.0,432.51101413291354
2016-12-21,2,0,2,100.0,449.74216639674313
2016-12-22,2,0,2,100.0,432.34353667097645
2016-12-23,2,0,2,100.0,431.85360795285834
2016-12-26,2,0,2,100.0,416.2255171526959
2016-12-27,2,0,2,100.0,422.2075504397563
2016-12-28,2,0,2,100.0,430.0649551855923
2016-12-29,2,0,2,100.0,434.2867115400337
2016-12-30,2,0,2,100.0,434.9971152152361
2017-01-02,2,0,2,100.0,433.27053592100856
2017-01-03,2,0,2,100.0,431.3861955074532
2017-01-04,2,0,2,100.0,435.4281765078614
2017-01-05,2,0,2,100.0,434.0327465679203
2017-01-06,2,0,2,100.0,429.7163414041771
2017-01-09,2,0,2,100.0,429.9026811624477
2017-01-10,2,0,2,100.0,429.47262728585446
2017-01-11,2,0,2,100.0,434.5381917614425
2017-01-12,2,0,2,100.0,431.5219510514665
2017-01-13,2,0,2,100.0,425.77155030594867
2017-01-16,2,0,2,100.0,424.0295042430022
2017-01-17,2,0,2,100.0,423.517650782802
2017-01-18,2,0,2,100.0,427.8041010482503
2017-01-19,2,0,2,100.0,429.78914004169263
2017-01-20,2,0,2,100.0,422.26725390904295
2017-01-23,2,0,2,100.0,422.81643034737766
2017-01-24,2,0,2,100.0,426.06728274129466
2017-01-25,2,0,2,100.0,438.18638062741763
2017-01-27,2,0,2,100.0,444.73566635133636
2017-01-30,2,0,2,100.0,444.096936220532
2017-01-31,2,0,2,100.0,434.63014898302185
2017-02-01,2,0,2,100.0,440.137338418975
2017-02-02,2,0,2,100.0,442.97278240650286
2017-02-03,2,0,3,100.0,449.6583300999889
2017-02-06,2,0,3,100.0,440.8266211704613
2017-02-07,2,0,3,100.0,435.05368127802814
2017-02-08,2,0,3,100.0,434.943767019011
2017-02-09,1,1,3,50.0,431.82928019150194
2017-02-10,1,1,3,50.0,431.2964562557189
2017-02-13,2,0,3,100.0,441.59815002362376
2017-02-14,2,0,3,100.0,440.34828724976774
2017-02-15,1,1,3,50.0,433.25842735675496
2017-02-16,2,0,3,100.0,435.0613471001973
2017-02-17,2,0,3,100.0,439.8090637453076
2017-02-20,2,0,3,100.0,443.61421991704475
2017-02-21,2,0,3,100.0,444.8773965491049
2017-02-22,2,0,3,100.0,441.5958466220196
2017-02-23,2,0,3,100.0,444.49453475748203
2017-02-27,1,1,3,50.0,441.9105685100688
2017-02-28,1,1,3,50.0,440.8913689615832
2017-03-01,2,0,3,100.0,442.4922965518326
2017-03-02,1,1,4,50.0,436.6815290007164
2017-03-03,1,1,4,50.0,434.5382566398101
2017-03-06,1,1,4,50.0,450.869292152421
2017-03-07,1,1,4,50.0,455.47276662063985
2017-03-08,1,1,4,50.0,450.46314052519875
2017-03-09,1,1,4,50.0,460.8467782835513
2017-03-10,1,1,4,50.0,458.64272986919195
2017-03-14,1,1,4,50.0,464.67949840152596
2017-03-15,1,1,4,50.0,468.66428108610785
2017-03-16,1,1,4,50.0,474.53716194016124
2017-03-17,1,1,4,50.0,468.1206134194882
2017-03-20,2,0,4,100.0,471.7177482417529
2017-03-21,1,1,4,50.0,466.5678684749418
2017-03-22,2,0,4,100.0,468.0844532772098
2017-03-23,2,0,4,100.0,473.72350711311594
2017-03-24,2,0,4,100.0,473.76741678676257
2017-03-27,2,0,4,100.0,471.49476194671917
2017-03-28,2,0,4,100.0,474.4613316193944
2017-03-29,2,0,4,100.0,479.51179325307345
2017-03-30,2,0,4,100.0,488.2930517148596
2017-03-31,2,0,4,100.0,504.8174911166811
2017-04-03,2,0,4,100.0,509.7058904100389
2017-04-05,2,0,4,100.0,515.8085815268346
2017-04-06,2,0,4,100.0,512.4507372938322
2017-04-07,2,0,4,100.0,516.5965925394008
2017-04-10,2,0,4,100.0,530.8923079894533
2017-04-11,2,0,4,100.0,533.1250048376954
2017-04-12,2,0,4,100.0,530.9423329879894
2017-04-13,2,0,4,100.0,523.0586275871144
2017-04-17,2,0,4,100.0,518.953797052245
2017-04-18,1,1,4,50.0,509.91513444348584
2017-04-19,1,1,4,50.0,512.7918613456894
2017-04-20,1,1,4,50.0,515.7153735288384
2017-04-21,1,1,4,50.0,518.7512773973532
2017-04-24,2,0,4,100.0,536.1006285891617
2017-04-25,2,0,4,100.0,543.5305337006937
2017-04-26,2,0,4,100.0,544.0083692656191
2017-04-27,2,0,4,100.0,548.0360337854194
2017-04-28,2,0,4,100.0,538.7310306148573
2017-05-02,2,0,4,100.0,535.226147781066
2017-05-03,1,1,4,50.0,538.342709221338
2017-05-04,1,1,4,50.0,549.4689436419399
2017-05-05,1,1,4,50.0,545.4885800617087
2017-05-08,1,1,4,50.0,551.0970583990427
2017-05-09,1,1,4,50.0,560.600108131056
2017-05-10,1,1,4,50.0,568.8292720962272
2017-05-11,1,1,4,50.0,578.6393018840014
2017-05-12,1,1,4,50.0,566.7708264547763
2017-05-15,1,1,4,50.0,583.5162987593942
2017-05-16,1,1,4,50.0,595.6446950091232
2017-05-17,1,1,4,50.0,604.118508677406
2017-05-18,1,1,4,50.0,586.8604358905441
2017-05-19,1,1,4,50.0,579.5351958594174
2017-05-22,1,1,4,50.0,569.4126721916914
2017-05-23,1,1,4,50.0,557.1859957485378
2017-05-24,1,1,4,50.0,544.5437342696164
2017-05-25,1,1,4,50.0,564.6880827948428
2017-05-26,1,1,4,50.0,574.9969124384634
2017-05-29,1,1,4,50.0,563.283690539625
2017-05-30,1,1,4,50.0,565.3391173583333
2017-05-31,1,1,4,50.0,582.6641824774049
2017-06-01,1,1,4,50.0,590.5038249684817
2017-06-02,1,1,4,50.0,602.2226138232393
2017-06-05,1,1,4,50.0,617.5793492152283
2017-06-06,1,1,4,50.0,605.5806290722542
2017-06-07,1,1,4,50.0,619.296587445917
2017-06-08,1,1,4,50.0,622.2481972694497
2017-06-09,1,1,4,50.0,635.9086417967261
2017-06-12,1,1,4,50.0,637.0020636673074
2017-06-13,1,1,4,50.0,645.9308826323345
2017-06-14,1,1,4,50.0,668.2716924350442
2017-06-15,1,1,4,50.0,675.5104604775386
2017-06-16,1,1,4,50.0,674.0173838807642
2017-06-19,1,1,4,50.0,664.8451628990773
2017-06-20,1,1,4,50.0,666.3231120968042
2017-06-21,1,1,4,50.0,672.5300082364171
2017-06-22,1,1,4,50.0,664.3651994705153
2017-06-23,1,1,4,50.0,651.7593262856101
2017-06-27,1,1,4,50.0,635.5401200348106
2017-06-28,1,1,4,50.0,643.4367316632292
2017-06-29,1,1,4,50.0,653.860247701852
2017-06-30,1,1,5,50.0,647.5834182899989
2017-07-03,1,1,5,50.0,645.8654049784182
2017-07-04,1,1,5,50.0,652.3710262947208
2017-07-05,1,1,5,50.0,654.844794351077
2017-07-06,1,1,5,50.0,673.5392177341544
2017-07-07,1,1,5,50.0,687.4288448042372
2017-07-10,1,1,5,50.0,700.0797660494696
2017-07-11,1,1,5,50.0,712.0558444843577
2017-07-12,1,1,5,50.0,719.9389502355338
2017-07-13,1,1,5,50.0,737.1217297141777
2017-07-14,1,1,5,50.0,721.4074193990652
2017-07-17,1,1,5,50.0,713.1255259483922
2017-07-18,1,1,5,50.0,706.9269286703602
2017-07-19,1,1,5,50.0,709.7451013583965
2017-07-20,1,1,5,50.0,709.936068064415
2017-07-21,1,1,5,50.0,702.9583637241694
2017-07-24,1,1,5,50.0,718.2116962314385
2017-07-25,1,1,5,50.0,718.2804553187091
2017-07-26,1,1,5,50.0,712.4630735232324
2017-07-27,1,1,5,50.0,706.465617219141
2017-07-28,1,1,5,50.0,714.9754593004517
2017-07-31,1,1,5,50.0,699.3559029757645
2017-08-01,1,1,5,50.0,697.2104500130536
2017-08-02,1,1,5,50.0,699.6207585228314
2017-08-03,1,1,5,50.0,693.4384116003432
2017-08-04,1,1,5,50.0,690.3792299218491
2017-08-07,1,1,5,50.0,704.798931335297
2017-08-08,1,1,5,50.0,697.5565863070576
2017-08-09,1,1,5,50.0,687.8967744701379
2017-08-10,1,1,5,50.0,661.4461339807408
2017-08-11,1,1,5,50.0,651.8872719716375
2017-08-14,1,1,5,50.0,664.9154210585368
2017-08-16,1,1,5,50.0,678.987905847549
2017-08-17,1,1,5,50.0,691.6827649587203
2017-08-18,1,1,5,50.0,680.0495315349198
2017-08-21,1,1,5,50.0,676.9243900728319
2017-08-22,1,1,5,50.0,670.3958319287528
2017-08-23,1,1,5,50.0,676.8716543616024
2017-08-24,1,1,5,50.0,682.5609012495253
2017-08-28,1,1,5,50.0,693.1270234871931
2017-08-29,1,1,5,50.0,688.6549780526292
2017-08-30,1,1,5,50.0,696.889002218108
2017-08-31,1,1,5,50.0,705.7468027705243
2017-09-01,1,1,5,50.0,716.2890645065929
2017-09-04,1,1,5,50.0,709.9277251544418
2017-09-05,1,1,5,50.0,713.7985727202223
2017-09-06,1,1,5,50.0,712.8782624471859
2017-09-07,1,1,5,50.0,731.4121734703504
2017-09-08,1,1,5,50.0,733.7781355523525
2017-09-11,1,1,5,50.0,738.7093291478255
2017-09-12,3,0,5,100.0,739.6699780277773
2017-09-13,2,1,5,66.66666666666666,734.5551602735338
2017-09-14,2,1,5,66.66666666666666,734.5910067379616
2017-09-15,2,1,5,66.66666666666666,726.8444848179191
2017-09-18,2,1,5,66.66666666666666,740.7446535381999
2017-09-19,2,1,5,66.66666666666666,756.6345396896999
2017-09-20,2,1,5,66.66666666666666,766.5199600903372
2017-09-21,2,1,5,66.66666666666666,763.5447855772699
2017-09-22,1,2,5,33.33333333333333,740.886601033691
2017-09-25,1,2,5,33.33333333333333,717.1642524887783
2017-09-26,1,2,5,33.33333333333333,720.1251138239109
2017-09-27,1,2,5,33.33333333333333,713.3742241267373
2017-09-28,1,2,5,33.33333333333333,722.3399459936938
2017-09-29,1,2,5,33.33333333333333,729.1263799234474
2017-10-03,1,2,5,33.33333333333333,737.7459329967903
2017-10-04,1,2,5,33.33333333333333,760.8338180389741
2017-10-05,1,2,5,33.33333333333333,770.1360708155725
2017-10-06,1,2,5,33.33333333333333,787.045825318308
2017-10-09,2,2,5,50.0,785.0605569635931
2017-10-10,2,2,5,50.0,806.9263811364474
2017-10-11,2,2,5,50.0,791.9919232594239
2017-10-12,3,1,5,75.0,800.1930031945373
2017-10-13,3,1,5,75.0,789.4715250348872
2017-10-16,3,1,5,75.0,789.3442421741627
2017-10-17,3,1,5,75.0,796.8138470779936
2017-10-18,3,1,5,75.0,794.6331059074349
2017-10-19,2,2,5,50.0,789.845951785107
2017-10-23,2,2,6,50.0,786.1355056180462
2017-10-24,2,2,6,50.0,780.9072798793351
2017-10-25,2,2,6,50.0,759.1934258247152
2017-10-26,2,2,6,50.0,769.8426736375562
2017-10-27,2,2,6,50.0,769.047543014796
2017-10-30,2,2,6,50.0,765.4738373735362
2017-10-31,2,2,6,50.0,761.6120381960039
2017-11-01,2,2,6,50.0,759.5438128655252
2017-11-02,2,2,6,50.0,757.7026884987656
2017-11-03,2,2,6,50.0,759.6266716635266
2017-11-06,2,2,6,50.0,752.6583341209381
2017-11-07,2,2,6,50.0,744.1621238148142
2017-11-08,2,2,6,50.0,732.5914267954122
2017-11-09,2,2,6,50.0,735.8578624107006
2017-11-10,2,2,6,50.0,738.8272595790885
2017-11-13,2,2,6,50.0,731.8808156302388
2017-11-14,2,2,6,50.0,728.0323788561225
2017-11-15,2,2,6,50.0,720.3633080642754
2017-11-16,2,2,7,50.0,725.1746934619736
2017-11-17,2,2,7,50.0,722.9825132739167
2017-11-20,2,2,7,50.0,719.0107695866551
2017-11-21,2,2,7,50.0,712.988605999827
2017-11-22,2,2,7,50.0,705.3372020703431
2017-11-23,2,2,7,50.0,702.52183036591
2017-11-24,2,2,7,50.0,695.1146555561625
2017-11-27,2,2,7,50.0,693.6084198712293
2017-11-28,2,2,7,50.0,685.6699895543746
2017-11-29,2,2,7,50.0,677.7519819317098
2017-11-30,2,2,7,50.0,666.9211330119008
2017-12-01,2,2,7,50.0,659.6283516832972
2017-12-04,2,2,7,50.0,644.3334741458007
2017-12-05,2,2,7,50.0,645.3337938240123
2017-12-06,2,2,7,50.0,648.0452673406651
2017-12-07,2,2,7,50.0,662.3456893505748
2017-12-08,2,2,7,50.0,672.4066576582112
2017-12-11,2,2,7,50.0,674.7376488956413
2017-12-12,2,2,7,50.0,681.595221465896
2017-12-13,2,2,7,50.0,689.6273362363634
2017-12-14,2,2,7,50.0,686.9887889477202
2017-12-15,2,2,7,50.0,697.4223144402747
2017-12-18,2,2,7,50.0,708.6691232373167
2017-12-19,2,2,7,50.0,721.5481314227568
2017-12-20,2,2,7,50.0,729.7567868830696
2017-12-21,2,2,7,50.0,741.9416824828111
2017-12-22,2,2,7,50.0,745.872202801156
2017-12-26,2,2,7,50.0,749.892169393936
2017-12-27,2,2,7,50.0,742.7459073866758
2017-12-28,2,2,7,50.0,736.3087819755015
2017-12-29,2,2,7,50.0,739.332848016701
2018-01-01,2,2,7,50.0,733.9818147452723
2018-01-02,2,2,7,50.0,725.0004781159532
2018-01-03,2,2,7,50.0,722.8252507557514
2018-01-04,2,2,7,50.0,727.0661147931332
2018-01-05,2,2,7,50.0,732.7523902321102
2018-01-08,2,2,7,50.0,744.3667474017473
2018-01-09,2,2,7,50.0,746.3724585013476
2018-01-10,2,2,7,50.0,747.0051561716326
2018-01-11,2,2,7,50.0,753.6668777905202
2018-01-12,2,2,7,50.0,750.6224940540098
2018-01-15,2,2,7,50.0,750.5055023655077
2018-01-16,2,2,7,50.0,727.5138948197887
2018-01-17,2,2,7,50.0,714.714633850524
2018-01-18,2,2,7,50.0,704.8459344575442
2018-01-19,2,2,7,50.0,706.805210404713
2018-01-22,2,2,7,50.0,712.5055967062457
2018-01-23,2,2,7,50.0,710.4875562749904
2018-01-24,2,2,7,50.0,700.2118363907803
2018-01-25,2,2,7,50.0,693.3059310216929
2018-01-29,2,2,7,50.0,680.3397328275744
2018-01-30,2,2,7,50.0,663.1950438224468
2018-01-31,1,3,7,25.0,659.5913288674182
2018-02-01,1,3,7,25.0,657.6626947015326
2018-02-02,1,4,7,20.0,633.720422714447
2018-02-05,0,5,7,0.0,626.4437215502477
2018-02-06,0,5,7,0.0,611.9274018658595
2018-02-07,0,5,7,0.0,624.428510612163
2018-02-08,0,5,7,0.0,628.8667831248566
2018-02-09,0,5,7,0.0,622.7910802187541
2018-02-12,0,5,7,0.0,633.2463268869202
2018-02-14,0,5,7,0.0,638.6658671230488
2018-02-15,0,5,7,0.0,636.3386628541143
2018-02-16,0,5,7,0.0,636.595419843504
2018-02-19,0,5,7,0.0,630.4451363454549
2018-02-20,0,5,7,0.0,632.6108571889266
2018-02-21,0,5,7,0.0,638.8520420132812
2018-02-22,0,5,7,0.0,643.3075063403348
2018-02-23,0,5,7,0.0,645.9763302656364
2018-02-26,0,5,7,0.0,647.2615965440006
2018-02-27,0,5,7,0.0,642.2555126123837
2018-02-28,0,5,7,0.0,641.6370807522873
2018-03-01,0,5,7,0.0,637.2271967990941
2018-03-05,0,5,7,0.0,636.8790981226772
2018-03-06,0,5,7,0.0,630.4336159121941
2018-03-07,0,5,7,0.0,609.7769498837954
2018-03-08,0,5,7,0.0,611.8045529791409
2018-03-09,0,5,7,0.0,618.6490788615484
2018-03-12,0,5,7,0.0,625.056245515755
2018-03-13,0,5,7,0.0,633.9187933846856
2018-03-14,0,5,7,0.0,635.4195457691051
2018-03-15,0,5,7,0.0,644.45287648336
2018-03-16,0,5,7,0.0,642.6619652469532
2018-03-19,0,5,7,0.0,633.3233817342993
2018-03-20,0,5,7,0.0,625.6439234312617
2018-03-21,0,5,7,0.0,619.2303059489342
2018-03-22,0,5,7,0.0,606.9008750612126
2018-03-23,0,5,7,0.0,596.9222292888917
2018-03-26,0,5,7,0.0,595.502140951158
2018-03-27,0,5,7,0.0,602.0514145338595
2018-03-28,0,5,7,0.0,599.4409313559888
2018-04-02,0,5,7,0.0,611.5009346164411
2018-04-03,0,5,7,0.0,622.3312609773608
2018-04-04,0,5,7,0.0,618.6544815929682
2018-04-05,0,5,7,0.0,631.2570680833795
2018-04-06,0,5,7,0.0,631.3620804302292
2018-04-09,0,5,7,0.0,633.3115906356479
2018-04-10,0,5,7,0.0,628.7375309097393
2018-04-11,0,5,7,0.0,627.4826164877628
2018-04-12,0,5,7,0.0,625.9850462706709
2018-04-13,0,5,7,0.0,630.7911759081652
2018-04-16,0,5,7,0.0,637.3872266377487
2018-04-17,0,5,7,0.0,639.1249150578832
2018-04-18,0,5,7,0.0,633.8832427561944
2018-04-19,0,5,7,0.0,633.2444719441544
2018-04-20,0,5,7,0.0,637.476748966544
2018-04-23,0,5,7,0.0,646.3639342686273
2018-04-24,0,5,7,0.0,648.9866874002967
2018-04-25,0,5,7,0.0,642.3205742734177
2018-04-26,0,5,7,0.0,641.4024841362766
2018-04-27,0,5,7,0.0,650.5114884454817
2018-04-30,0,5,7,0.0,650.4095363865779
2018-05-02,0,5,7,0.0,646.6488923525719
2018-05-03,0,5,7,0.0,651.7100620219437
2018-05-04,0,5,7,0.0,653.0418220641577
2018-05-07,0,5,7,0.0,660.3016312101705
2018-05-08,0,5,7,0.0,660.0066085734059
2018-05-09,0,5,7,0.0,664.4219960584084
2018-05-10,0,5,7,0.0,661.5408693022359
2018-05-11,0,5,7,0.0,658.2462816014208
2018-05-14,0,5,7,0.0,653.4602982181145
2018-05-15,0,5,7,0.0,650.9063974244025
2018-05-16,0,5,7,0.0,655.8112847378934
2018-05-17,0,5,7,0.0,657.3895436684456
2018-05-18,0,5,7,0.0,642.4090393334794
2018-05-21,0,5,7,0.0,622.9855275757376
2018-05-22,0,5,7,0.0,626.2588594653862
2018-05-23,0,5,7,0.0,614.6647424282427
2018-05-24,0,5,7,0.0,611.7471573720244
2018-05-25,0,5,7,0.0,629.5065684162379
2018-05-28,0,5,7,0.0,642.6422943149761
2018-05-29,1,5,7,16.666666666666664,646.0377035394838
2018-05-30,1,5,7,16.666666666666664,652.4970056648956
2018-05-31,1,5,7,16.666666666666664,649.5948759366536
2018-06-01,1,5,7,16.666666666666664,638.5419727072489
2018-06-04,1,5,7,16.666666666666664,624.091843086247
2018-06-05,0,6,7,0.0,610.8847986792672
2018-06-06,1,5,7,16.666666666666664,626.2866038974064
2018-06-07,1,5,7,16.666666666666664,632.5568732757016
2018-06-08,1,5,7,16.666666666666664,634.5529298256782
2018-06-11,1,5,7,16.666666666666664,636.0476236266583
2018-06-12,1,5,7,16.666666666666664,642.1664919551363
2018-06-13,1,5,7,16.666666666666664,637.2645169447292
2018-06-14,1,5,7,16.666666666666664,636.2552636040183
2018-06-15,1,5,7,16.666666666666664,633.629341264932
2018-06-18,1,5,7,16.666666666666664,624.9979161003894
2018-06-19,1,5,7,16.666666666666664,611.2986001700673
2018-06-20,1,5,7,16.666666666666664,612.3834828544102
2018-06-21,1,5,7,16.666666666666664,603.9794233537114
2018-06-22,2,5,7,28.57142857142857,598.8980967188892
2018-06-25,2,5,7,28.57142857142857,596.4378033124492
2018-06-26,2,5,7,28.57142857142857,592.9525137139967
2018-06-27,1,6,7,14.285714285714285,579.4652281987879
2018-06-28,1,6,7,14.285714285714285,568.7131468094085
2018-06-29,1,6,7,14.285714285714285,581.4205361346234
2018-07-02,1,6,7,14.285714285714285,580.840795042134
2018-07-03,1,6,7,14.285714285714285,585.6787495750075
2018-07-04,1,6,7,14.285714285714285,582.4531191136982
2018-07-05,1,6,7,14.285714285714285,580.1445828813365
2018-07-06,1,6,7,14.285714285714285,581.978628686026
2018-07-09,1,6,7,14.285714285714285,588.6109402884177
2018-07-10,2,5,7,28.57142857142857,597.0113292117412
2018-07-11,1,6,7,14.285714285714285,599.8013272369137
2018-07-12,1,6,7,14.285714285714285,604.437141499014
2018-07-13,1,6,7,14.285714285714285,599.5242239687743
2018-07-16,1,6,7,14.285714285714285,587.1556505470963
2018-07-17,1,6,7,14.285714285714285,596.5743210289885
2018-07-18,1,6,7,14.285714285714285,592.4407021237108
2018-07-19,1,6,7,14.285714285714285,583.4971408132516
2018-07-20,1,6,7,14.285714285714285,581.0190481794934
2018-07-23,1,6,7,14.285714285714285,582.2588616112146
2018-07-24,1,6,7,14.285714285714285,591.4377436609391
2018-07-25,1,6,7,14.285714285714285,603.7160030806492
2018-07-26,2,5,7,28.57142857142857,608.2576395363343
2018-07-27,2,5,7,28.57142857142857,618.8437156613656
2018-07-30,1,6,7,14.285714285714285,619.9851586644935
2018-07-31,3,4,7,42.857142857142854,627.4509286711628
2018-08-01,3,4,7,42.857142857142854,627.8020853670928
2018-08-02,3,4,7,42.857142857142854,629.5515035475736
2018-08-03,3,4,7,42.857142857142854,627.7163717699262
2018-08-06,3,4,7,42.857142857142854,634.6096989574602
2018-08-07,3,4,7,42.857142857142854,630.9288972317053
2018-08-08,3,4,7,42.857142857142854,629.048080494467
2018-08-09,3,4,7,42.857142857142854,628.2551731253699
2018-08-10,3,4,7,42.857142857142854,626.8570324666223
2018-08-13,3,4,7,42.857142857142854,620.9554195687612
2018-08-14,3,4,7,42.857142857142854,619.3271413770295
2018-08-16,3,4,7,42.857142857142854,617.6468344275788
2018-08-17,3,4,7,42.857142857142854,620.6110335179732
2018-08-20,3,4,7,42.857142857142854,615.325065624243
2018-08-21,3,4,7,42.857142857142854,610.0664102098691
2018-08-23,2,5,7,28.57142857142857,598.5021925396569
2018-08-24,2,5,7,28.57142857142857,595.7966964502333
2018-08-27,2,5,7,28.57142857142857,602.7076286102941
2018-08-28,2,5,7,28.57142857142857,593.992667278115
2018-08-29,2,5,7,28.57142857142857,587.967437402899
2018-08-30,2,5,7,28.57142857142857,580.2737799158119
2018-08-31,2,5,7,28.57142857142857,586.4079711544147
2018-09-03,2,5,7,28.57142857142857,588.046847880385
2018-09-04,1,6,7,14.285714285714285,572.6997242886787
2018-09-05,1,6,7,14.285714285714285,569.9600059540476
2018-09-06,1,6,7,14.285714285714285,570.1591837547082
2018-09-07,1,6,7,14.285714285714285,566.5039425855981
2018-09-10,1,6,7,14.285714285714285,568.0612435223328
2018-09-11,1,6,7,14.285714285714285,558.8260237434483
2018-09-12,1,6,7,14.285714285714285,558.2211620366355
2018-09-14,2,5,7,28.57142857142857,564.5061085499386
2018-09-17,2,5,7,28.57142857142857,570.8650683726975
2018-09-18,1,6,7,14.285714285714285,561.2220606233552
2018-09-19,2,5,7,28.57142857142857,558.4256063589197
2018-09-21,1,6,7,14.285714285714285,540.1131651944906
2018-09-24,1,6,7,14.285714285714285,525.5294821292257
2018-09-25,1,6,7,14.285714285714285,524.0808737713942
2018-09-26,1,6,7,14.285714285714285,522.7206707330424
2018-09-27,1,6,7,14.285714285714285,504.73351551640854
2018-09-28,1,6,7,14.285714285714285,485.66699144929066
2018-10-01,1,6,7,14.285714285714285,476.28684764601513
2018-10-03,1,6,7,14.285714285714285,480.98734298670365
2018-10-04,1,6,7,14.285714285714285,483.5552871817572
2018-10-05,1,6,7,14.285714285714285,472.487568272504
2018-10-08,1,6,7,14.285714285714285,470.6015047863736
2018-10-09,1,6,7,14.285714285714285,465.3431010635177
2018-10-10,1,6,7,14.285714285714285,468.0355868174189
2018-10-11,1,6,7,14.285714285714285,467.0227779227413
2018-10-12,1,6,7,14.285714285714285,475.1196683433517
2018-10-15,1,6,7,14.285714285714285,475.31256528332915
2018-10-16,2,5,7,28.57142857142857,486.15706371288593
2018-10-17,2,5,7,28.57142857142857,477.6473609742199
2018-10-19,1,6,7,14.285714285714285,470.01702793491785
2018-10-22,1,6,7,14.285714285714285,461.8677659616502
2018-10-23,0,7,7,0.0,449.60905362671247
2018-10-24,2,5,7,28.57142857142857,461.5520398286132
2018-10-25,1,6,7,14.285714285714285,445.66043644508363
2018-10-26,1,6,7,14.285714285714285,446.2158743521346
2018-10-29,0,7,7,0.0,448.25412199667323
2018-10-30,1,6,7,14.285714285714285,457.5254059538554
2018-10-31,1,6,7,14.285714285714285,451.3900742634995
2018-11-01,0,7,7,0.0,463.16312236540807
2018-11-02,0,7,7,0.0,475.30979723678115
2018-11-05,0,7,7,0.0,473.81704912673337
2018-11-06,0,7,7,0.0,472.52126937533944
2018-11-07,0,7,7,0.0,479.1602281246245
2018-11-09,1,6,7,14.285714285714285,478.66762470591044
2018-11-12,0,7,7,0.0,473.0635411931401
2018-11-13,1,6,7,14.285714285714285,474.9529626711398
2018-11-14,1,6,7,14.285714285714285,472.8181221949858
2018-11-15,0,7,7,0.0,473.0393905184384
2018-11-16,0,7,7,0.0,468.830227219314
2018-11-19,0,7,7,0.0,469.12103748727753
2018-11-20,0,7,7,0.0,467.13493599203514
2018-11-21,1,6,7,14.285714285714285,469.1915082475016
2018-11-22,0,7,7,0.0,463.7896980507188
2018-11-26,0,7,7,0.0,464.4510001179918
2018-11-27,0,7,7,0.0,463.31934190042324
2018-11-28,1,6,7,14.285714285714285,463.07630344527587
2018-11-29,1,6,7,14.285714285714285,462.04578297274486
2018-11-30,1,6,7,14.285714285714285,467.39988360385183
2018-12-03,1,6,7,14.285714285714285,465.0941948646112
2018-12-04,0,7,7,0.0,464.7348434895977
2018-12-05,0,7,7,0.0,460.7594248348589
2018-12-06,0,7,7,0.0,459.56630945356096
2018-12-07,0,7,7,0.0,457.14300769199525
2018-12-10,0,7,7,0.0,449.5097534277929
2018-12-11,0,7,7,0.0,450.3395225483427
2018-12-12,0,7,7,0.0,461.62762175348115
2018-12-13,0,7,7,0.0,464.3724259792544
2018-12-14,1,6,7,14.285714285714285,463.09372633936425
2018-12-17,1,6,7,14.285714285714285,462.51236009229603
2018-12-18,1,6,7,14.285714285714285,463.692658190233
2018-12-19,1,6,7,14.285714285714285,477.7972323636607
2018-12-20,1,6,7,14.285714285714285,475.1854643044502
2018-12-21,1,6,7,14.285714285714285,470.7384071965624
2018-12-24,1,6,7,14.285714285714285,472.6057212023232
2018-12-26,1,6,7,14.285714285714285,468.7346299758455
2018-12-27,1,6,7,14.285714285714285,474.2692988311606
2018-12-28,1,6,7,14.285714285714285,482.33852219832806
2018-12-31,1,6,7,14.285714285714285,491.98979861589345
2019-01-01,1,6,7,14.285714285714285,496.04154185394844
2019-01-02,1,6,7,14.285714285714285,499.15495747347956
2019-01-03,1,6,7,14.285714285714285,500.6987477541742
2019-01-04,1,6,7,14.285714285714285,503.1736235623972
2019-01-07,1,6,7,14.285714285714285,504.36223467963055
2019-01-08,1,6,7,14.285714285714285,511.73460767359586
2019-01-09,1,6,7,14.285714285714285,507.4935394971632
2019-01-10,0,7,7,0.0,503.53142403721967
2019-01-11,1,6,7,14.285714285714285,501.6545714009875
2019-01-14,2,5,7,28.57142857142857,504.9283401807702
2019-01-15,2,5,7,28.57142857142857,507.19831316087493
2019-01-16,1,6,7,14.285714285714285,505.0255582979653
2019-01-17,1,6,7,14.285714285714285,505.6964035462242
2019-01-18,1,6,7,14.285714285714285,498.87488320868476
2019-01-21,0,7,7,0.0,490.5925753019501
2019-01-22,0,7,7,0.0,489.051665156368
2019-01-23,0,7,7,0.0,484.95812367935434
2019-01-24,0,7,7,0.0,482.8827096462212
2019-01-25,0,7,7,0.0,482.67053710949125
2019-01-28,0,7,7,0.0,474.25297455429387
2019-01-29,0,7,7,0.0,469.80303743663166
2019-01-30,0,7,7,0.0,465.9521517848688
2019-01-31,0,7,7,0.0,467.2331345519233
2019-02-01,0,7,7,0.0,466.13615865950385
2019-02-04,0,7,7,0.0,459.611858202548
2019-02-05,1,6,7,14.285714285714285,456.06514775154193
2019-02-06,1,6,7,14.285714285714285,452.1915015519321
2019-02-07,1,6,7,14.285714285714285,456.05272624135
2019-02-08,1,6,7,14.285714285714285,454.57409987192864
2019-02-11,1,6,7,14.285714285714285,449.958217067406
2019-02-12,1,6,7,14.285714285714285,451.06876109732286
2019-02-13,1,6,7,14.285714285714285,445.3064261182871
2019-02-14,1,6,7,14.285714285714285,449.0659404917371
2019-02-15,1,6,7,14.285714285714285,448.6353633042261
2019-02-18,0,7,7,0.0,442.03461208663424
2019-02-19,1,6,7,14.285714285714285,440.1699162953291
2019-02-20,1,6,7,14.285714285714285,444.2893595228071
2019-02-21,0,7,7,0.0,447.9578466461106
2019-02-22,0,7,7,0.0,449.2332088139056
2019-02-25,0,7,7,0.0,453.12239488998296
2019-02-26,0,7,7,0.0,445.65703810810174
2019-02-27,0,7,7,0.0,442.23492722620676
2019-02-28,0,7,7,0.0,437.38033326921897
2019-03-01,0,7,7,0.0,445.4912750121229
2019-03-05,0,7,7,0.0,467.4973350863106
2019-03-06,0,7,7,0.0,472.82497331887737
2019-03-07,0,7,7,0.0,473.68369479770394
2019-03-08,0,7,7,0.0,472.249283498436
2019-03-11,0,7,7,0.0,478.36839670892675
2019-03-12,1,6,7,14.285714285714285,483.6566480803098
2019-03-13,2,5,7,28.57142857142857,483.81824211678037
2019-03-14,2,5,7,28.57142857142857,490.39103085911637
2019-03-15,2,5,7,28.57142857142857,488.23926921970394
2019-03-18,2,5,7,28.57142857142857,487.6849508263741
2019-03-19,2,5,7,28.57142857142857,493.4762782982678
2019-03-20,2,5,7,28.57142857142857,492.81427598566205
2019-03-22,1,6,7,14.285714285714285,485.308658077973
2019-03-25,1,6,7,14.285714285714285,477.499890520956
2019-03-26,1,6,7,14.285714285714285,478.01891088365284
2019-03-27,1,6,7,14.285714285714285,481.55521363279223
2019-03-28,2,5,7,28.57142857142857,489.11143495150293
2019-03-29,2,5,7,28.57142857142857,493.2451109103943
2019-04-01,1,6,7,14.285714285714285,493.1108981697008
2019-04-02,2,5,7,28.57142857142857,488.1062792869568
2019-04-03,2,5,7,28.57142857142857,487.66230443881346
2019-04-04,2,5,7,28.57142857142857,484.74793639384427
2019-04-05,2,5,7,28.57142857142857,488.421575032922
2019-04-08,2,5,7,28.57142857142857,494.3341625164199
2019-04-09,1,6,7,14.285714285714285,493.6670313092237
2019-04-10,1,6,7,14.285714285714285,490.91662609070903
2019-04-11,1,6,7,14.285714285714285,491.7848093312118
2019-04-12,1,6,7,14.285714285714285,492.45042324690127
2019-04-15,2,5,7,28.57142857142857,494.7437372626979
2019-04-16,2,5,7,28.57142857142857,502.0712713623686
2019-04-18,3,4,7,42.857142857142854,515.1578257699432
2019-04-22,3,4,7,42.857142857142854,519.6117540598419
2019-04-23,3,4,7,42.857142857142854,516.6059872351339
2019-04-24,3,4,7,42.857142857142854,516.3291483528037
2019-04-25,3,4,7,42.857142857142854,518.0772811470001
2019-04-26,3,4,7,42.857142857142854,523.7082377506762
2019-04-30,3,4,7,42.857142857142854,516.8502811217593
2019-05-02,3,4,7,42.857142857142854,518.7825930343009
2019-05-03,3,4,7,42.857142857142854,517.574267026241
2019-05-06,3,4,7,42.857142857142854,513.6202708362807
2019-05-07,3,4,7,42.857142857142854,511.4748768577984
2019-05-08,2,5,7,28.57142857142857,499.9962428197308
2019-05-09,2,5,7,28.57142857142857,497.6363034181677
2019-05-10,2,5,7,28.57142857142857,495.5656552663617
2019-05-13,3,4,7,42.857142857142854,492.8912791964999
2019-05-14,3,4,7,42.857142857142854,497.83592352193784
2019-05-15,3,4,7,42.857142857142854,496.87001181132865
2019-05-16,2,5,7,28.57142857142857,497.3769455974372
2019-05-17,3,4,7,42.857142857142854,494.9164850287316
2019-05-20,3,4,7,42.857142857142854,512.5948646947269
2019-05-21,3,4,7,42.857142857142854,515.7902620226632
2019-05-22,3,4,7,42.857142857142854,515.1976740789768
2019-05-23,3,4,7,42.857142857142854,511.93775850815547
2019-05-24,3,4,7,42.857142857142854,532.1802797871368
2019-05-27,3,4,7,42.857142857142854,536.9614733048554
2019-05-28,3,4,7,42.857142857142854,552.8246748547527
2019-05-29,3,4,7,42.857142857142854,549.9412002191679
2019-05-30,3,4,7,42.857142857142854,545.5888501479569
2019-05-31,3,4,7,42.857142857142854,539.1307283618032
2019-06-03,3,4,7,42.857142857142854,536.8827728315841
2019-06-04,3,4,7,42.857142857142854,534.3459225459806
2019-06-06,3,4,7,42.857142857142854,522.6454789630858
2019-06-07,3,4,7,42.857142857142854,517.0638790072925
2019-06-10,3,4,7,42.857142857142854,513.3923879839482
2019-06-11,3,4,7,42.857142857142854,515.4935561790585
2019-06-12,3,4,7,42.857142857142854,512.0515157559427
2019-06-13,3,4,7,42.857142857142854,510.8983408969822
2019-06-14,3,4,7,42.857142857142854,505.7684421856971
2019-06-17,2,5,7,28.57142857142857,501.63810341672075
2019-06-18,3,4,7,42.857142857142854,498.79362031304055
2019-06-19,3,4,7,42.857142857142854,495.09211191563924
2019-06-20,3,4,7,42.857142857142854,503.2796860529338
2019-06-21,3,4,7,42.857142857142854,501.0753868930498
2019-06-24,3,4,7,42.857142857142854,499.3670792959861
2019-06-25,4,3,7,57.14285714285714,500.29513649522926
2019-06-26,4,3,7,57.14285714285714,503.4949096784069
2019-06-27,4,3,7,57.14285714285714,509.8375661226652
2019-06-28,4,3,7,57.14285714285714,511.04946774584886
2019-07-01,4,3,7,57.14285714285714,513.3256134683467
2019-07-02,4,3,7,57.14285714285714,513.8574989063616
2019-07-03,4,3,7,57.14285714285714,512.2100287300658
2019-07-04,4,3,7,57.14285714285714,512.704576088063
2019-07-05,4,3,7,57.14285714285714,510.78990064175304
2019-07-08,4,3,7,57.14285714285714,502.14586181376364
2019-07-09,4,3,7,57.14285714285714,499.3338133218368
2019-07-10,4,3,7,57.14285714285714,497.03015274019134
2019-07-11,3,4,7,42.857142857142854,497.0753712403318
2019-07-12,3,4,7,42.857142857142854,496.37630432549537
2019-07-15,3,4,7,42.857142857142854,499.166932139681
2019-07-16,3,4,7,42.857142857142854,500.9132232584308
2019-07-17,2,5,7,28.57142857142857,497.2138975137166
2019-07-18,2,5,7,28.57142857142857,489.54664471505953
2019-07-19,2,5,7,28.57142857142857,478.67235479371385
2019-07-22,2,5,7,28.57142857142857,470.1427996221669
2019-07-23,2,5,7,28.57142857142857,463.80577636168266
2019-07-24,2,5,7,28.57142857142857,467.9486367607118
2019-07-25,2,5,7,28.57142857142857,463.9034810728723
2019-07-26,2,5,7,28.57142857142857,461.66836492491285
2019-07-29,2,5,7,28.57142857142857,450.04246720964386
2019-07-30,2,5,7,28.57142857142857,440.42731214601974
2019-07-31,2,5,7,28.57142857142857,435.7436522406756
2019-08-01,2,5,7,28.57142857142857,426.7600029181753
2019-08-02,1,6,7,14.285714285714285,423.27473901785976
2019-08-05,1,6,7,14.285714285714285,414.6539803140565
2019-08-06,1,6,7,14.285714285714285,418.5538167220827
2019-08-07,1,6,7,14.285714285714285,414.0501929123264
2019-08-08,1,6,7,14.285714285714285,414.73221450469043
2019-08-09,1,6,7,14.285714285714285,415.0958843887041
2019-08-13,1,6,7,14.285714285714285,412.70112207117916
2019-08-14,1,6,7,14.285714285714285,419.3829020506894
2019-08-16,1,6,7,14.285714285714285,417.54400073735655
2019-08-19,1,6,7,14.285714285714285,423.10801129952205
2019-08-20,1,6,7,14.285714285714285,420.12220738448065
2019-08-21,1,6,7,14.285714285714285,415.42578269702614
2019-08-22,1,6,7,14.285714285714285,413.3233315024757
2019-08-23,1,6,7,14.285714285714285,412.5790508826817
2019-08-26,1,6,7,14.285714285714285,424.99862645735175
2019-08-27,1,6,7,14.285714285714285,438.68714236881095
2019-08-28,1,6,7,14.285714285714285,442.035069962871
2019-08-29,1,6,7,14.285714285714285,435.59843560239483
2019-08-30,1,6,7,14.285714285714285,444.36993749263263
2019-09-03,1,6,7,14.285714285714285,433.9148891819826
2019-09-04,1,6,7,14.285714285714285,435.37495584335824
2019-09-05,1,6,7,14.285714285714285,434.5345013313624
2019-09-06,1,6,7,14.285714285714285,441.7492066671542
2019-09-09,1,6,7,14.285714285714285,451.04104618860623
2019-09-11,1,6,7,14.285714285714285,454.37330256565997
2019-09-12,1,6,7,14.285714285714285,455.12094444658953
2019-09-13,1,6,7,14.285714285714285,447.45872662897614
2019-09-16,1,6,7,14.285714285714285,449.9721000996533
2019-09-17,1,6,7,14.285714285714285,444.7236940818045
2019-09-18,1,6,7,14.285714285714285,443.9089933887466
2019-09-19,1,6,7,14.285714285714285,439.57273582263883
2019-09-20,1,6,7,14.285714285714285,458.1382536429054
2019-09-23,3,4,7,42.857142857142854,487.65247276011445
2019-09-24,2,5,7,28.57142857142857,493.06706134582134
2019-09-25,3,4,7,42.857142857142854,488.6068763481643
2019-09-26,4,3,7,57.14285714285714,490.9281657013417
2019-09-27,4,3,7,57.14285714285714,491.6987587309333
2019-10-01,3,4,7,42.857142857142854,491.6987587309333
2019-10-03,3,4,7,42.857142857142854,490.2186545162053
2019-10-04,2,5,7,28.57142857142857,481.3556087526032
2019-10-07,1,6,7,14.285714285714285,481.1874921481663
2019-10-09,2,5,7,28.57142857142857,478.6894004766406
2019-10-10,1,6,7,14.285714285714285,478.3025620235696
2019-10-11,2,5,7,28.57142857142857,478.770654910408
2019-10-14,2,5,7,28.57142857142857,487.665948706142
2019-10-15,2,5,7,28.57142857142857,489.88368369966116
2019-10-16,2,5,7,28.57142857142857,489.56808788754245
2019-10-17,3,4,7,42.857142857142854,499.4211555957712
2019-10-18,3,4,7,42.857142857142854,514.2244275275989
2019-10-22,2,5,7,28.57142857142857,514.9911027045877
2019-10-23,1,6,7,14.285714285714285,514.2116067303368
2019-10-24,1,6,7,14.285714285714285,507.8697527364148
2019-10-25,1,6,7,14.285714285714285,502.7115919574764
2019-10-27,1,6,7,14.285714285714285,513.0826520396777
2019-10-29,2,5,7,28.57142857142857,516.6777626290868
2019-10-30,3,4,7,42.857142857142854,523.4814544323117
2019-10-31,3,4,7,42.857142857142854,528.0318584374595
2019-11-01,4,3,7,57.14285714285714,539.9772631633183
2019-11-04,3,4,7,42.857142857142854,537.8005400247013
2019-11-05,4,3,7,57.14285714285714,532.6135913729695
2019-11-06,4,3,7,57.14285714285714,526.9028048375673
2019-11-07,3,4,7,42.857142857142854,530.5994397082666
2019-11-08,3,4,7,42.857142857142854,524.021167071129
2019-11-11,3,4,7,42.857142857142854,525.0330741654262
2019-11-13,3,4,7,42.857142857142854,521.2523154807079
2019-11-14,3,4,7,42.857142857142854,521.3091740042361
2019-11-15,3,4,7,42.857142857142854,522.6793794313534
2019-11-18,3,4,7,42.857142857142854,528.7133910472593
2019-11-19,3,4,7,42.857142857142854,528.9097188701372
2019-11-20,3,4,7,42.857142857142854,528.7659116095925
2019-11-21,3,4,7,42.857142857142854,528.7272223612867
2019-11-22,3,4,7,42.857142857142854,533.3276378458423
2019-11-25,3,4,7,42.857142857142854,537.5633410962778
2019-11-26,3,4,7,42.857142857142854,533.7543304136274
2019-11-27,3,4,7,42.857142857142854,532.260267571633
2019-11-28,3,4,7,42.857142857142854,536.775231433561
2019-11-29,3,4,7,42.857142857142854,535.7767366045514
2019-12-02,4,3,7,57.14285714285714,533.3851878178618
2019-12-03,4,3,7,57.14285714285714,537.9742507680071
2019-12-04,4,3,7,57.14285714285714,536.6855358141675
2019-12-05,4,3,7,57.14285714285714,536.1513316763675
2019-12-06,4,3,7,57.14285714285714,532.1448419515931
2019-12-09,4,3,7,57.14285714285714,526.9154347424061
2019-12-10,4,3,7,57.14285714285714,520.1413538101414
2019-12-11,4,3,7,57.14285714285714,520.8789858778842
2019-12-12,4,3,7,57.14285714285714,527.8463253201913
2019-12-13,4,3,7,57.14285714285714,532.7607764637999
2019-12-16,4,3,7,57.14285714285714,531.9356920522903
2019-12-17,4,3,7,57.14285714285714,534.2308669859088
2019-12-18,4,3,7,57.14285714285714,532.9673448874889
2019-12-19,4,3,7,57.14285714285714,534.7768994272151
2019-12-20,4,3,7,57.14285714285714,533.6926094496704
2019-12-23,4,3,7,57.14285714285714,530.0164188498752
2019-12-24,4,3,7,57.14285714285714,527.0145404659838
2019-12-26,4,3,7,57.14285714285714,526.7450845979456
2019-12-27,4,3,7,57.14285714285714,542.3709669196705
2019-12-30,4,3,7,57.14285714285714,545.5297366135032
2019-12-31,4,3,7,57.14285714285714,542.6430884170908
2020-01-01,4,3,7,57.14285714285714,556.6796385937445
2020-01-02,5,2,7,71.42857142857143,581.4754988481534
2020-01-03,5,2,7,71.42857142857143,589.0352889233944
2020-01-06,5,2,7,71.42857142857143,573.5534206014242
2020-01-07,5,2,7,71.42857142857143,580.8755348595416
2020-01-08,5,2,7,71.42857142857143,578.9371790203303
2020-01-09,5,2,7,71.42857142857143,588.9472389976753
2020-01-10,5,2,7,71.42857142857143,607.0011430891262
2020-01-13,5,2,7,71.42857142857143,606.9343398730465
2020-01-14,5,2,7,71.42857142857143,620.1405899079942
2020-01-15,5,2,7,71.42857142857143,627.7030787997239
2020-01-16,5,2,7,71.42857142857143,630.5610259812833
2020-01-17,6,1,7,85.71428571428571,624.3634147235932
2020-01-20,6,1,7,85.71428571428571,619.7506917995008
2020-01-21,5,2,7,71.42857142857143,619.6462365837484
2020-01-22,5,2,7,71.42857142857143,613.9382190204449
2020-01-23,5,2,7,71.42857142857143,609.6290437844672
2020-01-24,6,1,7,85.71428571428571,605.7484133516782
2020-01-27,5,2,7,71.42857142857143,599.450859258091
2020-01-28,5,2,7,71.42857142857143,602.994636159034
2020-01-29,5,2,7,71.42857142857143,601.3433271906968
2020-01-30,5,2,7,71.42857142857143,587.6181152970039
2020-01-31,5,2,7,71.42857142857143,584.4991415591618
2020-02-01,5,2,7,71.42857142857143,567.9322301954257
2020-02-03,5,2,7,71.42857142857143,563.396801281241
2020-02-04,5,2,7,71.42857142857143,581.2071047130414
2020-02-05,5,2,7,71.42857142857143,596.0018290598039
2020-02-06,6,1,7,85.71428571428571,603.3337068740851
2020-02-07,6,1,7,85.71428571428571,612.5525308299357
2020-02-10,6,1,7,85.71428571428571,603.107346418077
2020-02-11,6,1,7,85.71428571428571,605.2118068033624
2020-02-12,5,2,7,71.42857142857143,600.0930344525385
2020-02-13,5,2,7,71.42857142857143,595.8262849634823
2020-02-14,5,2,7,71.42857142857143,596.3843190678487
2020-02-17,5,2,7,71.42857142857143,588.9460894660343
2020-02-18,5,2,7,71.42857142857143,590.0837826929774
2020-02-19,5,2,7,71.42857142857143,600.306550504792
2020-02-20,5,2,7,71.42857142857143,608.3604576432076
2020-02-24,4,3,7,57.14285714285714,599.995182481534
2020-02-25,4,3,7,57.14285714285714,593.7531302339588
2020-02-26,4,3,7,57.14285714285714,585.6029663604571
2020-02-27,4,3,7,57.14285714285714,581.6049350559902
2020-02-28,4,3,7,57.14285714285714,552.1591668129216
2020-03-02,4,3,7,57.14285714285714,548.9438843060448
2020-03-03,4,3,7,57.14285714285714,552.2674235888538
2020-03-04,4,3,7,57.14285714285714,548.1478225931403
2020-03-05,4,3,7,57.14285714285714,545.817973925552
2020-03-06,4,3,7,57.14285714285714,534.0054748863828
2020-03-09,4,3,7,57.14285714285714,511.0304311900385
2020-03-11,4,3,7,57.14285714285714,513.0966306636607
2020-03-12,2,5,7,28.57142857142857,467.86352056553903
2020-03-13,1,6,7,14.285714285714285,466.4897797021374
2020-03-16,1,6,7,14.285714285714285,447.8269789877064
2020-03-17,1,6,7,14.285714285714285,440.460435621561
2020-03-18,0,7,7,0.0,424.50218081489624
2020-03-19,0,7,7,0.0,410.30856215714584
2020-03-20,0,7,7,0.0,428.16809758976257
2020-03-23,0,7,7,0.0,371.6312588264879
2020-03-24,0,7,7,0.0,373.8801947349297
2020-03-25,0,7,7,0.0,391.8600737087565
2020-03-26,0,7,7,0.0,404.4227936284448
2020-03-27,0,7,7,0.0,411.3555235869108
2020-03-30,0,7,7,0.0,403.9322673238053
2020-03-31,1,6,7,14.285714285714285,416.69203320541055
2020-04-01,0,7,7,0.0,411.25125177341823
2020-04-03,0,7,7,0.0,411.3471434907308
2020-04-07,0,7,7,0.0,421.3781399770353
2020-04-08,0,7,7,0.0,425.5414055398748
2020-04-09,0,7,7,0.0,443.98557412734647
2020-04-13,0,7,7,0.0,453.14431379533806
2020-04-15,1,6,7,14.285714285714285,458.26860177471235
2020-04-16,2,5,7,28.57142857142857,472.20878055099433
2020-04-17,3,4,7,42.857142857142854,481.4953720127401
2020-04-20,3,4,7,42.857142857142854,486.47394841547805
2020-04-21,1,6,7,14.285714285714285,458.7867893829441
2020-04-22,1,6,7,14.285714285714285,463.17997619412614
2020-04-23,1,6,7,14.285714285714285,469.2799378299876
2020-04-24,2,5,7,28.57142857142857,461.2790244886396
2020-04-27,2,5,7,28.57142857142857,473.6042395774495
2020-04-28,2,5,7,28.57142857142857,474.81909862400596
2020-04-29,2,5,7,28.57142857142857,477.92887863090715
2020-04-30,2,5,7,28.57142857142857,482.3506347118769
2020-05-04,1,6,7,14.285714285714285,472.1014183025845
2020-05-05,0,7,7,0.0,467.57882170789713
2020-05-06,2,5,7,28.57142857142857,476.064783178536
2020-05-07,2,5,7,28.57142857142857,477.4751016880267
2020-05-08,2,5,7,28.57142857142857,475.47091715477245
2020-05-11,1,6,7,14.285714285714285,477.306877433375
2020-05-12,1,6,7,14.285714285714285,469.5010252959439
2020-05-13,3,4,7,42.857142857142854,484.36376115758907
2020-05-14,2,5,7,28.57142857142857,481.36792273036343
2020-05-15,2,5,7,28.57142857142857,490.3218227399866
2020-05-18,2,5,7,28.57142857142857,482.1243934971682
2020-05-19,2,5,7,28.57142857142857,489.1904820168769
2020-05-20,3,4,7,42.857142857142854,492.1558344330213
2020-05-21,3,4,7,42.857142857142854,491.15135360043257
2020-05-22,3,4,7,42.857142857142854,480.53322063361685
2020-05-26,3,4,7,42.857142857142854,487.6871905605779
2020-05-27,3,4,7,42.857142857142854,500.3171452525347
2020-05-28,3,4,7,42.857142857142854,502.0548263425302
2020-05-29,3,4,7,42.857142857142854,505.37800195728363
2020-06-01,4,3,7,57.14285714285714,514.0404622923623
2020-06-02,4,3,7,57.14285714285714,521.1992501684
2020-06-03,4,3,7,57.14285714285714,529.3960530084322
2020-06-04,4,3,7,57.14285714285714,524.8805887589346
2020-06-05,4,3,7,57.14285714285714,533.2935724468678
2020-06-08,4,3,7,57.14285714285714,532.3857024976217
2020-06-09,4,3,7,57.14285714285714,530.9642585056982
2020-06-10,4,3,7,57.14285714285714,532.6202313927879
2020-06-11,4,3,7,57.14285714285714,528.0362805755441
2020-06-12,4,3,7,57.14285714285714,527.5163103020177
2020-06-15,5,2,7,71.42857142857143,545.0032302554501
2020-06-16,4,3,7,57.14285714285714,546.8241418695561
2020-06-17,5,2,7,71.42857142857143,547.1639222336921
2020-06-18,5,2,7,71.42857142857143,550.8886322983441
2020-06-19,5,2,7,71.42857142857143,562.7095977663587
2020-06-22,5,2,7,71.42857142857143,573.9071095050347
2020-06-23,5,2,7,71.42857142857143,601.1420716873122
2020-06-24,5,2,7,71.42857142857143,599.1385001916857
2020-06-25,5,2,7,71.42857142857143,638.2251421222505
2020-06-26,5,2,7,71.42857142857143,630.5145102229809
2020-06-29,5,2,7,71.42857142857143,625.660710789905
2020-06-30,5,2,7,71.42857142857143,624.5128802889884
2020-07-01,6,1,7,85.71428571428571,632.1281229837826
2020-07-02,6,1,7,85.71428571428571,637.0474557549817
2020-07-03,6,1,7,85.71428571428571,645.1580533735961
2020-07-06,6,1,7,85.71428571428571,654.8783814025361
2020-07-07,7,0,7,100.0,678.5310411255219
2020-07-08,7,0,7,100.0,674.3202507937597
2020-07-09,7,0,7,100.0,691.6754058535703
2020-07-10,7,0,7,100.0,701.4660668835824
2020-07-13,7,0,7,100.0,701.1172058068653
2020-07-14,6,1,7,85.71428571428571,706.985553460851
2020-07-15,7,0,7,100.0,710.6296211281566
2020-07-16,7,0,7,100.0,710.886263568056
2020-07-17,7,0,7,100.0,719.5339437529334
2020-07-20,7,0,7,100.0,732.0187360672458
2020-07-21,7,0,7,100.0,743.2216745642168
2020-07-22,7,0,7,100.0,745.5292138553132
2020-07-23,7,0,7,100.0,760.1349787382486
2020-07-24,7,0,7,100.0,768.0188304001298
2020-07-27,7,0,7,100.0,764.0612451039021
2020-07-28,7,0,7,100.0,775.19154532278
2020-07-29,7,0,7,100.0,764.3476138519071
2020-07-30,7,0,7,100.0,755.5635723259405
2020-07-31,7,0,7,100.0,751.7880073335244
2020-08-03,7,0,7,100.0,744.9974180854499
2020-08-04,7,0,7,100.0,766.8062138066268
2020-08-05,7,0,7,100.0,777.8835610527216
2020-08-06,7,0,7,100.0,781.3056277914911
2020-08-07,6,1,7,85.71428571428571,775.7567283068448
2020-08-10,7,0,7,100.0,783.3294742304746
2020-08-11,7,0,7,100.0,781.9089485814932
2020-08-12,6,1,7,85.71428571428571,779.6847585636785
2020-08-13,6,1,7,85.71428571428571,773.2544773226429
2020-08-14,7,0,7,100.0,768.5210256886469
2020-08-17,7,0,7,100.0,760.3567037817387
2020-08-18,7,0,7,100.0,776.6473748667798
2020-08-19,7,0,7,100.0,782.7423286922743
2020-08-20,7,0,7,100.0,782.8900977492005
2020-08-21,7,0,7,100.0,788.3525097699235
2020-08-24,7,0,7,100.0,791.9840961405461
2020-08-25,7,0,7,100.0,791.4817822091081
2020-08-26,7,0,7,100.0,800.1090244733977
2020-08-27,7,0,7,100.0,809.2622597144394
2020-08-28,7,0,7,100.0,821.6115601536735
2020-08-31,7,0,7,100.0,788.5701645209141
2020-09-01,7,0,7,100.0,780.355475101304
2020-09-02,7,0,7,100.0,815.6101300557028
2020-09-03,7,0,7,100.0,822.2658573732537
2020-09-04,7,0,7,100.0,822.2214861082687
2020-09-07,6,1,7,85.71428571428571,810.6092979491084
2020-09-08,6,1,7,85.71428571428571,792.3732236620036
2020-09-09,6,1,7,85.71428571428571,787.8108401415706
2020-09-10,6,1,7,85.71428571428571,797.5399608267574
2020-09-11,6,1,7,85.71428571428571,799.6871523587134
2020-09-14,6,1,7,85.71428571428571,842.0982434981736
2020-09-15,6,1,7,85.71428571428571,850.6699087952413
2020-09-16,6,1,7,85.71428571428571,855.3373397368395
2020-09-17,6,1,7,85.71428571428571,850.6456923778163
2020-09-18,6,1,7,85.71428571428571,851.6760350750804
2020-09-21,6,1,7,85.71428571428571,804.9436758532041
2020-09-22,6,1,7,85.71428571428571,800.2709108785542
2020-09-23,6,1,7,85.71428571428571,817.2091610959496
2020-09-24,6,1,7,85.71428571428571,800.3765910379796
2020-09-25,6,1,7,85.71428571428571,810.2391577349479
2020-09-28,5,1,6,83.33333333333334,841.077143126009
2020-09-29,6,1,7,85.71428571428571,840.7174077818612
2020-09-30,6,1,7,85.71428571428571,837.943658283608
2020-10-01,6,1,7,85.71428571428571,830.4615574898161
2020-10-05,6,1,9,85.71428571428571,838.7041141848853
2020-10-06,6,1,9,85.71428571428571,840.3807578358626
2020-10-07,6,1,9,85.71428571428571,827.7495475077867
2020-10-08,6,1,9,85.71428571428571,812.4179494617467
2020-10-09,6,1,9,85.71428571428571,817.1135353664447
2020-10-12,6,1,9,85.71428571428571,808.0291757705211
2020-10-13,6,1,9,85.71428571428571,804.4250871301709
2020-10-14,6,1,9,85.71428571428571,804.0396869636604
2020-10-15,6,1,9,85.71428571428571,798.3812943969176
2020-10-16,6,1,9,85.71428571428571,795.3571254375254
2020-10-19,6,1,9,85.71428571428571,793.8760658006107
2020-10-20,6,1,9,85.71428571428571,790.7736824749863
2020-10-21,6,1,9,85.71428571428571,791.6502150089085
2020-10-22,6,1,9,85.71428571428571,794.910170562823
2020-10-23,6,1,9,85.71428571428571,796.244772224654
2020-10-26,6,1,9,85.71428571428571,798.6368025075628
2020-10-27,6,1,9,85.71428571428571,815.5035283335494
2020-10-28,6,1,9,85.71428571428571,814.4237031006014
2020-10-29,6,1,9,85.71428571428571,806.967444905708
2020-10-30,6,1,9,85.71428571428571,821.639138905501
2020-11-02,6,1,9,85.71428571428571,803.0509570676719
2020-11-03,6,1,9,85.71428571428571,793.6359324999178
2020-11-04,6,1,9,85.71428571428571,791.8513205060023
2020-11-05,6,1,9,85.71428571428571,802.4833268996322
2020-11-06,6,1,9,85.71428571428571,808.4946233781892
2020-11-09,6,1,9,85.71428571428571,823.059357121373
2020-11-10,6,1,9,85.71428571428571,819.4168119394028
2020-11-11,6,1,9,85.71428571428571,819.108394178431
2020-11-12,6,1,9,85.71428571428571,826.6243609560617
2020-11-13,6,1,9,85.71428571428571,838.8768067378913
2020-11-14,6,1,9,85.71428571428571,845.2136643491322
2020-11-17,7,0,9,100.0,859.2232045411569
2020-11-18,6,1,9,85.71428571428571,856.2854425298029
2020-11-19,6,1,9,85.71428571428571,850.2717191458771
2020-11-20,6,1,9,85.71428571428571,863.3326893505704
2020-11-23,6,1,9,85.71428571428571,870.8902785760753
2020-11-24,7,0,9,100.0,870.4620509755367
2020-11-25,6,1,9,85.71428571428571,862.3433065931268
2020-11-26,6,1,9,85.71428571428571,860.7300915233266
2020-11-27,6,1,9,85.71428571428571,867.8676444533425
2020-12-01,6,1,9,85.71428571428571,867.6341886186943
2020-12-02,7,0,9,100.0,867.5335994993213
2020-12-03,7,0,9,100.0,891.0590849275795
2020-12-04,7,0,9,100.0,904.9322224249739
2020-12-07,7,0,9,100.0,931.5828673191108
2020-12-08,7,0,9,100.0,933.0905955138743
2020-12-09,7,0,9,100.0,939.0296866776008
2020-12-10,7,0,9,100.0,946.7900996303288
2020-12-11,7,0,9,100.0,937.2728658950131
2020-12-14,7,0,9,100.0,942.0565041792921
2020-12-15,7,0,9,100.0,943.5227035370638
2020-12-16,7,0,9,100.0,938.4605631853672
2020-12-17,7,0,9,100.0,933.9397280283539
2020-12-18,7,0,9,100.0,928.2288603072299
2020-12-21,7,0,9,100.0,898.7324362027605
2020-12-22,7,0,9,100.0,900.2416656172891
2020-12-23,7,0,9,100.0,919.0217801065892
2020-12-24,7,0,9,100.0,933.6357090950436
2020-12-28,7,0,9,100.0,940.8352023797777
2020-12-29,7,0,9,100.0,946.5928665996589
2020-12-30,7,0,9,100.0,946.0117997853419
2020-12-31,7,0,9,100.0,948.5242514882733
2021-01-01,7,0,9,100.0,956.7065279510736
2021-01-04,7,0,9,100.0,968.1817545673084
2021-01-05,7,0,9,100.0,961.2425474862954
2021-01-06,7,0,9,100.0,957.9388471145068
2021-01-07,7,0,9,100.0,975.7202720711549
2021-01-08,7,0,9,100.0,976.3286881460534
2021-01-11,7,0,9,100.0,979.4878045832522
2021-01-12,7,0,9,100.0,990.5468831434305
2021-01-13,7,0,9,100.0,978.2290490881855
2021-01-14,7,0,9,100.0,972.7626318864166
2021-01-15,7,0,9,100.0,957.7728567115427
2021-01-18,7,0,9,100.0,941.5902110528672
2021-01-19,7,0,9,100.0,957.6404963426977
2021-01-20,7,0,9,100.0,959.8039396592419
2021-01-21,7,0,9,100.0,953.6065514686941
2021-01-22,6,1,9,85.71428571428571,944.5667342479954
2021-01-25,6,1,9,85.71428571428571,933.205180599945
2021-01-27,5,2,9,71.42857142857143,932.1241788828825
2021-01-28,5,2,9,71.42857142857143,937.8811647060315
2021-01-29,6,1,9,85.71428571428571,925.4731288242593
2021-02-01,6,1,9,85.71428571428571,926.1890665991568
2021-02-02,6,1,9,85.71428571428571,933.5285891851502
2021-02-03,6,1,9,85.71428571428571,949.9504344825489
2021-02-04,6,1,9,85.71428571428571,955.3794747307784
2021-02-05,6,1,9,85.71428571428571,944.3669214762087
2021-02-08,6,1,9,85.71428571428571,945.6411820297724
2021-02-09,6,1,9,85.71428571428571,947.4736478056132
2021-02-10,4,3,9,57.14285714285714,934.4092581995587
2021-02-11,4,3,9,57.14285714285714,952.4304768323368
2021-02-12,5,2,9,71.42857142857143,965.443509467425
2021-02-15,4,3,9,57.14285714285714,964.6857198876048
2021-02-16,4,3,9,57.14285714285714,952.2295113177115
2021-02-17,5,2,9,71.42857142857143,953.9264636046553
2021-02-18,5,2,9,71.42857142857143,954.3447961272209
2021-02-19,5,2,9,71.42857142857143,952.228102179814
2021-02-22,4,3,9,57.14285714285714,937.2768691497432
2021-02-23,5,2,9,71.42857142857143,944.9063046134754
2021-02-24,4,3,9,57.14285714285714,958.3131333397641
2021-02-25,5,2,9,71.42857142857143,963.9141665721933
2021-02-26,4,3,9,57.14285714285714,957.5939933805873
2021-03-01,4,3,9,57.14285714285714,963.1183416450609
2021-03-02,4,3,9,57.14285714285714,964.7565532149574
2021-03-03,5,2,9,71.42857142857143,975.0591101567236
2021-03-04,5,2,9,71.42857142857143,983.3558143480424
2021-03-05,5,2,9,71.42857142857143,981.1103810018157
2021-03-08,5,2,9,71.42857142857143,988.1898557357981
2021-03-09,5,2,9,71.42857142857143,994.7267893943573
2021-03-10,5,2,9,71.42857142857143,995.0397578199627
2021-03-12,5,2,9,71.42857142857143,997.7599174570411
2021-03-15,5,2,9,71.42857142857143,1000.5259144710941
2021-03-16,6,1,9,85.71428571428571,1009.5788210329516
2021-03-17,6,1,9,85.71428571428571,1000.6031758334586
2021-03-18,6,1,9,85.71428571428571,991.5951834036169
2021-03-19,6,1,9,85.71428571428571,1002.2349885162207
2021-03-22,6,1,9,85.71428571428571,998.9562241047297
2021-03-23,5,2,9,71.42857142857143,1001.7247356437963
2021-03-24,5,2,9,71.42857142857143,982.6010365475577
2021-03-25,4,3,9,57.14285714285714,952.7675455885183
2021-03-26,5,2,9,71.42857142857143,964.750515439529
2021-03-30,5,2,9,71.42857142857143,968.579977055045
2021-03-31,4,3,9,57.14285714285714,961.9180850963128
2021-04-01,5,2,9,71.42857142857143,980.4498155400736
2021-04-05,5,2,9,71.42857142857143,977.4382811312556
2021-04-06,5,2,9,71.42857142857143,991.5407994899342
2021-04-07,5,2,9,71.42857142857143,1008.3760948361714
2021-04-08,5,2,9,71.42857142857143,1017.1557733028928
2021-04-09,5,2,9,71.42857142857143,1023.3573366525883
2021-04-12,4,3,9,57.14285714285714,975.4628797664443
2021-04-13,4,3,9,57.14285714285714,979.8639658385733
2021-04-15,5,2,9,71.42857142857143,1009.3805817784307
2021-04-16,5,2,9,71.42857142857143,1041.578606820552
2021-04-19,5,2,9,71.42857142857143,1040.351760781913
2021-04-20,5,2,9,71.42857142857143,1050.373061814998
2021-04-22,5,2,9,71.42857142857143,1065.5837717670972
2021-04-23,5,2,9,71.42857142857143,1053.5142423419607
2021-04-26,5,2,9,71.42857142857143,1071.906044601105
2021-04-27,5,2,9,71.42857142857143,1119.282050919367
2021-04-28,5,2,9,71.42857142857143,1121.253313793672
2021-04-29,6,1,9,85.71428571428571,1117.7702084749524
2021-04-30,6,1,9,85.71428571428571,1109.152738785606
2021-05-03,6,1,9,85.71428571428571,1118.5329019550672
2021-05-04,6,1,9,85.71428571428571,1132.920771214447
2021-05-05,6,1,9,85.71428571428571,1141.6675278444336
2021-05-06,6,1,9,85.71428571428571,1206.636601108129
2021-05-07,6,1,9,85.71428571428571,1224.4208438153585
2021-05-10,6,1,9,85.71428571428571,1261.6211362778295
2021-05-11,6,1,9,85.71428571428571,1279.5035928027562
2021-05-12,8,1,9,88.88888888888889,1274.1122048393106
2021-05-14,8,1,9,88.88888888888889,1272.4719955001005
2021-05-17,8,1,9,88.88888888888889,1292.811623823931
2021-05-18,8,1,9,88.88888888888889,1304.7731511721927
2021-05-19,8,1,9,88.88888888888889,1325.69610311134
2021-05-20,9,0,9,100.0,1323.6369670356305
2021-05-21,9,0,9,100.0,1353.1984480578667
2021-05-24,8,1,9,88.88888888888889,1369.9911266518582
2021-05-25,8,1,9,88.88888888888889,1336.12193363452
2021-05-26,8,1,9,88.88888888888889,1354.478215151397
2021-05-27,8,1,9,88.88888888888889,1357.3750535088927
2021-05-28,8,1,9,88.88888888888889,1383.4571339577842
2021-05-31,8,1,9,88.88888888888889,1390.555089138613
2021-06-01,8,1,9,88.88888888888889,1367.143982493635
2021-06-02,8,1,9,88.88888888888889,1376.0952448773253
2021-06-03,8,1,9,88.88888888888889,1405.327155895527
2021-06-04,8,1,9,88.88888888888889,1431.717786642875
2021-06-07,8,1,9,88.88888888888889,1488.7548407904467
2021-06-08,9,0,9,100.0,1475.8937307543806
2021-06-09,8,1,9,88.88888888888889,1441.3918448655395
2021-06-10,8,1,9,88.88888888888889,1456.8392657474567
2021-06-11,8,1,9,88.88888888888889,1468.18471222895
2021-06-14,8,1,9,88.88888888888889,1472.4224838331254
2021-06-15,8,1,9,88.88888888888889,1499.4351133972507
2021-06-16,8,1,9,88.88888888888889,1494.5331550533372
2021-06-17,8,1,9,88.88888888888889,1472.7435134396092
2021-06-18,8,1,9,88.88888888888889,1456.7279776565567
2021-06-21,8,1,9,88.88888888888889,1460.675007904691
2021-06-22,8,1,9,88.88888888888889,1451.8976950804665
2021-06-23,8,1,9,88.88888888888889,1452.3693116112274
2021-06-24,8,1,9,88.88888888888889,1449.9578331023583
2021-06-25,8,1,9,88.88888888888889,1453.4164712188203
2021-06-28,8,1,9,88.88888888888889,1472.7863096350213
2021-06-29,8,1,9,88.88888888888889,1474.9177994647143
2021-06-30,8,1,9,88.88888888888889,1468.8313741741488
2021-07-01,8,1,9,88.88888888888889,1477.5376251952769
2021-07-02,8,1,9,88.88888888888889,1509.4028699062071
2021-07-05,8,1,9,88.88888888888889,1540.199790534027
2021-07-06,8,1,9,88.88888888888889,1549.2822696096648
2021-07-07,8,1,9,88.88888888888889,1588.0284538672208
2021-07-08,8,1,9,88.88888888888889,1589.4552916733421
2021-07-09,8,1,9,88.88888888888889,1617.4417725922544
2021-07-12,8,1,9,88.88888888888889,1646.4097679979147
2021-07-13,8,1,9,88.88888888888889,1737.230702840294
2021-07-14,9,0,9,100.0,1793.6143181560567
2021-07-15,9,0,9,100.0,1814.909706609674
2021-07-16,9,0,9,100.0,1925.1778943537083
2021-07-19,9,0,9,100.0,1989.4560581722392
2021-07-20,9,0,9,100.0,1929.8130591926351
2021-07-22,9,0,9,100.0,1929.461335364023
2021-07-23,9,0,9,100.0,1877.5567750262678
2021-07-26,9,0,9,100.0,1899.347452549758
2021-07-27,9,0,9,100.0,1872.227485738192
2021-07-28,9,0,9,100.0,1848.5936162182704
2021-07-29,9,0,9,100.0,1848.9748198213017
2021-07-30,9,0,9,100.0,1828.8693333609078
2021-08-02,8,1,9,88.88888888888889,1888.565880857553
2021-08-03,8,1,9,88.88888888888889,1872.8170080351167
2021-08-04,8,1,9,88.88888888888889,1833.5259897959936
2021-08-05,9,0,9,100.0,1838.2814326722112
2021-08-06,9,0,9,100.0,1827.7723343523803
2021-08-09,8,1,9,88.88888888888889,1794.1502780239919
2021-08-10,8,1,9,88.88888888888889,1731.8466506867974
2021-08-11,8,1,9,88.88888888888889,1703.9783580763078
2021-08-12,8,1,9,88.88888888888889,1741.1666823628018
2021-08-13,8,1,9,88.88888888888889,1736.0201387589675
2021-08-16,8,1,9,88.88888888888889,1717.2935393087098
2021-08-17,8,1,9,88.88888888888889,1695.9902560886587
2021-08-18,8,1,9,88.88888888888889,1705.1979933776308
2021-08-20,8,1,9,88.88888888888889,1675.9613126195738
2021-08-23,8,1,9,88.88888888888889,1606.0411460052603
2021-08-24,8,1,9,88.88888888888889,1671.7858607938315
2021-08-25,8,1,9,88.88888888888889,1679.6666421729133
2021-08-26,8,1,9,88.88888888888889,1688.8434919287838
2021-08-27,8,1,9,88.88888888888889,1689.3588462034838
2021-08-30,8,1,9,88.88888888888889,1779.9241879981669
2021-08-31,8,1,9,88.88888888888889,1797.0190495457941
2021-09-01,8,1,9,88.88888888888889,1818.7775074895594
2021-09-02,8,1,9,88.88888888888889,1815.547233438361
2021-09-03,9,0,9,100.0,1823.3081259911253
2021-09-06,9,0,9,100.0,1843.12740121859
2021-09-07,9,0,9,100.0,1825.2940854063959
2021-09-08,9,0,9,100.0,1847.3727359271436
2021-09-09,9,0,9,100.0,1874.5601021728046
2021-09-13,9,0,9,100.0,1880.774793809223
2021-09-14,9,0,9,100.0,1877.8658957076227
2021-09-15,9,0,9,100.0,1880.246555105824
2021-09-16,9,0,9,100.0,1898.3836058493282
2021-09-17,9,0,9,100.0,1884.0172153361095
2021-09-20,9,0,9,100.0,1833.5481218746081
2021-09-21,9,0,9,100.0,1832.554823348488
2021-09-22,9,0,9,100.0,1838.1663305164168
2021-09-23,9,0,9,100.0,1853.2206692672034
2021-09-24,9,0,9,100.0,1848.592213459089
2021-09-27,9,0,9,100.0,1866.9197418081765
2021-09-28,9,0,9,100.0,1881.2191615928934
2021-09-29,9,0,9,100.0,1872.9615850077798
2021-09-30,9,0,9,100.0,1873.8108227776227
2021-10-01,9,0,9,100.0,1900.5336383367123
2021-10-04,9,0,9,100.0,1914.9037663906267
2021-10-05,9,0,9,100.0,1914.4094180052675
2021-10-06,9,0,9,100.0,1902.0335087618669
2021-10-07,9,0,9,100.0,1925.883065744323
2021-10-08,9,0,9,100.0,1982.7550701159644
2021-10-11,9,0,9,100.0,2075.2265695086035
2021-10-12,9,0,9,100.0,2124.416853564358
2021-10-13,9,0,9,100.0,2138.527993413574
2021-10-14,9,0,9,100.0,2135.638885364799
2021-10-18,9,0,9,100.0,2131.272136587345
2021-10-19,9,0,9,100.0,2089.384308676673
2021-10-20,9,0,9,100.0,2025.3374141529587
2021-10-21,9,0,9,100.0,2020.2136863120086
2021-10-22,9,0,9,100.0,1995.4216368900113
2021-10-25,9,0,9,100.0,1913.1250519664868
2021-10-26,9,0,9,100.0,1978.563649831291
2021-10-27,9,0,9,100.0,1966.313319034179
2021-10-28,9,0,9,100.0,1934.917023018991
2021-10-29,9,0,9,100.0,1941.788506484665
2021-11-01,9,0,9,100.0,1956.808563396549
2021-11-02,9,0,9,100.0,1962.8071613726129
2021-11-03,9,0,9,100.0,1956.682747146218
2021-11-04,9,0,9,100.0,1991.3139543092623
2021-11-08,9,0,9,100.0,2004.4051252892466
2021-11-09,9,0,9,100.0,2023.5396465612876
2021-11-10,9,0,9,100.0,2028.2662816061215
2021-11-11,8,1,9,88.88888888888889,1817.2231877726708
2021-11-12,8,1,9,88.88888888888889,1826.9706534267016
2021-11-15,8,1,9,88.88888888888889,1846.4660111666576
2021-11-16,8,1,9,88.88888888888889,1857.590077759586
2021-11-17,8,1,9,88.88888888888889,1840.8778808773516
2021-11-18,8,1,9,88.88888888888889,1806.7237205289161
2021-11-22,7,2,9,77.77777777777779,1735.8755820055226
2021-11-23,8,1,9,88.88888888888889,1773.5710450561721
2021-11-24,8,1,9,88.88888888888889,1787.0192712252283
2021-11-25,8,1,9,88.88888888888889,1788.6241762504267
2021-11-26,7,2,9,77.77777777777779,1726.7464158556556
2021-11-29,6,3,9,66.66666666666666,1683.818428466682
2021-11-30,7,2,9,77.77777777777779,1721.146506939345
2021-12-01,7,2,9,77.77777777777779,1738.625575565568
2021-12-02,8,1,9,88.88888888888889,1805.4306551902716
2021-12-03,8,1,9,88.88888888888889,1814.1224028984439
2021-12-06,8,1,9,88.88888888888889,1780.5687475999066
2021-12-07,8,1,9,88.88888888888889,1806.9046072364567
2021-12-08,8,1,9,88.88888888888889,1844.8643584634144
2021-12-09,8,1,9,88.88888888888889,1852.7114388790767
2021-12-10,8,1,9,88.88888888888889,1872.6629495944028
2021-12-13,7,2,9,77.77777777777779,1871.4851558588493
2021-12-14,8,1,9,88.88888888888889,1910.6715049449729
2021-12-15,8,1,9,88.88888888888889,1890.4767838245803
2021-12-16,7,2,9,77.77777777777779,1873.7263206166485
2021-12-17,7,2,9,77.77777777777779,1801.3261081909554
2021-12-20,4,5,9,44.44444444444444,1737.2279168662235
2021-12-21,4,5,9,44.44444444444444,1751.4898980371036
2021-12-22,5,4,9,55.55555555555556,1775.9315767718508
2021-12-23,5,4,9,55.55555555555556,1775.7242445426957
2021-12-24,4,5,9,44.44444444444444,1759.1405737722453
2021-12-27,4,5,9,44.44444444444444,1754.8415160560005
2021-12-28,5,4,9,55.55555555555556,1783.9666505092964
2021-12-29,5,4,9,55.55555555555556,1784.3729670163846
2021-12-30,5,4,9,55.55555555555556,1780.9680959562645
2021-12-31,5,4,9,55.55555555555556,1789.7273779030538
2022-01-03,7,2,9,77.77777777777779,1823.0601682364365
2022-01-04,7,2,9,77.77777777777779,1829.0942371395704
2022-01-05,8,1,9,88.88888888888889,1849.8453378593244
2022-01-06,7,2,9,77.77777777777779,1854.2777769651686
2022-01-07,7,2,9,77.77777777777779,1865.441335445982
2022-01-10,7,2,9,77.77777777777779,1870.3738570650494
2022-01-11,6,3,9,66.66666666666666,1854.725780441365
2022-01-12,7,2,9,77.77777777777779,1852.2880708987702
2022-01-13,8,1,9,88.88888888888889,1904.6376646707308
2022-01-14,7,2,9,77.77777777777779,1919.7720296141952
2022-01-17,7,2,9,77.77777777777779,1932.5102489890412
2022-01-18,6,3,9,66.66666666666666,1895.5044560619285
2022-01-19,5,4,9,55.55555555555556,1922.4597364786462
2022-01-20,5,4,9,55.55555555555556,1931.5859897241094
2022-01-21,5,4,9,55.55555555555556,1881.4604128121869
2022-01-24,5,4,9,55.55555555555556,1772.543928813975
2022-01-25,5,4,9,55.55555555555556,1806.3596274050785
2022-01-27,5,4,9,55.55555555555556,1803.0229712131272
2022-01-28,5,4,9,55.55555555555556,1801.6194386390334
2022-01-31,5,4,9,55.55555555555556,1804.474367503386
2022-02-01,5,4,9,55.55555555555556,1811.957762773498
2022-02-02,5,4,9,55.55555555555556,1870.7332930806022
2022-02-03,5,4,9,55.55555555555556,1868.9558289421918
2022-02-04,5,4,9,55.55555555555556,1850.14889356259
2022-02-07,5,4,9,55.55555555555556,1819.7934028016832
2022-02-08,5,4,9,55.55555555555556,1795.9404629658948
2022-02-09,5,4,9,55.55555555555556,1815.2248614670125
2022-02-10,5,4,9,55.55555555555556,1832.0871363865933
2022-02-11,5,4,9,55.55555555555556,1787.7356137342172
2022-02-14,4,5,9,44.44444444444444,1719.2245846310395
2022-02-15,4,5,9,44.44444444444444,1742.1899115720623
2022-02-16,4,5,9,44.44444444444444,1777.380111730326
2022-02-17,4,5,9,44.44444444444444,1763.3095298830065
2022-02-18,4,5,9,44.44444444444444,1750.642536967874
2022-02-21,4,5,9,44.44444444444444,1700.890565646309
2022-02-22,4,5,9,44.44444444444444,1647.9156363090221
2022-02-23,4,5,9,44.44444444444444,1667.1203692937993
2022-02-24,1,8,9,11.11111111111111,1548.6519128741031
2022-02-25,3,6,9,33.33333333333333,1629.355873779057
2022-02-28,4,5,9,44.44444444444444,1642.2418292397178
2022-03-02,3,6,9,33.33333333333333,1661.5637492528463
2022-03-03,3,6,9,33.33333333333333,1675.4017663171066
2022-03-04,3,6,9,33.33333333333333,1635.3405315243826
2022-03-07,3,6,9,33.33333333333333,1600.5847731782985
2022-03-08,3,6,9,33.33333333333333,1605.198788722041
2022-03-09,3,6,9,33.33333333333333,1645.174947288707
2022-03-10,3,6,9,33.33333333333333,1702.1331835418603
2022-03-11,3,6,9,33.33333333333333,1730.0834972717225
2022-03-14,3,6,9,33.33333333333333,1746.1946950054958
2022-03-15,3,6,9,33.33333333333333,1730.3993493386695
2022-03-16,3,6,9,33.33333333333333,1766.394480231159
2022-03-17,4,5,9,44.44444444444444,1838.8248081956579
2022-03-21,3,6,9,33.33333333333333,1825.3819379816687
2022-03-22,3,6,9,33.33333333333333,1813.8387217341713
2022-03-23,3,6,9,33.33333333333333,1818.564687042192
2022-03-24,4,5,9,44.44444444444444,1817.597646814616
2022-03-25,4,5,9,44.44444444444444,1800.837562032796
2022-03-28,4,5,9,44.44444444444444,1794.8439991876132
2022-03-29,4,5,9,44.44444444444444,1776.4826650442596
2022-03-30,3,6,9,33.33333333333333,1785.6625029980535
2022-03-31,3,6,9,33.33333333333333,1794.45122886898
2022-04-01,4,5,9,44.44444444444444,1842.7457281557242
2022-04-04,4,5,9,44.44444444444444,1875.2587977490662
2022-04-05,4,5,9,44.44444444444444,1896.0915499111206
2022-04-06,4,5,9,44.44444444444444,1896.8870785172821
2022-04-07,4,5,9,44.44444444444444,1875.1184405091142
2022-04-08,4,5,9,44.44444444444444,1895.9023214276858
2022-04-11,4,5,9,44.44444444444444,1887.1603583245758
2022-04-12,3,6,9,33.33333333333333,1863.1047887493842
2022-04-13,4,5,9,44.44444444444444,1870.5331016775726
2022-04-18,3,6,9,33.33333333333333,1840.7830342258883
2022-04-19,4,5,9,44.44444444444444,1829.3100238052061
2022-04-20,3,6,9,33.33333333333333,1828.3467935830608
2022-04-21,4,5,9,44.44444444444444,1891.53203512332
2022-04-22,4,5,9,44.44444444444444,1890.104001391456
2022-04-25,3,6,9,33.33333333333333,1840.4360247488246
2022-04-26,4,5,9,44.44444444444444,1859.4851509281891
2022-04-27,3,6,9,33.33333333333333,1842.5787240475827
2022-04-28,2,7,9,22.22222222222222,1853.6976665706889
2022-04-29,2,7,9,22.22222222222222,1859.434766709044
2022-05-02,2,7,9,22.22222222222222,1805.0051247126494
2022-05-04,2,7,9,22.22222222222222,1755.1504028083216
2022-05-05,2,7,9,22.22222222222222,1713.182214110309
2022-05-06,1,8,9,11.11111111111111,1666.6512494364542
2022-05-09,1,8,9,11.11111111111111,1640.6575468188862
2022-05-10,1,8,9,11.11111111111111,1605.2290913247007
2022-05-11,1,8,9,11.11111111111111,1561.2691189332515
2022-05-12,1,8,9,11.11111111111111,1516.6149103465402
2022-05-13,1,8,9,11.11111111111111,1519.904618091619
2022-05-16,1,8,9,11.11111111111111,1541.1662780494403
2022-05-17,1,8,9,11.11111111111111,1594.2466266321558
2022-05-18,1,8,9,11.11111111111111,1612.9216723699808
2022-05-19,1,8,9,11.11111111111111,1573.0588072049977
2022-05-20,1,8,9,11.11111111111111,1592.0231042470705
2022-05-23,1,8,9,11.11111111111111,1571.112306296015
2022-05-24,1,8,9,11.11111111111111,1555.4886064086293
2022-05-25,1,8,9,11.11111111111111,1504.3193239392965
2022-05-26,1,8,9,11.11111111111111,1490.4210956074153
2022-05-27,1,8,9,11.11111111111111,1509.4838920194718
2022-05-30,1,8,9,11.11111111111111,1551.2620409176059
2022-05-31,1,8,9,11.11111111111111,1625.4431627214412
2022-06-01,1,8,9,11.11111111111111,1614.1391468610102
2022-06-02,1,8,9,11.11111111111111,1606.229108496531
2022-06-03,1,8,9,11.11111111111111,1601.34360594766
2022-06-06,1,8,9,11.11111111111111,1577.497766621545
2022-06-07,1,8,9,11.11111111111111,1577.603860548317
2022-06-08,1,8,9,11.11111111111111,1573.9414772764208
2022-06-09,1,8,9,11.11111111111111,1592.3796721290578
2022-06-10,1,8,9,11.11111111111111,1579.3101328050413
2022-06-13,1,8,9,11.11111111111111,1523.2803884740208
2022-06-14,1,8,9,11.11111111111111,1512.2701474583214
2022-06-15,1,8,9,11.11111111111111,1521.2359084493535
2022-06-16,0,9,9,0.0,1459.6735923845833
2022-06-17,0,9,9,0.0,1454.346371025085
2022-06-20,0,9,9,0.0,1402.858441923307
2022-06-21,0,9,9,0.0,1467.340499254405
2022-06-22,0,9,9,0.0,1436.26969359084
2022-06-23,0,9,9,0.0,1440.4772221920916
2022-06-24,0,9,9,0.0,1474.6072231078085
2022-06-27,0,9,9,0.0,1495.7599837976857
2022-06-28,0,9,9,0.0,1485.9848072554269
2022-06-29,0,9,9,0.0,1479.222089158792
2022-06-30,0,9,9,0.0,1480.242894489486
2022-07-01,0,9,9,0.0,1479.6881967188854
2022-07-04,0,9,9,0.0,1473.3269617174597
2022-07-05,0,9,9,0.0,1466.9269752005216
2022-07-06,0,9,9,0.0,1471.7175820994357
2022-07-07,0,9,9,0.0,1498.8127432316387
2022-07-08,0,9,9,0.0,1501.8420718516866
2022-07-11,0,9,9,0.0,1519.5588001596404
2022-07-12,1,8,9,11.11111111111111,1533.706619250489
2022-07-13,1,8,9,11.11111111111111,1531.8314073602035
2022-07-14,1,8,9,11.11111111111111,1521.1708531154225
2022-07-15,0,9,9,0.0,1503.0997970375474
2022-07-18,0,9,9,0.0,1524.2568041452641
2022-07-19,1,8,9,11.11111111111111,1533.606359600943
2022-07-20,1,8,9,11.11111111111111,1558.3607035593895
2022-07-21,1,8,9,11.11111111111111,1564.0747824296946
2022-07-22,1,8,9,11.11111111111111,1576.5924611463508
2022-07-25,0,9,9,0.0,1561.5479887905924
2022-07-26,0,9,9,0.0,1537.2100028683303
2022-07-27,0,9,9,0.0,1532.3861413015893
2022-07-28,0,9,9,0.0,1532.1645540680452
2022-07-29,1,8,9,11.11111111111111,1546.4126387792683
2022-08-01,1,8,9,11.11111111111111,1555.8080276194778
2022-08-02,1,8,9,11.11111111111111,1567.0536717827194
2022-08-03,1,8,9,11.11111111111111,1545.821279619741
2022-08-04,0,9,9,0.0,1518.1394750741151
2022-08-05,0,9,9,0.0,1517.8094137693568
2022-08-08,0,9,9,0.0,1512.2936518651318
2022-08-10,0,9,9,0.0,1499.7864164244736
2022-08-11,0,9,9,0.0,1516.8392669117054
2022-08-12,0,9,9,0.0,1525.7025313325942
2022-08-16,0,9,9,0.0,1538.1491782998098
2022-08-17,0,9,9,0.0,1549.5618401035576
2022-08-18,0,9,9,0.0,1546.3479097704285
2022-08-19,0,9,9,0.0,1519.868323306071
2022-08-22,0,9,9,0.0,1486.266404198236
2022-08-23,0,9,9,0.0,1496.6144910367213
2022-08-24,0,9,9,0.0,1497.0167125946882
2022-08-25,0,9,9,0.0,1504.561490839575
2022-08-26,0,9,9,0.0,1507.7753406629442
2022-08-29,0,9,9,0.0,1495.448248226078
2022-08-30,0,9,9,0.0,1555.6301197486137
2022-09-01,0,9,9,0.0,1559.5286479858619
2022-09-02,0,9,9,0.0,1545.8593910133934
2022-09-05,1,8,9,11.11111111111111,1573.4211085022762
2022-09-06,2,7,9,22.22222222222222,1581.546537932358
2022-09-07,3,6,9,33.33333333333333,1614.9451355257572
2022-09-08,3,6,9,33.33333333333333,1638.2863028364523
2022-09-09,3,6,9,33.33333333333333,1633.186984143968
2022-09-12,4,5,9,44.44444444444444,1653.0440266538847
2022-09-13,4,5,9,44.44444444444444,1665.0449506779496
2022-09-14,4,5,9,44.44444444444444,1665.046647611672
2022-09-15,4,5,9,44.44444444444444,1686.3053606242047
2022-09-16,4,5,9,44.44444444444444,1637.047809412503
2022-09-19,3,6,9,33.33333333333333,1619.2431920355768
2022-09-20,4,5,9,44.44444444444444,1636.4632080532576
2022-09-21,3,6,9,33.33333333333333,1613.3014389268733
2022-09-22,4,5,9,44.44444444444444,1622.0727370512375
2022-09-23,3,6,9,33.33333333333333,1596.4982662553775
2022-09-26,1,8,9,11.11111111111111,1539.0147968259184
2022-09-27,0,9,9,0.0,1527.9893604221618
2022-09-28,0,9,9,0.0,1512.5382365572802
2022-09-29,1,8,9,11.11111111111111,1513.1801826127828
2022-09-30,1,8,9,11.11111111111111,1534.651632692678
2022-10-03,1,8,9,11.11111111111111,1529.4100141299725
2022-10-04,3,6,9,33.33333333333333,1572.767722137516
2022-10-06,3,6,9,33.33333333333333,1592.0929309058795
2022-10-07,3,6,9,33.33333333333333,1591.2676364393756
2022-10-10,3,6,9,33.33333333333333,1591.752047809677
2022-10-11,2,7,9,22.22222222222222,1566.3321515420132
2022-10-12,2,7,9,22.22222222222222,1571.9668446203566
2022-10-13,3,6,9,33.33333333333333,1581.432223039967
2022-10-14,3,6,9,33.33333333333333,1579.9535684486236
2022-10-17,3,6,9,33.33333333333333,1574.678985710782
2022-10-18,3,6,9,33.33333333333333,1581.6100962821572
2022-10-19,3,6,9,33.33333333333333,1585.193219921544
2022-10-20,3,6,9,33.33333333333333,1570.6034881472997
2022-10-21,2,7,9,22.22222222222222,1555.985918449878
2022-10-24,4,5,9,44.44444444444444,1584.7800115529662
2022-10-25,3,6,9,33.33333333333333,1598.4206725289016
2022-10-27,4,5,9,44.44444444444444,1606.503902271707
2022-10-28,3,6,9,33.33333333333333,1587.7274086903278
2022-10-31,3,6,9,33.33333333333333,1585.4736863690985
2022-11-01,3,6,9,33.33333333333333,1586.7309873979295
2022-11-02,3,6,9,33.33333333333333,1578.7063592601717
2022-11-03,3,6,9,33.33333333333333,1572.8718100157027
2022-11-04,3,6,9,33.33333333333333,1570.484009385147
2022-11-07,3,6,9,33.33333333333333,1578.1393912085605
2022-11-09,2,7,9,22.22222222222222,1561.2991096586807
2022-11-10,2,7,9,22.22222222222222,1537.0005399941901
2022-11-11,2,7,9,22.22222222222222,1547.3142788910775
2022-11-14,2,7,9,22.22222222222222,1563.1132312168127
2022-11-15,2,7,9,22.22222222222222,1562.453321252564
2022-11-16,2,7,9,22.22222222222222,1551.3808612221462
2022-11-17,2,7,9,22.22222222222222,1541.6074668583565
2022-11-18,2,7,9,22.22222222222222,1531.0623096119855
2022-11-21,2,7,9,22.22222222222222,1532.2119376339335
2022-11-22,2,7,9,22.22222222222222,1522.531016649702
2022-11-23,2,7,9,22.22222222222222,1525.4161067939463
2022-11-24,2,7,9,22.22222222222222,1541.4644597391996
2022-11-25,2,7,9,22.22222222222222,1555.0117393513829
2022-11-28,2,7,9,22.22222222222222,1564.690341179161
2022-11-29,2,7,9,22.22222222222222,1567.4450646587577
2022-11-30,2,7,9,22.22222222222222,1567.841179906097
2022-12-01,2,7,9,22.22222222222222,1573.1800796145772
2022-12-02,3,6,9,33.33333333333333,1578.760789790558
2022-12-05,3,6,9,33.33333333333333,1572.4519997522696
2022-12-06,3,6,9,33.33333333333333,1575.0834607726206
2022-12-07,3,6,9,33.33333333333333,1563.3751113398118
2022-12-08,3,6,9,33.33333333333333,1563.0652269417276
2022-12-09,3,6,9,33.33333333333333,1547.3714186979976
2022-12-12,3,6,9,33.33333333333333,1539.8900871373396
2022-12-13,3,6,9,33.33333333333333,1562.2459915280879
2022-12-14,3,6,9,33.33333333333333,1575.530812408157
2022-12-15,3,6,9,33.33333333333333,1572.6165160219425
2022-12-16,3,6,9,33.33333333333333,1570.1421284597623
2022-12-19,1,8,9,11.11111111111111,1560.3252567352656
2022-12-20,1,8,9,11.11111111111111,1551.7697820008175
2022-12-21,1,8,9,11.11111111111111,1512.4016247471066
2022-12-22,1,8,9,11.11111111111111,1499.2713677993465
2022-12-23,1,8,9,11.11111111111111,1442.0592327158681
2022-12-26,1,8,9,11.11111111111111,1480.913218547642
2022-12-27,1,8,9,11.11111111111111,1494.7436435710547
2022-12-28,1,8,9,11.11111111111111,1492.253445386183
2022-12-29,1,8,10,11.11111111111111,1494.1652514053455
2022-12-30,1,8,10,11.11111111111111,1487.2553832007852
2023-01-02,1,8,10,11.11111111111111,1496.4367841397407
2023-01-03,1,8,10,11.11111111111111,1513.0003474735345
2023-01-04,1,8,10,11.11111111111111,1503.2046256189342
2023-01-05,1,8,10,11.11111111111111,1490.8992892760646
2023-01-06,1,8,10,11.11111111111111,1477.6807151578741
2023-01-09,1,8,10,11.11111111111111,1479.18416453234
2023-01-10,1,8,10,11.11111111111111,1486.760519265424
2023-01-11,1,8,10,11.11111111111111,1482.992463400061
2023-01-12,2,7,10,22.22222222222222,1486.1449062435452
2023-01-13,1,8,10,11.11111111111111,1507.4785107659177
2023-01-16,1,8,10,11.11111111111111,1504.7990582202572
2023-01-17,1,8,10,11.11111111111111,1499.9303341413163
2023-01-18,1,8,10,11.11111111111111,1494.0287241045876
2023-01-19,1,8,10,11.11111111111111,1489.3950229914453
2023-01-20,1,8,10,11.11111111111111,1485.2230114486208
2023-01-23,1,8,10,11.11111111111111,1487.7221379307116
2023-01-24,1,8,10,11.11111111111111,1485.2308065701668
2023-01-25,1,8,10,11.11111111111111,1456.639515825299
2023-01-27,1,8,10,11.11111111111111,1423.5417308060737
2023-01-30,1,8,10,11.11111111111111,1422.947781693384
2023-01-31,1,8,10,11.11111111111111,1440.2211836653985
2023-02-01,1,8,10,11.11111111111111,1412.0985354510776
2023-02-02,1,8,10,11.11111111111111,1413.2213612106718
2023-02-03,1,8,10,11.11111111111111,1414.346530663148
2023-02-06,1,8,10,11.11111111111111,1410.5546429327542
2023-02-07,1,8,10,11.11111111111111,1397.3861580172002
2023-02-08,1,8,10,11.11111111111111,1401.8756780259173
2023-02-09,1,8,10,11.11111111111111,1401.790442271823
2023-02-10,1,8,10,11.11111111111111,1406.0010156749688
2023-02-13,1,8,10,11.11111111111111,1391.4055324215412
2023-02-14,1,8,10,11.11111111111111,1377.9868713313772
2023-02-15,0,9,10,0.0,1378.7847287436996
2023-02-16,1,8,10,11.11111111111111,1392.475937141417
2023-02-17,1,8,10,11.11111111111111,1387.1163036170392
2023-02-20,1,8,10,11.11111111111111,1380.8110983197037
2023-02-21,0,9,10,0.0,1379.3273051197316
2023-02-22,1,8,10,11.11111111111111,1368.7214695752505
2023-02-23,1,8,10,11.11111111111111,1360.1096340668773
2023-02-24,0,9,10,0.0,1351.364079932716
2023-02-27,1,8,10,11.11111111111111,1335.6048414663421
2023-02-28,1,8,10,11.11111111111111,1338.6831094051042
2023-03-01,1,8,10,11.11111111111111,1348.504243465093
2023-03-02,1,8,10,11.11111111111111,1348.6945956385443
2023-03-03,1,8,10,11.11111111111111,1368.8919053014158
2023-03-06,1,8,10,11.11111111111111,1395.8632251118947
2023-03-08,1,8,10,11.11111111111111,1396.4424589973744
2023-03-09,1,8,10,11.11111111111111,1388.3131901165682
2023-03-10,1,8,10,11.11111111111111,1388.5527566658704
2023-03-13,1,8,10,11.11111111111111,1352.5493528753914
2023-03-14,1,8,10,11.11111111111111,1345.5869095054204
2023-03-15,2,7,10,22.22222222222222,1357.665781523085
2023-03-16,2,7,10,22.22222222222222,1339.4397679639094
2023-03-17,2,7,10,22.22222222222222,1344.525998167712
2023-03-20,1,8,10,11.11111111111111,1328.5610104520542
2023-03-21,1,8,10,11.11111111111111,1345.7611162301016
2023-03-22,1,8,10,11.11111111111111,1352.5629653284218
2023-03-23,1,8,10,11.11111111111111,1353.0811777967565
2023-03-24,1,8,10,11.11111111111111,1327.954509458502
2023-03-27,1,8,10,11.11111111111111,1292.41117685566
2023-03-28,1,8,10,11.11111111111111,1276.783389076237
2023-03-29,1,8,10,11.11111111111111,1291.1466383192096
2023-03-31,1,8,10,11.11111111111111,1312.510852775481
2023-04-03,1,8,10,11.11111111111111,1347.8939437000224
2023-04-05,1,8,10,11.11111111111111,1354.581940408358
2023-04-06,2,7,10,22.22222222222222,1383.0792847221308
2023-04-10,2,7,10,22.22222222222222,1396.163295652656
2023-04-11,2,7,10,22.22222222222222,1395.3422382045824
2023-04-12,2,7,10,22.22222222222222,1403.452491288856
2023-04-13,2,7,10,22.22222222222222,1401.347544411745
2023-04-17,2,7,10,22.22222222222222,1395.9544883250114
2023-04-18,2,7,10,22.22222222222222,1403.3614752727808
2023-04-19,2,7,10,22.22222222222222,1390.807475506681
2023-04-20,2,7,10,22.22222222222222,1392.2589473957146
2023-04-21,2,7,10,22.22222222222222,1388.606704023837
2023-04-24,2,7,10,22.22222222222222,1391.1641960127695
2023-04-25,2,7,10,22.22222222222222,1409.398272114203
2023-04-26,1,8,10,11.11111111111111,1408.5882651883144
2023-04-27,1,8,10,11.11111111111111,1416.6120363222137
2023-04-28,2,7,10,22.22222222222222,1427.6138216239194
2023-05-02,1,8,10,11.11111111111111,1413.021496492142
2023-05-03,1,8,10,11.11111111111111,1415.8898554671096
2023-05-04,2,7,10,22.22222222222222,1426.4325025822616
2023-05-05,2,7,10,22.22222222222222,1417.5976057112675
2023-05-08,2,7,10,22.22222222222222,1422.2321947063206
2023-05-09,2,7,10,22.22222222222222,1429.7984315894507
2023-05-10,2,7,10,22.22222222222222,1440.1194584967398
2023-05-11,2,7,10,22.22222222222222,1455.1597554004331
2023-05-12,2,7,10,22.22222222222222,1455.8397654315183
2023-05-15,2,7,10,22.22222222222222,1443.238174078681
2023-05-16,2,7,10,22.22222222222222,1438.668066724867
2023-05-17,2,7,10,22.22222222222222,1434.0915090765836
2023-05-18,2,7,10,22.22222222222222,1437.4633916143364
2023-05-19,2,7,10,22.22222222222222,1431.45074686384
2023-05-22,2,7,10,22.22222222222222,1436.1605487633444
2023-05-23,1,8,10,11.11111111111111,1438.9512131740246
2023-05-24,2,7,10,22.22222222222222,1438.0467532428358
2023-05-25,2,7,10,22.22222222222222,1438.7034230370543
2023-05-26,2,7,10,22.22222222222222,1460.1038459386957
2023-05-29,2,7,10,22.22222222222222,1473.6826795884708
2023-05-30,3,6,10,33.33333333333333,1470.3031079978362
2023-05-31,5,4,10,55.55555555555556,1501.4528165764582
2023-06-01,5,4,10,55.55555555555556,1516.555688030337
2023-06-02,4,5,10,44.44444444444444,1510.0468438445885
2023-06-05,5,4,10,55.55555555555556,1527.324986357429
2023-06-06,5,4,10,55.55555555555556,1530.4198314891923
2023-06-07,6,3,10,66.66666666666666,1540.866424524521
2023-06-08,5,4,10,55.55555555555556,1530.8928399937015
2023-06-09,4,5,10,44.44444444444444,1508.0989442562493
2023-06-12,4,5,10,44.44444444444444,1520.7230319312575
2023-06-13,4,5,10,44.44444444444444,1533.0095292592346
2023-06-14,5,4,10,55.55555555555556,1540.8973397998218
2023-06-15,5,4,10,55.55555555555556,1542.3033272991668
2023-06-16,5,4,10,55.55555555555556,1553.7305972397417
2023-06-19,5,4,10,55.55555555555556,1553.8149099577886
2023-06-20,5,4,10,55.55555555555556,1553.5135476785827
2023-06-21,6,3,10,66.66666666666666,1564.4712216678674
2023-06-22,6,3,10,66.66666666666666,1562.80482677526
2023-06-23,6,3,10,66.66666666666666,1552.1531314067054
2023-06-26,6,3,10,66.66666666666666,1573.942833820375
2023-06-27,6,3,10,66.66666666666666,1578.4901858490446
2023-06-28,7,2,10,77.77777777777779,1594.1553658898758
2023-06-30,7,2,10,77.77777777777779,1608.0611795905554
2023-07-03,8,1,10,88.88888888888889,1643.2306668587653
2023-07-04,8,1,10,88.88888888888889,1633.7750754572778
2023-07-05,8,1,10,88.88888888888889,1669.7862383208794
2023-07-06,8,1,10,88.88888888888889,1683.7750632325258
2023-07-07,8,1,10,88.88888888888889,1660.8816492695798
2023-07-10,7,2,10,77.77777777777779,1651.755502312383
2023-07-11,7,2,10,77.77777777777779,1669.8713042555148
2023-07-12,7,2,10,77.77777777777779,1699.0000342094581
2023-07-13,7,2,10,77.77777777777779,1687.4915972935505
2023-07-14,8,1,10,88.88888888888889,1681.9158587998722
2023-07-17,8,1,10,88.88888888888889,1677.0150653191827
2023-07-18,8,1,10,88.88888888888889,1649.669334390555
2023-07-19,8,1,10,88.88888888888889,1670.1902085465558
2023-07-20,8,1,10,88.88888888888889,1676.203776201364
2023-07-21,8,1,10,88.88888888888889,1680.8082331991873
2023-07-24,8,1,10,88.88888888888889,1677.6133481026218
2023-07-25,8,1,10,88.88888888888889,1718.6515533724403
2023-07-26,8,1,10,88.88888888888889,1745.256594734375
2023-07-27,8,1,10,88.88888888888889,1745.9449864138965
2023-07-28,8,1,10,88.88888888888889,1756.188409137588
2023-07-31,8,1,10,88.88888888888889,1751.6310362455872
2023-08-01,8,1,10,88.88888888888889,1760.7838190435605
2023-08-02,8,1,10,88.88888888888889,1734.1201013587713
2023-08-03,8,1,10,88.88888888888889,1743.7914017602168
2023-08-04,8,1,10,88.88888888888889,1756.8432672223857
2023-08-07,9,1,10,90.0,1769.1827568686083
2023-08-08,9,1,10,90.0,1797.4134513651325
2023-08-09,9,1,10,90.0,1813.4023758810997
2023-08-10,9,1,10,90.0,1809.3285538224538
2023-08-11,9,1,10,90.0,1810.7348022078838
2023-08-14,9,1,10,90.0,1812.090851790654
2023-08-16,9,1,10,90.0,1799.694678328037
2023-08-17,9,1,10,90.0,1799.0088792509544
2023-08-18,9,1,10,90.0,1791.0116090625784
2023-08-21,9,1,10,90.0,1810.4083007717413
2023-08-22,9,1,10,90.0,1826.6197770428605
2023-08-23,9,1,10,90.0,1831.2210531194676
2023-08-24,9,1,10,90.0,1820.4315575473497
2023-08-25,9,1,10,90.0,1832.6970625975162
2023-08-28,9,1,10,90.0,1838.8492823419117
2023-08-29,9,1,10,90.0,1846.3917846686722
2023-08-30,9,1,10,90.0,1884.4859643724626
2023-08-31,9,1,10,90.0,1924.9936167020098
2023-09-01,9,1,10,90.0,1963.1547728074736
2023-09-04,9,1,10,90.0,1984.332261207571
2023-09-05,9,1,10,90.0,1998.074116326679
2023-09-06,9,1,10,90.0,1994.206735709065
2023-09-07,9,1,10,90.0,2006.6804634807067
2023-09-08,10,0,10,100.0,2043.7431684927305
2023-09-11,10,0,10,100.0,2087.1941132811667
2023-09-12,9,1,10,90.0,1993.7579836724258
2023-09-13,9,1,10,90.0,2004.1497861889152
2023-09-14,9,1,10,90.0,2013.686814722662
2023-09-15,9,1,10,90.0,2018.5171962015904
2023-09-18,9,1,10,90.0,2001.7915673017305
2023-09-20,9,1,10,90.0,1974.1794542349403
2023-09-21,9,1,10,90.0,1955.9593869013006
2023-09-22,9,1,10,90.0,1964.7941664537138
2023-09-25,9,1,10,90.0,1993.6588121236798
2023-09-26,9,1,10,90.0,2014.683598093801
2023-09-27,9,1,10,90.0,2044.9658295793188
2023-09-28,9,1,10,90.0,2042.6835556105634
2023-09-29,9,1,10,90.0,2046.9718535032116
2023-10-03,9,1,10,90.0,2048.434449835741
2023-10-04,9,1,10,90.0,2010.6878700609836
2023-10-05,9,1,10,90.0,2067.0759508408123
2023-10-06,9,1,10,90.0,2086.7912197930887
2023-10-09,9,1,10,90.0,2055.7105738660857
2023-10-10,9,1,10,90.0,2090.5748603369707
2023-10-11,9,1,10,90.0,2122.5457429023536
2023-10-12,9,1,10,90.0,2160.384616096122
2023-10-13,9,1,10,90.0,2157.7836571923744
2023-10-16,9,1,10,90.0,2151.6536544312844
2023-10-17,9,1,10,90.0,2177.597845343293
2023-10-18,9,1,10,90.0,2192.049173771819
2023-10-19,9,1,10,90.0,2194.4718382594706
2023-10-20,9,1,10,90.0,2211.5923890799836
2023-10-23,9,1,10,90.0,2145.3254774649718
2023-10-25,9,1,10,90.0,2160.797836636913
2023-10-26,9,1,10,90.0,2147.257792093129
2023-10-27,9,1,10,90.0,2220.5453711413343
2023-10-30,9,1,10,90.0,2257.9174714338537
2023-10-31,8,2,10,80.0,2275.703431583792
2023-11-01,8,2,10,80.0,2290.9195227087253
2023-11-02,8,2,10,80.0,2302.2359994096328
2023-11-03,9,1,10,90.0,2368.6569631869975
2023-11-06,9,1,10,90.0,2376.711179865973
2023-11-07,9,1,10,90.0,2399.3408382163752
2023-11-08,9,1,10,90.0,2425.2060481631856
2023-11-09,9,1,10,90.0,2418.8204545139824
2023-11-10,9,1,10,90.0,2460.4691136433657
2023-11-12,9,1,10,90.0,2516.555350658955
2023-11-13,9,1,10,90.0,2593.7392722450654
2023-11-15,9,1,10,90.0,2669.1451734631623
2023-11-16,9,1,10,90.0,2676.5850559124137
2023-11-17,10,0,10,100.0,2677.156538626687
2023-11-20,10,0,10,100.0,2662.502697895809
2023-11-21,10,0,10,100.0,2645.3883015040847
2023-11-22,10,0,10,100.0,2617.653545753812
2023-11-23,10,0,10,100.0,2638.914071319784
2023-11-24,10,0,10,100.0,2677.759510077005
2023-11-28,10,0,10,100.0,2741.5256663685655
2023-11-29,10,0,10,100.0,2765.0531588480917
2023-11-30,10,0,10,100.0,2787.0194669643706
2023-12-01,10,0,10,100.0,2780.573156576
2023-12-04,10,0,10,100.0,2786.894035020747
2023-12-05,10,0,10,100.0,2776.362009319026
2023-12-06,10,0,10,100.0,2798.9891277573465
2023-12-07,10,0,10,100.0,2827.0485642379585
2023-12-08,10,0,10,100.0,2763.7567626995888
2023-12-11,10,0,10,100.0,2761.5058547062677
2023-12-12,10,0,10,100.0,2751.765744006758
2023-12-13,10,0,10,100.0,2772.2218902902887
2023-12-14,10,0,10,100.0,2818.4824560844
2023-12-15,10,0,10,100.0,2806.019580117046
2023-12-18,10,0,10,100.0,2863.679886568226
2023-12-19,10,0,10,100.0,2858.3427298397096
2023-12-20,10,0,10,100.0,2747.8311423864952
2023-12-21,10,0,10,100.0,2821.0889266631893
2023-12-22,10,0,10,100.0,2823.922278624445
2023-12-26,10,0,10,100.0,2854.8718776766773
2023-12-27,10,0,10,100.0,2855.4666999117085
2023-12-28,10,0,10,100.0,2855.3108846069636
2023-12-29,10,0,10,100.0,2875.1670278667507
2024-01-01,10,0,10,100.0,2904.3464430274958
2024-01-02,10,0,10,100.0,2917.773888395341
2024-01-03,10,0,10,100.0,2950.190470125895
2024-01-04,10,0,10,100.0,2998.4732429819433
2024-01-05,10,0,10,100.0,3023.2106350072513
2024-01-08,10,0,10,100.0,3051.459212470394
2024-01-09,10,0,10,100.0,3059.339535721433
2024-01-10,10,0,10,100.0,3043.7528080215075
2024-01-11,10,0,10,100.0,3090.3289827480266
2024-01-12,10,0,10,100.0,3070.9418447946296
2024-01-15,10,0,10,100.0,3081.7123917919125
2024-01-16,10,0,10,100.0,3024.1235404165604
2024-01-17,10,0,10,100.0,2964.8946098083316
2024-01-18,9,1,10,90.0,2949.0859681779575
2024-01-19,10,0,10,100.0,2992.01880156838
2024-01-20,10,0,10,100.0,2982.221342409748
2024-01-23,9,1,10,90.0,2882.2824410579183
2024-01-24,9,1,10,90.0,2932.842490129677
2024-01-25,9,1,10,90.0,2955.345934279914
2024-01-29,10,0,10,100.0,2984.7681758190747
2024-01-30,10,0,10,100.0,3036.918475016852
2024-01-31,10,0,10,100.0,3120.608261263559
2024-02-01,10,0,10,100.0,3152.779651503592
2024-02-02,10,0,10,100.0,3180.3184364061435
2024-02-05,10,0,10,100.0,3180.883919173202
2024-02-06,10,0,10,100.0,3183.140238675253
2024-02-07,10,0,10,100.0,3209.612612903618
2024-02-08,10,0,10,100.0,3268.1937726994265
2024-02-09,10,0,10,100.0,3235.9895799300425
2024-02-12,10,0,10,100.0,3093.393562822509
2024-02-13,10,0,10,100.0,3071.7712002428234
2024-02-14,10,0,10,100.0,3074.0672686163225
2024-02-15,10,0,10,100.0,3114.942646235729
2024-02-16,10,0,10,100.0,3136.2495348698203
2024-02-19,10,0,10,100.0,3122.3485707934224
2024-02-20,10,0,10,100.0,3120.9939521125493
2024-02-21,10,0,10,100.0,3091.749836314909
2024-02-22,10,0,10,100.0,3087.580315467144
2024-02-23,10,0,10,100.0,3141.005499273012
2024-02-26,10,0,10,100.0,3140.159353665673
2024-02-27,10,0,10,100.0,3166.3677553730854
2024-02-28,10,0,10,100.0,3086.5812333215927
2024-02-29,10,0,10,100.0,3090.596218472163
2024-03-01,10,0,10,100.0,3101.186230013402
2024-03-02,10,0,10,100.0,3140.3290577739317
2024-03-04,10,0,10,100.0,3120.460907163948
2024-03-05,10,0,10,100.0,3086.2632715019427
2024-03-06,10,0,10,100.0,3003.083311448403
2024-03-07,10,0,10,100.0,2987.500354450744
2024-03-11,10,0,10,100.0,2926.2916327840117
2024-03-12,10,0,10,100.0,2854.082842552916
2024-03-13,8,2,10,80.0,2674.009333607271
2024-03-14,9,1,10,90.0,2778.319982927063
2024-03-15,10,0,10,100.0,2818.305222565594
2024-03-18,9,1,10,90.0,2773.3821437287907
2024-03-19,9,1,10,90.0,2728.896985235678
2024-03-20,9,1,10,90.0,2762.3568987783146
2024-03-21,9,1,10,90.0,2846.3510195671442
2024-03-22,9,1,10,90.0,2892.6159876803486
2024-03-26,8,2,10,80.0,2882.622055826833
2024-03-27,9,1,10,90.0,2917.3400110387684
2024-03-28,9,1,10,90.0,2945.293178833894
2024-04-01,10,0,10,100.0,3086.9750049287322
2024-04-02,10,0,10,100.0,3169.450244017043
2024-04-03,10,0,10,100.0,3241.5242630189005
2024-04-04,10,0,10,100.0,3228.510001015367
2024-04-05,10,0,10,100.0,3227.415281895259
2024-04-08,10,0,10,100.0,3233.7223744186313
2024-04-09,10,0,10,100.0,3259.2104053218286
2024-04-10,10,0,10,100.0,3291.316835739416
2024-04-12,10,0,10,100.0,3300.8988002444726
2024-04-15,10,0,10,100.0,3220.999817773721
2024-04-16,10,0,10,100.0,3253.549339578097
2024-04-18,10,0,10,100.0,3273.786298523325
2024-04-19,10,0,10,100.0,3261.3457818462443
2024-04-22,10,0,10,100.0,3356.651261137361
2024-04-23,10,0,10,100.0,3456.790111716575
2024-04-24,10,0,10,100.0,3491.0674680492443
2024-04-25,10,0,10,100.0,3538.3988002970177
2024-04-26,10,0,10,100.0,3569.0270685582313
2024-04-29,10,0,10,100.0,3514.1795290246614
2024-04-30,10,0,10,100.0,3515.664709124789
2024-05-02,10,0,10,100.0,3599.8295826688122
2024-05-03,10,0,10,100.0,3566.69570007652
2024-05-06,10,0,10,100.0,3531.5766667618886
2024-05-07,9,1,10,90.0,3479.2782746487055
2024-05-08,9,1,10,90.0,3480.500373095223
2024-05-09,9,1,10,90.0,3346.8094670382166
2024-05-10,9,1,10,90.0,3366.8410426083624
2024-05-13,9,1,10,90.0,3360.4011638674065
2024-05-14,9,1,10,90.0,3444.6530998003523
2024-05-15,10,0,10,100.0,3510.043826381485
2024-05-16,10,0,10,100.0,3510.363124252727
2024-05-17,10,0,10,100.0,3540.1182436239515
2024-05-18,10,0,10,100.0,3587.9350023048332
2024-05-21,10,0,10,100.0,3549.2047120856114
2024-05-22,9,1,10,90.0,3505.1770571737534
2024-05-23,9,1,10,90.0,3510.1610284622907
2024-05-24,9,1,10,90.0,3498.5443284819703
2024-05-27,9,1,10,90.0,3506.555853398396
2024-05-28,9,1,10,90.0,3462.918239890324
2024-05-29,9,1,10,90.0,3448.267097307373
2024-05-30,8,2,10,80.0,3374.511196578824
2024-05-31,9,1,10,90.0,3401.1917185193106
2024-06-03,9,1,10,90.0,3480.555572581857
2024-06-04,8,2,10,80.0,3166.984049196258
2024-06-05,8,2,10,80.0,3334.569848683787
2024-06-06,9,1,10,90.0,3401.543432361518
2024-06-07,9,1,10,90.0,3485.2460961649813
2024-06-10,9,1,10,90.0,3531.1054689442094
2024-06-11,9,1,10,90.0,3576.0033914621517
2024-06-12,9,1,10,90.0,3619.416816655281
2024-06-13,9,1,10,90.0,3632.5166326269427
2024-06-14,9,1,10,90.0,3630.3919868331595
2024-06-18,9,1,10,90.0,3637.3079289346315
2024-06-19,9,1,10,90.0,3622.33039565368
2024-06-20,9,1,10,90.0,3602.693858704505
2024-06-21,9,1,10,90.0,3598.9246372002503
2024-06-24,8,2,10,80.0,3592.092766228605
2024-06-25,8,2,10,80.0,3561.245200585698
2024-06-26,8,2,10,80.0,3540.772723265987
2024-06-27,8,2,10,80.0,3544.3908173979457
2024-06-28,8,2,10,80.0,3625.01958645886
2024-07-01,8,2,10,80.0,3653.68302659496
2024-07-02,8,2,10,80.0,3573.7058047760797
2024-07-03,8,2,10,80.0,3573.9292183920993
2024-07-04,8,2,10,80.0,3552.661318915581
2024-07-05,8,2,10,80.0,3550.796309763704
2024-07-08,8,2,10,80.0,3530.016072882571
2024-07-09,8,2,10,80.0,3534.62457345201
2024-07-10,7,3,10,70.0,3491.232687144361
2024-07-11,8,2,10,80.0,3547.7939881015777
2024-07-12,8,2,10,80.0,3549.5334308506235
2024-07-15,8,2,10,80.0,3624.963350142462
2024-07-16,8,2,10,80.0,3634.2240271878673
2024-07-18,7,3,10,70.0,3594.0683117344915
2024-07-19,7,3,10,70.0,3478.9265316054257
2024-07-22,7,3,10,70.0,3480.082202217784
2024-07-23,7,3,10,70.0,3497.8187715791632
2024-07-24,8,2,10,80.0,3597.5923545359137
2024-07-25,8,2,10,80.0,3636.241180881517
2024-07-26,8,2,10,80.0,3650.0458238021706
2024-07-29,8,2,10,80.0,3732.3334138854025
2024-07-30,8,2,10,80.0,3793.5733378376253
2024-07-31,8,2,10,80.0,3858.2194409185363
2024-08-01,8,2,10,80.0,3860.987656858022
2024-08-02,8,2,10,80.0,3851.812637885684
2024-08-05,7,3,10,70.0,3641.232945597342
2024-08-06,7,3,10,70.0,3589.7183597579506
2024-08-07,8,2,10,80.0,3707.247311366153
2024-08-08,8,2,10,80.0,3784.9952179713264
2024-08-09,8,2,10,80.0,3915.4329015940334
2024-08-12,8,2,10,80.0,3857.1172620577577
2024-08-13,8,2,10,80.0,3795.124517986941
2024-08-14,8,2,10,80.0,3803.4897433253946
2024-08-16,8,2,10,80.0,3933.604484992545
2024-08-19,8,2,10,80.0,4061.11133323418
2024-08-20,8,2,10,80.0,4178.263605023515
2024-08-21,8,2,10,80.0,4215.293255627404
2024-08-22,8,2,10,80.0,4201.60919769329
2024-08-23,8,2,10,80.0,4218.533701985194
2024-08-26,8,2,10,80.0,4298.333992914313
2024-08-27,8,2,10,80.0,4357.044176214361
2024-08-28,8,2,10,80.0,4366.751745262831
2024-08-29,8,2,10,80.0,4316.095738795879
2024-08-30,8,2,10,80.0,4354.51413969159
2024-09-02,8,2,10,80.0,4372.829790932172
2024-09-03,8,2,10,80.0,4435.107435063663
2024-09-04,8,2,10,80.0,4497.065773115614
2024-09-05,8,2,10,80.0,4508.672601960211
2024-09-06,8,2,10,80.0,4435.100242490392
2024-09-09,8,2,10,80.0,4394.552941280909
2024-09-10,8,2,10,80.0,4401.628843828272
2024-09-11,8,2,10,80.0,4403.573997248706
2024-09-12,8,2,10,80.0,4428.204736848371
2024-09-13,8,2,10,80.0,4498.066455759598
2024-09-16,9,1,10,90.0,4697.877758309673
2024-09-17,9,1,10,90.0,4662.254358282772
2024-09-18,9,1,10,90.0,4824.666074186028
2024-09-19,8,2,10,80.0,4701.037332578641
2024-09-20,9,1,10,90.0,4840.609181620959
2024-09-23,9,1,10,90.0,4884.985334916893
2024-09-24,9,1,10,90.0,4803.890356940161
2024-09-25,9,1,10,90.0,4745.33139583774
2024-09-26,9,1,10,90.0,4673.496352059625
2024-09-27,8,2,10,80.0,4666.382261397658
2024-09-30,8,2,10,80.0,4650.94957366208
2024-10-01,9,1,10,90.0,4810.157055279487
2024-10-03,8,2,10,80.0,4762.727282628058
2024-10-04,8,2,10,80.0,4705.483743569864
2024-10-07,8,2,10,80.0,4516.178276006344
2024-10-08,8,2,10,80.0,4716.162685004679
2024-10-09,8,2,10,80.0,4782.591067989425
2024-10-10,8,2,10,80.0,4798.923043458562
2024-10-11,8,2,10,80.0,4907.192384680375
2024-10-14,8,2,10,80.0,5000.004405410771
2024-10-15,10,0,10,100.0,5180.0227959572
2024-10-16,10,0,10,100.0,5244.272527580386
2024-10-17,10,0,10,100.0,5136.458493662051
2024-10-18,9,1,10,90.0,5147.820990078398
2024-10-21,9,1,10,90.0,5017.52875460211
2024-10-22,9,1,10,90.0,4779.874806101885
2024-10-23,9,1,10,90.0,4918.581403571101
2024-10-24,9,1,10,90.0,4858.243176546569
2024-10-25,9,1,10,90.0,4683.898706924112
2024-10-28,9,1,10,90.0,4802.06422899585
2024-10-29,9,1,10,90.0,4848.883554589334
2024-10-30,9,1,10,90.0,4861.902388782329
2024-10-31,9,1,10,90.0,4934.888171212159
2024-11-01,9,1,10,90.0,4996.488416951292
2024-11-04,9,1,10,90.0,4888.608290309885
2024-11-05,9,1,10,90.0,4929.31936140913
2024-11-06,9,1,10,90.0,5019.580797137355
2024-11-07,9,1,10,90.0,4996.7430623427135
2024-11-08,9,1,10,90.0,4961.934718222472
2024-11-11,8,2,10,80.0,4886.763817355671
2024-11-12,8,2,10,80.0,4836.150797754639
2024-11-13,7,3,10,70.0,4632.183780214836
2024-11-14,8,2,10,80.0,4681.3968879539925
2024-11-18,8,2,10,80.0,4666.437888016569
2024-11-19,8,2,10,80.0,4730.356294516295
2024-11-21,8,2,10,80.0,4714.261831668082
2024-11-22,8,2,10,80.0,4787.576761025676
2024-11-25,8,2,10,80.0,4839.471780896536
2024-11-26,8,2,10,80.0,4904.435070321888
2024-11-27,9,1,10,90.0,4955.691106925011
2024-11-28,9,1,10,90.0,4965.456975515793
2024-11-29,9,1,10,90.0,5009.313861250174
2024-12-02,9,1,10,90.0,5092.1774521499865
2024-12-03,9,1,11,90.0,5136.498075639018
2024-12-04,9,1,11,90.0,5185.443771772416
2024-12-05,9,1,11,90.0,5379.3950756507875
2024-12-06,9,1,11,90.0,5443.4965402513935
2024-12-09,9,1,11,90.0,5540.2707363032405
2024-12-10,9,1,11,90.0,5504.459659404248
2024-12-11,9,1,11,90.0,5559.589776731853
2024-12-12,9,1,11,90.0,5556.074730179466
2024-12-13,9,1,11,90.0,5508.15385485474
2024-12-16,9,1,11,90.0,5480.741894461093
2024-12-17,9,1,11,90.0,5446.606626365784
2024-12-18,9,1,11,90.0,5420.264820990046
2024-12-19,9,1,11,90.0,5443.26481039129
2024-12-20,9,1,11,90.0,5268.766292632354
2024-12-23,9,1,11,90.0,5228.7267199387725
2024-12-24,9,1,11,90.0,5254.977164338332
2024-12-26,9,1,11,90.0,5305.267707923397
2024-12-27,9,1,11,90.0,5245.557966933983
2024-12-30,9,1,11,90.0,5286.347489793225
2024-12-31,9,1,11,90.0,5275.250243357568
2025-01-01,9,1,11,90.0,5367.247466168998
2025-01-02,9,1,11,90.0,5372.130209476565
2025-01-03,9,1,11,90.0,5263.618941149424
2025-01-06,8,2,11,80.0,5036.686107828638
2025-01-07,8,2,11,80.0,5146.9309870025645
2025-01-08,7,3,11,70.0,5041.337865580128
2025-01-09,6,4,11,60.0,4959.499711507412
2025-01-10,6,4,11,60.0,4794.567002113247
2025-01-13,6,4,11,60.0,4585.475525707379
2025-01-14,6,4,11,60.0,4658.492360599065
2025-01-15,6,4,11,60.0,4765.5310947739945
2025-01-16,6,4,11,60.0,4794.7097837516385
2025-01-17,6,4,11,60.0,4756.774362424028
2025-01-20,6,4,11,60.0,4786.017527007361
2025-01-21,6,4,11,60.0,4563.97185677847
2025-01-22,4,6,11,40.0,4497.2795820664
2025-01-23,5,5,11,50.0,4532.71166705005
2025-01-24,4,6,11,40.0,4456.267397347728
2025-01-27,3,7,11,30.0,4241.182574755772
2025-01-28,3,7,11,30.0,4133.900421953925
2025-01-29,3,7,11,30.0,4317.816397708938
2025-01-30,3,7,11,30.0,4233.692066065168
2025-01-31,3,7,11,30.0,4279.833998825775
2025-02-01,3,7,11,30.0,4302.591095403689
2025-02-03,3,7,11,30.0,4149.3890807534935
2025-02-04,3,7,11,30.0,4256.8796893136605
2025-02-05,4,6,11,40.0,4468.442619944206
2025-02-06,4,6,11,40.0,4411.766340316124
2025-02-07,4,6,11,40.0,4417.759669195173
2025-02-10,3,7,11,30.0,4272.006549982744
2025-02-11,3,7,11,30.0,4060.649691832481
2025-02-12,3,7,11,30.0,4117.723459140026
2025-02-13,3,7,11,30.0,4086.527897637489
2025-02-14,2,8,11,20.0,3946.6844897056653
2025-02-17,2,8,11,20.0,3918.016861071981
2025-02-18,2,8,11,20.0,3862.3034558523755
2025-02-19,2,8,11,20.0,3995.7233188873843
2025-02-20,2,8,11,20.0,4117.953313561337
2025-02-21,2,8,11,20.0,4073.82093489551
2025-02-24,2,8,11,20.0,4016.2487952381093
2025-02-25,2,8,11,20.0,3958.7997244395724
2025-02-27,2,8,11,20.0,3821.3152307091614
2025-02-28,1,9,11,10.0,3719.4995512887353
2025-03-03,1,9,11,10.0,3598.9939473904
2025-03-04,1,9,11,10.0,3601.9096044861326
2025-03-05,1,9,11,10.0,3686.231526989247
2025-03-06,1,9,11,10.0,3751.6887276371735
2025-03-07,1,9,11,10.0,3775.9947029485575
2025-03-10,1,9,11,10.0,3647.5515465120316
2025-03-11,0,10,11,0.0,3599.310605053725
2025-03-12,1,9,11,10.0,3606.894796237843
2025-03-13,0,10,11,0.0,3564.268915325186
2025-03-17,0,10,11,0.0,3563.441651529954
2025-03-18,1,9,11,10.0,3712.270893027636
2025-03-19,1,9,11,10.0,3875.723935650118
2025-03-20,3,7,11,30.0,3939.4923804431455
2025-03-21,3,7,11,30.0,4076.653603483419
2025-03-24,3,7,11,30.0,4186.599226396188
2025-03-25,2,8,11,20.0,4060.984530654035
2025-03-26,2,8,11,20.0,3978.9290953902755
2025-03-27,2,8,11,20.0,4030.124925300625
2025-03-28,2,8,11,20.0,4068.9540031820634
2025-04-01,2,8,11,20.0,4065.6121256406004
2025-04-02,2,8,11,20.0,4115.465350464704
2025-04-03,3,7,11,30.0,4204.11717316953
2025-04-04,2,8,11,20.0,4022.5361132922835
2025-04-07,1,9,11,10.0,3859.8685472675897
2025-04-08,1,9,11,10.0,3988.8101867498435
2025-04-09,1,9,11,10.0,3964.3189541478146
2025-04-11,1,9,11,10.0,4044.5856432394394
2025-04-15,3,7,11,30.0,4177.569262754797
2025-04-16,4,6,11,40.0,4233.023967574587
2025-04-17,4,6,11,40.0,4274.277251045852
2025-04-21,4,6,11,40.0,4481.435377541885
2025-04-22,5,5,11,50.0,4561.257857828627
2025-04-23,5,5,11,50.0,4656.857102314455
2025-04-24,5,5,11,50.0,4623.269863019628
2025-04-25,4,6,11,40.0,4459.38019214138
2025-04-28,4,6,11,40.0,4487.082908142444
2025-04-29,4,6,11,40.0,4521.393689457784
2025-04-30,4,6,11,40.0,4390.828158698353
2025-05-02,4,6,11,40.0,4371.512430654107
2025-05-05,4,6,11,40.0,4432.262284077344
2025-05-06,3,7,11,30.0,4261.260643588428
2025-05-07,4,6,11,40.0,4385.40519437165
2025-05-08,3,7,11,30.0,4321.5724837305315
2025-05-09,3,7,11,30.0,4262.252048546375
2025-05-12,4,6,11,40.0,4516.380835562319
2025-05-13,3,7,11,30.0,4550.3707104460855
2025-05-14,4,6,11,40.0,4652.5860497904005
2025-05-15,5,5,11,50.0,4648.2484901829575
2025-05-16,5,5,11,50.0,4826.571350757156
2025-05-19,6,4,11,60.0,4855.887569776465
2025-05-20,6,4,11,60.0,4787.918898254729
2025-05-21,6,4,11,60.0,4841.60470090133
2025-05-22,6,4,11,60.0,4805.5849583444815
2025-05-23,6,4,11,60.0,4895.365955524197
2025-05-26,6,4,11,60.0,4876.244574364626
2025-05-27,6,4,11,60.0,4895.189468010597
2025-05-28,6,4,11,60.0,4919.785258416203
2025-05-29,6,4,11,60.0,4950.332869262256
2025-05-30,6,4,11,60.0,5038.861506192008
2025-06-02,7,3,11,70.0,5184.4982321777525
2025-06-03,8,2,11,80.0,5184.288448855901
2025-06-04,7,3,11,70.0,5252.976158771271
2025-06-05,8,2,11,80.0,5398.474734653999
2025-06-06,8,2,11,80.0,5447.962578043464
2025-06-09,8,2,11,80.0,5579.462388429313
2025-06-10,8,2,11,80.0,5558.519699998025
2025-06-11,8,2,11,80.0,5403.093515315877
2025-06-12,7,3,11,70.0,5246.603671957793
2025-06-13,7,3,11,70.0,5190.361378033439
2025-06-16,7,3,11,70.0,5253.5561462149435
2025-06-17,8,2,11,80.0,5227.793669490407
2025-06-18,7,3,11,70.0,5194.612349765188
2025-06-19,6,4,11,60.0,5097.79803187019
2025-06-20,7,3,11,70.0,5208.502343567563
2025-06-23,8,2,11,80.0,5311.234540416878
2025-06-24,8,2,11,80.0,5392.072056060001
2025-06-25,8,2,11,80.0,5454.577994342313
2025-06-26,8,2,11,80.0,5447.798456965058
2025-06-27,8,2,11,80.0,5474.398245378675
2025-06-30,8,2,11,80.0,5513.891223638994
2025-07-01,8,2,11,80.0,5522.742256713584
2025-07-02,8,2,11,80.0,5471.376022332502
2025-07-03,8,2,11,80.0,5590.9835383856525
2025-07-04,8,2,11,80.0,5464.917005074422
2025-07-07,7,3,11,70.0,5452.219947604339
2025-07-08,7,3,11,70.0,5362.987200509452
2025-07-09,9,2,11,81.81818181818183,5411.653461090664
2025-07-10,9,2,11,81.81818181818183,5389.994014683875
2025-07-11,8,3,11,72.72727272727273,5274.172654060884
2025-07-14,8,3,11,72.72727272727273,5308.622169685317
2025-07-15,9,2,11,81.81818181818183,5379.354466640983
2025-07-16,9,2,11,81.81818181818183,5334.275003992932
2025-07-17,9,2,11,81.81818181818183,5304.870097374595
2025-07-18,9,2,11,81.81818181818183,5239.37553290549
2025-07-21,9,2,11,81.81818181818183,5275.709095117941
2025-07-22,9,2,11,81.81818181818183,5287.852309108863
2025-07-23,9,2,11,81.81818181818183,5271.190660381894
2025-07-24,8,3,11,72.72727272727273,5076.796193100507
2025-07-25,7,4,11,63.63636363636363,4985.281567267678
2025-07-28,6,5,11,54.54545454545454,4841.189060986669
2025-07-29,5,6,11,45.45454545454545,4949.733759158898
2025-07-30,6,5,11,54.54545454545454,4912.770332719941
2025-07-31,4,7,11,36.36363636363637,4822.878170060241
2025-08-01,4,7,11,36.36363636363637,4788.894800800503
2025-08-04,5,6,11,45.45454545454545,4898.3296668336525
2025-08-05,5,6,11,45.45454545454545,4857.786555343741
2025-08-06,5,6,11,45.45454545454545,4825.450962357747
2025-08-07,6,5,11,54.54545454545454,4834.393596140339
2025-08-08,5,6,11,45.45454545454545,4799.792002348377
2025-08-11,5,6,11,45.45454545454545,4845.237352863538
2025-08-12,5,6,11,45.45454545454545,4821.147556985828
2025-08-13,6,5,11,54.54545454545454,4952.287365868435
2025-08-14,6,5,11,54.54545454545454,4924.975586043708
2025-08-18,6,5,11,54.54545454545454,4986.655153295691
2025-08-19,6,5,11,54.54545454545454,5016.503360087081
2025-08-20,6,5,11,54.54545454545454,5017.060375583155
2025-08-21,5,6,11,45.45454545454545,4943.221346003974
2025-08-22,5,6,11,45.45454545454545,4914.985122615513
2025-08-25,5,6,11,45.45454545454545,4864.862430197251
2025-08-26,4,7,11,36.36363636363637,4713.680787052318
2025-08-28,4,7,11,36.36363636363637,4627.517188797961
2025-08-29,4,7,11,36.36363636363637,4561.675960152365
2025-09-01,4,7,11,36.36363636363637,4711.444820843194
2025-09-02,5,6,11,45.45454545454545,4708.511198362705
2025-09-03,5,6,11,45.45454545454545,4746.408772720814
2025-09-04,5,6,11,45.45454545454545,4706.376337972065
2025-09-05,5,6,11,45.45454545454545,4758.367964614362
2025-09-08,5,6,11,45.45454545454545,4811.4411278633515
2025-09-09,5,6,11,45.45454545454545,4795.993830811069
2025-09-10,5,6,11,45.45454545454545,4823.940642183081
2025-09-11,5,6,11,45.45454545454545,4755.551174401633
2025-09-12,5,6,11,45.45454545454545,4771.842463130023
2025-09-15,5,6,11,45.45454545454545,4804.09762641367
2025-09-16,5,6,11,45.45454545454545,4787.902755872974
2025-09-17,6,5,11,54.54545454545454,4833.854264987308
2025-09-18,7,4,11,63.63636363636363,4862.399276545878
2025-09-19,7,4,11,63.63636363636363,4875.158763251202
2025-09-22,5,6,11,45.45454545454545,4795.307574329137
2025-09-23,5,6,11,45.45454545454545,4837.20347113251
2025-09-24,4,7,11,36.36363636363637,4750.9233434902335
2025-09-25,4,7,11,36.36363636363637,4707.795323996875
2025-09-26,2,9,11,18.181818181818183,4639.591573093629
2025-09-29,2,9,11,18.181818181818183,4648.920560178212
2025-09-30,2,9,11,18.181818181818183,4611.857099542166
2025-10-01,3,8,11,27.27272727272727,4690.742283568732
2025-10-03,4,7,11,36.36363636363637,4738.9533480989785
2025-10-06,5,6,11,45.45454545454545,4793.818399373658
2025-10-07,5,6,11,45.45454545454545,4807.040904313049
2025-10-08,5,6,11,45.45454545454545,4760.745538480507
2025-10-09,5,6,11,45.45454545454545,4855.619412843829
2025-10-10,5,6,11,45.45454545454545,4873.473677215578
2025-10-13,6,5,11,54.54545454545454,4948.96419166965
2025-10-14,5,6,11,45.45454545454545,4979.862396427136
2025-10-15,6,5,11,54.54545454545454,5032.175463526975
2025-10-16,6,5,11,54.54545454545454,5035.988526719182
2025-10-17,7,4,11,63.63636363636363,5014.231949847564
2025-10-20,7,4,11,63.63636363636363,5034.789747284214
2025-10-21,7,4,11,63.63636363636363,5047.696270207671
2025-10-23,8,3,11,72.72727272727273,5070.620415389876
2025-10-24,8,3,11,72.72727272727273,5060.02891469644
2025-10-27,8,3,11,72.72727272727273,5183.189367350976
2025-10-28,8,3,11,72.72727272727273,5153.07277129968
2025-10-29,8,3,11,72.72727272727273,5043.85967822422
2025-10-30,8,3,11,72.72727272727273,5028.18498787016
2025-10-31,7,4,11,63.63636363636363,4990.269356248055
2025-11-03,7,4,11,63.63636363636363,5034.268099154197
2025-11-04,6,5,11,54.54545454545454,4938.448808689163
2025-11-06,6,5,11,54.54545454545454,4900.604064899589
2025-11-07,7,4,11,63.63636363636363,5024.857901528773
2025-11-10,7,4,11,63.63636363636363,4965.7743334920515
2025-11-11,7,4,11,63.63636363636363,4976.231121172294
2025-11-12,7,4,11,63.63636363636363,5041.660305472894
2025-11-13,7,4,11,63.63636363636363,5034.295416784477
2025-11-14,7,4,11,63.63636363636363,5059.604452443354
2025-11-17,7,4,11,63.63636363636363,5126.152405054035
2025-11-18,7,4,11,63.63636363636363,5148.889893770042
2025-11-19,7,4,11,63.63636363636363,5153.50616977239
2025-11-20,7,4,11,63.63636363636363,5203.028226592416
2025-11-21,7,4,11,63.63636363636363,5101.327601097755
2025-11-24,7,4,11,63.63636363636363,5030.8936441773685
2025-11-25,7,4,11,63.63636363636363,5032.279303405395
2025-11-26,7,4,11,63.63636363636363,5155.537522951277
2025-11-27,7,4,11,63.63636363636363,5120.481939722486
2025-11-28,7,4,11,63.63636363636363,5136.38694943667
2025-12-01,7,4,11,63.63636363636363,5166.530238096711
2025-12-02,7,4,11,63.63636363636363,5166.6467448310905
2025-12-03,7,4,11,63.63636363636363,5068.741463755274
2025-12-04,7,4,11,63.63636363636363,5058.904318439514
2025-12-05,7,4,11,63.63636363636363,5044.068047030892
2025-12-08,6,5,11,54.54545454545454,4911.923330032664
2025-12-09,6,5,11,54.54545454545454,4925.131913756576
2025-12-10,3,8,11,27.27272727272727,4817.843254497044
2025-12-11,5,6,11,45.45454545454545,4926.926704312016
2025-12-12,6,5,11,54.54545454545454,4960.330809349329
2025-12-15,6,5,11,54.54545454545454,4967.896138408765
2025-12-16,6,5,11,54.54545454545454,4943.829651241101
2025-12-17,4,7,11,36.36363636363637,4915.781763860392
2025-12-18,5,6,11,45.45454545454545,4967.226622746344
2025-12-19,6,5,11,54.54545454545454,4988.723340750082
2025-12-22,7,4,11,63.63636363636363,5099.838382316997
2025-12-23,7,4,11,63.63636363636363,5108.0636328333485
2025-12-24,5,6,11,45.45454545454545,5101.419715864957
2025-12-26,5,6,11,45.45454545454545,5043.177371126781
2025-12-29,4,7,11,36.36363636363637,4992.793218058001
2025-12-30,3,8,11,27.27272727272727,4951.89896726312
2025-12-31,4,7,11,36.36363636363637,5014.756795976282
2026-01-01,4,7,11,36.36363636363637,5075.025692534351
2026-01-02,5,6,11,45.45454545454545,5126.582268671143
2026-01-05,4,7,11,36.36363636363637,5131.163202758975
2026-01-06,4,7,11,36.36363636363637,5198.563495854895
2026-01-07,4,7,11,36.36363636363637,5274.4909811424595
2026-01-08,4,7,11,36.36363636363637,5144.233361307041
2026-01-09,3,8,11,27.27272727272727,5024.701822497815
2026-01-12,4,7,11,36.36363636363637,5054.6659480217595
2026-01-13,3,8,11,27.27272727272727,5097.402773184727
2026-01-14,4,7,11,36.36363636363637,5200.068977529028
2026-01-16,5,6,11,45.45454545454545,5200.068977529028
2026-01-19,5,6,11,45.45454545454545,5101.5106826046485
2026-01-20,4,7,11,36.36363636363637,4931.537115333005
2026-01-21,3,8,11,27.27272727272727,4869.696587372067
2026-01-22,4,7,11,36.36363636363637,4916.767047446488
2026-01-23,3,8,11,27.27272727272727,4793.802049154418
2026-01-27,3,8,11,27.27272727272727,4824.110982802354
2026-01-28,4,7,11,36.36363636363637,4991.1504923018165
2026-01-29,4,7,11,36.36363636363637,4928.26514910654
2026-01-30,3,8,11,27.27272727272727,4882.694642856747
2026-02-01,2,9,11,18.181818181818183,4624.206513269985
2026-02-02,2,9,11,18.181818181818183,4718.484006725603
2026-02-03,4,7,11,36.36363636363637,4928.509173853314
2026-02-04,4,7,11,36.36363636363637,5031.167773605161
2026-02-05,4,7,11,36.36363636363637,4935.862014921282
2026-02-06,4,7,11,36.36363636363637,4886.700633217056
2026-02-09,4,7,11,36.36363636363637,5009.501373161293
2026-02-10,4,7,11,36.36363636363637,5112.607716949661
2026-02-11,4,7,11,36.36363636363637,5051.8370835451005
2026-02-12,4,7,11,36.36363636363637,5012.24350497951
2026-02-13,4,7,11,36.36363636363637,4906.392521557433
2026-02-16,3,8,11,27.27272727272727,4889.753264521356
2026-02-17,3,8,11,27.27272727272727,4885.546651469227
2026-02-18,4,7,11,36.36363636363637,4906.83263054937
2026-02-19,2,9,11,18.181818181818183,4807.956637038479
2026-02-20,3,8,11,27.27272727272727,4828.957041410296
2026-02-23,2,9,11,18.181818181818183,4811.707224115527
2026-02-24,2,9,11,18.181818181818183,4774.966013974771
2026-02-25,2,9,11,18.181818181818183,4785.918837839931
2026-02-26,2,9,11,18.181818181818183,4734.161959564791
2026-02-27,2,9,11,18.181818181818183,4645.248706947196
2026-03-02,2,9,11,18.181818181818183,4588.20960068202
2026-03-04,2,9,11,18.181818181818183,4514.163444012313
2026-03-05,2,9,11,18.181818181818183,4616.636440350493
2026-03-06,2,9,11,18.181818181818183,4561.872581046055
2026-03-09,2,9,11,18.181818181818183,4508.306634100902
2026-03-10,2,9,11,18.181818181818183,4629.215966583175
2026-03-11,2,9,11,18.181818181818183,4569.931329169988
2026-03-12,2,9,11,18.181818181818183,4527.7289307302435
2026-03-13,2,9,11,18.181818181818183,4452.499627639037
2026-03-16,2,9,11,18.181818181818183,4439.332500329145
2026-03-17,2,9,11,18.181818181818183,4476.624291170312
2026-03-18,2,9,11,18.181818181818183,4613.096837019306
2026-03-19,2,9,11,18.181818181818183,4463.546168388267
2026-03-20,2,9,11,18.181818181818183,4447.359732125273
2026-03-23,2,9,11,18.181818181818183,4256.952494608714
2026-03-24,2,9,11,18.181818181818183,4365.4052050715945
2026-03-25,2,9,11,18.181818181818183,4481.579744228587
2026-03-27,2,9,11,18.181818181818183,4352.747782399546
2026-03-30,2,9,11,18.181818181818183,4184.433187121298
2026-04-01,2,9,11,18.181818181818183,4433.156589924704
2026-04-02,2,9,11,18.181818181818183,4459.875954575776
2026-04-06,2,9,11,18.181818181818183,4557.312885261314
2026-04-07,2,9,11,18.181818181818183,4563.904319187784
2026-04-08,3,8,11,27.27272727272727,4809.315681745476
2026-04-09,3,8,11,27.27272727272727,4827.073913424634
2026-04-10,3,8,11,27.27272727272727,4908.523148366349
2026-04-13,3,8,11,27.27272727272727,4871.304253385344
2026-04-15,3,8,11,27.27272727272727,5063.060839642166
2026-04-16,3,8,11,27.27272727272727,5096.871315368982
2026-04-17,4,7,11,36.36363636363637,5258.983136928069
2026-04-20,4,7,11,36.36363636363637,5185.942845328712
2026-04-21,5,6,11,45.45454545454545,5247.670737772983
2026-04-22,5,6,11,45.45454545454545,5232.349339435713
2026-04-23,5,6,11,45.45454545454545,5200.904956666262
2026-04-24,5,6,11,45.45454545454545,5115.012411358643
2026-04-27,5,6,11,45.45454545454545,5199.7609760933565
2026-04-28,5,6,11,45.45454545454545,5218.757209875673
2026-04-29,4,7,11,36.36363636363637,5204.212935236878
2026-04-30,3,8,11,27.27272727272727,5133.230402761668
2026-05-04,4,7,11,36.36363636363637,5134.073531407179
2026-05-05,5,6,11,45.45454545454545,5228.154247042251
2026-05-06,7,4,11,63.63636363636363,5359.666615078525
2026-05-07,7,4,11,63.63636363636363,5461.254470902211
2026-05-08,7,4,11,63.63636363636363,5477.43221801342
2026-05-11,6,5,11,54.54545454545454,5384.637998484444
2026-05-12,5,6,11,45.45454545454545,5226.242955505579
2026-05-13,6,5,11,54.54545454545454,5259.763625930459
2026-05-14,6,5,11,54.54545454545454,5301.271657626654
2026-05-15,6,5,11,54.54545454545454,5287.643688461036
2026-05-18,6,5,11,54.54545454545454,5272.305952397127
2026-05-19,6,5,11,54.54545454545454,5390.681758169892
2026-05-20,6,5,11,54.54545454545454,5392.052357870942
2026-05-21,6,5,11,54.54545454545454,5395.600893554208
2026-05-22,6,5,11,54.54545454545454,5368.197545739753
2026-05-25,7,4,11,63.63636363636363,5452.156152139333
2026-05-26,8,3,11,72.72727272727273,5495.368694174174
2026-05-27,8,3,11,72.72727272727273,5463.078110633334
2026-05-29,7,4,11,63.63636363636363,5407.157358433046
2026-06-01,6,5,11,54.54545454545454,5303.902909493379
2026-06-02,7,4,11,63.63636363636363,5325.147763574603
2026-06-03,7,4,11,63.63636363636363,5273.150199303303
2026-06-04,7,4,11,63.63636363636363,5323.231803260917
2026-06-05,7,4,11,63.63636363636363,5286.354040109715
2026-06-08,5,6,11,45.45454545454545,5177.521025147095
2026-06-09,7,4,11,63.63636363636363,5270.551381388209
2026-06-10,5,6,11,45.45454545454545,5169.863000034407
2026-06-11,5,6,11,45.45454545454545,5131.9062633774565
2026-06-12,7,4,11,63.63636363636363,5303.149619606554
2026-06-15,7,4,11,63.63636363636363,5432.942871790798
2026-06-22,8,3,11,72.72727272727273,5592.950008668592
2026-06-23,8,3,11,72.72727272727273,5518.601255826528
2026-06-24,8,3,11,72.72727272727273,5511.027088408724
2026-06-25,8,3,11,72.72727272727273,5502.181871354824
2026-06-29,8,3,11,72.72727272727273,5467.913630721028
2026-06-30,8,3,11,72.72727272727273,5486.246413682184
2026-07-01,8,3,11,72.72727272727273,5555.089935725591
2026-07-02,8,3,11,72.72727272727273,5579.453100637536
2026-07-03,8,3,11,72.72727272727273,5590.346204558404
2026-07-06,8,3,11,72.72727272727273,5544.823603893638
2026-07-07,8,3,11,72.72727272727273,5454.416969360338
2026-07-08,8,3,11,72.72727272727273,5367.918810616238
2026-07-09,8,3,11,72.72727272727273,5495.203351662116
2026-07-10,9,2,11,81.81818181818183,5582.423737286215
2026-07-13,9,2,11,81.81818181818183,5610.579559523196
2026-07-14,9,2,11,81.81818181818183,5582.939292166499
2026-07-15,9,2,11,81.81818181818183,5623.427572949084
2026-07-16,9,2,11,81.81818181818183,5568.330007012121
2026-07-17,9,2,11,81.81818181818183,5514.293164262275
2026-07-20,9,2,11,81.81818181818183,5572.424275935346
2026-07-21,8,3,11,72.72727272727273,5550.424912025331
2026-07-22,8,3,11,72.72727272727273,5497.199050761773
2026-07-23,8,3,11,72.72727272727273,5414.814141742564
2026-07-24,8,3,11,72.72727272727273,5376.200055483037
2026-07-27,8,3,11,72.72727272727273,5432.145474335673
2026-07-28,10,1,11,90.9090909090909,5414.001136786112
2026-07-29,9,2,11,81.81818181818183,5427.778173426071
2026-07-30,8,3,11,72.72727272727273,5369.58434084014
2026-07-31,8,3,11,72.72727272727273,5421.454286591492
2026-08-03,8,3,11,72.72727272727273,5411.74450090699
2026-08-04,9,2,11,81.81818181818183,5441.262133682561
2026-08-05,9,2,11,81.81818181818183,5437.534678260298
2026-08-06,9,2,11,81.81818181818183,5414.980117528321
2026-08-07,8,3,11,72.72727272727273,5385.683506923977
2026-08-10,8,3,11,72.72727272727273,5461.344720694891
2026-08-11,8,3,11,72.72727272727273,5478.035267291211
2026-08-12,8,3,11,72.72727272727273,5490.637375301521
2026-08-13,8,3,11,72.72727272727273,5510.16991327174
2026-08-14,8,3,11,72.72727272727273,5474.969688502696
2026-08-17,10,1,11,90.9090909090909,5523.031942904899
2026-08-18,9,2,11,81.81818181818183,5515.5447514112
2026-08-19,8,3,11,72.72727272727273,5508.81873590543
2026-08-20,9,2,11,81.81818181818183,5538.822055805496
2026-08-21,10,1,11,90.9090909090909,5571.058280406839
2026-08-24,10,1,11,90.9090909090909,5581.047716561036
2026-08-25,10,1,11,90.9090909090909,5619.289398824444
2026-08-26,10,1,11,90.9090909090909,5650.735362275631
2026-08-27,10,1,11,90.9090909090909,5612.297176944413
2026-08-28,9,2,11,81.81818181818183,5643.603887278268
2026-08-31,10,1,11,90.9090909090909,5626.897305984794
2026-09-01,9,2,11,81.81818181818183,5524.248401613283
2026-09-02,7,4,11,63.63636363636363,5467.215315562951
2026-09-03,9,2,11,81.81818181818183,5504.162305100464
2026-09-04,9,2,11,81.81818181818183,5577.2030658620115
