Date,Above,Below,Total,Percentage,Index_Close
2014-08-07,3,0,3,100.0,126.54522524807344
2014-08-08,3,0,3,100.0,124.62634938520871
2014-08-11,3,0,3,100.0,124.69858429956746
2014-08-12,3,0,3,100.0,126.33861330215488
2014-08-13,3,0,3,100.0,126.35632899191344
2014-08-14,3,0,3,100.0,128.32018617294457
2014-08-18,3,0,3,100.0,132.11682415337935
2014-08-19,3,0,3,100.0,133.02516775508727
2014-08-20,3,0,3,100.0,131.2672389302585
2014-08-21,3,0,3,100.0,131.64762494118582
2014-08-22,3,0,3,100.0,131.2566870815516
2014-08-25,3,0,3,100.0,131.08354679783645
2014-08-26,3,0,3,100.0,129.50587840993833
2014-08-27,3,0,3,100.0,131.75879636026372
2014-08-28,3,0,3,100.0,133.36372092754732
2014-09-01,3,0,3,100.0,134.86815001288318
2014-09-02,3,0,3,100.0,135.85665994585966
2014-09-03,3,0,3,100.0,135.57099544037186
2014-09-04,3,0,3,100.0,135.96059261664945
2014-09-05,3,0,3,100.0,137.5423563193656
2014-09-08,3,0,3,100.0,140.47530561851795
2014-09-09,3,0,3,100.0,139.56544824653406
2014-09-10,3,0,3,100.0,136.94040561690554
2014-09-11,3,0,3,100.0,135.41302851061147
2014-09-12,3,0,3,100.0,135.1059218250558
2014-09-15,3,0,3,100.0,134.37012263667447
2014-09-16,3,0,3,100.0,130.89312907249234
2014-09-17,3,0,3,100.0,131.2948115887574
2014-09-18,3,0,3,100.0,132.46037068594373
2014-09-19,3,0,3,100.0,129.75153693749448
2014-09-22,3,0,3,100.0,131.60962832336205
2014-09-23,3,0,3,100.0,128.38297997139355
2014-09-24,3,0,3,100.0,129.40247705910323
2014-09-25,2,1,3,66.66666666666666,126.26740588845009
2014-09-26,2,1,3,66.66666666666666,127.8489005076419
2014-09-29,2,1,3,66.66666666666666,126.96156341503102
2014-09-30,2,1,3,66.66666666666666,127.95502991520075
2014-10-01,2,1,3,66.66666666666666,125.37276441997372
2014-10-07,2,1,3,66.66666666666666,124.74556346894082
2014-10-08,2,1,3,66.66666666666666,126.37974587637946
2014-10-09,3,0,3,100.0,128.97846724733512
2014-10-10,3,0,3,100.0,127.5933131649339
2014-10-13,3,0,3,100.0,127.36073582447331
2014-10-14,3,0,3,100.0,126.21185148173679
2014-10-16,2,1,3,66.66666666666666,123.24537569556327
2014-10-17,2,1,3,66.66666666666666,124.0634605887638
2014-10-20,2,1,3,66.66666666666666,126.86218312746027
2014-10-21,2,1,3,66.66666666666666,125.72958180441529
2014-10-22,2,1,3,66.66666666666666,125.48290219858993
2014-10-23,2,1,3,66.66666666666666,126.81342005448313
2014-10-27,2,1,3,66.66666666666666,125.69729045867459
2014-10-28,2,1,3,66.66666666666666,125.10818119169103
2014-10-29,2,1,3,66.66666666666666,126.78834323617825
2014-10-30,3,0,3,100.0,128.7410728044191
2014-10-31,3,0,3,100.0,132.0494534495738
2014-11-03,3,0,3,100.0,131.88689994893238
2014-11-05,3,0,3,100.0,130.50059495813738
2014-11-07,3,0,3,100.0,129.41228378702579
2014-11-10,3,0,3,100.0,127.60211520724518
2014-11-11,3,0,3,100.0,128.20655975988348
2014-11-12,3,0,3,100.0,127.02083193914837
2014-11-13,3,0,3,100.0,124.92263570199947
2014-11-14,3,0,3,100.0,126.4262891079399
2014-11-17,3,0,3,100.0,127.49912343261198
2014-11-18,3,0,3,100.0,126.68578758490206
2014-11-19,3,0,3,100.0,124.97835609224066
2014-11-20,3,0,3,100.0,125.1980222582741
2014-11-21,3,0,3,100.0,126.38857662466651
2014-11-24,3,0,3,100.0,126.08897656751459
2014-11-25,3,0,3,100.0,127.27424050056224
2014-11-26,3,0,3,100.0,128.1366412826302
2014-11-27,3,0,3,100.0,127.24651232067559
2014-11-28,3,0,3,100.0,125.89460191128221
2014-12-01,1,2,3,33.33333333333333,121.4723943078807
2014-12-02,1,2,3,33.33333333333333,121.58837487025656
2014-12-03,1,2,3,33.33333333333333,123.56414879149848
2014-12-04,1,2,3,33.33333333333333,123.33206920715809
2014-12-05,1,2,3,33.33333333333333,121.81579563121568
2014-12-08,1,2,3,33.33333333333333,121.67536687614522
2014-12-09,1,2,3,33.33333333333333,119.36095066073058
2014-12-10,1,2,3,33.33333333333333,119.99254062756775
2014-12-11,1,2,3,33.33333333333333,117.15022519942464
2014-12-12,0,3,3,0.0,113.44040682701464
2014-12-15,0,3,3,0.0,113.12968353857869
2014-12-16,0,3,3,0.0,112.60088498104572
2014-12-17,0,3,3,0.0,114.01171691725101
2014-12-18,1,2,3,33.33333333333333,115.83025060570718
2014-12-19,1,2,3,33.33333333333333,117.41320295711373
2014-12-22,1,2,3,33.33333333333333,118.63077777920294
2014-12-23,1,2,3,33.33333333333333,117.77968941500596
2014-12-24,1,2,3,33.33333333333333,116.5257420193011
2014-12-26,1,2,3,33.33333333333333,116.73197803642341
2014-12-29,1,2,3,33.33333333333333,117.18117059875868
2014-12-30,1,2,3,33.33333333333333,115.85972808111156
2014-12-31,1,2,3,33.33333333333333,116.93144307123526
2015-01-01,1,2,3,33.33333333333333,117.10773416869844
2015-01-02,1,2,3,33.33333333333333,117.75123498039719
2015-01-05,0,3,3,0.0,116.74156023049574
2015-01-06,0,3,3,0.0,110.79439533478026
2015-01-07,0,3,3,0.0,111.97588649323029
2015-01-08,0,3,3,0.0,113.08068617966151
2015-01-09,0,3,3,0.0,115.93280233693753
2015-01-12,0,3,3,0.0,114.13913502848112
2015-01-13,0,3,3,0.0,111.89026335988814
2015-01-14,0,3,3,0.0,111.6010396294659
2015-01-15,0,3,3,0.0,113.336388866375
2015-01-16,0,3,3,0.0,113.27442674993054
2015-01-19,0,3,3,0.0,114.09024618408114
2015-01-20,0,3,3,0.0,115.79453158020992
2015-01-21,0,3,3,0.0,115.38019521104546
2015-01-22,0,3,3,0.0,115.77261312740603
2015-01-23,0,3,3,0.0,116.10363487772179
2015-01-27,0,3,3,0.0,115.69023292861877
2015-01-28,0,3,3,0.0,118.17292976325653
2015-01-29,0,3,3,0.0,118.17649016118965
2015-01-30,0,3,3,0.0,116.31130640205991
2015-02-02,0,3,3,0.0,115.75011972437532
2015-02-03,0,3,3,0.0,117.92697382294111
2015-02-04,0,3,3,0.0,119.84044123683579
2015-02-05,0,3,3,0.0,117.69793512778087
2015-02-06,0,3,3,0.0,116.9951818348095
2015-02-09,0,3,3,0.0,116.7386697974699
2015-02-10,0,3,3,0.0,115.04440635386675
2015-02-11,0,3,3,0.0,114.81583192281187
2015-02-12,0,3,3,0.0,115.39176807156444
2015-02-13,0,3,3,0.0,112.70361923815919
2015-02-16,0,3,3,0.0,112.11116719117516
2015-02-18,0,3,3,0.0,111.35915595414325
2015-02-19,0,3,3,0.0,111.18899568181722
2015-02-20,0,3,3,0.0,109.47771612083778
2015-02-23,0,3,3,0.0,107.40321437460658
2015-02-24,0,3,3,0.0,104.65007102018788
2015-02-25,0,3,3,0.0,105.60214387342111
2015-02-26,0,3,3,0.0,105.41617346101735
2015-02-27,0,3,3,0.0,108.72656719875053
2015-02-28,0,3,3,0.0,108.78434105411192
2015-03-02,0,3,3,0.0,108.26904387082136
2015-03-03,0,3,3,0.0,109.19099750027155
2015-03-04,0,3,3,0.0,108.57677486936798
2015-03-05,0,3,3,0.0,108.71697728826761
2015-03-09,0,3,3,0.0,107.62832936933766
2015-03-10,0,3,3,0.0,107.11914971542502
2015-03-11,0,3,3,0.0,105.77540135009815
2015-03-12,0,3,3,0.0,106.50088000149903
2015-03-13,0,3,3,0.0,106.18226435971911
2015-03-16,0,3,3,0.0,104.94792749750688
2015-03-17,0,3,3,0.0,106.00886000722033
2015-03-18,0,3,3,0.0,105.79334125690795
2015-03-19,0,3,3,0.0,106.00674182282317
2015-03-20,0,3,3,0.0,105.65168515609
2015-03-23,0,3,3,0.0,105.73364670977358
2015-03-24,0,3,3,0.0,106.11736387470177
2015-03-25,0,3,3,0.0,105.55562492236103
2015-03-26,0,3,3,0.0,103.76729484276525
2015-03-27,0,3,3,0.0,102.60494596016443
2015-03-30,0,3,3,0.0,103.68085033504696
2015-03-31,0,3,3,0.0,103.21682403018848
2015-04-01,0,3,3,0.0,103.86219982280691
2015-04-06,0,3,3,0.0,104.76527170063015
2015-04-07,0,3,3,0.0,105.13808066441842
2015-04-08,0,3,3,0.0,105.43697345350975
2015-04-09,0,3,3,0.0,106.66370667123486
2015-04-10,0,3,3,0.0,107.84172863721872
2015-04-13,0,3,3,0.0,109.8984154387332
2015-04-15,0,3,3,0.0,112.05296221079173
2015-04-16,0,3,3,0.0,114.1947503296451
2015-04-17,0,3,3,0.0,115.14372493390164
2015-04-20,0,3,3,0.0,110.97709079118118
2015-04-21,0,3,3,0.0,109.45411018474623
2015-04-22,0,3,3,0.0,107.09488768705415
2015-04-23,0,3,3,0.0,107.02026816984454
2015-04-24,0,3,3,0.0,107.82492865358519
2015-04-27,0,3,3,0.0,106.60095328512472
2015-04-28,0,3,3,0.0,106.09850331611285
2015-04-29,0,3,3,0.0,105.02719001343199
2015-04-30,0,3,3,0.0,104.83124898393186
2015-05-04,0,3,3,0.0,111.0713765181691
2015-05-05,0,3,3,0.0,112.42677031967017
2015-05-06,0,3,3,0.0,109.1630755433798
2015-05-07,0,3,3,0.0,107.58491036707247
2015-05-08,0,3,3,0.0,108.89847423105603
2015-05-11,0,3,3,0.0,110.61182556901588
2015-05-12,0,3,3,0.0,108.01567427582998
2015-05-13,0,3,3,0.0,108.47130929640221
2015-05-14,0,3,3,0.0,109.71428021888214
2015-05-15,0,3,3,0.0,110.46561624476287
2015-05-18,0,3,3,0.0,111.81057596320738
2015-05-19,0,3,3,0.0,111.22143950916488
2015-05-20,0,3,3,0.0,110.81129111976831
2015-05-21,0,3,3,0.0,110.00375079327631
2015-05-22,0,3,3,0.0,110.86425172740736
2015-05-25,0,3,3,0.0,111.32200403763137
2015-05-26,0,3,3,0.0,109.86626123233394
2015-05-27,0,3,3,0.0,110.75128900876182
2015-05-28,0,3,3,0.0,110.06672178154417
2015-05-29,0,3,3,0.0,109.47970757696514
2015-06-01,0,3,3,0.0,111.31488541815892
2015-06-02,0,3,3,0.0,110.22097245146018
2015-06-03,0,3,3,0.0,108.47519867459813
2015-06-04,1,2,3,33.33333333333333,108.14984268841931
2015-06-05,0,3,3,0.0,108.82740360690013
2015-06-08,0,3,3,0.0,107.39725678738006
2015-06-09,0,3,3,0.0,106.62552420339114
2015-06-10,0,3,3,0.0,108.39798498930335
2015-06-11,0,3,3,0.0,106.49489820571469
2015-06-12,0,3,3,0.0,107.11263615781502
2015-06-15,0,3,3,0.0,107.78799753769006
2015-06-16,0,3,3,0.0,107.91937695840265
2015-06-17,1,2,3,33.33333333333333,108.93657219109032
2015-06-18,1,2,3,33.33333333333333,111.79156749026052
2015-06-19,1,2,3,33.33333333333333,113.63154093228036
2015-06-22,1,2,3,33.33333333333333,113.31421577210953
2015-06-23,1,2,3,33.33333333333333,113.71988781588082
2015-06-24,1,2,3,33.33333333333333,113.2766915832995
2015-06-25,1,2,3,33.33333333333333,113.06469686697022
2015-06-26,1,2,3,33.33333333333333,112.49285887900693
2015-06-29,1,2,3,33.33333333333333,110.39004942894064
2015-06-30,1,2,3,33.33333333333333,110.65548827170876
2015-07-01,1,2,3,33.33333333333333,111.57473043894382
2015-07-02,1,2,3,33.33333333333333,111.71061295545715
2015-07-03,1,2,3,33.33333333333333,111.36527202549522
2015-07-06,1,2,3,33.33333333333333,111.32529056773794
2015-07-07,1,2,3,33.33333333333333,110.14040884321585
2015-07-08,1,2,3,33.33333333333333,108.31389682891432
2015-07-09,1,2,3,33.33333333333333,106.8268230727049
2015-07-10,1,2,3,33.33333333333333,108.21751324932556
2015-07-13,1,2,3,33.33333333333333,108.09423881805893
2015-07-14,1,2,3,33.33333333333333,107.51427175048059
2015-07-15,1,2,3,33.33333333333333,108.57993309286951
2015-07-16,1,2,3,33.33333333333333,109.22584097523462
2015-07-17,1,2,3,33.33333333333333,109.13274610865086
2015-07-20,1,2,3,33.33333333333333,108.84819242143928
2015-07-21,1,2,3,33.33333333333333,106.90962653170635
2015-07-22,1,2,3,33.33333333333333,108.62474989951498
2015-07-23,1,2,3,33.33333333333333,108.79487866471935
2015-07-24,1,2,3,33.33333333333333,108.29686530310359
2015-07-27,1,2,3,33.33333333333333,105.4990072335485
2015-07-28,1,2,3,33.33333333333333,104.78218641436905
2015-07-29,1,2,3,33.33333333333333,103.64641172812894
2015-07-30,1,2,3,33.33333333333333,103.99908611855773
2015-07-31,1,2,3,33.33333333333333,105.09235432257998
2015-08-03,1,2,3,33.33333333333333,106.0091472513317
2015-08-04,1,2,3,33.33333333333333,104.42919517019926
2015-08-05,1,2,3,33.33333333333333,105.61684759965281
2015-08-06,1,2,3,33.33333333333333,105.97544278393174
2015-08-07,1,2,3,33.33333333333333,107.7178931644136
2015-08-10,1,2,3,33.33333333333333,106.19564256468597
2015-08-11,1,2,3,33.33333333333333,105.06644151659891
2015-08-12,1,2,3,33.33333333333333,104.02578800597225
2015-08-13,1,2,3,33.33333333333333,103.70683138891495
2015-08-14,1,2,3,33.33333333333333,105.36864513020421
2015-08-17,1,2,3,33.33333333333333,104.42234077453172
2015-08-18,1,2,3,33.33333333333333,103.79656961057968
2015-08-19,1,2,3,33.33333333333333,104.15859031512727
2015-08-20,1,2,3,33.33333333333333,102.00563710738058
2015-08-21,0,3,3,0.0,101.43829712532425
2015-08-24,0,3,3,0.0,92.7838681965613
2015-08-25,0,3,3,0.0,94.90210197050115
2015-08-26,0,3,3,0.0,94.75582666926633
2015-08-27,0,3,3,0.0,96.4838606203276
2015-08-28,0,3,3,0.0,99.40895333587147
2015-08-31,0,3,3,0.0,96.87042312376859
2015-09-01,0,3,3,0.0,95.77518148519407
2015-09-02,0,3,3,0.0,95.13129952885983
2015-09-03,0,3,3,0.0,96.03607154190608
2015-09-04,0,3,3,0.0,93.30834260424596
2015-09-07,0,3,3,0.0,93.12837977477801
2015-09-08,0,3,3,0.0,94.38868257484677
2015-09-09,0,3,3,0.0,95.54901113418232
2015-09-10,0,3,3,0.0,95.32581259858325
2015-09-11,0,3,3,0.0,95.33218478736887
2015-09-14,0,3,3,0.0,95.78816866788927
2015-09-15,0,3,3,0.0,95.98778382834982
2015-09-16,0,3,3,0.0,96.59863323281664
2015-09-18,0,3,3,0.0,98.15801647187412
2015-09-21,0,3,3,0.0,97.4577991378968
2015-09-22,0,3,3,0.0,95.6869500845731
2015-09-23,0,3,3,0.0,95.60218726856947
2015-09-24,0,3,3,0.0,94.23855194923291
2015-09-28,0,3,3,0.0,93.03515403811208
2015-09-29,0,3,3,0.0,93.84545747105247
2015-09-30,0,3,3,0.0,94.77295528729243
2015-10-01,0,3,3,0.0,95.86361741726417
2015-10-05,0,3,3,0.0,98.54201985564937
2015-10-06,0,3,3,0.0,100.16242220655782
2015-10-07,1,2,3,33.33333333333333,102.94733490445962
2015-10-08,0,3,3,0.0,102.60545828989571
2015-10-09,0,3,3,0.0,102.70725602572021
2015-10-12,0,3,3,0.0,102.27257652001431
2015-10-13,0,3,3,0.0,101.2661801189445
2015-10-14,1,2,3,33.33333333333333,101.35992312797461
2015-10-15,1,2,3,33.33333333333333,101.92192626711498
2015-10-16,1,2,3,33.33333333333333,102.83231848963803
2015-10-19,1,2,3,33.33333333333333,103.95079794872579
2015-10-20,1,2,3,33.33333333333333,102.75392992141725
2015-10-21,1,2,3,33.33333333333333,102.46048827746196
2015-10-23,1,2,3,33.33333333333333,102.95546665382125
2015-10-26,1,2,3,33.33333333333333,100.99311736498504
2015-10-27,1,2,3,33.33333333333333,99.02661635962016
2015-10-28,1,2,3,33.33333333333333,98.868235538721
2015-10-29,1,2,3,33.33333333333333,99.07131416149032
2015-10-30,1,2,3,33.33333333333333,99.01828223045008
2015-11-02,1,2,3,33.33333333333333,99.17864534424828
2015-11-03,1,2,3,33.33333333333333,100.04722372055907
2015-11-04,1,2,3,33.33333333333333,99.71824210409824
2015-11-05,1,2,3,33.33333333333333,99.04218434112222
2015-11-06,1,2,3,33.33333333333333,99.48021118787005
2015-11-09,1,2,3,33.33333333333333,99.24500605214794
2015-11-10,1,2,3,33.33333333333333,96.16609643954106
2015-11-11,1,2,3,33.33333333333333,96.58511940835469
2015-11-13,1,2,3,33.33333333333333,93.67893389911387
2015-11-16,1,2,3,33.33333333333333,92.96080419787323
2015-11-17,1,2,3,33.33333333333333,93.47669666277886
2015-11-18,1,2,3,33.33333333333333,92.82511334432381
2015-11-19,1,2,3,33.33333333333333,93.79503777095832
2015-11-20,1,2,3,33.33333333333333,94.32772861870293
2015-11-23,1,2,3,33.33333333333333,94.84332204556843
2015-11-24,1,2,3,33.33333333333333,95.54985119119172
2015-11-26,1,2,3,33.33333333333333,97.33122476077352
2015-11-27,1,2,3,33.33333333333333,96.93865148322594
2015-11-30,1,2,3,33.33333333333333,96.23752424568453
2015-12-01,1,2,3,33.33333333333333,97.35559997889696
2015-12-02,1,2,3,33.33333333333333,97.57488584471483
2015-12-03,1,2,3,33.33333333333333,96.7717779773129
2015-12-04,1,2,3,33.33333333333333,96.7005095139119
2015-12-07,1,2,3,33.33333333333333,95.1803102829688
2015-12-08,1,2,3,33.33333333333333,92.59659706825434
2015-12-09,1,2,3,33.33333333333333,91.88713889163338
2015-12-10,1,2,3,33.33333333333333,92.89896357880285
2015-12-11,1,2,3,33.33333333333333,92.94341102509058
2015-12-14,1,2,3,33.33333333333333,92.2230493688694
2015-12-15,1,2,3,33.33333333333333,93.13755017328516
2015-12-16,1,2,3,33.33333333333333,95.6154791008501
2015-12-17,1,2,3,33.33333333333333,96.40466099758372
2015-12-18,1,2,3,33.33333333333333,95.48861185174248
2015-12-21,1,2,3,33.33333333333333,96.59791182606017
2015-12-22,1,2,3,33.33333333333333,96.28057279809224
2015-12-23,1,2,3,33.33333333333333,97.72318637158325
2015-12-24,1,2,3,33.33333333333333,98.34311150159822
2015-12-28,1,2,3,33.33333333333333,100.58368434698835
2015-12-29,1,2,3,33.33333333333333,99.95700417772507
2015-12-30,1,2,3,33.33333333333333,99.78208725046215
2015-12-31,1,2,3,33.33333333333333,99.53493317194197
2016-01-01,1,2,3,33.33333333333333,100.18647983497975
2016-01-04,1,2,3,33.33333333333333,99.7640084404146
2016-01-05,1,2,3,33.33333333333333,100.90319781577367
2016-01-06,1,2,3,33.33333333333333,100.99714256503303
2016-01-07,1,2,3,33.33333333333333,97.87138235019998
2016-01-08,1,2,3,33.33333333333333,99.24271491709428
2016-01-11,1,2,3,33.33333333333333,97.9297256543117
2016-01-12,1,2,3,33.33333333333333,96.97756564459341
2016-01-13,1,2,3,33.33333333333333,97.21709031641511
2016-01-14,1,2,3,33.33333333333333,96.34266549046129
2016-01-15,1,2,3,33.33333333333333,95.88833649004657
2016-01-18,1,2,3,33.33333333333333,92.73824735461656
2016-01-19,1,2,3,33.33333333333333,94.44894574027899
2016-01-20,1,2,3,33.33333333333333,92.28937563720689
2016-01-21,1,2,3,33.33333333333333,90.24413815258757
2016-01-22,1,2,3,33.33333333333333,93.0811262904254
2016-01-25,1,2,3,33.33333333333333,93.74766476580272
2016-01-27,1,2,3,33.33333333333333,93.51695126799248
2016-01-28,1,2,3,33.33333333333333,94.38626423075362
2016-01-29,1,2,3,33.33333333333333,96.16529831111283
2016-02-01,1,2,3,33.33333333333333,96.2477091508171
2016-02-02,1,2,3,33.33333333333333,93.3488412597817
2016-02-03,1,2,3,33.33333333333333,91.56031555184781
2016-02-04,1,2,3,33.33333333333333,92.44440616411967
2016-02-05,1,2,3,33.33333333333333,92.36480932629269
2016-02-08,1,2,3,33.33333333333333,90.71719785517016
2016-02-09,1,2,3,33.33333333333333,91.47733172959752
2016-02-10,1,2,3,33.33333333333333,90.32145627014229
2016-02-11,0,3,3,0.0,87.22552169806987
2016-02-12,0,3,3,0.0,84.2637406081584
2016-02-15,1,2,3,33.33333333333333,87.18615194110559
2016-02-16,0,3,3,0.0,86.22595490896079
2016-02-17,1,2,3,33.33333333333333,86.70732169567306
2016-02-18,0,3,3,0.0,88.30454672881795
2016-02-19,0,3,3,0.0,88.55783292936025
2016-02-22,1,2,3,33.33333333333333,89.46314290898889
2016-02-23,1,2,3,33.33333333333333,89.01052645578038
2016-02-24,1,2,3,33.33333333333333,88.2877899802347
2016-02-25,0,3,3,0.0,88.93091076975861
2016-02-26,1,2,3,33.33333333333333,89.2023431783058
2016-02-29,1,2,3,33.33333333333333,85.79167626637023
2016-03-01,1,2,3,33.33333333333333,85.1207292636161
2016-03-02,1,2,3,33.33333333333333,86.7007014097935
2016-03-03,1,2,3,33.33333333333333,87.56443749897657
2016-03-04,1,2,3,33.33333333333333,87.92024050793005
2016-03-08,1,2,3,33.33333333333333,88.90618513927035
2016-03-09,1,2,3,33.33333333333333,89.68199910187009
2016-03-10,1,2,3,33.33333333333333,88.87358244260612
2016-03-11,1,2,3,33.33333333333333,88.99208222937122
2016-03-14,1,2,3,33.33333333333333,89.51054224505613
2016-03-15,1,2,3,33.33333333333333,89.23742802034491
2016-03-16,1,2,3,33.33333333333333,88.78892637993398
2016-03-17,1,2,3,33.33333333333333,90.0349938294587
2016-03-18,1,2,3,33.33333333333333,91.39389481599181
2016-03-21,1,2,3,33.33333333333333,92.40251471565745
2016-03-22,1,2,3,33.33333333333333,92.61334539347757
2016-03-23,1,2,3,33.33333333333333,91.82042746375126
2016-03-28,1,2,3,33.33333333333333,91.26815482961908
2016-03-29,1,2,3,33.33333333333333,91.2575705013591
2016-03-30,1,2,3,33.33333333333333,92.63253429703062
2016-03-31,1,2,3,33.33333333333333,91.83371214914787
2016-04-01,1,2,3,33.33333333333333,91.08383501440886
2016-04-04,1,2,3,33.33333333333333,90.73455204014184
2016-04-05,1,2,3,33.33333333333333,90.13434861068941
2016-04-06,1,2,3,33.33333333333333,90.8998931800467
2016-04-07,1,2,3,33.33333333333333,91.18325593608381
2016-04-08,1,2,3,33.33333333333333,90.83679166651083
2016-04-11,1,2,3,33.33333333333333,91.19859209344119
2016-04-12,1,2,3,33.33333333333333,92.0078494572356
2016-04-13,1,2,3,33.33333333333333,92.99845455998343
2016-04-18,1,2,3,33.33333333333333,91.51664736325196
2016-04-20,1,2,3,33.33333333333333,91.11204141861414
2016-04-21,1,2,3,33.33333333333333,91.97818102433698
2016-04-22,1,2,3,33.33333333333333,92.36208360361046
2016-04-25,1,2,3,33.33333333333333,91.07017289117982
2016-04-26,1,2,3,33.33333333333333,91.63623323528897
2016-04-27,1,2,3,33.33333333333333,93.64089314738914
2016-04-28,1,2,3,33.33333333333333,92.52528092894914
2016-04-29,1,2,3,33.33333333333333,92.26549906871948
2016-05-02,1,2,3,33.33333333333333,92.77031498758794
2016-05-03,1,2,3,33.33333333333333,92.28514758749603
2016-05-04,1,2,3,33.33333333333333,90.8549719883193
2016-05-05,1,2,3,33.33333333333333,90.00740820000765
2016-05-06,1,2,3,33.33333333333333,90.28926293388128
2016-05-09,1,2,3,33.33333333333333,91.49040089008012
2016-05-10,1,2,3,33.33333333333333,90.42559698656953
2016-05-11,1,2,3,33.33333333333333,89.88670426206556
2016-05-12,1,2,3,33.33333333333333,90.38208828467185
2016-05-13,1,2,3,33.33333333333333,89.90352968472422
2016-05-16,1,2,3,33.33333333333333,89.76274494624346
2016-05-17,1,2,3,33.33333333333333,91.7323988313574
2016-05-18,1,2,3,33.33333333333333,92.69885504250368
2016-05-19,0,3,3,0.0,91.1188136494458
2016-05-20,0,3,3,0.0,90.85222738520467
2016-05-23,0,3,3,0.0,90.04833739854942
2016-05-24,0,3,3,0.0,90.3505301788202
2016-05-25,0,3,3,0.0,91.29744196920662
2016-05-26,0,3,3,0.0,92.46118279825413
2016-05-27,1,2,3,33.33333333333333,93.0212613190283
2016-05-30,1,2,3,33.33333333333333,92.98037024972865
2016-05-31,1,2,3,33.33333333333333,92.27220632395048
2016-06-01,0,3,3,0.0,92.32765318748604
2016-06-02,1,2,3,33.33333333333333,92.75349703030219
2016-06-03,1,2,3,33.33333333333333,92.59389233234796
2016-06-06,0,3,3,0.0,92.1047419942775
2016-06-07,0,3,3,0.0,92.68095474323246
2016-06-08,0,3,3,0.0,92.99499324847658
2016-06-09,1,2,3,33.33333333333333,94.90151510301432
2016-06-10,1,2,3,33.33333333333333,94.66930921334557
2016-06-13,1,2,3,33.33333333333333,93.39473168907475
2016-06-14,1,2,3,33.33333333333333,93.17514500871968
2016-06-15,1,2,3,33.33333333333333,93.53664848367923
2016-06-16,1,2,3,33.33333333333333,93.16038449644381
2016-06-17,1,2,3,33.33333333333333,92.82194265198761
2016-06-20,1,2,3,33.33333333333333,93.97931789155123
2016-06-21,1,2,3,33.33333333333333,94.82783379568858
2016-06-22,1,2,3,33.33333333333333,94.82573179194105
2016-06-23,1,2,3,33.33333333333333,94.96506113686875
2016-06-24,0,3,3,0.0,91.74115144794102
2016-06-27,0,3,3,0.0,92.00323347535185
2016-06-28,0,3,3,0.0,92.03611789766606
2016-06-29,1,2,3,33.33333333333333,93.31315596929586
2016-06-30,1,2,3,33.33333333333333,93.66311558670397
2016-07-01,3,0,3,100.0,96.06353889289187
2016-07-04,3,0,3,100.0,98.2998404263451
2016-07-05,3,0,3,100.0,98.47830175239649
2016-07-07,3,0,3,100.0,97.19423680827445
2016-07-08,3,0,3,100.0,95.73361681331058
2016-07-11,3,0,3,100.0,96.76382521433935
2016-07-12,3,0,3,100.0,97.63116214982065
2016-07-13,3,0,3,100.0,99.23592754280578
2016-07-14,3,0,3,100.0,98.33398187464246
2016-07-15,3,0,3,100.0,99.05869591894404
2016-07-18,2,1,3,66.66666666666666,96.15776897469236
2016-07-19,2,1,3,66.66666666666666,97.50060151190353
2016-07-20,3,0,3,100.0,98.34363157042313
2016-07-21,3,0,3,100.0,97.81331826651922
2016-07-22,3,0,3,100.0,98.07978481085394
2016-07-25,3,0,3,100.0,98.97359774599762
2016-07-26,3,0,3,100.0,98.43917609047676
2016-07-27,3,0,3,100.0,97.97147434259901
2016-07-28,3,0,3,100.0,97.8886101138122
2016-07-29,2,1,3,66.66666666666666,97.18612613652789
2016-08-01,2,1,3,66.66666666666666,96.92789500678059
2016-08-02,3,0,3,100.0,97.45178765734201
2016-08-03,2,1,3,66.66666666666666,96.15138168158943
2016-08-04,2,1,3,66.66666666666666,96.41303795719516
2016-08-05,3,0,3,100.0,98.65081232450648
2016-08-08,3,0,3,100.0,99.00120503663061
2016-08-09,3,0,3,100.0,99.25031376644785
2016-08-10,3,0,3,100.0,97.73011286118347
2016-08-11,3,0,3,100.0,98.56910013571975
2016-08-12,3,0,3,100.0,99.85846332928085
2016-08-16,3,0,3,100.0,99.72714648203281
2016-08-17,3,0,3,100.0,99.82203767078
2016-08-18,3,0,3,100.0,100.88398132307941
2016-08-19,3,0,3,100.0,100.85517262581453
2016-08-22,3,0,3,100.0,100.34243067974083
2016-08-23,3,0,3,100.0,99.97551068899965
2016-08-24,3,0,3,100.0,101.97473381471147
2016-08-25,3,0,3,100.0,101.03920359674142
2016-08-26,3,0,3,100.0,101.7130722915596
2016-08-29,3,0,3,100.0,102.49165280471895
2016-08-30,3,0,3,100.0,103.54763726731623
2016-08-31,3,0,3,100.0,102.91742827408743
2016-09-01,3,0,3,100.0,101.95079177718773
2016-09-02,3,0,3,100.0,101.8644492179046
2016-09-06,3,0,3,100.0,102.20949704928644
2016-09-07,3,0,3,100.0,103.78244426625676
2016-09-08,3,0,3,100.0,104.5784195873966
2016-09-09,3,0,3,100.0,106.52150126237207
2016-09-12,3,0,3,100.0,105.62551739937976
2016-09-14,3,0,3,100.0,105.24500969928681
2016-09-15,3,0,3,100.0,106.25616522001368
2016-09-16,3,0,3,100.0,107.88019197256364
2016-09-19,3,0,3,100.0,108.51964063847139
2016-09-20,3,0,3,100.0,109.05522564419472
2016-09-21,3,0,3,100.0,108.62830889277988
2016-09-22,3,0,3,100.0,109.97313211079019
2016-09-23,3,0,3,100.0,110.31285234212224
2016-09-26,3,0,3,100.0,108.90259955656147
2016-09-27,3,0,3,100.0,109.0435766622476
2016-09-28,3,0,3,100.0,108.55858980597357
2016-09-29,3,0,3,100.0,107.38833052475046
2016-09-30,3,0,3,100.0,108.83769722417557
2016-10-03,3,0,3,100.0,110.91838594727254
2016-10-04,3,0,3,100.0,113.01276055322138
2016-10-05,3,0,3,100.0,111.42435079976534
2016-10-06,3,0,3,100.0,112.63786192342266
2016-10-07,3,0,3,100.0,112.62202680344669
2016-10-10,3,0,3,100.0,111.88908900231682
2016-10-13,3,0,3,100.0,111.56023506716501
2016-10-14,3,0,3,100.0,113.15004619893483
2016-10-17,3,0,3,100.0,112.42074569205087
2016-10-18,3,0,3,100.0,112.46475825690526
2016-10-19,3,0,3,100.0,113.33915650273015
2016-10-20,3,0,3,100.0,113.76238603945446
2016-10-21,3,0,3,100.0,112.75303039488361
2016-10-24,3,0,3,100.0,114.66552695903995
2016-10-25,3,0,3,100.0,113.89151744046775
2016-10-26,3,0,3,100.0,113.55574017673152
2016-10-27,3,0,3,100.0,113.49629355020423
2016-10-28,3,0,3,100.0,113.54464226942471
2016-10-30,3,0,3,100.0,113.83179706963237
2016-11-01,3,0,3,100.0,113.88166583723829
2016-11-02,3,0,3,100.0,110.62227499617691
2016-11-03,3,0,3,100.0,109.7601411448711
2016-11-04,2,1,3,66.66666666666666,108.85859137887424
2016-11-07,2,1,3,66.66666666666666,108.8362780695978
2016-11-08,2,1,3,66.66666666666666,109.56555035186253
2016-11-09,2,1,3,66.66666666666666,108.95828447640301
2016-11-10,3,0,3,100.0,110.66858015414705
2016-11-11,2,1,3,66.66666666666666,109.70225273954833
2016-11-15,2,1,3,66.66666666666666,109.15961543327381
2016-11-16,2,1,3,66.66666666666666,109.25138599630762
2016-11-17,2,1,3,66.66666666666666,109.00466656016867
2016-11-18,2,1,3,66.66666666666666,110.39334002860754
2016-11-21,2,1,3,66.66666666666666,110.55517507140686
2016-11-22,2,1,3,66.66666666666666,111.93151596103299
2016-11-23,3,0,3,100.0,112.5996005243733
2016-11-24,2,1,3,66.66666666666666,112.50638693494632
2016-11-25,2,1,3,66.66666666666666,112.56123453522954
2016-11-28,2,1,3,66.66666666666666,112.44217382863123
2016-11-29,2,1,3,66.66666666666666,111.80786696288357
2016-11-30,2,1,3,66.66666666666666,112.44928688829697
2016-12-01,2,1,3,66.66666666666666,113.94905332424929
2016-12-02,2,1,3,66.66666666666666,113.57589177920417
2016-12-05,2,1,3,66.66666666666666,114.98195397123538
2016-12-06,2,1,3,66.66666666666666,115.87186482665402
2016-12-07,2,1,3,66.66666666666666,115.41281970440554
2016-12-08,3,0,3,100.0,117.38151904803549
2016-12-09,3,0,3,100.0,118.33417809864545
2016-12-12,3,0,3,100.0,118.94067960661287
2016-12-13,3,0,3,100.0,119.55065603610299
2016-12-14,3,0,3,100.0,119.69666070027058
2016-12-15,3,0,3,100.0,119.3788745023597
2016-12-16,3,0,3,100.0,118.65825056401953
2016-12-19,3,0,3,100.0,118.918310256454
2016-12-20,3,0,3,100.0,118.0715297426967
2016-12-21,3,0,3,100.0,118.82503029796807
2016-12-22,3,0,3,100.0,117.06432687311785
2016-12-23,3,0,3,100.0,116.66904707463004
2016-12-26,3,0,3,100.0,114.91442630844291
2016-12-27,3,0,3,100.0,116.32052516139417
2016-12-28,3,0,3,100.0,115.7772220593277
2016-12-29,3,0,3,100.0,117.32870711219923
2016-12-30,3,0,3,100.0,118.59990194967878
2017-01-02,3,0,3,100.0,119.15989911945634
2017-01-03,3,0,3,100.0,119.64815082639714
2017-01-04,3,0,3,100.0,119.1404632220211
2017-01-05,3,0,3,100.0,121.43717338810556
2017-01-06,3,0,3,100.0,122.62198006437417
2017-01-09,3,0,3,100.0,122.07936755621319
2017-01-10,3,0,3,100.0,122.983738690096
2017-01-11,3,0,3,100.0,122.89649574889768
2017-01-12,3,0,3,100.0,121.28892104277587
2017-01-13,3,0,3,100.0,121.75694676170976
2017-01-16,3,0,3,100.0,120.34778078029692
2017-01-17,3,0,3,100.0,118.16154816277728
2017-01-18,3,0,3,100.0,117.85135140109605
2017-01-19,3,0,3,100.0,118.12763940307396
2017-01-20,3,0,3,100.0,116.50489119366377
2017-01-23,2,1,3,66.66666666666666,117.6418721702294
2017-01-24,3,0,3,100.0,118.50278025819891
2017-01-25,2,1,3,66.66666666666666,118.80583911677309
2017-01-27,3,0,3,100.0,119.15530162041517
2017-01-30,3,0,3,100.0,119.11664869245386
2017-01-31,3,0,3,100.0,118.48440438854813
2017-02-01,3,0,3,100.0,118.37404742308601
2017-02-02,3,0,3,100.0,119.361235838063
2017-02-03,3,0,3,100.0,119.52576054466704
2017-02-06,3,0,3,100.0,119.78842499747695
2017-02-07,3,0,3,100.0,117.24070072152517
2017-02-08,3,0,3,100.0,117.4433065537578
2017-02-09,3,0,3,100.0,118.2855371916087
2017-02-10,3,0,3,100.0,118.48846623787794
2017-02-13,3,0,3,100.0,118.0327656789375
2017-02-14,3,0,3,100.0,119.76547252842667
2017-02-15,3,0,3,100.0,119.59843009869692
2017-02-16,3,0,3,100.0,119.83743172716758
2017-02-17,3,0,3,100.0,120.04931837291532
2017-02-20,3,0,3,100.0,119.48070613449195
2017-02-21,3,0,3,100.0,120.25803873755127
2017-02-22,3,0,3,100.0,124.33052533171261
2017-02-23,3,0,3,100.0,123.61658623577803
2017-02-27,3,0,3,100.0,125.46334741448742
2017-02-28,3,0,3,100.0,125.04746770096045
2017-03-01,3,0,3,100.0,125.76350514778731
2017-03-02,3,0,3,100.0,125.31438655462782
2017-03-03,3,0,3,100.0,126.46734308333416
2017-03-06,3,0,3,100.0,128.79253718566338
2017-03-07,3,0,3,100.0,128.93662085330791
2017-03-08,3,0,3,100.0,126.7025710388564
2017-03-09,3,0,3,100.0,125.45374400065919
2017-03-10,3,0,3,100.0,127.04696108477054
2017-03-14,3,0,3,100.0,127.47396748215958
2017-03-15,3,0,3,100.0,127.38777626862338
2017-03-16,3,0,3,100.0,128.02074882654108
2017-03-17,3,0,3,100.0,127.28434549867873
2017-03-20,3,0,3,100.0,126.82503120779592
2017-03-21,3,0,3,100.0,126.77658901847326
2017-03-22,3,0,3,100.0,125.8126282383146
2017-03-23,3,0,3,100.0,127.09840724095768
2017-03-24,3,0,3,100.0,127.11035127515227
2017-03-27,3,0,3,100.0,125.325016536424
2017-03-28,3,0,3,100.0,124.41571734952024
2017-03-29,3,0,3,100.0,124.802210547979
2017-03-30,3,0,3,100.0,124.29791013208131
2017-03-31,3,0,3,100.0,126.82712047530049
2017-04-03,3,0,3,100.0,128.28693907524993
2017-04-05,3,0,3,100.0,129.91758056356815
2017-04-06,3,0,3,100.0,131.10192262194263
2017-04-07,3,0,3,100.0,130.04167510523448
2017-04-10,3,0,3,100.0,129.65689474898167
2017-04-11,3,0,3,100.0,129.6039123459023
2017-04-12,3,0,3,100.0,128.30055619106867
2017-04-13,3,0,3,100.0,128.36029166990483
2017-04-17,3,0,3,100.0,128.52716443488993
2017-04-18,3,0,3,100.0,127.4027812686408
2017-04-19,3,0,3,100.0,126.94815425573513
2017-04-20,3,0,3,100.0,125.86997395542137
2017-04-21,3,0,3,100.0,127.15527219450775
2017-04-24,3,0,3,100.0,127.77671497035558
2017-04-25,3,0,3,100.0,128.76445530004807
2017-04-26,3,0,3,100.0,127.68151783864994
2017-04-27,3,0,3,100.0,126.90953670352891
2017-04-28,3,0,3,100.0,128.77692238791977
2017-05-02,3,0,3,100.0,129.76482618676965
2017-05-03,3,0,3,100.0,129.4387061275124
2017-05-04,3,0,3,100.0,128.69663580454176
2017-05-05,3,0,3,100.0,125.44706171182942
2017-05-08,3,0,3,100.0,125.9736214403546
2017-05-09,3,0,3,100.0,126.47974953897932
2017-05-10,3,0,3,100.0,127.69342996578472
2017-05-11,3,0,3,100.0,125.73267424744947
2017-05-12,3,0,3,100.0,125.95552964443266
2017-05-15,3,0,3,100.0,126.39378961962741
2017-05-16,3,0,3,100.0,126.76376013098893
2017-05-17,3,0,3,100.0,126.18213269897107
2017-05-18,2,1,3,66.66666666666666,124.15411649405368
2017-05-19,2,1,3,66.66666666666666,123.56423648513235
2017-05-22,2,1,3,66.66666666666666,122.8059627131817
2017-05-23,1,2,3,33.33333333333333,121.17795112929102
2017-05-24,1,2,3,33.33333333333333,119.91582452115918
2017-05-25,1,2,3,33.33333333333333,120.50037437044028
2017-05-26,1,2,3,33.33333333333333,122.36270360750024
2017-05-29,1,2,3,33.33333333333333,122.48730027648189
2017-05-30,2,1,3,66.66666666666666,124.33965371497524
2017-05-31,1,2,3,33.33333333333333,122.30928979437941
2017-06-01,1,2,3,33.33333333333333,120.73471567280679
2017-06-02,1,2,3,33.33333333333333,120.28333388381294
2017-06-05,1,2,3,33.33333333333333,121.01265875626719
2017-06-06,1,2,3,33.33333333333333,118.81516868814879
2017-06-07,1,2,3,33.33333333333333,120.13822646650134
2017-06-08,1,2,3,33.33333333333333,118.62127108648299
2017-06-09,1,2,3,33.33333333333333,117.99424709480672
2017-06-12,1,2,3,33.33333333333333,117.31901574882042
2017-06-13,1,2,3,33.33333333333333,118.09222592829016
2017-06-14,1,2,3,33.33333333333333,119.41087325730102
2017-06-15,1,2,3,33.33333333333333,120.33809768599349
2017-06-16,1,2,3,33.33333333333333,119.80878390452239
2017-06-19,1,2,3,33.33333333333333,119.77454851132497
2017-06-20,1,2,3,33.33333333333333,121.05414776452807
2017-06-21,1,2,3,33.33333333333333,119.1483257105326
2017-06-22,1,2,3,33.33333333333333,117.68390205405275
2017-06-23,1,2,3,33.33333333333333,116.31905631815751
2017-06-27,1,2,3,33.33333333333333,115.89911581730712
2017-06-28,1,2,3,33.33333333333333,113.83830163882618
2017-06-29,1,2,3,33.33333333333333,113.69258815452629
2017-06-30,1,2,3,33.33333333333333,112.40771179514905
2017-07-03,1,2,3,33.33333333333333,112.99488872730188
2017-07-04,1,2,3,33.33333333333333,114.77686421582366
2017-07-05,1,2,3,33.33333333333333,116.45553593157703
2017-07-06,1,2,3,33.33333333333333,115.9868230372856
2017-07-07,1,2,3,33.33333333333333,116.53228367305455
2017-07-10,1,2,3,33.33333333333333,117.55275958619879
2017-07-11,1,2,3,33.33333333333333,116.80044368955717
2017-07-12,1,2,3,33.33333333333333,118.2301874123954
2017-07-13,1,2,3,33.33333333333333,117.8152380599242
2017-07-14,1,2,3,33.33333333333333,118.48933879350625
2017-07-17,1,2,3,33.33333333333333,120.10992922660813
2017-07-18,1,2,3,33.33333333333333,120.17511613964164
2017-07-19,1,2,3,33.33333333333333,121.69234281877517
2017-07-20,1,2,3,33.33333333333333,122.53762607404404
2017-07-21,1,2,3,33.33333333333333,123.25886190118649
2017-07-24,1,2,3,33.33333333333333,123.61524343374073
2017-07-25,1,2,3,33.33333333333333,123.11793347488332
2017-07-26,1,2,3,33.33333333333333,124.09985472888665
2017-07-27,1,2,3,33.33333333333333,122.66257612214544
2017-07-28,1,2,3,33.33333333333333,123.52096473367335
2017-07-31,1,2,3,33.33333333333333,126.05918079713989
2017-08-01,1,2,3,33.33333333333333,125.06399529482992
2017-08-02,1,2,3,33.33333333333333,124.63412459420444
2017-08-03,1,2,3,33.33333333333333,125.71378206476108
2017-08-04,1,2,3,33.33333333333333,125.03410847618835
2017-08-07,1,2,3,33.33333333333333,125.19972337473186
2017-08-08,1,2,3,33.33333333333333,123.65356290804243
2017-08-09,1,2,3,33.33333333333333,123.94057348457439
2017-08-10,1,2,3,33.33333333333333,123.05388352429043
2017-08-11,1,2,3,33.33333333333333,120.61625307762604
2017-08-14,1,2,3,33.33333333333333,121.98790700555939
2017-08-16,1,2,3,33.33333333333333,122.5489215741637
2017-08-17,1,2,3,33.33333333333333,121.95852974574639
2017-08-18,1,2,3,33.33333333333333,122.78175672750473
2017-08-21,1,2,3,33.33333333333333,119.57755529383165
2017-08-22,1,2,3,33.33333333333333,120.54704584090807
2017-08-23,1,2,3,33.33333333333333,121.56965104739739
2017-08-24,1,2,3,33.33333333333333,121.81621889066945
2017-08-28,1,2,3,33.33333333333333,122.74365118032244
2017-08-29,1,2,3,33.33333333333333,121.14796921376256
2017-08-30,1,2,3,33.33333333333333,122.68335752559034
2017-08-31,1,2,3,33.33333333333333,122.13765969427126
2017-09-01,1,2,3,33.33333333333333,124.7490746143902
2017-09-04,1,2,3,33.33333333333333,127.18040960463325
2017-09-05,1,2,3,33.33333333333333,127.99634745215715
2017-09-06,1,2,3,33.33333333333333,128.26199400132163
2017-09-07,1,2,3,33.33333333333333,127.53215408517843
2017-09-08,2,1,3,66.66666666666666,128.69386873136057
2017-09-11,2,1,3,66.66666666666666,131.22055782820644
2017-09-12,2,1,3,66.66666666666666,131.36522269338244
2017-09-13,2,1,3,66.66666666666666,131.31990798300106
2017-09-14,2,1,3,66.66666666666666,130.50305841391125
2017-09-15,2,1,3,66.66666666666666,133.0944304311969
2017-09-18,2,1,3,66.66666666666666,133.17494219658585
2017-09-19,2,1,3,66.66666666666666,133.6465647092267
2017-09-20,2,1,3,66.66666666666666,134.3343365945808
2017-09-21,2,1,3,66.66666666666666,133.7867659918927
2017-09-22,2,1,3,66.66666666666666,132.1818672331167
2017-09-25,2,1,3,66.66666666666666,133.00871025300393
2017-09-26,2,1,3,66.66666666666666,136.95286741042378
2017-09-27,2,1,3,66.66666666666666,135.62388768903637
2017-09-28,2,1,3,66.66666666666666,134.97386227895473
2017-09-29,2,1,3,66.66666666666666,135.19008002301584
2017-10-03,2,1,3,66.66666666666666,136.2581475017294
2017-10-04,2,1,3,66.66666666666666,137.25982034657142
2017-10-05,2,1,3,66.66666666666666,137.22529534969937
2017-10-06,2,1,3,66.66666666666666,138.68854282601012
2017-10-09,2,1,3,66.66666666666666,136.88333440777274
2017-10-10,2,1,3,66.66666666666666,138.4170744385343
2017-10-11,2,1,3,66.66666666666666,137.07436947804956
2017-10-12,2,1,3,66.66666666666666,139.15435399816647
2017-10-13,2,1,3,66.66666666666666,139.67133027209476
2017-10-16,2,1,3,66.66666666666666,140.11556691690848
2017-10-17,2,1,3,66.66666666666666,139.3851869750121
2017-10-18,2,1,3,66.66666666666666,142.15843991026003
2017-10-19,2,1,3,66.66666666666666,140.88180164967827
2017-10-23,2,1,3,66.66666666666666,142.21654148160735
2017-10-24,2,1,3,66.66666666666666,143.84478562321507
2017-10-25,3,0,3,100.0,143.62267534548593
2017-10-26,3,0,3,100.0,145.85285917724488
2017-10-27,3,0,3,100.0,146.80287332519023
2017-10-30,3,0,3,100.0,151.37878259060378
2017-10-31,3,0,3,100.0,151.69344670625233
2017-11-01,3,0,3,100.0,152.46704840127617
2017-11-02,3,0,3,100.0,149.98573698772805
2017-11-03,3,0,3,100.0,152.06654283177616
2017-11-06,3,0,3,100.0,154.50293554251488
2017-11-07,3,0,3,100.0,152.16928795197043
2017-11-08,3,0,3,100.0,149.3286138916229
2017-11-09,3,0,3,100.0,149.291742987983
2017-11-10,3,0,3,100.0,148.532783363673
2017-11-13,3,0,3,100.0,145.44295831763625
2017-11-14,3,0,3,100.0,144.83104206392903
2017-11-15,3,0,3,100.0,143.66600674675726
2017-11-16,3,0,3,100.0,144.95855131645817
2017-11-17,3,0,3,100.0,145.34963800412083
2017-11-20,3,0,3,100.0,146.37710124702784
2017-11-21,3,0,3,100.0,147.48302403521504
2017-11-22,3,0,3,100.0,148.5506370127358
2017-11-23,3,0,3,100.0,149.7294969770111
2017-11-24,3,0,3,100.0,150.46012370008134
2017-11-27,3,0,3,100.0,151.6108172625551
2017-11-28,3,0,3,100.0,150.72355050550712
2017-11-29,3,0,3,100.0,150.63189504769392
2017-11-30,3,0,3,100.0,147.8794969056635
2017-12-01,3,0,3,100.0,146.78308484642773
2017-12-04,3,0,3,100.0,146.9318733967254
2017-12-05,3,0,3,100.0,145.83736763138097
2017-12-06,3,0,3,100.0,144.93991897035087
2017-12-07,3,0,3,100.0,145.75421366627674
2017-12-08,3,0,3,100.0,147.64576553973598
2017-12-11,3,0,3,100.0,146.64969685170647
2017-12-12,3,0,3,100.0,147.3857971351236
2017-12-13,3,0,3,100.0,147.6963644824063
2017-12-14,3,0,3,100.0,147.82633735212187
2017-12-15,3,0,3,100.0,147.59478674877016
2017-12-18,3,0,3,100.0,147.19743624715574
2017-12-19,3,0,3,100.0,148.23264438967308
2017-12-20,3,0,3,100.0,148.60541366526033
2017-12-21,3,0,3,100.0,148.99728983307352
2017-12-22,3,0,3,100.0,150.89843336048128
2017-12-26,3,0,3,100.0,151.2799420076793
2017-12-27,3,0,3,100.0,151.1592857733691
2017-12-28,3,0,3,100.0,153.38965768949373
2017-12-29,3,0,3,100.0,153.19300732719088
2018-01-01,3,0,3,100.0,152.02026884769526
2018-01-02,3,0,3,100.0,153.46038341197607
2018-01-03,3,0,3,100.0,153.14397742104927
2018-01-04,3,0,3,100.0,155.67718502935054
2018-01-05,3,0,3,100.0,155.42759797751035
2018-01-08,3,0,3,100.0,155.34877023294803
2018-01-09,3,0,3,100.0,155.66263841601696
2018-01-10,3,0,3,100.0,156.81478004182543
2018-01-11,3,0,3,100.0,156.46429924702403
2018-01-12,3,0,3,100.0,158.0316478155805
2018-01-15,3,0,3,100.0,156.10856217427073
2018-01-16,3,0,3,100.0,154.85848095242983
2018-01-17,3,0,3,100.0,154.77067868892527
2018-01-18,3,0,3,100.0,153.51112581689154
2018-01-19,3,0,3,100.0,153.8673488072107
2018-01-22,3,0,3,100.0,157.54460668711928
2018-01-23,3,0,3,100.0,160.3929606785075
2018-01-24,3,0,3,100.0,160.93228974956284
2018-01-25,3,0,3,100.0,160.68446155998717
2018-01-29,3,0,3,100.0,157.60631115511873
2018-01-30,3,0,3,100.0,155.74513315284517
2018-01-31,3,0,3,100.0,155.92610894128
2018-02-01,3,0,3,100.0,152.64631031213557
2018-02-02,3,0,3,100.0,148.200989812413
2018-02-05,3,0,3,100.0,145.77477793753422
2018-02-06,3,0,3,100.0,146.21006437385728
2018-02-07,3,0,3,100.0,148.48038759680622
2018-02-08,3,0,3,100.0,149.54441322455943
2018-02-09,3,0,3,100.0,147.84803132294118
2018-02-12,3,0,3,100.0,150.56816254237518
2018-02-14,3,0,3,100.0,149.97493786578556
2018-02-15,3,0,3,100.0,151.15099713120432
2018-02-16,3,0,3,100.0,149.90623300667036
2018-02-19,3,0,3,100.0,149.614743278905
2018-02-20,3,0,3,100.0,150.05267093240704
2018-02-21,3,0,3,100.0,150.61778652011515
2018-02-22,3,0,3,100.0,148.85404382104534
2018-02-23,3,0,3,100.0,150.99173001663874
2018-02-26,3,0,3,100.0,152.02744805478164
2018-02-27,3,0,3,100.0,152.20099609002338
2018-02-28,3,0,3,100.0,152.46505602221188
2018-03-01,3,0,3,100.0,152.50094993900845
2018-03-05,3,0,3,100.0,150.1663515413181
2018-03-06,3,0,3,100.0,148.87232598720374
2018-03-07,3,0,3,100.0,145.24695654280097
2018-03-08,3,0,3,100.0,144.62905695520746
2018-03-09,3,0,3,100.0,143.80791819885692
2018-03-12,3,0,3,100.0,146.6374090794281
2018-03-13,3,0,3,100.0,147.3319771692373
2018-03-14,3,0,3,100.0,148.43072512361195
2018-03-15,3,0,3,100.0,146.97263466284588
2018-03-16,3,0,3,100.0,145.42011404736007
2018-03-19,3,0,3,100.0,145.057046464185
2018-03-20,3,0,3,100.0,142.57696222240395
2018-03-21,3,0,3,100.0,144.10026524237895
2018-03-22,3,0,3,100.0,146.93496487032013
2018-03-23,3,0,3,100.0,146.9897308028995
2018-03-26,3,0,3,100.0,146.74859256128673
2018-03-27,3,0,3,100.0,144.40540407372603
2018-03-28,3,0,3,100.0,142.90829943669007
2018-04-02,3,0,3,100.0,146.39341432947793
2018-04-03,3,0,3,100.0,144.80018664493457
2018-04-04,3,0,3,100.0,142.83329245748672
2018-04-05,3,0,3,100.0,144.4724083608159
2018-04-06,3,0,3,100.0,144.50732841842856
2018-04-09,3,0,3,100.0,144.84543774029166
2018-04-10,3,0,3,100.0,145.62247194353156
2018-04-11,3,0,3,100.0,147.5039569483058
2018-04-12,3,0,3,100.0,146.80192186535803
2018-04-13,3,0,3,100.0,147.90928741412642
2018-04-16,3,0,3,100.0,147.18521526441623
2018-04-17,3,0,3,100.0,147.38423760827578
2018-04-18,3,0,3,100.0,147.4461172232136
2018-04-19,3,0,3,100.0,149.7594457245459
2018-04-20,3,0,3,100.0,149.73748870294955
2018-04-23,3,0,3,100.0,150.06643633917062
2018-04-24,3,0,3,100.0,153.50533028402788
2018-04-25,3,0,3,100.0,151.92028063144645
2018-04-26,3,0,3,100.0,152.85761432562074
2018-04-27,3,0,3,100.0,153.08964601750978
2018-04-30,3,0,3,100.0,151.61076044816173
2018-05-02,3,0,3,100.0,149.6376730878093
2018-05-03,3,0,3,100.0,151.17007630990506
2018-05-04,3,0,3,100.0,148.61401077988742
2018-05-07,3,0,3,100.0,152.17210085635088
2018-05-08,3,0,3,100.0,151.35923438146
2018-05-09,3,0,3,100.0,152.54769213117467
2018-05-10,3,0,3,100.0,154.54619754160882
2018-05-11,3,0,3,100.0,155.6569393700362
2018-05-14,3,0,3,100.0,155.75741065725256
2018-05-15,3,0,3,100.0,155.76330801188533
2018-05-16,3,0,3,100.0,153.98251764033492
2018-05-17,3,0,3,100.0,155.29723666696466
2018-05-18,3,0,3,100.0,153.77834265136264
2018-05-21,3,0,3,100.0,152.90839043569514
2018-05-22,3,0,3,100.0,152.5270585633583
2018-05-23,2,1,3,66.66666666666666,147.29755580545313
2018-05-24,1,2,3,33.33333333333333,142.09308294798453
2018-05-25,1,2,3,33.33333333333333,144.95525782575888
2018-05-28,1,2,3,33.33333333333333,145.5530454741577
2018-05-29,2,1,3,66.66666666666666,146.5848217067815
2018-05-30,1,2,3,33.33333333333333,144.16472268360835
2018-05-31,1,2,3,33.33333333333333,145.3176727710063
2018-06-01,1,2,3,33.33333333333333,144.39819696615533
2018-06-04,1,2,3,33.33333333333333,145.06276684076028
2018-06-05,1,2,3,33.33333333333333,144.61062714695075
2018-06-06,1,2,3,33.33333333333333,145.21683966115296
2018-06-07,1,2,3,33.33333333333333,147.9599039366674
2018-06-08,1,2,3,33.33333333333333,148.4876845272569
2018-06-11,1,2,3,33.33333333333333,148.00770011406397
2018-06-12,1,2,3,33.33333333333333,149.40963586936874
2018-06-13,1,2,3,33.33333333333333,149.03732183315287
2018-06-14,1,2,3,33.33333333333333,148.60249988735117
2018-06-15,1,2,3,33.33333333333333,148.0019009391409
2018-06-18,1,2,3,33.33333333333333,146.64953131095288
2018-06-19,1,2,3,33.33333333333333,145.17375459298293
2018-06-20,1,2,3,33.33333333333333,144.96572964290152
2018-06-21,1,2,3,33.33333333333333,144.28482536868822
2018-06-22,1,2,3,33.33333333333333,143.47084753121544
2018-06-25,1,2,3,33.33333333333333,141.81184164816955
2018-06-26,1,2,3,33.33333333333333,141.9262685132029
2018-06-27,1,2,3,33.33333333333333,140.2208112452748
2018-06-28,1,2,3,33.33333333333333,136.72907708170283
2018-06-29,1,2,3,33.33333333333333,141.45793791636788
2018-07-02,1,2,3,33.33333333333333,139.48079952545777
2018-07-03,1,2,3,33.33333333333333,140.8918028052129
2018-07-04,1,2,3,33.33333333333333,141.2382280900763
2018-07-05,1,2,3,33.33333333333333,139.5538721228265
2018-07-06,1,2,3,33.33333333333333,139.87809840482242
2018-07-09,1,2,3,33.33333333333333,141.3841201172614
2018-07-10,1,2,3,33.33333333333333,143.23310746875686
2018-07-11,1,2,3,33.33333333333333,144.61495895027466
2018-07-12,1,2,3,33.33333333333333,146.8835677309501
2018-07-13,1,2,3,33.33333333333333,145.00187737898648
2018-07-16,1,2,3,33.33333333333333,143.97670492941617
2018-07-17,1,2,3,33.33333333333333,145.74555616434793
2018-07-18,1,2,3,33.33333333333333,147.66815934569476
2018-07-19,1,2,3,33.33333333333333,148.72630186407508
2018-07-20,1,2,3,33.33333333333333,148.00306185666668
2018-07-23,1,2,3,33.33333333333333,146.831481244116
2018-07-24,1,2,3,33.33333333333333,146.90009693302568
2018-07-25,1,2,3,33.33333333333333,147.32975074265136
2018-07-26,1,2,3,33.33333333333333,148.98989621651705
2018-07-27,1,2,3,33.33333333333333,150.228739985185
2018-07-30,1,2,3,33.33333333333333,152.04130958692582
2018-07-31,1,2,3,33.33333333333333,153.43583404866766
2018-08-01,1,2,3,33.33333333333333,155.24914463364556
2018-08-02,1,2,3,33.33333333333333,153.6204843341195
2018-08-03,1,2,3,33.33333333333333,153.77034979539545
2018-08-06,1,2,3,33.33333333333333,155.99578975289307
2018-08-07,1,2,3,33.33333333333333,155.36255738503712
2018-08-08,1,2,3,33.33333333333333,158.6949414018736
2018-08-09,1,2,3,33.33333333333333,157.24723104893715
2018-08-10,1,2,3,33.33333333333333,156.45914395383173
2018-08-13,1,2,3,33.33333333333333,154.4654939353433
2018-08-14,1,2,3,33.33333333333333,154.3566747810064
2018-08-16,1,2,3,33.33333333333333,152.75109064568534
2018-08-17,1,2,3,33.33333333333333,152.169557232557
2018-08-20,1,2,3,33.33333333333333,155.73720924105615
2018-08-21,1,2,3,33.33333333333333,156.84188353943412
2018-08-23,1,2,3,33.33333333333333,158.54999630109964
2018-08-24,1,2,3,33.33333333333333,159.8377873913996
2018-08-27,1,2,3,33.33333333333333,161.67715915351377
2018-08-28,1,2,3,33.33333333333333,161.6660042144726
2018-08-29,1,2,3,33.33333333333333,161.70396577118015
2018-08-30,1,2,3,33.33333333333333,162.1376367048633
2018-08-31,2,1,3,66.66666666666666,161.47538351898228
2018-09-03,1,2,3,33.33333333333333,159.67043327319345
2018-09-04,1,2,3,33.33333333333333,158.81153872354602
2018-09-05,1,2,3,33.33333333333333,156.702415091071
2018-09-06,1,2,3,33.33333333333333,159.35156283872965
2018-09-07,1,2,3,33.33333333333333,158.88935435606064
2018-09-10,1,2,3,33.33333333333333,156.3311360512102
2018-09-11,1,2,3,33.33333333333333,154.88208228576147
2018-09-12,1,2,3,33.33333333333333,155.95790087407585
2018-09-14,1,2,3,33.33333333333333,157.99097294832305
2018-09-17,1,2,3,33.33333333333333,156.7144039462343
2018-09-18,1,2,3,33.33333333333333,157.3276245171857
2018-09-19,2,1,3,66.66666666666666,158.54342586907194
2018-09-21,2,1,3,66.66666666666666,162.57247366637694
2018-09-24,2,1,3,66.66666666666666,163.39170350442572
2018-09-25,2,1,3,66.66666666666666,164.0267102239771
2018-09-26,2,1,3,66.66666666666666,164.08037885282545
2018-09-27,1,2,3,33.33333333333333,161.91555280373873
2018-09-28,2,1,3,66.66666666666666,163.6299319480365
2018-10-01,3,0,3,100.0,163.4308866977375
2018-10-03,2,1,3,66.66666666666666,162.83987352652488
2018-10-04,1,2,3,33.33333333333333,153.5816262716221
2018-10-05,1,2,3,33.33333333333333,137.29236156051243
2018-10-08,1,2,3,33.33333333333333,142.52866641426775
2018-10-09,1,2,3,33.33333333333333,140.8356649680927
2018-10-10,1,2,3,33.33333333333333,143.01645308717983
2018-10-11,1,2,3,33.33333333333333,143.553673530248
2018-10-12,1,2,3,33.33333333333333,147.7992713280694
2018-10-15,1,2,3,33.33333333333333,149.820892561089
2018-10-16,1,2,3,33.33333333333333,153.7557099828256
2018-10-17,1,2,3,33.33333333333333,150.16816128309665
2018-10-19,1,2,3,33.33333333333333,147.73273117248118
2018-10-22,1,2,3,33.33333333333333,143.70090308136093
2018-10-23,1,2,3,33.33333333333333,141.7778730002665
2018-10-24,1,2,3,33.33333333333333,142.22601255266528
2018-10-25,1,2,3,33.33333333333333,142.66169282372593
2018-10-26,1,2,3,33.33333333333333,141.9538116366129
2018-10-29,1,2,3,33.33333333333333,145.07560278124535
2018-10-30,1,2,3,33.33333333333333,142.0272454316053
2018-10-31,1,2,3,33.33333333333333,142.55126509774334
2018-11-01,1,2,3,33.33333333333333,142.8178069974295
2018-11-02,1,2,3,33.33333333333333,145.215151811324
2018-11-05,1,2,3,33.33333333333333,144.44733890614688
2018-11-06,1,2,3,33.33333333333333,145.50808834876648
2018-11-07,1,2,3,33.33333333333333,146.16667818918873
2018-11-09,1,2,3,33.33333333333333,145.383244603556
2018-11-12,1,2,3,33.33333333333333,144.63005829379708
2018-11-13,1,2,3,33.33333333333333,146.194368417283
2018-11-14,1,2,3,33.33333333333333,147.92844670613985
2018-11-15,1,2,3,33.33333333333333,147.30558501089652
2018-11-16,1,2,3,33.33333333333333,146.89834399268378
2018-11-19,1,2,3,33.33333333333333,147.68491116333252
2018-11-20,1,2,3,33.33333333333333,147.19877721375107
2018-11-21,1,2,3,33.33333333333333,145.6729212418864
2018-11-22,1,2,3,33.33333333333333,145.9934498004023
2018-11-26,1,2,3,33.33333333333333,143.2228896099836
2018-11-27,1,2,3,33.33333333333333,143.85376937685314
2018-11-28,1,2,3,33.33333333333333,143.37787557449244
2018-11-29,1,2,3,33.33333333333333,144.24013563357127
2018-11-30,1,2,3,33.33333333333333,140.37159928592814
2018-12-03,1,2,3,33.33333333333333,141.326201445858
2018-12-04,1,2,3,33.33333333333333,141.8151529397717
2018-12-05,1,2,3,33.33333333333333,140.27876054800697
2018-12-06,1,2,3,33.33333333333333,137.1087144905091
2018-12-07,1,2,3,33.33333333333333,136.63095938924351
2018-12-10,1,2,3,33.33333333333333,132.9778061602154
2018-12-11,1,2,3,33.33333333333333,133.76411622874934
2018-12-12,1,2,3,33.33333333333333,135.63190847382992
2018-12-13,1,2,3,33.33333333333333,136.10546841559238
2018-12-14,1,2,3,33.33333333333333,137.73840653621204
2018-12-17,1,2,3,33.33333333333333,139.31056630949263
2018-12-18,1,2,3,33.33333333333333,139.6352776893665
2018-12-19,1,2,3,33.33333333333333,139.8436164840637
2018-12-20,1,2,3,33.33333333333333,139.68951003031827
2018-12-21,1,2,3,33.33333333333333,137.98538533761464
2018-12-24,1,2,3,33.33333333333333,136.62338354298473
2018-12-26,1,2,3,33.33333333333333,136.41187149645714
2018-12-27,1,2,3,33.33333333333333,137.53146294959095
2018-12-28,1,2,3,33.33333333333333,139.88822465501738
2018-12-31,1,2,3,33.33333333333333,138.73740849558507
2019-01-01,1,2,3,33.33333333333333,138.54651623994326
2019-01-02,1,2,3,33.33333333333333,136.61381320618807
2019-01-03,1,2,3,33.33333333333333,134.50634311351638
2019-01-04,1,2,3,33.33333333333333,136.45215498911165
2019-01-07,1,2,3,33.33333333333333,137.38890574839678
2019-01-08,1,2,3,33.33333333333333,137.74610149265715
2019-01-09,1,2,3,33.33333333333333,137.16100652290984
2019-01-10,1,2,3,33.33333333333333,135.84902833407654
2019-01-11,1,2,3,33.33333333333333,136.11369862942695
2019-01-14,1,2,3,33.33333333333333,135.3477433484476
2019-01-15,1,2,3,33.33333333333333,137.7154146440418
2019-01-16,1,2,3,33.33333333333333,137.94255287283482
2019-01-17,1,2,3,33.33333333333333,137.24774970815267
2019-01-18,1,2,3,33.33333333333333,139.71953536945657
2019-01-21,1,2,3,33.33333333333333,141.04529855288703
2019-01-22,1,2,3,33.33333333333333,140.43825615009277
2019-01-23,1,2,3,33.33333333333333,139.63876799624651
2019-01-24,1,2,3,33.33333333333333,139.9081563441533
2019-01-25,1,2,3,33.33333333333333,140.46019756994554
2019-01-28,1,2,3,33.33333333333333,139.68579199408825
2019-01-29,1,2,3,33.33333333333333,138.3931957762338
2019-01-30,1,2,3,33.33333333333333,136.3797391607125
2019-01-31,1,2,3,33.33333333333333,138.36635330307044
2019-02-01,1,2,3,33.33333333333333,140.47580531223628
2019-02-04,1,2,3,33.33333333333333,143.3565172201581
2019-02-05,1,2,3,33.33333333333333,141.855485104539
2019-02-06,1,2,3,33.33333333333333,144.29663333963302
2019-02-07,1,2,3,33.33333333333333,143.77893522261328
2019-02-08,1,2,3,33.33333333333333,142.1201545928218
2019-02-11,1,2,3,33.33333333333333,139.13340815091425
2019-02-12,1,2,3,33.33333333333333,138.8485477916274
2019-02-13,1,2,3,33.33333333333333,137.9993415236917
2019-02-14,1,2,3,33.33333333333333,135.96808683497187
2019-02-15,1,2,3,33.33333333333333,138.22813405341537
2019-02-18,1,2,3,33.33333333333333,138.48506031643822
2019-02-19,1,2,3,33.33333333333333,139.91398393580926
2019-02-20,1,2,3,33.33333333333333,143.0857112631307
2019-02-21,1,2,3,33.33333333333333,144.71134483847058
2019-02-22,1,2,3,33.33333333333333,146.03311694942784
2019-02-25,1,2,3,33.33333333333333,144.92859304493876
2019-02-26,1,2,3,33.33333333333333,144.31899234066
2019-02-27,1,2,3,33.33333333333333,144.22313195813737
2019-02-28,1,2,3,33.33333333333333,147.06381311497415
2019-03-01,1,2,3,33.33333333333333,148.0800052559536
2019-03-05,2,1,3,66.66666666666666,151.3164383658016
2019-03-06,2,1,3,66.66666666666666,152.74720023699305
2019-03-07,2,1,3,66.66666666666666,150.50187423685134
2019-03-08,1,2,3,33.33333333333333,148.85605087441576
2019-03-11,2,1,3,66.66666666666666,152.31963140821537
2019-03-12,2,1,3,66.66666666666666,153.8415941818038
2019-03-13,1,2,3,33.33333333333333,152.25688072599667
2019-03-14,1,2,3,33.33333333333333,153.4065296352581
2019-03-15,2,1,3,66.66666666666666,154.28080923393964
2019-03-18,2,1,3,66.66666666666666,155.11371300214404
2019-03-19,2,1,3,66.66666666666666,157.99689419637846
2019-03-20,2,1,3,66.66666666666666,153.98063434554416
2019-03-22,2,1,3,66.66666666666666,152.01244187492188
2019-03-25,2,1,3,66.66666666666666,154.66194933367527
2019-03-26,2,1,3,66.66666666666666,157.46397817412517
2019-03-27,2,1,3,66.66666666666666,157.98799386685917
2019-03-28,2,1,3,66.66666666666666,157.9985874193423
2019-03-29,2,1,3,66.66666666666666,159.62460043290073
2019-04-01,2,1,3,66.66666666666666,159.20525171442836
2019-04-02,2,1,3,66.66666666666666,159.35264157223182
2019-04-03,2,1,3,66.66666666666666,157.3689002347008
2019-04-04,2,1,3,66.66666666666666,155.8042526070713
2019-04-05,2,1,3,66.66666666666666,156.51878938635795
2019-04-08,2,1,3,66.66666666666666,155.8384674418958
2019-04-09,2,1,3,66.66666666666666,155.77375620524376
2019-04-10,2,1,3,66.66666666666666,155.9343680489005
2019-04-11,2,1,3,66.66666666666666,156.16625736380146
2019-04-12,2,1,3,66.66666666666666,155.98929191423372
2019-04-15,2,1,3,66.66666666666666,155.77333966225657
2019-04-16,2,1,3,66.66666666666666,157.41457698292382
2019-04-18,2,1,3,66.66666666666666,158.96528064100372
2019-04-22,2,1,3,66.66666666666666,155.58946072981453
2019-04-23,2,1,3,66.66666666666666,158.91738030042265
2019-04-24,2,1,3,66.66666666666666,161.94478722179974
2019-04-25,2,1,3,66.66666666666666,160.68341591396725
2019-04-26,2,1,3,66.66666666666666,162.06124353143804
2019-04-30,2,1,3,66.66666666666666,162.61823967625065
2019-05-02,2,1,3,66.66666666666666,163.35855275597854
2019-05-03,3,0,3,100.0,164.32990384274973
2019-05-06,2,1,3,66.66666666666666,162.76902921206897
2019-05-07,2,1,3,66.66666666666666,161.4768082786839
2019-05-08,2,1,3,66.66666666666666,158.28347521675468
2019-05-09,2,1,3,66.66666666666666,156.0745930065494
2019-05-10,2,1,3,66.66666666666666,154.53538054634146
2019-05-13,2,1,3,66.66666666666666,152.8915380075796
2019-05-14,2,1,3,66.66666666666666,154.15463080799546
2019-05-15,2,1,3,66.66666666666666,153.4983618838318
2019-05-16,2,1,3,66.66666666666666,155.05303552172333
2019-05-17,2,1,3,66.66666666666666,155.83755253585474
2019-05-20,3,0,3,100.0,162.6262496172063
2019-05-21,2,1,3,66.66666666666666,162.66093858663154
2019-05-22,3,0,3,100.0,163.5174721165771
2019-05-23,3,0,3,100.0,162.86871675733292
2019-05-24,3,0,3,100.0,163.15523010505285
2019-05-27,3,0,3,100.0,162.12108295561433
2019-05-28,3,0,3,100.0,162.7807771987895
2019-05-29,2,1,3,66.66666666666666,160.04520000710312
2019-05-30,2,1,3,66.66666666666666,160.07064610347885
2019-05-31,2,1,3,66.66666666666666,160.873904732676
2019-06-03,3,0,3,100.0,162.83293046761537
2019-06-04,3,0,3,100.0,161.95839145164933
2019-06-06,2,1,3,66.66666666666666,159.89676846590714
2019-06-07,2,1,3,66.66666666666666,158.87317878130585
2019-06-10,2,1,3,66.66666666666666,158.24624446203302
2019-06-11,3,0,3,100.0,160.80713819048842
2019-06-12,3,0,3,100.0,161.02410824936226
2019-06-13,2,1,3,66.66666666666666,158.9419311800603
2019-06-14,2,1,3,66.66666666666666,158.5896375839784
2019-06-17,2,1,3,66.66666666666666,154.97218240209094
2019-06-18,2,1,3,66.66666666666666,155.0551325963333
2019-06-19,2,1,3,66.66666666666666,155.2214234864095
2019-06-20,2,1,3,66.66666666666666,158.94159085191686
2019-06-21,2,1,3,66.66666666666666,158.50917941846913
2019-06-24,2,1,3,66.66666666666666,155.02700788890624
2019-06-25,2,1,3,66.66666666666666,156.8262203873982
2019-06-26,2,1,3,66.66666666666666,157.49262854600266
2019-06-27,2,1,3,66.66666666666666,158.0501003742147
2019-06-28,2,1,3,66.66666666666666,155.91763045072503
2019-07-01,2,1,3,66.66666666666666,153.51603692884913
2019-07-02,2,1,3,66.66666666666666,155.86647892076152
2019-07-03,2,1,3,66.66666666666666,156.7947006612537
2019-07-04,2,1,3,66.66666666666666,156.94394158479633
2019-07-05,2,1,3,66.66666666666666,153.1128979493031
2019-07-08,1,2,3,33.33333333333333,147.83910193852464
2019-07-09,2,1,3,66.66666666666666,152.35199931338204
2019-07-10,1,2,3,33.33333333333333,151.0358229238705
2019-07-11,2,1,3,66.66666666666666,151.4220601365086
2019-07-12,1,2,3,33.33333333333333,150.2453047557003
2019-07-15,1,2,3,33.33333333333333,149.9190277100341
2019-07-16,1,2,3,33.33333333333333,151.05137763223428
2019-07-17,1,2,3,33.33333333333333,149.2995566405767
2019-07-18,1,2,3,33.33333333333333,144.24892111865003
2019-07-19,1,2,3,33.33333333333333,142.32169958174106
2019-07-22,1,2,3,33.33333333333333,145.086168806185
2019-07-23,1,2,3,33.33333333333333,143.36176042952678
2019-07-24,1,2,3,33.33333333333333,141.7907911465643
2019-07-25,1,2,3,33.33333333333333,141.08080835804623
2019-07-26,0,3,3,0.0,139.90315991005465
2019-07-29,0,3,3,0.0,138.71755866667448
2019-07-30,0,3,3,0.0,136.9232449193555
2019-07-31,0,3,3,0.0,138.00462072523283
2019-08-01,0,3,3,0.0,137.8531089144472
2019-08-02,0,3,3,0.0,136.21507838486292
2019-08-05,0,3,3,0.0,132.41258707554462
2019-08-06,0,3,3,0.0,132.8463037429071
2019-08-07,0,3,3,0.0,130.92382576840967
2019-08-08,0,3,3,0.0,133.05131366449098
2019-08-09,0,3,3,0.0,133.31330505235468
2019-08-13,1,2,3,33.33333333333333,135.94331351513205
2019-08-14,1,2,3,33.33333333333333,137.02127060498773
2019-08-16,1,2,3,33.33333333333333,137.48904168885235
2019-08-19,1,2,3,33.33333333333333,137.09413838936686
2019-08-20,1,2,3,33.33333333333333,135.05815104362668
2019-08-21,1,2,3,33.33333333333333,132.06843467103764
2019-08-22,1,2,3,33.33333333333333,129.58299225912162
2019-08-23,1,2,3,33.33333333333333,133.20107235793884
2019-08-26,1,2,3,33.33333333333333,134.04545595718923
2019-08-27,1,2,3,33.33333333333333,135.75984919078877
2019-08-28,1,2,3,33.33333333333333,132.2459836042878
2019-08-29,1,2,3,33.33333333333333,133.06616217070223
2019-08-30,1,2,3,33.33333333333333,132.94924122172986
2019-09-03,0,3,3,0.0,128.48959017097718
2019-09-04,0,3,3,0.0,130.28242234026555
2019-09-05,0,3,3,0.0,133.08298190953616
2019-09-06,0,3,3,0.0,135.73126497365672
2019-09-09,0,3,3,0.0,136.82761346133148
2019-09-11,0,3,3,0.0,134.67974035829758
2019-09-12,0,3,3,0.0,134.1735046850067
2019-09-13,0,3,3,0.0,136.42283440444982
2019-09-16,0,3,3,0.0,136.6585933997711
2019-09-17,0,3,3,0.0,135.45320180226787
2019-09-18,0,3,3,0.0,134.2605223549946
2019-09-19,0,3,3,0.0,130.68164330320525
2019-09-20,1,2,3,33.33333333333333,139.32588664314002
2019-09-23,0,3,3,0.0,139.3099663771269
2019-09-24,1,2,3,33.33333333333333,138.5997268317648
2019-09-25,1,2,3,33.33333333333333,137.23447334557633
2019-09-26,1,2,3,33.33333333333333,140.6311401714962
2019-09-27,1,2,3,33.33333333333333,138.65476188393694
2019-10-01,1,2,3,33.33333333333333,138.65476188393694
2019-10-03,1,2,3,33.33333333333333,139.35366952992928
2019-10-04,1,2,3,33.33333333333333,139.56612976316814
2019-10-07,1,2,3,33.33333333333333,138.44683315453275
2019-10-09,1,2,3,33.33333333333333,139.6235247075268
2019-10-10,1,2,3,33.33333333333333,141.13101562245527
2019-10-11,1,2,3,33.33333333333333,142.60324960769316
2019-10-14,1,2,3,33.33333333333333,146.45189372521926
2019-10-15,1,2,3,33.33333333333333,149.5406865376073
2019-10-16,1,2,3,33.33333333333333,151.92587779315335
2019-10-17,1,2,3,33.33333333333333,153.33875983862904
2019-10-18,2,1,3,66.66666666666666,157.71521750251347
2019-10-22,1,2,3,33.33333333333333,155.47444925507736
2019-10-23,1,2,3,33.33333333333333,154.13182315521078
2019-10-24,2,1,3,66.66666666666666,156.08214071441682
2019-10-25,1,2,3,33.33333333333333,154.09028148018916
2019-10-27,1,2,3,33.33333333333333,154.46699420561947
2019-10-29,1,2,3,33.33333333333333,156.0837781397105
2019-10-30,2,1,3,66.66666666666666,157.92105864070328
2019-10-31,2,1,3,66.66666666666666,158.58904874069154
2019-11-01,2,1,3,66.66666666666666,158.26400879187074
2019-11-04,3,0,3,100.0,160.38850852826593
2019-11-05,2,1,3,66.66666666666666,159.03542550598578
2019-11-06,2,1,3,66.66666666666666,158.074911107691
2019-11-07,2,1,3,66.66666666666666,157.11396562853676
2019-11-08,1,2,3,33.33333333333333,154.806330185546
2019-11-11,1,2,3,33.33333333333333,154.1145055294285
2019-11-13,1,2,3,33.33333333333333,154.2270389734213
2019-11-14,1,2,3,33.33333333333333,152.8616782524376
2019-11-15,1,2,3,33.33333333333333,153.06009556357125
2019-11-18,1,2,3,33.33333333333333,151.74848128235615
2019-11-19,1,2,3,33.33333333333333,153.8423049329182
2019-11-20,1,2,3,33.33333333333333,154.41236180954792
2019-11-21,1,2,3,33.33333333333333,152.0082310111559
2019-11-22,1,2,3,33.33333333333333,152.9526261828606
2019-11-25,1,2,3,33.33333333333333,152.50980103954748
2019-11-26,1,2,3,33.33333333333333,152.44266671021006
2019-11-27,1,2,3,33.33333333333333,153.87176470791383
2019-11-28,1,2,3,33.33333333333333,154.52181854386882
2019-11-29,1,2,3,33.33333333333333,152.37002057887355
2019-12-02,1,2,3,33.33333333333333,152.18635120071775
2019-12-03,1,2,3,33.33333333333333,151.10738546152322
2019-12-04,1,2,3,33.33333333333333,152.0125680654172
2019-12-05,1,2,3,33.33333333333333,153.01131088491996
2019-12-06,1,2,3,33.33333333333333,151.23781628804988
2019-12-09,1,2,3,33.33333333333333,152.32530002722206
2019-12-10,1,2,3,33.33333333333333,150.14218355880564
2019-12-11,1,2,3,33.33333333333333,151.3084263053794
2019-12-12,1,2,3,33.33333333333333,151.2090970595819
2019-12-13,1,2,3,33.33333333333333,151.59763846357853
2019-12-16,1,2,3,33.33333333333333,150.01455274639773
2019-12-17,1,2,3,33.33333333333333,149.57369236550616
2019-12-18,1,2,3,33.33333333333333,149.86438347057813
2019-12-19,1,2,3,33.33333333333333,151.3826562520129
2019-12-20,1,2,3,33.33333333333333,150.50682469421943
2019-12-23,1,2,3,33.33333333333333,149.0890720383824
2019-12-24,1,2,3,33.33333333333333,148.80516051007544
2019-12-26,1,2,3,33.33333333333333,148.2330674518149
2019-12-27,1,2,3,33.33333333333333,149.91285506035632
2019-12-30,1,2,3,33.33333333333333,150.128706870464
2019-12-31,1,2,3,33.33333333333333,149.84635905183714
2020-01-01,1,2,3,33.33333333333333,148.89861636188812
2020-01-02,1,2,3,33.33333333333333,150.25443559517922
2020-01-03,1,2,3,33.33333333333333,151.42024305739503
2020-01-06,1,2,3,33.33333333333333,148.70551574139125
2020-01-07,1,2,3,33.33333333333333,149.46510921517353
2020-01-08,1,2,3,33.33333333333333,148.32484057142753
2020-01-09,1,2,3,33.33333333333333,150.04245303765032
2020-01-10,1,2,3,33.33333333333333,150.6927682506771
2020-01-13,1,2,3,33.33333333333333,151.17006816751783
2020-01-14,1,2,3,33.33333333333333,150.43110277977817
2020-01-15,1,2,3,33.33333333333333,150.24761774632574
2020-01-16,1,2,3,33.33333333333333,149.66835073383655
2020-01-17,1,2,3,33.33333333333333,151.94148287499343
2020-01-20,1,2,3,33.33333333333333,147.0314942066449
2020-01-21,1,2,3,33.33333333333333,145.82506735608166
2020-01-22,1,2,3,33.33333333333333,140.54448416440948
2020-01-23,1,2,3,33.33333333333333,141.18162618214248
2020-01-24,1,2,3,33.33333333333333,142.49566143526377
2020-01-27,1,2,3,33.33333333333333,141.30190921773396
2020-01-28,1,2,3,33.33333333333333,138.8694645165199
2020-01-29,1,2,3,33.33333333333333,140.12787121098924
2020-01-30,1,2,3,33.33333333333333,137.60654433175466
2020-01-31,1,2,3,33.33333333333333,131.10823818931522
2020-02-01,1,2,3,33.33333333333333,126.56527888209908
2020-02-03,1,2,3,33.33333333333333,125.89317738723442
2020-02-04,1,2,3,33.33333333333333,130.25638797702453
2020-02-05,1,2,3,33.33333333333333,131.2791097391463
2020-02-06,1,2,3,33.33333333333333,133.7250661588353
2020-02-07,1,2,3,33.33333333333333,134.93966505664616
2020-02-10,1,2,3,33.33333333333333,132.2674293732195
2020-02-11,1,2,3,33.33333333333333,133.14196536947554
2020-02-12,1,2,3,33.33333333333333,134.2316034522946
2020-02-13,1,2,3,33.33333333333333,133.1413377106737
2020-02-14,1,2,3,33.33333333333333,131.4085082519838
2020-02-17,1,2,3,33.33333333333333,129.5949676782493
2020-02-18,1,2,3,33.33333333333333,129.6121981869439
2020-02-19,1,2,3,33.33333333333333,133.92520422766384
2020-02-20,1,2,3,33.33333333333333,132.39527938945005
2020-02-24,1,2,3,33.33333333333333,127.4810782525605
2020-02-25,1,2,3,33.33333333333333,125.4546008657732
2020-02-26,1,2,3,33.33333333333333,122.47400246295246
2020-02-27,1,2,3,33.33333333333333,120.86548160850394
2020-02-28,0,3,3,0.0,117.02733652202572
2020-03-02,0,3,3,0.0,113.17571408047418
2020-03-03,0,3,3,0.0,117.66941010306786
2020-03-04,0,3,3,0.0,118.64884911773028
2020-03-05,0,3,3,0.0,116.00201384875879
2020-03-06,0,3,3,0.0,111.77001173596184
2020-03-09,0,3,3,0.0,97.3730658961736
2020-03-11,0,3,3,0.0,95.02133906347134
2020-03-12,0,3,3,0.0,84.66557420211988
2020-03-13,0,3,3,0.0,89.7795982927827
2020-03-16,0,3,3,0.0,80.74363577504775
2020-03-17,0,3,3,0.0,80.9315786437163
2020-03-18,0,3,3,0.0,87.9502032810478
2020-03-19,0,3,3,0.0,80.98116382696146
2020-03-20,0,3,3,0.0,90.70829347313489
2020-03-23,0,3,3,0.0,80.57064232998982
2020-03-24,0,3,3,0.0,83.63695815323501
2020-03-25,0,3,3,0.0,88.14247953524912
2020-03-26,0,3,3,0.0,89.27270377888789
2020-03-27,0,3,3,0.0,89.52625296292615
2020-03-30,0,3,3,0.0,88.74398917058498
2020-03-31,0,3,3,0.0,94.63815698347274
2020-04-01,0,3,3,0.0,91.21945828259948
2020-04-03,0,3,3,0.0,94.94949208714097
2020-04-07,0,3,3,0.0,102.04522455712721
2020-04-08,0,3,3,0.0,102.29892786648054
2020-04-09,0,3,3,0.0,105.12579937617062
2020-04-13,0,3,3,0.0,102.52874879451561
2020-04-15,0,3,3,0.0,100.85086633343101
2020-04-16,0,3,3,0.0,102.42986712236683
2020-04-17,0,3,3,0.0,105.43471303686938
2020-04-20,0,3,3,0.0,104.11019420195319
2020-04-21,0,3,3,0.0,100.00574623269789
2020-04-22,1,2,3,33.33333333333333,101.48430336718859
2020-04-23,1,2,3,33.33333333333333,102.72036099786885
2020-04-24,1,2,3,33.33333333333333,103.12347164054513
2020-04-27,1,2,3,33.33333333333333,104.82837577612784
2020-04-28,1,2,3,33.33333333333333,106.04368112216744
2020-04-29,1,2,3,33.33333333333333,108.03833325449261
2020-04-30,1,2,3,33.33333333333333,116.5927646220776
2020-05-04,1,2,3,33.33333333333333,112.25862154918565
2020-05-05,1,2,3,33.33333333333333,113.49266388905977
2020-05-06,1,2,3,33.33333333333333,113.65754772498799
2020-05-07,1,2,3,33.33333333333333,112.43544984301602
2020-05-08,1,2,3,33.33333333333333,113.02897697322798
2020-05-11,1,2,3,33.33333333333333,113.59225436161715
2020-05-12,1,2,3,33.33333333333333,109.69524279434921
2020-05-13,1,2,3,33.33333333333333,111.55354417955759
2020-05-14,1,2,3,33.33333333333333,108.44444196875244
2020-05-15,1,2,3,33.33333333333333,109.85240650521595
2020-05-18,1,2,3,33.33333333333333,104.77376555295417
2020-05-19,1,2,3,33.33333333333333,108.01128816819583
2020-05-20,1,2,3,33.33333333333333,109.2148076967809
2020-05-21,1,2,3,33.33333333333333,109.20106634121642
2020-05-22,1,2,3,33.33333333333333,108.64072893914287
2020-05-26,1,2,3,33.33333333333333,108.29742809179088
2020-05-27,1,2,3,33.33333333333333,109.13578302014115
2020-05-28,1,2,3,33.33333333333333,110.60141258974805
2020-05-29,1,2,3,33.33333333333333,112.94587070401995
2020-06-01,1,2,3,33.33333333333333,115.81204759976976
2020-06-02,1,2,3,33.33333333333333,116.3848904225485
2020-06-03,1,2,3,33.33333333333333,118.54497475956344
2020-06-04,1,2,3,33.33333333333333,118.77165727297339
2020-06-05,1,2,3,33.33333333333333,120.57190488178036
2020-06-08,1,2,3,33.33333333333333,123.74046364231086
2020-06-09,1,2,3,33.33333333333333,122.61151099735106
2020-06-10,1,2,3,33.33333333333333,122.18987598905437
2020-06-11,1,2,3,33.33333333333333,120.65265007662644
2020-06-12,1,2,3,33.33333333333333,119.40212348920853
2020-06-15,1,2,3,33.33333333333333,122.80562384458891
2020-06-16,1,2,3,33.33333333333333,124.47184792010427
2020-06-17,1,2,3,33.33333333333333,122.77737629002121
2020-06-18,1,2,3,33.33333333333333,124.82238705430231
2020-06-19,1,2,3,33.33333333333333,130.6774525811662
2020-06-22,1,2,3,33.33333333333333,128.81617965659478
2020-06-23,1,2,3,33.33333333333333,128.20272924754437
2020-06-24,1,2,3,33.33333333333333,126.61978440483917
2020-06-25,1,2,3,33.33333333333333,121.5642260452594
2020-06-26,1,2,3,33.33333333333333,124.9732500287021
2020-06-29,1,2,3,33.33333333333333,124.1937009986409
2020-06-30,1,2,3,33.33333333333333,122.34289635849707
2020-07-01,1,2,3,33.33333333333333,123.19419825105824
2020-07-02,1,2,3,33.33333333333333,124.77593553209311
2020-07-03,1,2,3,33.33333333333333,126.62382383508393
2020-07-06,1,2,3,33.33333333333333,129.6480583853972
2020-07-07,1,2,3,33.33333333333333,127.97049385254834
2020-07-08,1,2,3,33.33333333333333,127.68311055553075
2020-07-09,1,2,3,33.33333333333333,128.17328937807852
2020-07-10,1,2,3,33.33333333333333,127.8180456260907
2020-07-13,1,2,3,33.33333333333333,128.36065732816195
2020-07-14,1,2,3,33.33333333333333,126.04803134892715
2020-07-15,1,2,3,33.33333333333333,124.09339919542035
2020-07-16,1,2,3,33.33333333333333,122.96672987518285
2020-07-17,1,2,3,33.33333333333333,127.49337748299911
2020-07-20,1,2,3,33.33333333333333,128.05204830951325
2020-07-21,1,2,3,33.33333333333333,130.27639491389368
2020-07-22,1,2,3,33.33333333333333,130.86594943997648
2020-07-23,1,2,3,33.33333333333333,132.68171058400875
2020-07-24,1,2,3,33.33333333333333,135.0940402169913
2020-07-27,1,2,3,33.33333333333333,134.5384759877983
2020-07-28,1,2,3,33.33333333333333,133.93810902777756
2020-07-29,1,2,3,33.33333333333333,132.12199192474392
2020-07-30,1,2,3,33.33333333333333,131.22245173625276
2020-07-31,1,2,3,33.33333333333333,130.62647689318823
2020-08-03,1,2,3,33.33333333333333,127.2120330520159
2020-08-04,1,2,3,33.33333333333333,130.0663780815469
2020-08-05,1,2,3,33.33333333333333,129.99474085827268
2020-08-06,1,2,3,33.33333333333333,131.25382665192546
2020-08-07,1,2,3,33.33333333333333,131.72833099268667
2020-08-10,1,2,3,33.33333333333333,131.66211546953224
2020-08-11,1,2,3,33.33333333333333,131.6638069799817
2020-08-12,1,2,3,33.33333333333333,131.01879452390546
2020-08-13,1,2,3,33.33333333333333,131.27660167764788
2020-08-14,1,2,3,33.33333333333333,129.85682598631175
2020-08-17,1,2,3,33.33333333333333,131.39123192035893
2020-08-18,1,2,3,33.33333333333333,132.93515449807782
2020-08-19,1,2,3,33.33333333333333,132.7868409375979
2020-08-20,1,2,3,33.33333333333333,134.9596902959559
2020-08-21,1,2,3,33.33333333333333,134.00870255966103
2020-08-24,1,2,3,33.33333333333333,133.32002670978153
2020-08-25,1,2,3,33.33333333333333,132.6660402644865
2020-08-26,1,2,3,33.33333333333333,134.42365171257111
2020-08-27,1,2,3,33.33333333333333,133.29058812329023
2020-08-28,1,2,3,33.33333333333333,133.06421772868987
2020-08-31,1,2,3,33.33333333333333,132.24267029815738
2020-09-01,1,2,3,33.33333333333333,130.6572315398916
2020-09-02,1,2,3,33.33333333333333,133.28342607068288
2020-09-03,1,2,3,33.33333333333333,132.41645571382537
2020-09-04,1,2,3,33.33333333333333,129.88688060340337
2020-09-07,1,2,3,33.33333333333333,129.44538992075934
2020-09-08,1,2,3,33.33333333333333,128.61897935505658
2020-09-09,1,2,3,33.33333333333333,128.1488327354122
2020-09-10,1,2,3,33.33333333333333,131.97549086483443
2020-09-11,1,2,3,33.33333333333333,132.10987708692045
2020-09-14,1,2,3,33.33333333333333,132.4132486049367
2020-09-15,1,2,3,33.33333333333333,133.0470500567454
2020-09-16,1,2,3,33.33333333333333,131.8031157041166
2020-09-17,1,2,3,33.33333333333333,131.8903049026777
2020-09-18,1,2,3,33.33333333333333,133.47795212166963
2020-09-21,1,2,3,33.33333333333333,129.20201813773414
2020-09-22,1,2,3,33.33333333333333,125.54760195676387
2020-09-23,1,2,3,33.33333333333333,124.75806454162537
2020-09-24,1,2,3,33.33333333333333,121.61288784171941
2020-09-25,1,2,3,33.33333333333333,124.70324673447335
2020-09-28,1,2,3,33.33333333333333,127.42316009581813
2020-09-29,1,2,3,33.33333333333333,126.21168655641671
2020-09-30,1,2,3,33.33333333333333,126.45231241068498
2020-10-01,1,2,3,33.33333333333333,125.93656749464297
2020-10-05,1,2,3,33.33333333333333,124.67953956857146
2020-10-06,1,2,3,33.33333333333333,124.61476269118789
2020-10-07,1,2,3,33.33333333333333,128.93477562435694
2020-10-08,1,2,3,33.33333333333333,125.84190128196325
2020-10-09,1,2,3,33.33333333333333,127.1741860968771
2020-10-12,1,2,3,33.33333333333333,125.74295692578991
2020-10-13,1,2,3,33.33333333333333,126.14814956777398
2020-10-14,1,2,3,33.33333333333333,123.76170671657252
2020-10-15,1,2,3,33.33333333333333,122.00942026916249
2020-10-16,1,2,3,33.33333333333333,122.92451812751104
2020-10-19,1,2,3,33.33333333333333,125.43639565026623
2020-10-20,1,2,3,33.33333333333333,123.59514434953314
2020-10-21,1,2,3,33.33333333333333,122.93893031750424
2020-10-22,1,2,3,33.33333333333333,125.00573146545068
2020-10-23,1,2,3,33.33333333333333,124.89889441899089
2020-10-26,1,2,3,33.33333333333333,122.18994639042289
2020-10-27,1,2,3,33.33333333333333,120.78829560377767
2020-10-28,1,2,3,33.33333333333333,119.80261691371763
2020-10-29,1,2,3,33.33333333333333,117.97892604039848
2020-10-30,1,2,3,33.33333333333333,119.00362521731329
2020-11-02,1,2,3,33.33333333333333,115.12802818670545
2020-11-03,1,2,3,33.33333333333333,114.99419634285097
2020-11-04,1,2,3,33.33333333333333,116.5642485704426
2020-11-05,1,2,3,33.33333333333333,118.63769735279755
2020-11-06,1,2,3,33.33333333333333,120.69481100329669
2020-11-09,1,2,3,33.33333333333333,121.64456871649033
2020-11-10,1,2,3,33.33333333333333,124.53957137616385
2020-11-11,1,2,3,33.33333333333333,124.55740118246825
2020-11-12,1,2,3,33.33333333333333,124.38303534545439
2020-11-13,1,2,3,33.33333333333333,125.07413272299776
2020-11-14,1,2,3,33.33333333333333,125.8265094443169
2020-11-17,2,1,3,66.66666666666666,125.03863795103724
2020-11-18,2,1,3,66.66666666666666,125.38167807423078
2020-11-19,1,2,3,33.33333333333333,124.64212664514571
2020-11-20,1,2,3,33.33333333333333,122.46469706031051
2020-11-23,2,1,3,66.66666666666666,127.3571676972993
2020-11-24,2,1,3,66.66666666666666,127.76606978801969
2020-11-25,3,0,3,100.0,131.3989079922697
2020-11-26,3,0,3,100.0,131.0465479597618
2020-11-27,3,0,3,100.0,129.22777298732558
2020-12-01,3,0,3,100.0,133.16412231393954
2020-12-02,3,0,3,100.0,135.94452592826468
2020-12-03,3,0,3,100.0,139.1589934726881
2020-12-04,3,0,3,100.0,140.59707841513384
2020-12-07,3,0,3,100.0,142.4158218605786
2020-12-08,3,0,3,100.0,142.11971168135926
2020-12-09,3,0,3,100.0,142.2793190212513
2020-12-10,3,0,3,100.0,142.00135950457405
2020-12-11,3,0,3,100.0,146.79977080250245
2020-12-14,3,0,3,100.0,152.03504674034852
2020-12-15,3,0,3,100.0,150.16862838728397
2020-12-16,3,0,3,100.0,151.8378945692727
2020-12-17,3,0,3,100.0,150.72456758798074
2020-12-18,3,0,3,100.0,147.43696475200565
2020-12-21,3,0,3,100.0,138.2832929112292
2020-12-22,3,0,3,100.0,138.8655801999047
2020-12-23,3,0,3,100.0,140.31696043326718
2020-12-24,3,0,3,100.0,144.49815021364176
2020-12-28,3,0,3,100.0,146.0504251956035
2020-12-29,3,0,3,100.0,144.95307020646942
2020-12-30,3,0,3,100.0,145.31272424574456
2020-12-31,3,0,3,100.0,143.58107864285742
2021-01-01,3,0,3,100.0,144.29057404690707
2021-01-04,3,0,3,100.0,147.92190285952597
2021-01-05,3,0,3,100.0,146.11620178470804
2021-01-06,3,0,3,100.0,146.3144768139797
2021-01-07,3,0,3,100.0,146.6270828623447
2021-01-08,3,0,3,100.0,148.9016573485817
2021-01-11,3,0,3,100.0,149.44940542271954
2021-01-12,3,0,3,100.0,151.58696697436335
2021-01-13,3,0,3,100.0,152.80711183948122
2021-01-14,3,0,3,100.0,153.37015532526775
2021-01-15,3,0,3,100.0,151.14294371558879
2021-01-18,3,0,3,100.0,148.83437704098102
2021-01-19,3,0,3,100.0,151.05997243566736
2021-01-20,3,0,3,100.0,152.33644134491138
2021-01-21,3,0,3,100.0,150.23866261641678
2021-01-22,3,0,3,100.0,147.0289353225372
2021-01-25,3,0,3,100.0,143.25279373185475
2021-01-27,2,1,3,66.66666666666666,141.8420250264572
2021-01-28,2,1,3,66.66666666666666,141.3329103561948
2021-01-29,2,1,3,66.66666666666666,139.5838950895746
2021-02-01,2,1,3,66.66666666666666,142.58858695548514
2021-02-02,3,0,3,100.0,144.7601728454617
2021-02-03,3,0,3,100.0,145.59011353314838
2021-02-04,3,0,3,100.0,149.43261075860278
2021-02-05,2,1,3,66.66666666666666,148.95462718695518
2021-02-08,3,0,3,100.0,151.110675047847
2021-02-09,3,0,3,100.0,152.725077917678
2021-02-10,3,0,3,100.0,152.6721642222475
2021-02-11,3,0,3,100.0,154.5116985442059
2021-02-12,3,0,3,100.0,151.04328717115513
2021-02-15,3,0,3,100.0,151.74809635250145
2021-02-16,3,0,3,100.0,156.09953021123883
2021-02-17,3,0,3,100.0,157.39913643202274
2021-02-18,3,0,3,100.0,162.33081475339662
2021-02-19,3,0,3,100.0,160.61185426765826
2021-02-22,3,0,3,100.0,159.77736069939536
2021-02-23,3,0,3,100.0,165.2567856026422
2021-02-24,3,0,3,100.0,166.52779678988028
2021-02-25,3,0,3,100.0,172.86135873741273
2021-02-26,3,0,3,100.0,166.71555745538538
2021-03-01,3,0,3,100.0,170.5860872815675
2021-03-02,3,0,3,100.0,169.11191985895127
2021-03-03,3,0,3,100.0,172.087216968923
2021-03-04,3,0,3,100.0,170.4801943783438
2021-03-05,3,0,3,100.0,171.68914525681356
2021-03-08,3,0,3,100.0,175.32121813329465
2021-03-09,3,0,3,100.0,173.9317136754607
2021-03-10,3,0,3,100.0,173.64274780753618
2021-03-12,3,0,3,100.0,172.72938677387495
2021-03-15,3,0,3,100.0,171.36594873845692
2021-03-16,3,0,3,100.0,171.8636892556001
2021-03-17,3,0,3,100.0,166.53222927181451
2021-03-18,2,1,3,66.66666666666666,164.92036848420025
2021-03-19,3,0,3,100.0,163.70032955070047
2021-03-22,3,0,3,100.0,162.37735995910475
2021-03-23,3,0,3,100.0,161.48459864115713
2021-03-24,3,0,3,100.0,158.51540427855224
2021-03-25,2,1,3,66.66666666666666,156.00257317117055
2021-03-26,2,1,3,66.66666666666666,156.71156738874052
2021-03-30,2,1,3,66.66666666666666,160.76657983226272
2021-03-31,2,1,3,66.66666666666666,158.8571185307705
2021-04-01,2,1,3,66.66666666666666,161.01065575375
2021-04-05,2,1,3,66.66666666666666,159.0571551374071
2021-04-06,2,1,3,66.66666666666666,159.2442328396901
2021-04-07,2,1,3,66.66666666666666,160.638669793439
2021-04-08,2,1,3,66.66666666666666,159.41225584171167
2021-04-09,2,1,3,66.66666666666666,158.02776295756428
2021-04-12,2,1,3,66.66666666666666,149.91683537109006
2021-04-13,2,1,3,66.66666666666666,153.8262467903025
2021-04-15,2,1,3,66.66666666666666,157.39748146868962
2021-04-16,2,1,3,66.66666666666666,157.85917605530835
2021-04-19,2,1,3,66.66666666666666,154.0612023874423
2021-04-20,2,1,3,66.66666666666666,153.99065008608116
2021-04-22,2,1,3,66.66666666666666,153.97175020683605
2021-04-23,2,1,3,66.66666666666666,153.43564889294677
2021-04-26,2,1,3,66.66666666666666,154.5792583834899
2021-04-27,2,1,3,66.66666666666666,156.108294609923
2021-04-28,2,1,3,66.66666666666666,157.94364270706416
2021-04-29,2,1,3,66.66666666666666,159.03498033060322
2021-04-30,2,1,3,66.66666666666666,161.50330646619116
2021-05-03,2,1,3,66.66666666666666,159.48473835471125
2021-05-04,2,1,3,66.66666666666666,159.67127614274267
2021-05-05,2,1,3,66.66666666666666,160.93395661066282
2021-05-06,2,1,3,66.66666666666666,160.67429786093268
2021-05-07,2,1,3,66.66666666666666,161.62996262570886
2021-05-10,2,1,3,66.66666666666666,164.4840079389822
2021-05-11,2,1,3,66.66666666666666,167.89361291665355
2021-05-12,2,1,3,66.66666666666666,166.17401106325283
2021-05-14,2,1,3,66.66666666666666,165.9449857223808
2021-05-17,2,1,3,66.66666666666666,167.81265144630243
2021-05-18,2,1,3,66.66666666666666,170.5678091287423
2021-05-19,2,1,3,66.66666666666666,170.38870847917536
2021-05-20,2,1,3,66.66666666666666,167.89183704646115
2021-05-21,2,1,3,66.66666666666666,168.26192529205696
2021-05-24,2,1,3,66.66666666666666,167.27747649142785
2021-05-25,2,1,3,66.66666666666666,169.1244965236059
2021-05-26,2,1,3,66.66666666666666,168.70773080399323
2021-05-27,2,1,3,66.66666666666666,167.77978243729365
2021-05-28,3,0,3,100.0,171.26326517332643
2021-05-31,3,0,3,100.0,173.5156161891882
2021-06-01,3,0,3,100.0,177.32755559318684
2021-06-02,3,0,3,100.0,179.06633503731516
2021-06-03,3,0,3,100.0,182.4810547824287
2021-06-04,3,0,3,100.0,184.13714181812514
2021-06-07,3,0,3,100.0,185.78422819998084
2021-06-08,3,0,3,100.0,184.60602507231602
2021-06-09,3,0,3,100.0,182.9620525071536
2021-06-10,3,0,3,100.0,182.87805373776246
2021-06-11,3,0,3,100.0,184.43745140845147
2021-06-14,3,0,3,100.0,186.39524802348052
2021-06-15,3,0,3,100.0,189.2816119186216
2021-06-16,3,0,3,100.0,188.2279740252782
2021-06-17,3,0,3,100.0,186.97609282391025
2021-06-18,3,0,3,100.0,185.86492518283825
2021-06-21,3,0,3,100.0,187.02826577849575
2021-06-22,3,0,3,100.0,187.98301035848846
2021-06-23,3,0,3,100.0,188.59363366018553
2021-06-24,3,0,3,100.0,187.97244364727172
2021-06-25,3,0,3,100.0,186.14065447515816
2021-06-28,3,0,3,100.0,188.43874843598107
2021-06-29,3,0,3,100.0,183.99382935295048
2021-06-30,3,0,3,100.0,184.92428436985978
2021-07-01,3,0,3,100.0,187.31232481880912
2021-07-02,3,0,3,100.0,190.5221951995182
2021-07-05,3,0,3,100.0,193.63824079921702
2021-07-06,3,0,3,100.0,193.86252422969807
2021-07-07,3,0,3,100.0,192.09900321537998
2021-07-08,3,0,3,100.0,189.99183237620738
2021-07-09,3,0,3,100.0,190.09744461572947
2021-07-12,3,0,3,100.0,189.23448412740797
2021-07-13,3,0,3,100.0,190.67232939134973
2021-07-14,3,0,3,100.0,189.2656928281817
2021-07-15,3,0,3,100.0,185.40672580440653
2021-07-16,3,0,3,100.0,184.44545973666874
2021-07-19,3,0,3,100.0,182.5819596290732
2021-07-20,3,0,3,100.0,181.2142880561509
2021-07-22,3,0,3,100.0,185.85810662399567
2021-07-23,3,0,3,100.0,185.1974766742443
2021-07-26,3,0,3,100.0,183.98845061693478
2021-07-27,3,0,3,100.0,183.33968851544208
2021-07-28,3,0,3,100.0,183.28100451135404
2021-07-29,3,0,3,100.0,184.27190529790076
2021-07-30,3,0,3,100.0,185.28786741561422
2021-08-02,3,0,3,100.0,186.88119519028115
2021-08-03,3,0,3,100.0,187.95335134423456
2021-08-04,3,0,3,100.0,187.99025821025893
2021-08-05,3,0,3,100.0,187.59114902616872
2021-08-06,3,0,3,100.0,187.88772204301944
2021-08-09,3,0,3,100.0,185.95272302960618
2021-08-10,3,0,3,100.0,184.41814292054036
2021-08-11,3,0,3,100.0,187.48167745466668
2021-08-12,3,0,3,100.0,187.26259235926946
2021-08-13,3,0,3,100.0,188.9236533571171
2021-08-16,3,0,3,100.0,188.16633210280293
2021-08-17,3,0,3,100.0,188.4843823615165
2021-08-18,3,0,3,100.0,187.10845437760437
2021-08-20,3,0,3,100.0,185.8228875675868
2021-08-23,3,0,3,100.0,187.77089030970797
2021-08-24,3,0,3,100.0,190.2990842297451
2021-08-25,3,0,3,100.0,194.05614019788385
2021-08-26,3,0,3,100.0,196.1408297528177
2021-08-27,3,0,3,100.0,195.545638938209
2021-08-30,3,0,3,100.0,197.83233032678638
2021-08-31,3,0,3,100.0,200.71249339633798
2021-09-01,3,0,3,100.0,199.58690895333072
2021-09-02,3,0,3,100.0,199.71178737642882
2021-09-03,3,0,3,100.0,205.18019007853917
2021-09-06,3,0,3,100.0,204.03027854476963
2021-09-07,3,0,3,100.0,205.14927358041288
2021-09-08,3,0,3,100.0,208.8603253982145
2021-09-09,3,0,3,100.0,212.49587277199242
2021-09-13,3,0,3,100.0,210.87609573386766
2021-09-14,3,0,3,100.0,213.13423743306768
2021-09-15,3,0,3,100.0,218.67674507026447
2021-09-16,3,0,3,100.0,222.89840326985356
2021-09-17,3,0,3,100.0,217.08775631026694
2021-09-20,3,0,3,100.0,215.9434881114211
2021-09-21,3,0,3,100.0,225.07943715651854
2021-09-22,3,0,3,100.0,227.9333706429434
2021-09-23,3,0,3,100.0,231.0181029393683
2021-09-24,3,0,3,100.0,231.00733006197603
2021-09-27,3,0,3,100.0,235.32491899783975
2021-09-28,3,0,3,100.0,242.2806828622607
2021-09-29,3,0,3,100.0,250.42894681605335
2021-09-30,3,0,3,100.0,251.88715891445406
2021-10-01,3,0,3,100.0,249.77706736292308
2021-10-04,3,0,3,100.0,248.80257721666052
2021-10-05,3,0,3,100.0,260.0054354543568
2021-10-06,3,0,3,100.0,262.72063122158534
2021-10-07,3,0,3,100.0,256.9892954159758
2021-10-08,3,0,3,100.0,259.6208478264533
2021-10-11,3,0,3,100.0,261.0695481988653
2021-10-12,3,0,3,100.0,259.18422238051966
2021-10-13,3,0,3,100.0,256.25767348704653
2021-10-14,3,0,3,100.0,257.96853675650885
2021-10-18,3,0,3,100.0,259.9747478516349
2021-10-19,3,0,3,100.0,258.12559605425946
2021-10-20,3,0,3,100.0,253.23005138008457
2021-10-21,3,0,3,100.0,246.6539702041511
2021-10-22,3,0,3,100.0,245.03441487122538
2021-10-25,3,0,3,100.0,252.64286271065387
2021-10-26,3,0,3,100.0,253.69009117875808
2021-10-27,3,0,3,100.0,250.5574606756078
2021-10-28,3,0,3,100.0,244.10292932568223
2021-10-29,3,0,3,100.0,244.0627985534298
2021-11-01,3,0,3,100.0,246.45881844663248
2021-11-02,3,0,3,100.0,243.54972880839478
2021-11-03,3,0,3,100.0,241.1092738088611
2021-11-04,3,0,3,100.0,242.75778952964782
2021-11-08,3,0,3,100.0,245.10968914330107
2021-11-09,3,0,3,100.0,246.49388764522396
2021-11-10,3,0,3,100.0,248.03756868230823
2021-11-11,3,0,3,100.0,244.01204212021054
2021-11-12,3,0,3,100.0,247.81987386235963
2021-11-15,3,0,3,100.0,248.97782574820747
2021-11-16,3,0,3,100.0,247.13777364686518
2021-11-17,3,0,3,100.0,244.4153447297728
2021-11-18,3,0,3,100.0,240.5259827948491
2021-11-22,3,0,3,100.0,229.15645158562575
2021-11-23,3,0,3,100.0,232.07780426471197
2021-11-24,3,0,3,100.0,236.7355698454027
2021-11-25,3,0,3,100.0,242.52885087594632
2021-11-26,3,0,3,100.0,233.80630068306735
2021-11-29,3,0,3,100.0,234.99528770764607
2021-11-30,3,0,3,100.0,235.98721392562481
2021-12-01,3,0,3,100.0,239.0882072626789
2021-12-02,3,0,3,100.0,242.21662550398722
2021-12-03,3,0,3,100.0,239.82257159562158
2021-12-06,3,0,3,100.0,236.46584091003686
2021-12-07,3,0,3,100.0,237.97799221592814
2021-12-08,3,0,3,100.0,240.39576330497349
2021-12-09,3,0,3,100.0,239.81995251400275
2021-12-10,3,0,3,100.0,238.31180513211478
2021-12-13,3,0,3,100.0,235.4315969742534
2021-12-14,3,0,3,100.0,233.44250737288218
2021-12-15,3,0,3,100.0,231.76941297754118
2021-12-16,3,0,3,100.0,231.89981314415067
2021-12-17,3,0,3,100.0,224.30974615698318
2021-12-20,3,0,3,100.0,212.4714627842438
2021-12-21,3,0,3,100.0,219.04598421045378
2021-12-22,3,0,3,100.0,220.44395611181952
2021-12-23,3,0,3,100.0,221.8984929647311
2021-12-24,3,0,3,100.0,219.74694720377377
2021-12-27,3,0,3,100.0,218.39732331322864
2021-12-28,3,0,3,100.0,225.28242410597207
2021-12-29,3,0,3,100.0,224.2846613889304
2021-12-30,3,0,3,100.0,230.50366492729913
2021-12-31,3,0,3,100.0,230.80841088756645
2022-01-03,3,0,3,100.0,232.2807488213487
2022-01-04,3,0,3,100.0,235.87856453526715
2022-01-05,3,0,3,100.0,236.80451786601662
2022-01-06,3,0,3,100.0,236.51775441797872
2022-01-07,3,0,3,100.0,246.87686195367974
2022-01-10,3,0,3,100.0,247.9908472682247
2022-01-11,3,0,3,100.0,249.174217526258
2022-01-12,3,0,3,100.0,256.41919397060934
2022-01-13,3,0,3,100.0,256.8861326281171
2022-01-14,3,0,3,100.0,254.3002130801182
2022-01-17,3,0,3,100.0,259.5353848511323
2022-01-18,3,0,3,100.0,257.2289364697884
2022-01-19,3,0,3,100.0,260.8965502097209
2022-01-20,3,0,3,100.0,257.17311741112013
2022-01-21,3,0,3,100.0,254.56567007609823
2022-01-24,3,0,3,100.0,250.72854377209862
2022-01-25,3,0,3,100.0,253.17229295819047
2022-01-27,3,0,3,100.0,254.09922746416248
2022-01-28,3,0,3,100.0,255.86028297834983
2022-01-31,3,0,3,100.0,262.99957131722283
2022-02-01,3,0,3,100.0,259.7130295133755
2022-02-02,3,0,3,100.0,259.97419473369166
2022-02-03,3,0,3,100.0,256.07845859458683
2022-02-04,3,0,3,100.0,254.08136699367668
2022-02-07,3,0,3,100.0,257.1477202376741
2022-02-08,3,0,3,100.0,255.59721481531295
2022-02-09,3,0,3,100.0,255.83660722098216
2022-02-10,3,0,3,100.0,257.7114250385355
2022-02-11,3,0,3,100.0,256.6878774678398
2022-02-14,3,0,3,100.0,253.04491129593765
2022-02-15,3,0,3,100.0,254.47604023635125
2022-02-16,3,0,3,100.0,258.971517700543
2022-02-17,3,0,3,100.0,262.02092658540465
2022-02-18,3,0,3,100.0,258.6459319918922
2022-02-21,3,0,3,100.0,254.62302021896264
2022-02-22,3,0,3,100.0,255.3904944909395
2022-02-23,3,0,3,100.0,252.69016519763872
2022-02-24,2,1,3,66.66666666666666,245.67611481103106
2022-02-25,2,1,3,66.66666666666666,249.3877431070849
2022-02-28,3,0,3,100.0,253.11326577807938
2022-03-02,3,0,3,100.0,263.8709038666452
2022-03-03,3,0,3,100.0,267.3834953967019
2022-03-04,2,1,3,66.66666666666666,262.5275348506913
2022-03-07,2,1,3,66.66666666666666,272.41027914189965
2022-03-08,2,1,3,66.66666666666666,267.2307883964179
2022-03-09,3,0,3,100.0,269.2107315221565
2022-03-10,3,0,3,100.0,267.123052287428
2022-03-11,3,0,3,100.0,268.2774906738624
2022-03-14,3,0,3,100.0,265.2443719811084
2022-03-15,3,0,3,100.0,257.9096516376536
2022-03-16,3,0,3,100.0,263.58088825403394
2022-03-17,3,0,3,100.0,262.62078828528274
2022-03-21,3,0,3,100.0,268.5675616967021
2022-03-22,3,0,3,100.0,271.2910599124654
2022-03-23,3,0,3,100.0,271.3615388427481
2022-03-24,3,0,3,100.0,276.0244962158075
2022-03-25,3,0,3,100.0,275.4700571611787
2022-03-28,3,0,3,100.0,276.2696993770649
2022-03-29,3,0,3,100.0,272.8071199035513
2022-03-30,3,0,3,100.0,268.1409181800305
2022-03-31,3,0,3,100.0,272.11195950055566
2022-04-01,3,0,3,100.0,275.2508816644144
2022-04-04,3,0,3,100.0,274.9236733657817
2022-04-05,3,0,3,100.0,275.9904149908749
2022-04-06,3,0,3,100.0,276.0024000715801
2022-04-07,3,0,3,100.0,272.54793427400045
2022-04-08,3,0,3,100.0,274.0168229124139
2022-04-11,3,0,3,100.0,274.2006634558759
2022-04-12,3,0,3,100.0,269.25290033544326
2022-04-13,3,0,3,100.0,272.77942111323085
2022-04-18,3,0,3,100.0,274.44224219473415
2022-04-19,3,0,3,100.0,280.3766559467081
2022-04-20,3,0,3,100.0,282.77916862883586
2022-04-21,3,0,3,100.0,283.5981199402262
2022-04-22,3,0,3,100.0,282.29170454582646
2022-04-25,3,0,3,100.0,275.41961508725217
2022-04-26,3,0,3,100.0,277.53350179678097
2022-04-27,3,0,3,100.0,274.86583985898903
2022-04-28,3,0,3,100.0,275.59181449842384
2022-04-29,3,0,3,100.0,271.80234642785433
2022-05-02,3,0,3,100.0,265.6988481056604
2022-05-04,3,0,3,100.0,267.12267135002804
2022-05-05,3,0,3,100.0,268.8331300068645
2022-05-06,3,0,3,100.0,270.49236484434
2022-05-09,3,0,3,100.0,268.3320755440286
2022-05-10,3,0,3,100.0,253.1874839452404
2022-05-11,3,0,3,100.0,256.64906621946244
2022-05-12,2,1,3,66.66666666666666,254.78214629797532
2022-05-13,2,1,3,66.66666666666666,253.13525300435668
2022-05-16,2,1,3,66.66666666666666,253.9898346295534
2022-05-17,3,0,3,100.0,270.03458604980915
2022-05-18,3,0,3,100.0,269.3275860132627
2022-05-19,3,0,3,100.0,266.4385133500376
2022-05-20,3,0,3,100.0,272.00904530019557
2022-05-23,3,0,3,100.0,264.88652516651655
2022-05-24,3,0,3,100.0,261.23070436897837
2022-05-25,3,0,3,100.0,262.3439885806344
2022-05-26,3,0,3,100.0,260.7079021132288
2022-05-27,2,1,3,66.66666666666666,251.95046706467593
2022-05-30,2,1,3,66.66666666666666,257.66085300212904
2022-05-31,3,0,3,100.0,266.1123494521837
2022-06-01,2,1,3,66.66666666666666,267.642103390176
2022-06-02,3,0,3,100.0,274.3306235679074
2022-06-03,3,0,3,100.0,275.89276992310323
2022-06-06,3,0,3,100.0,287.1656262689187
2022-06-07,3,0,3,100.0,294.7972545654319
2022-06-08,3,0,3,100.0,291.8672271963871
2022-06-09,3,0,3,100.0,301.8078874804972
2022-06-10,3,0,3,100.0,299.2048957805702
2022-06-13,3,0,3,100.0,289.06261183791753
2022-06-14,3,0,3,100.0,280.0440769688842
2022-06-15,2,1,3,66.66666666666666,277.2005822218946
2022-06-16,2,1,3,66.66666666666666,269.02128659709683
2022-06-17,2,1,3,66.66666666666666,265.29048683397036
2022-06-20,2,1,3,66.66666666666666,249.6782398925215
2022-06-21,2,1,3,66.66666666666666,255.14202902102846
2022-06-22,1,2,3,33.33333333333333,247.98425282553777
2022-06-23,1,2,3,33.33333333333333,251.05886585831425
2022-06-24,1,2,3,33.33333333333333,255.0515744488369
2022-06-27,1,2,3,33.33333333333333,254.8941823786077
2022-06-28,2,1,3,66.66666666666666,266.679071525666
2022-06-29,2,1,3,66.66666666666666,275.63560457444385
2022-06-30,2,1,3,66.66666666666666,271.0905748285627
2022-07-01,0,3,3,0.0,238.83124883354841
2022-07-04,0,3,3,0.0,231.38699854325338
2022-07-05,0,3,3,0.0,228.6422028909356
2022-07-06,0,3,3,0.0,217.55556935772242
2022-07-07,0,3,3,0.0,219.34867726299342
2022-07-08,0,3,3,0.0,221.43380826810045
2022-07-11,0,3,3,0.0,225.828647118783
2022-07-12,0,3,3,0.0,223.61101879328135
2022-07-13,0,3,3,0.0,223.31276313458903
2022-07-14,0,3,3,0.0,222.55101429337887
2022-07-15,0,3,3,0.0,224.11610003738912
2022-07-18,0,3,3,0.0,227.67253977119574
2022-07-19,0,3,3,0.0,227.81236142956317
2022-07-20,0,3,3,0.0,237.04198923709902
2022-07-21,0,3,3,0.0,238.1632426733373
2022-07-22,0,3,3,0.0,236.25560707288548
2022-07-25,0,3,3,0.0,228.43346420077125
2022-07-26,0,3,3,0.0,226.69248924994605
2022-07-27,0,3,3,0.0,227.8601885333965
2022-07-28,0,3,3,0.0,229.9027044838257
2022-07-29,1,2,3,33.33333333333333,235.22638732458648
2022-08-01,1,2,3,33.33333333333333,241.3427180329689
2022-08-02,1,2,3,33.33333333333333,239.24974710740608
2022-08-03,1,2,3,33.33333333333333,238.84612715383642
2022-08-04,1,2,3,33.33333333333333,237.55729023146336
2022-08-05,1,2,3,33.33333333333333,240.68561324946378
2022-08-08,1,2,3,33.33333333333333,241.79600629843785
2022-08-10,1,2,3,33.33333333333333,236.1844992466207
2022-08-11,1,2,3,33.33333333333333,236.30056500289865
2022-08-12,1,2,3,33.33333333333333,242.37607346118784
2022-08-16,1,2,3,33.33333333333333,243.52145583345924
2022-08-17,1,2,3,33.33333333333333,243.6437865230949
2022-08-18,1,2,3,33.33333333333333,243.79771640276573
2022-08-19,1,2,3,33.33333333333333,240.78275126718026
2022-08-22,1,2,3,33.33333333333333,237.02099256919604
2022-08-23,1,2,3,33.33333333333333,239.43312941196731
2022-08-24,1,2,3,33.33333333333333,243.130747152258
2022-08-25,1,2,3,33.33333333333333,243.32823377900453
2022-08-26,1,2,3,33.33333333333333,242.9970978407821
2022-08-29,1,2,3,33.33333333333333,240.7370440883782
2022-08-30,1,2,3,33.33333333333333,245.42859577844308
2022-09-01,1,2,3,33.33333333333333,240.5730510062622
2022-09-02,1,2,3,33.33333333333333,237.76733990052003
2022-09-05,1,2,3,33.33333333333333,240.50812696602907
2022-09-06,1,2,3,33.33333333333333,240.65363149796676
2022-09-07,1,2,3,33.33333333333333,241.21713905248262
2022-09-08,1,2,3,33.33333333333333,240.27848606877478
2022-09-09,1,2,3,33.33333333333333,241.04445767359528
2022-09-12,1,2,3,33.33333333333333,242.9175805880648
2022-09-13,1,2,3,33.33333333333333,242.9556812033925
2022-09-14,1,2,3,33.33333333333333,240.77172713738602
2022-09-15,1,2,3,33.33333333333333,239.76437707905225
2022-09-16,0,3,3,0.0,236.43967907158924
2022-09-19,0,3,3,0.0,235.36319388991734
2022-09-20,0,3,3,0.0,236.947076527969
2022-09-21,1,2,3,33.33333333333333,235.86499855646412
2022-09-22,0,3,3,0.0,232.6483412459579
2022-09-23,0,3,3,0.0,232.11990987187562
2022-09-26,0,3,3,0.0,224.58125149507714
2022-09-27,0,3,3,0.0,224.17266314219398
2022-09-28,0,3,3,0.0,218.67452041021141
2022-09-29,0,3,3,0.0,223.51139334481016
2022-09-30,0,3,3,0.0,224.7501092707136
2022-10-03,0,3,3,0.0,230.2681018443496
2022-10-04,0,3,3,0.0,234.12930114918876
2022-10-06,0,3,3,0.0,235.00414349148295
2022-10-07,0,3,3,0.0,236.60225378477602
2022-10-10,0,3,3,0.0,235.87883176486417
2022-10-11,0,3,3,0.0,232.11116488945547
2022-10-12,0,3,3,0.0,233.17922621189865
2022-10-13,0,3,3,0.0,232.9312275879116
2022-10-14,0,3,3,0.0,230.082648375923
2022-10-17,0,3,3,0.0,230.6724311345945
2022-10-18,0,3,3,0.0,234.59181807854944
2022-10-19,0,3,3,0.0,235.26101780378977
2022-10-20,0,3,3,0.0,239.12799670601964
2022-10-21,0,3,3,0.0,238.6472810040464
2022-10-24,0,3,3,0.0,239.77157558656353
2022-10-25,0,3,3,0.0,234.74321635948576
2022-10-27,0,3,3,0.0,235.63749435663445
2022-10-28,1,2,3,33.33333333333333,242.25623529665893
2022-10-31,1,2,3,33.33333333333333,242.5533023451398
2022-11-01,1,2,3,33.33333333333333,242.40193795657285
2022-11-02,1,2,3,33.33333333333333,244.58599905410404
2022-11-03,1,2,3,33.33333333333333,245.02788018048363
2022-11-04,1,2,3,33.33333333333333,246.53287589753396
2022-11-07,1,2,3,33.33333333333333,248.17381819785376
2022-11-09,1,2,3,33.33333333333333,248.34131826098894
2022-11-10,1,2,3,33.33333333333333,247.95084735215278
2022-11-11,1,2,3,33.33333333333333,250.970460809523
2022-11-14,1,2,3,33.33333333333333,251.12051029797672
2022-11-15,1,2,3,33.33333333333333,253.40130220388696
2022-11-16,1,2,3,33.33333333333333,254.22356119917086
2022-11-17,1,2,3,33.33333333333333,253.60697821131097
2022-11-18,1,2,3,33.33333333333333,253.49902583193042
2022-11-21,1,2,3,33.33333333333333,252.1542028849122
2022-11-22,1,2,3,33.33333333333333,250.8436797914284
2022-11-23,1,2,3,33.33333333333333,251.40824923872322
2022-11-24,2,1,3,66.66666666666666,254.54137155437624
2022-11-25,2,1,3,66.66666666666666,257.66074742961484
2022-11-28,2,1,3,66.66666666666666,261.25610027062424
2022-11-29,2,1,3,66.66666666666666,262.3265663438634
2022-11-30,3,0,3,100.0,263.7740455217428
2022-12-01,3,0,3,100.0,263.97766450205495
2022-12-02,3,0,3,100.0,264.7505169892926
2022-12-05,3,0,3,100.0,266.98891190492907
2022-12-06,3,0,3,100.0,265.93743973858193
2022-12-07,3,0,3,100.0,262.9834970693501
2022-12-08,3,0,3,100.0,263.9376594359727
2022-12-09,3,0,3,100.0,259.5911245407068
2022-12-12,2,1,3,66.66666666666666,260.3580108672429
2022-12-13,3,0,3,100.0,263.7615134431305
2022-12-14,3,0,3,100.0,267.93847795254084
2022-12-15,3,0,3,100.0,266.2033447640396
2022-12-16,3,0,3,100.0,266.2598223443608
2022-12-19,3,0,3,100.0,265.42322354961675
2022-12-20,3,0,3,100.0,265.53000139719546
2022-12-21,3,0,3,100.0,260.654027296507
2022-12-22,2,1,3,66.66666666666666,258.8874977624694
2022-12-23,1,2,3,33.33333333333333,253.06413892822027
2022-12-26,1,2,3,33.33333333333333,256.08488458921113
2022-12-27,2,1,3,66.66666666666666,262.21410317284625
2022-12-28,2,1,3,66.66666666666666,261.55814781109433
2022-12-29,2,1,3,66.66666666666666,261.0166694633182
2022-12-30,2,1,3,66.66666666666666,262.7698787350797
2023-01-02,3,0,3,100.0,268.7418131124066
2023-01-03,2,1,3,66.66666666666666,266.0907585035258
2023-01-04,2,1,3,66.66666666666666,261.3708842214888
2023-01-05,2,1,3,66.66666666666666,262.4118069886433
2023-01-06,2,1,3,66.66666666666666,263.0491486893189
2023-01-09,3,0,3,100.0,266.8343507478676
2023-01-10,2,1,3,66.66666666666666,267.1636271970337
2023-01-11,2,1,3,66.66666666666666,268.22507234538733
2023-01-12,2,1,3,66.66666666666666,266.80120603257814
2023-01-13,2,1,3,66.66666666666666,266.4526816456902
2023-01-16,2,1,3,66.66666666666666,266.7353824621912
2023-01-17,2,1,3,66.66666666666666,268.4246521875156
2023-01-18,2,1,3,66.66666666666666,271.99548816007183
2023-01-19,2,1,3,66.66666666666666,273.98095498840956
2023-01-20,2,1,3,66.66666666666666,273.1743589121901
2023-01-23,2,1,3,66.66666666666666,274.94271212350185
2023-01-24,2,1,3,66.66666666666666,273.9377765159602
2023-01-25,2,1,3,66.66666666666666,271.53873001307767
2023-01-27,2,1,3,66.66666666666666,268.2384377145865
2023-01-30,2,1,3,66.66666666666666,266.81296587823266
2023-01-31,2,1,3,66.66666666666666,264.90510754723755
2023-02-01,2,1,3,66.66666666666666,260.8963484314312
2023-02-02,2,1,3,66.66666666666666,260.1455212547175
2023-02-03,2,1,3,66.66666666666666,257.25327880478824
2023-02-06,2,1,3,66.66666666666666,255.73525372607313
2023-02-07,2,1,3,66.66666666666666,260.05430988163465
2023-02-08,2,1,3,66.66666666666666,263.9365336103645
2023-02-09,2,1,3,66.66666666666666,264.49009013439496
2023-02-10,2,1,3,66.66666666666666,261.9298702622466
2023-02-13,2,1,3,66.66666666666666,269.1111869175825
2023-02-14,2,1,3,66.66666666666666,277.65992287700493
2023-02-15,2,1,3,66.66666666666666,275.60919575981967
2023-02-16,2,1,3,66.66666666666666,285.40172245819605
2023-02-17,2,1,3,66.66666666666666,286.37237431882795
2023-02-20,2,1,3,66.66666666666666,283.6924576917532
2023-02-21,2,1,3,66.66666666666666,282.4187067612739
2023-02-22,2,1,3,66.66666666666666,281.4781470962303
2023-02-23,2,1,3,66.66666666666666,280.5758372802536
2023-02-24,2,1,3,66.66666666666666,282.9080238677316
2023-02-27,2,1,3,66.66666666666666,283.28632189110994
2023-02-28,2,1,3,66.66666666666666,280.18771457151195
2023-03-01,2,1,3,66.66666666666666,287.0451244548106
2023-03-02,2,1,3,66.66666666666666,285.51969609046665
2023-03-03,2,1,3,66.66666666666666,287.66514524063086
2023-03-06,2,1,3,66.66666666666666,293.356771076685
2023-03-08,2,1,3,66.66666666666666,295.28420323668547
2023-03-09,2,1,3,66.66666666666666,292.09309676491483
2023-03-10,2,1,3,66.66666666666666,287.56464117816074
2023-03-13,2,1,3,66.66666666666666,284.4234296503267
2023-03-14,2,1,3,66.66666666666666,280.1595111662142
2023-03-15,2,1,3,66.66666666666666,281.7162592573121
2023-03-16,2,1,3,66.66666666666666,277.4836895863407
2023-03-17,2,1,3,66.66666666666666,280.13192049140343
2023-03-20,2,1,3,66.66666666666666,276.9592466027781
2023-03-21,2,1,3,66.66666666666666,279.55954856591063
2023-03-22,2,1,3,66.66666666666666,279.67587860510554
2023-03-23,2,1,3,66.66666666666666,281.55239864271016
2023-03-24,2,1,3,66.66666666666666,275.39549565937335
2023-03-27,2,1,3,66.66666666666666,277.0153586168035
2023-03-28,2,1,3,66.66666666666666,278.3619193651403
2023-03-29,2,1,3,66.66666666666666,281.15044907598883
2023-03-31,2,1,3,66.66666666666666,282.23045609231224
2023-04-03,2,1,3,66.66666666666666,286.7818746999097
2023-04-05,2,1,3,66.66666666666666,286.9699249342678
2023-04-06,2,1,3,66.66666666666666,283.56063847339277
2023-04-10,2,1,3,66.66666666666666,288.207553926344
2023-04-11,2,1,3,66.66666666666666,288.82008345758385
2023-04-12,2,1,3,66.66666666666666,290.79258739101317
2023-04-13,2,1,3,66.66666666666666,291.44535573273174
2023-04-17,2,1,3,66.66666666666666,293.67134348190274
2023-04-18,2,1,3,66.66666666666666,293.24645995655794
2023-04-19,2,1,3,66.66666666666666,291.6658525964404
2023-04-20,2,1,3,66.66666666666666,288.6862581193352
2023-04-21,2,1,3,66.66666666666666,290.294315404776
2023-04-24,2,1,3,66.66666666666666,290.17312774170495
2023-04-25,2,1,3,66.66666666666666,290.8887233070577
2023-04-26,2,1,3,66.66666666666666,292.8388316125417
2023-04-27,2,1,3,66.66666666666666,291.8307699945737
2023-04-28,2,1,3,66.66666666666666,292.1828613704581
2023-05-02,2,1,3,66.66666666666666,297.4610369410501
2023-05-03,2,1,3,66.66666666666666,294.3735634016325
2023-05-04,2,1,3,66.66666666666666,295.8333771745209
2023-05-05,2,1,3,66.66666666666666,293.20470142536766
2023-05-08,3,0,3,100.0,299.3047848559559
2023-05-09,3,0,3,100.0,298.1231504639256
2023-05-10,3,0,3,100.0,301.88238074397594
2023-05-11,3,0,3,100.0,301.1110362908015
2023-05-12,3,0,3,100.0,299.2579097789226
2023-05-15,3,0,3,100.0,300.7810684570456
2023-05-16,2,1,3,66.66666666666666,301.48294631465836
2023-05-17,2,1,3,66.66666666666666,302.21128918704034
2023-05-18,2,1,3,66.66666666666666,302.3435471181936
2023-05-19,2,1,3,66.66666666666666,302.1306100301137
2023-05-22,2,1,3,66.66666666666666,301.3922405570328
2023-05-23,2,1,3,66.66666666666666,302.9480532557381
2023-05-24,2,1,3,66.66666666666666,303.1996829604093
2023-05-25,2,1,3,66.66666666666666,299.64330055776134
2023-05-26,3,0,3,100.0,300.9754257507315
2023-05-29,3,0,3,100.0,297.1853888925023
2023-05-30,3,0,3,100.0,297.0277943346841
2023-05-31,2,1,3,66.66666666666666,292.83078810439235
2023-06-01,2,1,3,66.66666666666666,290.64198471618835
2023-06-02,2,1,3,66.66666666666666,289.3679881748874
2023-06-05,3,0,3,100.0,292.19470541328536
2023-06-06,3,0,3,100.0,291.2571626296116
2023-06-07,3,0,3,100.0,292.062400273252
2023-06-08,3,0,3,100.0,293.1038516875659
2023-06-09,3,0,3,100.0,292.4519657155022
2023-06-12,3,0,3,100.0,292.9106721316073
2023-06-13,3,0,3,100.0,294.5781557411762
2023-06-14,3,0,3,100.0,296.3655531736613
2023-06-15,3,0,3,100.0,296.40408524975936
2023-06-16,3,0,3,100.0,297.28994294092416
2023-06-19,3,0,3,100.0,296.6742244150098
2023-06-20,3,0,3,100.0,295.8534711465811
2023-06-21,3,0,3,100.0,297.4924276214902
2023-06-22,3,0,3,100.0,294.22190406350836
2023-06-23,3,0,3,100.0,290.6879596443396
2023-06-26,3,0,3,100.0,289.11336790529396
2023-06-27,3,0,3,100.0,290.8881666906357
2023-06-28,3,0,3,100.0,291.90796636653704
2023-06-30,3,0,3,100.0,294.6417536852556
2023-07-03,3,0,3,100.0,298.7152255418431
2023-07-04,3,0,3,100.0,297.3008605199684
2023-07-05,3,0,3,100.0,299.2879173878634
2023-07-06,3,0,3,100.0,303.2353022438335
2023-07-07,3,0,3,100.0,303.17072264845535
2023-07-10,3,0,3,100.0,307.25855264479696
2023-07-11,3,0,3,100.0,309.2919490342227
2023-07-12,3,0,3,100.0,311.8026425857054
2023-07-13,3,0,3,100.0,311.0679583410324
2023-07-14,3,0,3,100.0,312.01892116370016
2023-07-17,3,0,3,100.0,312.10837572106425
2023-07-18,3,0,3,100.0,313.08039143106737
2023-07-19,3,0,3,100.0,314.433738271395
2023-07-20,3,0,3,100.0,316.5194362048097
2023-07-21,3,0,3,100.0,315.86021380016575
2023-07-24,3,0,3,100.0,314.3348454385821
2023-07-25,3,0,3,100.0,316.95015726960764
2023-07-26,3,0,3,100.0,321.6960567324721
2023-07-27,3,0,3,100.0,320.81973166888463
2023-07-28,3,0,3,100.0,321.67107591898014
2023-07-31,3,0,3,100.0,327.4940904788087
2023-08-01,3,0,3,100.0,325.2197940076832
2023-08-02,3,0,3,100.0,322.1002384082601
2023-08-03,3,0,3,100.0,318.76402466311254
2023-08-04,3,0,3,100.0,322.73600964931
2023-08-07,3,0,3,100.0,322.7273761386709
2023-08-08,3,0,3,100.0,322.68325835697584
2023-08-09,3,0,3,100.0,326.7354464517976
2023-08-10,3,0,3,100.0,328.8494490928238
2023-08-11,3,0,3,100.0,328.5601828171923
2023-08-14,3,0,3,100.0,330.76207483924645
2023-08-16,3,0,3,100.0,333.88802682667534
2023-08-17,3,0,3,100.0,332.52560626480425
2023-08-18,3,0,3,100.0,332.0504260456659
2023-08-21,3,0,3,100.0,332.3334576763783
2023-08-22,3,0,3,100.0,332.484197475949
2023-08-23,3,0,3,100.0,332.0652725768829
2023-08-24,3,0,3,100.0,328.10115253353604
2023-08-25,3,0,3,100.0,328.1447991611456
2023-08-28,3,0,3,100.0,324.71735203298164
2023-08-29,3,0,3,100.0,324.5980038679104
2023-08-30,3,0,3,100.0,323.9409063714634
2023-08-31,3,0,3,100.0,321.3685651696787
2023-09-01,3,0,3,100.0,326.27529814224437
2023-09-04,3,0,3,100.0,328.8572019486694
2023-09-05,3,0,3,100.0,330.5787920027881
2023-09-06,3,0,3,100.0,331.5463364497913
2023-09-07,3,0,3,100.0,330.6182811252369
2023-09-08,3,0,3,100.0,332.8135616923306
2023-09-11,3,0,3,100.0,333.37833766590626
2023-09-12,3,0,3,100.0,326.7428597263082
2023-09-13,3,0,3,100.0,329.6335539379049
2023-09-14,3,0,3,100.0,333.829918494807
2023-09-15,3,0,3,100.0,335.8373198299819
2023-09-18,3,0,3,100.0,335.4933733760539
2023-09-20,3,0,3,100.0,331.9327845905762
2023-09-21,3,0,3,100.0,328.3346948991063
2023-09-22,3,0,3,100.0,327.6148984008327
2023-09-25,3,0,3,100.0,327.31608955203467
2023-09-26,3,0,3,100.0,327.96999447033147
2023-09-27,3,0,3,100.0,333.4042248327689
2023-09-28,3,0,3,100.0,333.72645112305344
2023-09-29,3,0,3,100.0,339.36934873696003
2023-10-03,3,0,3,100.0,331.9822459407426
2023-10-04,3,0,3,100.0,330.663477610786
2023-10-05,3,0,3,100.0,330.685535578028
2023-10-06,3,0,3,100.0,330.71655090738597
2023-10-09,3,0,3,100.0,335.7066857473302
2023-10-10,3,0,3,100.0,340.2575408292455
2023-10-11,3,0,3,100.0,339.20542854430147
2023-10-12,3,0,3,100.0,340.51813874956537
2023-10-13,3,0,3,100.0,341.6428559582374
2023-10-16,3,0,3,100.0,344.08464591419255
2023-10-17,3,0,3,100.0,348.6616436394695
2023-10-18,3,0,3,100.0,346.41732960848935
2023-10-19,3,0,3,100.0,343.6343045796263
2023-10-20,3,0,3,100.0,342.6748464615689
2023-10-23,2,1,3,66.66666666666666,334.6980022740996
2023-10-25,2,1,3,66.66666666666666,331.97797607324094
2023-10-26,2,1,3,66.66666666666666,328.07205048872396
2023-10-27,2,1,3,66.66666666666666,332.7843963189471
2023-10-30,3,0,3,100.0,338.20052458655084
2023-10-31,3,0,3,100.0,333.5821278537821
2023-11-01,3,0,3,100.0,335.43278698559453
2023-11-02,3,0,3,100.0,335.7241388863586
2023-11-03,3,0,3,100.0,339.13908898008174
2023-11-06,3,0,3,100.0,344.9866103407062
2023-11-07,3,0,3,100.0,344.3091091130869
2023-11-08,3,0,3,100.0,345.7972402177369
2023-11-09,3,0,3,100.0,339.90252095217085
2023-11-10,3,0,3,100.0,343.29034888650443
2023-11-12,3,0,3,100.0,345.57592911997443
2023-11-13,3,0,3,100.0,346.39250301859374
2023-11-15,3,0,3,100.0,350.44162824590643
2023-11-16,3,0,3,100.0,355.4068141915982
2023-11-17,3,0,3,100.0,349.17800870490845
2023-11-20,3,0,3,100.0,349.2993199727157
2023-11-21,3,0,3,100.0,347.8080567075119
2023-11-22,3,0,3,100.0,348.00655706823636
2023-11-23,3,0,3,100.0,346.4676533999462
2023-11-24,3,0,3,100.0,345.16507122778296
2023-11-28,3,0,3,100.0,348.31545561159555
2023-11-29,3,0,3,100.0,351.97820620548447
2023-11-30,3,0,3,100.0,350.60481173500125
2023-12-01,3,0,3,100.0,352.99305700243525
2023-12-04,3,0,3,100.0,365.7501346807114
2023-12-05,3,0,3,100.0,365.2040379575108
2023-12-06,3,0,3,100.0,364.6396625337523
2023-12-07,3,0,3,100.0,361.3311061506746
2023-12-08,3,0,3,100.0,360.75565724806575
2023-12-11,3,0,3,100.0,361.63497723759986
2023-12-12,3,0,3,100.0,356.1541211735628
2023-12-13,3,0,3,100.0,354.30382898591637
2023-12-14,3,0,3,100.0,362.907490777789
2023-12-15,3,0,3,100.0,367.2083586705375
2023-12-18,3,0,3,100.0,366.6950354070444
2023-12-19,3,0,3,100.0,376.65662996205856
2023-12-20,3,0,3,100.0,384.01629366413925
2023-12-21,3,0,3,100.0,391.05382263384513
2023-12-22,3,0,3,100.0,390.94349448867524
2023-12-26,3,0,3,100.0,396.7265929648483
2023-12-27,3,0,3,100.0,396.23785434030924
2023-12-28,3,0,3,100.0,399.09790157736455
2023-12-29,3,0,3,100.0,392.30311047978574
2024-01-01,3,0,3,100.0,395.081696239425
2024-01-02,3,0,3,100.0,398.84455435592486
2024-01-03,3,0,3,100.0,399.00184320764464
2024-01-04,3,0,3,100.0,402.7593096636432
2024-01-05,3,0,3,100.0,403.63215170541105
2024-01-08,3,0,3,100.0,401.30401827543443
2024-01-09,3,0,3,100.0,400.15198126222043
2024-01-10,3,0,3,100.0,397.6150190937108
2024-01-11,3,0,3,100.0,404.196381807162
2024-01-12,3,0,3,100.0,413.0650189149569
2024-01-15,3,0,3,100.0,429.53460422699203
2024-01-16,3,0,3,100.0,425.93113383679724
2024-01-17,3,0,3,100.0,419.8241610771474
2024-01-18,3,0,3,100.0,426.5581542154643
2024-01-19,3,0,3,100.0,437.7395115613374
2024-01-20,3,0,3,100.0,439.3829290499351
2024-01-23,3,0,3,100.0,420.6524157478215
2024-01-24,3,0,3,100.0,426.9098162335438
2024-01-25,3,0,3,100.0,428.19779177480655
2024-01-29,3,0,3,100.0,453.18590967996914
2024-01-30,3,0,3,100.0,452.65560723479393
2024-01-31,3,0,3,100.0,455.62471921540924
2024-02-01,3,0,3,100.0,456.3653628794201
2024-02-02,3,0,3,100.0,469.25103979275445
2024-02-05,3,0,3,100.0,475.12302292175434
2024-02-06,3,0,3,100.0,486.9294398836083
2024-02-07,3,0,3,100.0,490.5494248250616
2024-02-08,3,0,3,100.0,500.77357478299643
2024-02-09,3,0,3,100.0,499.55028955462143
2024-02-12,3,0,3,100.0,477.3433221891763
2024-02-13,3,0,3,100.0,480.0496926988122
2024-02-14,3,0,3,100.0,497.4352195578117
2024-02-15,3,0,3,100.0,522.8507169958523
2024-02-16,3,0,3,100.0,525.8049944097695
2024-02-19,3,0,3,100.0,533.662729858482
2024-02-20,3,0,3,100.0,537.7101468035778
2024-02-21,3,0,3,100.0,529.1598643810044
2024-02-22,3,0,3,100.0,535.9880838817658
2024-02-23,3,0,3,100.0,533.7341522715776
2024-02-26,3,0,3,100.0,524.9520149145435
2024-02-27,3,0,3,100.0,525.7507708968335
2024-02-28,3,0,3,100.0,517.6848140983858
2024-02-29,3,0,3,100.0,511.28379052112416
2024-03-01,3,0,3,100.0,532.0544838613271
2024-03-02,3,0,3,100.0,533.8983368630986
2024-03-04,3,0,3,100.0,550.2775444438017
2024-03-05,3,0,3,100.0,554.3278919130088
2024-03-06,3,0,3,100.0,553.081185975394
2024-03-07,3,0,3,100.0,547.6230310717884
2024-03-11,3,0,3,100.0,539.1375033592748
2024-03-12,3,0,3,100.0,537.0837775782802
2024-03-13,3,0,3,100.0,510.50506793090784
2024-03-14,3,0,3,100.0,515.493769929166
2024-03-15,3,0,3,100.0,505.7194426921485
2024-03-18,3,0,3,100.0,509.50123774910736
2024-03-19,3,0,3,100.0,506.4530390022579
2024-03-20,3,0,3,100.0,517.6722553454393
2024-03-21,3,0,3,100.0,525.8087428891337
2024-03-22,3,0,3,100.0,523.7692905904207
2024-03-26,3,0,3,100.0,532.5609422439912
2024-03-27,3,0,3,100.0,532.6951264353517
2024-03-28,3,0,3,100.0,536.5662543036834
2024-04-01,3,0,3,100.0,534.9150651515947
2024-04-02,3,0,3,100.0,548.6904016445208
2024-04-03,3,0,3,100.0,550.3261879192798
2024-04-04,3,0,3,100.0,541.0029464951575
2024-04-05,3,0,3,100.0,541.8796027177641
2024-04-08,3,0,3,100.0,545.6398101352253
2024-04-09,3,0,3,100.0,543.4316391133638
2024-04-10,3,0,3,100.0,548.0752184027929
2024-04-12,3,0,3,100.0,536.2815232283153
2024-04-15,3,0,3,100.0,548.6777269120857
2024-04-16,3,0,3,100.0,551.2734216742773
2024-04-18,3,0,3,100.0,539.4133761229241
2024-04-19,3,0,3,100.0,539.8632275020136
2024-04-22,3,0,3,100.0,541.1520106311616
2024-04-23,3,0,3,100.0,536.8215228474154
2024-04-24,3,0,3,100.0,542.6791808049187
2024-04-25,3,0,3,100.0,546.819232635053
2024-04-26,3,0,3,100.0,551.2231870222467
2024-04-29,3,0,3,100.0,550.8614177178961
2024-04-30,3,0,3,100.0,550.6159217951948
2024-05-02,3,0,3,100.0,553.5755347316482
2024-05-03,3,0,3,100.0,551.6918099321168
2024-05-06,3,0,3,100.0,548.113039658676
2024-05-07,3,0,3,100.0,541.1763211447499
2024-05-08,3,0,3,100.0,546.6503520114451
2024-05-09,3,0,3,100.0,529.2509093858353
2024-05-10,3,0,3,100.0,534.7595099592669
2024-05-13,3,0,3,100.0,527.6901826931341
2024-05-14,3,0,3,100.0,538.2766591895171
2024-05-15,3,0,3,100.0,542.0675244238313
2024-05-16,3,0,3,100.0,547.3562202668871
2024-05-17,3,0,3,100.0,548.9787428274101
2024-05-18,3,0,3,100.0,551.9359528013238
2024-05-21,3,0,3,100.0,557.8081026015257
2024-05-22,3,0,3,100.0,557.4751707712977
2024-05-23,3,0,3,100.0,563.5286487047067
2024-05-24,3,0,3,100.0,565.0629086086458
2024-05-27,3,0,3,100.0,561.3788192028551
2024-05-28,3,0,3,100.0,553.4843772095157
2024-05-29,3,0,3,100.0,545.458876229044
2024-05-30,3,0,3,100.0,537.7216754838752
2024-05-31,3,0,3,100.0,538.7209496853975
2024-06-03,3,0,3,100.0,571.6765066715155
2024-06-04,3,0,3,100.0,504.04206008390605
2024-06-05,3,0,3,100.0,510.8716125644123
2024-06-06,3,0,3,100.0,524.2459015810086
2024-06-07,3,0,3,100.0,535.8972036457308
2024-06-10,3,0,3,100.0,532.9218567902252
2024-06-11,3,0,3,100.0,553.0965337704841
2024-06-12,3,0,3,100.0,559.1470086254944
2024-06-13,3,0,3,100.0,564.4929533222919
2024-06-14,3,0,3,100.0,571.2860135336446
2024-06-18,3,0,3,100.0,569.6962823699754
2024-06-19,3,0,3,100.0,565.3989182786986
2024-06-20,3,0,3,100.0,564.4800202698248
2024-06-21,3,0,3,100.0,564.5188856386371
2024-06-24,3,0,3,100.0,562.8450619968476
2024-06-25,3,0,3,100.0,562.5325983686113
2024-06-26,3,0,3,100.0,571.2225883134695
2024-06-27,3,0,3,100.0,574.3047475607372
2024-06-28,3,0,3,100.0,588.2901570050494
2024-07-01,3,0,3,100.0,584.2434285442978
2024-07-02,3,0,3,100.0,590.0934505019804
2024-07-03,3,0,3,100.0,592.4162381474138
2024-07-04,3,0,3,100.0,593.1329300557213
2024-07-05,3,0,3,100.0,604.3474317567953
2024-07-08,3,0,3,100.0,617.8996651397878
2024-07-09,3,0,3,100.0,619.1104717219285
2024-07-10,3,0,3,100.0,620.3106841750493
2024-07-11,3,0,3,100.0,639.8025470567043
2024-07-12,3,0,3,100.0,668.1746827884767
2024-07-15,3,0,3,100.0,688.2033784500795
2024-07-16,3,0,3,100.0,678.0423407462465
2024-07-18,3,0,3,100.0,673.5984379306492
2024-07-19,3,0,3,100.0,655.6828513978088
2024-07-22,3,0,3,100.0,642.7474029580944
2024-07-23,3,0,3,100.0,633.819852813411
2024-07-24,3,0,3,100.0,636.6903756896814
2024-07-25,3,0,3,100.0,656.1520456391272
2024-07-26,3,0,3,100.0,653.4415815723053
2024-07-29,3,0,3,100.0,663.5670085753461
2024-07-30,3,0,3,100.0,662.9011724225029
2024-07-31,3,0,3,100.0,661.2199370312014
2024-08-01,3,0,3,100.0,675.8498774866531
2024-08-02,3,0,3,100.0,668.4087522021509
2024-08-05,3,0,3,100.0,636.1250411194623
2024-08-06,3,0,3,100.0,632.9646347240862
2024-08-07,3,0,3,100.0,667.2626468520026
2024-08-08,3,0,3,100.0,658.7712077450933
2024-08-09,3,0,3,100.0,680.432219048793
2024-08-12,3,0,3,100.0,692.5028860362921
2024-08-13,3,0,3,100.0,696.278346735853
2024-08-14,3,0,3,100.0,681.0354321329836
2024-08-16,3,0,3,100.0,691.0547197172332
2024-08-19,3,0,3,100.0,701.4428798978552
2024-08-20,3,0,3,100.0,693.2892902925985
2024-08-21,3,0,3,100.0,691.5490991143056
2024-08-22,3,0,3,100.0,692.4903630116397
2024-08-23,3,0,3,100.0,690.8629874581227
2024-08-26,3,0,3,100.0,706.2228282480746
2024-08-27,3,0,3,100.0,710.4797192588596
2024-08-28,3,0,3,100.0,711.9714815289824
2024-08-29,3,0,3,100.0,719.3087034997869
2024-08-30,3,0,3,100.0,721.5109678267
2024-09-02,3,0,3,100.0,714.4705373342421
2024-09-03,3,0,3,100.0,711.6115860729233
2024-09-04,3,0,3,100.0,691.2517468887103
2024-09-05,3,0,3,100.0,676.5338150468664
2024-09-06,3,0,3,100.0,660.7744945396008
2024-09-09,3,0,3,100.0,655.8503254987196
2024-09-10,3,0,3,100.0,644.6268720020313
2024-09-11,3,0,3,100.0,626.0671063476547
2024-09-12,3,0,3,100.0,635.5497385031167
2024-09-13,3,0,3,100.0,635.0827518143118
2024-09-16,3,0,3,100.0,643.6150954241464
2024-09-17,3,0,3,100.0,648.1023624301463
2024-09-18,3,0,3,100.0,636.5093877470885
2024-09-19,3,0,3,100.0,625.2516285156036
2024-09-20,3,0,3,100.0,625.1318942402306
2024-09-23,3,0,3,100.0,640.001163402457
2024-09-24,3,0,3,100.0,646.1848055605271
2024-09-25,3,0,3,100.0,641.2546830554498
2024-09-26,3,0,3,100.0,633.9665739421863
2024-09-27,3,0,3,100.0,647.8262806268376
2024-09-30,3,0,3,100.0,638.8539033316333
2024-10-01,3,0,3,100.0,628.7521122196017
2024-10-03,2,1,3,66.66666666666666,609.5102568706899
2024-10-04,2,1,3,66.66666666666666,621.5852233005895
2024-10-07,2,1,3,66.66666666666666,605.9653494967054
2024-10-08,2,1,3,66.66666666666666,619.4148998568245
2024-10-09,2,1,3,66.66666666666666,615.7647358474502
2024-10-10,2,1,3,66.66666666666666,614.751411087908
2024-10-11,2,1,3,66.66666666666666,621.9181399618686
2024-10-14,2,1,3,66.66666666666666,618.3158867693262
2024-10-15,2,1,3,66.66666666666666,602.5831602567912
2024-10-16,2,1,3,66.66666666666666,593.709882341955
2024-10-17,2,1,3,66.66666666666666,590.6300315350219
2024-10-18,2,1,3,66.66666666666666,595.3477864724617
2024-10-21,1,2,3,33.33333333333333,590.7976771781779
2024-10-22,1,2,3,33.33333333333333,578.0073445306998
2024-10-23,1,2,3,33.33333333333333,573.0059888346943
2024-10-24,1,2,3,33.33333333333333,573.9586178326193
2024-10-25,1,2,3,33.33333333333333,559.3254879794295
2024-10-28,1,2,3,33.33333333333333,556.1713972604822
2024-10-29,1,2,3,33.33333333333333,559.4420255527986
2024-10-30,0,3,3,0.0,554.4185607396682
2024-10-31,0,3,3,0.0,556.183111126345
2024-11-01,0,3,3,0.0,561.4938022493791
2024-11-04,0,3,3,0.0,551.6711460482699
2024-11-05,1,2,3,33.33333333333333,562.6434821123904
2024-11-06,1,2,3,33.33333333333333,577.8450959816494
2024-11-07,1,2,3,33.33333333333333,572.0241060984177
2024-11-08,1,2,3,33.33333333333333,561.104516669516
2024-11-11,1,2,3,33.33333333333333,554.7157007384172
2024-11-12,1,2,3,33.33333333333333,550.805209902782
2024-11-13,0,3,3,0.0,539.1851845647373
2024-11-14,0,3,3,0.0,539.2692458614154
2024-11-18,0,3,3,0.0,537.0561067003752
2024-11-19,1,2,3,33.33333333333333,541.7212485431997
2024-11-21,1,2,3,33.33333333333333,534.9726383427518
2024-11-22,1,2,3,33.33333333333333,551.4368515161754
2024-11-25,1,2,3,33.33333333333333,567.9843747813047
2024-11-26,1,2,3,33.33333333333333,561.3108641213921
2024-11-27,1,2,3,33.33333333333333,561.2463812293857
2024-11-28,1,2,3,33.33333333333333,556.3683575307456
2024-11-29,1,2,3,33.33333333333333,557.6014643009662
2024-12-02,0,3,3,0.0,556.3928137536514
2024-12-03,0,3,3,0.0,566.0905766647852
2024-12-04,0,3,3,0.0,562.3957335356896
2024-12-05,0,3,3,0.0,558.8198992631903
2024-12-06,0,3,3,0.0,556.9015351831076
2024-12-09,0,3,3,0.0,551.0036428133394
2024-12-10,0,3,3,0.0,548.6933608208558
2024-12-11,0,3,3,0.0,547.6306033624124
2024-12-12,0,3,3,0.0,542.3291730588807
2024-12-13,0,3,3,0.0,539.300725817552
2024-12-16,0,3,3,0.0,539.6361210773144
2024-12-17,0,3,3,0.0,526.8344893839454
2024-12-18,0,3,3,0.0,525.8855119821567
2024-12-19,0,3,3,0.0,518.5065704062207
2024-12-20,0,3,3,0.0,504.8265681629374
2024-12-23,0,3,3,0.0,509.40265909304685
2024-12-24,0,3,3,0.0,510.1237888106935
2024-12-26,0,3,3,0.0,510.7660196436006
2024-12-27,0,3,3,0.0,508.2642889420773
2024-12-30,0,3,3,0.0,502.2545558119294
2024-12-31,0,3,3,0.0,511.4161511031772
2025-01-01,0,3,3,0.0,513.1038637362658
2025-01-02,0,3,3,0.0,532.8167674087708
2025-01-03,0,3,3,0.0,550.2307115881681
2025-01-06,0,3,3,0.0,533.2410538948083
2025-01-07,0,3,3,0.0,549.421679951603
2025-01-08,0,3,3,0.0,565.2076998910112
2025-01-09,0,3,3,0.0,548.4840023607816
2025-01-10,0,3,3,0.0,542.1353426985929
2025-01-13,0,3,3,0.0,535.4606445629695
2025-01-14,0,3,3,0.0,543.5711025268872
2025-01-15,0,3,3,0.0,543.5858898746642
2025-01-16,0,3,3,0.0,551.7926221645282
2025-01-17,0,3,3,0.0,560.9384345290392
2025-01-20,0,3,3,0.0,566.8847210930621
2025-01-21,0,3,3,0.0,556.0615276043663
2025-01-22,0,3,3,0.0,547.558347661297
2025-01-23,0,3,3,0.0,543.7196341609801
2025-01-24,0,3,3,0.0,525.962464605651
2025-01-27,0,3,3,0.0,512.2895182776095
2025-01-28,0,3,3,0.0,507.5297455441996
2025-01-29,0,3,3,0.0,514.0047711894032
2025-01-30,0,3,3,0.0,524.352388106367
2025-01-31,0,3,3,0.0,531.1729665837449
2025-02-01,0,3,3,0.0,523.585542358322
2025-02-03,0,3,3,0.0,508.4540969714139
2025-02-04,0,3,3,0.0,521.8435808023362
2025-02-05,0,3,3,0.0,537.2835805110893
2025-02-06,0,3,3,0.0,531.2496275539476
2025-02-07,0,3,3,0.0,527.5278545910597
2025-02-10,0,3,3,0.0,513.0669273291378
2025-02-11,0,3,3,0.0,510.96638682074695
2025-02-12,0,3,3,0.0,509.5480889800422
2025-02-13,0,3,3,0.0,505.84086277102085
2025-02-14,0,3,3,0.0,496.0483220071552
2025-02-17,0,3,3,0.0,504.1035496874394
2025-02-18,0,3,3,0.0,505.4547028304656
2025-02-19,0,3,3,0.0,506.0170976455042
2025-02-20,0,3,3,0.0,513.2856385860701
2025-02-21,0,3,3,0.0,505.6094602980833
2025-02-24,0,3,3,0.0,494.0029139741082
2025-02-25,0,3,3,0.0,488.8418332688044
2025-02-27,0,3,3,0.0,485.0185317688412
2025-02-28,0,3,3,0.0,469.8057510233926
2025-03-03,0,3,3,0.0,465.47786854055715
2025-03-04,0,3,3,0.0,469.69974286082027
2025-03-05,0,3,3,0.0,480.62967387431144
2025-03-06,0,3,3,0.0,489.5648762591234
2025-03-07,0,3,3,0.0,494.1175644441786
2025-03-10,0,3,3,0.0,482.6814948694346
2025-03-11,0,3,3,0.0,489.17604243665426
2025-03-12,0,3,3,0.0,487.7440605013133
2025-03-13,0,3,3,0.0,491.16310056954956
2025-03-17,0,3,3,0.0,494.2613536199629
2025-03-18,0,3,3,0.0,499.2944761864768
2025-03-19,0,3,3,0.0,500.7605182064042
2025-03-20,0,3,3,0.0,508.23021257964695
2025-03-21,0,3,3,0.0,515.0984213046247
2025-03-24,0,3,3,0.0,521.5241148976385
2025-03-25,0,3,3,0.0,514.7686271278261
2025-03-26,0,3,3,0.0,507.1888096725139
2025-03-27,0,3,3,0.0,511.88643668033234
2025-03-28,0,3,3,0.0,514.7482887444411
2025-04-01,0,3,3,0.0,512.3207999994181
2025-04-02,0,3,3,0.0,516.8386028049573
2025-04-03,0,3,3,0.0,508.8046778728385
2025-04-04,0,3,3,0.0,478.33644775353446
2025-04-07,0,3,3,0.0,462.3593686957198
2025-04-08,0,3,3,0.0,473.9018867386255
2025-04-09,0,3,3,0.0,469.3349153072221
2025-04-11,0,3,3,0.0,483.8505544935108
2025-04-15,0,3,3,0.0,491.4414059205937
2025-04-16,0,3,3,0.0,502.8691860780332
2025-04-17,0,3,3,0.0,511.9105086625063
2025-04-21,0,3,3,0.0,524.2128111994261
2025-04-22,0,3,3,0.0,525.8312971954118
2025-04-23,0,3,3,0.0,531.3677957397772
2025-04-24,0,3,3,0.0,527.768844892953
2025-04-25,0,3,3,0.0,524.0418949031966
2025-04-28,1,2,3,33.33333333333333,538.7949526695303
2025-04-29,1,2,3,33.33333333333333,539.0129535746853
2025-04-30,1,2,3,33.33333333333333,541.5924457100198
2025-05-02,1,2,3,33.33333333333333,540.4963563754606
2025-05-05,1,2,3,33.33333333333333,538.3667827358213
2025-05-06,1,2,3,33.33333333333333,532.5958633661035
2025-05-07,1,2,3,33.33333333333333,535.8188653509982
2025-05-08,1,2,3,33.33333333333333,528.3554579867682
2025-05-09,1,2,3,33.33333333333333,527.9042431157013
2025-05-12,1,2,3,33.33333333333333,548.0040489415703
2025-05-13,1,2,3,33.33333333333333,539.2704604847332
2025-05-14,1,2,3,33.33333333333333,549.0196407649235
2025-05-15,1,2,3,33.33333333333333,555.6333518660996
2025-05-16,1,2,3,33.33333333333333,556.2729695823305
2025-05-19,1,2,3,33.33333333333333,553.3538569819877
2025-05-20,1,2,3,33.33333333333333,553.4372856650288
2025-05-21,1,2,3,33.33333333333333,554.9982953816636
2025-05-22,1,2,3,33.33333333333333,543.6852639742074
2025-05-23,1,2,3,33.33333333333333,551.1422295080674
2025-05-26,1,2,3,33.33333333333333,554.2058059500689
2025-05-27,1,2,3,33.33333333333333,553.0739348774257
2025-05-28,1,2,3,33.33333333333333,549.9799386505874
2025-05-29,1,2,3,33.33333333333333,556.9045580544288
2025-05-30,1,2,3,33.33333333333333,547.2385273073783
2025-06-02,1,2,3,33.33333333333333,544.1159925753142
2025-06-03,1,2,3,33.33333333333333,539.9389367012703
2025-06-04,1,2,3,33.33333333333333,545.7839268055781
2025-06-05,1,2,3,33.33333333333333,546.9152736947342
2025-06-06,1,2,3,33.33333333333333,549.6515012873504
2025-06-09,1,2,3,33.33333333333333,556.6241015722385
2025-06-10,1,2,3,33.33333333333333,558.1090591313892
2025-06-11,2,1,3,66.66666666666666,573.3278493693173
2025-06-12,2,1,3,66.66666666666666,574.0504142738033
2025-06-13,2,1,3,66.66666666666666,578.8745973568816
2025-06-16,3,0,3,100.0,585.5153099435882
2025-06-17,3,0,3,100.0,580.1387762703642
2025-06-18,2,1,3,66.66666666666666,575.038056827491
2025-06-19,3,0,3,100.0,576.467335531929
2025-06-20,3,0,3,100.0,579.1057185950746
2025-06-23,3,0,3,100.0,580.5084414488499
2025-06-24,1,2,3,33.33333333333333,563.1710682031232
2025-06-25,1,2,3,33.33333333333333,561.7591780763743
2025-06-26,1,2,3,33.33333333333333,568.0247112494162
2025-06-27,1,2,3,33.33333333333333,565.2899393833034
2025-06-30,1,2,3,33.33333333333333,564.8900542294388
2025-07-01,1,2,3,33.33333333333333,567.8174822009257
2025-07-02,1,2,3,33.33333333333333,565.4716048978765
2025-07-03,2,1,3,66.66666666666666,575.0502585969767
2025-07-04,2,1,3,66.66666666666666,574.137707837931
2025-07-07,1,2,3,33.33333333333333,570.8029407993014
2025-07-08,2,1,3,66.66666666666666,572.756140245259
2025-07-09,2,1,3,66.66666666666666,571.5239887120288
2025-07-10,1,2,3,33.33333333333333,567.7156638984042
2025-07-11,1,2,3,33.33333333333333,561.6870228781956
2025-07-14,2,1,3,66.66666666666666,568.0206494549653
2025-07-15,2,1,3,66.66666666666666,567.8111869124866
2025-07-16,2,1,3,66.66666666666666,567.4544597458066
2025-07-17,2,1,3,66.66666666666666,567.0775288421954
2025-07-18,2,1,3,66.66666666666666,569.53150730324
2025-07-21,2,1,3,66.66666666666666,564.7236245123141
2025-07-22,3,0,3,100.0,562.9051048377328
2025-07-23,2,1,3,66.66666666666666,564.6696110195137
2025-07-24,2,1,3,66.66666666666666,558.5730021527796
2025-07-25,1,2,3,33.33333333333333,548.5516180008165
2025-07-28,1,2,3,33.33333333333333,544.2535025368009
2025-07-29,2,1,3,66.66666666666666,555.3118282838711
2025-07-30,2,1,3,66.66666666666666,556.4032140805224
2025-07-31,2,1,3,66.66666666666666,551.1631031657465
2025-08-01,2,1,3,66.66666666666666,545.9318044710134
2025-08-04,1,2,3,33.33333333333333,544.5695901425574
2025-08-05,2,1,3,66.66666666666666,543.5092885951541
2025-08-06,2,1,3,66.66666666666666,542.6855209249732
2025-08-07,2,1,3,66.66666666666666,542.4305371709244
2025-08-08,2,1,3,66.66666666666666,539.3455033586895
2025-08-11,1,2,3,33.33333333333333,538.3122924920776
2025-08-12,1,2,3,33.33333333333333,539.5885297155269
2025-08-13,1,2,3,33.33333333333333,534.6225289377124
2025-08-14,1,2,3,33.33333333333333,530.1671601352945
2025-08-18,1,2,3,33.33333333333333,532.4020097675115
2025-08-19,1,2,3,33.33333333333333,540.109955193195
2025-08-20,1,2,3,33.33333333333333,539.1581400487871
2025-08-21,1,2,3,33.33333333333333,542.1642789140849
2025-08-22,1,2,3,33.33333333333333,538.0528570137255
2025-08-25,1,2,3,33.33333333333333,538.8204320797605
2025-08-26,1,2,3,33.33333333333333,528.7638158967359
2025-08-28,1,2,3,33.33333333333333,524.5774497233353
2025-08-29,1,2,3,33.33333333333333,521.1065425015609
2025-09-01,1,2,3,33.33333333333333,528.7470361197871
2025-09-02,1,2,3,33.33333333333333,531.83693059865
2025-09-03,1,2,3,33.33333333333333,532.62604398646
2025-09-04,1,2,3,33.33333333333333,525.9530894641348
2025-09-05,1,2,3,33.33333333333333,528.042626725823
2025-09-08,1,2,3,33.33333333333333,525.3118759822025
2025-09-09,1,2,3,33.33333333333333,524.3841063555248
2025-09-10,1,2,3,33.33333333333333,523.9717626731315
2025-09-11,1,2,3,33.33333333333333,528.0590663888502
2025-09-12,1,2,3,33.33333333333333,530.8363711983436
2025-09-15,1,2,3,33.33333333333333,529.0984957553742
2025-09-16,1,2,3,33.33333333333333,533.745244575158
2025-09-17,1,2,3,33.33333333333333,538.2725744238294
2025-09-18,1,2,3,33.33333333333333,535.4914246338453
2025-09-19,1,2,3,33.33333333333333,537.557391189347
2025-09-22,1,2,3,33.33333333333333,538.3150261661094
2025-09-23,1,2,3,33.33333333333333,535.5390136682389
2025-09-24,1,2,3,33.33333333333333,536.973171440666
2025-09-25,1,2,3,33.33333333333333,540.0740333833021
2025-09-26,1,2,3,33.33333333333333,537.5420553969392
2025-09-29,2,1,3,66.66666666666666,541.4505178051824
2025-09-30,1,2,3,33.33333333333333,538.4402606885599
2025-10-01,2,1,3,66.66666666666666,540.6272102945297
2025-10-03,3,0,3,100.0,541.8788489167904
2025-10-06,3,0,3,100.0,547.0065105337299
2025-10-07,3,0,3,100.0,549.3192161949574
2025-10-08,3,0,3,100.0,541.9496733352472
2025-10-09,3,0,3,100.0,544.9807884005722
2025-10-10,3,0,3,100.0,547.827212643924
2025-10-13,3,0,3,100.0,544.5096908087091
2025-10-14,2,1,3,66.66666666666666,544.0504331711775
2025-10-15,3,0,3,100.0,550.0047450693328
2025-10-16,3,0,3,100.0,551.1591395726565
2025-10-17,2,1,3,66.66666666666666,549.4249901671195
2025-10-20,2,1,3,66.66666666666666,555.7911837513417
2025-10-21,2,1,3,66.66666666666666,554.9679627129274
2025-10-23,3,0,3,100.0,560.8844331356569
2025-10-24,3,0,3,100.0,564.2017797624733
2025-10-27,3,0,3,100.0,568.4435044513592
2025-10-28,2,1,3,66.66666666666666,562.4516896721626
2025-10-29,3,0,3,100.0,571.9697613765269
2025-10-30,3,0,3,100.0,575.6129714018663
2025-10-31,3,0,3,100.0,575.3576276015694
2025-11-03,3,0,3,100.0,578.3908344683595
2025-11-04,3,0,3,100.0,570.5653834479979
2025-11-06,3,0,3,100.0,573.5774249503025
2025-11-07,3,0,3,100.0,572.0834820691007
2025-11-10,3,0,3,100.0,572.1011165930095
2025-11-11,3,0,3,100.0,572.9797529977811
2025-11-12,3,0,3,100.0,580.94162442797
2025-11-13,3,0,3,100.0,575.6352188356043
2025-11-14,3,0,3,100.0,579.8662107213288
2025-11-17,3,0,3,100.0,579.8756837613986
2025-11-18,3,0,3,100.0,577.8736200484672
2025-11-19,3,0,3,100.0,580.9650163843552
2025-11-20,3,0,3,100.0,583.7884350312387
2025-11-21,3,0,3,100.0,579.1710221738226
2025-11-24,3,0,3,100.0,574.8760915525302
2025-11-25,3,0,3,100.0,575.2433095000392
2025-11-26,3,0,3,100.0,581.7972179719138
2025-11-27,3,0,3,100.0,575.3705004622313
2025-11-28,3,0,3,100.0,573.4451311700124
2025-12-01,3,0,3,100.0,574.9785850684232
2025-12-02,3,0,3,100.0,572.6792756812716
2025-12-03,3,0,3,100.0,566.2682720421504
2025-12-04,2,1,3,66.66666666666666,566.4417293270217
2025-12-05,3,0,3,100.0,568.0349651762524
2025-12-08,2,1,3,66.66666666666666,562.5257699618879
2025-12-09,2,1,3,66.66666666666666,560.9591704396194
2025-12-10,2,1,3,66.66666666666666,560.4935669204013
2025-12-11,2,1,3,66.66666666666666,563.1274154015325
2025-12-12,2,1,3,66.66666666666666,563.9857326326652
2025-12-15,1,2,3,33.33333333333333,561.4686927694887
2025-12-16,1,2,3,33.33333333333333,556.4420405168212
2025-12-17,1,2,3,33.33333333333333,555.6145316892455
2025-12-18,1,2,3,33.33333333333333,555.6817010674071
2025-12-19,1,2,3,33.33333333333333,561.2837500925425
2025-12-22,1,2,3,33.33333333333333,563.9902057120685
2025-12-23,1,2,3,33.33333333333333,566.4489328542002
2025-12-24,1,2,3,33.33333333333333,562.9458505251118
2025-12-26,1,2,3,33.33333333333333,560.854032757817
2025-12-29,1,2,3,33.33333333333333,561.1023934125458
2025-12-30,1,2,3,33.33333333333333,562.659746743502
2025-12-31,3,0,3,100.0,576.8225988812015
2026-01-01,3,0,3,100.0,576.9574578383946
2026-01-02,3,0,3,100.0,582.4257859073537
2026-01-05,3,0,3,100.0,573.9331220547168
2026-01-06,3,0,3,100.0,571.0140943002141
2026-01-07,3,0,3,100.0,565.1599433994195
2026-01-08,1,2,3,33.33333333333333,551.1266680823044
2026-01-09,2,1,3,66.66666666666666,558.359385070472
2026-01-12,2,1,3,66.66666666666666,563.1032081658221
2026-01-13,3,0,3,100.0,575.5172686750959
2026-01-14,3,0,3,100.0,584.1373207941101
2026-01-16,3,0,3,100.0,584.1373207941101
2026-01-19,2,1,3,66.66666666666666,569.4455558587555
2026-01-20,2,1,3,66.66666666666666,561.7282239148163
2026-01-21,2,1,3,66.66666666666666,566.6801756736533
2026-01-22,2,1,3,66.66666666666666,568.9394175701672
2026-01-23,2,1,3,66.66666666666666,567.5306428543169
2026-01-27,2,1,3,66.66666666666666,574.256943235311
2026-01-28,2,1,3,66.66666666666666,610.3318757730174
2026-01-29,2,1,3,66.66666666666666,624.7182361032512
2026-01-30,2,1,3,66.66666666666666,618.6134342960763
2026-02-01,2,1,3,66.66666666666666,596.8863859889909
2026-02-02,2,1,3,66.66666666666666,595.6878709073886
2026-02-03,2,1,3,66.66666666666666,607.0426033504309
2026-02-04,3,0,3,100.0,625.1832121915677
2026-02-05,2,1,3,66.66666666666666,621.4886056752841
2026-02-06,3,0,3,100.0,621.8388511845314
2026-02-09,3,0,3,100.0,618.5693726711239
2026-02-10,3,0,3,100.0,621.9195321230558
2026-02-11,3,0,3,100.0,621.1645072770516
2026-02-12,3,0,3,100.0,617.791720173555
2026-02-13,2,1,3,66.66666666666666,598.4579299029014
2026-02-16,2,1,3,66.66666666666666,607.759587461802
2026-02-17,2,1,3,66.66666666666666,606.3888785041701
2026-02-18,2,1,3,66.66666666666666,606.3503862318371
2026-02-19,2,1,3,66.66666666666666,619.9310054915842
2026-02-20,2,1,3,66.66666666666666,623.8934654983503
2026-02-23,2,1,3,66.66666666666666,622.1273385095835
2026-02-24,2,1,3,66.66666666666666,622.204518185084
2026-02-25,2,1,3,66.66666666666666,617.6623484191732
2026-02-26,2,1,3,66.66666666666666,622.2518110540996
2026-02-27,2,1,3,66.66666666666666,624.6317480794864
2026-03-02,2,1,3,66.66666666666666,622.9159158631901
2026-03-04,2,1,3,66.66666666666666,618.7884165660987
2026-03-05,2,1,3,66.66666666666666,619.7016028006076
2026-03-06,2,1,3,66.66666666666666,626.2628805465691
2026-03-09,2,1,3,66.66666666666666,618.5143252861997
2026-03-10,2,1,3,66.66666666666666,613.573293401084
2026-03-11,2,1,3,66.66666666666666,617.331601215594
2026-03-12,2,1,3,66.66666666666666,616.0261878881645
2026-03-13,2,1,3,66.66666666666666,605.6859174528574
2026-03-16,2,1,3,66.66666666666666,600.517596897362
2026-03-17,2,1,3,66.66666666666666,610.1197150951261
2026-03-18,2,1,3,66.66666666666666,610.4230604865389
2026-03-19,2,1,3,66.66666666666666,613.0588025928332
2026-03-20,2,1,3,66.66666666666666,613.9530955090664
2026-03-23,2,1,3,66.66666666666666,608.3669628386017
2026-03-24,2,1,3,66.66666666666666,616.7339607811952
2026-03-25,2,1,3,66.66666666666666,615.7548631394105
2026-03-27,2,1,3,66.66666666666666,618.1130064366763
2026-03-30,2,1,3,66.66666666666666,618.3449856710859
2026-04-01,2,1,3,66.66666666666666,623.7984724929735
2026-04-02,2,1,3,66.66666666666666,623.3098689169996
2026-04-06,2,1,3,66.66666666666666,608.9532095552488
2026-04-07,2,1,3,66.66666666666666,616.5642700858664
2026-04-08,2,1,3,66.66666666666666,612.7575690532484
2026-04-09,2,1,3,66.66666666666666,617.5293670118127
2026-04-10,2,1,3,66.66666666666666,619.3983775268186
2026-04-13,2,1,3,66.66666666666666,617.3504826455475
2026-04-15,2,1,3,66.66666666666666,615.9293927644226
2026-04-16,2,1,3,66.66666666666666,611.9681968951115
2026-04-17,2,1,3,66.66666666666666,619.5982481276703
2026-04-20,2,1,3,66.66666666666666,619.5350201748809
2026-04-21,2,1,3,66.66666666666666,614.9704042604329
2026-04-22,2,1,3,66.66666666666666,618.7288118566977
2026-04-23,2,1,3,66.66666666666666,619.6098720297592
2026-04-24,2,1,3,66.66666666666666,616.0781249705567
2026-04-27,2,1,3,66.66666666666666,623.8322322180946
2026-04-28,2,1,3,66.66666666666666,647.7202705208837
2026-04-29,2,1,3,66.66666666666666,651.5769504622517
2026-04-30,2,1,3,66.66666666666666,650.1632278228927
2026-05-04,3,0,3,100.0,643.3118534748719
2026-05-05,3,0,3,100.0,641.8572885578018
2026-05-06,3,0,3,100.0,619.5621948961648
2026-05-07,3,0,3,100.0,622.790558495142
2026-05-08,3,0,3,100.0,619.8281131356609
2026-05-11,2,1,3,66.66666666666666,615.2128487074914
2026-05-12,2,1,3,66.66666666666666,637.207696885633
2026-05-13,2,1,3,66.66666666666666,645.2962817501977
2026-05-14,2,1,3,66.66666666666666,652.9183209901718
2026-05-15,2,1,3,66.66666666666666,648.0532510817403
2026-05-18,2,1,3,66.66666666666666,641.3153778280105
2026-05-19,2,1,3,66.66666666666666,636.8619998620252
2026-05-20,2,1,3,66.66666666666666,645.2315417985227
2026-05-21,2,1,3,66.66666666666666,641.4837130815237
2026-05-22,2,1,3,66.66666666666666,636.4393590887139
2026-05-25,2,1,3,66.66666666666666,627.4013980958559
2026-05-26,2,1,3,66.66666666666666,631.774879009222
2026-05-27,2,1,3,66.66666666666666,619.2676864707253
2026-05-29,2,1,3,66.66666666666666,603.2612604771349
2026-06-01,2,1,3,66.66666666666666,605.0324818302582
2026-06-02,2,1,3,66.66666666666666,605.3437278711422
2026-06-03,2,1,3,66.66666666666666,610.0395454456342
2026-06-04,2,1,3,66.66666666666666,607.5674864560757
2026-06-05,2,1,3,66.66666666666666,602.1033846568471
2026-06-08,2,1,3,66.66666666666666,596.7454975607932
2026-06-09,2,1,3,66.66666666666666,591.33945407471
2026-06-10,0,3,3,0.0,564.1932695861864
2026-06-11,0,3,3,0.0,566.2235013308964
2026-06-12,0,3,3,0.0,560.8472584876052
2026-06-15,0,3,4,0.0,560.6666753790508
2026-06-22,0,3,4,0.0,559.4173028281851
2026-06-23,0,3,4,0.0,550.0020323069177
2026-06-24,0,3,4,0.0,553.337374237
2026-06-25,0,3,4,0.0,541.6944184096293
2026-06-29,0,3,4,0.0,541.7392926252877
2026-06-30,0,3,4,0.0,539.0729525222447
2026-07-01,0,3,4,0.0,568.4345798089444
2026-07-02,0,3,4,0.0,590.3807733636579
2026-07-03,0,3,4,0.0,586.3226219809858
2026-07-06,0,3,4,0.0,580.0116274868382
2026-07-07,0,3,4,0.0,566.5871884524316
2026-07-08,0,3,4,0.0,569.6011954142231
2026-07-09,0,3,4,0.0,571.1875211411538
2026-07-10,0,3,4,0.0,578.7702427950667
2026-07-13,0,3,4,0.0,582.5617860021623
2026-07-14,0,3,4,0.0,581.4854031664479
2026-07-15,0,3,4,0.0,575.1331343452999
2026-07-16,0,3,4,0.0,571.3982304343039
2026-07-17,0,3,4,0.0,574.0637270960729
2026-07-20,1,2,4,33.33333333333333,580.5064329188073
2026-07-21,1,2,4,33.33333333333333,572.9316779150975
2026-07-22,1,2,4,33.33333333333333,567.9812284698723
2026-07-23,1,2,4,33.33333333333333,566.7134132781696
2026-07-24,1,2,4,33.33333333333333,568.805101877666
2026-07-27,0,3,4,0.0,563.2806431381356
2026-07-28,0,3,4,0.0,560.2947455368554
2026-07-29,1,2,4,33.33333333333333,565.5360240627506
2026-07-30,1,2,4,33.33333333333333,566.4416845774283
2026-07-31,1,2,4,33.33333333333333,577.1497801030652
2026-08-03,1,2,4,33.33333333333333,574.7756543067427
2026-08-04,1,2,4,33.33333333333333,581.5171793794067
2026-08-05,0,3,4,0.0,574.5776962034354
2026-08-06,0,3,4,0.0,573.5462817108455
2026-08-07,0,3,4,0.0,570.8982721236787
2026-08-10,1,2,4,33.33333333333333,593.6814765903641
2026-08-11,1,2,4,33.33333333333333,598.5203241876209
2026-08-12,1,2,4,33.33333333333333,594.5814239839655
2026-08-13,1,2,4,33.33333333333333,594.0951693579907
2026-08-14,1,2,4,33.33333333333333,584.854878875905
2026-08-17,1,2,4,33.33333333333333,590.7837322023205
2026-08-18,1,2,4,33.33333333333333,591.8635879719816
2026-08-19,1,2,4,33.33333333333333,583.742784820956
2026-08-20,1,2,4,33.33333333333333,588.6209094800948
2026-08-21,1,2,4,33.33333333333333,592.6518884065098
2026-08-24,1,2,4,33.33333333333333,597.6889611958203
2026-08-25,1,2,4,33.33333333333333,591.1377561508433
2026-08-26,1,2,4,33.33333333333333,596.9717226947829
2026-08-27,1,2,4,33.33333333333333,598.0313309970649
