Date,Above,Below,Total,Percentage,Index_Close
2014-08-07,9,1,11,90.0,166.13524384861853
2014-08-08,9,1,11,90.0,163.01363890820136
2014-08-11,9,1,11,90.0,164.88649356374845
2014-08-12,9,1,11,90.0,167.41157781325768
2014-08-13,8,2,11,80.0,166.29665160230897
2014-08-14,8,2,11,80.0,171.58649610920764
2014-08-18,9,1,11,90.0,176.36517104261756
2014-08-19,9,1,11,90.0,179.12931671903516
2014-08-20,10,0,11,100.0,180.09516749388902
2014-08-21,10,0,11,100.0,181.47454396631636
2014-08-22,10,0,11,100.0,181.83554167802149
2014-08-25,10,0,11,100.0,183.06728012178996
2014-08-26,10,0,11,100.0,188.57787618949624
2014-08-27,10,0,11,100.0,188.98557022084626
2014-08-28,10,0,11,100.0,189.67801606058745
2014-09-01,10,0,11,100.0,189.6217079218734
2014-09-02,10,0,11,100.0,189.9930731814247
2014-09-03,10,0,11,100.0,190.3222629894693
2014-09-04,10,0,11,100.0,189.60792037536234
2014-09-05,10,0,11,100.0,191.1278299196598
2014-09-08,10,0,11,100.0,194.55268356795497
2014-09-09,9,1,11,90.0,196.98053619981627
2014-09-10,9,1,11,90.0,197.5561803035462
2014-09-11,9,1,11,90.0,199.95603533207822
2014-09-12,9,1,11,90.0,200.48934661479896
2014-09-15,9,1,11,90.0,201.91631635666974
2014-09-16,9,1,11,90.0,191.6359593714378
2014-09-17,9,1,11,90.0,192.2285428984875
2014-09-18,9,1,11,90.0,196.76780508627664
2014-09-19,10,0,11,100.0,195.05686124842737
2014-09-22,10,0,11,100.0,199.61359285044915
2014-09-23,9,1,11,90.0,197.59016924140508
2014-09-24,9,1,11,90.0,193.08117563554526
2014-09-25,9,1,11,90.0,188.11569751328383
2014-09-26,9,1,11,90.0,191.717974525407
2014-09-29,9,1,11,90.0,195.25902388831034
2014-09-30,9,1,11,90.0,198.273316278862
2014-10-01,9,1,11,90.0,197.16382712810176
2014-10-07,9,1,11,90.0,196.5375913661655
2014-10-08,9,1,11,90.0,196.08661851627303
2014-10-09,9,1,11,90.0,198.5920288681885
2014-10-10,9,1,11,90.0,195.18863738045522
2014-10-13,10,0,11,100.0,198.4321589181795
2014-10-14,10,0,11,100.0,198.89348401119074
2014-10-16,9,1,11,90.0,191.12309356089824
2014-10-17,9,1,11,90.0,193.03797866964086
2014-10-20,9,1,11,90.0,195.54100532943664
2014-10-21,9,1,11,90.0,196.23322909271232
2014-10-22,9,1,11,90.0,198.55375034932982
2014-10-23,9,1,11,90.0,200.21172493065075
2014-10-27,10,0,11,100.0,201.83505359606556
2014-10-28,10,0,11,100.0,201.9249172631617
2014-10-29,9,1,11,90.0,204.3981190412719
2014-10-30,9,1,11,90.0,206.49544289379045
2014-10-31,10,0,11,100.0,211.28138968252105
2014-11-03,10,0,11,100.0,213.3174537551116
2014-11-05,10,0,11,100.0,214.213434957423
2014-11-07,10,0,11,100.0,215.83574928756718
2014-11-10,10,0,11,100.0,218.41846869661632
2014-11-11,9,1,11,90.0,218.43455909638809
2014-11-12,9,1,11,90.0,217.09895036133057
2014-11-13,9,1,11,90.0,220.69597731757113
2014-11-14,9,1,11,90.0,221.96791615788905
2014-11-17,9,1,11,90.0,227.66510255884805
2014-11-18,9,1,11,90.0,227.48405145750178
2014-11-19,9,1,11,90.0,227.1504412293766
2014-11-20,9,1,11,90.0,223.54125743236065
2014-11-21,9,1,11,90.0,224.24299336061776
2014-11-24,9,1,11,90.0,224.4847651403366
2014-11-25,9,1,11,90.0,219.6634897598924
2014-11-26,9,1,11,90.0,221.07169319262172
2014-11-27,9,1,11,90.0,220.1663852604232
2014-11-28,9,1,11,90.0,220.02920202859505
2014-12-01,9,1,11,90.0,220.58206477700654
2014-12-02,9,1,11,90.0,221.92382547598046
2014-12-03,9,1,11,90.0,227.68318058667086
2014-12-04,9,1,11,90.0,226.59708725983558
2014-12-05,9,1,11,90.0,226.4786938897024
2014-12-08,9,2,11,81.81818181818183,226.585858526458
2014-12-09,9,2,11,81.81818181818183,222.9679441527153
2014-12-10,9,2,11,81.81818181818183,222.55372194193615
2014-12-11,9,2,11,81.81818181818183,218.05553382798703
2014-12-12,9,2,11,81.81818181818183,214.70784065313723
2014-12-15,9,2,11,81.81818181818183,211.38835491949237
2014-12-16,8,3,11,72.72727272727273,202.95221852821203
2014-12-17,8,3,11,72.72727272727273,202.14824420060867
2014-12-18,8,3,11,72.72727272727273,208.62954402025218
2014-12-19,8,3,11,72.72727272727273,213.42492088664008
2014-12-22,8,3,11,72.72727272727273,212.86090208853915
2014-12-23,8,3,11,72.72727272727273,208.8633641703058
2014-12-24,8,3,11,72.72727272727273,210.6837664806829
2014-12-26,8,3,11,72.72727272727273,212.50473694474655
2014-12-29,8,3,11,72.72727272727273,216.62527778028172
2014-12-30,8,3,11,72.72727272727273,219.0045398983467
2014-12-31,8,3,11,72.72727272727273,225.5761448496314
2015-01-01,8,3,11,72.72727272727273,225.75088794438702
2015-01-02,8,3,11,72.72727272727273,227.52715166841656
2015-01-05,8,3,11,72.72727272727273,229.71350406658289
2015-01-06,8,3,11,72.72727272727273,221.4794652009741
2015-01-07,8,3,11,72.72727272727273,221.4330471033997
2015-01-08,8,3,11,72.72727272727273,226.5417298840424
2015-01-09,8,3,11,72.72727272727273,227.35776919226035
2015-01-12,9,2,11,81.81818181818183,231.93718536615114
2015-01-13,9,2,11,81.81818181818183,230.33322841537634
2015-01-14,9,2,11,81.81818181818183,230.45456862595947
2015-01-15,9,2,11,81.81818181818183,232.9931965852192
2015-01-16,9,2,11,81.81818181818183,234.09920643994272
2015-01-19,9,2,11,81.81818181818183,237.73021513040425
2015-01-20,9,2,11,81.81818181818183,239.53203509085154
2015-01-21,8,3,11,72.72727272727273,236.1801760337284
2015-01-22,8,3,11,72.72727272727273,236.39864882440088
2015-01-23,8,3,11,72.72727272727273,234.56915258564385
2015-01-27,8,3,11,72.72727272727273,237.27868592643455
2015-01-28,8,3,11,72.72727272727273,236.3084564726658
2015-01-29,8,3,11,72.72727272727273,236.247006818061
2015-01-30,8,3,11,72.72727272727273,231.99833743463034
2015-02-02,7,4,11,63.63636363636363,232.39941060548713
2015-02-03,7,4,11,63.63636363636363,232.24074068999633
2015-02-04,7,4,11,63.63636363636363,230.2883220989321
2015-02-05,7,4,11,63.63636363636363,226.6534843666638
2015-02-06,7,4,11,63.63636363636363,222.85219528993582
2015-02-09,7,4,11,63.63636363636363,219.62495842517603
2015-02-10,7,4,11,63.63636363636363,220.65692283500275
2015-02-11,8,3,11,72.72727272727273,224.37991700484173
2015-02-12,8,3,11,72.72727272727273,228.06213223349178
2015-02-13,8,3,11,72.72727272727273,230.15810757151783
2015-02-16,8,3,11,72.72727272727273,228.72672608303577
2015-02-18,8,3,11,72.72727272727273,229.0311491935335
2015-02-19,8,3,11,72.72727272727273,227.63484545323504
2015-02-20,8,3,11,72.72727272727273,229.0061362316721
2015-02-23,7,4,11,63.63636363636363,227.39429147025038
2015-02-24,7,4,11,63.63636363636363,225.8087020853352
2015-02-25,7,4,11,63.63636363636363,223.73735604394486
2015-02-26,7,4,11,63.63636363636363,220.1550832476987
2015-02-27,8,3,11,72.72727272727273,225.69516426822491
2015-02-28,7,4,11,63.63636363636363,224.16632601992143
2015-03-02,7,4,11,63.63636363636363,225.74110005243867
2015-03-03,7,4,11,63.63636363636363,227.7780610834691
2015-03-04,7,4,11,63.63636363636363,225.93089940083303
2015-03-05,7,4,11,63.63636363636363,227.03704317588023
2015-03-09,7,4,11,63.63636363636363,229.69166226981477
2015-03-10,8,3,11,72.72727272727273,230.60748204594685
2015-03-11,7,4,11,63.63636363636363,234.44168752467056
2015-03-12,8,3,11,72.72727272727273,238.44015708716196
2015-03-13,8,3,11,72.72727272727273,235.57969772772753
2015-03-16,7,4,11,63.63636363636363,234.96895158076367
2015-03-17,7,4,11,63.63636363636363,237.39553596258034
2015-03-18,7,4,11,63.63636363636363,237.22409893255994
2015-03-19,7,4,11,63.63636363636363,235.23092136701877
2015-03-20,7,4,11,63.63636363636363,231.56320843745434
2015-03-23,7,4,11,63.63636363636363,230.07174337312222
2015-03-24,7,4,11,63.63636363636363,232.39891189275568
2015-03-25,7,4,11,63.63636363636363,231.47421393497666
2015-03-26,7,4,11,63.63636363636363,228.7859850774571
2015-03-27,7,4,11,63.63636363636363,229.6664437041779
2015-03-30,7,4,11,63.63636363636363,236.7696888731548
2015-03-31,7,4,11,63.63636363636363,236.3925616100611
2015-04-01,7,4,11,63.63636363636363,240.12070086482865
2015-04-06,7,4,11,63.63636363636363,245.98268518019978
2015-04-07,7,4,11,63.63636363636363,249.79611895247785
2015-04-08,7,4,11,63.63636363636363,251.3554395587524
2015-04-09,7,4,11,63.63636363636363,253.68144108742536
2015-04-10,7,4,11,63.63636363636363,257.27237688721556
2015-04-13,7,4,11,63.63636363636363,254.99630808477738
2015-04-15,7,4,11,63.63636363636363,254.5810028997676
2015-04-16,9,2,11,81.81818181818183,250.27111818411134
2015-04-17,8,3,11,72.72727272727273,248.05167092731278
2015-04-20,7,4,11,63.63636363636363,246.02860227626704
2015-04-21,7,4,11,63.63636363636363,247.17065130581477
2015-04-22,7,4,11,63.63636363636363,243.71286586703093
2015-04-23,8,3,11,72.72727272727273,244.38656504487687
2015-04-24,7,4,11,63.63636363636363,235.2021791227332
2015-04-27,6,5,11,54.54545454545454,227.01039341638975
2015-04-28,7,4,11,63.63636363636363,230.18765101270046
2015-04-29,7,4,11,63.63636363636363,233.81904901504447
2015-04-30,8,3,11,72.72727272727273,233.64943324158926
2015-05-04,8,3,11,72.72727272727273,239.15291910638524
2015-05-05,8,3,11,72.72727272727273,236.6864181933395
2015-05-06,8,3,11,72.72727272727273,229.85989215828118
2015-05-07,8,3,11,72.72727272727273,225.16915949039964
2015-05-08,8,3,11,72.72727272727273,230.69020649677446
2015-05-11,8,3,11,72.72727272727273,233.2967503176212
2015-05-12,8,3,11,72.72727272727273,228.78097029768796
2015-05-13,8,3,11,72.72727272727273,231.53727078612906
2015-05-14,7,4,11,63.63636363636363,231.78872479312395
2015-05-15,6,5,11,54.54545454545454,232.92190023873167
2015-05-18,7,4,11,63.63636363636363,235.74478608749249
2015-05-19,8,3,11,72.72727272727273,236.9644784536573
2015-05-20,8,3,11,72.72727272727273,239.46884043628586
2015-05-21,8,3,11,72.72727272727273,239.190881315008
2015-05-22,8,3,11,72.72727272727273,241.35620052835276
2015-05-25,8,3,11,72.72727272727273,240.88225684960912
2015-05-26,8,3,11,72.72727272727273,242.5791608067445
2015-05-27,7,4,11,63.63636363636363,243.0954420833989
2015-05-28,8,3,11,72.72727272727273,243.581734094498
2015-05-29,8,3,11,72.72727272727273,245.65897060779668
2015-06-01,8,3,11,72.72727272727273,242.74379035476738
2015-06-02,7,4,11,63.63636363636363,238.68591919996754
2015-06-03,6,5,11,54.54545454545454,231.3176798595486
2015-06-04,6,5,11,54.54545454545454,230.5883934531462
2015-06-05,6,5,11,54.54545454545454,231.14038832981043
2015-06-08,6,5,11,54.54545454545454,226.1949477459119
2015-06-09,6,5,11,54.54545454545454,226.19827068571485
2015-06-10,5,6,11,45.45454545454545,229.83582722670323
2015-06-11,4,7,11,36.36363636363637,224.28523682310833
2015-06-12,4,7,11,36.36363636363637,223.20424569360065
2015-06-15,4,7,11,36.36363636363637,222.24228929275523
2015-06-16,6,5,11,54.54545454545454,225.1616570338575
2015-06-17,6,5,11,54.54545454545454,230.20536351228716
2015-06-18,6,5,11,54.54545454545454,233.95816288878848
2015-06-19,7,4,11,63.63636363636363,233.62725778205635
2015-06-22,8,3,11,72.72727272727273,238.7541606632476
2015-06-23,8,3,11,72.72727272727273,241.87271351838805
2015-06-24,8,3,11,72.72727272727273,238.77812794931285
2015-06-25,8,3,11,72.72727272727273,236.18410199859494
2015-06-26,8,3,11,72.72727272727273,236.54453171101358
2015-06-29,8,3,11,72.72727272727273,231.15927942601377
2015-06-30,7,4,11,63.63636363636363,231.1969803800272
2015-07-01,7,4,11,63.63636363636363,234.12211184147705
2015-07-02,9,2,11,81.81818181818183,237.79594063499167
2015-07-03,8,3,11,72.72727272727273,236.81176393601535
2015-07-06,8,3,11,72.72727272727273,237.97045664750271
2015-07-07,8,3,11,72.72727272727273,235.99524847470641
2015-07-08,7,4,11,63.63636363636363,235.18039944537622
2015-07-09,6,5,11,54.54545454545454,234.62547792120935
2015-07-10,6,5,11,54.54545454545454,237.40928340287036
2015-07-13,7,4,11,63.63636363636363,237.8226354787845
2015-07-14,6,5,11,54.54545454545454,238.32605611645116
2015-07-15,6,5,11,54.54545454545454,238.34691329455845
2015-07-16,7,4,11,63.63636363636363,241.34552912424766
2015-07-17,7,4,11,63.63636363636363,247.51825844782792
2015-07-20,8,3,11,72.72727272727273,251.19978300347165
2015-07-21,7,4,11,63.63636363636363,247.92326985626372
2015-07-22,7,4,11,63.63636363636363,251.9604118251789
2015-07-23,7,4,11,63.63636363636363,252.71028725700316
2015-07-24,7,4,11,63.63636363636363,250.50402151547385
2015-07-27,7,4,11,63.63636363636363,245.5719935756
2015-07-28,6,5,11,54.54545454545454,244.12745894812704
2015-07-29,6,5,11,54.54545454545454,245.1551196366883
2015-07-30,6,5,11,54.54545454545454,247.91962720089194
2015-07-31,6,5,11,54.54545454545454,249.03101036732792
2015-08-03,8,3,11,72.72727272727273,251.59198891363647
2015-08-04,8,3,11,72.72727272727273,251.70360517496528
2015-08-05,8,3,11,72.72727272727273,256.7134339003253
2015-08-06,8,3,11,72.72727272727273,255.8348449231362
2015-08-07,8,3,11,72.72727272727273,255.91835729029785
2015-08-10,8,3,11,72.72727272727273,253.71587941955679
2015-08-11,8,3,11,72.72727272727273,250.5310780410996
2015-08-12,8,3,11,72.72727272727273,243.84598631111015
2015-08-13,8,3,11,72.72727272727273,244.68887942142766
2015-08-14,8,3,11,72.72727272727273,245.94875581110634
2015-08-17,8,3,11,72.72727272727273,247.10752054771933
2015-08-18,7,4,11,63.63636363636363,246.65320354056263
2015-08-19,8,3,11,72.72727272727273,252.01076641200953
2015-08-20,8,3,11,72.72727272727273,248.39033290364756
2015-08-21,7,4,11,63.63636363636363,245.33013260101052
2015-08-24,3,8,11,27.27272727272727,224.35897508744992
2015-08-25,2,9,11,18.181818181818183,225.63566901033437
2015-08-26,2,9,11,18.181818181818183,225.64859896848932
2015-08-27,4,7,11,36.36363636363637,235.34851706684924
2015-08-28,4,7,11,36.36363636363637,234.9779268325275
2015-08-31,3,8,11,27.27272727272727,233.6351024427361
2015-09-01,3,8,11,27.27272727272727,225.38140724413776
2015-09-02,2,9,11,18.181818181818183,225.2970959282373
2015-09-03,3,8,11,27.27272727272727,228.25473869739673
2015-09-04,2,9,11,18.181818181818183,223.2056125592181
2015-09-07,2,9,11,18.181818181818183,222.53743724716256
2015-09-08,2,9,11,18.181818181818183,222.06699078074087
2015-09-09,3,8,11,27.27272727272727,225.68311884253035
2015-09-10,2,9,11,18.181818181818183,221.0059631156463
2015-09-11,3,8,11,27.27272727272727,222.74469135551897
2015-09-14,3,8,11,27.27272727272727,223.77597089761437
2015-09-15,3,8,11,27.27272727272727,223.270465264748
2015-09-16,3,8,11,27.27272727272727,222.58889609870738
2015-09-18,3,8,11,27.27272727272727,224.95258352126547
2015-09-21,4,7,11,36.36363636363637,227.2890004750556
2015-09-22,3,8,11,27.27272727272727,224.00014918809586
2015-09-23,3,8,11,27.27272727272727,224.2240665884936
2015-09-24,3,8,11,27.27272727272727,223.38996600197132
2015-09-28,3,8,11,27.27272727272727,222.19178356472037
2015-09-29,3,8,11,27.27272727272727,224.4995958925384
2015-09-30,4,7,11,36.36363636363637,228.9789184183736
2015-10-01,3,8,11,27.27272727272727,228.2651016393154
2015-10-05,2,9,11,18.181818181818183,230.51861894023546
2015-10-06,2,9,11,18.181818181818183,230.9095612517183
2015-10-07,3,8,11,27.27272727272727,234.48244060143972
2015-10-08,3,8,11,27.27272727272727,232.6399825522453
2015-10-09,3,8,11,27.27272727272727,233.61191125330163
2015-10-12,4,7,11,36.36363636363637,234.61326280944567
2015-10-13,4,7,11,36.36363636363637,237.1080068368043
2015-10-14,5,6,11,45.45454545454545,244.33972480782037
2015-10-15,5,6,11,45.45454545454545,244.8211165130265
2015-10-16,4,7,11,36.36363636363637,243.44488517028307
2015-10-19,4,7,11,36.36363636363637,242.88826774493765
2015-10-20,4,7,11,36.36363636363637,243.34485785093963
2015-10-21,5,6,11,45.45454545454545,241.64279441250102
2015-10-23,6,5,11,54.54545454545454,244.15534238467148
2015-10-26,5,6,11,45.45454545454545,244.1632751191027
2015-10-27,5,6,11,45.45454545454545,242.06227017400167
2015-10-28,5,6,11,45.45454545454545,241.26608407241957
2015-10-29,5,6,11,45.45454545454545,241.29424700553693
2015-10-30,4,7,11,36.36363636363637,241.8794261216173
2015-11-02,3,8,11,27.27272727272727,237.48014531621217
2015-11-03,4,7,11,36.36363636363637,237.47691117725958
2015-11-04,4,7,11,36.36363636363637,238.79609192259642
2015-11-05,3,8,11,27.27272727272727,235.2877011277669
2015-11-06,3,8,11,27.27272727272727,233.87572318519588
2015-11-09,3,8,11,27.27272727272727,234.34468309227552
2015-11-10,3,8,11,27.27272727272727,234.32722306243085
2015-11-11,3,8,11,27.27272727272727,237.6760121929797
2015-11-13,4,7,11,36.36363636363637,237.39000737306367
2015-11-16,4,7,11,36.36363636363637,238.0812184660236
2015-11-17,4,7,11,36.36363636363637,238.7199282813939
2015-11-18,5,6,11,45.45454545454545,237.08517911082117
2015-11-19,6,5,11,54.54545454545454,245.3991473629236
2015-11-20,6,5,11,54.54545454545454,250.32111333322518
2015-11-23,6,5,11,54.54545454545454,250.72889139214087
2015-11-24,5,6,11,45.45454545454545,249.94973464509127
2015-11-26,5,6,11,45.45454545454545,252.80537899784323
2015-11-27,5,6,11,45.45454545454545,253.16657333320455
2015-11-30,7,4,11,63.63636363636363,253.59804122144044
2015-12-01,7,4,11,63.63636363636363,256.73900862030365
2015-12-02,7,4,11,63.63636363636363,254.74743980338016
2015-12-03,5,6,11,45.45454545454545,252.8148424126207
2015-12-04,6,5,11,54.54545454545454,252.3830384575182
2015-12-07,7,4,11,63.63636363636363,254.19763771427824
2015-12-08,8,3,11,72.72727272727273,250.8403388701208
2015-12-09,6,5,11,54.54545454545454,244.92218502707078
2015-12-10,7,4,11,63.63636363636363,248.89661066936085
2015-12-11,7,4,11,63.63636363636363,246.61038248403756
2015-12-14,7,4,11,63.63636363636363,248.75515534193283
2015-12-15,7,4,11,63.63636363636363,251.7705027527273
2015-12-16,8,3,11,72.72727272727273,252.005194785552
2015-12-17,8,3,11,72.72727272727273,254.9825132512415
2015-12-18,8,3,11,72.72727272727273,256.7498294301031
2015-12-21,8,3,11,72.72727272727273,258.6801464016605
2015-12-22,8,3,11,72.72727272727273,258.8803207315404
2015-12-23,8,3,11,72.72727272727273,259.69933452153066
2015-12-24,8,3,11,72.72727272727273,262.2256137904347
2015-12-28,8,3,11,72.72727272727273,263.3486628181027
2015-12-29,8,3,11,72.72727272727273,262.85421815799623
2015-12-30,8,3,11,72.72727272727273,263.7545682175326
2015-12-31,8,3,11,72.72727272727273,265.572923985449
2016-01-01,8,3,11,72.72727272727273,269.1291733407953
2016-01-04,8,3,11,72.72727272727273,265.93578509272027
2016-01-05,8,3,11,72.72727272727273,267.071976995945
2016-01-06,8,3,11,72.72727272727273,264.7648347141694
2016-01-07,6,5,11,54.54545454545454,257.82367211952237
2016-01-08,8,3,11,72.72727272727273,261.8936668088771
2016-01-11,7,4,11,63.63636363636363,261.09509807444573
2016-01-12,6,5,11,54.54545454545454,257.28640422986035
2016-01-13,6,5,11,54.54545454545454,251.875015528345
2016-01-14,6,5,11,54.54545454545454,249.97627708607325
2016-01-15,4,7,11,36.36363636363637,242.45532332417906
2016-01-18,2,9,11,18.181818181818183,233.45042699808695
2016-01-19,3,8,11,27.27272727272727,236.3305645871829
2016-01-20,3,8,11,27.27272727272727,231.92992877840203
2016-01-21,4,7,11,36.36363636363637,233.35007664617186
2016-01-22,4,7,11,36.36363636363637,238.9247246023135
2016-01-25,6,5,11,54.54545454545454,243.07304566698957
2016-01-27,5,6,11,45.45454545454545,243.54192049221476
2016-01-28,5,6,11,45.45454545454545,241.67561861150415
2016-01-29,5,6,11,45.45454545454545,243.8383731585743
2016-02-01,7,4,11,63.63636363636363,245.7652190688019
2016-02-02,5,6,11,45.45454545454545,242.34093052478062
2016-02-03,5,6,11,45.45454545454545,237.36969316165718
2016-02-04,5,6,11,45.45454545454545,234.61549731801398
2016-02-05,5,6,11,45.45454545454545,238.20267466469738
2016-02-08,5,6,11,45.45454545454545,240.33018020292363
2016-02-09,4,7,11,36.36363636363637,237.61960408183987
2016-02-10,4,7,11,36.36363636363637,229.97933382268755
2016-02-11,3,8,11,27.27272727272727,218.75673632940754
2016-02-12,1,10,11,9.090909090909092,214.9042108841431
2016-02-15,4,7,11,36.36363636363637,220.90688357439578
2016-02-16,2,9,11,18.181818181818183,214.8278373040335
2016-02-17,2,9,11,18.181818181818183,214.55461137429427
2016-02-18,2,9,11,18.181818181818183,216.8117357804229
2016-02-19,2,9,11,18.181818181818183,217.60089948249805
2016-02-22,2,9,11,18.181818181818183,219.1844054564743
2016-02-23,3,8,11,27.27272727272727,215.96134487457505
2016-02-24,2,9,11,18.181818181818183,213.5154279462582
2016-02-25,1,10,11,9.090909090909092,210.2490102965676
2016-02-26,1,10,11,9.090909090909092,209.17121143087067
2016-02-29,1,10,11,9.090909090909092,208.09836454003113
2016-03-01,3,8,11,27.27272727272727,218.417254770238
2016-03-02,3,8,11,27.27272727272727,222.37657428185452
2016-03-03,3,8,11,27.27272727272727,224.4920835304276
2016-03-04,3,8,11,27.27272727272727,226.99099268395258
2016-03-08,3,8,11,27.27272727272727,226.55393289232853
2016-03-09,3,8,11,27.27272727272727,227.81429660468712
2016-03-10,3,8,11,27.27272727272727,226.4295788672475
2016-03-11,3,8,11,27.27272727272727,227.14482622355584
2016-03-14,3,8,11,27.27272727272727,229.47568908043158
2016-03-15,4,7,11,36.36363636363637,231.32360475187315
2016-03-16,4,7,11,36.36363636363637,229.5634319392482
2016-03-17,4,7,11,36.36363636363637,230.01640244056853
2016-03-18,4,7,11,36.36363636363637,233.40574950635423
2016-03-21,5,6,11,45.45454545454545,238.90364650597883
2016-03-22,5,6,11,45.45454545454545,237.24336387899356
2016-03-23,5,6,11,45.45454545454545,236.22453914900814
2016-03-28,4,7,11,36.36363636363637,232.2221386102799
2016-03-29,5,6,11,45.45454545454545,230.9652507706188
2016-03-30,5,6,11,45.45454545454545,234.2262652717199
2016-03-31,5,6,11,45.45454545454545,237.115940747031
2016-04-01,6,5,11,54.54545454545454,241.63972524095746
2016-04-04,5,6,11,45.45454545454545,242.70710755758938
2016-04-05,5,6,11,45.45454545454545,240.41474287143657
2016-04-06,6,5,11,54.54545454545454,244.44397332610515
2016-04-07,6,5,11,54.54545454545454,244.10471307753846
2016-04-08,6,5,11,54.54545454545454,246.55579664861182
2016-04-11,6,5,11,54.54545454545454,251.09629161877254
2016-04-12,6,5,11,54.54545454545454,252.6542523530297
2016-04-13,7,4,11,63.63636363636363,254.5204398191394
2016-04-18,8,3,11,72.72727272727273,259.01367976653364
2016-04-20,7,4,11,63.63636363636363,261.36067514240426
2016-04-21,7,4,11,63.63636363636363,258.3851147325851
2016-04-22,7,4,11,63.63636363636363,260.8456041222988
2016-04-25,8,3,11,72.72727272727273,260.6293191775849
2016-04-26,7,4,11,63.63636363636363,260.8537653281079
2016-04-27,8,3,11,72.72727272727273,260.87880804645846
2016-04-28,8,3,11,72.72727272727273,257.2426875779009
2016-04-29,8,3,11,72.72727272727273,256.8554746569738
2016-05-02,8,3,11,72.72727272727273,255.9410763960626
2016-05-03,8,3,11,72.72727272727273,256.4315403247742
2016-05-04,8,3,11,72.72727272727273,254.4111809897512
2016-05-05,8,3,11,72.72727272727273,259.5213351010251
2016-05-06,8,3,11,72.72727272727273,262.223493417601
2016-05-09,8,3,11,72.72727272727273,265.05842153308146
2016-05-10,8,3,11,72.72727272727273,265.0945071018655
2016-05-11,8,3,11,72.72727272727273,264.5247948945111
2016-05-12,8,3,11,72.72727272727273,265.8017329129867
2016-05-13,8,3,12,72.72727272727273,266.4103994967168
2016-05-16,8,3,12,72.72727272727273,268.4483571378214
2016-05-17,8,3,12,72.72727272727273,270.88190012446813
2016-05-18,8,3,12,72.72727272727273,272.5632880005139
2016-05-19,8,3,12,72.72727272727273,268.07716831163145
2016-05-20,8,3,12,72.72727272727273,264.884340361788
2016-05-23,8,3,12,72.72727272727273,266.18452733090083
2016-05-24,8,3,12,72.72727272727273,265.54885527294283
2016-05-25,8,3,12,72.72727272727273,268.7898075378075
2016-05-26,8,3,12,72.72727272727273,269.6867845184857
2016-05-27,8,3,12,72.72727272727273,271.5165502347177
2016-05-30,8,3,12,72.72727272727273,270.362943048101
2016-05-31,8,3,12,72.72727272727273,269.50901318160993
2016-06-01,8,3,12,72.72727272727273,269.8265274500279
2016-06-02,8,3,12,72.72727272727273,270.7936474775471
2016-06-03,8,3,12,72.72727272727273,269.7260258829662
2016-06-06,8,3,12,72.72727272727273,269.34830646332716
2016-06-07,8,3,12,72.72727272727273,269.88996027730445
2016-06-08,8,3,12,72.72727272727273,272.0973161982519
2016-06-09,8,3,12,72.72727272727273,270.91789265767727
2016-06-10,8,3,12,72.72727272727273,269.14319509742637
2016-06-13,8,3,12,72.72727272727273,266.7476271854498
2016-06-14,8,3,12,72.72727272727273,268.58276239571586
2016-06-15,8,3,12,72.72727272727273,269.1783144769581
2016-06-16,8,3,12,72.72727272727273,267.7872652373371
2016-06-17,8,3,12,72.72727272727273,270.67027454902177
2016-06-20,8,3,12,72.72727272727273,269.7926245946443
2016-06-21,8,3,12,72.72727272727273,271.62701758312596
2016-06-22,8,3,12,72.72727272727273,271.29861267189136
2016-06-23,9,2,12,81.81818181818183,273.42937432735846
2016-06-24,9,2,12,81.81818181818183,268.9006543723159
2016-06-27,9,2,12,81.81818181818183,274.5319482993398
2016-06-28,9,2,12,81.81818181818183,274.0366657711055
2016-06-29,9,2,12,81.81818181818183,278.2970093309833
2016-06-30,9,2,12,81.81818181818183,281.4372194257617
2016-07-01,9,2,12,81.81818181818183,281.5634873600106
2016-07-04,9,2,12,81.81818181818183,283.3552092820577
2016-07-05,9,2,12,81.81818181818183,283.4672052071264
2016-07-07,9,2,12,81.81818181818183,281.31657393485386
2016-07-08,9,2,12,81.81818181818183,280.8093918593311
2016-07-11,9,2,12,81.81818181818183,285.36389109724786
2016-07-12,9,2,12,81.81818181818183,290.1681170120553
2016-07-13,9,2,12,81.81818181818183,289.1124538940896
2016-07-14,9,2,12,81.81818181818183,289.44597108382516
2016-07-15,9,2,12,81.81818181818183,288.490174946392
2016-07-18,9,2,12,81.81818181818183,286.3383767226564
2016-07-19,9,2,12,81.81818181818183,284.90970488099106
2016-07-20,9,2,12,81.81818181818183,290.28948876678027
2016-07-21,9,2,12,81.81818181818183,290.79030690125325
2016-07-22,9,2,12,81.81818181818183,291.6233057653346
2016-07-25,9,2,12,81.81818181818183,295.4353295738393
2016-07-26,9,2,12,81.81818181818183,295.41819634222736
2016-07-27,9,2,12,81.81818181818183,296.20563433791887
2016-07-28,9,2,12,81.81818181818183,302.1315070541117
2016-07-29,9,2,12,81.81818181818183,304.1161044260831
2016-08-01,9,2,12,81.81818181818183,312.12596147792385
2016-08-02,9,2,12,81.81818181818183,310.16982271234104
2016-08-03,9,2,12,81.81818181818183,305.61317276082644
2016-08-04,9,2,12,81.81818181818183,305.6681755793297
2016-08-05,9,2,12,81.81818181818183,309.1935489115319
2016-08-08,10,1,12,90.9090909090909,311.97163079246627
2016-08-09,10,1,12,90.9090909090909,311.7019133465232
2016-08-10,10,1,12,90.9090909090909,308.7101888108254
2016-08-11,9,2,12,81.81818181818183,309.65322750605867
2016-08-12,9,2,12,81.81818181818183,306.6012483386495
2016-08-16,10,1,12,90.9090909090909,305.26662713054264
2016-08-17,9,2,12,81.81818181818183,303.7917366522056
2016-08-18,10,1,12,90.9090909090909,305.8396234139306
2016-08-19,10,1,12,90.9090909090909,309.08446542187494
2016-08-22,10,1,12,90.9090909090909,314.33275935383256
2016-08-23,10,1,12,90.9090909090909,315.20871897184895
2016-08-24,9,2,12,81.81818181818183,315.74574047397044
2016-08-25,11,0,12,100.0,319.24006603960106
2016-08-26,11,0,12,100.0,326.77376486399436
2016-08-29,11,0,12,100.0,330.7621613269903
2016-08-30,11,0,12,100.0,333.10025560403716
2016-08-31,11,0,12,100.0,331.11349448071127
2016-09-01,10,1,12,90.9090909090909,331.1651160058096
2016-09-02,10,1,12,90.9090909090909,332.77736058848865
2016-09-06,10,1,12,90.9090909090909,334.8179230084107
2016-09-07,10,1,12,90.9090909090909,333.2024829149836
2016-09-08,11,0,12,100.0,335.4627785892436
2016-09-09,11,0,12,100.0,333.7876937190368
2016-09-12,10,1,12,90.9090909090909,327.2748381579925
2016-09-14,11,0,12,100.0,329.01986431432334
2016-09-15,11,0,12,100.0,338.7241856597171
2016-09-16,11,0,12,100.0,336.9334968562411
2016-09-19,11,0,12,100.0,341.36871843629484
2016-09-20,10,1,12,90.9090909090909,340.55749304065006
2016-09-21,10,1,12,90.9090909090909,343.8337850981653
2016-09-22,10,1,12,90.9090909090909,345.848331994383
2016-09-23,10,1,12,90.9090909090909,347.4432462604535
2016-09-26,9,2,12,81.81818181818183,351.9086226074911
2016-09-27,9,2,12,81.81818181818183,353.54011446774405
2016-09-28,10,1,12,90.9090909090909,356.1331994954575
2016-09-29,10,1,12,90.9090909090909,347.1231400882984
2016-09-30,10,1,12,90.9090909090909,350.72341362260266
2016-10-03,11,0,12,100.0,362.69125255921983
2016-10-04,11,0,12,100.0,367.9375131783848
2016-10-05,11,0,12,100.0,369.16114097533324
2016-10-06,11,0,12,100.0,369.44446214463574
2016-10-07,11,0,12,100.0,368.55080185815285
2016-10-10,10,1,12,90.9090909090909,369.50571200406864
2016-10-13,10,1,12,90.9090909090909,366.4335270553375
2016-10-14,10,1,12,90.9090909090909,372.4205660810008
2016-10-17,10,1,12,90.9090909090909,374.9023149985812
2016-10-18,10,1,12,90.9090909090909,377.9568125033473
2016-10-19,11,0,12,100.0,377.8849613484581
2016-10-20,11,0,12,100.0,378.4137767439367
2016-10-21,11,0,12,100.0,377.1860720793683
2016-10-24,11,0,12,100.0,383.4217306549495
2016-10-25,11,0,12,100.0,394.7295571734704
2016-10-26,11,0,12,100.0,395.86350407054704
2016-10-27,11,0,12,100.0,392.27898373457043
2016-10-28,11,0,12,100.0,390.0683123718221
2016-10-30,11,0,12,100.0,392.10965271471036
2016-11-01,11,0,12,100.0,393.82619953425
2016-11-02,11,0,12,100.0,387.7912443285752
2016-11-03,11,0,12,100.0,378.3829287692936
2016-11-04,11,0,12,100.0,371.8057022017612
2016-11-07,11,0,12,100.0,373.26893245262534
2016-11-08,11,0,12,100.0,371.9954024769693
2016-11-09,11,0,12,100.0,361.03963695666897
2016-11-10,11,0,12,100.0,359.3683721655605
2016-11-11,9,2,12,81.81818181818183,343.09041664033816
2016-11-15,8,3,12,72.72727272727273,319.1285420848835
2016-11-16,9,2,12,81.81818181818183,317.8770978656999
2016-11-17,7,4,12,63.63636363636363,313.64103479839866
2016-11-18,8,3,12,72.72727272727273,314.1582610766366
2016-11-21,7,4,12,63.63636363636363,309.16952353918236
2016-11-22,7,4,12,63.63636363636363,312.53515934162954
2016-11-23,8,3,12,72.72727272727273,320.94219263206594
2016-11-24,8,3,12,72.72727272727273,322.94061732857745
2016-11-25,8,3,12,72.72727272727273,326.2498004153441
2016-11-28,8,3,12,72.72727272727273,326.08290742731566
2016-11-29,8,3,12,72.72727272727273,328.3531645761702
2016-11-30,8,3,12,72.72727272727273,333.918374384273
2016-12-01,8,3,12,72.72727272727273,328.89997866765066
2016-12-02,8,3,12,72.72727272727273,323.3845476639351
2016-12-05,7,4,12,63.63636363636363,325.7418822078853
2016-12-06,7,4,12,63.63636363636363,325.4931073054203
2016-12-07,7,4,12,63.63636363636363,325.45954848141014
2016-12-08,8,3,12,72.72727272727273,334.3833443239042
2016-12-09,8,3,12,72.72727272727273,333.21187528494966
2016-12-12,8,3,12,72.72727272727273,326.4366260923288
2016-12-13,8,3,12,72.72727272727273,327.2466732328672
2016-12-14,8,3,12,72.72727272727273,326.325779221442
2016-12-15,8,3,12,72.72727272727273,326.87434745068066
2016-12-16,8,3,12,72.72727272727273,325.6614157506008
2016-12-19,6,6,12,50.0,322.7905531697826
2016-12-20,5,7,12,41.66666666666667,319.69829336166424
2016-12-21,7,5,12,58.333333333333336,320.031381683085
2016-12-22,5,7,12,41.66666666666667,316.94292943221444
2016-12-23,5,7,12,41.66666666666667,315.89349902812904
2016-12-26,4,8,12,33.33333333333333,309.033799041655
2016-12-27,6,6,12,50.0,316.27044939654934
2016-12-28,6,6,12,50.0,317.96137584057067
2016-12-29,7,5,12,58.333333333333336,323.0396926912223
2016-12-30,7,5,12,58.333333333333336,326.05705227136707
2017-01-02,7,5,12,58.333333333333336,327.91174923047504
2017-01-03,8,4,12,66.66666666666666,334.1164520595022
2017-01-04,8,4,12,66.66666666666666,334.8818728301943
2017-01-05,8,4,12,66.66666666666666,338.08113139385785
2017-01-06,8,4,12,66.66666666666666,336.4278814645211
2017-01-09,8,4,12,66.66666666666666,337.16694609468357
2017-01-10,8,4,12,66.66666666666666,338.57379709673205
2017-01-11,10,2,12,83.33333333333334,340.7556033868018
2017-01-12,9,3,12,75.0,340.18532678159187
2017-01-13,10,2,12,83.33333333333334,342.828044269969
2017-01-16,10,2,12,83.33333333333334,343.45877905408224
2017-01-17,10,2,12,83.33333333333334,345.88676142741286
2017-01-18,10,2,12,83.33333333333334,347.6917498658165
2017-01-19,11,1,12,91.66666666666666,351.73769864083107
2017-01-20,10,2,12,83.33333333333334,348.85629153351664
2017-01-23,9,3,12,75.0,350.7049634922539
2017-01-24,10,2,12,83.33333333333334,352.6960230062931
2017-01-25,10,2,12,83.33333333333334,360.67893603835677
2017-01-27,11,1,12,91.66666666666666,368.7064810090992
2017-01-30,11,1,12,91.66666666666666,366.38507025838976
2017-01-31,10,2,12,83.33333333333334,365.5730436415667
2017-02-01,11,1,12,91.66666666666666,369.1006045412939
2017-02-02,11,1,12,91.66666666666666,371.11130318125737
2017-02-03,11,1,12,91.66666666666666,374.87034600383436
2017-02-06,11,1,12,91.66666666666666,377.79512929786745
2017-02-07,11,1,12,91.66666666666666,378.50591409291184
2017-02-08,11,1,12,91.66666666666666,378.45878672406474
2017-02-09,12,0,12,100.0,380.4173913135008
2017-02-10,11,1,12,91.66666666666666,377.15640496154276
2017-02-13,10,2,12,83.33333333333334,370.80595181181667
2017-02-14,11,1,12,91.66666666666666,367.03335771195384
2017-02-15,10,2,12,83.33333333333334,362.09356650977014
2017-02-16,11,1,12,91.66666666666666,367.90080783972843
2017-02-17,11,1,12,91.66666666666666,371.31157334534817
2017-02-20,11,1,12,91.66666666666666,372.82314092352084
2017-02-21,11,1,12,91.66666666666666,374.9266114956679
2017-02-22,11,1,12,91.66666666666666,373.6930373420636
2017-02-23,11,1,12,91.66666666666666,375.08739309997014
2017-02-27,11,1,12,91.66666666666666,374.90223341659544
2017-02-28,11,1,12,91.66666666666666,376.9214812719135
2017-03-01,11,1,12,91.66666666666666,379.50315834304723
2017-03-02,11,1,12,91.66666666666666,379.0714720501178
2017-03-03,11,1,12,91.66666666666666,378.8365267500687
2017-03-06,11,1,12,91.66666666666666,384.582535480197
2017-03-07,11,1,12,91.66666666666666,387.75890475640347
2017-03-08,11,1,12,91.66666666666666,386.33320480737507
2017-03-09,11,1,12,91.66666666666666,386.07688020855437
2017-03-10,11,1,12,91.66666666666666,385.3946245843634
2017-03-14,11,1,12,91.66666666666666,392.50786450981775
2017-03-15,11,1,12,91.66666666666666,394.2031510530142
2017-03-16,11,1,12,91.66666666666666,399.7184756744607
2017-03-17,11,1,12,91.66666666666666,401.5079135267478
2017-03-20,11,1,12,91.66666666666666,405.8402342512767
2017-03-21,11,1,12,91.66666666666666,405.21905468498113
2017-03-22,11,1,12,91.66666666666666,402.78978651161407
2017-03-23,11,1,12,91.66666666666666,403.3056700337727
2017-03-24,11,1,12,91.66666666666666,405.8423831931708
2017-03-27,11,1,12,91.66666666666666,412.0379493686121
2017-03-28,11,1,12,91.66666666666666,413.102983888711
2017-03-29,11,1,12,91.66666666666666,420.164477034356
2017-03-30,11,1,12,91.66666666666666,427.54270291445505
2017-03-31,11,1,12,91.66666666666666,428.17147053494875
2017-04-03,11,1,12,91.66666666666666,439.9009845498529
2017-04-05,12,0,12,100.0,438.96916188237503
2017-04-06,12,0,12,100.0,441.27292809780965
2017-04-07,12,0,12,100.0,442.993195630015
2017-04-10,12,0,12,100.0,442.32908159590403
2017-04-11,12,0,12,100.0,446.1626901566805
2017-04-12,12,0,12,100.0,445.5549460299812
2017-04-13,12,0,12,100.0,444.8125604982907
2017-04-17,12,0,12,100.0,442.7904435375287
2017-04-18,12,0,12,100.0,441.1457180920503
2017-04-19,12,0,12,100.0,442.9069105619193
2017-04-20,12,0,12,100.0,446.98605341784605
2017-04-21,12,0,12,100.0,443.92091150740686
2017-04-24,12,0,12,100.0,443.5067803304773
2017-04-25,12,0,12,100.0,446.4450313929932
2017-04-26,11,1,12,91.66666666666666,440.5381497081179
2017-04-27,11,1,12,91.66666666666666,439.9727389112555
2017-04-28,11,1,12,91.66666666666666,440.709870773475
2017-05-02,12,0,12,100.0,442.07047357597264
2017-05-03,12,0,12,100.0,442.06455213210063
2017-05-04,12,0,12,100.0,452.324274144221
2017-05-05,11,1,12,91.66666666666666,448.3580721708809
2017-05-08,11,1,12,91.66666666666666,453.0969462010069
2017-05-09,11,1,12,91.66666666666666,455.3239514974056
2017-05-10,11,1,12,91.66666666666666,454.6105028378354
2017-05-11,11,1,12,91.66666666666666,453.28312223040143
2017-05-12,11,1,12,91.66666666666666,447.25363538045804
2017-05-15,11,1,12,91.66666666666666,449.0565160035086
2017-05-16,11,1,12,91.66666666666666,452.8834428616521
2017-05-17,11,1,12,91.66666666666666,454.086759913202
2017-05-18,11,1,12,91.66666666666666,444.604785636401
2017-05-19,11,1,12,91.66666666666666,438.82665287384873
2017-05-22,11,1,12,91.66666666666666,430.6354648951965
2017-05-23,11,1,12,91.66666666666666,424.02738077787194
2017-05-24,11,1,12,91.66666666666666,422.7866056993545
2017-05-25,11,1,12,91.66666666666666,430.7104238350626
2017-05-26,11,1,12,91.66666666666666,440.2657046800082
2017-05-29,11,1,12,91.66666666666666,433.1018316232205
2017-05-30,11,1,12,91.66666666666666,431.11341290723743
2017-05-31,11,1,12,91.66666666666666,435.4658506956977
2017-06-01,11,1,12,91.66666666666666,439.2687321725308
2017-06-02,11,1,12,91.66666666666666,442.4142637215886
2017-06-05,11,1,12,91.66666666666666,443.620920864217
2017-06-06,11,1,12,91.66666666666666,443.41971104062515
2017-06-07,10,2,12,83.33333333333334,443.09203680628
2017-06-08,10,2,12,83.33333333333334,443.2881313040786
2017-06-09,10,2,12,83.33333333333334,441.35675824489164
2017-06-12,11,1,12,91.66666666666666,441.22769012882736
2017-06-13,11,1,12,91.66666666666666,444.3996019707013
2017-06-14,11,1,12,91.66666666666666,442.5587295973415
2017-06-15,11,1,12,91.66666666666666,441.45096827340257
2017-06-16,12,0,12,100.0,444.5606076840538
2017-06-19,11,1,12,91.66666666666666,443.5712529866357
2017-06-20,11,1,12,91.66666666666666,441.6061067074392
2017-06-21,11,1,12,91.66666666666666,440.37060462766766
2017-06-22,10,2,12,83.33333333333334,444.3575902133178
2017-06-23,10,2,12,83.33333333333334,435.6327953133417
2017-06-27,10,2,12,83.33333333333334,433.2860765154962
2017-06-28,10,2,12,83.33333333333334,431.39772722240536
2017-06-29,10,2,12,83.33333333333334,431.6240786501289
2017-06-30,10,2,12,83.33333333333334,433.7274752012604
2017-07-03,11,1,12,91.66666666666666,440.16364097754666
2017-07-04,10,2,12,83.33333333333334,439.0700764708808
2017-07-05,10,2,12,83.33333333333334,443.9189446387771
2017-07-06,10,2,12,83.33333333333334,443.81406060073357
2017-07-07,10,2,12,83.33333333333334,439.96979346296473
2017-07-10,10,2,12,83.33333333333334,441.36232606681506
2017-07-11,10,2,12,83.33333333333334,439.8204842313115
2017-07-12,10,2,12,83.33333333333334,444.22449504410844
2017-07-13,11,1,12,91.66666666666666,446.0704860269827
2017-07-14,11,1,12,91.66666666666666,443.90578309197764
2017-07-17,10,2,12,83.33333333333334,441.37598448129137
2017-07-18,10,2,12,83.33333333333334,437.9450451794838
2017-07-19,10,2,12,83.33333333333334,441.2524085900065
2017-07-20,10,2,12,83.33333333333334,440.6778150175089
2017-07-21,10,2,12,83.33333333333334,442.90269371267163
2017-07-24,10,2,12,83.33333333333334,443.5465970422997
2017-07-25,10,2,12,83.33333333333334,446.73610364266574
2017-07-26,10,2,12,83.33333333333334,448.22339835496524
2017-07-27,10,2,12,83.33333333333334,449.01473414166793
2017-07-28,10,2,12,83.33333333333334,450.84871091391994
2017-07-31,10,2,12,83.33333333333334,448.3430482847047
2017-08-01,10,2,12,83.33333333333334,445.13796308432364
2017-08-02,10,2,12,83.33333333333334,446.8915714303396
2017-08-03,10,2,12,83.33333333333334,444.53599616022007
2017-08-04,10,2,12,83.33333333333334,446.05707314668007
2017-08-07,10,2,12,83.33333333333334,448.5368638759962
2017-08-08,10,2,12,83.33333333333334,441.5796520164788
2017-08-09,10,2,12,83.33333333333334,436.30042012102655
2017-08-10,9,3,12,75.0,421.16390587278465
2017-08-11,9,3,12,75.0,421.7297970089146
2017-08-14,9,3,12,75.0,432.7188369283153
2017-08-16,9,3,12,75.0,434.8365913953095
2017-08-17,9,3,12,75.0,440.29260934730814
2017-08-18,9,3,12,75.0,437.3131085468082
2017-08-21,9,3,12,75.0,437.66774352807005
2017-08-22,9,3,12,75.0,438.3888698318136
2017-08-23,9,3,12,75.0,440.9274922682921
2017-08-24,9,3,12,75.0,441.99137779584674
2017-08-28,9,3,12,75.0,449.39725276349753
2017-08-29,9,3,12,75.0,444.0652627732539
2017-08-30,9,3,12,75.0,447.4535517941301
2017-08-31,9,3,12,75.0,450.19705973653714
2017-09-01,9,3,12,75.0,452.05928579299916
2017-09-04,9,3,12,75.0,448.00288379773815
2017-09-05,9,3,12,75.0,450.159123360184
2017-09-06,9,3,12,75.0,454.15954617620866
2017-09-07,10,2,12,83.33333333333334,461.27530935684786
2017-09-08,10,2,12,83.33333333333334,463.96640257746895
2017-09-11,11,1,12,91.66666666666666,469.89977329341866
2017-09-12,11,1,12,91.66666666666666,473.7056679693224
2017-09-13,11,1,12,91.66666666666666,469.1808863354533
2017-09-14,11,1,12,91.66666666666666,473.9622946001119
2017-09-15,11,1,12,91.66666666666666,473.4445384853858
2017-09-18,12,0,12,100.0,480.70655583986576
2017-09-19,11,1,12,91.66666666666666,480.3458616685478
2017-09-20,12,0,12,100.0,480.6528190971423
2017-09-21,12,0,12,100.0,481.4019984667491
2017-09-22,11,1,12,91.66666666666666,466.00260646962204
2017-09-25,11,1,12,91.66666666666666,458.5436919589221
2017-09-26,11,1,12,91.66666666666666,458.97979099664985
2017-09-27,9,3,12,75.0,452.47549343651565
2017-09-28,10,2,12,83.33333333333334,453.63212749983563
2017-09-29,11,1,12,91.66666666666666,458.75610292092847
2017-10-03,11,1,12,91.66666666666666,464.8650237503271
2017-10-04,10,2,12,83.33333333333334,467.21870096822704
2017-10-05,10,2,12,83.33333333333334,470.1577527395666
2017-10-06,10,2,12,83.33333333333334,476.5144139490865
2017-10-09,10,2,12,83.33333333333334,475.9928803576239
2017-10-10,11,1,12,91.66666666666666,485.34869903810585
2017-10-11,10,2,12,83.33333333333334,480.4629671955019
2017-10-12,10,2,12,83.33333333333334,481.83204666415895
2017-10-13,10,2,12,83.33333333333334,484.806395631891
2017-10-16,11,1,12,91.66666666666666,487.0131809419219
2017-10-17,10,2,12,83.33333333333334,493.0350333841516
2017-10-18,10,2,12,83.33333333333334,501.55289965960776
2017-10-19,10,2,12,83.33333333333334,504.0529560123649
2017-10-23,11,1,12,91.66666666666666,505.7220191286946
2017-10-24,10,2,12,83.33333333333334,501.8060506107297
2017-10-25,11,1,12,91.66666666666666,506.7404111201237
2017-10-26,11,1,12,91.66666666666666,506.50610851695177
2017-10-27,11,1,12,91.66666666666666,514.1333030892138
2017-10-30,11,1,12,91.66666666666666,518.0311612703962
2017-10-31,11,1,12,91.66666666666666,521.9945966839786
2017-11-01,11,1,12,91.66666666666666,529.1552435073056
2017-11-02,11,1,12,91.66666666666666,523.7732939543205
2017-11-03,11,1,12,91.66666666666666,523.4335157282638
2017-11-06,11,1,12,91.66666666666666,524.4549798366268
2017-11-07,11,1,12,91.66666666666666,522.2925799511364
2017-11-08,11,1,12,91.66666666666666,525.867010753006
2017-11-09,11,1,12,91.66666666666666,538.2996099645205
2017-11-10,11,1,12,91.66666666666666,540.1626601701072
2017-11-13,11,1,12,91.66666666666666,539.3634467991251
2017-11-14,11,1,12,91.66666666666666,547.6325773763498
2017-11-15,11,1,12,91.66666666666666,544.4935877018787
2017-11-16,11,1,12,91.66666666666666,548.4152749231006
2017-11-17,11,1,12,91.66666666666666,550.522761453378
2017-11-20,11,1,12,91.66666666666666,558.3590498338726
2017-11-21,11,1,12,91.66666666666666,565.1772901986097
2017-11-22,11,1,12,91.66666666666666,563.7037298025714
2017-11-23,11,1,12,91.66666666666666,575.0245782717603
2017-11-24,11,1,12,91.66666666666666,585.9637947349578
2017-11-27,11,1,12,91.66666666666666,594.1397425898895
2017-11-28,12,0,12,100.0,603.402865471527
2017-11-29,12,0,12,100.0,609.2911486014603
2017-11-30,12,0,12,100.0,606.8846986764812
2017-12-01,12,0,12,100.0,603.6383351641887
2017-12-04,12,0,12,100.0,606.5812171009559
2017-12-05,12,0,12,100.0,609.7685586952027
2017-12-06,12,0,12,100.0,612.8655457221893
2017-12-07,12,0,12,100.0,622.1619552004197
2017-12-08,12,0,12,100.0,625.0088568148261
2017-12-11,12,0,12,100.0,630.4094146611465
2017-12-12,12,0,12,100.0,629.7479386052453
2017-12-13,12,0,12,100.0,619.9691236897575
2017-12-14,12,0,12,100.0,614.771582804068
2017-12-15,12,0,12,100.0,629.2501689247551
2017-12-18,12,0,12,100.0,644.6006364223562
2017-12-19,12,0,12,100.0,656.7744236192501
2017-12-20,12,0,12,100.0,666.312332166153
2017-12-21,12,0,12,100.0,669.3399441886999
2017-12-22,12,0,12,100.0,667.4565013318465
2017-12-26,12,0,12,100.0,663.6421125749252
2017-12-27,12,0,12,100.0,661.8424413316504
2017-12-28,12,0,12,100.0,660.2287155341692
2017-12-29,12,0,12,100.0,666.7747894507412
2018-01-01,12,0,12,100.0,666.4690355082124
2018-01-02,12,0,12,100.0,659.9265080830822
2018-01-03,12,0,12,100.0,668.579456470596
2018-01-04,12,0,12,100.0,672.9343628237201
2018-01-05,12,0,12,100.0,686.8732891803504
2018-01-08,12,0,12,100.0,685.5135331081439
2018-01-09,12,0,12,100.0,680.0803705950867
2018-01-10,12,0,12,100.0,683.4647250096934
2018-01-11,12,0,12,100.0,688.6807937074631
2018-01-12,12,0,12,100.0,686.3937160028162
2018-01-15,12,0,12,100.0,684.6688029267049
2018-01-16,12,0,12,100.0,679.314306359389
2018-01-17,12,0,12,100.0,681.1340430013244
2018-01-18,12,0,12,100.0,668.3064421809496
2018-01-19,12,0,12,100.0,669.8221263600805
2018-01-22,12,0,12,100.0,677.8652440357488
2018-01-23,12,0,12,100.0,679.2377744695566
2018-01-24,12,0,12,100.0,666.8022027870918
2018-01-25,12,0,12,100.0,662.0603257027976
2018-01-29,12,0,12,100.0,656.9533632542392
2018-01-30,12,0,12,100.0,643.2804542346128
2018-01-31,12,0,12,100.0,639.2807321093777
2018-02-01,12,0,12,100.0,635.0543754791175
2018-02-02,12,0,12,100.0,609.1629620350666
2018-02-05,11,1,12,91.66666666666666,609.6231776046238
2018-02-06,12,0,12,100.0,599.4953682812956
2018-02-07,12,0,12,100.0,613.1456022893938
2018-02-08,12,0,12,100.0,629.258712299928
2018-02-09,12,0,12,100.0,633.821060673486
2018-02-12,12,0,12,100.0,635.6464019839468
2018-02-14,12,0,12,100.0,631.415958011504
2018-02-15,11,1,12,91.66666666666666,624.2466270350639
2018-02-16,11,1,12,91.66666666666666,618.4184007700816
2018-02-19,11,1,12,91.66666666666666,614.5459998465257
2018-02-20,12,0,12,100.0,613.2656961747361
2018-02-21,12,0,12,100.0,618.5928008960318
2018-02-22,10,2,12,83.33333333333334,611.8555234557604
2018-02-23,11,1,12,91.66666666666666,621.9676449753746
2018-02-26,11,1,12,91.66666666666666,629.8039697569052
2018-02-27,11,1,12,91.66666666666666,633.7077639477202
2018-02-28,11,1,12,91.66666666666666,632.7490505083755
2018-03-01,11,1,12,91.66666666666666,634.2466605049597
2018-03-05,12,0,12,100.0,631.2765520102718
2018-03-06,11,1,12,91.66666666666666,629.8091202078791
2018-03-07,10,2,12,83.33333333333334,624.6529666033639
2018-03-08,10,2,12,83.33333333333334,627.7676606739902
2018-03-09,10,2,12,83.33333333333334,628.9407384404784
2018-03-12,11,1,12,91.66666666666666,633.8572122995623
2018-03-13,10,2,12,83.33333333333334,643.4456074620139
2018-03-14,10,2,12,83.33333333333334,644.3763066706681
2018-03-15,10,2,12,83.33333333333334,643.6250518114871
2018-03-16,10,2,12,83.33333333333334,634.0619030152847
2018-03-19,10,2,12,83.33333333333334,618.7525348433868
2018-03-20,9,3,12,75.0,614.8842321656206
2018-03-21,8,4,12,66.66666666666666,612.5473419150802
2018-03-22,9,3,12,75.0,606.2550124969956
2018-03-23,9,3,12,75.0,598.734599294794
2018-03-26,9,3,12,75.0,605.9477751078107
2018-03-27,8,4,12,66.66666666666666,609.3779584864441
2018-03-28,9,3,12,75.0,605.7450927931799
2018-04-02,9,3,12,75.0,617.3573960352015
2018-04-03,9,3,12,75.0,628.6391652535183
2018-04-04,9,3,12,75.0,621.8080882891986
2018-04-05,11,1,12,91.66666666666666,633.3464226592645
2018-04-06,10,2,12,83.33333333333334,632.470988087722
2018-04-09,11,1,12,91.66666666666666,637.2868828541585
2018-04-10,11,1,12,91.66666666666666,635.4992062288659
2018-04-11,11,1,12,91.66666666666666,639.3378185676315
2018-04-12,11,1,12,91.66666666666666,640.4548137308786
2018-04-13,10,2,12,83.33333333333334,639.3222502270052
2018-04-16,10,2,12,83.33333333333334,643.0697352293892
2018-04-17,10,2,12,83.33333333333334,645.5658560253272
2018-04-18,10,2,12,83.33333333333334,645.3335601021623
2018-04-19,10,2,12,83.33333333333334,647.4228618741548
2018-04-20,10,2,12,83.33333333333334,645.7228579173096
2018-04-23,10,2,12,83.33333333333334,649.9073100486669
2018-04-24,10,2,12,83.33333333333334,643.3227110440102
2018-04-25,10,2,12,83.33333333333334,636.3644578649039
2018-04-26,10,2,12,83.33333333333334,642.1097797429602
2018-04-27,10,2,12,83.33333333333334,645.9694048278142
2018-04-30,11,1,12,91.66666666666666,647.7629119058383
2018-05-02,9,3,12,75.0,640.4833442153459
2018-05-03,10,2,12,83.33333333333334,631.2053947463846
2018-05-04,10,2,12,83.33333333333334,636.8665570882304
2018-05-07,10,2,12,83.33333333333334,645.7383579836031
2018-05-08,10,2,12,83.33333333333334,647.5049304710666
2018-05-09,10,2,12,83.33333333333334,644.9826215590682
2018-05-10,10,2,12,83.33333333333334,633.5221374323127
2018-05-11,9,3,12,75.0,632.0546139221523
2018-05-14,9,3,13,75.0,623.7589006071756
2018-05-15,8,4,13,66.66666666666666,620.1681301013634
2018-05-16,9,3,13,75.0,620.2869269599634
2018-05-17,9,3,13,75.0,621.8406973762079
2018-05-18,8,4,13,66.66666666666666,604.4800009590471
2018-05-21,8,4,13,66.66666666666666,594.8455311169387
2018-05-22,7,5,13,58.333333333333336,598.2524438477733
2018-05-23,7,5,13,58.333333333333336,592.1173525047902
2018-05-24,6,6,13,50.0,587.6055367651916
2018-05-25,6,6,13,50.0,589.7678423640871
2018-05-28,6,6,13,50.0,593.9699835484579
2018-05-29,6,6,13,50.0,591.5980086692884
2018-05-30,6,6,13,50.0,591.1429510357837
2018-05-31,5,7,13,41.66666666666667,581.3250286532616
2018-06-01,4,8,13,33.33333333333333,568.462061371772
2018-06-04,4,8,13,33.33333333333333,552.4571430104527
2018-06-05,3,9,13,25.0,540.3271124497402
2018-06-06,3,9,13,25.0,544.3439808819462
2018-06-07,4,8,13,33.33333333333333,557.5938236059377
2018-06-08,4,8,13,33.33333333333333,562.0728906636117
2018-06-11,4,8,13,33.33333333333333,566.55895161362
2018-06-12,4,8,13,33.33333333333333,573.3295323488977
2018-06-13,4,8,13,33.33333333333333,570.878492727833
2018-06-14,4,8,13,33.33333333333333,570.2419851367428
2018-06-15,4,8,13,33.33333333333333,568.0969224608197
2018-06-18,4,8,13,33.33333333333333,564.0852953157573
2018-06-19,4,8,13,33.33333333333333,555.4121532181699
2018-06-20,4,8,13,33.33333333333333,558.4556116498286
2018-06-21,4,8,13,33.33333333333333,557.2378557391778
2018-06-22,4,8,13,33.33333333333333,557.7965122401827
2018-06-25,3,9,13,25.0,554.470210917369
2018-06-26,3,9,13,25.0,547.5006055782655
2018-06-27,3,9,13,25.0,540.3404748223368
2018-06-28,3,9,13,25.0,540.2998443777967
2018-06-29,4,8,13,33.33333333333333,549.0225555193697
2018-07-02,4,8,13,33.33333333333333,542.4666552424545
2018-07-03,4,8,13,33.33333333333333,541.0791202099529
2018-07-04,3,9,13,25.0,540.2158717273372
2018-07-05,3,9,13,25.0,538.1507593050214
2018-07-06,3,9,13,25.0,540.812645778075
2018-07-09,3,9,13,25.0,544.9618040624076
2018-07-10,3,9,13,25.0,554.3880250658646
2018-07-11,3,9,13,25.0,553.4786901797556
2018-07-12,3,9,13,25.0,553.3671978666606
2018-07-13,3,9,13,25.0,543.7363358592883
2018-07-16,3,9,13,25.0,532.9673787593722
2018-07-17,3,9,13,25.0,531.722504447544
2018-07-18,3,9,13,25.0,528.621916137575
2018-07-19,3,9,13,25.0,527.1680618253852
2018-07-20,3,9,13,25.0,531.6041771487734
2018-07-23,4,8,13,33.33333333333333,553.9807663880099
2018-07-24,4,8,13,33.33333333333333,573.0013940987724
2018-07-25,3,9,13,25.0,558.7938864541134
2018-07-26,4,8,13,33.33333333333333,564.0008684320038
2018-07-27,4,8,13,33.33333333333333,572.9490103005418
2018-07-30,4,8,13,33.33333333333333,573.6622787399126
2018-07-31,4,8,13,33.33333333333333,576.8565442396795
2018-08-01,4,8,13,33.33333333333333,576.6508957039565
2018-08-02,4,8,13,33.33333333333333,581.3331671056723
2018-08-03,4,8,13,33.33333333333333,592.2675795773313
2018-08-06,4,8,13,33.33333333333333,602.2257221843338
2018-08-07,4,8,13,33.33333333333333,593.6497279910333
2018-08-08,5,7,13,41.66666666666667,590.4791969295387
2018-08-09,5,7,13,41.66666666666667,594.8269264445844
2018-08-10,5,7,13,41.66666666666667,592.7693797634414
2018-08-13,5,7,13,41.66666666666667,583.8497002742586
2018-08-14,5,7,13,41.66666666666667,584.8442571834333
2018-08-16,5,7,13,41.66666666666667,582.1740972191373
2018-08-17,5,7,13,41.66666666666667,585.6402717016134
2018-08-20,5,7,13,41.66666666666667,587.183966802474
2018-08-21,5,7,13,41.66666666666667,587.7338575596268
2018-08-23,5,7,13,41.66666666666667,595.6633768706384
2018-08-24,5,7,13,41.66666666666667,596.2987670984041
2018-08-27,5,7,13,41.66666666666667,597.5636201859925
2018-08-28,5,7,13,41.66666666666667,594.5936687268047
2018-08-29,6,6,13,50.0,596.8101209935958
2018-08-30,7,5,13,58.333333333333336,599.0290230630022
2018-08-31,7,5,13,58.333333333333336,604.1024836336317
2018-09-03,6,6,13,50.0,599.7377906663319
2018-09-04,5,7,13,41.66666666666667,584.4376467374224
2018-09-05,3,9,13,25.0,575.9715257279165
2018-09-06,4,8,13,33.33333333333333,574.8626434918783
2018-09-07,4,8,13,33.33333333333333,575.6299103930312
2018-09-10,3,9,13,25.0,565.9060122465914
2018-09-11,3,9,13,25.0,556.9101643480752
2018-09-12,3,9,13,25.0,558.7845371007476
2018-09-14,4,8,13,33.33333333333333,569.5118988776818
2018-09-17,4,8,13,33.33333333333333,566.0932531266529
2018-09-18,3,9,13,25.0,557.0433464751494
2018-09-19,2,10,13,16.666666666666664,552.3531721861513
2018-09-21,2,10,13,16.666666666666664,550.4447318554782
2018-09-24,1,11,13,8.333333333333332,533.8669637092962
2018-09-25,1,11,13,8.333333333333332,524.344111264001
2018-09-26,1,11,13,8.333333333333332,523.8821072858315
2018-09-27,1,11,13,8.333333333333332,516.9873895054909
2018-09-28,1,11,13,8.333333333333332,504.8964997157299
2018-10-01,1,11,13,8.333333333333332,492.3581892056836
2018-10-03,1,11,13,8.333333333333332,491.709771035519
2018-10-04,1,11,13,8.333333333333332,482.55543229413007
2018-10-05,1,11,13,8.333333333333332,473.7421073336318
2018-10-08,1,11,13,8.333333333333332,463.4352183896796
2018-10-09,0,12,13,0.0,462.7200933076965
2018-10-10,1,11,13,8.333333333333332,485.03727568670064
2018-10-11,1,11,13,8.333333333333332,479.8086094492061
2018-10-12,1,11,13,8.333333333333332,499.2364185640545
2018-10-15,1,11,13,8.333333333333332,508.18577140888095
2018-10-16,1,11,13,8.333333333333332,513.2584363264247
2018-10-17,1,11,13,8.333333333333332,502.80648356172844
2018-10-19,1,11,13,8.333333333333332,501.75358419357264
2018-10-22,1,11,13,8.333333333333332,490.18092882131947
2018-10-23,1,11,13,8.333333333333332,481.963876728563
2018-10-24,1,11,13,8.333333333333332,488.2227127764055
2018-10-25,1,11,13,8.333333333333332,483.05355101932673
2018-10-26,1,11,13,8.333333333333332,482.5602973507857
2018-10-29,2,10,13,16.666666666666664,491.88606763755007
2018-10-30,2,10,13,16.666666666666664,497.48049506285736
2018-10-31,2,10,13,16.666666666666664,508.2805150051871
2018-11-01,2,10,13,16.666666666666664,515.9775927985872
2018-11-02,2,10,13,16.666666666666664,518.7646163753458
2018-11-05,2,10,13,16.666666666666664,516.7682324388804
2018-11-06,2,10,13,16.666666666666664,515.6793131194056
2018-11-07,2,10,13,16.666666666666664,522.0290544081039
2018-11-09,2,10,13,16.666666666666664,523.6380689972891
2018-11-12,2,10,13,16.666666666666664,519.2018134693737
2018-11-13,2,10,13,16.666666666666664,520.1003653562653
2018-11-14,2,10,13,16.666666666666664,519.967269837754
2018-11-15,2,10,13,16.666666666666664,519.6967318599895
2018-11-16,2,10,13,16.666666666666664,521.8177001650109
2018-11-19,2,10,13,16.666666666666664,522.6919535394779
2018-11-20,2,10,13,16.666666666666664,515.1690359516201
2018-11-21,2,10,13,16.666666666666664,519.7020239570962
2018-11-22,2,10,13,16.666666666666664,517.7301943785646
2018-11-26,2,10,13,16.666666666666664,517.6525089782701
2018-11-27,2,10,13,16.666666666666664,514.9373109794557
2018-11-28,2,10,13,16.666666666666664,519.4288432035432
2018-11-29,2,10,13,16.666666666666664,523.5864074509602
2018-11-30,3,9,13,25.0,526.6176953770868
2018-12-03,3,9,13,25.0,529.4614071179806
2018-12-04,3,9,13,25.0,530.7500522745898
2018-12-05,3,9,13,25.0,522.3605591008433
2018-12-06,2,10,13,16.666666666666664,515.3418773691033
2018-12-07,3,9,13,25.0,519.4362581855214
2018-12-10,2,10,13,16.666666666666664,508.88006301616986
2018-12-11,3,9,13,25.0,520.9422882058903
2018-12-12,3,9,13,25.0,537.8634449031813
2018-12-13,4,8,13,33.33333333333333,544.831702552525
2018-12-14,4,8,13,33.33333333333333,547.4959959183366
2018-12-17,3,9,13,25.0,545.7541382978601
2018-12-18,4,8,13,33.33333333333333,547.5852034058624
2018-12-19,6,7,13,46.15384615384615,553.5366142825746
2018-12-20,5,8,13,38.46153846153847,551.9946885391662
2018-12-21,5,8,13,38.46153846153847,543.5134101109394
2018-12-24,4,9,13,30.76923076923077,539.4112247703819
2018-12-26,4,9,13,30.76923076923077,535.0313272675243
2018-12-27,4,9,13,30.76923076923077,538.175581490056
2018-12-28,4,9,13,30.76923076923077,545.989140135119
2018-12-31,5,8,13,38.46153846153847,556.3793448035135
2019-01-01,5,8,13,38.46153846153847,563.4877427020937
2019-01-02,5,8,13,38.46153846153847,552.8359069253149
2019-01-03,5,8,13,38.46153846153847,544.2151567940872
2019-01-04,4,9,13,30.76923076923077,542.2309157816887
2019-01-07,3,10,13,23.076923076923077,544.9816287750064
2019-01-08,4,9,13,30.76923076923077,540.0550294858203
2019-01-09,4,9,13,30.76923076923077,544.9372289301408
2019-01-10,4,9,13,30.76923076923077,544.2707892142874
2019-01-11,4,9,13,30.76923076923077,541.1550601761132
2019-01-14,4,9,13,30.76923076923077,541.0595161065058
2019-01-15,3,10,13,23.076923076923077,544.8563324383006
2019-01-16,4,9,13,30.76923076923077,545.7132504123841
2019-01-17,4,9,13,30.76923076923077,544.5893622999886
2019-01-18,4,9,13,30.76923076923077,542.7012544445469
2019-01-21,3,10,13,23.076923076923077,540.4907161024968
2019-01-22,3,10,13,23.076923076923077,541.8553150156608
2019-01-23,3,10,13,23.076923076923077,546.1653010527722
2019-01-24,3,10,13,23.076923076923077,544.9728185412948
2019-01-25,3,10,13,23.076923076923077,537.1812219752466
2019-01-28,3,10,13,23.076923076923077,528.4008759142826
2019-01-29,2,11,13,15.384615384615385,525.8682966540857
2019-01-30,3,10,13,23.076923076923077,531.2382717609983
2019-01-31,2,11,13,15.384615384615385,529.8138039409051
2019-02-01,4,9,13,30.76923076923077,536.4248667198734
2019-02-04,3,10,13,23.076923076923077,527.9423223290473
2019-02-05,3,10,13,23.076923076923077,521.4821487016692
2019-02-06,3,10,13,23.076923076923077,514.3127498917106
2019-02-07,3,10,13,23.076923076923077,521.2267391995586
2019-02-08,3,10,13,23.076923076923077,515.5001366864527
2019-02-11,2,11,13,15.384615384615385,508.8421562211238
2019-02-12,2,11,13,15.384615384615385,500.73804908937365
2019-02-13,2,11,13,15.384615384615385,494.7129762494627
2019-02-14,2,11,13,15.384615384615385,489.24856637336
2019-02-15,2,11,13,15.384615384615385,487.8782321908812
2019-02-18,2,11,13,15.384615384615385,486.59817259066233
2019-02-19,2,11,13,15.384615384615385,484.2817771019069
2019-02-20,2,11,13,15.384615384615385,494.74295051236805
2019-02-21,2,11,13,15.384615384615385,499.9798740944458
2019-02-22,2,11,13,15.384615384615385,505.3847617496157
2019-02-25,3,10,13,23.076923076923077,509.8503070041147
2019-02-26,4,9,13,30.76923076923077,506.5216409311952
2019-02-27,4,9,13,30.76923076923077,505.82770891924014
2019-02-28,6,7,13,46.15384615384615,513.7446285831868
2019-03-01,6,7,13,46.15384615384615,522.0041110584906
2019-03-05,8,5,13,61.53846153846154,547.6668507476099
2019-03-06,8,5,13,61.53846153846154,550.4810592498085
2019-03-07,8,5,13,61.53846153846154,548.7068139579029
2019-03-08,8,5,13,61.53846153846154,547.976371407571
2019-03-11,9,4,13,69.23076923076923,565.775864793848
2019-03-12,9,4,13,69.23076923076923,574.1031796002179
2019-03-13,9,4,13,69.23076923076923,569.3201960288338
2019-03-14,9,4,13,69.23076923076923,566.3316036366907
2019-03-15,10,3,13,76.92307692307693,563.4040507971258
2019-03-18,9,4,13,69.23076923076923,556.6879528908067
2019-03-19,9,4,13,69.23076923076923,561.0138765388242
2019-03-20,10,3,13,76.92307692307693,558.384566879722
2019-03-22,9,4,13,69.23076923076923,555.5290362222325
2019-03-25,9,4,13,69.23076923076923,549.7075861338673
2019-03-26,9,4,13,69.23076923076923,554.4722948412583
2019-03-27,9,4,13,69.23076923076923,557.5579246924714
2019-03-28,9,4,13,69.23076923076923,563.7316381677459
2019-03-29,11,2,13,84.61538461538461,569.3552719700349
2019-04-01,10,3,13,76.92307692307693,572.0790680661503
2019-04-02,10,3,13,76.92307692307693,570.0422593365126
2019-04-03,9,4,13,69.23076923076923,564.980090932766
2019-04-04,9,4,13,69.23076923076923,562.6987105560352
2019-04-05,9,4,13,69.23076923076923,563.5740985457345
2019-04-08,9,4,13,69.23076923076923,560.2207171342753
2019-04-09,9,4,13,69.23076923076923,557.0209879900065
2019-04-10,9,4,13,69.23076923076923,558.517476958502
2019-04-11,9,4,13,69.23076923076923,560.9549096183715
2019-04-12,9,4,13,69.23076923076923,560.180723548803
2019-04-15,9,4,13,69.23076923076923,561.8608595686763
2019-04-16,9,4,13,69.23076923076923,562.446936677284
2019-04-18,9,4,13,69.23076923076923,558.2273922279045
2019-04-22,9,4,13,69.23076923076923,552.0784201586531
2019-04-23,9,4,13,69.23076923076923,554.2763165710528
2019-04-24,9,4,13,69.23076923076923,554.6871940999046
2019-04-25,9,4,13,69.23076923076923,557.2069755850027
2019-04-26,9,4,13,69.23076923076923,554.1570322163005
2019-04-30,9,4,13,69.23076923076923,550.0815656737755
2019-05-02,9,4,13,69.23076923076923,547.2951640355066
2019-05-03,9,4,13,69.23076923076923,554.3189429134206
2019-05-06,9,4,13,69.23076923076923,544.7015801032824
2019-05-07,8,5,13,61.53846153846154,542.2582119581803
2019-05-08,9,4,13,69.23076923076923,534.5349316755807
2019-05-09,9,4,13,69.23076923076923,532.1817994879359
2019-05-10,8,5,13,61.53846153846154,536.1087077893674
2019-05-13,8,5,13,61.53846153846154,522.6149934911468
2019-05-14,8,5,13,61.53846153846154,523.5971468412022
2019-05-15,6,7,13,46.15384615384615,524.6943131934214
2019-05-16,6,7,13,46.15384615384615,524.2692835445413
2019-05-17,8,5,13,61.53846153846154,529.2852826788422
2019-05-20,9,4,13,69.23076923076923,542.5497204490556
2019-05-21,8,5,13,61.53846153846154,544.5145884411818
2019-05-22,8,5,13,61.53846153846154,543.6063915461491
2019-05-23,8,5,13,61.53846153846154,538.830324879071
2019-05-24,9,4,13,69.23076923076923,551.0682541012317
2019-05-27,9,4,13,69.23076923076923,560.1182694288987
2019-05-28,9,4,13,69.23076923076923,568.7470057672485
2019-05-29,9,4,13,69.23076923076923,566.1596090415286
2019-05-30,9,4,13,69.23076923076923,567.7631204702989
2019-05-31,10,3,13,76.92307692307693,572.1412644028702
2019-06-03,10,3,13,76.92307692307693,570.6920807146556
2019-06-04,10,3,13,76.92307692307693,573.8769198809748
2019-06-06,10,3,13,76.92307692307693,565.736154539435
2019-06-07,10,3,13,76.92307692307693,567.7218131200682
2019-06-10,10,3,13,76.92307692307693,566.8700313082645
2019-06-11,10,3,13,76.92307692307693,569.0006149927693
2019-06-12,9,4,13,69.23076923076923,563.9619115588864
2019-06-13,9,4,13,69.23076923076923,560.3951563625744
2019-06-14,10,3,13,76.92307692307693,556.9693961645002
2019-06-17,9,4,13,69.23076923076923,545.9330561019631
2019-06-18,9,4,13,69.23076923076923,546.512999813989
2019-06-19,9,4,13,69.23076923076923,545.2763118035424
2019-06-20,9,4,13,69.23076923076923,549.7711157001008
2019-06-21,10,3,13,76.92307692307693,552.4496508507793
2019-06-24,9,4,13,69.23076923076923,549.1117983158507
2019-06-25,10,3,13,76.92307692307693,550.412960862483
2019-06-26,10,3,13,76.92307692307693,554.2664845364327
2019-06-27,10,3,13,76.92307692307693,556.9646012862963
2019-06-28,10,3,13,76.92307692307693,557.8008251277614
2019-07-01,10,3,13,76.92307692307693,562.5240556132098
2019-07-02,10,3,13,76.92307692307693,560.814664803495
2019-07-03,10,3,13,76.92307692307693,560.4056912042037
2019-07-04,10,3,13,76.92307692307693,560.0991180023052
2019-07-05,10,3,13,76.92307692307693,549.2095178601585
2019-07-08,9,4,13,69.23076923076923,542.2658995512744
2019-07-09,9,4,13,69.23076923076923,538.2235182782456
2019-07-10,9,4,13,69.23076923076923,529.6421650970685
2019-07-11,8,5,13,61.53846153846154,533.4617388531944
2019-07-12,9,4,13,69.23076923076923,536.3794762696539
2019-07-15,8,5,13,61.53846153846154,534.0574779463184
2019-07-16,8,5,13,61.53846153846154,534.8288754468864
2019-07-17,8,5,13,61.53846153846154,532.7393704225035
2019-07-18,8,5,13,61.53846153846154,528.0154854343604
2019-07-19,8,5,13,61.53846153846154,520.3312615775883
2019-07-22,8,5,13,61.53846153846154,516.2116509481888
2019-07-23,8,5,13,61.53846153846154,521.1191461708886
2019-07-24,7,6,13,53.84615384615385,513.2757071306804
2019-07-25,7,6,13,53.84615384615385,511.3969156648155
2019-07-26,7,6,13,53.84615384615385,507.81066366975693
2019-07-29,7,6,13,53.84615384615385,500.5147897540297
2019-07-30,6,7,13,46.15384615384615,487.923616217629
2019-07-31,7,6,13,53.84615384615385,493.1334620213902
2019-08-01,7,6,13,53.84615384615385,493.30370073933534
2019-08-02,7,6,13,53.84615384615385,491.72114957991465
2019-08-05,7,6,13,53.84615384615385,482.0320577361143
2019-08-06,7,6,13,53.84615384615385,497.17197818787673
2019-08-07,7,6,13,53.84615384615385,501.2381168601392
2019-08-08,7,6,13,53.84615384615385,507.44416612671665
2019-08-09,7,6,13,53.84615384615385,515.6258024511218
2019-08-13,7,6,13,53.84615384615385,507.9498444219757
2019-08-14,7,6,13,53.84615384615385,505.24205804306445
2019-08-16,7,6,13,53.84615384615385,504.3356263387663
2019-08-19,7,6,13,53.84615384615385,513.0989676895315
2019-08-20,7,6,13,53.84615384615385,509.23521992999054
2019-08-21,7,6,13,53.84615384615385,499.0330431420825
2019-08-22,7,6,13,53.84615384615385,490.1437724076748
2019-08-23,7,6,13,53.84615384615385,490.0105037476542
2019-08-26,7,6,13,53.84615384615385,496.46831695204474
2019-08-27,7,6,13,53.84615384615385,510.54633059706657
2019-08-28,7,6,13,53.84615384615385,506.78136342331595
2019-08-29,7,6,13,53.84615384615385,505.1278597937159
2019-08-30,7,6,13,53.84615384615385,508.4504209176246
2019-09-03,7,6,13,53.84615384615385,499.8424825397118
2019-09-04,7,6,13,53.84615384615385,500.3889283771913
2019-09-05,7,6,13,53.84615384615385,506.3011153280918
2019-09-06,7,6,13,53.84615384615385,510.1084593637277
2019-09-09,7,6,13,53.84615384615385,509.04802301168075
2019-09-11,7,6,13,53.84615384615385,525.8368748199326
2019-09-12,7,6,13,53.84615384615385,523.8597194182255
2019-09-13,7,6,13,53.84615384615385,527.7045772609835
2019-09-16,7,6,13,53.84615384615385,528.4975295875736
2019-09-17,6,7,13,46.15384615384615,516.8849828345899
2019-09-18,6,7,13,46.15384615384615,525.0739273488084
2019-09-19,5,8,13,38.46153846153847,516.1663388637361
2019-09-20,8,5,13,61.53846153846154,549.4790581942433
2019-09-23,8,5,13,61.53846153846154,565.9512630437334
2019-09-24,8,5,13,61.53846153846154,562.4811956514955
2019-09-25,8,5,13,61.53846153846154,553.756654995499
2019-09-26,8,5,13,61.53846153846154,563.0729415893932
2019-09-27,7,6,13,53.84615384615385,563.8286668987923
2019-10-01,7,6,13,53.84615384615385,563.8286668987923
2019-10-03,7,6,13,53.84615384615385,562.8811723790211
2019-10-04,7,6,13,53.84615384615385,560.2309187994616
2019-10-07,7,6,13,53.84615384615385,559.0004585054421
2019-10-09,7,6,13,53.84615384615385,566.101601790338
2019-10-10,7,6,13,53.84615384615385,562.0464978294659
2019-10-11,7,6,13,53.84615384615385,561.7646823530104
2019-10-14,7,6,13,53.84615384615385,560.6113383980945
2019-10-15,7,6,13,53.84615384615385,560.0588161281371
2019-10-16,7,6,13,53.84615384615385,561.3346059767355
2019-10-17,6,7,13,46.15384615384615,566.769525218643
2019-10-18,6,7,13,46.15384615384615,578.8997044998121
2019-10-22,6,7,13,46.15384615384615,586.5014750663365
2019-10-23,6,7,13,46.15384615384615,585.2543325175315
2019-10-24,6,7,13,46.15384615384615,581.285150879247
2019-10-25,6,7,13,46.15384615384615,576.0815666629453
2019-10-27,6,7,13,46.15384615384615,580.1799632210193
2019-10-29,6,7,13,46.15384615384615,583.9904814191834
2019-10-30,7,6,13,53.84615384615385,592.1970662437094
2019-10-31,8,5,13,61.53846153846154,598.446340134226
2019-11-01,8,5,13,61.53846153846154,597.789671829224
2019-11-04,7,6,13,53.84615384615385,597.5230702427757
2019-11-05,8,5,13,61.53846153846154,594.8496147446481
2019-11-06,7,6,13,53.84615384615385,586.0059517828427
2019-11-07,7,6,13,53.84615384615385,587.2213261649126
2019-11-08,7,6,13,53.84615384615385,586.7473611690622
2019-11-11,8,5,13,61.53846153846154,588.6866583489598
2019-11-13,7,6,13,53.84615384615385,584.3605280954259
2019-11-14,7,6,13,53.84615384615385,585.910084492733
2019-11-15,7,6,13,53.84615384615385,586.0931587129813
2019-11-18,7,6,13,53.84615384615385,581.7119072216477
2019-11-19,7,6,13,53.84615384615385,577.0444407915467
2019-11-20,7,6,13,53.84615384615385,574.9935029452593
2019-11-21,7,6,13,53.84615384615385,569.4879530353255
2019-11-22,7,6,13,53.84615384615385,576.3777581783418
2019-11-25,7,6,13,53.84615384615385,581.4046540959374
2019-11-26,7,6,13,53.84615384615385,575.6262722028299
2019-11-27,7,6,13,53.84615384615385,582.7193783096009
2019-11-28,7,6,13,53.84615384615385,585.3206007605647
2019-11-29,7,6,13,53.84615384615385,581.1802505750106
2019-12-02,7,6,13,53.84615384615385,573.8685987343387
2019-12-03,7,6,13,53.84615384615385,569.0686134030096
2019-12-04,7,6,13,53.84615384615385,571.2881867024802
2019-12-05,7,6,13,53.84615384615385,572.6129111315641
2019-12-06,7,6,13,53.84615384615385,563.712709816861
2019-12-09,6,7,13,46.15384615384615,558.7839809982472
2019-12-10,6,7,13,46.15384615384615,556.8467070818463
2019-12-11,6,7,13,46.15384615384615,558.73942451062
2019-12-12,6,7,13,46.15384615384615,563.9289968068836
2019-12-13,6,7,13,46.15384615384615,567.4287558594077
2019-12-16,6,7,13,46.15384615384615,564.4016222187802
2019-12-17,6,7,13,46.15384615384615,564.6986948040192
2019-12-18,6,7,13,46.15384615384615,568.3485422604158
2019-12-19,6,7,13,46.15384615384615,573.0309145522209
2019-12-20,6,7,13,46.15384615384615,567.400964797214
2019-12-23,6,7,13,46.15384615384615,568.6380909132032
2019-12-24,6,7,13,46.15384615384615,572.7571412398996
2019-12-26,6,7,13,46.15384615384615,575.2949393580784
2019-12-27,6,7,13,46.15384615384615,575.0062543698531
2019-12-30,6,7,13,46.15384615384615,577.0159262358758
2019-12-31,6,7,13,46.15384615384615,577.5970778825347
2020-01-01,6,7,13,46.15384615384615,577.5465714343236
2020-01-02,6,7,13,46.15384615384615,584.9289740441724
2020-01-03,6,7,13,46.15384615384615,584.218496528315
2020-01-06,6,7,13,46.15384615384615,573.5039062589879
2020-01-07,6,7,13,46.15384615384615,585.4670266093215
2020-01-08,6,7,13,46.15384615384615,587.2984143652619
2020-01-09,6,7,13,46.15384615384615,593.130916846721
2020-01-10,6,7,13,46.15384615384615,598.4756596125602
2020-01-13,7,6,13,53.84615384615385,608.0737931430397
2020-01-14,7,6,13,53.84615384615385,608.524663072817
2020-01-15,7,6,13,53.84615384615385,610.6902978713961
2020-01-16,7,6,13,53.84615384615385,623.2693802853089
2020-01-17,8,5,13,61.53846153846154,628.3796437220099
2020-01-20,8,5,13,61.53846153846154,622.7730819190607
2020-01-21,8,5,13,61.53846153846154,618.5227530121039
2020-01-22,7,6,13,53.84615384615385,615.2467144057107
2020-01-23,9,4,13,69.23076923076923,625.2545861857741
2020-01-24,9,4,13,69.23076923076923,629.7203981919477
2020-01-27,9,4,13,69.23076923076923,625.2413870442819
2020-01-28,8,5,13,61.53846153846154,628.0999168188712
2020-01-29,8,5,13,61.53846153846154,623.4624226570778
2020-01-30,8,5,13,61.53846153846154,620.2922126674437
2020-01-31,7,6,13,53.84615384615385,619.8668220868636
2020-02-01,7,6,13,53.84615384615385,605.2074050224018
2020-02-03,7,6,13,53.84615384615385,606.8526476829827
2020-02-04,7,6,13,53.84615384615385,614.0416380300866
2020-02-05,8,5,13,61.53846153846154,620.0207001400188
2020-02-06,9,4,13,69.23076923076923,621.9334809994026
2020-02-07,9,4,13,69.23076923076923,625.7819813874327
2020-02-10,9,4,13,69.23076923076923,610.1228089412447
2020-02-11,8,5,13,61.53846153846154,606.8389202343606
2020-02-12,9,4,13,69.23076923076923,613.4042307044746
2020-02-13,9,4,13,69.23076923076923,610.2556289713814
2020-02-14,9,4,13,69.23076923076923,608.2257218709337
2020-02-17,9,4,13,69.23076923076923,609.2360195756573
2020-02-18,8,5,13,61.53846153846154,605.7036073729809
2020-02-19,8,5,13,61.53846153846154,614.5358111762113
2020-02-20,8,5,13,61.53846153846154,614.2807721845637
2020-02-24,8,5,13,61.53846153846154,602.4555321485083
2020-02-25,8,5,13,61.53846153846154,608.5374722106553
2020-02-26,8,5,13,61.53846153846154,603.3238695917124
2020-02-27,8,5,13,61.53846153846154,599.9323375268733
2020-02-28,7,6,13,53.84615384615385,582.7671562036298
2020-03-02,7,6,13,53.84615384615385,584.3960418334794
2020-03-03,7,6,13,53.84615384615385,586.2472827595017
2020-03-04,7,6,13,53.84615384615385,572.7584714972706
2020-03-05,7,6,13,53.84615384615385,574.9661104427107
2020-03-06,7,6,13,53.84615384615385,565.7361163865723
2020-03-09,4,9,13,30.76923076923077,547.3792649527624
2020-03-11,3,10,13,23.076923076923077,541.4730950385286
2020-03-12,2,11,13,15.384615384615385,499.73668214095727
2020-03-13,3,10,13,23.076923076923077,507.90841167797487
2020-03-16,2,11,13,15.384615384615385,484.96824810579494
2020-03-17,2,11,13,15.384615384615385,468.85103039098726
2020-03-18,0,13,13,0.0,443.6298473785642
2020-03-19,0,13,13,0.0,422.1045330601103
2020-03-20,1,12,13,7.6923076923076925,435.1448674721575
2020-03-23,0,13,13,0.0,386.3288883229656
2020-03-24,0,13,13,0.0,377.5251675540012
2020-03-25,0,13,13,0.0,382.2844087383141
2020-03-26,0,13,13,0.0,401.7000527145249
2020-03-27,1,12,13,7.6923076923076925,405.059273055438
2020-03-30,0,13,13,0.0,389.9326794814314
2020-03-31,1,12,13,7.6923076923076925,406.1852830356342
2020-04-01,0,13,13,0.0,403.7252673695398
2020-04-03,0,13,13,0.0,403.43933713933603
2020-04-07,0,13,13,0.0,416.8951449238356
2020-04-08,0,13,13,0.0,425.34178776416576
2020-04-09,0,13,13,0.0,447.9575315135027
2020-04-13,0,12,12,0.0,437.0356447528265
2020-04-15,0,13,13,0.0,437.7487217191155
2020-04-16,0,13,13,0.0,455.4302783879433
2020-04-17,1,12,13,7.6923076923076925,475.998766108874
2020-04-20,1,12,13,7.6923076923076925,475.9754284394587
2020-04-21,0,13,13,0.0,459.7183490087948
2020-04-22,0,13,13,0.0,464.25095783647566
2020-04-23,0,13,13,0.0,469.6628927950277
2020-04-24,0,13,13,0.0,460.01815001379026
2020-04-27,0,13,13,0.0,457.79677004386355
2020-04-28,0,13,13,0.0,458.2891501796606
2020-04-29,1,12,13,7.6923076923076925,465.6352694987503
2020-04-30,1,12,13,7.6923076923076925,471.19670821920573
2020-05-04,0,13,13,0.0,449.9567645288794
2020-05-05,0,13,13,0.0,445.73447128479444
2020-05-06,0,13,13,0.0,445.0310745602997
2020-05-07,0,13,13,0.0,441.1719847741434
2020-05-08,0,13,13,0.0,437.44598578291993
2020-05-11,1,12,13,7.6923076923076925,441.67298016336696
2020-05-12,1,12,13,7.6923076923076925,437.49194594969777
2020-05-13,1,12,13,7.6923076923076925,449.09351701407417
2020-05-14,1,12,13,7.6923076923076925,446.16254844405745
2020-05-15,1,12,13,7.6923076923076925,441.8188000294753
2020-05-18,1,12,13,7.6923076923076925,426.6988354499219
2020-05-19,1,12,13,7.6923076923076925,425.7989144097425
2020-05-20,1,12,13,7.6923076923076925,434.2397031123845
2020-05-21,1,12,13,7.6923076923076925,437.4471900982911
2020-05-22,1,12,13,7.6923076923076925,433.02102690326103
2020-05-26,0,13,13,0.0,431.91052000140877
2020-05-27,0,13,13,0.0,443.1281677397182
2020-05-28,1,12,13,7.6923076923076925,449.34974640941425
2020-05-29,1,12,13,7.6923076923076925,452.75469206956546
2020-06-01,1,12,13,7.6923076923076925,475.69854646398005
2020-06-02,1,12,13,7.6923076923076925,490.51598219511845
2020-06-03,3,10,13,23.076923076923077,501.4741988839622
2020-06-04,2,11,13,15.384615384615385,500.2189658709482
2020-06-05,2,11,13,15.384615384615385,505.5704987341533
2020-06-08,1,12,13,7.6923076923076925,500.38253021803064
2020-06-09,1,12,13,7.6923076923076925,493.7977970472207
2020-06-10,1,12,13,7.6923076923076925,498.4128021252708
2020-06-11,1,12,13,7.6923076923076925,491.66886698867023
2020-06-12,1,12,13,7.6923076923076925,485.88163511469895
2020-06-15,1,12,13,7.6923076923076925,481.06970131590504
2020-06-16,1,12,13,7.6923076923076925,481.5357052893753
2020-06-17,1,12,13,7.6923076923076925,484.1661518581577
2020-06-18,2,11,13,15.384615384615385,487.24791497049466
2020-06-19,1,12,13,7.6923076923076925,493.46284104197906
2020-06-22,2,11,13,15.384615384615385,499.35937001563406
2020-06-23,2,11,13,15.384615384615385,506.0470966651326
2020-06-24,2,11,13,15.384615384615385,507.6144266181009
2020-06-25,2,11,13,15.384615384615385,508.6047616600862
2020-06-26,4,9,13,30.76923076923077,522.0215370556816
2020-06-29,3,10,13,23.076923076923077,515.542997931899
2020-06-30,3,10,13,23.076923076923077,512.2254411973252
2020-07-01,3,10,13,23.076923076923077,508.75214185425517
2020-07-02,4,9,13,30.76923076923077,512.5041818441036
2020-07-03,3,10,13,23.076923076923077,510.46374685655576
2020-07-06,5,8,13,38.46153846153847,513.0530663572047
2020-07-07,3,10,13,23.076923076923077,509.22156067583614
2020-07-08,3,10,13,23.076923076923077,503.1026580061396
2020-07-09,4,9,13,30.76923076923077,507.42593873539727
2020-07-10,3,10,13,23.076923076923077,500.98069064165117
2020-07-13,4,9,13,30.76923076923077,499.5311627406248
2020-07-14,4,9,13,30.76923076923077,493.51896025700216
2020-07-15,4,9,13,30.76923076923077,492.6432364252962
2020-07-16,3,10,13,23.076923076923077,492.7044865933788
2020-07-17,4,9,13,30.76923076923077,501.9635778992998
2020-07-20,5,8,13,38.46153846153847,506.38215598104586
2020-07-21,4,9,13,30.76923076923077,503.933640433296
2020-07-22,5,8,14,38.46153846153847,504.5984744929148
2020-07-23,6,7,14,46.15384615384615,506.7347615158388
2020-07-24,5,8,14,38.46153846153847,500.63386588254605
2020-07-27,4,9,14,30.76923076923077,493.1534691862876
2020-07-28,4,9,14,30.76923076923077,492.9509507386263
2020-07-29,3,10,14,23.076923076923077,490.09089995724196
2020-07-30,2,11,14,15.384615384615385,485.11862634043473
2020-07-31,4,9,14,30.76923076923077,486.8703467396287
2020-08-03,3,10,14,23.076923076923077,486.4047764978041
2020-08-04,5,8,14,38.46153846153847,493.2247773514936
2020-08-05,5,8,14,38.46153846153847,496.2510854136219
2020-08-06,5,8,14,38.46153846153847,499.5851920391799
2020-08-07,5,8,14,38.46153846153847,500.79598796615335
2020-08-10,5,8,14,38.46153846153847,501.91433159749226
2020-08-11,6,7,14,46.15384615384615,503.4512685841555
2020-08-12,5,8,14,38.46153846153847,500.3392822385427
2020-08-13,5,8,14,38.46153846153847,503.35665356193414
2020-08-14,5,8,14,38.46153846153847,506.79624539049206
2020-08-17,5,8,14,38.46153846153847,511.0646686727659
2020-08-18,6,7,14,46.15384615384615,522.8410918085981
2020-08-19,7,6,14,53.84615384615385,527.8746745739115
2020-08-20,7,6,14,53.84615384615385,538.3283863736151
2020-08-21,8,5,14,61.53846153846154,557.6556598684843
2020-08-24,9,4,14,69.23076923076923,567.8610021240297
2020-08-25,9,4,14,69.23076923076923,570.1360489126972
2020-08-26,10,3,14,76.92307692307693,580.1482470434956
2020-08-27,11,2,14,84.61538461538461,581.8654647231167
2020-08-28,11,2,14,84.61538461538461,580.5907793279232
2020-08-31,9,4,14,69.23076923076923,554.9973100079773
2020-09-01,8,5,14,61.53846153846154,552.3701325402852
2020-09-02,10,3,14,76.92307692307693,556.4923981065381
2020-09-03,11,2,14,84.61538461538461,565.7313666682966
2020-09-04,10,3,14,76.92307692307693,563.3611228769527
2020-09-07,9,4,14,69.23076923076923,558.0459472268568
2020-09-08,9,4,14,69.23076923076923,554.7165176951809
2020-09-09,8,5,14,61.53846153846154,547.5232570194572
2020-09-10,8,5,14,61.53846153846154,554.1318475393291
2020-09-11,9,4,14,69.23076923076923,557.4609330204595
2020-09-14,11,2,14,84.61538461538461,587.0970214477755
2020-09-15,11,2,14,84.61538461538461,601.8934587837957
2020-09-16,11,2,14,84.61538461538461,605.2486910418414
2020-09-17,11,2,14,84.61538461538461,601.0806496533407
2020-09-18,10,3,14,76.92307692307693,596.1903728580202
2020-09-21,9,4,14,69.23076923076923,575.3165042239835
2020-09-22,9,4,14,69.23076923076923,569.7261497831141
2020-09-23,8,5,14,61.53846153846154,568.2019975663644
2020-09-24,8,5,14,61.53846153846154,554.7192125655346
2020-09-25,8,5,14,61.53846153846154,565.987123890284
2020-09-28,7,5,12,58.333333333333336,577.915346949479
2020-09-29,9,4,14,69.23076923076923,581.3908100213148
2020-09-30,10,3,14,76.92307692307693,589.9715098789355
2020-10-01,10,3,14,76.92307692307693,587.9820725165848
2020-10-05,10,3,14,76.92307692307693,584.333220769097
2020-10-06,10,3,14,76.92307692307693,586.3142330136468
2020-10-07,10,3,14,76.92307692307693,583.688934697156
2020-10-08,9,4,14,69.23076923076923,582.7536907875138
2020-10-09,10,3,14,76.92307692307693,584.0555863570348
2020-10-12,10,3,14,76.92307692307693,581.6749449135458
2020-10-13,9,4,14,69.23076923076923,579.5890283661583
2020-10-14,10,3,14,76.92307692307693,582.7164223367015
2020-10-15,9,4,14,69.23076923076923,577.1384092406089
2020-10-16,10,3,14,76.92307692307693,586.6841854397754
2020-10-19,9,4,14,69.23076923076923,590.6402109976058
2020-10-20,8,5,14,61.53846153846154,593.4198369411919
2020-10-21,8,5,14,61.53846153846154,592.5300403403043
2020-10-22,8,5,14,61.53846153846154,594.7802345588958
2020-10-23,10,3,14,76.92307692307693,603.7620662924083
2020-10-26,9,4,14,69.23076923076923,600.7295574273883
2020-10-27,9,4,14,69.23076923076923,606.5631205295542
2020-10-28,9,4,14,69.23076923076923,603.8831738555588
2020-10-29,9,4,14,69.23076923076923,601.728424975816
2020-10-30,10,3,14,76.92307692307693,599.9623348845479
2020-11-02,9,4,14,69.23076923076923,599.4265672794618
2020-11-03,9,4,14,69.23076923076923,603.3475746733305
2020-11-04,9,4,14,69.23076923076923,606.5251484596406
2020-11-05,9,4,14,69.23076923076923,617.3197056764865
2020-11-06,9,4,14,69.23076923076923,620.931711783772
2020-11-09,10,3,14,76.92307692307693,627.7952848160683
2020-11-10,10,3,14,76.92307692307693,624.5561971307181
2020-11-11,11,2,14,84.61538461538461,625.5350103033405
2020-11-12,11,2,14,84.61538461538461,635.2596497190584
2020-11-13,11,2,14,84.61538461538461,641.2917016074376
2020-11-14,11,2,14,84.61538461538461,646.1277004119601
2020-11-17,11,2,14,84.61538461538461,656.5200021768917
2020-11-18,11,2,14,84.61538461538461,657.636903307964
2020-11-19,12,1,14,92.3076923076923,655.6261199226951
2020-11-20,12,1,14,92.3076923076923,659.3850001199576
2020-11-23,12,1,14,92.3076923076923,663.2676382098504
2020-11-24,12,1,14,92.3076923076923,669.9499307390561
2020-11-25,12,1,14,92.3076923076923,662.9237019128678
2020-11-26,12,1,14,92.3076923076923,665.085590414087
2020-11-27,12,1,14,92.3076923076923,679.8977731278733
2020-12-01,12,1,14,92.3076923076923,691.152094103837
2020-12-02,12,1,14,92.3076923076923,688.8830403394945
2020-12-03,12,1,14,92.3076923076923,694.6793814127085
2020-12-04,12,1,14,92.3076923076923,696.8315930223772
2020-12-07,12,1,14,92.3076923076923,703.3838345939654
2020-12-08,12,1,14,92.3076923076923,703.300311329775
2020-12-09,13,0,14,100.0,708.4290422569577
2020-12-10,13,0,14,100.0,701.9976024713662
2020-12-11,13,0,14,100.0,703.695703348264
2020-12-14,13,0,14,100.0,721.6664874023413
2020-12-15,13,0,14,100.0,732.3294798010661
2020-12-16,13,0,14,100.0,742.3701065247515
2020-12-17,13,0,14,100.0,734.9807505223173
2020-12-18,13,0,14,100.0,739.2455870620283
2020-12-21,13,0,14,100.0,714.6101271737442
2020-12-22,13,0,14,100.0,722.2698437150294
2020-12-23,13,0,14,100.0,735.58818894324
2020-12-24,13,0,14,100.0,748.2361032203358
2020-12-28,13,0,14,100.0,756.1467657393697
2020-12-29,13,0,14,100.0,767.2116677834541
2020-12-30,13,0,14,100.0,769.9154031327076
2020-12-31,13,0,14,100.0,773.8149832875915
2021-01-01,13,0,14,100.0,772.2503588498148
2021-01-04,13,0,14,100.0,784.2796687826035
2021-01-05,13,0,14,100.0,786.90680165008
2021-01-06,13,0,14,100.0,791.106782929997
2021-01-07,13,0,14,100.0,804.5668169802825
2021-01-08,13,0,14,100.0,810.5885159572005
2021-01-11,13,0,14,100.0,814.4243258041241
2021-01-12,13,0,14,100.0,812.9618744084407
2021-01-13,13,0,14,100.0,819.2992315964801
2021-01-14,13,0,14,100.0,813.4865936998582
2021-01-15,13,0,14,100.0,810.562784960003
2021-01-18,13,0,14,100.0,796.9063625511336
2021-01-19,13,0,14,100.0,811.5958756514892
2021-01-20,13,0,14,100.0,814.411242724662
2021-01-21,13,0,14,100.0,839.2310258032488
2021-01-22,13,0,14,100.0,831.0483331053808
2021-01-25,13,0,14,100.0,825.7335643594666
2021-01-27,13,0,14,100.0,816.9449658202673
2021-01-28,13,0,14,100.0,818.6162057559534
2021-01-29,13,0,14,100.0,813.4149144512448
2021-02-01,13,0,14,100.0,828.6187537600364
2021-02-02,13,0,14,100.0,843.9940054506611
2021-02-03,13,0,14,100.0,848.4155180105662
2021-02-04,13,0,14,100.0,859.6938283596394
2021-02-05,13,0,15,100.0,870.4869159656878
2021-02-08,13,0,15,100.0,877.1641540242866
2021-02-09,13,0,15,100.0,880.0426913381327
2021-02-10,13,0,15,100.0,890.9034811225625
2021-02-11,13,0,15,100.0,905.1940159260546
2021-02-12,13,0,15,100.0,902.7023006847733
2021-02-15,13,0,15,100.0,902.5327863668056
2021-02-16,13,0,15,100.0,894.5878904598648
2021-02-17,13,0,15,100.0,891.3053197007584
2021-02-18,13,0,15,100.0,887.991952020843
2021-02-19,13,0,15,100.0,878.63760645283
2021-02-22,13,0,15,100.0,859.7986593084887
2021-02-23,14,0,15,100.0,868.2463195568778
2021-02-24,14,0,15,100.0,868.0588206607066
2021-02-25,14,0,15,100.0,882.3516636159607
2021-02-26,14,0,15,100.0,875.6672723851179
2021-03-01,14,0,15,100.0,881.9410609108161
2021-03-02,14,0,15,100.0,913.1048387935646
2021-03-03,14,0,15,100.0,923.0329358231776
2021-03-04,14,0,15,100.0,927.7416565841011
2021-03-05,14,0,15,100.0,920.0935686398786
2021-03-08,14,0,15,100.0,920.4715215755947
2021-03-09,14,0,15,100.0,915.5512133602693
2021-03-10,14,0,15,100.0,921.0770923735469
2021-03-12,14,0,15,100.0,920.9021840440222
2021-03-15,14,0,15,100.0,912.8616430938838
2021-03-16,14,0,15,100.0,909.0663565625455
2021-03-17,14,0,15,100.0,892.0541013092301
2021-03-18,13,1,15,92.85714285714286,875.6771430567477
2021-03-19,13,1,15,92.85714285714286,878.3894804039159
2021-03-22,13,1,15,92.85714285714286,876.6146673609633
2021-03-23,14,0,15,100.0,884.5394760068906
2021-03-24,13,1,15,92.85714285714286,867.8240244846361
2021-03-25,12,2,15,85.71428571428571,849.8723874852844
2021-03-26,12,2,15,85.71428571428571,867.8154767287099
2021-03-30,12,2,15,85.71428571428571,882.6396262376986
2021-03-31,12,2,15,85.71428571428571,887.5795533724915
2021-04-01,12,2,15,85.71428571428571,894.7611452807649
2021-04-05,13,1,15,92.85714285714286,884.9511324167535
2021-04-06,13,1,15,92.85714285714286,882.1741270845251
2021-04-07,13,1,15,92.85714285714286,896.169772066521
2021-04-08,13,1,15,92.85714285714286,905.6525627895279
2021-04-09,13,1,15,92.85714285714286,918.9009404718679
2021-04-12,13,1,15,92.85714285714286,872.665276764895
2021-04-13,13,1,15,92.85714285714286,888.3401284428686
2021-04-15,13,1,15,92.85714285714286,884.4868142031696
2021-04-16,13,1,15,92.85714285714286,892.8686319971107
2021-04-19,13,1,15,92.85714285714286,870.8803067116173
2021-04-20,13,1,15,92.85714285714286,885.3222199719941
2021-04-22,13,1,15,92.85714285714286,886.2804272217677
2021-04-23,13,1,15,92.85714285714286,891.938690183248
2021-04-26,13,1,15,92.85714285714286,895.2717805569531
2021-04-27,13,1,15,92.85714285714286,907.8205797372229
2021-04-28,13,1,15,92.85714285714286,921.7437184216682
2021-04-29,13,1,15,92.85714285714286,916.9257241485649
2021-04-30,13,1,15,92.85714285714286,906.8965410351672
2021-05-03,13,1,15,92.85714285714286,906.8887469864943
2021-05-04,13,1,15,92.85714285714286,896.9269670298703
2021-05-05,13,1,15,92.85714285714286,898.9481493764582
2021-05-06,13,1,15,92.85714285714286,901.394410266669
2021-05-07,13,1,15,92.85714285714286,907.9438437175511
2021-05-10,13,1,15,92.85714285714286,913.391919548387
2021-05-11,13,1,15,92.85714285714286,915.7330187469146
2021-05-12,13,1,15,92.85714285714286,910.8508990958499
2021-05-14,13,1,15,92.85714285714286,911.6580632220234
2021-05-17,13,1,15,92.85714285714286,908.6905323932976
2021-05-18,13,1,15,92.85714285714286,923.843909720788
2021-05-19,13,1,15,92.85714285714286,940.5809011809051
2021-05-20,13,1,15,92.85714285714286,940.9010279219715
2021-05-21,13,1,15,92.85714285714286,957.3709926556966
2021-05-24,13,1,15,92.85714285714286,964.2558248007952
2021-05-25,13,1,15,92.85714285714286,984.7329441125898
2021-05-26,13,1,15,92.85714285714286,988.1740040001356
2021-05-27,13,1,15,92.85714285714286,994.8567139964623
2021-05-28,13,1,15,92.85714285714286,981.1473760016324
2021-05-31,13,1,15,92.85714285714286,981.0689560619462
2021-06-01,13,1,15,92.85714285714286,974.8691841886533
2021-06-02,13,1,15,92.85714285714286,985.9712383390743
2021-06-03,13,1,15,92.85714285714286,999.2438292184279
2021-06-04,13,1,15,92.85714285714286,992.8648366366812
2021-06-07,13,1,15,92.85714285714286,998.6316112014281
2021-06-08,13,1,15,92.85714285714286,995.1630318984874
2021-06-09,13,1,15,92.85714285714286,984.5098347687614
2021-06-10,13,1,15,92.85714285714286,995.3003847845512
2021-06-11,13,1,15,92.85714285714286,993.4870340706059
2021-06-14,13,1,15,92.85714285714286,991.2332718484745
2021-06-15,14,0,15,100.0,993.8770841255016
2021-06-16,14,0,15,100.0,987.3532057847086
2021-06-17,14,0,15,100.0,974.7757620182774
2021-06-18,13,1,15,92.85714285714286,969.2555983562058
2021-06-21,13,1,15,92.85714285714286,970.3304204855815
2021-06-22,13,1,15,92.85714285714286,975.6400152172012
2021-06-23,13,1,15,92.85714285714286,976.2694483413
2021-06-24,13,1,15,92.85714285714286,977.2819692525902
2021-06-25,13,1,15,92.85714285714286,980.5271879476539
2021-06-28,13,1,15,92.85714285714286,986.9927533617091
2021-06-29,13,1,15,92.85714285714286,993.7980458795639
2021-06-30,13,1,15,92.85714285714286,993.9038075637885
2021-07-01,13,1,15,92.85714285714286,996.2875749947904
2021-07-02,13,1,15,92.85714285714286,1005.3419014300462
2021-07-05,14,0,15,100.0,1017.6938878718457
2021-07-06,13,1,15,92.85714285714286,1005.6306580799671
2021-07-07,13,1,15,92.85714285714286,1011.92033626112
2021-07-08,13,1,15,92.85714285714286,1015.1909738798553
2021-07-09,13,1,15,92.85714285714286,1016.1934677352438
2021-07-12,13,1,15,92.85714285714286,1022.3571502657512
2021-07-13,13,1,15,92.85714285714286,1033.5627172771854
2021-07-14,13,1,15,92.85714285714286,1028.136861181407
2021-07-15,13,1,15,92.85714285714286,1026.0525302642832
2021-07-16,13,1,15,92.85714285714286,1037.7603163704257
2021-07-19,12,2,15,85.71428571428571,1031.0683436338484
2021-07-20,12,2,15,85.71428571428571,1022.3385683730744
2021-07-22,13,1,15,92.85714285714286,1041.030488632102
2021-07-23,13,1,15,92.85714285714286,1046.6115110799208
2021-07-26,12,2,15,85.71428571428571,1044.9412289246775
2021-07-27,11,3,15,78.57142857142857,1036.3372652325515
2021-07-28,11,3,15,78.57142857142857,1024.9524208947735
2021-07-29,11,3,15,78.57142857142857,1026.1652968975645
2021-07-30,11,3,15,78.57142857142857,1030.5947993025472
2021-08-02,11,3,15,78.57142857142857,1036.3030798530942
2021-08-03,11,3,15,78.57142857142857,1041.7139516666102
2021-08-04,11,3,15,78.57142857142857,1028.7844370701398
2021-08-05,11,3,15,78.57142857142857,1032.2822140252251
2021-08-06,11,3,15,78.57142857142857,1031.063190287996
2021-08-09,11,3,15,78.57142857142857,1020.899077590637
2021-08-10,11,3,15,78.57142857142857,1003.0054389649106
2021-08-11,10,4,15,71.42857142857143,993.3370926809891
2021-08-12,11,3,15,78.57142857142857,1001.740351337417
2021-08-13,11,3,15,78.57142857142857,1008.8992034421279
2021-08-16,11,3,15,78.57142857142857,996.1809345435076
2021-08-17,10,4,15,71.42857142857143,993.2816511851545
2021-08-18,11,3,15,78.57142857142857,998.2816980151855
2021-08-20,10,4,15,71.42857142857143,981.205858292838
2021-08-23,10,4,15,71.42857142857143,978.2657040539746
2021-08-24,10,4,15,71.42857142857143,986.5373838859767
2021-08-25,10,4,15,71.42857142857143,984.321724246932
2021-08-26,10,4,15,71.42857142857143,993.8973181630772
2021-08-27,10,4,15,71.42857142857143,1005.374017689412
2021-08-30,10,4,15,71.42857142857143,1032.008074405211
2021-08-31,10,4,15,71.42857142857143,1040.4977236063826
2021-09-01,10,4,15,71.42857142857143,1056.1787775252092
2021-09-02,10,4,15,71.42857142857143,1071.574189280145
2021-09-03,10,4,15,71.42857142857143,1085.3307259066155
2021-09-06,10,4,15,71.42857142857143,1106.5273171166596
2021-09-07,11,3,15,78.57142857142857,1125.7023843822176
2021-09-08,12,2,15,85.71428571428571,1138.0004811586152
2021-09-09,13,1,15,92.85714285714286,1150.2554738549786
2021-09-13,12,2,15,85.71428571428571,1163.3810257884156
2021-09-14,12,2,15,85.71428571428571,1172.2353159482925
2021-09-15,14,1,15,93.33333333333333,1182.0454008421277
2021-09-16,14,1,15,93.33333333333333,1192.3902535033617
2021-09-17,13,2,15,86.66666666666667,1207.201725440842
2021-09-20,14,1,15,93.33333333333333,1198.5021099502674
2021-09-21,13,2,15,86.66666666666667,1200.9048208117965
2021-09-22,13,2,15,86.66666666666667,1217.2135105636817
2021-09-23,13,2,15,86.66666666666667,1229.1240939153286
2021-09-24,13,2,15,86.66666666666667,1224.4642680920124
2021-09-27,13,2,15,86.66666666666667,1218.5807530341237
2021-09-28,14,1,15,93.33333333333333,1219.7498089337803
2021-09-29,14,1,15,93.33333333333333,1225.7425457230288
2021-09-30,15,0,15,100.0,1233.7562041677704
2021-10-01,14,1,15,93.33333333333333,1242.657318620529
2021-10-04,14,1,15,93.33333333333333,1249.4088264934167
2021-10-05,14,1,15,93.33333333333333,1258.5453714568916
2021-10-06,14,1,15,93.33333333333333,1252.0630291350121
2021-10-07,15,0,15,100.0,1274.17215675809
2021-10-08,14,1,15,93.33333333333333,1269.529366913701
2021-10-11,14,1,15,93.33333333333333,1280.940786171011
2021-10-12,14,1,15,93.33333333333333,1286.8485673027458
2021-10-13,14,1,15,93.33333333333333,1284.5288032064766
2021-10-14,14,1,15,93.33333333333333,1299.9710542871653
2021-10-18,15,0,15,100.0,1305.0810914492154
2021-10-19,15,0,15,100.0,1285.1046173289415
2021-10-20,14,1,15,93.33333333333333,1254.78590626959
2021-10-21,13,2,15,86.66666666666667,1236.408083994227
2021-10-22,13,2,15,86.66666666666667,1224.6226477068014
2021-10-25,13,2,15,86.66666666666667,1214.1459478752367
2021-10-26,13,2,15,86.66666666666667,1238.9837632286215
2021-10-27,13,2,15,86.66666666666667,1259.6403225111385
2021-10-28,14,1,15,93.33333333333333,1254.9675838435355
2021-10-29,13,2,15,86.66666666666667,1248.607928249796
2021-11-01,13,2,15,86.66666666666667,1262.3429669414056
2021-11-02,13,2,15,86.66666666666667,1268.844014876972
2021-11-03,13,2,15,86.66666666666667,1257.4063441779465
2021-11-04,13,2,15,86.66666666666667,1269.8139898621835
2021-11-08,14,1,15,93.33333333333333,1272.8907278925833
2021-11-09,14,1,15,93.33333333333333,1276.1648177082952
2021-11-10,14,1,15,93.33333333333333,1271.8138265632213
2021-11-11,14,1,15,93.33333333333333,1265.535199861045
2021-11-12,13,2,15,86.66666666666667,1260.7664776080546
2021-11-15,14,1,15,93.33333333333333,1272.3107035177995
2021-11-16,14,1,15,93.33333333333333,1265.5589025431661
2021-11-17,14,1,15,93.33333333333333,1260.298750957706
2021-11-18,13,2,15,86.66666666666667,1246.63597015494
2021-11-22,11,4,15,73.33333333333333,1218.127337054347
2021-11-23,11,4,15,73.33333333333333,1227.9725537244876
2021-11-24,12,3,15,80.0,1234.4291264008662
2021-11-25,11,4,15,73.33333333333333,1239.3327834996305
2021-11-26,11,4,15,73.33333333333333,1204.6094255024445
2021-11-29,11,4,15,73.33333333333333,1174.2032577400562
2021-11-30,11,4,15,73.33333333333333,1193.8371544978895
2021-12-01,11,4,15,73.33333333333333,1187.0989264924424
2021-12-02,11,4,15,73.33333333333333,1200.5912805498258
2021-12-03,10,5,15,66.66666666666666,1198.404091006647
2021-12-06,10,5,15,66.66666666666666,1185.00259698618
2021-12-07,11,4,15,73.33333333333333,1200.6274332023272
2021-12-08,10,5,15,66.66666666666666,1204.084018862025
2021-12-09,11,4,15,73.33333333333333,1211.0912165582772
2021-12-10,12,3,15,80.0,1219.2228078133053
2021-12-13,11,4,15,73.33333333333333,1216.436069831798
2021-12-14,11,4,15,73.33333333333333,1222.999576195154
2021-12-15,11,4,15,73.33333333333333,1247.1457265822103
2021-12-16,11,4,15,73.33333333333333,1258.404195583586
2021-12-17,11,4,15,73.33333333333333,1250.6172224080383
2021-12-20,11,4,15,73.33333333333333,1214.99155513514
2021-12-21,11,4,15,73.33333333333333,1218.465854932163
2021-12-22,11,4,15,73.33333333333333,1229.8212823678882
2021-12-23,11,4,15,73.33333333333333,1238.889785834714
2021-12-24,11,4,15,73.33333333333333,1228.5723310536323
2021-12-27,11,4,15,73.33333333333333,1230.0954623609855
2021-12-28,12,3,15,80.0,1248.512117208805
2021-12-29,11,4,15,73.33333333333333,1246.0226880204918
2021-12-30,11,4,15,73.33333333333333,1247.0921872082665
2021-12-31,12,3,15,80.0,1263.0186847632287
2022-01-03,12,3,15,80.0,1275.9731346190445
2022-01-04,12,3,15,80.0,1269.9521957867505
2022-01-05,12,3,15,80.0,1261.4968311709638
2022-01-06,12,3,15,80.0,1268.584550724139
2022-01-07,12,3,15,80.0,1271.8952394872176
2022-01-10,12,3,15,80.0,1268.6294084428405
2022-01-11,12,3,15,80.0,1257.9430227394107
2022-01-12,13,2,15,86.66666666666667,1266.944121678811
2022-01-13,13,2,15,86.66666666666667,1269.5488858357944
2022-01-14,13,2,15,86.66666666666667,1271.5201464648062
2022-01-17,13,2,15,86.66666666666667,1280.5203056429275
2022-01-18,12,3,15,80.0,1256.558894858685
2022-01-19,12,3,15,80.0,1256.36808962473
2022-01-20,12,3,15,80.0,1255.874512147451
2022-01-21,12,3,15,80.0,1229.0866670205137
2022-01-24,10,5,15,66.66666666666666,1188.9034898802747
2022-01-25,10,5,15,66.66666666666666,1195.1931611862135
2022-01-27,7,8,15,46.666666666666664,1171.6507248230967
2022-01-28,7,8,15,46.666666666666664,1171.1288939992512
2022-01-31,7,8,15,46.666666666666664,1177.3301942579637
2022-02-01,8,7,15,53.333333333333336,1175.8557766915094
2022-02-02,9,6,15,60.0,1180.6548028731129
2022-02-03,9,6,15,60.0,1191.5208940623363
2022-02-04,8,7,15,53.333333333333336,1195.8371574564937
2022-02-07,8,7,15,53.333333333333336,1200.5326708938157
2022-02-08,8,7,15,53.333333333333336,1185.6454715727023
2022-02-09,6,9,15,40.0,1173.2792176140656
2022-02-10,7,8,15,46.666666666666664,1169.031214003827
2022-02-11,5,10,15,33.33333333333333,1152.4443173316195
2022-02-14,4,11,15,26.666666666666668,1118.5832840124756
2022-02-15,5,10,15,33.33333333333333,1135.3350561782372
2022-02-16,5,10,15,33.33333333333333,1163.3843432405235
2022-02-17,5,10,15,33.33333333333333,1156.611255332312
2022-02-18,6,9,15,40.0,1161.0697950518884
2022-02-21,5,10,15,33.33333333333333,1142.6533397413198
2022-02-22,4,11,15,26.666666666666668,1123.4249217443385
2022-02-23,4,11,15,26.666666666666668,1127.5215006610756
2022-02-24,4,11,15,26.666666666666668,1087.2971510757843
2022-02-25,4,11,15,26.666666666666668,1121.043139879693
2022-02-28,4,11,15,26.666666666666668,1135.9199349577016
2022-03-02,4,11,15,26.666666666666668,1127.556848717262
2022-03-03,4,11,15,26.666666666666668,1122.9923312060125
2022-03-04,4,11,15,26.666666666666668,1102.3857905228806
2022-03-07,2,12,14,14.285714285714285,1083.043571529792
2022-03-08,4,11,15,26.666666666666668,1085.550616584893
2022-03-09,4,11,15,26.666666666666668,1098.147012745201
2022-03-10,4,11,15,26.666666666666668,1120.683843650297
2022-03-11,5,10,15,33.33333333333333,1128.152467766548
2022-03-14,5,10,15,33.33333333333333,1119.331093687162
2022-03-15,5,10,15,33.33333333333333,1109.6521362119308
2022-03-16,5,10,15,33.33333333333333,1126.06429439968
2022-03-17,5,10,15,33.33333333333333,1157.6453456496617
2022-03-21,5,10,15,33.33333333333333,1151.295719012264
2022-03-22,5,10,15,33.33333333333333,1139.4667357568446
2022-03-23,5,10,15,33.33333333333333,1156.4950975028398
2022-03-24,6,9,15,40.0,1162.5520886667537
2022-03-25,5,10,15,33.33333333333333,1148.7650019408063
2022-03-28,5,10,15,33.33333333333333,1133.161068271517
2022-03-29,5,10,15,33.33333333333333,1144.5186086908636
2022-03-30,5,10,15,33.33333333333333,1151.7708674672697
2022-03-31,5,10,15,33.33333333333333,1150.4634301721949
2022-04-01,6,9,15,40.0,1172.4515304670756
2022-04-04,6,9,15,40.0,1199.1848761496892
2022-04-05,7,8,15,46.666666666666664,1228.9095881397332
2022-04-06,7,8,15,46.666666666666664,1235.3929638481377
2022-04-07,7,8,15,46.666666666666664,1222.6829242013534
2022-04-08,8,7,15,53.333333333333336,1225.030939675531
2022-04-11,8,7,15,53.333333333333336,1227.3758826479286
2022-04-12,6,9,15,40.0,1212.9818529596719
2022-04-13,7,8,15,46.666666666666664,1216.3330291097338
2022-04-18,7,8,15,46.666666666666664,1203.6795819102451
2022-04-19,7,8,15,46.666666666666664,1187.065703655702
2022-04-20,7,8,15,46.666666666666664,1193.4012261120274
2022-04-21,7,8,15,46.666666666666664,1202.297488526903
2022-04-22,7,8,15,46.666666666666664,1207.2902299235116
2022-04-25,7,8,15,46.666666666666664,1189.1717880760175
2022-04-26,7,8,15,46.666666666666664,1192.4432876524509
2022-04-27,7,8,15,46.666666666666664,1186.9687126275062
2022-04-28,7,8,15,46.666666666666664,1198.7263716999864
2022-04-29,7,8,15,46.666666666666664,1195.4236328494674
2022-05-02,7,8,15,46.666666666666664,1182.277004687372
2022-05-04,4,11,15,26.666666666666668,1159.0864873328803
2022-05-05,5,10,15,33.33333333333333,1162.0802980523654
2022-05-06,4,11,15,26.666666666666668,1140.1658040209695
2022-05-09,4,11,15,26.666666666666668,1122.3702800472108
2022-05-10,4,11,15,26.666666666666668,1096.946213416343
2022-05-11,3,12,15,20.0,1084.9664077710406
2022-05-12,2,13,15,13.333333333333334,1068.6066499479666
2022-05-13,4,11,15,26.666666666666668,1087.7621748074298
2022-05-16,4,11,15,26.666666666666668,1089.5309995843486
2022-05-17,4,11,15,26.666666666666668,1110.1727854925061
2022-05-18,4,11,15,26.666666666666668,1112.5781298603672
2022-05-19,4,11,15,26.666666666666668,1093.777241213708
2022-05-20,4,11,15,26.666666666666668,1100.4558994154925
2022-05-23,4,11,15,26.666666666666668,1099.9597939439927
2022-05-24,3,12,15,20.0,1092.2626819692184
2022-05-25,3,12,15,20.0,1073.2533015917904
2022-05-26,2,13,15,13.333333333333334,1072.194404721414
2022-05-27,2,13,15,13.333333333333334,1083.5092606838923
2022-05-30,3,12,15,20.0,1099.0765822036506
2022-05-31,3,12,15,20.0,1104.7809070079954
2022-06-01,3,12,15,20.0,1111.9699597856566
2022-06-02,3,12,15,20.0,1100.3421067473291
2022-06-03,3,12,15,20.0,1087.5231773402447
2022-06-06,3,12,15,20.0,1073.3896276814273
2022-06-07,2,13,15,13.333333333333334,1062.8402062881828
2022-06-08,2,13,15,13.333333333333334,1060.1980842306257
2022-06-09,2,13,15,13.333333333333334,1073.1749306250651
2022-06-10,1,14,15,6.666666666666667,1067.8055058920459
2022-06-13,1,14,15,6.666666666666667,1038.8653492406395
2022-06-14,1,14,15,6.666666666666667,1028.0194664503003
2022-06-15,1,14,15,6.666666666666667,1026.2130646041933
2022-06-16,0,15,15,0.0,1000.3530713326193
2022-06-17,0,15,15,0.0,990.0228961450305
2022-06-20,0,15,15,0.0,984.8130112233193
2022-06-21,0,15,15,0.0,1006.3339438516897
2022-06-22,0,15,15,0.0,1010.946604979072
2022-06-23,0,15,15,0.0,1016.6639674790675
2022-06-24,0,15,15,0.0,1028.3131814846145
2022-06-27,0,15,15,0.0,1042.4014128228712
2022-06-28,0,15,15,0.0,1040.227518007326
2022-06-29,0,15,15,0.0,1044.967829212853
2022-06-30,0,15,15,0.0,1049.5294976685243
2022-07-01,0,15,15,0.0,1049.2103552165254
2022-07-04,0,15,15,0.0,1058.3922943817636
2022-07-05,1,14,15,6.666666666666667,1063.749115341397
2022-07-06,1,14,15,6.666666666666667,1075.6157809060207
2022-07-07,1,14,15,6.666666666666667,1095.4429521381398
2022-07-08,1,14,15,6.666666666666667,1097.3340210109684
2022-07-11,1,14,15,6.666666666666667,1111.278377932197
2022-07-12,2,13,15,13.333333333333334,1102.922273686655
2022-07-13,2,13,15,13.333333333333334,1121.9910661684203
2022-07-14,3,12,15,20.0,1144.7208210866283
2022-07-15,4,11,15,26.666666666666668,1152.7916709792935
2022-07-18,5,10,15,33.33333333333333,1155.7906926064472
2022-07-19,5,10,15,33.33333333333333,1168.634745367765
2022-07-20,5,10,15,33.33333333333333,1161.1229463769414
2022-07-21,6,9,15,40.0,1168.0710967340933
2022-07-22,6,9,15,40.0,1172.64112839091
2022-07-25,6,9,15,40.0,1167.2759527806447
2022-07-26,5,10,15,33.33333333333333,1154.8349119250056
2022-07-27,4,11,15,26.666666666666668,1151.1474453865321
2022-07-28,6,9,15,40.0,1153.733293899821
2022-07-29,6,9,15,40.0,1162.6643851987478
2022-08-01,8,7,15,53.333333333333336,1170.5088838839706
2022-08-02,7,8,15,46.666666666666664,1175.1198949813265
2022-08-03,6,9,15,40.0,1164.3805991623942
2022-08-04,7,8,15,46.666666666666664,1174.6240298849534
2022-08-05,6,9,15,40.0,1164.3880049942682
2022-08-08,9,6,15,60.0,1179.9004354728663
2022-08-10,9,6,15,60.0,1171.0997197980435
2022-08-11,8,7,15,53.333333333333336,1181.6640155965817
2022-08-12,7,8,15,46.666666666666664,1177.2297031862113
2022-08-16,9,6,15,60.0,1182.3955250979989
2022-08-17,10,5,15,66.66666666666666,1200.4410436110632
2022-08-18,11,4,15,73.33333333333333,1211.1082096024859
2022-08-19,10,5,15,66.66666666666666,1208.0384920874797
2022-08-22,8,7,15,53.333333333333336,1183.071579575229
2022-08-23,9,6,15,60.0,1196.986467142856
2022-08-24,9,6,15,60.0,1197.9577395511974
2022-08-25,11,4,15,73.33333333333333,1206.6073179963835
2022-08-26,11,4,15,73.33333333333333,1207.9379636350795
2022-08-29,11,4,15,73.33333333333333,1203.7126722653538
2022-08-30,11,4,15,73.33333333333333,1213.078776596452
2022-09-01,11,4,15,73.33333333333333,1208.8879499673376
2022-09-02,11,4,15,73.33333333333333,1209.875952011633
2022-09-05,11,4,15,73.33333333333333,1219.2692576823542
2022-09-06,11,4,15,73.33333333333333,1225.2914344753895
2022-09-07,11,4,15,73.33333333333333,1229.780818217188
2022-09-08,11,4,15,73.33333333333333,1231.6600830439877
2022-09-09,11,4,15,73.33333333333333,1235.5600535917556
2022-09-12,12,3,15,80.0,1245.7082826103278
2022-09-13,12,3,15,80.0,1249.6153982015474
2022-09-14,12,3,15,80.0,1255.6005108573659
2022-09-15,12,3,15,80.0,1253.6725438913093
2022-09-16,12,3,15,80.0,1216.2662244293588
2022-09-19,11,4,15,73.33333333333333,1216.4487979761616
2022-09-20,11,4,15,73.33333333333333,1229.5820654077672
2022-09-21,11,4,15,73.33333333333333,1227.306031945257
2022-09-22,8,7,15,53.333333333333336,1226.8588054494312
2022-09-23,8,7,15,53.333333333333336,1216.9372185180202
2022-09-26,8,7,15,53.333333333333336,1187.8865313852707
2022-09-27,9,6,15,60.0,1190.9598789580148
2022-09-28,8,7,15,53.333333333333336,1188.8035285557175
2022-09-29,9,6,15,60.0,1199.3857014922962
2022-09-30,9,6,15,60.0,1213.710450128231
2022-10-03,9,6,15,60.0,1206.5077286165438
2022-10-04,9,6,15,60.0,1220.9808995660826
2022-10-06,9,6,15,60.0,1239.093895298438
2022-10-07,10,5,15,66.66666666666666,1241.385102451165
2022-10-10,10,5,15,66.66666666666666,1242.1424255120821
2022-10-11,9,6,15,60.0,1220.5120886489804
2022-10-12,10,5,15,66.66666666666666,1220.4949726419043
2022-10-13,8,7,15,53.333333333333336,1212.36562564008
2022-10-14,10,5,15,66.66666666666666,1221.7839288342368
2022-10-17,8,7,15,53.333333333333336,1221.3877182757265
2022-10-18,10,5,15,66.66666666666666,1234.1186269092523
2022-10-19,10,5,15,66.66666666666666,1232.8831865703198
2022-10-20,8,7,15,53.333333333333336,1229.4469407291535
2022-10-21,7,8,15,46.666666666666664,1213.7532097757073
2022-10-24,7,8,15,46.666666666666664,1220.5916393074244
2022-10-25,8,7,15,53.333333333333336,1215.5893612628554
2022-10-27,7,8,15,46.666666666666664,1211.0594439039025
2022-10-28,8,7,15,53.333333333333336,1200.2723458539176
2022-10-31,7,8,15,46.666666666666664,1204.7376381644788
2022-11-01,7,8,15,46.666666666666664,1205.635796717192
2022-11-02,7,8,15,46.666666666666664,1203.9584285800283
2022-11-03,7,8,15,46.666666666666664,1187.8007249103912
2022-11-04,7,8,15,46.666666666666664,1184.359820889288
2022-11-07,8,7,15,53.333333333333336,1189.4507196567795
2022-11-09,9,6,15,60.0,1186.3292355644478
2022-11-10,10,5,15,66.66666666666666,1183.4763834005316
2022-11-11,10,5,15,66.66666666666666,1191.1482047445786
2022-11-14,9,6,15,60.0,1184.4202822132968
2022-11-15,9,6,15,60.0,1188.341983366714
2022-11-16,8,7,15,53.333333333333336,1189.7196143923873
2022-11-17,7,8,15,46.666666666666664,1185.6647062651632
2022-11-18,7,8,15,46.666666666666664,1194.1427550245974
2022-11-21,7,8,15,46.666666666666664,1188.831594614697
2022-11-22,7,8,15,46.666666666666664,1184.8221496807935
2022-11-23,8,7,15,53.333333333333336,1183.8962053610098
2022-11-24,8,7,15,53.333333333333336,1185.1702421845982
2022-11-25,9,6,15,60.0,1193.3501840014771
2022-11-28,8,7,15,53.333333333333336,1200.053527683397
2022-11-29,9,6,15,60.0,1195.667140649601
2022-11-30,8,7,15,53.333333333333336,1198.5615790094744
2022-12-01,8,7,15,53.333333333333336,1203.9854911614798
2022-12-02,9,6,15,60.0,1205.1944337752527
2022-12-05,8,7,15,53.333333333333336,1201.9405860159982
2022-12-06,7,8,15,46.666666666666664,1190.7331379382174
2022-12-07,6,9,15,40.0,1185.4749620685625
2022-12-08,7,8,15,46.666666666666664,1187.813212687437
2022-12-09,6,9,15,40.0,1184.260027673909
2022-12-12,7,8,15,46.666666666666664,1184.1275112891603
2022-12-13,7,8,15,46.666666666666664,1185.3937610685327
2022-12-14,6,9,15,40.0,1190.1242397786
2022-12-15,6,9,15,40.0,1186.283802735646
2022-12-16,6,9,15,40.0,1176.0140687704964
2022-12-19,6,9,15,40.0,1177.4542960934114
2022-12-20,6,9,15,40.0,1178.0275737619888
2022-12-21,6,9,15,40.0,1163.5750815640206
2022-12-22,5,10,15,33.33333333333333,1148.8746504768972
2022-12-23,4,11,15,26.666666666666668,1114.56920299755
2022-12-26,4,11,15,26.666666666666668,1122.0679083900222
2022-12-27,4,11,15,26.666666666666668,1131.7053094210828
2022-12-28,4,11,15,26.666666666666668,1133.582975871085
2022-12-29,4,11,15,26.666666666666668,1131.4621105413285
2022-12-30,5,10,15,33.33333333333333,1137.0529465785569
2023-01-02,5,10,15,33.33333333333333,1149.6754736201306
2023-01-03,5,10,15,33.33333333333333,1157.667048553067
2023-01-04,5,10,15,33.33333333333333,1145.7257417171134
2023-01-05,5,10,15,33.33333333333333,1149.6311446609109
2023-01-06,6,9,15,40.0,1153.6706891898607
2023-01-09,6,9,15,40.0,1154.8903871408695
2023-01-10,6,9,15,40.0,1148.4152878822374
2023-01-11,7,8,15,46.666666666666664,1168.1289058182674
2023-01-12,7,8,15,46.666666666666664,1156.4159456035827
2023-01-13,7,8,15,46.666666666666664,1155.0244655799218
2023-01-16,6,9,15,40.0,1146.896622251047
2023-01-17,6,9,15,40.0,1140.642936537999
2023-01-18,6,9,15,40.0,1139.5407164866624
2023-01-19,6,9,15,40.0,1137.841432260929
2023-01-20,6,9,15,40.0,1132.8038987423135
2023-01-23,6,9,15,40.0,1139.4117149466347
2023-01-24,6,9,15,40.0,1139.291230617231
2023-01-25,5,10,15,33.33333333333333,1125.7889256291958
2023-01-27,3,12,15,20.0,1113.8947423108127
2023-01-30,3,12,15,20.0,1113.3609575343382
2023-01-31,3,12,15,20.0,1120.648963287437
2023-02-01,4,11,15,26.666666666666668,1123.3230121976694
2023-02-02,4,11,15,26.666666666666668,1128.3171400400308
2023-02-03,5,10,15,33.33333333333333,1109.257577829797
2023-02-06,5,10,15,33.33333333333333,1108.958363668266
2023-02-07,5,10,15,33.33333333333333,1113.0243813719255
2023-02-08,6,9,15,40.0,1129.3358262577453
2023-02-09,6,9,15,40.0,1127.2864802856832
2023-02-10,5,10,15,33.33333333333333,1131.0545000860513
2023-02-13,4,11,15,26.666666666666668,1119.0816886469304
2023-02-14,5,10,15,33.33333333333333,1117.596923731414
2023-02-15,5,10,15,33.33333333333333,1121.4218191253074
2023-02-16,5,10,15,33.33333333333333,1122.6641652591952
2023-02-17,6,9,15,40.0,1121.332678337138
2023-02-20,5,10,15,33.33333333333333,1119.46128222451
2023-02-21,5,10,15,33.33333333333333,1123.8400710038381
2023-02-22,6,9,15,40.0,1120.3528561367546
2023-02-23,5,10,15,33.33333333333333,1115.8057907821403
2023-02-24,5,10,15,33.33333333333333,1120.8695853001839
2023-02-27,2,13,15,13.333333333333334,1104.7996886121348
2023-02-28,4,11,15,26.666666666666668,1107.2560346621153
2023-03-01,4,11,15,26.666666666666668,1120.8639993619518
2023-03-02,5,10,15,33.33333333333333,1117.1802284042892
2023-03-03,5,10,15,33.33333333333333,1122.7429087905812
2023-03-06,6,9,15,40.0,1130.6340159310128
2023-03-08,6,9,15,40.0,1131.2298439633935
2023-03-09,4,11,15,26.666666666666668,1123.6128328256216
2023-03-10,4,11,15,26.666666666666668,1118.2748779914327
2023-03-13,3,12,15,20.0,1097.6089391497005
2023-03-14,3,12,15,20.0,1082.000827757902
2023-03-15,3,12,15,20.0,1084.1247041935226
2023-03-16,2,13,15,13.333333333333334,1076.602579536231
2023-03-17,3,12,15,20.0,1081.131159325511
2023-03-20,3,12,15,20.0,1069.2331782276665
2023-03-21,4,11,15,26.666666666666668,1084.7538635587762
2023-03-22,3,12,15,20.0,1082.6781196133777
2023-03-23,4,11,15,26.666666666666668,1076.0154096991307
2023-03-24,3,12,15,20.0,1069.0740992119354
2023-03-27,3,12,15,20.0,1054.7563400383517
2023-03-28,3,12,15,20.0,1040.6711162774604
2023-03-29,4,11,15,26.666666666666668,1044.3594083306293
2023-03-31,4,11,15,26.666666666666668,1055.0165329792399
2023-04-03,3,12,15,20.0,1058.1703962961078
2023-04-05,3,12,15,20.0,1068.6383180859768
2023-04-06,4,11,15,26.666666666666668,1070.670898770608
2023-04-10,4,11,15,26.666666666666668,1061.085261630416
2023-04-11,4,11,15,26.666666666666668,1058.349733023523
2023-04-12,4,11,15,26.666666666666668,1066.627954084641
2023-04-13,4,11,15,26.666666666666668,1082.645954100108
2023-04-17,4,11,15,26.666666666666668,1083.7973910556063
2023-04-18,4,11,15,26.666666666666668,1080.0580131989323
2023-04-19,4,11,15,26.666666666666668,1087.2991043059606
2023-04-20,4,11,15,26.666666666666668,1095.3425066982572
2023-04-21,4,11,15,26.666666666666668,1091.6729727037768
2023-04-24,4,11,15,26.666666666666668,1093.5484340605408
2023-04-25,4,11,15,26.666666666666668,1078.01843527958
2023-04-26,4,11,15,26.666666666666668,1084.443984836767
2023-04-27,4,11,15,26.666666666666668,1079.0432707393495
2023-04-28,5,10,15,33.33333333333333,1083.1450751087552
2023-05-02,5,10,15,33.33333333333333,1085.7119628046717
2023-05-03,5,10,15,33.33333333333333,1092.2023195784757
2023-05-04,6,9,15,40.0,1092.378227919542
2023-05-05,5,10,15,33.33333333333333,1083.429844648548
2023-05-08,4,11,15,26.666666666666668,1076.579449655934
2023-05-09,5,10,15,33.33333333333333,1072.1733567939013
2023-05-10,5,10,15,33.33333333333333,1075.3675749315769
2023-05-11,5,10,15,33.33333333333333,1080.252342857667
2023-05-12,5,10,15,33.33333333333333,1079.6564754500355
2023-05-15,5,10,15,33.33333333333333,1079.983356113753
2023-05-16,5,10,15,33.33333333333333,1081.0617568650343
2023-05-17,5,10,15,33.33333333333333,1078.8911622926812
2023-05-18,5,10,15,33.33333333333333,1080.5401086562044
2023-05-19,5,10,15,33.33333333333333,1076.6359946047846
2023-05-22,4,11,15,26.666666666666668,1085.896046601717
2023-05-23,5,10,15,33.33333333333333,1083.251935408043
2023-05-24,3,12,15,20.0,1093.4377653180459
2023-05-25,4,11,15,26.666666666666668,1098.9075409052211
2023-05-26,5,10,15,33.33333333333333,1096.1709420018296
2023-05-29,4,11,15,26.666666666666668,1101.5740423991895
2023-05-30,4,11,15,26.666666666666668,1095.066534185402
2023-05-31,5,10,15,33.33333333333333,1093.2914620132092
2023-06-01,5,10,15,33.33333333333333,1097.3822948360435
2023-06-02,5,10,15,33.33333333333333,1099.2458959425826
2023-06-05,5,10,15,33.33333333333333,1104.2247418745562
2023-06-06,5,10,15,33.33333333333333,1113.4560417735433
2023-06-07,5,10,15,33.33333333333333,1121.0894070806014
2023-06-08,5,10,15,33.33333333333333,1117.4832000019612
2023-06-09,5,10,15,33.33333333333333,1110.2248601354788
2023-06-12,5,10,15,33.33333333333333,1117.0648427473132
2023-06-13,5,10,15,33.33333333333333,1125.7978438985092
2023-06-14,5,10,15,33.33333333333333,1137.1665793450034
2023-06-15,5,10,15,33.33333333333333,1134.7272601964396
2023-06-16,6,9,15,40.0,1136.5749132545607
2023-06-19,5,10,15,33.33333333333333,1133.6973714438188
2023-06-20,5,10,15,33.33333333333333,1138.8186331795196
2023-06-21,6,9,15,40.0,1142.9393346233371
2023-06-22,6,9,15,40.0,1133.2026174174318
2023-06-23,5,10,15,33.33333333333333,1120.1130756373504
2023-06-26,5,10,15,33.33333333333333,1123.4774981320788
2023-06-27,6,9,15,40.0,1129.1598792207228
2023-06-28,6,9,15,40.0,1126.7987246693308
2023-06-30,6,9,15,40.0,1130.4656604470983
2023-07-03,6,9,15,40.0,1130.2642078742892
2023-07-04,6,9,15,40.0,1130.9571828884218
2023-07-05,6,9,15,40.0,1134.0389355604832
2023-07-06,6,9,15,40.0,1138.5906517778526
2023-07-07,6,9,15,40.0,1136.6872998475465
2023-07-10,7,8,15,46.666666666666664,1139.7583976648154
2023-07-11,7,8,15,46.666666666666664,1147.604381899419
2023-07-12,7,8,15,46.666666666666664,1146.6529060257976
2023-07-13,6,9,15,40.0,1138.5582495075348
2023-07-14,6,9,15,40.0,1139.167865317781
2023-07-17,6,9,15,40.0,1148.8148348596508
2023-07-18,5,10,15,33.33333333333333,1145.4103979054541
2023-07-19,6,9,15,40.0,1155.2163197737323
2023-07-20,7,8,15,46.666666666666664,1154.6212767420543
2023-07-21,7,8,15,46.666666666666664,1147.4546512958136
2023-07-24,7,8,15,46.666666666666664,1143.3552203237505
2023-07-25,7,8,15,46.666666666666664,1145.4699410457963
2023-07-26,5,10,15,33.33333333333333,1157.642669870022
2023-07-27,5,10,15,33.33333333333333,1149.8376977629086
2023-07-28,6,9,15,40.0,1155.0677795911747
2023-07-31,8,7,15,53.333333333333336,1166.4136921400584
2023-08-01,8,7,15,53.333333333333336,1166.6681911912976
2023-08-02,7,8,15,46.666666666666664,1161.3051707263182
2023-08-03,8,7,15,53.333333333333336,1168.7396666969132
2023-08-04,9,6,15,60.0,1178.6288981089251
2023-08-07,10,5,15,66.66666666666666,1181.979432878945
2023-08-08,9,6,15,60.0,1175.9982582592029
2023-08-09,10,5,15,66.66666666666666,1194.384905061411
2023-08-10,10,5,15,66.66666666666666,1189.845380539984
2023-08-11,10,5,15,66.66666666666666,1181.9259376698112
2023-08-14,10,5,15,66.66666666666666,1180.718692046353
2023-08-16,10,5,15,66.66666666666666,1172.8090989035163
2023-08-17,10,5,15,66.66666666666666,1186.0383114288063
2023-08-18,8,7,15,53.333333333333336,1173.233908120466
2023-08-21,9,6,15,60.0,1179.4987092893
2023-08-22,10,5,15,66.66666666666666,1188.2247863886753
2023-08-23,11,4,15,73.33333333333333,1196.577253400146
2023-08-24,11,4,15,73.33333333333333,1200.045028901286
2023-08-25,10,5,15,66.66666666666666,1187.5342994460418
2023-08-28,10,5,15,66.66666666666666,1192.3336033695111
2023-08-29,10,5,15,66.66666666666666,1201.7873820707357
2023-08-30,11,4,15,73.33333333333333,1208.9734885701794
2023-08-31,11,4,15,73.33333333333333,1213.7613731688195
2023-09-01,12,3,15,80.0,1221.2319827892202
2023-09-04,12,3,15,80.0,1225.9559852773034
2023-09-05,12,3,15,80.0,1225.5411752315026
2023-09-06,12,3,15,80.0,1230.0994931438227
2023-09-07,12,3,15,80.0,1243.4675011380143
2023-09-08,12,3,15,80.0,1254.2347915247303
2023-09-11,12,3,15,80.0,1255.0218136258334
2023-09-12,11,4,15,73.33333333333333,1214.6489391945868
2023-09-13,12,3,15,80.0,1221.8693248772713
2023-09-14,12,3,15,80.0,1225.5355933706292
2023-09-15,12,3,15,80.0,1248.6270184377674
2023-09-18,12,3,15,80.0,1238.2805056443715
2023-09-20,12,3,15,80.0,1244.191767927936
2023-09-21,12,3,15,80.0,1234.3536932487248
2023-09-22,11,4,15,73.33333333333333,1230.3591057120354
2023-09-25,11,4,15,73.33333333333333,1233.5167537646232
2023-09-26,11,4,15,73.33333333333333,1228.081440534535
2023-09-27,12,3,15,80.0,1228.9455607376167
2023-09-28,12,3,15,80.0,1234.48382007056
2023-09-29,12,3,15,80.0,1240.3934790724563
2023-10-03,12,3,15,80.0,1239.3997765191318
2023-10-04,12,3,15,80.0,1229.1196400207723
2023-10-05,12,3,15,80.0,1233.224607726615
2023-10-06,12,3,15,80.0,1237.516742184697
2023-10-09,11,4,15,73.33333333333333,1210.9711773022107
2023-10-10,12,3,15,80.0,1220.6706056241642
2023-10-11,12,3,15,80.0,1229.2644375730258
2023-10-12,12,3,15,80.0,1231.7550191671967
2023-10-13,12,3,15,80.0,1239.8572327790048
2023-10-16,12,3,15,80.0,1248.0264617600328
2023-10-17,12,3,15,80.0,1250.9842428034794
2023-10-18,12,3,15,80.0,1241.1344044580494
2023-10-19,12,3,15,80.0,1258.9704312549159
2023-10-20,10,5,15,66.66666666666666,1234.305380813758
2023-10-23,9,6,15,60.0,1200.331812893164
2023-10-25,7,8,15,46.666666666666664,1197.2968694484707
2023-10-26,8,7,15,53.333333333333336,1191.8993692932088
2023-10-27,9,6,15,60.0,1202.422452133879
2023-10-30,9,6,15,60.0,1196.199154791727
2023-10-31,8,7,15,53.333333333333336,1192.6333625647094
2023-11-01,8,7,15,53.333333333333336,1188.5575136312327
2023-11-02,10,5,15,66.66666666666666,1196.8858482945227
2023-11-03,10,5,15,66.66666666666666,1205.9964380515507
2023-11-06,10,5,16,66.66666666666666,1202.7112511677353
2023-11-07,8,7,16,53.333333333333336,1197.793784546943
2023-11-08,8,7,16,53.333333333333336,1195.1673207550946
2023-11-09,9,6,16,60.0,1189.684172216228
2023-11-10,9,6,16,60.0,1203.75929137232
2023-11-12,9,6,16,60.0,1218.7700915802486
2023-11-13,8,7,16,53.333333333333336,1214.0930469984519
2023-11-15,8,7,16,53.333333333333336,1223.9542028487729
2023-11-16,8,7,16,53.333333333333336,1224.3282330579457
2023-11-17,8,7,16,53.333333333333336,1220.9329415344218
2023-11-20,9,6,16,60.0,1219.3823263703155
2023-11-21,11,4,16,73.33333333333333,1220.5206512992263
2023-11-22,10,5,16,66.66666666666666,1216.8820938343933
2023-11-23,10,5,16,66.66666666666666,1208.69039305022
2023-11-24,9,6,16,60.0,1205.772018480933
2023-11-28,8,7,16,53.333333333333336,1213.3963623398552
2023-11-29,8,7,16,53.333333333333336,1213.3494454794582
2023-11-30,10,5,16,66.66666666666666,1216.7639320567012
2023-12-01,10,5,16,66.66666666666666,1209.4240140101197
2023-12-04,10,5,16,66.66666666666666,1213.1284143824757
2023-12-05,10,5,16,66.66666666666666,1219.006468081536
2023-12-06,10,5,16,66.66666666666666,1215.695416845338
2023-12-07,10,5,16,66.66666666666666,1213.9510268168417
2023-12-08,10,5,16,66.66666666666666,1210.560286814374
2023-12-11,10,5,16,66.66666666666666,1208.3227088693795
2023-12-12,10,5,16,66.66666666666666,1204.3997182990677
2023-12-13,10,5,16,66.66666666666666,1203.6158801765114
2023-12-14,10,5,16,66.66666666666666,1201.7475370868465
2023-12-15,9,6,16,60.0,1199.6419211980308
2023-12-18,9,6,16,60.0,1200.269751400042
2023-12-19,11,4,16,73.33333333333333,1208.6582847136299
2023-12-20,9,6,16,60.0,1195.196306177461
2023-12-21,8,7,16,53.333333333333336,1197.70841285468
2023-12-22,8,7,16,53.333333333333336,1205.699733647577
2023-12-26,8,7,16,53.333333333333336,1211.5812306572939
2023-12-27,8,7,16,53.333333333333336,1210.9269450179424
2023-12-28,8,7,16,53.333333333333336,1205.6244592712142
2023-12-29,8,7,16,53.333333333333336,1210.5918187247776
2024-01-01,8,7,16,53.333333333333336,1219.1154280811252
2024-01-02,8,7,16,53.333333333333336,1222.657084612816
2024-01-03,10,5,16,66.66666666666666,1236.3764867393395
2024-01-04,11,4,16,73.33333333333333,1248.1288200536674
2024-01-05,11,4,16,73.33333333333333,1256.1482839547555
2024-01-08,10,5,16,66.66666666666666,1245.6887192092206
2024-01-09,11,4,16,73.33333333333333,1246.623469762651
2024-01-10,11,4,16,73.33333333333333,1253.780088524141
2024-01-11,12,3,16,80.0,1273.2770102128534
2024-01-12,12,3,16,80.0,1272.8353953328833
2024-01-15,11,4,16,73.33333333333333,1269.1820487739078
2024-01-16,11,4,16,73.33333333333333,1266.7668137146843
2024-01-17,10,5,16,66.66666666666666,1260.235919473297
2024-01-18,10,5,16,66.66666666666666,1251.3423103700968
2024-01-19,10,5,16,66.66666666666666,1258.9507384048575
2024-01-20,10,5,16,66.66666666666666,1257.9029239164404
2024-01-23,9,6,16,60.0,1231.2487029128743
2024-01-24,9,6,16,60.0,1253.211036986972
2024-01-25,9,6,16,60.0,1254.5201420245155
2024-01-29,9,6,16,60.0,1275.1081866437642
2024-01-30,10,5,16,66.66666666666666,1278.5376419806546
2024-01-31,10,5,16,66.66666666666666,1294.6557175619625
2024-02-01,10,5,16,66.66666666666666,1289.0214262993638
2024-02-02,11,4,16,73.33333333333333,1305.3222685792487
2024-02-05,11,4,16,73.33333333333333,1301.081916932422
2024-02-06,10,5,16,66.66666666666666,1301.9830450953573
2024-02-07,9,6,16,60.0,1305.924369945857
2024-02-08,9,6,16,60.0,1295.990730936355
2024-02-09,9,6,16,60.0,1287.0747121184736
2024-02-12,9,6,16,60.0,1267.1970406803548
2024-02-13,9,6,16,60.0,1280.0026157250272
2024-02-14,9,6,16,60.0,1282.6913921216687
2024-02-15,9,6,16,60.0,1287.8317146598708
2024-02-16,9,6,16,60.0,1302.905001353806
2024-02-19,10,5,16,66.66666666666666,1313.1170848203494
2024-02-20,9,6,16,60.0,1307.2963805751522
2024-02-21,9,6,16,60.0,1299.6908261002013
2024-02-22,10,5,16,66.66666666666666,1302.8388161540222
2024-02-23,10,5,16,66.66666666666666,1314.983458458798
2024-02-26,10,5,16,66.66666666666666,1313.4454713737443
2024-02-27,9,6,16,60.0,1323.9728862196423
2024-02-28,9,6,16,60.0,1312.4019778185059
2024-02-29,9,6,16,60.0,1309.3898313809639
2024-03-01,10,5,16,66.66666666666666,1315.0952812461335
2024-03-02,10,5,16,66.66666666666666,1330.2990317363933
2024-03-04,10,5,16,66.66666666666666,1321.6019453434492
2024-03-05,10,5,16,66.66666666666666,1311.8677907504004
2024-03-06,7,8,16,46.666666666666664,1286.0361138626286
2024-03-07,7,8,16,46.666666666666664,1297.6411078553351
2024-03-11,7,8,16,46.666666666666664,1286.2156521248348
2024-03-12,7,8,16,46.666666666666664,1259.3551926134026
2024-03-13,6,9,16,40.0,1215.9385673008449
2024-03-14,7,8,16,46.666666666666664,1245.8935878931425
2024-03-15,7,8,16,46.666666666666664,1241.1341028114298
2024-03-18,7,8,16,46.666666666666664,1243.2982951603526
2024-03-19,7,8,16,46.666666666666664,1230.6842842366977
2024-03-20,7,8,16,46.666666666666664,1231.6997617528014
2024-03-21,7,8,16,46.666666666666664,1238.3231797420372
2024-03-22,7,8,16,46.666666666666664,1241.6133310070945
2024-03-26,7,8,16,46.666666666666664,1232.9630889546263
2024-03-27,7,8,16,46.666666666666664,1230.4034947216765
2024-03-28,7,8,16,46.666666666666664,1238.2836963241073
2024-04-01,7,8,16,46.666666666666664,1270.8286065244688
2024-04-02,8,7,16,53.333333333333336,1309.3836106633964
2024-04-03,8,7,16,53.333333333333336,1331.08220247386
2024-04-04,8,7,16,53.333333333333336,1329.3577800019923
2024-04-05,8,7,16,53.333333333333336,1329.6969476274467
2024-04-08,8,7,16,53.333333333333336,1352.422470806324
2024-04-09,8,7,16,53.333333333333336,1342.2029541188433
2024-04-10,8,7,16,53.333333333333336,1348.5479017550826
2024-04-12,9,6,16,60.0,1334.6659516558927
2024-04-15,8,7,16,53.333333333333336,1314.3254623645064
2024-04-16,8,7,16,53.333333333333336,1324.2283484277516
2024-04-18,9,6,16,60.0,1332.1861852143948
2024-04-19,9,6,16,60.0,1332.1588535975052
2024-04-22,10,5,16,66.66666666666666,1366.051050621892
2024-04-23,10,5,16,66.66666666666666,1369.5515278797845
2024-04-24,10,5,16,66.66666666666666,1383.9550035647408
2024-04-25,10,5,16,66.66666666666666,1380.7774843601528
2024-04-26,10,5,16,66.66666666666666,1386.8755057544242
2024-04-29,10,5,16,66.66666666666666,1392.6388679517122
2024-04-30,10,5,16,66.66666666666666,1396.1870147430632
2024-05-02,11,4,16,73.33333333333333,1400.4930599435522
2024-05-03,11,4,16,73.33333333333333,1398.0489622970777
2024-05-06,10,5,16,66.66666666666666,1387.6285788198886
2024-05-07,10,5,16,66.66666666666666,1370.7206302987017
2024-05-08,9,6,16,60.0,1376.2049562524485
2024-05-09,8,7,16,53.333333333333336,1344.43023263052
2024-05-10,8,7,16,53.333333333333336,1351.646476704257
2024-05-13,8,7,16,53.333333333333336,1348.477227480799
2024-05-14,9,6,16,60.0,1374.3043268845454
2024-05-15,10,5,16,66.66666666666666,1388.2833040619885
2024-05-16,10,5,16,66.66666666666666,1402.6700280929615
2024-05-17,11,4,16,73.33333333333333,1436.7984002077537
2024-05-18,12,3,16,80.0,1445.2738911944189
2024-05-21,12,3,16,80.0,1429.1928926815028
2024-05-22,11,4,16,73.33333333333333,1418.6952595630457
2024-05-23,12,3,16,80.0,1430.0730998401973
2024-05-24,12,3,16,80.0,1433.4154293162633
2024-05-27,10,5,16,66.66666666666666,1417.4497779579333
2024-05-28,10,5,16,66.66666666666666,1412.3822858503456
2024-05-29,10,5,16,66.66666666666666,1412.2221462107102
2024-05-30,10,5,16,66.66666666666666,1388.1961977656383
2024-05-31,10,5,16,66.66666666666666,1387.777315700617
2024-06-03,11,4,16,73.33333333333333,1396.1725551688894
2024-06-04,7,8,16,46.666666666666664,1335.9112719840878
2024-06-05,9,6,16,60.0,1389.442001260833
2024-06-06,10,5,16,66.66666666666666,1422.1744329311748
2024-06-07,11,4,16,73.33333333333333,1451.1430884230012
2024-06-10,11,4,16,73.33333333333333,1482.8652984005548
2024-06-11,11,4,16,73.33333333333333,1496.4976189893277
2024-06-12,13,3,16,81.25,1508.4886883521144
2024-06-13,14,2,16,87.5,1518.9555334598463
2024-06-14,14,2,16,87.5,1528.2701341502056
2024-06-18,14,2,16,87.5,1551.1787077158478
2024-06-19,14,2,16,87.5,1540.006287909066
2024-06-20,14,2,16,87.5,1555.6868491020612
2024-06-21,14,2,16,87.5,1577.1546519733565
2024-06-24,14,2,16,87.5,1598.9237443533034
2024-06-25,14,2,16,87.5,1605.395026719556
2024-06-26,14,2,16,87.5,1608.9826993205752
2024-06-27,14,2,16,87.5,1604.4685617984264
2024-06-28,14,2,16,87.5,1596.4730292602428
2024-07-01,14,2,16,87.5,1635.8709047412876
2024-07-02,15,1,16,93.75,1630.5621819354546
2024-07-03,15,1,16,93.75,1651.087930961589
2024-07-04,15,1,16,93.75,1662.7601363870654
2024-07-05,15,1,16,93.75,1676.2493508913515
2024-07-08,15,1,16,93.75,1660.606699362786
2024-07-09,15,1,16,93.75,1673.2264386758884
2024-07-10,15,1,16,93.75,1651.9787536507492
2024-07-11,15,1,16,93.75,1667.0800835526272
2024-07-12,15,1,16,93.75,1659.7549662215235
2024-07-15,15,1,16,93.75,1663.949535976125
2024-07-16,15,1,16,93.75,1670.206928447876
2024-07-18,15,1,16,93.75,1647.2689504086
2024-07-19,14,2,16,87.5,1612.1380236604657
2024-07-22,14,2,16,87.5,1628.0379169808825
2024-07-23,14,2,16,87.5,1627.8819858161878
2024-07-24,14,2,16,87.5,1659.9324963699307
2024-07-25,14,2,16,87.5,1672.100492977385
2024-07-26,15,1,16,93.75,1680.3388733258344
2024-07-29,15,1,16,93.75,1682.7158774699355
2024-07-30,15,1,16,93.75,1695.4406946346758
2024-07-31,14,2,16,87.5,1702.218093591602
2024-08-01,15,1,16,93.75,1704.671358693763
2024-08-02,14,2,16,87.5,1696.0916187543494
2024-08-05,14,2,16,87.5,1640.42750016385
2024-08-06,14,2,16,87.5,1657.4246437495913
2024-08-07,14,2,16,87.5,1698.7375116994504
2024-08-08,14,2,16,87.5,1717.4652073430977
2024-08-09,14,2,16,87.5,1726.0794593464786
2024-08-12,14,2,16,87.5,1750.3759149167852
2024-08-13,14,2,16,87.5,1757.7608718055735
2024-08-14,14,2,16,87.5,1763.498198004762
2024-08-16,14,2,16,87.5,1779.0500458748063
2024-08-19,14,2,16,87.5,1779.140689480757
2024-08-20,14,2,16,87.5,1785.6616930453815
2024-08-21,14,2,16,87.5,1804.8637976235404
2024-08-22,14,2,16,87.5,1792.714428845511
2024-08-23,14,2,16,87.5,1795.767659028315
2024-08-26,15,1,16,93.75,1806.8734590004876
2024-08-27,15,1,16,93.75,1810.1371858296197
2024-08-28,15,1,16,93.75,1804.3267646960062
2024-08-29,15,1,16,93.75,1797.9408106832068
2024-08-30,15,1,16,93.75,1804.5259116050204
2024-09-02,15,1,16,93.75,1793.7746936752603
2024-09-03,15,1,16,93.75,1806.1693152759397
2024-09-04,15,1,16,93.75,1796.8465602103252
2024-09-05,15,1,16,93.75,1802.5272103868574
2024-09-06,16,0,16,100.0,1806.1931866786458
2024-09-09,15,1,16,93.75,1808.73408594905
2024-09-10,15,1,16,93.75,1817.6569511287628
2024-09-11,16,0,17,100.0,1814.4583318493862
2024-09-12,15,1,17,93.75,1828.20415572542
2024-09-13,15,1,17,93.75,1830.423868405571
2024-09-16,15,1,17,93.75,1842.9723300626672
2024-09-17,15,1,17,93.75,1828.776420796515
2024-09-18,15,1,17,93.75,1817.063577807069
2024-09-19,16,0,17,100.0,1826.220668724225
2024-09-20,15,1,17,93.75,1834.5454359659243
2024-09-23,15,1,17,93.75,1848.2679168136474
2024-09-24,15,1,17,93.75,1827.972814845376
2024-09-25,15,1,17,93.75,1831.4263797392782
2024-09-26,15,1,17,93.75,1810.6300489014916
2024-09-27,15,1,17,93.75,1820.5901209792
2024-09-30,15,1,17,93.75,1814.3282640996051
2024-10-01,15,1,17,93.75,1832.0951294550196
2024-10-03,14,2,17,87.5,1812.5074412884321
2024-10-04,15,1,17,93.75,1815.1047474180477
2024-10-07,13,3,17,81.25,1760.7098105064115
2024-10-08,14,2,17,87.5,1794.9450522992233
2024-10-09,15,1,17,93.75,1809.246087019899
2024-10-10,14,2,17,87.5,1818.0832570674897
2024-10-11,14,2,17,87.5,1829.108461125497
2024-10-14,15,1,17,93.75,1834.0895448094948
2024-10-15,15,1,17,93.75,1838.2340452623253
2024-10-16,15,1,17,93.75,1864.4563650714033
2024-10-17,12,4,17,75.0,1840.868823644856
2024-10-18,12,4,17,75.0,1836.0310432204978
2024-10-21,12,4,17,75.0,1808.168388490252
2024-10-22,11,5,17,68.75,1754.4291423652521
2024-10-23,13,3,17,81.25,1780.2526048721309
2024-10-24,11,5,17,68.75,1753.6436579237034
2024-10-25,10,6,17,62.5,1708.7644708150203
2024-10-28,11,5,17,68.75,1720.9546816332336
2024-10-29,10,6,17,62.5,1690.14249878761
2024-10-30,11,5,17,68.75,1700.222381168792
2024-10-31,10,6,17,62.5,1703.8949394726992
2024-11-01,11,5,17,68.75,1724.3968354971046
2024-11-04,10,6,17,62.5,1704.8397719514742
2024-11-05,11,5,17,68.75,1722.8323113704828
2024-11-06,12,4,17,75.0,1764.6599494913066
2024-11-07,12,4,17,75.0,1761.89520247216
2024-11-08,12,4,17,75.0,1744.105590307752
2024-11-11,11,5,17,68.75,1719.1335117720907
2024-11-12,9,7,17,56.25,1682.0031473395957
2024-11-13,9,7,17,56.25,1641.5926235479901
2024-11-14,8,8,17,50.0,1635.59918482844
2024-11-18,8,8,17,50.0,1624.5056596283835
2024-11-19,9,7,17,56.25,1643.1752773742683
2024-11-21,8,8,17,50.0,1615.0357943258523
2024-11-22,8,8,17,50.0,1626.0588820506464
2024-11-25,9,7,17,56.25,1634.3950457873163
2024-11-26,10,6,17,62.5,1660.351527597992
2024-11-27,11,5,17,68.75,1675.2384549246578
2024-11-28,11,5,17,68.75,1686.4544797365606
2024-11-29,11,5,17,68.75,1696.2880350345467
2024-12-02,11,5,17,68.75,1713.9000192656408
2024-12-03,13,3,17,81.25,1736.613136331949
2024-12-04,12,4,17,75.0,1750.5534713042941
2024-12-05,11,5,17,68.75,1740.375426329113
2024-12-06,12,4,17,75.0,1757.1053471399814
2024-12-09,12,4,17,75.0,1766.7878394887691
2024-12-10,12,4,17,75.0,1775.7202169682455
2024-12-11,12,4,17,75.0,1771.7455224351415
2024-12-12,13,3,17,81.25,1738.0437403458272
2024-12-13,13,3,17,81.25,1748.3946116811398
2024-12-16,13,3,17,81.25,1765.7616442942294
2024-12-17,12,4,17,75.0,1750.7197651208962
2024-12-18,12,4,17,75.0,1739.9587498528763
2024-12-19,12,4,17,75.0,1738.6399147470704
2024-12-20,11,5,17,68.75,1696.8298888759996
2024-12-23,11,5,17,68.75,1684.5813178565468
2024-12-24,11,5,17,68.75,1701.6469822515483
2024-12-26,10,6,17,62.5,1693.0456916405199
2024-12-27,10,6,17,62.5,1688.259786005882
2024-12-30,8,8,17,50.0,1678.3186342765198
2024-12-31,8,8,17,50.0,1695.8722570947536
2025-01-01,7,9,17,43.75,1707.759561699895
2025-01-02,7,9,17,43.75,1720.016498315421
2025-01-03,8,8,17,50.0,1725.085882268702
2025-01-06,7,9,17,43.75,1678.2830878192194
2025-01-07,7,9,17,43.75,1693.8764469027021
2025-01-08,5,11,17,31.25,1677.7544079068268
2025-01-09,5,11,17,31.25,1658.3670816294107
2025-01-10,4,12,17,25.0,1623.0992755806008
2025-01-13,4,12,17,25.0,1562.2059507262002
2025-01-14,4,12,17,25.0,1587.0583854425397
2025-01-15,3,13,17,18.75,1587.440808951669
2025-01-16,4,12,17,25.0,1603.7366098199232
2025-01-17,4,12,17,25.0,1597.5443831636221
2025-01-20,3,13,17,18.75,1602.5663737897958
2025-01-21,3,13,17,18.75,1562.4480598132347
2025-01-22,3,13,17,18.75,1547.6229212942144
2025-01-23,3,13,17,18.75,1559.6774316456458
2025-01-24,2,14,17,12.5,1524.9035951277701
2025-01-27,2,14,17,12.5,1491.9624355343578
2025-01-28,1,15,17,6.25,1487.641761401972
2025-01-29,2,14,17,12.5,1490.6976820965924
2025-01-30,2,14,17,12.5,1459.3964576994674
2025-01-31,2,14,17,12.5,1459.9253662160095
2025-02-01,2,14,17,12.5,1518.9610257220397
2025-02-03,3,13,17,18.75,1516.0402356277766
2025-02-04,3,13,17,18.75,1516.8238093251703
2025-02-05,3,13,17,18.75,1514.9219938702993
2025-02-06,2,14,17,12.5,1509.7879029613318
2025-02-07,3,13,17,18.75,1511.52670380909
2025-02-10,2,14,17,12.5,1468.9142990682549
2025-02-11,2,14,17,12.5,1413.8715086471216
2025-02-12,2,14,17,12.5,1396.2907650966572
2025-02-13,2,14,17,12.5,1398.4230330968853
2025-02-14,1,15,17,6.25,1363.1872620125798
2025-02-17,1,15,17,6.25,1361.4550158349452
2025-02-18,1,15,17,6.25,1332.7890302796022
2025-02-19,1,15,17,6.25,1361.7207090670408
2025-02-20,2,14,17,12.5,1370.6798056024713
2025-02-21,2,14,17,12.5,1375.4311852699655
2025-02-24,2,14,17,12.5,1358.9482524283474
2025-02-25,2,14,17,12.5,1354.6124507401755
2025-02-27,2,14,17,12.5,1331.0568313571514
2025-02-28,1,15,17,6.25,1296.0759682675682
2025-03-03,1,15,17,6.25,1298.0506211934746
2025-03-04,1,15,17,6.25,1313.6277728482096
2025-03-05,2,14,17,12.5,1347.8701254881162
2025-03-06,2,14,17,12.5,1361.7349807746832
2025-03-07,2,14,17,12.5,1368.9663532902457
2025-03-10,2,14,17,12.5,1352.6287906059952
2025-03-11,2,14,17,12.5,1341.437797462556
2025-03-12,2,14,17,12.5,1343.3208543130313
2025-03-13,1,15,17,6.25,1327.4395622713716
2025-03-17,1,15,17,6.25,1321.0883440141743
2025-03-18,2,14,17,12.5,1356.1789354644823
2025-03-19,2,14,17,12.5,1384.039312136021
2025-03-20,2,14,17,12.5,1388.0512596355527
2025-03-21,2,14,17,12.5,1395.9896912539562
2025-03-24,2,14,17,12.5,1407.5027709014034
2025-03-25,1,15,17,6.25,1384.1290486089365
2025-03-26,1,15,17,6.25,1372.7741100942571
2025-03-27,1,15,17,6.25,1372.5569728132114
2025-03-28,1,15,17,6.25,1365.5690446779274
2025-04-01,1,15,17,6.25,1364.2139266764734
2025-04-02,1,15,17,6.25,1371.6936125623336
2025-04-03,1,15,17,6.25,1375.4867057138406
2025-04-04,1,15,17,6.25,1336.8374880023541
2025-04-07,1,15,17,6.25,1310.7641160919873
2025-04-08,1,15,17,6.25,1330.6074997034125
2025-04-09,1,15,17,6.25,1316.11685185422
2025-04-11,1,15,17,6.25,1340.6218322027275
2025-04-15,1,15,17,6.25,1361.4094618116408
2025-04-16,1,15,17,6.25,1377.826297283043
2025-04-17,1,15,17,6.25,1380.762473122793
2025-04-21,1,16,17,5.88235294117647,1387.7543832246165
2025-04-22,1,16,17,5.88235294117647,1408.2007273155098
2025-04-23,1,16,17,5.88235294117647,1393.383136936524
2025-04-24,1,16,17,5.88235294117647,1400.9089370531797
2025-04-25,1,16,17,5.88235294117647,1370.9241004995383
2025-04-28,1,16,17,5.88235294117647,1368.988088624688
2025-04-29,0,17,17,0.0,1379.4499930671543
2025-04-30,0,17,17,0.0,1353.1948625996358
2025-05-02,1,16,17,5.88235294117647,1340.7342609841273
2025-05-05,1,16,17,5.88235294117647,1365.3805306869647
2025-05-06,1,16,17,5.88235294117647,1345.4163432044802
2025-05-07,0,17,17,0.0,1358.6149946357118
2025-05-08,0,17,17,0.0,1346.0485511967765
2025-05-09,0,17,17,0.0,1339.976148680304
2025-05-12,1,16,17,5.88235294117647,1402.2569866783842
2025-05-13,1,16,17,5.88235294117647,1414.5138269711224
2025-05-14,1,16,17,5.88235294117647,1424.1036632024814
2025-05-15,1,16,17,5.88235294117647,1433.9366604555798
2025-05-16,2,15,17,11.76470588235294,1466.110447619637
2025-05-19,1,16,17,5.88235294117647,1476.1277741149092
2025-05-20,1,16,17,5.88235294117647,1466.6695206000559
2025-05-21,2,15,17,11.76470588235294,1466.7066491234627
2025-05-22,2,15,17,11.76470588235294,1462.4951331141078
2025-05-23,1,16,17,5.88235294117647,1460.5177395866876
2025-05-26,2,15,17,11.76470588235294,1464.6603163813606
2025-05-27,2,15,17,11.76470588235294,1460.5210356738519
2025-05-28,2,15,17,11.76470588235294,1447.8062730963845
2025-05-29,2,15,17,11.76470588235294,1451.8606471997605
2025-05-30,1,16,17,5.88235294117647,1446.196933405705
2025-06-02,1,16,17,5.88235294117647,1449.8045668081177
2025-06-03,1,16,17,5.88235294117647,1433.636790892876
2025-06-04,1,16,17,5.88235294117647,1441.2922270057672
2025-06-05,1,16,17,5.88235294117647,1448.9265238390678
2025-06-06,1,16,17,5.88235294117647,1452.468407826969
2025-06-09,1,16,17,5.88235294117647,1466.6624757396867
2025-06-10,2,15,17,11.76470588235294,1485.991027151694
2025-06-11,3,14,17,17.647058823529413,1497.9380661638324
2025-06-12,2,15,17,11.76470588235294,1475.0806016829958
2025-06-13,2,15,17,11.76470588235294,1462.9075842384764
2025-06-16,2,15,17,11.76470588235294,1464.3455242928972
2025-06-17,3,14,17,17.647058823529413,1459.5215916237703
2025-06-18,3,14,17,17.647058823529413,1457.565827831312
2025-06-19,1,16,17,5.88235294117647,1430.2815259730123
2025-06-20,1,16,17,5.88235294117647,1439.100326081364
2025-06-23,1,16,17,5.88235294117647,1446.3886221272235
2025-06-24,1,16,17,5.88235294117647,1457.895441512204
2025-06-25,2,15,17,11.76470588235294,1468.4098021110206
2025-06-26,2,15,17,11.76470588235294,1474.3868046274222
2025-06-27,1,16,17,5.88235294117647,1472.4881732797594
2025-06-30,1,16,17,5.88235294117647,1472.3033759815091
2025-07-01,1,16,17,5.88235294117647,1469.7366631254044
2025-07-02,1,16,17,5.88235294117647,1469.6201410737353
2025-07-03,2,15,17,11.76470588235294,1486.9500997559785
2025-07-04,2,15,17,11.76470588235294,1493.1754338925848
2025-07-07,2,15,17,11.76470588235294,1485.0635182096016
2025-07-08,2,15,17,11.76470588235294,1478.4195842900272
2025-07-09,2,15,17,11.76470588235294,1476.3529039017324
2025-07-10,2,15,17,11.76470588235294,1475.454038945596
2025-07-11,2,15,17,11.76470588235294,1466.2801191299432
2025-07-14,2,15,17,11.76470588235294,1467.0380494672304
2025-07-15,2,15,17,11.76470588235294,1487.5312201316478
2025-07-16,2,15,17,11.76470588235294,1485.0318279172348
2025-07-17,3,14,17,17.647058823529413,1496.7146716204463
2025-07-18,2,15,17,11.76470588235294,1487.2768318694755
2025-07-21,2,15,17,11.76470588235294,1475.95367273995
2025-07-22,2,15,17,11.76470588235294,1472.903591700534
2025-07-23,2,15,17,11.76470588235294,1471.0176191633946
2025-07-24,3,14,17,17.647058823529413,1467.8133917511723
2025-07-25,2,15,17,11.76470588235294,1445.1896508273107
2025-07-28,1,16,17,5.88235294117647,1436.7348531933726
2025-07-29,1,16,17,5.88235294117647,1434.5791017441672
2025-07-30,2,15,17,11.76470588235294,1440.7052353215072
2025-07-31,0,17,17,0.0,1422.752143334945
2025-08-01,1,16,17,5.88235294117647,1411.3500535995618
2025-08-04,1,16,17,5.88235294117647,1412.498776780665
2025-08-05,2,15,17,11.76470588235294,1404.1975834139887
2025-08-06,2,15,17,11.76470588235294,1399.5366361908139
2025-08-07,2,15,17,11.76470588235294,1401.313099228262
2025-08-08,0,17,17,0.0,1384.5392306069198
2025-08-11,1,16,17,5.88235294117647,1372.1146703029917
2025-08-12,1,16,17,5.88235294117647,1373.1765485914639
2025-08-13,1,16,17,5.88235294117647,1375.2820140018162
2025-08-14,1,16,17,5.88235294117647,1368.2948617780153
2025-08-18,3,14,17,17.647058823529413,1429.1638319992746
2025-08-19,4,13,17,23.52941176470588,1435.0519150527703
2025-08-20,3,14,17,17.647058823529413,1436.9378755950959
2025-08-21,2,15,17,11.76470588235294,1435.7235916648117
2025-08-22,3,14,17,17.647058823529413,1435.5563046248162
2025-08-25,4,13,17,23.52941176470588,1438.8451267763933
2025-08-26,3,14,17,17.647058823529413,1419.65964545663
2025-08-28,4,13,17,23.52941176470588,1414.1001233903928
2025-08-29,3,14,17,17.647058823529413,1421.2776637652685
2025-09-01,5,12,17,29.411764705882355,1437.560304704176
2025-09-02,6,11,17,35.294117647058826,1457.9629799524407
2025-09-03,6,11,17,35.294117647058826,1468.266750880256
2025-09-04,5,12,17,29.411764705882355,1465.2442352762469
2025-09-05,6,11,17,35.294117647058826,1468.8592339826323
2025-09-08,7,10,17,41.17647058823529,1463.5289803223336
2025-09-09,7,10,17,41.17647058823529,1461.4820857136174
2025-09-10,6,11,17,35.294117647058826,1463.0473876050123
2025-09-11,5,12,17,29.411764705882355,1452.9647919339786
2025-09-12,7,10,17,41.17647058823529,1454.3667677635813
2025-09-15,7,10,17,41.17647058823529,1461.0649715936302
2025-09-16,8,9,17,47.05882352941176,1475.089435406762
2025-09-17,9,8,17,52.94117647058824,1474.1520909982637
2025-09-18,9,8,17,52.94117647058824,1476.6300059027071
2025-09-19,7,10,17,41.17647058823529,1474.925113562313
2025-09-22,8,9,17,47.05882352941176,1475.76509921378
2025-09-23,7,10,17,41.17647058823529,1471.250979356739
2025-09-24,6,11,17,35.294117647058826,1465.9654273285773
2025-09-25,5,12,17,29.411764705882355,1446.5615435248149
2025-09-26,3,14,17,17.647058823529413,1417.548253464991
2025-09-29,3,14,17,17.647058823529413,1412.2175524621196
2025-09-30,4,13,17,23.52941176470588,1410.8570699919867
2025-10-01,3,14,17,17.647058823529413,1411.9981344789521
2025-10-03,4,13,17,23.52941176470588,1423.5588011657505
2025-10-06,4,13,17,23.52941176470588,1416.343964635154
2025-10-07,3,14,17,17.647058823529413,1414.7990010333547
2025-10-08,3,14,17,17.647058823529413,1408.7851870641653
2025-10-09,4,13,17,23.52941176470588,1405.6103649904235
2025-10-10,4,13,17,23.52941176470588,1415.1795134420054
2025-10-13,5,12,17,29.411764705882355,1405.7439856827812
2025-10-14,5,12,18,29.411764705882355,1400.3944776813084
2025-10-15,5,12,18,29.411764705882355,1410.9899849958056
2025-10-16,6,11,18,35.294117647058826,1422.6043762841427
2025-10-17,7,10,18,41.17647058823529,1433.9971192897578
2025-10-20,7,10,18,41.17647058823529,1440.3266495871283
2025-10-21,8,9,18,47.05882352941176,1452.4315349035637
2025-10-23,9,8,18,52.94117647058824,1454.737645210369
2025-10-24,9,8,18,52.94117647058824,1454.02480652086
2025-10-27,9,8,18,52.94117647058824,1457.6014929755133
2025-10-28,10,7,18,58.82352941176471,1468.841272926674
2025-10-29,11,6,18,64.70588235294117,1489.4321818265364
2025-10-30,11,6,18,64.70588235294117,1485.6842752033474
2025-10-31,9,8,18,52.94117647058824,1465.5905441196696
2025-11-03,10,7,18,58.82352941176471,1459.4926820548767
2025-11-04,10,7,18,58.82352941176471,1448.4368101080508
2025-11-06,7,10,18,41.17647058823529,1423.940587289497
2025-11-07,5,12,18,29.411764705882355,1415.4832584065798
2025-11-10,7,10,18,41.17647058823529,1412.5446688880315
2025-11-11,5,12,18,29.411764705882355,1404.5758398501494
2025-11-12,5,12,18,29.411764705882355,1408.961234931754
2025-11-13,5,12,18,29.411764705882355,1401.5861261462433
2025-11-14,7,10,18,41.17647058823529,1401.1683791268872
2025-11-17,7,10,18,41.17647058823529,1399.04421637512
2025-11-18,6,11,18,35.294117647058826,1390.3871928507886
2025-11-19,6,11,18,35.294117647058826,1382.4139991756344
2025-11-20,6,11,18,35.294117647058826,1373.9548273316293
2025-11-21,6,11,18,35.294117647058826,1364.01362064507
2025-11-24,5,12,18,29.411764705882355,1343.9909872956543
2025-11-25,5,12,18,29.411764705882355,1360.3684786940387
2025-11-26,6,11,18,35.294117647058826,1366.0016313383642
2025-11-27,6,11,18,35.294117647058826,1354.1932474300904
2025-11-28,6,11,18,35.294117647058826,1361.5332880025317
2025-12-01,4,13,18,23.52941176470588,1345.997149187901
2025-12-02,5,12,18,29.411764705882355,1338.5425334532283
2025-12-03,4,13,18,23.52941176470588,1329.7180674408623
2025-12-04,3,14,18,17.647058823529413,1322.4233624619071
2025-12-05,3,14,18,17.647058823529413,1314.3691767085697
2025-12-08,2,15,18,11.76470588235294,1283.4266544995862
2025-12-09,2,15,18,11.76470588235294,1300.1240735029792
2025-12-10,3,14,18,17.647058823529413,1297.2798117185118
2025-12-11,4,13,18,23.52941176470588,1304.290638850217
2025-12-12,4,13,18,23.52941176470588,1316.3682584475612
2025-12-15,3,14,18,17.647058823529413,1313.88912815322
2025-12-16,3,14,18,17.647058823529413,1305.3299491393677
2025-12-17,3,14,18,17.647058823529413,1291.4451064821642
2025-12-18,4,13,18,23.52941176470588,1286.6720642973658
2025-12-19,3,14,18,17.647058823529413,1295.58447465187
2025-12-22,3,14,18,17.647058823529413,1308.2558711548152
2025-12-23,3,14,18,17.647058823529413,1314.6330930935671
2025-12-24,3,14,18,17.647058823529413,1309.5911845987769
2025-12-26,3,14,18,17.647058823529413,1297.9904536049703
2025-12-29,3,14,18,17.647058823529413,1286.509721734892
2025-12-30,3,14,18,17.647058823529413,1274.2281485098242
2025-12-31,3,14,18,17.647058823529413,1286.0318554099144
2026-01-01,3,14,18,17.647058823529413,1283.1093415239889
2026-01-02,4,13,18,23.52941176470588,1310.8749483104616
2026-01-05,4,13,18,23.52941176470588,1319.8358129262785
2026-01-06,4,13,18,23.52941176470588,1310.0492934352299
2026-01-07,4,13,18,23.52941176470588,1307.2212959984054
2026-01-08,3,14,18,17.647058823529413,1285.2302580491626
2026-01-09,2,15,18,11.76470588235294,1266.0316385833178
2026-01-12,1,16,18,5.88235294117647,1250.7340217766996
2026-01-13,1,16,18,5.88235294117647,1243.9735634148522
2026-01-14,2,15,18,11.76470588235294,1239.2017142272757
2026-01-16,2,15,18,11.76470588235294,1239.2017142272757
2026-01-19,1,16,18,5.88235294117647,1224.0736274684448
2026-01-20,0,17,18,0.0,1191.6736421200603
2026-01-21,0,17,18,0.0,1179.9356317593902
2026-01-22,0,17,18,0.0,1190.242902522238
2026-01-23,0,17,18,0.0,1183.7045990859285
2026-01-27,0,17,18,0.0,1166.5249354175294
2026-01-28,1,16,18,5.88235294117647,1177.7707556151622
2026-01-29,1,16,18,5.88235294117647,1180.435049397481
2026-01-30,1,16,18,5.88235294117647,1204.8738235716262
2026-02-01,1,16,18,5.88235294117647,1187.1101599891936
2026-02-02,1,16,18,5.88235294117647,1190.2687605935137
2026-02-03,2,15,18,11.76470588235294,1216.8203632351833
2026-02-04,2,15,18,11.76470588235294,1225.7079142256794
2026-02-05,2,15,18,11.76470588235294,1225.6943510021993
2026-02-06,2,15,18,11.76470588235294,1230.7629519732734
2026-02-09,2,15,18,11.76470588235294,1259.0124894989137
2026-02-10,2,15,18,11.76470588235294,1262.2713125342066
2026-02-11,2,15,18,11.76470588235294,1263.193341687781
2026-02-12,2,15,18,11.76470588235294,1255.9171743701738
2026-02-13,2,15,18,11.76470588235294,1241.3551662657335
2026-02-16,2,15,18,11.76470588235294,1232.4644910230227
2026-02-17,2,15,18,11.76470588235294,1245.3502154916744
2026-02-18,2,15,18,11.76470588235294,1242.0173980235963
2026-02-19,2,15,18,11.76470588235294,1221.9627423413697
2026-02-20,2,15,18,11.76470588235294,1221.0280786647336
2026-02-23,2,15,18,11.76470588235294,1215.6527404213894
2026-02-24,2,15,18,11.76470588235294,1199.846673907744
2026-02-25,2,15,18,11.76470588235294,1195.5811078675972
2026-02-26,2,15,18,11.76470588235294,1204.217730297265
2026-02-27,2,15,18,11.76470588235294,1193.8384861935576
2026-03-02,2,15,18,11.76470588235294,1175.760524119265
2026-03-04,2,15,18,11.76470588235294,1156.3979841877763
2026-03-05,2,15,18,11.76470588235294,1164.7366720639227
2026-03-06,2,15,18,11.76470588235294,1152.7355344773541
2026-03-09,2,15,18,11.76470588235294,1126.9002552453128
2026-03-10,2,15,18,11.76470588235294,1161.4647652786098
2026-03-11,3,14,18,17.647058823529413,1196.6979738693544
2026-03-12,3,14,18,17.647058823529413,1187.6948937118148
2026-03-13,2,15,18,11.76470588235294,1155.6616937611989
2026-03-16,1,16,18,5.88235294117647,1131.7748716447386
2026-03-17,1,16,18,5.88235294117647,1124.903891559592
2026-03-18,1,16,18,5.88235294117647,1151.5602832682298
2026-03-19,0,17,18,0.0,1131.9911939140668
2026-03-20,0,17,18,0.0,1130.924656488982
2026-03-23,0,17,18,0.0,1086.1067728535318
2026-03-24,0,17,18,0.0,1094.1465089717162
2026-03-25,0,17,18,0.0,1112.131035999405
2026-03-27,0,17,18,0.0,1089.4121652551792
2026-03-30,0,17,18,0.0,1050.0846602075321
2026-04-01,0,17,18,0.0,1085.8615787590593
2026-04-02,0,17,18,0.0,1082.9577384041543
2026-04-06,0,17,18,0.0,1095.5131665379483
2026-04-07,0,17,18,0.0,1094.1866539414893
2026-04-08,0,17,18,0.0,1137.8419508296333
2026-04-09,0,17,18,0.0,1134.6630503374492
2026-04-10,0,17,18,0.0,1159.9547213597807
2026-04-13,0,17,18,0.0,1160.0836657885043
2026-04-15,1,16,18,5.88235294117647,1192.9348936054107
2026-04-16,2,15,18,11.76470588235294,1199.3290460247702
2026-04-17,2,15,18,11.76470588235294,1215.2199725092605
2026-04-20,2,15,18,11.76470588235294,1216.428605858138
2026-04-21,2,15,18,11.76470588235294,1218.568922503075
2026-04-22,2,15,18,11.76470588235294,1224.3410484987853
2026-04-23,1,16,18,5.88235294117647,1223.1601161186657
2026-04-24,1,16,18,5.88235294117647,1211.9895608068823
2026-04-27,3,14,18,17.647058823529413,1248.7583114500276
2026-04-28,2,15,18,11.76470588235294,1247.4130974132559
2026-04-29,2,15,18,11.76470588235294,1239.6554481460794
2026-04-30,1,16,18,5.88235294117647,1222.62750947174
2026-05-04,2,15,18,11.76470588235294,1240.100086835243
2026-05-05,0,17,18,0.0,1232.2802451705622
2026-05-06,1,16,18,5.88235294117647,1246.565657369175
2026-05-07,2,15,18,11.76470588235294,1247.9695124800573
2026-05-08,1,16,18,5.88235294117647,1231.9876641441297
2026-05-11,1,16,18,5.88235294117647,1216.7497485521865
2026-05-12,2,15,18,11.76470588235294,1197.4096104147468
2026-05-13,3,14,18,17.647058823529413,1200.1288562431873
2026-05-14,3,14,18,17.647058823529413,1202.2510980711602
2026-05-15,3,14,18,17.647058823529413,1206.4162902967325
2026-05-18,3,14,18,17.647058823529413,1173.9480603409688
2026-05-19,3,14,18,17.647058823529413,1182.0614150220583
2026-05-20,2,15,18,11.76470588235294,1172.389026003667
2026-05-21,2,15,18,11.76470588235294,1171.4603299948842
2026-05-22,1,16,18,5.88235294117647,1164.2830128588166
2026-05-25,2,16,18,11.11111111111111,1169.1303754518224
2026-05-26,2,16,18,11.11111111111111,1173.781567655795
2026-05-27,4,14,18,22.22222222222222,1184.1902246632596
2026-05-29,3,15,18,16.666666666666664,1162.1858310565192
2026-06-01,3,15,18,16.666666666666664,1156.907938913123
2026-06-02,2,16,18,11.11111111111111,1164.0705863408668
2026-06-03,2,16,18,11.11111111111111,1155.3275716172918
2026-06-04,2,16,18,11.11111111111111,1160.168046502721
2026-06-05,1,17,18,5.555555555555555,1156.6530277412812
2026-06-08,1,17,18,5.555555555555555,1135.876492148698
2026-06-09,1,17,18,5.555555555555555,1153.5387498408588
2026-06-10,1,17,18,5.555555555555555,1143.6596691333546
2026-06-11,1,17,18,5.555555555555555,1130.7658166503734
2026-06-12,1,17,18,5.555555555555555,1144.869349421389
2026-06-15,1,17,18,5.555555555555555,1164.491611470605
2026-06-22,3,15,18,16.666666666666664,1211.2571716148548
2026-06-23,3,15,18,16.666666666666664,1194.756191938853
2026-06-24,4,14,18,22.22222222222222,1199.3114080263397
2026-06-25,3,15,18,16.666666666666664,1197.5647681008131
2026-06-29,4,14,18,22.22222222222222,1187.1423555302927
2026-06-30,4,14,18,22.22222222222222,1191.400350727579
2026-07-01,4,14,18,22.22222222222222,1198.301682181909
2026-07-02,4,14,18,22.22222222222222,1212.3210561512021
2026-07-03,5,13,18,27.77777777777778,1209.0916298988652
2026-07-06,5,13,18,27.77777777777778,1210.236148298182
2026-07-07,5,13,18,27.77777777777778,1210.5699491269884
2026-07-08,3,15,18,16.666666666666664,1181.685124160742
2026-07-09,4,14,18,22.22222222222222,1202.7906805400924
2026-07-10,5,13,18,27.77777777777778,1220.1337801956574
2026-07-13,4,14,18,22.22222222222222,1242.6219231895193
2026-07-14,4,14,18,22.22222222222222,1230.6785918734467
2026-07-15,6,12,18,33.33333333333333,1229.7445438640161
2026-07-16,5,13,18,27.77777777777778,1233.2165284244868
2026-07-17,4,14,18,22.22222222222222,1220.568536457579
2026-07-20,4,14,18,22.22222222222222,1226.0535969994469
2026-07-21,4,14,18,22.22222222222222,1223.9361240502135
2026-07-22,3,15,18,16.666666666666664,1202.0485944791878
2026-07-23,3,15,18,16.666666666666664,1191.8975643870197
2026-07-24,3,15,18,16.666666666666664,1194.7223761322562
2026-07-27,3,15,18,16.666666666666664,1203.7887975650438
2026-07-28,3,15,18,16.666666666666664,1204.1175357658922
2026-07-29,4,14,18,22.22222222222222,1214.236480967095
2026-07-30,4,14,18,22.22222222222222,1214.5083453907484
2026-07-31,4,14,18,22.22222222222222,1212.932569758846
2026-08-03,6,12,18,33.33333333333333,1227.297243083416
2026-08-04,5,13,18,27.77777777777778,1220.5606333327885
2026-08-05,6,12,18,33.33333333333333,1233.1250349756085
2026-08-06,6,12,18,33.33333333333333,1242.4929009005807
2026-08-07,6,12,18,33.33333333333333,1228.6790811756593
2026-08-10,6,12,18,33.33333333333333,1218.96334182236
2026-08-11,7,11,18,38.88888888888889,1217.5402669898522
2026-08-12,7,11,18,38.88888888888889,1217.1047942610862
2026-08-13,7,11,18,38.88888888888889,1213.3910994674843
2026-08-14,7,11,18,38.88888888888889,1215.0588498098398
2026-08-17,6,12,18,33.33333333333333,1208.7542883218266
2026-08-18,6,12,18,33.33333333333333,1205.4472140325918
2026-08-19,6,12,18,33.33333333333333,1192.369805793286
2026-08-20,6,12,18,33.33333333333333,1203.488700467355
2026-08-21,6,12,18,33.33333333333333,1199.3366125491807
2026-08-24,6,12,18,33.33333333333333,1199.2972206815143
2026-08-25,7,11,18,38.88888888888889,1194.161874195054
2026-08-26,6,12,18,33.33333333333333,1199.202810815755
2026-08-27,6,12,18,33.33333333333333,1196.8684093895931
2026-08-28,6,12,18,33.33333333333333,1183.7640313909685
2026-08-31,6,12,18,33.33333333333333,1189.9936126312984
2026-09-01,4,14,18,22.22222222222222,1179.5078489917626
2026-09-02,5,13,18,27.77777777777778,1170.5504083734781
2026-09-03,6,12,18,33.33333333333333,1175.820619360197
2026-09-04,6,12,18,33.33333333333333,1174.418140168219
