Date,Above,Below,Total,Percentage,Index_Close
2014-08-07,11,1,13,91.66666666666666,144.79457995491342
2014-08-08,11,1,13,91.66666666666666,142.0894684703731
2014-08-11,11,1,13,91.66666666666666,143.24260402156574
2014-08-12,11,1,13,91.66666666666666,145.1132332776305
2014-08-13,11,1,13,91.66666666666666,142.76889127413867
2014-08-14,11,1,13,91.66666666666666,143.4432015861723
2014-08-18,12,0,13,100.0,144.69169825902875
2014-08-19,13,0,13,100.0,149.4245490946077
2014-08-20,13,0,13,100.0,149.55347320760643
2014-08-21,13,0,13,100.0,150.62847429006027
2014-08-22,13,0,13,100.0,151.82024870562267
2014-08-25,13,0,13,100.0,148.98202741164792
2014-08-26,13,0,13,100.0,150.00972984528727
2014-08-27,13,0,13,100.0,150.0639750924891
2014-08-28,13,0,13,100.0,149.78403940903203
2014-09-01,13,0,13,100.0,153.62617588632418
2014-09-02,13,0,13,100.0,153.5535143603424
2014-09-03,13,0,13,100.0,154.48974360711466
2014-09-04,13,0,13,100.0,154.53679886805497
2014-09-05,13,0,13,100.0,154.33275073592964
2014-09-08,13,0,13,100.0,156.29584944640976
2014-09-09,13,0,13,100.0,157.4946778005959
2014-09-10,13,0,13,100.0,156.9254867748237
2014-09-11,13,0,13,100.0,159.3623655311285
2014-09-12,13,0,13,100.0,160.82529163155027
2014-09-15,13,0,13,100.0,160.94476113346067
2014-09-16,13,0,13,100.0,155.8709125610121
2014-09-17,13,0,13,100.0,158.3827027059501
2014-09-18,13,0,13,100.0,160.4225610929032
2014-09-19,13,0,13,100.0,162.5344493863185
2014-09-22,13,0,13,100.0,161.49727470481497
2014-09-23,12,1,13,92.3076923076923,159.51166949375124
2014-09-24,12,1,13,92.3076923076923,158.14962790223316
2014-09-25,12,1,13,92.3076923076923,154.70600872924126
2014-09-26,12,1,13,92.3076923076923,157.58478108975103
2014-09-29,12,1,13,92.3076923076923,160.95942214536205
2014-09-30,12,1,13,92.3076923076923,162.4539170006339
2014-10-01,12,1,13,92.3076923076923,161.21732782353965
2014-10-07,12,1,13,92.3076923076923,157.63958601887006
2014-10-08,12,1,13,92.3076923076923,158.67488188687574
2014-10-09,12,1,13,92.3076923076923,161.24930856003414
2014-10-10,12,1,13,92.3076923076923,158.76551916018255
2014-10-13,12,1,13,92.3076923076923,158.6342441999348
2014-10-14,12,1,13,92.3076923076923,160.56977926212812
2014-10-16,12,1,13,92.3076923076923,158.3618186786097
2014-10-17,12,1,13,92.3076923076923,159.1248913424356
2014-10-20,13,0,13,100.0,161.49551264798336
2014-10-21,13,0,13,100.0,163.53282763207955
2014-10-22,13,0,13,100.0,165.0596599012599
2014-10-23,13,0,13,100.0,166.9873295383575
2014-10-27,13,0,13,100.0,167.7187980292582
2014-10-28,13,0,13,100.0,169.77488329087592
2014-10-29,13,0,13,100.0,170.05621959645498
2014-10-30,13,0,13,100.0,171.57616413431091
2014-10-31,13,0,13,100.0,173.50349896932408
2014-11-03,13,0,13,100.0,173.12702178416967
2014-11-05,13,0,13,100.0,175.83026452014704
2014-11-07,13,0,13,100.0,176.26522992718495
2014-11-10,13,0,13,100.0,175.58756079367467
2014-11-11,13,0,13,100.0,177.04709299811952
2014-11-12,13,0,13,100.0,180.4971431546579
2014-11-13,13,0,13,100.0,178.44942150057219
2014-11-14,13,0,13,100.0,178.953154560709
2014-11-17,13,0,13,100.0,183.41011722959334
2014-11-18,13,0,13,100.0,183.60318789731923
2014-11-19,13,0,13,100.0,181.6791109228681
2014-11-20,13,0,13,100.0,181.0793536473545
2014-11-21,13,0,13,100.0,182.09104241479594
2014-11-24,13,0,13,100.0,180.8463919024889
2014-11-25,13,0,13,100.0,178.01458194229548
2014-11-26,13,0,13,100.0,179.5551324321797
2014-11-27,13,0,13,100.0,180.64487518205593
2014-11-28,13,0,13,100.0,185.10563447036537
2014-12-01,13,0,13,100.0,185.6850752210466
2014-12-02,13,0,13,100.0,185.76380672197752
2014-12-03,13,0,13,100.0,188.23335282973034
2014-12-04,13,0,13,100.0,189.33479367991552
2014-12-05,13,0,13,100.0,189.22444503414505
2014-12-08,13,0,13,100.0,187.8919163007739
2014-12-09,13,0,13,100.0,183.50874268841267
2014-12-10,13,0,13,100.0,187.7167013799582
2014-12-11,13,0,13,100.0,185.57981746886406
2014-12-12,13,0,13,100.0,182.679608658899
2014-12-15,13,0,13,100.0,182.7448535353244
2014-12-16,13,0,13,100.0,175.7507373515819
2014-12-17,13,0,13,100.0,177.1544953192019
2014-12-18,13,0,13,100.0,181.7301189756784
2014-12-19,13,0,13,100.0,181.7979010332774
2014-12-22,13,0,13,100.0,182.97998107793526
2014-12-23,13,0,13,100.0,182.1398654498588
2014-12-24,13,0,13,100.0,183.29042034514273
2014-12-26,13,0,13,100.0,183.36681976912567
2014-12-29,13,0,13,100.0,185.30312870686808
2014-12-30,13,0,13,100.0,186.0563807835628
2014-12-31,13,0,13,100.0,187.5902817230747
2015-01-01,13,0,13,100.0,190.4125054185681
2015-01-02,13,0,13,100.0,191.62351359087927
2015-01-05,13,0,13,100.0,190.67877180992232
2015-01-06,13,0,13,100.0,184.53490516597122
2015-01-07,13,0,13,100.0,183.99079289082778
2015-01-08,13,0,13,100.0,186.82719218457663
2015-01-09,13,0,13,100.0,186.9767507523437
2015-01-12,13,0,13,100.0,186.43095208870625
2015-01-13,13,0,13,100.0,186.5171054313072
2015-01-14,13,0,13,100.0,186.95565990231674
2015-01-15,13,0,13,100.0,193.23747893089535
2015-01-16,13,0,13,100.0,194.76118547996865
2015-01-19,13,0,13,100.0,194.56661873450273
2015-01-20,12,1,13,92.3076923076923,193.83601034189897
2015-01-21,12,1,13,92.3076923076923,194.70732092975624
2015-01-22,12,1,13,92.3076923076923,193.0935002080021
2015-01-23,12,1,13,92.3076923076923,192.06078321142724
2015-01-27,12,1,13,92.3076923076923,194.09161524529034
2015-01-28,12,1,13,92.3076923076923,198.6362176724133
2015-01-29,12,1,13,92.3076923076923,198.32965455458398
2015-01-30,12,1,13,92.3076923076923,195.79525134363692
2015-02-02,12,1,13,92.3076923076923,200.1760641308902
2015-02-03,12,1,13,92.3076923076923,198.53270374834753
2015-02-04,12,1,13,92.3076923076923,196.6333385618004
2015-02-05,12,1,13,92.3076923076923,196.29823811943342
2015-02-06,12,1,13,92.3076923076923,194.88565871851804
2015-02-09,11,2,13,84.61538461538461,192.43093663524056
2015-02-10,11,2,13,84.61538461538461,193.46840531071086
2015-02-11,12,1,13,92.3076923076923,194.2225685873493
2015-02-12,12,1,13,92.3076923076923,197.58681309732168
2015-02-13,11,2,13,84.61538461538461,198.8986664943397
2015-02-16,11,2,13,84.61538461538461,198.26902800279902
2015-02-18,11,2,13,84.61538461538461,198.934797798935
2015-02-19,10,3,13,76.92307692307693,197.63861088880853
2015-02-20,11,2,13,84.61538461538461,198.31163096128256
2015-02-23,10,3,13,76.92307692307693,196.54771937001775
2015-02-24,10,3,13,76.92307692307693,195.3438600917961
2015-02-25,10,3,13,76.92307692307693,195.0194853906221
2015-02-26,11,2,13,84.61538461538461,195.33047855984762
2015-02-27,11,2,13,84.61538461538461,198.93685546998114
2015-02-28,11,2,13,84.61538461538461,201.0182476953558
2015-03-02,11,2,13,84.61538461538461,204.31604012461352
2015-03-03,12,1,13,92.3076923076923,207.08947690527935
2015-03-04,12,1,13,92.3076923076923,203.98434773742102
2015-03-05,12,1,13,92.3076923076923,204.32039748780971
2015-03-09,12,1,13,92.3076923076923,201.53103263347128
2015-03-10,11,2,13,84.61538461538461,200.15012583087716
2015-03-11,11,2,13,84.61538461538461,199.4287428543026
2015-03-12,11,2,13,84.61538461538461,201.09817194922533
2015-03-13,10,3,13,76.92307692307693,197.84611557535843
2015-03-16,9,4,13,69.23076923076923,195.5033457136127
2015-03-17,10,3,13,76.92307692307693,197.6328266312173
2015-03-18,10,3,13,76.92307692307693,198.19665266459972
2015-03-19,10,3,13,76.92307692307693,195.68368007544387
2015-03-20,10,3,13,76.92307692307693,194.28973223374098
2015-03-23,10,3,13,76.92307692307693,192.21159202036972
2015-03-24,10,3,13,76.92307692307693,191.02561730854995
2015-03-25,10,3,13,76.92307692307693,190.34231328184202
2015-03-26,9,4,13,69.23076923076923,188.3310712430911
2015-03-27,9,4,13,69.23076923076923,187.4020151567005
2015-03-30,9,4,13,69.23076923076923,191.93008798532105
2015-03-31,9,4,13,69.23076923076923,192.1802147477863
2015-04-01,10,3,13,76.92307692307693,195.46020183786882
2015-04-06,10,3,13,76.92307692307693,195.9636786450361
2015-04-07,10,3,13,76.92307692307693,195.66152485053675
2015-04-08,10,3,13,76.92307692307693,199.5722871825945
2015-04-09,11,2,13,84.61538461538461,201.45144420514725
2015-04-10,11,2,13,84.61538461538461,201.7506731370941
2015-04-13,12,1,13,92.3076923076923,201.33059993392467
2015-04-15,10,3,13,76.92307692307693,199.2618126158422
2015-04-16,9,4,13,69.23076923076923,197.02853872931016
2015-04-17,8,5,13,61.53846153846154,194.9114032431277
2015-04-20,8,5,13,61.53846153846154,191.81306688490332
2015-04-21,8,5,13,61.53846153846154,191.67261195983923
2015-04-22,9,4,13,69.23076923076923,191.46313067075863
2015-04-23,9,4,13,69.23076923076923,191.8899843913818
2015-04-24,10,3,13,76.92307692307693,189.99357719385833
2015-04-27,7,6,13,53.84615384615385,185.2701518080502
2015-04-28,7,6,13,53.84615384615385,186.2969672729313
2015-04-29,8,5,13,61.53846153846154,185.55510291167352
2015-04-30,7,6,13,53.84615384615385,186.2953395780161
2015-05-04,8,5,13,61.53846153846154,190.40654863361354
2015-05-05,8,5,13,61.53846153846154,190.5198545559535
2015-05-06,8,5,13,61.53846153846154,185.91231037372685
2015-05-07,6,7,13,46.15384615384615,179.11386045542827
2015-05-08,6,7,13,46.15384615384615,183.69221896528697
2015-05-11,6,7,13,46.15384615384615,186.83559334458118
2015-05-12,6,7,13,46.15384615384615,183.7203411848289
2015-05-13,6,7,13,46.15384615384615,184.6132556901623
2015-05-14,7,6,13,53.84615384615385,186.25872027496857
2015-05-15,7,6,13,53.84615384615385,186.99970567827717
2015-05-18,7,6,13,53.84615384615385,187.7323974816576
2015-05-19,7,6,13,53.84615384615385,187.4491070843261
2015-05-20,7,6,13,53.84615384615385,187.67890851591167
2015-05-21,8,5,13,61.53846153846154,187.70631035072284
2015-05-22,8,5,13,61.53846153846154,187.47083187999712
2015-05-25,8,5,13,61.53846153846154,187.04235550284574
2015-05-26,8,5,13,61.53846153846154,185.48388334046615
2015-05-27,7,6,13,53.84615384615385,186.1119997139263
2015-05-28,7,6,13,53.84615384615385,186.09445067885946
2015-05-29,7,6,13,53.84615384615385,185.6372965788237
2015-06-01,6,7,13,46.15384615384615,185.71874975180847
2015-06-02,4,9,13,30.76923076923077,181.82750587284414
2015-06-03,4,9,13,30.76923076923077,180.4210169719711
2015-06-04,4,9,13,30.76923076923077,179.53871818013965
2015-06-05,4,9,13,30.76923076923077,179.66292926492113
2015-06-08,4,9,13,30.76923076923077,176.4839334518734
2015-06-09,4,9,13,30.76923076923077,177.21250154775882
2015-06-10,4,9,13,30.76923076923077,178.18825884591323
2015-06-11,4,9,13,30.76923076923077,175.59759404969023
2015-06-12,4,9,13,30.76923076923077,177.03638140053357
2015-06-15,4,9,13,30.76923076923077,176.9854912107061
2015-06-16,4,9,13,30.76923076923077,178.00705455955006
2015-06-17,5,8,13,38.46153846153847,179.3207623507037
2015-06-18,5,8,13,38.46153846153847,182.31750049115303
2015-06-19,5,8,13,38.46153846153847,184.6877276424064
2015-06-22,6,7,13,46.15384615384615,189.41955141187276
2015-06-23,6,7,13,46.15384615384615,190.03733447717593
2015-06-24,7,6,13,53.84615384615385,189.11341731249607
2015-06-25,7,6,13,53.84615384615385,188.89531564551447
2015-06-26,5,8,13,38.46153846153847,188.89748519019813
2015-06-29,5,8,13,38.46153846153847,187.05941742028577
2015-06-30,7,6,13,53.84615384615385,189.03891183369228
2015-07-01,6,7,13,46.15384615384615,190.76365554430433
2015-07-02,7,6,13,53.84615384615385,192.30783930408236
2015-07-03,7,6,13,53.84615384615385,193.8663109491
2015-07-06,7,6,13,53.84615384615385,196.41098860273647
2015-07-07,7,6,13,53.84615384615385,198.12021370744006
2015-07-08,7,6,13,53.84615384615385,194.38567766692813
2015-07-09,7,6,13,53.84615384615385,193.86944981817547
2015-07-10,7,6,13,53.84615384615385,193.31970312704905
2015-07-13,7,6,13,53.84615384615385,193.86564811164428
2015-07-14,7,6,13,53.84615384615385,192.9853317850038
2015-07-15,7,6,13,53.84615384615385,193.1167500427915
2015-07-16,7,6,13,53.84615384615385,195.46774745827773
2015-07-17,7,6,13,53.84615384615385,195.36304083061384
2015-07-20,7,6,13,53.84615384615385,192.74575279870015
2015-07-21,6,7,13,46.15384615384615,189.2311283771883
2015-07-22,6,7,13,46.15384615384615,191.1745290807911
2015-07-23,6,7,13,46.15384615384615,191.01368721084805
2015-07-24,6,7,13,46.15384615384615,191.22027744118094
2015-07-27,5,8,13,38.46153846153847,187.61681746145902
2015-07-28,5,8,13,38.46153846153847,187.09562872737635
2015-07-29,5,8,13,38.46153846153847,188.60629575758267
2015-07-30,5,8,13,38.46153846153847,189.12178887036916
2015-07-31,6,7,13,46.15384615384615,191.80329443713094
2015-08-03,5,8,13,38.46153846153847,192.39284023341204
2015-08-04,5,8,13,38.46153846153847,193.74187694849965
2015-08-05,5,8,13,38.46153846153847,192.47919912190446
2015-08-06,5,8,13,38.46153846153847,191.77570532012385
2015-08-07,5,8,13,38.46153846153847,191.23374318202966
2015-08-10,5,8,13,38.46153846153847,189.85815746412305
2015-08-11,5,8,13,38.46153846153847,189.47868112125994
2015-08-12,5,8,13,38.46153846153847,184.40608703192908
2015-08-13,5,8,13,38.46153846153847,181.75478094382706
2015-08-14,5,8,13,38.46153846153847,186.3718781953173
2015-08-17,5,8,13,38.46153846153847,186.74755322496804
2015-08-18,5,8,13,38.46153846153847,188.0407958845335
2015-08-19,5,8,13,38.46153846153847,187.26388008897902
2015-08-20,5,8,13,38.46153846153847,184.50713785092844
2015-08-21,5,8,13,38.46153846153847,182.661159083216
2015-08-24,4,9,13,30.76923076923077,167.31712124079198
2015-08-25,4,9,13,30.76923076923077,170.60348754079476
2015-08-26,3,10,13,23.076923076923077,170.4506853198658
2015-08-27,6,7,13,46.15384615384615,174.6940840261403
2015-08-28,4,9,13,30.76923076923077,174.17763784876377
2015-08-31,3,10,13,23.076923076923077,174.44243229842235
2015-09-01,4,9,13,30.76923076923077,173.0358246616176
2015-09-02,3,10,13,23.076923076923077,171.828283613149
2015-09-03,3,10,13,23.076923076923077,175.02566481656697
2015-09-04,3,10,13,23.076923076923077,170.53330297337718
2015-09-07,3,10,13,23.076923076923077,167.82592041039183
2015-09-08,3,10,13,23.076923076923077,170.28297850351865
2015-09-09,4,9,13,30.76923076923077,173.80698963894136
2015-09-10,4,9,13,30.76923076923077,173.4223651448243
2015-09-11,3,10,13,23.076923076923077,173.3043133425947
2015-09-14,3,10,13,23.076923076923077,175.577229986625
2015-09-15,3,10,13,23.076923076923077,176.2989508183092
2015-09-16,3,10,13,23.076923076923077,176.74782363378512
2015-09-18,3,10,13,23.076923076923077,177.21837714736722
2015-09-21,4,9,13,30.76923076923077,179.1271598501767
2015-09-22,3,10,13,23.076923076923077,176.04028391014398
2015-09-23,3,10,13,23.076923076923077,176.11284432443253
2015-09-24,3,10,13,23.076923076923077,175.75182886481525
2015-09-28,4,9,13,30.76923076923077,175.54004426140062
2015-09-29,4,9,13,30.76923076923077,178.87775512658467
2015-09-30,5,8,13,38.46153846153847,181.72792045253604
2015-10-01,5,8,13,38.46153846153847,180.38585359164932
2015-10-05,5,8,13,38.46153846153847,185.0841026485345
2015-10-06,4,9,13,30.76923076923077,184.46443676296735
2015-10-07,5,8,13,38.46153846153847,187.2486090377559
2015-10-08,5,8,13,38.46153846153847,185.65192543187578
2015-10-09,5,8,13,38.46153846153847,186.0059670262351
2015-10-12,5,8,13,38.46153846153847,186.6771290440124
2015-10-13,6,7,13,46.15384615384615,187.94848650630377
2015-10-14,6,7,13,46.15384615384615,186.3387277519513
2015-10-15,6,7,13,46.15384615384615,188.16848768543264
2015-10-16,5,8,13,38.46153846153847,187.449198917423
2015-10-19,6,7,13,46.15384615384615,189.81296563636135
2015-10-20,3,10,13,23.076923076923077,191.6496447638747
2015-10-21,5,8,13,38.46153846153847,191.99211541958206
2015-10-23,4,9,13,30.76923076923077,191.00621901198448
2015-10-26,3,10,13,23.076923076923077,189.24038469083104
2015-10-27,3,10,13,23.076923076923077,190.3261548100817
2015-10-28,4,9,13,30.76923076923077,190.1031407741391
2015-10-29,4,9,13,30.76923076923077,189.65932704791234
2015-10-30,4,9,13,30.76923076923077,188.10934707565602
2015-11-02,5,8,13,38.46153846153847,188.92009901488532
2015-11-03,5,8,13,38.46153846153847,191.28973373584714
2015-11-04,5,8,13,38.46153846153847,191.52241124048774
2015-11-05,5,8,13,38.46153846153847,188.94884305506875
2015-11-06,5,8,13,38.46153846153847,185.802275312611
2015-11-09,4,9,13,30.76923076923077,184.85190053104355
2015-11-10,3,10,13,23.076923076923077,183.6158662789828
2015-11-11,5,8,13,38.46153846153847,186.10674597084983
2015-11-13,4,9,13,30.76923076923077,185.54809053935074
2015-11-16,4,9,13,30.76923076923077,185.48681427568556
2015-11-17,4,9,13,30.76923076923077,185.33300591300863
2015-11-18,3,10,13,23.076923076923077,183.06902089964473
2015-11-19,4,9,13,30.76923076923077,184.38359964199591
2015-11-20,5,8,13,38.46153846153847,186.20744820944557
2015-11-23,4,9,13,30.76923076923077,184.94607480148989
2015-11-24,5,8,13,38.46153846153847,185.87588375480908
2015-11-26,5,8,13,38.46153846153847,188.2929723464365
2015-11-27,5,8,13,38.46153846153847,189.4984379526823
2015-11-30,6,7,13,46.15384615384615,190.07316453245687
2015-12-01,7,6,13,53.84615384615385,191.77843459869115
2015-12-02,7,6,13,53.84615384615385,192.34256558732636
2015-12-03,7,6,13,53.84615384615385,191.74500317992513
2015-12-04,6,7,13,46.15384615384615,189.4096286144357
2015-12-07,6,7,13,46.15384615384615,189.09098381096902
2015-12-08,6,7,13,46.15384615384615,185.93131116344858
2015-12-09,6,7,13,46.15384615384615,183.66915171932115
2015-12-10,6,7,13,46.15384615384615,183.2492972712877
2015-12-11,4,9,13,30.76923076923077,182.37187760768373
2015-12-14,5,8,13,38.46153846153847,184.38853948325584
2015-12-15,6,7,13,46.15384615384615,185.02996562838328
2015-12-16,6,7,13,46.15384615384615,185.34150565410962
2015-12-17,7,6,13,53.84615384615385,189.8229287077883
2015-12-18,6,7,13,46.15384615384615,189.14167850553477
2015-12-21,7,6,13,53.84615384615385,191.27569552660705
2015-12-22,6,7,13,46.15384615384615,190.56126414503393
2015-12-23,6,7,13,46.15384615384615,193.6056640143119
2015-12-24,6,7,13,46.15384615384615,192.67365610431227
2015-12-28,7,6,13,53.84615384615385,193.20766854221222
2015-12-29,7,6,13,53.84615384615385,192.52816525077597
2015-12-30,7,6,13,53.84615384615385,193.2330935664783
2015-12-31,7,6,13,53.84615384615385,194.84316660446578
2016-01-01,7,6,13,53.84615384615385,196.10731242579755
2016-01-04,7,6,13,53.84615384615385,192.79947292441364
2016-01-05,7,6,13,53.84615384615385,197.06514820445574
2016-01-06,7,6,13,53.84615384615385,196.95253450915013
2016-01-07,7,6,13,53.84615384615385,191.71854935809776
2016-01-08,8,5,13,61.53846153846154,195.85047443794664
2016-01-11,8,5,13,61.53846153846154,195.27378087497453
2016-01-12,8,5,13,61.53846153846154,193.6306866509671
2016-01-13,7,6,13,53.84615384615385,190.73372469152338
2016-01-14,7,6,13,53.84615384615385,188.53598068104088
2016-01-15,6,7,13,46.15384615384615,182.8577807115076
2016-01-18,5,8,13,38.46153846153847,175.88788858399764
2016-01-19,5,8,13,38.46153846153847,178.06080959225076
2016-01-20,5,8,13,38.46153846153847,173.47601361956677
2016-01-21,4,9,13,30.76923076923077,171.93274865515477
2016-01-22,5,8,13,38.46153846153847,175.40542932102227
2016-01-25,6,7,13,46.15384615384615,177.55813115191535
2016-01-27,6,7,13,46.15384615384615,178.3043230365335
2016-01-28,6,7,13,46.15384615384615,177.65989103292895
2016-01-29,7,6,13,53.84615384615385,183.4345600814052
2016-02-01,7,6,13,53.84615384615385,183.51595009038851
2016-02-02,6,7,13,46.15384615384615,181.10235991872622
2016-02-03,6,7,13,46.15384615384615,179.6425456289337
2016-02-04,6,7,13,46.15384615384615,181.32778519089098
2016-02-05,6,7,13,46.15384615384615,184.82148526823997
2016-02-08,6,7,13,46.15384615384615,185.40158963894274
2016-02-09,6,7,13,46.15384615384615,182.24513469071445
2016-02-10,6,7,13,46.15384615384615,178.1312748657394
2016-02-11,4,9,13,30.76923076923077,170.59886492684194
2016-02-12,4,9,13,30.76923076923077,168.91308167522467
2016-02-15,4,9,13,30.76923076923077,175.21870016675135
2016-02-16,4,9,13,30.76923076923077,170.11334888236692
2016-02-17,4,9,13,30.76923076923077,172.0421870961394
2016-02-18,4,9,13,30.76923076923077,172.59638798465912
2016-02-19,4,9,13,30.76923076923077,173.11236734949523
2016-02-22,4,9,13,30.76923076923077,172.85231763114092
2016-02-23,4,9,13,30.76923076923077,170.26238245680997
2016-02-24,3,10,13,23.076923076923077,168.38424755819992
2016-02-25,3,10,13,23.076923076923077,167.48018302524437
2016-02-26,3,10,13,23.076923076923077,169.15797935220976
2016-02-29,3,10,13,23.076923076923077,170.71479134570214
2016-03-01,3,10,13,23.076923076923077,176.48365747488722
2016-03-02,4,9,13,30.76923076923077,181.21926320275963
2016-03-03,4,9,13,30.76923076923077,181.0903215758694
2016-03-04,4,9,13,30.76923076923077,184.0206437202402
2016-03-08,4,9,13,30.76923076923077,182.50691373315584
2016-03-09,6,7,13,46.15384615384615,184.81386928819336
2016-03-10,5,8,13,38.46153846153847,184.5568633309496
2016-03-11,5,8,13,38.46153846153847,183.77309562827455
2016-03-14,4,9,13,30.76923076923077,185.33700676648118
2016-03-15,5,8,13,38.46153846153847,184.19371746651123
2016-03-16,5,8,13,38.46153846153847,183.46479917347855
2016-03-17,5,8,13,38.46153846153847,186.27637003120049
2016-03-18,7,6,13,53.84615384615385,187.149429282476
2016-03-21,8,5,13,61.53846153846154,188.6510006297561
2016-03-22,7,6,13,53.84615384615385,188.32781750006865
2016-03-23,8,5,13,61.53846153846154,188.87605802930574
2016-03-28,6,7,13,46.15384615384615,186.21327069221155
2016-03-29,5,8,13,38.46153846153847,185.76692885867243
2016-03-30,7,6,13,53.84615384615385,189.96796220116883
2016-03-31,8,5,13,61.53846153846154,191.32672213531578
2016-04-01,8,5,13,61.53846153846154,190.57443741385626
2016-04-04,8,5,13,61.53846153846154,190.88954079249132
2016-04-05,7,6,13,53.84615384615385,188.19774532942273
2016-04-06,7,6,13,53.84615384615385,188.62663690976822
2016-04-07,7,6,13,53.84615384615385,189.89624340921745
2016-04-08,8,5,13,61.53846153846154,191.69166777623673
2016-04-11,7,6,13,53.84615384615385,192.15898036595905
2016-04-12,7,6,13,53.84615384615385,194.2410866482037
2016-04-13,9,4,13,69.23076923076923,198.30670653177327
2016-04-18,9,4,13,69.23076923076923,199.37012818366122
2016-04-20,9,4,13,69.23076923076923,199.09684210622828
2016-04-21,9,4,13,69.23076923076923,198.6587180930381
2016-04-22,8,5,13,61.53846153846154,200.2965596888174
2016-04-25,8,5,13,61.53846153846154,200.63288476799266
2016-04-26,8,5,13,61.53846153846154,204.24268800002255
2016-04-27,8,5,13,61.53846153846154,205.0655974834101
2016-04-28,8,5,13,61.53846153846154,204.03703687998888
2016-04-29,8,5,13,61.53846153846154,203.17165324357026
2016-05-02,8,5,13,61.53846153846154,207.62052919835705
2016-05-03,8,5,13,61.53846153846154,205.3021387587574
2016-05-04,8,5,13,61.53846153846154,203.59633929708187
2016-05-05,8,5,13,61.53846153846154,202.83421046354934
2016-05-06,8,5,13,61.53846153846154,203.39761677458506
2016-05-09,8,5,13,61.53846153846154,208.6282259046175
2016-05-10,8,5,13,61.53846153846154,207.3697497727719
2016-05-11,8,5,13,61.53846153846154,206.95937504377403
2016-05-12,10,3,13,76.92307692307693,208.46977212531127
2016-05-13,8,5,13,61.53846153846154,212.76353205516486
2016-05-16,8,5,13,61.53846153846154,212.27496869516563
2016-05-17,8,5,13,61.53846153846154,211.85529047257202
2016-05-18,8,5,13,61.53846153846154,213.05128890941342
2016-05-19,8,5,13,61.53846153846154,210.42898996095784
2016-05-20,7,6,13,53.84615384615385,208.01903297834485
2016-05-23,7,6,13,53.84615384615385,209.33255234355613
2016-05-24,6,7,13,46.15384615384615,210.4476889341267
2016-05-25,7,6,13,53.84615384615385,210.3491876177502
2016-05-26,7,6,13,53.84615384615385,212.57117495640324
2016-05-27,8,5,13,61.53846153846154,215.37526748135937
2016-05-30,10,3,13,76.92307692307693,219.4360043918026
2016-05-31,9,4,13,69.23076923076923,217.69708613265206
2016-06-01,9,4,13,69.23076923076923,219.12332795103904
2016-06-02,10,3,13,76.92307692307693,221.38061877068617
2016-06-03,10,3,13,76.92307692307693,223.21570468046784
2016-06-06,10,3,13,76.92307692307693,223.5463620615965
2016-06-07,10,3,13,76.92307692307693,225.27822337187854
2016-06-08,10,3,13,76.92307692307693,226.51329667311094
2016-06-09,10,3,13,76.92307692307693,224.78102120360992
2016-06-10,9,4,13,69.23076923076923,223.44646323399147
2016-06-13,9,4,13,69.23076923076923,221.1698285341984
2016-06-14,10,3,13,76.92307692307693,223.96601031144402
2016-06-15,10,3,13,76.92307692307693,225.38557541043082
2016-06-16,10,3,13,76.92307692307693,224.868331409213
2016-06-17,10,3,13,76.92307692307693,224.4036868931102
2016-06-20,10,3,13,76.92307692307693,223.0047838691901
2016-06-21,10,3,13,76.92307692307693,227.31676766351717
2016-06-22,10,3,13,76.92307692307693,227.79724556604967
2016-06-23,10,3,13,76.92307692307693,227.07642534901393
2016-06-24,10,3,13,76.92307692307693,225.85156083379042
2016-06-27,10,3,13,76.92307692307693,229.25220612987914
2016-06-28,10,3,13,76.92307692307693,229.9855964150642
2016-06-29,10,3,13,76.92307692307693,233.85222154537982
2016-06-30,10,3,13,76.92307692307693,238.8706786477079
2016-07-01,10,3,13,76.92307692307693,244.58756865894878
2016-07-04,11,2,13,84.61538461538461,247.62672327638145
2016-07-05,11,2,13,84.61538461538461,247.04060456026968
2016-07-07,11,2,13,84.61538461538461,245.29701069152628
2016-07-08,11,2,13,84.61538461538461,246.86991483626625
2016-07-11,12,1,13,92.3076923076923,252.31814459781273
2016-07-12,12,1,13,92.3076923076923,254.5751990809287
2016-07-13,12,1,13,92.3076923076923,250.64984396945138
2016-07-14,12,1,13,92.3076923076923,252.1000038007931
2016-07-15,12,1,13,92.3076923076923,252.12232649302834
2016-07-18,12,1,13,92.3076923076923,250.88623137796392
2016-07-19,12,1,13,92.3076923076923,250.80404999074938
2016-07-20,12,1,13,92.3076923076923,252.97169491714385
2016-07-21,12,1,13,92.3076923076923,253.04179026770427
2016-07-22,12,1,13,92.3076923076923,255.80243882650277
2016-07-25,12,1,13,92.3076923076923,260.52539103774814
2016-07-26,13,0,13,100.0,264.6027744310853
2016-07-27,12,1,13,92.3076923076923,266.59598637682234
2016-07-28,13,0,13,100.0,272.28022363880746
2016-07-29,13,0,13,100.0,277.60008242163383
2016-08-01,13,0,13,100.0,284.7883161844594
2016-08-02,13,0,13,100.0,281.10941350837396
2016-08-03,13,0,13,100.0,273.6907830466662
2016-08-04,13,0,13,100.0,276.20825155516155
2016-08-05,13,0,13,100.0,278.9919466663455
2016-08-08,13,0,13,100.0,284.14183891091625
2016-08-09,13,0,13,100.0,281.99752217662916
2016-08-10,13,0,13,100.0,279.8510229327228
2016-08-11,13,0,13,100.0,277.82805004264424
2016-08-12,13,0,13,100.0,280.06621473006595
2016-08-16,13,0,13,100.0,281.1951365839367
2016-08-17,13,0,13,100.0,281.87367041823734
2016-08-18,13,0,13,100.0,283.51703185020745
2016-08-19,13,0,13,100.0,282.7128030032672
2016-08-22,13,0,13,100.0,283.52481712934986
2016-08-23,13,0,13,100.0,282.04823802207517
2016-08-24,13,0,13,100.0,284.04049236501913
2016-08-25,13,0,13,100.0,281.40241815663296
2016-08-26,13,0,13,100.0,284.7823399714132
2016-08-29,13,0,13,100.0,286.46684574108406
2016-08-30,13,0,13,100.0,289.2790160749629
2016-08-31,13,0,13,100.0,294.55406523258426
2016-09-01,13,0,13,100.0,293.08828929047
2016-09-02,13,0,13,100.0,294.92551418375734
2016-09-06,13,0,13,100.0,297.6687974454421
2016-09-07,13,0,13,100.0,299.3894640773818
2016-09-08,13,0,13,100.0,306.22620566086607
2016-09-09,13,0,13,100.0,302.4657318681653
2016-09-12,13,0,13,100.0,290.77500771060375
2016-09-14,13,0,13,100.0,293.91678866886224
2016-09-15,13,0,13,100.0,294.08904545158526
2016-09-16,13,0,13,100.0,293.5204838121286
2016-09-19,13,0,13,100.0,295.3198711007529
2016-09-20,13,0,13,100.0,296.78308552356293
2016-09-21,13,0,13,100.0,297.83164738032934
2016-09-22,13,0,13,100.0,309.4727846788143
2016-09-23,13,0,13,100.0,311.6430796647463
2016-09-26,12,1,13,92.3076923076923,312.7888738371796
2016-09-27,12,1,13,92.3076923076923,311.79704687500737
2016-09-28,12,1,13,92.3076923076923,310.85571369617264
2016-09-29,12,1,13,92.3076923076923,295.0887005325974
2016-09-30,12,1,13,92.3076923076923,303.697730559639
2016-10-03,12,1,13,92.3076923076923,313.52935886308757
2016-10-04,12,1,13,92.3076923076923,315.34824374068944
2016-10-05,12,1,13,92.3076923076923,317.69232314846533
2016-10-06,12,1,13,92.3076923076923,316.1456674691657
2016-10-07,13,0,13,100.0,317.06871377726833
2016-10-10,13,0,13,100.0,314.14387674339906
2016-10-13,12,1,13,92.3076923076923,312.17722232115375
2016-10-14,12,1,13,92.3076923076923,313.7141573288269
2016-10-17,12,1,13,92.3076923076923,311.5461953611688
2016-10-18,12,1,13,92.3076923076923,318.31295755676103
2016-10-19,12,1,13,92.3076923076923,317.4625627047522
2016-10-20,12,1,13,92.3076923076923,317.63879089097486
2016-10-21,13,0,13,100.0,320.0009085583358
2016-10-24,13,0,13,100.0,320.2210052884158
2016-10-25,13,0,13,100.0,321.0431016884161
2016-10-26,13,0,13,100.0,318.6873484618266
2016-10-27,13,0,13,100.0,313.4225003096348
2016-10-28,13,0,13,100.0,315.6024551958584
2016-10-30,13,0,13,100.0,317.58316566388964
2016-11-01,12,1,13,92.3076923076923,314.2722632532035
2016-11-02,11,2,13,84.61538461538461,307.2140898381421
2016-11-03,10,3,13,76.92307692307693,304.3099659073061
2016-11-04,10,3,13,76.92307692307693,296.90452815256526
2016-11-07,10,3,13,76.92307692307693,299.2875582833848
2016-11-08,10,3,13,76.92307692307693,301.09222855091093
2016-11-09,10,3,13,76.92307692307693,292.1586128338617
2016-11-10,10,3,13,76.92307692307693,297.47948431099076
2016-11-11,9,4,13,69.23076923076923,282.5471665143283
2016-11-15,6,7,13,46.15384615384615,267.3702064382162
2016-11-16,9,4,13,69.23076923076923,272.34366673150726
2016-11-17,9,4,13,69.23076923076923,271.99940330363796
2016-11-18,9,4,13,69.23076923076923,270.4395876541468
2016-11-21,8,5,13,61.53846153846154,260.13427509835765
2016-11-22,9,4,13,69.23076923076923,265.8806025274567
2016-11-23,8,5,13,61.53846153846154,253.17969923580844
2016-11-24,7,6,13,53.84615384615385,252.8034849310388
2016-11-25,8,5,13,61.53846153846154,259.60092854870004
2016-11-28,8,5,13,61.53846153846154,258.73045965222906
2016-11-29,8,5,13,61.53846153846154,263.90101212520034
2016-11-30,8,5,13,61.53846153846154,266.25559008874023
2016-12-01,8,5,13,61.53846153846154,263.21750036988766
2016-12-02,7,6,13,53.84615384615385,257.6188755599898
2016-12-05,7,6,13,53.84615384615385,256.43224465787955
2016-12-06,7,6,13,53.84615384615385,256.91919778550283
2016-12-07,7,6,13,53.84615384615385,254.20313882987807
2016-12-08,7,6,13,53.84615384615385,258.5602848553373
2016-12-09,8,5,13,61.53846153846154,261.73673759381734
2016-12-12,7,6,13,53.84615384615385,255.5018775609768
2016-12-13,7,6,13,53.84615384615385,252.2379083173699
2016-12-14,6,7,13,46.15384615384615,247.91112606463054
2016-12-15,6,7,13,46.15384615384615,248.95138836683253
2016-12-16,5,8,13,38.46153846153847,248.13034512977333
2016-12-19,5,8,13,38.46153846153847,244.87778436332746
2016-12-20,5,8,13,38.46153846153847,242.27496891946748
2016-12-21,5,8,13,38.46153846153847,243.02625881137016
2016-12-22,5,8,13,38.46153846153847,238.75181791170994
2016-12-23,5,8,13,38.46153846153847,240.29333760062332
2016-12-26,4,9,13,30.76923076923077,234.7632963546261
2016-12-27,4,9,13,30.76923076923077,239.58267504397054
2016-12-28,4,9,13,30.76923076923077,242.6569349993537
2016-12-29,6,7,13,46.15384615384615,250.04587624311242
2016-12-30,5,8,13,38.46153846153847,250.08963644417804
2017-01-02,6,7,13,46.15384615384615,253.49569256932045
2017-01-03,7,6,13,53.84615384615385,256.3963036637753
2017-01-04,5,8,13,38.46153846153847,255.4190192359628
2017-01-05,8,5,13,61.53846153846154,258.9972574091012
2017-01-06,7,6,13,53.84615384615385,258.3173283393509
2017-01-09,7,6,13,53.84615384615385,259.41618369822106
2017-01-10,7,6,13,53.84615384615385,260.4521352755177
2017-01-11,8,5,13,61.53846153846154,262.9420441009472
2017-01-12,7,6,13,53.84615384615385,264.0457599061773
2017-01-13,8,5,13,61.53846153846154,264.7079234764357
2017-01-16,8,5,13,61.53846153846154,268.1629375148956
2017-01-17,8,5,13,61.53846153846154,269.6035106550007
2017-01-18,9,4,13,69.23076923076923,270.13242348363343
2017-01-19,8,5,13,61.53846153846154,270.45708439175263
2017-01-20,7,6,13,53.84615384615385,264.8551130056002
2017-01-23,8,5,13,61.53846153846154,268.23837089318005
2017-01-24,9,4,13,69.23076923076923,270.7532663380953
2017-01-25,9,4,13,69.23076923076923,278.5964739143648
2017-01-27,9,4,13,69.23076923076923,281.21915648667067
2017-01-30,9,4,13,69.23076923076923,282.6934191262148
2017-01-31,10,3,13,76.92307692307693,278.2527129068567
2017-02-01,10,3,13,76.92307692307693,285.478333713495
2017-02-02,9,4,13,69.23076923076923,287.86929626630575
2017-02-03,10,3,13,76.92307692307693,289.23981305623647
2017-02-06,10,3,13,76.92307692307693,291.9073732064653
2017-02-07,10,3,13,76.92307692307693,286.7899331767285
2017-02-08,10,3,13,76.92307692307693,286.76163670196854
2017-02-09,10,3,13,76.92307692307693,287.88030431614953
2017-02-10,10,3,13,76.92307692307693,288.20777387540033
2017-02-13,9,4,13,69.23076923076923,284.6749273040567
2017-02-14,8,5,13,61.53846153846154,282.74028409220836
2017-02-15,9,4,13,69.23076923076923,278.1556335130793
2017-02-16,10,3,13,76.92307692307693,281.7406965305083
2017-02-17,10,3,13,76.92307692307693,285.58678386219066
2017-02-20,10,3,13,76.92307692307693,288.1938148588539
2017-02-21,10,3,13,76.92307692307693,293.13888638390495
2017-02-22,10,3,13,76.92307692307693,292.8480924260689
2017-02-23,9,4,13,69.23076923076923,294.25534153437934
2017-02-27,9,4,13,69.23076923076923,292.03845270668813
2017-02-28,9,4,13,69.23076923076923,293.62710126282485
2017-03-01,9,4,13,69.23076923076923,294.27151662073356
2017-03-02,9,4,13,69.23076923076923,289.4450310037004
2017-03-03,9,4,13,69.23076923076923,289.05735478543625
2017-03-06,9,4,13,69.23076923076923,292.14375108721794
2017-03-07,9,4,13,69.23076923076923,291.04365141839475
2017-03-08,9,4,13,69.23076923076923,289.59259401979057
2017-03-09,9,4,13,69.23076923076923,289.0854301058141
2017-03-10,9,4,13,69.23076923076923,286.6914839639501
2017-03-14,9,4,13,69.23076923076923,293.7555920045676
2017-03-15,9,4,13,69.23076923076923,299.122919558071
2017-03-16,9,4,13,69.23076923076923,302.46049861741403
2017-03-17,9,4,13,69.23076923076923,303.5370910510518
2017-03-20,10,3,13,76.92307692307693,304.77219915994453
2017-03-21,10,3,13,76.92307692307693,305.32620665790165
2017-03-22,9,4,13,69.23076923076923,302.02627870012907
2017-03-23,9,4,13,69.23076923076923,306.5927558330617
2017-03-24,10,3,13,76.92307692307693,311.0864065569586
2017-03-27,10,3,13,76.92307692307693,310.6862359440205
2017-03-28,11,2,13,84.61538461538461,313.714690532833
2017-03-29,10,3,13,76.92307692307693,315.00429889008774
2017-03-30,10,3,13,76.92307692307693,315.1888000200374
2017-03-31,11,2,13,84.61538461538461,317.44155752009493
2017-04-03,11,2,13,84.61538461538461,320.8591364799013
2017-04-05,11,2,13,84.61538461538461,325.9793821028713
2017-04-06,11,2,13,84.61538461538461,326.90348843026453
2017-04-07,11,2,13,84.61538461538461,326.8862490915982
2017-04-10,12,1,13,92.3076923076923,329.43107271730463
2017-04-11,12,1,13,92.3076923076923,337.39228562552984
2017-04-12,12,1,13,92.3076923076923,335.94886713646366
2017-04-13,11,2,13,84.61538461538461,336.4944963493554
2017-04-17,12,1,13,92.3076923076923,333.50570809861557
2017-04-18,12,1,13,92.3076923076923,331.071790692071
2017-04-19,11,2,13,84.61538461538461,331.7882931634625
2017-04-20,12,1,13,92.3076923076923,335.3419910567082
2017-04-21,11,2,13,84.61538461538461,334.9907515893238
2017-04-24,11,2,13,84.61538461538461,337.0326656528114
2017-04-25,12,1,13,92.3076923076923,343.0904075723093
2017-04-26,11,2,13,84.61538461538461,340.0410517996265
2017-04-27,11,2,13,84.61538461538461,338.20440095073263
2017-04-28,11,2,13,84.61538461538461,340.40494398605
2017-05-02,11,2,13,84.61538461538461,342.8577692939736
2017-05-03,11,2,13,84.61538461538461,342.52873609867913
2017-05-04,11,2,13,84.61538461538461,344.5768706219339
2017-05-05,11,2,13,84.61538461538461,339.97651059050844
2017-05-08,11,2,13,84.61538461538461,339.09787579668966
2017-05-09,11,2,13,84.61538461538461,340.8778194087682
2017-05-10,11,2,13,84.61538461538461,343.11849551839845
2017-05-11,11,2,13,84.61538461538461,343.67618545654295
2017-05-12,11,2,13,84.61538461538461,338.2642712712675
2017-05-15,11,2,13,84.61538461538461,341.2529239647523
2017-05-16,10,3,13,76.92307692307693,342.38333399652566
2017-05-17,11,2,13,84.61538461538461,340.4055812624373
2017-05-18,10,3,13,76.92307692307693,332.5534765530966
2017-05-19,11,2,13,84.61538461538461,327.82286095738266
2017-05-22,9,4,13,69.23076923076923,322.9443856702327
2017-05-23,7,6,13,53.84615384615385,319.0049863228149
2017-05-24,7,6,13,53.84615384615385,315.1345897953514
2017-05-25,8,5,13,61.53846153846154,317.22615175956696
2017-05-26,8,5,13,61.53846153846154,323.16055580015586
2017-05-29,8,5,13,61.53846153846154,317.7769582188825
2017-05-30,8,5,13,61.53846153846154,321.29491826620955
2017-05-31,9,4,13,69.23076923076923,328.5588658620476
2017-06-01,11,2,13,84.61538461538461,327.8666960820281
2017-06-02,10,3,13,76.92307692307693,330.9022376448363
2017-06-05,9,4,13,69.23076923076923,330.3822339976181
2017-06-06,8,5,13,61.53846153846154,326.664081659342
2017-06-07,9,4,13,69.23076923076923,329.672679054825
2017-06-08,9,4,13,69.23076923076923,329.5486091309285
2017-06-09,9,4,13,69.23076923076923,331.5729579219097
2017-06-12,10,3,13,76.92307692307693,329.58813354762736
2017-06-13,9,4,13,69.23076923076923,331.82219219155
2017-06-14,9,4,13,69.23076923076923,332.57838716339603
2017-06-15,9,4,13,69.23076923076923,334.15593770944116
2017-06-16,10,3,13,76.92307692307693,334.7097332176349
2017-06-19,10,3,13,76.92307692307693,335.03103564107425
2017-06-20,10,3,13,76.92307692307693,336.2942980848186
2017-06-21,9,4,13,69.23076923076923,335.27778185036937
2017-06-22,9,4,13,69.23076923076923,332.88651258834597
2017-06-23,9,4,13,69.23076923076923,325.6976517446257
2017-06-27,9,4,13,69.23076923076923,321.4771886934771
2017-06-28,9,4,13,69.23076923076923,325.19220040501796
2017-06-29,9,4,13,69.23076923076923,326.5715621292329
2017-06-30,10,3,13,76.92307692307693,328.8779855040904
2017-07-03,10,3,13,76.92307692307693,332.9153445683607
2017-07-04,10,3,13,76.92307692307693,331.60163994204635
2017-07-05,10,3,13,76.92307692307693,334.9819000119608
2017-07-06,10,3,13,76.92307692307693,339.28117620806484
2017-07-07,10,3,13,76.92307692307693,338.5403963919803
2017-07-10,10,3,13,76.92307692307693,339.7940106240172
2017-07-11,10,3,13,76.92307692307693,334.6921362322362
2017-07-12,10,3,13,76.92307692307693,339.7393756537865
2017-07-13,10,3,13,76.92307692307693,348.5052091222309
2017-07-14,10,3,13,76.92307692307693,349.59976836325825
2017-07-17,10,3,13,76.92307692307693,351.9628523846087
2017-07-18,9,4,13,69.23076923076923,345.24870404867295
2017-07-19,9,4,13,69.23076923076923,348.83457846742834
2017-07-20,9,4,13,69.23076923076923,350.54609444097366
2017-07-21,10,3,13,76.92307692307693,353.98153351451754
2017-07-24,9,4,13,69.23076923076923,356.9449988270053
2017-07-25,10,3,13,76.92307692307693,359.644080323052
2017-07-26,9,4,13,69.23076923076923,359.0745815332815
2017-07-27,9,4,13,69.23076923076923,357.3886972145028
2017-07-28,9,4,13,69.23076923076923,358.0077942075041
2017-07-31,10,3,13,76.92307692307693,359.91473784610514
2017-08-01,10,3,13,76.92307692307693,359.54625837201706
2017-08-02,10,3,13,76.92307692307693,355.9524012974104
2017-08-03,10,3,13,76.92307692307693,351.6551553651477
2017-08-04,10,3,13,76.92307692307693,356.92533467988824
2017-08-07,11,2,13,84.61538461538461,364.9530572903718
2017-08-08,10,3,13,76.92307692307693,362.8487104237575
2017-08-09,10,3,13,76.92307692307693,352.5532754637361
2017-08-10,9,4,13,69.23076923076923,338.5793485270954
2017-08-11,8,5,13,61.53846153846154,333.7522063431552
2017-08-14,9,4,13,69.23076923076923,342.10211164410634
2017-08-16,10,3,13,76.92307692307693,344.10850456146943
2017-08-17,9,4,13,69.23076923076923,346.15992447024627
2017-08-18,9,4,13,69.23076923076923,343.9935700809948
2017-08-21,8,5,13,61.53846153846154,341.7115726499835
2017-08-22,8,5,13,61.53846153846154,337.65379902972785
2017-08-23,9,4,13,69.23076923076923,345.6205837307329
2017-08-24,9,4,13,69.23076923076923,349.8128287590007
2017-08-28,11,2,13,84.61538461538461,354.0835729665577
2017-08-29,10,3,13,76.92307692307693,348.7286543315735
2017-08-30,11,2,13,84.61538461538461,353.7756673031157
2017-08-31,11,2,13,84.61538461538461,356.96404196254326
2017-09-01,11,2,13,84.61538461538461,360.90348848553344
2017-09-04,10,3,13,76.92307692307693,357.47282883973287
2017-09-05,10,3,13,76.92307692307693,362.5318215551085
2017-09-06,10,3,13,76.92307692307693,372.2940031397277
2017-09-07,10,3,13,76.92307692307693,372.6264333561411
2017-09-08,10,3,13,76.92307692307693,371.1396143097584
2017-09-11,10,3,13,76.92307692307693,374.5089905572902
2017-09-12,10,3,13,76.92307692307693,376.8597621292025
2017-09-13,11,2,13,84.61538461538461,375.71369969457396
2017-09-14,11,2,13,84.61538461538461,376.20236235078585
2017-09-15,11,2,13,84.61538461538461,377.1114091570039
2017-09-18,11,2,13,84.61538461538461,381.2581013846987
2017-09-19,12,1,13,92.3076923076923,386.8622968995792
2017-09-20,12,1,13,92.3076923076923,388.6647813506192
2017-09-21,11,2,13,84.61538461538461,384.341291955223
2017-09-22,10,3,13,76.92307692307693,370.2628488067788
2017-09-25,9,4,13,69.23076923076923,363.205753139688
2017-09-26,9,4,13,69.23076923076923,366.37645620194075
2017-09-27,9,4,13,69.23076923076923,357.7767329638079
2017-09-28,9,4,13,69.23076923076923,360.29977633164833
2017-09-29,9,4,13,69.23076923076923,364.75154720397813
2017-10-03,10,3,13,76.92307692307693,367.52078193639437
2017-10-04,10,3,13,76.92307692307693,368.08044296958025
2017-10-05,10,3,13,76.92307692307693,368.0895882442246
2017-10-06,10,3,13,76.92307692307693,374.23671858143524
2017-10-09,10,3,13,76.92307692307693,375.5699836875419
2017-10-10,10,3,13,76.92307692307693,377.1781845583911
2017-10-11,9,4,13,69.23076923076923,371.85470451885396
2017-10-12,10,3,13,76.92307692307693,376.33938537769063
2017-10-13,10,3,13,76.92307692307693,377.63767578974876
2017-10-16,10,3,13,76.92307692307693,376.28229328167015
2017-10-17,10,3,13,76.92307692307693,377.6365941131659
2017-10-18,10,3,13,76.92307692307693,378.3012292160748
2017-10-19,10,3,13,76.92307692307693,376.0651558622867
2017-10-23,10,3,13,76.92307692307693,376.8096536114675
2017-10-24,9,4,13,69.23076923076923,376.25589695694623
2017-10-25,10,3,13,76.92307692307693,370.9164697762747
2017-10-26,10,3,13,76.92307692307693,376.74853804461634
2017-10-27,11,2,13,84.61538461538461,379.530909761931
2017-10-30,11,2,13,84.61538461538461,382.46084017169693
2017-10-31,11,2,13,84.61538461538461,380.7963101109789
2017-11-01,11,2,13,84.61538461538461,389.59075807194563
2017-11-02,11,2,13,84.61538461538461,396.5911356519814
2017-11-03,11,2,13,84.61538461538461,398.5652465919152
2017-11-06,10,3,13,76.92307692307693,396.3793021187233
2017-11-07,10,3,13,76.92307692307693,388.59077458920547
2017-11-08,9,4,13,69.23076923076923,384.5015719140562
2017-11-09,10,3,13,76.92307692307693,387.82675753013643
2017-11-10,9,4,13,69.23076923076923,384.28532361356156
2017-11-13,9,4,13,69.23076923076923,382.4366976930754
2017-11-14,8,5,13,61.53846153846154,380.5850109637821
2017-11-15,8,5,13,61.53846153846154,374.7030687706737
2017-11-16,9,4,13,69.23076923076923,383.9487550621043
2017-11-17,9,4,13,69.23076923076923,389.4250137507032
2017-11-20,9,4,13,69.23076923076923,389.03352155826394
2017-11-21,9,4,13,69.23076923076923,390.01047287282114
2017-11-22,9,4,13,69.23076923076923,389.89628814338596
2017-11-23,9,4,13,69.23076923076923,388.2837344441366
2017-11-24,9,4,13,69.23076923076923,389.8469977957309
2017-11-27,9,4,13,69.23076923076923,390.16392603704236
2017-11-28,9,4,13,69.23076923076923,389.0917390175057
2017-11-29,9,4,13,69.23076923076923,391.0029146628855
2017-11-30,9,4,13,69.23076923076923,385.655318650149
2017-12-01,9,4,13,69.23076923076923,381.8296965456429
2017-12-04,9,4,13,69.23076923076923,380.91332896837764
2017-12-05,9,4,13,69.23076923076923,381.75295838996067
2017-12-06,8,5,13,61.53846153846154,376.35107616047196
2017-12-07,8,5,13,61.53846153846154,380.6939950781783
2017-12-08,9,4,13,69.23076923076923,384.8529231549221
2017-12-11,9,4,13,69.23076923076923,385.3722876238035
2017-12-12,8,5,13,61.53846153846154,377.93280203471784
2017-12-13,8,5,13,61.53846153846154,374.34276289393654
2017-12-14,8,5,13,61.53846153846154,374.7057366446899
2017-12-15,8,5,13,61.53846153846154,381.41801119065525
2017-12-18,9,4,13,69.23076923076923,383.5440973651989
2017-12-19,9,4,13,69.23076923076923,389.0320851167911
2017-12-20,9,4,13,69.23076923076923,390.13597323714555
2017-12-21,10,3,13,76.92307692307693,402.42748166628434
2017-12-22,10,3,13,76.92307692307693,401.1060982811503
2017-12-26,10,3,13,76.92307692307693,402.95805553201865
2017-12-27,10,3,13,76.92307692307693,401.9247150367036
2017-12-28,10,3,13,76.92307692307693,401.46249182710994
2017-12-29,10,3,13,76.92307692307693,406.2689589155922
2018-01-01,10,3,13,76.92307692307693,405.03562712173203
2018-01-02,10,3,13,76.92307692307693,401.16501015079723
2018-01-03,10,3,13,76.92307692307693,402.46489961014936
2018-01-04,10,3,13,76.92307692307693,405.3834693424281
2018-01-05,10,3,13,76.92307692307693,409.78736941021066
2018-01-08,10,3,13,76.92307692307693,416.052193944838
2018-01-09,10,3,13,76.92307692307693,413.4228266486617
2018-01-10,10,3,13,76.92307692307693,409.7946287404211
2018-01-11,10,3,13,76.92307692307693,412.10271568857604
2018-01-12,10,3,13,76.92307692307693,410.88681639050213
2018-01-15,10,3,13,76.92307692307693,410.58312382646295
2018-01-16,9,4,13,69.23076923076923,402.02905608784346
2018-01-17,9,4,13,69.23076923076923,405.3638356766629
2018-01-18,9,4,13,69.23076923076923,396.66539413292963
2018-01-19,9,4,13,69.23076923076923,400.57639242356566
2018-01-22,9,4,13,69.23076923076923,403.6919083048646
2018-01-23,9,4,13,69.23076923076923,404.20236393437506
2018-01-24,9,4,13,69.23076923076923,402.450512757708
2018-01-25,9,4,13,69.23076923076923,397.70910947700764
2018-01-29,9,4,13,69.23076923076923,392.33252770599756
2018-01-30,8,5,13,61.53846153846154,388.06664252019357
2018-01-31,8,5,13,61.53846153846154,385.3392318978823
2018-02-01,9,4,13,69.23076923076923,391.1617080625686
2018-02-02,7,6,13,53.84615384615385,372.5863719466996
2018-02-05,7,6,13,53.84615384615385,369.5577233529167
2018-02-06,8,5,13,61.53846153846154,364.3916531927167
2018-02-07,7,6,13,53.84615384615385,366.741986972582
2018-02-08,8,5,13,61.53846153846154,374.33005650593503
2018-02-09,7,6,13,53.84615384615385,371.4206982884841
2018-02-12,7,6,13,53.84615384615385,377.4102568739856
2018-02-14,8,5,13,61.53846153846154,379.95916580835734
2018-02-15,8,5,13,61.53846153846154,378.6574323415323
2018-02-16,8,5,13,61.53846153846154,373.1361339280449
2018-02-19,7,6,13,53.84615384615385,367.05134750687375
2018-02-20,7,6,13,53.84615384615385,365.529092409293
2018-02-21,7,6,13,53.84615384615385,363.4239927046796
2018-02-22,7,6,13,53.84615384615385,362.0206660041276
2018-02-23,7,6,13,53.84615384615385,371.36070583878046
2018-02-26,8,5,13,61.53846153846154,377.8524295985298
2018-02-27,7,6,13,53.84615384615385,375.14838193861317
2018-02-28,7,6,13,53.84615384615385,372.07565984504714
2018-03-01,7,6,13,53.84615384615385,368.8851289832378
2018-03-05,6,7,13,46.15384615384615,368.0126660336785
2018-03-06,6,7,13,46.15384615384615,363.7729213371257
2018-03-07,4,9,13,30.76923076923077,354.1447783700416
2018-03-08,5,8,13,38.46153846153847,352.01376205221203
2018-03-09,6,7,13,46.15384615384615,352.25693383724104
2018-03-12,5,8,13,38.46153846153847,353.38648641097154
2018-03-13,6,7,13,46.15384615384615,360.3114998340674
2018-03-14,7,6,13,53.84615384615385,361.6994180799117
2018-03-15,7,6,13,53.84615384615385,365.24112958254165
2018-03-16,6,7,13,46.15384615384615,360.1365224190916
2018-03-19,5,8,13,38.46153846153847,353.88939113498765
2018-03-20,6,7,13,46.15384615384615,356.37143722813096
2018-03-21,7,6,13,53.84615384615385,358.96448016754067
2018-03-22,5,8,13,38.46153846153847,354.89665504192544
2018-03-23,6,7,13,46.15384615384615,351.0770728722295
2018-03-26,7,6,13,53.84615384615385,356.3916353780058
2018-03-27,7,6,13,53.84615384615385,368.70832318078675
2018-03-28,7,6,13,53.84615384615385,364.54861293571423
2018-04-02,7,6,13,53.84615384615385,373.2294534563356
2018-04-03,7,6,13,53.84615384615385,378.209120671831
2018-04-04,7,6,13,53.84615384615385,373.8761971794233
2018-04-05,7,6,13,53.84615384615385,385.7801154894867
2018-04-06,7,6,13,53.84615384615385,388.3390839505177
2018-04-09,7,6,13,53.84615384615385,388.26581272493314
2018-04-10,7,6,13,53.84615384615385,387.80780536072467
2018-04-11,7,6,13,53.84615384615385,388.10259683714355
2018-04-12,7,6,13,53.84615384615385,385.532593635793
2018-04-13,7,6,13,53.84615384615385,387.1699172646571
2018-04-16,8,5,13,61.53846153846154,390.0237352501229
2018-04-17,7,6,13,53.84615384615385,390.54892522234013
2018-04-18,7,6,13,53.84615384615385,388.2837812990341
2018-04-19,7,6,13,53.84615384615385,388.4962039929717
2018-04-20,7,6,13,53.84615384615385,383.84595969758044
2018-04-23,7,6,13,53.84615384615385,387.91372875979533
2018-04-24,8,5,13,61.53846153846154,388.7339015577887
2018-04-25,7,6,13,53.84615384615385,387.5828634488912
2018-04-26,8,5,13,61.53846153846154,387.3996537932421
2018-04-27,8,5,13,61.53846153846154,391.9046698628658
2018-04-30,8,5,13,61.53846153846154,393.596754515012
2018-05-02,8,5,13,61.53846153846154,388.27339431740234
2018-05-03,8,5,13,61.53846153846154,386.4258774422417
2018-05-04,8,5,13,61.53846153846154,383.598165850324
2018-05-07,8,5,13,61.53846153846154,386.2770858662725
2018-05-08,8,5,13,61.53846153846154,383.4360959945619
2018-05-09,7,6,13,53.84615384615385,380.31171250150106
2018-05-10,7,6,13,53.84615384615385,374.5811343958872
2018-05-11,7,6,13,53.84615384615385,375.85343067037496
2018-05-14,7,6,13,53.84615384615385,370.31340011367774
2018-05-15,7,6,13,53.84615384615385,367.59691665627867
2018-05-16,7,6,13,53.84615384615385,364.95519582625707
2018-05-17,7,6,13,53.84615384615385,370.6261869001003
2018-05-18,7,6,13,53.84615384615385,365.0937071187926
2018-05-21,7,6,13,53.84615384615385,361.9661148544607
2018-05-22,7,6,13,53.84615384615385,365.32912612241086
2018-05-23,7,6,13,53.84615384615385,360.54772829210737
2018-05-24,6,7,13,46.15384615384615,362.95769764829623
2018-05-25,6,7,13,46.15384615384615,370.62399642444416
2018-05-28,7,6,13,53.84615384615385,379.02154315174505
2018-05-29,7,6,13,53.84615384615385,373.6586574923729
2018-05-30,7,6,13,53.84615384615385,373.3978417740513
2018-05-31,7,6,13,53.84615384615385,372.74405727106415
2018-06-01,6,7,13,46.15384615384615,368.882114713567
2018-06-04,6,7,13,46.15384615384615,363.60222605434524
2018-06-05,6,7,13,46.15384615384615,356.74926694426625
2018-06-06,6,7,13,46.15384615384615,364.35056907787543
2018-06-07,6,7,13,46.15384615384615,372.2527491873054
2018-06-08,6,7,13,46.15384615384615,372.50683224016603
2018-06-11,6,7,13,46.15384615384615,375.8619393991447
2018-06-12,7,6,13,53.84615384615385,379.125590109654
2018-06-13,6,7,13,46.15384615384615,376.82050932037015
2018-06-14,6,7,13,46.15384615384615,374.84930196707126
2018-06-15,6,7,13,46.15384615384615,370.99836697790096
2018-06-18,6,7,13,46.15384615384615,369.60789895120223
2018-06-19,6,7,13,46.15384615384615,365.9041124203984
2018-06-20,6,7,13,46.15384615384615,370.47009400974974
2018-06-21,6,7,13,46.15384615384615,368.17661472233067
2018-06-22,6,7,13,46.15384615384615,371.8455859856341
2018-06-25,5,8,13,38.46153846153847,366.33158383191363
2018-06-26,5,8,13,38.46153846153847,364.4142465287499
2018-06-27,5,8,13,38.46153846153847,353.7392144193155
2018-06-28,3,10,13,23.076923076923077,343.6056448961262
2018-06-29,4,9,13,30.76923076923077,348.63736432445205
2018-07-02,3,10,13,23.076923076923077,345.7545638946509
2018-07-03,4,9,13,30.76923076923077,348.1817151128347
2018-07-04,4,9,13,30.76923076923077,343.38523284209555
2018-07-05,4,9,13,30.76923076923077,345.1291234862402
2018-07-06,3,10,13,23.076923076923077,348.2185085950661
2018-07-09,4,9,13,30.76923076923077,351.400629780216
2018-07-10,4,9,13,30.76923076923077,358.9059221962471
2018-07-11,4,9,13,30.76923076923077,355.9031388897859
2018-07-12,4,9,13,30.76923076923077,355.51258076402195
2018-07-13,4,9,13,30.76923076923077,351.98649029679376
2018-07-16,4,9,13,30.76923076923077,344.80475857867566
2018-07-17,4,9,13,30.76923076923077,355.2717108857442
2018-07-18,4,9,13,30.76923076923077,349.84296679317947
2018-07-19,4,9,13,30.76923076923077,347.8697984824254
2018-07-20,4,9,13,30.76923076923077,353.0476664633516
2018-07-23,4,9,13,30.76923076923077,355.2979993903197
2018-07-24,4,9,13,30.76923076923077,363.9468528968364
2018-07-25,4,9,13,30.76923076923077,362.813118713023
2018-07-26,5,8,13,38.46153846153847,373.4379267462831
2018-07-27,5,8,13,38.46153846153847,376.1518978746688
2018-07-30,5,8,13,38.46153846153847,379.4096675533832
2018-07-31,4,9,13,30.76923076923077,380.97735933735873
2018-08-01,5,8,13,38.46153846153847,380.12287646131495
2018-08-02,5,8,13,38.46153846153847,378.4192360954939
2018-08-03,7,6,13,53.84615384615385,384.02361471050574
2018-08-06,8,5,13,61.53846153846154,384.5577532959625
2018-08-07,8,5,13,61.53846153846154,383.93351367805707
2018-08-08,8,5,13,61.53846153846154,382.98680130400993
2018-08-09,8,5,13,61.53846153846154,387.31561452377053
2018-08-10,6,7,13,46.15384615384615,383.4239809354561
2018-08-13,5,8,13,38.46153846153847,375.07217720811445
2018-08-14,5,8,13,38.46153846153847,375.7764503004206
2018-08-16,5,8,13,38.46153846153847,373.1796707530207
2018-08-17,5,8,13,38.46153846153847,377.70231846160857
2018-08-20,5,8,13,38.46153846153847,378.4544343949776
2018-08-21,5,8,13,38.46153846153847,381.58200822561713
2018-08-23,5,8,14,38.46153846153847,382.3212362033865
2018-08-24,4,9,14,30.76923076923077,379.55725033216856
2018-08-27,6,7,14,46.15384615384615,385.6809668071436
2018-08-28,5,8,14,38.46153846153847,383.73828204741807
2018-08-29,5,8,14,38.46153846153847,389.69156697173145
2018-08-30,6,7,14,46.15384615384615,390.4967122377724
2018-08-31,5,8,14,38.46153846153847,387.7345322974176
2018-09-03,5,8,14,38.46153846153847,385.5708286565486
2018-09-04,4,9,14,30.76923076923077,377.6023113518474
2018-09-05,4,9,14,30.76923076923077,377.96145825287124
2018-09-06,4,9,14,30.76923076923077,378.3795059639067
2018-09-07,4,9,14,30.76923076923077,382.6380011479398
2018-09-10,4,9,14,30.76923076923077,373.7862082566623
2018-09-11,4,9,14,30.76923076923077,365.3933609839661
2018-09-12,4,9,14,30.76923076923077,364.5587077046669
2018-09-14,4,9,14,30.76923076923077,372.56966307896874
2018-09-17,4,9,14,30.76923076923077,368.3967653826645
2018-09-18,4,9,14,30.76923076923077,364.2864954832121
2018-09-19,4,9,14,30.76923076923077,363.5042475372063
2018-09-21,4,9,14,30.76923076923077,349.8879887855293
2018-09-24,4,9,14,30.76923076923077,332.2419170438355
2018-09-25,4,9,14,30.76923076923077,333.27777342738005
2018-09-26,4,9,14,30.76923076923077,340.1543995768808
2018-09-27,4,9,14,30.76923076923077,327.72120002031
2018-09-28,2,11,14,15.384615384615385,321.8078724982376
2018-10-01,3,10,14,23.076923076923077,327.8728800436943
2018-10-03,2,11,14,15.384615384615385,325.28017476796543
2018-10-04,1,12,14,7.6923076923076925,320.07102200177775
2018-10-05,0,13,14,0.0,307.1068771720439
2018-10-08,0,13,14,0.0,299.0593377360348
2018-10-09,0,13,14,0.0,300.5009175788194
2018-10-10,2,11,14,15.384615384615385,321.2619869085096
2018-10-11,1,12,14,7.6923076923076925,313.1808977369065
2018-10-12,3,10,14,23.076923076923077,324.5345295838132
2018-10-15,2,11,14,15.384615384615385,327.9752830650432
2018-10-16,2,11,14,15.384615384615385,332.8970438960071
2018-10-17,2,11,14,15.384615384615385,320.4127985905766
2018-10-19,2,11,14,15.384615384615385,317.15109647452374
2018-10-22,1,12,14,7.6923076923076925,316.92283460527506
2018-10-23,1,12,14,7.6923076923076925,315.16150537732705
2018-10-24,2,11,14,15.384615384615385,324.9398411514959
2018-10-25,2,11,14,15.384615384615385,323.88264307032404
2018-10-26,2,11,14,15.384615384615385,322.3253701433418
2018-10-29,3,10,14,23.076923076923077,334.7435691347208
2018-10-30,3,10,14,23.076923076923077,336.77336761151525
2018-10-31,4,9,14,30.76923076923077,348.7801562081718
2018-11-01,4,9,14,30.76923076923077,354.3791890282494
2018-11-02,5,8,14,38.46153846153847,359.04651439687945
2018-11-05,4,9,14,30.76923076923077,358.61573885557317
2018-11-06,5,8,14,38.46153846153847,359.2721629950795
2018-11-07,5,8,14,38.46153846153847,362.7587741372663
2018-11-09,5,8,14,38.46153846153847,369.6123122314046
2018-11-12,5,8,14,38.46153846153847,363.7737111962362
2018-11-13,5,8,14,38.46153846153847,364.83625223447314
2018-11-14,5,8,14,38.46153846153847,367.0807709028887
2018-11-15,5,8,14,38.46153846153847,370.5113828376022
2018-11-16,5,8,14,38.46153846153847,369.03398424325405
2018-11-19,5,8,14,38.46153846153847,369.7547404459074
2018-11-20,5,8,14,38.46153846153847,366.5300917146797
2018-11-21,6,7,14,46.15384615384615,371.27568377038324
2018-11-22,5,8,14,38.46153846153847,365.9698130580221
2018-11-26,5,8,14,38.46153846153847,364.9049649245502
2018-11-27,6,7,14,46.15384615384615,367.7343199355323
2018-11-28,4,9,14,30.76923076923077,362.0361250117521
2018-11-29,5,8,14,38.46153846153847,366.7997448273384
2018-11-30,5,8,14,38.46153846153847,365.685025915279
2018-12-03,5,8,14,38.46153846153847,368.45392975500584
2018-12-04,5,8,14,38.46153846153847,366.9673386291189
2018-12-05,5,8,14,38.46153846153847,359.24236508636346
2018-12-06,4,9,14,30.76923076923077,349.94784490097334
2018-12-07,4,9,14,30.76923076923077,356.7008769429304
2018-12-10,3,10,14,23.076923076923077,348.6881301835514
2018-12-11,4,9,14,30.76923076923077,356.7533298190926
2018-12-12,4,9,14,30.76923076923077,366.2874497630685
2018-12-13,5,8,14,38.46153846153847,369.91579779896824
2018-12-14,6,7,14,46.15384615384615,370.2597936510005
2018-12-17,5,8,14,38.46153846153847,370.12199400075184
2018-12-18,6,7,14,46.15384615384615,374.9037488485654
2018-12-19,6,7,14,46.15384615384615,384.5357609977031
2018-12-20,7,6,14,53.84615384615385,384.4089220123439
2018-12-21,6,7,14,46.15384615384615,377.3116246327365
2018-12-24,7,6,14,53.84615384615385,379.08080847070187
2018-12-26,7,6,14,53.84615384615385,382.64223788037043
2018-12-27,7,6,14,53.84615384615385,382.4055849567034
2018-12-28,8,5,14,61.53846153846154,389.46378895309044
2018-12-31,8,5,14,61.53846153846154,391.8963844709767
2019-01-01,8,5,14,61.53846153846154,391.0812114357813
2019-01-02,7,6,14,53.84615384615385,385.91693821804347
2019-01-03,7,6,14,53.84615384615385,384.6389535587161
2019-01-04,8,5,14,61.53846153846154,388.6574444737464
2019-01-07,7,6,14,53.84615384615385,388.36439066408116
2019-01-08,7,6,14,53.84615384615385,390.93579836792827
2019-01-09,7,6,14,53.84615384615385,390.3291823714237
2019-01-10,8,5,14,61.53846153846154,392.7381963748357
2019-01-11,7,6,14,53.84615384615385,392.5410071594301
2019-01-14,6,7,14,46.15384615384615,388.906612499741
2019-01-15,8,5,14,61.53846153846154,393.94570666946703
2019-01-16,7,6,14,53.84615384615385,392.09422472345017
2019-01-17,8,5,14,61.53846153846154,392.0812410298421
2019-01-18,7,6,14,53.84615384615385,388.3194700330989
2019-01-21,7,6,14,53.84615384615385,387.90488900175654
2019-01-22,7,6,14,53.84615384615385,385.35725257282263
2019-01-23,7,6,14,53.84615384615385,383.80369820411914
2019-01-24,7,6,14,53.84615384615385,384.4583573968881
2019-01-25,7,6,14,53.84615384615385,379.8659044345373
2019-01-28,5,8,14,38.46153846153847,369.636057942802
2019-01-29,6,7,14,46.15384615384615,369.7071479007204
2019-01-30,6,7,14,46.15384615384615,371.18637927997275
2019-01-31,6,7,14,46.15384615384615,373.312676677741
2019-02-01,6,7,14,46.15384615384615,378.5371735065141
2019-02-04,5,8,14,38.46153846153847,374.700853330758
2019-02-05,5,8,14,38.46153846153847,373.6670147202192
2019-02-06,7,6,14,53.84615384615385,377.21148797674084
2019-02-07,7,6,14,53.84615384615385,386.2871717383028
2019-02-08,7,6,14,53.84615384615385,378.4073893598574
2019-02-11,6,7,14,46.15384615384615,373.8615434245395
2019-02-12,6,7,14,46.15384615384615,374.198374722498
2019-02-13,7,6,14,53.84615384615385,372.96488531353873
2019-02-14,6,7,14,46.15384615384615,377.19029687245666
2019-02-15,6,7,14,46.15384615384615,372.8212589230616
2019-02-18,6,7,14,46.15384615384615,369.2230507212704
2019-02-19,6,7,14,46.15384615384615,373.5939557735665
2019-02-20,6,7,14,46.15384615384615,380.27478627993287
2019-02-21,7,6,14,53.84615384615385,385.8081240911109
2019-02-22,7,6,14,53.84615384615385,389.41942267478646
2019-02-25,7,6,14,53.84615384615385,391.9522009384126
2019-02-26,8,5,14,61.53846153846154,393.1829886903975
2019-02-27,8,5,14,61.53846153846154,393.8707571581766
2019-02-28,9,4,14,69.23076923076923,397.18590874850975
2019-03-01,9,4,14,69.23076923076923,404.02789415516526
2019-03-05,10,3,14,76.92307692307693,417.6070146010935
2019-03-06,10,3,14,76.92307692307693,419.23278051163845
2019-03-07,10,3,14,76.92307692307693,419.63463904214365
2019-03-08,9,4,14,69.23076923076923,417.3351025257432
2019-03-11,12,1,14,92.3076923076923,426.99970000728297
2019-03-12,11,2,14,84.61538461538461,425.7146013607728
2019-03-13,11,2,14,84.61538461538461,429.0114229507072
2019-03-14,11,2,14,84.61538461538461,429.1146377781951
2019-03-15,11,2,14,84.61538461538461,432.6636438584277
2019-03-18,11,2,14,84.61538461538461,434.25812498443435
2019-03-19,11,2,14,84.61538461538461,436.6076207363145
2019-03-20,10,3,14,76.92307692307693,432.1713968566384
2019-03-22,10,3,14,76.92307692307693,430.1516577762435
2019-03-25,10,3,14,76.92307692307693,431.9008074097768
2019-03-26,10,3,14,76.92307692307693,435.7561525129008
2019-03-27,11,2,14,84.61538461538461,439.64392733337957
2019-03-28,11,2,14,84.61538461538461,449.18627708003777
2019-03-29,11,2,14,84.61538461538461,451.9880150665747
2019-04-01,11,2,14,84.61538461538461,451.6085555585401
2019-04-02,11,3,14,78.57142857142857,452.05900207996496
2019-04-03,11,3,14,78.57142857142857,450.07991278054044
2019-04-04,12,2,14,85.71428571428571,446.7778253881489
2019-04-05,12,2,14,85.71428571428571,453.90159951134683
2019-04-08,11,3,14,78.57142857142857,449.1598060488337
2019-04-09,11,3,14,78.57142857142857,451.8155117492266
2019-04-10,10,4,14,71.42857142857143,446.69719624057524
2019-04-11,11,3,14,78.57142857142857,452.5271251600717
2019-04-12,12,2,14,85.71428571428571,456.2833907058904
2019-04-15,12,2,14,85.71428571428571,454.5480524982171
2019-04-16,12,2,14,85.71428571428571,453.54276628725484
2019-04-18,12,2,14,85.71428571428571,449.79343930710723
2019-04-22,11,3,14,78.57142857142857,437.11862234320967
2019-04-23,10,4,14,71.42857142857143,436.0363163527544
2019-04-24,10,4,14,71.42857142857143,440.9430760460511
2019-04-25,10,4,14,71.42857142857143,438.19149307179845
2019-04-26,10,4,14,71.42857142857143,435.9095792967727
2019-04-30,10,4,14,71.42857142857143,429.82495635689884
2019-05-02,10,4,14,71.42857142857143,427.65770121612195
2019-05-03,11,3,14,78.57142857142857,427.86509503118737
2019-05-06,9,5,14,64.28571428571429,423.6126466823211
2019-05-07,8,6,14,57.14285714285714,414.765032370875
2019-05-08,9,5,14,64.28571428571429,409.5765198929494
2019-05-09,9,5,14,64.28571428571429,410.90396524167045
2019-05-10,8,6,14,57.14285714285714,409.39975445939723
2019-05-13,8,6,14,57.14285714285714,400.46318101566214
2019-05-14,9,5,14,64.28571428571429,405.59543707965213
2019-05-15,8,6,14,57.14285714285714,406.1156590499125
2019-05-16,9,5,14,64.28571428571429,410.9586421757595
2019-05-17,10,4,14,71.42857142857143,419.77523580380495
2019-05-20,11,3,14,78.57142857142857,445.77018139621896
2019-05-21,10,4,14,71.42857142857143,439.8040335860862
2019-05-22,10,4,14,71.42857142857143,443.1533446369413
2019-05-23,10,4,14,71.42857142857143,441.4157984775388
2019-05-24,11,3,14,78.57142857142857,455.1810188801214
2019-05-27,11,3,14,78.57142857142857,461.2318341899055
2019-05-28,11,3,14,78.57142857142857,457.43333007068713
2019-05-29,11,3,14,78.57142857142857,455.84627150791096
2019-05-30,11,3,14,78.57142857142857,463.24732247657334
2019-05-31,11,3,14,78.57142857142857,464.8176330389968
2019-06-03,13,1,14,92.85714285714286,466.58565724781926
2019-06-04,13,1,14,92.85714285714286,468.2526466142006
2019-06-06,11,3,14,78.57142857142857,456.7554335945875
2019-06-07,11,3,14,78.57142857142857,458.44246338192266
2019-06-10,11,3,14,78.57142857142857,459.00214527123495
2019-06-11,12,2,14,85.71428571428571,465.99663390193797
2019-06-12,11,3,14,78.57142857142857,459.45879628519333
2019-06-13,12,2,14,85.71428571428571,459.42860546188433
2019-06-14,11,3,14,78.57142857142857,456.49295945440736
2019-06-17,11,3,14,78.57142857142857,444.1434397054689
2019-06-18,11,3,14,78.57142857142857,447.7526344659959
2019-06-19,11,3,14,78.57142857142857,443.27854962258914
2019-06-20,11,3,14,78.57142857142857,450.1745028003357
2019-06-21,11,3,14,78.57142857142857,446.4269613585338
2019-06-24,11,3,14,78.57142857142857,445.96916745907
2019-06-25,11,3,14,78.57142857142857,458.8577855936353
2019-06-26,11,3,14,78.57142857142857,466.3466938425821
2019-06-27,11,3,14,78.57142857142857,466.02002159666904
2019-06-28,11,3,14,78.57142857142857,462.79834594595064
2019-07-01,11,3,14,78.57142857142857,460.1726367021154
2019-07-02,11,3,14,78.57142857142857,461.6051120250744
2019-07-03,11,3,14,78.57142857142857,464.07578913847595
2019-07-04,11,3,14,78.57142857142857,461.6846119545068
2019-07-05,11,3,14,78.57142857142857,459.9298040012223
2019-07-08,11,3,14,78.57142857142857,439.49272058089355
2019-07-09,11,3,14,78.57142857142857,441.21861149587403
2019-07-10,11,3,14,78.57142857142857,434.3993711669264
2019-07-11,11,3,14,78.57142857142857,436.3773717601881
2019-07-12,11,3,14,78.57142857142857,437.09480758063887
2019-07-15,11,3,14,78.57142857142857,439.7561186820705
2019-07-16,11,3,14,78.57142857142857,448.54715118586023
2019-07-17,11,3,14,78.57142857142857,445.97268394544693
2019-07-18,11,3,14,78.57142857142857,438.01075184170264
2019-07-19,11,3,14,78.57142857142857,427.9051090242525
2019-07-22,10,4,14,71.42857142857143,421.84936084168123
2019-07-23,10,4,14,71.42857142857143,418.23824868446417
2019-07-24,10,4,14,71.42857142857143,406.20823220528257
2019-07-25,9,5,14,64.28571428571429,409.3283454397869
2019-07-26,10,4,14,71.42857142857143,409.55064154966044
2019-07-29,10,4,14,71.42857142857143,406.0305151625136
2019-07-30,9,5,14,64.28571428571429,401.71096541338767
2019-07-31,10,4,14,71.42857142857143,407.0661133269927
2019-08-01,9,5,14,64.28571428571429,406.0008180933592
2019-08-02,10,4,14,71.42857142857143,408.73249421995473
2019-08-05,8,6,14,57.14285714285714,399.1436284581739
2019-08-06,8,6,14,57.14285714285714,407.9924250622598
2019-08-07,9,5,14,64.28571428571429,406.39385622458246
2019-08-08,9,5,14,64.28571428571429,413.5706644254836
2019-08-09,10,4,14,71.42857142857143,424.5338777602706
2019-08-13,8,6,14,57.14285714285714,407.91254283685623
2019-08-14,9,5,14,64.28571428571429,416.6678158548584
2019-08-16,9,5,14,64.28571428571429,418.3112973032502
2019-08-19,9,5,14,64.28571428571429,417.0090591423474
2019-08-20,8,6,14,57.14285714285714,412.19115514425016
2019-08-21,8,6,14,57.14285714285714,406.881864831858
2019-08-22,7,7,14,50.0,396.0679073710834
2019-08-23,7,7,14,50.0,402.77729499496945
2019-08-26,9,5,14,64.28571428571429,413.3448174295557
2019-08-27,9,5,14,64.28571428571429,413.5811549123905
2019-08-28,9,5,14,64.28571428571429,406.6932051605478
2019-08-29,7,7,14,50.0,402.48776785492134
2019-08-30,9,5,14,64.28571428571429,407.97346458037947
2019-09-03,9,5,14,64.28571428571429,406.823823980021
2019-09-04,9,5,14,64.28571428571429,410.1341001667917
2019-09-05,8,6,14,57.14285714285714,410.5056606382822
2019-09-06,9,5,14,64.28571428571429,414.8807655999794
2019-09-09,9,5,14,64.28571428571429,420.72628925135456
2019-09-11,9,5,14,64.28571428571429,425.0906487042891
2019-09-12,10,4,14,71.42857142857143,424.22292793135784
2019-09-13,9,5,14,64.28571428571429,425.25435050331754
2019-09-16,9,5,14,64.28571428571429,425.0154050989983
2019-09-17,8,6,14,57.14285714285714,414.5981635442611
2019-09-18,7,7,14,50.0,415.9714364835243
2019-09-19,6,8,14,42.857142857142854,409.82752291031954
2019-09-20,9,5,14,64.28571428571429,437.5268135041529
2019-09-23,9,5,14,64.28571428571429,452.8675977965717
2019-09-24,9,5,14,64.28571428571429,451.9322882752784
2019-09-25,9,5,14,64.28571428571429,443.4712081831442
2019-09-26,8,6,14,57.14285714285714,449.99135367755844
2019-09-27,8,6,14,57.14285714285714,452.38823661472844
2019-10-01,8,6,14,57.14285714285714,452.38823661472844
2019-10-03,8,6,14,57.14285714285714,452.8378126624526
2019-10-04,8,6,14,57.14285714285714,449.61767430405536
2019-10-07,8,6,14,57.14285714285714,450.19696822288654
2019-10-09,9,5,14,64.28571428571429,457.65658857259825
2019-10-10,8,6,14,57.14285714285714,447.7660791814281
2019-10-11,8,6,14,57.14285714285714,444.79990041887623
2019-10-14,8,6,14,57.14285714285714,442.31755828209185
2019-10-15,8,6,14,57.14285714285714,439.62161567910766
2019-10-16,8,6,14,57.14285714285714,438.1244765304296
2019-10-17,8,6,14,57.14285714285714,449.7868259775912
2019-10-18,8,6,14,57.14285714285714,460.3353282931378
2019-10-22,9,5,14,64.28571428571429,464.80480948738415
2019-10-23,9,5,14,64.28571428571429,464.6281075523038
2019-10-24,8,6,14,57.14285714285714,463.13384120910166
2019-10-25,9,5,14,64.28571428571429,464.2468754010709
2019-10-27,9,5,14,64.28571428571429,465.3131887152779
2019-10-29,9,5,14,64.28571428571429,475.9581000624517
2019-10-30,9,5,14,64.28571428571429,476.4710773693311
2019-10-31,10,4,14,71.42857142857143,479.1596684044173
2019-11-01,10,4,14,71.42857142857143,491.9745186390375
2019-11-04,11,3,14,78.57142857142857,497.0659188943865
2019-11-05,9,5,14,64.28571428571429,496.55208193533394
2019-11-06,9,5,14,64.28571428571429,492.52261912529957
2019-11-07,11,3,14,78.57142857142857,494.7317489958534
2019-11-08,10,4,14,71.42857142857143,487.2916083886828
2019-11-11,11,3,14,78.57142857142857,491.09083575156467
2019-11-13,9,5,14,64.28571428571429,482.93445460372146
2019-11-14,9,5,14,64.28571428571429,486.9946788204297
2019-11-15,9,5,14,64.28571428571429,490.05951420340364
2019-11-18,11,3,14,78.57142857142857,496.3130961991369
2019-11-19,11,3,14,78.57142857142857,500.8823585379468
2019-11-20,11,3,14,78.57142857142857,498.0003544922855
2019-11-21,10,4,14,71.42857142857143,489.51208136162023
2019-11-22,11,3,14,78.57142857142857,488.60745716734846
2019-11-25,10,4,14,71.42857142857143,491.75630201147334
2019-11-26,10,4,14,71.42857142857143,488.00278467276826
2019-11-27,10,4,14,71.42857142857143,492.7276366261872
2019-11-28,10,4,14,71.42857142857143,497.7613176953912
2019-11-29,10,4,14,71.42857142857143,492.0172272421521
2019-12-02,10,4,14,71.42857142857143,487.3026441827565
2019-12-03,9,5,14,64.28571428571429,483.11643028985225
2019-12-04,9,5,14,64.28571428571429,485.3978689035832
2019-12-05,10,4,14,71.42857142857143,486.94525173287735
2019-12-06,8,6,14,57.14285714285714,476.5266437115911
2019-12-09,8,6,14,57.14285714285714,479.28677664686126
2019-12-10,8,6,14,57.14285714285714,475.99965423096495
2019-12-11,9,5,14,64.28571428571429,481.92026479302996
2019-12-12,10,4,14,71.42857142857143,490.1859348252751
2019-12-13,10,4,14,71.42857142857143,494.86637408554304
2019-12-16,10,4,14,71.42857142857143,490.7404067469828
2019-12-17,9,5,14,64.28571428571429,492.94347676064325
2019-12-18,9,5,14,64.28571428571429,492.1727974329679
2019-12-19,9,5,14,64.28571428571429,493.6305207136305
2019-12-20,9,5,14,64.28571428571429,494.5922767716307
2019-12-23,9,5,14,64.28571428571429,490.97193538579245
2019-12-24,9,5,14,64.28571428571429,492.25931925522417
2019-12-26,9,5,14,64.28571428571429,492.83553924060266
2019-12-27,10,4,14,71.42857142857143,500.1909097248428
2019-12-30,10,4,14,71.42857142857143,499.71147242066456
2019-12-31,11,3,14,78.57142857142857,500.7059273685973
2020-01-01,11,3,14,78.57142857142857,501.44600877199724
2020-01-02,11,3,14,78.57142857142857,507.58041415574553
2020-01-03,11,3,14,78.57142857142857,502.61438763026354
2020-01-06,9,5,14,64.28571428571429,486.12981887918585
2020-01-07,10,4,14,71.42857142857143,492.17935728109825
2020-01-08,10,4,14,71.42857142857143,489.45800919658006
2020-01-09,10,4,14,71.42857142857143,498.79689606122383
2020-01-10,10,4,14,71.42857142857143,502.64821047237655
2020-01-13,11,3,14,78.57142857142857,507.93279682950765
2020-01-14,10,4,14,71.42857142857143,507.8199928268024
2020-01-15,10,4,14,71.42857142857143,510.12217800798265
2020-01-16,12,2,14,85.71428571428571,513.8236969449673
2020-01-17,10,4,14,71.42857142857143,511.9065603705342
2020-01-20,8,6,14,57.14285714285714,503.0903839605464
2020-01-21,9,5,14,64.28571428571429,500.6734167210472
2020-01-22,9,5,14,64.28571428571429,501.71761731547633
2020-01-23,10,4,14,71.42857142857143,506.83799687072116
2020-01-24,10,4,14,71.42857142857143,509.9847263605903
2020-01-27,10,4,14,71.42857142857143,507.97291788415606
2020-01-28,10,4,14,71.42857142857143,510.09017983588905
2020-01-29,12,2,14,85.71428571428571,516.508046890306
2020-01-30,11,3,14,78.57142857142857,512.7840201870805
2020-01-31,11,3,14,78.57142857142857,506.75557961483094
2020-02-01,8,6,14,57.14285714285714,491.24841949520413
2020-02-03,8,6,14,57.14285714285714,491.8421949447291
2020-02-04,11,3,14,78.57142857142857,502.29198254125436
2020-02-05,12,2,14,85.71428571428571,515.8634944022223
2020-02-06,12,2,14,85.71428571428571,524.8277510342189
2020-02-07,12,2,14,85.71428571428571,525.6180202409327
2020-02-10,12,2,14,85.71428571428571,522.667569426386
2020-02-11,12,2,14,85.71428571428571,523.193306087593
2020-02-12,12,2,14,85.71428571428571,523.7927667021509
2020-02-13,12,2,14,85.71428571428571,530.7607234887811
2020-02-14,12,2,14,85.71428571428571,525.330718186735
2020-02-17,12,2,14,85.71428571428571,525.6258372424078
2020-02-18,12,2,14,85.71428571428571,524.5715640542444
2020-02-19,12,2,14,85.71428571428571,533.4329811503703
2020-02-20,12,2,14,85.71428571428571,539.8667663026296
2020-02-24,12,2,14,85.71428571428571,530.0297703619491
2020-02-25,12,2,14,85.71428571428571,529.4397303850942
2020-02-26,11,3,14,78.57142857142857,522.1496115977625
2020-02-27,11,3,14,78.57142857142857,512.8745202986353
2020-02-28,9,5,14,64.28571428571429,491.21441592081555
2020-03-02,9,5,14,64.28571428571429,492.5820607121747
2020-03-03,9,5,14,64.28571428571429,497.53161294208826
2020-03-04,9,5,14,64.28571428571429,486.6117126656794
2020-03-05,8,6,14,57.14285714285714,489.40103953872483
2020-03-06,8,6,14,57.14285714285714,475.90536846785955
2020-03-09,4,10,14,28.57142857142857,451.4241715579849
2020-03-11,4,10,14,28.57142857142857,450.2803921978129
2020-03-12,3,11,14,21.428571428571427,406.4294946309624
2020-03-13,4,10,14,28.57142857142857,421.28038675571054
2020-03-16,2,12,14,14.285714285714285,387.12287848629535
2020-03-17,1,13,14,7.142857142857142,372.46596920889664
2020-03-18,0,14,14,0.0,345.6568410107908
2020-03-19,0,14,14,0.0,326.66795667896685
2020-03-20,0,14,14,0.0,336.86007013697935
2020-03-23,0,14,14,0.0,281.37209809116797
2020-03-24,0,14,14,0.0,286.91358267372095
2020-03-25,0,14,14,0.0,308.37660386109974
2020-03-26,0,14,14,0.0,321.7900757745111
2020-03-27,0,14,14,0.0,323.2614923945796
2020-03-30,0,14,14,0.0,306.3560821979557
2020-03-31,0,14,14,0.0,309.15350583784317
2020-04-01,0,14,14,0.0,302.0878427073173
2020-04-03,0,14,14,0.0,288.7953189354151
2020-04-07,1,13,14,7.142857142857142,296.62899851132016
2020-04-08,1,13,14,7.142857142857142,307.88516010751295
2020-04-09,1,13,14,7.142857142857142,325.09062570960594
2020-04-13,1,13,14,7.142857142857142,310.6277271352436
2020-04-15,1,13,14,7.142857142857142,312.084030767412
2020-04-16,1,13,14,7.142857142857142,317.835271334157
2020-04-17,1,13,14,7.142857142857142,339.1736112127449
2020-04-20,1,13,14,7.142857142857142,330.34427166248224
2020-04-21,1,13,14,7.142857142857142,312.51404806338076
2020-04-22,1,13,14,7.142857142857142,319.1466752491281
2020-04-23,1,13,14,7.142857142857142,329.3134174236354
2020-04-24,1,13,14,7.142857142857142,314.0302254687344
2020-04-27,1,13,14,7.142857142857142,317.2020141317443
2020-04-28,1,13,14,7.142857142857142,335.7162615863099
2020-04-29,1,13,14,7.142857142857142,343.08179855375
2020-04-30,1,13,14,7.142857142857142,355.9959151661172
2020-05-04,1,13,14,7.142857142857142,332.6071924673693
2020-05-05,1,13,14,7.142857142857142,329.668546547705
2020-05-06,1,13,14,7.142857142857142,338.33165886391686
2020-05-07,1,13,14,7.142857142857142,335.07567262228054
2020-05-08,1,13,14,7.142857142857142,329.44593827224367
2020-05-11,1,13,14,7.142857142857142,327.3457557042404
2020-05-12,1,13,14,7.142857142857142,324.474143195589
2020-05-13,1,13,14,7.142857142857142,339.56024512435795
2020-05-14,1,13,14,7.142857142857142,335.85603746545655
2020-05-15,1,13,14,7.142857142857142,336.99415720279274
2020-05-18,1,13,14,7.142857142857142,311.8506721775126
2020-05-19,1,13,14,7.142857142857142,311.066003826343
2020-05-20,1,13,14,7.142857142857142,318.22334718032266
2020-05-21,1,13,14,7.142857142857142,315.149747820753
2020-05-22,1,13,14,7.142857142857142,304.3000230910023
2020-05-26,1,13,14,7.142857142857142,300.9028430505663
2020-05-27,1,13,14,7.142857142857142,311.03511459348664
2020-05-28,1,13,14,7.142857142857142,312.9480325368615
2020-05-29,1,13,14,7.142857142857142,320.60014676438965
2020-06-01,1,13,14,7.142857142857142,340.0595139088463
2020-06-02,2,12,14,14.285714285714285,352.7534606017644
2020-06-03,2,12,14,14.285714285714285,359.8858860871
2020-06-04,2,12,14,14.285714285714285,350.8251820628332
2020-06-05,2,12,14,14.285714285714285,359.72327658380334
2020-06-08,2,12,14,14.285714285714285,365.7681077622668
2020-06-09,2,12,14,14.285714285714285,362.2305991946008
2020-06-10,2,12,14,14.285714285714285,366.2161306075616
2020-06-11,3,11,14,21.428571428571427,363.38036890382466
2020-06-12,3,11,14,21.428571428571427,375.9256547129576
2020-06-15,2,12,14,14.285714285714285,367.3398336159382
2020-06-16,2,12,14,14.285714285714285,368.6388192404025
2020-06-17,2,12,14,14.285714285714285,372.4562981150815
2020-06-18,3,11,14,21.428571428571427,387.7920512160128
2020-06-19,3,11,14,21.428571428571427,400.5396316810435
2020-06-22,3,11,14,21.428571428571427,415.3511840423022
2020-06-23,3,11,14,21.428571428571427,416.00803893039864
2020-06-24,3,11,14,21.428571428571427,412.2585166410466
2020-06-25,3,11,14,21.428571428571427,417.1660214019662
2020-06-26,3,11,14,21.428571428571427,417.31366885690943
2020-06-29,3,11,14,21.428571428571427,408.02647493404936
2020-06-30,3,11,14,21.428571428571427,406.32253324479495
2020-07-01,3,11,14,21.428571428571427,414.4401068513879
2020-07-02,3,11,14,21.428571428571427,421.0505886887317
2020-07-03,3,11,14,21.428571428571427,419.6761983204049
2020-07-06,3,11,14,21.428571428571427,425.5251316174073
2020-07-07,3,11,14,21.428571428571427,434.8839098145959
2020-07-08,3,11,14,21.428571428571427,431.02250640217204
2020-07-09,3,11,14,21.428571428571427,432.3867175084418
2020-07-10,3,11,14,21.428571428571427,425.30248752388707
2020-07-13,3,11,14,21.428571428571427,421.0585595390444
2020-07-14,3,11,14,21.428571428571427,410.14859772723577
2020-07-15,3,11,14,21.428571428571427,407.6794104609059
2020-07-16,3,11,14,21.428571428571427,413.2440581680772
2020-07-17,3,11,14,21.428571428571427,421.3704899361094
2020-07-20,4,10,14,28.57142857142857,434.0969129595841
2020-07-21,3,11,14,21.428571428571427,432.0110128381922
2020-07-22,3,11,14,21.428571428571427,437.3140647668747
2020-07-23,3,11,14,21.428571428571427,437.2480364775282
2020-07-24,3,11,14,21.428571428571427,431.05040612991417
2020-07-27,3,11,14,21.428571428571427,422.564920199457
2020-07-28,3,11,14,21.428571428571427,427.33825390241924
2020-07-29,4,10,14,28.57142857142857,436.2525732646371
2020-07-30,4,10,14,28.57142857142857,425.6997469228414
2020-07-31,4,10,14,28.57142857142857,423.0390563591638
2020-08-03,4,10,14,28.57142857142857,419.9127364932222
2020-08-04,4,10,14,28.57142857142857,420.9433355303973
2020-08-05,4,10,14,28.57142857142857,425.05402501160086
2020-08-06,4,10,14,28.57142857142857,429.9987031617563
2020-08-07,5,9,14,35.714285714285715,436.2101614301856
2020-08-10,5,9,14,35.714285714285715,435.9575875612008
2020-08-11,5,9,14,35.714285714285715,437.040402624266
2020-08-12,4,10,14,28.57142857142857,442.1067047854689
2020-08-13,5,9,14,35.714285714285715,449.38395946933116
2020-08-14,4,10,14,28.57142857142857,441.83132220382635
2020-08-17,4,10,14,28.57142857142857,443.7124321690294
2020-08-18,5,9,14,35.714285714285715,451.0378370597337
2020-08-19,7,7,14,50.0,456.301239263454
2020-08-20,6,8,14,42.857142857142854,455.85909671643776
2020-08-21,6,8,14,42.857142857142854,452.61749813782774
2020-08-24,7,7,14,50.0,457.88783596474343
2020-08-25,9,5,14,64.28571428571429,466.96553893414364
2020-08-26,9,5,14,64.28571428571429,471.99075898632475
2020-08-27,9,5,14,64.28571428571429,471.9764073821808
2020-08-28,9,5,14,64.28571428571429,484.36563693206597
2020-08-31,6,8,14,42.857142857142854,462.3222268780106
2020-09-01,9,5,14,64.28571428571429,467.05988837688517
2020-09-02,10,4,14,71.42857142857143,467.3831842508422
2020-09-03,9,5,14,64.28571428571429,465.557124218113
2020-09-04,6,8,14,42.857142857142854,460.9099285694008
2020-09-07,5,9,14,35.714285714285715,453.5739242366475
2020-09-08,5,9,14,35.714285714285715,446.4801838945157
2020-09-09,5,9,14,35.714285714285715,440.40064861775124
2020-09-10,5,9,14,35.714285714285715,447.40418402090114
2020-09-11,6,8,14,42.857142857142854,451.2668565823399
2020-09-14,7,7,14,50.0,454.5316152954455
2020-09-15,7,7,14,50.0,459.6991572411808
2020-09-16,7,7,14,50.0,462.3250320819586
2020-09-17,7,7,14,50.0,458.9097276075795
2020-09-18,7,7,14,50.0,456.52305587778915
2020-09-21,6,8,14,42.857142857142854,439.7752411087131
2020-09-22,5,9,14,35.714285714285715,431.9352577152765
2020-09-23,4,10,14,28.57142857142857,428.8076388277518
2020-09-24,4,10,14,28.57142857142857,412.8253828267052
2020-09-25,6,8,14,42.857142857142854,430.63881955559714
2020-09-28,7,7,14,50.0,442.830038511796
2020-09-29,6,8,14,42.857142857142854,441.78776042819027
2020-09-30,6,8,14,42.857142857142854,442.0954654350418
2020-10-01,7,7,14,50.0,456.29286212644206
2020-10-05,7,7,14,50.0,451.9269171181973
2020-10-06,7,7,14,50.0,457.93364858604286
2020-10-07,6,8,14,42.857142857142854,448.83303887425063
2020-10-08,6,8,14,42.857142857142854,447.60216312960745
2020-10-09,7,7,14,50.0,452.02523250665473
2020-10-12,7,7,14,50.0,448.67549137748097
2020-10-13,5,9,14,35.714285714285715,440.9809581791977
2020-10-14,6,8,14,42.857142857142854,448.2007962580088
2020-10-15,5,9,14,35.714285714285715,435.96773816800976
2020-10-16,5,9,14,35.714285714285715,440.8118853049031
2020-10-19,6,8,14,42.857142857142854,446.81437353223475
2020-10-20,6,8,14,42.857142857142854,446.99182608087335
2020-10-21,6,8,14,42.857142857142854,448.7712718054431
2020-10-22,9,5,14,64.28571428571429,456.1806651795853
2020-10-23,9,5,14,64.28571428571429,458.0743597679148
2020-10-26,9,5,14,64.28571428571429,449.4234581415986
2020-10-27,9,5,14,64.28571428571429,458.36504049753114
2020-10-28,9,5,14,64.28571428571429,450.5123693332236
2020-10-29,7,7,14,50.0,450.6780471624958
2020-10-30,7,7,14,50.0,452.8516840201636
2020-11-02,8,6,14,57.14285714285714,465.0856749831334
2020-11-03,9,5,14,64.28571428571429,469.414176518019
2020-11-04,9,5,14,64.28571428571429,467.79766193420767
2020-11-05,12,2,14,85.71428571428571,482.3801137966127
2020-11-06,11,3,14,78.57142857142857,487.81677310155845
2020-11-09,13,1,14,92.85714285714286,494.31860959326343
2020-11-10,14,0,14,100.0,503.9407569744924
2020-11-11,14,0,14,100.0,506.35766240529387
2020-11-12,14,0,14,100.0,507.7402317902771
2020-11-13,14,0,14,100.0,512.7035776931023
2020-11-14,14,0,14,100.0,514.556573982252
2020-11-17,14,0,14,100.0,518.4165857952797
2020-11-18,14,0,14,100.0,535.0682902713074
2020-11-19,14,0,14,100.0,534.3221359679796
2020-11-20,14,0,14,100.0,542.111771549536
2020-11-23,14,0,14,100.0,552.0122924813904
2020-11-24,14,0,14,100.0,558.9463435656762
2020-11-25,14,0,14,100.0,555.2073448132448
2020-11-26,14,0,14,100.0,562.4285014968543
2020-11-27,14,0,14,100.0,575.5606418363766
2020-12-01,14,0,14,100.0,574.8729462968755
2020-12-02,14,0,14,100.0,577.1043920025558
2020-12-03,14,0,14,100.0,588.5133669574594
2020-12-04,14,0,14,100.0,584.1579139622595
2020-12-07,14,0,14,100.0,599.4670979689295
2020-12-08,14,0,14,100.0,594.9214988855522
2020-12-09,14,0,14,100.0,605.2958598393415
2020-12-10,14,0,14,100.0,604.1910738236542
2020-12-11,14,0,14,100.0,608.5048795352914
2020-12-14,14,0,14,100.0,614.1415456675757
2020-12-15,14,0,14,100.0,620.5174718456609
2020-12-16,14,0,14,100.0,622.9030979780136
2020-12-17,14,0,14,100.0,619.4919758068525
2020-12-18,14,0,14,100.0,616.0625932280097
2020-12-21,14,0,14,100.0,590.0656587639669
2020-12-22,14,0,14,100.0,588.5590550887753
2020-12-23,14,0,14,100.0,602.1988693776113
2020-12-24,14,0,14,100.0,604.0123242473064
2020-12-28,14,0,14,100.0,611.2557166055165
2020-12-29,14,0,14,100.0,609.9099408037341
2020-12-30,14,0,14,100.0,609.6609681797366
2020-12-31,14,0,14,100.0,610.3021234228694
2021-01-01,14,0,14,100.0,620.5955718209533
2021-01-04,14,0,14,100.0,628.9253109681812
2021-01-05,14,0,14,100.0,633.6162357952376
2021-01-06,14,0,14,100.0,638.8778255778515
2021-01-07,14,0,14,100.0,652.5547114493643
2021-01-08,14,0,14,100.0,661.3320459290791
2021-01-11,14,0,14,100.0,653.7948174330609
2021-01-12,14,0,14,100.0,657.3186086433508
2021-01-13,14,0,14,100.0,648.3520430248215
2021-01-14,14,0,14,100.0,646.7235913646753
2021-01-15,14,0,14,100.0,640.1191744035141
2021-01-18,14,0,14,100.0,622.5943479739757
2021-01-19,14,0,14,100.0,645.0848505890444
2021-01-20,14,0,14,100.0,648.2486425908722
2021-01-21,14,0,14,100.0,638.538035860367
2021-01-22,14,0,14,100.0,624.6957939596721
2021-01-25,14,0,14,100.0,626.4149149057356
2021-01-27,14,0,14,100.0,613.9572692653447
2021-01-28,13,1,14,92.85714285714286,605.5957794710879
2021-01-29,13,1,14,92.85714285714286,605.4340955841843
2021-02-01,14,0,14,100.0,641.1765248088786
2021-02-02,14,0,14,100.0,651.9705752090052
2021-02-03,14,0,14,100.0,666.3888081189743
2021-02-04,14,0,14,100.0,674.0616786096032
2021-02-05,14,0,14,100.0,664.8716832576118
2021-02-08,14,0,14,100.0,674.5909117286938
2021-02-09,14,0,14,100.0,676.8010812578555
2021-02-10,14,0,14,100.0,685.0219337681456
2021-02-11,14,0,14,100.0,687.6177920646925
2021-02-12,14,0,14,100.0,691.9190870000053
2021-02-15,14,0,14,100.0,711.1527804101422
2021-02-16,14,0,14,100.0,711.0392246212941
2021-02-17,14,0,14,100.0,709.3379476640306
2021-02-18,14,0,14,100.0,708.5441614236878
2021-02-19,14,0,14,100.0,694.0166127580911
2021-02-22,14,0,14,100.0,682.2104131882553
2021-02-23,14,0,14,100.0,685.6744613466319
2021-02-24,14,0,14,100.0,691.3951201754666
2021-02-25,14,0,14,100.0,709.493993920255
2021-02-26,14,0,14,100.0,688.5425368408085
2021-03-01,14,0,14,100.0,699.0228655306162
2021-03-02,14,0,14,100.0,710.6377119255179
2021-03-03,14,0,14,100.0,738.3041313157476
2021-03-04,14,0,14,100.0,730.1655618105389
2021-03-05,14,0,14,100.0,711.0499848528247
2021-03-08,14,0,14,100.0,707.3098628668976
2021-03-09,14,0,14,100.0,715.2959954519565
2021-03-10,14,0,14,100.0,728.7113905434155
2021-03-12,14,0,14,100.0,732.9639482416494
2021-03-15,13,1,14,92.85714285714286,724.0637231644221
2021-03-16,14,0,14,100.0,729.5215297722135
2021-03-17,13,1,14,92.85714285714286,714.6618471198512
2021-03-18,13,1,14,92.85714285714286,703.1739070896194
2021-03-19,13,1,14,92.85714285714286,710.0740484659558
2021-03-22,13,1,14,92.85714285714286,711.1208905731962
2021-03-23,13,1,14,92.85714285714286,713.359851827796
2021-03-24,13,1,14,92.85714285714286,697.6093649827102
2021-03-25,11,3,14,78.57142857142857,683.5916502613923
2021-03-26,12,2,14,85.71428571428571,698.9755833724844
2021-03-30,13,1,14,92.85714285714286,697.258324900733
2021-03-31,12,2,14,85.71428571428571,699.2729776437309
2021-04-01,12,2,14,85.71428571428571,714.0972079447392
2021-04-05,11,3,14,78.57142857142857,690.2371181927796
2021-04-06,12,2,14,85.71428571428571,693.3032431116909
2021-04-07,12,2,14,85.71428571428571,702.4722990069914
2021-04-08,12,2,14,85.71428571428571,699.460130313467
2021-04-09,12,2,14,85.71428571428571,695.1586994842726
2021-04-12,11,3,14,78.57142857142857,647.6403375363371
2021-04-13,11,3,14,78.57142857142857,667.8366538250531
2021-04-15,11,3,14,78.57142857142857,661.7355167501473
2021-04-16,11,3,14,78.57142857142857,663.9495974763835
2021-04-19,11,3,14,78.57142857142857,645.3632796503641
2021-04-20,11,3,14,78.57142857142857,648.6987138140217
2021-04-22,11,3,14,78.57142857142857,652.203223932853
2021-04-23,12,2,14,85.71428571428571,666.4721550232314
2021-04-26,11,3,14,78.57142857142857,662.4603083647906
2021-04-27,11,3,14,78.57142857142857,670.0049011376452
2021-04-28,11,3,14,78.57142857142857,687.1610671597723
2021-04-29,11,3,14,78.57142857142857,692.2634449905262
2021-04-30,11,3,14,78.57142857142857,687.732391439041
2021-05-03,10,4,14,71.42857142857143,685.1209013700171
2021-05-04,10,4,14,71.42857142857143,681.9584870286842
2021-05-05,10,4,14,71.42857142857143,685.682099035635
2021-05-06,10,4,14,71.42857142857143,689.3010579756993
2021-05-07,11,3,14,78.57142857142857,693.5539555333048
2021-05-10,11,3,14,78.57142857142857,698.0541445625043
2021-05-11,11,3,14,78.57142857142857,699.7404822883125
2021-05-12,10,4,14,71.42857142857143,694.2270064729529
2021-05-14,10,4,14,71.42857142857143,689.3493538180091
2021-05-17,11,3,14,78.57142857142857,704.2723191452934
2021-05-18,11,3,14,78.57142857142857,717.445484086236
2021-05-19,11,3,14,78.57142857142857,711.6536046153207
2021-05-20,11,3,14,78.57142857142857,717.0106359750332
2021-05-21,11,3,14,78.57142857142857,724.8936784265968
2021-05-24,11,3,14,78.57142857142857,728.4633719233348
2021-05-25,11,3,14,78.57142857142857,721.6260757091832
2021-05-26,11,3,14,78.57142857142857,725.3311750404552
2021-05-27,11,3,14,78.57142857142857,724.1519601616598
2021-05-28,11,3,14,78.57142857142857,729.5949607136725
2021-05-31,12,2,14,85.71428571428571,736.5811647702081
2021-06-01,11,3,14,78.57142857142857,744.2733684655277
2021-06-02,12,2,14,85.71428571428571,755.5313943870823
2021-06-03,13,1,14,92.85714285714286,769.2685159645442
2021-06-04,14,0,14,100.0,782.4460129481649
2021-06-07,14,0,14,100.0,792.9554957318078
2021-06-08,14,0,14,100.0,786.2604348503339
2021-06-09,12,2,14,85.71428571428571,778.2433039153099
2021-06-10,14,0,14,100.0,797.3782787910155
2021-06-11,14,0,14,100.0,795.5000574399863
2021-06-14,14,0,14,100.0,795.6717865785738
2021-06-15,14,0,14,100.0,799.4068213963102
2021-06-16,14,0,14,100.0,791.221397961526
2021-06-17,13,1,14,92.85714285714286,781.9967388453057
2021-06-18,12,2,14,85.71428571428571,772.4135511762908
2021-06-21,12,2,14,85.71428571428571,775.3207175112865
2021-06-22,13,1,14,92.85714285714286,778.2765108295977
2021-06-23,13,1,14,92.85714285714286,780.6228578457626
2021-06-24,12,2,14,85.71428571428571,774.6894335213924
2021-06-25,13,1,14,92.85714285714286,781.4713932914099
2021-06-28,13,1,14,92.85714285714286,779.8496000351275
2021-06-29,13,1,14,92.85714285714286,774.7883482242305
2021-06-30,13,1,14,92.85714285714286,777.9826690062363
2021-07-01,13,1,14,92.85714285714286,767.9543092217212
2021-07-02,13,1,14,92.85714285714286,769.6810894575697
2021-07-05,13,1,14,92.85714285714286,784.5602056993233
2021-07-06,13,1,14,92.85714285714286,784.0485931596418
2021-07-07,13,1,14,92.85714285714286,788.0647573445573
2021-07-08,13,1,14,92.85714285714286,780.7644711466364
2021-07-09,13,1,14,92.85714285714286,790.9201325401609
2021-07-12,13,1,14,92.85714285714286,793.6242147862682
2021-07-13,13,1,14,92.85714285714286,794.7781234518517
2021-07-14,13,1,14,92.85714285714286,794.3960118940918
2021-07-15,13,1,14,92.85714285714286,798.5352680393997
2021-07-16,13,1,14,92.85714285714286,798.8995421782512
2021-07-19,13,1,14,92.85714285714286,786.8523309717137
2021-07-20,13,1,14,92.85714285714286,782.9744070851386
2021-07-22,13,1,14,92.85714285714286,796.4242769523901
2021-07-23,13,1,14,92.85714285714286,792.094546131028
2021-07-26,12,2,14,85.71428571428571,778.4444242751464
2021-07-27,12,2,14,85.71428571428571,783.2331687698983
2021-07-28,12,2,14,85.71428571428571,778.9498046099334
2021-07-29,12,2,14,85.71428571428571,790.5657509794029
2021-07-30,12,2,14,85.71428571428571,790.2067765963332
2021-08-02,11,3,14,78.57142857142857,801.9863667839774
2021-08-03,11,3,14,78.57142857142857,798.9852001950419
2021-08-04,11,3,14,78.57142857142857,794.7892999556124
2021-08-05,11,3,15,78.57142857142857,796.2707547263691
2021-08-06,11,3,15,78.57142857142857,791.0752317319536
2021-08-09,11,3,15,78.57142857142857,784.9295956444976
2021-08-10,11,3,15,78.57142857142857,771.0844593451734
2021-08-11,11,3,15,78.57142857142857,759.847051387119
2021-08-12,11,3,15,78.57142857142857,766.3209670047415
2021-08-13,10,4,15,71.42857142857143,763.3329520620917
2021-08-16,11,3,15,78.57142857142857,769.9991652350897
2021-08-17,11,3,15,78.57142857142857,765.2590657086478
2021-08-18,10,4,15,71.42857142857143,767.4546984423506
2021-08-20,9,5,15,64.28571428571429,751.779724657154
2021-08-23,8,6,15,57.14285714285714,744.3164277879539
2021-08-24,10,4,15,71.42857142857143,766.9436853616335
2021-08-25,9,5,15,64.28571428571429,764.9993181982077
2021-08-26,9,5,15,64.28571428571429,772.7696574947976
2021-08-27,9,5,15,64.28571428571429,775.9566615163388
2021-08-30,10,4,15,71.42857142857143,793.0630000560068
2021-08-31,11,3,15,78.57142857142857,799.3060706258427
2021-09-01,10,4,15,71.42857142857143,799.9631465495153
2021-09-02,10,4,15,71.42857142857143,805.1804971762894
2021-09-03,10,4,15,71.42857142857143,802.2113640766362
2021-09-06,11,3,15,78.57142857142857,804.8826689935967
2021-09-07,10,4,15,71.42857142857143,806.0803394016423
2021-09-08,11,3,15,78.57142857142857,812.7168732050327
2021-09-09,10,4,15,71.42857142857143,809.5600475994742
2021-09-13,9,5,15,64.28571428571429,813.6629040937288
2021-09-14,10,4,15,71.42857142857143,812.8270752968996
2021-09-15,11,3,15,78.57142857142857,817.4731264669623
2021-09-16,13,1,15,92.85714285714286,818.0844519969108
2021-09-17,12,2,15,85.71428571428571,819.1572003107458
2021-09-20,11,3,15,78.57142857142857,801.0887035653326
2021-09-21,12,2,15,85.71428571428571,810.6436694018545
2021-09-22,13,1,15,92.85714285714286,817.9740131777661
2021-09-23,13,1,15,92.85714285714286,830.5269928368139
2021-09-24,13,1,15,92.85714285714286,821.9259340163051
2021-09-27,11,3,15,78.57142857142857,818.5362623162164
2021-09-28,11,3,15,78.57142857142857,818.3399393558261
2021-09-29,12,2,15,85.71428571428571,822.1070500631395
2021-09-30,12,2,15,85.71428571428571,821.8530709663665
2021-10-01,12,2,15,85.71428571428571,823.586589613893
2021-10-04,13,1,15,92.85714285714286,841.1776346528939
2021-10-05,13,1,15,92.85714285714286,841.2083109228968
2021-10-06,12,2,15,85.71428571428571,829.8610759636125
2021-10-07,13,1,15,92.85714285714286,841.7664480513085
2021-10-08,12,2,15,85.71428571428571,838.7053895291732
2021-10-11,12,2,15,85.71428571428571,841.1800460302806
2021-10-12,12,2,15,85.71428571428571,851.3528280707536
2021-10-13,13,1,15,92.85714285714286,854.9233851296057
2021-10-14,13,1,15,92.85714285714286,857.2724223814153
2021-10-18,13,1,15,92.85714285714286,863.1609874040621
2021-10-19,13,1,15,92.85714285714286,854.4254823487718
2021-10-20,13,1,15,92.85714285714286,841.6122628171063
2021-10-21,13,1,15,92.85714285714286,848.1030132874512
2021-10-22,12,2,15,85.71428571428571,839.2233271801224
2021-10-25,12,2,15,85.71428571428571,829.4459745315202
2021-10-26,12,2,15,85.71428571428571,843.5667223437097
2021-10-27,11,3,15,78.57142857142857,846.2945039385934
2021-10-28,11,3,15,78.57142857142857,830.9644547213381
2021-10-29,11,3,15,78.57142857142857,829.9867856708921
2021-11-01,12,2,15,85.71428571428571,833.0568380296335
2021-11-02,12,2,15,85.71428571428571,847.819606067425
2021-11-03,11,3,15,78.57142857142857,846.5549419787881
2021-11-04,13,1,15,92.85714285714286,857.028141825479
2021-11-08,13,1,15,92.85714285714286,872.0578098345158
2021-11-09,13,1,15,92.85714285714286,865.3487396458123
2021-11-10,13,1,15,92.85714285714286,869.0951221971015
2021-11-11,12,2,15,85.71428571428571,865.4395880097288
2021-11-12,12,2,15,85.71428571428571,869.6111342439704
2021-11-15,11,3,15,78.57142857142857,862.9718877154656
2021-11-16,10,4,15,71.42857142857143,856.6813360337841
2021-11-17,10,4,15,71.42857142857143,851.6624089572966
2021-11-18,10,4,15,71.42857142857143,838.2633342093472
2021-11-22,8,6,15,57.14285714285714,809.0059689032003
2021-11-23,8,6,15,57.14285714285714,814.9113770173595
2021-11-24,9,5,15,64.28571428571429,814.6653609772725
2021-11-25,9,5,15,64.28571428571429,811.3381434814256
2021-11-26,5,9,15,35.714285714285715,779.6626272931156
2021-11-29,5,9,15,35.714285714285715,769.120770166845
2021-11-30,6,8,15,42.857142857142854,767.7558531622183
2021-12-01,6,8,15,42.857142857142854,782.1858009964986
2021-12-02,8,6,15,57.14285714285714,804.0233725105752
2021-12-03,9,5,15,64.28571428571429,801.4181579216009
2021-12-06,7,7,15,50.0,803.4809437880565
2021-12-07,9,5,15,64.28571428571429,811.7592771741051
2021-12-08,9,5,15,64.28571428571429,830.0224620682892
2021-12-09,9,5,15,64.28571428571429,832.8756408955298
2021-12-10,9,5,15,64.28571428571429,840.3903068547502
2021-12-13,10,4,15,71.42857142857143,847.4910668070012
2021-12-14,9,5,15,64.28571428571429,835.8355662418508
2021-12-15,6,8,15,42.857142857142854,819.3209755851937
2021-12-16,5,9,15,35.714285714285715,812.3377721197047
2021-12-17,5,9,15,35.714285714285715,789.9133943433569
2021-12-20,3,11,15,21.428571428571427,759.5829289491027
2021-12-21,3,11,15,21.428571428571427,760.8273783392636
2021-12-22,5,9,15,35.714285714285715,783.4773156424556
2021-12-23,5,9,15,35.714285714285715,796.9147741082631
2021-12-24,5,9,15,35.714285714285715,780.1498888836577
2021-12-27,5,9,15,35.714285714285715,785.8098244144336
2021-12-28,5,9,15,35.714285714285715,793.8402449187242
2021-12-29,5,9,15,35.714285714285715,797.8256135990395
2021-12-30,5,9,15,35.714285714285715,790.6890750553468
2021-12-31,5,9,15,35.714285714285715,800.6157425852359
2022-01-03,6,8,15,42.857142857142854,819.7136889310153
2022-01-04,6,8,15,42.857142857142854,821.73037267178
2022-01-05,7,7,15,50.0,827.3252308092592
2022-01-06,7,7,15,50.0,832.2926446764541
2022-01-07,7,7,15,50.0,831.4154312351613
2022-01-10,7,7,15,50.0,845.089678260174
2022-01-11,7,7,15,50.0,839.7448414710792
2022-01-12,7,7,15,50.0,848.6995430635988
2022-01-13,8,6,15,57.14285714285714,851.9419578280854
2022-01-14,7,7,15,50.0,856.6102279156465
2022-01-17,8,6,15,57.14285714285714,861.6669706357366
2022-01-18,7,7,15,50.0,846.7244531302829
2022-01-19,7,7,15,50.0,842.5050270091295
2022-01-20,7,7,15,50.0,843.909601932026
2022-01-21,5,9,15,35.714285714285715,826.4992575392786
2022-01-24,5,9,15,35.714285714285715,800.181837876148
2022-01-25,6,8,15,42.857142857142854,809.0050149973523
2022-01-27,5,9,15,35.714285714285715,815.9171038475622
2022-01-28,5,9,15,35.714285714285715,821.7660597687752
2022-01-31,5,9,15,35.714285714285715,831.6993046227328
2022-02-01,7,7,15,50.0,842.3308611721085
2022-02-02,10,4,15,71.42857142857143,855.4836475565787
2022-02-03,6,8,15,42.857142857142854,842.2012088347097
2022-02-04,6,8,15,42.857142857142854,837.5809239123281
2022-02-07,6,8,15,42.857142857142854,834.4065924927211
2022-02-08,6,8,15,42.857142857142854,832.0293800197799
2022-02-09,6,8,15,42.857142857142854,847.9304092148728
2022-02-10,6,8,15,42.857142857142854,855.548383015916
2022-02-11,6,8,15,42.857142857142854,838.7648779269922
2022-02-14,4,10,15,28.57142857142857,801.0809193738927
2022-02-15,6,8,15,42.857142857142854,815.0133803455885
2022-02-16,6,8,15,42.857142857142854,823.6126874721867
2022-02-17,6,8,15,42.857142857142854,817.5100201967634
2022-02-18,5,9,15,35.714285714285715,810.1605555899155
2022-02-21,5,9,15,35.714285714285715,798.4000888408575
2022-02-22,5,9,15,35.714285714285715,792.2985308457746
2022-02-23,5,9,15,35.714285714285715,791.6470049297412
2022-02-24,3,11,15,21.428571428571427,740.4663572274029
2022-02-25,5,9,15,35.714285714285715,772.3538353822024
2022-02-28,5,9,15,35.714285714285715,782.0831871285831
2022-03-02,4,10,15,28.57142857142857,775.7715364961311
2022-03-03,4,10,15,28.57142857142857,777.8236804023805
2022-03-04,3,11,15,21.428571428571427,762.7712201948136
2022-03-07,3,11,15,21.428571428571427,732.10180055819
2022-03-08,3,11,15,21.428571428571427,746.450351842247
2022-03-09,3,11,15,21.428571428571427,767.6645760685764
2022-03-10,3,11,15,21.428571428571427,778.234705113686
2022-03-11,4,11,15,26.666666666666668,784.0181197215832
2022-03-14,4,11,15,26.666666666666668,787.8490348286267
2022-03-15,4,11,15,26.666666666666668,777.2548389662859
2022-03-16,5,10,15,33.33333333333333,794.7146055016642
2022-03-17,6,9,15,40.0,806.0336950183698
2022-03-21,5,10,15,33.33333333333333,802.4114462544842
2022-03-22,6,9,15,40.0,811.1957920115744
2022-03-23,6,9,15,40.0,808.2207998051853
2022-03-24,6,9,15,40.0,808.4527917620833
2022-03-25,6,9,15,40.0,805.8356765440126
2022-03-28,6,9,15,40.0,802.0647560083975
2022-03-29,6,9,15,40.0,801.9195649583694
2022-03-30,6,9,15,40.0,813.2395908889894
2022-03-31,6,9,15,40.0,811.8297116120035
2022-04-01,7,8,15,46.666666666666664,834.4502276169824
2022-04-04,8,7,15,53.333333333333336,844.5863340114919
2022-04-05,8,7,15,53.333333333333336,849.5059709186073
2022-04-06,8,7,15,53.333333333333336,850.6367626815386
2022-04-07,8,7,15,53.333333333333336,856.1573826544958
2022-04-08,8,7,15,53.333333333333336,867.8186224025351
2022-04-11,8,7,15,53.333333333333336,872.5905120373193
2022-04-12,7,8,15,46.666666666666664,864.8241790758719
2022-04-13,6,9,15,40.0,869.7838571195164
2022-04-18,7,8,15,46.666666666666664,871.6850126369177
2022-04-19,7,8,15,46.666666666666664,861.773743798409
2022-04-20,5,10,15,33.33333333333333,858.2628319827702
2022-04-21,7,8,15,46.666666666666664,869.8720475220758
2022-04-22,7,8,15,46.666666666666664,857.0173922995062
2022-04-25,5,10,15,33.33333333333333,842.8714054893852
2022-04-26,7,8,15,46.666666666666664,868.5005804170505
2022-04-27,6,9,15,40.0,853.1405023247249
2022-04-28,6,9,15,40.0,855.1367415001531
2022-04-29,5,10,15,33.33333333333333,850.2424400441583
2022-05-02,5,10,15,33.33333333333333,853.1086118557216
2022-05-04,5,10,15,33.33333333333333,823.550766227199
2022-05-05,5,10,15,33.33333333333333,821.5314082730753
2022-05-06,5,10,15,33.33333333333333,802.3921756461533
2022-05-09,5,10,15,33.33333333333333,790.0725970379276
2022-05-10,5,10,15,33.33333333333333,775.9536148202802
2022-05-11,5,10,15,33.33333333333333,758.109550175467
2022-05-12,3,12,15,20.0,733.6539767493193
2022-05-13,5,10,15,33.33333333333333,742.6768310776544
2022-05-16,5,10,15,33.33333333333333,753.8550932829477
2022-05-17,5,10,15,33.33333333333333,776.6430460224406
2022-05-18,5,10,15,33.33333333333333,773.9189607569107
2022-05-19,5,10,15,33.33333333333333,752.3340861760033
2022-05-20,5,10,15,33.33333333333333,764.158842074833
2022-05-23,5,10,15,33.33333333333333,764.2830354925487
2022-05-24,5,10,15,33.33333333333333,750.6608254928094
2022-05-25,3,12,15,20.0,740.1915020235341
2022-05-26,5,10,15,33.33333333333333,753.1805922822276
2022-05-27,5,10,15,33.33333333333333,757.9637910865308
2022-05-30,5,10,15,33.33333333333333,775.9017056814344
2022-05-31,5,10,15,33.33333333333333,783.6381008966213
2022-06-01,5,10,15,33.33333333333333,786.983974795799
2022-06-02,5,10,15,33.33333333333333,800.5828951849832
2022-06-03,5,10,15,33.33333333333333,792.5048978510293
2022-06-06,5,10,15,33.33333333333333,789.5477029832592
2022-06-07,5,10,15,33.33333333333333,780.748856168495
2022-06-08,5,10,15,33.33333333333333,781.9730677910966
2022-06-09,5,10,15,33.33333333333333,783.5207040246365
2022-06-10,5,10,15,33.33333333333333,771.9728018884678
2022-06-13,4,11,15,26.666666666666668,739.4359016008182
2022-06-14,4,11,15,26.666666666666668,738.5704430366958
2022-06-15,5,10,15,33.33333333333333,746.258381094512
2022-06-16,3,12,15,20.0,726.5089674157355
2022-06-17,4,11,15,26.666666666666668,724.0199301757615
2022-06-20,2,13,15,13.333333333333334,707.8928861867059
2022-06-21,3,12,15,20.0,726.9113327887408
2022-06-22,3,12,15,20.0,718.0400776124508
2022-06-23,4,11,15,26.666666666666668,726.124125176203
2022-06-24,5,10,15,33.33333333333333,740.7846781806088
2022-06-27,5,10,15,33.33333333333333,750.0628611926927
2022-06-28,5,10,15,33.33333333333333,748.0179230564296
2022-06-29,5,10,15,33.33333333333333,739.2113386688617
2022-06-30,4,11,15,26.666666666666668,737.0737906018018
2022-07-01,6,9,15,40.0,755.0342243879337
2022-07-04,5,10,15,33.33333333333333,763.9406087024151
2022-07-05,5,10,15,33.33333333333333,760.9670619343412
2022-07-06,6,9,15,40.0,769.3248658713774
2022-07-07,7,8,15,46.666666666666664,775.9484150117814
2022-07-08,6,9,15,40.0,780.5657947577206
2022-07-11,6,9,15,40.0,782.5342286173316
2022-07-12,4,11,15,26.666666666666668,777.2539530542111
2022-07-13,5,10,15,33.33333333333333,778.960305660539
2022-07-14,5,10,15,33.33333333333333,772.0155652408298
2022-07-15,6,9,15,40.0,779.8852919904718
2022-07-18,6,9,15,40.0,804.6610407650392
2022-07-19,7,8,15,46.666666666666664,811.017714169695
2022-07-20,7,8,15,46.666666666666664,808.5089622891322
2022-07-21,7,8,15,46.666666666666664,823.7881933177507
2022-07-22,8,7,15,53.333333333333336,824.8520851538597
2022-07-25,7,8,15,46.666666666666664,821.3421103930222
2022-07-26,7,8,15,46.666666666666664,817.4492220644051
2022-07-27,8,7,15,53.333333333333336,819.9007778063257
2022-07-28,10,5,15,66.66666666666666,838.1660663434843
2022-07-29,10,5,15,66.66666666666666,842.5596000289925
2022-08-01,10,5,15,66.66666666666666,856.5971315339565
2022-08-02,10,5,15,66.66666666666666,865.9430393536196
2022-08-03,11,4,15,73.33333333333333,860.0275158625354
2022-08-04,11,4,15,73.33333333333333,858.5254579602495
2022-08-05,11,4,15,73.33333333333333,866.79028528237
2022-08-08,12,3,15,80.0,868.2679976528659
2022-08-10,11,4,15,73.33333333333333,867.6820072495925
2022-08-11,11,4,15,73.33333333333333,872.8870448050378
2022-08-12,12,3,15,80.0,881.1428924215417
2022-08-16,12,3,15,80.0,872.7027766092855
2022-08-17,12,3,15,80.0,882.9492518135829
2022-08-18,12,3,15,80.0,885.310823778932
2022-08-19,11,4,15,73.33333333333333,871.0522753459188
2022-08-22,11,4,15,73.33333333333333,853.3264857971666
2022-08-23,12,3,15,80.0,869.8264104594839
2022-08-24,12,3,15,80.0,878.6966749801818
2022-08-25,12,3,15,80.0,881.5929118713109
2022-08-26,12,3,15,80.0,888.6244022656056
2022-08-29,11,4,15,73.33333333333333,876.4741873298125
2022-08-30,12,3,15,80.0,895.8465638364737
2022-09-01,13,2,15,86.66666666666667,899.5330848852492
2022-09-02,12,3,15,80.0,898.0724376285922
2022-09-05,12,3,15,80.0,904.9807753877332
2022-09-06,12,3,15,80.0,909.152945487257
2022-09-07,12,3,15,80.0,909.9711637616847
2022-09-08,12,3,15,80.0,914.4200518455916
2022-09-09,12,3,15,80.0,910.8269458546362
2022-09-12,12,3,15,80.0,912.5785829365004
2022-09-13,12,3,15,80.0,915.5415529632475
2022-09-14,12,3,15,80.0,912.0213557348045
2022-09-15,12,3,15,80.0,914.5882069616752
2022-09-16,12,3,15,80.0,897.0500145750764
2022-09-19,12,3,15,80.0,899.1577080699137
2022-09-20,12,3,15,80.0,907.1511708249407
2022-09-21,12,3,15,80.0,899.5514494344839
2022-09-22,12,3,15,80.0,897.8747403168007
2022-09-23,10,5,15,66.66666666666666,867.9957600097661
2022-09-26,10,5,15,66.66666666666666,841.7524987826014
2022-09-27,10,5,15,66.66666666666666,846.6638304889381
2022-09-28,10,5,15,66.66666666666666,843.7912818819358
2022-09-29,10,5,15,66.66666666666666,846.029485358928
2022-09-30,10,5,15,66.66666666666666,858.0773465605341
2022-10-03,9,6,15,60.0,844.3235713838299
2022-10-04,10,5,15,66.66666666666666,869.3758101175447
2022-10-06,10,5,15,66.66666666666666,874.1170823941211
2022-10-07,10,5,15,66.66666666666666,878.0663621450932
2022-10-10,9,6,15,60.0,869.6998680675573
2022-10-11,9,6,15,60.0,857.8215354988927
2022-10-12,9,6,15,60.0,870.014023161425
2022-10-13,9,6,15,60.0,862.0163004940819
2022-10-14,9,6,15,60.0,863.2574728042075
2022-10-17,9,6,15,60.0,867.0594018415486
2022-10-18,11,4,15,73.33333333333333,877.8238315683019
2022-10-19,10,5,15,66.66666666666666,882.038983172186
2022-10-20,10,5,15,66.66666666666666,882.9317033760137
2022-10-21,10,5,15,66.66666666666666,870.0443632112467
2022-10-24,10,5,15,66.66666666666666,877.8291891628415
2022-10-25,10,5,15,66.66666666666666,876.2635287069104
2022-10-27,12,3,15,80.0,882.5439898074553
2022-10-28,12,3,15,80.0,882.6383277042542
2022-10-31,12,3,15,80.0,885.352864899883
2022-11-01,11,4,15,73.33333333333333,886.060176221098
2022-11-02,11,4,15,73.33333333333333,891.9927346736713
2022-11-03,11,4,15,73.33333333333333,898.9515607862696
2022-11-04,12,3,15,80.0,905.1267037277022
2022-11-07,13,2,15,86.66666666666667,915.3990893418575
2022-11-09,14,1,15,93.33333333333333,915.3516555295557
2022-11-10,13,2,15,86.66666666666667,907.3774233529111
2022-11-11,14,1,15,93.33333333333333,909.5056245681411
2022-11-14,14,1,15,93.33333333333333,911.776777019594
2022-11-15,14,1,15,93.33333333333333,909.5428713414392
2022-11-16,14,1,15,93.33333333333333,898.4888649574174
2022-11-17,13,2,15,86.66666666666667,900.3230001882511
2022-11-18,14,1,15,93.33333333333333,894.7418912074268
2022-11-21,13,2,15,86.66666666666667,899.6383734182
2022-11-22,13,2,15,86.66666666666667,904.7015149069555
2022-11-23,13,2,15,86.66666666666667,907.2482087792206
2022-11-24,14,1,15,93.33333333333333,913.5831538477655
2022-11-25,14,1,15,93.33333333333333,924.1531421636431
2022-11-28,14,1,15,93.33333333333333,929.144262133947
2022-11-29,14,1,15,93.33333333333333,924.7780758230682
2022-11-30,14,1,15,93.33333333333333,927.8214368835013
2022-12-01,13,2,15,86.66666666666667,932.3181371972266
2022-12-02,13,2,15,86.66666666666667,941.940767888171
2022-12-05,13,2,15,86.66666666666667,952.4085031139354
2022-12-06,13,2,15,86.66666666666667,948.2513529206745
2022-12-07,12,3,15,80.0,945.8394233238216
2022-12-08,12,3,15,80.0,949.8666051904536
2022-12-09,12,3,15,80.0,940.5426261988974
2022-12-12,12,3,15,80.0,948.5832812259569
2022-12-13,12,3,15,80.0,957.776656068444
2022-12-14,12,3,15,80.0,960.7690194862773
2022-12-15,12,3,15,80.0,957.176147065727
2022-12-16,12,3,15,80.0,941.1195550074124
2022-12-19,13,2,15,86.66666666666667,956.3140261713922
2022-12-20,11,4,15,73.33333333333333,901.2880057895694
2022-12-21,10,5,15,66.66666666666666,880.1756989130178
2022-12-22,10,5,15,66.66666666666666,871.6128214701872
2022-12-23,8,7,15,53.333333333333336,839.1827360647865
2022-12-26,10,5,15,66.66666666666666,870.0595627268762
2022-12-27,10,5,15,66.66666666666666,878.2425891482955
2022-12-28,11,4,15,73.33333333333333,886.3858119997578
2022-12-29,10,5,15,66.66666666666666,879.7418166963656
2022-12-30,11,4,15,73.33333333333333,893.3116793071965
2023-01-02,11,4,15,73.33333333333333,905.5811847280477
2023-01-03,11,4,15,73.33333333333333,909.7512262645782
2023-01-04,11,4,15,73.33333333333333,901.2668828881182
2023-01-05,9,6,15,60.0,893.1446984700352
2023-01-06,9,6,15,60.0,880.4516435782141
2023-01-09,9,6,15,60.0,888.4426021428463
2023-01-10,9,6,15,60.0,880.76100583644
2023-01-11,9,6,15,60.0,879.1636716438019
2023-01-12,9,6,15,60.0,874.8411677645007
2023-01-13,10,5,15,66.66666666666666,881.2329270116187
2023-01-16,9,6,15,60.0,876.6778225796461
2023-01-17,9,6,15,60.0,872.8208455693259
2023-01-18,9,6,15,60.0,876.6311136597895
2023-01-19,9,6,15,60.0,876.2860541244562
2023-01-20,9,6,15,60.0,871.9078048744848
2023-01-23,10,5,15,66.66666666666666,874.8354873214433
2023-01-24,10,5,15,66.66666666666666,874.0214469495788
2023-01-25,10,5,15,66.66666666666666,860.4429690665083
2023-01-27,9,6,15,60.0,842.0917518764162
2023-01-30,10,5,15,66.66666666666666,846.5519083924935
2023-01-31,9,6,15,60.0,862.6216998033007
2023-02-01,10,5,15,66.66666666666666,854.1346205975985
2023-02-02,10,5,15,66.66666666666666,859.3392037227309
2023-02-03,10,5,15,66.66666666666666,869.9632951065312
2023-02-06,10,5,15,66.66666666666666,875.6483043198589
2023-02-07,9,6,15,60.0,877.4466459145013
2023-02-08,10,5,15,66.66666666666666,886.3637945724312
2023-02-09,9,6,15,60.0,889.6741860067038
2023-02-10,9,6,15,60.0,884.8121003098802
2023-02-13,9,6,15,60.0,873.8883020722881
2023-02-14,9,6,15,60.0,877.5127766501249
2023-02-15,9,6,15,60.0,886.22254398525
2023-02-16,9,6,15,60.0,888.4140408224246
2023-02-17,9,6,15,60.0,879.5407969862213
2023-02-20,10,5,15,66.66666666666666,876.2711180193421
2023-02-21,10,5,15,66.66666666666666,871.250602719868
2023-02-22,9,6,15,60.0,856.6472092176535
2023-02-23,9,6,15,60.0,854.487284185237
2023-02-24,9,6,15,60.0,857.6224706198215
2023-02-27,8,7,15,53.333333333333336,849.9747782884435
2023-02-28,6,9,15,40.0,848.8099480508528
2023-03-01,8,7,15,53.333333333333336,859.3341398542697
2023-03-02,8,7,15,53.333333333333336,855.4735311025786
2023-03-03,8,7,15,53.333333333333336,861.3045766734812
2023-03-06,8,7,15,53.333333333333336,873.1963395774778
2023-03-08,8,7,15,53.333333333333336,876.1538207462261
2023-03-09,8,7,15,53.333333333333336,876.1002124026732
2023-03-10,8,7,15,53.333333333333336,865.3236955172582
2023-03-13,6,9,15,40.0,844.6446048898034
2023-03-14,6,9,15,40.0,837.0709271124535
2023-03-15,6,9,15,40.0,833.7906123634118
2023-03-16,6,9,15,40.0,837.1343043038908
2023-03-17,6,9,15,40.0,838.8054591982034
2023-03-20,6,9,15,40.0,823.0043253241886
2023-03-21,6,9,15,40.0,834.5484070565808
2023-03-22,6,9,15,40.0,838.5789640475818
2023-03-23,6,9,15,40.0,836.4745579474331
2023-03-24,6,9,15,40.0,816.0718915092651
2023-03-27,5,10,15,33.33333333333333,807.8897328445981
2023-03-28,6,9,15,40.0,809.3637383317858
2023-03-29,6,9,15,40.0,826.1701031658775
2023-03-31,7,8,15,46.666666666666664,841.8074422673957
2023-04-03,7,8,15,46.666666666666664,851.3817411428354
2023-04-05,7,8,15,46.666666666666664,851.8715263971252
2023-04-06,6,9,15,40.0,868.6471451153299
2023-04-10,6,9,15,40.0,871.1573905441005
2023-04-11,6,9,15,40.0,874.8638732940799
2023-04-12,6,9,15,40.0,871.3500514186958
2023-04-13,7,8,15,46.666666666666664,873.630542985384
2023-04-17,8,7,15,53.333333333333336,883.4295513675794
2023-04-18,9,6,15,60.0,888.6788552233515
2023-04-19,9,6,15,60.0,890.0328312135191
2023-04-20,9,6,15,60.0,889.4056062113657
2023-04-21,9,6,15,60.0,887.7745318237052
2023-04-24,8,7,15,53.333333333333336,893.2555534790307
2023-04-25,8,7,15,53.333333333333336,899.2235730179829
2023-04-26,8,7,15,53.333333333333336,896.8769069557675
2023-04-27,8,7,15,53.333333333333336,906.2071722593973
2023-04-28,9,6,15,60.0,913.9729217503735
2023-05-02,10,5,15,66.66666666666666,920.347317106791
2023-05-03,9,6,15,60.0,920.4620724709091
2023-05-04,10,5,15,66.66666666666666,941.3557497508606
2023-05-05,9,6,15,60.0,931.4159954312771
2023-05-08,11,4,15,73.33333333333333,946.3858621638984
2023-05-09,10,5,15,66.66666666666666,941.0693878789282
2023-05-10,11,4,15,73.33333333333333,944.07786030102
2023-05-11,11,4,15,73.33333333333333,948.0052780330252
2023-05-12,11,4,15,73.33333333333333,943.0179713160679
2023-05-15,11,4,15,73.33333333333333,951.8659559742297
2023-05-16,12,3,15,80.0,954.1157124523595
2023-05-17,11,4,15,73.33333333333333,952.9184259990922
2023-05-18,10,5,15,66.66666666666666,954.257372337373
2023-05-19,9,6,15,60.0,956.0866025603777
2023-05-22,9,6,15,60.0,965.1019694411111
2023-05-23,11,4,15,73.33333333333333,974.8280305612234
2023-05-24,11,4,15,73.33333333333333,973.7112329119666
2023-05-25,11,4,15,73.33333333333333,976.7925208701598
2023-05-26,10,5,15,66.66666666666666,974.1616101494003
2023-05-29,11,4,15,73.33333333333333,981.8795689905581
2023-05-30,11,4,15,73.33333333333333,986.8900158881667
2023-05-31,10,5,15,66.66666666666666,986.2328077176503
2023-06-01,11,4,15,73.33333333333333,994.5961404584018
2023-06-02,11,4,15,73.33333333333333,998.8227412732787
2023-06-05,11,4,15,73.33333333333333,999.9672545793883
2023-06-06,10,5,15,66.66666666666666,1006.354692672668
2023-06-07,12,3,15,80.0,1016.6615759919285
2023-06-08,12,3,15,80.0,1008.2779389860004
2023-06-09,12,3,15,80.0,1011.6125950527185
2023-06-12,12,3,15,80.0,1027.5770054813365
2023-06-13,12,3,15,80.0,1033.2288724109944
2023-06-14,12,3,15,80.0,1024.5199599608486
2023-06-15,12,3,15,80.0,1027.9398166134781
2023-06-16,14,1,15,93.33333333333333,1037.8926830575263
2023-06-19,14,1,15,93.33333333333333,1054.2066968408226
2023-06-20,14,1,15,93.33333333333333,1068.0661206377576
2023-06-21,14,1,15,93.33333333333333,1087.8171211134122
2023-06-22,14,1,15,93.33333333333333,1070.2357750300616
2023-06-23,14,1,15,93.33333333333333,1059.8929422745273
2023-06-26,13,2,15,86.66666666666667,1060.6952447831284
2023-06-27,13,2,15,86.66666666666667,1073.2500400057204
2023-06-28,13,2,15,86.66666666666667,1085.3078593171283
2023-06-30,13,2,15,86.66666666666667,1086.4514520856458
2023-07-03,14,1,15,93.33333333333333,1098.9551290236254
2023-07-04,14,1,15,93.33333333333333,1110.557265759257
2023-07-05,14,1,15,93.33333333333333,1121.4236971354537
2023-07-06,14,1,15,93.33333333333333,1118.99733381131
2023-07-07,14,1,15,93.33333333333333,1113.3136941956925
2023-07-10,14,1,15,93.33333333333333,1113.1988527164065
2023-07-11,14,1,15,93.33333333333333,1113.720747157627
2023-07-12,14,1,15,93.33333333333333,1119.0846607368383
2023-07-13,14,1,15,93.33333333333333,1106.9807841785287
2023-07-14,14,1,15,93.33333333333333,1113.352653270968
2023-07-17,14,1,15,93.33333333333333,1117.2802738230614
2023-07-18,14,1,15,93.33333333333333,1111.5276214624532
2023-07-19,14,1,15,93.33333333333333,1118.9190600062152
2023-07-20,14,1,15,93.33333333333333,1119.8441495474078
2023-07-21,14,1,15,93.33333333333333,1122.9151101984871
2023-07-24,14,1,15,93.33333333333333,1135.9595836685576
2023-07-25,14,1,15,93.33333333333333,1138.8983727181067
2023-07-26,14,1,15,93.33333333333333,1147.0753850057827
2023-07-27,14,1,15,93.33333333333333,1157.735478104565
2023-07-28,14,1,15,93.33333333333333,1160.4590141669366
2023-07-31,14,1,15,93.33333333333333,1175.3785766610038
2023-08-01,14,1,15,93.33333333333333,1173.7704196092275
2023-08-02,14,1,15,93.33333333333333,1156.2985758710897
2023-08-03,14,1,15,93.33333333333333,1151.539476917735
2023-08-04,14,1,15,93.33333333333333,1165.4880273418773
2023-08-07,14,1,15,93.33333333333333,1186.1413761830481
2023-08-08,14,1,15,93.33333333333333,1191.1945376477724
2023-08-09,14,1,15,93.33333333333333,1188.5281584898958
2023-08-10,14,1,15,93.33333333333333,1188.4469182521555
2023-08-11,14,1,15,93.33333333333333,1183.0875530882347
2023-08-14,14,1,15,93.33333333333333,1171.0040863131505
2023-08-16,13,2,15,86.66666666666667,1164.5435426402303
2023-08-17,14,1,15,93.33333333333333,1174.4254473531814
2023-08-18,13,2,15,86.66666666666667,1160.186193000763
2023-08-21,14,1,15,93.33333333333333,1174.0604703495467
2023-08-22,13,2,15,86.66666666666667,1187.9605645317154
2023-08-23,14,1,15,93.33333333333333,1194.549681140756
2023-08-24,14,1,15,93.33333333333333,1197.874629253809
2023-08-25,14,1,15,93.33333333333333,1193.0866995648112
2023-08-28,14,1,15,93.33333333333333,1197.0288014303383
2023-08-29,14,1,15,93.33333333333333,1198.7909469644035
2023-08-30,14,1,15,93.33333333333333,1201.793368607363
2023-08-31,14,1,15,93.33333333333333,1206.7258320818094
2023-09-01,14,1,15,93.33333333333333,1212.0746496834768
2023-09-04,14,1,15,93.33333333333333,1225.1190943924223
2023-09-05,14,1,15,93.33333333333333,1230.221593475046
2023-09-06,14,1,15,93.33333333333333,1218.9715024193101
2023-09-07,14,1,15,93.33333333333333,1227.5503826273325
2023-09-08,14,1,15,93.33333333333333,1252.8568180062923
2023-09-11,14,1,15,93.33333333333333,1263.9629440886624
2023-09-12,14,1,15,93.33333333333333,1218.1561661721864
2023-09-13,14,1,15,93.33333333333333,1225.513256489714
2023-09-14,15,0,15,100.0,1235.070555991756
2023-09-15,15,0,15,100.0,1236.2356480164517
2023-09-18,15,0,15,100.0,1250.7596034261978
2023-09-20,15,0,15,100.0,1262.0425660064516
2023-09-21,15,0,15,100.0,1253.2699356755988
2023-09-22,15,0,15,100.0,1271.0913713316602
2023-09-25,15,0,15,100.0,1277.263952564983
2023-09-26,15,0,15,100.0,1286.8941544741804
2023-09-27,15,0,15,100.0,1305.1296796574397
2023-09-28,15,0,15,100.0,1287.3707647228482
2023-09-29,15,0,15,100.0,1307.2747342107969
2023-10-03,15,0,15,100.0,1315.6001092573727
2023-10-04,15,0,15,100.0,1284.9174989209214
2023-10-05,15,0,15,100.0,1281.4806882219443
2023-10-06,15,0,15,100.0,1304.8397841230606
2023-10-09,15,0,15,100.0,1282.4859755735074
2023-10-10,15,0,15,100.0,1309.1384293060664
2023-10-11,15,0,15,100.0,1316.1300755531786
2023-10-12,15,0,15,100.0,1317.8163835489518
2023-10-13,15,0,15,100.0,1319.3958896132744
2023-10-16,15,0,15,100.0,1316.36395939395
2023-10-17,15,0,15,100.0,1323.750572569319
2023-10-18,15,0,15,100.0,1305.029773547087
2023-10-19,15,0,15,100.0,1305.526238341785
2023-10-20,15,0,15,100.0,1297.3678812283722
2023-10-23,14,1,15,93.33333333333333,1274.633876933992
2023-10-25,14,1,15,93.33333333333333,1265.4252648418055
2023-10-26,14,1,15,93.33333333333333,1254.4068749003422
2023-10-27,15,0,15,100.0,1279.5444149739885
2023-10-30,14,1,15,93.33333333333333,1274.4565555599142
2023-10-31,14,1,15,93.33333333333333,1276.4757994360461
2023-11-01,14,1,15,93.33333333333333,1276.6752607854958
2023-11-02,14,1,15,93.33333333333333,1297.1746560856452
2023-11-03,14,1,15,93.33333333333333,1309.2656707256488
2023-11-06,14,1,15,93.33333333333333,1317.7618307752055
2023-11-07,14,1,15,93.33333333333333,1325.2093892919381
2023-11-08,14,1,15,93.33333333333333,1326.2618088444108
2023-11-09,14,1,15,93.33333333333333,1329.77173310073
2023-11-10,14,1,15,93.33333333333333,1331.9131504662319
2023-11-12,14,1,15,93.33333333333333,1344.1048671750655
2023-11-13,14,1,15,93.33333333333333,1354.7911196088
2023-11-15,15,0,15,100.0,1367.9602298521993
2023-11-16,14,1,15,93.33333333333333,1379.0808345040973
2023-11-17,14,1,15,93.33333333333333,1364.5410570639165
2023-11-20,14,1,15,93.33333333333333,1360.2753169163066
2023-11-21,14,1,15,93.33333333333333,1359.075357752864
2023-11-22,14,1,15,93.33333333333333,1357.6215030343612
2023-11-23,14,1,15,93.33333333333333,1352.9648778022552
2023-11-24,14,1,15,93.33333333333333,1342.6743102752266
2023-11-28,14,1,15,93.33333333333333,1359.272870030531
2023-11-29,14,1,15,93.33333333333333,1392.8026134536956
2023-11-30,14,1,15,93.33333333333333,1416.1807835534296
2023-12-01,14,1,15,93.33333333333333,1428.9403576948355
2023-12-04,14,1,15,93.33333333333333,1470.0905304165606
2023-12-05,14,1,15,93.33333333333333,1458.460860589667
2023-12-06,14,1,15,93.33333333333333,1461.254922976431
2023-12-07,14,1,15,93.33333333333333,1467.3480854083605
2023-12-08,14,1,15,93.33333333333333,1467.81155083676
2023-12-11,14,1,15,93.33333333333333,1478.9075379112899
2023-12-12,14,1,15,93.33333333333333,1475.804167074577
2023-12-13,14,1,15,93.33333333333333,1498.6736429588123
2023-12-14,15,0,15,100.0,1536.0511576867468
2023-12-15,15,0,15,100.0,1531.6111127715399
2023-12-18,15,0,15,100.0,1533.5483261762643
2023-12-19,15,0,15,100.0,1533.8583523819161
2023-12-20,14,1,15,93.33333333333333,1480.950254319294
2023-12-21,14,1,15,93.33333333333333,1490.412862326251
2023-12-22,14,1,15,93.33333333333333,1494.6711705146824
2023-12-26,14,1,15,93.33333333333333,1486.756921511273
2023-12-27,14,1,15,93.33333333333333,1493.8856975656224
2023-12-28,14,1,15,93.33333333333333,1492.4817949491144
2023-12-29,14,1,15,93.33333333333333,1500.126381771234
2024-01-01,14,1,15,93.33333333333333,1506.0354563365138
2024-01-02,14,1,15,93.33333333333333,1498.070257847089
2024-01-03,14,1,15,93.33333333333333,1512.4026348697057
2024-01-04,14,1,15,93.33333333333333,1546.6618272853937
2024-01-05,14,1,15,93.33333333333333,1554.95289142537
2024-01-08,14,1,15,93.33333333333333,1572.2667154568646
2024-01-09,14,1,15,93.33333333333333,1559.9882585599248
2024-01-10,14,1,15,93.33333333333333,1547.210453607305
2024-01-11,14,1,15,93.33333333333333,1568.423020712221
2024-01-12,14,1,15,93.33333333333333,1574.2865117209585
2024-01-15,14,1,15,93.33333333333333,1576.5448591506618
2024-01-16,14,1,15,93.33333333333333,1591.3922884650717
2024-01-17,14,1,15,93.33333333333333,1573.7054394671497
2024-01-18,14,1,15,93.33333333333333,1563.4969500789805
2024-01-19,14,1,15,93.33333333333333,1598.22242683359
2024-01-20,14,1,15,93.33333333333333,1612.1683643367405
2024-01-23,13,2,15,86.66666666666667,1575.2897156029255
2024-01-24,13,2,15,86.66666666666667,1621.8298112351504
2024-01-25,13,2,15,86.66666666666667,1633.5362706444243
2024-01-29,13,2,15,86.66666666666667,1678.1974372791076
2024-01-30,13,2,15,86.66666666666667,1660.7576799097487
2024-01-31,14,1,15,93.33333333333333,1685.1035695536577
2024-02-01,13,2,15,86.66666666666667,1672.251346516273
2024-02-02,14,1,15,93.33333333333333,1684.294607520552
2024-02-05,14,1,15,93.33333333333333,1675.5979866001635
2024-02-06,14,1,15,93.33333333333333,1698.5009525431933
2024-02-07,14,1,15,93.33333333333333,1721.2617825100676
2024-02-08,13,2,15,86.66666666666667,1686.9999626675535
2024-02-09,13,2,15,86.66666666666667,1667.41761797984
2024-02-12,11,4,15,73.33333333333333,1626.4023194771405
2024-02-13,13,2,15,86.66666666666667,1645.9322313610353
2024-02-14,13,2,15,86.66666666666667,1656.9196195742595
2024-02-15,12,3,15,80.0,1654.9132069423056
2024-02-16,14,1,15,93.33333333333333,1662.818679140889
2024-02-19,13,2,15,86.66666666666667,1661.9331129212133
2024-02-20,13,2,15,86.66666666666667,1652.6017342779135
2024-02-21,13,2,15,86.66666666666667,1626.823275436987
2024-02-22,13,2,15,86.66666666666667,1635.4338821236747
2024-02-23,13,2,15,86.66666666666667,1638.6352783034145
2024-02-26,13,2,15,86.66666666666667,1650.0133141616009
2024-02-27,12,3,15,80.0,1623.6156670404948
2024-02-28,11,4,15,73.33333333333333,1588.187452022877
2024-02-29,11,4,15,73.33333333333333,1615.0844237725355
2024-03-01,12,3,15,80.0,1634.1446063306187
2024-03-02,12,3,15,80.0,1633.537810925937
2024-03-04,11,4,15,73.33333333333333,1631.5851304895875
2024-03-05,11,4,15,73.33333333333333,1644.190766730829
2024-03-06,10,5,15,66.66666666666666,1603.1876373902146
2024-03-07,11,4,15,73.33333333333333,1614.188215111243
2024-03-11,11,4,15,73.33333333333333,1602.0578458809503
2024-03-12,11,4,15,73.33333333333333,1593.3368422799288
2024-03-13,10,5,15,66.66666666666666,1529.9203575235056
2024-03-14,10,5,15,66.66666666666666,1553.1298180659364
2024-03-15,10,5,15,66.66666666666666,1537.147128711092
2024-03-18,10,5,15,66.66666666666666,1536.6679639155454
2024-03-19,10,5,15,66.66666666666666,1521.5468205347186
2024-03-20,10,5,15,66.66666666666666,1526.0939969331039
2024-03-21,11,4,15,73.33333333333333,1568.9327850400891
2024-03-22,9,6,15,60.0,1574.0839040792607
2024-03-26,10,5,15,66.66666666666666,1593.2420478593276
2024-03-27,10,5,15,66.66666666666666,1595.557787065393
2024-03-28,12,3,15,80.0,1609.4817581576635
2024-04-01,12,3,15,80.0,1643.7577657957631
2024-04-02,13,2,15,86.66666666666667,1661.9997269068883
2024-04-03,14,1,15,93.33333333333333,1712.3970504599838
2024-04-04,14,1,15,93.33333333333333,1708.27129457578
2024-04-05,13,2,15,86.66666666666667,1718.2734252851951
2024-04-08,13,2,15,86.66666666666667,1725.1662506440452
2024-04-09,13,2,15,86.66666666666667,1713.6291299224722
2024-04-10,13,2,15,86.66666666666667,1709.73182316478
2024-04-12,13,2,15,86.66666666666667,1708.3831786748028
2024-04-15,13,2,15,86.66666666666667,1685.2223647919618
2024-04-16,12,3,15,80.0,1678.4193053416602
2024-04-18,11,4,15,73.33333333333333,1667.4145257907317
2024-04-19,11,4,15,73.33333333333333,1667.4311653281918
2024-04-22,12,3,15,80.0,1684.4124151959263
2024-04-23,13,2,15,86.66666666666667,1690.1676779603229
2024-04-24,14,1,15,93.33333333333333,1703.6393632234674
2024-04-25,13,2,15,86.66666666666667,1706.0393852304476
2024-04-26,11,4,15,73.33333333333333,1696.4267299934204
2024-04-29,11,4,15,73.33333333333333,1706.5658098705426
2024-04-30,13,2,15,86.66666666666667,1735.8246981278362
2024-05-02,12,3,15,80.0,1777.797069865737
2024-05-03,12,3,15,80.0,1782.5169603003487
2024-05-06,12,3,15,80.0,1742.336063219174
2024-05-07,12,3,15,80.0,1703.8036223688391
2024-05-08,12,3,15,80.0,1722.908512402548
2024-05-09,11,4,15,73.33333333333333,1664.6621529564936
2024-05-10,11,4,15,73.33333333333333,1697.235526675683
2024-05-13,11,4,15,73.33333333333333,1700.3048603533643
2024-05-14,11,4,15,73.33333333333333,1705.7536132881746
2024-05-15,11,4,15,73.33333333333333,1716.2710558297424
2024-05-16,11,4,15,73.33333333333333,1743.205728901695
2024-05-17,11,4,15,73.33333333333333,1757.983079111424
2024-05-18,11,4,15,73.33333333333333,1763.4600042723048
2024-05-21,11,4,15,73.33333333333333,1754.5875537951613
2024-05-22,11,4,15,73.33333333333333,1740.0860670076786
2024-05-23,12,3,15,80.0,1755.2829531370182
2024-05-24,12,3,15,80.0,1755.9064814337728
2024-05-27,11,4,15,73.33333333333333,1756.3966689883066
2024-05-28,11,4,15,73.33333333333333,1742.911465014771
2024-05-29,11,4,15,73.33333333333333,1731.5478960977248
2024-05-30,11,4,15,73.33333333333333,1694.6205278793063
2024-05-31,11,4,15,73.33333333333333,1709.2850241369824
2024-06-03,11,4,15,73.33333333333333,1788.7885433268732
2024-06-04,8,7,15,53.333333333333336,1629.4358555214374
2024-06-05,11,4,15,73.33333333333333,1698.8564886044567
2024-06-06,11,4,15,73.33333333333333,1756.9162109648773
2024-06-07,13,2,15,86.66666666666667,1784.3116891812283
2024-06-10,11,4,15,73.33333333333333,1789.0528130025689
2024-06-11,12,3,15,80.0,1805.509496826089
2024-06-12,13,2,15,86.66666666666667,1820.9292999692796
2024-06-13,13,2,15,86.66666666666667,1841.8523466315403
2024-06-14,13,2,15,86.66666666666667,1858.8190379650105
2024-06-18,12,3,15,80.0,1872.0718308519938
2024-06-19,12,3,15,80.0,1852.256917159061
2024-06-20,12,3,15,80.0,1848.442912458647
2024-06-21,12,3,15,80.0,1838.4847970793355
2024-06-24,11,4,15,73.33333333333333,1840.8590022937756
2024-06-25,11,4,15,73.33333333333333,1856.7341135369286
2024-06-26,12,3,15,80.0,1857.430864798726
2024-06-27,12,3,15,80.0,1857.0278437504498
2024-06-28,11,4,15,73.33333333333333,1854.566528372952
2024-07-01,12,3,15,80.0,1879.9432678259116
2024-07-02,12,3,15,80.0,1855.1185727108746
2024-07-03,12,3,15,80.0,1875.4097354658684
2024-07-04,11,4,15,73.33333333333333,1872.4517696325865
2024-07-05,11,4,15,73.33333333333333,1881.1199186625902
2024-07-08,10,5,15,66.66666666666666,1884.5564725970198
2024-07-09,11,4,15,73.33333333333333,1876.4541999050482
2024-07-10,11,4,15,73.33333333333333,1885.157856290466
2024-07-11,11,4,15,73.33333333333333,1887.5649482478882
2024-07-12,11,4,15,73.33333333333333,1908.7939162280084
2024-07-15,11,4,15,73.33333333333333,1920.7112239031674
2024-07-16,11,4,15,73.33333333333333,1911.6902325189662
2024-07-18,13,2,15,86.66666666666667,1918.899115722488
2024-07-19,11,4,15,73.33333333333333,1881.294391758947
2024-07-22,11,4,15,73.33333333333333,1892.3741947374695
2024-07-23,12,3,15,80.0,1867.0970030396215
2024-07-24,10,5,15,66.66666666666666,1887.2661801174825
2024-07-25,10,5,15,66.66666666666666,1865.6363163514914
2024-07-26,10,5,15,66.66666666666666,1910.712492067962
2024-07-29,11,4,15,73.33333333333333,1927.5863444185138
2024-07-30,11,4,15,73.33333333333333,1927.6254082777382
2024-07-31,11,4,15,73.33333333333333,1933.1277457025687
2024-08-01,12,3,15,80.0,1926.9932821803352
2024-08-02,11,4,15,73.33333333333333,1901.9933454424322
2024-08-05,10,5,15,66.66666666666666,1820.7495818133516
2024-08-06,9,6,15,60.0,1788.6240279028636
2024-08-07,9,6,15,60.0,1826.5935503060202
2024-08-08,9,6,15,60.0,1806.216292848589
2024-08-09,9,6,15,60.0,1817.6055752864788
2024-08-12,9,6,15,60.0,1825.9840968045642
2024-08-13,9,6,15,60.0,1787.6834814097733
2024-08-14,9,6,15,60.0,1776.9332929037184
2024-08-16,10,5,15,66.66666666666666,1816.3494477728643
2024-08-19,10,5,15,66.66666666666666,1830.4732204243282
2024-08-20,10,5,15,66.66666666666666,1875.3533609958342
2024-08-21,11,4,15,73.33333333333333,1885.0595738134916
2024-08-22,11,4,15,73.33333333333333,1898.2200566065665
2024-08-23,11,4,15,73.33333333333333,1881.2752236304427
2024-08-26,11,4,15,73.33333333333333,1903.6019084549996
2024-08-27,11,4,15,73.33333333333333,1938.5737619490776
2024-08-28,11,4,15,73.33333333333333,1943.7453561582388
2024-08-29,12,3,15,80.0,1956.1339696785974
2024-08-30,12,3,15,80.0,1959.9224322327455
2024-09-02,12,3,15,80.0,1967.0608385511184
2024-09-03,12,3,15,80.0,1982.6253719397564
2024-09-04,12,3,15,80.0,1972.8482768816882
2024-09-05,12,3,15,80.0,1984.79336575191
2024-09-06,12,3,15,80.0,1962.7275541841727
2024-09-09,12,3,15,80.0,1955.375894171749
2024-09-10,12,3,15,80.0,1940.4249891373042
2024-09-11,12,3,15,80.0,1930.8982342844042
2024-09-12,12,3,15,80.0,1973.9220338122827
2024-09-13,12,3,15,80.0,1987.0234667203267
2024-09-16,12,3,15,80.0,1976.7904624232578
2024-09-17,12,3,15,80.0,1967.123473493783
2024-09-18,12,3,15,80.0,1977.8846818506674
2024-09-19,12,3,15,80.0,1965.0340744254538
2024-09-20,12,3,15,80.0,1973.129899185753
2024-09-23,12,3,15,80.0,1983.8894965221723
2024-09-24,12,3,15,80.0,1967.6750043292232
2024-09-25,12,3,15,80.0,1967.4988366136442
2024-09-26,12,3,15,80.0,1981.1049764797478
2024-09-27,12,3,15,80.0,1990.2276209109245
2024-09-30,12,3,15,80.0,1976.5852183368083
2024-10-01,12,3,15,80.0,1964.4328673743396
2024-10-03,11,4,15,73.33333333333333,1906.4046813002424
2024-10-04,11,4,15,73.33333333333333,1880.3926020435495
2024-10-07,8,7,15,53.333333333333336,1840.0344522661794
2024-10-08,10,5,15,66.66666666666666,1861.6458800609437
2024-10-09,10,5,15,66.66666666666666,1886.1661502681588
2024-10-10,9,6,15,60.0,1869.958255652908
2024-10-11,9,6,15,60.0,1851.3167784819032
2024-10-14,9,6,15,60.0,1849.3661349290037
2024-10-15,10,5,15,66.66666666666666,1847.4375900203092
2024-10-16,9,6,15,60.0,1845.8209555025828
2024-10-17,8,7,15,53.333333333333336,1816.2026311773004
2024-10-18,9,6,15,60.0,1813.6289405180592
2024-10-21,8,7,15,53.333333333333336,1780.9195250365615
2024-10-22,5,10,15,33.33333333333333,1726.7838481133033
2024-10-23,6,9,15,40.0,1730.511746506512
2024-10-24,7,8,15,46.666666666666664,1730.6496140613447
2024-10-25,5,10,15,33.33333333333333,1689.568834839946
2024-10-28,5,10,15,33.33333333333333,1711.2231174628623
2024-10-29,7,8,15,46.666666666666664,1748.2726121119758
2024-10-30,7,8,15,46.666666666666664,1785.306494361632
2024-10-31,5,10,15,33.33333333333333,1764.3177095347387
2024-11-01,6,9,15,40.0,1781.6640656513205
2024-11-04,4,11,15,26.666666666666668,1754.3819988443136
2024-11-05,5,10,15,33.33333333333333,1771.106452694979
2024-11-06,8,7,15,53.333333333333336,1795.8336674774905
2024-11-07,6,9,15,40.0,1774.701483879521
2024-11-08,5,10,15,33.33333333333333,1741.5083147732396
2024-11-11,6,9,15,40.0,1742.5677689277816
2024-11-12,5,10,15,33.33333333333333,1721.5239972401691
2024-11-13,4,11,15,26.666666666666668,1681.3347887660636
2024-11-14,2,13,15,13.333333333333334,1672.0015480375182
2024-11-18,3,12,15,20.0,1686.3132851409862
2024-11-19,4,11,15,26.666666666666668,1693.6738474425294
2024-11-21,2,13,15,13.333333333333334,1663.4621581254492
2024-11-22,3,12,15,20.0,1691.792291368742
2024-11-25,5,10,15,33.33333333333333,1733.6257927897557
2024-11-26,5,10,15,33.33333333333333,1753.487787053505
2024-11-27,5,10,15,33.33333333333333,1761.022707628555
2024-11-28,5,10,15,33.33333333333333,1759.2107825077455
2024-11-29,5,10,15,33.33333333333333,1738.50149611213
2024-12-02,5,10,15,33.33333333333333,1740.4212556166474
2024-12-03,5,10,15,33.33333333333333,1766.3153018424812
2024-12-04,5,10,15,33.33333333333333,1783.2920758349744
2024-12-05,6,9,15,40.0,1791.625104825263
2024-12-06,5,10,15,33.33333333333333,1792.9138819178795
2024-12-09,5,10,15,33.33333333333333,1806.1334768149347
2024-12-10,8,7,15,53.333333333333336,1822.0978801573197
2024-12-11,8,7,15,53.333333333333336,1830.547444608109
2024-12-12,8,7,15,53.333333333333336,1818.0027439228043
2024-12-13,7,8,15,46.666666666666664,1805.8474880091467
2024-12-16,8,7,15,53.333333333333336,1810.8353851547026
2024-12-17,6,9,15,40.0,1775.1272496742945
2024-12-18,6,9,15,40.0,1754.6034059763397
2024-12-19,6,9,15,40.0,1748.9071927252728
2024-12-20,3,12,15,20.0,1701.084061425021
2024-12-23,5,10,15,33.33333333333333,1710.297112300132
2024-12-24,4,11,15,26.666666666666668,1704.199457740197
2024-12-26,2,13,15,13.333333333333334,1710.4257730095735
2024-12-27,2,13,15,13.333333333333334,1713.3509727386258
2024-12-30,3,12,15,20.0,1710.1289744534731
2024-12-31,4,11,15,26.666666666666668,1714.160124377216
2025-01-01,4,11,15,26.666666666666668,1724.4527909989017
2025-01-02,7,8,15,46.666666666666664,1798.6201327329554
2025-01-03,8,7,15,53.333333333333336,1802.3893033208594
2025-01-06,4,11,15,26.666666666666668,1747.073873857716
2025-01-07,4,11,15,26.666666666666668,1755.9952141133624
2025-01-08,4,11,15,26.666666666666668,1762.1639852877206
2025-01-09,3,12,15,20.0,1739.4087198860987
2025-01-10,4,11,15,26.666666666666668,1703.130407909302
2025-01-13,3,12,15,20.0,1646.1690006606343
2025-01-14,4,11,15,26.666666666666668,1709.9145837184367
2025-01-15,4,11,15,26.666666666666668,1693.7438473674085
2025-01-16,3,12,15,20.0,1715.624482556472
2025-01-17,5,10,15,33.33333333333333,1716.7802989502259
2025-01-20,5,10,15,33.33333333333333,1746.555280075448
2025-01-21,5,10,15,33.33333333333333,1725.863289921819
2025-01-22,4,11,15,26.666666666666668,1724.710463777388
2025-01-23,5,10,15,33.33333333333333,1744.8495110422211
2025-01-24,4,11,15,26.666666666666668,1722.1105461557463
2025-01-27,3,12,15,20.0,1669.1438347644282
2025-01-28,4,11,15,26.666666666666668,1693.082836472834
2025-01-29,4,11,15,26.666666666666668,1745.5123287629578
2025-01-30,4,11,15,26.666666666666668,1745.4979130424938
2025-01-31,6,9,15,40.0,1772.5347935966417
2025-02-01,4,11,15,26.666666666666668,1737.9620807971642
2025-02-03,5,10,15,33.33333333333333,1732.433897026883
2025-02-04,7,8,15,46.666666666666664,1783.3087261015748
2025-02-05,7,8,15,46.666666666666664,1799.9990774976186
2025-02-06,7,8,15,46.666666666666664,1794.4275557046146
2025-02-07,7,8,15,46.666666666666664,1794.7148730183173
2025-02-10,5,10,15,33.33333333333333,1762.618593730073
2025-02-11,4,11,15,26.666666666666668,1700.52141218185
2025-02-12,4,11,15,26.666666666666668,1698.350489352308
2025-02-13,5,10,15,33.33333333333333,1732.26020019446
2025-02-14,5,10,15,33.33333333333333,1677.044205971159
2025-02-17,6,9,15,40.0,1702.2152315319117
2025-02-18,5,10,15,33.33333333333333,1688.3697637155856
2025-02-19,6,9,15,40.0,1719.8623563401295
2025-02-20,6,9,15,40.0,1737.2764017109987
2025-02-21,7,8,15,46.666666666666664,1718.9753510126523
2025-02-24,5,10,15,33.33333333333333,1694.9332355398478
2025-02-25,5,10,15,33.33333333333333,1686.121582156549
2025-02-27,7,8,15,46.666666666666664,1719.0735719787774
2025-02-28,7,8,15,46.666666666666664,1672.5768979000893
2025-03-03,6,9,15,40.0,1677.8157056103364
2025-03-04,7,8,15,46.666666666666664,1687.0298893320253
2025-03-05,7,8,15,46.666666666666664,1712.4687444846
2025-03-06,6,9,15,40.0,1741.4562708482026
2025-03-07,6,9,15,40.0,1735.7475257812894
2025-03-10,6,9,15,40.0,1709.8068816751152
2025-03-11,6,9,15,40.0,1713.7815939417305
2025-03-12,7,8,15,46.666666666666664,1717.5293639033277
2025-03-13,7,8,15,46.666666666666664,1706.8048010489026
2025-03-17,7,8,15,46.666666666666664,1729.0685867802406
2025-03-18,7,8,15,46.666666666666664,1765.483350154464
2025-03-19,7,8,15,46.666666666666664,1801.719658906322
2025-03-20,7,8,15,46.666666666666664,1806.4243461630426
2025-03-21,8,7,15,53.333333333333336,1848.2596902724922
2025-03-24,8,7,15,53.333333333333336,1871.5254747769386
2025-03-25,8,7,15,53.333333333333336,1856.6777897889583
2025-03-26,7,8,15,46.666666666666664,1849.29905721517
2025-03-27,7,8,15,46.666666666666664,1850.9414385357925
2025-03-28,7,8,15,46.666666666666664,1842.7951253269177
2025-04-01,6,9,15,40.0,1819.164459920589
2025-04-02,6,9,15,40.0,1822.1742825349843
2025-04-03,7,8,15,46.666666666666664,1836.2747071760768
2025-04-04,7,8,15,46.666666666666664,1810.1761178027846
2025-04-07,6,9,15,40.0,1739.497969865445
2025-04-08,8,7,15,53.333333333333336,1793.7784477352445
2025-04-09,7,8,15,46.666666666666664,1765.9477696642866
2025-04-11,7,8,15,46.666666666666664,1786.8675376830072
2025-04-15,8,7,15,53.333333333333336,1854.8888457725784
2025-04-16,9,6,15,60.0,1878.1253103617057
2025-04-17,9,6,15,60.0,1902.0219922956248
2025-04-21,9,6,15,60.0,1945.9744176436445
2025-04-22,9,6,15,60.0,1946.5425572265087
2025-04-23,9,6,15,60.0,1936.957962531557
2025-04-24,9,6,15,60.0,1927.0753064261276
2025-04-25,9,6,15,60.0,1874.0711188193231
2025-04-28,9,6,15,60.0,1881.2192759548211
2025-04-29,9,6,15,60.0,1879.039415123561
2025-04-30,9,6,15,60.0,1845.2113394476878
2025-05-02,8,7,15,53.333333333333336,1856.2126007298718
2025-05-05,9,6,15,60.0,1885.606868979151
2025-05-06,9,6,15,60.0,1843.1172635945761
2025-05-07,9,6,15,60.0,1875.6585135525756
2025-05-08,9,6,15,60.0,1825.7639231499074
2025-05-09,8,7,15,53.333333333333336,1807.5561548130029
2025-05-12,9,6,15,60.0,1889.6867267724658
2025-05-13,9,6,15,60.0,1880.5131268605987
2025-05-14,10,5,15,66.66666666666666,1903.002568042738
2025-05-15,10,5,15,66.66666666666666,1904.9920875149119
2025-05-16,10,5,15,66.66666666666666,1933.4815376924457
2025-05-19,9,6,15,60.0,1922.0435992496984
2025-05-20,8,7,15,53.333333333333336,1882.9630028093256
2025-05-21,9,6,15,60.0,1905.7000073891584
2025-05-22,9,6,15,60.0,1892.471357609993
2025-05-23,9,6,15,60.0,1917.0700822254978
2025-05-26,10,5,15,66.66666666666666,1937.9558468659084
2025-05-27,10,5,15,66.66666666666666,1941.0008589129056
2025-05-28,10,5,15,66.66666666666666,1957.2663317069537
2025-05-29,10,5,15,66.66666666666666,1955.2974437392384
2025-05-30,10,5,15,66.66666666666666,1948.0267751782424
2025-06-02,10,5,15,66.66666666666666,1953.676545073676
2025-06-03,11,4,15,73.33333333333333,1941.619322540687
2025-06-04,11,4,15,73.33333333333333,1935.8587571197334
2025-06-05,10,5,15,66.66666666666666,1943.9349796127506
2025-06-06,12,3,15,80.0,2003.4484451828173
2025-06-09,12,3,15,80.0,2075.4520545548307
2025-06-10,12,3,15,80.0,2063.908277484479
2025-06-11,12,3,15,80.0,2056.5049346889828
2025-06-12,12,3,15,80.0,2023.5832926642554
2025-06-13,10,5,15,66.66666666666666,2012.48523142606
2025-06-16,12,3,15,80.0,2024.8166491870438
2025-06-17,10,5,15,66.66666666666666,1999.607460446919
2025-06-18,11,4,15,73.33333333333333,1982.2560330368372
2025-06-19,10,5,15,66.66666666666666,1944.3865357073119
2025-06-20,10,5,15,66.66666666666666,1976.790334379959
2025-06-23,10,5,15,66.66666666666666,1994.4746362146584
2025-06-24,11,4,15,73.33333333333333,2018.295222631683
2025-06-25,11,4,15,73.33333333333333,2029.7276015611815
2025-06-26,11,4,15,73.33333333333333,2048.155537309037
2025-06-27,12,3,15,80.0,2062.5181648869034
2025-06-30,12,3,15,80.0,2073.794612763012
2025-07-01,11,4,15,73.33333333333333,2066.3467080999803
2025-07-02,11,4,15,73.33333333333333,2038.6657500592682
2025-07-03,11,4,15,73.33333333333333,2033.0143445822764
2025-07-04,11,4,15,73.33333333333333,2044.756317689156
2025-07-07,11,4,15,73.33333333333333,2035.7368868775773
2025-07-08,12,3,15,80.0,2043.9329950639078
2025-07-09,12,3,15,80.0,2041.1434229179906
2025-07-10,12,3,15,80.0,2054.2602601762287
2025-07-11,12,3,15,80.0,2042.4911985828971
2025-07-14,12,3,15,80.0,2048.634008880755
2025-07-15,13,2,15,86.66666666666667,2064.473505608792
2025-07-16,14,1,15,93.33333333333333,2063.7973041732057
2025-07-17,14,1,15,93.33333333333333,2063.581308650869
2025-07-18,12,3,15,80.0,2056.604439517156
2025-07-21,13,2,15,86.66666666666667,2067.5085396924896
2025-07-22,13,2,15,86.66666666666667,2055.4173734589344
2025-07-23,12,3,15,80.0,2071.9341406025346
2025-07-24,12,3,15,80.0,2061.3194324830965
2025-07-25,11,4,15,73.33333333333333,2008.3264357550893
2025-07-28,11,4,15,73.33333333333333,1981.7150217310334
2025-07-29,12,3,15,80.0,1982.739261247157
2025-07-30,11,4,15,73.33333333333333,1982.9944414894633
2025-07-31,10,5,15,66.66666666666666,1970.9943063477112
2025-08-01,7,8,15,46.666666666666664,1943.404768472113
2025-08-04,11,4,15,73.33333333333333,1984.0581050718026
2025-08-05,10,5,15,66.66666666666666,1984.265526130271
2025-08-06,10,5,15,66.66666666666666,1963.2920776836634
2025-08-07,9,6,15,60.0,1973.0069200793428
2025-08-08,8,7,15,53.333333333333336,1943.4986601299897
2025-08-11,8,7,15,53.333333333333336,1960.877160715243
2025-08-12,8,7,15,53.333333333333336,1951.063936101178
2025-08-13,9,6,15,60.0,1960.982959990411
2025-08-14,8,7,15,53.333333333333336,1980.647454692225
2025-08-18,11,4,15,73.33333333333333,2021.1011089072454
2025-08-19,11,4,15,73.33333333333333,2029.2241050190905
2025-08-20,10,5,15,66.66666666666666,2023.658008793554
2025-08-21,11,4,15,73.33333333333333,2022.0918783221773
2025-08-22,10,5,15,66.66666666666666,2024.0961981800972
2025-08-25,11,4,15,73.33333333333333,2018.669384235147
2025-08-26,10,5,15,66.66666666666666,1978.877636490201
2025-08-28,8,7,15,53.333333333333336,1937.501431703809
2025-08-29,7,8,15,46.666666666666664,1934.2562924090676
2025-09-01,8,7,15,53.333333333333336,1968.4116151135793
2025-09-02,8,7,15,53.333333333333336,1966.096673200996
2025-09-03,9,6,15,60.0,1988.2033892405489
2025-09-04,9,6,15,60.0,1986.2372273706949
2025-09-05,9,6,15,60.0,1997.003510555238
2025-09-08,9,6,15,60.0,2007.94168458082
2025-09-09,9,6,15,60.0,2010.6486823740117
2025-09-10,9,6,15,60.0,2025.0638188676942
2025-09-11,10,5,15,66.66666666666666,2021.5925731312432
2025-09-12,10,5,15,66.66666666666666,2035.7071659681978
2025-09-15,11,4,15,73.33333333333333,2051.3081653493464
2025-09-16,10,5,15,66.66666666666666,2069.343268927853
2025-09-17,11,4,15,73.33333333333333,2084.433253128686
2025-09-18,12,3,15,80.0,2110.4834233790866
2025-09-19,12,3,15,80.0,2111.6381249127057
2025-09-22,12,3,15,80.0,2121.1027955688814
2025-09-23,13,2,15,86.66666666666667,2116.7802955403567
2025-09-24,13,2,15,86.66666666666667,2113.632746628927
2025-09-25,10,5,15,66.66666666666666,2087.730151324029
2025-09-26,9,6,15,60.0,2051.060877966478
2025-09-29,9,6,15,60.0,2058.348342455308
2025-09-30,11,4,15,73.33333333333333,2068.9621542627806
2025-10-01,13,2,15,86.66666666666667,2095.376432188845
2025-10-03,13,2,15,86.66666666666667,2111.0294720187035
2025-10-06,13,2,15,86.66666666666667,2134.8630766640413
2025-10-07,12,3,15,80.0,2128.7125892377485
2025-10-08,11,4,15,73.33333333333333,2119.499193566746
2025-10-09,11,4,15,73.33333333333333,2123.9693001089913
2025-10-10,12,3,15,80.0,2116.299169075086
2025-10-13,12,3,16,80.0,2127.148018290553
2025-10-14,11,4,16,73.33333333333333,2105.88494332759
2025-10-15,12,3,16,80.0,2154.6815598544827
2025-10-16,11,4,16,73.33333333333333,2151.133667342146
2025-10-17,11,4,16,73.33333333333333,2134.3253718301876
2025-10-20,12,3,16,80.0,2145.204300649946
2025-10-21,12,3,16,80.0,2152.5440753852276
2025-10-23,12,3,16,80.0,2153.4160664011415
2025-10-24,12,3,16,80.0,2163.096134718912
2025-10-27,12,3,16,80.0,2175.6189514561947
2025-10-28,12,3,16,80.0,2177.0270606501017
2025-10-29,13,2,16,86.66666666666667,2190.020626197088
2025-10-30,13,2,16,86.66666666666667,2180.5476311412194
2025-10-31,13,2,16,86.66666666666667,2167.4261265830332
2025-11-03,13,2,16,86.66666666666667,2179.673415247767
2025-11-04,13,2,16,86.66666666666667,2168.843166854114
2025-11-06,12,3,16,80.0,2144.0245481647357
2025-11-07,13,2,17,86.66666666666667,2154.1738228293048
2025-11-10,13,2,17,86.66666666666667,2181.1145034753204
2025-11-11,13,2,17,86.66666666666667,2169.573916120063
2025-11-12,12,3,17,80.0,2170.4371750981854
2025-11-13,11,4,17,73.33333333333333,2161.092687917868
2025-11-14,11,4,17,73.33333333333333,2183.774336615008
2025-11-17,12,3,17,80.0,2199.030899080632
2025-11-18,11,4,17,73.33333333333333,2188.2236455517605
2025-11-19,11,4,17,73.33333333333333,2184.212057511065
2025-11-20,11,4,17,73.33333333333333,2202.170087519687
2025-11-21,10,5,17,66.66666666666666,2183.852948557111
2025-11-24,10,5,17,66.66666666666666,2170.104760569034
2025-11-25,10,5,17,66.66666666666666,2181.0163525684084
2025-11-26,10,5,17,66.66666666666666,2201.564921782041
2025-11-27,10,5,17,66.66666666666666,2211.9756024906724
2025-11-28,10,5,17,66.66666666666666,2209.274510554304
2025-12-01,10,5,17,66.66666666666666,2208.077621199681
2025-12-02,10,5,17,66.66666666666666,2191.7112036749804
2025-12-03,10,5,17,66.66666666666666,2165.6850631747557
2025-12-04,10,5,17,66.66666666666666,2160.2211159371836
2025-12-05,11,4,17,73.33333333333333,2187.7629018632083
2025-12-08,10,5,17,66.66666666666666,2133.7936489557565
2025-12-09,10,5,17,66.66666666666666,2148.8301828045287
2025-12-10,10,5,17,66.66666666666666,2142.678003242255
2025-12-11,10,5,17,66.66666666666666,2147.229009496671
2025-12-12,10,5,17,66.66666666666666,2161.9843145869645
2025-12-15,11,4,17,73.33333333333333,2155.4637887568583
2025-12-16,10,5,17,66.66666666666666,2134.802266060999
2025-12-17,11,4,17,73.33333333333333,2133.130351495933
2025-12-18,10,5,17,66.66666666666666,2140.0144539120074
2025-12-19,11,4,17,73.33333333333333,2171.4310781313084
2025-12-22,10,5,17,66.66666666666666,2195.3026720514595
2025-12-23,11,4,17,73.33333333333333,2233.729636957247
2025-12-24,10,5,17,66.66666666666666,2249.0404663631266
2025-12-26,11,4,17,73.33333333333333,2243.4523944033513
2025-12-29,10,5,17,66.66666666666666,2231.394636374235
2025-12-30,10,5,17,66.66666666666666,2234.6790825192566
2025-12-31,11,4,17,73.33333333333333,2262.159834028812
2026-01-01,11,4,17,73.33333333333333,2276.1836535452057
2026-01-02,12,3,17,80.0,2307.115092938265
2026-01-05,12,3,17,80.0,2312.5632023638727
2026-01-06,12,3,17,80.0,2309.6852426438522
2026-01-07,12,3,17,80.0,2305.214266498372
2026-01-08,10,5,17,66.66666666666666,2269.0572973493136
2026-01-09,10,5,17,66.66666666666666,2240.9720611681
2026-01-12,10,5,17,66.66666666666666,2259.476678241698
2026-01-13,10,5,17,66.66666666666666,2271.067365333856
2026-01-14,10,5,17,66.66666666666666,2270.028306454902
2026-01-16,9,6,17,60.0,2270.028306454902
2026-01-19,10,5,17,66.66666666666666,2277.3535070526846
2026-01-20,8,7,17,53.333333333333336,2212.4375361858915
2026-01-21,8,7,17,53.333333333333336,2208.2884746060863
2026-01-22,9,6,17,60.0,2242.7107059704012
2026-01-23,8,7,17,53.333333333333336,2197.5814654616806
2026-01-27,8,7,17,53.333333333333336,2190.9710800063417
2026-01-28,9,6,17,60.0,2222.663271394338
2026-01-29,7,8,17,46.666666666666664,2221.6480411250513
2026-01-30,8,7,17,53.333333333333336,2207.4814603534855
2026-02-01,5,10,17,33.33333333333333,2145.097248538599
2026-02-02,6,9,17,40.0,2151.9531196006506
2026-02-03,10,5,17,66.66666666666666,2219.5884725125693
2026-02-04,11,4,17,73.33333333333333,2252.0286715966677
2026-02-05,11,4,17,73.33333333333333,2237.7899294497665
2026-02-06,12,3,17,80.0,2267.511820740318
2026-02-09,11,4,17,73.33333333333333,2309.250833010616
2026-02-10,11,4,17,73.33333333333333,2310.8208662001452
2026-02-11,11,4,17,73.33333333333333,2307.575948305485
2026-02-12,11,4,17,73.33333333333333,2317.4680477473703
2026-02-13,11,4,17,73.33333333333333,2275.365893909285
2026-02-16,11,4,17,73.33333333333333,2282.6930882220795
2026-02-17,11,4,17,73.33333333333333,2298.486161640442
2026-02-18,11,4,17,73.33333333333333,2309.28227596101
2026-02-19,11,4,17,73.33333333333333,2273.178667794042
2026-02-20,11,4,17,73.33333333333333,2274.273337703218
2026-02-23,11,4,17,73.33333333333333,2281.8455064229047
2026-02-24,11,4,17,73.33333333333333,2276.7432674181814
2026-02-25,12,3,17,80.0,2290.770060025564
2026-02-26,12,3,17,80.0,2294.414593289396
2026-02-27,9,6,17,60.0,2247.7670289136563
2026-03-02,8,7,17,53.333333333333336,2207.189937747685
2026-03-04,6,9,17,40.0,2154.450465585137
2026-03-05,6,9,17,40.0,2184.9055595938603
2026-03-06,6,9,17,40.0,2153.8167886875426
2026-03-09,5,10,17,33.33333333333333,2102.376366703243
2026-03-10,5,10,17,33.33333333333333,2166.5092741373783
2026-03-11,4,11,17,26.666666666666668,2127.965962836653
2026-03-12,5,10,17,33.33333333333333,2121.3778622761756
2026-03-13,6,9,17,40.0,2099.4065121411777
2026-03-16,5,10,17,33.33333333333333,2105.619149172418
2026-03-17,5,10,17,33.33333333333333,2104.8469516693353
2026-03-18,5,10,17,33.33333333333333,2140.286934390635
2026-03-19,3,12,17,20.0,2063.8884864544034
2026-03-20,3,12,17,20.0,2058.5721497835316
2026-03-23,2,13,17,13.333333333333334,1979.194103494633
2026-03-24,2,13,17,13.333333333333334,2027.264347618782
2026-03-25,4,11,17,26.666666666666668,2079.7341518684034
2026-03-27,3,12,17,20.0,2031.3175383767475
2026-03-30,1,14,17,6.666666666666667,1962.2815231001791
2026-04-01,3,12,17,20.0,2022.7590293987514
2026-04-02,2,13,17,13.333333333333334,2013.0267470338229
2026-04-06,3,12,17,20.0,2033.4100944980182
2026-04-07,2,13,17,13.333333333333334,2042.4707559852789
2026-04-08,4,11,17,26.666666666666668,2150.0528134646324
2026-04-09,5,10,17,33.33333333333333,2138.261897268513
2026-04-10,6,9,17,40.0,2171.670714680349
2026-04-13,5,10,17,33.33333333333333,2147.1492163067496
2026-04-15,6,9,17,40.0,2183.3407317563174
2026-04-16,7,8,17,46.666666666666664,2194.9097875937787
2026-04-17,7,8,17,46.666666666666664,2210.139031000547
2026-04-20,7,8,17,46.666666666666664,2213.5047093939165
2026-04-21,9,6,17,60.0,2241.086182248546
2026-04-22,9,6,17,60.0,2254.1770688300053
2026-04-23,7,8,17,46.666666666666664,2227.1861834329193
2026-04-24,7,8,17,46.666666666666664,2212.0002291526102
2026-04-27,8,7,17,53.333333333333336,2221.821929748633
2026-04-28,8,7,17,53.333333333333336,2223.307205993734
2026-04-29,9,6,17,60.0,2224.698638229319
2026-04-30,7,8,17,46.666666666666664,2209.3312128182824
2026-05-04,9,6,17,60.0,2232.867938618856
2026-05-05,10,5,17,66.66666666666666,2263.2359869224397
2026-05-06,12,3,17,80.0,2317.4186262110547
2026-05-07,13,2,17,86.66666666666667,2327.3875814426337
2026-05-08,12,3,17,80.0,2332.3564680024165
2026-05-11,10,5,17,66.66666666666666,2281.946071286918
2026-05-12,9,6,17,60.0,2209.5844175086954
2026-05-13,9,6,17,60.0,2221.5489321549876
2026-05-14,9,6,17,60.0,2230.117642432528
2026-05-15,8,7,17,53.333333333333336,2201.227203515629
2026-05-18,5,10,17,33.33333333333333,2188.216726683436
2026-05-19,5,10,17,33.33333333333333,2184.9737160516997
2026-05-20,6,9,17,40.0,2178.925116855497
2026-05-21,5,10,17,33.33333333333333,2164.4339038525654
2026-05-22,5,11,17,31.25,2181.525450503439
2026-05-25,5,11,17,31.25,2211.3514448740466
2026-05-26,5,11,17,31.25,2209.059267444494
2026-05-27,6,10,17,37.5,2221.2338610299585
2026-05-29,5,11,17,31.25,2194.4732193630402
2026-06-01,6,10,17,37.5,2169.2278693539865
2026-06-02,6,10,17,37.5,2168.9429059842096
2026-06-03,5,11,17,31.25,2181.4249921330343
2026-06-04,6,10,17,37.5,2188.2173355062064
2026-06-05,6,10,17,37.5,2194.209594309663
2026-06-08,5,11,17,31.25,2142.8351820431485
2026-06-09,7,9,17,43.75,2188.0642983718444
2026-06-10,5,11,17,31.25,2149.184168419289
2026-06-11,5,11,17,31.25,2121.1265973331742
2026-06-12,7,9,17,43.75,2231.521045870373
2026-06-15,10,6,17,62.5,2303.358902456502
2026-06-22,11,5,17,68.75,2346.60415282484
2026-06-23,10,7,17,58.82352941176471,2322.144490160142
2026-06-24,12,5,17,70.58823529411765,2362.638011690911
2026-06-25,13,4,17,76.47058823529412,2367.3745449823764
2026-06-29,12,5,17,70.58823529411765,2352.2191005922327
2026-06-30,12,5,17,70.58823529411765,2375.1732133004252
2026-07-01,12,5,17,70.58823529411765,2381.219158837922
2026-07-02,13,4,17,76.47058823529412,2399.6088164371226
2026-07-03,14,3,17,82.35294117647058,2415.1245821323237
2026-07-06,14,3,17,82.35294117647058,2440.5871754112827
2026-07-07,15,2,17,88.23529411764706,2434.732291277027
2026-07-08,12,5,17,70.58823529411765,2380.1726768603558
2026-07-09,12,5,17,70.58823529411765,2410.8796662887285
2026-07-10,13,4,17,76.47058823529412,2437.3591328043985
2026-07-13,13,4,17,76.47058823529412,2433.384653329765
2026-07-14,14,3,17,82.35294117647058,2395.0451168691698
2026-07-15,13,4,17,76.47058823529412,2405.396966916293
2026-07-16,12,5,17,70.58823529411765,2393.163770996745
2026-07-17,14,3,17,82.35294117647058,2399.4459591193604
2026-07-20,14,3,17,82.35294117647058,2408.0192110877897
2026-07-21,14,3,17,82.35294117647058,2438.607568540254
2026-07-22,13,4,17,76.47058823529412,2425.009871550004
2026-07-23,13,4,17,76.47058823529412,2404.631332465503
2026-07-24,13,4,17,76.47058823529412,2389.1595293215496
2026-07-27,14,3,17,82.35294117647058,2434.865494368355
2026-07-28,15,2,17,88.23529411764706,2421.365337156288
2026-07-29,15,2,17,88.23529411764706,2462.678937244075
2026-07-30,14,3,17,82.35294117647058,2452.2754821240605
2026-07-31,14,3,17,82.35294117647058,2500.165145879895
2026-08-03,15,2,17,88.23529411764706,2507.83272202974
2026-08-04,15,2,17,88.23529411764706,2491.474904023256
2026-08-05,14,3,17,82.35294117647058,2514.5598568619666
2026-08-06,14,3,17,82.35294117647058,2517.7444805181394
2026-08-07,14,3,17,82.35294117647058,2485.590551863754
2026-08-10,12,5,17,70.58823529411765,2479.8650770279637
2026-08-11,12,5,17,70.58823529411765,2471.790799971407
2026-08-12,12,5,17,70.58823529411765,2453.376757701381
2026-08-13,12,5,17,70.58823529411765,2467.601234888148
2026-08-14,12,5,17,70.58823529411765,2446.25092752321
2026-08-17,12,5,17,70.58823529411765,2451.535082780449
2026-08-18,12,5,17,70.58823529411765,2454.6475099520103
2026-08-19,12,5,17,70.58823529411765,2444.2827482380267
2026-08-20,12,5,17,70.58823529411765,2459.61195765355
2026-08-21,12,5,17,70.58823529411765,2460.559277388388
2026-08-24,12,5,17,70.58823529411765,2462.4328525084898
2026-08-25,12,5,17,70.58823529411765,2477.063970412038
2026-08-26,13,4,17,76.47058823529412,2499.1495843260223
2026-08-27,13,4,17,76.47058823529412,2483.423979901264
