Date,Above,Below,Total,Percentage,Index_Close
2014-08-07,8,0,8,100.0,131.20237830536954
2014-08-08,8,0,8,100.0,127.18882906666072
2014-08-11,7,1,8,87.5,128.15700204896422
2014-08-12,8,0,8,100.0,129.10503395543142
2014-08-13,7,1,8,87.5,126.92465890050373
2014-08-14,8,0,8,100.0,129.87663372637712
2014-08-18,8,0,8,100.0,132.36011840995857
2014-08-19,8,0,8,100.0,133.6744756502824
2014-08-20,8,0,8,100.0,132.89211104417095
2014-08-21,8,0,8,100.0,130.72169503075685
2014-08-22,8,0,8,100.0,130.79607832258625
2014-08-25,7,1,8,87.5,124.71398080057475
2014-08-26,7,1,8,87.5,124.12890319482119
2014-08-27,7,1,8,87.5,124.68140576322581
2014-08-28,7,1,8,87.5,122.39558675363764
2014-09-01,7,1,8,87.5,126.68793720823484
2014-09-02,7,1,8,87.5,126.15434808379837
2014-09-03,7,1,8,87.5,127.55928239868393
2014-09-04,7,1,8,87.5,124.7416923680781
2014-09-05,7,1,8,87.5,125.73536008473718
2014-09-08,7,1,8,87.5,127.27581793002676
2014-09-09,7,1,8,87.5,127.25039698021494
2014-09-10,7,1,8,87.5,126.5140684761936
2014-09-11,7,1,8,87.5,125.2587358544514
2014-09-12,7,1,8,87.5,124.78964518033293
2014-09-15,7,1,8,87.5,122.52424129730339
2014-09-16,7,1,8,87.5,119.00936790399412
2014-09-17,5,3,8,62.5,118.81073233559465
2014-09-18,6,2,8,75.0,120.95700797580997
2014-09-19,6,2,8,75.0,119.57229181530214
2014-09-22,6,2,8,75.0,118.1312123742134
2014-09-23,5,3,8,62.5,115.12152052526304
2014-09-24,5,3,8,62.5,112.58428029182438
2014-09-25,5,3,8,62.5,107.56273236787297
2014-09-26,5,3,8,62.5,112.69659687518327
2014-09-29,5,3,8,62.5,111.06404908995482
2014-09-30,5,3,8,62.5,108.8891106655996
2014-10-01,5,3,8,62.5,108.7592113089586
2014-10-07,4,4,8,50.0,106.03507389316297
2014-10-08,5,3,8,62.5,107.26129982496168
2014-10-09,5,3,8,62.5,109.02304651770811
2014-10-10,3,5,8,37.5,104.93243150216442
2014-10-13,4,4,8,50.0,106.50669139676599
2014-10-14,5,3,8,62.5,106.42689817745344
2014-10-16,2,6,8,25.0,104.19954426677327
2014-10-17,4,4,8,50.0,104.4179302940297
2014-10-20,6,2,8,75.0,104.57665629139798
2014-10-21,6,2,8,75.0,106.75770887559052
2014-10-22,6,2,8,75.0,108.80274118190754
2014-10-23,6,2,8,75.0,109.75223503741046
2014-10-27,6,2,8,75.0,108.6175648828653
2014-10-28,6,2,8,75.0,108.36474269089533
2014-10-29,6,2,8,75.0,111.16324650756138
2014-10-30,6,2,8,75.0,112.12249792105442
2014-10-31,6,2,8,75.0,114.01532018216338
2014-11-03,6,2,8,75.0,114.62027343412173
2014-11-05,6,2,8,75.0,111.37088077608756
2014-11-07,5,3,8,62.5,110.05115684535993
2014-11-10,6,2,8,75.0,109.31172028310323
2014-11-11,5,3,8,62.5,109.25538788151373
2014-11-12,5,3,8,62.5,108.15655408192086
2014-11-13,5,3,8,62.5,107.70125132128263
2014-11-14,5,3,8,62.5,111.81489988881708
2014-11-17,5,3,8,62.5,110.9607874817598
2014-11-18,5,3,8,62.5,111.51435990610905
2014-11-19,5,3,8,62.5,109.32811640962524
2014-11-20,5,3,8,62.5,107.96511575693981
2014-11-21,5,3,8,62.5,107.51625213827454
2014-11-24,5,3,8,62.5,109.72977465211918
2014-11-25,5,3,8,62.5,107.16532037696906
2014-11-26,5,3,8,62.5,107.71127824514855
2014-11-27,5,3,8,62.5,107.97475063024595
2014-11-28,5,3,8,62.5,108.6497781359674
2014-12-01,5,3,8,62.5,105.94621547274924
2014-12-02,5,3,8,62.5,107.78650395296594
2014-12-03,5,3,8,62.5,108.12276878980396
2014-12-04,5,3,8,62.5,108.07054948672939
2014-12-05,4,4,8,50.0,107.37697661594719
2014-12-08,3,5,8,37.5,106.04193082910764
2014-12-09,3,5,8,37.5,104.15760978075998
2014-12-10,3,5,8,37.5,104.5069857872619
2014-12-11,3,5,8,37.5,103.58080374802748
2014-12-12,2,6,8,25.0,102.39712959582307
2014-12-15,1,7,8,12.5,101.8711265366347
2014-12-16,1,7,8,12.5,98.40260193327475
2014-12-17,1,7,8,12.5,98.56584770640922
2014-12-18,1,7,8,12.5,101.38461422717488
2014-12-19,3,5,8,37.5,102.84222093254223
2014-12-22,3,5,8,37.5,105.6348069450487
2014-12-23,2,6,8,25.0,104.82256824347651
2014-12-24,2,6,8,25.0,103.96433485966784
2014-12-26,2,6,8,25.0,106.04604283668301
2014-12-29,3,5,8,37.5,108.74593810417818
2014-12-30,3,5,8,37.5,108.11268459392949
2014-12-31,4,4,8,50.0,109.28422286757642
2015-01-01,3,5,8,37.5,110.18881712895751
2015-01-02,3,5,8,37.5,110.47636960301708
2015-01-05,2,6,8,25.0,109.56604517073347
2015-01-06,1,7,8,12.5,105.30890788500922
2015-01-07,1,7,8,12.5,104.10624746433332
2015-01-08,1,7,8,12.5,105.93200130101248
2015-01-09,1,7,8,12.5,105.38277417424251
2015-01-12,1,7,8,12.5,103.62862684892984
2015-01-13,1,7,8,12.5,103.16368827571
2015-01-14,1,7,8,12.5,100.72948983665775
2015-01-15,1,7,8,12.5,102.09607712226871
2015-01-16,1,7,8,12.5,102.00991590518113
2015-01-19,1,7,8,12.5,102.39232922739576
2015-01-20,1,7,8,12.5,104.9355656567118
2015-01-21,1,7,8,12.5,104.0411956273563
2015-01-22,1,7,8,12.5,104.33549091517655
2015-01-23,1,7,8,12.5,105.1805654535186
2015-01-27,1,7,8,12.5,104.73915223825104
2015-01-28,1,7,8,12.5,103.40048803308261
2015-01-29,1,7,8,12.5,103.48627011080876
2015-01-30,1,7,8,12.5,102.15264224754148
2015-02-02,0,8,8,0.0,101.98011580522477
2015-02-03,0,8,8,0.0,101.37284791539271
2015-02-04,1,7,8,12.5,102.58931066813524
2015-02-05,1,7,8,12.5,100.8543618553053
2015-02-06,1,7,8,12.5,99.27234944815379
2015-02-09,0,8,8,0.0,97.4035591921459
2015-02-10,1,7,8,12.5,97.97776242123184
2015-02-11,1,7,8,12.5,100.83894582395982
2015-02-12,1,7,8,12.5,100.70753557158861
2015-02-13,1,7,8,12.5,102.96010853299697
2015-02-16,1,7,8,12.5,102.94067764791154
2015-02-18,1,7,8,12.5,102.89561884959299
2015-02-19,1,7,8,12.5,109.12238202644579
2015-02-20,1,7,8,12.5,108.33951937174126
2015-02-23,1,7,8,12.5,106.39028885237364
2015-02-24,1,7,8,12.5,105.2195518340046
2015-02-25,1,7,8,12.5,104.79793464636735
2015-02-26,1,7,8,12.5,103.57409662882333
2015-02-27,1,7,8,12.5,106.6077822150823
2015-02-28,1,7,8,12.5,106.41171996102432
2015-03-02,1,7,8,12.5,105.91914258471824
2015-03-03,1,7,8,12.5,106.64363071909939
2015-03-04,1,7,8,12.5,105.10730279037949
2015-03-05,1,7,8,12.5,103.75679532416231
2015-03-09,1,7,8,12.5,102.52064351326572
2015-03-10,1,7,8,12.5,102.31175343460244
2015-03-11,1,7,8,12.5,102.16091296720533
2015-03-12,2,6,8,25.0,105.67220639837687
2015-03-13,2,6,8,25.0,103.5029153356475
2015-03-16,1,7,8,12.5,101.32042095032794
2015-03-17,1,7,8,12.5,101.50435393879324
2015-03-18,1,7,8,12.5,102.32271384006475
2015-03-19,1,7,8,12.5,101.92096391525244
2015-03-20,1,7,8,12.5,100.4121321728748
2015-03-23,1,7,8,12.5,100.93154504037767
2015-03-24,1,7,8,12.5,99.76946705870293
2015-03-25,1,7,8,12.5,98.315698797251
2015-03-26,1,7,8,12.5,97.13644397001282
2015-03-27,0,8,8,0.0,97.55825885799658
2015-03-30,1,7,8,12.5,98.39858709630556
2015-03-31,1,7,8,12.5,97.63106500827877
2015-04-01,1,7,8,12.5,98.76787158090312
2015-04-06,1,7,8,12.5,98.33068302103311
2015-04-07,1,7,8,12.5,101.78229602819636
2015-04-08,1,7,8,12.5,102.40806456449003
2015-04-09,1,7,8,12.5,103.76960027079977
2015-04-10,1,7,8,12.5,104.3961671134451
2015-04-13,1,7,8,12.5,104.68609654031982
2015-04-15,1,7,8,12.5,103.5691764329133
2015-04-16,1,7,8,12.5,103.94452233844189
2015-04-17,1,7,8,12.5,105.15457785699014
2015-04-20,1,7,8,12.5,102.74696925522855
2015-04-21,1,7,8,12.5,102.16998549827625
2015-04-22,1,7,8,12.5,102.42766652503906
2015-04-23,1,7,8,12.5,103.68972422899338
2015-04-24,1,7,8,12.5,102.30365100071282
2015-04-27,1,7,8,12.5,101.32483466356497
2015-04-28,1,7,8,12.5,101.91750696649693
2015-04-29,1,7,8,12.5,102.32186650862023
2015-04-30,1,7,8,12.5,99.57020377301822
2015-05-04,1,7,8,12.5,101.167075460731
2015-05-05,2,6,8,25.0,104.36078599609758
2015-05-06,1,7,8,12.5,100.47355501430062
2015-05-07,1,7,9,12.5,98.84434922047333
2015-05-08,1,7,9,12.5,99.56476081144537
2015-05-11,2,6,9,25.0,101.9872802221493
2015-05-12,1,7,9,12.5,98.67408341704176
2015-05-13,1,7,9,12.5,99.24948205529395
2015-05-14,1,7,9,12.5,100.28240744779882
2015-05-15,2,6,9,25.0,99.40101097644423
2015-05-18,2,6,9,25.0,101.11997963337225
2015-05-19,2,6,9,25.0,101.0662099194526
2015-05-20,2,6,9,25.0,100.60743933190169
2015-05-21,2,6,9,25.0,100.22015097479556
2015-05-22,2,6,9,25.0,99.65573307531163
2015-05-25,2,6,9,25.0,98.14384515627991
2015-05-26,2,6,9,25.0,98.15952344983036
2015-05-27,2,6,9,25.0,98.03885952052147
2015-05-28,2,6,9,25.0,96.9531588277227
2015-05-29,2,6,9,25.0,97.27810149599037
2015-06-01,2,6,9,25.0,97.15955327723378
2015-06-02,2,6,9,25.0,94.71637170632037
2015-06-03,2,6,9,25.0,92.93460860987864
2015-06-04,2,6,9,25.0,91.57899715267405
2015-06-05,2,6,9,25.0,92.37771641362346
2015-06-08,2,6,9,25.0,91.55262978821915
2015-06-09,2,6,9,25.0,91.62841876677454
2015-06-10,2,6,9,25.0,92.30987150726463
2015-06-11,2,6,9,25.0,90.17994201477447
2015-06-12,2,6,9,25.0,88.83852743487145
2015-06-15,2,6,9,25.0,88.35529997605133
2015-06-16,2,6,9,25.0,88.41802104658757
2015-06-17,2,6,9,25.0,89.380148659725
2015-06-18,2,6,9,25.0,89.28420127887222
2015-06-19,2,6,9,25.0,89.59427222378064
2015-06-22,2,6,9,25.0,90.36673391672294
2015-06-23,2,6,9,25.0,91.76299472211838
2015-06-24,2,6,9,25.0,89.91350574226955
2015-06-25,2,6,9,25.0,90.50557896297707
2015-06-26,2,6,9,25.0,89.70590107719835
2015-06-29,2,6,9,25.0,87.81836130674957
2015-06-30,2,6,9,25.0,88.64254449336033
2015-07-01,2,6,9,25.0,89.75764778828305
2015-07-02,2,6,9,25.0,89.3464778630586
2015-07-03,2,6,9,25.0,87.87820558138223
2015-07-06,2,6,9,25.0,87.58105023783598
2015-07-07,2,6,9,25.0,87.76151210057365
2015-07-08,2,6,9,25.0,84.0250632720548
2015-07-09,2,6,9,25.0,83.95154865820913
2015-07-10,2,6,9,25.0,84.6308565592309
2015-07-13,2,6,9,25.0,84.98012459543686
2015-07-14,2,6,9,25.0,84.75019475729049
2015-07-15,2,6,9,25.0,84.42259376014502
2015-07-16,2,6,9,25.0,84.87979926060946
2015-07-17,2,6,9,25.0,85.42692289451892
2015-07-20,2,6,9,25.0,84.74348876159968
2015-07-21,2,6,9,25.0,83.37302767285186
2015-07-22,2,6,9,25.0,84.1607932320773
2015-07-23,2,6,9,25.0,84.47403581165095
2015-07-24,2,6,9,25.0,83.27480238043745
2015-07-27,2,6,9,25.0,80.80008976744284
2015-07-28,2,6,9,25.0,80.54178845765054
2015-07-29,2,6,9,25.0,81.0876498937632
2015-07-30,2,6,9,25.0,81.13067295269371
2015-07-31,2,6,9,25.0,81.56100766742014
2015-08-03,2,6,9,25.0,81.04133516425281
2015-08-04,2,6,9,25.0,83.06555587891312
2015-08-05,2,6,9,25.0,83.82645894412533
2015-08-06,2,6,9,25.0,83.64632514260433
2015-08-07,2,6,9,25.0,83.77424459300892
2015-08-10,2,6,9,25.0,83.19936775599605
2015-08-11,2,6,9,25.0,80.82500805795019
2015-08-12,1,7,9,12.5,78.10590956535533
2015-08-13,2,6,9,25.0,74.64060921980524
2015-08-14,2,6,9,25.0,76.32774325292577
2015-08-17,3,5,9,37.5,77.43730283661353
2015-08-18,2,6,9,25.0,76.52116192897257
2015-08-19,2,6,9,25.0,76.17275122419726
2015-08-20,1,7,9,12.5,74.09262184201563
2015-08-21,1,7,9,12.5,73.60874988330926
2015-08-24,0,8,9,0.0,68.02801021941596
2015-08-25,0,8,9,0.0,69.87335109416185
2015-08-26,0,8,9,0.0,69.47967644066588
2015-08-27,1,7,9,12.5,72.0400484777476
2015-08-28,1,7,9,12.5,72.84007186195403
2015-08-31,0,8,9,0.0,72.43680971033079
2015-09-01,0,8,9,0.0,69.85465435022213
2015-09-02,0,8,9,0.0,69.39855821214972
2015-09-03,0,8,9,0.0,71.31098286904415
2015-09-04,0,8,9,0.0,68.75651701953977
2015-09-07,0,8,9,0.0,67.33405819730478
2015-09-08,1,7,9,12.5,69.58231177454137
2015-09-09,1,7,9,12.5,73.04221149838776
2015-09-10,1,7,9,12.5,72.14973819875182
2015-09-11,1,7,9,12.5,71.32656785029211
2015-09-14,2,6,9,25.0,73.51717297034297
2015-09-15,1,7,9,12.5,71.3360052501981
2015-09-16,1,7,9,12.5,72.02715567441658
2015-09-18,2,6,9,25.0,73.6920091623492
2015-09-21,1,7,9,12.5,74.77216935603502
2015-09-22,1,7,9,12.5,70.95331461316486
2015-09-23,1,7,9,12.5,70.41958685538076
2015-09-24,1,7,9,12.5,69.61526679851143
2015-09-28,1,7,9,12.5,67.89867743457899
2015-09-29,1,7,9,12.5,66.49814155725278
2015-09-30,1,7,9,12.5,68.3437161393186
2015-10-01,0,8,9,0.0,67.92298262870837
2015-10-05,1,7,9,12.5,71.07311069911823
2015-10-06,1,7,9,12.5,72.42016379857075
2015-10-07,1,7,9,12.5,74.26300268372965
2015-10-08,1,7,9,12.5,74.340890862416
2015-10-09,1,7,9,12.5,75.56514652028706
2015-10-12,1,7,9,12.5,77.23981634565872
2015-10-13,1,7,9,12.5,77.11140892384672
2015-10-14,1,7,9,12.5,77.64364519429868
2015-10-15,1,7,9,12.5,78.39916570185174
2015-10-16,1,7,9,12.5,78.2719892300484
2015-10-19,1,7,9,12.5,77.94111780355514
2015-10-20,1,7,9,12.5,77.91879747599111
2015-10-21,1,7,9,12.5,78.55979007452957
2015-10-23,1,7,9,12.5,78.35878496186665
2015-10-26,1,7,9,12.5,78.36077478894575
2015-10-27,1,7,9,12.5,77.99777157064231
2015-10-28,1,7,9,12.5,78.81532181536431
2015-10-29,2,6,9,25.0,78.75368732409352
2015-10-30,1,7,9,12.5,78.83710578131574
2015-11-02,1,7,9,12.5,76.56126470887355
2015-11-03,1,7,9,12.5,76.14930868811496
2015-11-04,1,7,9,12.5,76.43842832146733
2015-11-05,1,7,9,12.5,74.68006592897503
2015-11-06,1,7,9,12.5,74.5096149731986
2015-11-09,1,7,9,12.5,74.71954368946176
2015-11-10,1,7,9,12.5,73.05510081097275
2015-11-11,1,7,9,12.5,73.82021964348799
2015-11-13,2,6,9,25.0,74.92437287158974
2015-11-16,1,7,9,12.5,75.69181718440132
2015-11-17,1,7,9,12.5,76.95499616670386
2015-11-18,1,7,9,12.5,74.94580920567448
2015-11-19,1,7,9,12.5,76.24711455726356
2015-11-20,1,7,9,12.5,77.19475292269159
2015-11-23,1,7,9,12.5,76.05192531761301
2015-11-24,1,7,9,12.5,75.8790641237873
2015-11-26,1,7,9,12.5,76.32262609401606
2015-11-27,1,7,9,12.5,76.96038541858043
2015-11-30,1,7,9,12.5,77.51881910912219
2015-12-01,2,6,9,25.0,80.15445394795383
2015-12-02,2,6,9,25.0,81.12801829298652
2015-12-03,2,6,9,25.0,80.29201457725937
2015-12-04,2,6,9,25.0,81.83861544745038
2015-12-07,2,6,9,25.0,81.94876377264818
2015-12-08,2,6,9,25.0,78.75760476333907
2015-12-09,2,6,9,25.0,75.92255345905502
2015-12-10,2,7,9,22.22222222222222,77.8709239375896
2015-12-11,2,7,9,22.22222222222222,77.78481060934102
2015-12-14,2,7,9,22.22222222222222,80.53583674498167
2015-12-15,2,7,9,22.22222222222222,80.16856792037797
2015-12-16,2,7,9,22.22222222222222,80.15925576252141
2015-12-17,2,7,9,22.22222222222222,82.65911156458314
2015-12-18,2,7,9,22.22222222222222,81.28187310639305
2015-12-21,2,7,9,22.22222222222222,82.52637858461553
2015-12-22,2,7,9,22.22222222222222,81.93627772920527
2015-12-23,2,7,9,22.22222222222222,83.69856037092437
2015-12-24,2,7,9,22.22222222222222,84.14965824308723
2015-12-28,2,7,9,22.22222222222222,83.24455595559738
2015-12-29,2,7,9,22.22222222222222,83.04520331906069
2015-12-30,2,7,9,22.22222222222222,83.38976268891132
2015-12-31,2,7,9,22.22222222222222,83.78292792216257
2016-01-01,2,7,9,22.22222222222222,83.7521446334072
2016-01-04,2,7,9,22.22222222222222,82.56762317845184
2016-01-05,3,6,9,33.33333333333333,85.3856313956276
2016-01-06,2,7,9,22.22222222222222,83.61095331940074
2016-01-07,2,7,9,22.22222222222222,79.15111821787593
2016-01-08,2,7,9,22.22222222222222,79.67060107376146
2016-01-11,2,7,9,22.22222222222222,79.42709182809209
2016-01-12,2,7,9,22.22222222222222,78.33290138266477
2016-01-13,2,7,9,22.22222222222222,77.24050972407184
2016-01-14,2,7,9,22.22222222222222,75.56839581996421
2016-01-15,2,7,9,22.22222222222222,72.21763989040853
2016-01-18,2,7,9,22.22222222222222,70.65454541327559
2016-01-19,2,7,9,22.22222222222222,71.5740453392015
2016-01-20,2,7,9,22.22222222222222,69.27333847738733
2016-01-21,2,7,9,22.22222222222222,68.88628498140721
2016-01-22,2,7,9,22.22222222222222,72.38288099056233
2016-01-25,2,7,9,22.22222222222222,72.78021509792184
2016-01-27,2,7,9,22.22222222222222,72.9091740099004
2016-01-28,2,7,9,22.22222222222222,71.85668384768621
2016-01-29,2,7,9,22.22222222222222,72.70183267226503
2016-02-01,2,7,9,22.22222222222222,72.60592418419056
2016-02-02,2,7,9,22.22222222222222,68.94350318686075
2016-02-03,2,7,9,22.22222222222222,66.65481143328749
2016-02-04,2,7,9,22.22222222222222,68.53945397762644
2016-02-05,2,7,9,22.22222222222222,71.9869101524661
2016-02-08,2,7,9,22.22222222222222,71.17015360740012
2016-02-09,2,7,9,22.22222222222222,70.1400480974745
2016-02-10,2,7,9,22.22222222222222,69.10561123125655
2016-02-11,2,7,9,22.22222222222222,65.87791507878791
2016-02-12,2,7,9,22.22222222222222,65.12141641877365
2016-02-15,2,7,9,22.22222222222222,71.02255495849063
2016-02-16,2,7,9,22.22222222222222,69.28746319180254
2016-02-17,2,7,9,22.22222222222222,69.61565417574316
2016-02-18,2,7,9,22.22222222222222,70.1662198486412
2016-02-19,2,7,9,22.22222222222222,70.99498340837509
2016-02-22,2,7,9,22.22222222222222,71.18731010813723
2016-02-23,2,7,9,22.22222222222222,70.42047276701204
2016-02-24,2,7,9,22.22222222222222,69.2444106397645
2016-02-25,1,8,9,11.11111111111111,68.51683950739493
2016-02-26,1,8,9,11.11111111111111,68.94592942387204
2016-02-29,1,8,9,11.11111111111111,69.02810457188819
2016-03-01,2,7,9,22.22222222222222,70.8633581583006
2016-03-02,2,7,9,22.22222222222222,72.73035530577057
2016-03-03,3,6,9,33.33333333333333,76.43670175917266
2016-03-04,4,5,9,44.44444444444444,77.62091315026541
2016-03-08,3,6,9,33.33333333333333,79.82123022852511
2016-03-09,3,6,9,33.33333333333333,78.9249156978084
2016-03-10,4,5,9,44.44444444444444,79.65903627774019
2016-03-11,3,6,9,33.33333333333333,78.81625787637356
2016-03-14,3,6,9,33.33333333333333,78.904722191277
2016-03-15,3,6,9,33.33333333333333,79.0249258841915
2016-03-16,3,6,9,33.33333333333333,77.89677526223956
2016-03-17,3,6,9,33.33333333333333,78.10717805310601
2016-03-18,3,6,9,33.33333333333333,79.92707148711598
2016-03-21,4,5,9,44.44444444444444,80.13440201314437
2016-03-22,4,5,9,44.44444444444444,81.1591049495656
2016-03-23,4,5,9,44.44444444444444,82.61684214700779
2016-03-28,3,6,9,33.33333333333333,78.82635782254054
2016-03-29,3,6,9,33.33333333333333,78.33206143547233
2016-03-30,4,5,9,44.44444444444444,80.93530213959933
2016-03-31,4,5,9,44.44444444444444,80.54615320875277
2016-04-01,4,5,9,44.44444444444444,80.74139012502992
2016-04-04,4,5,9,44.44444444444444,81.52568355488036
2016-04-05,4,5,9,44.44444444444444,79.1169366739081
2016-04-06,4,5,9,44.44444444444444,81.15886002211025
2016-04-07,4,5,9,44.44444444444444,80.31203018952311
2016-04-08,4,5,9,44.44444444444444,81.50336688585985
2016-04-11,5,4,9,55.55555555555556,83.84543494640259
2016-04-12,4,5,9,44.44444444444444,82.12284230999913
2016-04-13,4,5,9,44.44444444444444,83.84300603057385
2016-04-18,5,4,9,55.55555555555556,84.68250494099281
2016-04-20,6,3,9,66.66666666666666,88.51448174739733
2016-04-21,6,3,9,66.66666666666666,88.49805269318
2016-04-22,6,3,9,66.66666666666666,88.01082669285717
2016-04-25,6,3,9,66.66666666666666,86.95475892953833
2016-04-26,6,3,9,66.66666666666666,88.72520621257122
2016-04-27,6,3,9,66.66666666666666,88.58877510144804
2016-04-28,6,3,9,66.66666666666666,86.69831508796455
2016-04-29,5,4,9,55.55555555555556,86.53978095042179
2016-05-02,5,4,9,55.55555555555556,87.50729822671704
2016-05-03,5,4,9,55.55555555555556,86.53000262887541
2016-05-04,5,4,9,55.55555555555556,83.02064922397912
2016-05-05,5,4,9,55.55555555555556,83.08272052328981
2016-05-06,5,4,9,55.55555555555556,82.56880962793716
2016-05-09,5,4,9,55.55555555555556,83.35577544405174
2016-05-10,5,4,9,55.55555555555556,82.15751361997184
2016-05-11,5,4,9,55.55555555555556,81.67121498751008
2016-05-12,5,4,9,55.55555555555556,82.53987638287417
2016-05-13,5,4,9,55.55555555555556,80.70995389106498
2016-05-16,5,4,9,55.55555555555556,80.89511458585173
2016-05-17,5,4,9,55.55555555555556,80.64690526947722
2016-05-18,5,4,9,55.55555555555556,81.76266420748651
2016-05-19,5,4,9,55.55555555555556,80.12678703945247
2016-05-20,5,4,9,55.55555555555556,80.06998569427441
2016-05-23,5,4,9,55.55555555555556,79.35624406389597
2016-05-24,5,4,9,55.55555555555556,78.97293434336325
2016-05-25,5,4,9,55.55555555555556,80.10577397581098
2016-05-26,5,4,9,55.55555555555556,81.11853706554177
2016-05-27,5,4,9,55.55555555555556,82.22903008453683
2016-05-30,5,4,9,55.55555555555556,83.41037651203881
2016-05-31,5,4,9,55.55555555555556,84.07267161047129
2016-06-01,5,4,9,55.55555555555556,82.92172718819636
2016-06-02,6,3,9,66.66666666666666,83.70461330642294
2016-06-03,6,3,9,66.66666666666666,83.85366040168458
2016-06-06,6,3,9,66.66666666666666,83.95262961008152
2016-06-07,6,3,9,66.66666666666666,85.10911151096352
2016-06-08,6,3,9,66.66666666666666,85.76509461576896
2016-06-09,6,3,9,66.66666666666666,87.20248991721327
2016-06-10,6,3,9,66.66666666666666,87.7817254126617
2016-06-13,6,3,9,66.66666666666666,86.14279440522807
2016-06-14,6,3,9,66.66666666666666,87.55829101674894
2016-06-15,6,3,9,66.66666666666666,88.16997718195869
2016-06-16,6,3,9,66.66666666666666,88.8402240564694
2016-06-17,6,3,9,66.66666666666666,88.73309211059969
2016-06-20,6,3,9,66.66666666666666,89.94203853334471
2016-06-21,6,3,9,66.66666666666666,89.65186923309355
2016-06-22,6,3,9,66.66666666666666,89.26922191862444
2016-06-23,6,3,9,66.66666666666666,89.42490538041244
2016-06-24,6,3,9,66.66666666666666,86.02961467514568
2016-06-27,6,3,9,66.66666666666666,86.74569014229233
2016-06-28,6,3,9,66.66666666666666,87.93234675717638
2016-06-29,6,3,9,66.66666666666666,89.13422314952939
2016-06-30,7,2,9,77.77777777777779,90.90920996828453
2016-07-01,8,1,9,88.88888888888889,92.05183371031532
2016-07-04,8,1,9,88.88888888888889,93.1905501321984
2016-07-05,8,1,9,88.88888888888889,93.57867942235384
2016-07-07,8,1,9,88.88888888888889,93.45623970181374
2016-07-08,7,2,9,77.77777777777779,92.7361417030703
2016-07-11,7,2,9,77.77777777777779,94.53830591925812
2016-07-12,8,1,9,88.88888888888889,98.0643232155409
2016-07-13,8,1,9,88.88888888888889,99.15803804833864
2016-07-14,8,1,9,88.88888888888889,99.2710121811386
2016-07-15,8,1,9,88.88888888888889,99.65403382439393
2016-07-18,7,2,9,77.77777777777779,98.05211435040505
2016-07-19,7,2,9,77.77777777777779,98.37832612144646
2016-07-20,7,2,9,77.77777777777779,98.30469955799902
2016-07-21,7,2,9,77.77777777777779,97.29598283031513
2016-07-22,7,2,9,77.77777777777779,99.18211712813643
2016-07-25,7,2,9,77.77777777777779,99.74486489630382
2016-07-26,8,1,9,88.88888888888889,101.70634782702506
2016-07-27,8,1,9,88.88888888888889,105.00312238085155
2016-07-28,9,0,9,100.0,105.14417645712196
2016-07-29,9,0,9,100.0,103.82652328711559
2016-08-01,9,0,9,100.0,107.54372748395737
2016-08-02,9,0,9,100.0,105.34132384230965
2016-08-03,9,0,9,100.0,104.31973905531208
2016-08-04,9,0,9,100.0,106.55586239023343
2016-08-05,9,0,9,100.0,109.69618162719554
2016-08-08,9,0,9,100.0,110.54582292242297
2016-08-09,9,0,9,100.0,109.36740112411982
2016-08-10,9,0,9,100.0,108.56462320799704
2016-08-11,9,0,9,100.0,108.42557295049338
2016-08-12,9,0,9,100.0,109.02941266592426
2016-08-16,9,0,9,100.0,109.90648039406383
2016-08-17,9,0,9,100.0,112.08897004942784
2016-08-18,9,0,9,100.0,112.63888980995993
2016-08-19,9,0,9,100.0,114.6118692214241
2016-08-22,9,0,9,100.0,113.89922832268698
2016-08-23,9,0,9,100.0,113.54891572140137
2016-08-24,9,0,9,100.0,113.52718228144127
2016-08-25,9,0,9,100.0,111.81357944819517
2016-08-26,9,0,9,100.0,110.46255290709819
2016-08-29,9,0,9,100.0,111.85428207506027
2016-08-30,9,0,9,100.0,113.01991397869232
2016-08-31,9,0,9,100.0,111.3739724479989
2016-09-01,9,0,9,100.0,111.26054183130756
2016-09-02,9,0,9,100.0,110.91730428671562
2016-09-06,9,0,9,100.0,112.52307094968485
2016-09-07,9,0,9,100.0,114.73527290169076
2016-09-08,9,0,9,100.0,116.0414360704062
2016-09-09,9,0,9,100.0,113.61657620020442
2016-09-12,9,0,9,100.0,108.02381778201718
2016-09-14,9,0,9,100.0,108.43279955669982
2016-09-15,9,0,9,100.0,108.58959431597617
2016-09-16,9,0,9,100.0,106.7145203899224
2016-09-19,9,0,9,100.0,107.85056142428127
2016-09-20,9,0,9,100.0,108.09239263679645
2016-09-21,9,0,9,100.0,108.30852469081971
2016-09-22,9,0,9,100.0,109.74885930995326
2016-09-23,9,0,9,100.0,109.92406942311277
2016-09-26,9,0,9,100.0,109.82663374260069
2016-09-27,9,0,9,100.0,109.9856614610194
2016-09-28,9,0,9,100.0,113.44743751475079
2016-09-29,9,0,9,100.0,107.41440914549617
2016-09-30,9,0,9,100.0,109.34014091243871
2016-10-03,9,0,9,100.0,112.0385957434708
2016-10-04,9,0,9,100.0,113.8622927604222
2016-10-05,9,0,9,100.0,114.59694439288215
2016-10-06,9,0,9,100.0,116.3125996157214
2016-10-07,9,0,9,100.0,117.79644924450959
2016-10-10,9,0,9,100.0,120.16976466858628
2016-10-13,9,0,9,100.0,117.00722612316576
2016-10-14,9,0,9,100.0,118.14102738689873
2016-10-17,9,0,9,100.0,118.30964785714377
2016-10-18,9,0,9,100.0,121.62637338848836
2016-10-19,9,0,9,100.0,122.170587311933
2016-10-20,9,0,9,100.0,124.03418640490824
2016-10-21,9,0,9,100.0,123.59484391318216
2016-10-24,9,0,9,100.0,122.96674573795539
2016-10-25,9,0,9,100.0,122.39971687316095
2016-10-26,9,0,9,100.0,121.70168764828513
2016-10-27,9,0,9,100.0,120.98507581252065
2016-10-28,9,0,9,100.0,123.33448180451876
2016-10-30,9,0,9,100.0,123.50247486041326
2016-11-01,9,0,9,100.0,126.87946629193252
2016-11-02,9,0,9,100.0,125.05497887562423
2016-11-03,9,0,9,100.0,123.91760896435677
2016-11-04,8,1,9,88.88888888888889,120.3055092283895
2016-11-07,9,0,9,100.0,123.04851351122923
2016-11-08,9,0,9,100.0,124.28444193134247
2016-11-09,9,0,9,100.0,122.21211185305319
2016-11-10,9,0,9,100.0,130.30733499552315
2016-11-11,9,0,9,100.0,127.54765432857072
2016-11-15,9,0,9,100.0,121.02189217201591
2016-11-16,8,1,9,88.88888888888889,119.45469883545643
2016-11-17,7,2,9,77.77777777777779,119.48427306012874
2016-11-18,7,2,9,77.77777777777779,117.7937816473261
2016-11-21,7,2,9,77.77777777777779,113.33599827035725
2016-11-22,7,2,9,77.77777777777779,116.59844546275507
2016-11-23,7,2,9,77.77777777777779,118.9971650574516
2016-11-24,7,2,9,77.77777777777779,119.39635390873254
2016-11-25,7,2,9,77.77777777777779,122.11762374115081
2016-11-28,8,1,9,88.88888888888889,124.43930916194199
2016-11-29,9,0,9,100.0,123.3353480085297
2016-11-30,9,0,9,100.0,124.1087556074726
2016-12-01,7,2,9,77.77777777777779,121.53379691212996
2016-12-02,7,2,9,77.77777777777779,119.78852072291069
2016-12-05,7,2,9,77.77777777777779,122.3730997373622
2016-12-06,8,1,9,88.88888888888889,123.80029232388728
2016-12-07,8,1,9,88.88888888888889,124.04645464135953
2016-12-08,9,0,9,100.0,127.76250236150342
2016-12-09,8,1,9,88.88888888888889,128.3601796425454
2016-12-12,8,1,9,88.88888888888889,128.25947197411944
2016-12-13,8,1,9,88.88888888888889,128.11547741133734
2016-12-14,8,1,9,88.88888888888889,125.68691225806785
2016-12-15,8,1,9,88.88888888888889,126.05490797432975
2016-12-16,8,1,9,88.88888888888889,124.16614174104757
2016-12-19,8,1,9,88.88888888888889,123.47835794406579
2016-12-20,8,1,9,88.88888888888889,122.56019286340434
2016-12-21,8,1,9,88.88888888888889,122.6300841544236
2016-12-22,7,2,9,77.77777777777779,119.2089597604179
2016-12-23,7,2,9,77.77777777777779,118.44201727357353
2016-12-26,6,3,9,66.66666666666666,114.71042682168411
2016-12-27,7,2,9,77.77777777777779,117.66102074358325
2016-12-28,7,2,9,77.77777777777779,117.44225691689279
2016-12-29,7,2,9,77.77777777777779,119.18919998972821
2016-12-30,7,2,9,77.77777777777779,119.59772174727814
2017-01-02,7,2,9,77.77777777777779,122.26977371123479
2017-01-03,7,2,9,77.77777777777779,122.89878285835141
2017-01-04,6,3,9,66.66666666666666,110.81888083025969
2017-01-05,7,2,9,77.77777777777779,114.64869407835663
2017-01-06,7,2,9,77.77777777777779,114.141560228851
2017-01-09,7,2,9,77.77777777777779,114.1793504156936
2017-01-10,7,2,9,77.77777777777779,115.65347310684888
2017-01-11,8,1,9,88.88888888888889,121.04525718737827
2017-01-12,8,1,9,88.88888888888889,121.03295260745442
2017-01-13,8,1,9,88.88888888888889,120.53954248877909
2017-01-16,8,1,9,88.88888888888889,121.68118028512905
2017-01-17,7,2,9,77.77777777777779,120.17477583198321
2017-01-18,7,2,9,77.77777777777779,123.64330938131684
2017-01-19,7,2,9,77.77777777777779,123.81660173709963
2017-01-20,7,2,9,77.77777777777779,120.46017353155784
2017-01-23,7,2,9,77.77777777777779,124.05082039676844
2017-01-24,7,2,9,77.77777777777779,125.84707541304519
2017-01-25,8,1,9,88.88888888888889,127.63498950343018
2017-01-27,8,1,9,88.88888888888889,128.23948180138777
2017-01-30,8,1,9,88.88888888888889,129.92890163662867
2017-01-31,7,2,9,77.77777777777779,128.33131640947437
2017-02-01,8,1,9,88.88888888888889,132.0996941721406
2017-02-02,8,1,9,88.88888888888889,132.481302186823
2017-02-03,8,1,9,88.88888888888889,132.73119655132544
2017-02-06,8,1,9,88.88888888888889,134.14471466219715
2017-02-07,8,1,9,88.88888888888889,132.3783640447956
2017-02-08,8,1,9,88.88888888888889,133.1775640899925
2017-02-09,8,1,9,88.88888888888889,132.40676127381633
2017-02-10,8,1,9,88.88888888888889,130.92156586471145
2017-02-13,8,1,9,88.88888888888889,130.6533978924941
2017-02-14,8,1,9,88.88888888888889,129.11239869514768
2017-02-15,8,1,9,88.88888888888889,127.25024580779834
2017-02-16,8,1,9,88.88888888888889,130.12855279815588
2017-02-17,8,1,9,88.88888888888889,130.0127211207449
2017-02-20,8,1,9,88.88888888888889,133.37295127084457
2017-02-21,8,1,9,88.88888888888889,135.4187209255621
2017-02-22,8,1,9,88.88888888888889,133.93053479636413
2017-02-23,8,1,9,88.88888888888889,134.68486859037844
2017-02-27,8,1,9,88.88888888888889,136.56970331317038
2017-02-28,8,1,9,88.88888888888889,138.77687952381515
2017-03-01,8,1,9,88.88888888888889,141.2037722930964
2017-03-02,8,1,9,88.88888888888889,139.6907734210306
2017-03-03,8,1,9,88.88888888888889,140.69415565882323
2017-03-06,8,1,9,88.88888888888889,140.78999495365863
2017-03-07,8,1,9,88.88888888888889,139.18998568727977
2017-03-08,8,1,9,88.88888888888889,138.4094518909009
2017-03-09,8,1,9,88.88888888888889,137.97876587009014
2017-03-10,8,1,9,88.88888888888889,138.43090424213815
2017-03-14,7,2,9,77.77777777777779,140.145764212728
2017-03-15,7,2,9,77.77777777777779,140.8643719396265
2017-03-16,7,2,9,77.77777777777779,145.54046235381395
2017-03-17,7,2,9,77.77777777777779,145.0264084924858
2017-03-20,7,2,9,77.77777777777779,144.29369181607737
2017-03-21,7,2,9,77.77777777777779,143.77354409520007
2017-03-22,7,2,9,77.77777777777779,141.2373551424017
2017-03-23,7,2,9,77.77777777777779,142.5688961249319
2017-03-24,7,2,9,77.77777777777779,142.84350530815337
2017-03-27,7,2,9,77.77777777777779,138.88050435426942
2017-03-28,7,2,9,77.77777777777779,139.9654455182551
2017-03-29,7,2,9,77.77777777777779,140.62441013450774
2017-03-30,7,2,9,77.77777777777779,140.13659344559363
2017-03-31,7,2,9,77.77777777777779,141.82386618126583
2017-04-03,7,2,9,77.77777777777779,144.0485274033781
2017-04-05,7,2,9,77.77777777777779,146.33525201277604
2017-04-06,7,2,9,77.77777777777779,148.67242606448704
2017-04-07,7,2,9,77.77777777777779,146.65579244498804
2017-04-10,7,2,9,77.77777777777779,147.86128247567495
2017-04-11,7,2,9,77.77777777777779,146.98862468548302
2017-04-12,7,2,9,77.77777777777779,145.39839376599843
2017-04-13,7,2,9,77.77777777777779,141.14679788590777
2017-04-17,7,2,9,77.77777777777779,139.8504568892369
2017-04-18,7,2,9,77.77777777777779,137.50327623306703
2017-04-19,7,2,9,77.77777777777779,136.7107881072723
2017-04-20,7,2,9,77.77777777777779,136.9337935125905
2017-04-21,7,2,9,77.77777777777779,136.5884116003257
2017-04-24,7,2,9,77.77777777777779,137.87745308307237
2017-04-25,7,2,9,77.77777777777779,138.57790969687323
2017-04-26,7,2,9,77.77777777777779,138.43221938493534
2017-04-27,7,2,9,77.77777777777779,137.37057471063332
2017-04-28,7,2,9,77.77777777777779,138.87286834372242
2017-05-02,7,2,9,77.77777777777779,137.94293204402405
2017-05-03,7,2,9,77.77777777777779,137.62224199331433
2017-05-04,7,2,9,77.77777777777779,137.0994893751597
2017-05-05,7,2,9,77.77777777777779,133.667987047893
2017-05-08,7,2,9,77.77777777777779,134.0729710564289
2017-05-09,7,2,9,77.77777777777779,135.37068743379922
2017-05-10,7,2,9,77.77777777777779,137.05300644991533
2017-05-11,7,2,9,77.77777777777779,138.2949820833178
2017-05-12,7,2,9,77.77777777777779,138.20030226341936
2017-05-15,7,2,9,77.77777777777779,141.40587314691794
2017-05-16,7,2,9,77.77777777777779,139.771990884036
2017-05-17,7,2,9,77.77777777777779,142.42873440937643
2017-05-18,7,2,9,77.77777777777779,137.8976559149583
2017-05-19,7,2,9,77.77777777777779,138.26126138394793
2017-05-22,6,3,9,66.66666666666666,137.3372155256033
2017-05-23,6,3,9,66.66666666666666,135.89924299244674
2017-05-24,6,3,9,66.66666666666666,133.11680013776862
2017-05-25,6,3,9,66.66666666666666,135.88794930902353
2017-05-26,6,3,9,66.66666666666666,140.42074830113444
2017-05-29,6,3,9,66.66666666666666,138.77218698999465
2017-05-30,6,3,9,66.66666666666666,138.94858171142909
2017-05-31,6,3,9,66.66666666666666,137.335481718723
2017-06-01,6,3,9,66.66666666666666,137.1736728666005
2017-06-02,6,3,9,66.66666666666666,137.32032164151477
2017-06-05,6,3,9,66.66666666666666,136.59257187426513
2017-06-06,6,3,9,66.66666666666666,135.68894258278573
2017-06-07,6,3,9,66.66666666666666,136.85987084896328
2017-06-08,6,3,9,66.66666666666666,137.96890015023996
2017-06-09,6,3,9,66.66666666666666,140.0280506996166
2017-06-12,6,3,9,66.66666666666666,139.88204366220407
2017-06-13,6,3,9,66.66666666666666,138.9206726926029
2017-06-14,6,3,9,66.66666666666666,138.14892287356975
2017-06-15,6,3,9,66.66666666666666,138.17613793393076
2017-06-16,6,3,9,66.66666666666666,138.1767927238868
2017-06-19,6,3,9,66.66666666666666,140.3801014087009
2017-06-20,6,3,9,66.66666666666666,140.16880561271674
2017-06-21,6,3,9,66.66666666666666,138.61876212308044
2017-06-22,6,3,9,66.66666666666666,137.02698225779218
2017-06-23,6,3,9,66.66666666666666,135.30338771279355
2017-06-27,6,3,9,66.66666666666666,133.9574093538344
2017-06-28,6,3,9,66.66666666666666,136.13748979651874
2017-06-29,6,3,9,66.66666666666666,138.74018587440818
2017-06-30,6,3,9,66.66666666666666,138.64490495441822
2017-07-03,6,3,9,66.66666666666666,141.5312365472518
2017-07-04,6,3,9,66.66666666666666,141.05081322734304
2017-07-05,6,3,9,66.66666666666666,143.54427249626872
2017-07-06,6,3,9,66.66666666666666,144.1001900078931
2017-07-07,6,3,9,66.66666666666666,144.70493801070293
2017-07-10,6,3,9,66.66666666666666,147.54521690048193
2017-07-11,6,3,9,66.66666666666666,147.4623863129273
2017-07-12,6,3,9,66.66666666666666,148.3032575805626
2017-07-13,6,3,9,66.66666666666666,148.99472002781383
2017-07-14,6,3,9,66.66666666666666,148.11130691646608
2017-07-17,6,3,9,66.66666666666666,149.35804202490667
2017-07-18,6,3,9,66.66666666666666,149.01331133934562
2017-07-19,6,3,9,66.66666666666666,153.5377211650088
2017-07-20,6,3,9,66.66666666666666,152.9448479819119
2017-07-21,6,3,9,66.66666666666666,153.14577770345147
2017-07-24,6,3,9,66.66666666666666,152.45637639941344
2017-07-25,6,3,9,66.66666666666666,153.44729224464058
2017-07-26,6,3,9,66.66666666666666,156.9502698549658
2017-07-27,6,3,9,66.66666666666666,155.5270057601474
2017-07-28,6,3,9,66.66666666666666,154.03447954189429
2017-07-31,7,2,9,77.77777777777779,156.88878347700123
2017-08-01,7,2,9,77.77777777777779,158.09216481614575
2017-08-02,6,3,9,66.66666666666666,158.58380885951752
2017-08-03,6,3,9,66.66666666666666,153.43853165311054
2017-08-04,6,3,9,66.66666666666666,156.71903687702746
2017-08-07,6,3,9,66.66666666666666,158.50473402078416
2017-08-08,7,2,9,77.77777777777779,158.93918367185216
2017-08-09,7,2,9,77.77777777777779,157.06115061248082
2017-08-10,6,3,9,66.66666666666666,152.8940107132271
2017-08-11,5,4,9,55.55555555555556,149.0929585118568
2017-08-14,5,4,9,55.55555555555556,154.447539239474
2017-08-16,6,3,9,66.66666666666666,156.81211683015545
2017-08-17,6,3,9,66.66666666666666,157.80293849147262
2017-08-18,6,3,9,66.66666666666666,156.68601515506114
2017-08-21,6,3,9,66.66666666666666,154.6551263578503
2017-08-22,6,3,9,66.66666666666666,155.05353437632766
2017-08-23,6,3,9,66.66666666666666,158.8486275899405
2017-08-24,6,3,9,66.66666666666666,160.53972273768434
2017-08-28,6,3,9,66.66666666666666,161.22276976915458
2017-08-29,6,3,9,66.66666666666666,159.13209457218142
2017-08-30,7,2,9,77.77777777777779,163.51009946640565
2017-08-31,7,2,9,77.77777777777779,162.81620839915584
2017-09-01,7,2,9,77.77777777777779,167.28434912461012
2017-09-04,7,2,9,77.77777777777779,167.6866456379473
2017-09-05,7,2,9,77.77777777777779,168.76199610014518
2017-09-06,7,2,9,77.77777777777779,169.62723282875038
2017-09-07,7,2,9,77.77777777777779,172.36363122491034
2017-09-08,7,2,9,77.77777777777779,172.92494512611822
2017-09-11,7,2,9,77.77777777777779,173.96658819442098
2017-09-12,7,2,9,77.77777777777779,175.72951824516701
2017-09-13,7,2,9,77.77777777777779,174.1938135883695
2017-09-14,7,2,9,77.77777777777779,174.80287062784535
2017-09-15,7,2,9,77.77777777777779,175.25404184941735
2017-09-18,7,2,9,77.77777777777779,176.91346657227535
2017-09-19,7,2,9,77.77777777777779,176.00403997363264
2017-09-20,7,2,9,77.77777777777779,175.19164007406474
2017-09-21,7,2,9,77.77777777777779,173.94592886399084
2017-09-22,5,4,9,55.55555555555556,165.5316078557584
2017-09-25,5,4,9,55.55555555555556,162.16315936545288
2017-09-26,5,4,9,55.55555555555556,166.88241272383812
2017-09-27,5,4,9,55.55555555555556,162.94830650582506
2017-09-28,5,4,9,55.55555555555556,163.84035958260367
2017-09-29,5,4,9,55.55555555555556,165.5361601371855
2017-10-03,6,3,9,66.66666666666666,167.68775958154848
2017-10-04,5,4,9,55.55555555555556,167.7584824023056
2017-10-05,6,3,9,66.66666666666666,168.14105036056844
2017-10-06,6,3,9,66.66666666666666,173.33012590767447
2017-10-09,6,3,9,66.66666666666666,173.93313949967975
2017-10-10,6,3,9,66.66666666666666,174.07987569727027
2017-10-11,6,3,9,66.66666666666666,171.30547890432237
2017-10-12,6,3,9,66.66666666666666,174.9389148830249
2017-10-13,6,3,9,66.66666666666666,177.0783063413474
2017-10-16,7,2,9,77.77777777777779,179.80412722870597
2017-10-17,7,2,9,77.77777777777779,179.9689522583191
2017-10-18,7,2,9,77.77777777777779,179.6373087334581
2017-10-19,7,2,9,77.77777777777779,177.95061149650658
2017-10-23,7,2,9,77.77777777777779,178.6462843551359
2017-10-24,8,1,9,88.88888888888889,180.79088623585608
2017-10-25,8,1,9,88.88888888888889,182.54486861085874
2017-10-26,9,0,9,100.0,188.4573643321201
2017-10-27,9,0,9,100.0,189.41249493244234
2017-10-30,9,0,9,100.0,189.54898409812066
2017-10-31,9,0,9,100.0,186.3277249824445
2017-11-01,9,0,9,100.0,189.34830810600053
2017-11-02,9,0,9,100.0,188.41333724716307
2017-11-03,9,0,9,100.0,189.93410568485285
2017-11-06,9,0,9,100.0,189.2896459970038
2017-11-07,9,0,9,100.0,185.26389547921102
2017-11-08,9,0,9,100.0,183.1091532725507
2017-11-09,9,0,9,100.0,184.3348754365096
2017-11-10,9,0,9,100.0,185.84707304173645
2017-11-13,9,0,9,100.0,183.9092150750993
2017-11-14,8,1,9,88.88888888888889,183.96496744733207
2017-11-15,7,2,9,77.77777777777779,177.21100055570037
2017-11-16,7,2,9,77.77777777777779,179.35647972712158
2017-11-17,8,1,9,88.88888888888889,182.09344720503867
2017-11-20,9,0,9,100.0,185.30252620425068
2017-11-21,9,0,9,100.0,185.64451158930444
2017-11-22,8,1,9,88.88888888888889,184.20081718549378
2017-11-23,8,1,9,88.88888888888889,183.97283829989203
2017-11-24,8,1,9,88.88888888888889,183.47824218421428
2017-11-27,9,0,9,100.0,182.67970042620658
2017-11-28,9,0,9,100.0,182.7271441962658
2017-11-29,9,0,9,100.0,181.2723736974277
2017-11-30,9,0,9,100.0,180.164786158831
2017-12-01,9,0,9,100.0,178.06209816295737
2017-12-04,8,1,9,88.88888888888889,178.58618682914792
2017-12-05,8,1,9,88.88888888888889,176.73467593668056
2017-12-06,8,1,9,88.88888888888889,173.41031134431924
2017-12-07,8,1,9,88.88888888888889,176.7498391998982
2017-12-08,8,1,9,88.88888888888889,178.74857088496933
2017-12-11,8,1,9,88.88888888888889,178.4492766481127
2017-12-12,8,1,9,88.88888888888889,176.62170360007846
2017-12-13,8,1,9,88.88888888888889,174.39497541327114
2017-12-14,8,1,9,88.88888888888889,174.10045530617722
2017-12-15,9,0,9,100.0,178.07381998434377
2017-12-18,8,1,9,88.88888888888889,181.60850015340927
2017-12-19,8,1,9,88.88888888888889,184.88582576225053
2017-12-20,9,0,9,100.0,186.9096235944929
2017-12-21,8,1,9,88.88888888888889,188.70012758194744
2017-12-22,8,1,9,88.88888888888889,188.8172310681383
2017-12-26,8,1,9,88.88888888888889,192.88862426613852
2017-12-27,8,1,9,88.88888888888889,192.36735231869676
2017-12-28,8,1,9,88.88888888888889,195.34102037921403
2017-12-29,8,1,9,88.88888888888889,194.54827866401516
2018-01-01,8,1,9,88.88888888888889,194.81026692577643
2018-01-02,9,0,9,100.0,196.32195923951426
2018-01-03,9,0,9,100.0,199.96444381199026
2018-01-04,9,0,9,100.0,210.26274959798775
2018-01-05,9,0,9,100.0,210.73456379082728
2018-01-08,9,0,9,100.0,214.9022348123168
2018-01-09,9,0,9,100.0,213.19261514187082
2018-01-10,9,0,9,100.0,214.50458042512236
2018-01-11,9,0,9,100.0,215.04010690625321
2018-01-12,9,0,9,100.0,215.1478435212221
2018-01-15,9,0,9,100.0,215.47023307311724
2018-01-16,9,0,9,100.0,209.18437974463458
2018-01-17,9,0,9,100.0,210.82078819243927
2018-01-18,9,0,9,100.0,204.84541163281258
2018-01-19,9,0,9,100.0,206.48009655389035
2018-01-22,9,0,9,100.0,205.46297765715192
2018-01-23,9,0,9,100.0,215.50023719951454
2018-01-24,9,0,9,100.0,210.82491560454565
2018-01-25,9,0,9,100.0,211.37640820839093
2018-01-29,9,0,9,100.0,210.15967834104487
2018-01-30,9,0,9,100.0,208.83730883114225
2018-01-31,9,0,9,100.0,205.21640029701564
2018-02-01,9,0,9,100.0,205.46942289512597
2018-02-02,9,0,9,100.0,197.1607546569425
2018-02-05,9,0,9,100.0,196.99416348156936
2018-02-06,9,0,9,100.0,193.5903083721214
2018-02-07,9,0,9,100.0,194.34882209267948
2018-02-08,9,0,9,100.0,199.26491660736164
2018-02-09,9,0,9,100.0,202.8916348293261
2018-02-12,9,0,9,100.0,206.79182764564342
2018-02-14,9,0,9,100.0,207.28428812367872
2018-02-15,9,0,9,100.0,206.36454763323604
2018-02-16,9,0,9,100.0,201.41228172393295
2018-02-19,9,0,9,100.0,197.73586070755488
2018-02-20,9,0,9,100.0,199.2107599457185
2018-02-21,9,0,9,100.0,195.8101648473037
2018-02-22,9,0,9,100.0,195.41128237342764
2018-02-23,9,0,9,100.0,201.65627656021024
2018-02-26,9,0,9,100.0,204.02840917049886
2018-02-27,9,0,9,100.0,201.69082185491158
2018-02-28,9,0,9,100.0,198.85722773196704
2018-03-01,9,0,9,100.0,196.85593542376586
2018-03-05,6,3,9,66.66666666666666,189.3126456641181
2018-03-06,6,3,9,66.66666666666666,187.84124700796863
2018-03-07,6,3,9,66.66666666666666,185.0298141593688
2018-03-08,5,4,9,55.55555555555556,184.54912010251044
2018-03-09,4,5,9,44.44444444444444,179.75028718330202
2018-03-12,5,4,9,55.55555555555556,183.6070382737572
2018-03-13,5,4,9,55.55555555555556,184.7596081179311
2018-03-14,5,4,9,55.55555555555556,184.16424663987198
2018-03-15,5,4,9,55.55555555555556,184.74636742741845
2018-03-16,5,4,9,55.55555555555556,182.53287654444728
2018-03-19,4,5,9,44.44444444444444,176.21709136041858
2018-03-20,5,4,9,55.55555555555556,179.71070559218649
2018-03-21,5,4,9,55.55555555555556,179.49579841633846
2018-03-22,5,4,9,55.55555555555556,178.9947164248724
2018-03-23,3,6,9,33.33333333333333,172.70926579843032
2018-03-26,3,6,9,33.33333333333333,175.06091533975544
2018-03-27,5,4,9,55.55555555555556,179.9982984733946
2018-03-28,3,6,9,33.33333333333333,175.93992093743034
2018-04-02,4,5,9,44.44444444444444,178.9482812902222
2018-04-03,4,5,9,44.44444444444444,181.34570865445275
2018-04-04,3,6,9,33.33333333333333,176.6623306487556
2018-04-05,5,4,9,55.55555555555556,184.227733383673
2018-04-06,4,5,9,44.44444444444444,184.43147269477217
2018-04-09,4,5,9,44.44444444444444,184.60606789737128
2018-04-10,5,4,9,55.55555555555556,187.89406703428608
2018-04-11,5,4,9,55.55555555555556,189.78933567112915
2018-04-12,5,4,9,55.55555555555556,187.46513145788873
2018-04-13,6,3,9,66.66666666666666,190.18179041855902
2018-04-16,6,3,9,66.66666666666666,190.94156936407387
2018-04-17,6,3,9,66.66666666666666,191.92587955730534
2018-04-18,6,3,9,66.66666666666666,192.97935844405444
2018-04-19,8,1,9,88.88888888888889,200.8284640109846
2018-04-20,7,2,9,77.77777777777779,199.30854415185502
2018-04-23,8,1,9,88.88888888888889,198.4413613847591
2018-04-24,6,3,9,66.66666666666666,195.98692302633353
2018-04-25,6,3,9,66.66666666666666,193.4412053199554
2018-04-26,4,5,9,44.44444444444444,191.9364056647254
2018-04-27,5,4,9,55.55555555555556,192.77897654755284
2018-04-30,6,3,9,66.66666666666666,192.59665420695416
2018-05-02,3,6,9,33.33333333333333,186.01934066438463
2018-05-03,3,6,9,33.33333333333333,187.11873596220477
2018-05-04,3,6,9,33.33333333333333,184.36346384849804
2018-05-07,4,5,9,44.44444444444444,189.09280262088032
2018-05-08,4,5,9,44.44444444444444,188.0638518293574
2018-05-09,4,5,9,44.44444444444444,188.28910696654674
2018-05-10,3,6,9,33.33333333333333,185.20134890507418
2018-05-11,3,6,9,33.33333333333333,188.0577705852443
2018-05-14,3,6,9,33.33333333333333,187.2156856140831
2018-05-15,2,7,9,22.22222222222222,186.48419900713782
2018-05-16,2,7,9,22.22222222222222,187.12216452578028
2018-05-17,4,5,9,44.44444444444444,187.30760068549625
2018-05-18,3,6,9,33.33333333333333,182.70749102703704
2018-05-21,3,6,9,33.33333333333333,179.13972633883208
2018-05-22,3,6,9,33.33333333333333,181.7771099315334
2018-05-23,3,6,9,33.33333333333333,175.427471412025
2018-05-24,3,6,9,33.33333333333333,177.5861354251785
2018-05-25,4,5,9,44.44444444444444,181.5861337007914
2018-05-28,4,5,9,44.44444444444444,184.94715156411294
2018-05-29,4,5,9,44.44444444444444,185.60163625735467
2018-05-30,4,5,9,44.44444444444444,185.6145866806501
2018-05-31,4,5,9,44.44444444444444,184.29573912782058
2018-06-01,3,6,9,33.33333333333333,181.77442752953212
2018-06-04,3,6,9,33.33333333333333,182.30993744279834
2018-06-05,3,6,9,33.33333333333333,180.5881163514133
2018-06-06,5,4,9,55.55555555555556,183.76581185848144
2018-06-07,5,4,9,55.55555555555556,187.8335696636163
2018-06-08,4,5,9,44.44444444444444,187.49453057473912
2018-06-11,4,5,9,44.44444444444444,187.88338925825227
2018-06-12,4,5,9,44.44444444444444,187.64920706588046
2018-06-13,4,5,9,44.44444444444444,187.45958057482324
2018-06-14,4,5,9,44.44444444444444,186.38691541739064
2018-06-15,4,5,9,44.44444444444444,182.6215848287135
2018-06-18,4,5,9,44.44444444444444,180.927748530013
2018-06-19,4,5,9,44.44444444444444,176.87786934988995
2018-06-20,4,5,9,44.44444444444444,179.08360705824725
2018-06-21,3,6,9,33.33333333333333,176.00216306040284
2018-06-22,3,6,9,33.33333333333333,176.45723888534658
2018-06-25,3,6,9,33.33333333333333,174.04254190702554
2018-06-26,3,6,9,33.33333333333333,174.02332637288308
2018-06-27,3,6,9,33.33333333333333,170.48721026008275
2018-06-28,2,7,9,22.22222222222222,169.83330833386407
2018-06-29,3,6,9,33.33333333333333,175.5668886339917
2018-07-02,2,7,9,22.22222222222222,171.2167559104355
2018-07-03,2,7,9,22.22222222222222,170.1687763754418
2018-07-04,3,6,9,33.33333333333333,169.46539335886095
2018-07-05,2,7,9,22.22222222222222,167.6931327151783
2018-07-06,3,6,9,33.33333333333333,168.7102479103664
2018-07-09,3,6,9,33.33333333333333,170.922985900235
2018-07-10,4,5,9,44.44444444444444,174.16738598916015
2018-07-11,2,7,9,22.22222222222222,169.0015589610237
2018-07-12,2,7,9,22.22222222222222,167.98507076093875
2018-07-13,1,8,9,11.11111111111111,166.2905711614051
2018-07-16,1,8,9,11.11111111111111,159.4871138799429
2018-07-17,1,8,9,11.11111111111111,161.63808615173568
2018-07-18,1,8,9,11.11111111111111,156.27911079448216
2018-07-19,1,8,9,11.11111111111111,155.13005617041784
2018-07-20,1,8,9,11.11111111111111,154.99016619892117
2018-07-23,1,8,9,11.11111111111111,157.4529423177882
2018-07-24,1,8,9,11.11111111111111,162.71876430103868
2018-07-25,1,8,9,11.11111111111111,165.31517294793062
2018-07-26,1,8,9,11.11111111111111,163.324118421522
2018-07-27,1,8,9,11.11111111111111,166.6186150773532
2018-07-30,1,8,9,11.11111111111111,167.33748380004263
2018-07-31,1,8,9,11.11111111111111,167.58603801959978
2018-08-01,1,8,9,11.11111111111111,166.58583977992438
2018-08-02,2,7,9,22.22222222222222,167.2160448962272
2018-08-03,2,7,9,22.22222222222222,169.88083121309842
2018-08-06,2,7,9,22.22222222222222,171.34195194599866
2018-08-07,2,7,9,22.22222222222222,175.64094542775806
2018-08-08,2,7,9,22.22222222222222,176.1724340043405
2018-08-09,2,7,9,22.22222222222222,176.45727157289727
2018-08-10,2,7,9,22.22222222222222,172.91192946813186
2018-08-13,2,7,9,22.22222222222222,170.55567909066934
2018-08-14,2,7,9,22.22222222222222,170.78249885839048
2018-08-16,2,7,9,22.22222222222222,167.05199743831596
2018-08-17,2,7,9,22.22222222222222,170.06204464015082
2018-08-20,2,7,9,22.22222222222222,173.7904726124858
2018-08-21,2,7,9,22.22222222222222,173.0576300735385
2018-08-23,2,7,9,22.22222222222222,170.26438277944
2018-08-24,2,7,9,22.22222222222222,172.61473124826747
2018-08-27,2,7,9,22.22222222222222,175.77322866867874
2018-08-28,3,6,9,33.33333333333333,178.54311211003616
2018-08-29,2,7,9,22.22222222222222,181.8010047190719
2018-08-30,4,5,9,44.44444444444444,184.5735064163198
2018-08-31,3,6,9,33.33333333333333,183.2463059967611
2018-09-03,3,6,9,33.33333333333333,183.93583098027574
2018-09-04,2,7,9,22.22222222222222,179.27285247168845
2018-09-05,3,6,9,33.33333333333333,179.67852108612564
2018-09-06,2,7,9,22.22222222222222,181.02970528572752
2018-09-07,4,5,9,44.44444444444444,185.15589191205893
2018-09-10,3,6,9,33.33333333333333,183.06073654812573
2018-09-11,2,7,9,22.22222222222222,179.93686142708094
2018-09-12,4,5,9,44.44444444444444,182.93755292202002
2018-09-14,5,4,9,55.55555555555556,188.29269771130384
2018-09-17,5,4,9,55.55555555555556,188.23392332129757
2018-09-18,2,7,9,22.22222222222222,184.19712784058927
2018-09-19,5,4,9,55.55555555555556,185.7127223455563
2018-09-21,4,5,9,44.44444444444444,186.0404953487438
2018-09-24,3,6,9,33.33333333333333,180.87568209968558
2018-09-25,2,7,9,22.22222222222222,181.1752709441586
2018-09-26,3,6,9,33.33333333333333,184.12592483762708
2018-09-27,3,6,9,33.33333333333333,182.67312955340375
2018-09-28,1,8,9,11.11111111111111,171.26134437960434
2018-10-01,2,7,9,22.22222222222222,172.68725034919282
2018-10-03,3,6,9,33.33333333333333,174.95128491938118
2018-10-04,2,7,9,22.22222222222222,174.10820755334194
2018-10-05,2,7,9,22.22222222222222,167.6146436448862
2018-10-08,1,8,9,11.11111111111111,163.52245377848985
2018-10-09,1,8,9,11.11111111111111,163.07770449632127
2018-10-10,1,8,9,11.11111111111111,168.14199529391604
2018-10-11,1,8,9,11.11111111111111,161.30810620110495
2018-10-12,2,7,9,22.22222222222222,167.8811304612887
2018-10-15,1,8,9,11.11111111111111,168.46869087352164
2018-10-16,1,8,9,11.11111111111111,169.32871058800276
2018-10-17,2,7,9,22.22222222222222,165.19567122207422
2018-10-19,1,8,9,11.11111111111111,164.81147021217794
2018-10-22,1,8,9,11.11111111111111,164.1304587859254
2018-10-23,1,8,9,11.11111111111111,163.1267737509269
2018-10-24,1,8,9,11.11111111111111,163.5493585055544
2018-10-25,2,7,9,22.22222222222222,160.17294770737374
2018-10-26,2,7,9,22.22222222222222,159.46606625644787
2018-10-29,2,7,9,22.22222222222222,164.191322480439
2018-10-30,1,8,9,11.11111111111111,163.44363408026484
2018-10-31,1,8,9,11.11111111111111,161.71759155700073
2018-11-01,1,8,9,11.11111111111111,164.52226544156392
2018-11-02,2,7,9,22.22222222222222,169.49983621719872
2018-11-05,2,7,9,22.22222222222222,168.47063775374832
2018-11-06,2,7,9,22.22222222222222,167.5431515825717
2018-11-07,2,7,9,22.22222222222222,168.99050043669902
2018-11-09,2,7,9,22.22222222222222,167.2689633290722
2018-11-12,1,8,9,11.11111111111111,164.68323287654064
2018-11-13,2,7,9,22.22222222222222,165.68661481433642
2018-11-14,1,8,9,11.11111111111111,163.33714674345396
2018-11-15,3,6,9,33.33333333333333,164.71155529830133
2018-11-16,1,8,9,11.11111111111111,161.16319548285404
2018-11-19,2,7,9,22.22222222222222,162.41639271834777
2018-11-20,0,9,9,0.0,156.7528933542523
2018-11-21,0,9,9,0.0,154.6887458725832
2018-11-22,0,9,9,0.0,151.70579008542063
2018-11-26,0,9,9,0.0,149.05744735147093
2018-11-27,0,9,9,0.0,147.25026708775158
2018-11-28,0,9,9,0.0,145.01626560183965
2018-11-29,0,9,9,0.0,147.04276537526914
2018-11-30,0,9,9,0.0,146.44845200277015
2018-12-03,1,8,9,11.11111111111111,149.52261011612725
2018-12-04,1,8,9,11.11111111111111,148.9595382503345
2018-12-05,0,9,9,0.0,143.05147638024556
2018-12-06,0,9,9,0.0,141.8018209092849
2018-12-07,0,9,9,0.0,140.12291066876355
2018-12-10,0,9,9,0.0,137.711738201866
2018-12-11,0,9,9,0.0,138.69554676417556
2018-12-12,0,9,9,0.0,142.86347375668424
2018-12-13,0,9,9,0.0,142.16394672639788
2018-12-14,0,9,9,0.0,142.11975658082443
2018-12-17,0,9,9,0.0,144.86016031744555
2018-12-18,0,9,9,0.0,145.9323670399885
2018-12-19,0,9,9,0.0,147.1636385978728
2018-12-20,0,9,9,0.0,146.0744726085327
2018-12-21,0,9,9,0.0,144.77415065215794
2018-12-24,0,9,9,0.0,141.8562554820234
2018-12-26,0,9,9,0.0,142.56946876149635
2018-12-27,0,9,9,0.0,141.27600175120762
2018-12-28,0,9,9,0.0,144.26993982172448
2018-12-31,0,9,9,0.0,146.99895283338068
2019-01-01,0,9,9,0.0,145.94377706930692
2019-01-02,0,9,9,0.0,141.78582254751245
2019-01-03,0,9,9,0.0,137.62107381441206
2019-01-04,0,9,9,0.0,139.6515205164826
2019-01-07,0,9,9,0.0,139.69536331126614
2019-01-08,0,9,9,0.0,140.8391696067313
2019-01-09,0,9,9,0.0,138.1617625237326
2019-01-10,0,9,9,0.0,137.96640928468858
2019-01-11,0,9,9,0.0,138.01159900153584
2019-01-14,0,9,9,0.0,136.0949146897794
2019-01-15,0,9,9,0.0,138.35195203382403
2019-01-16,0,9,9,0.0,137.44155826406026
2019-01-17,0,9,9,0.0,136.64765795616108
2019-01-18,0,9,9,0.0,135.79384040514287
2019-01-21,0,9,9,0.0,135.02047172542794
2019-01-22,0,9,9,0.0,131.8330361383859
2019-01-23,0,9,9,0.0,131.8696481923499
2019-01-24,0,9,9,0.0,132.3607289139911
2019-01-25,0,9,9,0.0,130.4924683274824
2019-01-28,0,9,9,0.0,127.96356350396807
2019-01-29,0,9,9,0.0,127.78495612251004
2019-01-30,0,9,9,0.0,130.43244670635423
2019-01-31,0,9,9,0.0,132.13346954135287
2019-02-01,0,9,9,0.0,128.20394430404173
2019-02-04,0,9,9,0.0,127.250231670241
2019-02-05,0,9,9,0.0,125.33946290251751
2019-02-06,0,9,9,0.0,128.33974761661682
2019-02-07,0,9,9,0.0,128.76211676258703
2019-02-08,0,9,9,0.0,124.87339952438768
2019-02-11,0,9,9,0.0,125.62839995366963
2019-02-12,0,9,9,0.0,131.221733880872
2019-02-13,0,9,9,0.0,128.91104097352965
2019-02-14,0,9,9,0.0,128.49038709616175
2019-02-15,0,9,9,0.0,126.51461931552332
2019-02-18,0,9,9,0.0,126.03157427853226
2019-02-19,0,9,9,0.0,127.80213856044915
2019-02-20,0,9,9,0.0,131.8211192534519
2019-02-21,0,9,9,0.0,133.8271019745381
2019-02-22,0,9,9,0.0,136.50108276751368
2019-02-25,0,9,9,0.0,137.29071009399556
2019-02-26,0,9,9,0.0,137.23609176371463
2019-02-27,0,9,9,0.0,137.04974526942357
2019-02-28,0,9,9,0.0,138.04569230974326
2019-03-01,0,9,9,0.0,141.35090883142067
2019-03-05,1,8,9,11.11111111111111,147.50110963394326
2019-03-06,1,8,9,11.11111111111111,148.62908591617986
2019-03-07,1,8,9,11.11111111111111,147.53442675092398
2019-03-08,1,8,9,11.11111111111111,145.82639411198846
2019-03-11,1,8,9,11.11111111111111,149.8776328896045
2019-03-12,1,8,9,11.11111111111111,150.4241459604201
2019-03-13,1,8,9,11.11111111111111,147.4929323097873
2019-03-14,1,8,9,11.11111111111111,146.86825257953754
2019-03-15,1,8,9,11.11111111111111,146.8568777539022
2019-03-18,1,8,9,11.11111111111111,148.11398931049692
2019-03-19,1,8,9,11.11111111111111,149.17355834953784
2019-03-20,1,8,9,11.11111111111111,147.18955599102807
2019-03-22,1,8,9,11.11111111111111,147.38766808557003
2019-03-25,1,8,9,11.11111111111111,144.98272611427493
2019-03-26,1,8,9,11.11111111111111,146.22561884982736
2019-03-27,1,8,9,11.11111111111111,145.6808761589727
2019-03-28,1,8,9,11.11111111111111,145.51744581463151
2019-03-29,1,8,9,11.11111111111111,150.68776313825575
2019-04-01,2,7,9,22.22222222222222,153.67526040497395
2019-04-02,2,7,9,22.22222222222222,153.7474344013496
2019-04-03,2,7,9,22.22222222222222,153.9004458392641
2019-04-04,2,7,9,22.22222222222222,153.13520300773368
2019-04-05,3,6,9,33.33333333333333,155.69632805548775
2019-04-08,3,6,9,33.33333333333333,154.44392175444764
2019-04-09,3,6,9,33.33333333333333,154.97276486657782
2019-04-10,3,6,9,33.33333333333333,153.71321416372297
2019-04-11,1,8,9,11.11111111111111,151.61264729010622
2019-04-12,2,7,9,22.22222222222222,152.1234834816121
2019-04-15,4,5,9,44.44444444444444,155.23594713017928
2019-04-16,4,5,9,44.44444444444444,155.51960556937544
2019-04-18,4,5,9,44.44444444444444,153.33229939169368
2019-04-22,2,7,9,22.22222222222222,150.20462913276614
2019-04-23,2,7,9,22.22222222222222,149.01848825678658
2019-04-24,2,7,9,22.22222222222222,149.51434840531473
2019-04-25,2,7,9,22.22222222222222,146.97834922985632
2019-04-26,3,6,9,33.33333333333333,149.58700436070785
2019-04-30,4,5,9,44.44444444444444,150.78243162989222
2019-05-02,4,5,9,44.44444444444444,150.8756738618609
2019-05-03,4,5,9,44.44444444444444,150.5044990972713
2019-05-06,1,8,9,11.11111111111111,146.5173425632938
2019-05-07,1,8,9,11.11111111111111,143.67498272326455
2019-05-08,1,8,9,11.11111111111111,142.88927318109054
2019-05-09,0,9,9,0.0,141.7336351030648
2019-05-10,0,9,9,0.0,141.7452257865335
2019-05-13,0,9,9,0.0,137.63664283624186
2019-05-14,0,9,9,0.0,137.81681186247135
2019-05-15,0,9,9,0.0,134.64742125289425
2019-05-16,0,9,9,0.0,136.93646223942187
2019-05-17,0,9,9,0.0,136.2388133639148
2019-05-20,0,9,9,0.0,143.10559813787717
2019-05-21,0,9,9,0.0,140.84495588039633
2019-05-22,0,9,9,0.0,140.1330823965231
2019-05-23,1,8,9,11.11111111111111,138.550343384964
2019-05-24,1,8,9,11.11111111111111,143.2808967757619
2019-05-27,2,7,9,22.22222222222222,147.09144606834326
2019-05-28,2,7,9,22.22222222222222,148.07254393421843
2019-05-29,2,7,9,22.22222222222222,144.89838935075915
2019-05-30,2,7,9,22.22222222222222,144.56968825036788
2019-05-31,2,7,9,22.22222222222222,142.7110031226486
2019-06-03,2,7,9,22.22222222222222,145.0713826276425
2019-06-04,2,7,9,22.22222222222222,144.86823622601256
2019-06-06,2,7,9,22.22222222222222,142.48213313396067
2019-06-07,2,7,9,22.22222222222222,142.04247331928303
2019-06-10,2,7,9,22.22222222222222,142.25877669081012
2019-06-11,2,7,9,22.22222222222222,144.55642777518878
2019-06-12,2,7,9,22.22222222222222,146.49508162884035
2019-06-13,2,7,9,22.22222222222222,146.2758382193855
2019-06-14,2,7,9,22.22222222222222,145.4077190438323
2019-06-17,2,7,9,22.22222222222222,140.32671091024176
2019-06-18,2,7,9,22.22222222222222,139.37433773940052
2019-06-19,2,7,9,22.22222222222222,139.18117677841485
2019-06-20,2,7,9,22.22222222222222,141.85959909050928
2019-06-21,2,7,9,22.22222222222222,141.9983204187568
2019-06-24,2,7,9,22.22222222222222,140.05142476275324
2019-06-25,2,7,9,22.22222222222222,142.15488338337002
2019-06-26,2,7,9,22.22222222222222,146.9680384125936
2019-06-27,2,7,9,22.22222222222222,146.89611472872554
2019-06-28,2,7,9,22.22222222222222,145.31028859137092
2019-07-01,2,7,9,22.22222222222222,145.03529843318577
2019-07-02,2,7,9,22.22222222222222,144.89448705550126
2019-07-03,2,7,9,22.22222222222222,145.1328609350911
2019-07-04,2,7,9,22.22222222222222,144.4695498495695
2019-07-05,2,7,9,22.22222222222222,138.44656815541276
2019-07-08,1,8,9,11.11111111111111,135.7394129387509
2019-07-09,1,8,9,11.11111111111111,136.1735222873339
2019-07-10,1,8,9,11.11111111111111,134.60314575306336
2019-07-11,1,8,9,11.11111111111111,136.6819355236621
2019-07-12,1,8,9,11.11111111111111,138.41111096007947
2019-07-15,1,8,9,11.11111111111111,138.3735199059914
2019-07-16,1,8,9,11.11111111111111,139.47546523701436
2019-07-17,1,8,9,11.11111111111111,139.72477934640904
2019-07-18,1,8,9,11.11111111111111,136.84300406704017
2019-07-19,1,8,9,11.11111111111111,134.50313402984574
2019-07-22,1,8,9,11.11111111111111,136.79720377813322
2019-07-23,1,8,9,11.11111111111111,137.02117739657027
2019-07-24,1,8,9,11.11111111111111,132.9749539646214
2019-07-25,1,8,9,11.11111111111111,131.75725898218266
2019-07-26,1,8,9,11.11111111111111,133.45052964728836
2019-07-29,1,8,9,11.11111111111111,129.59457319096234
2019-07-30,1,8,9,11.11111111111111,125.25125207962704
2019-07-31,1,8,9,11.11111111111111,128.31363988043563
2019-08-01,1,8,9,11.11111111111111,124.51530748548139
2019-08-02,1,8,9,11.11111111111111,121.42916693569478
2019-08-05,1,8,9,11.11111111111111,118.49156574377744
2019-08-06,1,8,9,11.11111111111111,120.82852649641853
2019-08-07,1,8,9,11.11111111111111,117.27950538001618
2019-08-08,1,8,9,11.11111111111111,117.30742655337967
2019-08-09,1,8,9,11.11111111111111,116.93394198483283
2019-08-13,1,8,9,11.11111111111111,114.51164343982339
2019-08-14,1,8,9,11.11111111111111,118.59036231290756
2019-08-16,1,8,9,11.11111111111111,117.91532234152642
2019-08-19,1,8,9,11.11111111111111,117.62200321769755
2019-08-20,0,9,9,0.0,114.11013473337646
2019-08-21,0,9,9,0.0,109.82233335701454
2019-08-22,0,9,9,0.0,106.01075027301121
2019-08-23,0,9,9,0.0,109.9514384737079
2019-08-26,0,9,9,0.0,109.2923851726387
2019-08-27,0,9,9,0.0,111.80187871302188
2019-08-28,0,9,9,0.0,107.4871503438749
2019-08-29,0,9,9,0.0,108.33108699132539
2019-08-30,0,9,9,0.0,110.43713645900979
2019-09-03,0,9,9,0.0,106.95216006174473
2019-09-04,0,9,9,0.0,108.85450933611487
2019-09-05,0,9,9,0.0,110.84148736615964
2019-09-06,0,9,9,0.0,113.04272483564644
2019-09-09,1,8,9,11.11111111111111,114.17359045208306
2019-09-11,1,8,9,11.11111111111111,118.7551631232492
2019-09-12,1,8,9,11.11111111111111,118.28101775919677
2019-09-13,1,8,9,11.11111111111111,119.82018034055622
2019-09-16,1,8,9,11.11111111111111,119.54105066535176
2019-09-17,1,8,9,11.11111111111111,116.1825135007408
2019-09-18,1,8,9,11.11111111111111,117.61990341943572
2019-09-19,0,9,9,0.0,114.5178824302167
2019-09-20,1,8,9,11.11111111111111,121.07773045848016
2019-09-23,2,7,9,22.22222222222222,122.98045781345127
2019-09-24,1,8,9,11.11111111111111,121.10656224080891
2019-09-25,1,8,9,11.11111111111111,118.51629464514188
2019-09-26,1,8,9,11.11111111111111,123.77261117096354
2019-09-27,1,8,9,11.11111111111111,120.04650750807131
2019-10-01,1,8,9,11.11111111111111,120.04650750807131
2019-10-03,1,8,9,11.11111111111111,117.5673205559776
2019-10-04,0,9,9,0.0,115.87660817872778
2019-10-07,0,9,9,0.0,114.60037103450172
2019-10-09,1,8,9,11.11111111111111,118.12864174931515
2019-10-10,0,9,9,0.0,116.11591618487085
2019-10-11,0,9,9,0.0,118.2938385336764
2019-10-14,1,8,9,11.11111111111111,119.70961393435051
2019-10-15,2,7,9,22.22222222222222,122.09111924165647
2019-10-16,1,8,9,11.11111111111111,121.24172974246584
2019-10-17,1,8,9,11.11111111111111,122.64017460292283
2019-10-18,2,7,9,22.22222222222222,125.97230318871546
2019-10-22,2,7,9,22.22222222222222,124.68350430006525
2019-10-23,2,7,9,22.22222222222222,123.807637929098
2019-10-24,1,8,9,11.11111111111111,122.91112683654146
2019-10-25,1,8,9,11.11111111111111,123.00499972357221
2019-10-27,1,8,9,11.11111111111111,123.78167540815295
2019-10-29,2,7,9,22.22222222222222,129.25467895431757
2019-10-30,2,7,9,22.22222222222222,129.30985101364993
2019-10-31,2,7,9,22.22222222222222,128.85411104294718
2019-11-01,2,7,9,22.22222222222222,133.32289891461087
2019-11-04,3,6,9,33.33333333333333,138.7209911254863
2019-11-05,3,6,9,33.33333333333333,136.6118913684428
2019-11-06,3,6,9,33.33333333333333,137.28787909361859
2019-11-07,4,5,9,44.44444444444444,139.34476036451434
2019-11-08,4,5,9,44.44444444444444,136.18597106031783
2019-11-11,4,5,9,44.44444444444444,137.82005138876315
2019-11-13,3,6,9,33.33333333333333,134.09713410439494
2019-11-14,1,8,9,11.11111111111111,131.64956432261096
2019-11-15,2,7,9,22.22222222222222,131.25290460296208
2019-11-18,3,6,9,33.33333333333333,133.88975283729317
2019-11-19,2,7,9,22.22222222222222,132.76395310621677
2019-11-20,3,6,9,33.33333333333333,133.91961860916487
2019-11-21,1,8,9,11.11111111111111,130.7002653115096
2019-11-22,3,6,9,33.33333333333333,134.19702937296222
2019-11-25,5,4,9,55.55555555555556,139.03406622185267
2019-11-26,4,5,9,44.44444444444444,136.98740304531728
2019-11-27,4,5,9,44.44444444444444,138.32294336509554
2019-11-28,5,4,9,55.55555555555556,141.43892141295044
2019-11-29,5,4,9,55.55555555555556,139.65491184730527
2019-12-02,5,4,9,55.55555555555556,140.39705810614186
2019-12-03,5,4,9,55.55555555555556,136.279905536757
2019-12-04,5,4,9,55.55555555555556,139.26640811485248
2019-12-05,4,5,9,44.44444444444444,135.3488109159581
2019-12-06,3,6,9,33.33333333333333,135.2995722117756
2019-12-09,5,4,9,55.55555555555556,136.51504376520552
2019-12-10,4,5,9,44.44444444444444,134.51063520975075
2019-12-11,4,5,9,44.44444444444444,134.84007605960454
2019-12-12,4,5,9,44.44444444444444,137.49104082099782
2019-12-13,4,5,9,44.44444444444444,139.65351038763822
2019-12-16,3,6,9,33.33333333333333,137.70298140694482
2019-12-17,6,3,9,66.66666666666666,142.21942748310025
2019-12-18,6,3,9,66.66666666666666,143.3472434130522
2019-12-19,6,3,9,66.66666666666666,144.35855017243713
2019-12-20,6,3,9,66.66666666666666,145.8318788861044
2019-12-23,6,3,9,66.66666666666666,145.37341626743347
2019-12-24,6,3,9,66.66666666666666,145.84046321836828
2019-12-26,6,3,9,66.66666666666666,147.21438516790312
2019-12-27,6,3,9,66.66666666666666,147.83455226004853
2019-12-30,6,3,9,66.66666666666666,149.84219249729352
2019-12-31,6,3,9,66.66666666666666,150.40643831619138
2020-01-01,6,3,9,66.66666666666666,150.24572967450953
2020-01-02,8,1,9,88.88888888888889,155.16734241950604
2020-01-03,7,2,9,77.77777777777779,153.80338728953262
2020-01-06,7,2,9,77.77777777777779,149.4967236726525
2020-01-07,7,2,9,77.77777777777779,150.29111607541108
2020-01-08,7,2,9,77.77777777777779,150.06572113521878
2020-01-09,8,1,9,88.88888888888889,153.5033469055912
2020-01-10,8,1,9,88.88888888888889,155.80977304254847
2020-01-13,8,1,9,88.88888888888889,157.31689790966712
2020-01-14,8,1,9,88.88888888888889,158.58247420641044
2020-01-15,8,1,9,88.88888888888889,160.96223941672872
2020-01-16,8,1,9,88.88888888888889,159.4161420557538
2020-01-17,8,1,9,88.88888888888889,157.85126271686656
2020-01-20,7,2,9,77.77777777777779,157.6424839520929
2020-01-21,7,2,9,77.77777777777779,156.2179734846184
2020-01-22,7,2,9,77.77777777777779,154.04395530669083
2020-01-23,7,2,9,77.77777777777779,155.16329870981872
2020-01-24,7,2,9,77.77777777777779,157.08579530828857
2020-01-27,7,2,9,77.77777777777779,151.23225231497352
2020-01-28,6,3,9,66.66666666666666,147.5570497477358
2020-01-29,7,2,9,77.77777777777779,148.71452790564055
2020-01-30,6,3,9,66.66666666666666,146.41871051415768
2020-01-31,5,4,9,55.55555555555556,143.37617424580515
2020-02-01,3,6,9,33.33333333333333,137.34207188959272
2020-02-03,4,5,9,44.44444444444444,138.76647188911318
2020-02-04,6,3,9,66.66666666666666,143.86428071392274
2020-02-05,7,2,9,77.77777777777779,149.0832371457351
2020-02-06,6,3,9,66.66666666666666,150.85206761130615
2020-02-07,7,2,9,77.77777777777779,151.20620658020863
2020-02-10,6,3,9,66.66666666666666,146.8473104963467
2020-02-11,6,3,9,66.66666666666666,147.85115058120198
2020-02-12,6,3,9,66.66666666666666,148.9368334397596
2020-02-13,6,3,9,66.66666666666666,147.3390407187066
2020-02-14,6,3,9,66.66666666666666,144.9733679371381
2020-02-17,6,3,9,66.66666666666666,143.42853138060894
2020-02-18,4,5,9,44.44444444444444,141.29914386001184
2020-02-19,5,4,9,55.55555555555556,144.0808708117922
2020-02-20,6,3,9,66.66666666666666,145.6081030005319
2020-02-24,4,5,9,44.44444444444444,137.33891775298255
2020-02-25,4,5,9,44.44444444444444,138.09011376437417
2020-02-26,3,6,9,33.33333333333333,134.81472858291067
2020-02-27,2,7,9,22.22222222222222,133.57591862691177
2020-02-28,2,7,9,22.22222222222222,124.5460401814095
2020-03-02,2,7,9,22.22222222222222,122.7131953384315
2020-03-03,2,7,9,22.22222222222222,128.57718068345014
2020-03-04,2,7,9,22.22222222222222,127.36962179321625
2020-03-05,2,7,9,22.22222222222222,126.9121824574292
2020-03-06,2,7,9,22.22222222222222,122.72746538943937
2020-03-09,1,8,9,11.11111111111111,112.42285772156033
2020-03-11,0,9,9,0.0,109.1994418141859
2020-03-12,0,9,9,0.0,97.09127059245687
2020-03-13,0,9,9,0.0,104.36788895495603
2020-03-16,0,9,9,0.0,95.54101096968883
2020-03-17,0,9,9,0.0,94.91410524269423
2020-03-18,0,9,9,0.0,91.31210735956105
2020-03-19,0,9,9,0.0,85.88387279147935
2020-03-20,0,9,9,0.0,92.84359997977589
2020-03-23,0,9,9,0.0,80.16805195851754
2020-03-24,0,9,9,0.0,80.33782569830099
2020-03-25,0,9,9,0.0,82.35989745003728
2020-03-26,0,9,9,0.0,82.8334549021459
2020-03-27,0,9,9,0.0,82.87157275977802
2020-03-30,0,9,9,0.0,79.83492883906351
2020-03-31,0,9,9,0.0,84.24582993434838
2020-04-01,0,9,9,0.0,81.39415119845184
2020-04-03,0,9,9,0.0,79.356319086534
2020-04-07,0,9,9,0.0,88.0544948151245
2020-04-08,0,9,9,0.0,88.19048615500414
2020-04-09,0,9,9,0.0,93.39793041073621
2020-04-13,0,9,9,0.0,94.93947988903952
2020-04-15,0,9,9,0.0,94.81600123139683
2020-04-16,0,9,9,0.0,96.20916263094813
2020-04-17,0,9,9,0.0,98.78276114943424
2020-04-20,0,9,9,0.0,95.76970641492831
2020-04-21,0,9,9,0.0,90.72551215481893
2020-04-22,0,9,9,0.0,91.12876597346158
2020-04-23,0,9,9,0.0,92.34492381128578
2020-04-24,0,9,9,0.0,89.55318897985607
2020-04-27,0,9,9,0.0,91.26807762281304
2020-04-28,0,9,9,0.0,91.73713907753539
2020-04-29,0,9,9,0.0,95.87281678285886
2020-04-30,0,9,9,0.0,102.99723980251285
2020-05-04,0,9,9,0.0,94.07727148495691
2020-05-05,0,9,9,0.0,93.1901241929113
2020-05-06,0,9,9,0.0,94.03365344628895
2020-05-07,0,9,9,0.0,94.00361815913509
2020-05-08,0,9,9,0.0,93.08987738943563
2020-05-11,0,9,9,0.0,94.01276407355974
2020-05-12,0,9,9,0.0,94.83298435845306
2020-05-13,0,9,9,0.0,98.02981235799136
2020-05-14,0,9,9,0.0,95.29549503594662
2020-05-15,0,9,9,0.0,96.92791836266171
2020-05-18,0,9,9,0.0,92.5139984136348
2020-05-19,0,9,9,0.0,93.19067442961844
2020-05-20,0,9,9,0.0,94.39630802197944
2020-05-21,0,9,9,0.0,96.4918606315852
2020-05-22,0,9,9,0.0,94.73190636180408
2020-05-26,0,9,9,0.0,98.23049530102881
2020-05-27,0,9,9,0.0,100.69369346615909
2020-05-28,0,9,9,0.0,103.02188651581106
2020-05-29,0,9,9,0.0,104.6771695743873
2020-06-01,1,8,9,11.11111111111111,109.75008062251905
2020-06-02,1,8,9,11.11111111111111,110.19870874175639
2020-06-03,0,9,9,0.0,110.36604899485876
2020-06-04,1,8,9,11.11111111111111,112.80047031955066
2020-06-05,2,7,9,22.22222222222222,118.6635167988477
2020-06-08,1,8,9,11.11111111111111,117.41335024365051
2020-06-09,1,8,9,11.11111111111111,116.11132995330043
2020-06-10,1,8,9,11.11111111111111,114.81909031221085
2020-06-11,1,8,9,11.11111111111111,111.94567385000546
2020-06-12,1,8,9,11.11111111111111,112.81265378984176
2020-06-15,1,8,9,11.11111111111111,110.08337182602479
2020-06-16,1,8,9,11.11111111111111,112.42021505015127
2020-06-17,1,8,9,11.11111111111111,111.27604038783817
2020-06-18,2,7,9,22.22222222222222,114.84052540334444
2020-06-19,2,7,9,22.22222222222222,116.01050428663943
2020-06-22,2,7,9,22.22222222222222,118.30151971594995
2020-06-23,2,7,9,22.22222222222222,120.41339712744387
2020-06-24,2,7,9,22.22222222222222,118.09517140665105
2020-06-25,2,7,9,22.22222222222222,117.14076233250839
2020-06-26,2,7,9,22.22222222222222,117.66076835600975
2020-06-29,2,7,9,22.22222222222222,115.96452601821798
2020-06-30,2,7,9,22.22222222222222,117.14446129488738
2020-07-01,2,7,9,22.22222222222222,116.52376011923118
2020-07-02,2,7,9,22.22222222222222,118.03170626479167
2020-07-03,2,7,9,22.22222222222222,117.37169262920501
2020-07-06,2,7,9,22.22222222222222,120.37589401776658
2020-07-07,2,7,9,22.22222222222222,118.84994925017345
2020-07-08,2,7,9,22.22222222222222,121.47398243915582
2020-07-09,3,6,9,33.33333333333333,124.20099847092034
2020-07-10,3,6,9,33.33333333333333,123.77155938698021
2020-07-13,4,5,9,44.44444444444444,124.85735126039825
2020-07-14,2,7,9,22.22222222222222,121.27635024969092
2020-07-15,2,7,9,22.22222222222222,121.27915101216185
2020-07-16,3,6,9,33.33333333333333,122.65084066512202
2020-07-17,2,7,9,22.22222222222222,124.51262457995365
2020-07-20,3,6,9,33.33333333333333,124.5944157779903
2020-07-21,3,6,9,33.33333333333333,125.26700759439404
2020-07-22,2,7,9,22.22222222222222,124.68299214374781
2020-07-23,2,7,9,22.22222222222222,125.29870987996381
2020-07-24,2,7,9,22.22222222222222,122.62235699514123
2020-07-27,2,7,9,22.22222222222222,122.44591995832026
2020-07-28,3,6,9,33.33333333333333,125.53604558679967
2020-07-29,3,6,9,33.33333333333333,126.71994012433312
2020-07-30,2,7,9,22.22222222222222,124.84752230326816
2020-07-31,2,7,9,22.22222222222222,125.19579601794808
2020-08-03,4,5,9,44.44444444444444,126.28660626662568
2020-08-04,5,4,9,55.55555555555556,128.0612072133809
2020-08-05,7,2,9,77.77777777777779,133.00150043477527
2020-08-06,7,2,9,77.77777777777779,134.35382065049296
2020-08-07,7,2,9,77.77777777777779,135.75525452098404
2020-08-10,7,2,9,77.77777777777779,138.9440613099597
2020-08-11,8,1,9,88.88888888888889,141.376391678636
2020-08-12,8,1,9,88.88888888888889,140.75426030805872
2020-08-13,7,2,9,77.77777777777779,141.7604148241893
2020-08-14,7,2,9,77.77777777777779,142.8470746575767
2020-08-17,8,1,9,88.88888888888889,147.39023382678837
2020-08-18,8,1,9,88.88888888888889,150.5386009881939
2020-08-19,8,1,9,88.88888888888889,151.26697966889574
2020-08-20,8,1,9,88.88888888888889,151.89919698841717
2020-08-21,8,1,9,88.88888888888889,152.41542392966025
2020-08-24,8,1,9,88.88888888888889,151.82966513562678
2020-08-25,8,1,9,88.88888888888889,150.5928283660015
2020-08-26,8,1,9,88.88888888888889,151.84357543610705
2020-08-27,8,1,9,88.88888888888889,150.65137404529062
2020-08-28,8,1,9,88.88888888888889,151.19784003912403
2020-08-31,8,1,9,88.88888888888889,143.79726308488912
2020-09-01,8,1,9,88.88888888888889,149.0415308011351
2020-09-02,8,1,9,88.88888888888889,152.19976434961328
2020-09-03,8,1,9,88.88888888888889,151.09156902540101
2020-09-04,8,1,9,88.88888888888889,146.64774408839293
2020-09-07,8,1,9,88.88888888888889,146.5343179236113
2020-09-08,7,2,9,77.77777777777779,141.59012645862256
2020-09-09,7,2,9,77.77777777777779,142.90533657359134
2020-09-10,7,2,9,77.77777777777779,142.24343796548126
2020-09-11,7,2,9,77.77777777777779,143.02879126679576
2020-09-14,7,2,9,77.77777777777779,143.42789272885975
2020-09-15,7,2,9,77.77777777777779,142.8657944460822
2020-09-16,7,2,9,77.77777777777779,143.32725015136452
2020-09-17,7,2,9,77.77777777777779,141.79624833538693
2020-09-18,7,2,9,77.77777777777779,140.70979028252438
2020-09-21,6,3,9,66.66666666666666,133.52865308298644
2020-09-22,6,3,9,66.66666666666666,131.57276539949916
2020-09-23,5,4,9,55.55555555555556,131.44361076991063
2020-09-24,4,5,9,44.44444444444444,126.43615114104094
2020-09-25,5,4,9,55.55555555555556,131.28491050981083
2020-09-28,5,4,9,55.55555555555556,135.11232443437257
2020-09-29,6,3,9,66.66666666666666,137.10551500441414
2020-09-30,5,4,9,55.55555555555556,134.9254161413094
2020-10-01,6,3,9,66.66666666666666,136.08349780108
2020-10-05,6,3,9,66.66666666666666,138.91571063346947
2020-10-06,6,3,9,66.66666666666666,137.65066101753297
2020-10-07,6,3,9,66.66666666666666,134.39042807028687
2020-10-08,6,3,9,66.66666666666666,134.06718621955213
2020-10-09,6,3,9,66.66666666666666,134.0322155698537
2020-10-12,5,4,9,55.55555555555556,133.0335388332122
2020-10-13,5,4,9,55.55555555555556,133.56564087994101
2020-10-14,5,4,9,55.55555555555556,133.98433766362254
2020-10-15,5,4,9,55.55555555555556,132.54400377001835
2020-10-16,5,4,9,55.55555555555556,137.48434065610738
2020-10-19,5,4,9,55.55555555555556,140.84906799218464
2020-10-20,5,4,9,55.55555555555556,140.54387237228798
2020-10-21,6,3,9,66.66666666666666,143.63800586389715
2020-10-22,6,3,9,66.66666666666666,144.7629320399606
2020-10-23,6,3,9,66.66666666666666,144.65978130993278
2020-10-26,6,3,9,66.66666666666666,139.35728981016942
2020-10-27,5,4,9,55.55555555555556,139.42629961134736
2020-10-28,5,4,9,55.55555555555556,139.1911304703171
2020-10-29,5,4,9,55.55555555555556,138.6801129744398
2020-10-30,5,4,9,55.55555555555556,140.9208321658155
2020-11-02,5,4,9,55.55555555555556,139.9495168617634
2020-11-03,6,3,9,66.66666666666666,142.6512193685049
2020-11-04,6,3,9,66.66666666666666,141.88110664886503
2020-11-05,7,2,9,77.77777777777779,148.19766248845326
2020-11-06,7,2,9,77.77777777777779,148.61073654278414
2020-11-09,8,1,9,88.88888888888889,151.44402956504408
2020-11-10,8,1,9,88.88888888888889,152.6198747476837
2020-11-11,8,1,9,88.88888888888889,155.9840427901174
2020-11-12,8,1,9,88.88888888888889,155.8593844652194
2020-11-13,8,1,9,88.88888888888889,158.69050992705996
2020-11-14,8,1,9,88.88888888888889,159.5163816759363
2020-11-17,8,1,9,88.88888888888889,163.08662762347728
2020-11-18,8,1,9,88.88888888888889,163.58941380121402
2020-11-19,8,1,9,88.88888888888889,164.47637013239057
2020-11-20,8,1,9,88.88888888888889,165.36632185534796
2020-11-23,8,1,9,88.88888888888889,168.17743478418365
2020-11-24,8,1,9,88.88888888888889,169.33334362917782
2020-11-25,8,1,9,88.88888888888889,167.50024652680517
2020-11-26,8,1,9,88.88888888888889,174.45352263171193
2020-11-27,9,0,9,100.0,174.56995860170903
2020-12-01,9,0,9,100.0,177.8906902859034
2020-12-02,9,0,9,100.0,183.6975038285172
2020-12-03,9,0,9,100.0,188.7899165053039
2020-12-04,9,0,9,100.0,190.61625580403933
2020-12-07,9,0,9,100.0,191.40284533125842
2020-12-08,9,0,9,100.0,189.87943629048834
2020-12-09,9,0,9,100.0,189.75149187013133
2020-12-10,9,0,9,100.0,190.1433416218795
2020-12-11,9,0,9,100.0,193.2251077727321
2020-12-14,9,0,9,100.0,195.71236283009844
2020-12-15,9,0,9,100.0,196.5337366185204
2020-12-16,9,0,9,100.0,200.37225662524537
2020-12-17,9,0,9,100.0,198.1796874061916
2020-12-18,9,0,9,100.0,198.240560933111
2020-12-21,9,0,9,100.0,186.56941467070024
2020-12-22,9,0,9,100.0,189.79414819061333
2020-12-23,9,0,9,100.0,195.13096000445393
2020-12-24,9,0,9,100.0,198.01437338953576
2020-12-28,9,0,9,100.0,204.9376980687056
2020-12-29,9,0,9,100.0,202.67022300394285
2020-12-30,9,0,9,100.0,205.67945134096962
2020-12-31,9,0,9,100.0,206.8415037591906
2021-01-01,9,0,9,100.0,207.59241706679163
2021-01-04,9,0,9,100.0,219.9269067016635
2021-01-05,9,0,9,100.0,218.62696142363188
2021-01-06,9,0,9,100.0,221.0708146219659
2021-01-07,9,0,9,100.0,227.69796966072957
2021-01-08,9,0,9,100.0,226.02773362681336
2021-01-11,9,0,9,100.0,224.2884150077942
2021-01-12,9,0,9,100.0,227.63510774104998
2021-01-13,9,0,9,100.0,227.40550945268495
2021-01-14,9,0,9,100.0,222.29646931225213
2021-01-15,9,0,9,100.0,221.4215472894561
2021-01-18,9,0,9,100.0,211.74851917483838
2021-01-19,9,0,9,100.0,217.28404486365483
2021-01-20,9,0,9,100.0,219.90351843680997
2021-01-21,9,0,9,100.0,215.18291480430105
2021-01-22,9,0,9,100.0,204.98012081981756
2021-01-25,9,0,9,100.0,203.94147004132085
2021-01-27,9,0,9,100.0,199.82398601068212
2021-01-28,9,0,9,100.0,198.9681571161286
2021-01-29,9,0,9,100.0,195.44279073380025
2021-02-01,9,0,9,100.0,203.27567879486796
2021-02-02,9,0,9,100.0,205.19117427389216
2021-02-03,9,0,9,100.0,209.90356562357113
2021-02-04,9,0,9,100.0,214.7527752683438
2021-02-05,9,0,9,100.0,215.68654393206134
2021-02-08,9,0,9,100.0,221.58490027506622
2021-02-09,9,0,9,100.0,219.89635575277435
2021-02-10,9,0,9,100.0,220.5192068074859
2021-02-11,9,0,9,100.0,221.62795379326724
2021-02-12,9,0,9,100.0,217.0449136745325
2021-02-15,9,0,9,100.0,215.04142459545733
2021-02-16,9,0,9,100.0,221.82594417663014
2021-02-17,9,0,9,100.0,221.87007592381437
2021-02-18,9,0,9,100.0,224.97173798196636
2021-02-19,9,0,9,100.0,220.82049489839412
2021-02-22,9,0,9,100.0,224.64691457525504
2021-02-23,9,0,9,100.0,232.0370574426227
2021-02-24,9,0,9,100.0,233.41484521785344
2021-02-25,9,0,9,100.0,241.88969504162802
2021-02-26,9,0,9,100.0,237.2120203339681
2021-03-01,9,0,9,100.0,241.86381637575334
2021-03-02,9,0,9,100.0,242.64257772169432
2021-03-03,9,0,9,100.0,251.29022948703144
2021-03-04,9,0,9,100.0,245.2861350735339
2021-03-05,9,0,9,100.0,239.36515890717897
2021-03-08,9,0,9,100.0,242.5798805520282
2021-03-09,9,0,9,100.0,236.61858486390477
2021-03-10,9,0,9,100.0,240.36467704476956
2021-03-12,9,0,9,100.0,238.811781772427
2021-03-15,9,0,9,100.0,242.9520175021151
2021-03-16,9,0,9,100.0,241.10136540812536
2021-03-17,9,0,9,100.0,234.63587311526118
2021-03-18,9,0,9,100.0,232.77693497652746
2021-03-19,9,0,9,100.0,236.81795836280978
2021-03-22,9,0,9,100.0,238.9411469841652
2021-03-23,9,0,9,100.0,237.79556055127637
2021-03-24,9,0,9,100.0,232.81197249444267
2021-03-25,9,0,9,100.0,232.07829194152515
2021-03-26,9,0,9,100.0,239.5173767895127
2021-03-30,9,0,9,100.0,246.77821156489372
2021-03-31,9,0,9,100.0,247.5116740051273
2021-04-01,9,0,9,100.0,259.7539014163933
2021-04-05,9,0,9,100.0,263.54032335456515
2021-04-06,9,0,9,100.0,265.7455514750805
2021-04-07,9,0,9,100.0,267.7589677298232
2021-04-08,9,0,9,100.0,279.99153399458703
2021-04-09,9,0,9,100.0,279.65970918152533
2021-04-12,9,0,9,100.0,260.9790021413397
2021-04-13,9,0,9,100.0,270.74170446706574
2021-04-15,9,0,9,100.0,274.7711533327653
2021-04-16,9,0,9,100.0,276.7768831950752
2021-04-19,9,0,9,100.0,272.49374485116095
2021-04-20,9,0,9,100.0,274.0846196693279
2021-04-22,9,0,9,100.0,279.52093664177517
2021-04-23,9,0,9,100.0,278.6301225103683
2021-04-26,9,0,9,100.0,287.749898593503
2021-04-27,9,0,9,100.0,292.993529493845
2021-04-28,9,0,9,100.0,294.7934314251586
2021-04-29,9,0,9,100.0,308.64292057162214
2021-04-30,9,0,9,100.0,310.4056349736451
2021-05-03,9,0,9,100.0,316.69657397638355
2021-05-04,9,0,9,100.0,313.5023927391516
2021-05-05,9,0,9,100.0,319.173839114656
2021-05-06,9,0,9,100.0,326.35221136504447
2021-05-07,9,0,9,100.0,345.04828113084983
2021-05-10,9,0,9,100.0,357.5824470246944
2021-05-11,9,0,9,100.0,352.09824330308044
2021-05-12,9,0,9,100.0,344.3484492956894
2021-05-14,9,0,9,100.0,328.44618614949275
2021-05-17,9,0,9,100.0,335.75980314375664
2021-05-18,9,0,9,100.0,338.2727118436789
2021-05-19,9,0,9,100.0,335.8342100952587
2021-05-20,9,0,9,100.0,324.4548719275008
2021-05-21,9,0,9,100.0,325.5378542410324
2021-05-24,9,0,9,100.0,325.8550026984824
2021-05-25,9,0,9,100.0,327.10401372270064
2021-05-26,9,0,9,100.0,318.8072364606592
2021-05-27,9,0,9,100.0,320.5939912648552
2021-05-28,9,0,9,100.0,322.10064158237077
2021-05-31,9,0,9,100.0,329.06580823692144
2021-06-01,9,0,9,100.0,323.51705652649395
2021-06-02,9,0,9,100.0,328.19817816548846
2021-06-03,9,0,9,100.0,329.4703954495418
2021-06-04,9,0,9,100.0,331.9475579462919
2021-06-07,9,0,9,100.0,331.21226974482806
2021-06-08,9,0,9,100.0,327.12219273652477
2021-06-09,9,0,9,100.0,326.3170382866918
2021-06-10,9,0,9,100.0,332.68330938912595
2021-06-11,9,0,9,100.0,344.1115813678058
2021-06-14,9,0,9,100.0,345.6528332607833
2021-06-15,9,0,9,100.0,341.9494328048981
2021-06-16,9,0,9,100.0,333.1701255547323
2021-06-17,9,0,9,100.0,326.8710934186749
2021-06-18,9,0,9,100.0,319.75169119941665
2021-06-21,9,0,9,100.0,323.7904402491024
2021-06-22,9,0,9,100.0,326.7350551714142
2021-06-23,9,0,9,100.0,321.8861369960392
2021-06-24,9,0,9,100.0,323.26812341178857
2021-06-25,9,0,9,100.0,332.14618141306096
2021-06-28,9,0,9,100.0,337.053477876206
2021-06-29,9,0,9,100.0,332.6024799314837
2021-06-30,9,0,9,100.0,333.3730835585601
2021-07-01,9,0,9,100.0,332.2510058026147
2021-07-02,9,0,9,100.0,329.2417255366985
2021-07-05,9,0,9,100.0,332.0789725985842
2021-07-06,9,0,9,100.0,328.89097904438074
2021-07-07,9,0,9,100.0,335.8524974653902
2021-07-08,9,0,9,100.0,328.3942013195301
2021-07-09,9,0,9,100.0,337.43800077916035
2021-07-12,9,0,9,100.0,338.3048305336362
2021-07-13,9,0,9,100.0,341.0007770483092
2021-07-14,9,0,9,100.0,340.7832108750324
2021-07-15,9,0,9,100.0,342.8613361959227
2021-07-16,9,0,9,100.0,346.3536003331488
2021-07-19,9,0,9,100.0,341.69232109120736
2021-07-20,9,0,9,100.0,332.9081634237576
2021-07-22,9,0,9,100.0,348.60798658944907
2021-07-23,9,0,9,100.0,351.79708013359055
2021-07-26,9,0,9,100.0,354.2884220979291
2021-07-27,9,0,9,100.0,358.26126367533743
2021-07-28,9,0,9,100.0,360.90430188096764
2021-07-29,9,0,9,100.0,379.64224104542154
2021-07-30,9,0,9,100.0,379.38510134784076
2021-08-02,9,0,9,100.0,378.4105758769489
2021-08-03,9,0,9,100.0,377.9980419351175
2021-08-04,9,0,9,100.0,376.3753542367156
2021-08-05,9,0,9,100.0,380.1592228359607
2021-08-06,9,0,9,100.0,381.22594396747263
2021-08-09,9,0,9,100.0,373.7765048838943
2021-08-10,9,0,9,100.0,360.6537492000917
2021-08-11,9,0,9,100.0,374.37762573219146
2021-08-12,9,0,9,100.0,376.7029980052668
2021-08-13,9,0,9,100.0,378.8071590290813
2021-08-16,9,0,9,100.0,381.7158687441918
2021-08-17,9,0,9,100.0,369.7547051456297
2021-08-18,9,0,9,100.0,364.5546613100455
2021-08-20,8,1,9,88.88888888888889,338.6117009757743
2021-08-23,8,1,9,88.88888888888889,332.850331299391
2021-08-24,8,1,9,88.88888888888889,348.6286561739609
2021-08-25,9,0,9,100.0,350.3387629745617
2021-08-26,9,0,9,100.0,342.8610014466659
2021-08-27,9,0,9,100.0,348.17401605479847
2021-08-30,9,0,9,100.0,357.50694193254424
2021-08-31,9,0,9,100.0,359.8335078867932
2021-09-01,9,0,9,100.0,353.7574371988478
2021-09-02,9,0,9,100.0,357.5161895799109
2021-09-03,9,0,9,100.0,363.4580407045762
2021-09-06,9,0,9,100.0,366.0540158092685
2021-09-07,9,0,9,100.0,364.61412168223745
2021-09-08,9,0,9,100.0,365.4449637743153
2021-09-09,9,0,9,100.0,369.2762763787984
2021-09-13,9,0,9,100.0,373.33943993879393
2021-09-14,9,0,9,100.0,372.4287940906784
2021-09-15,9,0,9,100.0,376.1781764600042
2021-09-16,9,0,9,100.0,374.83840472686467
2021-09-17,9,0,9,100.0,365.0880700035869
2021-09-20,7,2,9,77.77777777777779,341.39608734137204
2021-09-21,8,1,9,88.88888888888889,350.98287423114414
2021-09-22,8,1,9,88.88888888888889,357.8332351035149
2021-09-23,8,1,9,88.88888888888889,362.0111160825945
2021-09-24,7,2,9,77.77777777777779,354.3825948325133
2021-09-27,7,2,9,77.77777777777779,352.74811475521403
2021-09-28,7,2,9,77.77777777777779,356.62702488470677
2021-09-29,8,1,9,88.88888888888889,367.68368907101234
2021-09-30,8,1,9,88.88888888888889,366.4368702707528
2021-10-01,8,1,9,88.88888888888889,370.81403878536736
2021-10-04,9,0,9,100.0,382.71656888380556
2021-10-05,8,1,9,88.88888888888889,383.8227987633592
2021-10-06,8,1,9,88.88888888888889,371.8029536004282
2021-10-07,8,1,9,88.88888888888889,371.6512417088927
2021-10-08,8,1,9,88.88888888888889,373.46128984109487
2021-10-11,9,0,9,100.0,379.3887625801818
2021-10-12,9,0,9,100.0,381.9194000264413
2021-10-13,9,0,9,100.0,389.2093005614532
2021-10-14,9,0,9,100.0,394.3598262093849
2021-10-18,9,0,9,100.0,412.0371907315225
2021-10-19,9,0,9,100.0,400.80094275399273
2021-10-20,8,1,9,88.88888888888889,391.8384245744273
2021-10-21,8,1,9,88.88888888888889,386.39507458299784
2021-10-22,8,1,9,88.88888888888889,374.7592070757737
2021-10-25,8,1,9,88.88888888888889,373.8689952464897
2021-10-26,8,1,9,88.88888888888889,389.2601392345186
2021-10-27,8,1,9,88.88888888888889,382.602973393652
2021-10-28,8,1,9,88.88888888888889,371.01928401629687
2021-10-29,8,1,9,88.88888888888889,373.9420528353726
2021-11-01,8,1,9,88.88888888888889,386.7036922390354
2021-11-02,8,1,9,88.88888888888889,380.07845850109663
2021-11-03,8,1,9,88.88888888888889,382.02669410337717
2021-11-04,8,1,9,88.88888888888889,382.33598346392927
2021-11-08,8,1,9,88.88888888888889,387.1746521711225
2021-11-09,8,1,9,88.88888888888889,384.3676590755474
2021-11-10,8,1,9,88.88888888888889,374.3436067954454
2021-11-11,8,1,9,88.88888888888889,374.60331342163073
2021-11-12,8,1,9,88.88888888888889,376.7147648318303
2021-11-15,8,1,9,88.88888888888889,368.30756683440006
2021-11-16,7,2,9,77.77777777777779,366.95317198239405
2021-11-17,7,2,9,77.77777777777779,365.7272235582801
2021-11-18,7,2,9,77.77777777777779,354.3058414066458
2021-11-22,7,2,9,77.77777777777779,352.698229081098
2021-11-23,7,2,9,77.77777777777779,366.6923863520627
2021-11-24,7,2,9,77.77777777777779,366.33550240138084
2021-11-25,7,2,9,77.77777777777779,369.32110509998097
2021-11-26,4,5,9,44.44444444444444,348.81290260280963
2021-11-29,4,5,9,44.44444444444444,344.67618152377105
2021-11-30,4,5,9,44.44444444444444,339.11898673931205
2021-12-01,5,4,9,55.55555555555556,346.83439117336496
2021-12-02,5,4,9,55.55555555555556,351.39393439463237
2021-12-03,5,4,9,55.55555555555556,352.20035153059587
2021-12-06,5,4,9,55.55555555555556,348.5704639253132
2021-12-07,6,3,9,66.66666666666666,360.75458062627615
2021-12-08,7,2,9,77.77777777777779,366.8404125112519
2021-12-09,7,2,9,77.77777777777779,369.5301563506219
2021-12-10,8,1,9,88.88888888888889,370.868467627353
2021-12-13,8,1,9,88.88888888888889,373.08809763859927
2021-12-14,8,1,9,88.88888888888889,376.18611725382834
2021-12-15,8,1,9,88.88888888888889,372.16088611441427
2021-12-16,7,2,9,77.77777777777779,371.2721117724794
2021-12-17,6,3,9,66.66666666666666,367.16390954366364
2021-12-20,4,5,9,44.44444444444444,351.6398385821407
2021-12-21,6,3,9,66.66666666666666,362.01699674309276
2021-12-22,6,3,9,66.66666666666666,367.94412794758546
2021-12-23,5,4,9,55.55555555555556,367.32598704606636
2021-12-24,4,5,9,44.44444444444444,365.1087638704563
2021-12-27,4,5,9,44.44444444444444,365.8664709117544
2021-12-28,4,5,9,44.44444444444444,368.98400162606674
2021-12-29,4,5,9,44.44444444444444,364.8835307208478
2021-12-30,4,5,9,44.44444444444444,361.65462717052907
2021-12-31,4,5,9,44.44444444444444,368.37155231642333
2022-01-03,5,4,9,55.55555555555556,376.64222393356624
2022-01-04,5,4,9,55.55555555555556,375.0995001983539
2022-01-05,7,2,9,77.77777777777779,382.0422713073209
2022-01-06,6,3,9,66.66666666666666,380.2692153526421
2022-01-07,6,3,9,66.66666666666666,381.6596070593211
2022-01-10,6,3,9,66.66666666666666,382.1387740407002
2022-01-11,4,5,9,44.44444444444444,370.4842972072771
2022-01-12,4,5,9,44.44444444444444,376.1396511138249
2022-01-13,7,2,9,77.77777777777779,392.0800635662285
2022-01-14,7,2,9,77.77777777777779,391.29920529834624
2022-01-17,7,2,9,77.77777777777779,390.93902534965423
2022-01-18,6,3,9,66.66666666666666,381.8731116320716
2022-01-19,6,3,9,66.66666666666666,386.2251197809479
2022-01-20,6,3,9,66.66666666666666,390.1886700726458
2022-01-21,5,4,9,55.55555555555556,381.40045622460536
2022-01-24,4,5,9,44.44444444444444,361.35206633451605
2022-01-25,4,5,9,44.44444444444444,366.7184852392111
2022-01-27,4,5,9,44.44444444444444,366.6218895793731
2022-01-28,4,5,9,44.44444444444444,368.71005952741757
2022-01-31,4,5,9,44.44444444444444,368.90117881931775
2022-02-01,5,4,9,55.55555555555556,385.85488846248535
2022-02-02,6,3,9,66.66666666666666,390.4583778480153
2022-02-03,6,3,9,66.66666666666666,390.8879619804582
2022-02-04,6,3,9,66.66666666666666,395.5633197173455
2022-02-07,6,3,9,66.66666666666666,395.4544965935228
2022-02-08,6,3,9,66.66666666666666,396.3846434977056
2022-02-09,6,3,9,66.66666666666666,402.2883852638973
2022-02-10,7,2,9,77.77777777777779,407.1419550262522
2022-02-11,7,2,9,77.77777777777779,403.9733186167526
2022-02-14,6,3,9,66.66666666666666,383.73994922684653
2022-02-15,5,4,9,55.55555555555556,390.18568392636803
2022-02-16,6,3,9,66.66666666666666,390.1279089943759
2022-02-17,6,3,9,66.66666666666666,389.36679257028294
2022-02-18,5,4,9,55.55555555555556,387.2579628436765
2022-02-21,5,4,9,55.55555555555556,380.9633255020134
2022-02-22,5,4,9,55.55555555555556,377.4746183097151
2022-02-23,5,4,9,55.55555555555556,378.25376530775185
2022-02-24,4,5,9,44.44444444444444,355.12707349715436
2022-02-25,5,4,9,55.55555555555556,378.48136482959956
2022-02-28,6,3,9,66.66666666666666,396.48744341689854
2022-03-02,7,2,9,77.77777777777779,413.0103630655586
2022-03-03,7,2,9,77.77777777777779,417.6464297045993
2022-03-04,7,2,9,77.77777777777779,405.8833240175872
2022-03-07,7,2,9,77.77777777777779,413.7415721948696
2022-03-08,7,2,9,77.77777777777779,408.3205196148509
2022-03-09,7,2,9,77.77777777777779,405.32035830099994
2022-03-10,7,2,9,77.77777777777779,411.41216442899287
2022-03-11,7,2,9,77.77777777777779,414.41507854663024
2022-03-14,7,2,9,77.77777777777779,414.61291431041457
2022-03-15,6,3,9,66.66666666666666,394.75297985849267
2022-03-16,7,2,9,77.77777777777779,405.08515282170725
2022-03-17,8,1,9,88.88888888888889,413.10161284808123
2022-03-21,8,1,9,88.88888888888889,419.72879477657676
2022-03-22,8,1,9,88.88888888888889,422.26371664694955
2022-03-23,8,1,9,88.88888888888889,428.3704254794312
2022-03-24,8,1,9,88.88888888888889,436.7376693342436
2022-03-25,8,1,9,88.88888888888889,436.2650076061848
2022-03-28,8,1,9,88.88888888888889,438.9574904483168
2022-03-29,8,1,9,88.88888888888889,440.61265400531033
2022-03-30,8,1,9,88.88888888888889,431.589384026795
2022-03-31,8,1,9,88.88888888888889,434.54552760991135
2022-04-01,8,1,9,88.88888888888889,438.60956931060207
2022-04-04,8,1,9,88.88888888888889,448.1024593084923
2022-04-05,8,1,9,88.88888888888889,446.0925570522745
2022-04-06,9,0,9,100.0,454.5767294407632
2022-04-07,9,0,9,100.0,448.80621091418976
2022-04-08,9,0,9,100.0,458.23968766763414
2022-04-11,9,0,9,100.0,459.55800715154805
2022-04-12,8,1,9,88.88888888888889,445.7016086550708
2022-04-13,8,1,9,88.88888888888889,446.1980615264221
2022-04-18,8,1,9,88.88888888888889,447.6274319102825
2022-04-19,8,1,9,88.88888888888889,447.1902925899714
2022-04-20,8,1,9,88.88888888888889,445.1521672674315
2022-04-21,8,1,9,88.88888888888889,445.4654873813183
2022-04-22,8,1,9,88.88888888888889,437.2391815302437
2022-04-25,7,2,9,77.77777777777779,419.9062213768484
2022-04-26,7,2,9,77.77777777777779,423.07103473553224
2022-04-27,7,2,9,77.77777777777779,423.0390180157828
2022-04-28,7,2,9,77.77777777777779,425.24372239896377
2022-04-29,6,3,9,66.66666666666666,420.5489793556029
2022-05-02,7,2,9,77.77777777777779,421.63018504480726
2022-05-04,6,3,9,66.66666666666666,412.1463839569283
2022-05-05,6,3,9,66.66666666666666,411.9468294068218
2022-05-06,6,3,9,66.66666666666666,400.88190125479616
2022-05-09,4,5,9,44.44444444444444,393.7798565563164
2022-05-10,3,6,9,33.33333333333333,372.51882835317235
2022-05-11,4,5,9,44.44444444444444,369.65287546833986
2022-05-12,3,6,9,33.33333333333333,357.76136454331447
2022-05-13,2,7,9,22.22222222222222,350.51334582858766
2022-05-16,2,7,9,22.22222222222222,352.61337653836165
2022-05-17,4,5,9,44.44444444444444,377.9397351662257
2022-05-18,4,5,9,44.44444444444444,375.1405720616582
2022-05-19,2,7,9,22.22222222222222,360.424966957949
2022-05-20,4,5,9,44.44444444444444,375.1225053109947
2022-05-23,1,8,9,11.11111111111111,336.72830042109103
2022-05-24,1,8,9,11.11111111111111,331.5215862585292
2022-05-25,1,8,9,11.11111111111111,323.6781616360395
2022-05-26,2,7,9,22.22222222222222,334.8333430163269
2022-05-27,1,8,9,11.11111111111111,333.9534957867928
2022-05-30,2,7,9,22.22222222222222,334.0821120047255
2022-05-31,2,7,9,22.22222222222222,337.15299379358095
2022-06-01,2,7,9,22.22222222222222,338.2190404672654
2022-06-02,2,7,9,22.22222222222222,341.02889689684935
2022-06-03,2,7,9,22.22222222222222,337.26172386014423
2022-06-06,2,7,9,22.22222222222222,338.5775177137061
2022-06-07,2,7,9,22.22222222222222,335.25688909675597
2022-06-08,1,8,9,11.11111111111111,338.36653313317396
2022-06-09,1,8,9,11.11111111111111,333.27474504164417
2022-06-10,1,8,9,11.11111111111111,329.05656294989507
2022-06-13,1,8,9,11.11111111111111,316.70971128499303
2022-06-14,1,8,9,11.11111111111111,314.9974240525023
2022-06-15,1,8,9,11.11111111111111,314.8636609164803
2022-06-16,1,8,9,11.11111111111111,296.89442764659094
2022-06-17,1,8,9,11.11111111111111,299.7355449283199
2022-06-20,1,8,9,11.11111111111111,285.4093275889771
2022-06-21,1,8,9,11.11111111111111,297.94167816570234
2022-06-22,1,8,9,11.11111111111111,283.0846048197706
2022-06-23,1,8,9,11.11111111111111,284.86682252459883
2022-06-24,1,8,9,11.11111111111111,288.11130554706943
2022-06-27,1,8,9,11.11111111111111,294.4360736138532
2022-06-28,1,8,9,11.11111111111111,299.8350839965398
2022-06-29,1,8,9,11.11111111111111,300.86198548591204
2022-06-30,1,8,9,11.11111111111111,293.93797256751964
2022-07-01,1,8,9,11.11111111111111,294.93671116401094
2022-07-04,1,8,9,11.11111111111111,293.1728053838935
2022-07-05,1,8,9,11.11111111111111,294.31322812249465
2022-07-06,1,8,9,11.11111111111111,292.6957121234813
2022-07-07,1,8,9,11.11111111111111,305.6464198514676
2022-07-08,1,8,9,11.11111111111111,302.7831898479047
2022-07-11,1,8,9,11.11111111111111,307.3030936494436
2022-07-12,1,8,9,11.11111111111111,303.7363415367155
2022-07-13,1,8,9,11.11111111111111,306.97440448135603
2022-07-14,1,8,9,11.11111111111111,306.2829954126064
2022-07-15,1,8,9,11.11111111111111,302.03775674891324
2022-07-18,1,8,9,11.11111111111111,311.3570919371976
2022-07-19,1,8,9,11.11111111111111,313.7330038357008
2022-07-20,1,8,9,11.11111111111111,317.7208135149071
2022-07-21,1,8,9,11.11111111111111,320.158225080628
2022-07-22,1,8,9,11.11111111111111,321.46813091369756
2022-07-25,1,8,9,11.11111111111111,326.24270897028225
2022-07-26,1,8,9,11.11111111111111,323.0004304366489
2022-07-27,1,8,9,11.11111111111111,326.0544711306309
2022-07-28,1,8,9,11.11111111111111,330.10738586285714
2022-07-29,2,7,9,22.22222222222222,343.4834218594368
2022-08-01,2,7,9,22.22222222222222,346.6635035823664
2022-08-02,2,7,9,22.22222222222222,344.7599303442113
2022-08-03,2,7,9,22.22222222222222,341.0904008020357
2022-08-04,2,7,9,22.22222222222222,343.8287620262452
2022-08-05,2,7,9,22.22222222222222,345.64080815773195
2022-08-08,2,7,9,22.22222222222222,350.61319730712574
2022-08-10,2,7,9,22.22222222222222,355.40044412560576
2022-08-11,2,7,9,22.22222222222222,354.7071908212253
2022-08-12,3,6,9,33.33333333333333,361.01423135266293
2022-08-16,3,6,9,33.33333333333333,362.1565452390918
2022-08-17,3,6,9,33.33333333333333,363.32692700936906
2022-08-18,4,5,9,44.44444444444444,367.41521475614496
2022-08-19,3,6,9,33.33333333333333,359.97133472628076
2022-08-22,2,7,9,22.22222222222222,349.17488712184246
2022-08-23,2,7,9,22.22222222222222,357.188255941942
2022-08-24,2,7,9,22.22222222222222,359.47228205154136
2022-08-25,2,7,9,22.22222222222222,361.4058958778686
2022-08-26,3,6,9,33.33333333333333,368.7361744733877
2022-08-29,3,6,9,33.33333333333333,363.50604669180086
2022-08-30,3,6,9,33.33333333333333,370.5908899953963
2022-09-01,3,6,9,33.33333333333333,365.7776253919167
2022-09-02,3,6,9,33.33333333333333,361.69623391784523
2022-09-05,3,6,9,33.33333333333333,367.3085577985793
2022-09-06,4,5,9,44.44444444444444,371.1262523025634
2022-09-07,3,6,9,33.33333333333333,372.78024608995554
2022-09-08,3,6,9,33.33333333333333,369.8339704848263
2022-09-09,3,6,9,33.33333333333333,371.89340258686764
2022-09-12,3,6,9,33.33333333333333,375.0462646443598
2022-09-13,3,6,9,33.33333333333333,377.60272282729494
2022-09-14,5,4,9,55.55555555555556,386.56351607569326
2022-09-15,4,5,9,44.44444444444444,382.5397446568121
2022-09-16,4,5,9,44.44444444444444,374.98300835557205
2022-09-19,3,6,9,33.33333333333333,370.0451381480151
2022-09-20,3,6,9,33.33333333333333,375.0576590581865
2022-09-21,3,6,9,33.33333333333333,373.4742317643978
2022-09-22,3,6,9,33.33333333333333,374.4883248825818
2022-09-23,3,6,9,33.33333333333333,367.39451757437973
2022-09-26,2,7,9,22.22222222222222,349.98476061787915
2022-09-27,2,7,9,22.22222222222222,347.44917187639777
2022-09-28,1,8,9,11.11111111111111,340.72866642253774
2022-09-29,2,7,9,22.22222222222222,345.6687604585116
2022-09-30,2,7,9,22.22222222222222,355.2031125100131
2022-10-03,2,7,9,22.22222222222222,352.6528890186069
2022-10-04,3,6,9,33.33333333333333,365.2427036772195
2022-10-06,5,4,9,55.55555555555556,378.40515213526504
2022-10-07,5,4,9,55.55555555555556,375.3754408280514
2022-10-10,5,4,9,55.55555555555556,375.99829038970415
2022-10-11,3,6,9,33.33333333333333,363.5142403891036
2022-10-12,4,5,9,44.44444444444444,368.1072065116173
2022-10-13,4,5,9,44.44444444444444,368.07929044980864
2022-10-14,4,5,9,44.44444444444444,368.6746817671773
2022-10-17,3,6,9,33.33333333333333,366.26554097511695
2022-10-18,3,6,9,33.33333333333333,369.3324009899321
2022-10-19,2,7,9,22.22222222222222,367.09298028656445
2022-10-20,2,7,9,22.22222222222222,369.89042119755567
2022-10-21,2,7,9,22.22222222222222,366.3616710175377
2022-10-24,2,7,9,22.22222222222222,369.1874125641289
2022-10-25,3,6,9,33.33333333333333,372.97645270413193
2022-10-27,5,4,9,55.55555555555556,388.7543871311353
2022-10-28,4,5,9,44.44444444444444,380.82701813491707
2022-10-31,4,5,9,44.44444444444444,381.61965859521626
2022-11-01,5,4,9,55.55555555555556,389.19182585015636
2022-11-02,5,4,9,55.55555555555556,393.7417921834121
2022-11-03,5,4,9,55.55555555555556,394.97286753029596
2022-11-04,7,2,9,77.77777777777779,406.70359792467394
2022-11-07,7,2,9,77.77777777777779,414.70930496042985
2022-11-09,7,2,9,77.77777777777779,410.6426532166695
2022-11-10,7,2,9,77.77777777777779,406.0544792416602
2022-11-11,8,1,9,88.88888888888889,415.28434279932236
2022-11-14,9,0,9,100.0,421.54492873294976
2022-11-15,9,0,9,100.0,421.52962681266615
2022-11-16,7,2,9,77.77777777777779,414.7952752939138
2022-11-17,6,3,9,66.66666666666666,411.8272755376157
2022-11-18,6,3,9,66.66666666666666,412.07542746273197
2022-11-21,6,3,9,66.66666666666666,415.6078304772504
2022-11-22,6,3,9,66.66666666666666,418.19886911382775
2022-11-23,7,2,9,77.77777777777779,419.59816109144475
2022-11-24,7,2,9,77.77777777777779,419.0271684098252
2022-11-25,7,2,9,77.77777777777779,422.70579985083236
2022-11-28,6,3,9,66.66666666666666,416.35176394703797
2022-11-29,7,2,9,77.77777777777779,419.1385958747242
2022-11-30,9,0,9,100.0,426.81291033159494
2022-12-01,9,0,9,100.0,435.10663061655237
2022-12-02,9,0,9,100.0,436.5229663361534
2022-12-05,9,0,9,100.0,445.9094817928663
2022-12-06,9,0,9,100.0,445.16026037194604
2022-12-07,9,0,9,100.0,442.6991534847262
2022-12-08,9,0,9,100.0,445.7277369441993
2022-12-09,9,0,9,100.0,438.80027273015133
2022-12-12,9,0,9,100.0,446.566085402404
2022-12-13,9,0,9,100.0,447.93170206810646
2022-12-14,9,0,9,100.0,452.93572510763534
2022-12-15,9,0,9,100.0,445.2299200035464
2022-12-16,9,0,9,100.0,441.73872712370274
2022-12-19,9,0,9,100.0,445.98373195769574
2022-12-20,9,0,9,100.0,441.302576126585
2022-12-21,8,1,9,88.88888888888889,436.28193693034405
2022-12-22,8,1,9,88.88888888888889,431.84192995560807
2022-12-23,6,3,9,66.66666666666666,415.2140336699178
2022-12-26,7,2,9,77.77777777777779,426.8621984710742
2022-12-27,8,1,9,88.88888888888889,445.4273212763703
2022-12-28,8,1,9,88.88888888888889,444.19535142153677
2022-12-29,8,1,9,88.88888888888889,448.72597555193414
2022-12-30,9,0,9,100.0,454.8310562991069
2023-01-02,9,0,9,100.0,470.223430585403
2023-01-03,9,0,9,100.0,467.8768722908754
2023-01-04,9,0,9,100.0,452.76692269681985
2023-01-05,9,0,9,100.0,456.7800593338221
2023-01-06,9,0,9,100.0,452.61122938532185
2023-01-09,9,0,9,100.0,459.28596389483187
2023-01-10,9,0,9,100.0,459.76653404189165
2023-01-11,9,0,9,100.0,464.77063187752174
2023-01-12,9,0,9,100.0,463.65231628342354
2023-01-13,9,0,9,100.0,468.58492081022337
2023-01-16,9,0,9,100.0,464.3463555870476
2023-01-17,9,0,9,100.0,463.12977856892877
2023-01-18,9,0,9,100.0,472.9342478926021
2023-01-19,9,0,9,100.0,477.25298382964525
2023-01-20,9,0,9,100.0,476.20552587443524
2023-01-23,9,0,9,100.0,476.94989187784404
2023-01-24,9,0,9,100.0,471.66890580443663
2023-01-25,9,0,9,100.0,470.72973718391245
2023-01-27,9,0,9,100.0,465.157802317985
2023-01-30,9,0,9,100.0,460.60234152965245
2023-01-31,9,0,9,100.0,466.5211056047631
2023-02-01,9,0,9,100.0,468.6410872998456
2023-02-02,9,0,9,100.0,463.7116954806779
2023-02-03,9,0,9,100.0,462.4589407378057
2023-02-06,9,0,9,100.0,453.65565215501465
2023-02-07,9,0,9,100.0,448.1743617130558
2023-02-08,9,0,9,100.0,456.684822777604
2023-02-09,9,0,9,100.0,456.6399910550665
2023-02-10,9,0,9,100.0,449.9680314685995
2023-02-13,9,0,9,100.0,448.6762041302158
2023-02-14,9,0,9,100.0,450.5956456613665
2023-02-15,9,0,9,100.0,451.8727206035728
2023-02-16,9,0,9,100.0,457.52780402077155
2023-02-17,9,0,9,100.0,457.81987322396833
2023-02-20,9,0,9,100.0,457.76596634705913
2023-02-21,9,0,9,100.0,457.5973735378052
2023-02-22,9,0,9,100.0,447.62584970189255
2023-02-23,9,0,9,100.0,452.2851478516006
2023-02-24,8,1,9,88.88888888888889,442.3722999682443
2023-02-27,8,1,9,88.88888888888889,436.61943425960385
2023-02-28,7,2,9,77.77777777777779,430.53455006568873
2023-03-01,8,1,9,88.88888888888889,441.8808076243579
2023-03-02,7,2,9,77.77777777777779,443.4344290865698
2023-03-03,8,1,9,88.88888888888889,450.23226924898967
2023-03-06,8,1,9,88.88888888888889,451.7688865980391
2023-03-08,8,1,9,88.88888888888889,452.49310823034045
2023-03-09,8,1,9,88.88888888888889,453.94571958011846
2023-03-10,8,1,9,88.88888888888889,453.1210345988672
2023-03-13,8,1,9,88.88888888888889,449.52057733452995
2023-03-14,8,1,9,88.88888888888889,449.9536532099403
2023-03-15,8,1,9,88.88888888888889,454.61741366377044
2023-03-16,6,3,9,66.66666666666666,442.8566812855387
2023-03-17,8,1,9,88.88888888888889,448.83893079236924
2023-03-20,6,3,9,66.66666666666666,439.4437602552763
2023-03-21,6,3,9,66.66666666666666,440.8387993863717
2023-03-22,6,3,9,66.66666666666666,440.2362853822255
2023-03-23,6,3,9,66.66666666666666,438.92938542620055
2023-03-24,6,3,9,66.66666666666666,429.13709373830864
2023-03-27,6,3,9,66.66666666666666,429.43769255619645
2023-03-28,6,3,9,66.66666666666666,427.772682946801
2023-03-29,7,2,9,77.77777777777779,435.8153962688037
2023-03-31,7,2,9,77.77777777777779,439.05422742909695
2023-04-03,7,2,9,77.77777777777779,441.32159745708356
2023-04-05,7,2,9,77.77777777777779,442.3435989966679
2023-04-06,7,2,9,77.77777777777779,442.8813365420582
2023-04-10,7,2,9,77.77777777777779,443.65540792311407
2023-04-11,8,1,9,88.88888888888889,449.41301464940375
2023-04-12,8,1,9,88.88888888888889,448.8784348107989
2023-04-13,9,0,9,100.0,447.7189575870704
2023-04-17,9,0,9,100.0,449.6406520644552
2023-04-18,9,0,9,100.0,451.39989377343556
2023-04-19,9,0,9,100.0,453.7326824224094
2023-04-20,9,0,9,100.0,453.56458260609963
2023-04-21,7,2,9,77.77777777777779,448.6000666681131
2023-04-24,8,1,9,88.88888888888889,451.22577427985425
2023-04-25,9,0,9,100.0,451.65847945880876
2023-04-26,9,0,9,100.0,449.5889540314258
2023-04-27,9,0,9,100.0,454.348101644955
2023-04-28,9,0,9,100.0,456.93778487627634
2023-05-02,9,0,9,100.0,464.222646429472
2023-05-03,9,0,9,100.0,463.6972990058988
2023-05-04,9,0,9,100.0,467.14614749101486
2023-05-05,9,0,9,100.0,459.20193424630764
2023-05-08,9,0,9,100.0,462.3004182262515
2023-05-09,9,0,9,100.0,463.25458021114787
2023-05-10,9,0,9,100.0,462.36717115884414
2023-05-11,8,1,9,88.88888888888889,458.55207656777486
2023-05-12,7,2,9,77.77777777777779,448.74579286674674
2023-05-15,7,2,9,77.77777777777779,452.31445774888203
2023-05-16,7,2,9,77.77777777777779,452.0391512571008
2023-05-17,6,3,9,66.66666666666666,446.6708602603215
2023-05-18,6,3,9,66.66666666666666,446.57435118379897
2023-05-19,5,4,9,55.55555555555556,445.3448749725272
2023-05-22,6,3,9,66.66666666666666,447.13726567672836
2023-05-23,7,2,9,77.77777777777779,450.0126688958678
2023-05-24,5,4,9,55.55555555555556,447.65482952811374
2023-05-25,3,6,9,33.33333333333333,446.73625339945255
2023-05-26,6,3,9,66.66666666666666,451.75291483966157
2023-05-29,8,1,9,88.88888888888889,457.7230403088589
2023-05-30,7,2,9,77.77777777777779,453.8981739767206
2023-05-31,5,4,9,55.55555555555556,450.70450114212053
2023-06-01,4,5,9,44.44444444444444,447.30845293873995
2023-06-02,7,2,9,77.77777777777779,454.38523030815696
2023-06-05,8,1,9,88.88888888888889,453.78463001730285
2023-06-06,7,2,9,77.77777777777779,454.97575930827986
2023-06-07,8,1,9,88.88888888888889,462.3281598428949
2023-06-08,8,1,9,88.88888888888889,462.32978953043846
2023-06-09,7,2,9,77.77777777777779,458.74514535234186
2023-06-12,7,2,9,77.77777777777779,461.0235664637314
2023-06-13,8,1,9,88.88888888888889,465.7980463483354
2023-06-14,8,1,9,88.88888888888889,471.13804184236756
2023-06-15,8,1,9,88.88888888888889,469.9210778075428
2023-06-16,7,2,9,77.77777777777779,470.2483957460193
2023-06-19,7,2,9,77.77777777777779,472.7424270061839
2023-06-20,7,2,9,77.77777777777779,477.14399322326847
2023-06-21,7,2,9,77.77777777777779,473.670130479402
2023-06-22,7,2,9,77.77777777777779,471.2619609658186
2023-06-23,7,2,9,77.77777777777779,464.8159419432112
2023-06-26,7,2,9,77.77777777777779,466.66852176208647
2023-06-27,7,2,9,77.77777777777779,470.42011148596885
2023-06-28,7,2,9,77.77777777777779,473.1162503594433
2023-06-30,7,2,9,77.77777777777779,474.3332920110275
2023-07-03,7,2,9,77.77777777777779,481.7192426022051
2023-07-04,7,2,9,77.77777777777779,482.7485994594512
2023-07-05,7,2,9,77.77777777777779,485.9020600254793
2023-07-06,7,2,9,77.77777777777779,488.3201010733397
2023-07-07,7,2,9,77.77777777777779,485.5125683848377
2023-07-10,7,2,9,77.77777777777779,492.4897377425973
2023-07-11,7,2,9,77.77777777777779,492.83245776659095
2023-07-12,8,1,9,88.88888888888889,494.43816121838677
2023-07-13,9,0,9,100.0,494.42720348819006
2023-07-14,9,0,9,100.0,501.7258779340745
2023-07-17,9,0,10,100.0,500.5321125815031
2023-07-18,9,0,10,100.0,493.5258142215461
2023-07-19,9,0,10,100.0,498.7950342438167
2023-07-20,9,0,10,100.0,498.4156512418589
2023-07-21,9,0,10,100.0,495.3228937239812
2023-07-24,9,0,10,100.0,493.0657819833898
2023-07-25,9,0,10,100.0,505.1557070157588
2023-07-26,9,0,10,100.0,506.25130054359664
2023-07-27,9,0,10,100.0,506.0559731214756
2023-07-28,9,0,10,100.0,511.19592044011426
2023-07-31,9,0,10,100.0,521.4342114644616
2023-08-01,9,0,10,100.0,526.7706645851365
2023-08-02,9,0,10,100.0,512.5875221837694
2023-08-03,8,1,10,88.88888888888889,509.0360768424074
2023-08-04,8,1,10,88.88888888888889,510.5087491115272
2023-08-07,8,1,10,88.88888888888889,510.45650751790185
2023-08-08,7,2,10,77.77777777777779,508.2726439858466
2023-08-09,8,1,10,88.88888888888889,515.534115964438
2023-08-10,8,1,10,88.88888888888889,516.051496297469
2023-08-11,8,1,10,88.88888888888889,514.4969182504345
2023-08-14,8,1,10,88.88888888888889,504.65286885020777
2023-08-16,7,2,10,77.77777777777779,500.98691460215343
2023-08-17,7,2,10,77.77777777777779,496.7259759863607
2023-08-18,7,2,10,77.77777777777779,495.55077854960643
2023-08-21,8,1,10,88.88888888888889,498.6436513323646
2023-08-22,8,1,10,88.88888888888889,501.377330589678
2023-08-23,8,1,10,88.88888888888889,508.2472074227387
2023-08-24,8,1,10,88.88888888888889,503.7528253219425
2023-08-25,8,1,10,88.88888888888889,497.23923843005224
2023-08-28,8,1,10,88.88888888888889,500.8661060612475
2023-08-29,8,1,10,88.88888888888889,507.7251228509788
2023-08-30,8,1,10,88.88888888888889,511.5280485981027
2023-08-31,8,1,10,88.88888888888889,513.7029843730056
2023-09-01,8,1,10,88.88888888888889,531.092081440913
2023-09-04,8,1,10,88.88888888888889,547.8336446315575
2023-09-05,8,1,10,88.88888888888889,551.9006952069159
2023-09-06,8,1,10,88.88888888888889,547.9436312103013
2023-09-07,8,1,10,88.88888888888889,551.9257249998141
2023-09-08,8,1,10,88.88888888888889,552.7141076080826
2023-09-11,8,1,10,88.88888888888889,563.415155977891
2023-09-12,8,1,10,88.88888888888889,545.967163936816
2023-09-13,8,1,10,88.88888888888889,554.0644244973283
2023-09-14,8,1,10,88.88888888888889,563.6031815808999
2023-09-15,8,1,10,88.88888888888889,559.6682733289273
2023-09-18,8,1,10,88.88888888888889,555.5273662007053
2023-09-20,8,1,10,88.88888888888889,546.8738577429868
2023-09-21,8,1,10,88.88888888888889,541.0636302863268
2023-09-22,8,1,10,88.88888888888889,537.1497400685316
2023-09-25,8,1,10,88.88888888888889,536.1821194434965
2023-09-26,8,1,10,88.88888888888889,539.5375390708418
2023-09-27,8,1,10,88.88888888888889,536.2114472903871
2023-09-28,8,1,10,88.88888888888889,533.202652046928
2023-09-29,8,1,10,88.88888888888889,547.7432856022025
2023-10-03,8,1,10,88.88888888888889,549.0170221205847
2023-10-04,8,1,10,88.88888888888889,539.8804910409132
2023-10-05,8,1,10,88.88888888888889,537.2433297106625
2023-10-06,8,1,10,88.88888888888889,539.7430031945779
2023-10-09,8,1,10,88.88888888888889,530.8855619146788
2023-10-10,8,1,10,88.88888888888889,546.0605969119154
2023-10-11,8,1,10,88.88888888888889,549.0987907524044
2023-10-12,8,1,10,88.88888888888889,555.0510685379211
2023-10-13,8,1,10,88.88888888888889,552.1739497711521
2023-10-16,8,1,10,88.88888888888889,557.6418723026837
2023-10-17,8,1,10,88.88888888888889,558.6438317958396
2023-10-18,8,1,10,88.88888888888889,554.0474363069555
2023-10-19,8,1,10,88.88888888888889,550.3868326021018
2023-10-20,8,1,10,88.88888888888889,543.3835208701365
2023-10-23,7,2,10,77.77777777777779,523.9523475024694
2023-10-25,7,2,10,77.77777777777779,528.2373448100597
2023-10-26,6,3,10,66.66666666666666,521.1444356294348
2023-10-27,6,3,10,66.66666666666666,526.7187750893075
2023-10-30,6,3,10,66.66666666666666,526.1256452417501
2023-10-31,6,3,10,66.66666666666666,524.1056903183147
2023-11-01,5,4,10,55.55555555555556,519.622416632623
2023-11-02,5,4,10,55.55555555555556,527.2333255119192
2023-11-03,6,3,10,66.66666666666666,530.4473459384466
2023-11-06,8,1,10,88.88888888888889,538.7247942189995
2023-11-07,7,2,10,77.77777777777779,540.1386024241019
2023-11-08,7,2,10,77.77777777777779,542.8636271080504
2023-11-09,8,1,10,88.88888888888889,542.8692429230105
2023-11-10,8,1,10,88.88888888888889,549.3752178744995
2023-11-12,8,1,10,88.88888888888889,555.8765173000394
2023-11-13,8,1,10,88.88888888888889,558.3209014344951
2023-11-15,8,1,10,88.88888888888889,562.2632823002268
2023-11-16,8,1,10,88.88888888888889,562.5360584036284
2023-11-17,8,1,10,88.88888888888889,567.4270997616884
2023-11-20,8,1,10,88.88888888888889,570.5658435351816
2023-11-21,8,1,10,88.88888888888889,575.534677152818
2023-11-22,8,1,10,88.88888888888889,568.9107505502394
2023-11-23,8,1,10,88.88888888888889,570.7210390438014
2023-11-24,8,1,10,88.88888888888889,572.3539836676653
2023-11-28,8,1,10,88.88888888888889,576.6735055313958
2023-11-29,8,1,10,88.88888888888889,576.9493559310099
2023-11-30,8,1,10,88.88888888888889,577.0691456845391
2023-12-01,8,1,10,88.88888888888889,585.3066457610728
2023-12-04,8,1,10,88.88888888888889,594.4084849885792
2023-12-05,8,1,10,88.88888888888889,601.579988547591
2023-12-06,8,1,10,88.88888888888889,605.0034476174299
2023-12-07,8,1,10,88.88888888888889,603.0051428199426
2023-12-08,8,1,10,88.88888888888889,604.9335619278227
2023-12-11,8,1,10,88.88888888888889,614.0146454555284
2023-12-12,8,1,10,88.88888888888889,613.4727910751863
2023-12-13,9,0,10,100.0,622.8030492232529
2023-12-14,9,0,10,100.0,626.7701459084617
2023-12-15,9,0,10,100.0,633.0266363114861
2023-12-18,9,0,10,100.0,640.3951914314226
2023-12-19,9,0,10,100.0,638.8465962824504
2023-12-20,9,0,10,100.0,611.4015869306697
2023-12-21,9,0,10,100.0,625.2690065971739
2023-12-22,9,0,10,100.0,638.0170437945907
2023-12-26,9,0,10,100.0,645.3607768684279
2023-12-27,9,0,10,100.0,651.8705404953497
2023-12-28,9,0,10,100.0,663.854403730844
2023-12-29,9,0,10,100.0,666.1349452960183
2024-01-01,9,0,10,100.0,667.618203879371
2024-01-02,9,0,10,100.0,673.3654415094119
2024-01-03,9,0,10,100.0,662.8708021211069
2024-01-04,9,0,10,100.0,664.5352805840461
2024-01-05,9,0,10,100.0,661.7518436045209
2024-01-08,9,0,10,100.0,650.1316293165152
2024-01-09,9,0,10,100.0,655.0227724259461
2024-01-10,9,0,10,100.0,655.8580450085221
2024-01-11,9,0,10,100.0,656.7067578281341
2024-01-12,9,0,10,100.0,657.8688946493377
2024-01-15,9,0,10,100.0,653.8463387931944
2024-01-16,9,0,10,100.0,664.131641406328
2024-01-17,9,0,10,100.0,643.4479437063212
2024-01-18,9,0,10,100.0,639.0652453297818
2024-01-19,9,0,10,100.0,648.5192339351486
2024-01-20,9,0,10,100.0,652.0312626784679
2024-01-23,9,0,10,100.0,624.2305723866999
2024-01-24,9,0,10,100.0,644.6774144094026
2024-01-25,9,0,10,100.0,650.2035332498947
2024-01-29,9,0,10,100.0,658.3336310689981
2024-01-30,9,0,10,100.0,658.8381325542847
2024-01-31,9,0,10,100.0,665.9806463022209
2024-02-01,9,0,10,100.0,658.1783527757386
2024-02-02,9,0,10,100.0,679.2370681907568
2024-02-05,9,0,10,100.0,689.4165144785475
2024-02-06,9,0,10,100.0,706.5294863314284
2024-02-07,9,0,10,100.0,709.7830066352599
2024-02-08,9,0,10,100.0,706.7213829643875
2024-02-09,9,0,10,100.0,693.408851408
2024-02-12,9,0,10,100.0,671.3121920638212
2024-02-13,9,0,10,100.0,658.8383564524568
2024-02-14,9,0,10,100.0,671.3176655647247
2024-02-15,9,0,10,100.0,682.9349932996416
2024-02-16,9,0,10,100.0,689.0762963272025
2024-02-19,9,0,10,100.0,689.114878605983
2024-02-20,10,0,10,100.0,688.2065001183781
2024-02-21,10,0,10,100.0,685.9558915127911
2024-02-22,10,0,10,100.0,693.1273917660526
2024-02-23,10,0,10,100.0,692.8597981849362
2024-02-26,10,0,10,100.0,685.8782380774679
2024-02-27,10,0,10,100.0,686.0813596574999
2024-02-28,9,1,10,90.0,673.6538815508388
2024-02-29,10,0,10,100.0,679.6699845230835
2024-03-01,10,0,10,100.0,703.931868805033
2024-03-02,10,0,10,100.0,714.8140824323937
2024-03-04,10,0,10,100.0,722.4224198040521
2024-03-05,10,0,10,100.0,723.0798840748928
2024-03-06,10,0,10,100.0,720.6427890737071
2024-03-07,10,0,10,100.0,726.3696892412427
2024-03-11,10,0,10,100.0,712.2218915647289
2024-03-12,9,1,10,90.0,697.648867319548
2024-03-13,8,2,10,80.0,656.8280885001082
2024-03-14,8,2,10,80.0,670.5645350682248
2024-03-15,8,2,10,80.0,668.6829157347971
2024-03-18,10,0,10,100.0,687.7591990564181
2024-03-19,10,0,10,100.0,680.4409419248582
2024-03-20,9,1,10,90.0,678.9395832806525
2024-03-21,10,0,10,100.0,697.6955205659289
2024-03-22,10,0,10,100.0,700.2139672327355
2024-03-26,9,1,10,90.0,702.3187892551824
2024-03-27,10,0,10,100.0,706.2699369860696
2024-03-28,10,0,10,100.0,710.7891273231855
2024-04-01,10,0,10,100.0,735.4998192555531
2024-04-02,10,0,10,100.0,748.958920627222
2024-04-03,10,0,10,100.0,748.892981244975
2024-04-04,10,0,10,100.0,752.1890646071271
2024-04-05,10,0,10,100.0,755.2960056071312
2024-04-08,10,0,10,100.0,763.0111695669236
2024-04-09,10,0,10,100.0,770.0653910613204
2024-04-10,10,0,10,100.0,789.8948300837501
2024-04-12,10,0,10,100.0,788.2632191122598
2024-04-15,10,0,10,100.0,786.1684865304928
2024-04-16,10,0,10,100.0,783.5173051413482
2024-04-18,10,0,10,100.0,782.5255071683442
2024-04-19,10,0,10,100.0,789.6067102726523
2024-04-22,10,0,10,100.0,793.8558493284924
2024-04-23,10,0,10,100.0,791.4525266550604
2024-04-24,10,0,10,100.0,817.6269511746694
2024-04-25,10,0,10,100.0,824.330113136288
2024-04-26,10,0,10,100.0,825.1500767248853
2024-04-29,10,0,10,100.0,825.3042811984194
2024-04-30,10,0,10,100.0,822.6841454816438
2024-05-02,10,0,10,100.0,832.714979682313
2024-05-03,10,0,10,100.0,836.7767359001514
2024-05-06,10,0,10,100.0,828.0535058385285
2024-05-07,10,0,10,100.0,806.9307054583343
2024-05-08,10,0,10,100.0,818.0394904071429
2024-05-09,10,0,10,100.0,792.3459801500361
2024-05-10,10,0,10,100.0,806.1005547402809
2024-05-13,10,0,10,100.0,810.492968904339
2024-05-14,10,0,10,100.0,832.8832001050371
2024-05-15,10,0,10,100.0,836.4318975322739
2024-05-16,10,0,10,100.0,835.1035092025521
2024-05-17,10,0,10,100.0,852.8034540198389
2024-05-18,10,0,10,100.0,856.3617440550439
2024-05-21,10,0,10,100.0,885.6778366477392
2024-05-22,10,0,10,100.0,879.1228634755281
2024-05-23,10,0,10,100.0,874.2962793700473
2024-05-24,10,0,10,100.0,872.1626240800409
2024-05-27,10,0,10,100.0,868.3559276006977
2024-05-28,10,0,10,100.0,861.3287971732088
2024-05-29,10,0,10,100.0,861.5718804553234
2024-05-30,10,0,10,100.0,843.0494239053731
2024-05-31,10,0,10,100.0,860.3401962230976
2024-06-03,10,0,10,100.0,885.2660007893073
2024-06-04,10,0,10,100.0,795.6784991826333
2024-06-05,10,0,10,100.0,835.6296536937034
2024-06-06,10,0,10,100.0,853.6793481535625
2024-06-07,10,0,10,100.0,868.9795900469699
2024-06-10,10,0,10,100.0,865.9536622755749
2024-06-11,10,0,10,100.0,864.1559606944227
2024-06-12,10,0,10,100.0,874.8914412053061
2024-06-13,10,0,10,100.0,874.6432655953075
2024-06-14,10,0,10,100.0,881.08251920604
2024-06-18,10,0,10,100.0,881.6835914354647
2024-06-19,10,0,10,100.0,867.7847959825449
2024-06-20,10,0,10,100.0,887.8886342923496
2024-06-21,10,0,10,100.0,889.1899880989575
2024-06-24,10,0,10,100.0,880.4216447309108
2024-06-25,10,0,10,100.0,872.9212080660081
2024-06-26,10,0,10,100.0,860.8031420643806
2024-06-27,10,0,10,100.0,862.1610258756336
2024-06-28,10,0,10,100.0,871.2215871368727
2024-07-01,10,0,10,100.0,876.717392276479
2024-07-02,10,0,10,100.0,871.4451051010305
2024-07-03,10,0,10,100.0,883.1904267840013
2024-07-04,10,0,10,100.0,890.0025772655497
2024-07-05,10,0,10,100.0,892.8465596405649
2024-07-08,10,0,10,100.0,884.5096237413139
2024-07-09,10,0,10,100.0,885.2441352616346
2024-07-10,10,0,10,100.0,869.6645422587345
2024-07-11,10,0,10,100.0,870.249433791618
2024-07-12,10,0,10,100.0,869.1227757181814
2024-07-15,10,0,10,100.0,871.6077518610243
2024-07-16,10,0,10,100.0,872.3473895747326
2024-07-18,10,0,10,100.0,864.6579853254245
2024-07-19,10,0,10,100.0,826.7993609864556
2024-07-22,10,0,10,100.0,833.4224839956483
2024-07-23,10,0,10,100.0,827.6492691311673
2024-07-24,10,0,10,100.0,833.378346337427
2024-07-25,10,0,10,100.0,825.044908054313
2024-07-26,10,0,10,100.0,851.5621574470042
2024-07-29,10,0,10,100.0,850.043532913167
2024-07-30,10,0,10,100.0,852.8427795659819
2024-07-31,10,0,10,100.0,860.2418078151967
2024-08-01,10,0,10,100.0,865.9005860193996
2024-08-02,10,0,10,100.0,844.997924427779
2024-08-05,10,0,10,100.0,800.5874380739533
2024-08-06,10,0,10,100.0,797.4838100579947
2024-08-07,10,0,10,100.0,824.1161872706591
2024-08-08,10,0,10,100.0,807.1684094504747
2024-08-09,9,1,10,90.0,810.782618383284
2024-08-12,10,0,10,100.0,818.9357538130473
2024-08-13,9,1,10,90.0,808.5739044935657
2024-08-14,7,3,10,70.0,796.4579114209945
2024-08-16,8,2,10,80.0,811.2834237893247
2024-08-19,9,1,10,90.0,830.0411596468443
2024-08-20,10,0,10,100.0,837.066123011504
2024-08-21,9,1,10,90.0,843.6108952273706
2024-08-22,10,0,10,100.0,848.0975032953213
2024-08-23,8,2,10,80.0,844.1694069670322
2024-08-26,10,0,10,100.0,864.2159739121784
2024-08-27,10,0,10,100.0,856.567306783386
2024-08-28,10,0,10,100.0,853.3697135247919
2024-08-29,9,1,10,90.0,849.3708225780451
2024-08-30,9,1,10,90.0,857.4631069757155
2024-09-02,8,2,10,80.0,843.791429362517
2024-09-03,8,2,10,80.0,838.1753466523741
2024-09-04,8,2,10,80.0,831.1087486390722
2024-09-05,8,2,10,80.0,832.0346210170281
2024-09-06,8,2,10,80.0,827.615904224651
2024-09-09,7,3,10,70.0,820.4871252781606
2024-09-10,7,3,10,70.0,827.0288067328373
2024-09-11,7,3,10,70.0,815.2643943016825
2024-09-12,8,2,10,80.0,840.6092233571231
2024-09-13,8,2,10,80.0,851.4822429676548
2024-09-16,8,2,10,80.0,856.1986165808365
2024-09-17,8,2,10,80.0,856.3304865568367
2024-09-18,7,3,10,70.0,848.204410915677
2024-09-19,7,3,10,70.0,839.1598728040815
2024-09-20,7,3,10,70.0,856.5228422281505
2024-09-23,8,2,10,80.0,866.343563243988
2024-09-24,8,2,10,80.0,888.0590783064949
2024-09-25,8,2,10,80.0,889.4790073174357
2024-09-26,10,0,10,100.0,911.0055898671712
2024-09-27,10,0,10,100.0,919.7408103845372
2024-09-30,10,0,10,100.0,930.6734728176754
2024-10-01,10,0,10,100.0,930.2919320428755
2024-10-03,9,1,10,90.0,925.4328890371432
2024-10-04,10,0,10,100.0,920.6477370661838
2024-10-07,8,2,10,80.0,893.4860967576305
2024-10-08,8,2,10,80.0,884.7069542847272
2024-10-09,8,2,10,80.0,890.9010630904106
2024-10-10,8,2,10,80.0,894.6075033154806
2024-10-11,9,1,10,90.0,905.3548892027309
2024-10-14,9,1,10,90.0,906.3593729165083
2024-10-15,9,1,10,90.0,893.4515348054074
2024-10-16,8,2,10,80.0,892.4352280143663
2024-10-17,7,3,10,70.0,878.510057512937
2024-10-18,8,2,10,80.0,890.3214665595168
2024-10-21,6,4,10,60.0,874.6966682505528
2024-10-22,5,5,10,50.0,844.0573903314341
2024-10-23,5,5,10,50.0,842.9615378223868
2024-10-24,6,4,10,60.0,843.5731969491043
2024-10-25,4,6,10,40.0,825.4104900556891
2024-10-28,4,6,10,40.0,836.832124792395
2024-10-29,4,6,10,40.0,840.4135136875299
2024-10-30,4,6,10,40.0,838.8268471590897
2024-10-31,4,6,10,40.0,838.6889984703746
2024-11-01,5,5,10,50.0,845.296033099447
2024-11-04,4,6,10,40.0,833.2570408463098
2024-11-05,6,4,10,60.0,856.5340035407523
2024-11-06,7,3,10,70.0,874.814953297516
2024-11-07,7,3,10,70.0,858.6745619953061
2024-11-08,5,5,10,50.0,848.3680722742573
2024-11-11,4,6,10,40.0,838.7310301977593
2024-11-12,4,6,10,40.0,825.4912113964863
2024-11-13,3,7,10,30.0,804.442119714955
2024-11-14,3,7,10,30.0,803.470721740341
2024-11-18,4,6,10,40.0,814.9389019049024
2024-11-19,3,7,10,30.0,809.7409819836615
2024-11-21,4,6,10,40.0,801.6722395739969
2024-11-22,4,6,10,40.0,813.8289983988702
2024-11-25,4,6,10,40.0,821.4180222036375
2024-11-26,4,6,10,40.0,827.2735732615906
2024-11-27,4,6,10,40.0,828.1260620308535
2024-11-28,4,6,10,40.0,828.1361021563546
2024-11-29,4,6,10,40.0,837.9724271562211
2024-12-02,4,6,10,40.0,849.3630894969167
2024-12-03,5,5,10,50.0,860.6751782626064
2024-12-04,6,4,10,60.0,861.264986930294
2024-12-05,6,4,10,60.0,863.6654385156571
2024-12-06,7,3,10,70.0,874.0998103866208
2024-12-09,7,3,10,70.0,883.2890277408208
2024-12-10,7,3,10,70.0,890.683443069014
2024-12-11,7,3,10,70.0,890.9162773799462
2024-12-12,7,3,10,70.0,892.0234348950524
2024-12-13,6,4,10,60.0,885.8365034713731
2024-12-16,6,4,10,60.0,880.3679389183152
2024-12-17,5,5,10,50.0,865.4087305064207
2024-12-18,4,6,10,40.0,852.6757796110373
2024-12-19,4,6,10,40.0,844.0763336510381
2024-12-20,2,8,10,20.0,829.7717667495957
2024-12-23,3,7,10,30.0,843.1511116835088
2024-12-24,4,6,10,40.0,840.1765858518669
2024-12-26,3,7,10,30.0,838.3539258013791
2024-12-27,3,7,10,30.0,828.5398309133768
2024-12-30,2,8,10,20.0,811.8687380818619
2024-12-31,2,8,10,20.0,818.7222062319858
2025-01-01,2,8,10,20.0,819.8683963301205
2025-01-02,2,8,10,20.0,831.4235644244889
2025-01-03,2,8,10,20.0,839.2620896474291
2025-01-06,2,8,10,20.0,812.9168020953908
2025-01-07,2,8,10,20.0,822.464854306521
2025-01-08,2,8,10,20.0,817.5808482006055
2025-01-09,2,8,10,20.0,807.3230259095906
2025-01-10,2,8,10,20.0,797.4459540543753
2025-01-13,1,9,10,10.0,768.4581035277209
2025-01-14,2,8,10,20.0,797.8001497554835
2025-01-15,2,8,10,20.0,798.2839960746563
2025-01-16,2,8,10,20.0,811.3884775862857
2025-01-17,2,8,10,20.0,820.9963352702413
2025-01-20,2,8,10,20.0,823.8302312558633
2025-01-21,2,8,10,20.0,819.9180444615561
2025-01-22,2,8,10,20.0,810.7992362464579
2025-01-23,3,7,10,30.0,818.1919907036224
2025-01-24,3,7,10,30.0,811.5200984204942
2025-01-27,1,9,10,10.0,784.4060770389239
2025-01-28,1,9,10,10.0,776.9552834768309
2025-01-29,2,8,10,20.0,792.9781947013923
2025-01-30,2,8,10,20.0,796.2340511351739
2025-01-31,3,7,10,30.0,801.9789109107094
2025-02-01,3,7,10,30.0,788.0057615950238
2025-02-03,2,8,10,20.0,769.3395167534608
2025-02-04,3,7,10,30.0,786.7926695174822
2025-02-05,3,7,10,30.0,798.1458357158793
2025-02-06,3,7,10,30.0,795.3578610502368
2025-02-07,3,7,10,30.0,814.1668231237602
2025-02-10,2,8,10,20.0,791.5203736963542
2025-02-11,2,8,10,20.0,770.4291207817762
2025-02-12,2,8,10,20.0,780.5887544949121
2025-02-13,2,8,10,20.0,790.7549476003113
2025-02-14,2,8,10,20.0,774.4093333807931
2025-02-17,2,8,10,20.0,778.4207858419302
2025-02-18,2,8,10,20.0,780.2269615942566
2025-02-19,2,8,10,20.0,794.0736312323738
2025-02-20,2,8,10,20.0,810.8719295658287
2025-02-21,2,8,10,20.0,819.6482155890955
2025-02-24,2,8,10,20.0,799.5982840026116
2025-02-25,2,8,10,20.0,785.1763472149111
2025-02-27,2,8,10,20.0,784.5207375919049
2025-02-28,2,8,10,20.0,772.5267738511023
2025-03-03,2,8,10,20.0,776.5480216872791
2025-03-04,2,8,10,20.0,777.8460409348538
2025-03-05,2,8,10,20.0,807.7388044167758
2025-03-06,4,6,10,40.0,834.1205715702207
2025-03-07,5,5,10,50.0,838.9038603020875
2025-03-10,3,7,10,30.0,829.7252576767344
2025-03-11,4,6,10,40.0,832.3339097699087
2025-03-12,4,6,10,40.0,826.2475876283714
2025-03-13,4,6,10,40.0,820.2815654085052
2025-03-17,5,5,10,50.0,827.6043355757942
2025-03-18,5,5,10,50.0,848.5027287478973
2025-03-19,5,5,10,50.0,864.3783227842807
2025-03-20,5,5,10,50.0,870.0078336537183
2025-03-21,5,5,10,50.0,871.0694862630008
2025-03-24,5,5,10,50.0,873.4143833192123
2025-03-25,5,5,10,50.0,860.7722107733161
2025-03-26,5,5,10,50.0,856.9444931858809
2025-03-27,5,5,10,50.0,861.7965566700601
2025-03-28,5,5,10,50.0,859.6746281257383
2025-04-01,5,5,10,50.0,854.8092522961642
2025-04-02,5,5,10,50.0,863.5010868687056
2025-04-03,3,7,10,30.0,857.1178496159936
2025-04-04,2,8,10,20.0,802.1446124515377
2025-04-07,1,9,10,10.0,748.9489952154767
2025-04-08,1,9,10,10.0,761.3133385339368
2025-04-09,1,9,10,10.0,749.465297693235
2025-04-11,2,8,10,20.0,780.3865502415291
2025-04-15,2,8,10,20.0,804.6950185502119
2025-04-16,2,8,10,20.0,811.7014652344238
2025-04-17,2,8,10,20.0,814.1232820981033
2025-04-21,2,8,10,20.0,829.4365222815376
2025-04-22,2,8,10,20.0,833.791690949299
2025-04-23,2,8,10,20.0,837.718391330772
2025-04-24,2,8,10,20.0,838.7285596301786
2025-04-25,2,8,10,20.0,819.8956471540216
2025-04-28,2,8,10,20.0,827.3570748191313
2025-04-29,2,8,10,20.0,819.3494468971475
2025-04-30,2,8,10,20.0,818.4365380645668
2025-05-02,2,8,10,20.0,815.0360888764138
2025-05-05,1,9,10,10.0,820.0906253900012
2025-05-06,2,8,10,20.0,810.7310805192593
2025-05-07,2,8,10,20.0,820.1549087510493
2025-05-08,1,9,10,10.0,803.3500179579698
2025-05-09,1,9,10,10.0,801.8079921991484
2025-05-12,3,7,10,30.0,848.5875533805036
2025-05-13,3,7,10,30.0,843.7311652270186
2025-05-14,7,3,10,70.0,871.8413148434611
2025-05-15,8,2,10,80.0,880.0084899420403
2025-05-16,7,3,10,70.0,880.4235738824739
2025-05-19,8,2,10,80.0,880.292100122161
2025-05-20,7,3,10,70.0,875.609786640852
2025-05-21,7,3,10,70.0,879.8339423516605
2025-05-22,6,4,10,60.0,877.4810827694974
2025-05-23,6,4,10,60.0,883.5069380344665
2025-05-26,8,2,10,80.0,892.4100016553666
2025-05-27,8,2,10,80.0,888.4126620045353
2025-05-28,7,3,10,70.0,882.7169378498389
2025-05-29,8,2,10,80.0,896.8305378958149
2025-05-30,6,4,10,60.0,880.2962652833735
2025-06-02,6,4,10,60.0,874.7856776688429
2025-06-03,6,4,10,60.0,880.7559919171906
2025-06-04,5,5,10,50.0,885.8999327764934
2025-06-05,6,4,10,60.0,891.7843494425231
2025-06-06,8,2,10,80.0,904.8711326621695
2025-06-09,8,2,10,80.0,914.6782499325534
2025-06-10,9,1,10,90.0,916.647496077033
2025-06-11,9,1,10,90.0,916.3310836501246
2025-06-12,8,2,10,80.0,902.8853077138431
2025-06-13,7,3,10,70.0,892.8109795055343
2025-06-16,8,2,10,80.0,899.1244508722095
2025-06-17,7,3,10,70.0,886.6815101570367
2025-06-18,7,3,10,70.0,881.9094072042196
2025-06-19,4,6,10,40.0,869.2063994093429
2025-06-20,6,4,10,60.0,879.8914660211892
2025-06-23,7,3,10,70.0,887.2636743022169
2025-06-24,9,1,10,90.0,897.582060188249
2025-06-25,9,1,10,90.0,896.0350353255709
2025-06-26,9,1,10,90.0,918.1875350340604
2025-06-27,9,1,10,90.0,916.7909279981893
2025-06-30,9,1,10,90.0,918.3529055883812
2025-07-01,8,2,10,80.0,918.964643678702
2025-07-02,8,2,10,80.0,926.5510322494123
2025-07-03,9,1,10,90.0,921.5259170046061
2025-07-04,9,1,10,90.0,917.5175617766806
2025-07-07,8,2,10,80.0,911.3730727867301
2025-07-08,8,2,10,80.0,910.4559699218221
2025-07-09,8,2,10,80.0,902.0101037739577
2025-07-10,8,2,10,80.0,906.5308140787882
2025-07-11,9,1,10,90.0,902.9290871507923
2025-07-14,9,1,10,90.0,904.2610296160703
2025-07-15,8,2,10,80.0,904.3735720043449
2025-07-16,9,1,10,90.0,899.7309434404245
2025-07-17,9,1,10,90.0,904.348294967707
2025-07-18,9,1,10,90.0,911.5833237174413
2025-07-21,9,1,10,90.0,921.7371643726972
2025-07-22,9,1,10,90.0,921.2964980345264
2025-07-23,9,1,10,90.0,923.0094969357134
2025-07-24,9,1,10,90.0,922.9847755052516
2025-07-25,8,2,10,80.0,910.1584946820101
2025-07-28,8,2,10,80.0,899.154030922292
2025-07-29,9,1,10,90.0,908.0319029302402
2025-07-30,8,2,10,80.0,907.0777026357044
2025-07-31,8,2,10,80.0,900.2991452678224
2025-08-01,8,2,10,80.0,885.9738599676061
2025-08-04,8,2,10,80.0,909.6354005418037
2025-08-05,9,1,10,90.0,911.9800179997734
2025-08-06,9,1,10,90.0,910.9564698337576
2025-08-07,9,1,10,90.0,910.9260594332103
2025-08-08,8,2,10,80.0,894.4471369940869
2025-08-11,8,2,10,80.0,895.5959788659078
2025-08-12,9,1,10,90.0,902.1341956005319
2025-08-13,10,0,10,100.0,914.9000747717462
2025-08-14,9,1,10,90.0,901.2434909187161
2025-08-18,10,0,10,100.0,914.9618818526644
2025-08-19,10,0,10,100.0,921.6463906768
2025-08-20,10,0,10,100.0,927.5622613491543
2025-08-21,9,1,10,90.0,924.950589766549
2025-08-22,9,1,10,90.0,914.4112005225762
2025-08-25,10,0,10,100.0,922.0468566598599
2025-08-26,9,1,10,90.0,906.6722965814835
2025-08-28,9,1,10,90.0,901.9590007405096
2025-08-29,8,2,10,80.0,893.078670925526
2025-09-01,10,0,10,100.0,906.0815160125145
2025-09-02,10,0,10,100.0,915.7550643845875
2025-09-03,10,0,10,100.0,943.5091292187252
2025-09-04,10,0,10,100.0,935.2980532448056
2025-09-05,9,1,10,90.0,942.5066930859894
2025-09-08,10,0,10,100.0,944.5029283584227
2025-09-09,10,0,10,100.0,946.9573005354634
2025-09-10,10,0,10,100.0,950.5498587164917
2025-09-11,9,1,10,90.0,950.9357637440089
2025-09-12,9,1,10,90.0,953.8834844885782
2025-09-15,10,0,10,100.0,957.2570414574404
2025-09-16,10,0,10,100.0,962.5602070787633
2025-09-17,10,0,10,100.0,962.1809253452268
2025-09-18,10,0,10,100.0,964.3953439330343
2025-09-19,10,0,10,100.0,967.2145440492815
2025-09-22,9,1,10,90.0,966.2516827361463
2025-09-23,10,0,10,100.0,976.4540816267236
2025-09-24,9,1,10,90.0,970.1693654173407
2025-09-25,9,1,10,90.0,968.5715023912128
2025-09-26,9,1,10,90.0,950.8951364088693
2025-09-29,9,1,10,90.0,949.4408854537212
2025-09-30,9,1,10,90.0,958.5185072138365
2025-10-01,9,1,10,90.0,962.2826455261692
2025-10-03,9,1,10,90.0,980.1297444729558
2025-10-06,9,1,10,90.0,968.9972918438119
2025-10-07,9,1,10,90.0,967.1292814380312
2025-10-08,9,1,10,90.0,962.2907620448309
2025-10-09,10,0,10,100.0,985.5511549463965
2025-10-10,10,0,10,100.0,975.7006289988375
2025-10-13,9,1,10,90.0,970.6494075167301
2025-10-14,9,1,10,90.0,962.3290478679914
2025-10-15,10,0,10,100.0,971.7370627385529
2025-10-16,9,1,10,90.0,978.6732299870355
2025-10-17,9,1,10,90.0,968.542209917919
2025-10-20,9,1,10,90.0,969.0833782800034
2025-10-21,10,0,10,100.0,975.1975820457213
2025-10-23,9,1,10,90.0,973.7160471337054
2025-10-24,10,0,10,100.0,982.026501379796
2025-10-27,9,1,10,90.0,992.2086364018845
2025-10-28,9,1,10,90.0,1001.3328868309937
2025-10-29,9,1,10,90.0,1014.7575614459091
2025-10-30,9,1,10,90.0,1009.0658196880996
2025-10-31,9,1,10,90.0,998.4103296614383
2025-11-03,9,1,10,90.0,1003.9693007192988
2025-11-04,9,1,10,90.0,994.4458513663935
2025-11-06,9,1,10,90.0,978.9409638600205
2025-11-07,9,1,10,90.0,990.723107131433
2025-11-10,9,1,10,90.0,995.7482986919572
2025-11-11,9,1,10,90.0,1003.1151180703798
2025-11-12,9,1,10,90.0,1000.644145680646
2025-11-13,9,1,10,90.0,1002.6705301184071
2025-11-14,9,1,10,90.0,996.1996421151264
2025-11-17,9,1,10,90.0,995.2422348060331
2025-11-18,9,1,10,90.0,985.0466709376171
2025-11-19,9,1,10,90.0,988.3002492737954
2025-11-20,9,1,10,90.0,986.2541055641022
2025-11-21,9,1,10,90.0,963.2570004170611
2025-11-24,9,1,10,90.0,950.264857947837
2025-11-25,9,1,10,90.0,953.5468772049077
2025-11-26,9,1,10,90.0,978.2969668838796
2025-11-27,9,1,10,90.0,978.845165297924
2025-11-28,9,1,10,90.0,977.7721817670374
2025-12-01,9,1,10,90.0,981.693389636601
2025-12-02,9,1,10,90.0,978.2019781061166
2025-12-03,9,1,10,90.0,971.7169238560498
2025-12-04,9,1,10,90.0,970.1346983449195
2025-12-05,9,1,10,90.0,976.0701502156602
2025-12-08,9,1,10,90.0,962.9014976869128
2025-12-09,9,1,10,90.0,963.7392557540892
2025-12-10,9,1,10,90.0,971.1722001241285
2025-12-11,9,1,10,90.0,977.446607677218
2025-12-12,9,1,10,90.0,996.6497295953067
2025-12-15,9,1,10,90.0,1000.071176947851
2025-12-16,9,1,10,90.0,993.1557283893081
2025-12-17,9,1,10,90.0,993.3792589791883
2025-12-18,9,1,10,90.0,991.7226996194138
2025-12-19,9,1,10,90.0,990.9333119963445
2025-12-22,10,0,10,100.0,1004.8080901923857
2025-12-23,10,0,10,100.0,1019.9891002890676
2025-12-24,10,0,10,100.0,1018.064335864228
2025-12-26,10,0,10,100.0,1019.0374331567477
2025-12-29,10,0,10,100.0,1019.4471022904654
2025-12-30,9,1,10,90.0,1037.0961521443344
2025-12-31,9,1,10,90.0,1054.9061941834034
2026-01-01,10,0,10,100.0,1065.0691066028462
2026-01-02,10,0,10,100.0,1081.4859175772467
2026-01-05,9,1,10,90.0,1086.1023399934427
2026-01-06,9,1,10,90.0,1082.265806896859
2026-01-07,9,1,10,90.0,1089.0949744837076
2026-01-08,9,1,10,90.0,1049.7158002051156
2026-01-09,9,1,10,90.0,1039.5479601711254
2026-01-12,9,1,10,90.0,1057.6623683898765
2026-01-13,9,1,10,90.0,1057.9429094754398
2026-01-14,9,1,10,90.0,1081.7871019420834
2026-01-16,9,1,10,90.0,1081.7871019420834
2026-01-19,9,1,10,90.0,1077.2325469630264
2026-01-20,9,1,10,90.0,1049.2207843095996
2026-01-21,9,1,10,90.0,1049.8453307358388
2026-01-22,9,1,10,90.0,1065.1667403359236
2026-01-23,9,1,10,90.0,1052.8016292172756
2026-01-27,9,1,10,90.0,1083.1658993230021
2026-01-28,9,1,10,90.0,1109.7380370192145
2026-01-29,9,1,10,90.0,1135.157234836159
2026-01-30,9,1,10,90.0,1091.9333624079818
2026-02-01,9,1,10,90.0,1056.436399100462
2026-02-02,9,1,10,90.0,1071.66752324547
2026-02-03,9,1,10,90.0,1097.901637413318
2026-02-04,9,1,10,90.0,1120.4181624028793
2026-02-05,9,1,10,90.0,1111.1772082273037
2026-02-06,9,1,10,90.0,1116.7290702409637
2026-02-09,9,1,10,90.0,1123.6870306013716
2026-02-10,9,1,10,90.0,1130.557229013001
2026-02-11,9,1,10,90.0,1130.7633263771688
2026-02-12,9,1,10,90.0,1129.1903100921343
2026-02-13,9,1,10,90.0,1096.5575146877359
2026-02-16,9,1,10,90.0,1106.5579406032582
2026-02-17,9,1,10,90.0,1093.4721125087358
2026-02-18,9,1,10,90.0,1110.2732719890932
2026-02-19,9,1,10,90.0,1092.2597542009398
2026-02-20,9,1,10,90.0,1108.6934619455003
2026-02-23,9,1,10,90.0,1108.5035971309808
2026-02-24,9,1,10,90.0,1123.5077244791833
2026-02-25,9,1,10,90.0,1155.0293814552701
2026-02-26,9,1,10,90.0,1159.5607240505828
2026-02-27,9,1,10,90.0,1140.465531403611
2026-03-02,9,1,10,90.0,1139.1068114128786
2026-03-04,9,1,10,90.0,1095.211094785521
2026-03-05,9,1,10,90.0,1119.7198221147542
2026-03-06,9,1,10,90.0,1113.2991801816597
2026-03-09,8,2,10,80.0,1084.6587273187477
2026-03-10,8,2,10,80.0,1101.3415360634372
2026-03-11,8,2,10,80.0,1105.7120490693412
2026-03-12,8,2,10,80.0,1119.3984870966083
2026-03-13,7,3,10,70.0,1071.041713721137
2026-03-16,8,2,10,80.0,1069.603916919771
2026-03-17,8,2,10,80.0,1103.4583855947822
2026-03-18,8,2,10,80.0,1104.015330449347
2026-03-19,8,2,10,80.0,1073.0639115795045
2026-03-20,8,2,10,80.0,1098.733794615225
2026-03-23,7,3,10,70.0,1046.2131131772305
2026-03-24,8,2,10,80.0,1063.424032182426
2026-03-25,8,2,10,80.0,1086.9717042127274
2026-03-27,8,2,10,80.0,1071.0819478798655
2026-03-30,7,3,10,70.0,1073.9565099839533
2026-04-01,9,1,10,90.0,1096.7021325468945
2026-04-02,9,1,10,90.0,1104.4066151489797
2026-04-06,9,1,10,90.0,1122.0445643318542
2026-04-07,9,1,10,90.0,1136.6013227721846
2026-04-08,10,0,10,100.0,1158.9883241104774
2026-04-09,10,0,10,100.0,1169.9011462926223
2026-04-10,10,0,10,100.0,1177.9819831367442
2026-04-13,10,0,10,100.0,1176.2831636575693
2026-04-15,10,0,10,100.0,1190.0019502601756
2026-04-16,10,0,10,100.0,1204.4088534358427
2026-04-17,10,0,10,100.0,1224.109853793869
2026-04-20,10,0,10,100.0,1223.498194026873
2026-04-21,10,0,10,100.0,1227.3100861133275
2026-04-22,10,0,10,100.0,1228.702946481003
2026-04-23,10,0,10,100.0,1221.3920948476268
2026-04-24,10,0,10,100.0,1223.2711911102524
2026-04-27,10,0,10,100.0,1242.8617573649974
2026-04-28,10,0,10,100.0,1251.1932523260145
2026-04-29,10,0,10,100.0,1260.559041579656
2026-04-30,10,0,10,100.0,1239.1682050887591
2026-05-04,10,0,10,100.0,1257.8591971086598
2026-05-05,10,0,10,100.0,1258.9735902172754
2026-05-06,10,0,10,100.0,1263.490316310714
2026-05-07,10,0,10,100.0,1260.2343277178595
2026-05-08,9,1,10,90.0,1244.6557066574585
2026-05-11,9,1,10,90.0,1233.3512577613196
2026-05-12,9,1,10,90.0,1227.3062117501158
2026-05-13,9,1,10,90.0,1273.8143526124118
2026-05-14,9,1,10,90.0,1291.6673491897513
2026-05-15,9,1,10,90.0,1271.8233424594573
2026-05-18,9,1,10,90.0,1261.3144901177175
2026-05-19,9,1,10,90.0,1260.4384376192984
2026-05-20,9,1,10,90.0,1260.158362965271
2026-05-21,9,1,10,90.0,1261.1505080736974
2026-05-22,9,1,10,90.0,1267.7747016246205
2026-05-25,9,1,10,90.0,1274.7363366624904
2026-05-26,9,1,10,90.0,1288.9049209131986
2026-05-27,9,1,10,90.0,1306.2818516953291
2026-05-29,9,1,10,90.0,1274.9820420559722
2026-06-01,9,1,10,90.0,1288.1421022326006
2026-06-02,9,1,10,90.0,1291.654881165888
2026-06-03,9,1,10,90.0,1287.4590211074947
2026-06-04,9,1,10,90.0,1280.4424274709872
2026-06-05,9,1,10,90.0,1256.1444599752888
2026-06-08,9,1,10,90.0,1220.5455980418753
2026-06-09,9,1,10,90.0,1225.6953567512578
2026-06-10,9,1,10,90.0,1203.257584030536
2026-06-11,9,1,10,90.0,1203.7532484070043
2026-06-12,9,1,10,90.0,1225.5933749637861
2026-06-15,9,1,12,90.0,1218.8496172753385
2026-06-22,9,1,12,90.0,1241.199010774143
2026-06-23,8,2,12,80.0,1208.0011934285642
2026-06-24,8,2,12,80.0,1209.9273554977465
2026-06-25,8,2,12,80.0,1199.6074605308477
2026-06-29,8,2,12,80.0,1221.7886879450114
2026-06-30,8,2,12,80.0,1224.6975161319683
2026-07-01,7,3,12,70.0,1219.6177891645827
2026-07-02,8,2,12,80.0,1240.8554403740204
2026-07-03,8,2,12,80.0,1240.3136802142697
2026-07-06,8,2,12,80.0,1239.26110302044
2026-07-07,8,2,12,80.0,1218.5440391360587
2026-07-08,8,2,12,80.0,1205.0430911438611
2026-07-09,8,2,12,80.0,1204.9326156658713
2026-07-10,8,2,12,80.0,1222.526988087425
2026-07-13,8,2,12,80.0,1221.5493491413615
2026-07-14,8,2,12,80.0,1224.669241767395
2026-07-15,7,3,12,70.0,1211.450341865075
2026-07-16,7,3,12,70.0,1213.108294357379
2026-07-17,7,3,12,70.0,1205.6166056537552
2026-07-20,7,3,12,70.0,1210.442335237046
2026-07-21,8,2,12,80.0,1218.6416557810842
2026-07-22,7,3,12,70.0,1204.8087332268135
2026-07-23,7,3,12,70.0,1204.503656493229
2026-07-24,7,3,12,70.0,1197.649334109829
2026-07-27,7,3,12,70.0,1208.2343917199316
2026-07-28,6,4,12,60.0,1196.174936483663
2026-07-29,7,3,12,70.0,1224.6509902009304
2026-07-30,6,4,12,60.0,1229.5530033231346
2026-07-31,7,3,12,70.0,1237.3100562716766
2026-08-03,8,2,12,80.0,1246.112765476936
2026-08-04,9,1,12,90.0,1265.5517539641844
2026-08-05,7,3,12,70.0,1283.8244025814386
2026-08-06,7,3,12,70.0,1275.844589328059
2026-08-07,6,4,12,60.0,1275.602816493844
2026-08-10,8,2,12,80.0,1281.0187142552957
2026-08-11,7,3,12,70.0,1271.1717303052944
2026-08-12,6,4,12,60.0,1271.2818974111635
2026-08-13,6,4,12,60.0,1257.4858373992256
2026-08-14,6,4,12,60.0,1246.0325344896055
2026-08-17,6,4,12,60.0,1262.2314429756966
2026-08-18,6,4,12,60.0,1250.2922862608607
2026-08-19,6,4,12,60.0,1242.0127331841752
2026-08-20,6,4,12,60.0,1244.9762950163115
2026-08-21,7,3,12,70.0,1249.7556116975438
2026-08-24,7,3,12,70.0,1265.0576344691603
2026-08-25,7,3,12,70.0,1265.9254152909268
2026-08-26,7,3,12,70.0,1293.809084984018
2026-08-27,7,3,12,70.0,1276.6052216576807
2026-08-28,7,3,12,70.0,1286.9032655873673
2026-08-31,7,3,12,70.0,1266.91825809898
2026-09-01,7,3,12,70.0,1259.0117509817812
2026-09-02,7,3,12,70.0,1269.711207739566
2026-09-03,7,3,12,70.0,1266.8239602092704
2026-09-04,7,3,12,70.0,1270.995691067958
