Date,Above,Below,Total,Percentage,Index_Close
2014-08-07,1,4,6,20.0,86.53191402049465
2014-08-08,1,4,6,20.0,84.62068023828861
2014-08-11,1,4,6,20.0,85.36022433824971
2014-08-12,1,4,6,20.0,85.7661382047159
2014-08-13,0,5,6,0.0,83.70737508431279
2014-08-14,0,5,6,0.0,83.64108338412308
2014-08-18,0,5,6,0.0,84.66737962884697
2014-08-19,1,4,6,20.0,85.94009525916636
2014-08-20,1,4,6,20.0,85.73061943052728
2014-08-21,1,4,6,20.0,85.12687530129455
2014-08-22,0,5,6,0.0,84.15119262256002
2014-08-25,0,5,6,0.0,83.47881853482413
2014-08-26,0,5,6,0.0,81.32265357131699
2014-08-27,0,5,6,0.0,80.85154628679686
2014-08-28,0,5,6,0.0,79.9935916506917
2014-09-01,0,5,6,0.0,81.184105736141
2014-09-02,0,5,6,0.0,82.1292493460349
2014-09-03,0,5,6,0.0,82.32413426840316
2014-09-04,0,5,6,0.0,81.60150070031901
2014-09-05,0,5,6,0.0,82.16825536405135
2014-09-08,0,5,6,0.0,82.87153656512436
2014-09-09,0,5,6,0.0,82.85685470822737
2014-09-10,0,5,6,0.0,84.06066741506484
2014-09-11,1,4,6,20.0,85.06705861979154
2014-09-12,1,4,6,20.0,85.5829172095371
2014-09-15,1,4,6,20.0,85.14122142325242
2014-09-16,0,5,6,0.0,82.71711997591345
2014-09-17,0,5,6,0.0,83.12752768098285
2014-09-18,0,5,6,0.0,84.20668959494871
2014-09-19,0,5,6,0.0,83.36993749067523
2014-09-22,1,4,6,20.0,85.29765391662258
2014-09-23,0,5,6,0.0,82.27627574938629
2014-09-24,0,5,6,0.0,82.11709341690792
2014-09-25,0,5,6,0.0,80.23728507425152
2014-09-26,0,5,6,0.0,80.48283754658677
2014-09-29,1,4,6,20.0,83.3703838788036
2014-09-30,1,4,6,20.0,83.10245935161326
2014-10-01,1,4,6,20.0,82.51669769665133
2014-10-07,0,5,6,0.0,82.12222367429487
2014-10-08,0,5,6,0.0,81.75505111091204
2014-10-09,0,5,6,0.0,83.13290795974487
2014-10-10,0,5,6,0.0,82.11253128277328
2014-10-13,0,5,6,0.0,83.27633489379399
2014-10-14,0,5,6,0.0,83.00864800014908
2014-10-16,0,5,6,0.0,80.55115092694686
2014-10-17,0,5,6,0.0,81.56882990234114
2014-10-20,1,4,6,20.0,83.50471453974541
2014-10-21,1,4,6,20.0,82.82938742995472
2014-10-22,1,4,6,20.0,83.17725713564454
2014-10-23,1,4,6,20.0,84.97782502332278
2014-10-27,1,4,6,20.0,85.5701357403264
2014-10-28,1,4,6,20.0,84.4228787170849
2014-10-29,1,4,6,20.0,83.95406889325426
2014-10-30,1,4,6,20.0,83.13525465117465
2014-10-31,1,4,6,20.0,83.42426104080054
2014-11-03,1,4,6,20.0,83.7865160931729
2014-11-05,1,4,6,20.0,83.08937644475058
2014-11-07,1,4,6,20.0,82.23166941783845
2014-11-10,1,4,6,20.0,81.94609259903311
2014-11-11,1,4,6,20.0,82.3563604846326
2014-11-12,1,4,6,20.0,82.30042770936002
2014-11-13,2,3,6,40.0,82.91289877212652
2014-11-14,2,3,6,40.0,81.87723750409889
2014-11-17,2,4,6,33.33333333333333,80.7195704384244
2014-11-18,1,5,6,16.666666666666664,80.28325188134944
2014-11-19,1,5,6,16.666666666666664,80.52608980013265
2014-11-20,2,4,6,33.33333333333333,81.19233807580365
2014-11-21,2,4,6,33.33333333333333,80.10524964185564
2014-11-24,2,4,6,33.33333333333333,80.51168974881762
2014-11-25,2,4,6,33.33333333333333,77.52442068653538
2014-11-26,2,4,6,33.33333333333333,78.32830021132963
2014-11-27,1,5,6,16.666666666666664,78.19654620036549
2014-11-28,2,4,6,33.33333333333333,81.11693015500767
2014-12-01,2,4,6,33.33333333333333,79.59458092838729
2014-12-02,2,4,6,33.33333333333333,80.55068041277885
2014-12-03,2,4,6,33.33333333333333,82.1262710037922
2014-12-04,2,4,6,33.33333333333333,82.50531271219808
2014-12-05,2,4,6,33.33333333333333,84.10739657838627
2014-12-08,2,4,6,33.33333333333333,83.77917997998402
2014-12-09,2,4,6,33.33333333333333,82.02439152481172
2014-12-10,2,4,6,33.33333333333333,82.71522908608007
2014-12-11,2,4,6,33.33333333333333,81.30951166129456
2014-12-12,2,4,6,33.33333333333333,80.70177755396213
2014-12-15,2,4,6,33.33333333333333,80.41650637290797
2014-12-16,1,5,6,16.666666666666664,77.503078725823
2014-12-17,2,4,6,33.33333333333333,76.45970765567785
2014-12-18,2,4,6,33.33333333333333,79.46318594966111
2014-12-19,2,4,6,33.33333333333333,80.44671447723334
2014-12-22,2,4,6,33.33333333333333,81.14377775309366
2014-12-23,2,4,6,33.33333333333333,79.65172888670692
2014-12-24,2,4,6,33.33333333333333,79.62241102170641
2014-12-26,2,4,6,33.33333333333333,79.65011614607403
2014-12-29,2,4,6,33.33333333333333,80.07821430221249
2014-12-30,2,4,6,33.33333333333333,80.05348913961076
2014-12-31,2,4,6,33.33333333333333,80.5784892029813
2015-01-01,2,4,6,33.33333333333333,81.12378990980913
2015-01-02,2,4,6,33.33333333333333,81.44119585407576
2015-01-05,2,4,6,33.33333333333333,81.83005525252163
2015-01-06,2,4,6,33.33333333333333,81.49340318897583
2015-01-07,2,4,6,33.33333333333333,82.84538894060623
2015-01-08,2,4,6,33.33333333333333,84.34182903466474
2015-01-09,2,4,6,33.33333333333333,83.99499969941195
2015-01-12,2,4,6,33.33333333333333,84.23462913068012
2015-01-13,2,4,6,33.33333333333333,85.65557957942784
2015-01-14,2,4,6,33.33333333333333,84.87333099269621
2015-01-15,2,4,6,33.33333333333333,84.73523913730459
2015-01-16,2,4,6,33.33333333333333,84.82381431812519
2015-01-19,2,4,6,33.33333333333333,87.39255943956641
2015-01-20,2,4,6,33.33333333333333,87.0982068214974
2015-01-21,2,4,6,33.33333333333333,86.52385942086623
2015-01-22,2,4,6,33.33333333333333,87.57157786859335
2015-01-23,2,4,6,33.33333333333333,87.43609453763315
2015-01-27,2,4,6,33.33333333333333,88.42060195954087
2015-01-28,2,4,6,33.33333333333333,87.75580843675225
2015-01-29,2,4,6,33.33333333333333,88.0703688085328
2015-01-30,2,4,6,33.33333333333333,88.13675848770953
2015-02-02,2,4,6,33.33333333333333,87.06105133853796
2015-02-03,2,4,6,33.33333333333333,87.36797945980321
2015-02-04,2,4,6,33.33333333333333,86.73544582644442
2015-02-05,2,4,6,33.33333333333333,85.56454077516375
2015-02-06,2,4,6,33.33333333333333,85.65329008997344
2015-02-09,2,4,6,33.33333333333333,83.38010591654773
2015-02-10,2,4,6,33.33333333333333,82.77992242273038
2015-02-11,2,4,6,33.33333333333333,83.77144817375822
2015-02-12,2,4,6,33.33333333333333,84.5117555832011
2015-02-13,2,4,6,33.33333333333333,84.6487862974807
2015-02-16,2,4,6,33.33333333333333,82.96627964632958
2015-02-18,2,4,6,33.33333333333333,83.6474169156376
2015-02-19,2,4,6,33.33333333333333,83.39496719854174
2015-02-20,2,4,6,33.33333333333333,83.34683203974406
2015-02-23,2,4,6,33.33333333333333,83.180662341192
2015-02-24,2,4,6,33.33333333333333,82.94220047340391
2015-02-25,2,4,6,33.33333333333333,82.94519515319423
2015-02-26,2,4,6,33.33333333333333,82.63256972695316
2015-02-27,2,4,6,33.33333333333333,82.98177254632108
2015-02-28,2,4,6,33.33333333333333,82.61028187496235
2015-03-02,2,4,6,33.33333333333333,83.31341449863713
2015-03-03,2,4,6,33.33333333333333,84.35497342194537
2015-03-04,2,4,6,33.33333333333333,86.59947413576255
2015-03-05,3,3,6,50.0,87.66129176228948
2015-03-09,3,3,6,50.0,85.77843447441079
2015-03-10,2,4,6,33.33333333333333,85.16324383076694
2015-03-11,2,4,6,33.33333333333333,84.32745506590685
2015-03-12,3,3,6,50.0,84.25957091538362
2015-03-13,2,4,6,33.33333333333333,83.25625104708564
2015-03-16,2,4,6,33.33333333333333,81.46754732359902
2015-03-17,2,4,6,33.33333333333333,81.18923819501423
2015-03-18,2,4,6,33.33333333333333,81.10728422932615
2015-03-19,2,4,6,33.33333333333333,81.18406958696215
2015-03-20,2,4,6,33.33333333333333,78.6772671964047
2015-03-23,2,4,6,33.33333333333333,77.15204701574288
2015-03-24,2,4,6,33.33333333333333,78.70871988108351
2015-03-25,2,4,6,33.33333333333333,76.77498964151924
2015-03-26,2,4,6,33.33333333333333,75.18394645309235
2015-03-27,2,4,6,33.33333333333333,74.3806974448184
2015-03-30,2,4,6,33.33333333333333,76.14372808383605
2015-03-31,2,4,6,33.33333333333333,77.10653354915932
2015-04-01,2,4,6,33.33333333333333,78.47050732643683
2015-04-06,2,4,6,33.33333333333333,82.57573161033355
2015-04-07,3,3,6,50.0,86.18818271699831
2015-04-08,3,3,6,50.0,87.89729455543716
2015-04-09,3,3,6,50.0,86.79901111460703
2015-04-10,3,3,6,50.0,88.1392666847105
2015-04-13,3,3,6,50.0,89.02630637432718
2015-04-15,3,3,6,50.0,88.05543178372811
2015-04-16,3,3,6,50.0,87.22653127612544
2015-04-17,4,2,6,66.66666666666666,87.53554776521348
2015-04-20,3,3,6,50.0,85.07168238060238
2015-04-21,3,3,6,50.0,83.9508119834101
2015-04-22,4,2,6,66.66666666666666,83.56637889832429
2015-04-23,3,3,6,50.0,83.83694642377996
2015-04-24,2,4,6,33.33333333333333,81.94432584202131
2015-04-27,2,4,6,33.33333333333333,79.44303378054134
2015-04-28,2,4,6,33.33333333333333,79.51479931703274
2015-04-29,2,4,6,33.33333333333333,80.37118439715407
2015-04-30,3,3,6,50.0,79.65183122159529
2015-05-04,3,3,6,50.0,81.58524471646066
2015-05-05,3,3,6,50.0,82.55549050064582
2015-05-06,3,3,6,50.0,81.62709981423684
2015-05-07,2,4,6,33.33333333333333,79.83042180761659
2015-05-08,2,4,6,33.33333333333333,79.71384772490445
2015-05-11,2,4,6,33.33333333333333,80.91548042758438
2015-05-12,2,4,6,33.33333333333333,79.85902721631201
2015-05-13,2,4,6,33.33333333333333,81.29906211801082
2015-05-14,2,4,6,33.33333333333333,82.24535654398333
2015-05-15,2,4,6,33.33333333333333,83.00026718279753
2015-05-18,2,4,6,33.33333333333333,83.40207398904451
2015-05-19,2,4,6,33.33333333333333,83.27251589146519
2015-05-20,2,4,6,33.33333333333333,83.64960466778919
2015-05-21,3,3,6,50.0,87.04911961803356
2015-05-22,3,3,6,50.0,85.96727478275477
2015-05-25,3,3,6,50.0,84.70392681565522
2015-05-26,2,4,6,33.33333333333333,83.86838056094938
2015-05-27,2,4,6,33.33333333333333,82.76008739411654
2015-05-28,2,4,6,33.33333333333333,82.3546054483684
2015-05-29,2,4,6,33.33333333333333,83.35787727013563
2015-06-01,2,4,6,33.33333333333333,81.14922932242268
2015-06-02,2,4,6,33.33333333333333,80.18580534995098
2015-06-03,2,4,6,33.33333333333333,77.55366761422509
2015-06-04,2,4,6,33.33333333333333,78.07004404103469
2015-06-05,2,4,6,33.33333333333333,78.18706685985988
2015-06-08,2,4,6,33.33333333333333,77.55206774678423
2015-06-09,2,4,6,33.33333333333333,77.5493702375475
2015-06-10,2,4,6,33.33333333333333,77.73843032644253
2015-06-11,2,4,6,33.33333333333333,77.01413956892208
2015-06-12,2,4,6,33.33333333333333,75.70351365953385
2015-06-15,2,4,6,33.33333333333333,76.45229293870496
2015-06-16,2,4,6,33.33333333333333,75.82441733780917
2015-06-17,2,4,6,33.33333333333333,76.60726732144836
2015-06-18,2,4,6,33.33333333333333,77.05304715125465
2015-06-19,2,4,6,33.33333333333333,75.90082312541035
2015-06-22,2,4,6,33.33333333333333,78.0093204987216
2015-06-23,2,4,6,33.33333333333333,77.70055232764524
2015-06-24,2,4,6,33.33333333333333,78.06329550615992
2015-06-25,2,4,6,33.33333333333333,77.44553496144965
2015-06-26,2,4,6,33.33333333333333,76.57005320202802
2015-06-29,1,5,6,16.666666666666664,75.37198697104054
2015-06-30,2,4,6,33.33333333333333,77.24760410093235
2015-07-01,2,4,6,33.33333333333333,77.06546057828464
2015-07-02,2,4,6,33.33333333333333,76.37155224825392
2015-07-03,2,4,6,33.33333333333333,77.87974733872825
2015-07-06,2,4,6,33.33333333333333,81.41806395259559
2015-07-07,3,3,6,50.0,86.42894393426427
2015-07-08,4,2,6,66.66666666666666,88.46151501965468
2015-07-09,3,3,6,50.0,87.35739402516914
2015-07-10,2,4,6,33.33333333333333,86.70177612477423
2015-07-13,3,3,6,50.0,87.03608841487488
2015-07-14,3,3,6,50.0,89.16698984665439
2015-07-15,4,2,6,66.66666666666666,92.11312657467549
2015-07-16,4,2,6,66.66666666666666,92.3488658206544
2015-07-17,4,2,6,66.66666666666666,90.97120812376549
2015-07-20,4,2,6,66.66666666666666,90.12609560211054
2015-07-21,4,2,6,66.66666666666666,88.00494425133517
2015-07-22,4,2,6,66.66666666666666,90.76533756206067
2015-07-23,5,1,6,83.33333333333334,91.81369562602796
2015-07-24,6,0,6,100.0,93.58431397126762
2015-07-27,5,1,6,83.33333333333334,91.57260365467133
2015-07-28,4,2,6,66.66666666666666,92.05599141688131
2015-07-29,6,0,6,100.0,93.1879787527981
2015-07-30,5,1,6,83.33333333333334,93.24712438353558
2015-07-31,5,1,6,83.33333333333334,93.18253634064007
2015-08-03,5,1,6,83.33333333333334,92.19261541323941
2015-08-04,5,1,6,83.33333333333334,92.55746751624893
2015-08-05,5,1,6,83.33333333333334,92.9382327718556
2015-08-06,5,1,6,83.33333333333334,93.1601803934201
2015-08-07,5,1,6,83.33333333333334,94.0747920556014
2015-08-10,5,1,6,83.33333333333334,93.682860908263
2015-08-11,5,1,6,83.33333333333334,90.69092388109344
2015-08-12,4,2,6,66.66666666666666,88.60218512418017
2015-08-13,4,2,6,66.66666666666666,87.7457537592307
2015-08-14,4,2,6,66.66666666666666,88.17402246722772
2015-08-17,4,2,6,66.66666666666666,88.46049777579753
2015-08-18,5,1,6,83.33333333333334,88.13317053779764
2015-08-19,4,2,6,66.66666666666666,87.9335857546533
2015-08-20,3,3,6,50.0,86.60304761050458
2015-08-21,4,2,6,66.66666666666666,86.01013548254221
2015-08-24,1,5,6,16.666666666666664,78.37771810649146
2015-08-25,1,5,6,16.666666666666664,77.90996064105074
2015-08-26,1,5,6,16.666666666666664,78.21417415372191
2015-08-27,1,5,6,16.666666666666664,81.22249744683906
2015-08-28,1,5,6,16.666666666666664,80.556246791102
2015-08-31,1,5,6,16.666666666666664,80.27819455633932
2015-09-01,0,6,6,0.0,79.31022853536292
2015-09-02,0,6,6,0.0,78.4759690594866
2015-09-03,0,6,6,0.0,79.31963444972546
2015-09-04,0,6,6,0.0,77.41471457083603
2015-09-07,0,6,6,0.0,75.55221557716887
2015-09-08,0,6,6,0.0,76.56117427050626
2015-09-09,0,6,6,0.0,77.86461331779438
2015-09-10,0,6,6,0.0,77.82506889377682
2015-09-11,0,6,6,0.0,81.26076252384303
2015-09-14,1,5,6,16.666666666666664,82.79604311935628
2015-09-15,0,6,6,0.0,81.01372908098779
2015-09-16,1,5,6,16.666666666666664,81.6688396998484
2015-09-18,0,6,6,0.0,81.92139172844827
2015-09-21,2,4,6,33.33333333333333,83.12437070410886
2015-09-22,1,5,6,16.666666666666664,81.8123439268155
2015-09-23,0,6,6,0.0,81.28221077087971
2015-09-24,1,5,6,16.666666666666664,82.10400298095351
2015-09-28,0,6,6,0.0,81.31236232414399
2015-09-29,1,5,6,16.666666666666664,81.99772120268175
2015-09-30,1,5,6,16.666666666666664,83.14820570841319
2015-10-01,2,4,6,33.33333333333333,83.80220718930435
2015-10-05,1,5,6,16.666666666666664,85.23200233112246
2015-10-06,3,3,6,50.0,87.14919019425017
2015-10-07,2,4,6,33.33333333333333,88.014997458079
2015-10-08,2,4,6,33.33333333333333,87.66487587339915
2015-10-09,2,4,6,33.33333333333333,87.13788633572842
2015-10-12,2,4,6,33.33333333333333,86.15388422993966
2015-10-13,2,4,6,33.33333333333333,86.99380698390266
2015-10-14,4,2,6,66.66666666666666,87.79265988530774
2015-10-15,4,2,6,66.66666666666666,87.4490707741472
2015-10-16,3,3,6,50.0,87.9173279987287
2015-10-19,3,3,6,50.0,87.45943311691042
2015-10-20,3,3,6,50.0,88.91275853483911
2015-10-21,4,2,6,66.66666666666666,89.3933939094245
2015-10-23,3,3,6,50.0,89.35792938302697
2015-10-26,3,3,6,50.0,88.02454111571807
2015-10-27,3,3,6,50.0,87.65306362106617
2015-10-28,3,3,6,50.0,88.55918007907553
2015-10-29,2,4,6,33.33333333333333,89.02175561081617
2015-10-30,2,4,6,33.33333333333333,88.50652353860707
2015-11-02,3,3,6,50.0,88.96750755504958
2015-11-03,3,3,6,50.0,92.86051487715028
2015-11-04,5,1,6,83.33333333333334,92.9444863461738
2015-11-05,4,2,6,66.66666666666666,90.40705243841968
2015-11-06,4,2,6,66.66666666666666,89.88391718717195
2015-11-09,5,1,6,83.33333333333334,91.48108608432906
2015-11-10,4,2,6,66.66666666666666,89.50663626457181
2015-11-11,5,1,6,83.33333333333334,90.3179086592906
2015-11-13,5,1,6,83.33333333333334,92.4220826483278
2015-11-16,3,3,6,50.0,92.62785790450444
2015-11-17,4,2,6,66.66666666666666,92.98601215528
2015-11-18,4,2,6,66.66666666666666,91.41489571581609
2015-11-19,4,2,6,66.66666666666666,92.02066299076735
2015-11-20,4,2,6,66.66666666666666,92.73770365350475
2015-11-23,3,3,6,50.0,92.65714693936378
2015-11-24,2,4,6,33.33333333333333,94.59168447246486
2015-11-26,3,3,6,50.0,93.66212233127494
2015-11-27,3,3,6,50.0,92.79915341701587
2015-11-30,2,4,6,33.33333333333333,91.25342766224308
2015-12-01,3,3,6,50.0,91.84108005594761
2015-12-02,3,3,6,50.0,93.87692007438311
2015-12-03,2,4,6,33.33333333333333,93.21964531726825
2015-12-04,2,4,6,33.33333333333333,92.82493531455367
2015-12-07,2,4,6,33.33333333333333,93.98932782416252
2015-12-08,2,4,6,33.33333333333333,92.43759092612102
2015-12-09,2,4,6,33.33333333333333,88.88036296887326
2015-12-10,2,4,6,33.33333333333333,91.85406957374812
2015-12-11,2,4,6,33.33333333333333,90.34912789662566
2015-12-14,2,4,6,33.33333333333333,91.25080404888357
2015-12-15,3,3,6,50.0,91.32741609143802
2015-12-16,2,4,6,33.33333333333333,90.6485497342022
2015-12-17,3,3,6,50.0,92.25465966348081
2015-12-18,3,3,6,50.0,94.24894118231501
2015-12-21,4,2,6,66.66666666666666,94.35812486465545
2015-12-22,3,3,6,50.0,92.88195011713529
2015-12-23,2,4,6,33.33333333333333,91.91773824285984
2015-12-24,3,3,6,50.0,92.8540000084006
2015-12-28,3,3,6,50.0,93.61646849390188
2015-12-29,2,4,6,33.33333333333333,92.54552515640665
2015-12-30,2,4,6,33.33333333333333,91.99864617988153
2015-12-31,2,4,6,33.33333333333333,92.8934159829642
2016-01-01,2,4,6,33.33333333333333,93.17688027218661
2016-01-04,2,4,6,33.33333333333333,92.09476933147126
2016-01-05,2,4,6,33.33333333333333,92.70896237466377
2016-01-06,2,4,6,33.33333333333333,91.52187657132419
2016-01-07,2,4,6,33.33333333333333,88.98326625462462
2016-01-08,2,4,6,33.33333333333333,90.5252683040891
2016-01-11,2,4,6,33.33333333333333,90.96899963884171
2016-01-12,2,4,6,33.33333333333333,89.47350646322555
2016-01-13,2,4,6,33.33333333333333,87.01304881119647
2016-01-14,2,4,6,33.33333333333333,85.96447019921473
2016-01-15,2,4,6,33.33333333333333,82.81317924484784
2016-01-18,1,5,6,16.666666666666664,79.59957218494904
2016-01-19,1,5,6,16.666666666666664,81.79004929031947
2016-01-20,1,5,6,16.666666666666664,80.03903578017956
2016-01-21,1,5,6,16.666666666666664,80.78425032831383
2016-01-22,2,4,6,33.33333333333333,82.30408628601796
2016-01-25,2,4,6,33.33333333333333,82.72046988671806
2016-01-27,2,4,6,33.33333333333333,81.68803072970758
2016-01-28,3,3,6,50.0,82.50744253866243
2016-01-29,2,4,6,33.33333333333333,82.9255170208724
2016-02-01,2,4,6,33.33333333333333,82.02925414478767
2016-02-02,1,5,6,16.666666666666664,81.82123453398601
2016-02-03,1,5,6,16.666666666666664,80.13534240271215
2016-02-04,1,5,6,16.666666666666664,79.36655206927817
2016-02-05,1,5,6,16.666666666666664,81.03412855383439
2016-02-08,1,5,6,16.666666666666664,80.97941432414217
2016-02-09,1,5,6,16.666666666666664,79.63850129501515
2016-02-10,1,5,6,16.666666666666664,78.04318084840331
2016-02-11,1,5,6,16.666666666666664,75.41616388630793
2016-02-12,1,5,6,16.666666666666664,75.38832504573372
2016-02-15,1,5,6,16.666666666666664,77.41381121910693
2016-02-16,1,5,6,16.666666666666664,75.84419834514836
2016-02-17,1,5,6,16.666666666666664,76.00314671653318
2016-02-18,1,5,6,16.666666666666664,75.56956502716017
2016-02-19,1,5,6,16.666666666666664,76.81910143097946
2016-02-22,1,5,6,16.666666666666664,76.86504222005881
2016-02-23,1,5,6,16.666666666666664,76.49060890057247
2016-02-24,1,5,6,16.666666666666664,75.63489952372674
2016-02-25,1,5,6,16.666666666666664,75.7777422693648
2016-02-26,0,6,6,0.0,75.24065329004449
2016-02-29,0,6,6,0.0,75.07171197290306
2016-03-01,1,5,6,16.666666666666664,76.73525850166921
2016-03-02,0,6,6,0.0,77.14169680097767
2016-03-03,2,4,6,33.33333333333333,80.4585670315495
2016-03-04,2,4,6,33.33333333333333,79.4147871902235
2016-03-08,2,4,6,33.33333333333333,79.12341372643333
2016-03-09,2,4,6,33.33333333333333,80.04494681568292
2016-03-10,2,4,6,33.33333333333333,79.5773743070503
2016-03-11,2,4,6,33.33333333333333,79.3732592534648
2016-03-14,2,4,6,33.33333333333333,78.54898810462608
2016-03-15,1,5,6,16.666666666666664,78.89240324802492
2016-03-16,1,5,6,16.666666666666664,79.31529215993574
2016-03-17,1,5,6,16.666666666666664,78.68355682504259
2016-03-18,1,5,6,16.666666666666664,79.46129775583404
2016-03-21,2,4,6,33.33333333333333,79.76143140369075
2016-03-22,1,5,6,16.666666666666664,79.64661521775959
2016-03-23,1,5,6,16.666666666666664,79.16622258535665
2016-03-28,1,5,6,16.666666666666664,78.07233080543594
2016-03-29,0,6,6,0.0,77.5894863924079
2016-03-30,1,5,6,16.666666666666664,78.18606821526343
2016-03-31,1,5,6,16.666666666666664,78.54812454387744
2016-04-01,1,5,6,16.666666666666664,80.19862030550405
2016-04-04,1,5,6,16.666666666666664,80.58968334688272
2016-04-05,1,5,6,16.666666666666664,80.84811062835946
2016-04-06,1,5,6,16.666666666666664,79.91348014119312
2016-04-07,1,5,6,16.666666666666664,79.77034707241341
2016-04-08,1,5,6,16.666666666666664,79.27342738240694
2016-04-11,0,6,6,0.0,76.67230233509576
2016-04-12,0,6,6,0.0,76.50541503337091
2016-04-13,0,6,6,0.0,77.05742717163461
2016-04-18,0,6,6,0.0,77.20517175034249
2016-04-20,0,6,6,0.0,77.1561127531352
2016-04-21,0,6,6,0.0,77.27376671095216
2016-04-22,0,6,6,0.0,77.00237513895193
2016-04-25,0,6,6,0.0,77.01282298160356
2016-04-26,0,6,6,0.0,76.9597237774448
2016-04-27,0,6,6,0.0,76.08131513028243
2016-04-28,0,6,6,0.0,75.45894816472064
2016-04-29,0,6,6,0.0,75.51666894050669
2016-05-02,0,6,6,0.0,75.36434491603437
2016-05-03,0,6,6,0.0,76.25434348634502
2016-05-04,0,6,6,0.0,75.02121420108725
2016-05-05,0,6,6,0.0,75.99246606568876
2016-05-06,0,6,6,0.0,75.89240951566885
2016-05-09,0,6,6,0.0,77.79212587198622
2016-05-10,1,5,6,16.666666666666664,78.10039157091232
2016-05-11,1,5,6,16.666666666666664,78.72096041810191
2016-05-12,1,5,6,16.666666666666664,77.8216348514161
2016-05-13,0,6,6,0.0,76.42592498066455
2016-05-16,0,6,6,0.0,75.83069889054926
2016-05-17,0,6,6,0.0,75.83092440509036
2016-05-18,1,5,6,16.666666666666664,75.77832115075344
2016-05-19,1,5,6,16.666666666666664,74.7741926299739
2016-05-20,0,6,6,0.0,74.39142674451331
2016-05-23,0,6,6,0.0,73.51755107496564
2016-05-24,0,6,6,0.0,73.0833285892185
2016-05-25,0,6,6,0.0,73.5996235698829
2016-05-26,0,6,6,0.0,73.5846014369104
2016-05-27,0,6,6,0.0,74.20787541640026
2016-05-30,0,6,6,0.0,73.8109461632871
2016-05-31,0,6,6,0.0,73.39614321878481
2016-06-01,0,6,6,0.0,74.1542764326974
2016-06-02,0,6,6,0.0,74.69772530677345
2016-06-03,0,6,6,0.0,74.00857079575304
2016-06-06,0,6,6,0.0,73.64464612734068
2016-06-07,0,6,6,0.0,74.80913779600189
2016-06-08,0,6,6,0.0,74.89767154105314
2016-06-09,0,6,6,0.0,74.71011932390658
2016-06-10,0,6,6,0.0,74.51388126158378
2016-06-13,0,6,6,0.0,74.12344230931623
2016-06-14,0,6,6,0.0,74.49501694781475
2016-06-15,0,6,6,0.0,74.56703618864803
2016-06-16,0,6,6,0.0,73.82227655320303
2016-06-17,0,6,6,0.0,74.60273343548596
2016-06-20,1,5,6,16.666666666666664,75.06296392956783
2016-06-21,0,6,6,0.0,74.44234401071843
2016-06-22,0,6,6,0.0,75.53447344483546
2016-06-23,0,6,6,0.0,76.0170182243372
2016-06-24,0,6,6,0.0,74.65125844610756
2016-06-27,0,6,6,0.0,75.45577817377747
2016-06-28,0,6,6,0.0,75.86708531759075
2016-06-29,0,6,6,0.0,76.77819505652383
2016-06-30,0,6,6,0.0,77.04006963750697
2016-07-01,1,5,6,16.666666666666664,77.81535178244452
2016-07-04,1,5,6,16.666666666666664,79.44856445844553
2016-07-05,2,4,6,33.33333333333333,80.9416335340765
2016-07-07,1,5,6,16.666666666666664,80.58051991365969
2016-07-08,1,5,6,16.666666666666664,82.03325116344175
2016-07-11,1,5,6,16.666666666666664,81.0797004212085
2016-07-12,1,5,6,16.666666666666664,79.86549691823286
2016-07-13,1,5,6,16.666666666666664,79.41546853937207
2016-07-14,1,5,6,16.666666666666664,79.76429018960927
2016-07-15,1,5,6,16.666666666666664,78.38941893196446
2016-07-18,1,5,6,16.666666666666664,77.8404206322847
2016-07-19,1,5,6,16.666666666666664,77.4787777814785
2016-07-20,1,5,6,16.666666666666664,77.10532584148454
2016-07-21,1,5,6,16.666666666666664,76.78262165467619
2016-07-22,1,5,6,16.666666666666664,77.22243154754597
2016-07-25,1,5,6,16.666666666666664,78.00186316061286
2016-07-26,1,5,6,16.666666666666664,77.6202504200013
2016-07-27,1,5,6,16.666666666666664,78.91483407421305
2016-07-28,1,5,6,16.666666666666664,78.4678056196499
2016-07-29,1,5,6,16.666666666666664,77.46580437950385
2016-08-01,1,5,6,16.666666666666664,77.54644755988181
2016-08-02,1,5,6,16.666666666666664,76.43466674061321
2016-08-03,1,5,6,16.666666666666664,75.98839777282565
2016-08-04,1,5,6,16.666666666666664,75.73650265836937
2016-08-05,1,5,6,16.666666666666664,76.33096997261293
2016-08-08,1,5,6,16.666666666666664,76.72815837656783
2016-08-09,2,4,6,33.33333333333333,76.98412626564553
2016-08-10,1,5,6,16.666666666666664,77.95084533000866
2016-08-11,1,5,6,16.666666666666664,77.7672941226766
2016-08-12,1,5,6,16.666666666666664,77.79458975012543
2016-08-16,1,5,6,16.666666666666664,77.64394993984557
2016-08-17,2,4,6,33.33333333333333,79.24342522905695
2016-08-18,2,4,6,33.33333333333333,80.44991343904961
2016-08-19,2,4,6,33.33333333333333,80.4224989053859
2016-08-22,1,5,6,16.666666666666664,79.52731441607787
2016-08-23,1,5,6,16.666666666666664,78.74633686589968
2016-08-24,1,5,6,16.666666666666664,79.09485067456986
2016-08-25,1,5,6,16.666666666666664,78.78658358509709
2016-08-26,2,4,6,33.33333333333333,79.1477944221019
2016-08-29,1,5,6,16.666666666666664,78.45552367206987
2016-08-30,3,3,6,50.0,80.10845355610151
2016-08-31,2,4,6,33.33333333333333,80.17662385365219
2016-09-01,2,4,6,33.33333333333333,79.52320551347547
2016-09-02,2,4,6,33.33333333333333,79.82260328479742
2016-09-06,3,3,6,50.0,80.15348392013297
2016-09-07,3,3,6,50.0,79.2960217182153
2016-09-08,3,3,6,50.0,80.36954510617878
2016-09-09,3,3,6,50.0,80.71702109101004
2016-09-12,3,3,6,50.0,79.34645132422314
2016-09-14,3,3,6,50.0,80.7447114131695
2016-09-15,4,2,6,66.66666666666666,82.81930089038946
2016-09-16,4,2,6,66.66666666666666,83.1908563594261
2016-09-19,3,3,6,50.0,83.52693672857447
2016-09-20,3,3,6,50.0,83.76717949212356
2016-09-21,3,3,6,50.0,83.99930029231703
2016-09-22,3,3,6,50.0,86.23613813366741
2016-09-23,3,3,6,50.0,86.18407779463723
2016-09-26,4,2,6,66.66666666666666,87.25418122196974
2016-09-27,4,2,6,66.66666666666666,94.1085461637813
2016-09-28,4,2,6,66.66666666666666,92.3409837527567
2016-09-29,3,3,6,50.0,87.34262236993044
2016-09-30,4,2,6,66.66666666666666,93.5459188291999
2016-10-03,3,3,6,50.0,92.68666787229445
2016-10-04,4,2,6,66.66666666666666,95.34830409608836
2016-10-05,4,2,6,66.66666666666666,96.33128097696006
2016-10-06,4,2,6,66.66666666666666,94.33137107358908
2016-10-07,3,3,6,50.0,93.81611319547271
2016-10-10,3,3,6,50.0,95.00450626303926
2016-10-13,3,3,6,50.0,93.49600677235786
2016-10-14,3,3,6,50.0,94.26868776216976
2016-10-17,3,3,6,50.0,93.00873148266558
2016-10-18,3,3,6,50.0,94.11017801842824
2016-10-19,5,1,6,83.33333333333334,96.37858311530253
2016-10-20,4,2,6,66.66666666666666,96.07147648423286
2016-10-21,3,3,6,50.0,94.75633771911797
2016-10-24,3,3,6,50.0,93.57699376738687
2016-10-25,3,3,6,50.0,92.95538896950904
2016-10-26,3,3,6,50.0,93.15329852082677
2016-10-27,3,3,6,50.0,91.69429677583415
2016-10-28,3,3,6,50.0,91.68500173367727
2016-10-30,3,3,6,50.0,92.59215190115445
2016-11-01,3,3,6,50.0,92.3135586424542
2016-11-02,3,3,6,50.0,90.40580093376327
2016-11-03,4,2,6,66.66666666666666,90.5556837707489
2016-11-04,3,3,6,50.0,87.60916084456618
2016-11-07,3,3,6,50.0,88.24083497210803
2016-11-08,3,3,6,50.0,87.58128638332138
2016-11-09,3,3,6,50.0,83.41778021166378
2016-11-10,3,3,6,50.0,84.69852841519298
2016-11-11,3,3,6,50.0,82.13586251215649
2016-11-15,3,3,6,50.0,77.74393004520591
2016-11-16,3,3,6,50.0,75.91509295174731
2016-11-17,3,3,6,50.0,75.92380430804303
2016-11-18,3,3,6,50.0,75.75755113730575
2016-11-21,3,3,6,50.0,73.47722795619035
2016-11-22,2,4,6,33.33333333333333,73.80985561164421
2016-11-23,3,3,6,50.0,75.36747407116498
2016-11-24,3,3,6,50.0,74.74224663325249
2016-11-25,3,3,6,50.0,78.01692528720406
2016-11-28,3,3,6,50.0,84.24037977143541
2016-11-29,3,3,6,50.0,82.02496356073202
2016-11-30,3,3,6,50.0,83.1904834734095
2016-12-01,3,3,6,50.0,82.5353126461256
2016-12-02,3,3,6,50.0,81.2814054784072
2016-12-05,3,3,6,50.0,81.43510408857013
2016-12-06,3,3,6,50.0,81.05443564978721
2016-12-07,3,3,6,50.0,81.22622432214635
2016-12-08,3,3,6,50.0,81.85818047142556
2016-12-09,3,3,6,50.0,81.05070399898565
2016-12-12,3,3,6,50.0,80.4000674577707
2016-12-13,3,3,6,50.0,81.18909541760128
2016-12-14,3,3,6,50.0,83.36235078822666
2016-12-15,3,3,6,50.0,81.5186699217336
2016-12-16,3,3,6,50.0,80.56364636909684
2016-12-19,3,3,6,50.0,80.13544625507775
2016-12-20,2,4,6,33.33333333333333,78.18133101021144
2016-12-21,2,4,6,33.33333333333333,77.91953953282803
2016-12-22,2,4,6,33.33333333333333,76.24240318869305
2016-12-23,2,4,6,33.33333333333333,76.70018685905067
2016-12-26,2,4,6,33.33333333333333,75.14688111826564
2016-12-27,2,4,6,33.33333333333333,76.09311763750074
2016-12-28,2,4,6,33.33333333333333,76.71476179953005
2016-12-29,2,4,6,33.33333333333333,78.08769993314726
2016-12-30,2,4,6,33.33333333333333,78.44783542472142
2017-01-02,2,4,6,33.33333333333333,77.89878949707332
2017-01-03,2,4,6,33.33333333333333,78.23715513180129
2017-01-04,2,4,6,33.33333333333333,80.20760348602477
2017-01-05,2,4,6,33.33333333333333,81.6303591318332
2017-01-06,2,4,6,33.33333333333333,80.23987914729965
2017-01-09,2,4,6,33.33333333333333,80.00829904668268
2017-01-10,2,4,6,33.33333333333333,80.25344347085388
2017-01-11,3,3,6,50.0,80.557991495051
2017-01-12,3,3,6,50.0,79.97456865728796
2017-01-13,3,3,6,50.0,79.91866038005003
2017-01-16,2,4,6,33.33333333333333,80.32860748038698
2017-01-17,3,3,6,50.0,82.27808781952292
2017-01-18,3,3,6,50.0,82.73427047666732
2017-01-19,2,4,6,33.33333333333333,81.12775715217877
2017-01-20,2,4,6,33.33333333333333,80.62753574310611
2017-01-23,2,4,6,33.33333333333333,81.66810218307793
2017-01-24,3,3,6,50.0,81.59301187731035
2017-01-25,3,3,6,50.0,81.62816714904571
2017-01-27,3,3,6,50.0,82.18761881129612
2017-01-30,2,4,6,33.33333333333333,80.8578494567822
2017-01-31,2,4,6,33.33333333333333,79.77595928092701
2017-02-01,4,2,6,66.66666666666666,81.77977207630157
2017-02-02,4,2,6,66.66666666666666,82.41166328335223
2017-02-03,3,3,6,50.0,82.49796724056314
2017-02-06,3,3,6,50.0,83.74290994662613
2017-02-07,4,2,6,66.66666666666666,83.01459952043818
2017-02-08,2,4,6,33.33333333333333,82.83999844884059
2017-02-09,2,4,6,33.33333333333333,82.33664037533627
2017-02-10,3,3,6,50.0,82.32303064271517
2017-02-13,3,3,6,50.0,81.14623723402083
2017-02-14,2,4,6,33.33333333333333,81.11246808595254
2017-02-15,2,4,6,33.33333333333333,79.71242252526072
2017-02-16,2,4,6,33.33333333333333,81.97388051648191
2017-02-17,2,4,6,33.33333333333333,81.68390104659026
2017-02-20,2,4,6,33.33333333333333,81.93984814066042
2017-02-21,2,4,6,33.33333333333333,82.57271493368897
2017-02-22,2,4,6,33.33333333333333,81.58061828208133
2017-02-23,2,4,6,33.33333333333333,80.79099907814037
2017-02-27,2,4,6,33.33333333333333,80.89807085897976
2017-02-28,2,4,6,33.33333333333333,80.55492195812772
2017-03-01,2,4,6,33.33333333333333,80.57142246068216
2017-03-02,2,4,6,33.33333333333333,80.47004176729025
2017-03-03,2,4,6,33.33333333333333,79.83135081617341
2017-03-06,2,4,6,33.33333333333333,79.90828539808058
2017-03-07,2,4,6,33.33333333333333,79.58999161264684
2017-03-08,1,5,6,16.666666666666664,79.37688865568884
2017-03-09,1,5,6,16.666666666666664,78.90108940797046
2017-03-10,1,5,6,16.666666666666664,78.38026817301397
2017-03-14,1,5,6,16.666666666666664,78.5922583894768
2017-03-15,2,4,6,33.33333333333333,79.21236327433225
2017-03-16,1,5,6,16.666666666666664,78.41137745529606
2017-03-17,1,5,6,16.666666666666664,78.51300978823416
2017-03-20,1,5,6,16.666666666666664,78.15773813591201
2017-03-21,1,5,6,16.666666666666664,77.54477357996765
2017-03-22,1,5,6,16.666666666666664,77.12597496420673
2017-03-23,1,5,6,16.666666666666664,80.28001971159243
2017-03-24,1,5,6,16.666666666666664,80.34478276456034
2017-03-27,1,5,6,16.666666666666664,79.74345920560803
2017-03-28,1,5,6,16.666666666666664,79.8268971435365
2017-03-29,1,5,6,16.666666666666664,80.57283348593299
2017-03-30,1,5,6,16.666666666666664,81.01944112102848
2017-03-31,1,5,6,16.666666666666664,80.58411801433404
2017-04-03,1,5,6,16.666666666666664,79.86094174142826
2017-04-05,1,5,6,16.666666666666664,78.8793007518019
2017-04-06,1,5,6,16.666666666666664,78.52511432758732
2017-04-07,1,5,6,16.666666666666664,77.4513411523138
2017-04-10,0,6,6,0.0,73.58959864962472
2017-04-11,1,5,6,16.666666666666664,72.76202587345574
2017-04-12,0,6,6,0.0,72.83938047787805
2017-04-13,0,6,6,0.0,73.46186568992462
2017-04-17,0,6,6,0.0,74.14324648909289
2017-04-18,0,6,6,0.0,72.61161466289361
2017-04-19,0,6,6,0.0,74.06655381478372
2017-04-20,1,5,6,16.666666666666664,74.83432337590189
2017-04-21,1,5,6,16.666666666666664,76.04866372933185
2017-04-24,1,5,6,16.666666666666664,76.03453710016832
2017-04-25,1,5,6,16.666666666666664,75.64826706765894
2017-04-26,1,5,6,16.666666666666664,75.27865731166048
2017-04-27,1,5,6,16.666666666666664,74.55413716812046
2017-04-28,1,5,6,16.666666666666664,74.95219637364896
2017-05-02,1,5,6,16.666666666666664,75.31612259803563
2017-05-03,1,5,6,16.666666666666664,75.15317336263419
2017-05-04,1,5,6,16.666666666666664,74.85645086158853
2017-05-05,1,5,6,16.666666666666664,73.87024009197292
2017-05-08,1,5,6,16.666666666666664,75.48515977642538
2017-05-09,2,4,6,33.33333333333333,77.06038494911648
2017-05-10,2,4,6,33.33333333333333,78.4110557089854
2017-05-11,3,3,6,50.0,81.71705569366593
2017-05-12,4,2,6,66.66666666666666,81.32641503247888
2017-05-15,3,3,6,50.0,81.24328116792476
2017-05-16,2,4,6,33.33333333333333,80.48016374728468
2017-05-17,2,4,6,33.33333333333333,80.6320464806462
2017-05-18,2,4,6,33.33333333333333,78.87208807982492
2017-05-19,2,4,6,33.33333333333333,77.87250374678023
2017-05-22,2,4,6,33.33333333333333,78.6267488855385
2017-05-23,2,4,6,33.33333333333333,77.41734482442642
2017-05-24,2,4,6,33.33333333333333,76.37842152607932
2017-05-25,1,5,6,16.666666666666664,75.99202405091195
2017-05-26,2,4,6,33.33333333333333,76.71043813511136
2017-05-29,1,5,6,16.666666666666664,76.01603858162582
2017-05-30,1,5,6,16.666666666666664,75.77568688381604
2017-05-31,2,4,6,33.33333333333333,76.48220017043421
2017-06-01,3,3,6,50.0,78.99378814840578
2017-06-02,3,3,6,50.0,79.28771183213594
2017-06-05,4,2,6,66.66666666666666,79.94204758785129
2017-06-06,3,3,6,50.0,78.5430853212115
2017-06-07,3,3,6,50.0,77.6794155327073
2017-06-08,4,2,6,66.66666666666666,79.62229690342465
2017-06-09,3,3,6,50.0,82.08578767841641
2017-06-12,3,3,6,50.0,80.08859563724383
2017-06-13,3,3,6,50.0,79.67318149010265
2017-06-14,3,3,6,50.0,78.22853805047089
2017-06-15,3,3,6,50.0,78.50197387762239
2017-06-16,3,3,6,50.0,78.2659117210231
2017-06-19,3,3,6,50.0,78.10372409524102
2017-06-20,3,3,6,50.0,80.31876964818686
2017-06-21,3,3,6,50.0,79.34008661118212
2017-06-22,3,3,6,50.0,78.65771203593333
2017-06-23,1,5,6,16.666666666666664,78.68117795734867
2017-06-27,1,5,6,16.666666666666664,77.85025433850453
2017-06-28,1,5,6,16.666666666666664,78.17050657754915
2017-06-29,1,5,6,16.666666666666664,78.54771780749807
2017-06-30,1,5,6,16.666666666666664,78.29965877243119
2017-07-03,1,5,6,16.666666666666664,78.83769162730903
2017-07-04,2,4,6,33.33333333333333,81.21645889651991
2017-07-05,2,4,6,33.33333333333333,84.04662331400922
2017-07-06,2,4,6,33.33333333333333,82.8610651732312
2017-07-07,2,4,6,33.33333333333333,84.14116941047064
2017-07-10,2,4,6,33.33333333333333,84.34063416372
2017-07-11,2,4,6,33.33333333333333,84.04485485381379
2017-07-12,4,2,6,66.66666666666666,87.44561843677462
2017-07-13,2,4,6,33.33333333333333,85.39248485448395
2017-07-14,2,4,6,33.33333333333333,84.22862203689729
2017-07-17,3,3,6,50.0,85.37587401652883
2017-07-18,3,3,6,50.0,84.28686113873715
2017-07-19,4,2,6,66.66666666666666,85.58596300973726
2017-07-20,3,3,6,50.0,84.61582163321457
2017-07-21,3,3,6,50.0,83.96922849065896
2017-07-24,3,3,6,50.0,83.58812949328482
2017-07-25,2,4,6,33.33333333333333,83.7093289105749
2017-07-26,3,3,6,50.0,83.83577782224131
2017-07-27,3,3,6,50.0,83.39178448844086
2017-07-28,4,2,6,66.66666666666666,85.14742681834679
2017-07-31,4,2,6,66.66666666666666,84.95969832319233
2017-08-01,4,2,6,66.66666666666666,85.32454232155943
2017-08-02,4,2,6,66.66666666666666,86.24556138249308
2017-08-03,3,3,6,50.0,85.14919077644983
2017-08-04,4,2,6,66.66666666666666,85.48097961889802
2017-08-07,4,2,6,66.66666666666666,85.78335206189237
2017-08-08,4,2,6,66.66666666666666,84.87051858424826
2017-08-09,4,2,6,66.66666666666666,84.44562909345738
2017-08-10,3,3,6,50.0,81.21164709929138
2017-08-11,3,3,6,50.0,80.53453501761399
2017-08-14,3,3,6,50.0,82.44631747109649
2017-08-16,4,2,6,66.66666666666666,85.03912985584746
2017-08-17,4,2,6,66.66666666666666,86.03584086930924
2017-08-18,3,3,6,50.0,85.05871524711614
2017-08-21,4,2,6,66.66666666666666,83.38155793755138
2017-08-22,4,2,6,66.66666666666666,82.90795279856316
2017-08-23,4,2,6,66.66666666666666,82.38790432843884
2017-08-24,4,2,6,66.66666666666666,85.65298315169147
2017-08-28,4,2,6,66.66666666666666,85.58648884551242
2017-08-29,4,2,6,66.66666666666666,84.67322898150518
2017-08-30,4,2,6,66.66666666666666,85.97962285672939
2017-08-31,3,3,6,50.0,84.87772853681463
2017-09-01,4,2,6,66.66666666666666,86.15607032917254
2017-09-04,4,2,6,66.66666666666666,86.19177051126152
2017-09-05,4,2,6,66.66666666666666,86.94553685425849
2017-09-06,3,3,6,50.0,87.23456752209577
2017-09-07,4,2,6,66.66666666666666,90.13889559792105
2017-09-08,5,1,6,83.33333333333334,92.20732568908268
2017-09-11,4,2,6,66.66666666666666,91.53755896784995
2017-09-12,4,2,6,66.66666666666666,91.98112895292132
2017-09-13,4,2,6,66.66666666666666,92.12121893821153
2017-09-14,4,2,6,66.66666666666666,91.96168717157637
2017-09-15,4,2,6,66.66666666666666,91.41821513546148
2017-09-18,5,1,6,83.33333333333334,92.20217935028859
2017-09-19,5,1,6,83.33333333333334,92.34144828125235
2017-09-20,5,1,6,83.33333333333334,92.02353581315998
2017-09-21,6,0,6,100.0,91.94110543829701
2017-09-22,5,1,6,83.33333333333334,89.54300993316575
2017-09-25,5,1,6,83.33333333333334,88.19993609995105
2017-09-26,6,0,6,100.0,90.74413022136841
2017-09-27,4,2,6,66.66666666666666,87.4382571215353
2017-09-28,5,1,6,83.33333333333334,89.30261965470656
2017-09-29,6,0,6,100.0,92.31674212974369
2017-10-03,6,0,6,100.0,93.5998095231517
2017-10-04,6,0,6,100.0,93.58251038650073
2017-10-05,6,0,6,100.0,92.93666171633795
2017-10-06,6,0,6,100.0,93.66527236211142
2017-10-09,6,0,6,100.0,93.1675271532492
2017-10-10,6,0,6,100.0,93.13546071353022
2017-10-11,6,0,6,100.0,93.69312326696001
2017-10-12,6,0,6,100.0,95.86038131844828
2017-10-13,6,0,6,100.0,96.3621207399348
2017-10-16,6,0,6,100.0,99.56865851946996
2017-10-17,6,0,6,100.0,99.75410856476906
2017-10-18,6,0,6,100.0,99.71217611765191
2017-10-19,6,0,6,100.0,99.91204318532117
2017-10-23,6,0,6,100.0,101.48474602447561
2017-10-24,6,0,6,100.0,101.93526146982732
2017-10-25,6,0,6,100.0,103.04432087447242
2017-10-26,6,0,6,100.0,103.6563844465741
2017-10-27,6,0,6,100.0,112.11289846148358
2017-10-30,6,0,6,100.0,112.99364912431939
2017-10-31,6,0,6,100.0,112.53682431660876
2017-11-01,6,0,6,100.0,111.72836177273244
2017-11-02,6,0,6,100.0,111.24546984085222
2017-11-03,6,0,6,100.0,112.37537673036657
2017-11-06,6,0,6,100.0,114.32911889121627
2017-11-07,6,0,6,100.0,111.78886641738666
2017-11-08,6,0,6,100.0,113.04250798603437
2017-11-09,6,0,6,100.0,118.18553740609849
2017-11-10,6,0,6,100.0,115.1451549492165
2017-11-13,6,0,6,100.0,117.5783845778851
2017-11-14,6,0,6,100.0,118.304612840163
2017-11-15,6,0,6,100.0,115.92582761667086
2017-11-16,6,0,6,100.0,123.53403961696799
2017-11-17,6,0,6,100.0,125.84999268614565
2017-11-20,6,0,6,100.0,131.4300883945121
2017-11-21,6,0,6,100.0,130.9152125816881
2017-11-22,6,0,6,100.0,134.77970106939094
2017-11-23,6,0,6,100.0,135.1238562572562
2017-11-24,6,0,6,100.0,135.3581776943465
2017-11-27,6,0,6,100.0,137.96717981502243
2017-11-28,6,0,6,100.0,138.76326891776955
2017-11-29,6,0,6,100.0,136.0153040658426
2017-11-30,6,0,6,100.0,134.25432653272782
2017-12-01,6,0,6,100.0,131.31884612716155
2017-12-04,6,0,6,100.0,130.0682309606254
2017-12-05,6,0,6,100.0,133.6931199039038
2017-12-06,6,0,6,100.0,132.16901583969135
2017-12-07,6,0,6,100.0,135.67902055111537
2017-12-08,6,0,6,100.0,135.99678607059164
2017-12-11,6,0,6,100.0,133.70498862071375
2017-12-12,6,0,6,100.0,131.1254794670167
2017-12-13,6,0,6,100.0,132.19631857666957
2017-12-14,6,0,6,100.0,133.78292923573588
2017-12-15,6,0,6,100.0,134.1284330654226
2017-12-18,6,0,6,100.0,134.19817365519722
2017-12-19,6,0,6,100.0,138.28712490408628
2017-12-20,6,0,6,100.0,139.84262880023758
2017-12-21,6,0,6,100.0,140.2766332666006
2017-12-22,6,0,6,100.0,140.96629197933774
2017-12-26,6,0,6,100.0,142.7414485062658
2017-12-27,6,0,6,100.0,140.56971179994318
2017-12-28,6,0,6,100.0,142.796693981467
2017-12-29,6,0,6,100.0,143.17442235417263
2018-01-01,6,0,6,100.0,143.4604026226797
2018-01-02,6,0,6,100.0,141.0170783932404
2018-01-03,6,0,6,100.0,144.25077512996512
2018-01-04,6,0,6,100.0,145.75633210114296
2018-01-05,6,0,6,100.0,154.17365859386354
2018-01-08,6,0,6,100.0,154.20913637242032
2018-01-09,6,0,6,100.0,150.37558251489799
2018-01-10,6,0,6,100.0,155.0126427074505
2018-01-11,6,0,6,100.0,158.13962235971957
2018-01-12,6,0,6,100.0,157.3458640883875
2018-01-15,6,0,6,100.0,159.54577013823234
2018-01-16,6,0,6,100.0,153.81537717711123
2018-01-17,6,0,6,100.0,157.53682995969658
2018-01-18,6,0,6,100.0,153.06386863192424
2018-01-19,6,0,6,100.0,156.37993864040135
2018-01-22,6,0,6,100.0,160.95663846442716
2018-01-23,6,0,6,100.0,164.68979997090918
2018-01-24,6,0,6,100.0,157.27780587845086
2018-01-25,6,0,6,100.0,153.55558506159682
2018-01-29,6,0,6,100.0,150.3723565747301
2018-01-30,6,0,6,100.0,149.47560150016176
2018-01-31,6,0,6,100.0,150.41303102209716
2018-02-01,6,0,6,100.0,150.18260755375871
2018-02-02,6,0,6,100.0,143.1606437295007
2018-02-05,6,0,6,100.0,145.70056655762423
2018-02-06,6,0,6,100.0,140.17498383600298
2018-02-07,6,0,6,100.0,142.53089187842824
2018-02-08,6,0,6,100.0,145.17337893882535
2018-02-09,6,0,6,100.0,145.45608151381668
2018-02-12,6,0,6,100.0,150.06242614054085
2018-02-14,6,0,6,100.0,150.3364444166315
2018-02-15,6,0,6,100.0,149.4366859396325
2018-02-16,6,0,6,100.0,144.89863480275517
2018-02-19,6,0,6,100.0,143.33950160689773
2018-02-20,6,0,6,100.0,141.80178458967637
2018-02-21,6,0,6,100.0,141.4507319138124
2018-02-22,6,0,6,100.0,140.97048786066082
2018-02-23,6,0,6,100.0,145.61184971394965
2018-02-26,6,0,6,100.0,145.7482915948053
2018-02-27,6,0,6,100.0,144.65758493348923
2018-02-28,6,0,6,100.0,143.39506985967972
2018-03-01,6,0,6,100.0,144.38396053691199
2018-03-05,6,0,6,100.0,141.20453765984203
2018-03-06,6,0,6,100.0,135.70334377461975
2018-03-07,6,0,6,100.0,132.93229337103597
2018-03-08,6,0,6,100.0,133.44133064272194
2018-03-09,6,0,6,100.0,132.4754987619399
2018-03-12,6,0,6,100.0,135.09981129819678
2018-03-13,6,0,6,100.0,135.50784450728037
2018-03-14,5,1,6,83.33333333333334,135.3814335568104
2018-03-15,6,0,6,100.0,138.778526535185
2018-03-16,6,0,6,100.0,137.9615793625995
2018-03-19,6,0,6,100.0,137.3572700489638
2018-03-20,6,0,6,100.0,138.09868351791076
2018-03-21,6,0,6,100.0,140.2872418613732
2018-03-22,6,0,6,100.0,139.53510570175445
2018-03-23,5,1,6,83.33333333333334,137.87639737135308
2018-03-26,6,0,6,100.0,137.8757611615538
2018-03-27,6,0,6,100.0,139.09999383898054
2018-03-28,5,1,6,83.33333333333334,137.12963055624056
2018-04-02,6,0,6,100.0,141.25954038180194
2018-04-03,6,0,6,100.0,141.60237983352047
2018-04-04,6,0,6,100.0,140.93132636098466
2018-04-05,6,0,6,100.0,145.28867132244804
2018-04-06,6,0,6,100.0,150.3058365294148
2018-04-09,6,0,6,100.0,153.91876558327698
2018-04-10,6,0,6,100.0,154.46580688116845
2018-04-11,6,0,6,100.0,155.65310315889243
2018-04-12,6,0,6,100.0,156.9182789749638
2018-04-13,6,0,6,100.0,158.4686976044466
2018-04-16,6,0,6,100.0,157.43745822132823
2018-04-17,6,0,6,100.0,157.8051469728314
2018-04-18,6,0,6,100.0,155.9533624547442
2018-04-19,6,0,6,100.0,161.3425418001096
2018-04-20,6,0,6,100.0,164.20055231125505
2018-04-23,6,0,6,100.0,162.40995219581225
2018-04-24,6,0,6,100.0,165.5256168327171
2018-04-25,6,0,6,100.0,163.6463911770144
2018-04-26,6,0,6,100.0,165.67214181020117
2018-04-27,6,0,6,100.0,168.1028397755538
2018-04-30,6,0,6,100.0,171.6072325815224
2018-05-02,6,0,6,100.0,170.3681448944885
2018-05-03,6,0,6,100.0,166.10128725101362
2018-05-04,6,0,6,100.0,165.01572797813705
2018-05-07,6,0,6,100.0,168.05431574161932
2018-05-08,6,0,6,100.0,167.78874885299692
2018-05-09,6,0,6,100.0,166.8885876224552
2018-05-10,6,0,6,100.0,160.25646730625658
2018-05-11,6,0,6,100.0,157.25098852544787
2018-05-14,6,0,6,100.0,155.82423950602083
2018-05-15,6,0,6,100.0,157.51885768273843
2018-05-16,6,0,6,100.0,157.32050178704685
2018-05-17,6,0,6,100.0,161.36606941595585
2018-05-18,6,0,6,100.0,158.0918876135013
2018-05-21,6,0,6,100.0,153.65516696680913
2018-05-22,6,0,6,100.0,158.12051659115818
2018-05-23,6,0,6,100.0,156.13011341971955
2018-05-24,6,0,6,100.0,155.6851181648393
2018-05-25,6,0,6,100.0,158.8083063740063
2018-05-28,6,0,6,100.0,161.12085117281302
2018-05-29,6,0,6,100.0,166.23722286194024
2018-05-30,6,0,6,100.0,166.55974915353062
2018-05-31,6,0,6,100.0,162.760148815179
2018-06-01,6,0,6,100.0,158.48524822063996
2018-06-04,6,0,6,100.0,154.41018047060012
2018-06-05,5,1,6,83.33333333333334,148.31083514845466
2018-06-06,5,1,6,83.33333333333334,152.6113196782635
2018-06-07,5,1,6,83.33333333333334,157.07633538628147
2018-06-08,5,1,6,83.33333333333334,156.05471468057684
2018-06-11,6,0,6,100.0,156.63225203060375
2018-06-12,6,0,6,100.0,160.0469833270343
2018-06-13,6,0,6,100.0,159.23212258945932
2018-06-14,6,0,6,100.0,163.03219662570868
2018-06-15,5,1,6,83.33333333333334,137.74828830968607
2018-06-18,5,1,6,83.33333333333334,136.07371519959062
2018-06-19,4,2,6,66.66666666666666,136.28396031900297
2018-06-20,4,2,6,66.66666666666666,135.46260387560554
2018-06-21,4,2,6,66.66666666666666,132.97964985791754
2018-06-22,4,2,6,66.66666666666666,135.64756321718852
2018-06-25,4,2,6,66.66666666666666,132.71334668204176
2018-06-26,4,2,6,66.66666666666666,132.43562825817708
2018-06-27,3,3,6,50.0,128.71091527563925
2018-06-28,3,3,6,50.0,125.39877783907107
2018-06-29,3,3,6,50.0,128.78625305395562
2018-07-02,3,3,6,50.0,126.73943054353651
2018-07-03,3,3,6,50.0,127.26770376606113
2018-07-04,3,3,6,50.0,128.96550265888408
2018-07-05,3,3,6,50.0,126.75631340136941
2018-07-06,3,3,6,50.0,126.78947816181585
2018-07-09,3,3,6,50.0,127.9032360940488
2018-07-10,3,3,6,50.0,128.30194000905914
2018-07-11,3,3,6,50.0,127.605546400884
2018-07-12,3,3,6,50.0,126.48179827840109
2018-07-13,3,3,6,50.0,125.83789528532259
2018-07-16,3,3,6,50.0,119.43975542639997
2018-07-17,2,4,6,33.33333333333333,120.98347122433665
2018-07-18,3,3,6,50.0,119.04717150603994
2018-07-19,3,3,6,50.0,119.67284889081533
2018-07-20,2,4,6,33.33333333333333,118.79260195953675
2018-07-23,2,4,6,33.33333333333333,120.60484337680239
2018-07-24,3,3,6,50.0,125.63174548446143
2018-07-25,3,3,6,50.0,124.4520714005302
2018-07-26,3,3,6,50.0,124.53057581335128
2018-07-27,3,3,6,50.0,127.4614555980861
2018-07-30,3,3,6,50.0,127.81419878464708
2018-07-31,2,4,6,33.33333333333333,127.60100863716598
2018-08-01,3,3,6,50.0,129.0973994860245
2018-08-02,3,3,6,50.0,127.8922741235408
2018-08-03,3,3,6,50.0,130.13817304398455
2018-08-06,3,3,6,50.0,129.9245205247747
2018-08-07,3,3,6,50.0,130.0410756000167
2018-08-08,3,3,6,50.0,130.5134263850869
2018-08-09,3,3,6,50.0,131.04811224784592
2018-08-10,3,3,6,50.0,130.90853055752848
2018-08-13,4,2,6,66.66666666666666,134.65712868479784
2018-08-14,3,3,6,50.0,132.6804589665972
2018-08-16,3,3,6,50.0,133.69166335238012
2018-08-17,3,3,6,50.0,133.76067337723308
2018-08-20,4,2,6,66.66666666666666,133.5826684237801
2018-08-21,4,2,6,66.66666666666666,136.22289480001817
2018-08-23,4,2,6,66.66666666666666,141.7273461564963
2018-08-24,3,3,6,50.0,137.86090047611796
2018-08-27,3,3,6,50.0,139.91316124072046
2018-08-28,3,3,6,50.0,141.80665158308724
2018-08-29,3,3,6,50.0,144.68799221251746
2018-08-30,3,3,6,50.0,146.66951340903384
2018-08-31,3,3,6,50.0,148.5059737757801
2018-09-03,3,3,6,50.0,146.18670668840286
2018-09-04,3,3,6,50.0,142.29470699154058
2018-09-05,3,3,6,50.0,141.2021241149401
2018-09-06,3,3,6,50.0,144.49571864958966
2018-09-07,3,3,6,50.0,146.6015815115577
2018-09-10,3,3,6,50.0,143.3968628530681
2018-09-11,3,3,6,50.0,138.30003642752666
2018-09-12,3,3,6,50.0,140.69964278974092
2018-09-14,3,3,6,50.0,141.17978120860298
2018-09-17,3,3,6,50.0,140.82698677380446
2018-09-18,3,3,6,50.0,140.12212124790366
2018-09-19,3,3,6,50.0,141.53925413446842
2018-09-21,3,3,6,50.0,135.52496049796278
2018-09-24,2,4,6,33.33333333333333,131.53343937356374
2018-09-25,2,4,6,33.33333333333333,130.31851976551613
2018-09-26,2,4,6,33.33333333333333,131.77275196784944
2018-09-27,2,4,6,33.33333333333333,128.10060051648202
2018-09-28,2,4,6,33.33333333333333,122.41042230201795
2018-10-01,2,4,6,33.33333333333333,120.35647823657771
2018-10-03,2,4,6,33.33333333333333,121.4957504181522
2018-10-04,2,4,6,33.33333333333333,118.20633998048665
2018-10-05,1,5,6,16.666666666666664,113.84149955260305
2018-10-08,0,6,6,0.0,110.92997486013252
2018-10-09,1,5,6,16.666666666666664,108.45234290888195
2018-10-10,1,5,6,16.666666666666664,112.32527065071787
2018-10-11,2,4,6,33.33333333333333,114.41912286519124
2018-10-12,2,4,6,33.33333333333333,117.97805058146567
2018-10-15,2,4,6,33.33333333333333,121.75554245769109
2018-10-16,2,4,6,33.33333333333333,124.05907980782365
2018-10-17,2,4,6,33.33333333333333,123.42211745396952
2018-10-19,2,4,6,33.33333333333333,122.56965630121104
2018-10-22,2,4,6,33.33333333333333,120.3197040768755
2018-10-23,2,4,6,33.33333333333333,118.25950100718383
2018-10-24,2,4,6,33.33333333333333,119.28500113922824
2018-10-25,2,4,6,33.33333333333333,120.42702027563126
2018-10-26,1,5,6,16.666666666666664,119.58089578500883
2018-10-29,1,5,6,16.666666666666664,123.6913197374523
2018-10-30,3,3,6,50.0,127.73373347125604
2018-10-31,3,3,6,50.0,129.42131153255238
2018-11-01,3,3,6,50.0,134.73797725048277
2018-11-02,3,3,6,50.0,134.72187533658138
2018-11-05,3,3,6,50.0,129.18145673868906
2018-11-06,3,3,6,50.0,128.71474688067238
2018-11-07,3,3,6,50.0,129.92724965046162
2018-11-09,3,3,6,50.0,128.08289745802497
2018-11-12,3,3,6,50.0,129.79702636895138
2018-11-13,3,3,6,50.0,132.5597479551248
2018-11-14,3,3,6,50.0,132.56164836335208
2018-11-15,3,3,6,50.0,131.78749175540744
2018-11-16,3,3,6,50.0,131.60827938570534
2018-11-19,3,3,6,50.0,131.49804611991618
2018-11-20,3,3,6,50.0,128.45331177912453
2018-11-21,3,3,6,50.0,128.0116503094479
2018-11-22,3,3,6,50.0,128.64199568795448
2018-11-26,3,3,6,50.0,128.09682423063353
2018-11-27,3,3,6,50.0,127.39045046800999
2018-11-28,3,3,6,50.0,126.43554540853631
2018-11-29,3,3,6,50.0,125.74413537872375
2018-11-30,3,3,6,50.0,129.1695861901478
2018-12-03,3,3,6,50.0,128.98367380343564
2018-12-04,3,3,6,50.0,127.5398916062701
2018-12-05,3,3,6,50.0,125.09306021393091
2018-12-06,2,4,6,33.33333333333333,123.70203016001717
2018-12-07,2,4,6,33.33333333333333,123.38819692419935
2018-12-10,2,4,6,33.33333333333333,119.83128141013921
2018-12-11,2,4,6,33.33333333333333,122.33948946290792
2018-12-12,3,3,6,50.0,127.66678172644123
2018-12-13,3,3,6,50.0,129.1169854806337
2018-12-14,3,3,6,50.0,128.86010745499914
2018-12-17,3,3,6,50.0,129.2227970533508
2018-12-18,3,3,6,50.0,132.0744442555187
2018-12-19,3,3,6,50.0,133.61566456830568
2018-12-20,3,3,6,50.0,133.129945542517
2018-12-21,3,3,6,50.0,130.32367949765927
2018-12-24,3,3,6,50.0,129.12937642963175
2018-12-26,3,3,6,50.0,129.5417830279471
2018-12-27,3,3,6,50.0,130.4495422991363
2018-12-28,3,3,6,50.0,132.65942005939664
2018-12-31,3,3,6,50.0,133.59127624012626
2019-01-01,3,3,6,50.0,132.45483918747493
2019-01-02,3,3,6,50.0,131.6002222248902
2019-01-03,3,3,6,50.0,131.73847680308498
2019-01-04,2,4,6,33.33333333333333,129.8176640333417
2019-01-07,2,4,6,33.33333333333333,130.59742131988406
2019-01-08,3,3,6,50.0,131.22016104035154
2019-01-09,3,3,6,50.0,130.7651207982041
2019-01-10,3,3,6,50.0,130.12755205261024
2019-01-11,3,3,6,50.0,130.06991461574364
2019-01-14,3,3,6,50.0,131.32762877864604
2019-01-15,3,3,6,50.0,132.39756635265834
2019-01-16,3,3,6,50.0,131.34963579746668
2019-01-17,4,2,6,66.66666666666666,132.64885092799008
2019-01-18,3,3,6,50.0,129.2174420982889
2019-01-21,2,4,6,33.33333333333333,131.11148370285187
2019-01-22,3,3,6,50.0,130.85843621249816
2019-01-23,4,2,6,66.66666666666666,131.53536907199435
2019-01-24,4,2,6,66.66666666666666,132.52032336135017
2019-01-25,4,2,6,66.66666666666666,130.23658239040782
2019-01-28,2,4,6,33.33333333333333,127.80422402467764
2019-01-29,3,3,6,50.0,128.04283748342314
2019-01-30,2,4,6,33.33333333333333,127.39408061237125
2019-01-31,3,3,6,50.0,126.91847199730435
2019-02-01,2,4,6,33.33333333333333,127.50922898182174
2019-02-04,2,4,6,33.33333333333333,127.49595948131041
2019-02-05,2,4,6,33.33333333333333,127.31190094269293
2019-02-06,2,4,6,33.33333333333333,127.24809229849885
2019-02-07,2,4,6,33.33333333333333,128.73351542867786
2019-02-08,2,4,6,33.33333333333333,126.32821891229977
2019-02-11,2,4,6,33.33333333333333,122.03253904262333
2019-02-12,2,4,6,33.33333333333333,121.08404631588978
2019-02-13,2,4,6,33.33333333333333,119.78756702370346
2019-02-14,2,4,6,33.33333333333333,120.22927910555173
2019-02-15,1,5,6,16.666666666666664,116.85917269236255
2019-02-18,1,5,6,16.666666666666664,114.71508060315352
2019-02-19,1,5,6,16.666666666666664,115.45841363213378
2019-02-20,1,5,6,16.666666666666664,116.9423873164682
2019-02-21,1,5,6,16.666666666666664,119.14392881434101
2019-02-22,1,5,6,16.666666666666664,120.9735363382491
2019-02-25,1,5,6,16.666666666666664,121.14688059593588
2019-02-26,1,5,6,16.666666666666664,119.17983066612774
2019-02-27,1,5,6,16.666666666666664,118.23462186540476
2019-02-28,1,5,6,16.666666666666664,119.20354943400898
2019-03-01,1,5,6,16.666666666666664,122.8928149872315
2019-03-05,1,5,6,16.666666666666664,126.88156394599186
2019-03-06,1,5,6,16.666666666666664,128.55989273220052
2019-03-07,1,5,6,16.666666666666664,127.49268398728842
2019-03-08,1,5,6,16.666666666666664,127.18965982499073
2019-03-11,2,4,6,33.33333333333333,128.9659565811631
2019-03-12,4,2,6,66.66666666666666,130.20643734358157
2019-03-13,1,5,6,16.666666666666664,128.52419559355548
2019-03-14,1,5,6,16.666666666666664,127.44402745297513
2019-03-15,1,5,6,16.666666666666664,126.2103598755379
2019-03-18,1,5,6,16.666666666666664,124.13105049755109
2019-03-19,1,5,6,16.666666666666664,126.50103214140161
2019-03-20,2,4,6,33.33333333333333,126.55952894525883
2019-03-22,2,4,6,33.33333333333333,125.70620093263499
2019-03-25,1,5,6,16.666666666666664,123.24100008939698
2019-03-26,1,5,6,16.666666666666664,123.90796884259771
2019-03-27,1,5,6,16.666666666666664,122.6315449421401
2019-03-28,2,4,6,33.33333333333333,124.7422163881369
2019-03-29,1,5,6,16.666666666666664,125.67612207876569
2019-04-01,1,5,6,16.666666666666664,127.30423766553469
2019-04-02,2,4,6,33.33333333333333,127.70039048797885
2019-04-03,1,5,6,16.666666666666664,127.02829914567488
2019-04-04,1,5,6,16.666666666666664,125.90391256228544
2019-04-05,1,5,6,16.666666666666664,127.05692558760813
2019-04-08,2,4,6,33.33333333333333,126.25292743490365
2019-04-09,1,5,6,16.666666666666664,126.09220068968806
2019-04-10,2,4,6,33.33333333333333,126.58213694871492
2019-04-11,2,4,6,33.33333333333333,127.15430405029689
2019-04-12,2,4,6,33.33333333333333,126.18823451419578
2019-04-15,2,4,6,33.33333333333333,126.15923207131938
2019-04-16,1,5,6,16.666666666666664,125.46998986066666
2019-04-18,1,5,6,16.666666666666664,122.37935270441365
2019-04-22,1,5,6,16.666666666666664,121.2049687124112
2019-04-23,1,5,6,16.666666666666664,122.04224156439363
2019-04-24,1,5,6,16.666666666666664,123.98766908767709
2019-04-25,1,5,6,16.666666666666664,124.45562104613843
2019-04-26,1,5,6,16.666666666666664,125.09920176276266
2019-04-30,1,5,6,16.666666666666664,123.22702227466706
2019-05-02,1,5,6,16.666666666666664,122.16223751217264
2019-05-03,1,5,6,16.666666666666664,121.96012714792177
2019-05-06,1,5,6,16.666666666666664,120.44014902459558
2019-05-07,1,5,6,16.666666666666664,120.26519106513697
2019-05-08,1,5,6,16.666666666666664,119.17403853355803
2019-05-09,1,5,6,16.666666666666664,118.16924352532196
2019-05-10,1,5,6,16.666666666666664,119.41092949098702
2019-05-13,1,5,6,16.666666666666664,116.57047732787976
2019-05-14,1,5,6,16.666666666666664,117.33931826932036
2019-05-15,1,5,6,16.666666666666664,115.25752096714203
2019-05-16,1,5,6,16.666666666666664,116.18723750034172
2019-05-17,2,4,6,33.33333333333333,120.17464132156866
2019-05-20,2,4,6,33.33333333333333,123.60855527694913
2019-05-21,2,4,6,33.33333333333333,124.02319356277789
2019-05-22,2,4,6,33.33333333333333,122.76463082333476
2019-05-23,2,4,6,33.33333333333333,121.04347581017572
2019-05-24,2,4,6,33.33333333333333,124.62400379051819
2019-05-27,2,4,6,33.33333333333333,123.53272295388855
2019-05-28,2,3,5,40.0,123.27778086922956
2019-05-29,2,3,5,40.0,121.0146180219255
2019-05-30,1,4,5,20.0,120.55691848137819
2019-05-31,1,4,5,20.0,120.89862280011516
2019-06-03,0,5,5,0.0,120.24994164548943
2019-06-04,0,5,5,0.0,121.47529680133233
2019-06-06,1,4,5,20.0,118.43101309504922
2019-06-07,1,4,5,20.0,117.57766139501872
2019-06-10,1,4,5,20.0,119.98180952437349
2019-06-11,2,3,5,40.0,119.9126677172324
2019-06-12,3,2,5,60.0,119.53897961793365
2019-06-13,2,3,5,40.0,117.56297338184447
2019-06-14,2,3,5,40.0,116.17627443206975
2019-06-17,2,3,5,40.0,115.14902834116452
2019-06-18,2,3,5,40.0,114.10262084869755
2019-06-19,1,4,5,20.0,111.76461393590988
2019-06-20,1,4,5,20.0,114.1522750260063
2019-06-21,1,4,5,20.0,114.79924082422133
2019-06-24,1,4,5,20.0,115.46792309726659
2019-06-25,0,5,5,0.0,115.93022658084922
2019-06-26,0,5,5,0.0,118.43084640627215
2019-06-27,1,4,5,20.0,118.51801866531797
2019-06-28,1,4,5,20.0,118.37054495137451
2019-07-01,2,3,5,40.0,115.87852591717005
2019-07-02,2,3,5,40.0,114.53444966382811
2019-07-03,2,4,6,33.33333333333333,114.8704951934302
2019-07-04,2,4,6,33.33333333333333,114.35569205783808
2019-07-05,2,4,6,33.33333333333333,113.27752378542732
2019-07-08,2,4,6,33.33333333333333,112.03445762452253
2019-07-09,2,4,6,33.33333333333333,111.40480142295868
2019-07-10,1,5,6,16.666666666666664,111.17613144614079
2019-07-11,1,5,6,16.666666666666664,113.3504981481828
2019-07-12,2,4,6,33.33333333333333,113.80628052783388
2019-07-15,2,4,6,33.33333333333333,114.3976010888245
2019-07-16,2,4,6,33.33333333333333,113.71641181237857
2019-07-17,2,4,6,33.33333333333333,115.30403058132823
2019-07-18,2,4,6,33.33333333333333,114.32014561528258
2019-07-19,2,4,6,33.33333333333333,113.87560916396096
2019-07-22,2,4,6,33.33333333333333,115.22597435090151
2019-07-23,2,4,6,33.33333333333333,116.04591506266966
2019-07-24,2,4,6,33.33333333333333,116.63163511424098
2019-07-25,2,4,6,33.33333333333333,116.05870066383861
2019-07-26,2,4,6,33.33333333333333,115.63940776777018
2019-07-29,2,4,6,33.33333333333333,115.67940137071282
2019-07-30,1,5,6,16.666666666666664,114.37794000015151
2019-07-31,2,4,6,33.33333333333333,114.70775910295143
2019-08-01,2,4,6,33.33333333333333,112.99277450279423
2019-08-02,2,4,6,33.33333333333333,114.60475632849005
2019-08-05,2,4,6,33.33333333333333,112.94372059456792
2019-08-06,2,4,6,33.33333333333333,113.221628788528
2019-08-07,2,4,6,33.33333333333333,113.59954363935772
2019-08-08,2,4,6,33.33333333333333,115.04650604078826
2019-08-09,2,4,6,33.33333333333333,114.27659284736471
2019-08-13,2,4,6,33.33333333333333,112.87095364180703
2019-08-14,2,4,6,33.33333333333333,113.56106907458425
2019-08-16,1,5,6,16.666666666666664,113.07589022181278
2019-08-19,1,5,6,16.666666666666664,113.10643604119433
2019-08-20,1,5,6,16.666666666666664,110.62051864675686
2019-08-21,1,5,6,16.666666666666664,109.87444456504917
2019-08-22,0,6,6,0.0,107.25109575274602
2019-08-23,1,5,6,16.666666666666664,108.02044686810368
2019-08-26,1,5,6,16.666666666666664,112.15703340434446
2019-08-27,1,5,6,16.666666666666664,112.94338654863165
2019-08-28,1,5,6,16.666666666666664,112.00281203057631
2019-08-29,2,4,6,33.33333333333333,111.94915683093127
2019-08-30,2,4,6,33.33333333333333,113.4984330313363
2019-09-03,1,5,6,16.666666666666664,111.26135257326652
2019-09-04,1,5,6,16.666666666666664,111.56876191154737
2019-09-05,1,5,6,16.666666666666664,113.38651096649856
2019-09-06,1,5,6,16.666666666666664,112.98324676384522
2019-09-09,1,5,6,16.666666666666664,113.70786970671342
2019-09-11,1,5,6,16.666666666666664,113.939456850671
2019-09-12,1,5,6,16.666666666666664,113.72107401860445
2019-09-13,1,5,6,16.666666666666664,114.27991833678955
2019-09-16,1,5,6,16.666666666666664,116.6995357138783
2019-09-17,1,5,6,16.666666666666664,114.2207285838177
2019-09-18,1,5,6,16.666666666666664,114.24096706038944
2019-09-19,1,5,6,16.666666666666664,114.43475947076134
2019-09-20,1,5,6,16.666666666666664,117.36997284841195
2019-09-23,3,3,6,50.0,121.2937749240877
2019-09-24,3,3,6,50.0,121.3849137918946
2019-09-25,1,5,6,16.666666666666664,119.15626826218416
2019-09-26,2,4,6,33.33333333333333,120.67047923988208
2019-09-27,2,4,6,33.33333333333333,121.14906935315048
2019-10-01,1,5,6,16.666666666666664,121.14906935315048
2019-10-03,1,5,6,16.666666666666664,119.74904380988704
2019-10-04,1,5,6,16.666666666666664,118.47345357513647
2019-10-07,1,5,6,16.666666666666664,117.72725812077243
2019-10-09,1,5,6,16.666666666666664,117.44428497745064
2019-10-10,1,5,6,16.666666666666664,117.15423143264107
2019-10-11,1,5,6,16.666666666666664,117.29911301709257
2019-10-14,1,5,6,16.666666666666664,118.38763910564691
2019-10-15,1,5,6,16.666666666666664,117.75176376196252
2019-10-16,1,5,6,16.666666666666664,118.02886688896234
2019-10-17,1,5,6,16.666666666666664,119.39148079794823
2019-10-18,1,5,6,16.666666666666664,120.52828365548575
2019-10-22,1,5,6,16.666666666666664,119.01620678612905
2019-10-23,1,5,6,16.666666666666664,120.34157976219693
2019-10-24,1,5,6,16.666666666666664,119.42475548333205
2019-10-25,1,5,6,16.666666666666664,119.55174467136722
2019-10-27,1,5,6,16.666666666666664,120.43835389310506
2019-10-29,1,5,6,16.666666666666664,119.76177420949365
2019-10-30,1,5,6,16.666666666666664,118.18312783397053
2019-10-31,1,5,6,16.666666666666664,120.03259627297955
2019-11-01,1,5,6,16.666666666666664,120.34710910968577
2019-11-04,1,5,6,16.666666666666664,120.81933874729512
2019-11-05,1,5,6,16.666666666666664,122.22611764108852
2019-11-06,2,4,6,33.33333333333333,123.5425145817565
2019-11-07,3,3,6,50.0,127.32950210778829
2019-11-08,2,4,6,33.33333333333333,124.99273096453737
2019-11-11,2,4,6,33.33333333333333,123.48504515048981
2019-11-13,2,4,6,33.33333333333333,123.6732978683901
2019-11-14,2,4,6,33.33333333333333,121.93862637927464
2019-11-15,2,4,6,33.33333333333333,120.39212405729431
2019-11-18,2,4,6,33.33333333333333,119.2226446551842
2019-11-19,2,4,6,33.33333333333333,118.66610315284561
2019-11-20,2,4,6,33.33333333333333,118.52128918092768
2019-11-21,2,4,6,33.33333333333333,118.75215338197727
2019-11-22,2,4,6,33.33333333333333,118.51109390658765
2019-11-25,2,4,6,33.33333333333333,119.07418584708648
2019-11-26,3,3,6,50.0,121.56499786854799
2019-11-27,3,3,6,50.0,125.60513034289038
2019-11-28,3,3,6,50.0,128.55526581146876
2019-11-29,3,3,6,50.0,127.05112039229245
2019-12-02,3,3,6,50.0,127.44372468931337
2019-12-03,3,3,6,50.0,127.19538903571312
2019-12-04,3,3,6,50.0,127.67595784430057
2019-12-05,3,3,6,50.0,127.72128956199305
2019-12-06,3,3,6,50.0,125.4015983194032
2019-12-09,3,3,6,50.0,125.4743878369099
2019-12-10,2,4,6,33.33333333333333,122.58007001922448
2019-12-11,3,3,6,50.0,122.73597308722314
2019-12-12,3,3,6,50.0,123.2034490045784
2019-12-13,3,3,6,50.0,121.7088046643877
2019-12-16,3,3,6,50.0,120.71924263501764
2019-12-17,3,3,6,50.0,119.66789561713516
2019-12-18,2,4,6,33.33333333333333,119.10567379118055
2019-12-19,2,4,6,33.33333333333333,118.22544937582973
2019-12-20,2,4,6,33.33333333333333,118.61516910177048
2019-12-23,2,4,6,33.33333333333333,119.38418285747288
2019-12-24,2,4,6,33.33333333333333,121.8559905571847
2019-12-26,2,4,6,33.33333333333333,122.08959200341445
2019-12-27,2,4,6,33.33333333333333,121.56608700507799
2019-12-30,2,4,6,33.33333333333333,122.02988548597517
2019-12-31,2,4,6,33.33333333333333,122.27192801323687
2020-01-01,2,4,6,33.33333333333333,121.49076808973179
2020-01-02,3,3,6,50.0,122.50316532405836
2020-01-03,1,5,6,16.666666666666664,121.58994026477514
2020-01-06,1,5,6,16.666666666666664,118.57144577354642
2020-01-07,1,5,6,16.666666666666664,119.5174067225619
2020-01-08,1,5,6,16.666666666666664,119.13336664012787
2020-01-09,3,3,6,50.0,120.73484726883852
2020-01-10,3,3,6,50.0,120.20100893898189
2020-01-13,2,4,6,33.33333333333333,122.70209688531817
2020-01-14,2,4,6,33.33333333333333,122.94466463658478
2020-01-15,2,4,6,33.33333333333333,122.71931853325111
2020-01-16,3,3,6,50.0,123.35508660999544
2020-01-17,2,4,6,33.33333333333333,123.16397062988476
2020-01-20,2,4,6,33.33333333333333,123.07608582279612
2020-01-21,3,3,6,50.0,124.64628194636711
2020-01-22,4,2,6,66.66666666666666,125.11472050884494
2020-01-23,3,3,6,50.0,125.51705575986168
2020-01-24,3,3,6,50.0,127.7366529151718
2020-01-27,3,3,6,50.0,128.79647138953024
2020-01-28,4,2,6,66.66666666666666,135.51572076538042
2020-01-29,4,2,6,66.66666666666666,134.1624620885153
2020-01-30,4,2,6,66.66666666666666,134.90969589041012
2020-01-31,4,2,6,66.66666666666666,133.23532365945508
2020-02-01,4,2,6,66.66666666666666,131.09095027565192
2020-02-03,3,3,6,50.0,129.61190729256234
2020-02-04,4,2,6,66.66666666666666,132.77971033572854
2020-02-05,4,2,6,66.66666666666666,134.9055075998233
2020-02-06,5,1,6,83.33333333333334,136.0679498749765
2020-02-07,5,1,6,83.33333333333334,139.64052387115774
2020-02-10,4,2,6,66.66666666666666,138.39643365158568
2020-02-11,4,2,6,66.66666666666666,139.38143123733326
2020-02-12,4,2,7,66.66666666666666,141.55816549116938
2020-02-13,4,2,7,66.66666666666666,142.5296618116402
2020-02-14,4,2,7,66.66666666666666,140.47927992276527
2020-02-17,4,2,7,66.66666666666666,138.26354510688347
2020-02-18,4,2,7,66.66666666666666,138.9005621058976
2020-02-19,4,2,7,66.66666666666666,141.36810871342934
2020-02-20,4,2,7,66.66666666666666,139.77513301130136
2020-02-24,4,2,7,66.66666666666666,136.667006212074
2020-02-25,4,2,7,66.66666666666666,134.99051364354222
2020-02-26,3,3,7,50.0,133.34280552774092
2020-02-27,3,3,7,50.0,133.3360804720787
2020-02-28,3,3,7,50.0,128.19745520886522
2020-03-02,3,3,7,50.0,125.47305434910152
2020-03-03,3,3,7,50.0,123.32162770300653
2020-03-04,3,3,7,50.0,120.31132505301174
2020-03-05,3,3,7,50.0,120.896752820958
2020-03-06,3,3,7,50.0,116.83417435216566
2020-03-09,3,3,7,50.0,111.23665570093175
2020-03-11,3,3,7,50.0,109.78467299880845
2020-03-12,0,6,7,0.0,99.82685009891804
2020-03-13,2,4,7,33.33333333333333,101.90063048056423
2020-03-16,0,6,7,0.0,94.71902639478726
2020-03-17,1,5,7,16.666666666666664,93.86060208977426
2020-03-18,1,5,7,16.666666666666664,91.13303222381832
2020-03-19,1,5,7,16.666666666666664,90.1963357524099
2020-03-20,1,5,7,16.666666666666664,92.15163010831638
2020-03-23,1,5,7,16.666666666666664,82.22852339440087
2020-03-24,1,5,7,16.666666666666664,81.78644418319088
2020-03-25,1,5,7,16.666666666666664,84.16739773244815
2020-03-26,1,5,7,16.666666666666664,87.93139275130399
2020-03-27,1,5,7,16.666666666666664,87.56663587297543
2020-03-30,1,5,7,16.666666666666664,89.55973234945495
2020-03-31,1,5,7,16.666666666666664,92.47297742253421
2020-04-01,1,5,7,16.666666666666664,92.46244113221069
2020-04-03,1,5,7,16.666666666666664,92.05698491796727
2020-04-07,1,5,7,16.666666666666664,97.6711274180514
2020-04-08,1,5,7,16.666666666666664,97.8093632639925
2020-04-09,1,5,7,16.666666666666664,101.81276869366842
2020-04-13,1,4,6,20.0,103.26301015511316
2020-04-15,1,5,7,16.666666666666664,101.9511505575098
2020-04-16,1,5,7,16.666666666666664,104.61137248170841
2020-04-17,2,4,7,33.33333333333333,106.74578060109721
2020-04-20,1,5,7,16.666666666666664,107.02372280289745
2020-04-21,1,5,7,16.666666666666664,103.77779601990811
2020-04-22,1,5,7,16.666666666666664,103.80647770089327
2020-04-23,1,5,7,16.666666666666664,104.70402382094947
2020-04-24,1,5,7,16.666666666666664,101.40324062969466
2020-04-27,1,5,7,16.666666666666664,102.10242804229345
2020-04-28,1,5,7,16.666666666666664,101.82732359698863
2020-04-29,1,5,7,16.666666666666664,104.05494855484301
2020-04-30,1,5,7,16.666666666666664,103.97864911516311
2020-05-04,1,5,7,16.666666666666664,110.21266354151788
2020-05-05,1,5,7,16.666666666666664,106.66014634684532
2020-05-06,1,5,7,16.666666666666664,104.88158976739268
2020-05-07,1,5,7,16.666666666666664,106.71888941455316
2020-05-08,1,5,7,16.666666666666664,105.92317844169179
2020-05-11,1,5,7,16.666666666666664,104.94705875516902
2020-05-12,1,5,7,16.666666666666664,104.511443495662
2020-05-13,1,5,7,16.666666666666664,106.65492089935431
2020-05-14,1,5,7,16.666666666666664,109.27163490652576
2020-05-15,1,5,7,16.666666666666664,108.17026111438557
2020-05-18,1,5,7,16.666666666666664,104.89739528615074
2020-05-19,1,5,7,16.666666666666664,104.47877419275527
2020-05-20,1,5,7,16.666666666666664,105.23591607262173
2020-05-21,2,4,7,33.33333333333333,107.9707839759988
2020-05-22,1,5,7,16.666666666666664,106.81205863173189
2020-05-26,1,5,7,16.666666666666664,106.77180578492363
2020-05-27,1,5,7,16.666666666666664,106.34719519533553
2020-05-28,1,5,7,16.666666666666664,106.04241140271766
2020-05-29,2,4,7,33.33333333333333,108.46121643625912
2020-06-01,2,4,7,33.33333333333333,109.69409961315566
2020-06-02,2,4,7,33.33333333333333,110.82427262690209
2020-06-03,2,4,7,33.33333333333333,110.31025436452704
2020-06-04,2,4,7,33.33333333333333,110.36425083327903
2020-06-05,2,4,7,33.33333333333333,114.60953942866587
2020-06-08,3,3,7,50.0,117.5292339539808
2020-06-09,3,3,7,50.0,114.83303115813763
2020-06-10,3,3,7,50.0,116.34594387391859
2020-06-11,2,4,7,33.33333333333333,113.74095545362638
2020-06-12,3,3,7,50.0,116.33750753267759
2020-06-15,3,3,7,50.0,115.98188312380609
2020-06-16,3,3,7,50.0,115.80056898916152
2020-06-17,4,2,7,66.66666666666666,118.17097652859874
2020-06-18,4,2,7,66.66666666666666,122.20881360512462
2020-06-19,4,2,7,66.66666666666666,125.09524308882136
2020-06-22,4,2,7,66.66666666666666,125.93267147063952
2020-06-23,4,2,7,66.66666666666666,127.61096352153164
2020-06-24,4,2,7,66.66666666666666,125.82599134330286
2020-06-25,4,2,7,66.66666666666666,127.86459342302076
2020-06-26,3,3,7,50.0,129.0064247447253
2020-06-29,3,3,7,50.0,129.07902027301694
2020-06-30,3,3,7,50.0,128.3133007439459
2020-07-01,4,2,7,66.66666666666666,125.93337274021064
2020-07-02,3,3,7,50.0,125.68849532181943
2020-07-03,3,3,7,50.0,124.30388612112688
2020-07-06,3,3,7,50.0,125.50682619885822
2020-07-07,3,3,7,50.0,125.31504095673702
2020-07-08,4,2,7,66.66666666666666,125.77805060726178
2020-07-09,4,2,7,66.66666666666666,125.79680175740154
2020-07-10,4,2,7,66.66666666666666,125.61981711743798
2020-07-13,4,2,7,66.66666666666666,124.6188361291741
2020-07-14,4,2,7,66.66666666666666,121.92884540803782
2020-07-15,4,2,7,66.66666666666666,119.81463637152063
2020-07-16,4,2,7,66.66666666666666,118.23812363371758
2020-07-17,4,2,7,66.66666666666666,120.52738155265428
2020-07-20,4,2,7,66.66666666666666,121.82702399191896
2020-07-21,3,3,7,50.0,121.08967400817205
2020-07-22,4,2,7,66.66666666666666,120.38011904220454
2020-07-23,4,2,7,66.66666666666666,121.94270992991044
2020-07-24,4,2,7,66.66666666666666,120.64316348844078
2020-07-27,3,3,7,50.0,117.53234599807465
2020-07-28,3,3,7,50.0,115.93264834771387
2020-07-29,3,3,7,50.0,115.2739049337584
2020-07-30,2,4,7,33.33333333333333,112.85161342845625
2020-07-31,3,3,7,50.0,113.5314532651051
2020-08-03,3,3,7,50.0,112.41978205798637
2020-08-04,3,3,7,50.0,113.47909828293983
2020-08-05,3,3,7,50.0,115.01550606364688
2020-08-06,3,3,7,50.0,116.17275859334626
2020-08-07,3,3,7,50.0,118.37573595186682
2020-08-10,4,2,7,66.66666666666666,118.40064787591615
2020-08-11,3,3,7,50.0,119.34621768359557
2020-08-12,3,3,7,50.0,121.00235982913779
2020-08-13,4,2,7,66.66666666666666,123.60151904035783
2020-08-14,3,3,7,50.0,121.09881250576748
2020-08-17,3,3,7,50.0,120.74551493207927
2020-08-18,3,3,7,50.0,122.01628457473264
2020-08-19,4,2,7,66.66666666666666,124.20952622784101
2020-08-20,3,3,7,50.0,124.4897020424385
2020-08-21,3,3,7,50.0,126.55193016350204
2020-08-24,3,3,7,50.0,128.80675367745457
2020-08-25,3,3,7,50.0,129.74174110422504
2020-08-26,3,3,7,50.0,131.54560966836587
2020-08-27,3,3,7,50.0,133.129013593108
2020-08-28,2,4,7,33.33333333333333,132.0681439480184
2020-08-31,2,4,7,33.33333333333333,125.2500123224493
2020-09-01,2,4,7,33.33333333333333,125.71510745863301
2020-09-02,3,3,7,50.0,128.27977801694493
2020-09-03,3,3,7,50.0,131.49703414807382
2020-09-04,3,3,7,50.0,131.77655036537925
2020-09-07,3,3,7,50.0,129.12610252544695
2020-09-08,3,3,7,50.0,128.0456429467571
2020-09-09,3,3,7,50.0,127.18411023387945
2020-09-10,2,4,7,33.33333333333333,129.2338898591504
2020-09-11,2,4,7,33.33333333333333,130.6107799794183
2020-09-14,2,4,7,33.33333333333333,132.38254718675552
2020-09-15,3,3,7,50.0,135.85090951533277
2020-09-16,3,3,7,50.0,137.97224227652308
2020-09-17,3,3,7,50.0,136.78946241841618
2020-09-18,4,3,7,57.14285714285714,136.49250572702258
2020-09-21,4,3,7,57.14285714285714,132.54723717067856
2020-09-22,3,4,7,42.857142857142854,130.64874540472834
2020-09-23,3,4,7,42.857142857142854,131.35154570646782
2020-09-24,3,4,7,42.857142857142854,127.56289785390891
2020-09-25,3,4,7,42.857142857142854,130.98032378855743
2020-09-28,3,4,7,42.857142857142854,133.01850434912393
2020-09-29,3,4,7,42.857142857142854,130.241185017891
2020-09-30,3,4,7,42.857142857142854,129.79188037049667
2020-10-01,3,4,7,42.857142857142854,131.13750794121987
2020-10-05,3,4,7,42.857142857142854,131.24381176990283
2020-10-06,3,4,7,42.857142857142854,132.7775072305504
2020-10-07,3,4,7,42.857142857142854,132.88060232522136
2020-10-08,4,3,7,57.14285714285714,135.1013068617566
2020-10-09,4,3,7,57.14285714285714,136.54584244676107
2020-10-12,4,3,7,57.14285714285714,135.99555442624393
2020-10-13,4,3,7,57.14285714285714,137.193750873398
2020-10-14,4,3,7,57.14285714285714,137.3426870695244
2020-10-15,4,3,7,57.14285714285714,137.39077780970112
2020-10-16,4,3,7,57.14285714285714,137.6285948603805
2020-10-19,4,3,7,57.14285714285714,135.90620598359175
2020-10-20,4,3,7,57.14285714285714,135.21191604660027
2020-10-21,4,3,7,57.14285714285714,135.85746605496888
2020-10-22,4,3,7,57.14285714285714,137.69331864392163
2020-10-23,4,3,7,57.14285714285714,138.7114195586981
2020-10-26,4,3,7,57.14285714285714,136.2998945567377
2020-10-27,4,3,7,57.14285714285714,135.5316122281345
2020-10-28,4,3,7,57.14285714285714,135.06816992970542
2020-10-29,4,3,7,57.14285714285714,133.29922000310702
2020-10-30,4,3,7,57.14285714285714,131.51965932748487
2020-11-02,4,3,7,57.14285714285714,129.35738433014637
2020-11-03,4,3,7,57.14285714285714,131.00950195219235
2020-11-04,3,4,7,42.857142857142854,130.87397479004892
2020-11-05,3,4,7,42.857142857142854,133.20360619416527
2020-11-06,3,4,7,42.857142857142854,135.36443204611496
2020-11-09,3,4,7,42.857142857142854,137.97812056923965
2020-11-10,4,3,7,57.14285714285714,140.85380249243102
2020-11-11,4,3,7,57.14285714285714,141.22552734596178
2020-11-12,4,3,7,57.14285714285714,139.96228864314253
2020-11-13,4,3,7,57.14285714285714,140.38747993344626
2020-11-14,5,2,7,71.42857142857143,141.78781529480437
2020-11-17,5,2,7,71.42857142857143,142.29944373145537
2020-11-18,5,2,7,71.42857142857143,144.02240027146243
2020-11-19,6,1,7,85.71428571428571,143.91450726207623
2020-11-20,6,1,7,85.71428571428571,145.12924309226582
2020-11-23,5,2,7,71.42857142857143,143.92271425596982
2020-11-24,5,2,7,71.42857142857143,143.78410788354233
2020-11-25,4,3,7,57.14285714285714,141.44109511666827
2020-11-26,4,3,7,57.14285714285714,142.2557020187405
2020-11-27,5,2,7,71.42857142857143,142.28154267688356
2020-12-01,6,1,7,85.71428571428571,143.96802143999966
2020-12-02,6,1,7,85.71428571428571,145.25873366235595
2020-12-03,6,1,7,85.71428571428571,151.28703730737087
2020-12-04,6,1,7,85.71428571428571,156.62021906281578
2020-12-07,7,0,7,100.0,163.1102588101742
2020-12-08,7,0,7,100.0,159.17521076293454
2020-12-09,7,0,7,100.0,159.54951855060685
2020-12-10,6,1,7,85.71428571428571,158.103965257678
2020-12-11,7,0,7,100.0,159.5753502044939
2020-12-14,7,0,7,100.0,160.79893428316677
2020-12-15,7,0,7,100.0,159.72751966381688
2020-12-16,7,0,7,100.0,159.70544873752422
2020-12-17,7,0,7,100.0,157.28003686603628
2020-12-18,6,1,7,85.71428571428571,156.63912593865464
2020-12-21,5,2,7,71.42857142857143,149.90907694506313
2020-12-22,5,2,7,71.42857142857143,149.95853906895752
2020-12-23,6,1,7,85.71428571428571,156.71441037035964
2020-12-24,6,1,7,85.71428571428571,159.61784905174468
2020-12-28,7,0,7,100.0,162.9678930439483
2020-12-29,7,0,7,100.0,165.85696663772202
2020-12-30,7,0,7,100.0,167.30876589893006
2020-12-31,7,0,7,100.0,168.13342381314433
2021-01-01,7,0,7,100.0,167.79479496116238
2021-01-04,7,0,7,100.0,168.96154871025357
2021-01-05,7,0,7,100.0,167.96743185635705
2021-01-06,7,0,7,100.0,168.89408069152586
2021-01-07,7,0,7,100.0,178.9645066831346
2021-01-08,7,0,7,100.0,178.5978544090019
2021-01-11,7,0,7,100.0,178.5428778626314
2021-01-12,7,0,7,100.0,178.46076167036625
2021-01-13,7,0,7,100.0,178.40279154656554
2021-01-14,7,0,7,100.0,178.74402658096582
2021-01-15,7,0,7,100.0,177.73191742899905
2021-01-18,6,1,7,85.71428571428571,174.3829699086751
2021-01-19,7,0,7,100.0,177.20754265292703
2021-01-20,6,1,7,85.71428571428571,176.11466486270788
2021-01-21,6,1,7,85.71428571428571,174.91791915076013
2021-01-22,6,1,7,85.71428571428571,174.25216618911185
2021-01-25,6,1,7,85.71428571428571,170.96309630463
2021-01-27,6,1,7,85.71428571428571,172.37031337634278
2021-01-28,6,1,7,85.71428571428571,169.6697271123753
2021-01-29,6,1,7,85.71428571428571,171.40249619407786
2021-02-01,6,1,7,85.71428571428571,173.03125523599348
2021-02-02,7,0,7,100.0,175.22487963469584
2021-02-03,6,1,7,85.71428571428571,176.03513785754632
2021-02-04,6,1,7,85.71428571428571,176.63214380775656
2021-02-05,6,1,7,85.71428571428571,174.94742112676528
2021-02-08,7,0,7,100.0,177.68232535501005
2021-02-09,6,1,7,85.71428571428571,176.37494875059375
2021-02-10,6,1,7,85.71428571428571,176.36999741392492
2021-02-11,6,1,7,85.71428571428571,175.0735790171007
2021-02-12,5,2,7,71.42857142857143,176.22022884698663
2021-02-15,5,2,7,71.42857142857143,178.215717821782
2021-02-16,6,1,7,85.71428571428571,182.05750595491216
2021-02-17,6,1,7,85.71428571428571,179.47104995240696
2021-02-18,6,1,7,85.71428571428571,182.89088326912477
2021-02-19,6,1,7,85.71428571428571,179.5969559295873
2021-02-22,6,1,7,85.71428571428571,176.32530336633098
2021-02-23,6,1,7,85.71428571428571,177.68328356739832
2021-02-24,6,1,7,85.71428571428571,178.18280750123836
2021-02-25,6,1,7,85.71428571428571,179.3747053842624
2021-02-26,6,1,7,85.71428571428571,175.46320490854038
2021-03-01,6,1,7,85.71428571428571,178.84008757633148
2021-03-02,6,1,7,85.71428571428571,180.63412284548463
2021-03-03,6,1,7,85.71428571428571,181.99763528659219
2021-03-04,6,1,7,85.71428571428571,183.43948504690238
2021-03-05,6,1,7,85.71428571428571,179.0439764532352
2021-03-08,6,1,7,85.71428571428571,181.90892085857004
2021-03-09,6,1,7,85.71428571428571,181.11442308199955
2021-03-10,6,1,7,85.71428571428571,180.04006242834248
2021-03-12,6,1,7,85.71428571428571,180.7104147357122
2021-03-15,6,1,7,85.71428571428571,179.93378278897353
2021-03-16,6,1,7,85.71428571428571,181.98791517708855
2021-03-17,6,1,7,85.71428571428571,177.28808539318328
2021-03-18,6,1,7,85.71428571428571,179.96437465480201
2021-03-19,6,1,7,85.71428571428571,180.86173271354536
2021-03-22,6,1,7,85.71428571428571,181.04837536742912
2021-03-23,6,1,7,85.71428571428571,187.04523784921093
2021-03-24,6,1,7,85.71428571428571,185.78813471511486
2021-03-25,6,1,7,85.71428571428571,181.20715967791497
2021-03-26,6,1,7,85.71428571428571,183.0120295773993
2021-03-30,6,1,7,85.71428571428571,182.81009248659885
2021-03-31,6,1,7,85.71428571428571,182.53401240902252
2021-04-01,6,1,7,85.71428571428571,187.38021447282236
2021-04-05,6,1,7,85.71428571428571,186.08320125915907
2021-04-06,6,1,7,85.71428571428571,187.44042098104845
2021-04-07,6,1,7,85.71428571428571,188.64429195100988
2021-04-08,6,1,7,85.71428571428571,189.060462701716
2021-04-09,6,1,7,85.71428571428571,186.67095321765507
2021-04-12,5,2,7,71.42857142857143,176.09804797352353
2021-04-13,6,1,7,85.71428571428571,178.03324627349727
2021-04-15,5,2,7,71.42857142857143,175.48742959441984
2021-04-16,6,1,7,85.71428571428571,175.6064794252033
2021-04-19,5,2,7,71.42857142857143,172.45771923525
2021-04-20,5,2,7,71.42857142857143,174.0648964528235
2021-04-22,6,1,7,85.71428571428571,174.69713866529128
2021-04-23,6,1,7,85.71428571428571,176.26474460739885
2021-04-26,6,1,7,85.71428571428571,181.85063377102026
2021-04-27,6,1,7,85.71428571428571,184.5039410273875
2021-04-28,6,1,7,85.71428571428571,187.50661384963104
2021-04-29,6,1,7,85.71428571428571,186.30265840727768
2021-04-30,6,1,7,85.71428571428571,185.88976770126675
2021-05-03,6,1,7,85.71428571428571,190.394551344342
2021-05-04,6,1,7,85.71428571428571,190.7488179380035
2021-05-05,6,1,7,85.71428571428571,191.79849463484845
2021-05-06,6,1,7,85.71428571428571,191.26613056313514
2021-05-07,6,1,7,85.71428571428571,190.01410917803872
2021-05-10,6,1,7,85.71428571428571,190.43900213230685
2021-05-11,6,1,7,85.71428571428571,195.24097436917592
2021-05-12,7,0,7,100.0,195.95234893028245
2021-05-14,7,0,7,100.0,192.80623897821155
2021-05-17,7,0,7,100.0,199.85800758953297
2021-05-18,7,0,7,100.0,201.3985748454251
2021-05-19,7,0,7,100.0,207.15255728986506
2021-05-20,7,0,7,100.0,208.62416162113468
2021-05-21,7,0,7,100.0,208.84658987939352
2021-05-24,7,0,7,100.0,210.9333749584294
2021-05-25,7,0,7,100.0,213.86438067817747
2021-05-26,7,0,7,100.0,213.21576118951606
2021-05-27,7,0,7,100.0,219.3187318095131
2021-05-28,7,0,7,100.0,216.2821015787512
2021-05-31,7,0,7,100.0,209.26983261334505
2021-06-01,7,0,7,100.0,205.3819285160944
2021-06-02,7,0,7,100.0,209.45598313714746
2021-06-03,7,0,7,100.0,212.56388132998097
2021-06-04,7,0,7,100.0,218.06708442773282
2021-06-07,7,0,7,100.0,223.70918778846737
2021-06-08,7,0,7,100.0,225.48581383494218
2021-06-09,7,0,7,100.0,222.70857786725134
2021-06-10,7,0,7,100.0,226.45864879436925
2021-06-11,7,0,7,100.0,226.747993923757
2021-06-14,7,0,7,100.0,227.089213530801
2021-06-15,7,0,7,100.0,230.99796297253351
2021-06-16,7,0,7,100.0,230.53859777990516
2021-06-17,7,0,7,100.0,246.18055178893718
2021-06-18,7,0,7,100.0,250.668192867387
2021-06-21,7,0,7,100.0,252.4629536606253
2021-06-22,7,0,7,100.0,252.82089137769134
2021-06-23,7,0,7,100.0,250.12948189437597
2021-06-24,7,0,7,100.0,246.84081533877972
2021-06-25,7,0,7,100.0,246.38584674453915
2021-06-28,7,0,7,100.0,251.59591527397055
2021-06-29,7,0,7,100.0,253.09902700246468
2021-06-30,7,0,7,100.0,253.34938697136567
2021-07-01,7,0,7,100.0,254.4175728081787
2021-07-02,7,0,7,100.0,257.826939283551
2021-07-05,7,0,7,100.0,256.7082851375729
2021-07-06,7,0,7,100.0,259.65943049032194
2021-07-07,7,0,7,100.0,260.4511851026559
2021-07-08,7,0,7,100.0,262.02094842216405
2021-07-09,7,0,7,100.0,262.0404258932694
2021-07-12,7,0,7,100.0,262.2031689070034
2021-07-13,7,0,7,100.0,259.9083079626511
2021-07-14,7,0,7,100.0,258.7969171830536
2021-07-15,7,0,7,100.0,255.78173467064244
2021-07-16,7,0,7,100.0,260.1095705009656
2021-07-19,7,0,7,100.0,263.7713920438537
2021-07-20,7,0,7,100.0,261.0432633708148
2021-07-22,7,0,7,100.0,265.63377642383546
2021-07-23,7,0,7,100.0,270.42560581678623
2021-07-26,7,0,7,100.0,270.9311864755887
2021-07-27,7,0,7,100.0,265.41042834965805
2021-07-28,7,0,7,100.0,264.11852380026943
2021-07-29,7,0,7,100.0,264.6398076074754
2021-07-30,7,0,7,100.0,266.38130076590807
2021-08-02,7,0,7,100.0,266.0524121516205
2021-08-03,7,0,7,100.0,263.80496724413945
2021-08-04,7,0,7,100.0,260.0779647084512
2021-08-05,7,0,7,100.0,260.0977962042248
2021-08-06,7,0,7,100.0,265.2873529092664
2021-08-09,7,0,7,100.0,266.0784985707022
2021-08-10,7,0,7,100.0,262.0330731879698
2021-08-11,7,0,7,100.0,264.13340241018966
2021-08-12,7,0,7,100.0,270.73673227583697
2021-08-13,7,0,7,100.0,271.9792793833039
2021-08-16,7,0,7,100.0,267.4974486023896
2021-08-17,7,0,7,100.0,269.0628924875217
2021-08-18,7,0,7,100.0,276.57045509435426
2021-08-20,7,0,7,100.0,268.727129162924
2021-08-23,7,0,7,100.0,261.14176186301347
2021-08-24,7,0,7,100.0,264.65621839508884
2021-08-25,7,0,7,100.0,264.25270803641433
2021-08-26,7,0,7,100.0,262.09029539091796
2021-08-27,7,0,7,100.0,266.41088033583145
2021-08-30,7,0,7,100.0,270.06177391199935
2021-08-31,7,0,7,100.0,271.30310640307295
2021-09-01,7,0,7,100.0,276.05148823888834
2021-09-02,7,0,7,100.0,283.75896607184814
2021-09-03,7,0,7,100.0,284.8567363256692
2021-09-06,7,0,7,100.0,282.68664619467063
2021-09-07,7,0,7,100.0,282.3202539415212
2021-09-08,7,0,7,100.0,284.2079408607323
2021-09-09,7,0,7,100.0,288.19925445511296
2021-09-13,7,0,7,100.0,289.3297796033114
2021-09-14,7,0,7,100.0,290.67147142403843
2021-09-15,7,0,7,100.0,292.2873008004727
2021-09-16,7,0,7,100.0,291.00840470237995
2021-09-17,7,0,7,100.0,290.6859912166233
2021-09-20,7,0,7,100.0,285.09857239609306
2021-09-21,7,0,7,100.0,286.5484109406225
2021-09-22,7,0,7,100.0,292.9340176299269
2021-09-23,7,0,7,100.0,299.90776519964857
2021-09-24,7,0,7,100.0,294.91007793734184
2021-09-27,7,0,7,100.0,290.87561899669606
2021-09-28,7,0,7,100.0,292.73592752867887
2021-09-29,7,0,7,100.0,292.1833063050122
2021-09-30,7,0,7,100.0,294.39477813673113
2021-10-01,7,0,7,100.0,296.4850694357166
2021-10-04,7,0,7,100.0,300.114750500116
2021-10-05,7,0,7,100.0,306.56399172566114
2021-10-06,7,0,7,100.0,308.9073837609855
2021-10-07,7,0,7,100.0,314.6943413885947
2021-10-08,7,0,7,100.0,325.5516685169687
2021-10-11,7,0,7,100.0,333.83457754789777
2021-10-12,7,0,7,100.0,353.2719355166725
2021-10-13,7,0,7,100.0,349.5364432488674
2021-10-14,7,0,7,100.0,342.4045621733649
2021-10-18,7,0,7,100.0,340.1629000796237
2021-10-19,7,0,7,100.0,331.12483446643336
2021-10-20,7,0,7,100.0,326.998400045066
2021-10-21,7,0,7,100.0,330.59268628379164
2021-10-22,7,0,7,100.0,331.5108670097546
2021-10-25,7,0,7,100.0,326.11653943616477
2021-10-26,7,0,7,100.0,334.54593677380916
2021-10-27,7,0,7,100.0,344.4302095912431
2021-10-28,7,0,7,100.0,342.52611336958057
2021-10-29,7,0,7,100.0,350.91877758565903
2021-11-01,7,0,7,100.0,352.43685107439944
2021-11-02,7,0,7,100.0,357.8601239550176
2021-11-03,7,0,7,100.0,355.15079406044333
2021-11-04,7,0,7,100.0,362.4170709818251
2021-11-08,7,0,7,100.0,360.9892042479598
2021-11-09,7,0,7,100.0,368.73619750965685
2021-11-10,7,0,7,100.0,363.12585270311394
2021-11-11,6,1,7,85.71428571428571,356.61962207181375
2021-11-12,6,1,7,85.71428571428571,355.64238991765296
2021-11-15,6,1,7,85.71428571428571,349.77382907367087
2021-11-16,6,1,7,85.71428571428571,350.12168469438495
2021-11-17,6,1,7,85.71428571428571,354.2763609515934
2021-11-18,6,1,7,85.71428571428571,350.5112626291424
2021-11-22,6,1,7,85.71428571428571,342.75772373492816
2021-11-23,6,1,7,85.71428571428571,349.3529555255248
2021-11-24,7,0,7,100.0,355.3821419927225
2021-11-25,7,0,7,100.0,357.6614506970065
2021-11-26,6,1,7,85.71428571428571,342.0158028265283
2021-11-29,6,1,7,85.71428571428571,333.47521471720967
2021-11-30,6,1,7,85.71428571428571,335.94283113773037
2021-12-01,6,1,7,85.71428571428571,335.1294106734507
2021-12-02,6,1,7,85.71428571428571,338.97548146218924
2021-12-03,6,1,7,85.71428571428571,341.8200780460382
2021-12-06,6,1,7,85.71428571428571,340.2341406620772
2021-12-07,6,1,7,85.71428571428571,351.3900564895627
2021-12-08,7,0,7,100.0,359.9778263832763
2021-12-09,7,0,7,100.0,361.2505238529008
2021-12-10,7,0,7,100.0,361.62712131312276
2021-12-13,6,1,7,85.71428571428571,359.0930383406713
2021-12-14,7,0,7,100.0,357.0000351961993
2021-12-15,6,1,7,85.71428571428571,357.4344983276869
2021-12-16,6,1,7,85.71428571428571,357.4385609947503
2021-12-17,6,1,7,85.71428571428571,347.5515978860463
2021-12-20,6,1,7,85.71428571428571,333.30952577234046
2021-12-21,6,1,7,85.71428571428571,344.57887083836
2021-12-22,6,1,7,85.71428571428571,352.10368718457545
2021-12-23,6,1,7,85.71428571428571,358.8685544971307
2021-12-24,6,1,7,85.71428571428571,356.05239325757316
2021-12-27,6,1,7,85.71428571428571,350.04511620403076
2021-12-28,7,0,7,100.0,356.5818641675448
2021-12-29,7,0,7,100.0,362.06370345003467
2021-12-30,7,0,7,100.0,359.15645799218646
2021-12-31,6,1,7,85.71428571428571,363.89814026479934
2022-01-03,6,1,7,85.71428571428571,369.96372707473273
2022-01-04,7,0,7,100.0,378.61402377742246
2022-01-05,7,0,7,100.0,388.40366308106195
2022-01-06,7,0,7,100.0,386.50242104013614
2022-01-07,7,0,7,100.0,380.91474373694797
2022-01-10,7,0,7,100.0,380.19847023827873
2022-01-11,7,0,7,100.0,380.72897523764436
2022-01-12,7,0,7,100.0,380.8394869026412
2022-01-13,7,0,7,100.0,387.640464645018
2022-01-14,7,0,7,100.0,393.21577290913774
2022-01-17,7,0,7,100.0,391.6005425099291
2022-01-18,7,0,7,100.0,382.3943552629789
2022-01-19,7,0,7,100.0,384.18297673640507
2022-01-20,7,0,7,100.0,384.5717673095742
2022-01-21,7,0,7,100.0,373.7414755747907
2022-01-24,7,0,7,100.0,355.53157653382823
2022-01-25,7,0,7,100.0,360.31830073628714
2022-01-27,7,0,7,100.0,355.0582759962285
2022-01-28,7,0,7,100.0,357.6605122507702
2022-01-31,7,0,7,100.0,361.1176539442728
2022-02-01,7,0,7,100.0,361.03973993853737
2022-02-02,7,0,7,100.0,366.46771716479935
2022-02-03,7,0,7,100.0,362.7246564767317
2022-02-04,7,0,7,100.0,356.6762825913353
2022-02-07,6,1,7,85.71428571428571,349.5861507361794
2022-02-08,5,2,7,71.42857142857143,342.68360171828124
2022-02-09,5,2,7,71.42857142857143,345.2621359723545
2022-02-10,6,1,7,85.71428571428571,346.9246616673708
2022-02-11,5,2,7,71.42857142857143,342.12933820542514
2022-02-14,4,3,7,57.14285714285714,321.1053655453568
2022-02-15,5,2,7,71.42857142857143,332.70255782507434
2022-02-16,5,2,7,71.42857142857143,334.61103552355667
2022-02-17,5,2,7,71.42857142857143,329.3468191568655
2022-02-18,5,2,7,71.42857142857143,328.7747883335014
2022-02-21,5,2,7,71.42857142857143,319.86552682272236
2022-02-22,4,3,7,57.14285714285714,313.5835607516009
2022-02-23,4,3,7,57.14285714285714,324.52369562303414
2022-02-24,3,4,7,42.857142857142854,307.19752471428643
2022-02-25,3,4,7,42.857142857142854,326.7219686133514
2022-02-28,3,4,7,42.857142857142854,327.54903369721313
2022-03-02,3,4,7,42.857142857142854,326.79980381747504
2022-03-03,3,4,7,42.857142857142854,323.42281813147014
2022-03-04,3,4,7,42.857142857142854,316.7646480929101
2022-03-07,2,5,7,28.57142857142857,306.67507595037443
2022-03-08,2,5,7,28.57142857142857,317.3536469310884
2022-03-09,3,4,7,42.857142857142854,327.34302360576504
2022-03-10,4,3,7,57.14285714285714,334.53137313844195
2022-03-11,4,3,7,57.14285714285714,336.75270964257163
2022-03-14,4,3,7,57.14285714285714,335.6155225289514
2022-03-15,4,3,7,57.14285714285714,333.9818445589087
2022-03-16,4,3,7,57.14285714285714,343.0349488343521
2022-03-17,5,2,7,71.42857142857143,353.6038592021899
2022-03-21,4,3,7,57.14285714285714,359.3065945940409
2022-03-22,5,2,7,71.42857142857143,358.90205678597107
2022-03-23,5,2,7,71.42857142857143,356.2715310162742
2022-03-24,4,3,7,57.14285714285714,355.6408746373979
2022-03-25,4,3,7,57.14285714285714,357.2716474683721
2022-03-28,4,3,7,57.14285714285714,362.32087396742656
2022-03-29,4,3,7,57.14285714285714,357.2121020742597
2022-03-30,4,3,7,57.14285714285714,359.74528858855575
2022-03-31,4,3,7,57.14285714285714,359.8285155922002
2022-04-01,4,3,7,57.14285714285714,363.50853480184355
2022-04-04,5,2,7,71.42857142857143,371.20249547071154
2022-04-05,6,1,7,85.71428571428571,378.94553953854796
2022-04-06,6,1,7,85.71428571428571,384.34899848374624
2022-04-07,6,1,7,85.71428571428571,380.34824623389534
2022-04-08,6,1,7,85.71428571428571,381.6246279906716
2022-04-11,6,1,7,85.71428571428571,381.5926230320224
2022-04-12,6,1,7,85.71428571428571,373.3619949540143
2022-04-13,5,2,7,71.42857142857143,370.2988320407468
2022-04-18,4,3,7,57.14285714285714,361.48114038026245
2022-04-19,4,3,7,57.14285714285714,358.649899566815
2022-04-20,5,2,7,71.42857142857143,360.6274250007237
2022-04-21,5,2,7,71.42857142857143,364.3319576508897
2022-04-22,6,1,7,85.71428571428571,365.13288380727033
2022-04-25,5,2,7,71.42857142857143,353.26282392220503
2022-04-26,4,3,7,57.14285714285714,358.2506034720469
2022-04-27,4,3,7,57.14285714285714,360.16540954603414
2022-04-28,6,1,7,85.71428571428571,367.6864527302042
2022-04-29,6,1,7,85.71428571428571,365.02954571266037
2022-05-02,6,1,7,85.71428571428571,359.38553720337507
2022-05-04,3,4,7,42.857142857142854,348.87161561025863
2022-05-05,3,4,7,42.857142857142854,346.62975520627657
2022-05-06,2,5,7,28.57142857142857,340.64559418420345
2022-05-09,2,5,7,28.57142857142857,335.1269702253519
2022-05-10,1,6,7,14.285714285714285,326.94657638421745
2022-05-11,1,6,7,14.285714285714285,321.92724174938087
2022-05-12,1,6,7,14.285714285714285,313.8317269400526
2022-05-13,1,6,7,14.285714285714285,319.1126298126925
2022-05-16,1,6,7,14.285714285714285,323.89531063627857
2022-05-17,1,6,7,14.285714285714285,331.654729180877
2022-05-18,1,6,7,14.285714285714285,337.72090541422165
2022-05-19,1,6,7,14.285714285714285,334.81640751079067
2022-05-20,2,5,7,28.57142857142857,341.404775286828
2022-05-23,2,5,7,28.57142857142857,337.5365431488234
2022-05-24,2,5,7,28.57142857142857,339.2018715904386
2022-05-25,2,5,7,28.57142857142857,319.5340259950424
2022-05-26,2,5,7,28.57142857142857,318.3504010232148
2022-05-27,1,6,7,14.285714285714285,324.5139561806613
2022-05-30,2,5,7,28.57142857142857,336.79062859892866
2022-05-31,2,5,7,28.57142857142857,335.4609996856369
2022-06-01,1,6,7,14.285714285714285,330.72992552879646
2022-06-02,2,5,7,28.57142857142857,335.98821332653534
2022-06-03,2,5,7,28.57142857142857,331.99445837451367
2022-06-06,2,5,7,28.57142857142857,334.35551732750974
2022-06-07,2,5,7,28.57142857142857,330.57410760785183
2022-06-08,2,5,7,28.57142857142857,331.5853744454278
2022-06-09,2,5,7,28.57142857142857,339.1393225201046
2022-06-10,2,5,7,28.57142857142857,341.1034023136156
2022-06-13,2,5,7,28.57142857142857,330.31482686559383
2022-06-14,2,5,7,28.57142857142857,328.75244634037546
2022-06-15,2,5,7,28.57142857142857,333.35795583146074
2022-06-16,1,6,7,14.285714285714285,323.55163343340223
2022-06-17,2,5,7,28.57142857142857,321.0617880955945
2022-06-20,1,6,7,14.285714285714285,313.7758214373236
2022-06-21,1,6,7,14.285714285714285,321.82940464358535
2022-06-22,1,6,7,14.285714285714285,317.9412993904168
2022-06-23,1,6,7,14.285714285714285,322.7171929642043
2022-06-24,1,6,7,14.285714285714285,328.0539833309721
2022-06-27,1,6,7,14.285714285714285,331.47982767385434
2022-06-28,1,6,7,14.285714285714285,334.27985149807375
2022-06-29,1,6,7,14.285714285714285,335.731058042375
2022-06-30,1,6,7,14.285714285714285,336.05138000163055
2022-07-01,2,5,7,28.57142857142857,343.0667183976722
2022-07-04,2,5,7,28.57142857142857,347.49904324188884
2022-07-05,3,4,7,42.857142857142854,347.307476890454
2022-07-06,3,4,7,42.857142857142854,350.8618741982979
2022-07-07,3,4,7,42.857142857142854,351.8853897935021
2022-07-08,3,4,7,42.857142857142854,349.49348001267816
2022-07-11,3,4,7,42.857142857142854,355.00999303891206
2022-07-12,3,4,7,42.857142857142854,355.4135903222252
2022-07-13,3,4,7,42.857142857142854,351.7087555809318
2022-07-14,3,4,7,42.857142857142854,355.54492696778186
2022-07-15,3,4,7,42.857142857142854,357.93127340834985
2022-07-18,3,4,7,42.857142857142854,359.471403373169
2022-07-19,3,4,7,42.857142857142854,360.4928669819145
2022-07-20,3,4,7,42.857142857142854,362.3239397431508
2022-07-21,3,4,7,42.857142857142854,370.139755581989
2022-07-22,3,4,7,42.857142857142854,374.70497293063823
2022-07-25,4,3,7,57.14285714285714,377.43273662682094
2022-07-26,4,3,7,57.14285714285714,378.1220449427726
2022-07-27,3,4,7,42.857142857142854,374.78358312858455
2022-07-28,3,4,7,42.857142857142854,370.7675266175137
2022-07-29,3,4,7,42.857142857142854,370.04981615095255
2022-08-01,3,4,7,42.857142857142854,373.6821875370458
2022-08-02,3,4,7,42.857142857142854,377.2643635844016
2022-08-03,3,4,7,42.857142857142854,374.347081782607
2022-08-04,3,4,7,42.857142857142854,373.22085392134613
2022-08-05,3,4,7,42.857142857142854,372.6622950992969
2022-08-08,3,4,7,42.857142857142854,373.351699567953
2022-08-10,3,4,7,42.857142857142854,369.8000872945483
2022-08-11,3,4,7,42.857142857142854,371.0652996489651
2022-08-12,3,4,7,42.857142857142854,370.7515317944024
2022-08-16,2,5,7,28.57142857142857,369.889557897815
2022-08-17,2,5,7,28.57142857142857,367.7076978635551
2022-08-18,2,5,7,28.57142857142857,371.88199843266085
2022-08-19,3,4,7,42.857142857142854,368.57347572848516
2022-08-22,3,4,7,42.857142857142854,362.4906548261179
2022-08-23,3,4,7,42.857142857142854,363.52085049589726
2022-08-24,3,4,7,42.857142857142854,364.34789231872327
2022-08-25,4,3,7,57.14285714285714,372.4121436058556
2022-08-26,4,3,7,57.14285714285714,372.583753460198
2022-08-29,4,3,7,57.14285714285714,371.8739532765964
2022-08-30,4,3,7,57.14285714285714,372.76458357663114
2022-09-01,4,3,7,57.14285714285714,376.702403371832
2022-09-02,4,3,7,57.14285714285714,380.6957928483448
2022-09-05,4,3,7,57.14285714285714,381.7558845044064
2022-09-06,4,3,7,57.14285714285714,378.103927663644
2022-09-07,4,3,7,57.14285714285714,375.5176068975464
2022-09-08,4,3,7,57.14285714285714,377.8248529471119
2022-09-09,4,3,7,57.14285714285714,383.7266865373052
2022-09-12,4,3,7,57.14285714285714,387.749587042666
2022-09-13,4,3,7,57.14285714285714,386.9172105987877
2022-09-14,5,2,7,71.42857142857143,388.029224492161
2022-09-15,6,1,7,85.71428571428571,391.65700084592174
2022-09-16,4,3,7,57.14285714285714,387.2104520487431
2022-09-19,5,2,7,71.42857142857143,387.7228747241864
2022-09-20,5,2,7,71.42857142857143,396.5658151498616
2022-09-21,5,2,7,71.42857142857143,400.40620070064136
2022-09-22,6,1,7,85.71428571428571,401.6807936860339
2022-09-23,5,2,7,71.42857142857143,401.1442557206337
2022-09-26,6,1,7,85.71428571428571,396.57406683868084
2022-09-27,6,1,7,85.71428571428571,402.23021469237256
2022-09-28,6,1,7,85.71428571428571,400.1894386550592
2022-09-29,5,2,7,71.42857142857143,404.6820785313686
2022-09-30,6,1,7,85.71428571428571,409.2598005208299
2022-10-03,5,2,7,71.42857142857143,408.50783780902657
2022-10-04,6,1,7,85.71428571428571,418.5180449602635
2022-10-06,6,1,7,85.71428571428571,426.33409778652504
2022-10-07,6,1,7,85.71428571428571,426.97911232163756
2022-10-10,6,1,7,85.71428571428571,418.0353263351254
2022-10-11,5,2,7,71.42857142857143,405.68164842811905
2022-10-12,5,2,7,71.42857142857143,410.32862101578854
2022-10-13,5,2,7,71.42857142857143,407.6572085975464
2022-10-14,5,2,7,71.42857142857143,405.4028474784968
2022-10-17,5,2,7,71.42857142857143,405.5061077080468
2022-10-18,5,2,7,71.42857142857143,409.2894911516405
2022-10-19,5,2,7,71.42857142857143,408.2062497041535
2022-10-20,5,2,7,71.42857142857143,405.2989564843393
2022-10-21,5,2,7,71.42857142857143,399.4891196759871
2022-10-24,5,2,7,71.42857142857143,399.8827888901933
2022-10-25,6,1,7,85.71428571428571,395.24543435335914
2022-10-27,6,1,7,85.71428571428571,398.3168210585127
2022-10-28,6,1,7,85.71428571428571,396.79929816758715
2022-10-31,6,1,7,85.71428571428571,397.4629266774295
2022-11-01,6,1,7,85.71428571428571,400.95193007399723
2022-11-02,6,1,7,85.71428571428571,402.3791529603245
2022-11-03,6,1,7,85.71428571428571,404.293737161653
2022-11-04,6,1,7,85.71428571428571,404.36991603698215
2022-11-07,6,1,7,85.71428571428571,404.5228150985193
2022-11-09,6,1,7,85.71428571428571,403.0048128453583
2022-11-10,6,1,7,85.71428571428571,400.75582301464425
2022-11-11,5,2,7,71.42857142857143,399.48449465376336
2022-11-14,5,2,7,71.42857142857143,397.74383772598685
2022-11-15,5,2,7,71.42857142857143,394.63301252745356
2022-11-16,5,2,7,71.42857142857143,396.80746322989745
2022-11-17,5,2,7,71.42857142857143,395.3753502411351
2022-11-18,5,2,7,71.42857142857143,392.9360947967779
2022-11-21,5,2,7,71.42857142857143,397.969408767343
2022-11-22,5,2,7,71.42857142857143,402.6911200781089
2022-11-23,5,2,7,71.42857142857143,410.3428413469926
2022-11-24,5,2,7,71.42857142857143,416.20620617842434
2022-11-25,5,2,7,71.42857142857143,411.8363413426975
2022-11-28,5,2,7,71.42857142857143,416.07339468419536
2022-11-29,5,2,7,71.42857142857143,420.85281991128676
2022-11-30,5,2,7,71.42857142857143,427.37890468079047
2022-12-01,5,2,7,71.42857142857143,428.290702322691
2022-12-02,5,2,7,71.42857142857143,441.1440585499714
2022-12-05,5,2,7,71.42857142857143,440.06857463721065
2022-12-06,5,2,7,71.42857142857143,435.4915883238692
2022-12-07,5,2,7,71.42857142857143,433.44560401403214
2022-12-08,5,2,7,71.42857142857143,436.3490618782057
2022-12-09,5,2,7,71.42857142857143,436.73142476912756
2022-12-12,5,2,7,71.42857142857143,432.19901099457763
2022-12-13,5,2,7,71.42857142857143,433.3424486975442
2022-12-14,5,2,7,71.42857142857143,433.5441667205262
2022-12-15,5,2,7,71.42857142857143,427.2990603192802
2022-12-16,5,2,7,71.42857142857143,421.9790109183397
2022-12-19,5,2,7,71.42857142857143,422.77535018252826
2022-12-20,5,2,7,71.42857142857143,423.4513548991323
2022-12-21,5,2,7,71.42857142857143,411.9092161697877
2022-12-22,5,2,8,71.42857142857143,403.3890819604467
2022-12-23,5,2,8,71.42857142857143,390.9965620416211
2022-12-26,5,2,8,71.42857142857143,403.7334287655714
2022-12-27,5,2,8,71.42857142857143,403.6952088095368
2022-12-28,5,2,8,71.42857142857143,402.7000547624631
2022-12-29,5,2,8,71.42857142857143,405.7071510479116
2022-12-30,5,2,8,71.42857142857143,412.246433138242
2023-01-02,5,2,8,71.42857142857143,414.0537111022297
2023-01-03,5,2,8,71.42857142857143,412.2996096931538
2023-01-04,5,2,8,71.42857142857143,411.55833680876634
2023-01-05,5,2,8,71.42857142857143,408.6238062647136
2023-01-06,5,2,8,71.42857142857143,414.00590471327814
2023-01-09,5,2,8,71.42857142857143,416.1206278107137
2023-01-10,5,2,8,71.42857142857143,413.77403768263196
2023-01-11,5,2,8,71.42857142857143,417.06612701098135
2023-01-12,5,2,8,71.42857142857143,411.7470366205625
2023-01-13,5,2,8,71.42857142857143,409.6202157258161
2023-01-16,5,2,8,71.42857142857143,420.2910027589605
2023-01-17,4,3,8,57.14285714285714,424.52575497412175
2023-01-18,5,2,8,71.42857142857143,426.11878847987595
2023-01-19,3,4,8,42.857142857142854,423.45010713898574
2023-01-20,3,4,8,42.857142857142854,420.7554127300134
2023-01-23,3,4,8,42.857142857142854,420.91041717748993
2023-01-24,3,4,8,42.857142857142854,416.14010094105566
2023-01-25,3,4,8,42.857142857142854,415.74498788139067
2023-01-27,3,4,8,42.857142857142854,407.0062582464484
2023-01-30,3,4,8,42.857142857142854,406.9205076228943
2023-01-31,3,4,8,42.857142857142854,415.21680558492864
2023-02-01,3,4,8,42.857142857142854,406.21391909132694
2023-02-02,3,4,8,42.857142857142854,409.2389421802548
2023-02-03,3,4,8,42.857142857142854,404.0355247855162
2023-02-06,3,4,8,42.857142857142854,411.3281646497688
2023-02-07,3,4,8,42.857142857142854,408.53242793808937
2023-02-08,3,4,8,42.857142857142854,414.8877034676073
2023-02-09,3,4,8,42.857142857142854,417.7835089416209
2023-02-10,3,4,8,42.857142857142854,418.6674337321306
2023-02-13,3,4,8,42.857142857142854,412.2765609135232
2023-02-14,3,4,8,42.857142857142854,408.891022516393
2023-02-15,3,4,8,42.857142857142854,408.13937073233717
2023-02-16,3,4,8,42.857142857142854,405.2432839568278
2023-02-17,3,4,8,42.857142857142854,406.7483416232747
2023-02-20,3,4,8,42.857142857142854,405.39096464563926
2023-02-21,3,4,8,42.857142857142854,400.96530426702816
2023-02-22,3,4,8,42.857142857142854,396.96430521500514
2023-02-23,3,4,8,42.857142857142854,398.9232088373054
2023-02-24,3,4,8,42.857142857142854,403.2670820463518
2023-02-27,3,4,8,42.857142857142854,397.30028996638663
2023-02-28,3,4,8,42.857142857142854,398.5561477383311
2023-03-01,3,4,8,42.857142857142854,404.22977921030895
2023-03-02,3,4,8,42.857142857142854,403.5413362724929
2023-03-03,3,4,8,42.857142857142854,406.90353396332137
2023-03-06,3,4,8,42.857142857142854,409.70849373009696
2023-03-08,3,4,8,42.857142857142854,412.7058322196477
2023-03-09,3,4,8,42.857142857142854,410.1788227087913
2023-03-10,3,4,8,42.857142857142854,407.1257698998838
2023-03-13,3,4,8,42.857142857142854,402.64831000031023
2023-03-14,3,4,8,42.857142857142854,399.980852498354
2023-03-15,3,4,8,42.857142857142854,401.10838139385316
2023-03-16,3,4,8,42.857142857142854,400.0936069349531
2023-03-17,3,4,8,42.857142857142854,403.21046960132156
2023-03-20,3,4,8,42.857142857142854,397.27520190879943
2023-03-21,3,4,8,42.857142857142854,397.3270731695349
2023-03-22,3,4,8,42.857142857142854,402.53573540741974
2023-03-23,3,4,8,42.857142857142854,401.79439330910986
2023-03-24,3,4,8,42.857142857142854,399.5754731683849
2023-03-27,3,4,8,42.857142857142854,397.29741198705193
2023-03-28,3,4,8,42.857142857142854,393.80799359792945
2023-03-29,3,4,8,42.857142857142854,397.4149906540069
2023-03-31,3,4,8,42.857142857142854,409.4929296409054
2023-04-03,3,4,8,42.857142857142854,414.2117338679533
2023-04-05,3,4,8,42.857142857142854,419.10282606154504
2023-04-06,3,4,8,42.857142857142854,420.797789643797
2023-04-10,4,3,8,57.14285714285714,415.43977334384266
2023-04-11,4,3,8,57.14285714285714,414.0065395548014
2023-04-12,4,3,8,57.14285714285714,425.2616020580615
2023-04-13,4,3,8,57.14285714285714,423.6173056703927
2023-04-17,4,3,8,57.14285714285714,425.9206315679255
2023-04-18,4,3,8,57.14285714285714,424.22749394684314
2023-04-19,4,3,8,57.14285714285714,427.3212179433501
2023-04-20,4,3,8,57.14285714285714,429.1663135075143
2023-04-21,3,4,8,42.857142857142854,429.1626287889705
2023-04-24,4,3,8,57.14285714285714,431.73249161731985
2023-04-25,4,3,8,57.14285714285714,434.3569065667367
2023-04-26,4,3,8,57.14285714285714,435.5540567584885
2023-04-27,4,3,8,57.14285714285714,437.5458532342569
2023-04-28,4,3,8,57.14285714285714,438.5502303747595
2023-05-02,4,3,8,57.14285714285714,442.16279359237944
2023-05-03,4,3,8,57.14285714285714,443.25311444635014
2023-05-04,4,3,8,57.14285714285714,442.30482188633505
2023-05-05,4,3,8,57.14285714285714,444.2106752345892
2023-05-08,4,3,8,57.14285714285714,448.2847290672315
2023-05-09,3,4,8,42.857142857142854,446.10573056827445
2023-05-10,4,3,8,57.14285714285714,447.5953888769088
2023-05-11,3,4,8,42.857142857142854,448.3979996592616
2023-05-12,4,3,8,57.14285714285714,450.4235804144069
2023-05-15,4,3,8,57.14285714285714,451.19294473872696
2023-05-16,4,3,8,57.14285714285714,449.75911355894124
2023-05-17,4,3,8,57.14285714285714,458.0871854309062
2023-05-18,4,3,8,57.14285714285714,466.0329171895697
2023-05-19,4,3,8,57.14285714285714,471.23163715394696
2023-05-22,5,2,8,71.42857142857143,473.2101882256109
2023-05-23,4,3,8,57.14285714285714,472.3573979735872
2023-05-24,5,2,8,71.42857142857143,475.18811283365557
2023-05-25,5,2,8,71.42857142857143,476.80974661189566
2023-05-26,5,2,8,71.42857142857143,484.09180897149247
2023-05-29,5,2,8,71.42857142857143,484.31075444366314
2023-05-30,5,2,8,71.42857142857143,494.0606991483259
2023-05-31,5,2,8,71.42857142857143,498.4666887633855
2023-06-01,5,2,8,71.42857142857143,499.3089755364672
2023-06-02,5,2,8,71.42857142857143,505.1724449634591
2023-06-05,5,2,8,71.42857142857143,510.4112824562166
2023-06-06,5,2,8,71.42857142857143,514.8792893114887
2023-06-07,5,2,8,71.42857142857143,522.7844197408483
2023-06-08,5,2,8,71.42857142857143,517.3209561058462
2023-06-09,5,2,8,71.42857142857143,523.8731370525991
2023-06-12,6,1,8,85.71428571428571,525.7748062561142
2023-06-13,6,1,8,85.71428571428571,524.2323709377398
2023-06-14,5,2,8,71.42857142857143,524.5660095562567
2023-06-15,5,2,8,71.42857142857143,522.5143659606503
2023-06-16,5,2,8,71.42857142857143,527.7672302466115
2023-06-19,5,2,8,71.42857142857143,525.6103794055514
2023-06-20,5,2,8,71.42857142857143,531.9741614978651
2023-06-21,5,2,8,71.42857142857143,530.5247719002134
2023-06-22,5,2,8,71.42857142857143,532.4361840183781
2023-06-23,5,2,8,71.42857142857143,527.1847610792295
2023-06-26,5,2,8,71.42857142857143,528.4623530825966
2023-06-27,5,2,8,71.42857142857143,530.7764053678414
2023-06-28,5,2,8,71.42857142857143,529.6225823356584
2023-06-30,5,2,8,71.42857142857143,529.4153637935138
2023-07-03,5,2,8,71.42857142857143,536.6367519321773
2023-07-04,6,1,8,85.71428571428571,552.5960626784758
2023-07-05,6,1,8,85.71428571428571,555.9719071457099
2023-07-06,6,1,8,85.71428571428571,558.8908615659839
2023-07-07,6,1,8,85.71428571428571,549.6339352611698
2023-07-10,6,1,8,85.71428571428571,547.9998471329828
2023-07-11,6,1,8,85.71428571428571,556.4718657757018
2023-07-12,6,1,8,85.71428571428571,567.3241058801099
2023-07-13,6,1,8,85.71428571428571,564.6077411500908
2023-07-14,6,1,8,85.71428571428571,572.069435137298
2023-07-17,6,1,8,85.71428571428571,577.7861923592264
2023-07-18,6,1,8,85.71428571428571,577.9849753928548
2023-07-19,6,1,8,85.71428571428571,579.6612347017306
2023-07-20,6,1,8,85.71428571428571,573.7390178634074
2023-07-21,6,1,8,85.71428571428571,590.4435738580252
2023-07-24,6,1,8,85.71428571428571,581.6205973326843
2023-07-25,6,1,8,85.71428571428571,572.1410686055474
2023-07-26,6,1,8,85.71428571428571,567.6360252763487
2023-07-27,7,0,8,100.0,575.1425424179682
2023-07-28,7,0,8,100.0,575.7261219002264
2023-07-31,7,1,8,87.5,584.9265244215239
2023-08-01,8,0,8,100.0,588.5905663584052
2023-08-02,8,0,8,100.0,577.0660324689895
2023-08-03,8,0,8,100.0,577.7752486123852
2023-08-04,8,0,8,100.0,576.8377328982804
2023-08-07,8,0,8,100.0,577.2200856197184
2023-08-08,8,0,8,100.0,582.0372115624999
2023-08-09,8,0,8,100.0,584.4469360976519
2023-08-10,8,0,8,100.0,588.511458080159
2023-08-11,7,1,8,87.5,587.329534227189
2023-08-14,8,0,8,100.0,585.982733192431
2023-08-16,8,0,8,100.0,584.1241002224028
2023-08-17,8,0,8,100.0,579.157458610783
2023-08-18,7,1,8,87.5,573.6036998325799
2023-08-21,7,1,8,87.5,573.7476060079526
2023-08-22,8,0,8,100.0,588.3067365029781
2023-08-23,8,0,8,100.0,581.787767768743
2023-08-24,7,1,8,87.5,577.9003001580661
2023-08-25,6,2,8,75.0,573.481750243415
2023-08-28,6,2,8,75.0,570.9428923981444
2023-08-29,6,2,8,75.0,574.2004040281757
2023-08-30,7,1,8,87.5,577.0592197632931
2023-08-31,6,2,8,75.0,570.7039109548969
2023-09-01,7,1,8,87.5,576.1422634542579
2023-09-04,7,1,8,87.5,578.1426949824606
2023-09-05,7,1,8,87.5,581.4059859659792
2023-09-06,7,1,8,87.5,586.1626592053468
2023-09-07,7,1,8,87.5,588.8716546158118
2023-09-08,7,1,8,87.5,588.1268437450177
2023-09-11,7,1,8,87.5,588.7304508739826
2023-09-12,7,1,8,87.5,568.8666832058436
2023-09-13,7,1,8,87.5,571.241922132789
2023-09-14,8,0,8,100.0,579.9869698556753
2023-09-15,7,1,8,87.5,583.7521361633071
2023-09-18,7,1,8,87.5,581.2796977519724
2023-09-20,7,1,8,87.5,571.9599994645649
2023-09-21,7,1,8,87.5,567.5154084175637
2023-09-22,7,1,8,87.5,564.9434872227201
2023-09-25,6,2,8,75.0,565.3295945499947
2023-09-26,6,2,8,75.0,567.9304241963148
2023-09-27,7,1,8,87.5,574.3472678296574
2023-09-28,6,2,8,75.0,571.5517334204612
2023-09-29,7,1,8,87.5,577.1549895836685
2023-10-03,7,1,8,87.5,581.8752407554633
2023-10-04,7,1,8,87.5,577.0592858321804
2023-10-05,7,1,8,87.5,584.2835500120319
2023-10-06,7,1,8,87.5,584.743389813116
2023-10-09,7,1,8,87.5,580.1042565555506
2023-10-10,7,1,8,87.5,582.3649397554007
2023-10-11,7,1,8,87.5,581.4738827687314
2023-10-12,7,1,8,87.5,598.4493214770329
2023-10-13,7,1,8,87.5,593.6139759696862
2023-10-16,7,1,8,87.5,592.3808113823382
2023-10-17,7,1,8,87.5,595.7769808449758
2023-10-18,7,1,8,87.5,591.0763709091738
2023-10-19,7,1,8,87.5,583.0668639905779
2023-10-20,7,1,8,87.5,580.0698192212038
2023-10-23,6,2,8,75.0,560.0828832737926
2023-10-25,6,2,8,75.0,552.5553932913851
2023-10-26,7,1,8,87.5,557.4540046984808
2023-10-27,7,1,8,87.5,567.7106030628252
2023-10-30,7,1,8,87.5,568.8341908387183
2023-10-31,7,1,8,87.5,569.9622815280411
2023-11-01,7,1,8,87.5,571.7421083917369
2023-11-02,7,1,8,87.5,579.547625951171
2023-11-03,7,1,8,87.5,597.5611963456723
2023-11-06,7,1,8,87.5,600.4375697554215
2023-11-07,7,1,8,87.5,598.3207221983407
2023-11-08,7,1,8,87.5,600.5596666691348
2023-11-09,7,1,8,87.5,596.6157724915516
2023-11-10,7,1,8,87.5,594.0712261122518
2023-11-12,7,1,8,87.5,600.6070656789376
2023-11-13,7,1,8,87.5,595.9013185534208
2023-11-15,7,1,8,87.5,603.4268726032476
2023-11-16,7,1,8,87.5,603.8001401012442
2023-11-17,7,1,8,87.5,605.3384118155161
2023-11-20,7,1,8,87.5,601.78230315816
2023-11-21,7,1,8,87.5,607.1082990452825
2023-11-22,7,1,8,87.5,607.5646334013892
2023-11-23,7,1,8,87.5,603.7524375644548
2023-11-24,7,1,8,87.5,601.2656669910359
2023-11-28,7,1,8,87.5,599.910929167989
2023-11-29,7,1,8,87.5,603.6625123323466
2023-11-30,7,1,8,87.5,604.9665530065374
2023-12-01,7,1,8,87.5,609.9922210267267
2023-12-04,7,1,8,87.5,618.2999044518054
2023-12-05,7,1,8,87.5,628.8600206111608
2023-12-06,7,1,8,87.5,631.4168590064558
2023-12-07,7,1,8,87.5,627.1060752677515
2023-12-08,7,1,8,87.5,617.0973929366061
2023-12-11,7,1,8,87.5,622.9348094879449
2023-12-12,7,1,8,87.5,616.3729674327416
2023-12-13,7,1,8,87.5,620.6765868180571
2023-12-14,7,1,8,87.5,617.5055799939717
2023-12-15,7,1,8,87.5,615.5064718413697
2023-12-18,7,1,8,87.5,618.477759889155
2023-12-19,7,1,8,87.5,613.8323055310785
2023-12-20,7,1,8,87.5,602.2043543740265
2023-12-21,7,1,8,87.5,607.0171682470999
2023-12-22,7,1,8,87.5,611.5961737725385
2023-12-26,7,1,8,87.5,617.9615671675556
2023-12-27,7,1,8,87.5,619.1415463557757
2023-12-28,7,1,8,87.5,624.7169073307517
2023-12-29,7,1,8,87.5,629.1401330343286
2024-01-01,7,1,8,87.5,633.2988924247258
2024-01-02,7,1,8,87.5,629.6260936734303
2024-01-03,7,1,8,87.5,632.739627614774
2024-01-04,7,1,8,87.5,638.2030862997211
2024-01-05,7,1,8,87.5,647.4383616804527
2024-01-08,7,1,8,87.5,658.9305987277822
2024-01-09,7,1,8,87.5,659.1168328281652
2024-01-10,7,1,8,87.5,656.0845986917057
2024-01-11,7,1,8,87.5,656.4278778375774
2024-01-12,7,1,8,87.5,652.3308755570415
2024-01-15,7,1,8,87.5,653.6254003202956
2024-01-16,7,1,8,87.5,656.2131201442157
2024-01-17,7,1,8,87.5,648.9559146028488
2024-01-18,7,1,8,87.5,651.008705146966
2024-01-19,7,1,8,87.5,657.3015979399551
2024-01-20,7,1,8,87.5,653.3279200816744
2024-01-23,7,1,8,87.5,646.7525417612901
2024-01-24,6,2,8,75.0,653.7070025024444
2024-01-25,6,2,8,75.0,650.3308236847595
2024-01-29,6,2,8,75.0,643.329472448921
2024-01-30,6,2,8,75.0,642.3418305363417
2024-01-31,6,2,8,75.0,648.0424498483674
2024-02-01,6,2,8,75.0,641.4592098664966
2024-02-02,6,2,8,75.0,643.629848778883
2024-02-05,6,2,8,75.0,631.1492492476002
2024-02-06,6,2,8,75.0,633.9566225758532
2024-02-07,6,2,8,75.0,637.0029441508192
2024-02-08,6,2,8,75.0,634.6438902594059
2024-02-09,6,2,8,75.0,645.2667941286685
2024-02-12,6,2,8,75.0,624.8348523162374
2024-02-13,6,2,8,75.0,625.6110607464475
2024-02-14,6,2,8,75.0,632.7979502089213
2024-02-15,6,2,8,75.0,637.7619385447937
2024-02-16,6,2,8,75.0,635.2650898929367
2024-02-19,6,2,8,75.0,629.858397127475
2024-02-20,6,2,8,75.0,625.2082704352816
2024-02-21,6,2,8,75.0,617.3862106081594
2024-02-22,6,2,8,75.0,625.7149162791814
2024-02-23,6,2,8,75.0,628.2795808911787
2024-02-26,6,2,8,75.0,635.9198982138338
2024-02-27,6,2,8,75.0,634.9086543565463
2024-02-28,6,2,8,75.0,624.5649929446588
2024-02-29,6,2,8,75.0,623.0603994986172
2024-03-01,6,2,8,75.0,630.1381263227122
2024-03-02,6,2,8,75.0,632.5194684756447
2024-03-04,6,2,8,75.0,627.5571286496444
2024-03-05,5,3,8,62.5,617.9550954425356
2024-03-06,5,3,8,62.5,609.3418211562182
2024-03-07,5,3,8,62.5,613.4481330154011
2024-03-11,5,3,8,62.5,599.749681474498
2024-03-12,5,3,8,62.5,596.9974246074772
2024-03-13,5,3,8,62.5,570.166683283567
2024-03-14,5,3,8,62.5,592.2769256167346
2024-03-15,5,3,8,62.5,593.6303678184545
2024-03-18,5,3,8,62.5,592.7365139682125
2024-03-19,5,3,8,62.5,588.2828729092749
2024-03-20,5,3,8,62.5,590.4659859613818
2024-03-21,5,3,8,62.5,597.042982603501
2024-03-22,5,3,8,62.5,611.5565302369967
2024-03-26,5,3,8,62.5,607.0901376172413
2024-03-27,6,2,8,75.0,610.2638931773622
2024-03-28,5,3,8,62.5,608.9540513094793
2024-04-01,6,2,8,75.0,635.0805238848934
2024-04-02,6,2,8,75.0,641.2527577752666
2024-04-03,6,2,8,75.0,638.7921311315399
2024-04-04,7,1,8,87.5,645.709297662895
2024-04-05,7,1,8,87.5,652.0931382888234
2024-04-08,7,1,8,87.5,652.8214054295229
2024-04-09,7,1,8,87.5,649.7116560734008
2024-04-10,7,1,8,87.5,664.5250762797403
2024-04-12,7,1,8,87.5,671.5952459840202
2024-04-15,6,2,8,75.0,656.2542190811563
2024-04-16,7,1,8,87.5,658.9064128487353
2024-04-18,7,1,8,87.5,663.270836995237
2024-04-19,7,1,8,87.5,661.5088912749982
2024-04-22,7,1,8,87.5,665.7489526156969
2024-04-23,7,1,8,87.5,669.8364792888431
2024-04-24,7,1,8,87.5,685.0394505661031
2024-04-25,7,1,8,87.5,683.3195690539719
2024-04-26,7,1,8,87.5,678.6729434012204
2024-04-29,7,1,8,87.5,679.0166200979288
2024-04-30,7,1,8,87.5,679.2858429282103
2024-05-02,7,1,8,87.5,685.5424741753749
2024-05-03,7,1,8,87.5,677.0516327283299
2024-05-06,7,1,8,87.5,669.2918764570074
2024-05-07,6,2,8,75.0,660.1326856499536
2024-05-08,7,1,8,87.5,667.2895569218718
2024-05-09,4,4,8,50.0,639.1603600558808
2024-05-10,4,4,8,50.0,638.3750200574713
2024-05-13,4,4,8,50.0,640.0093301347667
2024-05-14,5,3,8,62.5,647.8059384770843
2024-05-15,6,2,8,75.0,655.3721162890785
2024-05-16,6,2,8,75.0,659.2524595205144
2024-05-17,6,2,8,75.0,665.7937225570433
2024-05-18,6,2,8,75.0,670.5818059373079
2024-05-21,6,2,8,75.0,668.2545163964207
2024-05-22,6,2,8,75.0,664.2438897932028
2024-05-23,6,2,8,75.0,664.2994245663751
2024-05-24,6,2,8,75.0,670.918691378241
2024-05-27,6,2,8,75.0,661.7795502067299
2024-05-28,5,3,8,62.5,651.3120605855488
2024-05-29,5,3,8,62.5,653.3142951538971
2024-05-30,5,3,8,62.5,641.583932633616
2024-05-31,7,1,8,87.5,648.2768736350215
2024-06-03,6,2,8,75.0,650.3428269892529
2024-06-04,4,4,8,50.0,634.4947182233014
2024-06-05,6,2,8,75.0,673.0380376781683
2024-06-06,7,1,8,87.5,688.9055953502965
2024-06-07,7,1,8,87.5,705.2922958851995
2024-06-10,7,1,8,87.5,712.3726483650449
2024-06-11,7,1,8,87.5,716.6008282625096
2024-06-12,7,1,8,87.5,723.5462769125792
2024-06-13,6,2,8,75.0,723.8149836132061
2024-06-14,6,2,8,75.0,717.5001520072416
2024-06-18,5,3,8,62.5,707.3376508545052
2024-06-19,5,3,8,62.5,708.6007558205165
2024-06-20,5,3,8,62.5,712.0865970023247
2024-06-21,5,3,8,62.5,705.7661954774437
2024-06-24,5,3,8,62.5,709.3953803067797
2024-06-25,5,3,8,62.5,700.378279839713
2024-06-26,5,3,8,62.5,695.6903808485931
2024-06-27,5,3,8,62.5,691.7408886529321
2024-06-28,5,3,8,62.5,691.6506411317604
2024-07-01,5,3,8,62.5,692.3582506373194
2024-07-02,6,2,8,75.0,699.3556784786617
2024-07-03,7,1,8,87.5,704.8277155048455
2024-07-04,6,2,8,75.0,700.6180855919956
2024-07-05,6,2,8,75.0,701.1814933226938
2024-07-08,6,2,8,75.0,696.033653026764
2024-07-09,6,2,8,75.0,699.8999753597768
2024-07-10,6,2,8,75.0,698.1084330012804
2024-07-11,6,2,8,75.0,701.6630427015865
2024-07-12,5,3,8,62.5,694.136265215471
2024-07-15,5,3,8,62.5,694.2948380543133
2024-07-16,5,3,8,62.5,695.8389600380915
2024-07-18,6,2,8,75.0,699.8455150765168
2024-07-19,6,2,8,75.0,688.9745155872381
2024-07-22,6,2,8,75.0,689.006863698149
2024-07-23,6,2,8,75.0,692.7333411446489
2024-07-24,6,2,8,75.0,718.8697665004114
2024-07-25,6,2,8,75.0,734.9273115662149
2024-07-26,6,2,8,75.0,729.5674334463284
2024-07-29,6,2,8,75.0,733.8314607212332
2024-07-30,6,2,8,75.0,741.5422709698393
2024-07-31,6,2,8,75.0,743.5817223343569
2024-08-01,7,1,8,87.5,743.1397471601625
2024-08-02,7,1,8,87.5,745.3689864066631
2024-08-05,5,3,8,62.5,717.6158864913666
2024-08-06,5,3,8,62.5,710.4439174371441
2024-08-07,6,2,8,75.0,725.537075487099
2024-08-08,6,2,8,75.0,717.5845560203483
2024-08-09,6,2,8,75.0,726.0225163418949
2024-08-12,6,2,8,75.0,723.3697639031166
2024-08-13,6,2,8,75.0,714.0671843371155
2024-08-14,5,3,8,62.5,705.5147090937467
2024-08-16,5,3,8,62.5,706.0706906478421
2024-08-19,5,3,8,62.5,715.202830959958
2024-08-20,5,3,8,62.5,718.0713355432214
2024-08-21,6,2,8,75.0,730.2874966247778
2024-08-22,6,2,8,75.0,734.3888686194502
2024-08-23,6,2,8,75.0,746.690934421537
2024-08-26,6,2,8,75.0,752.4050432323412
2024-08-27,6,2,8,75.0,751.6408214581309
2024-08-28,6,2,8,75.0,748.675599068193
2024-08-29,6,2,8,75.0,743.4796187466022
2024-08-30,6,2,8,75.0,788.967082578001
2024-09-02,6,2,8,75.0,797.2927530987439
2024-09-03,6,2,8,75.0,803.5656197102004
2024-09-04,6,2,8,75.0,798.4305319703636
2024-09-05,6,2,8,75.0,804.2423276830872
2024-09-06,6,2,8,75.0,796.7269325311445
2024-09-09,6,2,8,75.0,797.8590943730668
2024-09-10,7,1,8,87.5,832.2723914127118
2024-09-11,7,1,8,87.5,836.4255409104572
2024-09-12,7,1,8,87.5,836.0125723400782
2024-09-13,7,1,8,87.5,840.7665131702355
2024-09-16,7,1,8,87.5,864.4324735953209
2024-09-17,7,1,8,87.5,857.6414118662939
2024-09-18,7,1,8,87.5,854.6068817844251
2024-09-19,7,1,8,87.5,854.3612093959676
2024-09-20,7,1,8,87.5,857.0118413959973
2024-09-23,7,1,8,87.5,867.6862223192671
2024-09-24,7,1,8,87.5,861.2593883955626
2024-09-25,7,1,8,87.5,846.0537041108239
2024-09-26,7,1,8,87.5,850.0814633124971
2024-09-27,6,2,8,75.0,839.1741285245714
2024-09-30,7,1,8,87.5,840.6741694124153
2024-10-01,6,2,8,75.0,835.2286756167504
2024-10-03,6,2,8,75.0,819.7142574994934
2024-10-04,6,2,8,75.0,811.8730402802017
2024-10-07,6,2,8,75.0,789.0044595965107
2024-10-08,6,2,8,75.0,814.0515926770737
2024-10-09,6,2,8,75.0,816.3252142559161
2024-10-10,6,2,8,75.0,816.1833919449849
2024-10-11,6,2,8,75.0,815.659139158638
2024-10-14,6,2,8,75.0,819.2192892339349
2024-10-15,6,2,8,75.0,821.5179194437889
2024-10-16,6,2,8,75.0,822.0424419608854
2024-10-17,6,2,8,75.0,802.7365052694867
2024-10-18,6,2,8,75.0,804.2077031807509
2024-10-21,6,2,8,75.0,784.7768352056638
2024-10-22,6,2,8,75.0,766.0022981811335
2024-10-23,6,2,8,75.0,777.912319000361
2024-10-24,6,2,8,75.0,773.9090083194445
2024-10-25,6,2,8,75.0,756.6846949341963
2024-10-28,6,2,8,75.0,772.1226694446773
2024-10-29,6,2,8,75.0,765.9549476963537
2024-10-30,6,2,8,75.0,786.3282858864063
2024-10-31,5,3,8,62.5,785.4076049286949
2024-11-01,6,2,8,75.0,794.9034981824518
2024-11-04,5,3,8,62.5,785.4542946234413
2024-11-05,6,2,8,75.0,812.7272516916735
2024-11-06,6,2,8,75.0,832.7980401264392
2024-11-07,6,2,8,75.0,829.1319956012217
2024-11-08,5,3,8,62.5,817.6790934285723
2024-11-11,5,3,8,62.5,808.6116151446454
2024-11-12,5,3,8,62.5,790.4042240211213
2024-11-13,4,4,8,50.0,763.4603759960161
2024-11-14,4,4,8,50.0,762.6703432568999
2024-11-18,4,4,8,50.0,764.3726526685183
2024-11-19,4,4,8,50.0,773.5973548545719
2024-11-21,4,4,8,50.0,770.2225953958716
2024-11-22,4,4,8,50.0,774.1824203072131
2024-11-25,4,4,8,50.0,781.5327908110775
2024-11-26,4,4,8,50.0,797.1961614172764
2024-11-27,4,4,8,50.0,815.9230035341423
2024-11-28,4,4,8,50.0,817.8257012059005
2024-11-29,5,3,8,62.5,826.3248702055851
2024-12-02,6,2,8,75.0,835.3025948578621
2024-12-03,6,2,8,75.0,837.5736659417436
2024-12-04,6,2,8,75.0,834.5606353778957
2024-12-05,5,3,8,62.5,833.6880058964371
2024-12-06,7,1,8,87.5,855.7764391113711
2024-12-09,7,1,8,87.5,853.2722190153152
2024-12-10,7,1,8,87.5,861.0771257290837
2024-12-11,7,1,8,87.5,863.8371421647697
2024-12-12,6,2,8,75.0,856.6364229890964
2024-12-13,6,2,8,75.0,855.0101220202571
2024-12-16,6,2,8,75.0,860.3976274254343
2024-12-17,7,1,8,87.5,859.3852057791466
2024-12-18,5,3,8,62.5,862.304969497828
2024-12-19,6,2,8,75.0,863.8826448914926
2024-12-20,5,3,8,62.5,848.7415950129101
2024-12-23,6,2,8,75.0,846.0809661714087
2024-12-24,5,3,8,62.5,856.2257034721437
2024-12-26,5,3,8,62.5,847.2645531763498
2024-12-27,5,3,8,62.5,845.34218041789
2024-12-30,5,3,8,62.5,846.1715272850339
2024-12-31,5,3,8,62.5,864.5553778997053
2025-01-01,5,3,8,62.5,869.7720718257516
2025-01-02,6,2,8,75.0,889.7537414017364
2025-01-03,6,2,8,75.0,893.972214373373
2025-01-06,5,3,8,62.5,857.4748581905358
2025-01-07,6,2,8,75.0,872.8818080419207
2025-01-08,6,2,8,75.0,860.6805430110718
2025-01-09,5,3,8,62.5,850.129459992864
2025-01-10,5,3,8,62.5,832.6405706315908
2025-01-13,4,4,8,50.0,793.7773525900693
2025-01-14,4,4,8,50.0,797.009645315266
2025-01-15,4,4,8,50.0,795.2990094224693
2025-01-16,4,4,8,50.0,809.0054390166677
2025-01-17,4,4,8,50.0,816.1063731592302
2025-01-20,6,2,8,75.0,851.1485887900841
2025-01-21,5,3,8,62.5,835.3850596748073
2025-01-22,5,3,8,62.5,822.5245793218556
2025-01-23,5,3,8,62.5,829.5864583921185
2025-01-24,5,3,8,62.5,813.5107327397916
2025-01-27,4,4,8,50.0,789.5918013724315
2025-01-28,4,4,8,50.0,775.1912640151003
2025-01-29,5,3,8,62.5,794.3363123201822
2025-01-30,5,3,8,62.5,814.531346217774
2025-01-31,6,2,8,75.0,825.5168703709421
2025-02-01,6,2,8,75.0,866.487608823468
2025-02-03,6,2,8,75.0,876.9641333899381
2025-02-04,6,2,8,75.0,870.1019911981708
2025-02-05,6,2,8,75.0,856.2887302267706
2025-02-06,5,3,8,62.5,852.1660818548092
2025-02-07,6,2,8,75.0,837.5501136833826
2025-02-10,3,5,8,37.5,795.0340073907561
2025-02-11,3,5,8,37.5,770.720136728592
2025-02-12,3,5,8,37.5,773.8738981734109
2025-02-13,4,4,8,50.0,768.284053819531
2025-02-14,3,5,8,37.5,755.6864107946085
2025-02-17,2,6,8,25.0,741.3661622480421
2025-02-18,2,6,8,25.0,718.3566031845319
2025-02-19,3,5,8,37.5,746.7400698548929
2025-02-20,4,4,8,50.0,766.7399900734681
2025-02-21,4,4,8,50.0,749.0373555666066
2025-02-24,3,5,8,37.5,746.6372331813059
2025-02-25,3,5,8,37.5,739.9622320592708
2025-02-27,3,5,8,37.5,730.7020922601992
2025-02-28,2,6,8,25.0,712.3935910673957
2025-03-03,3,5,8,37.5,712.0215807098664
2025-03-04,2,6,8,25.0,718.495268025499
2025-03-05,3,5,8,37.5,745.7534067455683
2025-03-06,4,4,8,50.0,757.748372572988
2025-03-07,4,4,8,50.0,780.1888904205601
2025-03-10,4,4,8,50.0,769.0907291474242
2025-03-11,4,4,8,50.0,761.3739247753763
2025-03-12,4,4,8,50.0,760.7417845303828
2025-03-13,3,5,8,37.5,760.2006393422946
2025-03-17,3,5,8,37.5,763.5600578525365
2025-03-18,3,5,8,37.5,780.1874161366834
2025-03-19,3,5,8,37.5,790.4304583822395
2025-03-20,4,4,8,50.0,795.6751157572833
2025-03-21,4,4,8,50.0,814.1546296012374
2025-03-24,4,4,8,50.0,818.737339784727
2025-03-25,4,4,8,50.0,797.8747093935842
2025-03-26,4,4,8,50.0,795.0191457572253
2025-03-27,4,4,8,50.0,804.1990485216145
2025-03-28,4,4,8,50.0,805.3705965389806
2025-04-01,4,4,8,50.0,809.3638803867966
2025-04-02,4,4,8,50.0,821.066798967694
2025-04-03,4,4,8,50.0,824.5944627176477
2025-04-04,4,4,8,50.0,790.8787837044889
2025-04-07,4,4,8,50.0,758.6777045994969
2025-04-08,4,4,8,50.0,777.58547366695
2025-04-09,5,3,8,62.5,767.4436346788734
2025-04-11,6,2,8,75.0,793.1641562181196
2025-04-15,6,2,8,75.0,818.0038124055171
2025-04-16,6,2,8,75.0,822.4189116703495
2025-04-17,6,2,8,75.0,831.8736573530923
2025-04-21,6,2,8,75.0,842.5155719977834
2025-04-22,6,2,8,75.0,879.0338807751858
2025-04-23,6,2,8,75.0,877.8706531450954
2025-04-24,6,2,8,75.0,866.4529529406309
2025-04-25,6,2,8,75.0,854.0111320222343
2025-04-28,6,2,8,75.0,852.3302450945913
2025-04-29,6,2,8,75.0,849.913967412704
2025-04-30,6,2,8,75.0,839.4466711004592
2025-05-02,6,2,8,75.0,836.2927527778469
2025-05-05,6,2,8,75.0,841.6201007781016
2025-05-06,6,2,8,75.0,827.1847499863397
2025-05-07,6,2,8,75.0,822.8677958474071
2025-05-08,5,3,8,62.5,806.7705098765895
2025-05-09,4,4,8,50.0,805.630647252816
2025-05-12,6,2,8,75.0,840.362386402851
2025-05-13,6,2,8,75.0,845.5400334074599
2025-05-14,6,2,8,75.0,849.863114160064
2025-05-15,7,1,8,87.5,878.2603874774256
2025-05-16,7,1,8,87.5,885.0028019394434
2025-05-19,7,1,8,87.5,891.216492830969
2025-05-20,7,1,8,87.5,877.6598703947396
2025-05-21,7,1,8,87.5,873.7041630093162
2025-05-22,6,2,8,75.0,868.6092818560693
2025-05-23,7,1,8,87.5,877.076890540052
2025-05-26,7,1,8,87.5,874.227348787427
2025-05-27,7,1,8,87.5,875.4692119305257
2025-05-28,6,2,8,75.0,877.9586791351389
2025-05-29,4,4,8,50.0,866.3633284777909
2025-05-30,5,3,8,62.5,862.6066507889401
2025-06-02,4,4,8,50.0,860.5639227114308
2025-06-03,6,2,8,75.0,871.7058954859687
2025-06-04,7,1,8,87.5,883.2504450730294
2025-06-05,7,1,8,87.5,892.8186806742335
2025-06-06,7,1,8,87.5,882.3101687509318
2025-06-09,7,1,8,87.5,887.7972013369218
2025-06-10,7,1,8,87.5,889.815560487758
2025-06-11,7,1,8,87.5,883.686747880288
2025-06-12,4,4,8,50.0,889.4246605552506
2025-06-13,4,4,8,50.0,883.0095886345479
2025-06-16,4,4,8,50.0,890.9852902840707
2025-06-17,3,5,8,37.5,878.9730368977208
2025-06-18,3,5,8,37.5,873.2925363791377
2025-06-19,3,5,8,37.5,868.1139833955802
2025-06-20,3,5,8,37.5,871.919615760884
2025-06-23,3,5,8,37.5,866.0417841095554
2025-06-24,3,5,8,37.5,869.3488982721066
2025-06-25,3,5,8,37.5,881.5021921405702
2025-06-26,3,5,8,37.5,880.3781365875276
2025-06-27,4,4,8,50.0,878.1883494270893
2025-06-30,4,4,8,50.0,874.7367689961291
2025-07-01,4,4,8,50.0,869.3821502909394
2025-07-02,4,4,9,50.0,860.652568815585
2025-07-03,4,4,9,50.0,865.9519846396273
2025-07-04,4,4,9,50.0,872.1326027083755
2025-07-07,4,4,9,50.0,872.409283145244
2025-07-08,4,4,9,50.0,868.7022442055505
2025-07-09,4,4,9,50.0,868.4259805724215
2025-07-10,4,4,9,50.0,868.8309554673433
2025-07-11,5,3,9,62.5,869.10892782743
2025-07-14,5,3,9,62.5,871.2175323535619
2025-07-15,5,3,9,62.5,877.9682450906718
2025-07-16,5,3,9,62.5,896.3993427445846
2025-07-17,6,2,9,75.0,902.2174564657134
2025-07-18,5,3,9,62.5,903.2332393753696
2025-07-21,6,2,9,75.0,909.4296298909588
2025-07-22,6,2,9,75.0,921.2109384385539
2025-07-23,6,2,9,75.0,925.8434434669257
2025-07-24,5,3,9,62.5,936.1216297234147
2025-07-25,5,3,9,62.5,928.3590859032478
2025-07-28,4,4,9,50.0,921.7269889906751
2025-07-29,4,4,9,50.0,923.4036079400605
2025-07-30,4,4,9,50.0,921.2371022392219
2025-07-31,4,4,9,50.0,920.3236488609163
2025-08-01,4,4,9,50.0,916.9505504970031
2025-08-04,4,4,9,50.0,930.8159081287448
2025-08-05,4,4,9,50.0,923.7782028285349
2025-08-06,4,4,9,50.0,914.6058638640072
2025-08-07,4,4,9,50.0,904.4047616562647
2025-08-08,4,4,9,50.0,895.9972924419253
2025-08-11,4,4,9,50.0,901.6328428561662
2025-08-12,4,4,9,50.0,893.9042433854562
2025-08-13,4,4,9,50.0,899.3449457485076
2025-08-14,4,4,9,50.0,901.1282751527804
2025-08-18,4,4,9,50.0,893.5967009680038
2025-08-19,4,4,9,50.0,906.9816279508454
2025-08-20,4,4,9,50.0,901.8676092509821
2025-08-21,4,4,9,50.0,901.3172189394718
2025-08-22,4,4,9,50.0,904.349262805166
2025-08-25,4,4,9,50.0,895.3971911281428
2025-08-26,4,4,9,50.0,890.3101197090826
2025-08-28,4,4,9,50.0,877.4819768295139
2025-08-29,4,4,9,50.0,881.9962882486822
2025-09-01,4,4,9,50.0,881.6707059762267
2025-09-02,4,4,9,50.0,887.8416380162915
2025-09-03,4,4,9,50.0,883.9001426057415
2025-09-04,4,4,9,50.0,863.5873596897387
2025-09-05,4,4,9,50.0,865.2022448954158
2025-09-08,4,4,9,50.0,861.4302570405977
2025-09-09,4,4,9,50.0,869.8299426270207
2025-09-10,4,4,9,50.0,881.2735950694288
2025-09-11,4,4,9,50.0,900.0030027777786
2025-09-12,4,4,9,50.0,892.182430491588
2025-09-15,4,4,9,50.0,897.5186127234654
2025-09-16,4,4,9,50.0,904.4314075701031
2025-09-17,4,4,9,50.0,903.7247665177171
2025-09-18,4,4,9,50.0,902.2983710187301
2025-09-19,4,4,9,50.0,904.5506223904005
2025-09-22,4,4,9,50.0,912.6625749379277
2025-09-23,4,4,9,50.0,907.9386705510352
2025-09-24,4,4,9,50.0,901.2649445052446
2025-09-25,4,4,9,50.0,890.6016596510796
2025-09-26,4,4,9,50.0,868.5764204581204
2025-09-29,3,5,9,37.5,864.8858808391284
2025-09-30,3,5,9,37.5,860.5461150285945
2025-10-01,3,5,9,37.5,871.7686520033492
2025-10-03,3,5,9,37.5,884.1469165869014
2025-10-06,3,5,9,37.5,881.3980989102186
2025-10-07,3,5,9,37.5,884.2430247616325
2025-10-08,3,5,9,37.5,880.2540493101051
2025-10-09,3,5,9,37.5,883.2446595254611
2025-10-10,3,5,9,37.5,879.5994609065552
2025-10-13,3,5,9,37.5,874.1932655346394
2025-10-14,3,5,9,37.5,862.1766527475361
2025-10-15,3,5,9,37.5,878.7687490440753
2025-10-16,3,5,9,37.5,891.2030499652882
2025-10-17,3,5,9,37.5,895.304614201157
2025-10-20,3,5,9,37.5,901.6194630171318
2025-10-21,3,5,9,37.5,909.8057146834744
2025-10-23,3,5,9,37.5,906.8885832765325
2025-10-24,3,5,9,37.5,899.8225470771836
2025-10-27,3,5,9,37.5,893.3268454788806
2025-10-28,3,5,9,37.5,893.4753293481252
2025-10-29,3,5,9,37.5,903.0085568047693
2025-10-30,4,4,9,50.0,924.8397393032781
2025-10-31,5,3,9,62.5,937.0276515220148
2025-11-03,5,3,9,62.5,946.2731804025894
2025-11-04,5,3,9,62.5,935.4464228096176
2025-11-06,5,3,9,62.5,920.3674733621095
2025-11-07,5,3,9,62.5,930.9882183576855
2025-11-10,4,4,9,50.0,902.5728854649274
2025-11-11,4,4,9,50.0,901.7401140678149
2025-11-12,4,4,9,50.0,913.6348835840545
2025-11-13,4,4,9,50.0,907.2082268828672
2025-11-14,4,4,9,50.0,899.1185422126983
2025-11-17,4,4,9,50.0,899.5512433187906
2025-11-18,4,4,9,50.0,896.0936136606838
2025-11-19,4,4,9,50.0,890.2363633213936
2025-11-20,4,4,9,50.0,892.3746837360534
2025-11-21,4,4,9,50.0,877.0521509160405
2025-11-24,4,4,9,50.0,864.719766603238
2025-11-25,4,4,9,50.0,865.8831343843625
2025-11-26,4,4,9,50.0,872.7003213483872
2025-11-27,4,4,9,50.0,867.5267931552813
2025-11-28,4,4,9,50.0,867.005256642614
2025-12-01,4,4,9,50.0,863.6331258065098
2025-12-02,3,5,9,37.5,857.9961235631865
2025-12-03,3,5,9,37.5,848.3054740483516
2025-12-04,3,5,9,37.5,844.3036661732883
2025-12-05,3,5,9,37.5,837.6224251038773
2025-12-08,3,5,9,37.5,818.7677438780083
2025-12-09,3,5,9,37.5,830.2527757343464
2025-12-10,3,5,9,37.5,822.3523180245593
2025-12-11,3,5,9,37.5,824.4380932571371
2025-12-12,3,5,9,37.5,826.6485336021359
2025-12-15,3,5,9,37.5,828.0981957059881
2025-12-16,3,5,9,37.5,822.7519694806645
2025-12-17,3,5,9,37.5,811.3963795718162
2025-12-18,2,6,9,25.0,807.6100429353993
2025-12-19,3,5,9,37.5,821.3676456847015
2025-12-22,3,5,9,37.5,832.0370576282771
2025-12-23,3,5,9,37.5,832.5841873344622
2025-12-24,3,5,9,37.5,840.0387954960871
2025-12-26,3,5,9,37.5,838.0986064306894
2025-12-29,3,5,9,37.5,823.8021907966047
2025-12-30,3,5,9,37.5,824.057268243271
2025-12-31,4,4,9,50.0,839.9440265866778
2026-01-01,3,5,9,37.5,841.8802488811141
2026-01-02,3,5,9,37.5,840.5187531951309
2026-01-05,3,5,9,37.5,842.8169288680674
2026-01-06,3,5,9,37.5,837.907207644969
2026-01-07,3,5,9,37.5,837.3931241234816
2026-01-08,3,5,9,37.5,817.0557995794812
2026-01-09,2,6,9,25.0,796.5949137561918
2026-01-12,1,7,9,12.5,784.6272278933668
2026-01-13,2,6,9,25.0,785.1145596007971
2026-01-14,2,6,9,25.0,777.2226657391099
2026-01-16,2,6,9,25.0,777.2226657391099
2026-01-19,0,8,9,0.0,767.7227751307491
2026-01-20,0,8,9,0.0,749.2576837422259
2026-01-21,0,8,9,0.0,752.4546268211499
2026-01-22,1,7,9,12.5,767.5041500103558
2026-01-23,1,7,9,12.5,753.6873365840463
2026-01-27,1,7,9,12.5,749.4210839276631
2026-01-28,1,7,9,12.5,756.7696549778856
2026-01-29,1,7,9,12.5,745.5650381557324
2026-01-30,1,7,9,12.5,760.9618442734994
2026-02-01,0,8,9,0.0,745.1855118709324
2026-02-02,0,8,9,0.0,753.2554150254199
2026-02-03,1,7,9,12.5,776.5148974422118
2026-02-04,1,7,9,12.5,779.7690111816122
2026-02-05,1,8,9,11.11111111111111,767.8081341564223
2026-02-06,1,8,9,11.11111111111111,768.2674511618072
2026-02-09,2,7,9,22.22222222222222,785.798074025275
2026-02-10,3,6,9,33.33333333333333,796.1783619597934
2026-02-11,3,6,9,33.33333333333333,792.0450972123402
2026-02-12,2,7,9,22.22222222222222,790.7609154477547
2026-02-13,2,7,9,22.22222222222222,776.0437268245171
2026-02-16,2,7,9,22.22222222222222,771.8777590368353
2026-02-17,2,7,9,22.22222222222222,775.6218777322359
2026-02-18,2,7,9,22.22222222222222,782.8616477554564
2026-02-19,2,7,9,22.22222222222222,778.1626012159649
2026-02-20,1,8,9,11.11111111111111,768.0455726029646
2026-02-23,2,7,9,22.22222222222222,764.5880742707385
2026-02-24,2,7,9,22.22222222222222,755.2544885022087
2026-02-25,2,7,9,22.22222222222222,751.6903324630765
2026-02-26,2,7,9,22.22222222222222,750.7257450424727
2026-02-27,1,8,9,11.11111111111111,746.9995581190824
2026-03-02,0,9,9,0.0,724.7265830906829
2026-03-04,0,9,9,0.0,714.5807978690736
2026-03-05,0,9,9,0.0,718.3103252652411
2026-03-06,2,7,9,22.22222222222222,744.9263422635369
2026-03-09,0,9,9,0.0,725.2247676165749
2026-03-10,2,7,9,22.22222222222222,739.1459067046341
2026-03-11,2,7,9,22.22222222222222,736.6146844522888
2026-03-12,1,8,9,11.11111111111111,729.7437930616784
2026-03-13,0,9,9,0.0,713.4634204333979
2026-03-16,0,9,9,0.0,707.7237527114845
2026-03-17,1,8,9,11.11111111111111,707.228592301916
2026-03-18,1,8,9,11.11111111111111,724.345736483508
2026-03-19,0,9,9,0.0,704.5940483032689
2026-03-20,0,9,9,0.0,709.2034833770289
2026-03-23,0,9,9,0.0,688.6187674875972
2026-03-24,0,9,9,0.0,707.4497625146072
2026-03-25,0,9,9,0.0,713.8384142503079
2026-03-27,0,9,9,0.0,685.8271293489536
2026-03-30,0,9,9,0.0,662.6929989999651
2026-04-01,0,9,9,0.0,700.6507723071383
2026-04-02,0,9,9,0.0,694.2186967634588
2026-04-06,0,9,9,0.0,704.4915017363534
2026-04-07,0,9,9,0.0,705.7763797634755
2026-04-08,0,9,9,0.0,735.1993899010316
2026-04-09,0,9,9,0.0,723.3536319887138
2026-04-10,0,9,9,0.0,744.4167548460997
2026-04-13,0,9,9,0.0,733.9170542967446
2026-04-15,0,9,9,0.0,753.1041909641477
2026-04-16,1,8,9,11.11111111111111,767.65147487391
2026-04-17,2,7,9,22.22222222222222,790.6349341095379
2026-04-20,2,7,9,22.22222222222222,795.9385159455555
2026-04-21,3,6,9,33.33333333333333,800.95288694082
2026-04-22,4,5,9,44.44444444444444,817.0842438116906
2026-04-23,4,5,9,44.44444444444444,810.8537725450757
2026-04-24,5,4,9,55.55555555555556,802.7680574307008
2026-04-27,5,4,9,55.55555555555556,820.4741467581925
2026-04-28,5,4,9,55.55555555555556,819.642264094602
2026-04-29,4,5,9,44.44444444444444,809.4047654871505
2026-04-30,4,5,9,44.44444444444444,806.8956719773186
2026-05-04,4,5,9,44.44444444444444,809.7970411910431
2026-05-05,4,5,9,44.44444444444444,800.0683528115947
2026-05-06,4,5,9,44.44444444444444,801.7826207379144
2026-05-07,4,5,9,44.44444444444444,820.0129345727873
2026-05-08,2,7,9,22.22222222222222,808.2163127142637
2026-05-11,3,6,9,33.33333333333333,796.5707426075156
2026-05-12,1,8,9,11.11111111111111,770.6010285384705
2026-05-13,1,8,9,11.11111111111111,770.7570775462286
2026-05-14,1,8,9,11.11111111111111,769.2326024854624
2026-05-15,1,8,9,11.11111111111111,766.6457527988484
2026-05-18,1,8,9,11.11111111111111,753.0735482642316
2026-05-19,1,8,9,11.11111111111111,755.6249115681019
2026-05-20,1,8,9,11.11111111111111,753.922617155034
2026-05-21,1,8,9,11.11111111111111,753.2129182925926
2026-05-22,1,8,9,11.11111111111111,750.470549635597
2026-05-25,1,8,9,11.11111111111111,769.0338102174637
2026-05-26,1,8,9,11.11111111111111,770.3468818146335
2026-05-27,1,8,9,11.11111111111111,762.2458106466271
2026-05-29,1,8,9,11.11111111111111,757.6595334436809
2026-06-01,1,8,9,11.11111111111111,734.8294061733255
2026-06-02,1,8,9,11.11111111111111,744.7495976251644
2026-06-03,1,8,9,11.11111111111111,741.1054949809285
2026-06-04,1,8,9,11.11111111111111,738.0140239506762
2026-06-05,1,8,9,11.11111111111111,735.5952196180358
2026-06-08,1,8,9,11.11111111111111,731.1277537383402
2026-06-09,1,8,9,11.11111111111111,740.3798108880696
2026-06-10,1,8,9,11.11111111111111,731.865412294864
2026-06-11,1,8,9,11.11111111111111,730.9612182974182
2026-06-12,1,8,9,11.11111111111111,746.4130796731498
2026-06-15,1,8,9,11.11111111111111,748.5843790414295
2026-06-22,1,8,9,11.11111111111111,758.8454003277336
2026-06-23,1,8,9,11.11111111111111,747.4042271815149
2026-06-24,2,7,9,22.22222222222222,749.3369903843113
2026-06-25,2,7,9,22.22222222222222,752.3366380986973
2026-06-29,1,8,9,11.11111111111111,748.3025527023595
2026-06-30,3,6,9,33.33333333333333,759.4083005589055
2026-07-01,3,6,9,33.33333333333333,763.9745123761907
2026-07-02,4,5,9,44.44444444444444,777.0085916271718
2026-07-03,3,6,9,33.33333333333333,775.691676652442
2026-07-06,4,5,9,44.44444444444444,787.5404189509541
2026-07-07,3,6,9,33.33333333333333,780.168705481829
2026-07-08,3,6,9,33.33333333333333,763.1040088420052
2026-07-09,3,6,9,33.33333333333333,768.5381326151406
2026-07-10,3,6,9,33.33333333333333,773.2134388284751
2026-07-13,3,6,9,33.33333333333333,780.6520015772463
2026-07-14,3,6,9,33.33333333333333,776.7753807435387
2026-07-15,3,6,9,33.33333333333333,780.6904772663328
2026-07-16,4,5,9,44.44444444444444,785.3569329581381
2026-07-17,3,6,9,33.33333333333333,776.7837854704527
2026-07-20,3,6,9,33.33333333333333,796.700154136925
2026-07-21,3,6,9,33.33333333333333,790.5810677462132
2026-07-22,3,6,9,33.33333333333333,790.8177658462539
2026-07-23,3,6,9,33.33333333333333,785.9360065246672
2026-07-24,3,6,9,33.33333333333333,794.1314747229851
2026-07-27,3,6,9,33.33333333333333,798.8683588397472
2026-07-28,3,6,9,33.33333333333333,797.9918316939828
2026-07-29,4,5,9,44.44444444444444,810.4927609510621
2026-07-30,4,5,9,44.44444444444444,811.4635386510561
2026-07-31,4,5,9,44.44444444444444,812.762728047624
2026-08-03,4,5,9,44.44444444444444,819.6927344386131
2026-08-04,4,5,9,44.44444444444444,824.3403810865225
2026-08-05,4,5,9,44.44444444444444,830.7564570038192
2026-08-06,4,5,9,44.44444444444444,825.9265375906438
2026-08-07,4,5,9,44.44444444444444,815.7544728530247
2026-08-10,4,5,9,44.44444444444444,819.5174552358294
2026-08-11,4,5,9,44.44444444444444,821.2443497097966
2026-08-12,4,5,9,44.44444444444444,807.3359622908788
2026-08-13,4,5,9,44.44444444444444,812.3593984006957
2026-08-14,4,5,9,44.44444444444444,809.9700522538114
2026-08-17,4,5,9,44.44444444444444,822.267907982281
2026-08-18,4,5,9,44.44444444444444,820.5333449358048
2026-08-19,4,5,9,44.44444444444444,818.3978583413733
2026-08-20,4,5,9,44.44444444444444,821.3306031624297
2026-08-21,4,5,9,44.44444444444444,821.0308169534301
2026-08-24,4,5,9,44.44444444444444,816.6924563731305
2026-08-25,4,5,9,44.44444444444444,816.8557195917199
