Date,Above,Below,Total,Percentage,Index_Close
2014-08-07,8,0,8,100.0,180.1856253771452
2014-08-08,8,0,8,100.0,174.08282910487333
2014-08-11,8,0,8,100.0,175.9785306363206
2014-08-12,8,0,8,100.0,177.92271446328246
2014-08-13,8,0,8,100.0,172.6505535384963
2014-08-14,8,0,8,100.0,172.36400702603885
2014-08-18,8,0,8,100.0,177.80087935464752
2014-08-19,8,0,8,100.0,180.67324931532642
2014-08-20,8,0,8,100.0,183.99509372697293
2014-08-21,8,0,8,100.0,183.64654313571899
2014-08-22,8,0,8,100.0,183.86923350238257
2014-08-25,8,0,8,100.0,182.74479547423817
2014-08-26,8,0,8,100.0,181.01570798102756
2014-08-27,8,0,8,100.0,180.46369817346138
2014-08-28,8,0,8,100.0,181.34616607232164
2014-09-01,8,0,8,100.0,185.1728478501607
2014-09-02,8,0,8,100.0,187.5153927216582
2014-09-03,8,0,8,100.0,191.1537235328392
2014-09-04,8,0,8,100.0,193.35207860849243
2014-09-05,8,0,8,100.0,193.67107688331262
2014-09-08,8,0,8,100.0,196.68772615303328
2014-09-09,8,0,8,100.0,202.68318497546346
2014-09-10,8,0,8,100.0,201.8397926862634
2014-09-11,8,0,8,100.0,204.36665627061447
2014-09-12,8,0,8,100.0,203.0500222977795
2014-09-15,8,0,8,100.0,203.72583131512104
2014-09-16,8,0,8,100.0,193.21458039723964
2014-09-17,8,0,8,100.0,195.566657441057
2014-09-18,8,0,8,100.0,198.9258205057755
2014-09-19,8,0,8,100.0,200.69376144155498
2014-09-22,8,0,8,100.0,200.5534578264945
2014-09-23,8,0,8,100.0,195.80057864156646
2014-09-24,8,0,8,100.0,193.0027112050232
2014-09-25,8,0,8,100.0,189.66693596225588
2014-09-26,8,0,8,100.0,188.52833213203093
2014-09-29,8,0,8,100.0,189.26630771959205
2014-09-30,8,0,8,100.0,189.86199516892648
2014-10-01,8,0,8,100.0,187.75622283260012
2014-10-07,8,0,8,100.0,186.2937255398296
2014-10-08,8,0,8,100.0,185.02836855290926
2014-10-09,8,0,8,100.0,187.87504319457383
2014-10-10,8,0,8,100.0,183.22565964864955
2014-10-13,8,0,8,100.0,183.9611991883349
2014-10-14,8,0,8,100.0,181.72842065425766
2014-10-16,8,0,8,100.0,177.17818433721575
2014-10-17,8,0,8,100.0,178.27048892053995
2014-10-20,8,0,8,100.0,178.4516080887257
2014-10-21,8,0,8,100.0,180.60479164264527
2014-10-22,8,0,8,100.0,184.36669329551432
2014-10-23,8,0,8,100.0,187.1123468466404
2014-10-27,8,0,8,100.0,185.53642769343725
2014-10-28,8,0,8,100.0,186.03900287290028
2014-10-29,8,0,8,100.0,188.12939880050132
2014-10-30,8,0,8,100.0,189.4617914053611
2014-10-31,8,0,8,100.0,190.0353504614589
2014-11-03,8,0,8,100.0,190.454084099045
2014-11-05,8,0,8,100.0,191.22609596183332
2014-11-07,8,0,8,100.0,189.12126654972644
2014-11-10,8,0,8,100.0,188.183908704574
2014-11-11,8,0,8,100.0,187.6910320720103
2014-11-12,8,0,8,100.0,186.68106515716676
2014-11-13,8,0,8,100.0,188.58722165982903
2014-11-14,8,0,8,100.0,190.56567841967512
2014-11-17,8,0,8,100.0,193.83855175317737
2014-11-18,8,0,8,100.0,199.12866391037056
2014-11-19,8,0,8,100.0,200.23682978187037
2014-11-20,8,0,8,100.0,198.0243232366707
2014-11-21,8,0,8,100.0,199.10477285216814
2014-11-24,8,0,8,100.0,198.49321576188626
2014-11-25,8,0,8,100.0,193.5429214974054
2014-11-26,8,0,8,100.0,197.14854255204443
2014-11-27,8,0,8,100.0,200.48424489277244
2014-11-28,8,0,8,100.0,199.65065574003603
2014-12-01,8,0,8,100.0,194.2997787320259
2014-12-02,8,0,8,100.0,195.3142954835446
2014-12-03,8,0,8,100.0,197.80334068724187
2014-12-04,8,0,8,100.0,210.76302138532097
2014-12-05,8,0,8,100.0,206.027269097762
2014-12-08,8,0,8,100.0,201.6598653931183
2014-12-09,8,0,8,100.0,196.88541994740135
2014-12-10,8,0,8,100.0,200.75411446400128
2014-12-11,7,1,8,87.5,197.4168187977915
2014-12-12,7,1,8,87.5,194.14653349687595
2014-12-15,7,1,8,87.5,191.96131335692817
2014-12-16,7,1,8,87.5,182.90999974911713
2014-12-17,6,2,8,75.0,180.64805478910208
2014-12-18,7,1,8,87.5,187.8525662895231
2014-12-19,7,1,8,87.5,189.9744220665332
2014-12-22,7,1,8,87.5,189.8117755414407
2014-12-23,7,1,8,87.5,188.1927619853756
2014-12-24,7,1,8,87.5,187.79460769185448
2014-12-26,7,1,8,87.5,187.2638904718869
2014-12-29,7,1,8,87.5,189.07300657488653
2014-12-30,7,1,8,87.5,199.3488467650829
2014-12-31,7,1,8,87.5,198.93707420818865
2015-01-01,7,1,8,87.5,198.77466907440814
2015-01-02,7,1,8,87.5,199.72997179333663
2015-01-05,7,1,8,87.5,197.87083858197022
2015-01-06,7,1,8,87.5,190.06215777019992
2015-01-07,7,1,8,87.5,190.01558329066364
2015-01-08,7,1,8,87.5,197.00780788230233
2015-01-09,7,1,8,87.5,194.5577826561094
2015-01-12,7,1,8,87.5,198.0646117538485
2015-01-13,7,1,8,87.5,196.29850266030527
2015-01-14,7,1,8,87.5,195.84162543075377
2015-01-15,7,1,8,87.5,198.34729715830153
2015-01-16,7,1,8,87.5,198.2569514101878
2015-01-19,7,1,8,87.5,198.48827830141136
2015-01-20,7,1,8,87.5,197.11793166258425
2015-01-21,7,1,8,87.5,197.58078518036316
2015-01-22,7,1,8,87.5,199.19095239154495
2015-01-23,7,1,8,87.5,199.43804963996797
2015-01-27,7,1,8,87.5,202.18349428602363
2015-01-28,7,1,8,87.5,202.65547413043015
2015-01-29,7,1,8,87.5,201.97911424720522
2015-01-30,7,1,8,87.5,201.27316152091646
2015-02-02,7,1,8,87.5,204.40719741995528
2015-02-03,7,1,8,87.5,205.13043991041582
2015-02-04,7,1,8,87.5,201.82151912022147
2015-02-05,7,1,8,87.5,196.84480113628538
2015-02-06,7,1,8,87.5,192.8255547789525
2015-02-09,6,2,8,75.0,190.31537519398353
2015-02-10,6,2,8,75.0,191.52883399855273
2015-02-11,6,2,8,75.0,194.24066930939156
2015-02-12,6,2,8,75.0,198.805716692495
2015-02-13,7,1,8,87.5,199.6426848528374
2015-02-16,7,1,8,87.5,201.35009623262033
2015-02-18,7,1,8,87.5,203.0183546842888
2015-02-19,6,2,8,75.0,203.43927520137882
2015-02-20,7,1,8,87.5,206.51083811637162
2015-02-23,6,2,8,75.0,205.7794908559654
2015-02-24,7,1,8,87.5,205.62324194500178
2015-02-25,7,1,8,87.5,206.0461904866595
2015-02-26,6,2,8,75.0,203.88655216420793
2015-02-27,6,2,8,75.0,207.45010478585075
2015-02-28,6,2,8,75.0,205.1829814459896
2015-03-02,6,2,8,75.0,208.09552188745627
2015-03-03,6,2,8,75.0,210.5466969709484
2015-03-04,5,3,8,62.5,208.1108046278968
2015-03-05,5,3,8,62.5,208.36313209397684
2015-03-09,4,4,8,50.0,204.63843006023743
2015-03-10,4,4,8,50.0,202.844149838587
2015-03-11,4,4,8,50.0,201.65102018561788
2015-03-12,4,4,8,50.0,205.18845290216197
2015-03-13,4,4,8,50.0,204.8513864448537
2015-03-16,4,4,8,50.0,201.6723353859164
2015-03-17,4,4,8,50.0,203.05384981798076
2015-03-18,4,4,8,50.0,203.72307369179268
2015-03-19,4,4,8,50.0,202.4544918318571
2015-03-20,4,4,8,50.0,201.06041296084746
2015-03-23,4,4,8,50.0,198.66524307389497
2015-03-24,4,4,8,50.0,195.58422274033205
2015-03-25,4,4,8,50.0,194.41649084279783
2015-03-26,3,5,8,37.5,191.00350153395698
2015-03-27,4,4,8,50.0,193.02157335241796
2015-03-30,5,3,8,62.5,203.26508003484398
2015-03-31,5,3,8,62.5,211.81837281009078
2015-04-01,5,3,8,62.5,217.83152352671712
2015-04-06,5,3,8,62.5,222.54655921027532
2015-04-07,5,3,8,62.5,222.0896681970074
2015-04-08,6,2,8,75.0,221.94096356705776
2015-04-09,6,2,8,75.0,223.09324918306217
2015-04-10,5,3,8,62.5,225.8312308518073
2015-04-13,6,2,8,75.0,229.09392472984712
2015-04-15,7,1,8,87.5,232.85972870593437
2015-04-16,8,0,8,100.0,232.7279324086783
2015-04-17,8,0,8,100.0,228.3083503729997
2015-04-20,5,3,8,62.5,224.10160527601101
2015-04-21,5,3,8,62.5,223.2709355438174
2015-04-22,6,2,8,75.0,223.76706371390847
2015-04-23,5,3,8,62.5,222.7239150398658
2015-04-24,4,4,8,50.0,215.49680393470342
2015-04-27,4,4,8,50.0,210.06200753210527
2015-04-28,4,4,8,50.0,213.86963791863863
2015-04-29,4,4,8,50.0,216.58397964856078
2015-04-30,4,4,8,50.0,218.09900144038727
2015-05-04,6,2,8,75.0,223.57011936808675
2015-05-05,5,3,8,62.5,220.6900059552924
2015-05-06,3,5,8,37.5,212.4069662875685
2015-05-07,3,5,8,37.5,210.4476299797737
2015-05-08,4,4,8,50.0,214.12402868255134
2015-05-11,5,3,8,62.5,216.41173362943488
2015-05-12,3,5,8,37.5,213.0637937721575
2015-05-13,4,4,8,50.0,213.51470687021657
2015-05-14,4,4,8,50.0,220.89781610575665
2015-05-15,4,4,8,50.0,220.78947243815307
2015-05-18,4,4,8,50.0,225.13084795135225
2015-05-19,5,3,8,62.5,229.81668171531493
2015-05-20,5,3,8,62.5,230.3492277871876
2015-05-21,5,3,8,62.5,227.8434157615807
2015-05-22,5,3,8,62.5,226.03640683277746
2015-05-25,5,3,8,62.5,224.9253693714214
2015-05-26,5,3,8,62.5,224.90048671473022
2015-05-27,6,2,9,75.0,224.45781770596676
2015-05-28,6,2,9,75.0,225.25081568073912
2015-05-29,5,3,9,62.5,227.35574772018316
2015-06-01,5,3,9,62.5,227.56721770205152
2015-06-02,5,3,9,62.5,223.19833541621196
2015-06-03,5,3,9,62.5,217.54230772163802
2015-06-04,5,3,9,62.5,219.38177209173068
2015-06-05,5,3,9,62.5,220.1772781810293
2015-06-08,5,3,9,62.5,217.02893940618156
2015-06-09,5,3,9,62.5,221.57260751821477
2015-06-10,5,3,9,62.5,221.48674079407135
2015-06-11,5,3,9,62.5,217.36941159727272
2015-06-12,5,3,9,62.5,216.2974791676227
2015-06-15,4,4,9,50.0,217.05830987748783
2015-06-16,5,3,9,62.5,216.1435904135872
2015-06-17,4,4,9,50.0,218.11366772035456
2015-06-18,4,4,9,50.0,223.1405200394926
2015-06-19,4,4,9,50.0,223.7744536212956
2015-06-22,5,3,9,62.5,227.56152951613876
2015-06-23,5,3,9,62.5,229.9821302968237
2015-06-24,5,3,9,62.5,226.56666086311765
2015-06-25,5,3,9,62.5,226.22034414045348
2015-06-26,5,3,9,62.5,229.50519663147128
2015-06-29,5,3,9,62.5,226.45625385620897
2015-06-30,6,2,9,75.0,231.8949687378768
2015-07-01,6,2,9,75.0,233.06336468364236
2015-07-02,6,2,9,75.0,233.53426032392068
2015-07-03,5,3,9,62.5,235.3675322483458
2015-07-06,5,3,9,62.5,237.1957634876291
2015-07-07,5,3,9,62.5,239.7691493536869
2015-07-08,5,3,9,62.5,236.8772962198422
2015-07-09,6,2,9,75.0,239.3800219962651
2015-07-10,5,3,9,62.5,241.80713891297682
2015-07-13,6,2,9,75.0,243.45972031917626
2015-07-14,6,2,9,75.0,244.3548074286015
2015-07-15,5,3,9,62.5,244.21088872392497
2015-07-16,7,1,9,87.5,245.0236669333327
2015-07-17,6,2,9,75.0,245.31518429779587
2015-07-20,7,1,9,87.5,245.8380864341636
2015-07-21,6,2,9,75.0,242.83736995073292
2015-07-22,6,2,9,75.0,246.50662774841115
2015-07-23,7,1,9,87.5,247.23655106179163
2015-07-24,7,1,9,87.5,246.1812348846585
2015-07-27,7,1,9,87.5,242.1163792884099
2015-07-28,7,1,9,87.5,242.76138829829077
2015-07-29,7,1,9,87.5,244.13096148485374
2015-07-30,7,1,9,87.5,243.4426114172207
2015-07-31,7,1,9,87.5,244.4503232939936
2015-08-03,7,1,9,87.5,245.32398708876642
2015-08-04,7,1,9,87.5,249.32794321166125
2015-08-05,7,1,9,87.5,258.85417558472903
2015-08-06,7,1,9,87.5,257.8755873468504
2015-08-07,7,1,9,87.5,254.40916770761692
2015-08-10,7,1,9,87.5,251.93712321273898
2015-08-11,7,1,9,87.5,246.57857517444896
2015-08-12,7,1,9,87.5,241.13616716403249
2015-08-13,7,1,9,87.5,242.37320277071476
2015-08-14,7,1,9,87.5,248.82798917855143
2015-08-17,7,1,9,87.5,248.26368148159608
2015-08-18,6,2,9,75.0,247.03431552733272
2015-08-19,6,2,9,75.0,247.0790394467869
2015-08-20,6,2,9,75.0,242.25161530144544
2015-08-21,6,2,9,75.0,239.6225124818131
2015-08-24,3,5,9,37.5,214.72444974294356
2015-08-25,4,4,9,50.0,214.0305313338859
2015-08-26,3,5,9,37.5,216.22447807130584
2015-08-27,5,3,9,62.5,224.1644133269249
2015-08-28,4,4,9,50.0,224.8482065277317
2015-08-31,4,4,9,50.0,223.7893863733729
2015-09-01,4,4,9,50.0,216.07483731607203
2015-09-02,3,5,9,37.5,215.35399180170614
2015-09-03,3,5,9,37.5,218.425352616581
2015-09-04,3,5,9,37.5,211.87614420362485
2015-09-07,3,5,9,37.5,205.04009349830662
2015-09-08,3,5,9,37.5,207.57026668510457
2015-09-09,3,5,9,37.5,216.90304589646638
2015-09-10,3,5,9,37.5,214.40110808612306
2015-09-11,4,4,9,50.0,217.29778959562194
2015-09-14,4,4,9,50.0,220.97002879890573
2015-09-15,4,4,9,50.0,220.94947992333437
2015-09-16,4,4,9,50.0,221.68206500858517
2015-09-18,4,4,9,50.0,224.47357561190228
2015-09-21,4,4,9,50.0,229.35233839570012
2015-09-22,5,3,9,62.5,228.56486209239475
2015-09-23,5,3,9,62.5,228.5213601223903
2015-09-24,4,4,9,50.0,226.47277828272178
2015-09-28,4,4,9,50.0,222.14667101660694
2015-09-29,4,4,9,50.0,221.497797785771
2015-09-30,4,4,9,50.0,225.40741280629297
2015-10-01,4,4,9,50.0,225.2469694257346
2015-10-05,4,4,9,50.0,229.9314073365092
2015-10-06,4,4,9,50.0,232.51301422835797
2015-10-07,4,4,9,50.0,233.83182889527063
2015-10-08,4,4,9,50.0,231.9691546304495
2015-10-09,4,4,9,50.0,233.54624317506344
2015-10-12,4,4,9,50.0,232.3330854632521
2015-10-13,4,4,9,50.0,233.2895121930323
2015-10-14,4,4,9,50.0,235.49842048817666
2015-10-15,4,4,9,50.0,236.55282284618517
2015-10-16,4,4,9,50.0,234.7519261253044
2015-10-19,5,3,9,62.5,237.3812734900002
2015-10-20,5,3,9,62.5,242.59716593027383
2015-10-21,5,3,9,62.5,242.1435725623712
2015-10-23,5,3,9,62.5,239.95240383915583
2015-10-26,5,3,9,62.5,238.50183103657665
2015-10-27,5,3,9,62.5,236.82492632037332
2015-10-28,4,4,9,50.0,234.17629831207432
2015-10-29,5,3,9,62.5,232.15166959572778
2015-10-30,4,4,9,50.0,230.9913671627399
2015-11-02,3,5,9,37.5,231.18909419222996
2015-11-03,4,4,9,50.0,232.04147138128133
2015-11-04,4,4,9,50.0,231.87325202229675
2015-11-05,3,5,9,37.5,229.41992517197517
2015-11-06,3,5,9,37.5,228.39211929282547
2015-11-09,3,5,9,37.5,228.23798204090363
2015-11-10,3,5,9,37.5,226.20015301487996
2015-11-11,3,5,9,37.5,229.06064556632927
2015-11-13,3,5,9,37.5,228.85722966088187
2015-11-16,4,4,9,50.0,233.58599890376647
2015-11-17,4,4,9,50.0,235.1013408612462
2015-11-18,4,4,9,50.0,234.43828475439412
2015-11-19,4,4,9,50.0,239.5169867454451
2015-11-20,4,4,9,50.0,239.106660537523
2015-11-23,4,4,9,50.0,239.88169512531977
2015-11-24,4,4,9,50.0,238.74415589452633
2015-11-26,4,4,9,50.0,244.3979982366886
2015-11-27,4,4,9,50.0,246.95265698948936
2015-11-30,4,4,9,50.0,251.3725715815016
2015-12-01,4,4,9,50.0,251.41437377457208
2015-12-02,4,4,9,50.0,251.26587464541026
2015-12-03,4,4,9,50.0,252.4035155092133
2015-12-04,5,3,9,62.5,255.15731371384805
2015-12-07,5,3,9,62.5,259.465856342094
2015-12-08,5,3,9,62.5,252.3688378494261
2015-12-09,5,3,9,62.5,242.74519322777596
2015-12-10,5,3,9,62.5,250.5793659836888
2015-12-11,5,3,9,62.5,244.9579614122762
2015-12-14,5,3,9,62.5,247.83068743143116
2015-12-15,5,3,9,62.5,252.0836822209608
2015-12-16,5,3,9,62.5,252.21608632488
2015-12-17,5,3,9,62.5,258.44343199236494
2015-12-18,5,3,9,62.5,263.4918370109102
2015-12-21,6,2,9,75.0,266.3549950901811
2015-12-22,6,2,9,75.0,264.5790744044075
2015-12-23,6,2,9,75.0,265.0753357197189
2015-12-24,6,2,9,75.0,264.03673045552927
2015-12-28,6,2,9,75.0,264.26053506691017
2015-12-29,6,2,9,75.0,265.4532502691821
2015-12-30,6,2,9,75.0,266.87804348618374
2015-12-31,7,2,9,77.77777777777779,274.5787821178157
2016-01-01,7,2,9,77.77777777777779,283.8904944261239
2016-01-04,7,2,9,77.77777777777779,280.76519725791474
2016-01-05,7,2,9,77.77777777777779,287.10802916951224
2016-01-06,7,2,9,77.77777777777779,286.13105207531385
2016-01-07,7,2,9,77.77777777777779,271.33074760243426
2016-01-08,7,2,9,77.77777777777779,280.73025881256575
2016-01-11,7,2,9,77.77777777777779,283.1128872678634
2016-01-12,7,2,9,77.77777777777779,278.68665920579576
2016-01-13,7,2,9,77.77777777777779,271.68082640833944
2016-01-14,7,2,9,77.77777777777779,272.3505384598308
2016-01-15,6,3,9,66.66666666666666,260.9355758954297
2016-01-18,5,4,9,55.55555555555556,247.76629288343753
2016-01-19,5,4,9,55.55555555555556,252.9689655901667
2016-01-20,4,5,9,44.44444444444444,245.19798848123781
2016-01-21,5,4,9,55.55555555555556,245.986538809621
2016-01-22,5,4,9,55.55555555555556,252.95578328130654
2016-01-25,5,4,9,55.55555555555556,257.4131463478215
2016-01-27,6,3,9,66.66666666666666,260.50672023520843
2016-01-28,6,3,9,66.66666666666666,262.3832457150953
2016-01-29,6,3,9,66.66666666666666,265.11515898504456
2016-02-01,6,3,9,66.66666666666666,266.11821201382276
2016-02-02,6,3,9,66.66666666666666,260.1482567371944
2016-02-03,5,4,9,55.55555555555556,253.91857074554954
2016-02-04,5,4,9,55.55555555555556,253.42868060551905
2016-02-05,6,3,9,66.66666666666666,259.83895969043516
2016-02-08,5,4,9,55.55555555555556,256.387399803258
2016-02-09,5,4,9,55.55555555555556,251.4949700425748
2016-02-10,5,4,9,55.55555555555556,248.74239598923032
2016-02-11,4,5,9,44.44444444444444,231.06262476029107
2016-02-12,4,5,9,44.44444444444444,229.74440091543417
2016-02-15,3,6,9,33.33333333333333,237.65450951291172
2016-02-16,3,6,9,33.33333333333333,232.38247936609383
2016-02-17,3,6,9,33.33333333333333,232.0955622669037
2016-02-18,3,6,9,33.33333333333333,235.40588090258504
2016-02-19,3,6,9,33.33333333333333,238.29320963856154
2016-02-22,4,5,9,44.44444444444444,236.16920192411345
2016-02-23,3,6,9,33.33333333333333,231.25759156022494
2016-02-24,3,6,9,33.33333333333333,228.94027173165688
2016-02-25,2,7,9,22.22222222222222,226.1304089498805
2016-02-26,1,8,9,11.11111111111111,223.53849952439043
2016-02-29,1,8,9,11.11111111111111,218.63957519590525
2016-03-01,2,7,9,22.22222222222222,231.4791820189873
2016-03-02,4,5,9,44.44444444444444,238.70926877161446
2016-03-03,4,5,9,44.44444444444444,239.66183922214572
2016-03-04,4,5,9,44.44444444444444,240.21866713986375
2016-03-08,3,6,9,33.33333333333333,238.425356847244
2016-03-09,3,6,9,33.33333333333333,239.7804075360866
2016-03-10,3,6,9,33.33333333333333,238.82971425431262
2016-03-11,3,6,9,33.33333333333333,237.83132079134495
2016-03-14,4,5,9,44.44444444444444,238.53305267384277
2016-03-15,3,6,9,33.33333333333333,240.00464023780057
2016-03-16,3,6,9,33.33333333333333,239.00083873526376
2016-03-17,5,4,9,55.55555555555556,245.7930441619818
2016-03-18,5,4,9,55.55555555555556,243.58132276112946
2016-03-21,5,4,9,55.55555555555556,247.28543623401103
2016-03-22,5,4,9,55.55555555555556,249.69214272692938
2016-03-23,5,4,9,55.55555555555556,251.3121918540475
2016-03-28,5,4,9,55.55555555555556,243.71398098288392
2016-03-29,5,4,9,55.55555555555556,243.99158538972893
2016-03-30,5,4,9,55.55555555555556,250.02180650074274
2016-03-31,5,4,9,55.55555555555556,248.68020511556946
2016-04-01,5,4,9,55.55555555555556,250.3426196980172
2016-04-04,5,4,9,55.55555555555556,253.1291223396943
2016-04-05,5,4,9,55.55555555555556,250.34720465922277
2016-04-06,5,4,9,55.55555555555556,256.8769244895493
2016-04-07,5,4,9,55.55555555555556,254.43339457019772
2016-04-08,5,4,9,55.55555555555556,259.58385325212333
2016-04-11,5,4,9,55.55555555555556,260.6822576278255
2016-04-12,5,4,9,55.55555555555556,262.4571750514352
2016-04-13,6,3,9,66.66666666666666,264.89597799472733
2016-04-18,5,4,9,55.55555555555556,265.2934443141663
2016-04-20,6,3,9,66.66666666666666,266.9496733998806
2016-04-21,6,3,9,66.66666666666666,269.2843332800366
2016-04-22,5,4,9,55.55555555555556,271.0919700940555
2016-04-25,5,4,9,55.55555555555556,267.132061600648
2016-04-26,5,4,9,55.55555555555556,270.2554090003903
2016-04-27,5,4,9,55.55555555555556,270.8457636904412
2016-04-28,5,4,9,55.55555555555556,265.905946282017
2016-04-29,5,4,9,55.55555555555556,266.6799317383435
2016-05-02,5,4,9,55.55555555555556,269.62550900643134
2016-05-03,5,4,9,55.55555555555556,267.2036969732291
2016-05-04,5,4,9,55.55555555555556,263.30855586926725
2016-05-05,5,4,9,55.55555555555556,265.2221876220954
2016-05-06,5,4,9,55.55555555555556,264.2902431394586
2016-05-09,5,4,9,55.55555555555556,266.97803261280126
2016-05-10,5,4,9,55.55555555555556,265.0154305283635
2016-05-11,5,4,9,55.55555555555556,263.4419668588757
2016-05-12,5,4,9,55.55555555555556,266.99768973387023
2016-05-13,5,4,9,55.55555555555556,267.0477156635981
2016-05-16,5,4,9,55.55555555555556,268.34720435453454
2016-05-17,5,4,9,55.55555555555556,267.31731512615215
2016-05-18,5,4,9,55.55555555555556,267.3791792432673
2016-05-19,5,4,9,55.55555555555556,265.5010455175626
2016-05-20,5,4,9,55.55555555555556,262.4204031678974
2016-05-23,5,4,9,55.55555555555556,260.27479435079124
2016-05-24,4,5,9,44.44444444444444,259.1121915969153
2016-05-25,5,4,9,55.55555555555556,261.33357922660923
2016-05-26,6,3,9,66.66666666666666,265.8433998656628
2016-05-27,7,2,9,77.77777777777779,271.40605814589105
2016-05-30,7,2,9,77.77777777777779,270.94668262338456
2016-05-31,7,2,9,77.77777777777779,268.88296960239416
2016-06-01,7,2,9,77.77777777777779,271.5080873757109
2016-06-02,7,2,9,77.77777777777779,272.10300290636525
2016-06-03,7,2,9,77.77777777777779,270.3371209025257
2016-06-06,7,2,9,77.77777777777779,270.9469286655396
2016-06-07,7,2,9,77.77777777777779,270.209090117914
2016-06-08,7,2,9,77.77777777777779,273.17973330189506
2016-06-09,7,2,9,77.77777777777779,275.54737248004966
2016-06-10,7,2,9,77.77777777777779,274.351399445911
2016-06-13,7,2,9,77.77777777777779,271.5381788725406
2016-06-14,7,2,9,77.77777777777779,272.2735422546886
2016-06-15,7,2,9,77.77777777777779,276.10428708147407
2016-06-16,7,2,9,77.77777777777779,274.30431568006077
2016-06-17,7,2,9,77.77777777777779,273.54445510451967
2016-06-20,7,2,9,77.77777777777779,274.2893195824547
2016-06-21,7,2,9,77.77777777777779,273.9263615576467
2016-06-22,7,2,9,77.77777777777779,272.35081834510544
2016-06-23,7,2,9,77.77777777777779,272.2287487613897
2016-06-24,6,3,9,66.66666666666666,266.45708239414733
2016-06-27,7,2,9,77.77777777777779,270.7146553158168
2016-06-28,7,2,9,77.77777777777779,272.43794990964545
2016-06-29,7,2,9,77.77777777777779,279.51553098384386
2016-06-30,7,2,9,77.77777777777779,281.64530821137106
2016-07-01,8,1,9,88.88888888888889,284.2753115371968
2016-07-04,8,1,9,88.88888888888889,288.9913114900485
2016-07-05,8,1,9,88.88888888888889,283.90607914166424
2016-07-07,8,1,9,88.88888888888889,284.9067386565271
2016-07-08,8,1,9,88.88888888888889,283.1592815346469
2016-07-11,8,1,9,88.88888888888889,285.5209648511183
2016-07-12,8,1,9,88.88888888888889,286.25590317050967
2016-07-13,7,2,9,77.77777777777779,281.6333772423058
2016-07-14,8,1,9,88.88888888888889,282.58582330906285
2016-07-15,7,2,9,77.77777777777779,281.66132872507575
2016-07-18,7,2,9,77.77777777777779,279.70961983359064
2016-07-19,7,2,9,77.77777777777779,279.08700215391724
2016-07-20,7,2,9,77.77777777777779,282.3087459906559
2016-07-21,7,2,9,77.77777777777779,280.28124105706536
2016-07-22,8,1,9,88.88888888888889,284.28178877496805
2016-07-25,8,1,9,88.88888888888889,288.5476849782555
2016-07-26,8,1,9,88.88888888888889,287.3086771305094
2016-07-27,8,1,9,88.88888888888889,287.5453746830463
2016-07-28,8,1,9,88.88888888888889,288.1926409340562
2016-07-29,7,2,9,77.77777777777779,288.574715236025
2016-08-01,7,2,9,77.77777777777779,288.9691428802825
2016-08-02,7,2,9,77.77777777777779,284.93253925543013
2016-08-03,7,2,9,77.77777777777779,281.5791481129378
2016-08-04,7,2,9,77.77777777777779,281.1219227520342
2016-08-05,7,2,9,77.77777777777779,282.472743625966
2016-08-08,7,2,9,77.77777777777779,283.3188864960517
2016-08-09,7,2,9,77.77777777777779,279.2622254123855
2016-08-10,7,2,9,77.77777777777779,278.1181686977988
2016-08-11,7,2,9,77.77777777777779,278.6498832106796
2016-08-12,7,2,9,77.77777777777779,279.31445359652116
2016-08-16,7,2,9,77.77777777777779,275.02087682392005
2016-08-17,7,2,9,77.77777777777779,275.13310878752776
2016-08-18,7,2,9,77.77777777777779,282.2591320940102
2016-08-19,7,2,9,77.77777777777779,282.41259284642007
2016-08-22,7,2,9,77.77777777777779,284.1907284706156
2016-08-23,7,2,9,77.77777777777779,283.54614976641324
2016-08-24,7,2,9,77.77777777777779,284.68752258065325
2016-08-25,7,2,9,77.77777777777779,285.1202313329701
2016-08-26,7,2,9,77.77777777777779,283.39547605317944
2016-08-29,7,2,9,77.77777777777779,280.57315650095757
2016-08-30,7,2,9,77.77777777777779,281.75547777585183
2016-08-31,7,2,9,77.77777777777779,281.9991903290425
2016-09-01,7,2,9,77.77777777777779,282.0331187594161
2016-09-02,7,2,9,77.77777777777779,283.2349270043179
2016-09-06,7,2,9,77.77777777777779,286.7122764084713
2016-09-07,6,3,9,66.66666666666666,286.5389524767817
2016-09-08,6,3,9,66.66666666666666,288.96260344412485
2016-09-09,6,3,9,66.66666666666666,285.3547285707946
2016-09-12,6,3,9,66.66666666666666,277.6710123979855
2016-09-14,6,3,10,66.66666666666666,280.97648609030125
2016-09-15,6,3,10,66.66666666666666,281.3651258834776
2016-09-16,6,3,10,66.66666666666666,282.1588328699088
2016-09-19,6,3,10,66.66666666666666,281.55338262133256
2016-09-20,6,3,10,66.66666666666666,282.3591206866493
2016-09-21,6,3,10,66.66666666666666,282.1957450250439
2016-09-22,6,3,10,66.66666666666666,284.31898810272014
2016-09-23,7,2,10,77.77777777777779,285.7612284776745
2016-09-26,6,3,10,66.66666666666666,283.35275233075214
2016-09-27,6,3,10,66.66666666666666,283.06868416449305
2016-09-28,6,3,10,66.66666666666666,283.66703841294816
2016-09-29,4,5,10,44.44444444444444,268.9877870765876
2016-09-30,6,3,10,66.66666666666666,276.636731724271
2016-10-03,6,3,10,66.66666666666666,281.7331634456117
2016-10-04,6,3,10,66.66666666666666,281.08896259413444
2016-10-05,7,2,10,77.77777777777779,283.115650813356
2016-10-06,7,2,10,77.77777777777779,288.7102835492166
2016-10-07,7,2,10,77.77777777777779,286.8497920951322
2016-10-10,7,2,10,77.77777777777779,287.85890802262537
2016-10-13,7,2,10,77.77777777777779,284.20468430868414
2016-10-14,7,2,10,77.77777777777779,288.75828000304585
2016-10-17,7,2,10,77.77777777777779,287.4711039071116
2016-10-18,7,2,10,77.77777777777779,289.99177632805345
2016-10-19,7,2,10,77.77777777777779,289.65243287043654
2016-10-20,7,2,10,77.77777777777779,291.52403140450565
2016-10-21,8,1,10,88.88888888888889,293.6342223396621
2016-10-24,7,2,10,77.77777777777779,292.1206488191187
2016-10-25,7,2,10,77.77777777777779,290.98065853587156
2016-10-26,6,3,10,66.66666666666666,288.80285852162285
2016-10-27,6,3,10,66.66666666666666,286.5163623151124
2016-10-28,6,3,10,66.66666666666666,288.9961948201851
2016-10-30,6,3,10,66.66666666666666,291.22714596048667
2016-11-01,6,3,10,66.66666666666666,289.76691189605145
2016-11-02,5,4,10,55.55555555555556,285.0475526338612
2016-11-03,5,4,10,55.55555555555556,281.8660946896668
2016-11-04,5,4,10,55.55555555555556,276.49527738016764
2016-11-07,5,4,10,55.55555555555556,279.23207990190906
2016-11-08,6,3,10,66.66666666666666,282.1767205533942
2016-11-09,5,4,10,55.55555555555556,275.77941894262693
2016-11-10,6,3,10,66.66666666666666,291.7340865485299
2016-11-11,6,3,10,66.66666666666666,285.4979502989631
2016-11-15,5,4,10,55.55555555555556,275.55334358062026
2016-11-16,5,4,10,55.55555555555556,276.24933749348264
2016-11-17,5,4,10,55.55555555555556,276.9238941103457
2016-11-18,5,4,10,55.55555555555556,279.22275834509384
2016-11-21,5,4,10,55.55555555555556,270.49009462932435
2016-11-22,5,4,10,55.55555555555556,270.25683773638195
2016-11-23,5,4,10,55.55555555555556,274.1016123682466
2016-11-24,5,4,10,55.55555555555556,275.1690576523813
2016-11-25,5,4,10,55.55555555555556,279.2448832415682
2016-11-28,6,3,10,66.66666666666666,281.3472224747303
2016-11-29,6,3,10,66.66666666666666,284.3147696281605
2016-11-30,6,3,10,66.66666666666666,290.8443381105198
2016-12-01,6,3,10,66.66666666666666,285.0944979690572
2016-12-02,5,4,10,55.55555555555556,281.06777226716366
2016-12-05,5,4,10,55.55555555555556,281.8466150186402
2016-12-06,6,3,10,66.66666666666666,283.61848021404785
2016-12-07,5,4,10,55.55555555555556,281.24330695957747
2016-12-08,5,4,10,55.55555555555556,286.0828265123933
2016-12-09,5,4,10,55.55555555555556,284.8831528053089
2016-12-12,5,4,10,55.55555555555556,283.28665227482526
2016-12-13,6,3,10,66.66666666666666,284.5182787995392
2016-12-14,5,4,10,55.55555555555556,280.6895795008951
2016-12-15,5,4,10,55.55555555555556,280.79685061084206
2016-12-16,5,4,10,55.55555555555556,280.07907440262636
2016-12-19,5,4,10,55.55555555555556,277.83166897141206
2016-12-20,5,4,10,55.55555555555556,276.3144024419927
2016-12-21,5,4,10,55.55555555555556,279.0974743070682
2016-12-22,5,4,10,55.55555555555556,273.7839239131423
2016-12-23,5,4,10,55.55555555555556,275.26770350141237
2016-12-26,4,5,10,44.44444444444444,267.8803737804973
2016-12-27,5,4,10,55.55555555555556,272.16831233109076
2016-12-28,5,4,10,55.55555555555556,273.30720019189044
2016-12-29,5,4,10,55.55555555555556,276.08081330598435
2016-12-30,5,4,10,55.55555555555556,278.747799049103
2017-01-02,5,4,10,55.55555555555556,279.84957495921395
2017-01-03,6,3,10,66.66666666666666,284.3844362982471
2017-01-04,6,3,10,66.66666666666666,289.5482437588472
2017-01-05,6,3,10,66.66666666666666,292.8909960488701
2017-01-06,6,3,10,66.66666666666666,289.8275858308199
2017-01-09,5,4,10,55.55555555555556,287.42118391006323
2017-01-10,6,3,10,66.66666666666666,294.7157401504317
2017-01-11,6,3,10,66.66666666666666,296.7573781515321
2017-01-12,7,2,10,77.77777777777779,298.84241927264094
2017-01-13,7,2,10,77.77777777777779,298.7025492629211
2017-01-16,7,2,10,77.77777777777779,301.1122500843843
2017-01-17,6,3,10,66.66666666666666,300.85783118158685
2017-01-18,8,1,10,88.88888888888889,310.08749839973586
2017-01-19,7,2,10,77.77777777777779,308.22408883521933
2017-01-20,7,2,10,77.77777777777779,306.09443828315926
2017-01-23,7,2,10,77.77777777777779,306.3905681943594
2017-01-24,7,2,10,77.77777777777779,308.6058117214665
2017-01-25,7,2,10,77.77777777777779,310.4737620107324
2017-01-27,7,2,10,77.77777777777779,309.61050329641864
2017-01-30,7,2,10,77.77777777777779,308.4017078798452
2017-01-31,7,2,10,77.77777777777779,304.40386777568654
2017-02-01,7,2,10,77.77777777777779,308.798805900652
2017-02-02,7,2,10,77.77777777777779,309.20236578187263
2017-02-03,8,1,10,88.88888888888889,307.5058295596368
2017-02-06,8,1,10,88.88888888888889,311.5529111908195
2017-02-07,8,1,10,88.88888888888889,309.107659690655
2017-02-08,7,2,10,77.77777777777779,309.98595313011833
2017-02-09,8,1,10,88.88888888888889,313.20292858380327
2017-02-10,8,1,10,88.88888888888889,313.1909057827792
2017-02-13,7,2,10,77.77777777777779,312.0782933302589
2017-02-14,7,2,10,77.77777777777779,309.71208051464265
2017-02-15,6,3,10,66.66666666666666,302.54377447256576
2017-02-16,7,2,10,77.77777777777779,304.94465583151043
2017-02-17,6,3,10,66.66666666666666,307.4638084142915
2017-02-20,6,3,10,66.66666666666666,308.67026372656505
2017-02-21,6,3,10,66.66666666666666,309.0160067096659
2017-02-22,6,3,10,66.66666666666666,307.2564062296635
2017-02-23,6,3,10,66.66666666666666,305.69349574299065
2017-02-27,5,4,10,55.55555555555556,305.1879003939339
2017-02-28,6,3,10,66.66666666666666,305.67137753562344
2017-03-01,6,3,10,66.66666666666666,306.3048117651736
2017-03-02,6,3,10,66.66666666666666,301.71417541180733
2017-03-03,5,4,10,55.55555555555556,302.4379625304621
2017-03-06,5,4,10,55.55555555555556,301.8197193284132
2017-03-07,6,3,10,66.66666666666666,301.46109490560946
2017-03-08,6,3,11,66.66666666666666,300.88194404395097
2017-03-09,6,3,11,66.66666666666666,300.77186720351733
2017-03-10,6,3,11,66.66666666666666,301.09892321900355
2017-03-14,6,3,11,66.66666666666666,306.47701478645996
2017-03-15,7,2,11,77.77777777777779,309.0226025822663
2017-03-16,7,2,11,77.77777777777779,313.5780243017916
2017-03-17,7,2,11,77.77777777777779,310.57859428006344
2017-03-20,7,2,11,77.77777777777779,311.03890869344724
2017-03-21,7,2,11,77.77777777777779,309.5956246013897
2017-03-22,7,2,11,77.77777777777779,308.67816795331555
2017-03-23,7,2,11,77.77777777777779,314.71639488817846
2017-03-24,8,1,11,88.88888888888889,321.8961193232632
2017-03-27,7,2,11,77.77777777777779,319.4600422288735
2017-03-28,8,1,11,88.88888888888889,323.4978511610071
2017-03-29,8,1,11,88.88888888888889,323.0786982830236
2017-03-30,7,2,11,77.77777777777779,326.73098702768624
2017-03-31,8,1,11,88.88888888888889,333.10991269593984
2017-04-03,8,1,11,88.88888888888889,340.36641987406273
2017-04-05,8,1,11,88.88888888888889,343.9351282748904
2017-04-06,9,0,11,100.0,344.05487386604756
2017-04-07,8,1,11,88.88888888888889,343.5105443092732
2017-04-10,8,1,11,88.88888888888889,347.089733509731
2017-04-11,8,1,11,88.88888888888889,350.2779254529156
2017-04-12,8,1,11,88.88888888888889,346.9185808429874
2017-04-13,8,1,11,88.88888888888889,351.48266143134066
2017-04-17,8,1,11,88.88888888888889,352.73006893903374
2017-04-18,8,1,11,88.88888888888889,347.42071864277676
2017-04-19,8,1,11,88.88888888888889,348.63746684356005
2017-04-20,8,1,11,88.88888888888889,351.46041402181896
2017-04-21,9,1,11,90.0,351.8968395910027
2017-04-24,9,1,11,90.0,351.57915203626374
2017-04-25,9,1,11,90.0,353.13019861820925
2017-04-26,9,1,11,90.0,349.59526034109854
2017-04-27,9,1,11,90.0,347.63637240482683
2017-04-28,9,1,11,90.0,349.85458146633823
2017-05-02,9,1,11,90.0,349.2091398820718
2017-05-03,9,1,11,90.0,349.1064283061922
2017-05-04,9,1,11,90.0,352.0502767506347
2017-05-05,9,1,11,90.0,347.6366914507499
2017-05-08,10,0,11,100.0,348.7463916947187
2017-05-09,10,0,11,100.0,359.93522369649867
2017-05-10,10,0,11,100.0,366.2866207593417
2017-05-11,10,0,11,100.0,363.66090055384063
2017-05-12,10,0,11,100.0,360.04233117079264
2017-05-15,10,0,11,100.0,365.1161776712299
2017-05-16,10,0,11,100.0,377.3429738300301
2017-05-17,10,0,11,100.0,374.6858128380821
2017-05-18,10,0,11,100.0,367.0638193095319
2017-05-19,9,1,11,90.0,366.3297458325807
2017-05-22,9,1,11,90.0,362.1981263834277
2017-05-23,8,2,11,80.0,357.22385112115563
2017-05-24,8,2,11,80.0,351.25701318797786
2017-05-25,8,2,11,80.0,358.1421291707114
2017-05-26,8,2,11,80.0,363.61428788973893
2017-05-29,9,1,11,90.0,355.482352796267
2017-05-30,8,2,11,80.0,355.9889475663979
2017-05-31,8,2,11,80.0,361.01661532967853
2017-06-01,8,2,11,80.0,360.8463738086101
2017-06-02,8,2,11,80.0,360.16464096262985
2017-06-05,9,1,11,90.0,362.9215970020735
2017-06-06,9,1,11,90.0,359.21877779885847
2017-06-07,9,1,11,90.0,360.61253232518936
2017-06-08,9,1,11,90.0,362.35735727159096
2017-06-09,9,1,11,90.0,363.8953591510827
2017-06-12,9,1,11,90.0,358.44627570715585
2017-06-13,9,1,11,90.0,361.36492164815667
2017-06-14,8,2,11,80.0,360.79567030212144
2017-06-15,8,2,11,80.0,358.6106595808304
2017-06-16,8,2,11,80.0,359.0894200757324
2017-06-19,8,2,11,80.0,360.23744913136176
2017-06-20,8,2,11,80.0,361.6456248436213
2017-06-21,8,2,11,80.0,359.06414029947496
2017-06-22,8,2,11,80.0,356.987847317257
2017-06-23,8,2,11,80.0,351.9420189521095
2017-06-27,8,2,11,80.0,347.8006817720134
2017-06-28,8,2,11,80.0,347.82185755489195
2017-06-29,8,2,11,80.0,352.0081578092169
2017-06-30,8,2,11,80.0,355.1955527538935
2017-07-03,8,2,11,80.0,357.337418134947
2017-07-04,8,2,11,80.0,358.95746769516126
2017-07-05,8,2,11,80.0,359.8094582395399
2017-07-06,8,2,11,80.0,363.7302313504509
2017-07-07,9,1,11,90.0,366.0622344595671
2017-07-10,9,1,11,90.0,369.72063550759646
2017-07-11,9,1,11,90.0,369.33164922154185
2017-07-12,8,2,11,80.0,368.54191713048294
2017-07-13,8,2,11,80.0,372.08240722725094
2017-07-14,8,2,11,80.0,367.367959842001
2017-07-17,8,2,11,80.0,368.98943965938946
2017-07-18,7,3,11,70.0,366.54888800591203
2017-07-19,7,3,11,70.0,370.24617817403043
2017-07-20,7,3,11,70.0,371.49335993805704
2017-07-21,8,2,11,80.0,372.5266254650335
2017-07-24,8,2,11,80.0,369.9444800512429
2017-07-25,8,2,11,80.0,368.82354284874253
2017-07-26,8,2,11,80.0,380.3194202893434
2017-07-27,8,2,11,80.0,376.6214486186533
2017-07-28,8,2,11,80.0,378.5432987550114
2017-07-31,8,2,11,80.0,379.8510233864248
2017-08-01,8,2,11,80.0,375.7308541829129
2017-08-02,8,2,11,80.0,374.2304608734048
2017-08-03,8,2,11,80.0,372.48429843337857
2017-08-04,8,2,11,80.0,369.89442287860317
2017-08-07,8,2,11,80.0,370.79112135521666
2017-08-08,8,2,11,80.0,365.3809090169054
2017-08-09,8,2,11,80.0,360.2817928656367
2017-08-10,8,2,11,80.0,346.3668011779535
2017-08-11,8,2,11,80.0,347.96734497574045
2017-08-14,8,2,11,80.0,357.0976719457863
2017-08-16,8,2,11,80.0,358.57827609888255
2017-08-17,8,2,11,80.0,361.8914854255833
2017-08-18,8,2,11,80.0,361.10127343351843
2017-08-21,8,2,11,80.0,358.4689038520564
2017-08-22,8,2,11,80.0,357.1129428556812
2017-08-23,8,2,11,80.0,358.098361703208
2017-08-24,8,2,11,80.0,360.2609030039682
2017-08-28,8,2,11,80.0,363.9114918352313
2017-08-29,8,2,11,80.0,362.35772394952403
2017-08-30,8,2,11,80.0,366.0452507207035
2017-08-31,8,2,11,80.0,367.50826819991136
2017-09-01,8,2,11,80.0,369.94082704405884
2017-09-04,8,2,11,80.0,364.900920775104
2017-09-05,8,2,11,80.0,370.1850097033119
2017-09-06,8,2,11,80.0,370.7424137298193
2017-09-07,8,2,11,80.0,371.57944561631933
2017-09-08,8,2,11,80.0,368.53097424451107
2017-09-11,8,2,11,80.0,371.58559117446003
2017-09-12,8,2,11,80.0,373.3947828193999
2017-09-13,8,2,11,80.0,370.0935485112074
2017-09-14,8,2,11,80.0,370.48657477489326
2017-09-15,8,2,11,80.0,369.5635942967733
2017-09-18,8,2,11,80.0,375.4105950308407
2017-09-19,9,1,11,90.0,384.8226522857007
2017-09-20,9,1,11,90.0,383.83663200890237
2017-09-21,9,1,11,90.0,382.4001119105195
2017-09-22,8,2,11,80.0,368.93641720554865
2017-09-25,8,2,11,80.0,367.38239551077976
2017-09-26,8,2,11,80.0,367.144616865132
2017-09-27,7,3,11,70.0,358.91391284360736
2017-09-28,7,3,11,70.0,329.17551534254767
2017-09-29,7,3,11,70.0,334.3361774069745
2017-10-03,7,3,11,70.0,333.1069012318556
2017-10-04,6,4,11,60.0,333.598455558111
2017-10-05,7,3,11,70.0,335.599083911821
2017-10-06,7,3,11,70.0,335.4516687016499
2017-10-09,6,4,11,60.0,341.4018457115786
2017-10-10,7,3,11,70.0,340.3419547810236
2017-10-11,7,3,11,70.0,335.66109444806335
2017-10-12,6,4,11,60.0,338.29069415203116
2017-10-13,7,4,11,63.63636363636363,336.2211205018662
2017-10-16,7,4,11,63.63636363636363,335.5224513533569
2017-10-17,7,4,11,63.63636363636363,338.19051892717505
2017-10-18,8,3,11,72.72727272727273,339.29677608527373
2017-10-19,7,4,11,63.63636363636363,339.5078907360553
2017-10-23,7,4,11,63.63636363636363,340.46722232967915
2017-10-24,7,4,11,63.63636363636363,340.74787174276685
2017-10-25,7,4,11,63.63636363636363,341.42232636266107
2017-10-26,8,3,11,72.72727272727273,343.1232721246454
2017-10-27,8,3,11,72.72727272727273,344.65756174718626
2017-10-30,8,3,11,72.72727272727273,345.55424585497445
2017-10-31,8,3,11,72.72727272727273,346.2881105001865
2017-11-01,8,3,11,72.72727272727273,350.69547116689364
2017-11-02,7,4,11,63.63636363636363,352.16919018322386
2017-11-03,7,4,11,63.63636363636363,356.04006547179347
2017-11-06,7,4,11,63.63636363636363,361.533844642441
2017-11-07,8,3,11,72.72727272727273,356.4474614804071
2017-11-08,8,3,11,72.72727272727273,354.7294436510536
2017-11-09,8,3,11,72.72727272727273,353.66661604550063
2017-11-10,8,3,11,72.72727272727273,350.35992901670767
2017-11-13,7,4,11,63.63636363636363,342.9725829214966
2017-11-14,7,4,11,63.63636363636363,342.7927859164808
2017-11-15,5,6,11,45.45454545454545,337.90847858229944
2017-11-16,5,6,11,45.45454545454545,340.54923852771657
2017-11-17,6,5,11,54.54545454545454,344.35989900364706
2017-11-20,6,5,11,54.54545454545454,345.7526218452283
2017-11-21,6,5,11,54.54545454545454,347.23332215605393
2017-11-22,7,4,11,63.63636363636363,349.19324846383535
2017-11-23,7,4,11,63.63636363636363,352.57016338690823
2017-11-24,7,4,11,63.63636363636363,354.63678976210275
2017-11-27,7,4,11,63.63636363636363,357.18116880995314
2017-11-28,7,4,11,63.63636363636363,360.10660018116414
2017-11-29,7,4,11,63.63636363636363,357.6447109841096
2017-11-30,7,4,11,63.63636363636363,358.32939192269475
2017-12-01,6,5,11,54.54545454545454,351.16017064631694
2017-12-04,6,5,11,54.54545454545454,352.06326703554197
2017-12-05,5,6,11,45.45454545454545,352.18953456824784
2017-12-06,5,6,11,45.45454545454545,349.87382895293996
2017-12-07,5,6,11,45.45454545454545,357.8379508796438
2017-12-08,5,6,11,45.45454545454545,359.3271321209978
2017-12-11,6,5,11,54.54545454545454,362.123555739865
2017-12-12,6,5,11,54.54545454545454,360.4516560216887
2017-12-13,6,5,11,54.54545454545454,357.5581508679374
2017-12-14,5,6,11,45.45454545454545,356.16261888129384
2017-12-15,6,5,11,54.54545454545454,361.1649644999018
2017-12-18,5,6,11,45.45454545454545,361.9392317647693
2017-12-19,6,5,11,54.54545454545454,371.07137892031557
2017-12-20,6,5,11,54.54545454545454,375.3615232450714
2017-12-21,6,5,11,54.54545454545454,382.5695655178067
2017-12-22,7,4,11,63.63636363636363,383.16402727138404
2017-12-26,6,5,11,54.54545454545454,380.7123306760178
2017-12-27,6,5,11,54.54545454545454,374.85360718979314
2017-12-28,6,5,11,54.54545454545454,378.7110253386355
2017-12-29,6,5,11,54.54545454545454,384.095275661094
2018-01-01,7,4,11,63.63636363636363,383.78125631473836
2018-01-02,6,5,11,54.54545454545454,380.7664018058924
2018-01-03,6,5,11,54.54545454545454,382.6171112141757
2018-01-04,6,5,11,54.54545454545454,387.51466827953493
2018-01-05,6,5,11,54.54545454545454,390.05963174143636
2018-01-08,7,4,11,63.63636363636363,392.2791104551416
2018-01-09,7,4,11,63.63636363636363,390.91188174873287
2018-01-10,7,4,11,63.63636363636363,389.84738419985837
2018-01-11,7,4,11,63.63636363636363,391.9753453539529
2018-01-12,8,3,11,72.72727272727273,393.4791660327698
2018-01-15,8,3,11,72.72727272727273,395.30812806098714
2018-01-16,6,5,11,54.54545454545454,386.825634297621
2018-01-17,7,4,11,63.63636363636363,387.7835261453378
2018-01-18,7,4,11,63.63636363636363,380.38330959761726
2018-01-19,7,4,11,63.63636363636363,379.49570648056783
2018-01-22,7,4,11,63.63636363636363,381.2712771668093
2018-01-23,7,4,11,63.63636363636363,381.8663491877543
2018-01-24,7,4,11,63.63636363636363,379.00927101862493
2018-01-25,7,4,11,63.63636363636363,372.9125856013662
2018-01-29,5,6,11,45.45454545454545,368.84893786374124
2018-01-30,5,6,11,45.45454545454545,363.76739711298836
2018-01-31,6,5,11,54.54545454545454,367.38340779061247
2018-02-01,6,5,11,54.54545454545454,366.76159202864784
2018-02-02,6,5,11,54.54545454545454,350.7863785498472
2018-02-05,5,6,11,45.45454545454545,350.1079383505073
2018-02-06,3,8,11,27.27272727272727,346.3318921275259
2018-02-07,5,6,11,45.45454545454545,351.86467408713617
2018-02-08,5,6,11,45.45454545454545,359.0227325242148
2018-02-09,5,6,11,45.45454545454545,358.31207984252626
2018-02-12,6,5,11,54.54545454545454,364.8322229798828
2018-02-14,6,5,11,54.54545454545454,365.81708820427474
2018-02-15,6,5,11,54.54545454545454,363.6316868517537
2018-02-16,4,7,11,36.36363636363637,360.3124026676842
2018-02-19,6,5,11,54.54545454545454,355.5052002651044
2018-02-20,4,7,11,36.36363636363637,354.744499075097
2018-02-21,4,7,11,36.36363636363637,358.29668189856073
2018-02-22,4,7,11,36.36363636363637,356.11048770976805
2018-02-23,4,7,11,36.36363636363637,357.0581218860636
2018-02-26,5,6,11,45.45454545454545,359.9683464880553
2018-02-27,4,7,11,36.36363636363637,355.5246289198718
2018-02-28,5,6,11,45.45454545454545,356.1382199018492
2018-03-01,5,6,11,45.45454545454545,354.71848448624604
2018-03-05,4,7,11,36.36363636363637,348.98413137068826
2018-03-06,3,8,11,27.27272727272727,347.92772174597644
2018-03-07,2,9,11,18.181818181818183,340.305140962687
2018-03-08,1,10,11,9.090909090909092,342.7456690124161
2018-03-09,1,10,11,9.090909090909092,337.19839276133365
2018-03-12,1,10,11,9.090909090909092,337.5482883399438
2018-03-13,1,10,11,9.090909090909092,340.2387339272143
2018-03-14,2,9,11,18.181818181818183,341.2329299399441
2018-03-15,2,9,11,18.181818181818183,345.87527727706646
2018-03-16,2,9,11,18.181818181818183,342.75546248225766
2018-03-19,2,9,11,18.181818181818183,339.32230468222645
2018-03-20,1,10,11,9.090909090909092,338.6963009174479
2018-03-21,1,10,11,9.090909090909092,337.8664781278099
2018-03-22,1,10,11,9.090909090909092,336.0567740395639
2018-03-23,1,10,11,9.090909090909092,331.2839337551889
2018-03-26,1,10,11,9.090909090909092,329.21884873193096
2018-03-27,2,9,11,18.181818181818183,333.91263843978237
2018-03-28,2,9,11,18.181818181818183,330.60826395577396
2018-04-02,2,9,11,18.181818181818183,337.6073476348288
2018-04-03,2,9,11,18.181818181818183,344.4318533019779
2018-04-04,2,9,11,18.181818181818183,343.13656367684797
2018-04-05,3,8,11,27.27272727272727,346.0023635589647
2018-04-06,2,9,11,18.181818181818183,346.7759565240661
2018-04-09,2,9,11,18.181818181818183,345.92989077997333
2018-04-10,2,9,11,18.181818181818183,345.4860124345324
2018-04-11,2,9,11,18.181818181818183,344.6969792851926
2018-04-12,2,9,11,18.181818181818183,343.4921619601698
2018-04-13,2,9,11,18.181818181818183,343.00544107024365
2018-04-16,2,9,11,18.181818181818183,344.6338342457402
2018-04-17,2,9,11,18.181818181818183,347.59858774599286
2018-04-18,4,7,11,36.36363636363637,347.40860845276285
2018-04-19,4,7,11,36.36363636363637,349.67877121779543
2018-04-20,4,7,11,36.36363636363637,350.14134775446195
2018-04-23,4,7,11,36.36363636363637,349.87428113818123
2018-04-24,4,7,11,36.36363636363637,345.9648085088397
2018-04-25,4,7,11,36.36363636363637,341.74453192020337
2018-04-26,4,7,11,36.36363636363637,342.29627597863794
2018-04-27,4,7,11,36.36363636363637,340.8849081840535
2018-04-30,4,7,11,36.36363636363637,343.79087267194836
2018-05-02,5,6,11,45.45454545454545,348.49023699243395
2018-05-03,5,6,11,45.45454545454545,342.8201321269035
2018-05-04,5,6,11,45.45454545454545,341.5922726575767
2018-05-07,4,7,11,36.36363636363637,341.4224992574975
2018-05-08,4,7,11,36.36363636363637,340.5079166848992
2018-05-09,4,7,11,36.36363636363637,338.64518059110094
2018-05-10,4,7,11,36.36363636363637,333.83392812630325
2018-05-11,3,8,11,27.27272727272727,332.2350750333355
2018-05-14,3,8,11,27.27272727272727,330.4313150214303
2018-05-15,2,9,11,18.181818181818183,328.23205400212686
2018-05-16,2,9,11,18.181818181818183,327.48530036670127
2018-05-17,2,9,11,18.181818181818183,325.76709565502557
2018-05-18,2,9,11,18.181818181818183,320.3789745793587
2018-05-21,2,9,11,18.181818181818183,313.3089373367928
2018-05-22,2,9,11,18.181818181818183,313.2531156251811
2018-05-23,2,9,11,18.181818181818183,310.56837112264304
2018-05-24,2,9,11,18.181818181818183,305.98823608892184
2018-05-25,2,9,11,18.181818181818183,306.8826056541303
2018-05-28,2,9,11,18.181818181818183,312.30336073459097
2018-05-29,2,9,11,18.181818181818183,310.7779459618148
2018-05-30,2,9,11,18.181818181818183,309.26323083605814
2018-05-31,2,9,11,18.181818181818183,304.66624981645964
2018-06-01,1,10,11,9.090909090909092,297.66793206671827
2018-06-04,0,11,11,0.0,286.21384258500524
2018-06-05,0,11,11,0.0,277.5330256547089
2018-06-06,0,11,11,0.0,283.1520509787772
2018-06-07,2,9,11,18.181818181818183,291.9645946683619
2018-06-08,1,10,11,9.090909090909092,294.6315114392771
2018-06-11,0,11,11,0.0,298.06927511189963
2018-06-12,1,10,11,9.090909090909092,300.88358556313216
2018-06-13,1,10,11,9.090909090909092,300.0195833367423
2018-06-14,1,10,11,9.090909090909092,299.1686470129477
2018-06-15,1,10,11,9.090909090909092,296.76447297433964
2018-06-18,0,11,11,0.0,294.14772534448133
2018-06-19,0,11,11,0.0,288.13315029260633
2018-06-20,0,11,11,0.0,288.6479205113375
2018-06-21,0,11,11,0.0,289.3662538189576
2018-06-22,0,11,11,0.0,287.36746138329534
2018-06-25,0,11,11,0.0,285.2196170168889
2018-06-26,0,11,11,0.0,282.4480427333991
2018-06-27,0,11,11,0.0,274.2989159767708
2018-06-28,0,11,11,0.0,270.5917667830071
2018-06-29,0,11,11,0.0,276.66200578303796
2018-07-02,0,11,11,0.0,273.5697522933598
2018-07-03,0,11,11,0.0,273.01764945361026
2018-07-04,0,11,11,0.0,274.51504494846904
2018-07-05,0,11,11,0.0,273.4333947734418
2018-07-06,0,11,11,0.0,275.15421855113567
2018-07-09,0,11,11,0.0,278.83477216452036
2018-07-10,0,11,11,0.0,281.64099840092973
2018-07-11,0,11,11,0.0,279.7207873508454
2018-07-12,0,11,11,0.0,278.11823821666184
2018-07-13,0,11,11,0.0,274.5068438145
2018-07-16,0,11,11,0.0,267.10021127817186
2018-07-17,0,11,11,0.0,270.62382508157555
2018-07-18,0,11,11,0.0,267.02065718296046
2018-07-19,0,11,11,0.0,263.606945648857
2018-07-20,0,11,11,0.0,266.33775547116073
2018-07-23,0,11,11,0.0,267.2896650089013
2018-07-24,0,11,11,0.0,274.38454745501394
2018-07-25,0,11,11,0.0,273.8948331296741
2018-07-26,0,11,11,0.0,275.2686851328589
2018-07-27,0,11,11,0.0,276.3449476725555
2018-07-30,0,11,11,0.0,280.9585854360197
2018-07-31,0,11,11,0.0,282.08758021531327
2018-08-01,0,11,11,0.0,284.393061162117
2018-08-02,0,11,11,0.0,284.5487535538076
2018-08-03,0,11,11,0.0,286.73496820785897
2018-08-06,0,11,11,0.0,286.5878755247018
2018-08-07,0,11,11,0.0,282.90564037836293
2018-08-08,0,11,11,0.0,281.7151287429547
2018-08-09,0,11,11,0.0,278.7355261675993
2018-08-10,0,11,11,0.0,273.9695976042695
2018-08-13,0,11,11,0.0,270.64143076703715
2018-08-14,0,11,11,0.0,270.20945148969525
2018-08-16,0,11,11,0.0,266.9641314983698
2018-08-17,0,11,11,0.0,271.7919477683618
2018-08-20,0,11,11,0.0,274.20316640590625
2018-08-21,0,11,11,0.0,277.69851267466856
2018-08-23,0,11,11,0.0,280.2090955573527
2018-08-24,0,11,11,0.0,279.21666947421164
2018-08-27,1,10,11,9.090909090909092,278.752338022111
2018-08-28,1,10,11,9.090909090909092,276.9476350220482
2018-08-29,0,11,11,0.0,273.7290236367082
2018-08-30,1,10,11,9.090909090909092,274.7523592546834
2018-08-31,1,10,11,9.090909090909092,275.63889259758
2018-09-03,0,11,11,0.0,275.09280938926867
2018-09-04,0,11,11,0.0,269.86874024362237
2018-09-05,0,11,11,0.0,268.77567525946165
2018-09-06,1,10,11,9.090909090909092,272.17794836610534
2018-09-07,1,10,11,9.090909090909092,272.99802305810823
2018-09-10,1,10,11,9.090909090909092,271.64241159854697
2018-09-11,1,10,11,9.090909090909092,266.1127990725393
2018-09-12,2,9,11,18.181818181818183,268.1262936106248
2018-09-14,2,9,11,18.181818181818183,272.07393138660325
2018-09-17,2,9,11,18.181818181818183,273.4217472687237
2018-09-18,2,9,11,18.181818181818183,271.6871267256446
2018-09-19,2,9,11,18.181818181818183,268.37108068959077
2018-09-21,2,9,11,18.181818181818183,260.4451392110827
2018-09-24,2,9,11,18.181818181818183,252.14696394107884
2018-09-25,1,10,11,9.090909090909092,252.2039154705954
2018-09-26,1,10,11,9.090909090909092,251.15599477749453
2018-09-27,2,9,11,18.181818181818183,249.05085970687844
2018-09-28,0,11,11,0.0,242.5911917794726
2018-10-01,1,10,11,9.090909090909092,240.34008478932694
2018-10-03,1,10,11,9.090909090909092,244.37137301799058
2018-10-04,1,10,11,9.090909090909092,241.00445962787026
2018-10-05,0,11,11,0.0,235.50510828019847
2018-10-08,0,11,11,0.0,230.85293295798718
2018-10-09,0,11,11,0.0,226.82051940643632
2018-10-10,0,11,11,0.0,233.99854763997317
2018-10-11,0,11,11,0.0,226.66516345660344
2018-10-12,1,10,11,9.090909090909092,234.65124762206372
2018-10-15,1,10,11,9.090909090909092,238.1378984247176
2018-10-16,1,10,11,9.090909090909092,241.77429251897883
2018-10-17,1,10,11,9.090909090909092,237.41650083666056
2018-10-19,0,11,11,0.0,232.2115988125649
2018-10-22,0,11,11,0.0,229.5690009889808
2018-10-23,0,11,11,0.0,225.6898290963094
2018-10-24,0,11,11,0.0,225.47418985476986
2018-10-25,0,11,11,0.0,225.1533636085444
2018-10-26,0,11,11,0.0,224.20127528782356
2018-10-29,1,10,11,9.090909090909092,227.54647842799454
2018-10-30,1,10,11,9.090909090909092,227.4036271374701
2018-10-31,1,10,11,9.090909090909092,229.17025203523903
2018-11-01,0,11,11,0.0,231.54184326524674
2018-11-02,0,11,11,0.0,237.29791770936725
2018-11-05,0,11,11,0.0,236.65244672460824
2018-11-06,0,11,11,0.0,235.7844854832965
2018-11-07,0,11,11,0.0,239.70839896186624
2018-11-09,0,11,11,0.0,241.44573701964683
2018-11-12,2,9,11,18.181818181818183,242.9414066062824
2018-11-13,1,10,11,9.090909090909092,244.39118070527806
2018-11-14,2,9,11,18.181818181818183,240.5782455046486
2018-11-15,2,9,11,18.181818181818183,244.15197018535153
2018-11-16,2,9,11,18.181818181818183,244.92001987471434
2018-11-19,2,9,11,18.181818181818183,245.10947861694544
2018-11-20,2,9,11,18.181818181818183,240.4453189544893
2018-11-21,2,9,11,18.181818181818183,241.12279186386453
2018-11-22,2,9,11,18.181818181818183,240.7907683074941
2018-11-26,2,9,11,18.181818181818183,241.08126170722701
2018-11-27,2,9,11,18.181818181818183,240.81651443469175
2018-11-28,2,9,11,18.181818181818183,240.17956583119968
2018-11-29,2,9,11,18.181818181818183,239.75960948793383
2018-11-30,2,9,11,18.181818181818183,240.8117782604055
2018-12-03,2,9,11,18.181818181818183,244.4008416940244
2018-12-04,2,9,11,18.181818181818183,244.298471299705
2018-12-05,2,9,11,18.181818181818183,239.31310370290765
2018-12-06,2,9,11,18.181818181818183,237.29383674993758
2018-12-07,1,10,11,9.090909090909092,236.3981417373127
2018-12-10,1,10,11,9.090909090909092,231.79961207625013
2018-12-11,1,10,11,9.090909090909092,236.26016780784798
2018-12-12,1,10,11,9.090909090909092,240.76508368942893
2018-12-13,2,9,11,18.181818181818183,243.28237803709993
2018-12-14,1,10,11,9.090909090909092,243.49595554337085
2018-12-17,2,9,11,18.181818181818183,245.92575950432004
2018-12-18,2,9,11,18.181818181818183,247.06486652666197
2018-12-19,3,8,11,27.27272727272727,251.5663543883518
2018-12-20,2,9,11,18.181818181818183,248.80603629241196
2018-12-21,2,9,11,18.181818181818183,248.1860749235169
2018-12-24,2,9,11,18.181818181818183,247.93759909095843
2018-12-26,4,7,11,36.36363636363637,250.0458460691207
2018-12-27,4,7,11,36.36363636363637,250.23582041643385
2018-12-28,4,7,11,36.36363636363637,254.21435739675414
2018-12-31,4,7,11,36.36363636363637,254.8187106539713
2019-01-01,5,6,11,45.45454545454545,256.5215870920845
2019-01-02,4,7,11,36.36363636363637,253.2577565612947
2019-01-03,3,8,11,27.27272727272727,252.82211518775958
2019-01-04,4,7,11,36.36363636363637,254.72801916142006
2019-01-07,4,7,11,36.36363636363637,254.74338341889063
2019-01-08,4,7,11,36.36363636363637,253.13481757672736
2019-01-09,3,8,11,27.27272727272727,251.56456935669667
2019-01-10,4,7,11,36.36363636363637,252.6053610677796
2019-01-11,4,7,11,36.36363636363637,252.12905286150797
2019-01-14,4,7,11,36.36363636363637,251.64951889385918
2019-01-15,4,7,11,36.36363636363637,252.05946879822645
2019-01-16,4,7,11,36.36363636363637,251.9384518347829
2019-01-17,4,7,11,36.36363636363637,251.10035855234543
2019-01-18,4,7,11,36.36363636363637,250.1931336201686
2019-01-21,3,8,11,27.27272727272727,247.03563678270194
2019-01-22,3,8,11,27.27272727272727,245.12158381635217
2019-01-23,3,8,11,27.27272727272727,242.65174564481472
2019-01-24,3,8,11,27.27272727272727,237.83624750745508
2019-01-25,2,9,11,18.181818181818183,233.86420190706713
2019-01-28,2,9,11,18.181818181818183,228.5799774954707
2019-01-29,2,9,11,18.181818181818183,228.34070464582902
2019-01-30,2,9,11,18.181818181818183,231.4877379739438
2019-01-31,3,8,11,27.27272727272727,233.29811690587098
2019-02-01,3,8,11,27.27272727272727,233.1860377793279
2019-02-04,3,8,11,27.27272727272727,228.5402000685858
2019-02-05,2,9,11,18.181818181818183,222.5395254297967
2019-02-06,3,8,11,27.27272727272727,222.4391970182548
2019-02-07,3,8,11,27.27272727272727,228.20582127688357
2019-02-08,3,8,11,27.27272727272727,227.67099065191192
2019-02-11,3,8,11,27.27272727272727,224.38153344196107
2019-02-12,3,8,11,27.27272727272727,224.74614124778958
2019-02-13,2,9,11,18.181818181818183,216.66601279505335
2019-02-14,2,9,11,18.181818181818183,219.80026489810416
2019-02-15,1,10,11,9.090909090909092,220.42465487807866
2019-02-18,2,9,11,18.181818181818183,218.13967007582872
2019-02-19,1,10,11,9.090909090909092,218.27968351209313
2019-02-20,1,10,11,9.090909090909092,219.97062455137507
2019-02-21,3,8,11,27.27272727272727,222.26310956676633
2019-02-22,3,8,11,27.27272727272727,225.2570316989701
2019-02-25,3,8,11,27.27272727272727,227.3402390943677
2019-02-26,4,7,11,36.36363636363637,225.8207852990743
2019-02-27,3,8,11,27.27272727272727,226.3769081615932
2019-02-28,4,7,11,36.36363636363637,230.577654427407
2019-03-01,4,7,11,36.36363636363637,240.67938060646176
2019-03-05,5,6,11,45.45454545454545,252.27539419784497
2019-03-06,5,6,11,45.45454545454545,249.84898799570718
2019-03-07,5,6,11,45.45454545454545,250.69139426487595
2019-03-08,5,6,11,45.45454545454545,246.85201740783302
2019-03-11,6,5,11,54.54545454545454,252.76990147505546
2019-03-12,6,5,11,54.54545454545454,257.95061501102975
2019-03-13,6,5,11,54.54545454545454,256.385591607487
2019-03-14,7,4,11,63.63636363636363,256.6411181338155
2019-03-15,7,4,11,63.63636363636363,258.92569644172653
2019-03-18,7,4,11,63.63636363636363,257.35639226596686
2019-03-19,8,3,11,72.72727272727273,258.0911506781173
2019-03-20,6,5,11,54.54545454545454,257.54891152043626
2019-03-22,6,5,11,54.54545454545454,254.8609568946103
2019-03-25,5,6,11,45.45454545454545,251.49262483432452
2019-03-26,6,5,11,54.54545454545454,251.7541976532259
2019-03-27,6,5,11,54.54545454545454,249.78920255708945
2019-03-28,6,5,11,54.54545454545454,251.9588484323012
2019-03-29,7,4,11,63.63636363636363,256.9139586598377
2019-04-01,7,4,11,63.63636363636363,256.8806047863448
2019-04-02,7,4,11,63.63636363636363,258.66002041447643
2019-04-03,7,4,11,63.63636363636363,256.94638986580685
2019-04-04,6,5,11,54.54545454545454,252.8205535721055
2019-04-05,6,5,11,54.54545454545454,252.50930268703158
2019-04-08,5,6,11,45.45454545454545,250.82025366542587
2019-04-09,6,5,11,54.54545454545454,251.46121369619422
2019-04-10,6,5,11,54.54545454545454,250.86195836802068
2019-04-11,6,5,11,54.54545454545454,250.06329844466694
2019-04-12,6,5,11,54.54545454545454,251.81970393999805
2019-04-15,7,4,11,63.63636363636363,252.64888746504903
2019-04-16,6,5,11,54.54545454545454,253.5043465349548
2019-04-18,6,5,11,54.54545454545454,249.74595337135844
2019-04-22,6,5,11,54.54545454545454,245.01878878468557
2019-04-23,6,5,11,54.54545454545454,244.9133982041086
2019-04-24,6,5,11,54.54545454545454,246.36420157909166
2019-04-25,6,5,11,54.54545454545454,247.40394262038282
2019-04-26,5,6,11,45.45454545454545,246.87318828016828
2019-04-30,4,7,11,36.36363636363637,242.8454364461556
2019-05-02,5,6,11,45.45454545454545,240.64533735103524
2019-05-03,5,6,11,45.45454545454545,239.4449570498019
2019-05-06,5,6,11,45.45454545454545,237.76765893639276
2019-05-07,5,6,11,45.45454545454545,233.85521497076633
2019-05-08,5,6,11,45.45454545454545,233.44653037675164
2019-05-09,4,7,11,36.36363636363637,230.4116479218485
2019-05-10,4,7,11,36.36363636363637,229.757573779397
2019-05-13,2,9,11,18.181818181818183,226.5001316628943
2019-05-14,3,8,11,27.27272727272727,227.94210948451342
2019-05-15,3,8,11,27.27272727272727,227.05075592493534
2019-05-16,3,8,11,27.27272727272727,228.94464020761868
2019-05-17,3,8,11,27.27272727272727,231.08998294912527
2019-05-20,7,4,11,63.63636363636363,243.5984089819795
2019-05-21,4,7,11,36.36363636363637,239.18511360604867
2019-05-22,4,7,11,36.36363636363637,238.8643915889772
2019-05-23,5,6,11,45.45454545454545,240.4547812959607
2019-05-24,6,5,11,54.54545454545454,245.52961195209787
2019-05-27,7,4,11,63.63636363636363,256.9991683830455
2019-05-28,7,4,11,63.63636363636363,257.483202305575
2019-05-29,7,4,11,63.63636363636363,254.1299315881892
2019-05-30,5,6,11,45.45454545454545,256.8843842945287
2019-05-31,5,6,11,45.45454545454545,252.62072074211113
2019-06-03,5,6,11,45.45454545454545,253.20702766492536
2019-06-04,5,6,11,45.45454545454545,251.87098740202686
2019-06-06,5,6,11,45.45454545454545,247.91814578150078
2019-06-07,5,6,11,45.45454545454545,244.7536693360234
2019-06-10,5,6,11,45.45454545454545,243.57098174214374
2019-06-11,4,7,11,36.36363636363637,244.37812649394624
2019-06-12,4,7,11,36.36363636363637,242.19906770588122
2019-06-13,4,7,11,36.36363636363637,240.10419702343015
2019-06-14,4,7,11,36.36363636363637,236.12804893772963
2019-06-17,4,7,11,36.36363636363637,233.47495287357341
2019-06-18,4,7,11,36.36363636363637,230.54172293612942
2019-06-19,4,7,11,36.36363636363637,225.59029090517066
2019-06-20,4,7,11,36.36363636363637,230.73088120118612
2019-06-21,4,7,11,36.36363636363637,229.8926816744562
2019-06-24,4,7,11,36.36363636363637,226.70900307342401
2019-06-25,4,7,11,36.36363636363637,228.58797816335775
2019-06-26,4,7,11,36.36363636363637,231.9535352259199
2019-06-27,4,7,11,36.36363636363637,234.63487685924193
2019-06-28,4,7,11,36.36363636363637,234.84768034242887
2019-07-01,4,7,11,36.36363636363637,235.13879663242122
2019-07-02,4,7,11,36.36363636363637,235.3783849837925
2019-07-03,4,7,11,36.36363636363637,238.32722846296105
2019-07-04,4,7,11,36.36363636363637,236.83726078111422
2019-07-05,4,7,11,36.36363636363637,230.47944969716738
2019-07-08,4,7,11,36.36363636363637,221.731195297185
2019-07-09,4,7,11,36.36363636363637,224.16311115910207
2019-07-10,4,7,11,36.36363636363637,223.8596361278523
2019-07-11,4,7,11,36.36363636363637,222.99539931831842
2019-07-12,4,7,11,36.36363636363637,222.50601863658582
2019-07-15,4,7,11,36.36363636363637,219.45007549365445
2019-07-16,4,7,11,36.36363636363637,217.5565365430844
2019-07-17,4,7,11,36.36363636363637,218.14430940655237
2019-07-18,4,7,11,36.36363636363637,215.66526585503937
2019-07-19,4,7,11,36.36363636363637,210.61925793848079
2019-07-22,4,7,11,36.36363636363637,208.7305321304369
2019-07-23,4,7,11,36.36363636363637,208.86698204549043
2019-07-24,3,8,11,27.27272727272727,206.35691398869477
2019-07-25,3,8,11,27.27272727272727,206.5067044402567
2019-07-26,4,7,11,36.36363636363637,206.64433413806634
2019-07-29,3,8,11,27.27272727272727,206.852759907154
2019-07-30,3,8,11,27.27272727272727,197.62912246555408
2019-07-31,3,8,11,27.27272727272727,197.18860254015544
2019-08-01,3,8,11,27.27272727272727,195.54136747354184
2019-08-02,3,8,11,27.27272727272727,195.1038951262503
2019-08-05,3,8,11,27.27272727272727,191.2702190331154
2019-08-06,3,8,11,27.27272727272727,196.17244944799498
2019-08-07,3,8,11,27.27272727272727,194.6786043497531
2019-08-08,3,8,11,27.27272727272727,199.1325289695807
2019-08-09,3,8,11,27.27272727272727,201.05468120463087
2019-08-13,2,9,11,18.181818181818183,199.02657790255182
2019-08-14,3,8,11,27.27272727272727,198.75310732565615
2019-08-16,3,8,11,27.27272727272727,198.59340828307145
2019-08-19,3,8,11,27.27272727272727,200.1234300256843
2019-08-20,3,8,11,27.27272727272727,194.66339295205836
2019-08-21,2,9,11,18.181818181818183,186.2361229249416
2019-08-22,2,9,11,18.181818181818183,179.13002459724805
2019-08-23,2,9,11,18.181818181818183,179.96192125480454
2019-08-26,2,9,11,18.181818181818183,181.07336690666102
2019-08-27,2,9,11,18.181818181818183,186.95293263485735
2019-08-28,3,8,11,27.27272727272727,187.07316392625
2019-08-29,3,8,11,27.27272727272727,185.55304611665912
2019-08-30,3,8,11,27.27272727272727,186.27861245350368
2019-09-03,3,8,11,27.27272727272727,183.39152624248578
2019-09-04,3,8,11,27.27272727272727,186.0022108981832
2019-09-05,3,8,11,27.27272727272727,188.8379476946
2019-09-06,3,8,11,27.27272727272727,193.93575601823648
2019-09-09,3,8,11,27.27272727272727,198.91209304240542
2019-09-11,3,8,11,27.27272727272727,202.06594407426797
2019-09-12,3,8,11,27.27272727272727,205.48297632142373
2019-09-13,3,8,11,27.27272727272727,206.5790612835527
2019-09-16,3,8,11,27.27272727272727,207.78403517357086
2019-09-17,3,8,11,27.27272727272727,205.08258371462307
2019-09-18,3,8,11,27.27272727272727,203.05573432034635
2019-09-19,3,8,11,27.27272727272727,198.80993032976238
2019-09-20,3,8,11,27.27272727272727,205.43274656761037
2019-09-23,3,8,11,27.27272727272727,212.72349997144443
2019-09-24,2,9,11,18.181818181818183,211.397846356191
2019-09-25,3,8,11,27.27272727272727,212.995939720392
2019-09-26,3,8,11,27.27272727272727,214.89517511799045
2019-09-27,3,8,11,27.27272727272727,211.0341261291466
2019-10-01,3,8,11,27.27272727272727,211.0341261291466
2019-10-03,3,8,11,27.27272727272727,210.85511934865787
2019-10-04,3,8,11,27.27272727272727,208.95152961849357
2019-10-07,3,8,11,27.27272727272727,206.2206690552074
2019-10-09,3,8,11,27.27272727272727,206.15009578545846
2019-10-10,3,8,11,27.27272727272727,205.8846895912268
2019-10-11,3,8,11,27.27272727272727,206.03158398709894
2019-10-14,3,8,11,27.27272727272727,206.39701777425762
2019-10-15,3,8,11,27.27272727272727,205.81861758481296
2019-10-16,3,8,11,27.27272727272727,206.9769676011945
2019-10-17,3,8,11,27.27272727272727,211.51335371182842
2019-10-18,3,8,11,27.27272727272727,215.89556519175045
2019-10-22,3,8,11,27.27272727272727,216.79027275834923
2019-10-23,3,8,11,27.27272727272727,215.84954197165578
2019-10-24,3,8,11,27.27272727272727,216.52296240003906
2019-10-25,3,8,11,27.27272727272727,214.86408271333647
2019-10-27,3,8,11,27.27272727272727,217.97319889781429
2019-10-29,4,7,11,36.36363636363637,220.15061870695808
2019-10-30,3,8,11,27.27272727272727,221.95943798498627
2019-10-31,5,6,11,45.45454545454545,222.59769677471027
2019-11-01,4,7,11,36.36363636363637,220.26331632357744
2019-11-04,3,8,11,27.27272727272727,220.72396152819374
2019-11-05,2,9,11,18.181818181818183,220.09014238954947
2019-11-06,2,9,11,18.181818181818183,217.13757287027767
2019-11-07,2,9,11,18.181818181818183,215.9260378932198
2019-11-08,1,10,11,9.090909090909092,213.6447610927661
2019-11-11,1,10,11,9.090909090909092,214.62026936752176
2019-11-13,1,10,11,9.090909090909092,215.67620199638773
2019-11-14,2,9,11,18.181818181818183,213.19104456568732
2019-11-15,2,9,11,18.181818181818183,210.22635372949225
2019-11-18,2,9,11,18.181818181818183,209.17629682251157
2019-11-19,3,8,11,27.27272727272727,206.6151539089126
2019-11-20,3,8,11,27.27272727272727,207.55144468877424
2019-11-21,3,8,11,27.27272727272727,207.8462629078188
2019-11-22,2,9,11,18.181818181818183,206.68632622366903
2019-11-25,2,9,11,18.181818181818183,208.11944511391772
2019-11-26,2,9,11,18.181818181818183,204.52553759088818
2019-11-27,2,9,11,18.181818181818183,204.71728734255697
2019-11-28,2,9,11,18.181818181818183,203.54055849241476
2019-11-29,1,10,11,9.090909090909092,202.84641906154584
2019-12-02,1,10,11,9.090909090909092,201.24803102346993
2019-12-03,1,10,11,9.090909090909092,199.52874595757254
2019-12-04,1,10,11,9.090909090909092,197.73080963044904
2019-12-05,2,9,11,18.181818181818183,198.22973121543893
2019-12-06,2,9,11,18.181818181818183,197.6244852862995
2019-12-09,2,9,11,18.181818181818183,196.04114563630176
2019-12-10,2,9,11,18.181818181818183,192.92576631027683
2019-12-11,2,9,11,18.181818181818183,190.78875635393976
2019-12-12,2,9,11,18.181818181818183,193.15462096638944
2019-12-13,3,8,11,27.27272727272727,196.85019544280428
2019-12-16,3,8,11,27.27272727272727,196.06099908638163
2019-12-17,3,8,11,27.27272727272727,196.20055308218238
2019-12-18,3,8,11,27.27272727272727,196.6752280176593
2019-12-19,3,8,11,27.27272727272727,194.53544495992185
2019-12-20,3,8,11,27.27272727272727,194.64213351642363
2019-12-23,3,8,11,27.27272727272727,194.59656230006598
2019-12-24,3,8,11,27.27272727272727,195.9696576467839
2019-12-26,3,7,10,30.0,196.1397834837316
2019-12-27,3,7,10,30.0,197.8007702396851
2019-12-30,3,7,10,30.0,200.36591216097165
2019-12-31,4,6,10,40.0,199.01433391626244
2020-01-01,5,5,10,50.0,199.82352820586024
2020-01-02,4,6,10,40.0,204.95947855081366
2020-01-03,4,6,10,40.0,205.63090106647059
2020-01-06,4,6,10,40.0,200.12743853545456
2020-01-07,4,6,10,40.0,202.14406073654754
2020-01-08,4,6,10,40.0,205.7642940203499
2020-01-09,5,5,10,50.0,211.10087326197902
2020-01-10,4,6,10,40.0,211.05209086801136
2020-01-13,4,6,10,40.0,212.03707927135812
2020-01-14,5,5,10,50.0,215.52457207932693
2020-01-15,5,5,10,50.0,219.1186979069239
2020-01-16,6,4,10,60.0,221.7474707106354
2020-01-17,6,4,10,60.0,225.95062583483556
2020-01-20,5,5,10,50.0,222.92292016456213
2020-01-21,5,5,10,50.0,221.84604581744972
2020-01-22,5,5,10,50.0,220.70847002267965
2020-01-23,5,5,10,50.0,220.73787192064026
2020-01-24,6,4,10,60.0,220.17818086054953
2020-01-27,6,4,10,60.0,218.98381463182162
2020-01-28,6,4,10,60.0,216.5328545417001
2020-01-29,6,4,10,60.0,218.66634418732366
2020-01-30,5,5,10,50.0,217.70845300966454
2020-01-31,5,5,10,50.0,212.12304187766642
2020-02-01,4,6,10,40.0,207.4299508580085
2020-02-03,4,6,10,40.0,208.15902266915728
2020-02-04,4,6,10,40.0,209.3626114605252
2020-02-05,4,6,10,40.0,210.99683374159522
2020-02-06,5,5,10,50.0,219.42222168469021
2020-02-07,5,5,10,50.0,222.2758640507666
2020-02-10,5,5,10,50.0,218.1776393428961
2020-02-11,5,5,10,50.0,217.23231863508335
2020-02-12,5,5,10,50.0,215.42349004293095
2020-02-13,5,6,11,45.45454545454545,212.76452519288097
2020-02-14,6,5,11,54.54545454545454,214.02014654699312
2020-02-17,6,5,11,54.54545454545454,213.52334447698348
2020-02-18,5,6,11,45.45454545454545,209.67992841488999
2020-02-19,5,6,11,45.45454545454545,210.86358270324757
2020-02-20,5,6,11,45.45454545454545,210.75150808023076
2020-02-24,5,6,11,45.45454545454545,208.5739583632301
2020-02-25,5,6,11,45.45454545454545,206.05230980185928
2020-02-26,4,7,11,36.36363636363637,201.62447254945494
2020-02-27,4,7,11,36.36363636363637,198.66393635489595
2020-02-28,4,7,11,36.36363636363637,191.3919096556275
2020-03-02,4,7,11,36.36363636363637,192.21189498656636
2020-03-03,3,8,11,27.27272727272727,193.67403371454216
2020-03-04,4,7,11,36.36363636363637,189.91080452749873
2020-03-05,4,7,11,36.36363636363637,191.40494245172493
2020-03-06,3,8,11,27.27272727272727,184.8938193204813
2020-03-09,3,8,11,27.27272727272727,175.34716139057153
2020-03-11,3,8,11,27.27272727272727,177.2922644702063
2020-03-12,0,11,11,0.0,162.81576483088804
2020-03-13,0,11,11,0.0,161.84567255272188
2020-03-16,0,11,11,0.0,156.87762435920388
2020-03-17,0,11,11,0.0,154.66462494710007
2020-03-18,0,11,11,0.0,146.86199871376434
2020-03-19,0,11,11,0.0,142.58306086306547
2020-03-20,0,11,11,0.0,144.18167465027798
2020-03-23,0,11,11,0.0,128.7017453371547
2020-03-24,0,11,11,0.0,126.26709569720087
2020-03-25,0,11,11,0.0,127.15477488229246
2020-03-26,0,11,11,0.0,130.748791108626
2020-03-27,0,11,11,0.0,131.2622776899461
2020-03-30,0,11,12,0.0,129.26697190139
2020-03-31,0,11,12,0.0,134.81647196022197
2020-04-01,0,11,12,0.0,133.95105322191424
2020-04-03,0,11,12,0.0,135.4847079081604
2020-04-07,0,11,12,0.0,140.08255713901568
2020-04-08,0,11,12,0.0,141.51133889062265
2020-04-09,0,11,12,0.0,150.2133181872964
2020-04-13,1,10,11,9.090909090909092,154.0177700298061
2020-04-15,0,11,12,0.0,156.02596747979578
2020-04-16,1,10,12,9.090909090909092,160.4427052683424
2020-04-17,1,10,12,9.090909090909092,162.06054219690907
2020-04-20,1,10,12,9.090909090909092,165.44120368561707
2020-04-21,1,10,12,9.090909090909092,157.66140674158976
2020-04-22,1,10,12,9.090909090909092,157.36967349550665
2020-04-23,1,10,12,9.090909090909092,158.624354062313
2020-04-24,1,10,12,9.090909090909092,156.4046045754744
2020-04-27,1,10,12,9.090909090909092,155.5822788250572
2020-04-28,1,10,12,9.090909090909092,155.67938158396885
2020-04-29,1,10,12,9.090909090909092,156.76453656338302
2020-04-30,1,10,12,9.090909090909092,158.12834622237287
2020-05-04,1,10,12,9.090909090909092,153.13414299956733
2020-05-05,0,11,12,0.0,153.20830555125693
2020-05-06,1,10,12,9.090909090909092,150.08077264509262
2020-05-07,1,10,12,9.090909090909092,148.88896365510104
2020-05-08,0,11,12,0.0,147.82367930023742
2020-05-11,0,11,12,0.0,146.76658033764787
2020-05-12,0,11,12,0.0,144.9154295578166
2020-05-13,0,11,12,0.0,150.8158613993568
2020-05-14,1,10,12,9.090909090909092,150.8437687544783
2020-05-15,1,10,12,9.090909090909092,151.7311334692572
2020-05-18,1,10,12,9.090909090909092,146.78297571819553
2020-05-19,1,10,12,9.090909090909092,145.90019069005342
2020-05-20,1,10,12,9.090909090909092,146.44786986618442
2020-05-21,1,10,12,9.090909090909092,146.1012855909524
2020-05-22,1,10,12,9.090909090909092,144.09225030186613
2020-05-26,1,10,12,9.090909090909092,146.25979653325828
2020-05-27,1,10,12,9.090909090909092,148.05743416529486
2020-05-28,1,10,12,9.090909090909092,150.17569452834132
2020-05-29,1,10,12,9.090909090909092,150.42635363259166
2020-06-01,1,10,12,9.090909090909092,154.79849130541572
2020-06-02,1,10,12,9.090909090909092,158.8252638401894
2020-06-03,2,9,12,18.181818181818183,163.75106628383094
2020-06-04,2,9,12,18.181818181818183,166.60837226244132
2020-06-05,2,9,12,18.181818181818183,171.50846764693623
2020-06-08,2,9,12,18.181818181818183,175.0423963904571
2020-06-09,1,10,12,9.090909090909092,170.58960067401003
2020-06-10,2,9,12,18.181818181818183,174.7100088928465
2020-06-11,2,9,12,18.181818181818183,171.53879698953395
2020-06-12,2,9,12,18.181818181818183,170.21100006901057
2020-06-15,2,9,12,18.181818181818183,170.73098946123147
2020-06-16,2,9,12,18.181818181818183,167.535501096477
2020-06-17,2,9,12,18.181818181818183,167.3471749665385
2020-06-18,2,9,12,18.181818181818183,174.19355674647016
2020-06-19,3,8,12,27.27272727272727,178.05020387072017
2020-06-22,4,7,12,36.36363636363637,178.96718320104873
2020-06-23,5,6,12,45.45454545454545,186.85932536024143
2020-06-24,5,6,12,45.45454545454545,191.4224124004493
2020-06-25,6,5,12,54.54545454545454,195.64710072247647
2020-06-26,6,5,12,54.54545454545454,197.22082661315144
2020-06-29,7,4,12,63.63636363636363,196.02159770296893
2020-06-30,5,6,12,45.45454545454545,193.04741488843072
2020-07-01,5,6,12,45.45454545454545,192.86937952388936
2020-07-02,6,5,12,54.54545454545454,194.44578463166926
2020-07-03,7,4,12,63.63636363636363,197.6432720743801
2020-07-06,7,4,12,63.63636363636363,201.6301882793267
2020-07-07,6,5,12,54.54545454545454,203.62690327282246
2020-07-08,6,5,12,54.54545454545454,200.59827533689352
2020-07-09,6,5,12,54.54545454545454,199.47754639903488
2020-07-10,5,6,12,45.45454545454545,197.66254793352022
2020-07-13,4,7,12,36.36363636363637,194.43883933369958
2020-07-14,4,7,12,36.36363636363637,189.86044727933992
2020-07-15,4,7,12,36.36363636363637,188.44275290280575
2020-07-16,4,7,12,36.36363636363637,186.67300432380532
2020-07-17,4,7,12,36.36363636363637,190.47992864058943
2020-07-20,4,7,12,36.36363636363637,190.16915474642622
2020-07-21,4,7,12,36.36363636363637,191.57962626151638
2020-07-22,5,6,12,45.45454545454545,192.67670628713645
2020-07-23,5,6,12,45.45454545454545,192.42383865850007
2020-07-24,5,6,12,45.45454545454545,191.0552946471016
2020-07-27,3,8,12,27.27272727272727,187.57836520954208
2020-07-28,4,7,12,36.36363636363637,187.8615286302192
2020-07-29,4,7,12,36.36363636363637,190.195269508769
2020-07-30,4,7,12,36.36363636363637,188.58685664280597
2020-07-31,4,7,12,36.36363636363637,189.44660053694412
2020-08-03,4,7,12,36.36363636363637,190.12262935230873
2020-08-04,5,6,12,45.45454545454545,191.79014442785746
2020-08-05,5,6,12,45.45454545454545,192.85546846839
2020-08-06,7,4,12,63.63636363636363,196.21378676374576
2020-08-07,7,4,12,63.63636363636363,198.09552221365126
2020-08-10,7,4,12,63.63636363636363,201.84770151856492
2020-08-11,8,3,12,72.72727272727273,206.58100805740833
2020-08-12,8,3,12,72.72727272727273,209.63104566621752
2020-08-13,7,4,12,63.63636363636363,211.60258614228803
2020-08-14,7,4,12,63.63636363636363,208.99868603764924
2020-08-17,7,4,12,63.63636363636363,211.73469910492452
2020-08-18,8,3,12,72.72727272727273,215.5720939561097
2020-08-19,8,3,12,72.72727272727273,220.14190963459305
2020-08-20,8,3,12,72.72727272727273,224.2639070797684
2020-08-21,8,3,12,72.72727272727273,228.6342974508992
2020-08-24,8,3,12,72.72727272727273,229.6292489238048
2020-08-25,8,3,12,72.72727272727273,228.54862842615194
2020-08-26,9,2,12,81.81818181818183,232.49465025477588
2020-08-27,9,2,12,81.81818181818183,234.0358889370507
2020-08-28,9,2,12,81.81818181818183,232.69467638233237
2020-08-31,8,3,12,72.72727272727273,223.65635999758956
2020-09-01,8,3,12,72.72727272727273,222.7906602050911
2020-09-02,8,3,12,72.72727272727273,225.2529935480235
2020-09-03,7,4,12,63.63636363636363,226.13853738647887
2020-09-04,7,4,12,63.63636363636363,225.04511402682712
2020-09-07,7,4,12,63.63636363636363,225.16376511262
2020-09-08,7,4,12,63.63636363636363,221.59458386213032
2020-09-09,6,5,12,54.54545454545454,217.49984082059086
2020-09-10,6,5,12,54.54545454545454,221.85225416284587
2020-09-11,7,4,12,63.63636363636363,222.03676869239192
2020-09-14,6,5,12,54.54545454545454,226.6823075358019
2020-09-15,6,5,12,54.54545454545454,230.01656224386645
2020-09-16,8,3,12,72.72727272727273,232.50408231129293
2020-09-17,6,5,12,54.54545454545454,231.61712051738465
2020-09-18,7,4,12,63.63636363636363,229.84378627580693
2020-09-21,6,5,12,54.54545454545454,222.84643285359454
2020-09-22,5,6,12,45.45454545454545,216.95674383052307
2020-09-23,5,6,12,45.45454545454545,216.15581398980964
2020-09-24,5,6,12,45.45454545454545,210.39536414122622
2020-09-25,5,6,12,45.45454545454545,214.49437567662372
2020-09-28,7,4,12,63.63636363636363,219.26380358883816
2020-09-29,6,5,12,54.54545454545454,220.62356174606413
2020-09-30,7,4,12,63.63636363636363,221.48081602211138
2020-10-01,7,4,12,63.63636363636363,224.54478539592907
2020-10-05,6,5,12,54.54545454545454,227.51409032966632
2020-10-06,6,5,12,54.54545454545454,227.7080031671594
2020-10-07,6,5,12,54.54545454545454,225.3018837278099
2020-10-08,6,5,12,54.54545454545454,224.37115602742338
2020-10-09,6,5,12,54.54545454545454,224.50993216922362
2020-10-12,6,5,12,54.54545454545454,222.4874215860888
2020-10-13,6,5,12,54.54545454545454,221.7462613864263
2020-10-14,6,5,12,54.54545454545454,220.57301845195792
2020-10-15,6,5,12,54.54545454545454,217.8588737631767
2020-10-16,6,5,12,54.54545454545454,219.76200227478014
2020-10-19,6,5,12,54.54545454545454,220.74220833426418
2020-10-20,6,5,12,54.54545454545454,220.49520335044463
2020-10-21,6,5,12,54.54545454545454,220.3660165006628
2020-10-22,6,5,12,54.54545454545454,221.87244937547783
2020-10-23,7,4,12,63.63636363636363,225.98046399553073
2020-10-26,7,4,12,63.63636363636363,224.01051658186967
2020-10-27,7,4,12,63.63636363636363,223.68436482117784
2020-10-28,7,4,12,63.63636363636363,223.2787399075446
2020-10-29,7,4,12,63.63636363636363,222.8456250575642
2020-10-30,7,4,12,63.63636363636363,222.58600159512275
2020-11-02,7,4,12,63.63636363636363,221.3457072703485
2020-11-03,6,5,12,54.54545454545454,221.0282784566808
2020-11-04,8,4,12,66.66666666666666,221.74549602493664
2020-11-05,7,5,12,58.333333333333336,224.34321807437914
2020-11-06,8,4,12,66.66666666666666,227.3041184366548
2020-11-09,8,4,12,66.66666666666666,228.43528445202904
2020-11-10,8,4,12,66.66666666666666,228.7967851664193
2020-11-11,8,4,12,66.66666666666666,231.34203514672294
2020-11-12,8,4,12,66.66666666666666,233.94722600541417
2020-11-13,8,4,12,66.66666666666666,236.47829988355724
2020-11-14,9,3,12,75.0,239.55829959194674
2020-11-17,12,0,12,100.0,247.1370349579812
2020-11-18,12,0,12,100.0,249.8855053974132
2020-11-19,12,0,12,100.0,250.18918479684572
2020-11-20,12,0,12,100.0,251.14051224522623
2020-11-23,12,0,12,100.0,253.25051682556912
2020-11-24,12,0,12,100.0,253.05751204684515
2020-11-25,12,0,12,100.0,256.6157910023363
2020-11-26,12,0,12,100.0,261.7551851393104
2020-11-27,12,0,12,100.0,266.6863841678612
2020-12-01,12,0,12,100.0,277.7137403460123
2020-12-02,12,0,12,100.0,286.559311962374
2020-12-03,12,0,12,100.0,291.4252936134416
2020-12-04,12,0,12,100.0,292.4021484133254
2020-12-07,12,0,12,100.0,298.51116574680054
2020-12-08,12,0,12,100.0,297.9355386335899
2020-12-09,12,0,12,100.0,293.8455390575542
2020-12-10,12,0,12,100.0,295.813671219059
2020-12-11,12,0,12,100.0,301.39030592835854
2020-12-14,12,0,12,100.0,305.27144061593015
2020-12-15,12,0,12,100.0,308.04632231561163
2020-12-16,12,0,12,100.0,309.7913183566402
2020-12-17,12,0,12,100.0,306.0108435777706
2020-12-18,12,0,12,100.0,301.88004437400235
2020-12-21,12,0,12,100.0,286.5683486737731
2020-12-22,12,0,12,100.0,285.57529872783596
2020-12-23,12,0,12,100.0,296.09591786597423
2020-12-24,12,0,12,100.0,301.49683460103125
2020-12-28,12,0,12,100.0,306.4136761844089
2020-12-29,12,0,12,100.0,304.7109805622909
2020-12-30,12,0,12,100.0,306.0159928167304
2020-12-31,12,0,12,100.0,303.76922167193055
2021-01-01,12,0,12,100.0,307.423213579429
2021-01-04,12,0,12,100.0,313.9674348452121
2021-01-05,12,0,12,100.0,313.0312212108102
2021-01-06,12,0,12,100.0,308.69108230606537
2021-01-07,12,0,12,100.0,309.72969196810993
2021-01-08,12,0,12,100.0,312.99782138917266
2021-01-11,12,0,12,100.0,311.4830280430625
2021-01-12,12,0,12,100.0,314.5436700090342
2021-01-13,12,0,12,100.0,310.2465713435389
2021-01-14,12,0,12,100.0,313.67191518995867
2021-01-15,12,0,12,100.0,311.02456502023534
2021-01-18,12,0,12,100.0,306.46514112227055
2021-01-19,12,0,12,100.0,310.43065740560235
2021-01-20,12,0,12,100.0,314.707859611631
2021-01-21,12,0,12,100.0,308.3616876815379
2021-01-22,12,0,12,100.0,302.56404243251217
2021-01-25,12,0,12,100.0,296.0420354621788
2021-01-27,12,0,12,100.0,295.35956308862615
2021-01-28,12,0,12,100.0,297.1095524005708
2021-01-29,12,0,12,100.0,293.99532199931076
2021-02-01,12,0,12,100.0,301.7661343953812
2021-02-02,12,0,12,100.0,308.6688559585511
2021-02-03,12,0,12,100.0,314.9571580353325
2021-02-04,12,0,12,100.0,318.75248046928033
2021-02-05,12,0,12,100.0,317.64765404362436
2021-02-08,12,0,12,100.0,323.28747197348434
2021-02-09,12,0,12,100.0,321.88116570957936
2021-02-10,12,0,12,100.0,322.66425017750595
2021-02-11,12,0,12,100.0,325.3287496077475
2021-02-12,12,0,12,100.0,326.572180024022
2021-02-15,12,0,12,100.0,328.39779112022313
2021-02-16,12,0,12,100.0,327.7090862863824
2021-02-17,12,0,12,100.0,333.0328522753633
2021-02-18,12,0,12,100.0,340.62605894339583
2021-02-19,12,0,12,100.0,339.51654976188263
2021-02-22,12,0,12,100.0,333.21691592687347
2021-02-23,12,0,12,100.0,338.41540504100516
2021-02-24,12,0,12,100.0,341.4305099118699
2021-02-25,12,0,12,100.0,347.45630855268007
2021-02-26,12,0,12,100.0,339.47247509267146
2021-03-01,12,0,12,100.0,346.4894815199844
2021-03-02,12,0,12,100.0,352.7637716041803
2021-03-03,12,0,12,100.0,353.4076111176374
2021-03-04,12,0,12,100.0,357.20764373874243
2021-03-05,12,0,12,100.0,349.83169648130786
2021-03-08,12,0,12,100.0,350.17347586355817
2021-03-09,12,0,12,100.0,353.0540607291508
2021-03-10,12,0,12,100.0,349.38000443508406
2021-03-12,12,0,12,100.0,350.66204341742866
2021-03-15,12,0,12,100.0,351.963680516779
2021-03-16,12,0,12,100.0,359.268270848856
2021-03-17,11,1,12,91.66666666666666,347.9610771247971
2021-03-18,11,1,12,91.66666666666666,340.23379715729845
2021-03-19,11,1,12,91.66666666666666,344.53421735741756
2021-03-22,11,1,12,91.66666666666666,346.508983762826
2021-03-23,11,1,12,91.66666666666666,349.8596037693767
2021-03-24,11,1,12,91.66666666666666,343.23274189459676
2021-03-25,11,1,12,91.66666666666666,334.13631081066734
2021-03-26,11,1,12,91.66666666666666,337.4813570858544
2021-03-30,11,1,12,91.66666666666666,337.70105574366374
2021-03-31,11,1,12,91.66666666666666,340.74808696672216
2021-04-01,11,1,12,91.66666666666666,348.3571577469053
2021-04-05,11,1,12,91.66666666666666,341.4458008999668
2021-04-06,11,1,12,91.66666666666666,343.6143749988173
2021-04-07,11,1,12,91.66666666666666,348.16554661607177
2021-04-08,11,1,12,91.66666666666666,351.2241297303425
2021-04-09,11,1,12,91.66666666666666,354.7896383974435
2021-04-12,11,1,12,91.66666666666666,333.2141654228352
2021-04-13,11,1,12,91.66666666666666,338.73623592076814
2021-04-15,11,1,12,91.66666666666666,337.63842397274084
2021-04-16,11,1,12,91.66666666666666,341.2822580321123
2021-04-19,10,2,12,83.33333333333334,329.4340371839057
2021-04-20,10,2,12,83.33333333333334,332.16103477303557
2021-04-22,11,1,12,91.66666666666666,335.2109056472717
2021-04-23,11,1,12,91.66666666666666,338.1782444388267
2021-04-26,11,1,12,91.66666666666666,343.5792741218861
2021-04-27,11,1,12,91.66666666666666,347.5412554240798
2021-04-28,11,1,12,91.66666666666666,352.90370870059513
2021-04-29,11,1,12,91.66666666666666,352.6002231204091
2021-04-30,11,1,12,91.66666666666666,354.50564487250216
2021-05-03,11,1,12,91.66666666666666,361.3193250694222
2021-05-04,11,1,12,91.66666666666666,358.47870800180493
2021-05-05,11,1,12,91.66666666666666,363.80887473984
2021-05-06,11,1,12,91.66666666666666,365.0809105788031
2021-05-07,12,0,12,100.0,365.6194551037824
2021-05-10,12,0,12,100.0,371.2003282469983
2021-05-11,12,0,12,100.0,381.7213380945165
2021-05-12,12,0,12,100.0,381.156214545135
2021-05-14,12,0,12,100.0,379.3697235144839
2021-05-17,12,0,12,100.0,380.96622219289856
2021-05-18,12,0,12,100.0,385.5629597326239
2021-05-19,12,0,12,100.0,387.12273049255316
2021-05-20,12,0,12,100.0,386.3243305422557
2021-05-21,12,0,12,100.0,388.2850545036752
2021-05-24,12,0,12,100.0,395.6874775862889
2021-05-25,12,0,12,100.0,407.65744535093563
2021-05-26,12,0,12,100.0,416.2797989039286
2021-05-27,12,0,12,100.0,418.5487552696352
2021-05-28,12,0,12,100.0,415.44839338717765
2021-05-31,12,0,12,100.0,410.3718930194396
2021-06-01,12,0,12,100.0,401.3488034658399
2021-06-02,12,0,12,100.0,409.5226408774865
2021-06-03,12,0,12,100.0,408.9981637954793
2021-06-04,12,0,12,100.0,409.85585936467874
2021-06-07,12,0,12,100.0,415.44258747272045
2021-06-08,12,0,12,100.0,418.77558802006405
2021-06-09,12,0,12,100.0,423.81314175449666
2021-06-10,12,0,12,100.0,429.9580845498639
2021-06-11,12,0,12,100.0,431.86653161569825
2021-06-14,12,0,12,100.0,433.29615564819426
2021-06-15,12,0,12,100.0,431.0605431335869
2021-06-16,12,0,12,100.0,426.8563827731556
2021-06-17,12,0,12,100.0,425.06230592297965
2021-06-18,12,0,12,100.0,421.63925029652756
2021-06-21,12,0,12,100.0,431.06212373714794
2021-06-22,12,0,12,100.0,432.39376978695435
2021-06-23,12,0,12,100.0,432.643151778802
2021-06-24,12,0,12,100.0,432.42588922492365
2021-06-25,12,0,12,100.0,434.3094306362965
2021-06-28,12,0,12,100.0,433.5355810850228
2021-06-29,12,0,12,100.0,435.5987367815116
2021-06-30,12,0,12,100.0,446.3998699133956
2021-07-01,12,0,12,100.0,444.0639298738555
2021-07-02,12,0,12,100.0,441.1125770949087
2021-07-05,12,0,12,100.0,449.65501598704077
2021-07-06,12,0,12,100.0,446.7306976906261
2021-07-07,12,0,12,100.0,446.9441759920645
2021-07-08,12,0,12,100.0,450.11417110124114
2021-07-09,12,0,12,100.0,453.82817746592394
2021-07-12,12,0,12,100.0,459.62056542028085
2021-07-13,12,0,12,100.0,460.5653892677956
2021-07-14,12,0,12,100.0,455.3842701457572
2021-07-15,12,0,12,100.0,453.83433170651904
2021-07-16,12,0,12,100.0,454.0709896048912
2021-07-19,12,0,12,100.0,452.6782724890972
2021-07-20,12,0,12,100.0,446.2265292240495
2021-07-22,12,0,12,100.0,455.5224635560286
2021-07-23,12,0,12,100.0,456.31679633405804
2021-07-26,12,0,12,100.0,458.04098457149667
2021-07-27,12,0,12,100.0,457.7296688321855
2021-07-28,12,0,12,100.0,460.9257459192476
2021-07-29,12,0,12,100.0,470.13824112230134
2021-07-30,12,0,12,100.0,465.3478031945455
2021-08-02,12,0,12,100.0,464.87266542992734
2021-08-03,12,0,12,100.0,472.21850362112735
2021-08-04,12,0,12,100.0,468.69923344869846
2021-08-05,12,0,12,100.0,461.2450424171273
2021-08-06,12,0,12,100.0,462.3765484626305
2021-08-09,12,0,12,100.0,459.20048964265953
2021-08-10,11,1,12,91.66666666666666,438.4454182080802
2021-08-11,12,0,12,100.0,438.47905542464895
2021-08-12,12,0,12,100.0,453.9358548076069
2021-08-13,12,0,12,100.0,451.3141398805996
2021-08-16,12,0,12,100.0,442.0173580484369
2021-08-17,12,0,12,100.0,443.3655348704993
2021-08-18,12,0,12,100.0,438.7809217569411
2021-08-20,11,1,12,91.66666666666666,436.9410073444955
2021-08-23,11,1,12,91.66666666666666,427.43596454715174
2021-08-24,11,1,12,91.66666666666666,434.4285253933914
2021-08-25,11,1,12,91.66666666666666,438.82769557441856
2021-08-26,11,1,12,91.66666666666666,446.59176710628657
2021-08-27,12,0,12,100.0,449.5723558676662
2021-08-30,12,0,12,100.0,458.7606594681012
2021-08-31,12,0,12,100.0,454.55115770202656
2021-09-01,12,0,12,100.0,457.55474358130124
2021-09-02,12,0,12,100.0,460.28152525411866
2021-09-03,12,0,12,100.0,462.6827776709555
2021-09-06,12,0,12,100.0,461.2868625033621
2021-09-07,12,0,12,100.0,458.9858512814634
2021-09-08,12,0,12,100.0,460.9773370996916
2021-09-09,12,0,12,100.0,462.9091761233653
2021-09-13,12,0,12,100.0,465.0216695342519
2021-09-14,12,0,12,100.0,465.7566325439843
2021-09-15,12,0,12,100.0,469.7095076404753
2021-09-16,12,0,12,100.0,467.92063967740347
2021-09-17,12,0,12,100.0,464.33026863656653
2021-09-20,12,0,12,100.0,456.81769598273456
2021-09-21,12,0,12,100.0,461.7454097398727
2021-09-22,12,0,12,100.0,465.7436983009464
2021-09-23,12,0,12,100.0,472.274697644073
2021-09-24,12,0,12,100.0,470.96660514472524
2021-09-27,11,1,12,91.66666666666666,467.0289036445245
2021-09-28,11,1,12,91.66666666666666,470.7959923831126
2021-09-29,11,1,12,91.66666666666666,479.42264042022293
2021-09-30,11,1,12,91.66666666666666,483.09733844655244
2021-10-01,11,1,12,91.66666666666666,485.18791854661856
2021-10-04,11,1,12,91.66666666666666,496.0695612482375
2021-10-05,11,1,12,91.66666666666666,497.1628100094032
2021-10-06,11,1,12,91.66666666666666,490.65827967333604
2021-10-07,11,1,12,91.66666666666666,493.4609977839416
2021-10-08,12,0,12,100.0,494.69054326879797
2021-10-11,12,0,12,100.0,504.9192040606275
2021-10-12,12,0,12,100.0,501.711016523096
2021-10-13,12,0,12,100.0,506.0370676744303
2021-10-14,12,0,12,100.0,509.2806558524468
2021-10-18,12,0,12,100.0,517.3632383265992
2021-10-19,12,0,12,100.0,509.37833678820834
2021-10-20,11,1,12,91.66666666666666,500.431401790899
2021-10-21,11,1,12,91.66666666666666,496.6908767820606
2021-10-22,11,1,12,91.66666666666666,496.7156828438708
2021-10-25,10,2,12,83.33333333333334,486.39671032123124
2021-10-26,10,2,12,83.33333333333334,495.64973873467994
2021-10-27,10,2,12,83.33333333333334,499.40228397623764
2021-10-28,10,2,12,83.33333333333334,484.57886228002064
2021-10-29,10,2,12,83.33333333333334,485.68983503831384
2021-11-01,10,2,12,83.33333333333334,491.696132381413
2021-11-02,10,2,12,83.33333333333334,492.05588127578494
2021-11-03,11,1,12,91.66666666666666,495.35691886530617
2021-11-04,11,1,12,91.66666666666666,503.55932760952567
2021-11-08,12,0,12,100.0,508.79941380068044
2021-11-09,12,0,12,100.0,512.1101483768877
2021-11-10,12,0,12,100.0,517.9629221236457
2021-11-11,12,0,12,100.0,521.4980008216753
2021-11-12,12,0,12,100.0,517.0522711127404
2021-11-15,10,2,12,83.33333333333334,511.7978850635595
2021-11-16,11,1,12,91.66666666666666,517.5740530901612
2021-11-17,11,1,12,91.66666666666666,519.8685972770173
2021-11-18,11,1,12,91.66666666666666,511.33453800764147
2021-11-22,9,3,12,75.0,498.8856384727974
2021-11-23,10,2,12,83.33333333333334,512.0980059740912
2021-11-24,10,2,12,83.33333333333334,512.8669600810377
2021-11-25,10,2,12,83.33333333333334,517.970206171698
2021-11-26,9,3,12,75.0,501.00945780831313
2021-11-29,9,3,12,75.0,489.0195641246696
2021-11-30,8,4,12,66.66666666666666,493.4389560711329
2021-12-01,8,4,12,66.66666666666666,496.89838321970694
2021-12-02,10,2,12,83.33333333333334,518.2473440363384
2021-12-03,10,2,12,83.33333333333334,511.7360910129766
2021-12-06,9,3,12,75.0,504.4479752236949
2021-12-07,9,3,12,75.0,518.2150292391756
2021-12-08,10,2,12,83.33333333333334,519.0417521212524
2021-12-09,11,1,12,91.66666666666666,522.8039031810309
2021-12-10,9,3,12,75.0,532.3737446203401
2021-12-13,10,2,12,83.33333333333334,534.5529200272262
2021-12-14,9,3,12,75.0,537.4399476316108
2021-12-15,9,3,12,75.0,540.6387860196132
2021-12-16,9,3,12,75.0,535.6839571760379
2021-12-17,9,3,12,75.0,526.2434871828963
2021-12-20,9,3,12,75.0,511.63574904389384
2021-12-21,9,3,12,75.0,518.4152505933588
2021-12-22,9,3,12,75.0,523.1524706097601
2021-12-23,9,3,12,75.0,530.3264586983756
2021-12-24,9,3,12,75.0,526.7146377951826
2021-12-27,9,3,12,75.0,531.8120450143712
2021-12-28,9,3,12,75.0,542.0935610006671
2021-12-29,10,2,12,83.33333333333334,549.3504409632912
2021-12-30,11,1,12,91.66666666666666,548.6444785297922
2021-12-31,11,1,12,91.66666666666666,552.3455661157508
2022-01-03,11,1,12,91.66666666666666,556.195168704073
2022-01-04,11,1,12,91.66666666666666,556.7574346124974
2022-01-05,11,1,12,91.66666666666666,552.3202089740031
2022-01-06,11,1,12,91.66666666666666,548.9524318221291
2022-01-07,11,1,12,91.66666666666666,550.6382562380705
2022-01-10,12,0,12,100.0,556.5844705690915
2022-01-11,12,0,12,100.0,553.4466946300804
2022-01-12,12,0,12,100.0,555.1973922712386
2022-01-13,12,0,12,100.0,557.408817839452
2022-01-14,12,0,12,100.0,564.8230042444022
2022-01-17,12,0,12,100.0,568.7431187401486
2022-01-18,11,1,12,91.66666666666666,552.9215339489695
2022-01-19,11,1,12,91.66666666666666,561.2303507244604
2022-01-20,11,1,12,91.66666666666666,566.7955901187308
2022-01-21,11,1,12,91.66666666666666,564.5287725543011
2022-01-24,9,3,12,75.0,544.7785774542834
2022-01-25,9,3,12,75.0,557.468546512968
2022-01-27,9,3,12,75.0,552.7295833382329
2022-01-28,9,3,12,75.0,554.8398172826828
2022-01-31,9,3,12,75.0,548.0576994058832
2022-02-01,9,3,12,75.0,552.60272106679
2022-02-02,9,3,12,75.0,573.9018171126058
2022-02-03,9,3,12,75.0,576.8856263325277
2022-02-04,9,3,12,75.0,577.2099512905176
2022-02-07,9,3,12,75.0,570.8194913769192
2022-02-08,10,2,12,83.33333333333334,564.697830480566
2022-02-09,10,2,12,83.33333333333334,566.0771000779577
2022-02-10,10,2,12,83.33333333333334,560.365155749399
2022-02-11,9,3,12,75.0,558.9329191209537
2022-02-14,9,3,12,75.0,535.8919187193475
2022-02-15,9,3,12,75.0,544.0639679989051
2022-02-16,9,3,12,75.0,544.716804883373
2022-02-17,9,3,12,75.0,547.3227011982442
2022-02-18,10,2,12,83.33333333333334,548.8828750268058
2022-02-21,9,3,12,75.0,533.7239801819528
2022-02-22,8,4,12,66.66666666666666,522.9654761613295
2022-02-23,7,5,12,58.333333333333336,527.8409622401174
2022-02-24,6,6,12,50.0,493.9431518595466
2022-02-25,7,5,12,58.333333333333336,516.1405500695004
2022-02-28,7,5,12,58.333333333333336,525.0659763254428
2022-03-02,7,5,12,58.333333333333336,524.7814023908511
2022-03-03,7,5,12,58.333333333333336,534.0906427382606
2022-03-04,6,6,12,50.0,519.6069104185478
2022-03-07,6,6,12,50.0,498.0849565448505
2022-03-08,6,6,12,50.0,506.0938354252762
2022-03-09,6,6,12,50.0,516.1633103111938
2022-03-10,6,6,12,50.0,518.8758902909966
2022-03-11,7,5,12,58.333333333333336,523.2867924202714
2022-03-14,6,6,12,50.0,519.4765331709966
2022-03-15,6,6,12,50.0,516.5456513493915
2022-03-16,7,5,12,58.333333333333336,521.0739120336541
2022-03-17,7,5,12,58.333333333333336,527.7426021171158
2022-03-21,7,5,12,58.333333333333336,522.2403071331703
2022-03-22,8,4,12,66.66666666666666,527.9926298295142
2022-03-23,7,5,12,58.333333333333336,527.1023033581862
2022-03-24,6,6,12,50.0,529.3075854018184
2022-03-25,6,6,12,50.0,522.2758526888074
2022-03-28,7,5,12,58.333333333333336,522.6523219623547
2022-03-29,6,6,12,50.0,520.489219534667
2022-03-30,9,3,12,75.0,533.3303174909676
2022-03-31,8,4,12,66.66666666666666,530.1130886128982
2022-04-01,9,3,12,75.0,544.7129439729355
2022-04-04,9,3,12,75.0,554.3173032329954
2022-04-05,9,3,12,75.0,565.4125215908227
2022-04-06,9,3,12,75.0,570.7362367377862
2022-04-07,9,3,12,75.0,568.7479654737601
2022-04-08,9,3,12,75.0,573.3075184230797
2022-04-11,9,3,12,75.0,575.7574641643132
2022-04-12,9,3,12,75.0,572.6585628556271
2022-04-13,9,3,12,75.0,575.4893711905436
2022-04-18,9,3,12,75.0,580.1789543360387
2022-04-19,9,3,12,75.0,575.3761522484534
2022-04-20,9,3,12,75.0,581.7447632740282
2022-04-21,9,3,12,75.0,583.7493635763575
2022-04-22,9,3,12,75.0,585.869510104902
2022-04-25,10,2,12,83.33333333333334,580.3521863073228
2022-04-26,10,2,12,83.33333333333334,585.4615185046039
2022-04-27,9,3,12,75.0,583.9927180773448
2022-04-28,9,3,12,75.0,580.9521956818026
2022-04-29,9,3,12,75.0,579.3452837157525
2022-05-02,7,5,12,58.333333333333336,571.6560099036298
2022-05-04,7,5,12,58.333333333333336,552.3014660841887
2022-05-05,8,4,12,66.66666666666666,553.3009275939526
2022-05-06,7,5,12,58.333333333333336,543.277866759132
2022-05-09,6,6,12,50.0,534.4729703846644
2022-05-10,5,7,12,41.66666666666667,528.1573217712962
2022-05-11,6,6,12,50.0,526.1893970504447
2022-05-12,6,6,12,50.0,519.5028100830145
2022-05-13,6,6,12,50.0,526.7184509196635
2022-05-16,7,5,12,58.333333333333336,525.9896301153638
2022-05-17,7,5,12,58.333333333333336,542.2227553836332
2022-05-18,7,5,12,58.333333333333336,543.0205006772513
2022-05-19,7,5,12,58.333333333333336,531.9599888126025
2022-05-20,7,5,12,58.333333333333336,541.0820813899678
2022-05-23,6,6,12,50.0,535.2962177181653
2022-05-24,6,6,12,50.0,535.8031452142588
2022-05-25,6,6,12,50.0,523.4062398179087
2022-05-26,6,6,12,50.0,524.1814686692334
2022-05-27,7,5,12,58.333333333333336,545.2231870173723
2022-05-30,7,5,12,58.333333333333336,552.8705322066448
2022-05-31,7,5,12,58.333333333333336,566.4184542667385
2022-06-01,7,5,12,58.333333333333336,568.8570939817492
2022-06-02,7,5,12,58.333333333333336,571.5606847584796
2022-06-03,7,5,12,58.333333333333336,561.0125476871185
2022-06-06,7,5,12,58.333333333333336,562.4825112908595
2022-06-07,7,5,12,58.333333333333336,562.9221512519712
2022-06-08,7,5,12,58.333333333333336,560.5270132517137
2022-06-09,7,5,12,58.333333333333336,562.6428285304247
2022-06-10,7,5,12,58.333333333333336,563.5391095825793
2022-06-13,7,5,12,58.333333333333336,548.7510979773181
2022-06-14,7,5,12,58.333333333333336,554.6292209820008
2022-06-15,7,5,12,58.333333333333336,556.4660350604586
2022-06-16,7,5,12,58.333333333333336,537.8506162539344
2022-06-17,6,6,12,50.0,539.1325490609763
2022-06-20,5,7,12,41.66666666666667,520.6094403810046
2022-06-21,6,6,12,50.0,538.4380257490004
2022-06-22,5,7,12,41.66666666666667,534.2525058530657
2022-06-23,6,6,12,50.0,544.7699352592185
2022-06-24,7,5,12,58.333333333333336,554.6732412415682
2022-06-27,7,5,12,58.333333333333336,563.3607781224541
2022-06-28,7,5,12,58.333333333333336,567.0237602828383
2022-06-29,7,5,12,58.333333333333336,565.6452460573196
2022-06-30,7,5,12,58.333333333333336,560.0419437418599
2022-07-01,6,6,12,50.0,561.4547394503272
2022-07-04,6,6,12,50.0,564.6423714270446
2022-07-05,6,6,12,50.0,566.4657726947726
2022-07-06,7,5,12,58.333333333333336,581.0074973148883
2022-07-07,7,5,12,58.333333333333336,590.1749250776418
2022-07-08,7,5,12,58.333333333333336,598.5559837171711
2022-07-11,7,5,12,58.333333333333336,603.3673621153969
2022-07-12,7,5,12,58.333333333333336,598.7323515141668
2022-07-13,8,4,12,66.66666666666666,599.6783777710513
2022-07-14,8,4,12,66.66666666666666,599.700051208787
2022-07-15,8,4,12,66.66666666666666,602.484821856784
2022-07-18,8,4,12,66.66666666666666,611.5220588583759
2022-07-19,8,4,12,66.66666666666666,607.8151024163274
2022-07-20,8,4,12,66.66666666666666,606.8631971313824
2022-07-21,8,4,12,66.66666666666666,619.9935670243282
2022-07-22,8,4,12,66.66666666666666,613.3731162205265
2022-07-25,8,4,12,66.66666666666666,612.4829776610678
2022-07-26,8,4,12,66.66666666666666,607.537430745746
2022-07-27,8,4,12,66.66666666666666,608.8150559481131
2022-07-28,9,3,12,75.0,617.7644759399786
2022-07-29,9,3,12,75.0,621.1995283942431
2022-08-01,10,2,12,83.33333333333334,636.4724797554551
2022-08-02,11,1,12,91.66666666666666,649.58242993493
2022-08-03,11,1,12,91.66666666666666,650.6965190097098
2022-08-04,10,2,12,83.33333333333334,646.0897211484761
2022-08-05,9,3,12,75.0,650.4558441658137
2022-08-08,9,3,12,75.0,644.7319714035207
2022-08-10,10,2,12,83.33333333333334,646.131914024346
2022-08-11,9,3,12,75.0,641.2048497861737
2022-08-12,9,3,12,75.0,647.2098027037181
2022-08-16,10,2,12,83.33333333333334,647.9622819462809
2022-08-17,10,2,12,83.33333333333334,649.2112788320792
2022-08-18,10,2,12,83.33333333333334,653.1552625844156
2022-08-19,10,2,12,83.33333333333334,651.8623041022008
2022-08-22,10,2,12,83.33333333333334,653.0898561396649
2022-08-23,10,2,12,83.33333333333334,662.552706618673
2022-08-24,10,2,12,83.33333333333334,670.3583084343496
2022-08-25,10,2,12,83.33333333333334,668.9702694849308
2022-08-26,10,2,12,83.33333333333334,674.9920833188714
2022-08-29,10,2,12,83.33333333333334,672.8725756525645
2022-08-30,10,2,12,83.33333333333334,679.9703480696634
2022-09-01,10,2,12,83.33333333333334,685.6764563175548
2022-09-02,10,2,12,83.33333333333334,687.1560557564503
2022-09-05,11,1,12,91.66666666666666,692.8048504248158
2022-09-06,11,1,12,91.66666666666666,683.1011739380359
2022-09-07,11,1,12,91.66666666666666,689.6572090739643
2022-09-08,11,1,12,91.66666666666666,697.501300733604
2022-09-09,11,1,12,91.66666666666666,688.8190804607345
2022-09-12,12,0,12,100.0,693.4873222703077
2022-09-13,12,0,12,100.0,694.4167017956955
2022-09-14,12,0,12,100.0,699.1505682061714
2022-09-15,12,0,12,100.0,721.5439729410147
2022-09-16,12,0,12,100.0,702.8741303338063
2022-09-19,11,1,12,91.66666666666666,709.1753102884263
2022-09-20,11,1,12,91.66666666666666,717.0747144412595
2022-09-21,12,0,12,100.0,718.4095421496365
2022-09-22,12,0,12,100.0,728.9537366027267
2022-09-23,11,1,12,91.66666666666666,718.9006059425486
2022-09-26,11,1,12,91.66666666666666,707.9701739585007
2022-09-27,11,1,12,91.66666666666666,708.7250537489422
2022-09-28,11,1,12,91.66666666666666,703.0275071137444
2022-09-29,11,1,12,91.66666666666666,708.1309471299759
2022-09-30,11,1,12,91.66666666666666,726.9572829816102
2022-10-03,10,2,12,83.33333333333334,714.7777358664811
2022-10-04,11,1,12,91.66666666666666,728.1972538064294
2022-10-06,11,1,12,91.66666666666666,731.6035870485582
2022-10-07,11,1,12,91.66666666666666,739.3789908083718
2022-10-10,10,2,12,83.33333333333334,727.3962047795061
2022-10-11,10,2,12,83.33333333333334,716.5256946498995
2022-10-12,11,1,12,91.66666666666666,721.8495469384089
2022-10-13,10,2,12,83.33333333333334,717.6233872694132
2022-10-14,9,3,12,75.0,715.2926904800281
2022-10-17,10,2,12,83.33333333333334,718.9103090991748
2022-10-18,10,2,12,83.33333333333334,727.8698032043116
2022-10-19,11,1,12,91.66666666666666,727.7841934739843
2022-10-20,11,1,12,91.66666666666666,730.1176751044451
2022-10-21,10,2,12,83.33333333333334,722.2263835020779
2022-10-24,11,1,12,91.66666666666666,731.1286065755571
2022-10-25,11,1,12,91.66666666666666,736.386884039875
2022-10-27,10,2,12,83.33333333333334,744.6125034488791
2022-10-28,11,1,12,91.66666666666666,749.6311607785705
2022-10-31,11,1,12,91.66666666666666,748.5771213283941
2022-11-01,11,1,12,91.66666666666666,749.3249476124026
2022-11-02,11,1,12,91.66666666666666,750.9251687878623
2022-11-03,11,1,12,91.66666666666666,746.9242072061945
2022-11-04,11,1,12,91.66666666666666,747.8822789469782
2022-11-07,11,1,12,91.66666666666666,743.2658545308783
2022-11-09,10,2,12,83.33333333333334,735.7816450450837
2022-11-10,9,3,12,75.0,729.2908404024579
2022-11-11,9,3,12,75.0,740.532568960248
2022-11-14,9,3,12,75.0,740.8223068506825
2022-11-15,11,1,12,91.66666666666666,750.9153106545992
2022-11-16,11,1,12,91.66666666666666,749.9747729473869
2022-11-17,11,1,12,91.66666666666666,742.2704528041154
2022-11-18,11,1,12,91.66666666666666,733.9179041370971
2022-11-21,10,2,12,83.33333333333334,744.7254487929391
2022-11-22,10,2,12,83.33333333333334,743.2504558481994
2022-11-23,10,2,12,83.33333333333334,747.6662352810945
2022-11-24,11,1,12,91.66666666666666,756.0134582059236
2022-11-25,11,1,12,91.66666666666666,764.3568277198497
2022-11-28,11,1,12,91.66666666666666,773.0619700030614
2022-11-29,10,2,12,83.33333333333334,763.2854086237996
2022-11-30,11,1,12,91.66666666666666,762.3923726930981
2022-12-01,11,1,12,91.66666666666666,767.1734690901391
2022-12-02,11,1,12,91.66666666666666,779.0208260655729
2022-12-05,11,1,12,91.66666666666666,783.8129344762845
2022-12-06,11,1,12,91.66666666666666,784.3570830608157
2022-12-07,11,1,12,91.66666666666666,785.5402790280003
2022-12-08,11,1,12,91.66666666666666,799.8319926705674
2022-12-09,11,1,12,91.66666666666666,788.9447693581856
2022-12-12,12,0,12,100.0,796.9587256832059
2022-12-13,12,0,12,100.0,809.1595881919362
2022-12-14,12,0,12,100.0,812.5482781069571
2022-12-15,12,0,12,100.0,808.1312923091009
2022-12-16,11,1,12,91.66666666666666,791.7740211564161
2022-12-19,12,0,12,100.0,805.6488505854898
2022-12-20,12,0,12,100.0,809.4576514517677
2022-12-21,11,1,12,91.66666666666666,783.5124081502282
2022-12-22,10,2,12,83.33333333333334,760.9212923147696
2022-12-23,9,3,12,75.0,744.3524698935735
2022-12-26,9,3,12,75.0,764.5348533177948
2022-12-27,10,2,12,83.33333333333334,782.3112230313592
2022-12-28,12,0,12,100.0,794.4628219495862
2022-12-29,11,1,12,91.66666666666666,803.623348350148
2022-12-30,10,2,12,83.33333333333334,801.1474581629358
2023-01-02,11,1,12,91.66666666666666,801.4360150506974
2023-01-03,11,1,12,91.66666666666666,798.7745787727712
2023-01-04,10,2,12,83.33333333333334,795.7231080732722
2023-01-05,9,3,12,75.0,804.6319082569355
2023-01-06,10,2,12,83.33333333333334,802.0090985182876
2023-01-09,11,1,12,91.66666666666666,824.640604455125
2023-01-10,11,1,12,91.66666666666666,836.3350302090832
2023-01-11,11,1,12,91.66666666666666,846.3907119058229
2023-01-12,11,1,12,91.66666666666666,838.52646859388
2023-01-13,9,3,12,75.0,836.1361749233008
2023-01-16,9,3,12,75.0,829.8713209359723
2023-01-17,10,2,12,83.33333333333334,834.9716498983289
2023-01-18,9,3,12,75.0,836.6715278087428
2023-01-19,10,2,12,83.33333333333334,841.3902672302783
2023-01-20,9,3,12,75.0,842.9260308507105
2023-01-23,9,3,12,75.0,829.7404253632415
2023-01-24,9,3,12,75.0,823.5847975500042
2023-01-25,9,3,12,75.0,817.9305143434831
2023-01-27,9,3,12,75.0,790.3354077034775
2023-01-30,8,4,12,66.66666666666666,795.1151724510333
2023-01-31,9,3,12,75.0,821.5318666083356
2023-02-01,9,3,12,75.0,826.6057002796098
2023-02-02,9,3,12,75.0,832.3813549012225
2023-02-03,8,4,12,66.66666666666666,826.8891395306591
2023-02-06,10,2,12,83.33333333333334,825.1096955912228
2023-02-07,10,2,12,83.33333333333334,833.3714548372664
2023-02-08,11,1,12,91.66666666666666,834.7363985510352
2023-02-09,11,1,12,91.66666666666666,835.9607763370731
2023-02-10,11,1,12,91.66666666666666,846.7065578195773
2023-02-13,10,2,12,83.33333333333334,840.201011616832
2023-02-14,10,2,12,83.33333333333334,835.4703798341031
2023-02-15,11,1,12,91.66666666666666,841.0311408705805
2023-02-16,11,1,12,91.66666666666666,846.7721739604251
2023-02-17,10,2,12,83.33333333333334,840.9105885090747
2023-02-20,10,2,12,83.33333333333334,835.241093025729
2023-02-21,10,2,12,83.33333333333334,838.0601259199185
2023-02-22,10,2,12,83.33333333333334,825.9360184360432
2023-02-23,10,2,12,83.33333333333334,824.5618608832116
2023-02-24,11,1,12,91.66666666666666,838.4916771849568
2023-02-27,11,1,12,91.66666666666666,823.7087740095436
2023-02-28,11,1,12,91.66666666666666,824.184318090714
2023-03-01,11,1,12,91.66666666666666,835.8659827861984
2023-03-02,11,1,12,91.66666666666666,825.5375356706932
2023-03-03,11,1,12,91.66666666666666,834.2044909788651
2023-03-06,11,1,12,91.66666666666666,849.4953957401398
2023-03-08,11,1,12,91.66666666666666,855.2191389233236
2023-03-09,11,1,12,91.66666666666666,858.7673439438677
2023-03-10,11,1,12,91.66666666666666,854.0033251149346
2023-03-13,10,2,12,83.33333333333334,839.7665388146584
2023-03-14,9,3,12,75.0,829.1758908695792
2023-03-15,10,2,12,83.33333333333334,834.5711508546866
2023-03-16,10,2,12,83.33333333333334,830.7886334548976
2023-03-17,10,2,12,83.33333333333334,834.8498950274795
2023-03-20,10,2,12,83.33333333333334,822.4413102520369
2023-03-21,9,3,12,75.0,824.7933812721342
2023-03-22,9,3,12,75.0,831.0746161420074
2023-03-23,10,2,12,83.33333333333334,836.3234693834729
2023-03-24,9,3,12,75.0,824.6397357798081
2023-03-27,7,5,12,58.333333333333336,804.7762234887159
2023-03-28,8,4,12,66.66666666666666,805.9027144106257
2023-03-29,8,4,12,66.66666666666666,817.4673680652133
2023-03-31,10,2,12,83.33333333333334,836.2328620888089
2023-04-03,12,0,12,100.0,847.1739644009507
2023-04-05,11,1,12,91.66666666666666,854.6355476422914
2023-04-06,11,1,12,91.66666666666666,861.6354959118777
2023-04-10,11,1,12,91.66666666666666,862.0201398850542
2023-04-11,11,1,12,91.66666666666666,870.2007176048685
2023-04-12,11,1,12,91.66666666666666,876.4862446259175
2023-04-13,11,1,12,91.66666666666666,875.0867707650198
2023-04-17,11,1,12,91.66666666666666,883.5261252805974
2023-04-18,11,1,12,91.66666666666666,878.4857403458486
2023-04-19,11,1,12,91.66666666666666,874.7309622013793
2023-04-20,11,1,12,91.66666666666666,887.1324783704217
2023-04-21,11,1,12,91.66666666666666,883.2326772298235
2023-04-24,11,1,12,91.66666666666666,896.6208406470374
2023-04-25,11,1,12,91.66666666666666,900.4396782113087
2023-04-26,12,0,12,100.0,910.7158626072653
2023-04-27,11,1,12,91.66666666666666,927.737660460259
2023-04-28,12,0,12,100.0,935.8008573747861
2023-05-02,12,0,12,100.0,946.0659985500469
2023-05-03,12,0,12,100.0,952.4888501245505
2023-05-04,12,0,12,100.0,960.9901766503637
2023-05-05,12,0,12,100.0,973.8236362932307
2023-05-08,12,0,12,100.0,986.752227242328
2023-05-09,12,0,12,100.0,975.9457947843009
2023-05-10,12,0,12,100.0,984.8803456117089
2023-05-11,12,0,12,100.0,1002.2096217098243
2023-05-12,12,0,12,100.0,1001.6108095112193
2023-05-15,12,0,12,100.0,1009.9015821101747
2023-05-16,12,0,12,100.0,1016.2443744858334
2023-05-17,12,0,12,100.0,1008.4027520217047
2023-05-18,12,0,12,100.0,1010.7831178109058
2023-05-19,12,0,12,100.0,1015.2184361351842
2023-05-22,12,0,12,100.0,1012.1489027305005
2023-05-23,12,0,12,100.0,1020.6382242873278
2023-05-24,11,1,12,91.66666666666666,1021.6839844385108
2023-05-25,12,0,12,100.0,1023.9953598621634
2023-05-26,12,0,12,100.0,1049.4216302371792
2023-05-29,12,0,12,100.0,1060.1376408843819
2023-05-30,12,0,12,100.0,1062.6094447353717
2023-05-31,12,0,12,100.0,1061.1731712349704
2023-06-01,12,0,12,100.0,1061.7794834040453
2023-06-02,12,0,12,100.0,1067.2161553737108
2023-06-05,12,0,12,100.0,1071.4092345063132
2023-06-06,12,0,13,100.0,1084.8096577259041
2023-06-07,12,0,13,100.0,1099.5427787676254
2023-06-08,12,0,13,100.0,1102.854736099299
2023-06-09,12,0,13,100.0,1112.7962914289465
2023-06-12,12,0,13,100.0,1125.3789732482826
2023-06-13,12,0,13,100.0,1128.0465560159976
2023-06-14,12,0,13,100.0,1128.727408288552
2023-06-15,12,0,13,100.0,1124.4190693931912
2023-06-16,12,0,13,100.0,1136.0566137084938
2023-06-19,12,0,13,100.0,1168.424909674826
2023-06-20,12,0,13,100.0,1169.9195197357117
2023-06-21,12,0,13,100.0,1178.2985334712766
2023-06-22,12,0,13,100.0,1160.9303607760685
2023-06-23,12,0,13,100.0,1155.4007691187885
2023-06-26,12,0,13,100.0,1177.8406016941474
2023-06-27,12,0,13,100.0,1186.2674199001444
2023-06-28,12,0,13,100.0,1190.9252000290255
2023-06-30,12,0,13,100.0,1210.281747085577
2023-07-03,12,0,13,100.0,1214.0205905845237
2023-07-04,12,0,13,100.0,1222.8044683846183
2023-07-05,12,0,13,100.0,1254.9035152198894
2023-07-06,12,0,13,100.0,1267.3810454824265
2023-07-07,12,0,13,100.0,1256.099816051228
2023-07-10,12,0,13,100.0,1240.6065631802794
2023-07-11,12,0,13,100.0,1256.8189158395494
2023-07-12,12,0,13,100.0,1278.8777463387673
2023-07-13,12,0,13,100.0,1269.8252097577429
2023-07-14,12,0,13,100.0,1289.3155112819163
2023-07-17,12,0,13,100.0,1300.1775904591461
2023-07-18,12,0,13,100.0,1308.4538338243512
2023-07-19,12,0,13,100.0,1316.6766843105854
2023-07-20,12,0,13,100.0,1301.6132723833684
2023-07-21,12,0,13,100.0,1298.0362961600524
2023-07-24,12,0,13,100.0,1303.9322778779194
2023-07-25,12,0,13,100.0,1306.1697631181346
2023-07-26,12,0,13,100.0,1310.4363976611032
2023-07-27,12,0,13,100.0,1314.7340488350958
2023-07-28,12,0,13,100.0,1317.2404268328037
2023-07-31,12,0,13,100.0,1338.9624989066374
2023-08-01,12,0,13,100.0,1327.845331192476
2023-08-02,12,0,13,100.0,1311.4083980329704
2023-08-03,12,0,13,100.0,1324.8142264502133
2023-08-04,12,0,13,100.0,1333.9283810091335
2023-08-07,12,0,13,100.0,1345.6685934214756
2023-08-08,12,0,13,100.0,1375.1171910302746
2023-08-09,12,0,13,100.0,1403.665890160611
2023-08-10,12,0,13,100.0,1410.9385770125293
2023-08-11,12,0,13,100.0,1423.9968506441278
2023-08-14,12,0,13,100.0,1455.8428634953061
2023-08-16,12,0,13,100.0,1478.0657347100637
2023-08-17,12,0,13,100.0,1492.095524353186
2023-08-18,12,0,13,100.0,1481.3235672233025
2023-08-21,12,0,13,100.0,1500.0375473457093
2023-08-22,12,0,13,100.0,1527.747736386489
2023-08-23,12,0,13,100.0,1537.4649267435875
2023-08-24,12,0,14,100.0,1542.7277314410749
2023-08-25,12,0,14,100.0,1537.3006896192599
2023-08-28,12,0,14,100.0,1565.9005829002479
2023-08-29,12,0,14,100.0,1561.0236810490132
2023-08-30,12,0,14,100.0,1543.8828854701783
2023-08-31,12,0,14,100.0,1561.84784365385
2023-09-01,12,0,14,100.0,1575.3318328603725
2023-09-04,12,0,14,100.0,1596.2760747417435
2023-09-05,12,0,14,100.0,1589.1482586838652
2023-09-06,12,0,14,100.0,1580.6954517444576
2023-09-07,12,0,14,100.0,1596.0186970060051
2023-09-08,12,0,14,100.0,1615.8419377489074
2023-09-11,12,0,14,100.0,1632.0226485371336
2023-09-12,12,0,14,100.0,1562.3954588549861
2023-09-13,12,0,14,100.0,1593.0672952922453
2023-09-14,12,0,14,100.0,1619.3388134537088
2023-09-15,12,0,14,100.0,1630.285615350163
2023-09-18,12,0,14,100.0,1634.2316137832545
2023-09-20,12,0,14,100.0,1628.0647824163782
2023-09-21,12,0,14,100.0,1607.2751793208076
2023-09-22,12,0,14,100.0,1614.3141085678901
2023-09-25,12,0,14,100.0,1618.1740733532283
2023-09-26,12,0,14,100.0,1623.5868217706081
2023-09-27,12,0,14,100.0,1626.5269366064022
2023-09-28,12,0,14,100.0,1615.3147710122778
2023-09-29,12,0,14,100.0,1625.4099978496054
2023-10-03,12,0,14,100.0,1613.4195621712158
2023-10-04,12,0,14,100.0,1589.9669959346675
2023-10-05,12,0,14,100.0,1594.4131152389975
2023-10-06,12,0,14,100.0,1601.2621805067959
2023-10-09,12,0,14,100.0,1576.0335003846155
2023-10-10,12,0,14,100.0,1595.5852976389801
2023-10-11,12,0,14,100.0,1604.4812377053522
2023-10-12,12,0,14,100.0,1615.804715367748
2023-10-13,12,0,14,100.0,1613.3402585759711
2023-10-16,12,0,14,100.0,1625.6632715578571
2023-10-17,12,0,14,100.0,1618.1725222685425
2023-10-18,12,0,14,100.0,1605.1183485231845
2023-10-19,11,1,14,91.66666666666666,1605.13053805335
2023-10-20,11,1,14,91.66666666666666,1595.3872018481998
2023-10-23,11,1,14,91.66666666666666,1541.6111451273136
2023-10-25,11,1,14,91.66666666666666,1518.8863519722856
2023-10-26,11,1,14,91.66666666666666,1536.5101384939258
2023-10-27,11,1,14,91.66666666666666,1563.836218442184
2023-10-30,11,1,14,91.66666666666666,1567.9296202572586
2023-10-31,11,1,14,91.66666666666666,1572.9974918382095
2023-11-01,11,1,14,91.66666666666666,1561.0344890048957
2023-11-02,11,1,14,91.66666666666666,1576.7778009127562
2023-11-03,11,1,14,91.66666666666666,1591.4284803967798
2023-11-06,11,1,14,91.66666666666666,1596.1759077621548
2023-11-07,11,1,14,91.66666666666666,1589.2039199302656
2023-11-08,11,1,14,91.66666666666666,1586.2718822991606
2023-11-09,11,1,14,91.66666666666666,1586.3932010894987
2023-11-10,11,1,14,91.66666666666666,1585.2716139289532
2023-11-12,11,1,14,91.66666666666666,1598.7781980846491
2023-11-13,11,1,14,91.66666666666666,1606.9950211993375
2023-11-15,11,1,14,91.66666666666666,1622.6678951724498
2023-11-16,11,1,14,91.66666666666666,1621.0624221475346
2023-11-17,12,0,14,100.0,1636.4355708125825
2023-11-20,12,0,14,100.0,1658.8820871368682
2023-11-21,12,0,14,100.0,1657.279066525704
2023-11-22,12,0,14,100.0,1666.6489950129726
2023-11-23,12,0,14,100.0,1673.535852443785
2023-11-24,12,0,14,100.0,1662.1440020443567
2023-11-28,12,0,14,100.0,1671.424876528779
2023-11-29,12,0,14,100.0,1669.9585433384655
2023-11-30,12,0,14,100.0,1682.4620980484124
2023-12-01,12,0,14,100.0,1700.8414650570148
2023-12-04,12,0,14,100.0,1742.006479152773
2023-12-05,12,0,14,100.0,1778.9592962612805
2023-12-06,12,0,14,100.0,1776.1062221261632
2023-12-07,12,0,14,100.0,1777.6407813994308
2023-12-08,12,0,14,100.0,1768.3157364777153
2023-12-11,12,0,14,100.0,1778.6121496262576
2023-12-12,12,0,14,100.0,1770.4996991474034
2023-12-13,12,0,14,100.0,1809.0962371853493
2023-12-14,12,0,14,100.0,1821.9494651426246
2023-12-15,12,0,14,100.0,1820.8843198436557
2023-12-18,12,0,14,100.0,1820.321445606281
2023-12-19,12,0,14,100.0,1815.6881248836607
2023-12-20,12,0,14,100.0,1748.4382389675193
2023-12-21,12,0,14,100.0,1778.4413501401211
2023-12-22,12,0,14,100.0,1817.8183275883864
2023-12-26,12,0,14,100.0,1821.0064222934059
2023-12-27,12,0,14,100.0,1846.099644485898
2023-12-28,12,0,14,100.0,1838.9182702352703
2023-12-29,12,0,14,100.0,1875.0639825801659
2024-01-01,12,0,14,100.0,1903.5044774090068
2024-01-02,12,0,14,100.0,1898.9116279158447
2024-01-03,12,0,14,100.0,1930.8921081722524
2024-01-04,12,0,14,100.0,1973.9167886805517
2024-01-05,12,0,14,100.0,1983.6529672890974
2024-01-08,12,0,14,100.0,1994.2759293919353
2024-01-09,12,0,14,100.0,2001.3170746065632
2024-01-10,13,0,14,100.0,2009.1552537729954
2024-01-11,13,0,14,100.0,2010.0167585724641
2024-01-12,13,0,14,100.0,2004.3062104413734
2024-01-15,13,0,14,100.0,2004.9420838538274
2024-01-16,13,0,14,100.0,2004.2980890994
2024-01-17,13,0,14,100.0,1999.8575512993032
2024-01-18,13,0,14,100.0,1987.6430965695765
2024-01-19,13,0,14,100.0,2016.7471295175706
2024-01-20,13,0,14,100.0,2011.6572703788886
2024-01-23,13,0,14,100.0,1971.4261732411253
2024-01-24,13,0,14,100.0,2030.2212293421094
2024-01-25,13,0,14,100.0,2066.44575724698
2024-01-29,13,0,14,100.0,2108.2576144886
2024-01-30,13,0,14,100.0,2101.439893646249
2024-01-31,13,0,14,100.0,2170.1357143951154
2024-02-01,13,0,14,100.0,2187.023892230131
2024-02-02,13,0,14,100.0,2205.8939549865513
2024-02-05,13,0,14,100.0,2213.5173646528037
2024-02-06,13,0,14,100.0,2246.399516239588
2024-02-07,13,0,14,100.0,2291.874749284797
2024-02-08,13,0,14,100.0,2287.1372266878316
2024-02-09,13,0,14,100.0,2282.2192920225425
2024-02-12,13,0,14,100.0,2222.8031611896204
2024-02-13,13,0,14,100.0,2217.028291526683
2024-02-14,13,0,14,100.0,2247.5348023379493
2024-02-15,13,0,14,100.0,2269.8451439858804
2024-02-16,13,0,14,100.0,2283.959568244155
2024-02-19,13,0,14,100.0,2299.788061032996
2024-02-20,13,0,14,100.0,2279.182394414187
2024-02-21,13,0,14,100.0,2259.4288523593696
2024-02-22,13,0,14,100.0,2287.296537286338
2024-02-23,13,0,14,100.0,2339.5137765265213
2024-02-26,13,0,14,100.0,2391.221187632325
2024-02-27,13,0,14,100.0,2386.4423243992455
2024-02-28,13,0,14,100.0,2363.5064769757405
2024-02-29,13,0,14,100.0,2399.3163067233118
2024-03-01,13,0,14,100.0,2423.8129452960775
2024-03-02,13,0,14,100.0,2443.9448165247413
2024-03-04,13,0,14,100.0,2435.0050819460157
2024-03-05,13,0,14,100.0,2443.2427014915925
2024-03-06,13,0,14,100.0,2413.7102678928427
2024-03-07,13,0,14,100.0,2439.5188008151285
2024-03-11,13,0,14,100.0,2427.208186792306
2024-03-12,13,0,14,100.0,2384.238080158226
2024-03-13,12,1,14,92.3076923076923,2258.3962508101727
2024-03-14,13,0,14,100.0,2316.618553217306
2024-03-15,13,0,14,100.0,2318.6115755321234
2024-03-18,13,0,14,100.0,2305.3566907547274
2024-03-19,12,1,14,92.3076923076923,2269.3116977319337
2024-03-20,12,1,14,92.3076923076923,2293.076652470822
2024-03-21,12,1,14,92.3076923076923,2384.765416869458
2024-03-22,12,1,14,92.3076923076923,2443.0759564526434
2024-03-26,12,1,14,92.3076923076923,2493.231895678424
2024-03-27,13,0,14,100.0,2523.1879133561133
2024-03-28,13,0,14,100.0,2555.856129861484
2024-04-01,14,0,14,100.0,2616.166152587726
2024-04-02,14,0,14,100.0,2638.175339353059
2024-04-03,14,0,14,100.0,2652.0860759320094
2024-04-04,14,0,14,100.0,2687.877391267477
2024-04-05,14,0,14,100.0,2704.4329816608893
2024-04-08,14,0,14,100.0,2736.4245513445203
2024-04-09,14,0,14,100.0,2725.7908774518187
2024-04-10,14,0,14,100.0,2732.5250771780434
2024-04-12,14,0,14,100.0,2708.5183259705177
2024-04-15,14,0,14,100.0,2691.484192191218
2024-04-16,14,0,14,100.0,2744.199266468295
2024-04-18,14,0,14,100.0,2786.807822087077
2024-04-19,14,0,14,100.0,2803.9094306474713
2024-04-22,14,0,14,100.0,2881.364155996207
2024-04-23,14,0,14,100.0,2896.9404525222517
2024-04-24,14,0,14,100.0,2905.909114718111
2024-04-25,14,0,14,100.0,2945.4170545748257
2024-04-26,14,0,14,100.0,2924.1914421015413
2024-04-29,14,0,14,100.0,2954.5146916767967
2024-04-30,14,0,14,100.0,3000.787528610737
2024-05-02,14,0,14,100.0,3041.5515888870664
2024-05-03,14,0,14,100.0,3003.3703333716903
2024-05-06,14,0,14,100.0,2963.860052602967
2024-05-07,14,0,14,100.0,2903.425686581561
2024-05-08,14,0,14,100.0,2946.7457813871465
2024-05-09,14,0,14,100.0,2867.2057898592366
2024-05-10,14,0,14,100.0,2865.058491811657
2024-05-13,14,0,14,100.0,2916.732775334567
2024-05-14,14,0,14,100.0,3003.4007318076083
2024-05-15,14,0,14,100.0,3094.220672653268
2024-05-16,14,0,14,100.0,3143.510202559669
2024-05-17,14,0,14,100.0,3180.336148297675
2024-05-18,14,0,14,100.0,3233.3926186483354
2024-05-21,14,0,14,100.0,3231.7929637308703
2024-05-22,14,0,14,100.0,3242.1522601667684
2024-05-23,14,0,14,100.0,3242.1763597885624
2024-05-24,14,0,14,100.0,3242.051229483865
2024-05-27,14,0,14,100.0,3207.346286284956
2024-05-28,14,0,14,100.0,3139.1602856092254
2024-05-29,14,0,14,100.0,3131.7264295324353
2024-05-30,14,0,14,100.0,3106.869810035616
2024-05-31,14,0,14,100.0,3140.491711748397
2024-06-03,14,0,14,100.0,3288.0018515316465
2024-06-04,14,0,14,100.0,2956.047255942861
2024-06-05,13,1,14,92.85714285714286,2994.992297592729
2024-06-06,14,0,14,100.0,3085.8272361069444
2024-06-07,14,0,14,100.0,3184.0247873154576
2024-06-10,14,0,14,100.0,3228.4207121013774
2024-06-11,14,0,14,100.0,3263.4550465019793
2024-06-12,14,0,14,100.0,3320.5372647459953
2024-06-13,14,0,14,100.0,3352.327708450276
2024-06-14,14,0,14,100.0,3422.1145270148845
2024-06-18,14,0,14,100.0,3447.588057468633
2024-06-19,14,0,14,100.0,3402.8343392717525
2024-06-20,14,0,14,100.0,3403.190570906621
2024-06-21,14,0,14,100.0,3389.79276889407
2024-06-24,14,0,14,100.0,3414.084595675085
2024-06-25,14,0,14,100.0,3395.565182034824
2024-06-26,14,0,14,100.0,3398.3131103779506
2024-06-27,14,0,14,100.0,3402.5681603991707
2024-06-28,14,0,14,100.0,3406.5332491309337
2024-07-01,14,0,14,100.0,3491.866397143876
2024-07-02,14,0,14,100.0,3546.165384598634
2024-07-03,14,0,14,100.0,3614.1919868876776
2024-07-04,14,0,14,100.0,3648.4841337020425
2024-07-05,14,0,14,100.0,3665.045117510101
2024-07-08,14,0,14,100.0,3643.7995734675064
2024-07-09,14,0,14,100.0,3636.100330171083
2024-07-10,14,0,14,100.0,3585.6945154423543
2024-07-11,14,0,14,100.0,3595.4575384936347
2024-07-12,14,0,14,100.0,3557.9701246193763
2024-07-15,14,0,14,100.0,3561.966481515444
2024-07-16,14,0,14,100.0,3544.5072104374303
2024-07-18,14,0,14,100.0,3461.331529421957
2024-07-19,14,0,14,100.0,3348.751112963945
2024-07-22,14,0,14,100.0,3400.182632657416
2024-07-23,14,0,14,100.0,3382.1903481094255
2024-07-24,14,0,14,100.0,3443.911797120231
2024-07-25,14,0,14,100.0,3462.493345647768
2024-07-26,14,0,14,100.0,3504.4062684192936
2024-07-29,14,0,14,100.0,3580.6992287765916
2024-07-30,14,0,14,100.0,3632.167934260431
2024-07-31,14,0,14,100.0,3656.5892833765247
2024-08-01,14,0,14,100.0,3692.1640743010407
2024-08-02,14,0,14,100.0,3675.539923272552
2024-08-05,14,0,14,100.0,3497.469218078365
2024-08-06,14,0,14,100.0,3450.199812534578
2024-08-07,14,0,14,100.0,3537.105221112715
2024-08-08,14,0,14,100.0,3529.224297610851
2024-08-09,14,0,14,100.0,3560.5174812347905
2024-08-12,14,0,14,100.0,3547.3968411363776
2024-08-13,14,0,14,100.0,3530.1429657051867
2024-08-14,14,0,14,100.0,3519.1363558594767
2024-08-16,14,0,14,100.0,3592.623179031875
2024-08-19,14,0,14,100.0,3635.327766433177
2024-08-20,14,0,14,100.0,3645.5540473579085
2024-08-21,14,0,14,100.0,3668.0588424896664
2024-08-22,14,0,14,100.0,3664.8001024019222
2024-08-23,14,0,14,100.0,3720.1898724823714
2024-08-26,13,0,13,100.0,3705.9538049165603
2024-08-27,13,0,13,100.0,3711.771661476258
2024-08-28,12,1,13,92.3076923076923,3685.9904698497744
2024-08-29,12,1,13,92.3076923076923,3673.325741064202
2024-08-30,12,1,13,92.3076923076923,3720.3738330546694
2024-09-02,12,1,13,92.3076923076923,3674.029347645872
2024-09-03,12,1,13,92.3076923076923,3666.3300335553954
2024-09-04,12,1,13,92.3076923076923,3651.851101155503
2024-09-05,12,1,13,92.3076923076923,3666.5988487288964
2024-09-06,12,1,13,92.3076923076923,3625.574370831218
2024-09-09,12,1,13,92.3076923076923,3612.391561724346
2024-09-10,12,1,13,92.3076923076923,3668.77315376968
2024-09-11,12,1,13,92.3076923076923,3680.324733554067
2024-09-12,12,1,13,92.3076923076923,3743.63189240121
2024-09-13,12,1,13,92.3076923076923,3760.7391311568285
2024-09-16,12,1,13,92.3076923076923,3760.513057151311
2024-09-17,12,1,13,92.3076923076923,3751.1215394137466
2024-09-18,12,1,13,92.3076923076923,3738.784909710523
2024-09-19,12,1,13,92.3076923076923,3680.8586030480596
2024-09-20,12,1,13,92.3076923076923,3689.6137180462547
2024-09-23,12,1,13,92.3076923076923,3762.658281382378
2024-09-24,12,1,13,92.3076923076923,3825.8087552434667
2024-09-25,12,1,13,92.3076923076923,3878.5592287359527
2024-09-26,12,1,13,92.3076923076923,3850.7339866794637
2024-09-27,12,1,13,92.3076923076923,3855.2033382112995
2024-09-30,12,1,13,92.3076923076923,3852.34865434094
2024-10-01,12,1,13,92.3076923076923,3857.8586791000807
2024-10-03,12,1,13,92.3076923076923,3779.4592964583267
2024-10-04,12,1,13,92.3076923076923,3757.567622343018
2024-10-07,12,1,13,92.3076923076923,3639.479256644597
2024-10-08,12,1,13,92.3076923076923,3808.660392887359
2024-10-09,12,1,13,92.3076923076923,3910.4604705602264
2024-10-10,12,1,13,92.3076923076923,4015.380595654245
2024-10-11,12,1,13,92.3076923076923,4009.805132582965
2024-10-14,12,1,13,92.3076923076923,4028.6054887999235
2024-10-15,12,1,13,92.3076923076923,4078.8513760172777
2024-10-16,12,1,13,92.3076923076923,4096.863284198973
2024-10-17,12,1,13,92.3076923076923,4057.0645862737083
2024-10-18,12,1,13,92.3076923076923,4024.251738502657
2024-10-21,12,1,13,92.3076923076923,3908.675965565265
2024-10-22,12,1,13,92.3076923076923,3772.8143544390477
2024-10-23,12,1,13,92.3076923076923,3757.7184153669123
2024-10-24,12,1,13,92.3076923076923,3725.2560437875204
2024-10-25,11,2,13,84.61538461538461,3631.647712905921
2024-10-28,11,2,13,84.61538461538461,3617.9006005501465
2024-10-29,11,2,13,84.61538461538461,3669.8705785092243
2024-10-30,11,2,13,84.61538461538461,3704.646705894128
2024-10-31,12,1,13,92.3076923076923,3789.9180934210826
2024-11-01,12,1,13,92.3076923076923,3829.3163691700543
2024-11-04,12,1,13,92.3076923076923,3736.8055925097538
2024-11-05,10,2,13,83.33333333333334,3726.5171373093067
2024-11-06,11,1,13,91.66666666666666,3844.92493147162
2024-11-07,10,2,13,83.33333333333334,3819.2576495671224
2024-11-08,10,2,13,83.33333333333334,3737.2248978382204
2024-11-11,10,2,13,83.33333333333334,3720.1788119704283
2024-11-12,10,2,13,83.33333333333334,3696.088535258544
2024-11-13,8,4,13,66.66666666666666,3557.4709973475756
2024-11-14,9,3,13,75.0,3567.086149453001
2024-11-18,9,3,13,75.0,3565.326763261626
2024-11-19,9,3,13,75.0,3628.5962798525725
2024-11-21,8,4,13,66.66666666666666,3558.8665615896757
2024-11-22,9,3,13,75.0,3568.944670480001
2024-11-25,9,3,13,75.0,3647.871930601692
2024-11-26,9,3,13,75.0,3655.362821851279
2024-11-27,9,3,13,75.0,3724.882629424231
2024-11-28,9,3,13,75.0,3724.128086524287
2024-11-29,9,3,13,75.0,3785.2841876341317
2024-12-02,9,3,13,75.0,3805.7747949213935
2024-12-03,9,3,13,75.0,3839.4187871589147
2024-12-04,9,3,13,75.0,3885.709518639881
2024-12-05,10,2,13,83.33333333333334,3915.979212829657
2024-12-06,10,2,13,83.33333333333334,3948.002090188906
2024-12-09,11,1,13,91.66666666666666,3970.2971535234005
2024-12-10,10,2,13,83.33333333333334,3971.4753187048887
2024-12-11,10,2,13,83.33333333333334,3987.8477347469848
2024-12-12,10,2,13,83.33333333333334,3991.588476997298
2024-12-13,10,2,13,83.33333333333334,3964.215676589904
2024-12-16,10,2,13,83.33333333333334,3990.1691672189336
2024-12-17,10,2,13,83.33333333333334,3950.944519498197
2024-12-18,10,2,13,83.33333333333334,3908.465832539328
2024-12-19,10,2,13,83.33333333333334,3916.9028881827307
2024-12-20,9,3,13,75.0,3828.229396189315
2024-12-23,9,3,13,75.0,3817.379665966256
2024-12-24,7,5,13,58.333333333333336,3789.739911426485
2024-12-26,7,5,13,58.333333333333336,3812.934610197035
2024-12-27,7,5,14,58.333333333333336,3826.223839338482
2024-12-30,7,5,14,58.333333333333336,3805.8910872371443
2024-12-31,7,5,14,58.333333333333336,3820.907930639022
2025-01-01,7,5,14,58.333333333333336,3901.9879505101057
2025-01-02,8,4,14,66.66666666666666,3941.928754827419
2025-01-03,8,4,14,66.66666666666666,3947.5095762678757
2025-01-06,6,6,14,50.0,3831.2413303193393
2025-01-07,7,5,14,58.333333333333336,3858.6380845387716
2025-01-08,7,5,14,58.333333333333336,3766.2601921941305
2025-01-09,6,6,14,50.0,3698.874804551964
2025-01-10,5,7,14,41.66666666666667,3607.162759654367
2025-01-13,5,7,14,41.66666666666667,3428.73756001644
2025-01-14,5,7,14,41.66666666666667,3530.575203627687
2025-01-15,4,8,14,33.33333333333333,3490.3059130415677
2025-01-16,5,7,14,41.66666666666667,3571.0718982673557
2025-01-17,5,7,14,41.66666666666667,3568.7790703337832
2025-01-20,5,7,14,41.66666666666667,3601.910062710168
2025-01-21,4,8,14,33.33333333333333,3508.191687524869
2025-01-22,3,9,14,25.0,3411.1957471891615
2025-01-23,2,10,14,16.666666666666664,3402.5746462907905
2025-01-24,2,10,14,16.666666666666664,3292.5114573745077
2025-01-27,0,12,14,0.0,3144.6671901106943
2025-01-28,0,12,14,0.0,3011.4996579856133
2025-01-29,1,11,14,8.333333333333332,3170.698884074658
2025-01-30,1,11,14,8.333333333333332,3215.486446343565
2025-01-31,1,11,14,8.333333333333332,3311.390962986718
2025-02-01,0,12,14,0.0,3214.6152822020513
2025-02-03,0,12,14,0.0,3078.1652073409814
2025-02-04,1,11,14,8.333333333333332,3145.246707143387
2025-02-05,1,11,14,8.333333333333332,3226.3028197505905
2025-02-06,1,11,14,8.333333333333332,3234.450983494949
2025-02-07,1,11,14,8.333333333333332,3226.575495612567
2025-02-10,1,11,14,8.333333333333332,3151.470548864407
2025-02-11,0,12,14,0.0,3088.4497365531975
2025-02-12,1,11,14,8.333333333333332,3063.485300481403
2025-02-13,0,12,14,0.0,3044.186063631228
2025-02-14,0,12,14,0.0,2905.568089810043
2025-02-17,0,12,14,0.0,2891.321635735867
2025-02-18,0,12,14,0.0,2818.8459862766836
2025-02-19,0,12,14,0.0,2887.4797229048854
2025-02-20,0,12,14,0.0,2957.7136521007155
2025-02-21,0,12,14,0.0,2928.698205635845
2025-02-24,0,12,15,0.0,2929.9375488581736
2025-02-25,0,12,15,0.0,2924.058076616351
2025-02-27,0,12,15,0.0,2832.847617575416
2025-02-28,0,12,15,0.0,2778.9242755838204
2025-03-03,0,12,15,0.0,2767.8507574069595
2025-03-04,0,12,15,0.0,2813.8575877497474
2025-03-05,1,11,15,8.333333333333332,2917.5969883826665
2025-03-06,1,11,15,8.333333333333332,2942.248145692043
2025-03-07,1,11,15,8.333333333333332,2974.809707139538
2025-03-10,1,11,15,8.333333333333332,2885.996038017845
2025-03-11,0,12,15,0.0,2860.637694267047
2025-03-12,0,12,15,0.0,2860.84842547698
2025-03-13,0,12,15,0.0,2819.406225287776
2025-03-17,1,11,15,8.333333333333332,2840.373221535535
2025-03-18,0,12,15,0.0,2941.0907595458657
2025-03-19,0,12,15,0.0,3005.9655567988243
2025-03-20,0,12,15,0.0,3034.3715770942185
2025-03-21,1,11,15,8.333333333333332,3108.362616654548
2025-03-24,1,11,15,8.333333333333332,3120.6073762416063
2025-03-25,1,11,15,8.333333333333332,3081.1147101846536
2025-03-26,0,12,15,0.0,3042.197122541652
2025-03-27,1,11,15,8.333333333333332,3081.283543185995
2025-03-28,1,11,15,8.333333333333332,3028.984452165251
2025-04-01,0,12,15,0.0,3016.021165475133
2025-04-02,0,12,15,0.0,3025.8886263802283
2025-04-03,0,12,15,0.0,3021.679422024582
2025-04-04,0,12,15,0.0,2894.4839002967265
2025-04-07,0,12,15,0.0,2782.968100434614
2025-04-08,0,12,15,0.0,2817.691395016199
2025-04-09,0,12,15,0.0,2772.580559568197
2025-04-11,0,12,15,0.0,2883.7432857717095
2025-04-15,0,12,15,0.0,3018.407451829097
2025-04-16,1,11,15,8.333333333333332,3034.209797850377
2025-04-17,2,10,15,16.666666666666664,3040.9927174727145
2025-04-21,3,9,15,25.0,3142.6673128723914
2025-04-22,3,9,15,25.0,3189.9529139542483
2025-04-23,3,9,15,25.0,3206.315661839728
2025-04-24,3,9,15,25.0,3198.1416266090996
2025-04-25,2,10,15,16.666666666666664,3102.948527302678
2025-04-28,2,10,15,16.666666666666664,3136.2520008596875
2025-04-29,2,10,15,16.666666666666664,3151.4697838215525
2025-04-30,2,10,15,16.666666666666664,3099.380695150482
2025-05-02,2,10,15,16.666666666666664,3118.5751383238376
2025-05-05,3,9,15,25.0,3188.47970395125
2025-05-06,2,10,15,16.666666666666664,3084.2020846555033
2025-05-07,2,10,15,16.666666666666664,3128.8823490606906
2025-05-08,2,10,15,16.666666666666664,3095.5491309620156
2025-05-09,1,11,15,8.333333333333332,3083.940369840149
2025-05-12,3,9,15,25.0,3270.599357710881
2025-05-13,2,10,15,16.666666666666664,3301.285971746094
2025-05-14,2,10,15,16.666666666666664,3370.212942452766
2025-05-15,3,9,15,25.0,3437.5623689260224
2025-05-16,3,9,15,25.0,3493.7996981831575
2025-05-19,4,8,15,33.33333333333333,3524.130973221555
2025-05-20,3,9,15,25.0,3454.682862555165
2025-05-21,4,8,15,33.33333333333333,3526.5635270750545
2025-05-22,4,8,15,33.33333333333333,3577.3494785383514
2025-05-23,5,7,15,41.66666666666667,3600.7049777297107
2025-05-26,6,6,15,50.0,3647.6253873001588
2025-05-27,6,6,15,50.0,3700.780854157515
2025-05-28,6,6,15,50.0,3753.8731089194953
2025-05-29,7,5,15,58.333333333333336,3800.1221011253306
2025-05-30,6,6,15,50.0,3781.3458341639803
2025-06-02,7,5,15,58.333333333333336,3823.0678363441007
2025-06-03,6,6,15,50.0,3854.9464137777727
2025-06-04,7,5,15,58.333333333333336,3869.1544675982373
2025-06-05,8,4,15,66.66666666666666,3865.833007428401
2025-06-06,7,5,15,58.333333333333336,3863.1492400249654
2025-06-09,9,3,15,75.0,3926.878660896029
2025-06-10,9,3,15,75.0,3937.0159791002948
2025-06-11,9,3,15,75.0,3911.1272594586767
2025-06-12,7,5,15,58.333333333333336,3811.280643502574
2025-06-13,7,6,15,53.84615384615385,3791.5330605924723
2025-06-16,9,4,15,69.23076923076923,3833.3413233828464
2025-06-17,8,5,15,61.53846153846154,3852.196661994608
2025-06-18,8,5,15,61.53846153846154,3851.850935893972
2025-06-19,5,8,16,38.46153846153847,3780.525849741173
2025-06-20,6,7,16,46.15384615384615,3813.5185085779426
2025-06-23,7,6,16,53.84615384615385,3837.3718865339656
2025-06-24,8,5,16,61.53846153846154,3891.98477058272
2025-06-25,7,6,16,53.84615384615385,3960.820780020797
2025-06-26,10,3,16,76.92307692307693,3988.244909472101
2025-06-27,10,3,16,76.92307692307693,4019.121225621523
2025-06-30,12,1,16,92.3076923076923,4066.518922280477
2025-07-01,12,1,16,92.3076923076923,4050.5927964548314
2025-07-02,10,3,16,76.92307692307693,4043.14851504137
2025-07-03,10,3,16,76.92307692307693,4073.617153900198
2025-07-04,10,3,16,76.92307692307693,4064.2312080514253
2025-07-07,9,4,16,69.23076923076923,4058.5004960382876
2025-07-08,9,4,16,69.23076923076923,4072.5511050394816
2025-07-09,9,4,16,69.23076923076923,4112.910337444846
2025-07-10,9,4,16,69.23076923076923,4144.6387275900515
2025-07-11,8,5,16,61.53846153846154,4080.8716020046495
2025-07-14,9,4,16,69.23076923076923,4088.373856796281
2025-07-15,10,3,16,76.92307692307693,4125.628133416277
2025-07-16,9,4,16,69.23076923076923,4141.556673335137
2025-07-17,10,3,16,76.92307692307693,4185.618211675633
2025-07-18,9,4,16,69.23076923076923,4155.375591917392
2025-07-21,10,3,16,76.92307692307693,4148.155949607111
2025-07-22,10,3,16,76.92307692307693,4177.821314040764
2025-07-23,11,2,16,84.61538461538461,4169.491481869903
2025-07-24,11,2,16,84.61538461538461,4142.614837126023
2025-07-25,6,7,16,46.15384615384615,4027.8647961988
2025-07-28,5,8,16,38.46153846153847,3976.750841524072
2025-07-29,7,6,16,53.84615384615385,4087.408621282713
2025-07-30,7,6,16,53.84615384615385,4137.328087735288
2025-07-31,7,6,16,53.84615384615385,4131.918500899608
2025-08-01,8,6,16,57.14285714285714,4117.892700737219
2025-08-04,8,6,16,57.14285714285714,4165.351009488889
2025-08-05,9,5,16,64.28571428571429,4175.71381415363
2025-08-06,9,5,16,64.28571428571429,4151.969305361005
2025-08-07,10,4,16,71.42857142857143,4154.261642939666
2025-08-08,8,6,16,57.14285714285714,4100.271449767129
2025-08-11,9,5,16,64.28571428571429,4140.181003041025
2025-08-12,9,5,16,64.28571428571429,4123.877161691746
2025-08-13,10,4,16,71.42857142857143,4167.188573004699
2025-08-14,9,5,16,64.28571428571429,4111.050858173028
2025-08-18,10,4,16,71.42857142857143,4149.850995658089
2025-08-19,11,3,16,78.57142857142857,4157.080491676839
2025-08-20,10,4,16,71.42857142857143,4156.764183294827
2025-08-21,10,4,16,71.42857142857143,4159.666569999394
2025-08-22,10,4,16,71.42857142857143,4165.454973349785
2025-08-25,10,4,16,71.42857142857143,4157.624405191826
2025-08-26,8,6,16,57.14285714285714,4081.9178218639167
2025-08-28,7,7,16,50.0,4061.0159786671175
2025-08-29,7,7,16,50.0,4040.727436985943
2025-09-01,8,6,16,57.14285714285714,4107.884775595525
2025-09-02,8,6,16,57.14285714285714,4168.061017683995
2025-09-03,8,6,16,57.14285714285714,4187.163206188426
2025-09-04,8,6,16,57.14285714285714,4139.961897797075
2025-09-05,8,6,16,57.14285714285714,4167.731710831744
2025-09-08,8,6,16,57.14285714285714,4183.78934273793
2025-09-09,10,4,16,71.42857142857143,4189.740293890011
2025-09-10,10,4,16,71.42857142857143,4227.077643012894
2025-09-11,9,5,16,64.28571428571429,4227.552096925262
2025-09-12,11,3,16,78.57142857142857,4251.086311665065
2025-09-15,11,3,16,78.57142857142857,4291.02138327078
2025-09-16,12,2,16,85.71428571428571,4315.434207928078
2025-09-17,12,2,16,85.71428571428571,4347.192793362834
2025-09-18,12,2,16,85.71428571428571,4330.720692880046
2025-09-19,11,3,16,78.57142857142857,4335.481484529505
2025-09-22,11,3,16,78.57142857142857,4330.536766936726
2025-09-23,11,3,16,78.57142857142857,4330.551411946422
2025-09-24,12,2,16,85.71428571428571,4285.537313613691
2025-09-25,11,3,16,78.57142857142857,4265.237955756124
2025-09-26,10,4,16,71.42857142857143,4180.261101241592
2025-09-29,10,4,16,71.42857142857143,4207.813717500112
2025-09-30,11,3,16,78.57142857142857,4188.535419481722
2025-10-01,11,3,16,78.57142857142857,4202.17635407745
2025-10-03,13,2,16,86.66666666666667,4243.582609387026
2025-10-06,12,3,16,80.0,4236.712417077333
2025-10-07,13,2,16,86.66666666666667,4239.703617540488
2025-10-08,12,3,16,80.0,4218.269213202792
2025-10-09,12,3,16,80.0,4201.846578980087
2025-10-10,13,2,16,86.66666666666667,4199.59826104199
2025-10-13,12,3,16,80.0,4186.582448441893
2025-10-14,12,3,16,80.0,4154.137272633994
2025-10-15,13,2,16,86.66666666666667,4169.573083836064
2025-10-16,13,2,16,86.66666666666667,4187.250350959186
2025-10-17,13,2,16,86.66666666666667,4167.627432234699
2025-10-20,13,2,16,86.66666666666667,4160.336430931744
2025-10-21,13,2,16,86.66666666666667,4177.3020706453535
2025-10-23,13,2,16,86.66666666666667,4158.48237531032
2025-10-24,13,2,16,86.66666666666667,4158.212098409151
2025-10-27,13,2,16,86.66666666666667,4167.907916475493
2025-10-28,13,2,16,86.66666666666667,4164.231480918301
2025-10-29,13,2,16,86.66666666666667,4255.284524836775
2025-10-30,14,1,16,93.33333333333333,4263.770765431698
2025-10-31,14,1,16,93.33333333333333,4245.628906280578
2025-11-03,13,2,16,86.66666666666667,4275.406825743076
2025-11-04,12,3,16,80.0,4296.527599166096
2025-11-06,12,3,16,80.0,4220.141961105572
2025-11-07,12,3,16,80.0,4221.961398966841
2025-11-10,12,3,16,80.0,4166.934873551604
2025-11-11,13,2,16,86.66666666666667,4219.090172256069
2025-11-12,12,3,16,80.0,4252.194564131534
2025-11-13,11,4,16,73.33333333333333,4204.076459674632
2025-11-14,13,2,16,86.66666666666667,4222.904738672456
2025-11-17,13,2,16,86.66666666666667,4259.157374094085
2025-11-18,12,3,16,80.0,4236.75219272969
2025-11-19,12,3,16,80.0,4197.381628583183
2025-11-20,12,3,16,80.0,4195.242684413778
2025-11-21,12,3,16,80.0,4133.705024092782
2025-11-24,10,5,16,66.66666666666666,4061.8494623775805
2025-11-25,10,5,16,66.66666666666666,4053.3519711000563
2025-11-26,10,5,16,66.66666666666666,4114.565708903119
2025-11-27,10,5,16,66.66666666666666,4075.1226312391154
2025-11-28,8,7,16,53.333333333333336,4065.3086248124346
2025-12-01,8,7,16,53.333333333333336,4037.5845324873526
2025-12-02,8,7,16,53.333333333333336,4058.5263134507964
2025-12-03,9,6,16,60.0,4043.1534109228905
2025-12-04,8,7,16,53.333333333333336,3995.217940098083
2025-12-05,8,7,16,53.333333333333336,3954.253553719122
2025-12-08,7,8,16,46.666666666666664,3859.278748164569
2025-12-09,8,7,16,53.333333333333336,3936.9277349777294
2025-12-10,8,7,16,53.333333333333336,3900.101340457573
2025-12-11,8,7,16,53.333333333333336,3912.024822007963
2025-12-12,8,7,16,53.333333333333336,3942.7417169863716
2025-12-15,8,7,16,53.333333333333336,3962.009373746773
2025-12-16,8,7,16,53.333333333333336,3932.877457658004
2025-12-17,7,8,16,46.666666666666664,3893.0506338486366
2025-12-18,5,10,16,33.33333333333333,3815.2632887085615
2025-12-19,8,7,16,53.333333333333336,3884.8144036242575
2025-12-22,8,7,16,53.333333333333336,3947.8442239375645
2025-12-23,7,8,16,46.666666666666664,3940.145424016446
2025-12-24,7,8,16,46.666666666666664,3929.2526551275896
2025-12-26,7,8,16,46.666666666666664,3914.4380254007615
2025-12-29,6,9,16,40.0,3867.5696347859807
2025-12-30,6,9,16,40.0,3833.218837290648
2025-12-31,6,9,16,40.0,3893.5686079313305
2026-01-01,7,8,16,46.666666666666664,3918.1359584821353
2026-01-02,7,8,16,46.666666666666664,3958.6068676228165
2026-01-05,6,9,16,40.0,3929.596628451542
2026-01-06,7,8,16,46.666666666666664,3893.3204705310372
2026-01-07,7,8,16,46.666666666666664,3900.201615672713
2026-01-08,5,10,16,33.33333333333333,3765.597540093523
2026-01-09,4,11,16,26.666666666666668,3670.861801470235
2026-01-12,2,13,16,13.333333333333334,3592.5884990235822
2026-01-13,2,13,16,13.333333333333334,3568.163854068986
2026-01-14,2,13,16,13.333333333333334,3562.8566024298516
2026-01-16,2,13,16,13.333333333333334,3562.8566024298516
2026-01-19,2,13,16,13.333333333333334,3559.7441905521932
2026-01-20,1,14,16,6.666666666666667,3452.140978336
2026-01-21,0,15,16,0.0,3422.054322317114
2026-01-22,2,13,16,13.333333333333334,3489.8382689505042
2026-01-23,1,15,16,6.25,3379.4707668400915
2026-01-27,1,15,16,6.25,3406.1640481315976
2026-01-28,1,15,16,6.25,3585.3034516031075
2026-01-29,2,14,16,12.5,3650.2948662795584
2026-01-30,2,14,16,12.5,3711.539138132029
2026-02-01,1,15,16,6.25,3675.3825867595074
2026-02-02,2,14,16,12.5,3725.248248254564
2026-02-03,7,9,16,43.75,3921.4237295583794
2026-02-04,7,9,16,43.75,3976.8938824279503
2026-02-05,7,9,16,43.75,3974.090317449284
2026-02-06,7,9,16,43.75,4036.1916862945764
2026-02-09,8,8,16,50.0,4101.063706824455
2026-02-10,8,8,16,50.0,4097.199392405389
2026-02-11,10,6,16,62.5,4105.095633946903
2026-02-12,10,6,16,62.5,4082.8580589763606
2026-02-13,7,9,16,43.75,4041.8162901123287
2026-02-16,10,6,16,62.5,4107.678716142486
2026-02-17,10,6,16,62.5,4166.7271665834205
2026-02-18,10,6,16,62.5,4236.097672445872
2026-02-19,9,7,16,56.25,4135.641788376919
2026-02-20,10,6,16,62.5,4199.598213919381
2026-02-23,10,6,16,62.5,4238.781014537583
2026-02-24,11,5,16,68.75,4276.234642713478
2026-02-25,11,5,16,68.75,4280.281337016029
2026-02-26,11,5,16,68.75,4311.847153184642
2026-02-27,11,5,16,68.75,4322.883587416848
2026-03-02,10,6,16,62.5,4203.71531210668
2026-03-04,8,8,16,50.0,4053.2163240297396
2026-03-05,10,6,16,62.5,4135.130080429948
2026-03-06,10,6,16,62.5,4179.4388015285995
2026-03-09,10,6,16,62.5,4071.962178263064
2026-03-10,10,6,16,62.5,4174.158497535877
2026-03-11,10,6,16,62.5,4128.841309349679
2026-03-12,10,6,16,62.5,4162.393972711345
2026-03-13,9,7,16,56.25,4035.360871108878
2026-03-16,9,7,16,56.25,3996.5431160779176
2026-03-17,10,6,16,62.5,4051.368360357498
2026-03-18,10,6,16,62.5,4131.963956557967
2026-03-19,7,9,16,43.75,4050.0950430867674
2026-03-20,8,8,16,50.0,4067.084275588342
2026-03-23,7,9,16,43.75,3925.530984663579
2026-03-24,8,8,16,50.0,4007.2195386008993
2026-03-25,9,7,16,56.25,4091.698148415923
2026-03-27,8,8,16,50.0,4018.8027429206563
2026-03-30,7,9,16,43.75,3897.7218135791068
2026-04-01,8,8,16,50.0,4042.8465645278793
2026-04-02,8,8,16,50.0,4061.4817359960584
2026-04-06,8,8,16,50.0,4090.1377496966206
2026-04-07,9,7,16,56.25,4102.051184458812
2026-04-08,10,6,16,62.5,4279.337668476904
2026-04-09,10,6,16,62.5,4340.375958117097
2026-04-10,10,6,16,62.5,4487.350060991234
2026-04-13,10,6,16,62.5,4475.987888630491
2026-04-15,11,5,16,68.75,4618.655750402935
2026-04-16,11,5,16,68.75,4649.5933188153795
2026-04-17,12,4,16,75.0,4787.53761013146
2026-04-20,12,4,16,75.0,4852.482262352872
2026-04-21,13,3,16,81.25,4912.304300422684
2026-04-22,13,3,16,81.25,5005.596395610019
2026-04-23,13,3,16,81.25,5062.4927483961965
2026-04-24,13,3,16,81.25,5048.34376887595
2026-04-27,14,2,16,87.5,5136.745793374666
2026-04-28,14,2,16,87.5,5153.822030901586
2026-04-29,14,2,16,87.5,5182.983303622238
2026-04-30,14,2,16,87.5,5156.680404777866
2026-05-04,14,2,16,87.5,5248.461229836665
2026-05-05,14,2,16,87.5,5195.699132889709
2026-05-06,14,2,16,87.5,5147.495870334138
2026-05-07,14,2,16,87.5,5224.898201201157
2026-05-08,14,2,16,87.5,5158.54792221381
2026-05-11,13,3,16,81.25,5061.0463705132115
2026-05-12,13,3,16,81.25,4901.148547079504
2026-05-13,13,3,16,81.25,4931.281826340041
2026-05-14,14,2,16,87.5,4933.393082362777
2026-05-15,14,2,16,87.5,4917.87587112589
2026-05-18,13,3,16,81.25,4795.910623441258
2026-05-19,14,2,16,87.5,4818.310023394885
2026-05-20,14,2,16,87.5,4955.226642230527
2026-05-21,14,2,16,87.5,5036.788127152883
2026-05-22,14,2,16,87.5,5031.057924719383
2026-05-25,14,2,16,87.5,5064.49743478916
2026-05-26,14,2,16,87.5,5114.31154935612
2026-05-27,14,2,16,87.5,5238.654851516794
2026-05-29,14,2,16,87.5,5220.364831912904
2026-06-01,14,2,16,87.5,5093.719366988383
2026-06-02,13,3,16,81.25,5091.680435735022
2026-06-03,14,2,16,87.5,5109.247644912257
2026-06-04,14,2,16,87.5,5154.422536201391
2026-06-05,14,2,16,87.5,5192.809898704367
2026-06-08,14,2,16,87.5,5068.121871250172
2026-06-09,14,2,16,87.5,5115.775935518093
2026-06-10,14,2,16,87.5,5070.974649518797
2026-06-11,14,2,16,87.5,5023.798588396785
2026-06-12,14,2,16,87.5,5172.4900124369115
2026-06-15,14,2,16,87.5,5269.346160115785
2026-06-22,14,2,16,87.5,5553.588598819291
2026-06-23,14,2,16,87.5,5552.7458629297735
2026-06-24,14,2,16,87.5,5442.2400921298795
2026-06-25,14,2,16,87.5,5385.469456684011
2026-06-29,14,2,16,87.5,5357.957157490838
2026-06-30,14,2,16,87.5,5343.465666387226
2026-07-01,14,2,16,87.5,5326.8169904721535
2026-07-02,14,2,16,87.5,5350.065183417148
2026-07-03,14,2,16,87.5,5222.812630728122
2026-07-06,14,2,16,87.5,5287.885312274771
2026-07-07,14,2,16,87.5,5207.114947498537
2026-07-08,13,3,16,81.25,5122.613884494782
2026-07-09,13,3,16,81.25,5221.232404894969
2026-07-10,13,3,16,81.25,5263.515868865589
2026-07-13,14,2,16,87.5,5212.0863554928665
2026-07-14,14,2,16,87.5,5175.403468779577
2026-07-15,13,3,16,81.25,5256.189129077165
2026-07-16,13,3,16,81.25,5251.675256210212
2026-07-17,13,3,16,81.25,5174.12501435492
2026-07-20,14,2,16,87.5,5200.653005145651
2026-07-21,14,2,16,87.5,5203.25986106654
2026-07-22,14,2,16,87.5,5157.08176280166
2026-07-23,14,2,16,87.5,5100.262563723831
2026-07-24,14,2,16,87.5,5081.083807088614
2026-07-27,14,2,16,87.5,5101.596488293131
2026-07-28,14,2,16,87.5,5009.740537472726
2026-07-29,13,3,16,81.25,5048.074049313152
2026-07-30,14,2,16,87.5,5022.135001671601
2026-07-31,14,2,16,87.5,5148.191628599185
2026-08-03,14,2,16,87.5,5192.702364342489
2026-08-04,13,3,16,81.25,5213.83844517849
2026-08-05,13,3,16,81.25,5231.556049741691
2026-08-06,13,3,16,81.25,5191.4902385713585
2026-08-07,13,3,16,81.25,5233.300659853677
2026-08-10,13,3,16,81.25,5306.056847226268
2026-08-11,13,3,16,81.25,5302.018479234476
2026-08-12,13,3,16,81.25,5364.4183978095
2026-08-13,13,3,16,81.25,5317.523939050674
2026-08-14,13,3,16,81.25,5289.653120557716
2026-08-17,13,3,16,81.25,5276.0476444694405
2026-08-18,13,3,16,81.25,5301.191143729447
2026-08-19,13,3,16,81.25,5197.902827412978
2026-08-20,13,3,16,81.25,5247.4640326852805
2026-08-21,13,3,16,81.25,5290.464930490026
2026-08-24,13,3,16,81.25,5329.629252945711
2026-08-25,13,3,16,81.25,5286.629897012016
