Date,Above,Below,Total,Percentage,Index_Close
2014-08-07,7,1,8,87.5,149.7250073052321
2014-08-08,7,1,8,87.5,146.7225279595836
2014-08-11,7,1,8,87.5,148.565715475187
2014-08-12,7,1,8,87.5,148.3712991877238
2014-08-13,7,1,8,87.5,145.57364651476968
2014-08-14,7,1,8,87.5,148.12250133269632
2014-08-18,7,1,8,87.5,154.43048481654077
2014-08-19,7,1,8,87.5,157.39625545710837
2014-08-20,7,1,8,87.5,155.6066437377532
2014-08-21,7,1,8,87.5,156.49188462252312
2014-08-22,7,1,8,87.5,156.36406282609073
2014-08-25,7,1,8,87.5,157.35767215164827
2014-08-26,7,1,8,87.5,161.87486703607541
2014-08-27,7,1,8,87.5,166.16695892042912
2014-08-28,7,1,8,87.5,165.1843495249588
2014-09-01,7,1,8,87.5,167.7631064209066
2014-09-02,7,1,8,87.5,166.59007466998804
2014-09-03,7,1,8,87.5,167.02544025259073
2014-09-04,7,1,8,87.5,166.00804979547462
2014-09-05,7,1,8,87.5,166.58323961113987
2014-09-08,7,1,8,87.5,167.87409333484229
2014-09-09,7,1,8,87.5,167.92751071000484
2014-09-10,7,1,8,87.5,166.12819245242164
2014-09-11,7,1,8,87.5,166.94120809312315
2014-09-12,7,1,8,87.5,167.2222783809834
2014-09-15,7,1,8,87.5,164.98876055865054
2014-09-16,7,1,8,87.5,160.35785239876486
2014-09-17,7,1,8,87.5,158.5512988322808
2014-09-18,7,1,8,87.5,160.63089233281914
2014-09-19,7,1,8,87.5,159.91198359501374
2014-09-22,7,1,8,87.5,161.55366898931157
2014-09-23,7,1,8,87.5,159.20216634101928
2014-09-24,7,1,8,87.5,156.75998300832862
2014-09-25,7,1,8,87.5,155.7624270438313
2014-09-26,7,1,8,87.5,158.50336215901754
2014-09-29,7,1,8,87.5,161.0360434323885
2014-09-30,7,1,8,87.5,162.9408343261244
2014-10-01,7,1,8,87.5,163.57255516677301
2014-10-07,7,1,8,87.5,161.6215349648377
2014-10-08,7,1,8,87.5,160.6625754470844
2014-10-09,7,1,8,87.5,161.46890091866825
2014-10-10,7,1,8,87.5,159.22115947621637
2014-10-13,7,1,8,87.5,159.27857872359493
2014-10-14,7,1,8,87.5,158.26486885483115
2014-10-16,7,1,8,87.5,151.5757978483536
2014-10-17,7,1,8,87.5,153.16046231145253
2014-10-20,7,1,8,87.5,154.92867796168105
2014-10-21,7,1,8,87.5,155.76698030953176
2014-10-22,7,1,8,87.5,157.57823830005816
2014-10-23,7,1,8,87.5,160.47668256399274
2014-10-27,7,1,8,87.5,159.50782671430989
2014-10-28,7,1,8,87.5,159.01664344202766
2014-10-29,7,1,8,87.5,160.79579821054594
2014-10-30,7,1,8,87.5,160.79471772645232
2014-10-31,7,1,8,87.5,160.83074590343838
2014-11-03,7,1,8,87.5,163.29307457250871
2014-11-05,7,1,8,87.5,162.81537305419303
2014-11-07,7,1,8,87.5,163.07845587991127
2014-11-10,7,1,8,87.5,164.40629245405063
2014-11-11,7,1,8,87.5,164.46009249697047
2014-11-12,7,1,8,87.5,165.58637147939692
2014-11-13,7,1,8,87.5,168.469669411938
2014-11-14,7,1,8,87.5,171.61686594303228
2014-11-17,7,1,8,87.5,174.8564788317071
2014-11-18,7,1,8,87.5,174.85738814828963
2014-11-19,7,1,8,87.5,174.49345367692047
2014-11-20,7,1,8,87.5,172.0635484526283
2014-11-21,7,1,8,87.5,172.99917482186476
2014-11-24,7,1,8,87.5,172.24955179782347
2014-11-25,7,1,8,87.5,170.8792673427211
2014-11-26,7,1,8,87.5,170.05687118978835
2014-11-27,7,1,8,87.5,169.33920018263166
2014-11-28,7,1,8,87.5,174.17665837176725
2014-12-01,7,1,8,87.5,174.68534357467652
2014-12-02,7,1,8,87.5,176.20604902138737
2014-12-03,7,1,8,87.5,178.36918126329476
2014-12-04,7,1,8,87.5,176.84024146624859
2014-12-05,7,1,8,87.5,175.21196520687585
2014-12-08,7,1,8,87.5,172.2462501618847
2014-12-09,7,1,8,87.5,170.70247200946076
2014-12-10,7,1,8,87.5,170.7566320136479
2014-12-11,7,1,8,87.5,168.1107638459122
2014-12-12,7,1,8,87.5,164.41674856213422
2014-12-15,7,1,8,87.5,162.5936595154084
2014-12-16,7,1,8,87.5,158.65428254732916
2014-12-17,7,1,8,87.5,156.46506775575102
2014-12-18,7,1,8,87.5,160.428464184071
2014-12-19,7,1,8,87.5,161.38967224008607
2014-12-22,7,1,8,87.5,161.62095398898393
2014-12-23,7,1,8,87.5,160.41254872479672
2014-12-24,7,1,8,87.5,157.848146766624
2014-12-26,7,1,8,87.5,156.9822247681197
2014-12-29,7,1,8,87.5,157.9409441140296
2014-12-30,7,1,8,87.5,159.66340111557497
2014-12-31,7,1,8,87.5,163.334497644582
2015-01-01,7,1,8,87.5,163.47615900894738
2015-01-02,7,1,8,87.5,164.10329140174588
2015-01-05,7,1,8,87.5,164.81738003995872
2015-01-06,7,1,8,87.5,158.70765026023236
2015-01-07,7,1,8,87.5,157.79252309504665
2015-01-08,7,1,8,87.5,157.5660954385873
2015-01-09,7,1,8,87.5,159.1498721686555
2015-01-12,7,1,8,87.5,164.41295569318316
2015-01-13,7,1,8,87.5,162.722531705799
2015-01-14,7,1,8,87.5,167.6268596398743
2015-01-15,7,1,8,87.5,168.8701576174417
2015-01-16,7,1,8,87.5,171.15515586077447
2015-01-19,7,1,8,87.5,172.21453003855694
2015-01-20,7,1,8,87.5,173.8752234755721
2015-01-21,7,1,8,87.5,175.88521921598854
2015-01-22,7,1,8,87.5,175.03818579866305
2015-01-23,7,1,8,87.5,173.74601081180697
2015-01-27,7,1,8,87.5,172.74253502169464
2015-01-28,7,1,8,87.5,176.94163913417808
2015-01-29,7,1,8,87.5,181.2668372281001
2015-01-30,7,1,8,87.5,178.27282254772135
2015-02-02,6,2,8,75.0,179.41985830263133
2015-02-03,6,2,8,75.0,180.08484326891227
2015-02-04,6,2,8,75.0,180.4491199950316
2015-02-05,6,2,8,75.0,179.1024051146076
2015-02-06,6,2,8,75.0,178.93052917911083
2015-02-09,6,2,8,75.0,175.10934478461536
2015-02-10,6,2,8,75.0,175.6161115230805
2015-02-11,7,1,8,87.5,175.08218829628544
2015-02-12,6,2,8,75.0,176.00055836400784
2015-02-13,6,2,8,75.0,178.7178451229304
2015-02-16,7,1,8,87.5,179.53276034053496
2015-02-18,7,1,8,87.5,181.32031702028266
2015-02-19,7,1,8,87.5,179.9113205738056
2015-02-20,7,1,8,87.5,178.89751144670396
2015-02-23,6,2,8,75.0,181.0942208624873
2015-02-24,5,3,8,62.5,180.0606213763866
2015-02-25,5,3,8,62.5,179.96636607737005
2015-02-26,5,3,8,62.5,179.70930457696707
2015-02-27,6,2,8,75.0,183.49981833404124
2015-02-28,6,2,8,75.0,183.14431917950162
2015-03-02,7,1,8,87.5,187.2453830637444
2015-03-03,6,2,8,75.0,187.0297444922055
2015-03-04,6,2,8,75.0,184.93802315209524
2015-03-05,6,2,8,75.0,185.1843104154924
2015-03-09,6,2,8,75.0,184.77871834987278
2015-03-10,7,1,8,87.5,186.32726934766094
2015-03-11,6,2,8,75.0,187.22904055267068
2015-03-12,7,1,8,87.5,191.69373339428046
2015-03-13,7,1,8,87.5,188.61178264921833
2015-03-16,6,2,8,75.0,188.64911314307372
2015-03-17,6,2,8,75.0,189.70486306813552
2015-03-18,6,2,8,75.0,189.6444835930585
2015-03-19,6,2,8,75.0,187.58031208161842
2015-03-20,6,2,8,75.0,185.31637165302953
2015-03-23,6,2,8,75.0,185.96997966029917
2015-03-24,5,3,8,62.5,184.20076416008655
2015-03-25,5,3,8,62.5,183.13378744446553
2015-03-26,5,3,8,62.5,181.84770414408348
2015-03-27,5,3,8,62.5,181.1425846435896
2015-03-30,5,3,8,62.5,183.06576547665904
2015-03-31,5,3,8,62.5,182.2813801502634
2015-04-01,5,3,8,62.5,182.71879984311877
2015-04-06,5,3,8,62.5,186.5448765625908
2015-04-07,6,2,8,75.0,191.16786538534103
2015-04-08,6,2,8,75.0,191.682573231206
2015-04-09,6,2,8,75.0,192.82989883689376
2015-04-10,6,2,8,75.0,194.02239552777093
2015-04-13,6,2,8,75.0,195.30271761538995
2015-04-15,6,2,8,75.0,198.10997182613517
2015-04-16,7,1,8,87.5,196.43282184051404
2015-04-17,7,1,8,87.5,194.0986323249326
2015-04-20,6,2,8,75.0,191.73282575374512
2015-04-21,6,2,8,75.0,191.02754301694992
2015-04-22,6,2,8,75.0,190.95087775201068
2015-04-23,6,2,8,75.0,192.1457877118653
2015-04-24,6,2,8,75.0,188.5028849813984
2015-04-27,5,3,8,62.5,182.6899335163425
2015-04-28,6,2,8,75.0,182.59997287887225
2015-04-29,5,3,8,62.5,184.62787686959203
2015-04-30,5,3,8,62.5,185.23052448414688
2015-05-04,6,2,8,75.0,189.57167368553093
2015-05-05,6,2,8,75.0,192.3160823422838
2015-05-06,5,3,8,62.5,188.01514878662095
2015-05-07,5,3,8,62.5,184.5222205342402
2015-05-08,5,3,8,62.5,186.57691848130565
2015-05-11,5,3,8,62.5,189.26751610623432
2015-05-12,5,3,8,62.5,186.10768755725258
2015-05-13,5,3,8,62.5,187.04407969373972
2015-05-14,5,3,8,62.5,186.17358016174916
2015-05-15,4,4,8,50.0,186.04684899320435
2015-05-18,5,3,8,62.5,188.336403001838
2015-05-19,5,3,8,62.5,188.92916523588949
2015-05-20,5,3,8,62.5,190.6583819398457
2015-05-21,5,3,8,62.5,191.06207188383735
2015-05-22,5,3,8,62.5,193.0639684092588
2015-05-25,5,3,8,62.5,191.91885628338918
2015-05-26,5,3,8,62.5,191.63379908383436
2015-05-27,5,3,8,62.5,191.06532806188366
2015-05-28,5,3,8,62.5,191.30449624470486
2015-05-29,5,3,8,62.5,194.30253301358235
2015-06-01,5,3,8,62.5,192.85969908743937
2015-06-02,4,4,8,50.0,187.55172095247937
2015-06-03,3,5,8,37.5,184.2785563792834
2015-06-04,3,5,8,37.5,182.14875792407702
2015-06-05,3,5,8,37.5,182.04472450434804
2015-06-08,3,5,8,37.5,178.5684655210026
2015-06-09,3,5,8,37.5,179.81709970812446
2015-06-10,3,5,8,37.5,182.2763286210839
2015-06-11,3,5,8,37.5,178.4777842564333
2015-06-12,3,5,8,37.5,177.37305502652018
2015-06-15,3,5,8,37.5,176.14927425618362
2015-06-16,4,4,8,50.0,176.69478276205098
2015-06-17,4,4,8,50.0,179.322747287908
2015-06-18,4,4,8,50.0,181.55472599881836
2015-06-19,5,3,8,62.5,181.55007159918375
2015-06-22,5,3,8,62.5,185.1616940076881
2015-06-23,5,3,8,62.5,188.06754736233125
2015-06-24,5,3,8,62.5,185.34326662656397
2015-06-25,5,3,8,62.5,184.57212364405135
2015-06-26,5,3,8,62.5,187.4522366439332
2015-06-29,6,2,8,75.0,185.5485086423547
2015-06-30,5,3,8,62.5,185.21094793968487
2015-07-01,5,3,8,62.5,186.50778596906954
2015-07-02,6,2,8,75.0,185.81026923742183
2015-07-03,5,3,8,62.5,185.57134515834704
2015-07-06,6,2,8,75.0,187.16602902023655
2015-07-07,6,2,8,75.0,189.36296877482422
2015-07-08,5,3,8,62.5,189.0217033426775
2015-07-09,5,3,8,62.5,189.9171034416927
2015-07-10,5,3,8,62.5,189.49248451202183
2015-07-13,6,2,8,75.0,189.7003483792225
2015-07-14,5,3,8,62.5,190.9902583765352
2015-07-15,5,3,8,62.5,190.26341566282113
2015-07-16,6,2,8,75.0,191.58889452335814
2015-07-17,7,1,8,87.5,194.36377787929848
2015-07-20,6,2,8,75.0,193.3084011472566
2015-07-21,5,3,8,62.5,188.2011700571842
2015-07-22,5,3,8,62.5,187.7915436141831
2015-07-23,5,3,8,62.5,188.96247304010873
2015-07-24,5,3,8,62.5,187.3980512858494
2015-07-27,5,3,8,62.5,183.15007113311
2015-07-28,5,3,8,62.5,187.06360896814797
2015-07-29,5,3,8,62.5,189.97957434049619
2015-07-30,5,3,8,62.5,193.47016247939533
2015-07-31,6,2,8,75.0,194.6475192469861
2015-08-03,6,2,8,75.0,192.8926341849402
2015-08-04,6,2,8,75.0,197.63961597918862
2015-08-05,6,2,8,75.0,204.65187435455508
2015-08-06,5,3,8,62.5,203.04307168028893
2015-08-07,5,3,8,62.5,202.81473109474018
2015-08-10,5,3,8,62.5,201.01671045410492
2015-08-11,5,3,8,62.5,200.49520557269025
2015-08-12,5,3,8,62.5,197.39441080545782
2015-08-13,5,3,8,62.5,197.40739517427872
2015-08-14,5,3,8,62.5,200.06058623693326
2015-08-17,5,3,8,62.5,198.02974239863963
2015-08-18,5,3,8,62.5,199.30110465344578
2015-08-19,5,3,8,62.5,199.36204714869726
2015-08-20,5,3,8,62.5,195.74094191439156
2015-08-21,4,4,8,50.0,195.33005663329362
2015-08-24,3,5,8,37.5,180.04771919107912
2015-08-25,2,6,8,25.0,179.90096467799646
2015-08-26,2,6,8,25.0,180.37143691082719
2015-08-27,2,6,8,25.0,189.7748522088024
2015-08-28,3,5,8,37.5,190.58111420973185
2015-08-31,2,6,8,25.0,190.8501984161949
2015-09-01,2,6,8,25.0,185.98671788016154
2015-09-02,2,6,8,25.0,184.32358537725003
2015-09-03,2,6,8,25.0,185.35874874684936
2015-09-04,2,6,8,25.0,182.25556848946746
2015-09-07,2,6,8,25.0,181.0461190542787
2015-09-08,2,6,8,25.0,181.2193972617777
2015-09-09,2,6,8,25.0,184.19562173335154
2015-09-10,2,6,8,25.0,180.96271764479434
2015-09-11,2,6,8,25.0,181.98152802985086
2015-09-14,2,6,8,25.0,182.74285386081056
2015-09-15,2,6,8,25.0,187.53722923119332
2015-09-16,2,6,8,25.0,186.15870616840414
2015-09-18,3,5,8,37.5,188.7789855493373
2015-09-21,3,5,8,37.5,189.94484582000277
2015-09-22,3,5,8,37.5,188.14547246273048
2015-09-23,3,5,8,37.5,189.27717396683389
2015-09-24,3,5,8,37.5,190.1551299200927
2015-09-28,3,5,8,37.5,192.08737578952784
2015-09-29,3,5,8,37.5,192.29244140027888
2015-09-30,3,5,8,37.5,196.29666582474093
2015-10-01,3,5,8,37.5,196.011367495829
2015-10-05,3,5,8,37.5,198.30607335215475
2015-10-06,3,5,8,37.5,201.15348576314656
2015-10-07,3,5,8,37.5,200.2838681124454
2015-10-08,3,5,8,37.5,200.66388209841756
2015-10-09,3,5,8,37.5,200.55850018757693
2015-10-12,3,5,8,37.5,199.22902384094607
2015-10-13,3,5,8,37.5,201.7400366258766
2015-10-14,3,5,8,37.5,202.86666353644503
2015-10-15,3,5,8,37.5,204.2631754183857
2015-10-16,3,5,8,37.5,204.47782029457943
2015-10-19,3,5,8,37.5,204.41760146169094
2015-10-20,3,5,8,37.5,206.06326346406397
2015-10-21,4,4,8,50.0,204.44991553744907
2015-10-23,4,4,8,50.0,203.84528323661945
2015-10-26,4,4,8,50.0,203.83356634849216
2015-10-27,4,4,8,50.0,202.65707490971772
2015-10-28,4,4,8,50.0,204.61944821907937
2015-10-29,4,4,8,50.0,202.96716547488285
2015-10-30,3,5,8,37.5,201.9305518621547
2015-11-02,3,5,8,37.5,202.58428168744948
2015-11-03,3,5,8,37.5,199.15094710930512
2015-11-04,3,5,8,37.5,191.28742117698684
2015-11-05,3,5,8,37.5,187.7170529159146
2015-11-06,3,5,8,37.5,188.98872354151936
2015-11-09,3,5,8,37.5,192.23031818716026
2015-11-10,3,5,8,37.5,188.8648521539095
2015-11-11,3,5,8,37.5,190.63551520610778
2015-11-13,2,6,8,25.0,187.09892281036738
2015-11-16,2,6,8,25.0,187.79331100302983
2015-11-17,2,6,8,25.0,188.75502123623866
2015-11-18,3,5,8,37.5,188.8832407833536
2015-11-19,4,4,8,50.0,192.98545553225023
2015-11-20,4,4,8,50.0,198.946155290614
2015-11-23,4,4,8,50.0,199.74831201403427
2015-11-24,5,3,8,62.5,198.99221529469708
2015-11-26,4,4,8,50.0,202.5404486065487
2015-11-27,4,4,8,50.0,200.43184698690348
2015-11-30,6,2,8,75.0,203.409319442609
2015-12-01,6,2,8,75.0,204.19300476245635
2015-12-02,6,2,8,75.0,203.16914259948567
2015-12-03,5,3,8,62.5,201.84987206282915
2015-12-04,5,3,8,62.5,201.4642823716799
2015-12-07,6,2,8,75.0,203.1764125638778
2015-12-08,6,2,8,75.0,200.82115394093796
2015-12-09,3,5,8,37.5,197.53096452812565
2015-12-10,5,3,8,62.5,199.2961352895737
2015-12-11,4,4,8,50.0,198.3306374678162
2015-12-14,4,4,8,50.0,199.04665557223444
2015-12-15,5,3,8,62.5,202.76298059104988
2015-12-16,4,4,8,50.0,201.5182708221949
2015-12-17,4,4,8,50.0,202.63027092308988
2015-12-18,5,3,8,62.5,202.10753261256306
2015-12-21,4,4,8,50.0,202.63425235645386
2015-12-22,5,3,8,62.5,202.98516711683462
2015-12-23,5,3,8,62.5,208.11254633080654
2015-12-24,5,3,8,62.5,209.78776889304154
2015-12-28,5,3,8,62.5,211.2677358273002
2015-12-29,5,3,8,62.5,210.79082824113948
2015-12-30,5,3,8,62.5,209.38411066839961
2015-12-31,5,3,8,62.5,211.45365081360546
2016-01-01,5,3,8,62.5,212.1765773982694
2016-01-04,5,3,8,62.5,209.54792241632333
2016-01-05,5,3,8,62.5,208.5648533726256
2016-01-06,5,3,8,62.5,209.3446188545944
2016-01-07,4,4,8,50.0,204.62665992052814
2016-01-08,5,3,8,62.5,207.4524505783952
2016-01-11,5,3,8,62.5,205.84667135100437
2016-01-12,4,4,8,50.0,203.7201400776456
2016-01-13,3,5,8,37.5,200.6770100224643
2016-01-14,4,4,8,50.0,197.99579770040484
2016-01-15,2,6,8,25.0,192.69423281668426
2016-01-18,1,7,8,12.5,188.9670994003907
2016-01-19,2,6,8,25.0,191.4477003414761
2016-01-20,2,6,8,25.0,187.97358874233714
2016-01-21,3,5,8,37.5,188.68621942480698
2016-01-22,3,5,8,37.5,193.86545340009306
2016-01-25,4,4,8,50.0,195.39681894717035
2016-01-27,3,5,8,37.5,194.03101560151816
2016-01-28,3,5,8,37.5,192.030026859015
2016-01-29,4,4,8,50.0,195.52735985368943
2016-02-01,4,4,8,50.0,197.6237469040141
2016-02-02,4,4,8,50.0,194.36128824260794
2016-02-03,4,4,8,50.0,191.65516732409208
2016-02-04,4,4,8,50.0,192.08963112051202
2016-02-05,4,4,8,50.0,195.20324495454892
2016-02-08,4,4,8,50.0,195.47735520492878
2016-02-09,3,5,8,37.5,191.28041909085695
2016-02-10,3,5,8,37.5,188.04609279061745
2016-02-11,2,6,8,25.0,179.40688973294033
2016-02-12,2,6,8,25.0,175.68797237012174
2016-02-15,3,5,8,37.5,183.0054667325401
2016-02-16,2,6,8,25.0,180.4665391482901
2016-02-17,2,6,8,25.0,178.7755439372964
2016-02-18,2,6,8,25.0,178.73139836406838
2016-02-19,2,6,8,25.0,178.92282948766615
2016-02-22,2,6,8,25.0,180.8640651607972
2016-02-23,2,6,8,25.0,178.3611956136952
2016-02-24,2,6,8,25.0,181.7912990481985
2016-02-25,1,7,8,12.5,181.2843962632877
2016-02-26,1,7,8,12.5,181.8076966760826
2016-02-29,1,7,8,12.5,178.58094446921422
2016-03-01,2,6,8,25.0,185.94687502948273
2016-03-02,2,6,8,25.0,190.26638648070565
2016-03-03,2,6,8,25.0,191.45794313971908
2016-03-04,2,6,8,25.0,191.97310578275832
2016-03-08,2,6,8,25.0,191.7781562002864
2016-03-09,2,6,8,25.0,192.12990759090692
2016-03-10,2,6,8,25.0,190.42505106794422
2016-03-11,2,6,8,25.0,191.83202730887564
2016-03-14,2,6,8,25.0,194.23899564524288
2016-03-15,3,5,8,37.5,195.23602203427444
2016-03-16,3,5,8,37.5,195.85333170280106
2016-03-17,3,5,8,37.5,195.34250157808458
2016-03-18,3,5,8,37.5,197.82453013004994
2016-03-21,4,4,8,50.0,200.24965511747678
2016-03-22,5,3,8,62.5,202.47049256041961
2016-03-23,5,3,8,62.5,201.6297525980233
2016-03-28,3,5,8,37.5,196.29386564693712
2016-03-29,4,4,8,50.0,201.69550290231345
2016-03-30,4,4,8,50.0,204.50417723982838
2016-03-31,4,4,8,50.0,206.69305762770037
2016-04-01,5,3,8,62.5,206.82206852057914
2016-04-04,6,2,8,75.0,210.44440221796924
2016-04-05,5,3,8,62.5,208.49857644968037
2016-04-06,5,3,8,62.5,210.2359576395728
2016-04-07,5,3,8,62.5,208.89008326072874
2016-04-08,5,3,8,62.5,210.6988467881125
2016-04-11,6,2,8,75.0,213.80784348364492
2016-04-12,6,2,8,75.0,215.10374275513803
2016-04-13,7,1,8,87.5,216.92959771919357
2016-04-18,7,1,8,87.5,222.6921370759891
2016-04-20,7,1,8,87.5,225.51217439103138
2016-04-21,7,1,8,87.5,222.02789296269793
2016-04-22,7,1,8,87.5,223.7626369683478
2016-04-25,7,1,8,87.5,223.90956190276316
2016-04-26,7,1,8,87.5,224.71677872966177
2016-04-27,7,1,8,87.5,224.44758094608136
2016-04-28,7,1,8,87.5,222.10072449019046
2016-04-29,7,1,8,87.5,221.55673672513666
2016-05-02,7,1,8,87.5,222.36793444783765
2016-05-03,7,1,8,87.5,221.0066541741754
2016-05-04,7,1,8,87.5,219.17019671392856
2016-05-05,7,1,8,87.5,220.3257519753716
2016-05-06,7,1,8,87.5,222.59788313329335
2016-05-09,7,1,8,87.5,226.23843524856088
2016-05-10,7,1,8,87.5,226.42594739164673
2016-05-11,7,1,8,87.5,227.13575246157026
2016-05-12,7,1,8,87.5,228.44606683987004
2016-05-13,7,1,9,87.5,230.04957779643962
2016-05-16,7,1,9,87.5,230.87584146856582
2016-05-17,7,1,9,87.5,233.18896151254833
2016-05-18,7,1,9,87.5,234.33828128011947
2016-05-19,7,1,9,87.5,230.1957372719313
2016-05-20,7,1,9,87.5,229.16112299780949
2016-05-23,7,1,9,87.5,228.97287209164233
2016-05-24,7,1,9,87.5,227.2294932728785
2016-05-25,7,1,9,87.5,228.55831411208257
2016-05-26,7,1,9,87.5,228.81883573915385
2016-05-27,7,1,9,87.5,229.6646127908032
2016-05-30,7,1,9,87.5,229.01041219550913
2016-05-31,7,1,9,87.5,227.24728888191925
2016-06-01,7,1,9,87.5,227.77654939725122
2016-06-02,7,1,9,87.5,230.57243942431552
2016-06-03,7,1,9,87.5,228.30576929058248
2016-06-06,7,1,9,87.5,228.58573671282255
2016-06-07,7,1,9,87.5,230.62845739080072
2016-06-08,7,1,9,87.5,231.5491811169641
2016-06-09,7,1,9,87.5,231.53090978238984
2016-06-10,7,1,9,87.5,228.35465760308526
2016-06-13,7,1,9,87.5,226.67762840712834
2016-06-14,7,1,9,87.5,228.49682891937042
2016-06-15,7,1,9,87.5,229.12874037880596
2016-06-16,7,1,9,87.5,228.21405834667573
2016-06-17,7,1,9,87.5,229.1056594021366
2016-06-20,7,1,9,87.5,232.41971117561363
2016-06-21,8,0,9,100.0,236.71262137746365
2016-06-22,8,0,9,100.0,236.6249537971796
2016-06-23,8,0,9,100.0,234.97464961217395
2016-06-24,7,1,9,87.5,233.33210870705142
2016-06-27,8,0,9,100.0,238.0751197433508
2016-06-28,8,0,9,100.0,237.42874584198213
2016-06-29,8,0,9,100.0,247.11818891148832
2016-06-30,8,0,9,100.0,249.6373874923481
2016-07-01,8,0,9,100.0,248.2860949868294
2016-07-04,8,0,9,100.0,249.16336714027972
2016-07-05,8,0,9,100.0,249.33466338588283
2016-07-07,8,0,9,100.0,246.13581002656497
2016-07-08,8,0,9,100.0,246.96828557991287
2016-07-11,8,0,9,100.0,248.44516948367323
2016-07-12,8,0,9,100.0,249.35761041291764
2016-07-13,8,0,9,100.0,250.65841345319012
2016-07-14,8,0,9,100.0,252.74657369963083
2016-07-15,8,0,9,100.0,250.55554359074992
2016-07-18,8,0,9,100.0,248.0592953935508
2016-07-19,8,0,9,100.0,247.27862125313283
2016-07-20,8,0,9,100.0,253.0236609624947
2016-07-21,8,0,9,100.0,252.47417299845574
2016-07-22,8,0,9,100.0,252.7633159621462
2016-07-25,8,0,9,100.0,256.9273744525005
2016-07-26,8,0,9,100.0,255.95558348469365
2016-07-27,8,0,9,100.0,255.11103215891038
2016-07-28,8,0,9,100.0,262.62978709557035
2016-07-29,8,0,9,100.0,267.98213293109734
2016-08-01,8,0,9,100.0,273.3905433929337
2016-08-02,8,0,9,100.0,268.9376221740888
2016-08-03,8,0,9,100.0,261.7823801267037
2016-08-04,8,0,9,100.0,261.29778051525017
2016-08-05,8,0,9,100.0,264.5293299432344
2016-08-08,8,0,9,100.0,266.1245196822481
2016-08-09,8,0,9,100.0,266.9952860855796
2016-08-10,8,0,9,100.0,262.90841014079604
2016-08-11,8,0,9,100.0,264.48615920937584
2016-08-12,8,0,9,100.0,265.81687888694296
2016-08-16,8,0,9,100.0,266.5681684579413
2016-08-17,8,0,9,100.0,265.56373315478675
2016-08-18,8,0,9,100.0,266.2475474641331
2016-08-19,8,0,9,100.0,272.8675931472535
2016-08-22,8,0,9,100.0,271.28541911996984
2016-08-23,8,0,9,100.0,268.66835376026677
2016-08-24,8,0,9,100.0,270.18998533471796
2016-08-25,8,0,9,100.0,268.6287213334773
2016-08-26,8,0,9,100.0,269.33240851105967
2016-08-29,8,0,9,100.0,270.4466532459829
2016-08-30,8,0,9,100.0,271.55338119640595
2016-08-31,8,0,9,100.0,270.9216995553133
2016-09-01,8,0,9,100.0,273.23680713273365
2016-09-02,8,0,9,100.0,274.7507503449082
2016-09-06,8,0,9,100.0,278.1510362382614
2016-09-07,8,0,9,100.0,277.07301425771726
2016-09-08,8,0,9,100.0,277.392412775382
2016-09-09,8,0,9,100.0,275.54452711888536
2016-09-12,8,0,9,100.0,269.4702093886224
2016-09-14,8,0,9,100.0,270.43123870865793
2016-09-15,8,0,9,100.0,271.15047770203665
2016-09-16,8,0,9,100.0,269.301386104731
2016-09-19,8,0,9,100.0,270.86454327215597
2016-09-20,8,0,9,100.0,269.64964249007386
2016-09-21,7,1,9,87.5,270.2135451792328
2016-09-22,7,1,9,87.5,270.9092171309132
2016-09-23,7,1,9,87.5,271.6062144847779
2016-09-26,7,1,9,87.5,270.9481809339921
2016-09-27,7,1,9,87.5,270.5487140375126
2016-09-28,7,1,9,87.5,275.6696675616435
2016-09-29,7,1,9,87.5,269.52939129735745
2016-09-30,7,1,9,87.5,271.973178389649
2016-10-03,7,1,9,87.5,278.51018758672393
2016-10-04,7,1,9,87.5,281.82628872971424
2016-10-05,7,1,9,87.5,283.1013324579317
2016-10-06,7,1,9,87.5,284.04409263134414
2016-10-07,7,1,9,87.5,284.0728333879825
2016-10-10,7,1,9,87.5,286.0173924569221
2016-10-13,7,1,9,87.5,283.9354588668646
2016-10-14,7,1,9,87.5,285.41932456511745
2016-10-17,7,1,9,87.5,284.30421434756255
2016-10-18,7,1,9,87.5,286.29555218922394
2016-10-19,7,1,9,87.5,284.61140185709047
2016-10-20,7,1,9,87.5,282.7249098439005
2016-10-21,7,1,9,87.5,277.53199517674983
2016-10-24,7,1,9,87.5,279.76590217144684
2016-10-25,6,2,9,75.0,279.7661644760528
2016-10-26,7,1,9,87.5,278.6505227477036
2016-10-27,6,2,9,75.0,279.2535911097065
2016-10-28,6,2,9,75.0,281.5630845775712
2016-10-30,7,1,9,87.5,284.21495500574906
2016-11-01,6,2,9,75.0,282.723925980118
2016-11-02,7,1,9,87.5,277.39660522327625
2016-11-03,7,1,9,87.5,273.5797845186534
2016-11-04,6,2,9,75.0,268.17924366705614
2016-11-07,6,2,9,75.0,268.9808312170431
2016-11-08,6,2,9,75.0,267.38029176993916
2016-11-09,5,3,9,62.5,255.30000008099765
2016-11-10,5,3,9,62.5,253.59605068338462
2016-11-11,4,4,9,50.0,242.6742024280643
2016-11-15,3,5,9,37.5,231.82871324135968
2016-11-16,3,5,9,37.5,229.92204165887625
2016-11-17,2,6,9,25.0,227.1738331996541
2016-11-18,2,6,9,25.0,224.6687458815639
2016-11-21,2,6,9,25.0,223.578420502743
2016-11-22,2,6,9,25.0,224.1204937884083
2016-11-23,2,6,9,25.0,228.7099265197698
2016-11-24,2,6,9,25.0,226.9419552078519
2016-11-25,2,6,9,25.0,228.32130579357656
2016-11-28,2,6,9,25.0,229.2590446865888
2016-11-29,2,6,9,25.0,232.97511940466254
2016-11-30,2,6,9,25.0,238.04477689439193
2016-12-01,3,5,9,37.5,236.82101960413115
2016-12-02,3,5,9,37.5,233.3808742934695
2016-12-05,3,5,9,37.5,234.6734617384683
2016-12-06,3,5,9,37.5,234.37816592637105
2016-12-07,3,5,9,37.5,234.41865763033994
2016-12-08,4,4,9,50.0,240.58761044060034
2016-12-09,4,4,9,50.0,240.2295200220328
2016-12-12,3,5,9,37.5,232.99891472169304
2016-12-13,3,5,9,37.5,232.1305214997338
2016-12-14,3,5,9,37.5,231.0564084502213
2016-12-15,3,5,9,37.5,230.35089376953374
2016-12-16,2,6,9,25.0,229.73874275867198
2016-12-19,1,8,9,11.11111111111111,227.11155498637945
2016-12-20,1,8,9,11.11111111111111,226.3995899264526
2016-12-21,2,7,9,22.22222222222222,225.99577726729342
2016-12-22,1,8,9,11.11111111111111,222.4027071178588
2016-12-23,1,8,9,11.11111111111111,224.31068862294606
2016-12-26,0,9,9,0.0,220.33563231270833
2016-12-27,1,8,9,11.11111111111111,224.31863498527647
2016-12-28,1,8,9,11.11111111111111,224.83690820625398
2016-12-29,2,7,9,22.22222222222222,229.24677927486755
2016-12-30,2,7,9,22.22222222222222,232.915104703054
2017-01-02,2,7,9,22.22222222222222,236.03934650052136
2017-01-03,3,6,9,33.33333333333333,241.41300369941928
2017-01-04,4,5,9,44.44444444444444,245.68724056420655
2017-01-05,4,5,9,44.44444444444444,247.02707872710374
2017-01-06,4,5,9,44.44444444444444,251.4088927981725
2017-01-09,4,5,9,44.44444444444444,252.58004703206902
2017-01-10,4,5,9,44.44444444444444,253.61528351943662
2017-01-11,6,3,9,66.66666666666666,254.7588232668709
2017-01-12,5,4,9,55.55555555555556,255.6637383105377
2017-01-13,6,3,9,66.66666666666666,255.24372096519966
2017-01-16,6,3,9,66.66666666666666,256.5140322463122
2017-01-17,6,3,9,66.66666666666666,257.4092000736414
2017-01-18,6,3,9,66.66666666666666,259.271510368878
2017-01-19,7,2,9,77.77777777777779,263.3583460535577
2017-01-20,6,3,9,66.66666666666666,259.9854072463606
2017-01-23,5,4,9,55.55555555555556,261.40116811092776
2017-01-24,6,3,9,66.66666666666666,262.5827553421043
2017-01-25,6,3,9,66.66666666666666,267.1216254016341
2017-01-27,6,3,9,66.66666666666666,271.6043381665555
2017-01-30,6,3,9,66.66666666666666,271.0081852552449
2017-01-31,6,3,9,66.66666666666666,268.2834581395096
2017-02-01,6,3,9,66.66666666666666,270.78623989947937
2017-02-02,7,2,9,77.77777777777779,273.74341137549214
2017-02-03,7,2,9,77.77777777777779,279.3258975173027
2017-02-06,8,1,9,88.88888888888889,284.1738746503173
2017-02-07,7,2,9,77.77777777777779,284.62657543858444
2017-02-08,8,1,9,88.88888888888889,287.2003463838624
2017-02-09,8,1,9,88.88888888888889,288.70458561921237
2017-02-10,8,1,9,88.88888888888889,288.65702119913476
2017-02-13,6,3,9,66.66666666666666,285.06858457314
2017-02-14,7,2,9,77.77777777777779,284.60596674224155
2017-02-15,6,3,9,66.66666666666666,281.76076918842995
2017-02-16,7,2,9,77.77777777777779,286.4341550074408
2017-02-17,7,2,9,77.77777777777779,285.74325160397035
2017-02-20,7,2,9,77.77777777777779,285.75520753745207
2017-02-21,7,2,9,77.77777777777779,291.025995135771
2017-02-22,7,2,9,77.77777777777779,287.0445432048837
2017-02-23,7,2,9,77.77777777777779,287.4001668273312
2017-02-27,7,2,9,77.77777777777779,286.73990606681815
2017-02-28,9,0,9,100.0,289.4222122285661
2017-03-01,8,1,9,88.88888888888889,289.3400441491109
2017-03-02,7,2,9,77.77777777777779,286.7180830589632
2017-03-03,7,2,9,77.77777777777779,287.2683942115541
2017-03-06,7,2,9,77.77777777777779,288.2891474648313
2017-03-07,8,1,9,88.88888888888889,288.84027596900285
2017-03-08,7,2,9,77.77777777777779,287.7393870399776
2017-03-09,7,2,9,77.77777777777779,288.17609007321835
2017-03-10,8,1,9,88.88888888888889,289.18198902047
2017-03-14,8,1,9,88.88888888888889,295.9879923503059
2017-03-15,8,1,9,88.88888888888889,296.00845747392265
2017-03-16,8,1,9,88.88888888888889,300.80884464570033
2017-03-17,8,1,9,88.88888888888889,302.56736927849903
2017-03-20,8,1,9,88.88888888888889,305.42467673208654
2017-03-21,8,1,9,88.88888888888889,307.6607171175091
2017-03-22,8,1,9,88.88888888888889,303.3919138658148
2017-03-23,8,1,9,88.88888888888889,303.77097977515064
2017-03-24,8,1,9,88.88888888888889,304.28807887206085
2017-03-27,8,1,9,88.88888888888889,305.4142088327382
2017-03-28,8,1,9,88.88888888888889,307.84094615105147
2017-03-29,8,1,9,88.88888888888889,312.17676807533104
2017-03-30,8,1,9,88.88888888888889,318.2124567021818
2017-03-31,8,1,9,88.88888888888889,320.86013563985756
2017-04-03,9,0,9,100.0,324.77620872829704
2017-04-05,9,0,9,100.0,325.88197627893453
2017-04-06,9,0,9,100.0,323.6099541659831
2017-04-07,9,0,9,100.0,321.4034086046463
2017-04-10,9,0,9,100.0,321.86801997445605
2017-04-11,9,0,9,100.0,327.39336699085544
2017-04-12,9,0,9,100.0,326.4444783417053
2017-04-13,9,0,9,100.0,327.49271073833324
2017-04-17,9,0,9,100.0,329.6481951976581
2017-04-18,9,0,9,100.0,327.574456882955
2017-04-19,9,0,9,100.0,328.2862575934547
2017-04-20,9,0,9,100.0,330.63145241799987
2017-04-21,9,0,9,100.0,329.6606710828823
2017-04-24,9,0,9,100.0,329.7187437844143
2017-04-25,9,0,9,100.0,331.40597011399274
2017-04-26,9,0,9,100.0,329.89402592139544
2017-04-27,9,0,9,100.0,329.1961335888391
2017-04-28,9,0,9,100.0,329.27420355710126
2017-05-02,9,0,9,100.0,329.92564827559966
2017-05-03,9,0,9,100.0,327.9010638342316
2017-05-04,9,0,9,100.0,332.3590490461176
2017-05-05,9,0,9,100.0,329.89885572350477
2017-05-08,9,0,9,100.0,334.5287172216588
2017-05-09,9,0,9,100.0,336.24264029132996
2017-05-10,9,0,9,100.0,338.36735555691837
2017-05-11,9,0,9,100.0,339.18958548996085
2017-05-12,9,0,9,100.0,334.8525395310934
2017-05-15,9,0,9,100.0,337.398389023235
2017-05-16,9,0,9,100.0,337.7126746448385
2017-05-17,9,0,9,100.0,334.91797192010864
2017-05-18,9,0,9,100.0,327.34663042071605
2017-05-19,9,0,9,100.0,324.63189328252014
2017-05-22,9,0,9,100.0,323.51205352665704
2017-05-23,9,0,9,100.0,317.1928600418517
2017-05-24,9,0,9,100.0,317.6143756573437
2017-05-25,9,0,9,100.0,324.21090739330083
2017-05-26,9,0,9,100.0,330.15178722539196
2017-05-29,9,0,9,100.0,328.08192947528
2017-05-30,9,0,9,100.0,332.2393639581314
2017-05-31,9,0,9,100.0,335.96591632309725
2017-06-01,9,0,9,100.0,338.745531703107
2017-06-02,9,0,9,100.0,341.6562526282494
2017-06-05,9,0,9,100.0,346.0044650784049
2017-06-06,9,0,9,100.0,342.7980538261984
2017-06-07,9,0,9,100.0,342.99237754404527
2017-06-08,9,0,9,100.0,343.3373522032041
2017-06-09,9,0,9,100.0,343.13635924118637
2017-06-12,9,0,9,100.0,338.5602284806653
2017-06-13,9,0,9,100.0,348.2681730118476
2017-06-14,9,0,9,100.0,350.7272761435523
2017-06-15,9,0,9,100.0,348.73193993439395
2017-06-16,9,0,9,100.0,349.66214512341935
2017-06-19,9,0,9,100.0,347.5300751339527
2017-06-20,9,0,9,100.0,348.2873341733879
2017-06-21,9,0,9,100.0,345.67003592410566
2017-06-22,9,0,9,100.0,342.564872969174
2017-06-23,9,0,9,100.0,337.9767003682034
2017-06-27,9,0,9,100.0,337.4184697707415
2017-06-28,9,0,9,100.0,335.58965957022747
2017-06-29,9,0,9,100.0,337.9107940062542
2017-06-30,9,0,9,100.0,345.7437940134945
2017-07-03,9,0,9,100.0,349.4752384730392
2017-07-04,9,0,9,100.0,349.50127354085225
2017-07-05,9,0,9,100.0,352.74790026644564
2017-07-06,9,0,9,100.0,351.6163932205062
2017-07-07,9,0,9,100.0,351.44547361878716
2017-07-10,9,0,9,100.0,351.1863850726106
2017-07-11,9,0,9,100.0,347.6263938582945
2017-07-12,9,0,9,100.0,349.7014748480127
2017-07-13,9,0,9,100.0,353.2812633643052
2017-07-14,9,0,9,100.0,351.1778164343252
2017-07-17,9,0,9,100.0,355.791893012372
2017-07-18,9,0,9,100.0,354.4844532981472
2017-07-19,9,0,9,100.0,356.61929143335504
2017-07-20,9,0,9,100.0,356.3877905160271
2017-07-21,9,0,9,100.0,359.7032324866396
2017-07-24,9,0,9,100.0,362.1575756378197
2017-07-25,9,0,9,100.0,364.6419662485688
2017-07-26,9,0,9,100.0,365.08208097314315
2017-07-27,9,0,9,100.0,364.772650248818
2017-07-28,9,0,9,100.0,365.0362049451201
2017-07-31,9,0,9,100.0,372.13155059568305
2017-08-01,9,0,9,100.0,371.3459863449183
2017-08-02,9,0,9,100.0,371.36676344409346
2017-08-03,9,0,9,100.0,374.09138153534684
2017-08-04,9,0,9,100.0,379.72532595474314
2017-08-07,9,0,9,100.0,382.73224375841437
2017-08-08,9,0,9,100.0,379.2824746499094
2017-08-09,9,0,9,100.0,375.3045427226528
2017-08-10,9,0,9,100.0,369.63244050872464
2017-08-11,9,0,9,100.0,370.3716094149562
2017-08-14,9,0,9,100.0,384.62474408512435
2017-08-16,9,0,9,100.0,386.3325118710093
2017-08-17,9,0,9,100.0,388.1563075518613
2017-08-18,9,0,9,100.0,386.8279472104529
2017-08-21,9,0,9,100.0,385.9731097494608
2017-08-22,9,0,9,100.0,383.0763150245904
2017-08-23,9,0,9,100.0,382.5467402477444
2017-08-24,9,0,9,100.0,386.60532684842485
2017-08-28,9,0,9,100.0,391.0634648114072
2017-08-29,9,0,9,100.0,386.147506770821
2017-08-30,9,0,9,100.0,391.9962496286369
2017-08-31,9,0,9,100.0,391.1298651402459
2017-09-01,9,0,9,100.0,391.9240289656536
2017-09-04,9,0,9,100.0,389.7979173735693
2017-09-05,9,0,9,100.0,393.7297418784276
2017-09-06,9,0,9,100.0,392.51902347326234
2017-09-07,9,0,9,100.0,392.7319659468628
2017-09-08,9,0,9,100.0,396.81435754693325
2017-09-11,9,0,9,100.0,400.28619129507996
2017-09-12,9,0,9,100.0,408.1067542575473
2017-09-13,9,0,9,100.0,406.78377252070055
2017-09-14,9,0,9,100.0,407.7175495894379
2017-09-15,9,0,9,100.0,407.0306084218045
2017-09-18,9,0,10,100.0,416.1313881544236
2017-09-19,9,0,10,100.0,416.6486516469609
2017-09-20,9,0,10,100.0,415.19043291371156
2017-09-21,9,0,10,100.0,412.0992048021692
2017-09-22,9,0,10,100.0,398.3678284068643
2017-09-25,9,0,10,100.0,396.90412927025636
2017-09-26,9,0,10,100.0,395.52001135695843
2017-09-27,9,0,10,100.0,391.28953090130045
2017-09-28,9,0,10,100.0,392.0679083739056
2017-09-29,9,0,10,100.0,397.86582190010745
2017-10-03,9,0,10,100.0,403.6512063948929
2017-10-04,9,0,10,100.0,408.16856607111396
2017-10-05,9,0,10,100.0,407.7809783134378
2017-10-06,9,0,10,100.0,415.28066865366793
2017-10-09,9,0,10,100.0,414.5583815339318
2017-10-10,9,0,10,100.0,419.41416556130423
2017-10-11,9,0,10,100.0,416.14858438012493
2017-10-12,9,0,10,100.0,419.46021015052173
2017-10-13,9,0,10,100.0,419.67942179418907
2017-10-16,9,0,10,100.0,420.33400216303403
2017-10-17,9,0,10,100.0,420.2282039375766
2017-10-18,9,0,10,100.0,421.56049225070734
2017-10-19,9,0,10,100.0,420.7757802446584
2017-10-23,9,0,10,100.0,422.2175977414012
2017-10-24,9,0,10,100.0,420.4064392550653
2017-10-25,9,0,10,100.0,415.0848026509359
2017-10-26,9,0,10,100.0,412.966266048769
2017-10-27,9,0,10,100.0,413.0488332143778
2017-10-30,9,0,10,100.0,421.7974989599859
2017-10-31,9,0,10,100.0,425.3171684725195
2017-11-01,9,0,10,100.0,422.4691583314275
2017-11-02,9,0,10,100.0,419.476073566079
2017-11-03,9,0,10,100.0,416.48232197331555
2017-11-06,9,0,10,100.0,426.74441033350706
2017-11-07,9,0,10,100.0,422.46234870611545
2017-11-08,9,0,10,100.0,421.3257750653153
2017-11-09,9,0,10,100.0,431.36417284986186
2017-11-10,9,0,10,100.0,431.2252573155102
2017-11-13,9,0,10,100.0,430.02536595999675
2017-11-14,9,0,10,100.0,432.51473591460393
2017-11-15,9,0,10,100.0,424.8095881040671
2017-11-16,9,0,10,100.0,428.68500295972717
2017-11-17,9,0,10,100.0,434.21003404071985
2017-11-20,9,0,10,100.0,441.19820477642406
2017-11-21,9,0,10,100.0,445.0130944837197
2017-11-22,9,0,10,100.0,442.97054099247737
2017-11-23,9,0,10,100.0,449.2533625107126
2017-11-24,9,0,10,100.0,455.8204883522916
2017-11-27,9,0,10,100.0,460.7177592795053
2017-11-28,9,0,10,100.0,456.67966340512424
2017-11-29,9,0,10,100.0,459.72466758952413
2017-11-30,9,0,10,100.0,461.3832567331177
2017-12-01,9,0,10,100.0,456.90241159370794
2017-12-04,9,0,10,100.0,455.43751343332667
2017-12-05,9,0,10,100.0,455.16025482765025
2017-12-06,9,0,10,100.0,453.1351452204186
2017-12-07,9,0,10,100.0,462.23262239962304
2017-12-08,9,0,10,100.0,466.06243397449106
2017-12-11,9,0,10,100.0,463.9444013904325
2017-12-12,9,0,10,100.0,459.74255659151896
2017-12-13,9,0,10,100.0,454.91919609067304
2017-12-14,9,0,10,100.0,451.4620114339973
2017-12-15,9,0,10,100.0,460.06612962976084
2017-12-18,9,0,10,100.0,464.8685449878844
2017-12-19,9,0,10,100.0,472.09509492155564
2017-12-20,9,0,10,100.0,477.7554282492379
2017-12-21,9,0,10,100.0,478.0221376985302
2017-12-22,9,0,10,100.0,479.4242346064852
2017-12-26,9,0,10,100.0,483.73939730233843
2017-12-27,9,0,10,100.0,481.14966825634696
2017-12-28,9,0,10,100.0,483.30520842453797
2017-12-29,9,0,10,100.0,490.76178182216523
2018-01-01,9,0,10,100.0,488.97734438169556
2018-01-02,9,0,10,100.0,486.2198075536698
2018-01-03,9,0,10,100.0,490.7164691120939
2018-01-04,9,0,10,100.0,495.47713974232374
2018-01-05,9,0,10,100.0,495.7101562140852
2018-01-08,9,0,10,100.0,495.2572708374937
2018-01-09,9,0,10,100.0,491.2697814996616
2018-01-10,9,0,10,100.0,487.93874948158634
2018-01-11,9,0,10,100.0,485.4295401312075
2018-01-12,9,0,10,100.0,482.5224873872694
2018-01-15,9,0,10,100.0,480.67974528858235
2018-01-16,9,0,10,100.0,473.5024699110705
2018-01-17,9,0,10,100.0,471.72747437803605
2018-01-18,9,0,10,100.0,474.46071133958236
2018-01-19,9,0,10,100.0,473.7706380653992
2018-01-22,9,0,10,100.0,477.6399224902087
2018-01-23,9,0,10,100.0,478.1196127113009
2018-01-24,9,0,10,100.0,470.4996458384585
2018-01-25,9,0,10,100.0,465.98210302295325
2018-01-29,8,1,10,88.88888888888889,466.92206661846905
2018-01-30,8,1,11,88.88888888888889,461.5255416369752
2018-01-31,8,1,11,88.88888888888889,457.01935834195825
2018-02-01,8,1,11,88.88888888888889,457.53754220852267
2018-02-02,8,1,11,88.88888888888889,439.24888974071223
2018-02-05,6,3,11,66.66666666666666,435.42123675721643
2018-02-06,7,2,11,77.77777777777779,425.33759008686775
2018-02-07,7,2,11,77.77777777777779,434.9234035867388
2018-02-08,8,1,11,88.88888888888889,438.05092309339574
2018-02-09,7,2,11,77.77777777777779,439.1320251689529
2018-02-12,7,2,11,77.77777777777779,437.90123753526683
2018-02-14,7,2,11,77.77777777777779,435.7132333422813
2018-02-15,6,3,11,66.66666666666666,429.7768895980285
2018-02-16,6,3,11,66.66666666666666,423.51111094709006
2018-02-19,6,3,11,66.66666666666666,421.48734669639634
2018-02-20,7,2,11,77.77777777777779,421.00697653156055
2018-02-21,7,2,11,77.77777777777779,420.95847169308314
2018-02-22,5,4,11,55.55555555555556,424.2026914981652
2018-02-23,6,3,11,66.66666666666666,425.66672897419664
2018-02-26,6,3,11,66.66666666666666,429.7778424476711
2018-02-27,6,3,11,66.66666666666666,428.9917316569852
2018-02-28,6,3,11,66.66666666666666,429.4216172651738
2018-03-01,6,3,11,66.66666666666666,431.26862951905656
2018-03-05,7,2,11,77.77777777777779,431.19002739662784
2018-03-06,6,3,11,66.66666666666666,430.9351286134902
2018-03-07,6,3,11,66.66666666666666,427.77669812111776
2018-03-08,6,3,11,66.66666666666666,427.8363246078513
2018-03-09,6,3,11,66.66666666666666,428.8806032927125
2018-03-12,7,2,11,77.77777777777779,431.90065340021704
2018-03-13,6,3,11,66.66666666666666,433.21846330609793
2018-03-14,6,3,11,66.66666666666666,433.58546111974647
2018-03-15,6,3,11,66.66666666666666,433.97545039063345
2018-03-16,6,3,11,66.66666666666666,430.1812353838493
2018-03-19,5,4,11,55.55555555555556,422.25625956442315
2018-03-20,5,4,11,55.55555555555556,420.6730045508983
2018-03-21,5,4,11,55.55555555555556,423.8366185168834
2018-03-22,6,3,11,66.66666666666666,421.9342587889133
2018-03-23,6,3,11,66.66666666666666,418.6960181085572
2018-03-26,6,3,11,66.66666666666666,423.34465407053506
2018-03-27,5,4,11,55.55555555555556,431.5834865707367
2018-03-28,6,3,11,66.66666666666666,437.62735930720254
2018-04-02,6,3,11,66.66666666666666,445.6275975711912
2018-04-03,6,3,11,66.66666666666666,444.5912366369077
2018-04-04,5,4,11,55.55555555555556,437.2901228490677
2018-04-05,7,2,11,77.77777777777779,450.2244115599873
2018-04-06,6,3,11,66.66666666666666,451.8210765997452
2018-04-09,7,2,11,77.77777777777779,457.1617299789591
2018-04-10,7,2,11,77.77777777777779,454.3939374922571
2018-04-11,7,2,11,77.77777777777779,456.22317846909465
2018-04-12,7,2,11,77.77777777777779,456.9069556858943
2018-04-13,6,3,11,66.66666666666666,456.8083428133475
2018-04-16,6,3,11,66.66666666666666,455.3954461045597
2018-04-17,6,3,11,66.66666666666666,452.99755852886597
2018-04-18,6,3,11,66.66666666666666,451.00150209665867
2018-04-19,6,3,11,66.66666666666666,449.72344440771826
2018-04-20,6,3,11,66.66666666666666,449.278762779277
2018-04-23,6,3,11,66.66666666666666,451.2009129627679
2018-04-24,6,3,11,66.66666666666666,449.66800659517776
2018-04-25,7,3,11,70.0,446.0099263186429
2018-04-26,7,3,11,70.0,445.3320183876045
2018-04-27,7,3,11,70.0,448.25941056633854
2018-04-30,8,2,11,80.0,452.9054263466313
2018-05-02,7,3,11,70.0,446.61553154513126
2018-05-03,8,2,11,80.0,439.3242766169731
2018-05-04,8,2,11,80.0,445.61637122134414
2018-05-07,8,2,11,80.0,451.5378338526151
2018-05-08,8,2,11,80.0,449.3212586962732
2018-05-09,8,2,11,80.0,448.9363461949098
2018-05-10,8,2,11,80.0,442.36413072494065
2018-05-11,7,3,11,70.0,443.36327292314184
2018-05-14,7,3,11,70.0,441.8177768693858
2018-05-15,6,4,11,60.0,437.78779370403225
2018-05-16,7,3,11,70.0,436.57376192654374
2018-05-17,7,3,11,70.0,440.7789182290469
2018-05-18,6,4,11,60.0,431.3562836873027
2018-05-21,6,4,11,60.0,422.92463988025173
2018-05-22,6,4,11,60.0,427.4321020949418
2018-05-23,6,4,11,60.0,423.8233791591466
2018-05-24,5,5,11,50.0,421.00302635347316
2018-05-25,5,5,11,50.0,422.6973437591329
2018-05-28,5,5,11,50.0,435.37335866310735
2018-05-29,5,5,11,50.0,433.5409631310107
2018-05-30,5,5,11,50.0,431.4486870132983
2018-05-31,4,6,11,40.0,423.32039199988947
2018-06-01,4,6,11,40.0,418.9719762852606
2018-06-04,4,6,11,40.0,412.97020964375787
2018-06-05,4,6,11,40.0,407.8601561534152
2018-06-06,4,6,11,40.0,410.0962878056751
2018-06-07,4,6,11,40.0,414.1269121395978
2018-06-08,4,6,11,40.0,416.0291760384562
2018-06-11,4,6,11,40.0,418.393773200411
2018-06-12,4,6,11,40.0,420.45513699688877
2018-06-13,4,6,11,40.0,418.93157870556024
2018-06-14,4,6,11,40.0,415.0815085183453
2018-06-15,4,6,11,40.0,411.1390556374507
2018-06-18,4,6,11,40.0,408.9420277109885
2018-06-19,4,6,11,40.0,404.7421795734623
2018-06-20,4,6,11,40.0,405.10443657569573
2018-06-21,4,6,11,40.0,403.44778558950134
2018-06-22,4,6,11,40.0,404.7451350584691
2018-06-25,4,6,11,40.0,400.6484901943768
2018-06-26,4,6,11,40.0,399.9561928176174
2018-06-27,4,6,11,40.0,397.492487332494
2018-06-28,3,7,11,30.0,390.1241905812274
2018-06-29,4,6,11,40.0,398.4522736066226
2018-07-02,4,6,11,40.0,394.47997405021374
2018-07-03,4,6,11,40.0,400.22303129591006
2018-07-04,4,6,11,40.0,399.9364157463331
2018-07-05,4,6,11,40.0,395.2402744944874
2018-07-06,3,7,11,30.0,398.43381508610594
2018-07-09,3,7,11,30.0,401.636154202191
2018-07-10,3,7,11,30.0,405.80787515354046
2018-07-11,3,7,11,30.0,405.437232145415
2018-07-12,3,7,11,30.0,408.75757060142695
2018-07-13,4,6,11,40.0,403.2685159134472
2018-07-16,3,7,11,30.0,396.8339325589136
2018-07-17,4,6,11,40.0,398.378012209794
2018-07-18,4,6,11,40.0,396.5155650447253
2018-07-19,4,6,11,40.0,394.54032645021454
2018-07-20,4,6,11,40.0,393.7897439010884
2018-07-23,5,5,11,50.0,405.41395085569445
2018-07-24,5,5,11,50.0,410.53722646114306
2018-07-25,4,6,11,40.0,409.5128757491475
2018-07-26,5,5,11,50.0,409.5398619876579
2018-07-27,5,5,11,50.0,414.60338114715773
2018-07-30,5,5,11,50.0,413.61141129260426
2018-07-31,5,5,11,50.0,416.7534580474096
2018-08-01,5,5,11,50.0,421.1655761549343
2018-08-02,5,5,11,50.0,420.1417669807281
2018-08-03,5,5,11,50.0,428.718817296408
2018-08-06,5,5,11,50.0,430.83092839517957
2018-08-07,5,5,11,50.0,427.7245592831707
2018-08-08,6,4,11,60.0,427.8554558990459
2018-08-09,6,4,11,60.0,425.68359038358307
2018-08-10,6,4,11,60.0,425.52233820173274
2018-08-13,6,4,11,60.0,423.31887093936353
2018-08-14,6,4,11,60.0,425.202791420404
2018-08-16,6,4,11,60.0,423.31589410968513
2018-08-17,6,4,11,60.0,425.72062737768226
2018-08-20,6,4,11,60.0,426.9740710843346
2018-08-21,6,4,11,60.0,430.25617600712616
2018-08-23,6,4,11,60.0,433.1188389394632
2018-08-24,6,4,11,60.0,432.6683165873667
2018-08-27,6,4,11,60.0,437.89787340589015
2018-08-28,6,4,11,60.0,439.3642683361471
2018-08-29,6,4,11,60.0,439.46933764636793
2018-08-30,6,4,11,60.0,437.5174099085855
2018-08-31,6,4,11,60.0,440.493993423301
2018-09-03,6,4,11,60.0,437.4939373714823
2018-09-04,5,5,11,50.0,424.50701288557474
2018-09-05,3,8,11,27.27272727272727,417.8315176716855
2018-09-06,4,7,11,36.36363636363637,417.00318404354863
2018-09-07,4,7,11,36.36363636363637,420.2730183399417
2018-09-10,3,8,11,27.27272727272727,412.07766888900085
2018-09-11,3,8,11,27.27272727272727,405.1054228583966
2018-09-12,3,8,11,27.27272727272727,405.6388009857514
2018-09-14,4,7,11,36.36363636363637,411.8936510591243
2018-09-17,4,7,11,36.36363636363637,406.1841722391244
2018-09-18,3,8,11,27.27272727272727,402.48424012323784
2018-09-19,2,9,11,18.181818181818183,405.0089932673482
2018-09-21,2,9,11,18.181818181818183,397.8045243612317
2018-09-24,2,9,11,18.181818181818183,390.9309119742363
2018-09-25,2,9,11,18.181818181818183,387.94285889100064
2018-09-26,2,9,11,18.181818181818183,387.91483678832986
2018-09-27,2,9,11,18.181818181818183,381.6697721125635
2018-09-28,2,9,11,18.181818181818183,373.9299794639185
2018-10-01,2,9,11,18.181818181818183,368.77281835928585
2018-10-03,2,9,11,18.181818181818183,369.59707551930944
2018-10-04,2,9,11,18.181818181818183,361.367736405774
2018-10-05,2,9,11,18.181818181818183,359.91266583204407
2018-10-08,2,9,11,18.181818181818183,351.9282579152228
2018-10-09,1,10,11,9.090909090909092,347.5868918481677
2018-10-10,2,9,11,18.181818181818183,362.4665325911417
2018-10-11,2,9,11,18.181818181818183,354.005391455931
2018-10-12,2,9,11,18.181818181818183,368.5659202500361
2018-10-15,2,9,11,18.181818181818183,366.9082018504685
2018-10-16,2,9,11,18.181818181818183,372.22501714424254
2018-10-17,2,9,11,18.181818181818183,364.62585863447646
2018-10-19,2,9,11,18.181818181818183,360.903485428659
2018-10-22,2,9,11,18.181818181818183,354.35047728217114
2018-10-23,2,9,11,18.181818181818183,349.4518962437538
2018-10-24,2,9,11,18.181818181818183,352.7714122268014
2018-10-25,2,9,11,18.181818181818183,352.6009759220034
2018-10-26,2,9,11,18.181818181818183,350.9117396196002
2018-10-29,2,9,11,18.181818181818183,357.52485848548855
2018-10-30,2,9,11,18.181818181818183,360.3777119824389
2018-10-31,2,9,11,18.181818181818183,367.46000986877675
2018-11-01,2,9,11,18.181818181818183,369.79717193338615
2018-11-02,2,9,11,18.181818181818183,372.0901541640257
2018-11-05,2,9,11,18.181818181818183,372.16970201470684
2018-11-06,2,9,11,18.181818181818183,370.9483953439184
2018-11-07,2,9,11,18.181818181818183,372.53028750300484
2018-11-09,2,9,11,18.181818181818183,376.62076850898916
2018-11-12,3,8,11,27.27272727272727,375.99282215638544
2018-11-13,3,8,11,27.27272727272727,376.0955532547018
2018-11-14,3,8,11,27.27272727272727,375.4372077362481
2018-11-15,3,8,11,27.27272727272727,379.2246825856294
2018-11-16,3,8,11,27.27272727272727,378.4080372276755
2018-11-19,3,8,11,27.27272727272727,383.4420687106046
2018-11-20,3,8,11,27.27272727272727,377.7682742364603
2018-11-21,3,8,11,27.27272727272727,377.621885968476
2018-11-22,3,8,11,27.27272727272727,375.71305498139645
2018-11-26,3,8,11,27.27272727272727,377.4645487071767
2018-11-27,3,8,11,27.27272727272727,376.5532103111719
2018-11-28,3,8,11,27.27272727272727,378.0528396233372
2018-11-29,3,8,11,27.27272727272727,383.6657205811149
2018-11-30,3,8,11,27.27272727272727,388.6457771440323
2018-12-03,3,8,11,27.27272727272727,390.6262544102479
2018-12-04,3,8,11,27.27272727272727,387.9162075047938
2018-12-05,3,8,11,27.27272727272727,384.6445268799914
2018-12-06,3,8,11,27.27272727272727,376.6061778035573
2018-12-07,3,8,11,27.27272727272727,376.8466596472021
2018-12-10,3,8,11,27.27272727272727,369.3139072186943
2018-12-11,3,8,11,27.27272727272727,378.5633217716824
2018-12-12,3,8,11,27.27272727272727,384.4658152570756
2018-12-13,4,7,11,36.36363636363637,386.65353787005523
2018-12-14,4,7,11,36.36363636363637,393.4670298322721
2018-12-17,3,8,11,27.27272727272727,393.2645671779499
2018-12-18,4,7,11,36.36363636363637,395.2310121068523
2018-12-19,5,6,11,45.45454545454545,401.37024308927255
2018-12-20,5,6,11,45.45454545454545,401.2745162828329
2018-12-21,5,6,11,45.45454545454545,397.0159886042969
2018-12-24,3,8,11,27.27272727272727,389.7885157218233
2018-12-26,4,7,11,36.36363636363637,388.16320342072373
2018-12-27,4,7,11,36.36363636363637,390.6038484093483
2018-12-28,4,7,11,36.36363636363637,393.5445408252594
2018-12-31,5,6,11,45.45454545454545,394.055623600405
2019-01-01,5,6,11,45.45454545454545,395.60172675396797
2019-01-02,5,6,11,45.45454545454545,391.0933846128735
2019-01-03,5,6,11,45.45454545454545,397.9329031785851
2019-01-04,4,7,11,36.36363636363637,400.7984712165509
2019-01-07,4,7,11,36.36363636363637,403.1290018705582
2019-01-08,5,6,11,45.45454545454545,398.66827258956414
2019-01-09,5,6,11,45.45454545454545,403.37811977892113
2019-01-10,5,6,11,45.45454545454545,407.0020206985596
2019-01-11,5,6,11,45.45454545454545,404.1175650204268
2019-01-14,5,6,11,45.45454545454545,402.38374220935117
2019-01-15,4,7,11,36.36363636363637,403.99507389639695
2019-01-16,5,6,11,45.45454545454545,403.76178484689547
2019-01-17,5,6,11,45.45454545454545,401.3037344434924
2019-01-18,5,6,11,45.45454545454545,401.6238263940612
2019-01-21,4,7,11,36.36363636363637,399.96165034509283
2019-01-22,4,7,11,36.36363636363637,401.7897831915952
2019-01-23,4,7,11,36.36363636363637,400.6474931433935
2019-01-24,4,7,11,36.36363636363637,400.6659319681151
2019-01-25,4,7,11,36.36363636363637,396.78569370637996
2019-01-28,4,7,11,36.36363636363637,391.24680386348183
2019-01-29,4,7,11,36.36363636363637,387.96356427516787
2019-01-30,4,7,11,36.36363636363637,389.7183674499232
2019-01-31,4,7,11,36.36363636363637,391.7359003255692
2019-02-01,5,6,11,45.45454545454545,395.8408722316941
2019-02-04,5,6,11,45.45454545454545,392.1799493808517
2019-02-05,4,7,11,36.36363636363637,389.77084484596867
2019-02-06,4,7,11,36.36363636363637,388.994772909953
2019-02-07,4,7,11,36.36363636363637,390.63505825206386
2019-02-08,4,7,11,36.36363636363637,387.0664038194543
2019-02-11,4,7,11,36.36363636363637,383.604393411769
2019-02-12,4,7,11,36.36363636363637,379.6603353013313
2019-02-13,4,7,11,36.36363636363637,378.7550797845877
2019-02-14,4,7,11,36.36363636363637,379.06545453060744
2019-02-15,4,7,11,36.36363636363637,374.4434432534174
2019-02-18,4,7,11,36.36363636363637,370.9091122282603
2019-02-19,4,7,11,36.36363636363637,370.06097022846063
2019-02-20,4,7,11,36.36363636363637,377.84362338357147
2019-02-21,4,7,11,36.36363636363637,383.40644573182016
2019-02-22,4,7,11,36.36363636363637,383.5301963431952
2019-02-25,4,7,11,36.36363636363637,384.7603718473404
2019-02-26,4,7,11,36.36363636363637,382.3805240616966
2019-02-27,4,7,11,36.36363636363637,382.4382819281788
2019-02-28,5,6,11,45.45454545454545,393.2324136597515
2019-03-01,5,6,11,45.45454545454545,395.0650255926325
2019-03-05,7,4,11,63.63636363636363,406.5540860493285
2019-03-06,7,4,11,63.63636363636363,408.60773024411037
2019-03-07,7,4,11,63.63636363636363,410.381741772435
2019-03-08,7,4,11,63.63636363636363,410.71275752420684
2019-03-11,9,2,11,81.81818181818183,419.07774829544667
2019-03-12,9,2,11,81.81818181818183,426.6618856911175
2019-03-13,9,2,11,81.81818181818183,424.67779986861206
2019-03-14,9,2,11,81.81818181818183,426.6807859468355
2019-03-15,9,2,11,81.81818181818183,423.61384291744326
2019-03-18,8,3,11,72.72727272727273,423.2281028572064
2019-03-19,8,3,11,72.72727272727273,425.0886892779298
2019-03-20,9,2,11,81.81818181818183,423.0594561270003
2019-03-22,8,3,11,72.72727272727273,425.75647269127313
2019-03-25,7,4,11,63.63636363636363,419.8321320693708
2019-03-26,7,4,11,63.63636363636363,421.6030095798424
2019-03-27,7,4,11,63.63636363636363,419.90222712840836
2019-03-28,7,4,11,63.63636363636363,425.83427917057674
2019-03-29,8,3,11,72.72727272727273,429.72373369003344
2019-04-01,8,3,11,72.72727272727273,431.7828766245724
2019-04-02,8,3,11,72.72727272727273,430.2972839808633
2019-04-03,7,4,11,63.63636363636363,429.14397036686165
2019-04-04,7,4,11,63.63636363636363,428.5848916093673
2019-04-05,7,4,11,63.63636363636363,428.14850964933055
2019-04-08,7,4,11,63.63636363636363,426.31651573868277
2019-04-09,7,4,11,63.63636363636363,423.96733075226143
2019-04-10,8,3,11,72.72727272727273,424.7921409925584
2019-04-11,7,4,11,63.63636363636363,424.8842955771647
2019-04-12,8,3,11,72.72727272727273,426.913745374749
2019-04-15,7,4,11,63.63636363636363,427.3090420475934
2019-04-16,7,4,11,63.63636363636363,428.78254644132323
2019-04-18,7,4,11,63.63636363636363,426.75198368104714
2019-04-22,7,4,11,63.63636363636363,423.8394709563298
2019-04-23,7,4,11,63.63636363636363,425.62264240861157
2019-04-24,7,4,11,63.63636363636363,425.95210181803117
2019-04-25,7,4,11,63.63636363636363,425.1344041475752
2019-04-26,7,4,11,63.63636363636363,421.80692302781733
2019-04-30,7,4,11,63.63636363636363,420.7875215896755
2019-05-02,7,4,11,63.63636363636363,423.94936897609955
2019-05-03,7,4,11,63.63636363636363,423.3890684675127
2019-05-06,7,4,11,63.63636363636363,414.3926623591317
2019-05-07,6,5,11,54.54545454545454,412.62868074859966
2019-05-08,7,4,11,63.63636363636363,409.0609672945656
2019-05-09,7,4,11,63.63636363636363,408.452975941973
2019-05-10,6,5,11,54.54545454545454,410.4710765717293
2019-05-13,6,5,11,54.54545454545454,403.611520386204
2019-05-14,6,5,11,54.54545454545454,404.9158128368633
2019-05-15,5,6,11,45.45454545454545,405.59416498862635
2019-05-16,5,6,11,45.45454545454545,409.6197219787835
2019-05-17,6,5,11,54.54545454545454,414.0102651271297
2019-05-20,8,3,11,72.72727272727273,421.71018345379423
2019-05-21,6,5,11,54.54545454545454,421.10891510577363
2019-05-22,6,5,11,54.54545454545454,419.5901260048859
2019-05-23,6,5,11,54.54545454545454,417.63581191111416
2019-05-24,8,3,11,72.72727272727273,420.898349906562
2019-05-27,8,3,11,72.72727272727273,432.10013287837893
2019-05-28,8,3,11,72.72727272727273,435.4485090930205
2019-05-29,8,3,11,72.72727272727273,434.42018478861655
2019-05-30,9,2,11,81.81818181818183,434.21913405045916
2019-05-31,9,2,11,81.81818181818183,435.4772861142267
2019-06-03,9,2,11,81.81818181818183,440.19337996646584
2019-06-04,9,2,11,81.81818181818183,441.39829798467866
2019-06-06,9,2,11,81.81818181818183,438.7466321108721
2019-06-07,9,2,11,81.81818181818183,437.2983531252493
2019-06-10,9,2,11,81.81818181818183,439.0531345172196
2019-06-11,8,3,11,72.72727272727273,439.29379589289476
2019-06-12,8,3,11,72.72727272727273,435.7140818805121
2019-06-13,8,3,11,72.72727272727273,434.6332821936909
2019-06-14,8,3,11,72.72727272727273,431.2096628620918
2019-06-17,8,3,11,72.72727272727273,421.51379954667203
2019-06-18,8,3,11,72.72727272727273,417.5368675007311
2019-06-19,8,3,11,72.72727272727273,416.441771157816
2019-06-20,8,3,11,72.72727272727273,421.3791402549139
2019-06-21,8,3,11,72.72727272727273,422.2613794547199
2019-06-24,8,3,11,72.72727272727273,428.2360949131446
2019-06-25,8,3,11,72.72727272727273,425.86929928417806
2019-06-26,8,3,11,72.72727272727273,429.1208755376797
2019-06-27,8,3,11,72.72727272727273,432.61650019251647
2019-06-28,8,3,11,72.72727272727273,431.5712959053529
2019-07-01,8,3,11,72.72727272727273,431.9138016928145
2019-07-02,9,2,11,81.81818181818183,437.3348259537487
2019-07-03,9,2,11,81.81818181818183,436.620218278103
2019-07-04,9,2,11,81.81818181818183,434.13796686298224
2019-07-05,9,2,11,81.81818181818183,427.7625814263047
2019-07-08,8,3,11,72.72727272727273,420.7176097165263
2019-07-09,8,3,11,72.72727272727273,410.7715138456713
2019-07-10,10,1,11,90.9090909090909,409.58706073190353
2019-07-11,10,1,11,90.9090909090909,411.94406842390225
2019-07-12,9,2,11,81.81818181818183,410.52562510865414
2019-07-15,8,3,11,72.72727272727273,406.43626920787665
2019-07-16,8,3,11,72.72727272727273,412.6601492811383
2019-07-17,9,2,11,81.81818181818183,411.00886829359683
2019-07-18,9,2,11,81.81818181818183,406.6548093411367
2019-07-19,9,2,11,81.81818181818183,403.23596844964794
2019-07-22,7,4,11,63.63636363636363,400.31851731293193
2019-07-23,7,4,11,63.63636363636363,399.0375544570046
2019-07-24,6,5,11,54.54545454545454,392.9788899153028
2019-07-25,6,5,11,54.54545454545454,398.3891672744714
2019-07-26,6,5,11,54.54545454545454,400.48152065724685
2019-07-29,6,5,11,54.54545454545454,392.76830848860817
2019-07-30,5,6,11,45.45454545454545,385.5578473872302
2019-07-31,6,5,11,54.54545454545454,387.6965509830966
2019-08-01,6,5,11,54.54545454545454,384.382568138053
2019-08-02,6,5,11,54.54545454545454,391.63310491905867
2019-08-05,5,6,11,45.45454545454545,383.4235531836318
2019-08-06,5,6,11,45.45454545454545,390.3288274547501
2019-08-07,5,6,11,45.45454545454545,388.7985187451068
2019-08-08,5,6,11,45.45454545454545,391.5354202456966
2019-08-09,6,5,11,54.54545454545454,395.0994015859513
2019-08-13,7,4,11,63.63636363636363,395.2852812144954
2019-08-14,7,4,11,63.63636363636363,404.3162791846205
2019-08-16,8,3,11,72.72727272727273,404.8448936748743
2019-08-19,8,3,11,72.72727272727273,407.4573314615492
2019-08-20,7,4,11,63.63636363636363,404.2134956570499
2019-08-21,6,5,11,54.54545454545454,399.65824848643615
2019-08-22,7,4,11,63.63636363636363,398.41183164053064
2019-08-23,8,3,11,72.72727272727273,400.153226557745
2019-08-26,8,3,11,72.72727272727273,408.5533968576772
2019-08-27,8,3,11,72.72727272727273,415.11514636086594
2019-08-28,8,3,11,72.72727272727273,417.6314705609803
2019-08-29,8,3,11,72.72727272727273,413.8914037769835
2019-08-30,8,3,11,72.72727272727273,417.18946377974487
2019-09-03,7,4,11,63.63636363636363,411.0017927211929
2019-09-04,7,4,11,63.63636363636363,408.42242163846805
2019-09-05,6,5,11,54.54545454545454,412.7380941453681
2019-09-06,7,4,11,63.63636363636363,419.66201810849964
2019-09-09,8,3,11,72.72727272727273,425.35326399640985
2019-09-11,8,3,11,72.72727272727273,427.58004359224174
2019-09-12,8,3,11,72.72727272727273,425.75953183110886
2019-09-13,8,3,11,72.72727272727273,428.79699466951206
2019-09-16,8,3,11,72.72727272727273,430.94904310403734
2019-09-17,8,3,11,72.72727272727273,425.98717405062365
2019-09-18,8,3,11,72.72727272727273,428.4942196973007
2019-09-19,8,3,11,72.72727272727273,425.3331858478797
2019-09-20,10,1,11,90.9090909090909,456.53680363852817
2019-09-23,10,1,11,90.9090909090909,474.3876407244023
2019-09-24,10,1,11,90.9090909090909,472.12505005219623
2019-09-25,10,1,11,90.9090909090909,462.3380523689244
2019-09-26,10,1,11,90.9090909090909,467.1984177314356
2019-09-27,9,2,11,81.81818181818183,467.61543918615047
2019-10-01,9,2,11,81.81818181818183,467.61543918615047
2019-10-03,9,2,11,81.81818181818183,464.93138608548577
2019-10-04,9,2,11,81.81818181818183,462.3741547773619
2019-10-07,9,2,11,81.81818181818183,464.4788944304859
2019-10-09,9,2,11,81.81818181818183,469.6050496109761
2019-10-10,9,2,11,81.81818181818183,469.04204565933503
2019-10-11,9,2,11,81.81818181818183,471.43597456397026
2019-10-14,9,2,11,81.81818181818183,470.96034229757765
2019-10-15,9,2,11,81.81818181818183,467.0394883574611
2019-10-16,9,2,11,81.81818181818183,463.65270413445376
2019-10-17,9,2,11,81.81818181818183,469.1614515168725
2019-10-18,9,2,11,81.81818181818183,472.57693343125686
2019-10-22,9,2,11,81.81818181818183,479.21274760202976
2019-10-23,9,2,11,81.81818181818183,480.47682665430244
2019-10-24,8,3,11,72.72727272727273,481.33127002721324
2019-10-25,9,2,11,81.81818181818183,479.8816339801497
2019-10-27,9,2,11,81.81818181818183,482.6621801844201
2019-10-29,9,2,11,81.81818181818183,483.0799417953344
2019-10-30,8,3,11,72.72727272727273,482.30450199959273
2019-10-31,9,2,11,81.81818181818183,486.0896129848829
2019-11-01,9,2,11,81.81818181818183,481.24323582364326
2019-11-04,9,2,11,81.81818181818183,480.3895413303862
2019-11-05,8,3,11,72.72727272727273,473.0691465964819
2019-11-06,8,3,11,72.72727272727273,463.49395460390514
2019-11-07,8,3,11,72.72727272727273,466.5213145799238
2019-11-08,8,3,11,72.72727272727273,465.68706333267767
2019-11-11,8,3,11,72.72727272727273,472.2598723886983
2019-11-13,8,3,11,72.72727272727273,469.59493038415826
2019-11-14,8,3,11,72.72727272727273,476.7923523313593
2019-11-15,8,3,11,72.72727272727273,475.4015005383329
2019-11-18,8,3,11,72.72727272727273,476.03053369539555
2019-11-19,8,3,11,72.72727272727273,473.91106560076076
2019-11-20,8,3,11,72.72727272727273,470.8354578525637
2019-11-21,7,4,11,63.63636363636363,464.2853243329501
2019-11-22,7,4,11,63.63636363636363,464.7248214771962
2019-11-25,8,3,11,72.72727272727273,468.013798271805
2019-11-26,8,3,11,72.72727272727273,462.6053095919258
2019-11-27,8,3,11,72.72727272727273,465.76222953798566
2019-11-28,8,3,11,72.72727272727273,468.3382358336053
2019-11-29,8,3,11,72.72727272727273,468.4612341925349
2019-12-02,7,4,11,63.63636363636363,465.60558812690573
2019-12-03,8,3,11,72.72727272727273,467.9317347346431
2019-12-04,8,3,11,72.72727272727273,475.687399535116
2019-12-05,8,3,11,72.72727272727273,478.13049078323735
2019-12-06,8,3,11,72.72727272727273,473.24917075950765
2019-12-09,8,3,11,72.72727272727273,472.4640873591824
2019-12-10,8,3,11,72.72727272727273,468.84674361514794
2019-12-11,8,3,11,72.72727272727273,476.7136727262142
2019-12-12,8,3,11,72.72727272727273,476.8806773750157
2019-12-13,8,3,11,72.72727272727273,477.7783847356181
2019-12-16,8,3,11,72.72727272727273,474.10697030230267
2019-12-17,7,4,11,63.63636363636363,470.2458257378056
2019-12-18,7,4,11,63.63636363636363,472.9291156184131
2019-12-19,7,4,11,63.63636363636363,473.906232890635
2019-12-20,8,3,11,72.72727272727273,475.13064006052315
2019-12-23,8,3,11,72.72727272727273,476.126034383537
2019-12-24,8,3,11,72.72727272727273,479.4495168024536
2019-12-26,8,3,11,72.72727272727273,491.79059415209963
2019-12-27,9,2,11,81.81818181818183,500.58762804739524
2019-12-30,9,2,11,81.81818181818183,508.74252155583514
2019-12-31,9,2,11,81.81818181818183,505.02963906022813
2020-01-01,8,3,11,72.72727272727273,503.37153579665585
2020-01-02,8,3,11,72.72727272727273,504.7527301543618
2020-01-03,8,3,11,72.72727272727273,506.5822164589134
2020-01-06,8,3,11,72.72727272727273,498.7131087983463
2020-01-07,8,3,11,72.72727272727273,505.84669091188965
2020-01-08,8,3,11,72.72727272727273,505.31562928741096
2020-01-09,9,2,11,81.81818181818183,517.2033751366293
2020-01-10,9,2,11,81.81818181818183,522.5680850612465
2020-01-13,8,3,11,72.72727272727273,526.1975050284354
2020-01-14,9,2,11,81.81818181818183,528.5209855289762
2020-01-15,10,1,11,90.9090909090909,536.5520129095609
2020-01-16,10,1,11,90.9090909090909,541.1131084542122
2020-01-17,10,1,11,90.9090909090909,545.4817615011002
2020-01-20,10,1,11,90.9090909090909,545.9021803739718
2020-01-21,10,1,11,90.9090909090909,544.8349829028024
2020-01-22,10,1,11,90.9090909090909,540.6237563186335
2020-01-23,10,1,11,90.9090909090909,544.8651221720852
2020-01-24,10,1,11,90.9090909090909,548.7389614192574
2020-01-27,10,1,11,90.9090909090909,552.9314757762622
2020-01-28,10,1,11,90.9090909090909,553.9231753328074
2020-01-29,10,1,11,90.9090909090909,556.1920914131566
2020-01-30,10,1,11,90.9090909090909,553.726632577433
2020-01-31,10,1,11,90.9090909090909,557.5299773900306
2020-02-01,9,2,11,81.81818181818183,544.3834305088459
2020-02-03,10,1,11,90.9090909090909,549.7454876788983
2020-02-04,10,1,11,90.9090909090909,560.3277148886181
2020-02-05,10,1,11,90.9090909090909,559.395444012003
2020-02-06,10,1,11,90.9090909090909,557.1078390262107
2020-02-07,10,1,11,90.9090909090909,560.3149884251212
2020-02-10,9,2,11,81.81818181818183,552.6383982664291
2020-02-11,9,2,11,81.81818181818183,547.0427020089083
2020-02-12,10,1,11,90.9090909090909,551.1612331911944
2020-02-13,9,2,11,81.81818181818183,551.8707371498388
2020-02-14,9,2,11,81.81818181818183,548.818977775374
2020-02-17,9,2,11,81.81818181818183,549.090393735019
2020-02-18,9,2,11,81.81818181818183,551.1257614203462
2020-02-19,9,2,11,81.81818181818183,560.0847207898819
2020-02-20,10,1,11,90.9090909090909,561.7791932086033
2020-02-24,10,1,11,90.9090909090909,554.0310661029664
2020-02-25,10,1,11,90.9090909090909,557.4264186473271
2020-02-26,10,1,11,90.9090909090909,552.4094555575028
2020-02-27,9,2,11,81.81818181818183,544.314375481064
2020-02-28,9,2,11,81.81818181818183,529.4450250675533
2020-03-02,10,1,11,90.9090909090909,530.3992488227984
2020-03-03,10,1,11,90.9090909090909,533.5492635587241
2020-03-04,9,2,11,81.81818181818183,522.2944398183182
2020-03-05,10,1,11,90.9090909090909,528.237074335363
2020-03-06,9,2,11,81.81818181818183,524.48242669742
2020-03-09,7,4,11,63.63636363636363,508.5920706009482
2020-03-11,4,7,11,36.36363636363637,504.92896955391683
2020-03-12,3,8,11,27.27272727272727,474.49375183911667
2020-03-13,4,7,11,36.36363636363637,483.78412169835946
2020-03-16,3,8,11,27.27272727272727,454.3620827510427
2020-03-17,3,8,11,27.27272727272727,447.82180053266495
2020-03-18,2,9,11,18.181818181818183,424.04267798475894
2020-03-19,2,9,11,18.181818181818183,402.65652781439616
2020-03-20,3,8,11,27.27272727272727,417.2012910816667
2020-03-23,2,9,11,18.181818181818183,368.92754265707225
2020-03-24,2,9,11,18.181818181818183,365.4321953325599
2020-03-25,2,9,11,18.181818181818183,375.96210400066315
2020-03-26,2,9,11,18.181818181818183,386.9759214452345
2020-03-27,2,9,11,18.181818181818183,383.7277092726716
2020-03-30,2,9,11,18.181818181818183,369.03679167053025
2020-03-31,2,9,11,18.181818181818183,383.3097031226906
2020-04-01,2,9,11,18.181818181818183,380.5815540799353
2020-04-03,2,9,11,18.181818181818183,374.8862550540662
2020-04-07,2,9,11,18.181818181818183,389.7133241241006
2020-04-08,2,9,11,18.181818181818183,390.9147252185525
2020-04-09,1,10,11,9.090909090909092,402.93743807416035
2020-04-13,1,10,11,9.090909090909092,394.0364956332249
2020-04-15,2,9,11,18.181818181818183,401.593470384651
2020-04-16,2,9,11,18.181818181818183,408.97707229699245
2020-04-17,2,9,11,18.181818181818183,418.0762327284866
2020-04-20,2,9,11,18.181818181818183,419.00213973412053
2020-04-21,2,9,11,18.181818181818183,410.4152276097718
2020-04-22,2,9,11,18.181818181818183,414.04748705622933
2020-04-23,2,9,11,18.181818181818183,415.6753297775996
2020-04-24,2,9,11,18.181818181818183,407.8206444725315
2020-04-27,2,9,11,18.181818181818183,409.3253335001361
2020-04-28,2,9,11,18.181818181818183,411.62807949473404
2020-04-29,2,9,11,18.181818181818183,416.4410574043201
2020-04-30,2,9,11,18.181818181818183,429.4414069674337
2020-05-04,2,9,11,18.181818181818183,410.32053389033865
2020-05-05,1,10,11,9.090909090909092,403.29256514236687
2020-05-06,2,9,11,18.181818181818183,405.0684732905983
2020-05-07,2,9,11,18.181818181818183,398.88840389134674
2020-05-08,2,9,11,18.181818181818183,393.75903691300044
2020-05-11,1,10,11,9.090909090909092,395.3011206545391
2020-05-12,1,10,11,9.090909090909092,393.43231762416764
2020-05-13,2,9,11,18.181818181818183,402.92214112264224
2020-05-14,2,9,11,18.181818181818183,397.39212435878284
2020-05-15,2,9,11,18.181818181818183,397.09852476670545
2020-05-18,1,10,11,9.090909090909092,382.6915551633746
2020-05-19,2,9,11,18.181818181818183,384.4226415061403
2020-05-20,2,9,11,18.181818181818183,392.38868801078956
2020-05-21,2,9,11,18.181818181818183,392.6394196292162
2020-05-22,2,9,11,18.181818181818183,389.04757697945695
2020-05-26,2,9,11,18.181818181818183,395.0146278367274
2020-05-27,2,9,11,18.181818181818183,399.7152020008407
2020-05-28,2,9,11,18.181818181818183,408.8523420913826
2020-05-29,2,9,11,18.181818181818183,414.2554112893203
2020-06-01,2,9,11,18.181818181818183,438.64165102309363
2020-06-02,2,9,11,18.181818181818183,453.1090696597321
2020-06-03,3,8,11,27.27272727272727,460.10269939678176
2020-06-04,2,9,11,18.181818181818183,456.80164416749835
2020-06-05,3,8,11,27.27272727272727,464.1954816909892
2020-06-08,2,9,11,18.181818181818183,462.20670634681073
2020-06-09,2,9,11,18.181818181818183,453.8448916454489
2020-06-10,2,9,11,18.181818181818183,456.2333951959278
2020-06-11,2,9,11,18.181818181818183,447.56432660301175
2020-06-12,2,9,11,18.181818181818183,447.3983973079858
2020-06-15,2,9,11,18.181818181818183,443.7091866626356
2020-06-16,2,9,11,18.181818181818183,447.54681030635084
2020-06-17,2,9,11,18.181818181818183,447.4444013175594
2020-06-18,3,8,11,27.27272727272727,455.64168783705793
2020-06-19,3,8,11,27.27272727272727,465.03689584750794
2020-06-22,3,8,11,27.27272727272727,470.6693679117164
2020-06-23,3,8,11,27.27272727272727,477.29242830734756
2020-06-24,2,9,11,18.181818181818183,468.02530406735565
2020-06-25,2,9,11,18.181818181818183,469.99767160032775
2020-06-26,3,8,11,27.27272727272727,470.03173227219196
2020-06-29,2,9,11,18.181818181818183,461.04403262851025
2020-06-30,2,9,11,18.181818181818183,464.08470036813804
2020-07-01,2,9,11,18.181818181818183,462.3491428388928
2020-07-02,2,9,11,18.181818181818183,468.72655745425095
2020-07-03,3,8,11,27.27272727272727,471.4130887229504
2020-07-06,4,7,11,36.36363636363637,477.4252098919124
2020-07-07,3,8,11,27.27272727272727,475.0648470243875
2020-07-08,3,8,11,27.27272727272727,472.7373861790964
2020-07-09,4,7,11,36.36363636363637,475.85480574322816
2020-07-10,3,8,11,27.27272727272727,470.5886096695454
2020-07-13,4,7,11,36.36363636363637,472.6600649111718
2020-07-14,4,7,11,36.36363636363637,467.4009650247349
2020-07-15,3,8,11,27.27272727272727,467.3181713483154
2020-07-16,3,8,11,27.27272727272727,466.0175356318298
2020-07-17,4,7,11,36.36363636363637,473.78555346200955
2020-07-20,5,6,11,45.45454545454545,481.17931243243765
2020-07-21,4,7,11,36.36363636363637,484.79964569637116
2020-07-22,4,7,11,36.36363636363637,486.4219177570793
2020-07-23,5,6,11,45.45454545454545,492.19000881816476
2020-07-24,5,6,11,45.45454545454545,489.7365827089874
2020-07-27,4,7,11,36.36363636363637,484.2916760584318
2020-07-28,4,7,11,36.36363636363637,480.6576464440569
2020-07-29,3,8,11,27.27272727272727,478.6533412243734
2020-07-30,3,8,11,27.27272727272727,477.01867536805275
2020-07-31,3,8,11,27.27272727272727,484.6552433195574
2020-08-03,2,9,11,18.181818181818183,499.60173718870664
2020-08-04,5,6,11,45.45454545454545,505.6783174584531
2020-08-05,6,5,11,54.54545454545454,513.6684242967073
2020-08-06,6,5,11,54.54545454545454,512.8688849249432
2020-08-07,6,5,11,54.54545454545454,512.3728922281239
2020-08-10,6,5,11,54.54545454545454,509.87605376342736
2020-08-11,5,6,11,45.45454545454545,508.41972056815735
2020-08-12,5,6,11,45.45454545454545,502.04079113391
2020-08-13,6,5,11,54.54545454545454,506.3602517612455
2020-08-14,7,4,11,63.63636363636363,510.5341249280852
2020-08-17,7,4,11,63.63636363636363,516.9813637886293
2020-08-18,7,4,11,63.63636363636363,528.7775561033894
2020-08-19,7,4,11,63.63636363636363,533.2278706094053
2020-08-20,8,3,11,72.72727272727273,536.9741462885494
2020-08-21,9,2,11,81.81818181818183,539.5426282329032
2020-08-24,9,2,11,81.81818181818183,548.6292637031863
2020-08-25,9,2,11,81.81818181818183,550.4400541045167
2020-08-26,9,2,11,81.81818181818183,552.6915022851186
2020-08-27,10,1,11,90.9090909090909,560.566543744298
2020-08-28,10,1,11,90.9090909090909,554.6249026742154
2020-08-31,8,3,11,72.72727272727273,535.2905560701655
2020-09-01,7,4,11,63.63636363636363,537.1237364346093
2020-09-02,7,4,11,63.63636363636363,540.9397429477652
2020-09-03,10,1,11,90.9090909090909,552.2919541515828
2020-09-04,9,2,11,81.81818181818183,549.7191508383826
2020-09-07,9,2,11,81.81818181818183,552.7486953359758
2020-09-08,8,3,11,72.72727272727273,555.0289506616864
2020-09-09,7,4,11,63.63636363636363,553.2939484427656
2020-09-10,8,3,11,72.72727272727273,558.4335289239411
2020-09-11,9,2,11,81.81818181818183,562.6156403308311
2020-09-14,10,1,11,90.9090909090909,595.4105223567386
2020-09-15,10,1,11,90.9090909090909,606.2581418212259
2020-09-16,10,1,11,90.9090909090909,608.0960675141532
2020-09-17,10,1,11,90.9090909090909,605.082865247
2020-09-18,9,2,11,81.81818181818183,600.3206490208088
2020-09-21,9,2,11,81.81818181818183,585.2076679263047
2020-09-22,10,1,11,90.9090909090909,578.9412472850654
2020-09-23,9,2,11,81.81818181818183,588.0128642600844
2020-09-24,9,2,11,81.81818181818183,571.9140334402175
2020-09-25,9,2,11,81.81818181818183,581.317866569439
2020-09-28,8,2,10,80.0,597.0360239465765
2020-09-29,10,1,11,90.9090909090909,607.999051748254
2020-09-30,10,1,11,90.9090909090909,609.6342767867792
2020-10-01,10,1,11,90.9090909090909,611.8918978008126
2020-10-05,10,1,11,90.9090909090909,612.3335461380099
2020-10-06,10,1,11,90.9090909090909,613.2559708534411
2020-10-07,10,1,11,90.9090909090909,617.8980710980419
2020-10-08,9,2,11,81.81818181818183,612.0741304189266
2020-10-09,10,1,11,90.9090909090909,608.4563225936021
2020-10-12,10,1,11,90.9090909090909,606.3815515840546
2020-10-13,9,2,11,81.81818181818183,605.6872380595507
2020-10-14,10,1,11,90.9090909090909,606.478063821195
2020-10-15,9,2,11,81.81818181818183,602.2143861846487
2020-10-16,9,2,11,81.81818181818183,619.74180207618
2020-10-19,9,2,11,81.81818181818183,633.9814108971747
2020-10-20,9,2,11,81.81818181818183,639.7660561221477
2020-10-21,9,2,11,81.81818181818183,635.5058523514487
2020-10-22,9,2,11,81.81818181818183,642.9959002121446
2020-10-23,9,2,11,81.81818181818183,650.8178748324157
2020-10-26,9,2,11,81.81818181818183,645.7622076975928
2020-10-27,9,2,11,81.81818181818183,643.203354942706
2020-10-28,9,2,11,81.81818181818183,639.8505197324979
2020-10-29,9,2,11,81.81818181818183,633.1642766618304
2020-10-30,10,1,11,90.9090909090909,636.9031621768879
2020-11-02,9,2,11,81.81818181818183,636.6757003334188
2020-11-03,9,2,11,81.81818181818183,644.0455857654952
2020-11-04,9,2,11,81.81818181818183,653.6267410248779
2020-11-05,9,2,11,81.81818181818183,664.3401269924506
2020-11-06,9,2,11,81.81818181818183,668.3602305963996
2020-11-09,10,1,11,90.9090909090909,675.0251813568623
2020-11-10,10,1,11,90.9090909090909,677.5549850197765
2020-11-11,10,1,11,90.9090909090909,676.2031251693476
2020-11-12,10,1,11,90.9090909090909,679.9710563652543
2020-11-13,10,1,11,90.9090909090909,694.4217852266407
2020-11-14,10,1,11,90.9090909090909,697.134099059257
2020-11-17,11,0,11,100.0,698.1651170299449
2020-11-18,11,0,11,100.0,701.7388371837397
2020-11-19,11,0,11,100.0,702.0706095848257
2020-11-20,11,0,11,100.0,704.7283020520823
2020-11-23,11,0,11,100.0,714.448312001095
2020-11-24,11,0,11,100.0,724.1513191777742
2020-11-25,11,0,11,100.0,717.3396193580653
2020-11-26,11,0,11,100.0,721.1968937669697
2020-11-27,11,0,11,100.0,744.5469640408112
2020-12-01,11,0,11,100.0,746.9672050429682
2020-12-02,11,0,11,100.0,752.1788886424494
2020-12-03,11,0,11,100.0,756.8999028595987
2020-12-04,11,0,11,100.0,758.41933355189
2020-12-07,11,0,11,100.0,760.5276960031898
2020-12-08,11,0,11,100.0,758.9961615666094
2020-12-09,11,0,11,100.0,760.7135690591538
2020-12-10,11,0,11,100.0,760.6798258738573
2020-12-11,11,0,11,100.0,761.0053603782046
2020-12-14,11,0,11,100.0,768.7637263489398
2020-12-15,11,0,11,100.0,777.646854143055
2020-12-16,11,0,11,100.0,794.2158851484946
2020-12-17,11,0,11,100.0,796.4304910611899
2020-12-18,11,0,11,100.0,798.485144698405
2020-12-21,11,0,11,100.0,772.2769599724124
2020-12-22,11,0,11,100.0,768.0038160207441
2020-12-23,11,0,11,100.0,780.9627855009952
2020-12-24,11,0,11,100.0,790.2232424572188
2020-12-28,11,0,11,100.0,800.6761521443735
2020-12-29,11,0,11,100.0,798.3054953666629
2020-12-30,11,0,11,100.0,801.9634991780745
2020-12-31,11,0,11,100.0,807.7350743000345
2021-01-01,11,0,11,100.0,807.9627617314275
2021-01-04,11,0,11,100.0,808.6293252187804
2021-01-05,11,0,11,100.0,812.4119029558962
2021-01-06,11,0,11,100.0,830.7568923006647
2021-01-07,11,0,11,100.0,844.8209348513915
2021-01-08,11,0,11,100.0,854.3656381780302
2021-01-11,11,0,11,100.0,848.5097125750107
2021-01-12,11,0,11,100.0,845.5445601748204
2021-01-13,11,0,11,100.0,838.4557231730004
2021-01-14,11,0,11,100.0,839.1734921562607
2021-01-15,11,0,11,100.0,828.9480815498418
2021-01-18,11,0,11,100.0,827.9723907552517
2021-01-19,11,0,11,100.0,842.0451758093401
2021-01-20,11,0,11,100.0,848.6773774135739
2021-01-21,11,0,11,100.0,867.086727875128
2021-01-22,11,0,11,100.0,859.4590683263378
2021-01-25,11,0,11,100.0,860.0912651455133
2021-01-27,11,0,11,100.0,857.2918298523196
2021-01-28,11,0,11,100.0,866.240750565607
2021-01-29,11,0,11,100.0,856.7811549691805
2021-02-01,11,0,11,100.0,881.045312828794
2021-02-02,11,0,11,100.0,904.5916774924997
2021-02-03,11,0,11,100.0,915.7321966562156
2021-02-04,11,0,11,100.0,920.9945468836034
2021-02-05,11,0,11,100.0,922.0776139055929
2021-02-08,11,0,11,100.0,937.9558529752435
2021-02-09,11,0,11,100.0,950.6586828500172
2021-02-10,11,0,11,100.0,971.8151426625349
2021-02-11,11,0,11,100.0,980.6414732986266
2021-02-12,11,0,11,100.0,972.4819672199166
2021-02-15,11,0,11,100.0,969.6109734011472
2021-02-16,11,0,11,100.0,972.8958231649971
2021-02-17,11,0,11,100.0,971.2274243317548
2021-02-18,11,0,11,100.0,978.8926597807384
2021-02-19,11,0,11,100.0,966.091032696859
2021-02-22,11,0,11,100.0,950.2111541653281
2021-02-23,11,0,11,100.0,956.7932808691543
2021-02-24,11,0,11,100.0,968.6017233206624
2021-02-25,11,0,11,100.0,983.6492477883297
2021-02-26,11,0,11,100.0,977.4456800005406
2021-03-01,11,0,11,100.0,986.7014356591862
2021-03-02,11,0,11,100.0,1002.3237954830038
2021-03-03,11,0,11,100.0,1020.228841578967
2021-03-04,11,0,11,100.0,1032.3738374642567
2021-03-05,11,0,11,100.0,1027.4016511860457
2021-03-08,11,0,11,100.0,1035.0217524200664
2021-03-09,11,0,11,100.0,1037.192370669224
2021-03-10,11,0,11,100.0,1051.6082145502003
2021-03-12,11,0,11,100.0,1055.4435631154884
2021-03-15,11,0,11,100.0,1055.714819286763
2021-03-16,11,0,11,100.0,1041.3408932523196
2021-03-17,11,0,11,100.0,1018.568019649371
2021-03-18,11,0,11,100.0,1006.8600528342342
2021-03-19,11,0,11,100.0,1008.7306991094155
2021-03-22,11,0,11,100.0,1005.9108934320079
2021-03-23,11,0,11,100.0,1002.8571695153433
2021-03-24,11,0,11,100.0,976.2656524531403
2021-03-25,10,1,11,90.9090909090909,954.3060959852761
2021-03-26,9,2,12,81.81818181818183,970.5543814136879
2021-03-30,9,2,12,81.81818181818183,984.8771946443527
2021-03-31,9,2,12,81.81818181818183,992.9450530832858
2021-04-01,10,1,12,90.9090909090909,992.5094247420534
2021-04-05,9,2,12,81.81818181818183,971.3934147337558
2021-04-06,9,2,12,81.81818181818183,972.1285194959746
2021-04-07,9,2,12,81.81818181818183,979.3246755936271
2021-04-08,9,2,12,81.81818181818183,997.6330206011687
2021-04-09,9,2,12,81.81818181818183,993.0958110502821
2021-04-12,9,2,12,81.81818181818183,946.7844631520487
2021-04-13,9,2,12,81.81818181818183,948.9896606795339
2021-04-15,9,2,12,81.81818181818183,942.7671087671683
2021-04-16,9,2,12,81.81818181818183,947.407318801955
2021-04-19,9,2,12,81.81818181818183,927.0844562758996
2021-04-20,9,2,12,81.81818181818183,938.1182359621373
2021-04-22,9,2,12,81.81818181818183,935.1373772623219
2021-04-23,9,2,12,81.81818181818183,931.537919256582
2021-04-26,9,2,12,81.81818181818183,937.1109472335229
2021-04-27,9,2,12,81.81818181818183,947.177302003878
2021-04-28,9,2,12,81.81818181818183,959.449145372475
2021-04-29,9,2,12,81.81818181818183,957.0791491037911
2021-04-30,9,2,12,81.81818181818183,949.8021859211623
2021-05-03,9,2,12,81.81818181818183,941.6090787270886
2021-05-04,9,2,12,81.81818181818183,933.1842437978003
2021-05-05,9,2,12,81.81818181818183,940.3345120139713
2021-05-06,9,2,12,81.81818181818183,942.0089209116709
2021-05-07,9,2,12,81.81818181818183,944.7665497682175
2021-05-10,9,2,12,81.81818181818183,942.7468751959836
2021-05-11,9,2,12,81.81818181818183,944.1986922681785
2021-05-12,9,2,12,81.81818181818183,930.3117656049141
2021-05-14,9,2,12,81.81818181818183,927.491648048691
2021-05-17,9,2,12,81.81818181818183,933.2564396717777
2021-05-18,10,1,12,90.9090909090909,947.0994059990543
2021-05-19,10,1,12,90.9090909090909,953.4325162097659
2021-05-20,10,1,12,90.9090909090909,953.6577090417117
2021-05-21,10,1,12,90.9090909090909,962.5141329713446
2021-05-24,10,1,12,90.9090909090909,970.292941878561
2021-05-25,10,1,12,90.9090909090909,978.9882559965021
2021-05-26,10,1,12,90.9090909090909,985.3489362370659
2021-05-27,10,1,12,90.9090909090909,995.8589840112826
2021-05-28,10,1,12,90.9090909090909,988.6014237381772
2021-05-31,10,1,12,90.9090909090909,990.5600087640687
2021-06-01,10,1,12,90.9090909090909,992.5385295051266
2021-06-02,10,1,12,90.9090909090909,1004.5301471541421
2021-06-03,10,1,12,90.9090909090909,1033.72010741422
2021-06-04,10,1,12,90.9090909090909,1040.18933533378
2021-06-07,10,1,12,90.9090909090909,1049.3197365316205
2021-06-08,10,1,12,90.9090909090909,1046.5888229630918
2021-06-09,10,1,12,90.9090909090909,1043.2435371432528
2021-06-10,10,1,12,90.9090909090909,1049.9247552434606
2021-06-11,10,1,12,90.9090909090909,1046.3063686170979
2021-06-14,10,1,12,90.9090909090909,1042.4013845488792
2021-06-15,11,0,12,100.0,1049.2291348288002
2021-06-16,11,0,12,100.0,1040.0630625504325
2021-06-17,11,0,12,100.0,1037.1656979941495
2021-06-18,10,1,12,90.9090909090909,1029.5907260147023
2021-06-21,10,1,12,90.9090909090909,1035.996906735792
2021-06-22,10,1,12,90.9090909090909,1044.4316350824686
2021-06-23,10,1,12,90.9090909090909,1048.5508753847062
2021-06-24,10,1,12,90.9090909090909,1048.893381672902
2021-06-25,10,1,12,90.9090909090909,1043.6256651157041
2021-06-28,10,1,12,90.9090909090909,1049.803219044934
2021-06-29,10,1,12,90.9090909090909,1039.3233805867892
2021-06-30,10,1,12,90.9090909090909,1041.2895090842053
2021-07-01,11,0,12,100.0,1039.7480902554498
2021-07-02,11,0,12,100.0,1047.4095961995033
2021-07-05,11,0,12,100.0,1061.226448796234
2021-07-06,10,1,12,90.9090909090909,1055.9717136037295
2021-07-07,10,1,12,90.9090909090909,1054.3237791588795
2021-07-08,10,1,12,90.9090909090909,1052.6206920113311
2021-07-09,10,1,12,90.9090909090909,1053.7747136783728
2021-07-12,10,1,12,90.9090909090909,1056.3293470784233
2021-07-13,10,1,12,90.9090909090909,1056.0043078170074
2021-07-14,10,1,12,90.9090909090909,1056.3498849372547
2021-07-15,10,1,12,90.9090909090909,1054.862793665905
2021-07-16,10,1,12,90.9090909090909,1061.987299576908
2021-07-19,10,1,12,90.9090909090909,1053.1726566615457
2021-07-20,10,1,12,90.9090909090909,1047.0843818635303
2021-07-22,10,1,12,90.9090909090909,1061.370733153322
2021-07-23,10,1,12,90.9090909090909,1054.1427390517863
2021-07-26,10,1,12,90.9090909090909,1055.710379923245
2021-07-27,10,1,12,90.9090909090909,1054.5010564820693
2021-07-28,10,1,12,90.9090909090909,1044.1451915487555
2021-07-29,10,1,12,90.9090909090909,1045.8430911644864
2021-07-30,10,1,12,90.9090909090909,1057.1015757582327
2021-08-02,10,1,12,90.9090909090909,1065.1852347326274
2021-08-03,10,1,12,90.9090909090909,1076.475866729549
2021-08-04,10,1,12,90.9090909090909,1065.0765123489707
2021-08-05,10,1,12,90.9090909090909,1062.4146318377939
2021-08-06,10,1,12,90.9090909090909,1055.8696092159107
2021-08-09,10,1,12,90.9090909090909,1050.5479390078692
2021-08-10,10,1,12,90.9090909090909,1038.253383025164
2021-08-11,9,2,12,81.81818181818183,1032.2896353330316
2021-08-12,10,1,12,90.9090909090909,1036.8165903866914
2021-08-13,10,1,12,90.9090909090909,1040.2556537364298
2021-08-16,10,1,12,90.9090909090909,1033.6773575434058
2021-08-17,9,2,12,81.81818181818183,1032.452685693384
2021-08-18,10,1,12,90.9090909090909,1037.9989789673568
2021-08-20,8,3,12,72.72727272727273,1019.7820600390024
2021-08-23,7,4,12,63.63636363636363,1009.6719257975495
2021-08-24,8,3,12,72.72727272727273,1018.4075092377009
2021-08-25,9,2,12,81.81818181818183,1023.5476449423384
2021-08-26,9,2,12,81.81818181818183,1036.7599381077923
2021-08-27,9,2,12,81.81818181818183,1040.3151664993661
2021-08-30,9,2,12,81.81818181818183,1049.6613854676389
2021-08-31,9,2,12,81.81818181818183,1065.4803014908396
2021-09-01,9,2,12,81.81818181818183,1077.286171615147
2021-09-02,9,2,12,81.81818181818183,1107.7741559485278
2021-09-03,9,2,12,81.81818181818183,1107.600223424549
2021-09-06,9,2,12,81.81818181818183,1114.449569361089
2021-09-07,10,1,12,90.9090909090909,1123.4340038635573
2021-09-08,11,0,12,100.0,1129.2039378571678
2021-09-09,11,0,12,100.0,1130.00283147822
2021-09-13,11,0,12,100.0,1135.5602752871898
2021-09-14,11,0,12,100.0,1148.5824172714044
2021-09-15,11,0,12,100.0,1160.8704700875571
2021-09-16,11,0,12,100.0,1162.615371482633
2021-09-17,10,1,12,90.9090909090909,1157.9917471549197
2021-09-20,11,0,12,100.0,1141.5815813627705
2021-09-21,10,1,12,90.9090909090909,1136.2130573678587
2021-09-22,10,1,12,90.9090909090909,1149.5839524301289
2021-09-23,10,1,12,90.9090909090909,1161.1458260162983
2021-09-24,10,1,12,90.9090909090909,1161.5593049084273
2021-09-27,10,1,12,90.9090909090909,1158.3071684774459
2021-09-28,11,0,12,100.0,1152.8118766193768
2021-09-29,11,0,12,100.0,1155.118279863466
2021-09-30,11,0,12,100.0,1174.242202927559
2021-10-01,11,0,12,100.0,1188.4269000064721
2021-10-04,11,0,12,100.0,1193.930765302695
2021-10-05,11,0,12,100.0,1193.983609690756
2021-10-06,10,1,12,90.9090909090909,1179.0689461798895
2021-10-07,11,0,12,100.0,1227.6338836298119
2021-10-08,11,0,12,100.0,1252.46482935569
2021-10-11,11,0,12,100.0,1284.253343135486
2021-10-12,11,0,12,100.0,1301.7985296708093
2021-10-13,11,0,12,100.0,1309.6784342666535
2021-10-14,11,0,12,100.0,1315.2837539184413
2021-10-18,11,0,12,100.0,1320.14481598181
2021-10-19,11,0,12,100.0,1285.0134127135152
2021-10-20,11,0,12,100.0,1245.7357518629892
2021-10-21,10,1,12,90.9090909090909,1228.7274417812669
2021-10-22,10,1,12,90.9090909090909,1221.041433377779
2021-10-25,10,1,12,90.9090909090909,1207.921098924545
2021-10-26,10,1,12,90.9090909090909,1241.5307935305646
2021-10-27,10,1,12,90.9090909090909,1236.139722689455
2021-10-28,11,0,12,100.0,1229.0367475773683
2021-10-29,10,1,12,90.9090909090909,1229.4188727376086
2021-11-01,10,1,12,90.9090909090909,1243.916167581965
2021-11-02,10,1,12,90.9090909090909,1260.0570065636728
2021-11-03,11,1,12,91.66666666666666,1255.8243481141906
2021-11-04,11,1,12,91.66666666666666,1271.7004336001112
2021-11-08,12,0,12,100.0,1296.120950137951
2021-11-09,12,0,12,100.0,1299.7940527295052
2021-11-10,12,0,12,100.0,1296.6567458517097
2021-11-11,12,0,12,100.0,1292.6421908079421
2021-11-12,12,0,12,100.0,1288.4410844707256
2021-11-15,12,0,12,100.0,1290.7062920040212
2021-11-16,12,0,12,100.0,1285.6974744471627
2021-11-17,12,0,12,100.0,1276.3692546305283
2021-11-18,12,0,12,100.0,1269.8076671632766
2021-11-22,10,2,12,83.33333333333334,1226.6311986457347
2021-11-23,10,2,12,83.33333333333334,1237.9582773645616
2021-11-24,11,1,12,91.66666666666666,1232.4525824860473
2021-11-25,10,2,12,83.33333333333334,1251.8167077213095
2021-11-26,10,2,12,83.33333333333334,1207.6053950538083
2021-11-29,10,2,12,83.33333333333334,1191.6384657042245
2021-11-30,9,3,12,75.0,1203.6302590888847
2021-12-01,9,3,12,75.0,1207.5624789877288
2021-12-02,9,3,12,75.0,1231.386205830172
2021-12-03,9,3,12,75.0,1234.309278107003
2021-12-06,9,3,12,75.0,1215.2199178541712
2021-12-07,10,2,12,83.33333333333334,1234.8303962116277
2021-12-08,9,3,12,75.0,1249.462174030305
2021-12-09,10,2,12,83.33333333333334,1253.5751516228147
2021-12-10,11,1,12,91.66666666666666,1258.4371464821643
2021-12-13,9,3,12,75.0,1254.73690504801
2021-12-14,9,3,12,75.0,1257.130610041737
2021-12-15,9,3,12,75.0,1252.8748148404632
2021-12-16,9,3,12,75.0,1254.3693422958172
2021-12-17,9,3,12,75.0,1235.6038478412524
2021-12-20,9,3,12,75.0,1204.3240683249028
2021-12-21,9,3,12,75.0,1225.2978951024277
2021-12-22,9,3,12,75.0,1238.0552733112468
2021-12-23,9,3,12,75.0,1246.406047498125
2021-12-24,9,3,12,75.0,1239.1098082352305
2021-12-27,9,3,12,75.0,1254.1947297966817
2021-12-28,10,2,12,83.33333333333334,1264.5792142769778
2021-12-29,9,3,12,75.0,1265.9108535959044
2021-12-30,9,3,12,75.0,1272.474028665684
2021-12-31,10,2,12,83.33333333333334,1283.200403775489
2022-01-03,10,2,12,83.33333333333334,1285.3531327853232
2022-01-04,11,1,12,91.66666666666666,1291.9629814182201
2022-01-05,11,1,12,91.66666666666666,1301.4500697032713
2022-01-06,11,1,12,91.66666666666666,1306.1742189823788
2022-01-07,11,1,12,91.66666666666666,1308.4758009240015
2022-01-10,11,1,12,91.66666666666666,1310.7316607598277
2022-01-11,10,2,12,83.33333333333334,1305.8797381287918
2022-01-12,10,2,12,83.33333333333334,1311.2726941702554
2022-01-13,10,2,12,83.33333333333334,1314.6766684089996
2022-01-14,10,2,12,83.33333333333334,1320.4056302046458
2022-01-17,10,2,12,83.33333333333334,1323.4230116536623
2022-01-18,9,3,12,75.0,1306.3423900761948
2022-01-19,9,3,12,75.0,1306.9769069607473
2022-01-20,9,3,12,75.0,1303.1917252868197
2022-01-21,9,3,12,75.0,1260.3078545490014
2022-01-24,7,5,12,58.333333333333336,1208.3556586541151
2022-01-25,6,6,12,50.0,1217.7146842722966
2022-01-27,5,7,12,41.66666666666667,1200.2709118108482
2022-01-28,6,6,12,50.0,1210.9353189378771
2022-01-31,6,6,12,50.0,1235.7810985808333
2022-02-01,6,6,12,50.0,1234.1018388243012
2022-02-02,7,5,12,58.333333333333336,1254.5458478115575
2022-02-03,7,5,12,58.333333333333336,1262.852925173413
2022-02-04,7,5,12,58.333333333333336,1251.4048538815646
2022-02-07,7,5,12,58.333333333333336,1242.8583728434382
2022-02-08,7,5,12,58.333333333333336,1228.2273530436153
2022-02-09,7,5,12,58.333333333333336,1238.2439595392048
2022-02-10,7,5,12,58.333333333333336,1241.2412740712562
2022-02-11,7,5,12,58.333333333333336,1215.2794229141848
2022-02-14,7,5,12,58.333333333333336,1182.2966639776234
2022-02-15,7,5,12,58.333333333333336,1208.5477658731552
2022-02-16,7,5,12,58.333333333333336,1220.0832365985277
2022-02-17,7,5,12,58.333333333333336,1210.9855805142283
2022-02-18,7,5,12,58.333333333333336,1202.0789345866
2022-02-21,7,5,12,58.333333333333336,1192.529935878931
2022-02-22,7,5,12,58.333333333333336,1180.6526125421606
2022-02-23,7,5,12,58.333333333333336,1185.284652320008
2022-02-24,4,8,12,33.33333333333333,1141.8173328482435
2022-02-25,6,6,12,50.0,1187.6764615175832
2022-02-28,6,6,12,50.0,1192.9917361455332
2022-03-02,6,6,12,50.0,1176.7343115764663
2022-03-03,5,7,12,41.66666666666667,1170.4525393249205
2022-03-04,5,7,12,41.66666666666667,1145.9015199041694
2022-03-07,4,8,12,33.33333333333333,1117.8358134563769
2022-03-08,5,7,12,41.66666666666667,1123.7042431149314
2022-03-09,5,7,12,41.66666666666667,1137.3582722983758
2022-03-10,5,7,12,41.66666666666667,1162.7433843080116
2022-03-11,5,7,12,41.66666666666667,1161.6055721761431
2022-03-14,6,6,12,50.0,1172.76282688778
2022-03-15,6,6,12,50.0,1164.3276866675096
2022-03-16,6,6,12,50.0,1188.276444002965
2022-03-17,6,6,12,50.0,1209.654057172606
2022-03-21,6,6,12,50.0,1215.6835923081676
2022-03-22,6,6,12,50.0,1199.975402303108
2022-03-23,6,6,12,50.0,1202.200371389691
2022-03-24,6,6,12,50.0,1191.322642940347
2022-03-25,6,6,12,50.0,1181.0913823400758
2022-03-28,6,6,12,50.0,1169.5967424323194
2022-03-29,6,6,12,50.0,1192.9392724485633
2022-03-30,6,6,12,50.0,1198.1915319449731
2022-03-31,6,6,12,50.0,1191.590306345285
2022-04-01,6,6,12,50.0,1211.1320153440272
2022-04-04,6,6,12,50.0,1223.5147283977867
2022-04-05,7,5,12,58.333333333333336,1255.418434959662
2022-04-06,6,6,12,50.0,1253.5173626544338
2022-04-07,6,6,12,50.0,1241.8684722911205
2022-04-08,7,5,12,58.333333333333336,1247.8622407436474
2022-04-11,7,5,12,58.333333333333336,1245.9247009096543
2022-04-12,6,6,12,50.0,1235.09674815779
2022-04-13,7,5,12,58.333333333333336,1240.096859224942
2022-04-18,7,5,12,58.333333333333336,1238.2041466344986
2022-04-19,7,5,12,58.333333333333336,1227.072554065527
2022-04-20,7,5,12,58.333333333333336,1233.739445552129
2022-04-21,7,5,12,58.333333333333336,1250.4651717708653
2022-04-22,7,5,12,58.333333333333336,1238.2363412619814
2022-04-25,7,5,12,58.333333333333336,1226.4207325887346
2022-04-26,7,5,12,58.333333333333336,1241.112411183671
2022-04-27,7,5,12,58.333333333333336,1235.4239821551403
2022-04-28,7,5,12,58.333333333333336,1241.5321871662225
2022-04-29,7,5,12,58.333333333333336,1238.7605567722933
2022-05-02,7,5,12,58.333333333333336,1227.668311283377
2022-05-04,4,8,12,33.33333333333333,1189.4708948307289
2022-05-05,3,9,12,25.0,1193.1870495882358
2022-05-06,3,9,12,25.0,1169.9700437986362
2022-05-09,3,9,12,25.0,1144.1951202580904
2022-05-10,3,9,12,25.0,1118.8301154739688
2022-05-11,2,10,12,16.666666666666664,1107.681700620381
2022-05-12,2,10,12,16.666666666666664,1078.9108692714533
2022-05-13,3,9,12,25.0,1088.4209884189622
2022-05-16,2,10,12,16.666666666666664,1072.7412662003885
2022-05-17,2,10,12,16.666666666666664,1092.1018919771868
2022-05-18,2,10,12,16.666666666666664,1089.3666671496865
2022-05-19,2,10,12,16.666666666666664,1066.432365171096
2022-05-20,2,10,12,16.666666666666664,1092.6160778937974
2022-05-23,2,10,12,16.666666666666664,1108.807206090341
2022-05-24,2,10,12,16.666666666666664,1095.121230450956
2022-05-25,2,10,12,16.666666666666664,1071.7474654927066
2022-05-26,2,10,12,16.666666666666664,1074.3250199563684
2022-05-27,2,10,12,16.666666666666664,1090.1382306679363
2022-05-30,2,10,12,16.666666666666664,1140.3565962992116
2022-05-31,2,10,12,16.666666666666664,1151.6997156720493
2022-06-01,2,10,12,16.666666666666664,1158.9223727961348
2022-06-02,2,10,12,16.666666666666664,1154.6887805990937
2022-06-03,2,10,12,16.666666666666664,1135.183099384856
2022-06-06,2,10,12,16.666666666666664,1130.3079946268945
2022-06-07,1,11,12,8.333333333333332,1116.2595688217793
2022-06-08,1,11,12,8.333333333333332,1098.423734298535
2022-06-09,1,11,12,8.333333333333332,1103.599372350234
2022-06-10,1,11,12,8.333333333333332,1094.916465062103
2022-06-13,1,11,12,8.333333333333332,1070.0251895856504
2022-06-14,1,11,12,8.333333333333332,1069.4288852337459
2022-06-15,1,11,12,8.333333333333332,1072.0675388629995
2022-06-16,1,11,12,8.333333333333332,1047.069610247243
2022-06-17,1,11,12,8.333333333333332,1030.2426421006464
2022-06-20,1,11,12,8.333333333333332,1026.8902790072684
2022-06-21,1,11,12,8.333333333333332,1048.255129222324
2022-06-22,1,11,12,8.333333333333332,1040.046162673466
2022-06-23,1,11,12,8.333333333333332,1048.4075902237955
2022-06-24,1,11,12,8.333333333333332,1072.4409773271082
2022-06-27,1,11,12,8.333333333333332,1082.8635904098583
2022-06-28,1,11,12,8.333333333333332,1078.326730463505
2022-06-29,1,11,12,8.333333333333332,1079.1336196190707
2022-06-30,1,11,12,8.333333333333332,1067.295278849395
2022-07-01,1,11,12,8.333333333333332,1079.214342021251
2022-07-04,1,11,12,8.333333333333332,1084.5793000938888
2022-07-05,1,11,12,8.333333333333332,1082.9315476482807
2022-07-06,1,11,12,8.333333333333332,1100.9182629560016
2022-07-07,1,11,12,8.333333333333332,1127.4618130069114
2022-07-08,1,11,12,8.333333333333332,1130.248846020857
2022-07-11,1,11,12,8.333333333333332,1146.365619318148
2022-07-12,1,11,12,8.333333333333332,1140.6625335100443
2022-07-13,1,11,12,8.333333333333332,1142.4349635765889
2022-07-14,1,11,12,8.333333333333332,1145.3108422074336
2022-07-15,3,9,12,25.0,1158.2400989058347
2022-07-18,3,9,12,25.0,1171.00126787141
2022-07-19,3,9,12,25.0,1178.655913807847
2022-07-20,1,11,12,8.333333333333332,1177.6334902981773
2022-07-21,3,9,12,25.0,1186.4190521856267
2022-07-22,3,9,12,25.0,1185.4142847867238
2022-07-25,3,9,12,25.0,1183.3835304342429
2022-07-26,3,9,12,25.0,1167.4012017343139
2022-07-27,2,10,12,16.666666666666664,1171.7766774019601
2022-07-28,4,8,12,33.33333333333333,1180.1414816020142
2022-07-29,5,7,12,41.66666666666667,1202.9520952109021
2022-08-01,8,4,12,66.66666666666666,1205.947250604321
2022-08-02,8,4,12,66.66666666666666,1212.0925675742326
2022-08-03,7,5,12,58.333333333333336,1204.6734190737843
2022-08-04,8,4,12,66.66666666666666,1214.550985427241
2022-08-05,7,5,12,58.333333333333336,1196.8806472862489
2022-08-08,8,4,12,66.66666666666666,1204.0011658098056
2022-08-10,7,5,12,58.333333333333336,1192.873407756838
2022-08-11,7,5,12,58.333333333333336,1201.8510648737401
2022-08-12,7,5,12,58.333333333333336,1204.5556201212355
2022-08-16,8,4,12,66.66666666666666,1216.9363355783669
2022-08-17,8,4,12,66.66666666666666,1231.1133478059878
2022-08-18,9,3,12,75.0,1236.4572529751204
2022-08-19,9,3,12,75.0,1230.7359504499977
2022-08-22,8,4,12,66.66666666666666,1209.382080116467
2022-08-23,7,5,12,58.333333333333336,1226.8570111029796
2022-08-24,7,5,12,58.333333333333336,1235.0023490226367
2022-08-25,8,4,12,66.66666666666666,1242.5714850038255
2022-08-26,8,4,12,66.66666666666666,1244.6519202932445
2022-08-29,9,3,12,75.0,1237.18010336812
2022-08-30,9,3,12,75.0,1262.9412787770007
2022-09-01,9,3,12,75.0,1259.8132521000873
2022-09-02,9,3,12,75.0,1253.3743096165344
2022-09-05,9,3,12,75.0,1256.1054025392991
2022-09-06,9,3,12,75.0,1256.1647945212587
2022-09-07,10,2,12,83.33333333333334,1268.620578611543
2022-09-08,10,2,12,83.33333333333334,1267.8652507686115
2022-09-09,10,2,12,83.33333333333334,1268.7053983773196
2022-09-12,10,2,12,83.33333333333334,1273.3862317459384
2022-09-13,10,2,12,83.33333333333334,1289.4318696290827
2022-09-14,10,2,12,83.33333333333334,1297.7961980063228
2022-09-15,10,2,12,83.33333333333334,1306.0802866461586
2022-09-16,9,3,12,75.0,1278.4665665962925
2022-09-19,9,3,12,75.0,1270.951764715024
2022-09-20,9,3,12,75.0,1297.3907286712265
2022-09-21,10,2,12,83.33333333333334,1288.5828673840772
2022-09-22,9,3,12,75.0,1289.275526942857
2022-09-23,8,4,12,66.66666666666666,1271.8774284245192
2022-09-26,7,5,12,58.333333333333336,1248.1846663848278
2022-09-27,7,5,12,58.333333333333336,1263.7539767200738
2022-09-28,8,4,12,66.66666666666666,1262.7754305749409
2022-09-29,8,4,12,66.66666666666666,1266.2392967392223
2022-09-30,8,4,12,66.66666666666666,1282.2566019490557
2022-10-03,8,4,12,66.66666666666666,1267.621338745778
2022-10-04,8,4,12,66.66666666666666,1285.5415639678047
2022-10-06,8,4,12,66.66666666666666,1286.7301241072355
2022-10-07,8,4,12,66.66666666666666,1288.2405618761802
2022-10-10,8,4,12,66.66666666666666,1282.6649390733278
2022-10-11,7,5,12,58.333333333333336,1266.0418234201652
2022-10-12,7,5,12,58.333333333333336,1261.948430263582
2022-10-13,5,7,12,41.66666666666667,1255.2924874214987
2022-10-14,6,6,12,50.0,1255.0699074249367
2022-10-17,6,6,12,50.0,1260.8769724491735
2022-10-18,9,3,12,75.0,1280.335986322524
2022-10-19,8,4,12,66.66666666666666,1275.449532862518
2022-10-20,5,7,12,41.66666666666667,1265.7541988643259
2022-10-21,5,7,12,41.66666666666667,1254.0190521044735
2022-10-24,6,6,12,50.0,1259.4238918987835
2022-10-25,5,7,12,41.66666666666667,1245.2653316493772
2022-10-27,5,7,12,41.66666666666667,1251.6597308135401
2022-10-28,5,7,12,41.66666666666667,1249.550222345736
2022-10-31,5,7,12,41.66666666666667,1259.0013075908068
2022-11-01,5,7,12,41.66666666666667,1258.9004728508078
2022-11-02,6,6,12,50.0,1257.2929253850687
2022-11-03,5,7,12,41.66666666666667,1243.2391620255623
2022-11-04,5,7,12,41.66666666666667,1243.1995028502065
2022-11-07,6,6,12,50.0,1243.2190371234888
2022-11-09,5,7,12,41.66666666666667,1236.4370589120974
2022-11-10,6,6,12,50.0,1224.7961194142542
2022-11-11,6,6,12,50.0,1230.5255298597147
2022-11-14,6,6,12,50.0,1232.60696638911
2022-11-15,6,6,12,50.0,1234.8507680455928
2022-11-16,6,6,12,50.0,1223.7015086056092
2022-11-17,5,7,12,41.66666666666667,1213.47361939559
2022-11-18,5,7,12,41.66666666666667,1211.649186539854
2022-11-21,6,6,12,50.0,1209.394263071155
2022-11-22,6,6,12,50.0,1206.7953502482176
2022-11-23,6,6,12,50.0,1214.9352141367663
2022-11-24,6,6,12,50.0,1215.6565518209652
2022-11-25,7,5,12,58.333333333333336,1228.9339889809667
2022-11-28,6,6,12,50.0,1231.662736660924
2022-11-29,7,5,12,58.333333333333336,1225.1432282928984
2022-11-30,7,5,12,58.333333333333336,1232.4925291395605
2022-12-01,7,5,12,58.333333333333336,1242.2355483986937
2022-12-02,7,5,12,58.333333333333336,1253.4935044158094
2022-12-05,7,5,12,58.333333333333336,1266.378717940799
2022-12-06,6,6,12,50.0,1252.9537505819499
2022-12-07,6,6,12,50.0,1241.952609491842
2022-12-08,6,6,12,50.0,1234.8151529480356
2022-12-09,6,6,12,50.0,1235.2711874209951
2022-12-12,5,7,12,41.66666666666667,1237.9144545869667
2022-12-13,6,6,12,50.0,1238.6568753344827
2022-12-14,6,6,12,50.0,1254.67919049143
2022-12-15,6,6,12,50.0,1240.2596641673183
2022-12-16,5,7,12,41.66666666666667,1237.3735153139758
2022-12-19,5,7,12,41.66666666666667,1243.185200353765
2022-12-20,5,7,12,41.66666666666667,1244.7442464310184
2022-12-21,5,7,12,41.66666666666667,1224.1381830036448
2022-12-22,5,7,12,41.66666666666667,1217.761016580321
2022-12-23,5,7,12,41.66666666666667,1178.7133705284098
2022-12-26,5,7,12,41.66666666666667,1202.476038809354
2022-12-27,5,7,12,41.66666666666667,1216.7292076462807
2022-12-28,5,7,12,41.66666666666667,1228.757739556087
2022-12-29,5,7,12,41.66666666666667,1222.2140847538221
2022-12-30,5,7,12,41.66666666666667,1225.4550263059566
2023-01-02,5,7,12,41.66666666666667,1223.3494904233428
2023-01-03,5,7,12,41.66666666666667,1230.8124729143371
2023-01-04,5,7,12,41.66666666666667,1219.9278832446273
2023-01-05,5,7,12,41.66666666666667,1229.9399820446797
2023-01-06,5,7,12,41.66666666666667,1228.3768231124352
2023-01-09,5,7,12,41.66666666666667,1230.9427057724847
2023-01-10,5,7,12,41.66666666666667,1226.0900807655112
2023-01-11,5,7,12,41.66666666666667,1223.6254725426986
2023-01-12,5,7,12,41.66666666666667,1216.5837840551137
2023-01-13,4,8,12,33.33333333333333,1209.5341598953048
2023-01-16,4,8,12,33.33333333333333,1202.6163123980295
2023-01-17,3,9,12,25.0,1196.4762615649397
2023-01-18,3,9,12,25.0,1198.1344322564626
2023-01-19,3,9,12,25.0,1194.1165252578023
2023-01-20,3,9,12,25.0,1184.0799244923926
2023-01-23,3,9,12,25.0,1193.3737167779257
2023-01-24,3,9,12,25.0,1206.351935407787
2023-01-25,3,9,12,25.0,1187.0654520778216
2023-01-27,4,8,12,33.33333333333333,1142.1579544314252
2023-01-30,3,9,12,25.0,1139.2236690605555
2023-01-31,3,9,12,25.0,1159.2350061345712
2023-02-01,3,9,12,25.0,1152.8129387524334
2023-02-02,4,8,12,33.33333333333333,1152.2420366543313
2023-02-03,4,8,12,33.33333333333333,1161.1932874177166
2023-02-06,5,7,12,41.66666666666667,1178.295792493122
2023-02-07,5,7,12,41.66666666666667,1172.1335506113223
2023-02-08,6,6,12,50.0,1177.9318760141512
2023-02-09,6,6,12,50.0,1171.5001468980906
2023-02-10,5,7,12,41.66666666666667,1183.2713856699854
2023-02-13,5,7,12,41.66666666666667,1171.7127048524442
2023-02-14,5,7,12,41.66666666666667,1167.1431838026203
2023-02-15,5,7,12,41.66666666666667,1177.2770707051925
2023-02-16,6,6,12,50.0,1183.9361015102352
2023-02-17,5,7,12,41.66666666666667,1182.3889391077516
2023-02-20,4,8,12,33.33333333333333,1184.459071998567
2023-02-21,4,8,12,33.33333333333333,1193.1938836108307
2023-02-22,5,7,12,41.66666666666667,1189.1081506095038
2023-02-23,3,9,12,25.0,1185.867391553822
2023-02-24,3,9,12,25.0,1193.9432341367387
2023-02-27,3,9,12,25.0,1186.6486160001398
2023-02-28,3,9,12,25.0,1196.902497713268
2023-03-01,3,9,12,25.0,1206.908236997585
2023-03-02,4,8,12,33.33333333333333,1208.5962026859913
2023-03-03,4,8,12,33.33333333333333,1217.3024796050684
2023-03-06,6,6,12,50.0,1229.8639180467771
2023-03-08,6,6,12,50.0,1227.17224829909
2023-03-09,3,9,12,25.0,1218.3388540451067
2023-03-10,3,9,12,25.0,1217.9177441087527
2023-03-13,3,9,12,25.0,1197.8377765997334
2023-03-14,3,9,12,25.0,1187.4388267254415
2023-03-15,3,9,12,25.0,1193.6395948033364
2023-03-16,4,8,12,33.33333333333333,1189.8906431085418
2023-03-17,4,8,12,33.33333333333333,1204.8010419845928
2023-03-20,4,8,12,33.33333333333333,1188.8915766460275
2023-03-21,4,8,12,33.33333333333333,1193.7182463166844
2023-03-22,4,8,12,33.33333333333333,1193.8720811304531
2023-03-23,4,8,12,33.33333333333333,1193.198403706625
2023-03-24,4,8,12,33.33333333333333,1180.8163355622487
2023-03-27,4,8,12,33.33333333333333,1176.1105256922488
2023-03-28,4,8,12,33.33333333333333,1162.41465299808
2023-03-29,4,8,12,33.33333333333333,1168.4082706431204
2023-03-31,4,8,12,33.33333333333333,1171.8577179346607
2023-04-03,4,8,12,33.33333333333333,1182.8350845953244
2023-04-05,4,8,12,33.33333333333333,1190.3465211134214
2023-04-06,4,8,12,33.33333333333333,1190.3534899896438
2023-04-10,5,7,12,41.66666666666667,1196.6552788080323
2023-04-11,5,7,12,41.66666666666667,1190.4501109816956
2023-04-12,5,7,12,41.66666666666667,1194.543368840194
2023-04-13,5,7,12,41.66666666666667,1201.5514701382122
2023-04-17,5,7,12,41.66666666666667,1204.6092478575192
2023-04-18,5,7,12,41.66666666666667,1203.6066192446767
2023-04-19,5,7,12,41.66666666666667,1203.8461702331238
2023-04-20,4,8,12,33.33333333333333,1205.5031653603598
2023-04-21,4,8,12,33.33333333333333,1202.7214890295108
2023-04-24,4,8,12,33.33333333333333,1204.2671996452461
2023-04-25,4,8,12,33.33333333333333,1184.771379664958
2023-04-26,4,8,12,33.33333333333333,1180.0506714890776
2023-04-27,5,7,12,41.66666666666667,1185.414073380212
2023-04-28,5,7,12,41.66666666666667,1186.6345232199183
2023-05-02,4,8,12,33.33333333333333,1192.733870635955
2023-05-03,5,7,12,41.66666666666667,1193.7834519420046
2023-05-04,6,6,12,50.0,1199.4528202170923
2023-05-05,6,6,12,50.0,1204.6009124689544
2023-05-08,6,6,12,50.0,1205.8208984351627
2023-05-09,6,6,12,50.0,1201.7041581262347
2023-05-10,6,6,12,50.0,1200.5650973273077
2023-05-11,6,6,12,50.0,1207.6718308070444
2023-05-12,6,6,12,50.0,1213.3435380446097
2023-05-15,6,6,12,50.0,1218.857357570982
2023-05-16,6,6,12,50.0,1220.268504387131
2023-05-17,7,5,12,58.333333333333336,1230.9289355094932
2023-05-18,7,5,12,58.333333333333336,1226.3259028782209
2023-05-19,7,5,12,58.333333333333336,1225.7529306867843
2023-05-22,7,5,12,58.333333333333336,1242.8303291523075
2023-05-23,7,5,12,58.333333333333336,1243.6298736145818
2023-05-24,7,5,12,58.333333333333336,1268.1920273333578
2023-05-25,7,5,12,58.333333333333336,1276.6701120335417
2023-05-26,8,4,12,66.66666666666666,1287.159806664255
2023-05-29,8,4,12,66.66666666666666,1298.7808382291294
2023-05-30,8,4,12,66.66666666666666,1301.3211380214805
2023-05-31,8,4,12,66.66666666666666,1306.0365634689394
2023-06-01,8,4,12,66.66666666666666,1314.5290217717738
2023-06-02,8,4,12,66.66666666666666,1318.196328652077
2023-06-05,8,4,12,66.66666666666666,1323.4963396210717
2023-06-06,8,4,12,66.66666666666666,1314.5845374173916
2023-06-07,8,4,12,66.66666666666666,1321.4803812971975
2023-06-08,8,4,12,66.66666666666666,1323.8720130195138
2023-06-09,8,4,12,66.66666666666666,1314.9846928844545
2023-06-12,8,4,12,66.66666666666666,1324.1005490635312
2023-06-13,8,4,12,66.66666666666666,1347.4279797333004
2023-06-14,8,4,12,66.66666666666666,1353.085907402707
2023-06-15,8,4,12,66.66666666666666,1359.4553428220806
2023-06-16,9,3,12,75.0,1376.5765136045106
2023-06-19,9,3,12,75.0,1375.9609110300187
2023-06-20,9,3,12,75.0,1383.1740419923387
2023-06-21,10,2,12,83.33333333333334,1390.6710132406245
2023-06-22,10,2,12,83.33333333333334,1374.0574351763976
2023-06-23,9,3,12,75.0,1355.2245640918431
2023-06-26,9,3,12,75.0,1364.1393425996698
2023-06-27,10,2,12,83.33333333333334,1373.7078912312552
2023-06-28,10,2,12,83.33333333333334,1374.8125303017673
2023-06-30,10,2,12,83.33333333333334,1382.6874047362858
2023-07-03,10,2,12,83.33333333333334,1380.7500046557068
2023-07-04,10,2,12,83.33333333333334,1376.1093262461816
2023-07-05,10,2,12,83.33333333333334,1379.4424506778591
2023-07-06,10,2,12,83.33333333333334,1393.2546523929263
2023-07-07,10,2,12,83.33333333333334,1391.9181151831053
2023-07-10,10,2,12,83.33333333333334,1389.3040082491248
2023-07-11,10,2,12,83.33333333333334,1411.848393343684
2023-07-12,10,2,12,83.33333333333334,1415.864750151528
2023-07-13,9,3,12,75.0,1400.9656463152849
2023-07-14,10,2,12,83.33333333333334,1414.2834533044693
2023-07-17,10,2,12,83.33333333333334,1417.818599929818
2023-07-18,9,3,12,75.0,1413.0781772592493
2023-07-19,10,2,12,83.33333333333334,1423.5969181640617
2023-07-20,10,2,12,83.33333333333334,1422.138376491003
2023-07-21,10,2,12,83.33333333333334,1409.5767997685393
2023-07-24,10,2,12,83.33333333333334,1402.4315841607781
2023-07-25,9,3,12,75.0,1408.6646798375525
2023-07-26,9,3,12,75.0,1411.35464433132
2023-07-27,9,3,12,75.0,1407.1996574212185
2023-07-28,10,2,12,83.33333333333334,1419.0108750009706
2023-07-31,10,2,12,83.33333333333334,1433.1495183818288
2023-08-01,10,2,12,83.33333333333334,1435.5570163441785
2023-08-02,10,2,12,83.33333333333334,1422.0951794875455
2023-08-03,10,2,12,83.33333333333334,1432.1551488521864
2023-08-04,11,1,12,91.66666666666666,1454.6432707683198
2023-08-07,11,1,12,91.66666666666666,1464.6209494667387
2023-08-08,10,2,12,83.33333333333334,1476.5907652767535
2023-08-09,11,1,12,91.66666666666666,1485.5466664176274
2023-08-10,11,1,12,91.66666666666666,1476.3665359506736
2023-08-11,11,1,12,91.66666666666666,1484.3451858989556
2023-08-14,11,1,12,91.66666666666666,1490.6561439133636
2023-08-16,11,1,12,91.66666666666666,1493.3033850011432
2023-08-17,11,1,12,91.66666666666666,1523.6603493633772
2023-08-18,10,2,12,83.33333333333334,1514.3418022355957
2023-08-21,10,2,12,83.33333333333334,1528.8623847948807
2023-08-22,11,1,12,91.66666666666666,1542.0367953039215
2023-08-23,12,0,12,100.0,1549.9527588500441
2023-08-24,12,0,12,100.0,1538.4024384117038
2023-08-25,11,1,12,91.66666666666666,1525.609032509021
2023-08-28,11,1,12,91.66666666666666,1549.123783424127
2023-08-29,11,1,12,91.66666666666666,1571.3467873090888
2023-08-30,12,0,12,100.0,1576.6089234272933
2023-08-31,11,1,12,91.66666666666666,1589.5527567440663
2023-09-01,12,0,12,100.0,1603.3770895262535
2023-09-04,12,0,12,100.0,1600.3875660560382
2023-09-05,12,0,12,100.0,1596.2012679028749
2023-09-06,12,0,12,100.0,1599.188347240453
2023-09-07,12,0,12,100.0,1616.1473744180485
2023-09-08,12,0,12,100.0,1631.5705547878306
2023-09-11,12,0,12,100.0,1634.9035198299898
2023-09-12,12,0,12,100.0,1590.7021573934458
2023-09-13,12,0,12,100.0,1583.19924127306
2023-09-14,12,0,12,100.0,1585.740890013224
2023-09-15,12,0,12,100.0,1598.5132034076753
2023-09-18,12,0,12,100.0,1598.5898470241077
2023-09-20,12,0,12,100.0,1603.708167729243
2023-09-21,12,0,12,100.0,1589.248556766466
2023-09-22,11,1,12,91.66666666666666,1582.8467825597927
2023-09-25,11,1,12,91.66666666666666,1585.5923728175555
2023-09-26,11,1,12,91.66666666666666,1592.0268813171242
2023-09-27,12,0,12,100.0,1603.9893191914055
2023-09-28,12,0,12,100.0,1590.0290292662605
2023-09-29,12,0,12,100.0,1594.9784030290741
2023-10-03,12,0,12,100.0,1602.9822603285102
2023-10-04,12,0,12,100.0,1589.8320417788507
2023-10-05,12,0,12,100.0,1601.5622905790551
2023-10-06,12,0,12,100.0,1618.4369656831027
2023-10-09,11,1,12,91.66666666666666,1600.1276504441182
2023-10-10,12,0,12,100.0,1613.0997760513565
2023-10-11,12,0,12,100.0,1631.5888183400084
2023-10-12,12,0,12,100.0,1645.6110216316467
2023-10-13,12,0,12,100.0,1639.8477862232855
2023-10-16,12,0,12,100.0,1649.293738455739
2023-10-17,12,0,12,100.0,1656.6447269101889
2023-10-18,12,0,12,100.0,1655.1949914026925
2023-10-19,12,0,12,100.0,1657.0849258354367
2023-10-20,10,2,12,83.33333333333334,1642.2166760163855
2023-10-23,9,3,12,75.0,1604.4127244127633
2023-10-25,8,4,12,66.66666666666666,1607.5498760572298
2023-10-26,8,4,12,66.66666666666666,1588.4241576181666
2023-10-27,9,3,12,75.0,1607.0800973945938
2023-10-30,10,2,12,83.33333333333334,1604.1375152021164
2023-10-31,10,2,12,83.33333333333334,1602.4342880427835
2023-11-01,9,3,12,75.0,1606.3610095092233
2023-11-02,10,2,12,83.33333333333334,1618.9712776684753
2023-11-03,10,2,12,83.33333333333334,1644.2767103769977
2023-11-06,9,3,12,75.0,1653.0096207343863
2023-11-07,8,4,12,66.66666666666666,1655.5741323570157
2023-11-08,8,4,12,66.66666666666666,1665.3534902056808
2023-11-09,10,2,12,83.33333333333334,1652.0958865694859
2023-11-10,9,3,12,75.0,1649.456209390321
2023-11-12,10,2,12,83.33333333333334,1661.703911765566
2023-11-13,9,3,12,75.0,1655.0975069464832
2023-11-15,9,3,12,75.0,1672.3143080910397
2023-11-16,9,3,12,75.0,1684.0739043421313
2023-11-17,9,3,12,75.0,1682.2872071236095
2023-11-20,10,2,12,83.33333333333334,1691.0031418821727
2023-11-21,12,0,12,100.0,1711.2778825646178
2023-11-22,11,1,12,91.66666666666666,1710.3624542916014
2023-11-23,11,1,12,91.66666666666666,1705.9619604781935
2023-11-24,10,2,12,83.33333333333334,1703.833118711458
2023-11-28,9,3,12,75.0,1696.010622152478
2023-11-29,10,2,12,83.33333333333334,1685.8919199230975
2023-11-30,11,1,12,91.66666666666666,1708.2966081930063
2023-12-01,11,1,12,91.66666666666666,1717.7317779044592
2023-12-04,11,1,12,91.66666666666666,1712.507379001193
2023-12-05,11,1,12,91.66666666666666,1729.4571136567974
2023-12-06,11,1,12,91.66666666666666,1718.0470629574465
2023-12-07,11,1,12,91.66666666666666,1721.9043349423823
2023-12-08,11,1,12,91.66666666666666,1721.8412904933784
2023-12-11,11,1,12,91.66666666666666,1734.0025036187687
2023-12-12,11,1,12,91.66666666666666,1721.3887109972943
2023-12-13,11,1,12,91.66666666666666,1722.2365023051832
2023-12-14,11,1,12,91.66666666666666,1733.893367908576
2023-12-15,11,1,12,91.66666666666666,1736.7050511429156
2023-12-18,11,1,12,91.66666666666666,1735.7673849982277
2023-12-19,11,1,12,91.66666666666666,1751.9777972282818
2023-12-20,11,1,12,91.66666666666666,1727.1818365323543
2023-12-21,11,1,12,91.66666666666666,1750.8661629568192
2023-12-22,11,1,12,91.66666666666666,1759.601425031458
2023-12-26,11,1,12,91.66666666666666,1764.6565911243576
2023-12-27,11,1,12,91.66666666666666,1774.4442824554365
2023-12-28,11,1,12,91.66666666666666,1765.445011306149
2023-12-29,11,1,12,91.66666666666666,1776.76738433263
2024-01-01,11,1,12,91.66666666666666,1779.3118962962797
2024-01-02,11,1,12,91.66666666666666,1766.7096945234182
2024-01-03,11,1,12,91.66666666666666,1769.504268959511
2024-01-04,11,1,12,91.66666666666666,1779.8785285757738
2024-01-05,11,1,12,91.66666666666666,1784.8764525755464
2024-01-08,10,2,12,83.33333333333334,1780.568891049732
2024-01-09,10,2,12,83.33333333333334,1791.491295427754
2024-01-10,10,2,12,83.33333333333334,1803.1283637410738
2024-01-11,10,2,12,83.33333333333334,1828.283292876103
2024-01-12,10,2,12,83.33333333333334,1842.2944224692633
2024-01-15,10,2,12,83.33333333333334,1844.2204947809525
2024-01-16,10,2,12,83.33333333333334,1838.8507597874586
2024-01-17,10,2,12,83.33333333333334,1832.075312347868
2024-01-18,10,2,12,83.33333333333334,1815.982585762265
2024-01-19,10,2,12,83.33333333333334,1813.5548495148144
2024-01-20,10,2,12,83.33333333333334,1802.2723988612308
2024-01-23,9,3,12,75.0,1757.5681773914112
2024-01-24,9,3,12,75.0,1783.9002278613964
2024-01-25,9,3,12,75.0,1775.8715480053734
2024-01-29,9,3,12,75.0,1797.708315086365
2024-01-30,9,3,12,75.0,1791.0318906405496
2024-01-31,9,3,12,75.0,1812.4278853610467
2024-02-01,9,3,12,75.0,1807.9734066320107
2024-02-02,10,2,12,83.33333333333334,1819.2938230308919
2024-02-05,9,3,12,75.0,1792.3319520716625
2024-02-06,8,4,12,66.66666666666666,1792.6366791620317
2024-02-07,8,4,12,66.66666666666666,1802.1010705806982
2024-02-08,8,4,12,66.66666666666666,1791.5469666917982
2024-02-09,8,4,12,66.66666666666666,1791.4429427364273
2024-02-12,7,5,12,58.333333333333336,1754.0350723775755
2024-02-13,8,4,12,66.66666666666666,1769.3913626126548
2024-02-14,7,5,12,58.333333333333336,1774.3857971539917
2024-02-15,7,5,12,58.333333333333336,1801.301926744534
2024-02-16,8,4,12,66.66666666666666,1808.2317748091427
2024-02-19,8,4,12,66.66666666666666,1831.314052148481
2024-02-20,8,4,12,66.66666666666666,1821.6319094906598
2024-02-21,8,4,12,66.66666666666666,1817.3701926639933
2024-02-22,9,3,12,75.0,1820.590576887454
2024-02-23,8,4,12,66.66666666666666,1826.090880393349
2024-02-26,7,5,12,58.333333333333336,1809.2663906359192
2024-02-27,7,5,12,58.333333333333336,1817.9848114286308
2024-02-28,7,5,12,58.333333333333336,1817.019045530804
2024-02-29,7,5,12,58.333333333333336,1821.5650781942593
2024-03-01,8,4,12,66.66666666666666,1835.4973887346225
2024-03-02,8,4,12,66.66666666666666,1860.2623190412323
2024-03-04,8,4,12,66.66666666666666,1853.2277845753595
2024-03-05,8,4,12,66.66666666666666,1839.353872172543
2024-03-06,7,5,12,58.333333333333336,1823.6225021480789
2024-03-07,7,5,12,58.333333333333336,1831.5552354408705
2024-03-11,7,5,12,58.333333333333336,1814.8651870321053
2024-03-12,7,5,12,58.333333333333336,1789.5412400128128
2024-03-13,7,5,12,58.333333333333336,1752.7850172427165
2024-03-14,7,5,12,58.333333333333336,1762.8399446155793
2024-03-15,7,5,12,58.333333333333336,1757.7659333966305
2024-03-18,7,5,12,58.333333333333336,1766.0741456499334
2024-03-19,7,5,12,58.333333333333336,1747.0741270324293
2024-03-20,7,5,12,58.333333333333336,1741.4942796228577
2024-03-21,7,5,12,58.333333333333336,1767.0183608583488
2024-03-22,7,5,12,58.333333333333336,1772.4497577851992
2024-03-26,7,5,12,58.333333333333336,1779.4417476511144
2024-03-27,7,5,12,58.333333333333336,1792.0631078828674
2024-03-28,7,5,12,58.333333333333336,1809.3439027322738
2024-04-01,7,5,12,58.333333333333336,1843.485892502541
2024-04-02,7,5,12,58.333333333333336,1882.5100690694537
2024-04-03,7,5,12,58.333333333333336,1897.0467258338313
2024-04-04,7,5,12,58.333333333333336,1894.7098568406286
2024-04-05,7,5,12,58.333333333333336,1897.039413254108
2024-04-08,7,5,12,58.333333333333336,1921.3539721183408
2024-04-09,7,5,12,58.333333333333336,1912.7217805229711
2024-04-10,7,5,12,58.333333333333336,1920.085580703371
2024-04-12,8,4,12,66.66666666666666,1920.5039979288447
2024-04-15,7,5,12,58.333333333333336,1890.6396524337513
2024-04-16,7,5,12,58.333333333333336,1891.0787881044594
2024-04-18,8,4,12,66.66666666666666,1891.8742050825663
2024-04-19,9,3,12,75.0,1900.5509718600717
2024-04-22,10,2,12,83.33333333333334,1943.3803012535936
2024-04-23,10,2,12,83.33333333333334,1972.018052891522
2024-04-24,10,2,12,83.33333333333334,1987.2751083716341
2024-04-25,10,2,12,83.33333333333334,1978.1412338799007
2024-04-26,10,2,12,83.33333333333334,1996.658074738729
2024-04-29,10,2,12,83.33333333333334,1995.3043916388176
2024-04-30,10,2,12,83.33333333333334,2018.873921241028
2024-05-02,10,2,12,83.33333333333334,2027.1204806187225
2024-05-03,10,2,12,83.33333333333334,2013.4123396392265
2024-05-06,8,4,12,66.66666666666666,1987.4776435938265
2024-05-07,8,4,12,66.66666666666666,1966.3891996576308
2024-05-08,8,4,12,66.66666666666666,1963.3584429527464
2024-05-09,8,4,12,66.66666666666666,1937.5579414960682
2024-05-10,8,4,12,66.66666666666666,1958.570356804033
2024-05-13,8,4,12,66.66666666666666,1952.3564121094012
2024-05-14,8,4,12,66.66666666666666,1972.527929378923
2024-05-15,9,3,12,75.0,1986.4867672065398
2024-05-16,9,3,12,75.0,2018.730725422645
2024-05-17,9,3,12,75.0,2081.608907292399
2024-05-18,9,3,12,75.0,2099.411001095681
2024-05-21,9,3,12,75.0,2101.5374393950206
2024-05-22,9,3,12,75.0,2096.095830421105
2024-05-23,10,2,12,83.33333333333334,2113.82917043136
2024-05-24,9,3,12,75.0,2115.246345726323
2024-05-27,9,3,12,75.0,2123.0337706516975
2024-05-28,9,3,12,75.0,2109.2469084972686
2024-05-29,9,3,12,75.0,2108.8423691291246
2024-05-30,9,3,12,75.0,2074.5746704281446
2024-05-31,9,3,12,75.0,2096.446701464263
2024-06-03,9,3,12,75.0,2134.888767337443
2024-06-04,8,4,12,66.66666666666666,2038.943263292932
2024-06-05,9,3,12,75.0,2121.5182317488216
2024-06-06,9,3,12,75.0,2137.924691159447
2024-06-07,9,3,12,75.0,2192.129247138159
2024-06-10,9,3,12,75.0,2224.4691079318577
2024-06-11,10,2,12,83.33333333333334,2243.8378724526024
2024-06-12,10,2,12,83.33333333333334,2267.5876458897496
2024-06-13,10,2,12,83.33333333333334,2288.2589725247535
2024-06-14,10,2,12,83.33333333333334,2299.374325740149
2024-06-18,11,1,12,91.66666666666666,2342.219687764415
2024-06-19,10,2,12,83.33333333333334,2325.0337796853046
2024-06-20,10,2,12,83.33333333333334,2335.2211070031326
2024-06-21,10,2,12,83.33333333333334,2351.5935887416513
2024-06-24,10,2,12,83.33333333333334,2375.2961405917617
2024-06-25,10,2,12,83.33333333333334,2374.110598599026
2024-06-26,10,2,12,83.33333333333334,2382.222030414684
2024-06-27,10,2,12,83.33333333333334,2407.6126932766842
2024-06-28,11,1,12,91.66666666666666,2435.7661078688534
2024-07-01,10,2,12,83.33333333333334,2469.2526983572134
2024-07-02,10,2,12,83.33333333333334,2457.5860821058263
2024-07-03,10,2,12,83.33333333333334,2453.8857923049413
2024-07-04,11,1,12,91.66666666666666,2463.262671147421
2024-07-05,11,1,12,91.66666666666666,2470.481747920056
2024-07-08,11,1,12,91.66666666666666,2459.8051539827093
2024-07-09,11,1,12,91.66666666666666,2517.552979100249
2024-07-10,11,1,12,91.66666666666666,2505.3529845747976
2024-07-11,11,1,12,91.66666666666666,2511.2047885335473
2024-07-12,11,1,12,91.66666666666666,2488.787594637025
2024-07-15,11,1,12,91.66666666666666,2494.4337408344713
2024-07-16,11,1,12,91.66666666666666,2502.6955977431544
2024-07-18,11,1,12,91.66666666666666,2466.6698194498804
2024-07-19,11,1,12,91.66666666666666,2419.1661171851283
2024-07-22,11,1,12,91.66666666666666,2448.149631245617
2024-07-23,11,1,12,91.66666666666666,2474.2747999475387
2024-07-24,11,1,12,91.66666666666666,2524.909954847805
2024-07-25,11,1,12,91.66666666666666,2543.4715844240595
2024-07-26,12,0,12,100.0,2562.9011805075274
2024-07-29,11,1,12,91.66666666666666,2593.103502833878
2024-07-30,11,1,12,91.66666666666666,2601.969655145848
2024-07-31,11,1,12,91.66666666666666,2609.8859814121197
2024-08-01,11,1,12,91.66666666666666,2591.167202954945
2024-08-02,11,1,12,91.66666666666666,2573.367325862113
2024-08-05,11,1,12,91.66666666666666,2481.1019855582995
2024-08-06,11,1,12,91.66666666666666,2470.090951190757
2024-08-07,10,2,12,83.33333333333334,2505.878762278976
2024-08-08,10,2,12,83.33333333333334,2494.6230785371117
2024-08-09,10,2,12,83.33333333333334,2498.24623450656
2024-08-12,10,2,12,83.33333333333334,2515.240494272325
2024-08-13,10,2,12,83.33333333333334,2526.0714697104936
2024-08-14,10,2,12,83.33333333333334,2525.669845808539
2024-08-16,10,2,12,83.33333333333334,2582.094232422822
2024-08-19,10,2,12,83.33333333333334,2616.0550777857175
2024-08-20,10,2,12,83.33333333333334,2618.00288329965
2024-08-21,11,1,12,91.66666666666666,2633.6004627308744
2024-08-22,11,1,12,91.66666666666666,2673.6577731722336
2024-08-23,11,1,12,91.66666666666666,2670.2920923448014
2024-08-26,11,1,12,91.66666666666666,2677.807763578824
2024-08-27,11,1,12,91.66666666666666,2675.188215192517
2024-08-28,11,1,12,91.66666666666666,2683.902894628469
2024-08-29,11,1,12,91.66666666666666,2696.644990776436
2024-08-30,11,1,12,91.66666666666666,2713.058442178683
2024-09-02,12,0,12,100.0,2705.576816781348
2024-09-03,12,0,12,100.0,2746.8729506353684
2024-09-04,11,1,12,91.66666666666666,2762.9843213603913
2024-09-05,11,1,12,91.66666666666666,2780.186049931739
2024-09-06,11,1,12,91.66666666666666,2757.6299954934784
2024-09-09,11,1,12,91.66666666666666,2772.8195863113237
2024-09-10,11,1,12,91.66666666666666,2787.4269094880938
2024-09-11,11,1,12,91.66666666666666,2785.7171144001823
2024-09-12,11,1,12,91.66666666666666,2823.278505014565
2024-09-13,11,1,12,91.66666666666666,2857.7497400253883
2024-09-16,11,1,12,91.66666666666666,2865.3794425872543
2024-09-17,11,1,12,91.66666666666666,2870.130979614067
2024-09-18,11,1,12,91.66666666666666,2857.7279279947325
2024-09-19,11,1,12,91.66666666666666,2852.378824413677
2024-09-20,11,1,12,91.66666666666666,2880.0592367087816
2024-09-23,11,1,12,91.66666666666666,2940.6513562239775
2024-09-24,11,1,12,91.66666666666666,2946.1996144213617
2024-09-25,11,1,12,91.66666666666666,2960.1420026951278
2024-09-26,11,1,12,91.66666666666666,2925.8855779047467
2024-09-27,12,0,12,100.0,2929.833253166928
2024-09-30,12,0,12,100.0,2925.7644156138094
2024-10-01,11,1,12,91.66666666666666,2946.5961392851245
2024-10-03,11,1,12,91.66666666666666,2925.5289030680365
2024-10-04,11,1,12,91.66666666666666,2882.763165523086
2024-10-07,11,1,12,91.66666666666666,2809.991275647635
2024-10-08,10,2,12,83.33333333333334,2879.9709377590675
2024-10-09,10,2,12,83.33333333333334,2909.5014872791357
2024-10-10,10,2,12,83.33333333333334,2904.3265297558937
2024-10-11,10,2,12,83.33333333333334,2905.2824384089463
2024-10-14,10,2,12,83.33333333333334,2930.7684014095726
2024-10-15,11,1,12,91.66666666666666,2945.6028726396235
2024-10-16,10,2,12,83.33333333333334,2944.079948866854
2024-10-17,11,1,12,91.66666666666666,2899.0401218294087
2024-10-18,11,1,12,91.66666666666666,2915.575511388456
2024-10-21,11,1,12,91.66666666666666,2913.787322325659
2024-10-22,9,3,12,75.0,2819.56381696429
2024-10-23,9,3,12,75.0,2848.969515878294
2024-10-24,9,3,12,75.0,2821.993142589879
2024-10-25,8,4,12,66.66666666666666,2758.7600866657876
2024-10-28,8,4,12,66.66666666666666,2766.468046296656
2024-10-29,8,4,12,66.66666666666666,2770.6003086651767
2024-10-30,8,4,12,66.66666666666666,2739.9948905410165
2024-10-31,8,4,12,66.66666666666666,2731.4159270306814
2024-11-01,8,4,12,66.66666666666666,2761.9765831618374
2024-11-04,8,4,12,66.66666666666666,2724.792462966508
2024-11-05,8,4,12,66.66666666666666,2745.048587449046
2024-11-06,8,4,12,66.66666666666666,2824.835767972663
2024-11-07,8,4,12,66.66666666666666,2802.7715772483125
2024-11-08,8,4,12,66.66666666666666,2806.603774197052
2024-11-11,8,4,12,66.66666666666666,2762.4556988908025
2024-11-12,8,4,12,66.66666666666666,2725.0916142733417
2024-11-13,8,4,12,66.66666666666666,2686.476966370227
2024-11-14,7,5,12,58.333333333333336,2687.7538208860888
2024-11-18,8,4,12,66.66666666666666,2695.650634044713
2024-11-19,8,4,12,66.66666666666666,2740.671361503385
2024-11-21,7,5,12,58.333333333333336,2737.993676464804
2024-11-22,7,5,12,58.333333333333336,2771.042365157961
2024-11-25,8,4,12,66.66666666666666,2806.477934856807
2024-11-26,8,4,12,66.66666666666666,2809.663824485443
2024-11-27,8,4,12,66.66666666666666,2828.5742688588916
2024-11-28,8,4,12,66.66666666666666,2798.1489197747082
2024-11-29,9,3,12,75.0,2834.742569697125
2024-12-02,9,3,12,75.0,2880.427603927916
2024-12-03,10,2,12,83.33333333333334,2886.922505094776
2024-12-04,9,3,12,75.0,2908.398436635346
2024-12-05,9,3,12,75.0,2904.0341215371077
2024-12-06,9,3,12,75.0,2939.2487455813
2024-12-09,9,3,12,75.0,2968.955456898647
2024-12-10,10,2,12,83.33333333333334,2976.490717173394
2024-12-11,9,3,12,75.0,2998.4695298632178
2024-12-12,10,2,12,83.33333333333334,2975.554089838374
2024-12-13,11,1,12,91.66666666666666,3001.4838869947403
2024-12-16,10,2,12,83.33333333333334,3051.3999989914514
2024-12-17,9,3,12,75.0,3015.550237855756
2024-12-18,8,4,12,66.66666666666666,2987.813499070327
2024-12-19,8,4,12,66.66666666666666,2976.6805446507537
2024-12-20,7,5,12,58.333333333333336,2923.2248844874916
2024-12-23,8,4,12,66.66666666666666,2959.1311673240666
2024-12-24,8,4,12,66.66666666666666,2978.4494413183716
2024-12-26,8,4,12,66.66666666666666,3003.3985521440404
2024-12-27,8,4,12,66.66666666666666,3003.3746976241773
2024-12-30,7,5,12,58.333333333333336,3020.854884603826
2024-12-31,7,5,12,58.333333333333336,3036.354149277436
2025-01-01,6,6,12,50.0,3071.903525562294
2025-01-02,7,5,12,58.333333333333336,3093.3328908613453
2025-01-03,9,3,12,75.0,3112.767799569847
2025-01-06,8,4,12,66.66666666666666,3041.1964670488787
2025-01-07,8,4,12,66.66666666666666,3028.7328557240453
2025-01-08,8,4,12,66.66666666666666,2966.0798372302233
2025-01-09,8,4,12,66.66666666666666,2924.7924187076114
2025-01-10,7,5,12,58.333333333333336,2874.7584348644823
2025-01-13,5,7,12,41.66666666666667,2723.368966194616
2025-01-14,6,6,12,50.0,2757.5498494411713
2025-01-15,5,7,12,41.66666666666667,2761.316358756033
2025-01-16,4,8,12,33.33333333333333,2762.8085170401473
2025-01-17,4,8,12,33.33333333333333,2744.255066568149
2025-01-20,4,8,12,33.33333333333333,2764.9137508979047
2025-01-21,4,8,12,33.33333333333333,2646.0333480101744
2025-01-22,4,8,12,33.33333333333333,2600.995804084986
2025-01-23,4,8,12,33.33333333333333,2659.1810688690493
2025-01-24,4,8,12,33.33333333333333,2616.3774024781146
2025-01-27,4,8,12,33.33333333333333,2551.3870020646127
2025-01-28,3,9,12,25.0,2508.952639073924
2025-01-29,4,8,12,33.33333333333333,2566.873909626971
2025-01-30,4,8,12,33.33333333333333,2479.2131509519413
2025-01-31,5,7,12,41.66666666666667,2532.520840948081
2025-02-01,5,7,12,41.66666666666667,2629.071335754522
2025-02-03,6,6,12,50.0,2635.5569601366356
2025-02-04,5,7,12,41.66666666666667,2658.1034501234813
2025-02-05,5,7,12,41.66666666666667,2658.9672449908894
2025-02-06,4,8,12,33.33333333333333,2623.0868684205366
2025-02-07,5,7,12,41.66666666666667,2645.608928972579
2025-02-10,4,8,12,33.33333333333333,2584.3087983180476
2025-02-11,4,8,12,33.33333333333333,2518.805346129866
2025-02-12,4,8,12,33.33333333333333,2505.9095622044806
2025-02-13,4,8,12,33.33333333333333,2506.2649142769433
2025-02-14,4,8,12,33.33333333333333,2426.0366142904763
2025-02-17,4,8,12,33.33333333333333,2442.559017851015
2025-02-18,4,8,12,33.33333333333333,2386.285612359491
2025-02-19,4,8,12,33.33333333333333,2417.4685051030456
2025-02-20,4,8,12,33.33333333333333,2441.8733954581617
2025-02-21,4,8,12,33.33333333333333,2440.8453713561194
2025-02-24,4,8,12,33.33333333333333,2430.2947042619458
2025-02-25,4,8,12,33.33333333333333,2443.975869592644
2025-02-27,4,8,12,33.33333333333333,2412.268080324988
2025-02-28,4,8,12,33.33333333333333,2362.9206650620495
2025-03-03,4,8,12,33.33333333333333,2386.1563830005734
2025-03-04,4,8,12,33.33333333333333,2417.112734806981
2025-03-05,4,8,12,33.33333333333333,2456.9901661512577
2025-03-06,4,8,12,33.33333333333333,2481.0103516688237
2025-03-07,3,9,12,25.0,2467.6371998697073
2025-03-10,3,9,12,25.0,2438.360876714838
2025-03-11,3,9,12,25.0,2436.5924879929157
2025-03-12,3,9,12,25.0,2448.649023436572
2025-03-13,3,9,12,25.0,2423.5717645754307
2025-03-17,3,9,12,25.0,2431.067932297445
2025-03-18,3,9,12,25.0,2499.6451205444137
2025-03-19,3,9,12,25.0,2552.9190313899485
2025-03-20,3,9,12,25.0,2573.363545509364
2025-03-21,3,9,12,25.0,2554.353266489826
2025-03-24,4,8,12,33.33333333333333,2582.4432581621363
2025-03-25,3,9,12,25.0,2526.779359484886
2025-03-26,3,9,12,25.0,2516.762640988037
2025-03-27,3,9,12,25.0,2540.032988825414
2025-03-28,3,9,12,25.0,2532.9409523097647
2025-04-01,3,9,12,25.0,2488.7403372039466
2025-04-02,3,9,12,25.0,2535.6773569763277
2025-04-03,3,9,12,25.0,2537.61416828787
2025-04-04,3,9,12,25.0,2455.4089898742873
2025-04-07,3,9,12,25.0,2391.838270531227
2025-04-08,3,9,12,25.0,2454.1921631660457
2025-04-09,3,9,12,25.0,2436.437850615319
2025-04-11,3,9,12,25.0,2521.907891400712
2025-04-15,4,8,12,33.33333333333333,2567.6410629634775
2025-04-16,4,8,12,33.33333333333333,2575.4799036287545
2025-04-17,4,8,12,33.33333333333333,2578.9408569383745
2025-04-21,4,8,12,33.33333333333333,2596.0866593799947
2025-04-22,4,8,12,33.33333333333333,2632.975927897374
2025-04-23,4,8,12,33.33333333333333,2598.580062953997
2025-04-24,4,8,12,33.33333333333333,2584.708942032746
2025-04-25,4,8,12,33.33333333333333,2519.346694946465
2025-04-28,4,8,12,33.33333333333333,2545.44599452288
2025-04-29,4,8,12,33.33333333333333,2568.0506529918366
2025-04-30,4,8,12,33.33333333333333,2533.504487819619
2025-05-02,3,9,12,25.0,2498.5174323926017
2025-05-05,3,9,12,25.0,2526.1983971414697
2025-05-06,3,9,12,25.0,2471.9894180063966
2025-05-07,3,9,12,25.0,2520.7181426793773
2025-05-08,4,8,12,33.33333333333333,2485.4144056091195
2025-05-09,3,9,12,25.0,2477.624211347228
2025-05-12,4,8,12,33.33333333333333,2568.6243346403203
2025-05-13,4,8,12,33.33333333333333,2557.901920908236
2025-05-14,4,8,12,33.33333333333333,2558.41007588522
2025-05-15,4,8,12,33.33333333333333,2582.051609760521
2025-05-16,4,8,12,33.33333333333333,2612.080376952728
2025-05-19,4,8,12,33.33333333333333,2616.716137501765
2025-05-20,4,8,12,33.33333333333333,2604.4138194769776
2025-05-21,4,8,12,33.33333333333333,2608.4528288454535
2025-05-22,4,8,12,33.33333333333333,2582.0206609872066
2025-05-23,4,8,12,33.33333333333333,2586.9162273132083
2025-05-26,4,8,12,33.33333333333333,2611.0861994391303
2025-05-27,4,8,12,33.33333333333333,2598.995756329924
2025-05-28,3,9,12,25.0,2594.184733840013
2025-05-29,3,9,12,25.0,2590.63379835909
2025-05-30,3,9,12,25.0,2580.6082533720078
2025-06-02,3,9,12,25.0,2579.536433839714
2025-06-03,3,9,12,25.0,2548.133893065903
2025-06-04,2,10,12,16.666666666666664,2550.518486374226
2025-06-05,3,9,12,25.0,2559.884368251227
2025-06-06,3,9,12,25.0,2585.6544358918263
2025-06-09,3,9,12,25.0,2607.5061233044858
2025-06-10,2,10,12,16.666666666666664,2621.3981649932653
2025-06-11,2,10,12,16.666666666666664,2620.3108257553886
2025-06-12,2,10,12,16.666666666666664,2580.762145533823
2025-06-13,2,10,12,16.666666666666664,2567.288492383816
2025-06-16,2,10,12,16.666666666666664,2585.0571372845197
2025-06-17,2,10,12,16.666666666666664,2574.6221648194387
2025-06-18,2,10,12,16.666666666666664,2585.006802599854
2025-06-19,2,10,12,16.666666666666664,2540.5379206105245
2025-06-20,2,10,12,16.666666666666664,2563.681656435102
2025-06-23,2,10,12,16.666666666666664,2595.127074284969
2025-06-24,3,9,12,25.0,2620.590068167622
2025-06-25,3,9,12,25.0,2644.6474264890394
2025-06-26,3,9,12,25.0,2664.1164718743958
2025-06-27,3,9,12,25.0,2652.108001688791
2025-06-30,3,9,12,25.0,2657.4987308760765
2025-07-01,3,9,12,25.0,2666.6702841314905
2025-07-02,3,9,12,25.0,2707.0505636993
2025-07-03,3,9,12,25.0,2740.430074672162
2025-07-04,3,9,12,25.0,2744.538808305576
2025-07-07,4,8,12,33.33333333333333,2741.055940506265
2025-07-08,4,8,12,33.33333333333333,2710.5737146206884
2025-07-09,5,7,12,41.66666666666667,2742.28884371072
2025-07-10,4,8,12,33.33333333333333,2743.3805491865046
2025-07-11,3,9,12,25.0,2721.0635103021486
2025-07-14,4,8,12,33.33333333333333,2745.3216919303995
2025-07-15,5,7,12,41.66666666666667,2784.990177485925
2025-07-16,6,6,12,50.0,2777.9598045850503
2025-07-17,6,6,12,50.0,2796.1206031499983
2025-07-18,6,6,12,50.0,2775.9249259963954
2025-07-21,6,6,12,50.0,2778.039404658686
2025-07-22,5,7,12,41.66666666666667,2760.8000882344427
2025-07-23,5,7,12,41.66666666666667,2770.71891625231
2025-07-24,6,6,12,50.0,2761.7954999855046
2025-07-25,6,6,12,50.0,2729.2973730838785
2025-07-28,5,7,12,41.66666666666667,2724.086959903732
2025-07-29,6,6,12,50.0,2742.828960416009
2025-07-30,6,6,12,50.0,2752.241585076533
2025-07-31,5,7,12,41.66666666666667,2729.524646081702
2025-08-01,4,8,12,33.33333333333333,2698.698726353196
2025-08-04,5,7,12,41.66666666666667,2737.0682996191035
2025-08-05,5,7,12,41.66666666666667,2728.9847777796617
2025-08-06,5,7,12,41.66666666666667,2702.33832564258
2025-08-07,5,7,12,41.66666666666667,2717.0707999492897
2025-08-08,4,8,12,33.33333333333333,2626.920210081747
2025-08-11,4,8,12,33.33333333333333,2571.840382100635
2025-08-12,4,8,12,33.33333333333333,2541.3046339477
2025-08-13,4,8,12,33.33333333333333,2532.9963222268916
2025-08-14,4,8,12,33.33333333333333,2540.600637666547
2025-08-18,5,7,12,41.66666666666667,2649.1176026400863
2025-08-19,6,6,12,50.0,2664.227934077804
2025-08-20,6,6,12,50.0,2660.045478687789
2025-08-21,5,7,12,41.66666666666667,2657.2972078924854
2025-08-22,5,7,12,41.66666666666667,2651.9424169877157
2025-08-25,5,7,12,41.66666666666667,2667.980891951045
2025-08-26,5,7,12,41.66666666666667,2614.957006514145
2025-08-28,5,7,12,41.66666666666667,2623.077618317827
2025-08-29,5,7,12,41.66666666666667,2627.049522780129
2025-09-01,6,6,12,50.0,2693.907512705099
2025-09-02,7,5,12,58.333333333333336,2707.940383564473
2025-09-03,7,5,12,58.333333333333336,2719.24159444812
2025-09-04,6,6,12,50.0,2729.9381903686444
2025-09-05,8,4,12,66.66666666666666,2732.359505474326
2025-09-08,8,4,12,66.66666666666666,2715.617304694745
2025-09-09,8,4,12,66.66666666666666,2728.539353294001
2025-09-10,7,5,12,58.333333333333336,2727.731644610548
2025-09-11,6,6,12,50.0,2716.620850098334
2025-09-12,9,3,12,75.0,2722.4226266262904
2025-09-15,9,3,12,75.0,2727.168262070347
2025-09-16,9,3,12,75.0,2752.9468728840475
2025-09-17,9,3,12,75.0,2749.2884005439923
2025-09-18,8,4,12,66.66666666666666,2746.721173095202
2025-09-19,8,4,12,66.66666666666666,2735.601220302905
2025-09-22,7,5,12,58.333333333333336,2714.9716231593525
2025-09-23,6,6,12,50.0,2695.543034477919
2025-09-24,5,7,12,41.66666666666667,2673.674460241357
2025-09-25,4,8,12,33.33333333333333,2642.7009477928755
2025-09-26,4,8,12,33.33333333333333,2583.329490272018
2025-09-29,5,7,12,41.66666666666667,2567.2966054669187
2025-09-30,4,8,12,33.33333333333333,2552.186868806484
2025-10-01,5,7,12,41.66666666666667,2573.2732020637227
2025-10-03,5,7,12,41.66666666666667,2604.528796684228
2025-10-06,5,7,12,41.66666666666667,2605.142485356317
2025-10-07,5,7,12,41.66666666666667,2619.972622246277
2025-10-08,5,7,12,41.66666666666667,2603.063005643884
2025-10-09,6,6,12,50.0,2612.3255207905963
2025-10-10,6,6,12,50.0,2656.41550945666
2025-10-13,6,6,12,50.0,2631.5863976929277
2025-10-14,6,6,13,50.0,2593.632949909603
2025-10-15,6,6,13,50.0,2618.219878695466
2025-10-16,6,6,13,50.0,2650.650831567008
2025-10-17,7,5,13,58.333333333333336,2686.5506266381144
2025-10-20,7,5,13,58.333333333333336,2678.8875149188416
2025-10-21,7,5,13,58.333333333333336,2685.222924728865
2025-10-23,6,6,13,50.0,2683.1141863022526
2025-10-24,6,6,13,50.0,2677.6900985646926
2025-10-27,6,6,13,50.0,2685.878430495043
2025-10-28,6,6,13,50.0,2662.142742639103
2025-10-29,6,6,13,50.0,2671.9962107318324
2025-10-30,7,5,13,58.333333333333336,2664.9521358725347
2025-10-31,6,6,13,50.0,2642.6564068448747
2025-11-03,6,6,13,50.0,2633.3963559188755
2025-11-04,7,5,13,58.333333333333336,2620.2737945891486
2025-11-06,4,8,13,33.33333333333333,2560.3013656394
2025-11-07,4,8,13,33.33333333333333,2531.4726179586296
2025-11-10,3,9,13,25.0,2530.190713053848
2025-11-11,3,9,13,25.0,2521.2667896260104
2025-11-12,3,9,13,25.0,2535.8193308857185
2025-11-13,3,9,13,25.0,2542.963932577589
2025-11-14,5,7,13,41.66666666666667,2546.5155895830944
2025-11-17,6,6,13,50.0,2555.612194293332
2025-11-18,5,7,13,41.66666666666667,2544.2225445462973
2025-11-19,4,8,13,33.33333333333333,2551.43578714513
2025-11-20,4,8,13,33.33333333333333,2546.014623062251
2025-11-21,4,8,13,33.33333333333333,2521.5517780599457
2025-11-24,3,9,13,25.0,2493.977568243649
2025-11-25,4,8,13,33.33333333333333,2488.362943648319
2025-11-26,4,8,13,33.33333333333333,2533.078016555045
2025-11-27,4,8,13,33.33333333333333,2489.89976246746
2025-11-28,4,8,13,33.33333333333333,2497.8027590118204
2025-12-01,3,9,13,25.0,2470.7750611362835
2025-12-02,3,9,13,25.0,2458.5099929978915
2025-12-03,2,10,13,16.666666666666664,2427.6844346190883
2025-12-04,2,10,13,16.666666666666664,2414.6431440508527
2025-12-05,1,11,13,8.333333333333332,2396.38880694924
2025-12-08,1,11,13,8.333333333333332,2346.79302447741
2025-12-09,1,11,13,8.333333333333332,2380.8339968800747
2025-12-10,2,10,13,16.666666666666664,2341.226860474776
2025-12-11,2,10,13,16.666666666666664,2358.5801903469205
2025-12-12,2,10,13,16.666666666666664,2393.411808189239
2025-12-15,3,9,13,25.0,2414.8986672153005
2025-12-16,3,9,13,25.0,2413.667903998693
2025-12-17,3,9,13,25.0,2386.6428929014846
2025-12-18,4,8,13,33.33333333333333,2392.075802188739
2025-12-19,2,10,13,16.666666666666664,2403.0825312767242
2025-12-22,2,10,13,16.666666666666664,2405.0222752719383
2025-12-23,2,10,13,16.666666666666664,2392.474275867146
2025-12-24,2,10,13,16.666666666666664,2378.1592371009847
2025-12-26,2,10,13,16.666666666666664,2370.064496890205
2025-12-29,2,10,13,16.666666666666664,2350.6366986083444
2025-12-30,2,10,13,16.666666666666664,2320.007217520234
2025-12-31,2,10,13,16.666666666666664,2345.348700142147
2026-01-01,2,10,13,16.666666666666664,2345.3656259671375
2026-01-02,3,9,13,25.0,2381.356542350579
2026-01-05,3,9,13,25.0,2417.488663693186
2026-01-06,3,9,13,25.0,2413.731156296576
2026-01-07,4,8,13,33.33333333333333,2425.807195606012
2026-01-08,3,9,13,25.0,2397.755780860839
2026-01-09,2,10,13,16.666666666666664,2364.8678794992334
2026-01-12,2,10,13,16.666666666666664,2345.1265115371607
2026-01-13,2,10,13,16.666666666666664,2328.4303893525544
2026-01-14,3,9,13,25.0,2316.4492659996686
2026-01-16,3,9,13,25.0,2316.4492659996686
2026-01-19,2,10,13,16.666666666666664,2295.085979778994
2026-01-20,1,11,13,8.333333333333332,2236.0437094535373
2026-01-21,1,11,13,8.333333333333332,2187.4885589690175
2026-01-22,1,11,13,8.333333333333332,2175.130066639128
2026-01-23,1,11,13,8.333333333333332,2144.3010909083073
2026-01-27,1,11,13,8.333333333333332,2130.6938141347923
2026-01-28,2,10,13,16.666666666666664,2150.1043609901485
2026-01-29,2,10,13,16.666666666666664,2139.886975741473
2026-01-30,2,10,13,16.666666666666664,2167.242324420337
2026-02-01,2,10,13,16.666666666666664,2159.5163248304752
2026-02-02,2,10,13,16.666666666666664,2181.084195844041
2026-02-03,3,9,13,25.0,2237.9242773336337
2026-02-04,3,9,13,25.0,2293.376250292024
2026-02-05,3,9,13,25.0,2289.182973852924
2026-02-06,3,9,13,25.0,2310.4281998292995
2026-02-09,3,9,13,25.0,2411.5775525421986
2026-02-10,4,8,13,33.33333333333333,2423.3527316552963
2026-02-11,4,8,13,33.33333333333333,2444.304839400456
2026-02-12,4,8,13,33.33333333333333,2439.473935265374
2026-02-13,4,8,13,33.33333333333333,2423.3069283286472
2026-02-16,4,8,13,33.33333333333333,2433.6986871428603
2026-02-17,4,8,13,33.33333333333333,2458.9291156010786
2026-02-18,4,8,13,33.33333333333333,2469.0250556448686
2026-02-19,4,8,13,33.33333333333333,2419.1346581735766
2026-02-20,4,8,13,33.33333333333333,2423.040463884044
2026-02-23,4,8,13,33.33333333333333,2416.4847628277735
2026-02-24,4,8,13,33.33333333333333,2406.0931822980815
2026-02-25,4,8,13,33.33333333333333,2411.9754347708513
2026-02-26,4,8,13,33.33333333333333,2407.6781958286792
2026-02-27,4,8,13,33.33333333333333,2416.997889986119
2026-03-02,4,8,13,33.33333333333333,2368.9634333931494
2026-03-04,4,8,13,33.33333333333333,2309.95061895465
2026-03-05,4,8,13,33.33333333333333,2359.739025869703
2026-03-06,4,8,13,33.33333333333333,2346.5332325290615
2026-03-09,4,8,13,33.33333333333333,2261.721241620479
2026-03-10,4,8,13,33.33333333333333,2314.5965511063746
2026-03-11,4,8,13,33.33333333333333,2320.252456129392
2026-03-12,3,9,13,25.0,2291.7294663553125
2026-03-13,3,9,13,25.0,2217.4101755978754
2026-03-16,2,10,13,16.666666666666664,2201.670438909893
2026-03-17,2,10,13,16.666666666666664,2228.355432929211
2026-03-18,2,10,13,16.666666666666664,2265.068052922132
2026-03-19,1,11,13,8.333333333333332,2176.217791456894
2026-03-20,1,11,13,8.333333333333332,2199.4070496796203
2026-03-23,1,11,13,8.333333333333332,2086.9425577269803
2026-03-24,1,11,13,8.333333333333332,2127.663255116963
2026-03-25,1,11,13,8.333333333333332,2199.915157505579
2026-03-27,1,11,13,8.333333333333332,2148.6140423952183
2026-03-30,1,11,13,8.333333333333332,2078.703770265615
2026-04-01,1,11,13,8.333333333333332,2119.738334389775
2026-04-02,1,11,13,8.333333333333332,2089.9307851650333
2026-04-06,1,11,13,8.333333333333332,2135.2187966350157
2026-04-07,1,11,13,8.333333333333332,2129.6545927119732
2026-04-08,1,11,13,8.333333333333332,2242.4888522935858
2026-04-09,2,10,13,16.666666666666664,2241.022773598963
2026-04-10,2,10,13,16.666666666666664,2285.622416135399
2026-04-13,2,10,13,16.666666666666664,2287.861749439904
2026-04-15,4,8,13,33.33333333333333,2365.8821462138008
2026-04-16,5,7,13,41.66666666666667,2399.2682232898032
2026-04-17,5,7,13,41.66666666666667,2429.3352064454048
2026-04-20,5,7,13,41.66666666666667,2433.8908876054957
2026-04-21,5,7,13,41.66666666666667,2436.1981355507137
2026-04-22,5,7,13,41.66666666666667,2451.8816730841318
2026-04-23,4,8,13,33.33333333333333,2399.553669695918
2026-04-24,4,8,13,33.33333333333333,2390.1263763300926
2026-04-27,5,7,13,41.66666666666667,2458.592204911562
2026-04-28,5,7,13,41.66666666666667,2460.780297982081
2026-04-29,5,7,13,41.66666666666667,2449.554350559598
2026-04-30,4,8,13,33.33333333333333,2408.5994431256277
2026-05-04,5,7,13,41.66666666666667,2411.086728680781
2026-05-05,2,10,13,16.666666666666664,2382.2061099383523
2026-05-06,4,8,13,33.33333333333333,2419.7628930731635
2026-05-07,4,8,13,33.33333333333333,2407.7327514129706
2026-05-08,4,8,13,33.33333333333333,2395.0350394829475
2026-05-11,4,8,13,33.33333333333333,2325.8604833298687
2026-05-12,3,9,13,25.0,2249.698901282944
2026-05-13,3,9,13,25.0,2269.210520422805
2026-05-14,3,9,13,25.0,2291.8041712303293
2026-05-15,3,9,13,25.0,2287.4780141420347
2026-05-18,2,10,13,16.666666666666664,2223.6845744679094
2026-05-19,2,10,13,16.666666666666664,2241.8349837165097
2026-05-20,2,10,13,16.666666666666664,2235.974424205184
2026-05-21,3,9,13,25.0,2259.7887682248734
2026-05-22,3,9,13,25.0,2252.1879723485918
2026-05-25,3,10,13,23.076923076923077,2275.8780576931536
2026-05-26,2,11,13,15.384615384615385,2257.150429431604
2026-05-27,3,10,13,23.076923076923077,2269.8927025764297
2026-05-29,3,10,13,23.076923076923077,2236.7674170088103
2026-06-01,4,9,13,30.76923076923077,2214.282783923035
2026-06-02,4,9,13,30.76923076923077,2240.2790257781817
2026-06-03,4,9,13,30.76923076923077,2219.0259425885324
2026-06-04,3,10,13,23.076923076923077,2245.557192251405
2026-06-05,3,10,13,23.076923076923077,2244.3356860400977
2026-06-08,2,11,13,15.384615384615385,2206.800125273967
2026-06-09,2,11,13,15.384615384615385,2223.9909652310866
2026-06-10,2,11,13,15.384615384615385,2199.053845725342
2026-06-11,1,12,13,7.6923076923076925,2168.718617341007
2026-06-12,3,10,13,23.076923076923077,2209.7468581699095
2026-06-15,3,10,13,23.076923076923077,2277.9566817040845
2026-06-22,6,7,13,46.15384615384615,2373.7088234186804
2026-06-23,6,7,13,46.15384615384615,2349.7527697513533
2026-06-24,6,7,13,46.15384615384615,2347.5551464170226
2026-06-25,5,8,13,38.46153846153847,2333.8838181438496
2026-06-29,5,8,13,38.46153846153847,2311.3127516619643
2026-06-30,5,8,13,38.46153846153847,2320.8241913426405
2026-07-01,6,7,13,46.15384615384615,2319.541075596589
2026-07-02,6,7,13,46.15384615384615,2344.4626425398837
2026-07-03,6,7,13,46.15384615384615,2334.3954667614194
2026-07-06,7,6,13,53.84615384615385,2356.0053839901034
2026-07-07,7,6,13,53.84615384615385,2355.8530022101577
2026-07-08,5,8,13,38.46153846153847,2318.7172028841833
2026-07-09,7,6,13,53.84615384615385,2382.7067756142214
2026-07-10,7,6,13,53.84615384615385,2416.526173723678
2026-07-13,6,7,13,46.15384615384615,2449.6799244312006
2026-07-14,6,7,13,46.15384615384615,2453.8554656311317
2026-07-15,8,5,13,61.53846153846154,2468.1530413336855
2026-07-16,8,5,13,61.53846153846154,2493.5443789579476
2026-07-17,7,6,13,53.84615384615385,2488.1720533518496
2026-07-20,7,6,13,53.84615384615385,2506.4203264185794
2026-07-21,7,6,13,53.84615384615385,2489.331710602595
2026-07-22,6,7,13,46.15384615384615,2454.884099283062
2026-07-23,6,7,13,46.15384615384615,2439.9671987405286
2026-07-24,5,8,13,38.46153846153847,2440.5170644866425
2026-07-27,5,8,13,38.46153846153847,2451.9366690313072
2026-07-28,5,8,13,38.46153846153847,2459.9815915921286
2026-07-29,7,6,13,53.84615384615385,2508.3034827052643
2026-07-30,7,6,13,53.84615384615385,2515.4017131493883
2026-07-31,7,6,13,53.84615384615385,2505.527728147853
2026-08-03,8,5,13,61.53846153846154,2542.2162369275843
2026-08-04,7,6,13,53.84615384615385,2521.1708956577945
2026-08-05,8,5,13,61.53846153846154,2518.6681219029106
2026-08-06,8,5,13,61.53846153846154,2520.2854537248836
2026-08-07,7,6,13,53.84615384615385,2501.747436685847
2026-08-10,6,7,13,46.15384615384615,2482.2406643012628
2026-08-11,6,7,13,46.15384615384615,2480.4714548549396
2026-08-12,6,7,13,46.15384615384615,2481.293649843576
2026-08-13,6,7,13,46.15384615384615,2501.160366169427
2026-08-14,6,7,13,46.15384615384615,2528.945535621784
2026-08-17,7,6,13,53.84615384615385,2517.5754817224306
2026-08-18,7,6,13,53.84615384615385,2498.1517188023768
2026-08-19,7,6,13,53.84615384615385,2485.3264076263576
2026-08-20,7,6,13,53.84615384615385,2500.1661162238884
2026-08-21,7,6,13,53.84615384615385,2498.391144042912
2026-08-24,7,6,13,53.84615384615385,2491.54272649417
2026-08-25,7,6,13,53.84615384615385,2503.590897859567
2026-08-26,7,6,13,53.84615384615385,2483.0540950519153
2026-08-27,7,6,13,53.84615384615385,2515.113062787462
2026-08-28,7,6,13,53.84615384615385,2491.5792744502437
2026-08-31,7,6,13,53.84615384615385,2490.142750575942
2026-09-01,7,6,13,53.84615384615385,2457.8692683829786
2026-09-02,7,6,13,53.84615384615385,2442.35269192454
2026-09-03,6,7,13,46.15384615384615,2446.578065309758
2026-09-04,7,6,13,53.84615384615385,2444.4812847418407
