Date,Above,Below,Total,Percentage,Index_Close
2014-08-07,4,0,4,100.0,158.66161450027957
2014-08-08,4,0,4,100.0,158.8176196234235
2014-08-11,4,0,4,100.0,162.16499150933285
2014-08-12,4,0,4,100.0,166.36012490980622
2014-08-13,4,0,4,100.0,169.62062216739332
2014-08-14,4,0,4,100.0,166.82803966422432
2014-08-18,4,0,4,100.0,167.43767723226557
2014-08-19,4,0,4,100.0,169.12542610292988
2014-08-20,4,0,4,100.0,168.22043131809522
2014-08-21,4,0,4,100.0,170.09492089367802
2014-08-22,4,0,4,100.0,169.51383344585616
2014-08-25,4,0,4,100.0,168.73041183369554
2014-08-26,4,0,4,100.0,171.18400167490393
2014-08-27,4,0,4,100.0,172.38340679361144
2014-08-28,4,0,4,100.0,171.70985658321536
2014-09-01,4,0,4,100.0,177.12923220341412
2014-09-02,4,0,4,100.0,180.26317917127838
2014-09-03,4,0,4,100.0,183.86985476667945
2014-09-04,4,0,4,100.0,189.92795167344545
2014-09-05,4,0,4,100.0,187.63926085598342
2014-09-08,4,0,4,100.0,189.23644418897655
2014-09-09,4,0,4,100.0,189.16615046773504
2014-09-10,4,0,4,100.0,189.43122223646824
2014-09-11,4,0,4,100.0,193.12337210684768
2014-09-12,4,0,4,100.0,194.98426845404114
2014-09-15,4,0,4,100.0,194.82232294283233
2014-09-16,4,0,4,100.0,189.085205170252
2014-09-17,4,0,4,100.0,190.28320737521983
2014-09-18,4,0,4,100.0,197.44736759119857
2014-09-19,4,0,4,100.0,195.79032673098305
2014-09-22,4,0,4,100.0,198.28215486690658
2014-09-23,4,0,4,100.0,196.55505730961866
2014-09-24,4,0,4,100.0,194.19064525124907
2014-09-25,4,0,4,100.0,192.91053857787762
2014-09-26,4,0,4,100.0,193.06742221757338
2014-09-29,4,0,4,100.0,193.4593483455104
2014-09-30,4,0,4,100.0,196.9077497378276
2014-10-01,4,0,4,100.0,196.7016925348476
2014-10-07,4,0,4,100.0,194.13980752853266
2014-10-08,4,0,4,100.0,194.53709237692868
2014-10-09,4,0,4,100.0,195.59996961283684
2014-10-10,4,0,4,100.0,193.2443274977511
2014-10-13,4,0,4,100.0,193.4703353286244
2014-10-14,4,0,4,100.0,194.61134188730696
2014-10-16,4,0,4,100.0,191.85010145642133
2014-10-17,4,0,4,100.0,195.7495807295722
2014-10-20,4,0,4,100.0,202.17817652848717
2014-10-21,4,0,4,100.0,206.54751538503774
2014-10-22,4,0,4,100.0,210.2194826282124
2014-10-23,4,0,4,100.0,210.9435079995047
2014-10-27,4,0,4,100.0,211.92944031773538
2014-10-28,4,0,4,100.0,210.68162241544331
2014-10-29,4,0,4,100.0,213.00797570812057
2014-10-30,4,0,4,100.0,213.77324830985566
2014-10-31,4,0,4,100.0,216.50580623016714
2014-11-03,4,0,4,100.0,215.2457985458684
2014-11-05,4,0,4,100.0,214.22491458259728
2014-11-07,4,0,4,100.0,210.25386828203324
2014-11-10,4,0,4,100.0,210.68647125893162
2014-11-11,4,0,4,100.0,211.41587422160205
2014-11-12,4,0,4,100.0,214.40009940077772
2014-11-13,4,0,4,100.0,214.63249062153568
2014-11-14,4,0,4,100.0,216.98629879680075
2014-11-17,4,0,4,100.0,216.21295412583876
2014-11-18,4,0,4,100.0,218.19781007833265
2014-11-19,4,0,4,100.0,219.9680326677858
2014-11-20,4,0,4,100.0,218.336295206975
2014-11-21,4,0,4,100.0,218.53380654083372
2014-11-24,4,0,4,100.0,219.3909410218834
2014-11-25,4,0,4,100.0,214.77470378419855
2014-11-26,4,0,4,100.0,214.95852748580492
2014-11-27,4,0,4,100.0,218.6062604119265
2014-11-28,4,0,4,100.0,219.306126225638
2014-12-01,4,0,4,100.0,222.86797797180907
2014-12-02,4,0,4,100.0,219.99533482123502
2014-12-03,4,0,4,100.0,226.48504856918203
2014-12-04,4,0,4,100.0,229.48910118080934
2014-12-05,4,0,4,100.0,228.04436174896128
2014-12-08,4,0,4,100.0,224.60692483784715
2014-12-09,4,0,4,100.0,221.3814531947349
2014-12-10,4,0,4,100.0,222.2407943439046
2014-12-11,4,0,4,100.0,220.4820556009172
2014-12-12,4,0,4,100.0,219.82031582406088
2014-12-15,4,0,4,100.0,222.3636995546775
2014-12-16,4,0,4,100.0,218.6541738552578
2014-12-17,4,0,4,100.0,215.2321124608104
2014-12-18,4,0,4,100.0,221.31971302809865
2014-12-19,4,0,4,100.0,220.4455575886093
2014-12-22,4,0,4,100.0,220.57402392911064
2014-12-23,4,0,4,100.0,221.94188027853792
2014-12-24,4,0,4,100.0,222.069187787064
2014-12-26,4,0,4,100.0,225.0330466435134
2014-12-29,4,0,4,100.0,228.75453660351576
2014-12-30,4,0,4,100.0,226.39862840686482
2014-12-31,4,0,4,100.0,225.34829693264732
2015-01-01,4,0,4,100.0,228.39176855245472
2015-01-02,4,0,4,100.0,225.49555632577957
2015-01-05,4,0,4,100.0,227.0725333411986
2015-01-06,4,0,4,100.0,222.64280730807786
2015-01-07,4,0,4,100.0,224.9256252448086
2015-01-08,4,0,4,100.0,228.48002021697909
2015-01-09,4,0,4,100.0,226.43956416215528
2015-01-12,4,0,4,100.0,225.4296132684194
2015-01-13,4,0,4,100.0,225.90359449425975
2015-01-14,4,0,4,100.0,226.99140128960892
2015-01-15,4,0,4,100.0,231.85418192854672
2015-01-16,4,0,4,100.0,232.47298509244848
2015-01-19,4,0,4,100.0,229.3731314324831
2015-01-20,4,0,4,100.0,229.2044034092988
2015-01-21,4,0,4,100.0,229.179707761837
2015-01-22,4,0,4,100.0,228.17784572777754
2015-01-23,4,0,4,100.0,229.0744189558365
2015-01-27,4,0,4,100.0,232.396705078141
2015-01-28,4,0,4,100.0,233.62531504906195
2015-01-29,4,0,4,100.0,234.14108453724666
2015-01-30,4,0,4,100.0,232.52123966005195
2015-02-02,4,0,4,100.0,227.52773321793148
2015-02-03,3,1,4,75.0,224.14820242012655
2015-02-04,3,1,4,75.0,224.51624229838404
2015-02-05,3,1,4,75.0,224.40881564091652
2015-02-06,3,1,4,75.0,221.7381667955872
2015-02-09,3,1,4,75.0,220.33861430759157
2015-02-10,3,1,4,75.0,220.45190228171708
2015-02-11,4,0,4,100.0,226.1669814776547
2015-02-12,3,1,4,75.0,228.50329447723107
2015-02-13,3,1,4,75.0,229.42272265325326
2015-02-16,3,1,4,75.0,226.71766024378027
2015-02-18,2,2,4,50.0,226.35692967073675
2015-02-19,2,2,4,50.0,223.40018111338895
2015-02-20,2,2,4,50.0,222.3740157432348
2015-02-23,2,2,4,50.0,218.97585370623779
2015-02-24,2,2,4,50.0,215.06466817943587
2015-02-25,2,2,4,50.0,213.80260386816792
2015-02-26,2,2,4,50.0,211.20151736483862
2015-02-27,2,2,4,50.0,216.83273231929553
2015-02-28,2,2,4,50.0,217.99023562421263
2015-03-02,2,2,4,50.0,214.09426018562644
2015-03-03,2,2,4,50.0,217.93746337249425
2015-03-04,2,2,4,50.0,217.51611270441492
2015-03-05,2,2,4,50.0,217.57681129549434
2015-03-09,2,2,4,50.0,215.10930812510668
2015-03-10,2,2,4,50.0,218.34364244689172
2015-03-11,2,2,4,50.0,216.1776381372754
2015-03-12,2,2,4,50.0,217.80813208531572
2015-03-13,2,2,4,50.0,212.2844386130241
2015-03-16,2,2,4,50.0,211.79288129109815
2015-03-17,2,2,4,50.0,214.93380982917452
2015-03-18,2,2,4,50.0,214.5067488331292
2015-03-19,2,2,4,50.0,213.26697636781597
2015-03-20,2,2,4,50.0,210.74419973455582
2015-03-23,2,2,4,50.0,210.78380803124327
2015-03-24,2,2,4,50.0,207.52064228486714
2015-03-25,2,2,4,50.0,207.18935824463324
2015-03-26,2,2,4,50.0,208.3193587926481
2015-03-27,2,2,4,50.0,209.01068266793192
2015-03-30,2,2,4,50.0,211.37649417365503
2015-03-31,2,2,4,50.0,210.137991608226
2015-04-01,2,2,4,50.0,209.1065662577942
2015-04-06,2,2,4,50.0,208.67371423291593
2015-04-07,2,2,4,50.0,210.5866714992382
2015-04-08,2,2,4,50.0,211.06719786247461
2015-04-09,2,2,4,50.0,210.35618823911358
2015-04-10,2,2,4,50.0,210.9019065346485
2015-04-13,2,2,4,50.0,209.80172606445723
2015-04-15,2,2,4,50.0,206.77552666437674
2015-04-16,2,2,4,50.0,203.69336612674914
2015-04-17,2,2,4,50.0,200.98414938111114
2015-04-20,1,3,4,25.0,194.08114160098302
2015-04-21,2,2,4,50.0,192.8545759066214
2015-04-22,2,2,4,50.0,194.49872132744645
2015-04-23,1,3,4,25.0,194.73875287195156
2015-04-24,1,3,4,25.0,193.78118934327858
2015-04-27,1,3,4,25.0,192.2249268604004
2015-04-28,1,3,4,25.0,194.24615600518374
2015-04-29,1,3,4,25.0,196.414757369559
2015-04-30,1,3,4,25.0,194.35674254709986
2015-05-04,2,2,4,50.0,202.43835393358464
2015-05-05,2,2,4,50.0,200.19141824944705
2015-05-06,1,3,4,25.0,194.0635159218032
2015-05-07,1,3,4,25.0,192.56497579652375
2015-05-08,1,3,4,25.0,197.10049536094462
2015-05-11,1,3,4,25.0,205.11407050510107
2015-05-12,1,3,4,25.0,205.4909521065707
2015-05-13,1,3,4,25.0,208.40697845707786
2015-05-14,1,3,4,25.0,211.30836972052384
2015-05-15,1,3,4,25.0,212.55279712396685
2015-05-18,1,3,4,25.0,213.52343525470351
2015-05-19,1,3,4,25.0,212.86933742333895
2015-05-20,1,3,4,25.0,212.00348499509113
2015-05-21,2,2,4,50.0,218.05303062160294
2015-05-22,2,2,4,50.0,218.5020609626634
2015-05-25,2,2,4,50.0,220.10231741401293
2015-05-26,2,2,4,50.0,221.5763300676412
2015-05-27,2,2,4,50.0,219.87473865124346
2015-05-28,2,2,4,50.0,219.2113968825647
2015-05-29,2,2,4,50.0,223.95209267331936
2015-06-01,2,2,4,50.0,224.677446779069
2015-06-02,1,3,4,25.0,216.20022054196127
2015-06-03,1,3,4,25.0,214.25250224122428
2015-06-04,1,3,4,25.0,211.64487949644092
2015-06-05,1,3,4,25.0,211.3168879680672
2015-06-08,1,3,4,25.0,209.40469047746842
2015-06-09,1,3,4,25.0,207.64800585968732
2015-06-10,1,3,4,25.0,212.15348942653213
2015-06-11,1,3,4,25.0,210.66673252890382
2015-06-12,1,3,4,25.0,212.30358827274287
2015-06-15,2,2,4,50.0,215.8227161892689
2015-06-16,2,2,4,50.0,219.58509035629362
2015-06-17,2,2,4,50.0,222.00418628964798
2015-06-18,2,2,4,50.0,223.29659941086499
2015-06-19,2,2,4,50.0,225.8487329650666
2015-06-22,2,2,4,50.0,228.1239753085279
2015-06-23,2,2,4,50.0,225.5889037003678
2015-06-24,2,2,4,50.0,223.99452782633696
2015-06-25,2,2,4,50.0,228.06259798246717
2015-06-26,2,2,4,50.0,230.50170787622793
2015-06-29,2,2,4,50.0,229.13132907838846
2015-06-30,2,2,4,50.0,229.91324522445447
2015-07-01,2,2,4,50.0,232.17465308775243
2015-07-02,3,1,4,75.0,238.5304422338883
2015-07-03,3,1,4,75.0,237.50351369898098
2015-07-06,3,1,4,75.0,240.32711706145614
2015-07-07,3,1,4,75.0,240.7105925255251
2015-07-08,3,1,4,75.0,238.6809889344322
2015-07-09,3,1,4,75.0,238.8422661033795
2015-07-10,3,1,4,75.0,237.0937324343228
2015-07-13,3,1,4,75.0,242.72725938103434
2015-07-14,3,1,4,75.0,241.62154344142758
2015-07-15,3,1,4,75.0,243.01327709700425
2015-07-16,3,1,4,75.0,243.94230139645043
2015-07-17,3,1,4,75.0,242.8261919324847
2015-07-20,3,1,4,75.0,243.45950766587515
2015-07-21,3,1,4,75.0,243.6117008636931
2015-07-22,3,1,4,75.0,246.53728970846362
2015-07-23,3,1,4,75.0,241.82254415813267
2015-07-24,3,1,4,75.0,238.62826330051848
2015-07-27,2,2,4,50.0,231.2101254296338
2015-07-28,2,2,4,50.0,227.31082146820393
2015-07-29,2,2,4,50.0,228.46943853859773
2015-07-30,2,2,4,50.0,228.9944705813911
2015-07-31,2,2,4,50.0,231.7874700201763
2015-08-03,2,2,4,50.0,229.74311743514383
2015-08-04,2,2,4,50.0,232.43819754629894
2015-08-05,2,2,4,50.0,236.411828104687
2015-08-06,2,2,4,50.0,236.84123872096174
2015-08-07,2,2,4,50.0,236.75950893004386
2015-08-10,2,2,4,50.0,235.93527330877032
2015-08-11,2,2,4,50.0,231.97576456725818
2015-08-12,2,2,4,50.0,228.18092050758133
2015-08-13,2,2,4,50.0,229.70823646074737
2015-08-14,3,1,4,75.0,235.9938205703962
2015-08-17,2,2,4,50.0,234.30147163010852
2015-08-18,2,2,4,50.0,234.84524210759733
2015-08-19,2,2,4,50.0,236.76812857329134
2015-08-20,2,2,4,50.0,234.20529814144592
2015-08-21,2,2,4,50.0,228.4490959846012
2015-08-24,1,3,4,25.0,212.84362890475177
2015-08-25,1,3,4,25.0,215.12971373880964
2015-08-26,1,3,4,25.0,215.42548243520602
2015-08-27,1,3,4,25.0,213.88190054957832
2015-08-28,1,3,4,25.0,215.739238877685
2015-08-31,1,3,4,25.0,215.49370536643627
2015-09-01,1,3,4,25.0,211.8301986884221
2015-09-02,1,3,4,25.0,211.23713427474465
2015-09-03,1,3,4,25.0,211.94761986376145
2015-09-04,1,3,4,25.0,210.15138797315305
2015-09-07,1,3,4,25.0,206.20200246986994
2015-09-08,1,3,4,25.0,207.19555660766537
2015-09-09,1,3,4,25.0,213.10870368055842
2015-09-10,2,2,4,50.0,216.04851838598512
2015-09-11,2,2,4,50.0,218.7889643145998
2015-09-14,2,2,4,50.0,217.91979530203082
2015-09-15,2,2,4,50.0,215.9825982731491
2015-09-16,2,2,4,50.0,216.99459861076056
2015-09-18,2,2,4,50.0,218.62610473588603
2015-09-21,2,2,4,50.0,218.8951056761438
2015-09-22,1,3,4,25.0,215.9511391644188
2015-09-23,1,3,4,25.0,215.40446976721586
2015-09-24,2,2,4,50.0,215.92195363602252
2015-09-28,1,3,4,25.0,212.62171365788083
2015-09-29,1,3,4,25.0,211.48799984182722
2015-09-30,2,2,4,50.0,215.60333206191214
2015-10-01,2,2,4,50.0,217.47348180764217
2015-10-05,2,2,4,50.0,222.66490294079574
2015-10-06,2,2,4,50.0,222.7954060335629
2015-10-07,2,2,4,50.0,228.25852070961133
2015-10-08,2,2,4,50.0,226.8453430084075
2015-10-09,2,2,4,50.0,226.4833633065536
2015-10-12,2,2,4,50.0,224.43240759000736
2015-10-13,2,2,4,50.0,225.51249464970127
2015-10-14,2,2,4,50.0,225.15592040991237
2015-10-15,2,2,4,50.0,227.42435756564677
2015-10-16,2,2,4,50.0,229.05904064699718
2015-10-19,3,1,4,75.0,229.4908978938798
2015-10-20,3,1,4,75.0,228.26479189858352
2015-10-21,4,0,4,100.0,232.34902709140832
2015-10-23,3,1,4,75.0,230.8360043435345
2015-10-26,3,1,4,75.0,230.7651955342272
2015-10-27,4,0,4,100.0,237.5833811951973
2015-10-28,3,1,4,75.0,235.44356877176736
2015-10-29,3,1,4,75.0,234.03624261183379
2015-10-30,4,0,4,100.0,233.83865728937127
2015-11-02,3,1,4,75.0,232.9177030505267
2015-11-03,4,0,4,100.0,236.69232949116855
2015-11-04,4,0,4,100.0,236.91822104335952
2015-11-05,3,1,4,75.0,235.24322699708495
2015-11-06,3,1,4,75.0,232.80137916784952
2015-11-09,3,1,4,75.0,230.48831571577796
2015-11-10,3,1,4,75.0,233.69975160832496
2015-11-11,3,1,4,75.0,234.20415044855437
2015-11-13,3,1,4,75.0,229.98411290635522
2015-11-16,3,1,4,75.0,228.25460554197298
2015-11-17,3,1,4,75.0,228.29786084096773
2015-11-18,3,1,4,75.0,227.17208835128648
2015-11-19,3,1,4,75.0,232.15747625620637
2015-11-20,3,1,4,75.0,233.44308809823823
2015-11-23,3,1,4,75.0,237.53588953632016
2015-11-24,3,1,4,75.0,235.55672548184398
2015-11-26,3,1,4,75.0,236.83024902967574
2015-11-27,3,1,4,75.0,238.99798544504338
2015-11-30,3,1,4,75.0,240.45705062407947
2015-12-01,3,1,4,75.0,237.31684944098436
2015-12-02,3,1,4,75.0,235.67297877037672
2015-12-03,3,1,4,75.0,233.9343130288121
2015-12-04,3,1,4,75.0,232.9034463510307
2015-12-07,3,1,4,75.0,231.35044415202105
2015-12-08,3,1,4,75.0,230.1055153204247
2015-12-09,3,1,4,75.0,224.19212011517254
2015-12-10,3,1,4,75.0,228.27792265553973
2015-12-11,2,2,4,50.0,224.4512743709456
2015-12-14,2,2,4,50.0,223.9963498770264
2015-12-15,3,1,4,75.0,229.24101652929014
2015-12-16,3,1,4,75.0,230.3149216159063
2015-12-17,3,1,4,75.0,235.39528469759478
2015-12-18,3,1,4,75.0,232.97339787232164
2015-12-21,3,1,4,75.0,234.77593774660423
2015-12-22,3,1,4,75.0,233.8444988990259
2015-12-23,3,1,4,75.0,234.8099560064003
2015-12-24,3,1,4,75.0,234.39956364615213
2015-12-28,3,1,4,75.0,236.5472791319511
2015-12-29,3,1,4,75.0,239.809502140236
2015-12-30,3,1,4,75.0,237.79016048886808
2015-12-31,3,1,4,75.0,238.88091449290582
2016-01-01,3,1,4,75.0,239.54887033382556
2016-01-04,3,1,4,75.0,238.14073318711704
2016-01-05,3,1,4,75.0,237.0235393371562
2016-01-06,3,1,4,75.0,236.8658182487251
2016-01-07,2,2,4,50.0,230.49046820348678
2016-01-08,2,2,4,50.0,230.9919409887936
2016-01-11,2,2,4,50.0,231.09915176982577
2016-01-12,2,2,4,50.0,230.14428720297602
2016-01-13,2,2,4,50.0,230.38860816582658
2016-01-14,2,2,4,50.0,228.1270313375961
2016-01-15,1,3,4,25.0,223.56876367984805
2016-01-18,1,3,4,25.0,218.47732501018368
2016-01-19,1,3,4,25.0,222.91516141552296
2016-01-20,1,3,4,25.0,220.7787090208376
2016-01-21,1,3,4,25.0,220.14215698264735
2016-01-22,2,2,4,50.0,229.53872964194284
2016-01-25,1,3,4,25.0,228.51551829616082
2016-01-27,1,3,4,25.0,226.78409562536018
2016-01-28,1,3,4,25.0,224.19271379819818
2016-01-29,2,2,4,50.0,231.18402174972772
2016-02-01,1,3,4,25.0,232.63484391390458
2016-02-02,2,2,4,50.0,233.14888396186905
2016-02-03,1,3,4,25.0,229.35523825247935
2016-02-04,1,3,4,25.0,228.43946315451043
2016-02-05,4,0,4,100.0,237.27585333616082
2016-02-08,3,1,4,75.0,236.97207526086115
2016-02-09,4,0,4,100.0,236.9456840122775
2016-02-10,2,2,4,50.0,235.51599432388173
2016-02-11,1,3,4,25.0,230.61613580527188
2016-02-12,2,2,4,50.0,230.44477770606395
2016-02-15,2,2,4,50.0,236.12404708444225
2016-02-16,2,2,4,50.0,233.87652881360452
2016-02-17,2,2,4,50.0,236.4493294659749
2016-02-18,4,0,4,100.0,240.11687639209208
2016-02-19,4,0,4,100.0,243.73789128280464
2016-02-22,4,0,4,100.0,244.9620277918581
2016-02-23,4,0,4,100.0,240.91611697278984
2016-02-24,3,1,4,75.0,236.6904334222213
2016-02-25,3,1,4,75.0,235.04132729175322
2016-02-26,2,2,4,50.0,230.7163579354451
2016-02-29,2,2,4,50.0,229.37669531485537
2016-03-01,3,1,4,75.0,238.90805939373476
2016-03-02,3,1,4,75.0,242.69966428800345
2016-03-03,3,1,4,75.0,244.1976116373839
2016-03-04,3,1,4,75.0,245.144991285326
2016-03-08,3,1,4,75.0,245.71097773796959
2016-03-09,3,1,4,75.0,246.42356133883615
2016-03-10,3,1,4,75.0,245.9114617786396
2016-03-11,3,1,4,75.0,247.49917045459134
2016-03-14,3,1,4,75.0,246.94728484610323
2016-03-15,3,1,4,75.0,244.35429724464547
2016-03-16,3,1,4,75.0,241.53650381798784
2016-03-17,2,2,4,50.0,240.7603005873694
2016-03-18,3,1,4,75.0,243.87023128872963
2016-03-21,3,1,4,75.0,247.95343247654156
2016-03-22,3,1,4,75.0,251.59255728409536
2016-03-23,4,0,4,100.0,252.59947045149192
2016-03-28,4,0,4,100.0,252.7842487754206
2016-03-29,4,0,4,100.0,253.71214858287306
2016-03-30,4,0,4,100.0,258.5466144764596
2016-03-31,4,0,4,100.0,260.4535696732398
2016-04-01,4,0,4,100.0,261.5503574085284
2016-04-04,4,0,4,100.0,263.8494172046485
2016-04-05,4,0,4,100.0,257.30693199351987
2016-04-06,4,0,4,100.0,259.7455201595495
2016-04-07,4,0,4,100.0,257.38427133919606
2016-04-08,4,0,4,100.0,257.40653190321024
2016-04-11,4,0,4,100.0,261.0635965801871
2016-04-12,4,0,4,100.0,264.744644741204
2016-04-13,4,0,4,100.0,272.94010895162586
2016-04-18,4,0,4,100.0,272.6865394463083
2016-04-20,4,0,4,100.0,273.1027002108786
2016-04-21,4,0,4,100.0,268.2111333774095
2016-04-22,4,0,4,100.0,269.9916911948736
2016-04-25,4,0,4,100.0,267.34435339675787
2016-04-26,4,0,4,100.0,268.91061893644644
2016-04-27,4,0,4,100.0,268.73622205536304
2016-04-28,4,0,4,100.0,264.7117780412946
2016-04-29,4,0,4,100.0,264.1660181642323
2016-05-02,4,0,4,100.0,263.1824048950093
2016-05-03,4,0,4,100.0,256.27658692401405
2016-05-04,4,0,4,100.0,256.4269789696678
2016-05-05,4,0,4,100.0,257.2012540591808
2016-05-06,4,0,4,100.0,259.30143256742633
2016-05-09,4,0,4,100.0,263.98640870686864
2016-05-10,4,0,4,100.0,263.1111725995246
2016-05-11,4,0,4,100.0,261.5363260144107
2016-05-12,4,0,4,100.0,261.2978115034087
2016-05-13,4,0,4,100.0,257.0530708253219
2016-05-16,4,0,4,100.0,256.6881020210688
2016-05-17,4,0,4,100.0,255.45833943864466
2016-05-18,4,0,4,100.0,254.30578692139085
2016-05-19,4,0,4,100.0,251.89172172708064
2016-05-20,4,0,4,100.0,252.9627917315425
2016-05-23,4,0,4,100.0,251.405074062003
2016-05-24,4,0,4,100.0,250.09049219195342
2016-05-25,4,0,4,100.0,254.8193194646992
2016-05-26,4,0,4,100.0,256.50328021952447
2016-05-27,4,0,4,100.0,258.37228798039547
2016-05-30,4,0,4,100.0,260.80973672999295
2016-05-31,4,0,4,100.0,259.4819525365542
2016-06-01,4,0,4,100.0,260.68288220818675
2016-06-02,4,0,4,100.0,263.6888893608299
2016-06-03,4,0,4,100.0,264.994406320801
2016-06-06,4,0,4,100.0,264.19066299628594
2016-06-07,4,0,4,100.0,264.0164594132367
2016-06-08,4,0,4,100.0,263.714090528257
2016-06-09,4,0,4,100.0,260.1808423527493
2016-06-10,4,0,4,100.0,258.91580526679223
2016-06-13,4,0,4,100.0,257.97416447599767
2016-06-14,4,0,4,100.0,258.356574949462
2016-06-15,4,0,4,100.0,260.68619891484735
2016-06-16,4,0,4,100.0,259.5533186905476
2016-06-17,4,0,4,100.0,260.1988315788178
2016-06-20,4,0,4,100.0,261.0467501404992
2016-06-21,4,0,4,100.0,262.49205998891915
2016-06-22,4,0,4,100.0,262.837039510127
2016-06-23,4,0,4,100.0,262.72297742288754
2016-06-24,4,0,4,100.0,263.7081106436138
2016-06-27,4,0,4,100.0,262.79830000484947
2016-06-28,4,0,4,100.0,263.1548097582012
2016-06-29,4,0,4,100.0,267.32892346873297
2016-06-30,4,0,4,100.0,271.32123819836914
2016-07-01,4,0,4,100.0,271.23892211740457
2016-07-04,4,0,4,100.0,271.8404604334479
2016-07-05,4,0,4,100.0,267.97936231527683
2016-07-07,4,0,4,100.0,266.7406478131157
2016-07-08,4,0,4,100.0,266.9824800011482
2016-07-11,4,0,4,100.0,270.4450084504461
2016-07-12,4,0,4,100.0,272.4723410970418
2016-07-13,4,0,4,100.0,272.86588654972843
2016-07-14,4,0,4,100.0,272.58704802652784
2016-07-15,4,0,4,100.0,274.57322150607354
2016-07-18,4,0,4,100.0,275.58572432599516
2016-07-19,4,0,4,100.0,274.1637958623519
2016-07-20,4,0,4,100.0,276.37880424690866
2016-07-21,4,0,4,100.0,275.28772881209744
2016-07-22,4,0,4,100.0,274.26869609987557
2016-07-25,4,0,4,100.0,274.7154458909711
2016-07-26,4,0,4,100.0,270.84614836979205
2016-07-27,3,1,4,75.0,270.68034587039205
2016-07-28,4,0,4,100.0,273.3024347242802
2016-07-29,4,0,4,100.0,279.2228800698417
2016-08-01,4,0,4,100.0,280.7519029806716
2016-08-02,4,0,4,100.0,281.7260204033871
2016-08-03,4,0,4,100.0,278.31710721046284
2016-08-04,4,0,4,100.0,280.3538824953997
2016-08-05,4,0,4,100.0,290.5645622808768
2016-08-08,4,0,4,100.0,292.0895254383668
2016-08-09,4,0,4,100.0,288.58930523159853
2016-08-10,4,0,4,100.0,284.6448036554334
2016-08-11,4,0,4,100.0,286.13127046654824
2016-08-12,4,0,4,100.0,287.32030600976526
2016-08-16,4,0,4,100.0,287.7280024425858
2016-08-17,4,0,4,100.0,293.4939329002864
2016-08-18,4,0,4,100.0,293.0400659337725
2016-08-19,4,0,4,100.0,291.1615720794064
2016-08-22,4,0,4,100.0,289.1414900042622
2016-08-23,4,0,4,100.0,288.20153027381264
2016-08-24,4,0,4,100.0,288.49428413954035
2016-08-25,4,0,4,100.0,288.030434408689
2016-08-26,4,0,4,100.0,288.0217090243252
2016-08-29,4,0,4,100.0,292.9621849236542
2016-08-30,4,0,4,100.0,302.49933670183754
2016-08-31,4,0,4,100.0,302.9189252053274
2016-09-01,4,0,4,100.0,303.94169709242686
2016-09-02,4,0,4,100.0,305.8657595994496
2016-09-06,4,0,4,100.0,307.40468175284354
2016-09-07,4,0,4,100.0,306.316418036514
2016-09-08,4,0,4,100.0,314.16850719138023
2016-09-09,4,0,4,100.0,307.5607568720228
2016-09-12,4,0,4,100.0,301.09096496791403
2016-09-14,4,0,4,100.0,303.34063454967077
2016-09-15,4,0,4,100.0,300.12381964541015
2016-09-16,4,0,4,100.0,308.87443936869965
2016-09-19,4,0,4,100.0,307.18133731824554
2016-09-20,4,0,4,100.0,303.42914746946894
2016-09-21,4,0,4,100.0,306.4695806973673
2016-09-22,4,0,4,100.0,314.3143112702251
2016-09-23,4,0,4,100.0,314.69403674382954
2016-09-26,4,0,4,100.0,311.1892192344208
2016-09-27,4,0,4,100.0,310.18443977839934
2016-09-28,4,0,4,100.0,315.4950290699535
2016-09-29,4,0,4,100.0,310.14388540230067
2016-09-30,4,0,4,100.0,312.67139555781876
2016-10-03,4,0,4,100.0,322.16484653600287
2016-10-04,4,0,4,100.0,322.9508617867566
2016-10-05,4,0,4,100.0,322.7433931032992
2016-10-06,4,0,4,100.0,322.3680070054366
2016-10-07,4,0,4,100.0,323.08494041286264
2016-10-10,4,0,4,100.0,323.6998360615202
2016-10-13,4,0,4,100.0,321.7988059507648
2016-10-14,4,0,4,100.0,320.4674964936799
2016-10-17,4,0,4,100.0,314.82314283330794
2016-10-18,4,0,4,100.0,318.5426975546604
2016-10-19,4,0,4,100.0,316.2746580506813
2016-10-20,4,0,4,100.0,316.8859817121704
2016-10-21,4,0,4,100.0,317.9974612357542
2016-10-24,4,0,4,100.0,316.3680093195949
2016-10-25,4,0,4,100.0,318.6749682169686
2016-10-26,4,0,4,100.0,318.61881283578856
2016-10-27,4,0,4,100.0,317.0598522290196
2016-10-28,4,0,4,100.0,317.5666442460644
2016-10-30,4,0,4,100.0,317.87279010955655
2016-11-01,4,0,4,100.0,321.44277540638757
2016-11-02,4,0,4,100.0,317.9120074009144
2016-11-03,4,0,4,100.0,317.3150734305667
2016-11-04,4,0,4,100.0,312.7899175171149
2016-11-07,4,0,4,100.0,314.4363582527641
2016-11-08,4,0,4,100.0,316.9672357544352
2016-11-09,4,0,4,100.0,306.0291206900098
2016-11-10,4,0,4,100.0,301.4791508338288
2016-11-11,3,1,4,75.0,287.2579189247987
2016-11-15,1,3,4,25.0,275.816100971298
2016-11-16,2,2,4,50.0,282.09229381389804
2016-11-17,2,2,4,50.0,280.31039487176884
2016-11-18,2,2,4,50.0,284.7559364502886
2016-11-21,1,3,4,25.0,275.0920602588811
2016-11-22,1,3,4,25.0,280.76910315446884
2016-11-23,2,2,4,50.0,283.36139160962796
2016-11-24,2,2,4,50.0,284.0043369935334
2016-11-25,1,3,4,25.0,282.0377115406771
2016-11-28,3,1,4,75.0,283.7952954202879
2016-11-29,4,0,4,100.0,290.51680532571453
2016-11-30,4,0,4,100.0,295.3828275931003
2016-12-01,4,0,4,100.0,296.9067045785306
2016-12-02,4,0,4,100.0,296.93003494259347
2016-12-05,4,0,4,100.0,298.6254042065027
2016-12-06,4,0,4,100.0,296.4360323531922
2016-12-07,4,0,4,100.0,300.46226700246604
2016-12-08,4,0,4,100.0,304.86286230052826
2016-12-09,4,0,4,100.0,301.0677868666474
2016-12-12,4,0,4,100.0,296.43628551847104
2016-12-13,4,0,4,100.0,299.9788632500953
2016-12-14,4,0,4,100.0,296.29461714967977
2016-12-15,4,0,4,100.0,296.0263088100611
2016-12-16,3,1,4,75.0,295.35167259592663
2016-12-19,2,2,4,50.0,293.43159083357466
2016-12-20,2,2,4,50.0,288.1421790991168
2016-12-21,2,2,4,50.0,287.8592170883202
2016-12-22,2,2,4,50.0,285.9614942719589
2016-12-23,1,3,4,25.0,287.86459937335127
2016-12-26,1,3,4,25.0,283.5787592477265
2016-12-27,1,3,4,25.0,283.7322537131859
2016-12-28,1,3,4,25.0,283.9280043217382
2016-12-29,2,2,4,50.0,289.55350187868135
2016-12-30,2,2,4,50.0,289.4283747886077
2017-01-02,2,2,4,50.0,292.0180865657783
2017-01-03,2,2,4,50.0,293.4004165090777
2017-01-04,3,1,4,75.0,294.2590828297118
2017-01-05,3,1,4,75.0,299.26735019926946
2017-01-06,3,1,4,75.0,300.4911100905499
2017-01-09,3,1,4,75.0,300.52256536812126
2017-01-10,3,1,4,75.0,301.45359435318585
2017-01-11,3,1,4,75.0,301.39761579290575
2017-01-12,3,1,4,75.0,302.362561862452
2017-01-13,3,1,4,75.0,299.6990239877803
2017-01-16,3,1,4,75.0,299.45881487582204
2017-01-17,3,1,4,75.0,299.810941024325
2017-01-18,3,1,4,75.0,299.17954245761524
2017-01-19,3,1,4,75.0,302.01983189248665
2017-01-20,3,1,4,75.0,298.7117131177924
2017-01-23,3,1,4,75.0,300.1965697134416
2017-01-24,3,1,4,75.0,308.36090305810666
2017-01-25,4,0,4,100.0,311.04437972659525
2017-01-27,4,0,4,100.0,311.98311929130267
2017-01-30,4,0,4,100.0,309.096338731495
2017-01-31,3,1,4,75.0,307.63317809632815
2017-02-01,4,0,4,100.0,315.9201218962962
2017-02-02,4,0,4,100.0,311.44446869806285
2017-02-03,4,0,4,100.0,310.21901655515876
2017-02-06,4,0,4,100.0,313.6765917215714
2017-02-07,4,0,4,100.0,311.7854253396904
2017-02-08,4,0,4,100.0,312.8329711829054
2017-02-09,4,0,4,100.0,315.7529216332524
2017-02-10,4,0,4,100.0,317.3782980472198
2017-02-13,4,0,4,100.0,319.30409331516455
2017-02-14,3,1,4,75.0,318.10739273873685
2017-02-15,3,1,4,75.0,315.0930593769513
2017-02-16,3,1,4,75.0,319.7633005882515
2017-02-17,3,1,4,75.0,318.38002276426346
2017-02-20,3,1,4,75.0,319.43897358318077
2017-02-21,3,1,4,75.0,321.13152165190724
2017-02-22,3,1,4,75.0,321.39491102541643
2017-02-23,3,1,4,75.0,322.53853790432856
2017-02-27,3,1,4,75.0,320.7318083321518
2017-02-28,3,1,4,75.0,316.6742668951389
2017-03-01,3,1,4,75.0,316.0445569411387
2017-03-02,4,0,4,100.0,318.46929413934583
2017-03-03,4,0,4,100.0,318.921718036005
2017-03-06,4,0,4,100.0,320.71681575210323
2017-03-07,4,0,4,100.0,320.6386024003987
2017-03-08,4,0,4,100.0,319.0604262978471
2017-03-09,4,0,4,100.0,319.5803660839314
2017-03-10,4,0,4,100.0,320.9210331218377
2017-03-14,4,0,4,100.0,326.74160146872305
2017-03-15,4,0,4,100.0,328.8750828962112
2017-03-16,4,0,4,100.0,331.87347274764846
2017-03-17,4,0,4,100.0,332.61934607213624
2017-03-20,4,0,4,100.0,333.4968003382063
2017-03-21,4,0,4,100.0,332.2645047143225
2017-03-22,4,0,4,100.0,327.5024123873336
2017-03-23,4,0,4,100.0,327.8850083578081
2017-03-24,4,0,4,100.0,327.216436408944
2017-03-27,4,0,4,100.0,325.3155270278547
2017-03-28,4,0,4,100.0,328.39612622171006
2017-03-29,4,0,4,100.0,326.23830542568726
2017-03-30,4,0,4,100.0,329.12016404368563
2017-03-31,4,0,4,100.0,327.17551034718855
2017-04-03,4,0,4,100.0,326.9019185966961
2017-04-05,3,1,4,75.0,329.9117255836668
2017-04-06,4,0,4,100.0,330.6042313307182
2017-04-07,4,0,4,100.0,335.4827851872399
2017-04-10,4,0,4,100.0,335.55772882824823
2017-04-11,4,0,4,100.0,336.12127090380415
2017-04-12,4,0,4,100.0,339.27151144160297
2017-04-13,4,0,4,100.0,338.18518293653926
2017-04-17,4,0,4,100.0,338.63812606564875
2017-04-18,4,0,4,100.0,335.1093753388423
2017-04-19,3,1,4,75.0,333.81629698873496
2017-04-20,3,1,4,75.0,337.79209021627054
2017-04-21,4,0,4,100.0,336.86422283677956
2017-04-24,4,0,4,100.0,340.39839694643854
2017-04-25,4,0,4,100.0,344.54153890943445
2017-04-26,4,0,4,100.0,346.59618653525655
2017-04-27,4,0,4,100.0,345.5125745171024
2017-04-28,4,0,4,100.0,345.06131476066184
2017-05-02,4,0,4,100.0,345.97388599846244
2017-05-03,4,0,4,100.0,348.4340046122135
2017-05-04,4,0,4,100.0,348.6190788147677
2017-05-05,4,0,4,100.0,345.83387306513407
2017-05-08,4,0,4,100.0,351.0091160423891
2017-05-09,4,0,4,100.0,348.4569414750232
2017-05-10,4,0,4,100.0,352.1718953102835
2017-05-11,4,0,4,100.0,364.64400908975074
2017-05-12,4,0,4,100.0,369.12847351431293
2017-05-15,4,0,4,100.0,368.93828183950956
2017-05-16,4,0,4,100.0,375.1872405957338
2017-05-17,4,0,4,100.0,375.48550040586923
2017-05-18,4,0,4,100.0,368.8194008541313
2017-05-19,4,0,4,100.0,366.5189801095433
2017-05-22,4,0,4,100.0,362.4334159151608
2017-05-23,4,0,4,100.0,361.05353348778766
2017-05-24,3,1,4,75.0,357.97390446549826
2017-05-25,4,0,4,100.0,366.51448947079245
2017-05-26,4,0,4,100.0,365.73651929264935
2017-05-29,4,0,4,100.0,367.0113925398471
2017-05-30,4,0,4,100.0,371.0336991291502
2017-05-31,4,0,4,100.0,370.87690937505783
2017-06-01,4,0,4,100.0,370.74728774317435
2017-06-02,4,0,4,100.0,376.4600265747862
2017-06-05,4,0,4,100.0,378.43566349046284
2017-06-06,4,0,4,100.0,375.25505318831165
2017-06-07,4,0,4,100.0,378.0641418965182
2017-06-08,4,0,4,100.0,377.69112134279703
2017-06-09,4,0,4,100.0,379.18030648801545
2017-06-12,4,0,4,100.0,376.35262827585746
2017-06-13,4,0,4,100.0,375.96194272139155
2017-06-14,4,0,4,100.0,374.85083261515643
2017-06-15,4,0,4,100.0,372.2302215409105
2017-06-16,4,0,4,100.0,373.81954328384705
2017-06-19,4,0,4,100.0,374.72544034386874
2017-06-20,4,0,4,100.0,371.25834646818413
2017-06-21,4,0,4,100.0,369.01117411332416
2017-06-22,4,0,4,100.0,368.89436119510617
2017-06-23,4,0,4,100.0,363.6971217694286
2017-06-27,3,1,4,75.0,361.03810846354276
2017-06-28,3,1,4,75.0,362.84406976713007
2017-06-29,3,1,4,75.0,366.5039618740799
2017-06-30,3,1,4,75.0,366.1687754043044
2017-07-03,3,1,4,75.0,370.94450702321615
2017-07-04,3,1,4,75.0,368.63283951478104
2017-07-05,3,1,4,75.0,368.86702553233926
2017-07-06,3,1,4,75.0,369.8053780489014
2017-07-07,3,1,4,75.0,371.5721053593341
2017-07-10,3,1,4,75.0,373.476666513458
2017-07-11,4,0,4,100.0,376.0136216741221
2017-07-12,4,0,4,100.0,375.01072761083003
2017-07-13,4,0,4,100.0,376.54463046830705
2017-07-14,4,0,4,100.0,376.52147115278075
2017-07-17,4,0,4,100.0,377.97359298321044
2017-07-18,4,0,4,100.0,380.5496183521192
2017-07-19,4,0,4,100.0,382.3702791129958
2017-07-20,4,0,4,100.0,381.0544355425842
2017-07-21,4,0,4,100.0,378.5899107127544
2017-07-24,4,0,4,100.0,379.8718220571271
2017-07-25,4,0,4,100.0,378.4184240506527
2017-07-26,4,0,4,100.0,380.45299056063186
2017-07-27,4,0,4,100.0,381.16463207645484
2017-07-28,4,0,4,100.0,381.084775229578
2017-07-31,4,0,4,100.0,383.5323521579539
2017-08-01,4,0,4,100.0,392.8235521306696
2017-08-02,4,0,4,100.0,392.02229559511187
2017-08-03,4,0,4,100.0,392.0552938059935
2017-08-04,4,0,4,100.0,401.4822891358289
2017-08-07,4,0,4,100.0,403.55251757656794
2017-08-08,4,0,4,100.0,402.5345980441743
2017-08-09,4,0,4,100.0,396.2346721710774
2017-08-10,4,0,4,100.0,389.15813132200043
2017-08-11,4,0,4,100.0,378.73529965782836
2017-08-14,4,0,4,100.0,388.50299662207306
2017-08-16,4,0,4,100.0,396.95821433732544
2017-08-17,4,0,4,100.0,395.66447799142765
2017-08-18,4,0,4,100.0,397.5229942323457
2017-08-21,4,0,4,100.0,394.21715978288836
2017-08-22,3,1,4,75.0,390.57700297202416
2017-08-23,4,0,4,100.0,390.39918354622256
2017-08-24,3,1,4,75.0,391.4058061497447
2017-08-28,3,1,4,75.0,397.0913307984707
2017-08-29,3,1,4,75.0,393.17345351208587
2017-08-30,4,0,4,100.0,398.1359603595108
2017-08-31,4,0,4,100.0,401.0078338692673
2017-09-01,4,0,4,100.0,407.7675548181497
2017-09-04,4,0,4,100.0,406.93218076943464
2017-09-05,4,0,4,100.0,408.2658449344412
2017-09-06,4,0,4,100.0,408.45065557209495
2017-09-07,4,0,4,100.0,415.3098538160075
2017-09-08,4,0,4,100.0,412.5146669728398
2017-09-11,4,0,4,100.0,412.98706904746433
2017-09-12,4,0,4,100.0,413.5209669287769
2017-09-13,4,0,4,100.0,410.7934830109804
2017-09-14,4,0,4,100.0,410.4712303712754
2017-09-15,4,0,4,100.0,415.2997034098778
2017-09-18,4,0,4,100.0,425.07349962610414
2017-09-19,4,0,4,100.0,422.3060275169097
2017-09-20,4,0,4,100.0,418.66100141454183
2017-09-21,4,0,4,100.0,416.6671775413379
2017-09-22,4,0,4,100.0,409.52321646451094
2017-09-25,4,0,4,100.0,407.85049452062714
2017-09-26,4,0,4,100.0,408.7612282870558
2017-09-27,4,0,4,100.0,405.13582181677134
2017-09-28,4,0,4,100.0,404.8376205290561
2017-09-29,4,0,4,100.0,413.4864162026008
2017-10-03,4,0,4,100.0,415.3328138506462
2017-10-04,4,0,4,100.0,414.58998785012886
2017-10-05,4,0,4,100.0,411.9625101582294
2017-10-06,4,0,4,100.0,414.19126223051455
2017-10-09,4,0,4,100.0,416.7374634373898
2017-10-10,4,0,4,100.0,417.8656455903106
2017-10-11,4,0,4,100.0,416.69165297254506
2017-10-12,4,0,4,100.0,420.36663189607486
2017-10-13,4,0,4,100.0,422.2347113596439
2017-10-16,4,0,4,100.0,425.8747060506222
2017-10-17,4,0,4,100.0,426.21682547185316
2017-10-18,4,0,4,100.0,423.0680802895418
2017-10-19,4,0,4,100.0,421.21365544842604
2017-10-23,4,0,4,100.0,422.0546947091124
2017-10-24,4,0,4,100.0,423.1577486346092
2017-10-25,4,0,4,100.0,424.86833903960485
2017-10-26,4,0,4,100.0,430.1259774798641
2017-10-27,4,0,4,100.0,431.45270500079863
2017-10-30,4,0,4,100.0,435.10740327098983
2017-10-31,4,0,4,100.0,434.39799384804604
2017-11-01,4,0,4,100.0,426.4411535930217
2017-11-02,4,0,4,100.0,424.7905272086514
2017-11-03,4,0,4,100.0,420.96234342381695
2017-11-06,4,0,4,100.0,422.0082490908077
2017-11-07,4,0,4,100.0,420.66541426433605
2017-11-08,4,0,4,100.0,418.1583372351775
2017-11-09,4,0,4,100.0,416.7534546290461
2017-11-10,4,0,4,100.0,419.8379392325734
2017-11-13,4,0,4,100.0,416.7703815541319
2017-11-14,4,0,4,100.0,419.1025202484399
2017-11-15,4,0,4,100.0,418.6853045657274
2017-11-16,4,0,4,100.0,419.1302794168856
2017-11-17,4,0,4,100.0,419.6466775768763
2017-11-20,4,0,4,100.0,421.4693100031035
2017-11-21,4,0,4,100.0,423.06285641639107
2017-11-22,4,0,4,100.0,423.709153826963
2017-11-23,4,0,4,100.0,426.7804441552708
2017-11-24,4,0,4,100.0,428.0098919880778
2017-11-27,4,0,4,100.0,428.2575342761447
2017-11-28,4,0,4,100.0,428.1769118805861
2017-11-29,4,0,4,100.0,426.46965942520757
2017-11-30,4,0,4,100.0,421.5691091735176
2017-12-01,4,0,4,100.0,416.78037165439116
2017-12-04,3,1,4,75.0,416.78110863712476
2017-12-05,3,1,4,75.0,413.23956461187885
2017-12-06,2,2,4,50.0,407.9086164069373
2017-12-07,3,1,4,75.0,416.44484791235124
2017-12-08,3,1,4,75.0,416.64101266650465
2017-12-11,3,1,4,75.0,418.30806743797206
2017-12-12,2,2,4,50.0,412.9693633082353
2017-12-13,2,2,4,50.0,410.3192323501626
2017-12-14,2,2,4,50.0,412.44962889623855
2017-12-15,3,1,4,75.0,419.0710049980988
2017-12-18,3,1,4,75.0,422.81541882610094
2017-12-19,4,0,4,100.0,437.15106572501867
2017-12-20,4,0,4,100.0,434.722170802214
2017-12-21,4,0,4,100.0,436.03708844518803
2017-12-22,4,0,4,100.0,436.7319816080702
2017-12-26,4,0,4,100.0,437.91193654640006
2017-12-27,4,0,4,100.0,435.499512708122
2017-12-28,4,0,4,100.0,430.17433808838945
2017-12-29,4,0,4,100.0,436.3934729496304
2018-01-01,4,0,4,100.0,431.691555517544
2018-01-02,3,1,4,75.0,428.48827484790786
2018-01-03,3,1,4,75.0,426.9146182265604
2018-01-04,3,1,4,75.0,425.8621204285884
2018-01-05,3,1,4,75.0,429.0663671294568
2018-01-08,3,1,4,75.0,430.0069443602278
2018-01-09,3,1,4,75.0,426.1624024702941
2018-01-10,3,1,4,75.0,422.3375150621793
2018-01-11,3,1,4,75.0,420.63367902687406
2018-01-12,3,1,4,75.0,419.58893423653524
2018-01-15,2,2,4,50.0,413.7768242441375
2018-01-16,2,2,4,50.0,409.5306604834823
2018-01-17,2,2,4,50.0,412.3589386297783
2018-01-18,2,2,4,50.0,410.9525673103386
2018-01-19,2,2,4,50.0,410.6693718730068
2018-01-22,2,2,4,50.0,411.7497947409226
2018-01-23,2,2,4,50.0,409.76893232500686
2018-01-24,2,2,4,50.0,409.17866154218274
2018-01-25,2,2,4,50.0,406.3228606282094
2018-01-29,2,2,4,50.0,415.65744268527965
2018-01-30,2,2,4,50.0,413.10558348122885
2018-01-31,2,2,4,50.0,410.98137875191645
2018-02-01,3,1,4,75.0,414.98387071719696
2018-02-02,2,2,4,50.0,401.8403636653136
2018-02-05,2,2,4,50.0,401.52205324613834
2018-02-06,2,2,4,50.0,396.2607217051527
2018-02-07,2,2,4,50.0,398.22107929452665
2018-02-08,2,2,4,50.0,402.75716447055936
2018-02-09,2,2,4,50.0,398.05220715082146
2018-02-12,2,2,4,50.0,401.67883163817146
2018-02-14,2,2,4,50.0,399.1793527624165
2018-02-15,2,2,4,50.0,401.30787863785275
2018-02-16,2,2,4,50.0,395.306280958428
2018-02-19,2,2,4,50.0,390.99391717421594
2018-02-20,2,2,4,50.0,391.0445054496769
2018-02-21,0,4,4,0.0,389.82100041638967
2018-02-22,0,4,4,0.0,385.6499444817409
2018-02-23,1,3,4,25.0,391.46475552862756
2018-02-26,1,3,4,25.0,396.9991523419923
2018-02-27,2,2,4,50.0,398.518099470007
2018-02-28,1,3,4,25.0,399.9863934740918
2018-03-01,1,3,4,25.0,400.03463243095825
2018-03-05,1,3,4,25.0,394.4828202768669
2018-03-06,0,4,4,0.0,389.95769698618574
2018-03-07,0,4,4,0.0,388.440063522608
2018-03-08,0,4,4,0.0,392.59307995707627
2018-03-09,0,4,4,0.0,393.80892670026697
2018-03-12,2,2,4,50.0,399.3722818253596
2018-03-13,1,3,4,25.0,400.5978824309633
2018-03-14,0,4,4,0.0,398.33315835599495
2018-03-15,0,4,4,0.0,397.9764720780979
2018-03-16,0,4,4,0.0,390.1273034944508
2018-03-19,0,4,4,0.0,382.18612133797
2018-03-20,0,4,4,0.0,387.5874935801473
2018-03-21,0,4,4,0.0,383.0786991283429
2018-03-22,0,4,4,0.0,380.87685123548926
2018-03-23,0,4,4,0.0,377.9005688463336
2018-03-26,0,4,4,0.0,383.6929225837981
2018-03-27,0,4,4,0.0,383.09244853308843
2018-03-28,0,4,4,0.0,383.59270866416915
2018-04-02,1,3,4,25.0,394.71951427258017
2018-04-03,0,4,4,0.0,391.22317891596595
2018-04-04,1,3,4,25.0,393.8831678561372
2018-04-05,2,2,4,50.0,401.4669205620068
2018-04-06,2,2,4,50.0,400.4640855156612
2018-04-09,2,2,4,50.0,400.82843253884784
2018-04-10,2,2,4,50.0,397.95117339695196
2018-04-11,2,2,4,50.0,398.8505633554908
2018-04-12,2,2,4,50.0,401.1896199968725
2018-04-13,3,1,4,75.0,406.78752942621577
2018-04-16,3,1,4,75.0,412.743969866053
2018-04-17,3,1,4,75.0,411.51978775324505
2018-04-18,3,1,4,75.0,410.1118457782607
2018-04-19,3,1,4,75.0,409.85845724904
2018-04-20,3,1,4,75.0,409.9124278954888
2018-04-23,2,2,4,50.0,408.3177228105617
2018-04-24,2,2,4,50.0,409.66496435420413
2018-04-25,2,2,4,50.0,407.9138565910314
2018-04-26,2,2,4,50.0,408.9213661852675
2018-04-27,3,1,4,75.0,413.91458148134933
2018-04-30,3,1,4,75.0,413.3766086704598
2018-05-02,1,3,4,25.0,405.2892971031323
2018-05-03,1,3,4,25.0,403.24085053612384
2018-05-04,0,4,4,0.0,394.59468225949365
2018-05-07,0,4,4,0.0,398.94108197642333
2018-05-08,1,3,4,25.0,400.3155488756482
2018-05-09,1,3,4,25.0,398.4734236044965
2018-05-10,1,3,4,25.0,397.35054802886845
2018-05-11,1,3,4,25.0,398.0754905293023
2018-05-14,1,3,4,25.0,397.2010464449907
2018-05-15,1,3,4,25.0,397.9936334330585
2018-05-16,1,3,4,25.0,393.46181462925693
2018-05-17,1,3,4,25.0,389.39798411767975
2018-05-18,1,3,4,25.0,384.7864008774827
2018-05-21,0,4,4,0.0,376.71422102687296
2018-05-22,1,3,4,25.0,381.83727465884795
2018-05-23,0,4,4,0.0,378.5287243676555
2018-05-24,0,4,4,0.0,373.7725854001398
2018-05-25,1,3,4,25.0,382.1836592512984
2018-05-28,1,3,4,25.0,389.73587322955234
2018-05-29,1,3,4,25.0,391.354746981059
2018-05-30,1,3,4,25.0,390.47648745998214
2018-05-31,1,3,4,25.0,387.5657957016942
2018-06-01,0,4,4,0.0,393.64791029013094
2018-06-04,0,4,4,0.0,386.05155975097455
2018-06-05,0,4,4,0.0,384.3108156730315
2018-06-06,1,3,4,25.0,388.6450229345756
2018-06-07,1,3,4,25.0,389.9445875198611
2018-06-08,0,4,4,0.0,389.7282112530442
2018-06-11,0,4,4,0.0,390.05502050319285
2018-06-12,1,3,4,25.0,390.4789073342439
2018-06-13,1,3,4,25.0,391.5560050959079
2018-06-14,1,3,4,25.0,392.2693139623823
2018-06-15,1,3,4,25.0,391.6639892553811
2018-06-18,2,2,4,50.0,395.7623319031846
2018-06-19,2,2,4,50.0,391.20577697869555
2018-06-20,2,2,4,50.0,391.56420468602494
2018-06-21,0,4,4,0.0,388.10453991494427
2018-06-22,1,3,4,25.0,387.2131287381055
2018-06-25,0,4,4,0.0,388.2750725516756
2018-06-26,0,4,4,0.0,384.8034122329812
2018-06-27,0,4,4,0.0,377.7381545584507
2018-06-28,0,4,4,0.0,373.56410263023906
2018-06-29,0,4,4,0.0,375.40606115670005
2018-07-02,0,4,4,0.0,373.9040958660222
2018-07-03,0,4,4,0.0,376.1652670761056
2018-07-04,0,4,4,0.0,384.2279752436333
2018-07-05,0,4,4,0.0,384.11664682475765
2018-07-06,2,2,4,50.0,389.59415082765065
2018-07-09,1,3,4,25.0,390.85167016735363
2018-07-10,1,3,4,25.0,394.2636499407226
2018-07-11,1,3,4,25.0,395.0714078772899
2018-07-12,1,3,4,25.0,391.03624812059763
2018-07-13,1,3,4,25.0,390.52959930775376
2018-07-16,1,3,4,25.0,385.79600254688756
2018-07-17,1,3,4,25.0,386.89314439571797
2018-07-18,1,3,4,25.0,387.34994374661323
2018-07-19,1,3,4,25.0,384.15547450157294
2018-07-20,0,4,4,0.0,374.15676301089593
2018-07-23,0,4,4,0.0,359.3087920374303
2018-07-24,0,4,4,0.0,360.5123232690697
2018-07-25,0,4,4,0.0,356.8681740059561
2018-07-26,0,4,4,0.0,357.17786873745905
2018-07-27,0,4,4,0.0,364.07250521398544
2018-07-30,0,4,4,0.0,360.6322620046881
2018-07-31,0,4,4,0.0,361.94707867802833
2018-08-01,0,4,4,0.0,358.56543271488096
2018-08-02,0,4,4,0.0,357.2634606369702
2018-08-03,0,4,4,0.0,358.8087803106036
2018-08-06,0,4,4,0.0,361.4315365285527
2018-08-07,0,4,4,0.0,366.65939849949206
2018-08-08,0,4,4,0.0,363.3353677437138
2018-08-09,0,4,4,0.0,363.2347152862868
2018-08-10,1,3,4,25.0,367.7263084951146
2018-08-13,0,4,4,0.0,363.08655672168715
2018-08-14,1,3,4,25.0,364.31157564767295
2018-08-16,0,4,4,0.0,364.8825465750595
2018-08-17,0,4,4,0.0,361.9159172825415
2018-08-20,0,4,4,0.0,369.5486684991421
2018-08-21,0,4,4,0.0,371.1311567127023
2018-08-23,0,4,4,0.0,370.03502260814633
2018-08-24,1,3,4,25.0,368.8986576200953
2018-08-27,1,3,4,25.0,372.41287429808517
2018-08-28,0,4,4,0.0,372.2734028431338
2018-08-29,0,4,4,0.0,369.28838453739655
2018-08-30,0,4,4,0.0,368.52693200618876
2018-08-31,0,4,4,0.0,372.9576590523874
2018-09-03,1,3,4,25.0,375.66581533898295
2018-09-04,1,3,4,25.0,371.3107230375812
2018-09-05,1,3,4,25.0,372.94974781857553
2018-09-06,1,3,4,25.0,374.36439889702973
2018-09-07,1,3,4,25.0,386.73688796321795
2018-09-10,0,4,4,0.0,383.1312217632425
2018-09-11,0,4,4,0.0,374.9016744325491
2018-09-12,1,3,4,25.0,378.6468489413797
2018-09-14,1,3,4,25.0,382.8503858296779
2018-09-17,1,3,4,25.0,381.7308719685653
2018-09-18,1,3,4,25.0,376.56506796833986
2018-09-19,0,4,4,0.0,377.83301283037946
2018-09-21,0,4,4,0.0,376.30734270106586
2018-09-24,0,4,4,0.0,362.99191090247547
2018-09-25,0,4,4,0.0,366.03185125861677
2018-09-26,0,4,4,0.0,362.37842444091035
2018-09-27,0,4,4,0.0,361.757221033663
2018-09-28,0,4,4,0.0,347.3591146042777
2018-10-01,0,4,4,0.0,352.14110128720677
2018-10-03,0,4,4,0.0,341.44529658937694
2018-10-04,0,4,4,0.0,328.0952797523485
2018-10-05,0,4,4,0.0,317.5692717367185
2018-10-08,0,4,4,0.0,326.3629306828202
2018-10-09,0,4,4,0.0,320.27371416450046
2018-10-10,0,4,4,0.0,333.9921023956699
2018-10-11,0,4,4,0.0,326.60929076340136
2018-10-12,0,4,4,0.0,339.6108533926621
2018-10-15,0,4,4,0.0,336.6448865412528
2018-10-16,0,4,4,0.0,338.81678709317436
2018-10-17,0,4,4,0.0,327.56796250926163
2018-10-19,0,4,4,0.0,319.6995797644838
2018-10-22,0,4,4,0.0,324.733102811721
2018-10-23,0,4,4,0.0,327.8160145001651
2018-10-24,0,4,4,0.0,323.8627329668824
2018-10-25,0,4,4,0.0,320.47469393198776
2018-10-26,0,4,4,0.0,321.8858222141337
2018-10-29,0,4,4,0.0,327.44985841510623
2018-10-30,0,4,4,0.0,324.90907209485545
2018-10-31,0,4,4,0.0,329.75251923809674
2018-11-01,0,4,4,0.0,331.4481783354327
2018-11-02,0,4,4,0.0,340.1692654638966
2018-11-05,0,4,4,0.0,339.6980770646172
2018-11-06,0,4,4,0.0,338.65612283621977
2018-11-07,0,4,4,0.0,340.82014098364533
2018-11-09,0,4,4,0.0,342.85680227034834
2018-11-12,0,4,4,0.0,333.5906474369501
2018-11-13,0,4,4,0.0,340.93686553821976
2018-11-14,0,4,4,0.0,341.6821761197926
2018-11-15,0,4,4,0.0,345.5975151488464
2018-11-16,0,4,4,0.0,350.76277014735507
2018-11-19,0,4,4,0.0,351.9143503286164
2018-11-20,0,4,4,0.0,347.14797680714054
2018-11-21,0,4,4,0.0,343.08895081906815
2018-11-22,0,4,4,0.0,339.98669404787546
2018-11-26,0,4,4,0.0,347.08538804679677
2018-11-27,0,4,4,0.0,342.9993800688041
2018-11-28,0,4,4,0.0,340.60363823217784
2018-11-29,0,4,4,0.0,349.26475298380586
2018-11-30,0,4,4,0.0,351.4953225670489
2018-12-03,0,4,4,0.0,350.28100518679486
2018-12-04,0,4,4,0.0,352.1063005050358
2018-12-05,0,4,4,0.0,349.1357677561444
2018-12-06,0,4,4,0.0,341.3443873393715
2018-12-07,1,3,4,25.0,346.69314973966976
2018-12-10,0,4,4,0.0,345.37304736364365
2018-12-11,0,4,4,0.0,347.2241112721973
2018-12-12,1,3,4,25.0,363.9741450906191
2018-12-13,1,3,4,25.0,362.81024583146757
2018-12-14,1,3,4,25.0,364.64230945200586
2018-12-17,1,3,4,25.0,365.1770116724991
2018-12-18,1,3,4,25.0,366.0587800007516
2018-12-19,1,3,4,25.0,367.6807788244429
2018-12-20,3,1,4,75.0,371.0204053272253
2018-12-21,2,2,4,50.0,364.4566325804922
2018-12-24,0,4,4,0.0,353.6847812055355
2018-12-26,0,4,4,0.0,353.75219874469434
2018-12-27,0,4,4,0.0,350.80404334413697
2018-12-28,0,4,4,0.0,352.7721668341116
2018-12-31,0,4,4,0.0,353.57254432776546
2019-01-01,0,4,4,0.0,353.552187172552
2019-01-02,0,4,4,0.0,337.80487100189305
2019-01-03,0,4,4,0.0,333.82962341485023
2019-01-04,0,4,4,0.0,334.1382829838006
2019-01-07,0,4,4,0.0,328.8984796937881
2019-01-08,0,4,4,0.0,331.31436172462674
2019-01-09,0,4,4,0.0,332.1759960845017
2019-01-10,0,4,4,0.0,333.7047255977837
2019-01-11,0,4,4,0.0,332.8733035400762
2019-01-14,0,4,4,0.0,330.2931482416711
2019-01-15,0,4,4,0.0,334.40872355027216
2019-01-16,0,4,4,0.0,334.4061045398877
2019-01-17,0,4,4,0.0,333.7297368558222
2019-01-18,0,4,4,0.0,330.55226278254923
2019-01-21,0,4,4,0.0,326.4871758447192
2019-01-22,0,4,4,0.0,329.89727260158486
2019-01-23,0,4,4,0.0,325.51417857353374
2019-01-24,0,4,4,0.0,323.2704154720657
2019-01-25,0,4,4,0.0,314.7852217653578
2019-01-28,0,4,4,0.0,307.6982775936579
2019-01-29,0,4,4,0.0,307.36580558119846
2019-01-30,0,4,4,0.0,304.3170314712378
2019-01-31,0,4,4,0.0,307.65767693033183
2019-02-01,0,4,4,0.0,320.01939077060354
2019-02-04,0,4,4,0.0,319.72795768948237
2019-02-05,0,4,4,0.0,324.95578445048267
2019-02-06,1,3,4,25.0,328.49681394421617
2019-02-07,1,3,4,25.0,338.49792252932065
2019-02-08,1,3,4,25.0,332.35735897586073
2019-02-11,1,3,4,25.0,331.36123065296306
2019-02-12,1,3,4,25.0,330.1196828786408
2019-02-13,1,3,4,25.0,324.0377859195948
2019-02-14,1,3,4,25.0,325.4266764198831
2019-02-15,1,3,4,25.0,321.5468175556979
2019-02-18,1,3,4,25.0,318.2814046120633
2019-02-19,1,3,4,25.0,318.3767228328306
2019-02-20,1,3,4,25.0,316.9332211433921
2019-02-21,1,3,4,25.0,317.61529044586524
2019-02-22,1,3,4,25.0,320.9861895945028
2019-02-25,1,3,4,25.0,321.7923433910048
2019-02-26,1,3,4,25.0,319.9261127036634
2019-02-27,1,3,4,25.0,320.3401934759125
2019-02-28,1,3,4,25.0,315.7774955571434
2019-03-01,1,3,4,25.0,319.0727203617063
2019-03-05,1,3,4,25.0,333.7761441455739
2019-03-06,1,3,4,25.0,333.71975538417644
2019-03-07,1,3,4,25.0,331.7249367799733
2019-03-08,1,3,4,25.0,334.5365133760422
2019-03-11,1,3,4,25.0,345.5251084800998
2019-03-12,1,3,4,25.0,341.77281199094455
2019-03-13,1,3,4,25.0,343.37727666157537
2019-03-14,1,3,4,25.0,340.2941452088227
2019-03-15,1,3,4,25.0,340.26591865635737
2019-03-18,1,3,4,25.0,336.06957158864157
2019-03-19,1,3,4,25.0,329.59260274772726
2019-03-20,1,3,4,25.0,326.40932490890697
2019-03-22,1,3,4,25.0,325.0539646361821
2019-03-25,1,3,4,25.0,322.94042532006875
2019-03-26,1,3,4,25.0,323.19642397619
2019-03-27,1,3,4,25.0,321.1407073941046
2019-03-28,1,3,4,25.0,321.67230920035615
2019-03-29,1,3,4,25.0,320.062453970287
2019-04-01,1,3,4,25.0,319.93163420059426
2019-04-02,1,3,4,25.0,321.8752492331302
2019-04-03,1,3,4,25.0,320.2624898399284
2019-04-04,1,3,4,25.0,323.97885773916624
2019-04-05,1,3,4,25.0,324.94894126486696
2019-04-08,1,3,4,25.0,321.540809122337
2019-04-09,1,3,4,25.0,326.30257394001995
2019-04-10,1,3,4,25.0,325.9594519074771
2019-04-11,1,3,4,25.0,328.0178210707551
2019-04-12,1,3,4,25.0,333.72166168412656
2019-04-15,1,3,4,25.0,337.1261724788818
2019-04-16,1,3,4,25.0,340.99557751440085
2019-04-18,1,3,4,25.0,340.33446878542725
2019-04-22,1,3,4,25.0,334.86143499215603
2019-04-23,1,3,4,25.0,332.62559031627234
2019-04-24,1,3,4,25.0,334.28189897242453
2019-04-25,1,3,4,25.0,334.1621295269645
2019-04-26,1,3,4,25.0,330.4403776943777
2019-04-30,1,3,4,25.0,323.90153994975367
2019-05-02,1,3,4,25.0,325.0411728212724
2019-05-03,1,3,4,25.0,326.514089373715
2019-05-06,1,3,4,25.0,323.14520961009873
2019-05-07,1,3,4,25.0,325.24661704892145
2019-05-08,1,3,4,25.0,322.94500941954317
2019-05-09,1,3,4,25.0,323.7868092630623
2019-05-10,1,3,4,25.0,320.51150098893453
2019-05-13,1,3,4,25.0,312.821589675852
2019-05-14,1,3,4,25.0,313.45011680285535
2019-05-15,1,3,4,25.0,315.618275340073
2019-05-16,1,3,4,25.0,318.59091976187216
2019-05-17,1,3,4,25.0,327.9479620574861
2019-05-20,1,3,4,25.0,335.2713052976917
2019-05-21,1,3,4,25.0,330.4601912852453
2019-05-22,1,3,4,25.0,333.53657491101814
2019-05-23,1,3,4,25.0,331.550928515944
2019-05-24,1,3,4,25.0,338.71126348924616
2019-05-27,1,3,4,25.0,339.12524660371713
2019-05-28,1,3,4,25.0,334.7754677411068
2019-05-29,1,3,4,25.0,329.02533093482276
2019-05-30,1,3,4,25.0,326.0383660512178
2019-05-31,1,3,4,25.0,324.4536390783785
2019-06-03,1,3,4,25.0,335.79705119046616
2019-06-04,1,3,4,25.0,331.3429718653954
2019-06-06,1,3,4,25.0,331.7967643091628
2019-06-07,1,3,4,25.0,328.4050020211549
2019-06-10,1,3,4,25.0,328.4174453766357
2019-06-11,1,3,4,25.0,329.33040824574226
2019-06-12,1,3,4,25.0,326.27587046726876
2019-06-13,1,3,4,25.0,324.9279934467435
2019-06-14,1,3,4,25.0,319.4027398554897
2019-06-17,1,3,4,25.0,316.5583430118055
2019-06-18,1,3,4,25.0,317.0428921173902
2019-06-19,1,3,4,25.0,312.2961319591449
2019-06-20,1,3,4,25.0,319.30726848604525
2019-06-21,1,3,4,25.0,315.46521104279657
2019-06-24,1,3,4,25.0,310.28698985169035
2019-06-25,1,3,4,25.0,309.0161674809548
2019-06-26,1,3,4,25.0,308.2885190206638
2019-06-27,1,3,4,25.0,310.01294290089237
2019-06-28,1,3,4,25.0,306.9062229637492
2019-07-01,1,3,4,25.0,313.51803358133174
2019-07-02,1,3,4,25.0,313.30761093498523
2019-07-03,1,3,4,25.0,312.3284503412424
2019-07-04,1,3,4,25.0,313.0326559781605
2019-07-05,1,3,4,25.0,306.63315867612334
2019-07-08,0,4,4,0.0,296.0809126712977
2019-07-09,0,4,4,0.0,301.1928843396014
2019-07-10,0,4,4,0.0,295.8050896517129
2019-07-11,0,4,4,0.0,303.4262646348961
2019-07-12,0,4,4,0.0,305.71354551423076
2019-07-15,0,4,4,0.0,303.7862475974611
2019-07-16,0,4,4,0.0,304.843407159666
2019-07-17,0,4,4,0.0,300.71625132112723
2019-07-18,0,4,4,0.0,295.87453568628933
2019-07-19,0,4,4,0.0,284.88369036719297
2019-07-22,0,4,4,0.0,280.1913671399239
2019-07-23,0,4,4,0.0,279.32834003651107
2019-07-24,0,4,4,0.0,273.0965675413051
2019-07-25,0,4,4,0.0,274.2205258340267
2019-07-26,0,4,4,0.0,283.8677303303744
2019-07-29,0,4,4,0.0,272.08133817701645
2019-07-30,0,4,4,0.0,263.58279320702957
2019-07-31,0,4,4,0.0,273.0862288325229
2019-08-01,0,4,4,0.0,273.13685375658804
2019-08-02,0,4,4,0.0,279.84150187643945
2019-08-05,0,4,4,0.0,279.24937958619796
2019-08-06,0,4,4,0.0,283.85976660751965
2019-08-07,0,4,4,0.0,280.61480797434115
2019-08-08,0,4,4,0.0,288.98801833748394
2019-08-09,0,4,4,0.0,295.1058299066848
2019-08-13,0,4,4,0.0,284.8145531391569
2019-08-14,0,4,4,0.0,288.24261261875
2019-08-16,0,4,4,0.0,291.1531269214545
2019-08-19,0,4,4,0.0,287.3004564179431
2019-08-20,0,4,4,0.0,286.3162117341966
2019-08-21,2,2,4,50.0,288.34165106882483
2019-08-22,0,4,4,0.0,281.0841774311688
2019-08-23,0,4,4,0.0,282.77393554987333
2019-08-26,0,4,4,0.0,282.0978167675034
2019-08-27,1,3,4,25.0,286.25264797058867
2019-08-28,1,3,4,25.0,284.304483030128
2019-08-29,0,4,4,0.0,283.45292785075105
2019-08-30,1,3,4,25.0,283.4646084443912
2019-09-03,1,3,4,25.0,281.9724168440268
2019-09-04,0,4,4,0.0,281.88370236471167
2019-09-05,0,4,4,0.0,284.94218753216506
2019-09-06,1,3,4,25.0,293.53703505683654
2019-09-09,2,2,4,50.0,294.39915505238343
2019-09-11,2,2,4,50.0,304.94379397182223
2019-09-12,2,2,4,50.0,298.85973967904545
2019-09-13,2,2,4,50.0,300.7592833088526
2019-09-16,2,2,4,50.0,299.36432659272293
2019-09-17,0,4,4,0.0,287.05000002198597
2019-09-18,1,3,4,25.0,286.56635489677376
2019-09-19,0,4,4,0.0,283.0619763949355
2019-09-20,2,2,4,50.0,316.3585422205514
2019-09-23,2,2,4,50.0,324.3359346736426
2019-09-24,2,2,4,50.0,315.6468622015399
2019-09-25,2,2,4,50.0,306.98934917496456
2019-09-26,2,2,4,50.0,313.76280890438835
2019-09-27,2,2,4,50.0,311.0190602815516
2019-10-01,2,2,4,50.0,311.0190602815516
2019-10-03,2,2,4,50.0,309.43814189293545
2019-10-04,2,2,4,50.0,305.62899324398825
2019-10-07,2,2,4,50.0,306.0552727956355
2019-10-09,1,3,4,25.0,305.6968661454205
2019-10-10,1,3,4,25.0,302.2859874693506
2019-10-11,1,3,4,25.0,304.9979417102503
2019-10-14,1,3,4,25.0,308.0981007388492
2019-10-15,2,2,4,50.0,317.5673004867311
2019-10-16,1,3,4,25.0,316.09929515632456
2019-10-17,2,2,4,50.0,329.82971925253065
2019-10-18,4,0,4,100.0,331.9754631852788
2019-10-22,3,1,4,75.0,331.71027898832244
2019-10-23,4,0,4,100.0,338.30327908642454
2019-10-24,4,0,4,100.0,339.3644397611794
2019-10-25,4,0,4,100.0,339.3330878159908
2019-10-27,4,0,4,100.0,340.0651893920464
2019-10-29,4,0,4,100.0,347.59791103893906
2019-10-30,4,0,4,100.0,352.8883297277658
2019-10-31,4,0,4,100.0,352.8473729023102
2019-11-01,4,0,4,100.0,347.19089110113873
2019-11-04,4,0,4,100.0,341.1514576689893
2019-11-05,4,0,4,100.0,341.57425663608313
2019-11-06,4,0,4,100.0,343.67619401542674
2019-11-07,3,1,4,75.0,340.73076687552424
2019-11-08,4,0,4,100.0,341.40047126293615
2019-11-11,2,2,4,50.0,337.095953402344
2019-11-13,3,1,4,75.0,338.5724601939274
2019-11-14,3,1,4,75.0,338.0760014541318
2019-11-15,3,1,4,75.0,335.7688095138333
2019-11-18,3,1,4,75.0,333.51636543382364
2019-11-19,3,1,4,75.0,332.8140312784391
2019-11-20,3,1,4,75.0,331.9535887320145
2019-11-21,3,1,4,75.0,333.5856946172167
2019-11-22,2,2,4,50.0,334.60084285898785
2019-11-25,3,1,4,75.0,341.26920906074804
2019-11-26,3,1,4,75.0,339.19958164080884
2019-11-27,3,1,4,75.0,345.45645817908553
2019-11-28,3,1,4,75.0,346.2209111971741
2019-11-29,3,1,4,75.0,341.8592416734486
2019-12-02,3,1,4,75.0,334.40934734835827
2019-12-03,3,1,4,75.0,334.0787436500117
2019-12-04,3,1,4,75.0,333.87149153425474
2019-12-05,3,1,4,75.0,332.36925592905214
2019-12-06,3,1,4,75.0,326.82096355634604
2019-12-09,2,2,4,50.0,327.5675309693901
2019-12-10,2,2,4,50.0,326.22394058641925
2019-12-11,2,2,4,50.0,327.64834062154097
2019-12-12,3,1,4,75.0,331.265750025603
2019-12-13,3,1,4,75.0,333.4541304444107
2019-12-16,3,1,4,75.0,329.1171311970875
2019-12-17,3,1,4,75.0,329.0837952557641
2019-12-18,3,1,4,75.0,328.7587487620388
2019-12-19,3,1,4,75.0,335.3446594599164
2019-12-20,3,1,4,75.0,336.09334893558
2019-12-23,3,1,4,75.0,338.2829437276858
2019-12-24,3,1,4,75.0,337.3677003443426
2019-12-26,3,1,4,75.0,337.50057779111273
2019-12-27,3,1,4,75.0,339.4812755658317
2019-12-30,3,1,4,75.0,345.6826786589128
2019-12-31,3,1,4,75.0,339.8298354469089
2020-01-01,3,1,4,75.0,336.9027848540718
2020-01-02,3,1,4,75.0,332.54271694173264
2020-01-03,3,1,4,75.0,328.5322762297296
2020-01-06,3,1,4,75.0,323.17215145219035
2020-01-07,3,1,4,75.0,322.4556964305739
2020-01-08,3,1,4,75.0,318.46833644551594
2020-01-09,3,1,4,75.0,324.67118342231464
2020-01-10,3,1,4,75.0,327.22250391811053
2020-01-13,3,1,4,75.0,326.2148331289433
2020-01-14,3,1,4,75.0,329.3439573431127
2020-01-15,3,1,4,75.0,334.8674071188332
2020-01-16,3,1,4,75.0,337.5645156990725
2020-01-17,3,1,4,75.0,336.88523086903075
2020-01-20,3,1,4,75.0,332.8885381475073
2020-01-21,3,1,4,75.0,329.35989538948127
2020-01-22,3,1,4,75.0,329.55493663554785
2020-01-23,3,1,4,75.0,329.5632582539883
2020-01-24,3,1,4,75.0,331.980535039485
2020-01-27,3,1,4,75.0,331.75426700350795
2020-01-28,3,1,4,75.0,330.9818377975517
2020-01-29,3,1,4,75.0,330.34687956325797
2020-01-30,3,1,4,75.0,332.18940449231354
2020-01-31,3,1,4,75.0,333.11406481806057
2020-02-01,3,1,4,75.0,328.8255424522356
2020-02-03,3,1,4,75.0,330.7232704971358
2020-02-04,2,2,4,50.0,326.2911513753862
2020-02-05,2,2,4,50.0,324.60609328577647
2020-02-06,3,1,4,75.0,331.26483163466133
2020-02-07,3,1,4,75.0,327.979153196684
2020-02-10,2,2,4,50.0,320.6360997949998
2020-02-11,2,2,4,50.0,321.33691642337817
2020-02-12,2,2,4,50.0,322.8599737406186
2020-02-13,2,2,4,50.0,321.8751039999711
2020-02-14,2,2,4,50.0,316.65690938279874
2020-02-17,1,3,4,25.0,312.3072688244062
2020-02-18,2,2,4,50.0,313.82008598007627
2020-02-19,2,2,4,50.0,314.88922314342614
2020-02-20,2,2,4,50.0,314.7618716817794
2020-02-24,2,2,4,50.0,305.4755703110336
2020-02-25,1,3,4,25.0,302.4657346050533
2020-02-26,1,3,4,25.0,299.1955156949464
2020-02-27,1,3,4,25.0,298.10148493933565
2020-02-28,1,3,4,25.0,292.2205632565271
2020-03-02,0,4,4,0.0,286.09884988367776
2020-03-03,0,4,4,0.0,293.6666364988816
2020-03-04,0,4,4,0.0,289.1457211195729
2020-03-05,0,4,4,0.0,292.46287460645567
2020-03-06,0,4,4,0.0,292.30083747753264
2020-03-09,0,4,4,0.0,283.07649237750684
2020-03-11,0,4,4,0.0,286.67421849213605
2020-03-12,0,4,4,0.0,268.8473145864008
2020-03-13,0,4,4,0.0,274.29422864687115
2020-03-16,0,4,4,0.0,261.7355391004229
2020-03-17,0,4,4,0.0,265.1869525470506
2020-03-18,0,4,4,0.0,248.40938280518182
2020-03-19,0,4,4,0.0,246.40050967356876
2020-03-20,0,4,4,0.0,257.66971626526896
2020-03-23,0,4,4,0.0,225.45027305930577
2020-03-24,0,4,4,0.0,229.3184028260344
2020-03-25,0,4,4,0.0,231.11070186855852
2020-03-26,0,4,4,0.0,239.7104313477969
2020-03-27,0,4,4,0.0,228.31218782200676
2020-03-30,0,4,4,0.0,216.72949837458603
2020-03-31,0,4,4,0.0,219.1148240778114
2020-04-01,0,4,4,0.0,217.5940132052525
2020-04-03,0,4,4,0.0,208.77186027996535
2020-04-07,0,4,4,0.0,225.3418472601938
2020-04-08,0,4,4,0.0,230.91404797779936
2020-04-09,0,4,4,0.0,247.85938646019022
2020-04-13,0,4,4,0.0,239.8632305328432
2020-04-15,0,4,4,0.0,232.15885107519637
2020-04-16,0,4,4,0.0,231.025280855149
2020-04-17,0,4,4,0.0,245.09748849390095
2020-04-20,0,4,4,0.0,243.11030731677792
2020-04-21,0,4,4,0.0,240.04929969506327
2020-04-22,0,4,4,0.0,242.76737425955992
2020-04-23,0,4,4,0.0,244.21313199949827
2020-04-24,0,4,4,0.0,243.10058530485398
2020-04-27,0,4,4,0.0,248.2031757570728
2020-04-28,0,4,4,0.0,248.24414911429668
2020-04-29,0,4,4,0.0,252.38588300346242
2020-04-30,0,4,4,0.0,267.7308823524769
2020-05-04,0,4,4,0.0,249.96717740738018
2020-05-05,0,4,4,0.0,248.22764966858588
2020-05-06,0,4,4,0.0,254.67179828730448
2020-05-07,0,4,4,0.0,252.3288199585421
2020-05-08,0,4,4,0.0,249.34905998897122
2020-05-11,0,4,4,0.0,263.1289452102887
2020-05-12,0,4,4,0.0,265.8362266423359
2020-05-13,0,4,4,0.0,271.6551835187687
2020-05-14,0,4,4,0.0,271.8481163861261
2020-05-15,0,4,4,0.0,268.5041803419746
2020-05-18,0,4,4,0.0,248.7062418638473
2020-05-19,0,4,4,0.0,248.99070720386837
2020-05-20,0,4,4,0.0,253.2572149138358
2020-05-21,0,4,4,0.0,261.60554725118664
2020-05-22,0,4,4,0.0,259.31148301715507
2020-05-26,0,4,4,0.0,264.31270936904065
2020-05-27,0,4,4,0.0,267.49053348213704
2020-05-28,1,3,4,25.0,279.51105687908534
2020-05-29,1,3,4,25.0,286.3188193897547
2020-06-01,1,3,4,25.0,291.8560173825808
2020-06-02,2,2,4,50.0,296.87492279335885
2020-06-03,2,2,4,50.0,294.84253607779937
2020-06-04,2,2,4,50.0,295.47363684314985
2020-06-05,2,2,4,50.0,296.523497879329
2020-06-08,2,2,4,50.0,294.70137541591805
2020-06-09,2,2,4,50.0,294.79600917310916
2020-06-10,1,3,4,25.0,288.62997377075794
2020-06-11,1,3,4,25.0,284.04542235367705
2020-06-12,2,2,4,50.0,293.13290600517144
2020-06-15,1,3,4,25.0,288.2068281086785
2020-06-16,1,3,4,25.0,292.482468151863
2020-06-17,1,3,4,25.0,292.18451115827395
2020-06-18,1,3,4,25.0,294.1959986575596
2020-06-19,1,3,4,25.0,295.8570831252584
2020-06-22,2,2,4,50.0,306.4738168573749
2020-06-23,2,2,4,50.0,307.9403065059096
2020-06-24,3,1,4,75.0,311.22421341999615
2020-06-25,2,2,4,50.0,312.45979830562
2020-06-26,3,1,4,75.0,314.4944390301013
2020-06-29,2,2,4,50.0,310.92393824176435
2020-06-30,3,1,4,75.0,312.30415728912465
2020-07-01,3,1,4,75.0,314.18458647109617
2020-07-02,3,1,4,75.0,319.1684827859647
2020-07-03,3,1,4,75.0,327.44366506363133
2020-07-06,4,0,4,100.0,331.22811382232567
2020-07-07,3,1,4,75.0,330.4240135574363
2020-07-08,3,1,4,75.0,324.3117081959547
2020-07-09,3,1,4,75.0,325.7074358547982
2020-07-10,3,1,4,75.0,324.77392879026274
2020-07-13,3,1,4,75.0,326.8537649178504
2020-07-14,3,1,4,75.0,319.6496837723165
2020-07-15,3,1,4,75.0,322.2254240855095
2020-07-16,3,1,4,75.0,324.9587284520977
2020-07-17,3,1,4,75.0,328.3123714703056
2020-07-20,3,1,4,75.0,334.88005629207083
2020-07-21,4,0,4,100.0,340.11692824148
2020-07-22,3,1,4,75.0,334.5524995189847
2020-07-23,4,0,4,100.0,341.78915867777897
2020-07-24,3,1,4,75.0,337.59905021381
2020-07-27,3,1,4,75.0,337.3894995665279
2020-07-28,4,0,4,100.0,347.21285820593533
2020-07-29,4,0,4,100.0,345.51212978181735
2020-07-30,4,0,4,100.0,341.53116146851244
2020-07-31,3,1,4,75.0,334.05584145920704
2020-08-03,3,1,4,75.0,332.6691738463217
2020-08-04,3,1,4,75.0,338.0416788379578
2020-08-05,4,0,4,100.0,344.82516618291555
2020-08-06,4,0,4,100.0,345.52202435722563
2020-08-07,4,0,4,100.0,346.91246695511563
2020-08-10,4,0,4,100.0,344.1614433684011
2020-08-11,4,0,4,100.0,344.89561754517143
2020-08-12,4,0,4,100.0,350.1503621364912
2020-08-13,4,0,4,100.0,351.98241656797643
2020-08-14,4,0,4,100.0,342.2505412198002
2020-08-17,4,0,4,100.0,355.67140957029324
2020-08-18,4,0,4,100.0,357.78148705819734
2020-08-19,4,0,4,100.0,356.41628888369394
2020-08-20,4,0,4,100.0,360.0676136535135
2020-08-21,4,0,4,100.0,364.94920726110433
2020-08-24,4,0,4,100.0,363.3387536816435
2020-08-25,4,0,4,100.0,362.1239065389928
2020-08-26,4,0,4,100.0,375.886696721368
2020-08-27,4,0,4,100.0,371.92590810641207
2020-08-28,4,0,4,100.0,365.7547709216369
2020-08-31,4,0,4,100.0,354.2738711509058
2020-09-01,4,0,4,100.0,356.90947897379544
2020-09-02,4,0,4,100.0,353.9649478734816
2020-09-03,4,0,4,100.0,356.53286489701355
2020-09-04,4,0,4,100.0,353.0263953974416
2020-09-07,4,0,4,100.0,353.6286964164359
2020-09-08,4,0,4,100.0,351.28063026987667
2020-09-09,4,0,4,100.0,354.25372202809564
2020-09-10,4,0,4,100.0,355.65149968377665
2020-09-11,4,0,4,100.0,357.6775307753802
2020-09-14,4,0,4,100.0,362.47721901653193
2020-09-15,4,0,4,100.0,361.09539020095235
2020-09-16,4,0,4,100.0,367.0576388511001
2020-09-17,4,0,4,100.0,364.84663584497457
2020-09-18,4,0,4,100.0,367.71362628522263
2020-09-21,4,0,4,100.0,361.1865992471997
2020-09-22,4,0,4,100.0,355.75160544309796
2020-09-23,4,0,4,100.0,354.92147003770174
2020-09-24,4,0,4,100.0,348.90924610669924
2020-09-25,4,0,4,100.0,358.076715018305
2020-09-28,4,0,4,100.0,368.52846235346817
2020-09-29,4,0,4,100.0,369.46352008864113
2020-09-30,4,0,4,100.0,367.9339735896944
2020-10-01,4,0,4,100.0,373.4486084335441
2020-10-05,4,0,4,100.0,371.0499840601818
2020-10-06,4,0,4,100.0,370.9800723537169
2020-10-07,4,0,4,100.0,380.2494990207087
2020-10-08,4,0,4,100.0,379.5538609706133
2020-10-09,4,0,4,100.0,380.14910205548495
2020-10-12,4,0,4,100.0,375.70653837415966
2020-10-13,4,0,4,100.0,375.8781396345393
2020-10-14,4,0,4,100.0,379.04269523190993
2020-10-15,4,0,4,100.0,377.4844358963904
2020-10-16,4,0,4,100.0,380.79150800186954
2020-10-19,4,0,4,100.0,371.2509483588585
2020-10-20,4,0,4,100.0,370.9905949761881
2020-10-21,4,0,4,100.0,367.9144977151185
2020-10-22,4,0,4,100.0,363.0658002813493
2020-10-23,4,0,4,100.0,367.6376331887461
2020-10-26,4,0,4,100.0,349.56404073175634
2020-10-27,4,0,4,100.0,352.6233101906596
2020-10-28,4,0,4,100.0,353.11804677176946
2020-10-29,4,0,4,100.0,350.05725802608333
2020-10-30,4,0,4,100.0,350.82839521447573
2020-11-02,4,0,4,100.0,348.844466040199
2020-11-03,4,0,4,100.0,358.3526860310823
2020-11-04,4,0,4,100.0,360.7443255096864
2020-11-05,4,0,4,100.0,362.75716438247645
2020-11-06,4,0,4,100.0,365.12582568206784
2020-11-09,4,0,4,100.0,368.2758413108956
2020-11-10,4,0,4,100.0,369.7900654445666
2020-11-11,4,0,4,100.0,377.52007952944615
2020-11-12,4,0,4,100.0,379.9702370721968
2020-11-13,4,0,4,100.0,387.8629709920384
2020-11-14,4,0,4,100.0,388.70431510966085
2020-11-17,4,0,4,100.0,385.499340152124
2020-11-18,4,0,4,100.0,387.3431486003843
2020-11-19,4,0,4,100.0,384.1767634830859
2020-11-20,4,0,4,100.0,387.4326006435968
2020-11-23,4,0,4,100.0,389.9205514288739
2020-11-24,4,0,4,100.0,393.4754452458519
2020-11-25,4,0,4,100.0,387.145163572576
2020-11-26,4,0,4,100.0,388.3122808052363
2020-11-27,4,0,4,100.0,396.9529800532018
2020-12-01,4,0,4,100.0,399.2524130727101
2020-12-02,4,0,4,100.0,400.27048326704335
2020-12-03,4,0,4,100.0,402.07576329908375
2020-12-04,4,0,4,100.0,404.0418513170737
2020-12-07,4,0,4,100.0,406.97540037290645
2020-12-08,4,0,4,100.0,405.8717326711646
2020-12-09,4,0,4,100.0,403.9951267182614
2020-12-10,4,0,4,100.0,401.48490533305835
2020-12-11,4,0,4,100.0,398.64372625893685
2020-12-14,4,0,4,100.0,393.11690308410095
2020-12-15,4,0,4,100.0,394.8822435204204
2020-12-16,4,0,4,100.0,397.90411310143116
2020-12-17,4,0,4,100.0,395.757895982029
2020-12-18,4,0,4,100.0,399.1941281787246
2020-12-21,4,0,4,100.0,383.1021461333051
2020-12-22,4,0,4,100.0,387.67184494377506
2020-12-23,4,0,4,100.0,392.5781016503445
2020-12-24,4,0,4,100.0,394.41523623161976
2020-12-28,4,0,4,100.0,397.16665136171605
2020-12-29,4,0,4,100.0,398.5024277460366
2020-12-30,4,0,4,100.0,402.12097671253116
2020-12-31,4,0,4,100.0,402.51136506237833
2021-01-01,4,0,4,100.0,405.02261698142854
2021-01-04,4,0,4,100.0,409.77166556736586
2021-01-05,4,0,4,100.0,409.65610841880846
2021-01-06,4,0,4,100.0,407.4530328538139
2021-01-07,4,0,4,100.0,408.2881161980514
2021-01-08,4,0,4,100.0,421.6821186645081
2021-01-11,4,0,4,100.0,427.86422061253387
2021-01-12,4,0,4,100.0,433.1895143249419
2021-01-13,4,0,4,100.0,430.7434151055328
2021-01-14,4,0,4,100.0,431.34562540783907
2021-01-15,4,0,4,100.0,427.08145694764744
2021-01-18,4,0,4,100.0,424.2466471959435
2021-01-19,4,0,4,100.0,432.05254943887184
2021-01-20,4,0,4,100.0,432.76698132737545
2021-01-21,4,0,4,100.0,435.33894792953146
2021-01-22,4,0,4,100.0,455.31362721301116
2021-01-25,4,0,4,100.0,461.489613579949
2021-01-27,4,0,4,100.0,451.4057643763822
2021-01-28,4,0,4,100.0,452.2602630396464
2021-01-29,4,0,4,100.0,448.56712401759114
2021-02-01,4,0,4,100.0,461.8566376994767
2021-02-02,4,0,4,100.0,473.9334084376116
2021-02-03,4,0,4,100.0,483.10701824492173
2021-02-04,4,0,4,100.0,488.7246695972358
2021-02-05,4,0,4,100.0,482.63744244840996
2021-02-08,4,0,4,100.0,489.0751922896346
2021-02-09,4,0,4,100.0,487.71602812051304
2021-02-10,4,0,4,100.0,487.5831479962917
2021-02-11,4,0,4,100.0,482.46376433228136
2021-02-12,4,0,4,100.0,478.23192207143705
2021-02-15,4,0,4,100.0,476.78044030465463
2021-02-16,4,0,4,100.0,474.7488554230932
2021-02-17,4,0,4,100.0,476.6062330720863
2021-02-18,4,0,4,100.0,469.8335836710037
2021-02-19,4,0,4,100.0,458.1311965290504
2021-02-22,4,0,4,100.0,450.05489787157666
2021-02-23,4,0,4,100.0,451.3639766928157
2021-02-24,4,0,4,100.0,454.6220627016579
2021-02-25,4,0,4,100.0,454.75311557562145
2021-02-26,4,0,4,100.0,440.94351975757144
2021-03-01,4,0,4,100.0,452.28367780750204
2021-03-02,4,0,4,100.0,465.34518673059637
2021-03-03,4,0,4,100.0,461.142604010893
2021-03-04,4,0,4,100.0,458.5347667785378
2021-03-05,4,0,4,100.0,459.04289346755326
2021-03-08,4,0,4,100.0,454.0525372676086
2021-03-09,4,0,4,100.0,453.2934533220915
2021-03-10,4,0,4,100.0,458.8699708745824
2021-03-12,4,0,4,100.0,447.8701147854962
2021-03-15,4,0,4,100.0,445.4579385781552
2021-03-16,4,0,4,100.0,444.8536927217127
2021-03-17,4,0,4,100.0,436.37419641966756
2021-03-18,4,0,4,100.0,435.8846709360331
2021-03-19,4,0,4,100.0,438.23776743668
2021-03-22,4,0,4,100.0,437.7702814992784
2021-03-23,4,0,4,100.0,438.0144385015365
2021-03-24,4,0,4,100.0,430.54697846310745
2021-03-25,3,1,4,75.0,419.3811794667157
2021-03-26,3,1,4,75.0,423.71207824763815
2021-03-30,3,1,4,75.0,431.0043798897204
2021-03-31,3,1,4,75.0,429.66795288531114
2021-04-01,3,1,4,75.0,435.23899788891754
2021-04-05,3,1,4,75.0,422.86333379257763
2021-04-06,3,1,4,75.0,419.68240558597125
2021-04-07,3,1,4,75.0,425.3922453437705
2021-04-08,3,1,4,75.0,423.6893055906241
2021-04-09,3,1,4,75.0,422.6161416965111
2021-04-12,3,1,4,75.0,405.45708803002
2021-04-13,3,1,4,75.0,414.5851368683613
2021-04-15,3,1,4,75.0,409.95265122736083
2021-04-16,3,1,4,75.0,414.70869355588763
2021-04-19,2,2,4,50.0,402.4209427204644
2021-04-20,2,2,4,50.0,404.5333215767209
2021-04-22,2,2,4,50.0,407.10053515097957
2021-04-23,2,2,4,50.0,406.2201928596795
2021-04-26,2,2,4,50.0,414.1687550779038
2021-04-27,2,2,4,50.0,420.8103039632721
2021-04-28,3,1,4,75.0,444.5358113763645
2021-04-29,3,1,4,75.0,435.8571925797308
2021-04-30,3,1,4,75.0,431.9053904587193
2021-05-03,2,2,4,50.0,427.75767997755486
2021-05-04,2,2,4,50.0,423.9491565920102
2021-05-05,2,2,4,50.0,424.14536470985433
2021-05-06,3,1,4,75.0,438.61979704397544
2021-05-07,2,2,4,50.0,432.05182365221447
2021-05-10,3,1,4,75.0,431.37166491934045
2021-05-11,3,1,4,75.0,435.0502768493619
2021-05-12,3,1,4,75.0,432.5969478874681
2021-05-14,2,2,4,50.0,426.9415580190467
2021-05-17,3,1,4,75.0,435.11243594686044
2021-05-18,3,1,4,75.0,450.2382558972596
2021-05-19,3,1,4,75.0,450.5493718750712
2021-05-20,3,1,4,75.0,444.7119916753123
2021-05-21,3,1,4,75.0,446.0669949744359
2021-05-24,3,1,4,75.0,447.7132241842163
2021-05-25,3,1,4,75.0,454.60865033264895
2021-05-26,3,1,4,75.0,459.92243456811093
2021-05-27,3,1,4,75.0,461.6764098567505
2021-05-28,3,1,4,75.0,456.5045545442975
2021-05-31,3,1,4,75.0,457.73292128083705
2021-06-01,3,1,4,75.0,456.91488047306484
2021-06-02,3,1,4,75.0,459.5158489271329
2021-06-03,3,1,4,75.0,465.7151081809741
2021-06-04,3,1,4,75.0,465.37697778641876
2021-06-07,3,1,4,75.0,470.67360653800756
2021-06-08,3,1,4,75.0,471.46526068158227
2021-06-09,3,1,4,75.0,465.1834773468857
2021-06-10,3,1,4,75.0,462.9892312643561
2021-06-11,3,1,4,75.0,464.1298164764254
2021-06-14,3,1,4,75.0,461.3289783905099
2021-06-15,3,1,4,75.0,462.7197378892294
2021-06-16,3,1,4,75.0,458.4755306215464
2021-06-17,3,1,4,75.0,449.5774461906641
2021-06-18,3,1,4,75.0,453.2041088204805
2021-06-21,3,1,4,75.0,454.5619057761659
2021-06-22,3,1,4,75.0,457.0966611199135
2021-06-23,3,1,4,75.0,458.10011488821783
2021-06-24,3,1,4,75.0,456.2122416224926
2021-06-25,3,1,4,75.0,458.6686457073769
2021-06-28,3,1,4,75.0,459.17595105404666
2021-06-29,3,1,4,75.0,453.7435331324052
2021-06-30,3,1,4,75.0,453.1272018886031
2021-07-01,3,1,4,75.0,456.71101794828786
2021-07-02,3,1,4,75.0,452.9547159651833
2021-07-05,3,1,4,75.0,455.95381133877663
2021-07-06,3,1,4,75.0,454.9071430048345
2021-07-07,3,1,4,75.0,453.741710152505
2021-07-08,3,1,4,75.0,453.80055099454853
2021-07-09,3,1,4,75.0,450.8334601981479
2021-07-12,3,1,4,75.0,449.83516725485464
2021-07-13,3,1,4,75.0,451.9813155865187
2021-07-14,3,1,4,75.0,451.7945560668897
2021-07-15,3,1,4,75.0,448.71431066799073
2021-07-16,3,1,4,75.0,447.5842820235521
2021-07-19,3,1,4,75.0,442.0306033212152
2021-07-20,3,1,4,75.0,436.39282924319326
2021-07-22,3,1,4,75.0,435.77152980208183
2021-07-23,2,2,4,50.0,435.0793693537767
2021-07-26,3,1,4,75.0,435.01765969089246
2021-07-27,3,1,4,75.0,433.5983571261544
2021-07-28,2,2,4,50.0,430.9988991788985
2021-07-29,2,2,4,50.0,424.68954888578116
2021-07-30,2,2,4,50.0,430.61340252181674
2021-08-02,3,1,4,75.0,433.444477841894
2021-08-03,3,1,4,75.0,436.37373122517084
2021-08-04,3,1,4,75.0,435.05543253551144
2021-08-05,3,1,4,75.0,438.6947695766992
2021-08-06,3,1,4,75.0,441.18808455916866
2021-08-09,3,1,4,75.0,440.64664674862956
2021-08-10,2,2,4,50.0,435.74708902815803
2021-08-11,2,2,4,50.0,433.4629747362197
2021-08-12,2,2,4,50.0,428.97817871532294
2021-08-13,1,3,4,25.0,427.57201568984755
2021-08-16,1,3,4,25.0,419.3986696501606
2021-08-17,1,3,4,25.0,421.5800182277327
2021-08-18,2,2,4,50.0,423.71440176592034
2021-08-20,2,2,4,50.0,416.4923167113412
2021-08-23,1,3,4,25.0,409.3456532637707
2021-08-24,1,3,4,25.0,411.996396813245
2021-08-25,1,3,4,25.0,414.77537098039454
2021-08-26,1,3,4,25.0,411.76366950665147
2021-08-27,1,3,4,25.0,413.2968319241616
2021-08-30,1,3,4,25.0,416.7693217928462
2021-08-31,2,2,4,50.0,423.7583769761373
2021-09-01,2,2,4,50.0,426.47823576026553
2021-09-02,2,2,4,50.0,426.25582799749236
2021-09-03,2,2,4,50.0,434.76566519992764
2021-09-06,2,2,4,50.0,438.99480306878485
2021-09-07,2,2,4,50.0,438.57233498083303
2021-09-08,2,2,4,50.0,434.9526384288151
2021-09-09,1,3,4,25.0,434.5048656247539
2021-09-13,1,3,4,25.0,433.8767237200535
2021-09-14,2,2,4,50.0,439.239835649529
2021-09-15,2,2,4,50.0,441.4797483243273
2021-09-16,2,2,4,50.0,444.203333640871
2021-09-17,2,2,4,50.0,446.8798833213158
2021-09-20,2,2,4,50.0,440.2632568292194
2021-09-21,2,2,4,50.0,436.54624818910463
2021-09-22,2,2,4,50.0,438.23264768932563
2021-09-23,2,2,4,50.0,440.1500402959989
2021-09-24,2,2,4,50.0,442.0395313148488
2021-09-27,2,2,4,50.0,449.9007324731369
2021-09-28,2,2,4,50.0,450.2846731111647
2021-09-29,2,2,4,50.0,446.14987466482967
2021-09-30,2,2,4,50.0,439.82708759655617
2021-10-01,2,2,4,50.0,443.2014748345978
2021-10-04,2,2,4,50.0,440.99180611160983
2021-10-05,2,2,4,50.0,442.5287356783534
2021-10-06,2,2,4,50.0,433.2422137193719
2021-10-07,2,2,4,50.0,442.9957307674359
2021-10-08,2,2,4,50.0,442.91658410398924
2021-10-11,2,2,4,50.0,445.77862217789107
2021-10-12,2,2,4,50.0,456.9487300106442
2021-10-13,3,1,4,75.0,457.4806338975808
2021-10-14,3,1,4,75.0,456.7712559097368
2021-10-18,3,1,4,75.0,453.74481490228453
2021-10-19,3,1,4,75.0,447.0860455441292
2021-10-20,2,2,4,50.0,440.0276486095038
2021-10-21,2,2,4,50.0,436.51955276721316
2021-10-22,2,2,4,50.0,443.811095328263
2021-10-25,1,3,4,25.0,432.7523699261145
2021-10-26,1,3,4,25.0,440.07674371244667
2021-10-27,1,3,4,25.0,438.9340776032056
2021-10-28,1,3,4,25.0,437.99891031990245
2021-10-29,1,3,4,25.0,437.68601625625905
2021-11-01,1,3,4,25.0,443.9723308914699
2021-11-02,1,3,4,25.0,448.24274646661905
2021-11-03,1,3,4,25.0,445.6173551992995
2021-11-04,2,2,4,50.0,455.4941773266432
2021-11-08,2,2,4,50.0,458.95410141215615
2021-11-09,2,2,4,50.0,464.46319901951034
2021-11-10,2,2,4,50.0,468.4167744352027
2021-11-11,2,2,4,50.0,464.160396622787
2021-11-12,2,2,4,50.0,457.84227439279147
2021-11-15,2,2,4,50.0,456.70002530159695
2021-11-16,2,2,4,50.0,460.78954040335594
2021-11-17,2,2,4,50.0,458.64511366327747
2021-11-18,1,3,4,25.0,449.29846854163475
2021-11-22,1,3,4,25.0,439.3675188336382
2021-11-23,1,3,4,25.0,441.6229899957331
2021-11-24,1,3,4,25.0,435.9772228966649
2021-11-25,1,3,4,25.0,433.5768760176723
2021-11-26,1,3,4,25.0,421.4874473868936
2021-11-29,1,3,4,25.0,419.00935241498763
2021-11-30,1,3,4,25.0,413.89767814237786
2021-12-01,1,3,4,25.0,415.85733895898613
2021-12-02,1,3,4,25.0,420.2996352437226
2021-12-03,1,3,4,25.0,417.52738850647876
2021-12-06,1,3,4,25.0,412.3004857994917
2021-12-07,1,3,4,25.0,417.2082175516583
2021-12-08,1,3,4,25.0,423.8536537969043
2021-12-09,1,3,4,25.0,427.33509225960387
2021-12-10,1,3,4,25.0,426.6877717586281
2021-12-13,1,3,4,25.0,421.69702263127687
2021-12-14,1,3,4,25.0,418.02791301784276
2021-12-15,1,3,4,25.0,421.50965773831166
2021-12-16,1,3,4,25.0,411.9157634179566
2021-12-17,1,3,4,25.0,404.5595674431022
2021-12-20,1,3,4,25.0,395.01641278386967
2021-12-21,1,3,4,25.0,397.0977875864529
2021-12-22,1,3,4,25.0,400.6127501385145
2021-12-23,1,3,4,25.0,403.94345926307153
2021-12-24,1,3,4,25.0,399.903588101822
2021-12-27,1,3,4,25.0,399.61651629570264
2021-12-28,1,3,4,25.0,403.48330003489286
2021-12-29,1,3,4,25.0,412.29190013685263
2021-12-30,1,3,4,25.0,408.8255969275088
2021-12-31,1,3,4,25.0,414.9127133367592
2022-01-03,2,2,4,50.0,421.86346624804037
2022-01-04,2,2,4,50.0,422.27050637095874
2022-01-05,2,2,4,50.0,429.64819085430497
2022-01-06,2,2,4,50.0,434.33285754439555
2022-01-07,2,2,4,50.0,432.61719680471344
2022-01-10,2,2,4,50.0,438.5296527137063
2022-01-11,2,2,4,50.0,436.1419999702633
2022-01-12,2,2,4,50.0,440.0865738186508
2022-01-13,2,2,4,50.0,442.17258114312233
2022-01-14,2,2,4,50.0,439.77908560084165
2022-01-17,2,2,4,50.0,447.98437869605
2022-01-18,2,2,4,50.0,438.09391860247587
2022-01-19,2,2,4,50.0,438.76048266177713
2022-01-20,2,2,4,50.0,434.5401335475542
2022-01-21,2,2,4,50.0,438.05162659281
2022-01-24,2,2,4,50.0,429.61335581260676
2022-01-25,3,1,4,75.0,438.31058397613225
2022-01-27,2,2,4,50.0,436.33582179880455
2022-01-28,0,4,4,0.0,428.30321637152196
2022-01-31,1,3,4,25.0,434.64876314338596
2022-02-01,1,3,4,25.0,436.44434341064857
2022-02-02,2,2,4,50.0,437.4481169403133
2022-02-03,3,1,4,75.0,448.78976764197176
2022-02-04,1,3,4,25.0,442.2695092342413
2022-02-07,1,3,4,25.0,432.5243888892575
2022-02-08,1,3,4,25.0,435.77235534685326
2022-02-09,1,3,4,25.0,443.48826434629603
2022-02-10,2,2,4,50.0,445.9478062686072
2022-02-11,1,3,4,25.0,442.1152855372025
2022-02-14,1,3,4,25.0,432.5249969727668
2022-02-15,3,1,4,75.0,451.0611138234084
2022-02-16,3,1,4,75.0,450.8990986214063
2022-02-17,3,1,4,75.0,453.2076979493924
2022-02-18,3,1,4,75.0,451.24077968067036
2022-02-21,3,1,4,75.0,448.69887500176696
2022-02-22,3,1,4,75.0,452.06321387716144
2022-02-23,2,2,4,50.0,446.0913213483263
2022-02-24,1,3,4,25.0,426.1800422838303
2022-02-25,1,3,4,25.0,432.66216611333414
2022-02-28,1,3,4,25.0,428.3239378689588
2022-03-02,0,4,4,0.0,412.13523603963245
2022-03-03,0,4,4,0.0,403.2724949683602
2022-03-04,0,4,4,0.0,388.92336430421244
2022-03-07,0,4,4,0.0,376.33414915613406
2022-03-08,0,4,4,0.0,381.7444778121645
2022-03-09,0,4,4,0.0,389.20659341281396
2022-03-10,0,4,4,0.0,395.0594684012588
2022-03-11,0,4,4,0.0,397.85438789099857
2022-03-14,0,4,4,0.0,401.9808833151214
2022-03-15,0,4,4,0.0,401.0882703225364
2022-03-16,0,4,4,0.0,411.4606257114288
2022-03-17,0,4,4,0.0,419.75859565358763
2022-03-21,0,4,4,0.0,413.7432702675262
2022-03-22,0,4,4,0.0,417.8000247354883
2022-03-23,0,4,4,0.0,415.34296856801365
2022-03-24,0,4,4,0.0,414.16013653766043
2022-03-25,0,4,4,0.0,412.9372215665496
2022-03-28,1,3,4,25.0,416.52074841082987
2022-03-29,2,2,4,50.0,414.66709825678174
2022-03-30,2,2,4,50.0,418.7700446392065
2022-03-31,2,2,4,50.0,418.6161179686708
2022-04-01,2,2,4,50.0,420.1852017487566
2022-04-04,2,2,4,50.0,426.19495783824294
2022-04-05,2,2,4,50.0,430.4803766170383
2022-04-06,2,2,4,50.0,432.23525901415877
2022-04-07,2,2,4,50.0,431.0877020571499
2022-04-08,2,2,4,50.0,435.1839264032811
2022-04-11,2,2,4,50.0,432.45909442440495
2022-04-12,2,2,4,50.0,427.452046682827
2022-04-13,2,2,4,50.0,424.61559152291926
2022-04-18,2,2,4,50.0,427.4303277460637
2022-04-19,2,2,4,50.0,419.8439391558769
2022-04-20,2,2,4,50.0,427.5298712998602
2022-04-21,3,1,4,75.0,434.91088800988894
2022-04-22,3,1,4,75.0,429.15400183829473
2022-04-25,2,2,4,50.0,429.18162805124496
2022-04-26,3,1,4,75.0,448.4307414009038
2022-04-27,3,1,4,75.0,454.2396820725341
2022-04-28,3,1,4,75.0,453.13327777896495
2022-04-29,3,1,4,75.0,443.05372811339134
2022-05-02,2,2,4,50.0,434.78837259258205
2022-05-04,1,3,4,25.0,421.0320598406368
2022-05-05,1,3,4,25.0,424.3612159541126
2022-05-06,1,3,4,25.0,422.8149186182294
2022-05-09,1,3,4,25.0,418.89025475841504
2022-05-10,1,3,4,25.0,421.9474953779253
2022-05-11,2,2,4,50.0,422.0756028326414
2022-05-12,0,4,4,0.0,415.0661466313355
2022-05-13,2,2,4,50.0,426.4621726253272
2022-05-16,3,1,4,75.0,441.9439192105921
2022-05-17,3,1,4,75.0,451.5449243543883
2022-05-18,3,1,4,75.0,453.9249426320633
2022-05-19,3,1,4,75.0,448.0026028490275
2022-05-20,4,0,4,100.0,457.34917839791115
2022-05-23,4,0,4,100.0,462.13477771472975
2022-05-24,4,0,4,100.0,463.8119951274567
2022-05-25,4,0,4,100.0,459.70299417301703
2022-05-26,4,0,4,100.0,466.2120542776887
2022-05-27,4,0,4,100.0,472.42377746160804
2022-05-30,4,0,4,100.0,478.6634869241973
2022-05-31,4,0,4,100.0,479.50364641397414
2022-06-01,4,0,4,100.0,474.04759661603055
2022-06-02,4,0,4,100.0,467.176380560353
2022-06-03,4,0,4,100.0,460.2114288473841
2022-06-06,3,1,4,75.0,461.18751453219204
2022-06-07,4,0,4,100.0,465.2726965501617
2022-06-08,4,0,4,100.0,465.8930970523148
2022-06-09,4,0,4,100.0,474.0128117776427
2022-06-10,4,0,4,100.0,474.03748967567327
2022-06-13,4,0,4,100.0,471.32678122101066
2022-06-14,4,0,4,100.0,464.2733620919241
2022-06-15,4,0,4,100.0,467.45189979324755
2022-06-16,3,1,4,75.0,458.371538318847
2022-06-17,2,2,4,50.0,451.97894982610273
2022-06-20,3,1,4,75.0,450.24415616664675
2022-06-21,3,1,4,75.0,458.8289379809312
2022-06-22,3,1,4,75.0,457.9090015562318
2022-06-23,4,0,4,100.0,480.43550062640634
2022-06-24,4,0,4,100.0,491.86669988648043
2022-06-27,4,0,4,100.0,492.3700370042185
2022-06-28,4,0,4,100.0,497.298356794421
2022-06-29,4,0,4,100.0,498.9531145367053
2022-06-30,4,0,4,100.0,494.0709821475205
2022-07-01,4,0,4,100.0,495.5447743653626
2022-07-04,4,0,4,100.0,495.07024368671597
2022-07-05,4,0,4,100.0,490.3433984217402
2022-07-06,4,0,4,100.0,503.97186858103396
2022-07-07,4,0,4,100.0,506.76231083218283
2022-07-08,4,0,4,100.0,509.6690168471679
2022-07-11,4,0,4,100.0,518.7024699401504
2022-07-12,4,0,4,100.0,514.1385985719212
2022-07-13,4,0,4,100.0,514.9398150675278
2022-07-14,4,0,4,100.0,509.119603913309
2022-07-15,4,0,4,100.0,519.8568968212295
2022-07-18,4,0,4,100.0,524.1193886959181
2022-07-19,4,0,4,100.0,525.9996950779105
2022-07-20,4,0,4,100.0,525.4001949254043
2022-07-21,4,0,4,100.0,530.0518766838093
2022-07-22,4,0,4,100.0,534.8734004238958
2022-07-25,4,0,4,100.0,527.4345183629182
2022-07-26,4,0,4,100.0,518.8317208376101
2022-07-27,4,0,4,100.0,517.5124054723086
2022-07-28,4,0,4,100.0,519.5886440729141
2022-07-29,4,0,4,100.0,530.4911581116451
2022-08-01,4,0,4,100.0,536.0557382158494
2022-08-02,4,0,4,100.0,536.661065804353
2022-08-03,4,0,4,100.0,537.604501291168
2022-08-04,4,0,4,100.0,539.3715120057918
2022-08-05,4,0,4,100.0,537.3228759540578
2022-08-08,4,0,4,100.0,538.4227758215536
2022-08-10,4,0,4,100.0,543.6950472600909
2022-08-11,4,0,4,100.0,543.9014197117698
2022-08-12,4,0,4,100.0,544.4590703226804
2022-08-16,4,0,4,100.0,558.183174787143
2022-08-17,4,0,4,100.0,563.4388639257222
2022-08-18,4,0,4,100.0,564.0068242394967
2022-08-19,4,0,4,100.0,559.434664257744
2022-08-22,4,0,4,100.0,549.7755712045196
2022-08-23,4,0,4,100.0,558.4998638075565
2022-08-24,4,0,4,100.0,558.826930015868
2022-08-25,4,0,4,100.0,558.0705287484165
2022-08-26,4,0,4,100.0,554.8429121278623
2022-08-29,4,0,4,100.0,551.893389345383
2022-08-30,4,0,4,100.0,561.1012464403072
2022-09-01,4,0,4,100.0,569.138867461318
2022-09-02,4,0,4,100.0,566.9515897390721
2022-09-05,4,0,4,100.0,565.9796277703412
2022-09-06,4,0,4,100.0,568.8838581956529
2022-09-07,4,0,4,100.0,562.3802026243256
2022-09-08,4,0,4,100.0,564.748877900248
2022-09-09,4,0,4,100.0,567.0605703707283
2022-09-12,4,0,4,100.0,571.0731495715082
2022-09-13,4,0,4,100.0,569.2499633003001
2022-09-14,4,0,4,100.0,568.4181065119674
2022-09-15,4,0,4,100.0,566.0669853302443
2022-09-16,4,0,4,100.0,552.6661555155808
2022-09-19,4,0,4,100.0,556.2703130125597
2022-09-20,4,0,4,100.0,574.1245789166157
2022-09-21,4,0,4,100.0,569.9834936467919
2022-09-22,4,0,4,100.0,572.2485131472371
2022-09-23,4,0,4,100.0,564.1518611500748
2022-09-26,3,1,4,75.0,548.9926011230939
2022-09-27,3,1,4,75.0,547.0362459178534
2022-09-28,3,1,4,75.0,545.1741948993663
2022-09-29,2,2,4,50.0,538.213365958836
2022-09-30,2,2,4,50.0,545.3429388745457
2022-10-03,2,2,4,50.0,531.0122453666928
2022-10-04,3,1,4,75.0,547.264974788611
2022-10-06,4,0,4,100.0,553.4729924604123
2022-10-07,4,0,4,100.0,552.7182269062456
2022-10-10,3,1,4,75.0,549.3529395319734
2022-10-11,2,2,4,50.0,538.5289105361051
2022-10-12,3,1,4,75.0,548.412232457134
2022-10-13,2,2,4,50.0,546.7158044126963
2022-10-14,2,2,4,50.0,545.1804038503806
2022-10-17,3,1,4,75.0,549.422970868637
2022-10-18,2,2,4,50.0,559.920950846768
2022-10-19,3,1,4,75.0,565.7603363432432
2022-10-20,3,1,4,75.0,566.5040239654631
2022-10-21,3,1,4,75.0,564.9539099150003
2022-10-24,3,1,4,75.0,567.8045230735212
2022-10-25,3,1,4,75.0,570.3058986470904
2022-10-27,3,1,4,75.0,566.4591436146706
2022-10-28,4,0,4,100.0,572.1392458649376
2022-10-31,4,0,4,100.0,580.0379525921485
2022-11-01,4,0,4,100.0,579.2618101572102
2022-11-02,4,0,4,100.0,572.2738539509147
2022-11-03,4,0,4,100.0,574.2604415377493
2022-11-04,3,1,4,75.0,568.1324411532961
2022-11-07,4,0,4,100.0,573.0889868891059
2022-11-09,4,0,4,100.0,576.8750547050876
2022-11-10,4,0,4,100.0,573.4880927873614
2022-11-11,4,0,4,100.0,564.4545252337363
2022-11-14,4,0,4,100.0,564.4683941407777
2022-11-15,4,0,4,100.0,568.103246951395
2022-11-16,4,0,4,100.0,569.696960871967
2022-11-17,4,0,4,100.0,564.2226389291486
2022-11-18,3,1,4,75.0,555.2336554799673
2022-11-21,3,1,4,75.0,547.6278315915686
2022-11-22,3,1,4,75.0,547.2054290275946
2022-11-23,3,1,4,75.0,546.8030327961576
2022-11-24,3,1,4,75.0,547.9426603287069
2022-11-25,3,1,4,75.0,550.0119409552424
2022-11-28,4,0,4,100.0,559.3691130906394
2022-11-29,3,1,4,75.0,557.2348914515013
2022-11-30,4,0,4,100.0,565.7494710190028
2022-12-01,4,0,4,100.0,563.4509677265686
2022-12-02,3,1,4,75.0,554.5570707263616
2022-12-05,3,1,4,75.0,551.4074977158925
2022-12-06,4,0,4,100.0,552.6085461187985
2022-12-07,3,1,4,75.0,544.6699389811178
2022-12-08,3,1,4,75.0,547.3610955107399
2022-12-09,3,1,4,75.0,549.1452684168548
2022-12-12,3,1,4,75.0,548.0493318639893
2022-12-13,3,1,4,75.0,548.5403875663347
2022-12-14,3,1,4,75.0,549.7857948907451
2022-12-15,3,1,4,75.0,548.4168259788061
2022-12-16,3,1,4,75.0,543.1058147237213
2022-12-19,3,1,4,75.0,555.0913609070922
2022-12-20,3,1,4,75.0,550.9694009055526
2022-12-21,3,1,4,75.0,545.4964620207945
2022-12-22,3,1,4,75.0,541.5989960745264
2022-12-23,3,1,4,75.0,527.2398997858716
2022-12-26,3,1,4,75.0,532.7725945836198
2022-12-27,3,1,4,75.0,540.4677444102705
2022-12-28,3,1,4,75.0,545.4393574401241
2022-12-29,3,1,4,75.0,551.3097235746682
2022-12-30,3,1,4,75.0,549.7795166387767
2023-01-02,3,1,4,75.0,545.5105357423047
2023-01-03,3,1,4,75.0,542.1415075741186
2023-01-04,3,1,4,75.0,537.6790360498175
2023-01-05,3,1,4,75.0,545.5833101885788
2023-01-06,3,1,4,75.0,544.1136113851885
2023-01-09,3,1,4,75.0,543.845338553117
2023-01-10,3,1,4,75.0,535.5085138814457
2023-01-11,3,1,4,75.0,531.7531076283716
2023-01-12,2,2,4,50.0,530.3565493277357
2023-01-13,3,1,4,75.0,535.4033589982254
2023-01-16,3,1,4,75.0,533.2900751832141
2023-01-17,3,1,4,75.0,536.0350181980784
2023-01-18,3,1,4,75.0,538.2873881705509
2023-01-19,3,1,4,75.0,538.1522833054737
2023-01-20,3,1,4,75.0,530.3639371747017
2023-01-23,3,1,4,75.0,537.4455849438746
2023-01-24,3,1,4,75.0,540.9163685301735
2023-01-25,4,0,4,100.0,549.585778927526
2023-01-27,4,0,4,100.0,555.1054092815984
2023-01-30,4,0,4,100.0,548.7102147286231
2023-01-31,4,0,4,100.0,554.4816248811106
2023-02-01,4,0,4,100.0,551.6516486390744
2023-02-02,3,1,4,75.0,542.4332773440091
2023-02-03,3,1,4,75.0,553.0344881548556
2023-02-06,4,0,4,100.0,555.5759822893501
2023-02-07,3,1,4,75.0,554.2283116346366
2023-02-08,3,1,4,75.0,548.8365884384564
2023-02-09,3,1,4,75.0,546.4468429728968
2023-02-10,3,1,4,75.0,549.5107193716383
2023-02-13,3,1,4,75.0,551.1444414910101
2023-02-14,2,2,4,50.0,547.7831511678633
2023-02-15,3,1,4,75.0,559.8232171070191
2023-02-16,3,1,4,75.0,560.3025092700325
2023-02-17,3,1,4,75.0,559.6530763330783
2023-02-20,3,1,4,75.0,563.1849158018765
2023-02-21,3,1,4,75.0,559.0851678612217
2023-02-22,3,1,4,75.0,555.574733782973
2023-02-23,3,1,4,75.0,555.0796899869576
2023-02-24,2,2,4,50.0,552.1392802878793
2023-02-27,1,3,4,25.0,536.2149487153981
2023-02-28,1,3,4,25.0,534.3045423762157
2023-03-01,1,3,4,25.0,536.8071160997213
2023-03-02,1,3,4,25.0,537.9213305509365
2023-03-03,1,3,4,25.0,538.9479849746126
2023-03-06,1,3,4,25.0,544.8378618357133
2023-03-08,2,2,4,50.0,551.0167606339795
2023-03-09,2,2,4,50.0,543.8295525565908
2023-03-10,2,2,4,50.0,540.8166160769264
2023-03-13,2,2,4,50.0,529.7775994529648
2023-03-14,2,2,4,50.0,527.0659973819899
2023-03-15,1,3,4,25.0,524.489187505954
2023-03-16,2,2,4,50.0,530.3807479795214
2023-03-17,2,2,4,50.0,526.4850321689179
2023-03-20,2,2,4,50.0,523.6364480887318
2023-03-21,2,2,4,50.0,528.4266898517222
2023-03-22,2,2,4,50.0,529.9002804058944
2023-03-23,2,2,4,50.0,526.6001155912296
2023-03-24,2,2,4,50.0,521.1615767620143
2023-03-27,2,2,4,50.0,519.705896265246
2023-03-28,2,2,4,50.0,512.8098003960565
2023-03-29,2,2,4,50.0,528.1091822959337
2023-03-31,2,2,4,50.0,531.207137569376
2023-04-03,2,2,4,50.0,543.0995430978811
2023-04-05,2,2,4,50.0,541.6229118663986
2023-04-06,2,2,4,50.0,544.0315729870125
2023-04-10,2,2,4,50.0,548.4024084259926
2023-04-11,2,2,4,50.0,559.3133940464322
2023-04-12,2,2,4,50.0,567.6135581465625
2023-04-13,2,2,4,50.0,573.2054522994345
2023-04-17,2,2,4,50.0,574.7130642110144
2023-04-18,2,2,4,50.0,570.1636950293722
2023-04-19,3,1,4,75.0,576.7189230359943
2023-04-20,2,2,4,50.0,571.4441448351017
2023-04-21,2,2,4,50.0,565.4060767725175
2023-04-24,2,2,4,50.0,568.9377109000488
2023-04-25,2,2,4,50.0,571.9161295693457
2023-04-26,2,2,4,50.0,574.0574663890899
2023-04-27,2,2,4,50.0,579.467566650837
2023-04-28,3,1,4,75.0,585.5476818444731
2023-05-02,3,1,4,75.0,589.1036437263742
2023-05-03,3,1,4,75.0,587.4286102823817
2023-05-04,3,1,4,75.0,589.549693330906
2023-05-05,3,1,4,75.0,598.1320661150069
2023-05-08,3,1,4,75.0,606.2391656765934
2023-05-09,3,1,4,75.0,605.9808040056101
2023-05-10,3,1,4,75.0,609.4941721335287
2023-05-11,3,1,4,75.0,608.5254643324339
2023-05-12,4,0,4,100.0,619.0147357113241
2023-05-15,4,0,4,100.0,625.9995397692275
2023-05-16,4,0,4,100.0,624.8929954133655
2023-05-17,4,0,4,100.0,627.5329361463828
2023-05-18,4,0,4,100.0,624.1564086772934
2023-05-19,4,0,4,100.0,621.3891972072233
2023-05-22,4,0,4,100.0,620.3569093540517
2023-05-23,4,0,4,100.0,625.7521122394438
2023-05-24,4,0,4,100.0,629.9222375114344
2023-05-25,4,0,4,100.0,637.0218098438274
2023-05-26,4,0,4,100.0,639.7275846081451
2023-05-29,4,0,4,100.0,643.3963436246012
2023-05-30,4,0,4,100.0,639.0496272230574
2023-05-31,4,0,4,100.0,639.3074389560433
2023-06-01,4,0,4,100.0,642.4814328595344
2023-06-02,4,0,4,100.0,652.1584546698341
2023-06-05,4,0,4,100.0,649.8380769029777
2023-06-06,4,0,4,100.0,658.4214895499153
2023-06-07,4,0,4,100.0,666.2404356208606
2023-06-08,4,0,4,100.0,661.5434822755087
2023-06-09,4,0,4,100.0,653.7108727232345
2023-06-12,4,0,4,100.0,657.2330808237219
2023-06-13,4,0,4,100.0,658.8885473869329
2023-06-14,4,0,4,100.0,655.8583567102945
2023-06-15,4,0,4,100.0,647.3076597911347
2023-06-16,4,0,4,100.0,646.5738926468412
2023-06-19,4,0,4,100.0,638.4882641496981
2023-06-20,4,0,4,100.0,645.4569432110574
2023-06-21,4,0,4,100.0,647.5941391887228
2023-06-22,4,0,4,100.0,642.8519335051185
2023-06-23,4,0,4,100.0,636.5564681176913
2023-06-26,4,0,4,100.0,639.5330201553461
2023-06-27,4,0,4,100.0,640.5193906258153
2023-06-28,4,0,4,100.0,646.6479501536783
2023-06-30,4,0,4,100.0,656.4411657918466
2023-07-03,4,0,4,100.0,654.3938606649459
2023-07-04,4,0,4,100.0,650.1811002668417
2023-07-05,3,1,4,75.0,663.9726034266697
2023-07-06,3,1,4,75.0,660.5780174871848
2023-07-07,3,1,4,75.0,655.5547017134872
2023-07-10,3,1,4,75.0,654.3058525672826
2023-07-11,3,1,4,75.0,662.1422995568606
2023-07-12,3,1,4,75.0,660.9959450031081
2023-07-13,3,1,4,75.0,657.450181499016
2023-07-14,3,1,4,75.0,667.7338054692374
2023-07-17,3,1,4,75.0,663.6216633488244
2023-07-18,3,1,4,75.0,666.2578975333166
2023-07-19,3,1,4,75.0,661.4952101071995
2023-07-20,3,1,4,75.0,663.2540671318455
2023-07-21,3,1,4,75.0,663.4988641002642
2023-07-24,3,1,4,75.0,661.0831584984846
2023-07-25,3,1,4,75.0,670.9088251659534
2023-07-26,4,0,4,100.0,671.8768974727507
2023-07-27,3,1,4,75.0,669.3444797588731
2023-07-28,4,0,4,100.0,674.2981411585405
2023-07-31,4,0,4,100.0,680.1540045603296
2023-08-01,4,0,4,100.0,676.1864699382779
2023-08-02,3,1,4,75.0,664.2352661820352
2023-08-03,4,0,4,100.0,662.1147368178292
2023-08-04,4,0,4,100.0,656.2356422717834
2023-08-07,4,0,4,100.0,652.8833972445827
2023-08-08,4,0,4,100.0,658.1413987287449
2023-08-09,4,0,4,100.0,661.3605919462209
2023-08-10,4,0,4,100.0,660.2996049795743
2023-08-11,4,0,4,100.0,655.6862100471524
2023-08-14,4,0,4,100.0,655.7589274958891
2023-08-16,4,0,4,100.0,652.4210672691122
2023-08-17,4,0,4,100.0,653.1726882862661
2023-08-18,4,0,4,100.0,651.3082534836669
2023-08-21,4,0,4,100.0,653.148572978739
2023-08-22,4,0,4,100.0,654.5919111697322
2023-08-23,4,0,4,100.0,656.3851820119231
2023-08-24,4,0,4,100.0,654.046327754113
2023-08-25,4,0,4,100.0,648.704637831915
2023-08-28,4,0,4,100.0,651.9642408952592
2023-08-29,4,0,4,100.0,661.498650070883
2023-08-30,4,0,4,100.0,666.5307485072672
2023-08-31,4,0,4,100.0,659.4515494533764
2023-09-01,4,0,4,100.0,669.1750053297521
2023-09-04,4,0,4,100.0,670.4529297357009
2023-09-05,4,0,4,100.0,671.439564572046
2023-09-06,4,0,4,100.0,672.6763950139698
2023-09-07,4,0,4,100.0,675.9384316228367
2023-09-08,4,0,4,100.0,678.705094442088
2023-09-11,4,0,4,100.0,685.6065323304748
2023-09-12,4,0,4,100.0,679.0123095752733
2023-09-13,4,0,4,100.0,674.0775874526461
2023-09-14,4,0,4,100.0,679.7790345421323
2023-09-15,4,0,4,100.0,700.4016198140944
2023-09-18,4,0,4,100.0,707.7398243924287
2023-09-20,4,0,4,100.0,703.8370659732367
2023-09-21,4,0,4,100.0,695.209064835542
2023-09-22,4,0,4,100.0,691.7005937366464
2023-09-25,4,0,4,100.0,690.4329368725377
2023-09-26,4,0,4,100.0,702.2098226366144
2023-09-27,4,0,4,100.0,699.4009206999568
2023-09-28,4,0,4,100.0,693.8913383122556
2023-09-29,4,0,4,100.0,701.0647192791135
2023-10-03,4,0,4,100.0,693.1275610383606
2023-10-04,4,0,4,100.0,686.936269765825
2023-10-05,4,0,4,100.0,694.1471795947091
2023-10-06,4,0,4,100.0,696.2000806102421
2023-10-09,4,0,4,100.0,693.4188144756408
2023-10-10,4,0,4,100.0,697.0365628787778
2023-10-11,4,0,4,100.0,709.1579046581983
2023-10-12,4,0,4,100.0,715.744878878912
2023-10-13,4,0,4,100.0,713.8667149053183
2023-10-16,4,0,4,100.0,718.9406974732804
2023-10-17,4,0,4,100.0,723.5041611208137
2023-10-18,4,0,4,100.0,721.0038124637127
2023-10-19,4,0,4,100.0,739.6483285845735
2023-10-20,4,0,4,100.0,735.4100294252282
2023-10-23,4,0,4,100.0,725.9700120310104
2023-10-25,4,0,4,100.0,719.0475504082798
2023-10-26,4,0,4,100.0,711.622857164895
2023-10-27,4,0,4,100.0,720.8144688667727
2023-10-30,4,0,4,100.0,718.4834914048606
2023-10-31,3,1,4,75.0,712.0554603627944
2023-11-01,3,1,4,75.0,709.2369096215118
2023-11-02,4,0,4,100.0,710.1354220234829
2023-11-03,4,0,4,100.0,722.0476621373058
2023-11-06,4,0,4,100.0,734.0412445614904
2023-11-07,4,0,4,100.0,731.6909382869363
2023-11-08,4,0,4,100.0,737.367014498018
2023-11-09,4,0,4,100.0,740.1128566496632
2023-11-10,4,0,4,100.0,733.4513823034796
2023-11-12,4,0,4,100.0,739.8566672830815
2023-11-13,4,0,4,100.0,742.605248313897
2023-11-15,4,0,4,100.0,763.0965287819522
2023-11-16,4,0,4,100.0,770.402756752613
2023-11-17,4,0,4,100.0,785.10063557401
2023-11-20,4,0,4,100.0,782.2922038490262
2023-11-21,4,0,4,100.0,785.7933440271199
2023-11-22,4,0,4,100.0,791.3555758704038
2023-11-23,4,0,4,100.0,813.0391979716171
2023-11-24,4,0,4,100.0,813.0238432200052
2023-11-28,4,0,4,100.0,821.1003849615947
2023-11-29,4,0,4,100.0,834.3118695653983
2023-11-30,4,0,4,100.0,843.7626520198942
2023-12-01,4,0,4,100.0,843.7763545101195
2023-12-04,4,0,4,100.0,866.3171650930877
2023-12-05,4,0,4,100.0,862.3364579104775
2023-12-06,4,0,4,100.0,851.0064888397242
2023-12-07,4,0,4,100.0,858.3472610299474
2023-12-08,4,0,4,100.0,850.6364802290854
2023-12-11,4,0,4,100.0,853.9760658458931
2023-12-12,4,0,4,100.0,857.1302552031319
2023-12-13,4,0,4,100.0,879.6294128972825
2023-12-14,4,0,4,100.0,887.2287139977109
2023-12-15,4,0,4,100.0,881.182401726741
2023-12-18,4,0,4,100.0,886.812036688694
2023-12-19,4,0,4,100.0,875.4210850024742
2023-12-20,4,0,4,100.0,864.1358209759494
2023-12-21,4,0,4,100.0,864.2161891779479
2023-12-22,4,0,4,100.0,878.4128241941953
2023-12-26,4,0,4,100.0,894.0366218705458
2023-12-27,4,0,4,100.0,908.6893664682902
2023-12-28,4,0,4,100.0,911.9936780027192
2023-12-29,4,0,4,100.0,918.6401545837621
2024-01-01,4,0,4,100.0,907.6331341500422
2024-01-02,4,0,4,100.0,890.9372740858203
2024-01-03,4,0,4,100.0,899.2928472729457
2024-01-04,4,0,4,100.0,891.5446970246878
2024-01-05,4,0,4,100.0,896.362658138776
2024-01-08,4,0,4,100.0,904.6520501841682
2024-01-09,4,0,4,100.0,911.124666060579
2024-01-10,4,0,4,100.0,909.7609864638679
2024-01-11,4,0,4,100.0,939.1763855965188
2024-01-12,4,0,4,100.0,940.2322189718714
2024-01-15,4,0,4,100.0,931.0382321556523
2024-01-16,4,0,4,100.0,929.4492194809038
2024-01-17,4,0,4,100.0,920.1905537455266
2024-01-18,4,0,4,100.0,914.4841408465962
2024-01-19,4,0,4,100.0,919.9045828436324
2024-01-20,4,0,4,100.0,915.7153541761552
2024-01-23,4,0,4,100.0,910.1559817285997
2024-01-24,4,0,4,100.0,916.0743885081214
2024-01-25,4,0,4,100.0,920.7078112074378
2024-01-29,4,0,4,100.0,933.2211511504852
2024-01-30,4,0,4,100.0,934.9304798879788
2024-01-31,4,0,4,100.0,953.477653730847
2024-02-01,4,0,4,100.0,956.3976670954244
2024-02-02,4,0,4,100.0,965.2343947881977
2024-02-05,4,0,4,100.0,965.8094943897661
2024-02-06,4,0,4,100.0,975.8184195186677
2024-02-07,4,0,4,100.0,976.6504327137962
2024-02-08,4,0,4,100.0,968.0920660682096
2024-02-09,4,0,4,100.0,976.6321072488217
2024-02-12,4,0,4,100.0,968.7795637614477
2024-02-13,4,0,4,100.0,974.3523103023881
2024-02-14,4,0,4,100.0,991.2113026445821
2024-02-15,4,0,4,100.0,994.1312372900494
2024-02-16,4,0,4,100.0,1010.502936493969
2024-02-19,4,0,4,100.0,1010.1273070594428
2024-02-20,4,0,4,100.0,988.8144991101035
2024-02-21,4,0,4,100.0,981.7063396123609
2024-02-22,4,0,4,100.0,998.9748269208336
2024-02-23,4,0,4,100.0,995.4774522521111
2024-02-26,4,0,4,100.0,1001.5979043978771
2024-02-27,4,0,4,100.0,998.1805987880756
2024-02-28,4,0,4,100.0,973.7972069201974
2024-02-29,4,0,4,100.0,969.0505289837972
2024-03-01,4,0,4,100.0,992.442596720754
2024-03-02,4,0,4,100.0,998.8147034942305
2024-03-04,4,0,4,100.0,996.2798614050403
2024-03-05,4,0,4,100.0,1007.5939896009127
2024-03-06,4,0,4,100.0,1017.7294786131604
2024-03-07,4,0,4,100.0,1023.975626372849
2024-03-11,4,0,4,100.0,1019.5659008854348
2024-03-12,4,0,4,100.0,1013.9060299151973
2024-03-13,4,0,4,100.0,985.7822799981578
2024-03-14,4,0,4,100.0,997.5115703340489
2024-03-15,4,0,4,100.0,980.2804823894497
2024-03-18,4,0,4,100.0,976.4823775322453
2024-03-19,4,0,4,100.0,982.5522619704543
2024-03-20,4,0,4,100.0,990.2637836345939
2024-03-21,4,0,4,100.0,999.4229721103826
2024-03-22,4,0,4,100.0,1017.9632390866221
2024-03-26,4,0,4,100.0,1016.7576257093585
2024-03-27,4,0,4,100.0,1022.2021609560951
2024-03-28,4,0,4,100.0,1040.514226076811
2024-04-01,4,0,4,100.0,1028.9681157735454
2024-04-02,4,0,4,100.0,1028.814923995094
2024-04-03,4,0,4,100.0,1018.4544489679454
2024-04-04,4,0,4,100.0,1021.4254791334298
2024-04-05,4,0,4,100.0,1016.6815140295091
2024-04-08,4,0,4,100.0,1040.0248111935512
2024-04-09,4,0,4,100.0,1032.9057148873603
2024-04-10,4,0,4,100.0,1035.9773637909782
2024-04-12,4,0,4,100.0,1027.5521924680704
2024-04-15,4,0,4,100.0,1011.3721284630429
2024-04-16,4,0,4,100.0,1010.8856932330162
2024-04-18,4,0,4,100.0,1004.8686955669378
2024-04-19,4,0,4,100.0,990.8111132407935
2024-04-22,4,0,4,100.0,1009.1048829568662
2024-04-23,4,0,4,100.0,1015.3291023188009
2024-04-24,4,0,4,100.0,1017.3504875788277
2024-04-25,4,0,4,100.0,1034.6420931461205
2024-04-26,4,0,4,100.0,1041.9364856928207
2024-04-29,4,0,4,100.0,1034.6993418372108
2024-04-30,4,0,4,100.0,1048.308650785002
2024-05-02,4,0,4,100.0,1057.3985472897773
2024-05-03,4,0,4,100.0,1053.9880041446706
2024-05-06,4,0,4,100.0,1050.4762017942307
2024-05-07,4,0,4,100.0,1029.1586070694068
2024-05-08,4,0,4,100.0,1040.1356033263621
2024-05-09,4,0,4,100.0,1058.449499667007
2024-05-10,4,0,4,100.0,1073.9288611059023
2024-05-13,4,0,4,100.0,1075.3253712149274
2024-05-14,4,0,4,100.0,1099.0174385494174
2024-05-15,4,0,4,100.0,1085.6574988067327
2024-05-16,4,0,4,100.0,1094.7179252399803
2024-05-17,4,0,4,100.0,1097.1135811957229
2024-05-18,4,0,4,100.0,1099.592069861157
2024-05-21,4,0,4,100.0,1091.655514444141
2024-05-22,4,0,4,100.0,1087.6525756519902
2024-05-23,4,0,4,100.0,1113.936189883252
2024-05-24,4,0,4,100.0,1121.729612678612
2024-05-27,4,0,4,100.0,1117.775912192889
2024-05-28,4,0,4,100.0,1121.9553078946115
2024-05-29,4,0,4,100.0,1121.0622233238416
2024-05-30,4,0,4,100.0,1114.4927538102745
2024-05-31,4,0,4,100.0,1110.2119216994558
2024-06-03,4,0,4,100.0,1125.4341229072782
2024-06-04,4,0,4,100.0,1115.5551383875056
2024-06-05,4,0,4,100.0,1167.4279621445273
2024-06-06,4,0,4,100.0,1178.7638423091712
2024-06-07,4,0,4,100.0,1185.8297226127695
2024-06-10,4,0,4,100.0,1198.399771750143
2024-06-11,4,0,4,100.0,1203.4021564205134
2024-06-12,4,0,4,100.0,1209.5088909202188
2024-06-13,4,0,4,100.0,1211.0190871861294
2024-06-14,4,0,4,100.0,1230.181594397234
2024-06-18,4,0,4,100.0,1222.2679503346114
2024-06-19,4,0,4,100.0,1201.8621732927593
2024-06-20,4,0,4,100.0,1191.1351682900965
2024-06-21,4,0,4,100.0,1186.366378113823
2024-06-24,4,0,4,100.0,1196.8030217336373
2024-06-25,4,0,4,100.0,1184.4478868199008
2024-06-26,4,0,4,100.0,1168.8586650837037
2024-06-27,4,0,4,100.0,1163.2151326546261
2024-06-28,4,0,4,100.0,1170.8677548199266
2024-07-01,4,0,4,100.0,1169.436424387529
2024-07-02,4,0,4,100.0,1160.8998418121294
2024-07-03,4,0,4,100.0,1163.4399602237327
2024-07-04,4,0,4,100.0,1169.7905328335555
2024-07-05,4,0,4,100.0,1186.0991338319056
2024-07-08,4,0,4,100.0,1177.0103608395286
2024-07-09,4,0,4,100.0,1191.318754677781
2024-07-10,4,0,4,100.0,1188.8070663292763
2024-07-11,4,0,4,100.0,1190.4561119578664
2024-07-12,4,0,4,100.0,1188.0525778135673
2024-07-15,4,0,4,100.0,1201.5261617727658
2024-07-16,4,0,4,100.0,1204.1059285759943
2024-07-18,4,0,4,100.0,1192.8262785143697
2024-07-19,4,0,4,100.0,1175.515410707335
2024-07-22,4,0,4,100.0,1181.2119619327668
2024-07-23,4,0,4,100.0,1192.4753117499656
2024-07-24,4,0,4,100.0,1180.4236733771272
2024-07-25,4,0,4,100.0,1179.2936382938124
2024-07-26,4,0,4,100.0,1204.0394909176302
2024-07-29,4,0,4,100.0,1197.269678939263
2024-07-30,4,0,4,100.0,1199.410618597009
2024-07-31,4,0,4,100.0,1209.7491368604
2024-08-01,4,0,4,100.0,1214.3007305512594
2024-08-02,4,0,4,100.0,1188.6863401887138
2024-08-05,4,0,4,100.0,1167.5464345626963
2024-08-06,4,0,4,100.0,1162.1363375390447
2024-08-07,4,0,4,100.0,1185.4317397754915
2024-08-08,4,0,4,100.0,1172.195755744866
2024-08-09,4,0,5,100.0,1201.043837224314
2024-08-12,4,0,5,100.0,1251.152746681436
2024-08-13,4,0,5,100.0,1249.3813675209497
2024-08-14,4,0,5,100.0,1242.9967890432133
2024-08-16,4,0,5,100.0,1302.9271663273507
2024-08-19,4,0,5,100.0,1329.4454936947607
2024-08-20,4,0,5,100.0,1323.712812260075
2024-08-21,4,0,5,100.0,1329.3747130458403
2024-08-22,4,0,5,100.0,1329.002949344425
2024-08-23,4,0,5,100.0,1338.7555418153142
2024-08-26,4,0,5,100.0,1334.8868031767113
2024-08-27,4,0,5,100.0,1338.416661300027
2024-08-28,4,0,5,100.0,1340.165324811389
2024-08-29,4,0,5,100.0,1335.3364791587048
2024-08-30,4,0,5,100.0,1344.6234292273311
2024-09-02,4,0,5,100.0,1344.834677902354
2024-09-03,4,0,5,100.0,1339.4570012527915
2024-09-04,4,0,5,100.0,1330.418324489402
2024-09-05,4,0,5,100.0,1337.523523888525
2024-09-06,4,0,5,100.0,1320.7887863916778
2024-09-09,4,0,5,100.0,1334.3076126227877
2024-09-10,4,0,5,100.0,1334.8412877147955
2024-09-11,4,0,5,100.0,1338.767481500874
2024-09-12,4,0,5,100.0,1366.5420327944978
2024-09-13,4,0,5,100.0,1363.5674244202185
2024-09-16,4,0,5,100.0,1355.4955394578055
2024-09-17,4,0,5,100.0,1391.2931134196867
2024-09-18,4,0,5,100.0,1381.4057425642218
2024-09-19,4,0,5,100.0,1372.6972833351383
2024-09-20,4,0,5,100.0,1383.0631299544223
2024-09-23,4,0,5,100.0,1391.5915034991958
2024-09-24,4,0,5,100.0,1382.6610249229457
2024-09-25,4,0,5,100.0,1378.487571412288
2024-09-26,4,0,5,100.0,1390.524535030293
2024-09-27,4,0,5,100.0,1393.1086891670516
2024-09-30,4,0,5,100.0,1355.2463892608637
2024-10-01,4,0,5,100.0,1358.054282299871
2024-10-03,4,0,5,100.0,1315.9902545600944
2024-10-04,4,0,5,100.0,1300.2783737518096
2024-10-07,4,0,5,100.0,1267.3352187043492
2024-10-08,4,0,5,100.0,1298.6378342794203
2024-10-09,4,0,5,100.0,1304.0918378267247
2024-10-10,4,0,5,100.0,1286.6023505260594
2024-10-11,4,0,5,100.0,1288.590096823192
2024-10-14,4,0,5,100.0,1291.1121341452451
2024-10-15,4,0,5,100.0,1283.8308992744671
2024-10-16,4,0,5,100.0,1272.2001900573691
2024-10-17,4,0,5,100.0,1214.6535021109787
2024-10-18,4,0,5,100.0,1222.3160170126419
2024-10-21,4,0,5,100.0,1223.5003066375689
2024-10-22,4,0,5,100.0,1206.274550793813
2024-10-23,4,0,5,100.0,1198.8348316249032
2024-10-24,4,0,5,100.0,1177.7258514069003
2024-10-25,3,1,5,75.0,1154.1116352922088
2024-10-28,3,1,5,75.0,1156.1589385092748
2024-10-29,3,1,5,75.0,1149.3553797274985
2024-10-30,3,1,5,75.0,1167.6161444168233
2024-10-31,3,1,5,75.0,1176.5766984120598
2024-11-01,3,1,5,75.0,1189.0313312049243
2024-11-04,3,1,5,75.0,1149.6065565101956
2024-11-05,3,1,5,75.0,1147.4383701676736
2024-11-06,3,1,5,75.0,1158.3157798206469
2024-11-07,3,1,5,75.0,1148.9441132056684
2024-11-08,3,1,5,75.0,1136.8394904363029
2024-11-11,3,1,5,75.0,1141.2430320120425
2024-11-12,3,1,5,75.0,1129.4804338289553
2024-11-13,2,2,5,50.0,1092.0763907307949
2024-11-14,2,2,5,50.0,1109.3054291004084
2024-11-18,2,2,5,50.0,1114.0137225750864
2024-11-19,2,2,5,50.0,1123.2982344829545
2024-11-21,2,2,5,50.0,1107.5836911417173
2024-11-22,2,2,5,50.0,1121.7363620937708
2024-11-25,2,2,5,50.0,1129.5568931547773
2024-11-26,2,2,5,50.0,1128.0250673177375
2024-11-27,2,2,5,50.0,1176.7990602931707
2024-11-28,2,2,5,50.0,1173.7915252331654
2024-11-29,2,2,5,50.0,1161.7933983703438
2024-12-02,2,2,5,50.0,1184.354995682609
2024-12-03,2,2,5,50.0,1203.0625611031087
2024-12-04,2,2,5,50.0,1189.3397355476534
2024-12-05,2,2,5,50.0,1188.7237043484247
2024-12-06,2,2,5,50.0,1190.0563920864174
2024-12-09,2,2,5,50.0,1173.864284248299
2024-12-10,2,2,5,50.0,1179.2673934888483
2024-12-11,2,2,5,50.0,1188.3164286881195
2024-12-12,2,2,5,50.0,1175.0271310096005
2024-12-13,2,2,5,50.0,1177.7859891892795
2024-12-16,2,2,5,50.0,1183.990883307514
2024-12-17,2,2,5,50.0,1164.6460537780922
2024-12-18,2,2,5,50.0,1165.3366546785276
2024-12-19,2,2,5,50.0,1163.0393302437953
2024-12-20,1,3,5,25.0,1142.6409313075294
2024-12-23,1,3,5,25.0,1136.6692411398533
2024-12-24,2,2,5,50.0,1145.0883246211597
2024-12-26,2,2,5,50.0,1148.995580967486
2024-12-27,1,3,5,25.0,1141.310930143673
2024-12-30,1,3,5,25.0,1115.1773342721483
2024-12-31,1,3,5,25.0,1115.799558996123
2025-01-01,1,3,5,25.0,1123.4005733080035
2025-01-02,2,2,5,50.0,1163.3061180590198
2025-01-03,2,2,5,50.0,1149.6012912150834
2025-01-06,1,3,5,25.0,1121.523481321481
2025-01-07,1,3,5,25.0,1116.6484200947436
2025-01-08,1,3,5,25.0,1109.3566311647146
2025-01-09,1,3,5,25.0,1099.4303215221362
2025-01-10,1,3,5,25.0,1082.4661201948493
2025-01-13,1,3,5,25.0,1049.5074067347625
2025-01-14,1,3,5,25.0,1070.4862681360057
2025-01-15,1,3,5,25.0,1074.9436825981024
2025-01-16,1,3,5,25.0,1078.8341684489649
2025-01-17,1,3,5,25.0,1079.6123974554698
2025-01-20,1,3,5,25.0,1083.3549019794505
2025-01-21,1,3,5,25.0,1075.492075373461
2025-01-22,1,3,5,25.0,1071.4727663331648
2025-01-23,1,3,5,25.0,1077.0115724776883
2025-01-24,1,3,5,25.0,1069.244429129761
2025-01-27,1,3,5,25.0,1050.9051373777584
2025-01-28,1,3,5,25.0,1051.0168218308156
2025-01-29,2,2,5,50.0,1076.55701716206
2025-01-30,2,2,5,50.0,1086.2136488595336
2025-01-31,2,2,5,50.0,1124.63501266293
2025-02-01,2,2,5,50.0,1151.688003147517
2025-02-03,2,2,5,50.0,1148.9656030570154
2025-02-04,2,2,5,50.0,1149.2028443300305
2025-02-05,2,2,5,50.0,1146.8998826713728
2025-02-06,2,2,5,50.0,1128.7166542028644
2025-02-07,2,2,5,50.0,1131.4077900593722
2025-02-10,2,2,5,50.0,1111.1936281711135
2025-02-11,2,2,5,50.0,1073.1644977924602
2025-02-12,2,2,5,50.0,1066.8761804356284
2025-02-13,0,4,5,0.0,1059.2891075066052
2025-02-14,0,4,5,0.0,1027.025337762482
2025-02-17,0,4,5,0.0,1028.703986688063
2025-02-18,0,4,5,0.0,1019.0231403924861
2025-02-19,0,4,5,0.0,1029.1994759060935
2025-02-20,1,3,5,25.0,1044.9470943976364
2025-02-21,1,3,5,25.0,1031.1964688106673
2025-02-24,1,3,5,25.0,1032.8297648790044
2025-02-25,1,3,5,25.0,1026.876103623112
2025-02-27,1,3,5,25.0,1006.0656247743585
2025-02-28,0,4,5,0.0,977.1362592462727
2025-03-03,1,3,5,25.0,978.012706031161
2025-03-04,0,4,5,0.0,958.8373847753527
2025-03-05,1,3,5,25.0,978.5468100417918
2025-03-06,1,3,5,25.0,984.1883708729015
2025-03-07,1,3,5,25.0,989.2974474318326
2025-03-10,1,3,5,25.0,960.4571227140847
2025-03-11,1,3,5,25.0,959.1336541735349
2025-03-12,1,3,5,25.0,956.6879116767543
2025-03-13,1,4,5,20.0,949.2952113079657
2025-03-17,1,4,5,20.0,936.0934681298637
2025-03-18,1,4,5,20.0,972.983345240538
2025-03-19,1,4,5,20.0,977.8961991405077
2025-03-20,1,4,5,20.0,985.6742983697466
2025-03-21,1,4,5,20.0,1016.2415365712948
2025-03-24,1,4,5,20.0,1023.4414971325562
2025-03-25,1,4,5,20.0,1012.9305163708553
2025-03-26,1,4,5,20.0,1004.739758247995
2025-03-27,1,4,5,20.0,1024.7165680111875
2025-03-28,1,4,5,20.0,1009.0577838434594
2025-04-01,1,4,5,20.0,1013.0320227178099
2025-04-02,1,4,5,20.0,1027.894306582113
2025-04-03,1,4,5,20.0,1021.2807910289248
2025-04-04,1,4,5,20.0,998.4986420197837
2025-04-07,1,4,5,20.0,960.1484301438566
2025-04-08,1,4,5,20.0,980.0960316389251
2025-04-09,1,4,5,20.0,985.119512691774
2025-04-11,2,3,5,40.0,1000.0922134161473
2025-04-15,2,3,5,40.0,1026.2133705814747
2025-04-16,2,3,5,40.0,1029.3176195718504
2025-04-17,2,3,5,40.0,1037.7058643109194
2025-04-21,2,3,5,40.0,1071.8141824813622
2025-04-22,2,3,5,40.0,1064.5422764354373
2025-04-23,2,3,5,40.0,1075.187390484051
2025-04-24,2,3,5,40.0,1067.9508398625137
2025-04-25,2,3,5,40.0,1044.4027618232435
2025-04-28,2,3,5,40.0,1051.5381077008658
2025-04-29,2,3,5,40.0,1042.2050487605736
2025-04-30,2,3,5,40.0,1030.546893408042
2025-05-02,2,3,5,40.0,1018.8224461552965
2025-05-05,2,3,5,40.0,1031.3214557762578
2025-05-06,2,3,5,40.0,1034.0782733356211
2025-05-07,2,3,5,40.0,1031.5324114532252
2025-05-08,2,3,5,40.0,1011.4598559055206
2025-05-09,2,3,5,40.0,1005.029836705441
2025-05-12,2,3,5,40.0,1048.7573594206915
2025-05-13,2,3,5,40.0,1047.8642390362556
2025-05-14,2,3,5,40.0,1057.7346073699139
2025-05-15,2,3,5,40.0,1084.427969550458
2025-05-16,2,3,5,40.0,1095.4345246989371
2025-05-19,2,3,5,40.0,1108.4902629432527
2025-05-20,2,3,5,40.0,1076.358522003934
2025-05-21,2,3,5,40.0,1083.7778766871998
2025-05-22,2,3,5,40.0,1087.8397328759354
2025-05-23,2,3,5,40.0,1094.5688633118966
2025-05-26,2,3,5,40.0,1101.7888995527242
2025-05-27,2,3,5,40.0,1101.0185266410595
2025-05-28,2,3,5,40.0,1098.72318308357
2025-05-29,2,3,5,40.0,1103.167671167814
2025-05-30,2,3,5,40.0,1080.6229806620188
2025-06-02,2,3,5,40.0,1085.7110792388487
2025-06-03,2,3,5,40.0,1066.4163267653544
2025-06-04,2,3,5,40.0,1068.7147652985982
2025-06-05,2,3,5,40.0,1059.642814077979
2025-06-06,2,3,5,40.0,1070.2997757493108
2025-06-09,2,3,5,40.0,1076.6429842561095
2025-06-10,2,3,5,40.0,1076.2004425373161
2025-06-11,2,3,5,40.0,1078.486377259909
2025-06-12,2,3,5,40.0,1063.3046663005928
2025-06-13,2,3,5,40.0,1058.2734452740733
2025-06-16,2,3,5,40.0,1066.5108127977423
2025-06-17,2,3,5,40.0,1062.4772811399462
2025-06-18,2,3,5,40.0,1061.36504234004
2025-06-19,2,3,5,40.0,1064.6228268796694
2025-06-20,2,3,5,40.0,1071.1265296630881
2025-06-23,2,3,5,40.0,1050.4767530755917
2025-06-24,2,3,5,40.0,1063.2961502791711
2025-06-25,2,3,5,40.0,1066.3864314764726
2025-06-26,2,3,5,40.0,1068.1112296835886
2025-06-27,2,3,5,40.0,1072.5578796753566
2025-06-30,2,3,5,40.0,1065.562493351959
2025-07-01,2,3,5,40.0,1060.401213698556
2025-07-02,2,3,5,40.0,1055.9753220313337
2025-07-03,2,3,5,40.0,1057.4729149488917
2025-07-04,3,2,5,60.0,1061.6553688792249
2025-07-07,2,3,5,40.0,1061.3308348285095
2025-07-08,2,3,5,40.0,1050.439186969611
2025-07-09,3,2,5,60.0,1051.8907126659751
2025-07-10,3,2,5,60.0,1044.8360131729878
2025-07-11,2,3,5,40.0,1026.5489359890178
2025-07-14,2,3,5,40.0,1067.1007832707442
2025-07-15,3,2,5,60.0,1077.9385948928827
2025-07-16,3,2,5,60.0,1069.7298657407084
2025-07-17,3,2,5,60.0,1070.2319007322174
2025-07-18,3,2,5,60.0,1061.0611716067724
2025-07-21,3,2,5,60.0,1057.3528978533868
2025-07-22,3,2,5,60.0,1040.1421045380237
2025-07-23,3,2,5,60.0,1059.2475424657132
2025-07-24,3,2,5,60.0,1055.153642541968
2025-07-25,3,2,5,60.0,1036.3044668981345
2025-07-28,3,2,5,60.0,1039.9616871535563
2025-07-29,3,2,5,60.0,1048.1859124213486
2025-07-30,3,2,5,60.0,1044.4879572783207
2025-07-31,3,2,5,60.0,1039.9530006400892
2025-08-01,3,2,5,60.0,1048.73538338947
2025-08-04,3,2,5,60.0,1074.6421551084572
2025-08-05,3,2,5,60.0,1081.6596981976593
2025-08-06,3,2,5,60.0,1071.2010358797738
2025-08-07,3,2,5,60.0,1086.0680038784944
2025-08-08,3,2,5,60.0,1078.4814139048071
2025-08-11,3,2,5,60.0,1077.714523500012
2025-08-12,3,2,5,60.0,1077.7118696575183
2025-08-13,3,2,5,60.0,1094.6719732351876
2025-08-14,3,2,5,60.0,1097.31571527394
2025-08-18,4,1,5,80.0,1139.948549127489
2025-08-19,4,1,5,80.0,1174.7313521302424
2025-08-20,4,1,5,80.0,1218.685073153945
2025-08-21,4,1,5,80.0,1198.1313673516324
2025-08-22,4,1,5,80.0,1184.3519061912668
2025-08-25,4,1,5,80.0,1198.2667174636779
2025-08-26,4,1,5,80.0,1213.7233257433613
2025-08-28,4,1,5,80.0,1231.8252814132975
2025-08-29,4,1,5,80.0,1226.7918815044861
2025-09-01,5,0,5,100.0,1295.2107434316204
2025-09-02,5,0,5,100.0,1302.1286932008907
2025-09-03,5,0,5,100.0,1339.2519512659028
2025-09-04,5,0,5,100.0,1325.4383455704249
2025-09-05,5,0,5,100.0,1317.370894820177
2025-09-08,5,0,5,100.0,1350.4719984762796
2025-09-09,5,0,5,100.0,1347.144176287871
2025-09-10,5,0,5,100.0,1330.556566298316
2025-09-11,4,1,5,80.0,1316.424494715908
2025-09-12,4,1,5,80.0,1320.36532415307
2025-09-15,5,0,5,100.0,1323.707720233895
2025-09-16,5,0,5,100.0,1327.9522627265183
2025-09-17,5,0,5,100.0,1326.2564937327572
2025-09-18,4,1,5,80.0,1326.8567193090896
2025-09-19,4,1,5,80.0,1326.1149537634444
2025-09-22,4,1,5,80.0,1329.8552875992789
2025-09-23,5,0,5,100.0,1326.694213393754
2025-09-24,4,1,5,80.0,1307.9146159687082
2025-09-25,4,1,5,80.0,1303.6215249731001
2025-09-26,4,1,5,80.0,1295.713252126245
2025-09-29,4,1,5,80.0,1291.2613681008816
2025-09-30,5,0,5,100.0,1312.0796623794806
2025-10-01,4,1,5,80.0,1305.5775353619865
2025-10-03,4,1,5,80.0,1301.035445472873
2025-10-06,4,1,5,80.0,1301.0976996237218
2025-10-07,4,1,5,80.0,1309.0300506491087
2025-10-08,4,1,5,80.0,1289.766699871655
2025-10-09,4,1,5,80.0,1285.127565602068
2025-10-10,4,1,5,80.0,1288.81593819672
2025-10-13,4,1,5,80.0,1296.9715067670015
2025-10-14,4,1,5,80.0,1297.6394026053883
2025-10-15,4,1,5,80.0,1311.5194186297163
2025-10-16,5,0,5,100.0,1334.7168932953537
2025-10-17,5,0,5,100.0,1351.3704526680742
2025-10-20,5,0,5,100.0,1341.5525700006747
2025-10-21,4,1,5,80.0,1334.4144871694323
2025-10-23,4,1,5,80.0,1321.8436351566954
2025-10-24,4,1,5,80.0,1314.633361434817
2025-10-27,4,1,5,80.0,1320.024459993765
2025-10-28,4,1,5,80.0,1315.0577659107691
2025-10-29,4,1,5,80.0,1304.947219013683
2025-10-30,4,1,5,80.0,1293.886507799568
2025-10-31,4,1,5,80.0,1295.7912811315502
2025-11-03,4,1,5,80.0,1302.2403942163721
2025-11-04,4,1,5,80.0,1274.7770674123901
2025-11-06,4,1,5,80.0,1255.5490377474416
2025-11-07,4,1,5,80.0,1252.4405941117814
2025-11-10,4,1,5,80.0,1246.595230892912
2025-11-11,4,1,5,80.0,1243.6809479542505
2025-11-12,4,1,5,80.0,1248.9966689918256
2025-11-13,4,1,5,80.0,1240.9521455365118
2025-11-14,4,1,5,80.0,1231.7440059789792
2025-11-17,4,1,5,80.0,1256.399539980147
2025-11-18,4,1,5,80.0,1255.761416644406
2025-11-19,4,1,5,80.0,1259.858732516719
2025-11-20,4,1,5,80.0,1276.4036703930137
2025-11-21,4,1,5,80.0,1270.9858954558258
2025-11-24,4,1,5,80.0,1271.4318865948044
2025-11-25,4,1,5,80.0,1274.498181973013
2025-11-26,4,1,5,80.0,1287.1456635406557
2025-11-27,4,1,5,80.0,1279.3143496343455
2025-11-28,4,1,5,80.0,1283.4151451651999
2025-12-01,4,1,5,80.0,1297.3108953395115
2025-12-02,4,1,5,80.0,1292.6225169906972
2025-12-03,4,1,5,80.0,1270.9270118210482
2025-12-04,4,1,5,80.0,1267.4916623869865
2025-12-05,4,1,5,80.0,1269.4067629278777
2025-12-08,4,1,5,80.0,1243.8418356812044
2025-12-09,4,1,5,80.0,1239.4109776203018
2025-12-10,4,1,5,80.0,1238.2237843251658
2025-12-11,4,1,5,80.0,1261.1492628963797
2025-12-12,4,1,5,80.0,1259.756238763837
2025-12-15,4,1,5,80.0,1257.534629120217
2025-12-16,4,1,5,80.0,1235.906280256363
2025-12-17,4,1,5,80.0,1219.9690872095202
2025-12-18,4,1,5,80.0,1199.088806915262
2025-12-19,4,1,5,80.0,1237.6800488053311
2025-12-22,4,1,5,80.0,1246.0161841151414
2025-12-23,4,1,5,80.0,1245.826878445514
2025-12-24,4,1,5,80.0,1248.9840432352978
2025-12-26,4,1,5,80.0,1247.6233097776467
2025-12-29,4,1,5,80.0,1233.9752390322008
2025-12-30,4,1,5,80.0,1255.183660219066
2025-12-31,4,1,5,80.0,1267.2104777119
2026-01-01,4,1,5,80.0,1291.4034682228616
2026-01-02,4,1,5,80.0,1320.3081795104767
2026-01-05,4,1,5,80.0,1348.5916050923738
2026-01-06,4,1,5,80.0,1353.3138301900362
2026-01-07,4,1,5,80.0,1348.5147628435839
2026-01-08,4,1,5,80.0,1326.1915142902576
2026-01-09,4,1,5,80.0,1306.5157077427984
2026-01-12,4,1,5,80.0,1298.819979600731
2026-01-13,4,1,5,80.0,1297.3235763861035
2026-01-14,4,1,5,80.0,1286.8931875231945
2026-01-16,4,1,5,80.0,1286.8931875231945
2026-01-19,4,1,5,80.0,1282.5902328486252
2026-01-20,4,1,5,80.0,1233.7154925241916
2026-01-21,4,1,5,80.0,1232.2451774537171
2026-01-22,4,1,5,80.0,1230.4243395298008
2026-01-23,4,1,5,80.0,1215.215705568631
2026-01-27,4,1,5,80.0,1221.8638501675025
2026-01-28,4,1,5,80.0,1238.3567951964865
2026-01-29,4,1,5,80.0,1236.2910530380045
2026-01-30,4,1,5,80.0,1244.0295527486892
2026-02-01,4,1,5,80.0,1219.889790114545
2026-02-02,4,1,5,80.0,1234.564004946031
2026-02-03,4,1,5,80.0,1250.7193829528778
2026-02-04,4,1,5,80.0,1266.964160326034
2026-02-05,4,1,5,80.0,1254.5878833709548
2026-02-06,4,1,5,80.0,1254.6778292376184
2026-02-09,4,1,5,80.0,1256.4703443188969
2026-02-10,4,1,5,80.0,1261.6488558005724
2026-02-11,4,1,5,80.0,1291.1157629969205
2026-02-12,4,1,5,80.0,1295.731478419325
2026-02-13,4,1,5,80.0,1289.0919465601628
2026-02-16,4,1,5,80.0,1260.441576538494
2026-02-17,4,1,5,80.0,1265.6963822666405
2026-02-18,4,1,5,80.0,1272.0920650887956
2026-02-19,4,1,5,80.0,1244.122903795031
2026-02-20,4,1,5,80.0,1240.097002107706
2026-02-23,4,1,5,80.0,1241.1413998191383
2026-02-24,4,1,5,80.0,1229.206427115777
2026-02-25,4,1,5,80.0,1260.0300460549004
2026-02-26,4,1,5,80.0,1265.4393610052539
2026-02-27,4,1,5,80.0,1248.580846568542
2026-03-02,4,1,5,80.0,1217.7863204913674
2026-03-04,4,1,5,80.0,1206.0391299297476
2026-03-05,4,1,5,80.0,1219.854664835292
2026-03-06,4,1,5,80.0,1207.19276291446
2026-03-09,4,1,5,80.0,1165.8966512132915
2026-03-10,4,1,5,80.0,1209.6993861951794
2026-03-11,4,1,5,80.0,1172.94299853553
2026-03-12,4,1,5,80.0,1138.4273835327622
2026-03-13,2,3,5,40.0,1103.1064409234243
2026-03-16,3,2,5,60.0,1129.128182930844
2026-03-17,4,1,5,80.0,1137.1119011194012
2026-03-18,4,1,5,80.0,1165.6210608504798
2026-03-19,2,3,5,40.0,1116.1498964525863
2026-03-20,4,1,5,80.0,1140.7363305395904
2026-03-23,1,4,5,20.0,1101.516221017572
2026-03-24,3,2,5,60.0,1122.6810985582424
2026-03-25,4,1,5,80.0,1141.9980703485314
2026-03-27,2,3,5,40.0,1123.644498637512
2026-03-30,0,5,5,0.0,1091.5376426362216
2026-04-01,2,3,5,40.0,1138.4645629042848
2026-04-02,0,5,5,0.0,1143.4349346704487
2026-04-06,1,4,5,20.0,1163.9568761147068
2026-04-07,2,3,5,40.0,1160.663816856395
2026-04-08,4,1,5,80.0,1225.15054369794
2026-04-09,4,1,5,80.0,1280.180693084585
2026-04-10,5,0,5,100.0,1346.799593910931
2026-04-13,3,2,5,60.0,1298.14440607734
2026-04-15,4,1,5,80.0,1309.6272028599626
2026-04-16,3,2,5,60.0,1301.1386039881747
2026-04-17,4,1,5,80.0,1318.4054707060652
2026-04-20,4,1,5,80.0,1315.291786721627
2026-04-21,3,2,5,60.0,1301.381381178665
2026-04-22,3,2,5,60.0,1292.750706695208
2026-04-23,3,2,5,60.0,1260.320699048524
2026-04-24,3,2,5,60.0,1246.413486498222
2026-04-27,3,2,5,60.0,1267.4804995601137
2026-04-28,3,2,5,60.0,1249.0131646468549
2026-04-29,3,2,5,60.0,1263.671041073017
2026-04-30,3,2,5,60.0,1270.110481774467
2026-05-04,3,2,5,60.0,1279.0070111353177
2026-05-05,3,2,5,60.0,1267.7305994386936
2026-05-06,3,2,5,60.0,1285.9324911230033
2026-05-07,4,1,5,80.0,1310.6460208915114
2026-05-08,3,2,5,60.0,1317.9360973240887
2026-05-11,3,2,5,60.0,1307.5295909237823
2026-05-12,3,2,5,60.0,1275.7218579901996
2026-05-13,3,2,5,60.0,1266.5267053914586
2026-05-14,2,3,5,40.0,1272.712081309844
2026-05-15,2,3,5,40.0,1267.7682681980946
2026-05-18,1,4,5,20.0,1236.1565378140579
2026-05-19,1,4,5,20.0,1248.8496010029037
2026-05-20,1,4,5,20.0,1260.550344872846
2026-05-21,1,4,5,20.0,1258.6376613245368
2026-05-22,1,4,5,20.0,1265.2410397243975
2026-05-25,2,3,5,40.0,1297.2378772437492
2026-05-26,2,3,5,40.0,1295.4245661021855
2026-05-27,2,3,5,40.0,1313.161683933356
2026-05-29,3,2,5,60.0,1303.619349098291
2026-06-01,2,3,5,40.0,1281.1328960240335
2026-06-02,2,3,5,40.0,1286.8639667394
2026-06-03,3,2,5,60.0,1305.5419314685607
2026-06-04,3,2,5,60.0,1310.7464916956121
2026-06-05,3,2,5,60.0,1317.3346835076761
2026-06-08,2,3,5,40.0,1302.715595446277
2026-06-09,3,2,5,60.0,1331.7695965029238
2026-06-10,3,2,5,60.0,1329.4600633113225
2026-06-11,3,2,5,60.0,1312.2891814984016
2026-06-12,3,2,5,60.0,1325.8496573677667
2026-06-15,3,2,5,60.0,1339.6519829585827
2026-06-22,3,2,5,60.0,1337.2576994027743
2026-06-23,3,2,5,60.0,1334.7502062731219
2026-06-24,3,2,5,60.0,1319.0431140370968
2026-06-25,4,1,5,80.0,1323.932820966724
2026-06-29,3,2,5,60.0,1290.377491613608
2026-06-30,2,3,5,40.0,1301.282868510244
2026-07-01,2,3,5,40.0,1319.2774287308357
2026-07-02,4,1,5,80.0,1338.4397872277284
2026-07-03,4,1,5,80.0,1332.9909813392787
2026-07-06,4,1,5,80.0,1342.8439388510096
2026-07-07,4,1,5,80.0,1350.5075965507945
2026-07-08,4,1,5,80.0,1327.9117912486313
2026-07-09,4,1,5,80.0,1321.0476130043883
2026-07-10,4,1,5,80.0,1323.8766155640947
2026-07-13,4,1,5,80.0,1330.7646055424589
2026-07-14,4,1,5,80.0,1310.096567689924
2026-07-15,4,1,5,80.0,1326.6461520780385
2026-07-16,3,2,5,60.0,1320.072682388496
2026-07-17,4,1,5,80.0,1334.562962426994
2026-07-20,4,1,5,80.0,1331.6370065471854
2026-07-21,4,1,5,80.0,1347.9224866882337
2026-07-22,3,2,5,60.0,1352.7532273562815
2026-07-23,3,2,5,60.0,1376.3445338586823
2026-07-24,3,2,5,60.0,1361.6439083243874
2026-07-27,3,2,5,60.0,1375.4175778636722
2026-07-28,3,2,5,60.0,1391.7653453339617
2026-07-29,4,1,5,80.0,1403.977236592778
2026-07-30,5,0,5,100.0,1425.3322223330636
2026-07-31,5,0,5,100.0,1444.6459247009984
2026-08-03,5,0,5,100.0,1470.6974939997212
2026-08-04,5,0,5,100.0,1461.6507487640026
2026-08-05,5,0,5,100.0,1504.2056768721707
2026-08-06,5,0,5,100.0,1486.1096531567355
2026-08-07,5,0,5,100.0,1500.3099138017558
2026-08-10,5,0,5,100.0,1494.8655859012867
2026-08-11,5,0,5,100.0,1495.414719992265
2026-08-12,5,0,5,100.0,1498.1257846585122
2026-08-13,5,0,5,100.0,1493.0637455507806
2026-08-14,5,0,5,100.0,1480.268272927654
2026-08-17,5,0,5,100.0,1485.5945200107867
2026-08-18,5,0,5,100.0,1476.438579586229
2026-08-19,5,0,5,100.0,1464.6436475693088
2026-08-20,5,0,5,100.0,1478.0292507392087
2026-08-21,5,0,5,100.0,1473.535171022814
2026-08-24,5,0,5,100.0,1470.0988288602139
2026-08-25,4,1,5,80.0,1465.1808737517256
