Date,Above,Below,Total,Percentage,Index_Close
2014-08-07,1,0,2,100.0,160.1448170351806
2014-08-08,1,0,2,100.0,161.6002849075558
2014-08-11,1,0,2,100.0,163.3811375864987
2014-08-12,1,0,2,100.0,166.66826411605305
2014-08-13,1,0,2,100.0,168.3368177226851
2014-08-14,1,0,2,100.0,179.21489022125064
2014-08-18,1,0,2,100.0,183.93330823103216
2014-08-19,1,0,2,100.0,183.1539594168602
2014-08-20,1,0,2,100.0,188.61030617758485
2014-08-21,1,0,2,100.0,196.99054636049777
2014-08-22,1,0,2,100.0,195.93832275720123
2014-08-25,1,0,2,100.0,205.37893775238945
2014-08-26,1,0,2,100.0,200.61459045696682
2014-08-27,1,0,2,100.0,206.9157001193637
2014-08-28,1,0,2,100.0,200.35473249448867
2014-09-01,1,0,2,100.0,200.85947626589257
2014-09-02,1,0,2,100.0,197.68071593607038
2014-09-03,1,0,2,100.0,196.4614583958503
2014-09-04,1,0,2,100.0,194.47164719332494
2014-09-05,1,0,2,100.0,197.30661065836358
2014-09-08,1,0,2,100.0,198.80908475534608
2014-09-09,1,0,2,100.0,200.48911111105872
2014-09-10,1,0,2,100.0,200.39016848518
2014-09-11,1,0,2,100.0,202.1887225831505
2014-09-12,1,0,2,100.0,200.43878400072427
2014-09-15,1,0,2,100.0,202.3259306710036
2014-09-16,1,0,2,100.0,191.54239114868125
2014-09-17,1,0,2,100.0,190.68836716230803
2014-09-18,1,0,2,100.0,195.32269003264915
2014-09-19,1,0,2,100.0,206.96341115453504
2014-09-22,1,0,2,100.0,203.99328333869633
2014-09-23,1,0,2,100.0,195.37026401739413
2014-09-24,1,0,2,100.0,188.9599529958981
2014-09-25,1,0,2,100.0,183.70850187411318
2014-09-26,1,0,2,100.0,183.6619876931258
2014-09-29,1,0,2,100.0,191.07744996570122
2014-09-30,1,0,2,100.0,188.9004958427891
2014-10-01,1,0,2,100.0,186.83638913397985
2014-10-07,1,0,2,100.0,190.38356275584104
2014-10-08,1,0,2,100.0,190.14427373372308
2014-10-09,1,0,2,100.0,194.35652928401333
2014-10-10,1,0,2,100.0,191.2735023423129
2014-10-13,1,0,2,100.0,191.42927158009243
2014-10-14,1,0,2,100.0,197.45240002842405
2014-10-16,1,0,2,100.0,196.41379469316223
2014-10-17,1,0,2,100.0,200.22404662567249
2014-10-20,1,0,2,100.0,204.0936337756182
2014-10-21,1,0,2,100.0,203.56388625214876
2014-10-22,1,0,2,100.0,202.59675924475366
2014-10-23,1,0,2,100.0,204.77621036294863
2014-10-27,1,0,2,100.0,202.62578168724502
2014-10-28,1,0,2,100.0,206.61973076027436
2014-10-29,1,0,2,100.0,210.23644729316544
2014-10-30,1,0,2,100.0,209.71570328103414
2014-10-31,1,0,2,100.0,210.193811887878
2014-11-03,1,0,2,100.0,212.88465871701945
2014-11-05,1,0,2,100.0,218.42386130039353
2014-11-07,1,0,2,100.0,214.9938627867761
2014-11-10,1,0,2,100.0,218.7754552338829
2014-11-11,1,0,2,100.0,217.32310163681893
2014-11-12,1,0,2,100.0,217.69414754385087
2014-11-13,1,0,2,100.0,214.1699163993019
2014-11-14,1,0,2,100.0,213.93546839323722
2014-11-17,1,0,2,100.0,221.11309670443595
2014-11-18,1,0,2,100.0,222.86585200440436
2014-11-19,1,0,2,100.0,219.8363961882429
2014-11-20,1,0,2,100.0,221.32817571524242
2014-11-21,1,0,2,100.0,219.08229159115362
2014-11-24,1,0,2,100.0,213.82341836485645
2014-11-25,1,0,2,100.0,208.30983575017405
2014-11-26,1,0,2,100.0,211.3979666786759
2014-11-27,1,0,2,100.0,209.95658967544918
2014-11-28,1,0,2,100.0,211.41166656765193
2014-12-01,1,0,2,100.0,209.8859383007554
2014-12-02,1,0,2,100.0,209.2515306092236
2014-12-03,1,0,2,100.0,209.0460489732318
2014-12-04,1,0,2,100.0,207.214137162585
2014-12-05,1,0,2,100.0,206.36781719965947
2014-12-08,1,0,2,100.0,201.53446863674614
2014-12-09,1,0,2,100.0,201.40518432215333
2014-12-10,1,0,2,100.0,200.11901790363518
2014-12-11,1,0,2,100.0,201.0021021142916
2014-12-12,1,0,2,100.0,198.79255750256857
2014-12-15,1,0,2,100.0,195.56078976108188
2014-12-16,1,0,2,100.0,191.69234203857937
2014-12-17,1,0,2,100.0,192.37389659789184
2014-12-18,2,0,2,100.0,200.0418413411785
2014-12-19,2,0,2,100.0,198.78756432825375
2014-12-22,2,0,2,100.0,202.43602825420047
2014-12-23,2,0,2,100.0,198.03598009936155
2014-12-24,2,0,2,100.0,196.59888564408368
2014-12-26,2,0,2,100.0,196.59786651033596
2014-12-29,2,0,2,100.0,201.789179951715
2014-12-30,2,0,2,100.0,207.1960939774086
2014-12-31,2,0,2,100.0,208.5385951137025
2015-01-01,2,0,2,100.0,208.91344899943613
2015-01-02,2,0,2,100.0,208.33217567245805
2015-01-05,2,0,2,100.0,213.34729538199645
2015-01-06,2,0,2,100.0,205.1090818782776
2015-01-07,2,0,2,100.0,207.68855353513248
2015-01-08,2,0,2,100.0,219.3937002044499
2015-01-09,2,0,2,100.0,221.84464062208616
2015-01-12,2,0,2,100.0,225.09547192081305
2015-01-13,2,0,2,100.0,239.3306291694918
2015-01-14,2,0,2,100.0,239.4750993130701
2015-01-15,2,0,2,100.0,245.2259311288585
2015-01-16,2,0,2,100.0,246.49172521487182
2015-01-19,2,0,2,100.0,242.13619450262178
2015-01-20,2,0,2,100.0,239.97503915747856
2015-01-21,2,0,2,100.0,242.30614923865988
2015-01-22,2,0,2,100.0,244.9250019102538
2015-01-23,2,0,2,100.0,248.09467546828623
2015-01-27,2,0,2,100.0,242.68638625913778
2015-01-28,2,0,2,100.0,243.39740562699964
2015-01-29,2,0,2,100.0,239.74848853077617
2015-01-30,2,0,2,100.0,236.53934081076198
2015-02-02,2,0,2,100.0,230.94406595056554
2015-02-03,2,0,2,100.0,228.8716889248576
2015-02-04,2,0,2,100.0,230.3121058230724
2015-02-05,2,0,2,100.0,226.74471782731857
2015-02-06,2,0,2,100.0,225.14732386268182
2015-02-09,2,0,2,100.0,222.61297352974117
2015-02-10,2,0,2,100.0,222.94806685702483
2015-02-11,2,0,2,100.0,224.16971210310072
2015-02-12,2,0,2,100.0,228.5788446475839
2015-02-13,2,0,2,100.0,228.71396584981665
2015-02-16,2,0,2,100.0,229.27081807454672
2015-02-18,2,0,2,100.0,225.08381669095817
2015-02-19,2,0,2,100.0,223.6099401605788
2015-02-20,2,0,2,100.0,226.53860012159356
2015-02-23,2,0,2,100.0,225.70738262402702
2015-02-24,2,0,2,100.0,221.78608530584128
2015-02-25,2,0,2,100.0,219.54585668275288
2015-02-26,2,0,2,100.0,221.0227270888587
2015-02-27,2,0,2,100.0,226.51614826180045
2015-02-28,2,0,2,100.0,222.5085518702716
2015-03-02,1,1,2,50.0,218.3599549626248
2015-03-03,2,0,2,100.0,219.26728563839703
2015-03-04,1,1,2,50.0,226.98299854856262
2015-03-05,1,1,2,50.0,225.98094222346225
2015-03-09,1,1,2,50.0,223.82219641634546
2015-03-10,2,0,2,100.0,224.73430702254296
2015-03-11,1,1,2,50.0,226.3919894934193
2015-03-12,2,0,2,100.0,232.21170003474074
2015-03-13,1,1,2,50.0,225.8251161521616
2015-03-16,1,1,2,50.0,225.93479550227605
2015-03-17,1,1,2,50.0,225.42591958206265
2015-03-18,2,0,2,100.0,227.8810546538711
2015-03-19,2,0,2,100.0,228.07679623130988
2015-03-20,1,1,2,50.0,225.87124337757172
2015-03-23,1,1,2,50.0,227.2758572498983
2015-03-24,1,1,2,50.0,225.76559636512167
2015-03-25,1,1,2,50.0,225.1033639944837
2015-03-26,1,1,2,50.0,223.03187777504147
2015-03-27,1,1,2,50.0,218.4535660306923
2015-03-30,1,1,2,50.0,221.9443239213669
2015-03-31,1,1,2,50.0,219.7992595955125
2015-04-01,1,1,2,50.0,222.01506971422097
2015-04-06,1,1,2,50.0,227.2662207565748
2015-04-07,1,1,2,50.0,225.7239480028269
2015-04-08,1,1,2,50.0,228.68697040243114
2015-04-09,2,0,2,100.0,241.1792629817591
2015-04-10,2,0,2,100.0,242.85466758596158
2015-04-13,2,0,2,100.0,241.81047165040783
2015-04-15,2,0,2,100.0,243.83502091898745
2015-04-16,1,1,2,50.0,241.71168112543677
2015-04-17,1,1,2,50.0,239.15353830427253
2015-04-20,1,1,2,50.0,234.89885862267124
2015-04-21,1,1,2,50.0,238.1761219606115
2015-04-22,1,1,2,50.0,237.75742154250952
2015-04-23,1,1,2,50.0,239.61242007912483
2015-04-24,1,1,2,50.0,236.54142148936702
2015-04-27,1,1,2,50.0,231.20258956565416
2015-04-28,1,1,2,50.0,241.18636495600578
2015-04-29,1,1,2,50.0,241.56642065345787
2015-04-30,1,1,2,50.0,235.1082487642536
2015-05-04,1,1,2,50.0,239.73927663836298
2015-05-05,1,1,2,50.0,240.6057963613137
2015-05-06,1,1,2,50.0,234.17562168551575
2015-05-07,1,1,2,50.0,231.47989664773982
2015-05-08,1,1,2,50.0,234.1635776368527
2015-05-11,1,1,2,50.0,238.02600663718022
2015-05-12,1,1,2,50.0,234.50228074239422
2015-05-13,1,1,2,50.0,235.48131616289783
2015-05-14,1,1,2,50.0,233.7766939922078
2015-05-15,1,1,2,50.0,238.41043777075433
2015-05-18,1,1,2,50.0,240.16070411278312
2015-05-19,1,1,2,50.0,242.44718509713545
2015-05-20,1,1,2,50.0,240.38168794356505
2015-05-21,1,1,2,50.0,234.44084045278984
2015-05-22,1,1,2,50.0,235.86654247407813
2015-05-25,1,1,2,50.0,232.41430821266036
2015-05-26,1,1,2,50.0,230.72084053351603
2015-05-27,1,1,2,50.0,233.2329387596928
2015-05-28,1,1,2,50.0,235.1372145040203
2015-05-29,1,1,2,50.0,244.62905350866814
2015-06-01,1,1,2,50.0,239.14691262309117
2015-06-02,1,1,2,50.0,235.12666434477586
2015-06-03,1,1,2,50.0,232.19044459514748
2015-06-04,1,1,2,50.0,230.3596250193437
2015-06-05,1,1,2,50.0,228.01033187567964
2015-06-08,1,1,2,50.0,222.43142747714626
2015-06-09,1,1,2,50.0,222.81306373668735
2015-06-10,1,1,2,50.0,223.55605180137422
2015-06-11,1,1,2,50.0,226.09512639214194
2015-06-12,1,1,2,50.0,217.42813120306187
2015-06-15,1,1,2,50.0,221.44310707932928
2015-06-16,1,1,2,50.0,221.65713095268615
2015-06-17,1,1,2,50.0,223.63387324860238
2015-06-18,1,1,2,50.0,228.10521945633346
2015-06-19,1,1,2,50.0,226.96174096833087
2015-06-22,1,1,2,50.0,230.92990383144482
2015-06-23,1,1,2,50.0,231.46147273557477
2015-06-24,1,1,2,50.0,230.50834796496846
2015-06-25,1,1,2,50.0,229.8259234258143
2015-06-26,1,1,2,50.0,227.51170181909157
2015-06-29,1,1,2,50.0,221.78555762611603
2015-06-30,1,1,2,50.0,224.11588950976466
2015-07-01,1,1,2,50.0,226.4329634849488
2015-07-02,1,1,2,50.0,228.6165798980817
2015-07-03,1,1,2,50.0,227.49865317535765
2015-07-06,1,1,2,50.0,228.07462334340875
2015-07-07,1,1,2,50.0,232.80215994465513
2015-07-08,1,1,2,50.0,225.5136535022777
2015-07-09,1,1,2,50.0,223.39985513589343
2015-07-10,1,1,2,50.0,224.90553453587157
2015-07-13,1,1,2,50.0,224.39868891591334
2015-07-14,1,1,2,50.0,231.54691798328219
2015-07-15,1,1,2,50.0,233.664305440991
2015-07-16,1,1,2,50.0,233.24672103845296
2015-07-17,1,1,2,50.0,233.7660122232264
2015-07-20,1,1,2,50.0,229.45456041304513
2015-07-21,1,1,2,50.0,230.21580237317062
2015-07-22,1,1,2,50.0,231.37667515523384
2015-07-23,1,1,2,50.0,230.2773186240646
2015-07-24,1,1,2,50.0,230.77398730802759
2015-07-27,1,1,2,50.0,226.9210156546381
2015-07-28,1,1,2,50.0,228.7500350688147
2015-07-29,1,1,2,50.0,230.31204609352912
2015-07-30,1,1,2,50.0,231.63930249431033
2015-07-31,1,1,2,50.0,230.1229318913037
2015-08-03,1,1,2,50.0,228.61342687869364
2015-08-04,1,1,2,50.0,232.16098831512696
2015-08-05,1,1,2,50.0,232.87657485189993
2015-08-06,1,1,2,50.0,233.10220762423904
2015-08-07,1,1,2,50.0,233.27785199830794
2015-08-10,1,1,2,50.0,234.33501228284425
2015-08-11,1,1,2,50.0,232.69433122047363
2015-08-12,1,1,2,50.0,223.9132145596741
2015-08-13,0,2,2,0.0,222.8229700393373
2015-08-14,1,1,2,50.0,226.165286062811
2015-08-17,1,1,2,50.0,228.88567390284558
2015-08-18,1,1,2,50.0,228.31464404416013
2015-08-19,1,1,2,50.0,228.3512191088044
2015-08-20,1,1,2,50.0,229.26893039707957
2015-08-21,1,1,2,50.0,225.29425461419672
2015-08-24,0,2,2,0.0,206.03123776790392
2015-08-25,0,2,2,0.0,215.17672554986805
2015-08-26,0,2,2,0.0,220.22379870851964
2015-08-27,1,1,2,50.0,227.64424123151352
2015-08-28,1,1,2,50.0,228.90801889948494
2015-08-31,1,1,2,50.0,230.56260237145284
2015-09-01,0,2,2,0.0,226.5142855374099
2015-09-02,0,2,2,0.0,223.66207207654605
2015-09-03,2,0,2,100.0,229.96885612712904
2015-09-04,0,2,2,0.0,225.31958171856306
2015-09-07,1,1,2,50.0,224.635028083953
2015-09-08,0,2,2,0.0,221.7986680044748
2015-09-09,0,2,2,0.0,222.87319634000303
2015-09-10,0,2,2,0.0,221.06070729102498
2015-09-11,0,2,2,0.0,223.3602320684835
2015-09-14,0,2,2,0.0,223.99079422213575
2015-09-15,1,1,2,50.0,225.17341265617242
2015-09-16,1,1,2,50.0,223.85274502378718
2015-09-18,0,2,2,0.0,224.70494303422024
2015-09-21,1,1,2,50.0,225.79331895015304
2015-09-22,1,1,2,50.0,224.93051452433534
2015-09-23,1,1,2,50.0,229.7465526273065
2015-09-24,1,1,2,50.0,231.29544039734654
2015-09-28,1,1,2,50.0,229.72184793993327
2015-09-29,1,1,2,50.0,230.22728524004202
2015-09-30,1,1,2,50.0,231.52231207350852
2015-10-01,1,1,2,50.0,230.6876153161482
2015-10-05,1,1,2,50.0,229.70024442882826
2015-10-06,1,1,2,50.0,229.89768584500575
2015-10-07,1,1,2,50.0,233.21683522276703
2015-10-08,1,1,2,50.0,234.15367544433795
2015-10-09,1,1,2,50.0,235.06827905548639
2015-10-12,1,1,2,50.0,234.19221025953064
2015-10-13,1,1,2,50.0,234.72905715558787
2015-10-14,1,1,2,50.0,233.32765608142196
2015-10-15,1,1,2,50.0,234.21727557963598
2015-10-16,1,1,2,50.0,236.18666618030608
2015-10-19,1,1,2,50.0,239.69583856968768
2015-10-20,1,1,2,50.0,240.27923312906813
2015-10-21,1,1,2,50.0,239.8889905821533
2015-10-23,1,1,2,50.0,239.69979306332573
2015-10-26,1,1,2,50.0,243.67887415905116
2015-10-27,1,1,2,50.0,245.11124649834892
2015-10-28,1,1,2,50.0,245.412062056293
2015-10-29,1,1,2,50.0,249.3340414072041
2015-10-30,1,1,2,50.0,243.13379693082263
2015-11-02,1,1,2,50.0,248.7535839873766
2015-11-03,1,1,2,50.0,251.32405241585727
2015-11-04,1,1,2,50.0,250.0358078772405
2015-11-05,1,1,2,50.0,249.40409605705213
2015-11-06,1,1,2,50.0,250.19038545604926
2015-11-09,1,1,2,50.0,252.83027299624203
2015-11-10,1,1,2,50.0,253.71916418657668
2015-11-11,1,1,2,50.0,258.3250964918602
2015-11-13,1,1,2,50.0,261.74607388973874
2015-11-16,1,1,2,50.0,270.63119889823423
2015-11-17,1,1,2,50.0,266.81113789844454
2015-11-18,1,1,2,50.0,267.8463188970316
2015-11-19,1,1,2,50.0,274.46016804605154
2015-11-20,1,1,2,50.0,271.88852448014507
2015-11-23,1,1,2,50.0,269.784055855299
2015-11-24,1,1,2,50.0,270.3707621240848
2015-11-26,1,1,2,50.0,264.77089055071525
2015-11-27,1,1,2,50.0,260.59684495643353
2015-11-30,1,1,2,50.0,261.0082767228887
2015-12-01,1,1,2,50.0,258.8565177818029
2015-12-02,1,1,2,50.0,259.28078036441036
2015-12-03,1,1,2,50.0,261.2923094911568
2015-12-04,1,1,2,50.0,268.79158495425133
2015-12-07,1,1,2,50.0,268.1721393386605
2015-12-08,1,1,2,50.0,262.13811073685685
2015-12-09,1,1,2,50.0,255.08174566239
2015-12-10,1,1,2,50.0,258.9165800987221
2015-12-11,1,1,2,50.0,260.6975934167773
2015-12-14,1,1,2,50.0,258.82163699118644
2015-12-15,1,1,2,50.0,259.670980318852
2015-12-16,1,1,2,50.0,262.11175244138593
2015-12-17,1,1,2,50.0,265.6139588415428
2015-12-18,1,1,2,50.0,265.0199577774905
2015-12-21,1,1,2,50.0,268.4455380715959
2015-12-22,1,1,2,50.0,278.9375149248531
2015-12-23,1,1,2,50.0,279.5356990027302
2015-12-24,1,1,2,50.0,277.1585557972871
2015-12-28,1,1,2,50.0,273.5154745374074
2015-12-29,1,1,2,50.0,275.56457208763646
2015-12-30,1,1,2,50.0,273.77300997170926
2015-12-31,1,1,2,50.0,273.0137740747262
2016-01-01,1,1,2,50.0,276.3070929609026
2016-01-04,1,1,2,50.0,272.63380994821495
2016-01-05,1,1,2,50.0,271.12215066274507
2016-01-06,1,1,2,50.0,267.7744168973167
2016-01-07,1,1,2,50.0,262.4081534271091
2016-01-08,1,1,2,50.0,268.0397687804308
2016-01-11,1,1,2,50.0,266.4953061561431
2016-01-12,1,1,2,50.0,262.33050468445185
2016-01-13,1,1,2,50.0,256.8321354922424
2016-01-14,1,1,2,50.0,254.23201490503874
2016-01-15,1,1,2,50.0,250.72477106322447
2016-01-18,1,1,2,50.0,247.4881708551065
2016-01-19,1,1,2,50.0,254.5284753084996
2016-01-20,1,1,2,50.0,250.6544484359432
2016-01-21,1,1,2,50.0,249.03737104712218
2016-01-22,1,1,2,50.0,256.4746113264799
2016-01-25,1,1,2,50.0,263.9774127798053
2016-01-27,1,1,2,50.0,267.1887381910206
2016-01-28,1,1,2,50.0,266.0457374869064
2016-01-29,1,1,2,50.0,271.108545246462
2016-02-01,1,1,2,50.0,264.85806081619864
2016-02-02,1,1,2,50.0,265.27194021615645
2016-02-03,1,1,2,50.0,261.751835006763
2016-02-04,1,1,2,50.0,260.49399665104477
2016-02-05,1,1,2,50.0,265.8457796156901
2016-02-08,1,1,2,50.0,264.94570317116415
2016-02-09,1,1,2,50.0,263.21249774156587
2016-02-10,1,1,2,50.0,260.8464412891535
2016-02-11,1,1,2,50.0,246.8125944245043
2016-02-12,1,1,2,50.0,244.91633938199016
2016-02-15,1,1,2,50.0,248.5543541042646
2016-02-16,1,1,2,50.0,246.47561612962267
2016-02-17,1,1,2,50.0,250.62758641898085
2016-02-18,1,1,2,50.0,254.71129266455011
2016-02-19,1,1,2,50.0,257.12131045122095
2016-02-22,1,1,2,50.0,256.0194782835755
2016-02-23,1,1,2,50.0,255.3146005404012
2016-02-24,1,1,2,50.0,255.19625607453236
2016-02-25,1,1,2,50.0,252.7302007001461
2016-02-26,1,1,2,50.0,248.51741705015314
2016-02-29,1,1,2,50.0,249.23476163312895
2016-03-01,1,1,2,50.0,254.94818161969474
2016-03-02,1,1,2,50.0,257.94262007544836
2016-03-03,1,1,2,50.0,257.20773460715037
2016-03-04,1,1,2,50.0,259.3296060672109
2016-03-08,1,1,2,50.0,261.5348814529502
2016-03-09,1,1,2,50.0,257.5673115170601
2016-03-10,1,1,2,50.0,254.65815622180554
2016-03-11,1,1,2,50.0,252.7136738905131
2016-03-14,1,1,2,50.0,253.19968923702055
2016-03-15,1,1,2,50.0,245.95561176367494
2016-03-16,1,1,2,50.0,246.94621317383655
2016-03-17,1,1,2,50.0,251.26874194322548
2016-03-18,1,1,2,50.0,252.14710019408662
2016-03-21,1,1,2,50.0,250.93113922308424
2016-03-22,1,1,2,50.0,257.8419959304004
2016-03-23,1,1,2,50.0,259.0326832975329
2016-03-28,1,1,2,50.0,254.50637307234683
2016-03-29,1,1,2,50.0,254.25081934083246
2016-03-30,1,1,2,50.0,258.3765994917956
2016-03-31,1,1,2,50.0,260.75092724675926
2016-04-01,1,1,2,50.0,260.48270750462007
2016-04-04,1,1,2,50.0,260.2183969019945
2016-04-05,1,1,2,50.0,256.8854756772021
2016-04-06,1,1,2,50.0,254.4521979125042
2016-04-07,1,1,2,50.0,254.20145338480816
2016-04-08,1,1,2,50.0,254.03170232486443
2016-04-11,1,1,2,50.0,254.96858430918863
2016-04-12,1,1,2,50.0,255.36766982715037
2016-04-13,1,1,2,50.0,262.1612029861295
2016-04-18,1,1,2,50.0,261.60273659726545
2016-04-20,1,1,2,50.0,259.73572790280144
2016-04-21,1,1,2,50.0,260.2747996786735
2016-04-22,1,1,2,50.0,260.57791599382654
2016-04-25,1,1,2,50.0,260.5228761637348
2016-04-26,1,1,2,50.0,260.5957098648128
2016-04-27,1,1,2,50.0,260.4727708994753
2016-04-28,1,1,2,50.0,255.3759087055063
2016-04-29,1,1,2,50.0,254.73330365743894
2016-05-02,1,1,2,50.0,254.54918155050024
2016-05-03,1,1,2,50.0,256.37653712793076
2016-05-04,1,1,2,50.0,256.12496185887994
2016-05-05,1,1,2,50.0,258.5674578007431
2016-05-06,1,1,2,50.0,254.5894561736731
2016-05-09,1,1,2,50.0,255.5671947564634
2016-05-10,1,1,2,50.0,254.7294446409091
2016-05-11,1,1,2,50.0,254.25275830393122
2016-05-12,1,1,2,50.0,253.21074051848416
2016-05-13,1,1,2,50.0,251.49458242377025
2016-05-16,1,1,2,50.0,250.53258626481423
2016-05-17,1,1,2,50.0,251.88385149804247
2016-05-18,1,1,2,50.0,251.85667168047127
2016-05-19,1,1,2,50.0,254.86786825265298
2016-05-20,1,1,2,50.0,256.1586472572815
2016-05-23,1,1,2,50.0,258.81293212676724
2016-05-24,1,1,2,50.0,257.08443205807083
2016-05-25,1,1,2,50.0,256.30242307005824
2016-05-26,1,1,2,50.0,255.83647944751556
2016-05-27,1,1,2,50.0,257.4390472594557
2016-05-30,1,1,2,50.0,254.36549819415703
2016-05-31,1,1,2,50.0,250.42271090124953
2016-06-01,1,1,2,50.0,254.4864486520831
2016-06-02,1,1,2,50.0,257.2959909150852
2016-06-03,1,1,2,50.0,255.9834506783901
2016-06-06,1,1,2,50.0,258.09717770011406
2016-06-07,1,1,2,50.0,255.6344290307151
2016-06-08,1,1,2,50.0,258.89911639241564
2016-06-09,1,1,2,50.0,261.5543479938091
2016-06-10,1,1,2,50.0,261.0420287028935
2016-06-13,1,1,2,50.0,258.8216237445637
2016-06-14,1,1,2,50.0,261.3693715099917
2016-06-15,1,1,3,50.0,268.11842277059924
2016-06-16,1,1,3,50.0,265.58922072442226
2016-06-17,1,1,3,50.0,268.2119861523671
2016-06-20,1,1,3,50.0,268.3276555496178
2016-06-21,1,1,3,50.0,270.33094503323605
2016-06-22,2,0,3,100.0,278.98882843771236
2016-06-23,2,0,3,100.0,283.025256723606
2016-06-24,2,0,3,100.0,280.2175807475813
2016-06-27,2,0,3,100.0,285.24230699439073
2016-06-28,2,0,3,100.0,285.8720663355014
2016-06-29,2,0,3,100.0,287.3433434049669
2016-06-30,2,0,3,100.0,289.377473485987
2016-07-01,2,0,3,100.0,290.9320645850593
2016-07-04,2,0,3,100.0,291.6242049456273
2016-07-05,2,0,3,100.0,292.6931951121731
2016-07-07,2,0,3,100.0,290.4065825510025
2016-07-08,2,0,3,100.0,289.93268070791027
2016-07-11,2,0,3,100.0,294.2772397006533
2016-07-12,2,0,3,100.0,286.8340539578656
2016-07-13,2,0,3,100.0,281.91838623999195
2016-07-14,2,0,3,100.0,281.9369751998347
2016-07-15,1,1,3,50.0,279.126708456606
2016-07-18,1,1,3,50.0,278.744478573363
2016-07-19,1,1,3,50.0,278.83809842289435
2016-07-20,1,1,3,50.0,278.1211053590034
2016-07-21,1,1,3,50.0,277.0742919981408
2016-07-22,1,1,3,50.0,278.8727946111817
2016-07-25,1,1,3,50.0,281.7441920166326
2016-07-26,1,1,3,50.0,280.84680214440004
2016-07-27,1,1,3,50.0,280.29920262798254
2016-07-28,1,1,3,50.0,279.9829803146168
2016-07-29,1,1,3,50.0,276.94470922297535
2016-08-01,1,1,3,50.0,280.43099141287706
2016-08-02,1,1,3,50.0,280.2061161627651
2016-08-03,2,0,3,100.0,281.52451267835517
2016-08-04,2,0,3,100.0,282.6212764507881
2016-08-05,2,0,3,100.0,284.2523954004799
2016-08-08,2,0,3,100.0,285.9191601678573
2016-08-09,2,0,3,100.0,282.92633541026873
2016-08-10,2,0,3,100.0,282.5501184744817
2016-08-11,2,0,3,100.0,281.1696334614237
2016-08-12,2,0,3,100.0,282.0501047986449
2016-08-16,2,0,3,100.0,282.90358990773734
2016-08-17,2,0,3,100.0,283.85733284791485
2016-08-18,2,0,3,100.0,284.25562435815056
2016-08-19,2,0,3,100.0,284.1765622215061
2016-08-22,2,0,3,100.0,284.4737510305615
2016-08-23,2,0,3,100.0,282.68922730723625
2016-08-24,2,0,3,100.0,284.23219827170686
2016-08-25,2,0,3,100.0,283.3528291591016
2016-08-26,2,0,3,100.0,282.63698144688425
2016-08-29,2,0,3,100.0,282.46828645349467
2016-08-30,2,0,3,100.0,285.39042994861967
2016-08-31,2,0,3,100.0,282.8526046181903
2016-09-01,2,0,3,100.0,283.777519554607
2016-09-02,2,0,3,100.0,284.27866260418665
2016-09-06,2,0,3,100.0,282.40369202636595
2016-09-07,2,0,3,100.0,281.79892626591794
2016-09-08,2,0,3,100.0,285.4019026257824
2016-09-09,2,0,3,100.0,290.339099175966
2016-09-12,1,1,3,50.0,291.47380557811033
2016-09-14,2,0,3,100.0,294.7462636624726
2016-09-15,2,0,3,100.0,299.43682577083274
2016-09-16,2,0,3,100.0,302.1447261907112
2016-09-19,2,0,3,100.0,302.31647931776
2016-09-20,1,1,3,50.0,304.5971020725106
2016-09-21,1,1,3,50.0,306.3632814452819
2016-09-22,1,1,3,50.0,310.3443130000161
2016-09-23,2,0,3,100.0,313.2520647838867
2016-09-26,2,0,3,100.0,316.97828937681373
2016-09-27,2,0,3,100.0,317.08508711627314
2016-09-28,1,1,3,50.0,314.3341499739096
2016-09-29,1,1,3,50.0,311.0395927293237
2016-09-30,1,1,3,50.0,316.543294120309
2016-10-03,1,1,3,50.0,321.6870335884647
2016-10-04,2,0,3,100.0,330.0036616807842
2016-10-05,2,0,3,100.0,338.3540053011532
2016-10-06,2,0,3,100.0,341.6055275892937
2016-10-07,2,0,3,100.0,341.3985866848378
2016-10-10,2,0,3,100.0,347.2800162512399
2016-10-13,2,0,3,100.0,343.92821907921956
2016-10-14,2,0,3,100.0,347.4209807630509
2016-10-17,2,0,3,100.0,347.31862989191296
2016-10-18,2,0,3,100.0,353.91089175161255
2016-10-19,2,0,3,100.0,351.2227797445605
2016-10-20,2,0,3,100.0,359.19789475422317
2016-10-21,2,0,3,100.0,362.09340348913486
2016-10-24,2,0,3,100.0,365.83450756030356
2016-10-25,2,0,3,100.0,364.6601107670051
2016-10-26,2,0,3,100.0,359.81887784239603
2016-10-27,2,0,3,100.0,363.5655584988466
2016-10-28,2,0,3,100.0,359.83531657720295
2016-10-30,2,0,3,100.0,364.76708862040266
2016-11-01,2,0,3,100.0,358.14128325998735
2016-11-02,1,1,3,50.0,354.29274150259596
2016-11-03,1,1,3,50.0,355.14989965213385
2016-11-04,1,1,3,50.0,347.29266276237655
2016-11-07,1,1,3,50.0,352.8953541566431
2016-11-08,1,1,3,50.0,349.89337291988056
2016-11-09,1,1,3,50.0,341.50642344781375
2016-11-10,1,1,3,50.0,342.47590307943204
2016-11-11,1,1,3,50.0,341.41445863793376
2016-11-15,0,2,3,0.0,322.7775173011516
2016-11-16,0,2,3,0.0,321.187789721319
2016-11-17,0,2,3,0.0,320.2966436421416
2016-11-18,0,2,3,0.0,322.08735148888763
2016-11-21,0,2,3,0.0,311.97508457493956
2016-11-22,0,2,3,0.0,310.5581842248172
2016-11-23,0,2,3,0.0,311.1326172830506
2016-11-24,0,2,3,0.0,314.2562897434452
2016-11-25,0,2,3,0.0,314.96114904258627
2016-11-28,0,2,3,0.0,312.62443057140905
2016-11-29,0,2,3,0.0,314.19464050381634
2016-11-30,0,2,3,0.0,313.5037992265462
2016-12-01,0,2,3,0.0,313.3186067105376
2016-12-02,0,2,3,0.0,312.31576728718284
2016-12-05,0,2,3,0.0,315.42951899800585
2016-12-06,0,2,3,0.0,314.979666838547
2016-12-07,0,2,3,0.0,313.27116134768295
2016-12-08,0,2,3,0.0,324.78064913550844
2016-12-09,0,2,3,0.0,326.27793899152323
2016-12-12,0,2,3,0.0,324.49541121193903
2016-12-13,0,2,3,0.0,327.9246249843962
2016-12-14,0,2,3,0.0,331.1193223805364
2016-12-15,0,2,3,0.0,336.544728955338
2016-12-16,0,2,3,0.0,335.26048217883647
2016-12-19,0,2,3,0.0,331.35760871814085
2016-12-20,0,2,3,0.0,329.7390905049534
2016-12-21,0,2,3,0.0,329.19200151433176
2016-12-22,0,2,3,0.0,327.63919782213395
2016-12-23,0,2,3,0.0,328.0661219696967
2016-12-26,0,2,3,0.0,325.72596095262503
2016-12-27,0,2,3,0.0,327.3929532711192
2016-12-28,0,2,3,0.0,328.3535691617981
2016-12-29,0,2,3,0.0,327.4620059663624
2016-12-30,0,2,3,0.0,332.1367856964209
2017-01-02,0,2,3,0.0,330.9335697701773
2017-01-03,0,2,3,0.0,329.2863091243543
2017-01-04,0,2,3,0.0,329.48395415259245
2017-01-05,0,2,3,0.0,337.89926291253624
2017-01-06,0,2,3,0.0,337.850452988846
2017-01-09,1,1,3,50.0,341.7802593590023
2017-01-10,1,1,3,50.0,338.25791529933895
2017-01-11,1,1,3,50.0,339.56486543815356
2017-01-12,1,1,3,50.0,337.27018074243966
2017-01-13,1,1,3,50.0,338.59481211713916
2017-01-16,1,1,3,50.0,339.43613221434885
2017-01-17,0,2,3,0.0,337.2631156439728
2017-01-18,1,1,3,50.0,337.25711366651086
2017-01-19,2,1,3,66.66666666666666,340.8527984991709
2017-01-20,1,2,3,33.33333333333333,333.7105308298292
2017-01-23,1,2,3,33.33333333333333,336.5019434521683
2017-01-24,1,2,3,33.33333333333333,337.9115408256612
2017-01-25,1,2,3,33.33333333333333,339.23646740142266
2017-01-27,1,2,3,33.33333333333333,340.4088100587802
2017-01-30,1,2,3,33.33333333333333,339.11499054601535
2017-01-31,1,2,3,33.33333333333333,340.46748947170477
2017-02-01,2,1,3,66.66666666666666,340.2398799301564
2017-02-02,2,1,3,66.66666666666666,342.1352854655259
2017-02-03,1,2,3,33.33333333333333,342.6983226892418
2017-02-06,3,0,3,100.0,345.62127080972004
2017-02-07,2,1,3,66.66666666666666,342.9409237679703
2017-02-08,3,0,3,100.0,344.29346448617093
2017-02-09,1,2,3,33.33333333333333,343.2763364855657
2017-02-10,1,2,3,33.33333333333333,339.8528541914584
2017-02-13,1,2,3,33.33333333333333,339.6711402244937
2017-02-14,2,1,3,66.66666666666666,340.60402811690113
2017-02-15,2,1,3,66.66666666666666,343.3388390639641
2017-02-16,1,2,3,33.33333333333333,339.3423273372073
2017-02-17,1,2,3,33.33333333333333,338.4516045387271
2017-02-20,1,2,3,33.33333333333333,340.6621669470457
2017-02-21,2,1,3,66.66666666666666,341.26524692415586
2017-02-22,1,2,3,33.33333333333333,339.02197813736734
2017-02-23,1,2,3,33.33333333333333,336.9708479392194
2017-02-27,1,2,3,33.33333333333333,336.6274844814501
2017-02-28,1,2,3,33.33333333333333,334.5567687700226
2017-03-01,2,1,3,66.66666666666666,337.95350543614165
2017-03-02,2,1,3,66.66666666666666,339.38729165155684
2017-03-03,2,1,3,66.66666666666666,349.99875242549865
2017-03-06,3,0,3,100.0,348.7587998740763
2017-03-07,3,0,3,100.0,348.346782309721
2017-03-08,3,0,3,100.0,346.36270832996206
2017-03-09,2,1,3,66.66666666666666,342.0384863907248
2017-03-10,3,0,3,100.0,339.608497454973
2017-03-14,3,0,3,100.0,342.96570109516466
2017-03-15,3,0,3,100.0,340.9011168438654
2017-03-16,3,0,3,100.0,346.5223447940782
2017-03-17,3,0,3,100.0,347.1133089456729
2017-03-20,3,0,3,100.0,346.9709073864733
2017-03-21,3,0,3,100.0,346.3069097512467
2017-03-22,3,0,3,100.0,342.7145139285646
2017-03-23,2,1,3,66.66666666666666,343.9335707790908
2017-03-24,3,0,3,100.0,346.19717068002285
2017-03-27,3,0,3,100.0,350.3888955986409
2017-03-28,3,0,3,100.0,351.28878735860735
2017-03-29,2,1,3,66.66666666666666,348.69646826843314
2017-03-30,3,0,3,100.0,358.7829299038114
2017-03-31,3,0,3,100.0,359.5458456430831
2017-04-03,3,0,3,100.0,357.2147526843817
2017-04-05,3,0,3,100.0,358.3219136795469
2017-04-06,3,0,3,100.0,356.8943662658006
2017-04-07,3,0,3,100.0,352.3275222802318
2017-04-10,3,0,3,100.0,344.4358951847202
2017-04-11,2,1,3,66.66666666666666,344.0254646493813
2017-04-12,2,1,3,66.66666666666666,328.8238406558716
2017-04-13,2,1,3,66.66666666666666,324.6357228219121
2017-04-17,2,1,3,66.66666666666666,316.43937546704717
2017-04-18,2,1,3,66.66666666666666,322.8862040820542
2017-04-19,2,1,3,66.66666666666666,335.4155118463202
2017-04-20,3,0,3,100.0,346.5811891642909
2017-04-21,2,1,3,66.66666666666666,339.9541468610132
2017-04-24,3,0,3,100.0,346.15967352611113
2017-04-25,3,0,3,100.0,351.96091241890264
2017-04-26,3,0,3,100.0,350.0415785356005
2017-04-27,3,0,3,100.0,340.2149916955093
2017-04-28,3,0,3,100.0,338.9701312009934
2017-05-02,3,0,3,100.0,336.12145255639996
2017-05-03,3,0,3,100.0,339.8431523936835
2017-05-04,3,0,3,100.0,339.60609671100815
2017-05-05,3,0,3,100.0,340.91862781471684
2017-05-08,3,0,3,100.0,347.1299014573736
2017-05-09,2,1,3,66.66666666666666,356.45636485314805
2017-05-10,3,0,3,100.0,359.45179711355087
2017-05-11,3,0,3,100.0,365.70710326171627
2017-05-12,3,0,3,100.0,375.93123839182147
2017-05-15,3,0,3,100.0,372.62590794665965
2017-05-16,3,0,3,100.0,374.7053300500997
2017-05-17,3,0,3,100.0,377.27157298466267
2017-05-18,3,0,3,100.0,375.38570252444674
2017-05-19,3,0,3,100.0,377.53089447081396
2017-05-22,3,0,3,100.0,372.5654641632171
2017-05-23,2,1,3,66.66666666666666,359.6382080828475
2017-05-24,2,1,3,66.66666666666666,352.635127676435
2017-05-25,2,1,3,66.66666666666666,356.18002223260413
2017-05-26,2,1,3,66.66666666666666,358.2190420734266
2017-05-29,2,1,3,66.66666666666666,356.25412740280404
2017-05-30,3,0,3,100.0,356.3477631659464
2017-05-31,2,1,3,66.66666666666666,357.1739340509543
2017-06-01,2,1,3,66.66666666666666,358.84702292341944
2017-06-02,2,1,3,66.66666666666666,355.3175021482809
2017-06-05,2,1,3,66.66666666666666,355.22441671831103
2017-06-06,2,1,3,66.66666666666666,354.30987772888096
2017-06-07,2,1,3,66.66666666666666,355.38433573586843
2017-06-08,2,1,3,66.66666666666666,360.8491362518666
2017-06-09,2,1,3,66.66666666666666,358.78122485582315
2017-06-12,2,1,3,66.66666666666666,359.86520050902806
2017-06-13,2,1,3,66.66666666666666,361.67399894867975
2017-06-14,2,1,3,66.66666666666666,361.09937009258937
2017-06-15,2,1,3,66.66666666666666,362.799188783557
2017-06-16,3,0,3,100.0,368.0392592325468
2017-06-19,3,0,3,100.0,369.92627922301307
2017-06-20,3,0,3,100.0,371.22834128724486
2017-06-21,3,0,3,100.0,376.32162104727456
2017-06-22,2,1,3,66.66666666666666,372.6518225830299
2017-06-23,2,1,3,66.66666666666666,368.40213810591393
2017-06-27,2,1,3,66.66666666666666,359.5449334150243
2017-06-28,2,1,3,66.66666666666666,365.3718018326464
2017-06-29,2,1,3,66.66666666666666,371.7099230813475
2017-06-30,2,1,3,66.66666666666666,375.87137394068793
2017-07-03,2,1,3,66.66666666666666,380.9579671827293
2017-07-04,2,1,3,66.66666666666666,391.1785739486493
2017-07-05,2,1,3,66.66666666666666,391.01691321004296
2017-07-06,2,1,3,66.66666666666666,383.4281247126946
2017-07-07,2,1,3,66.66666666666666,382.19528624910004
2017-07-10,2,1,3,66.66666666666666,380.25707370218726
2017-07-11,2,1,3,66.66666666666666,381.79618729699587
2017-07-12,2,1,3,66.66666666666666,382.0219845188964
2017-07-13,2,1,3,66.66666666666666,380.01366170089017
2017-07-14,2,1,3,66.66666666666666,379.2932046211935
2017-07-17,2,1,3,66.66666666666666,380.2348369748417
2017-07-18,2,1,3,66.66666666666666,375.81748733651244
2017-07-19,2,1,3,66.66666666666666,378.9708230358427
2017-07-20,2,1,3,66.66666666666666,376.68750459123476
2017-07-21,2,1,3,66.66666666666666,375.6654561285897
2017-07-24,2,1,3,66.66666666666666,371.58329923284896
2017-07-25,2,1,3,66.66666666666666,372.89989370806603
2017-07-26,2,1,3,66.66666666666666,369.40533492580784
2017-07-27,2,1,3,66.66666666666666,365.981312986199
2017-07-28,2,1,3,66.66666666666666,367.64935273492085
2017-07-31,2,1,3,66.66666666666666,370.154129286248
2017-08-01,2,1,3,66.66666666666666,368.5635950789116
2017-08-02,2,1,3,66.66666666666666,366.2742001529278
2017-08-03,2,1,3,66.66666666666666,360.4709432453512
2017-08-04,2,1,3,66.66666666666666,361.57414825350793
2017-08-07,2,1,3,66.66666666666666,359.35940511041673
2017-08-08,1,2,3,33.33333333333333,352.6344702526644
2017-08-09,2,1,3,66.66666666666666,356.0863529657489
2017-08-10,1,2,3,33.33333333333333,350.1739963127017
2017-08-11,1,2,3,33.33333333333333,348.7801816207653
2017-08-14,1,2,3,33.33333333333333,348.7122445371363
2017-08-16,2,1,3,66.66666666666666,351.39226829960523
2017-08-17,2,1,3,66.66666666666666,353.103063043143
2017-08-18,1,2,3,33.33333333333333,350.1915862998856
2017-08-21,1,2,3,33.33333333333333,349.40611684422566
2017-08-22,1,2,3,33.33333333333333,346.32298999595076
2017-08-23,2,1,3,66.66666666666666,366.09583397444504
2017-08-24,2,1,3,66.66666666666666,370.8986675465172
2017-08-28,2,1,3,66.66666666666666,374.35969402194434
2017-08-29,2,1,3,66.66666666666666,370.6244018223732
2017-08-30,2,1,3,66.66666666666666,370.1638401661422
2017-08-31,2,1,3,66.66666666666666,384.06262886614246
2017-09-01,2,1,3,66.66666666666666,392.89199318135553
2017-09-04,2,1,3,66.66666666666666,396.8845632562203
2017-09-05,2,1,3,66.66666666666666,398.3490117647866
2017-09-06,2,1,3,66.66666666666666,399.35127278994287
2017-09-07,2,1,3,66.66666666666666,399.9270719728861
2017-09-08,2,1,3,66.66666666666666,398.3663503583868
2017-09-11,2,1,3,66.66666666666666,399.244867989619
2017-09-12,2,1,3,66.66666666666666,405.69932905306996
2017-09-13,2,1,3,66.66666666666666,403.39727686703134
2017-09-14,2,1,3,66.66666666666666,409.30506673297407
2017-09-15,2,1,3,66.66666666666666,416.25913414192553
2017-09-18,2,1,3,66.66666666666666,418.08111619240896
2017-09-19,2,1,3,66.66666666666666,418.16679527466425
2017-09-20,2,1,3,66.66666666666666,424.5159357951257
2017-09-21,2,1,3,66.66666666666666,422.5997030471924
2017-09-22,2,1,3,66.66666666666666,405.28825053948765
2017-09-25,2,1,3,66.66666666666666,398.61404340300624
2017-09-26,2,1,3,66.66666666666666,402.29536410462197
2017-09-27,2,1,3,66.66666666666666,393.8455281848701
2017-09-28,2,1,3,66.66666666666666,403.83242085685157
2017-09-29,2,1,3,66.66666666666666,408.8172586372783
2017-10-03,2,1,3,66.66666666666666,413.642638401236
2017-10-04,2,1,3,66.66666666666666,415.91397852367703
2017-10-05,2,1,3,66.66666666666666,414.33497719664996
2017-10-06,3,0,3,100.0,417.34215415463467
2017-10-09,3,0,3,100.0,425.65254366154545
2017-10-10,3,0,3,100.0,423.4604697878277
2017-10-11,2,1,3,66.66666666666666,412.2942940116899
2017-10-12,3,0,3,100.0,422.6366338086984
2017-10-13,3,0,3,100.0,421.3487416807952
2017-10-16,2,1,3,66.66666666666666,422.34086757278135
2017-10-17,3,0,3,100.0,423.99930046405234
2017-10-18,3,0,3,100.0,421.7972766928499
2017-10-19,2,1,3,66.66666666666666,420.23611715546656
2017-10-23,3,0,3,100.0,421.1661698592457
2017-10-24,3,0,3,100.0,420.3954371130872
2017-10-25,3,0,3,100.0,421.61261814775014
2017-10-26,3,0,3,100.0,419.87959520109433
2017-10-27,2,1,3,66.66666666666666,415.80231697996794
2017-10-30,3,0,3,100.0,418.36873067979286
2017-10-31,3,0,3,100.0,419.1671596645942
2017-11-01,3,0,3,100.0,417.81456413497267
2017-11-02,3,0,3,100.0,423.9385705631007
2017-11-03,3,0,3,100.0,424.8847774299385
2017-11-06,3,0,3,100.0,434.7498805974902
2017-11-07,3,0,3,100.0,430.9407912346442
2017-11-08,3,0,3,100.0,430.8297861665966
2017-11-09,3,0,3,100.0,431.0740390833729
2017-11-10,3,0,3,100.0,421.15151657705746
2017-11-13,3,0,3,100.0,418.7156539634665
2017-11-14,3,0,3,100.0,419.61942458896795
2017-11-15,3,0,3,100.0,409.6045427449174
2017-11-16,3,0,3,100.0,406.1814287281911
2017-11-17,3,0,3,100.0,405.1607481566638
2017-11-20,2,1,3,66.66666666666666,407.46356856809297
2017-11-21,2,1,3,66.66666666666666,409.67413625671645
2017-11-22,2,1,3,66.66666666666666,406.087023478059
2017-11-23,2,1,3,66.66666666666666,407.4710863625348
2017-11-24,2,1,3,66.66666666666666,409.34890391813326
2017-11-27,2,1,3,66.66666666666666,410.362060653307
2017-11-28,2,1,3,66.66666666666666,411.31781219309715
2017-11-29,2,1,3,66.66666666666666,406.9583317266531
2017-11-30,2,1,3,66.66666666666666,405.8804554430731
2017-12-01,2,1,3,66.66666666666666,402.6629626888892
2017-12-04,2,1,3,66.66666666666666,404.29505719919285
2017-12-05,2,1,3,66.66666666666666,403.31408832612397
2017-12-06,2,1,3,66.66666666666666,400.1022170494194
2017-12-07,2,1,3,66.66666666666666,406.4321538619133
2017-12-08,2,1,3,66.66666666666666,407.8353550394398
2017-12-11,2,1,3,66.66666666666666,410.9313025755802
2017-12-12,2,1,3,66.66666666666666,411.41451798798346
2017-12-13,2,1,3,66.66666666666666,405.31599034672234
2017-12-14,2,1,3,66.66666666666666,404.34676889261885
2017-12-15,2,1,3,66.66666666666666,407.69892373319124
2017-12-18,2,1,3,66.66666666666666,412.06738446415443
2017-12-19,2,1,3,66.66666666666666,414.6855520142849
2017-12-20,2,1,3,66.66666666666666,423.2985827097018
2017-12-21,3,0,3,100.0,423.53916765144766
2017-12-22,3,0,3,100.0,427.51975095991475
2017-12-26,3,0,3,100.0,432.55538588298396
2017-12-27,3,0,3,100.0,434.25802158621894
2017-12-28,2,1,3,66.66666666666666,434.9982513902871
2017-12-29,2,1,3,66.66666666666666,431.93291936705134
2018-01-01,2,1,3,66.66666666666666,433.57216931051516
2018-01-02,2,1,3,66.66666666666666,427.90118383046234
2018-01-03,2,1,3,66.66666666666666,427.43452513176123
2018-01-04,2,1,3,66.66666666666666,427.75754167616054
2018-01-05,3,0,3,100.0,439.9253026141805
2018-01-08,3,0,3,100.0,448.8184471819984
2018-01-09,3,0,3,100.0,454.26660485022774
2018-01-10,3,0,3,100.0,450.2985386925545
2018-01-11,3,0,3,100.0,452.4802655884364
2018-01-12,3,0,3,100.0,454.2878771706125
2018-01-15,3,0,3,100.0,451.846404477608
2018-01-16,3,0,3,100.0,438.53385264277233
2018-01-17,3,0,3,100.0,429.1192938535434
2018-01-18,3,0,3,100.0,422.40994575864323
2018-01-19,3,0,3,100.0,432.2627379386255
2018-01-22,3,0,3,100.0,436.1132930382631
2018-01-23,3,0,3,100.0,435.6789719459809
2018-01-24,3,0,3,100.0,430.2595737773673
2018-01-25,3,0,3,100.0,420.3230030169062
2018-01-29,3,0,3,100.0,412.1168077439286
2018-01-30,2,1,3,66.66666666666666,402.8302865060294
2018-01-31,2,1,3,66.66666666666666,388.4440500077691
2018-02-01,2,1,3,66.66666666666666,397.6161803598773
2018-02-02,1,2,3,33.33333333333333,379.6997392494545
2018-02-05,1,2,3,33.33333333333333,381.3646146346185
2018-02-06,1,2,3,33.33333333333333,372.0143465323959
2018-02-07,2,1,3,66.66666666666666,379.08678733733825
2018-02-08,2,1,3,66.66666666666666,384.1700763931641
2018-02-09,2,1,3,66.66666666666666,383.35578091942216
2018-02-12,2,1,3,66.66666666666666,403.71304911195745
2018-02-14,2,1,3,66.66666666666666,392.68233942125795
2018-02-15,2,1,3,66.66666666666666,388.2475064639466
2018-02-16,1,2,3,33.33333333333333,384.0486306168471
2018-02-19,1,2,3,33.33333333333333,384.734207146511
2018-02-20,1,2,3,33.33333333333333,381.44436753930324
2018-02-21,1,2,3,33.33333333333333,384.2243715566323
2018-02-22,1,2,3,33.33333333333333,376.700786741639
2018-02-23,2,1,3,66.66666666666666,380.51618928432333
2018-02-26,2,1,3,66.66666666666666,384.9533478678786
2018-02-27,2,1,3,66.66666666666666,380.09643847625
2018-02-28,2,1,3,66.66666666666666,375.9056069800178
2018-03-01,2,1,3,66.66666666666666,377.46715444999194
2018-03-05,2,1,3,66.66666666666666,378.1405336146275
2018-03-06,1,2,3,33.33333333333333,367.901709478218
2018-03-07,1,2,3,33.33333333333333,363.1934685794717
2018-03-08,1,2,3,33.33333333333333,358.6047732520688
2018-03-09,1,2,3,33.33333333333333,359.51921986942733
2018-03-12,1,2,3,33.33333333333333,357.39141811788704
2018-03-13,1,2,3,33.33333333333333,358.0194023722565
2018-03-14,1,2,3,33.33333333333333,354.9076397515994
2018-03-15,1,2,3,33.33333333333333,359.6963859397853
2018-03-16,1,2,3,33.33333333333333,354.26313453395386
2018-03-19,1,2,3,33.33333333333333,351.5722766557786
2018-03-20,1,2,3,33.33333333333333,349.8578352636298
2018-03-21,1,2,3,33.33333333333333,346.200050112979
2018-03-22,1,2,3,33.33333333333333,340.74460564051464
2018-03-23,1,2,3,33.33333333333333,334.98963618925785
2018-03-26,1,2,3,33.33333333333333,333.023328554991
2018-03-27,1,2,3,33.33333333333333,338.3154920776254
2018-03-28,1,2,3,33.33333333333333,336.8590928253502
2018-04-02,1,2,3,33.33333333333333,346.09111592377906
2018-04-03,1,2,3,33.33333333333333,360.8375779629492
2018-04-04,1,2,3,33.33333333333333,356.055816024992
2018-04-05,2,1,3,66.66666666666666,362.78200839415695
2018-04-06,2,1,3,66.66666666666666,367.5884645519187
2018-04-09,2,1,3,66.66666666666666,367.35788346526186
2018-04-10,1,2,3,33.33333333333333,363.03044319423645
2018-04-11,2,1,3,66.66666666666666,361.46860270121294
2018-04-12,2,1,3,66.66666666666666,359.79677814130093
2018-04-13,2,1,3,66.66666666666666,358.77283075301636
2018-04-16,1,2,3,33.33333333333333,357.88942685446983
2018-04-17,2,1,3,66.66666666666666,362.2011293526289
2018-04-18,2,1,3,66.66666666666666,371.0116983578993
2018-04-19,2,1,3,66.66666666666666,375.9172175234792
2018-04-20,2,1,3,66.66666666666666,377.68166259681755
2018-04-23,2,1,3,66.66666666666666,385.4936337071959
2018-04-24,2,1,3,66.66666666666666,379.80165871903296
2018-04-25,2,1,3,66.66666666666666,374.53042018360804
2018-04-26,2,1,3,66.66666666666666,375.57999778245596
2018-04-27,2,1,3,66.66666666666666,379.11390655075917
2018-04-30,2,1,3,66.66666666666666,379.69878140064117
2018-05-02,2,1,3,66.66666666666666,376.8311363950198
2018-05-03,1,2,3,33.33333333333333,369.94030629248795
2018-05-04,1,2,3,33.33333333333333,374.7499069339422
2018-05-07,2,1,3,66.66666666666666,381.18444450087577
2018-05-08,2,1,3,66.66666666666666,381.62676658674604
2018-05-09,1,2,3,33.33333333333333,383.26754427257254
2018-05-10,1,2,3,33.33333333333333,377.6237330047868
2018-05-11,1,2,3,33.33333333333333,379.98564712689245
2018-05-14,1,2,3,33.33333333333333,377.0024554966006
2018-05-15,1,2,3,33.33333333333333,379.6640867499013
2018-05-16,1,2,3,33.33333333333333,385.26350265903
2018-05-17,2,1,3,66.66666666666666,392.62590187351225
2018-05-18,2,1,3,66.66666666666666,391.4013764411153
2018-05-21,1,2,3,33.33333333333333,379.19143089881373
2018-05-22,2,1,3,66.66666666666666,387.20879427120167
2018-05-23,1,2,3,33.33333333333333,388.01514938124205
2018-05-24,1,2,3,33.33333333333333,392.1307512002091
2018-05-25,1,2,3,33.33333333333333,390.93233917935345
2018-05-28,1,2,3,33.33333333333333,404.7040530974912
2018-05-29,1,2,3,33.33333333333333,406.70389131602025
2018-05-30,1,2,3,33.33333333333333,400.0411734134123
2018-05-31,1,2,3,33.33333333333333,397.1670758575321
2018-06-01,1,2,3,33.33333333333333,394.3251344164091
2018-06-04,1,2,3,33.33333333333333,385.3395362660782
2018-06-05,1,2,3,33.33333333333333,373.58304101018956
2018-06-06,1,2,3,33.33333333333333,376.18302382563985
2018-06-07,1,2,3,33.33333333333333,389.64652225273
2018-06-08,1,2,3,33.33333333333333,386.67281635321245
2018-06-11,1,2,3,33.33333333333333,387.3774998255037
2018-06-12,1,2,3,33.33333333333333,387.6649963775224
2018-06-13,1,2,3,33.33333333333333,389.0137752495491
2018-06-14,1,2,3,33.33333333333333,386.7884354401224
2018-06-15,1,2,3,33.33333333333333,377.9865023251027
2018-06-18,1,2,3,33.33333333333333,374.73613211115946
2018-06-19,1,2,3,33.33333333333333,366.42503281639813
2018-06-20,1,2,3,33.33333333333333,364.74109396903344
2018-06-21,1,2,3,33.33333333333333,367.3593925773707
2018-06-22,1,2,3,33.33333333333333,370.8990107118605
2018-06-25,1,2,3,33.33333333333333,367.2502439846048
2018-06-26,1,2,3,33.33333333333333,360.7776025612603
2018-06-27,1,2,3,33.33333333333333,356.6121351227188
2018-06-28,1,2,3,33.33333333333333,362.4537900753114
2018-06-29,1,2,3,33.33333333333333,363.5364425484047
2018-07-02,1,2,3,33.33333333333333,362.2743624450793
2018-07-03,1,2,3,33.33333333333333,370.6240991294229
2018-07-04,1,2,3,33.33333333333333,379.2466300196644
2018-07-05,1,2,3,33.33333333333333,380.1944416805187
2018-07-06,1,2,3,33.33333333333333,380.9822858603926
2018-07-09,1,2,3,33.33333333333333,385.834424077647
2018-07-10,1,2,3,33.33333333333333,386.66681809405105
2018-07-11,1,2,3,33.33333333333333,386.4892559907046
2018-07-12,1,2,3,33.33333333333333,386.05108889726273
2018-07-13,1,2,3,33.33333333333333,376.8081494136581
2018-07-16,1,2,3,33.33333333333333,376.7446741970019
2018-07-17,1,2,3,33.33333333333333,380.83429867970733
2018-07-18,1,2,3,33.33333333333333,379.5679333482842
2018-07-19,1,2,3,33.33333333333333,378.65609981532594
2018-07-20,1,2,3,33.33333333333333,380.10221308960496
2018-07-23,1,2,3,33.33333333333333,376.3986477020375
2018-07-24,1,2,3,33.33333333333333,383.10351263192695
2018-07-25,1,2,3,33.33333333333333,380.2147812931489
2018-07-26,1,2,3,33.33333333333333,375.9850743104203
2018-07-27,1,2,3,33.33333333333333,379.84327182774115
2018-07-30,1,2,3,33.33333333333333,382.7613316247538
2018-07-31,1,2,3,33.33333333333333,382.30627524437404
2018-08-01,0,3,3,0.0,376.42053783598215
2018-08-02,1,2,3,33.33333333333333,382.3436163194616
2018-08-03,1,2,3,33.33333333333333,383.0565863846134
2018-08-06,1,2,3,33.33333333333333,385.4162797611361
2018-08-07,1,2,3,33.33333333333333,391.72736488241566
2018-08-08,1,2,3,33.33333333333333,386.9926406015186
2018-08-09,1,2,3,33.33333333333333,384.2543767706653
2018-08-10,1,2,3,33.33333333333333,378.78155838239644
2018-08-13,0,3,3,0.0,376.4750184741915
2018-08-14,0,3,3,0.0,376.42747916416954
2018-08-16,0,3,3,0.0,370.1038255544452
2018-08-17,0,3,3,0.0,367.20416637076573
2018-08-20,0,3,3,0.0,362.984497874197
2018-08-21,0,3,3,0.0,363.12525763483137
2018-08-23,0,3,3,0.0,360.41503374686437
2018-08-24,0,3,3,0.0,358.28614245453036
2018-08-27,0,3,3,0.0,364.5976461851647
2018-08-28,0,3,3,0.0,363.5621971925538
2018-08-29,0,3,3,0.0,362.0357692206232
2018-08-30,0,3,3,0.0,361.5072626909591
2018-08-31,0,3,3,0.0,362.1429107782061
2018-09-03,0,3,3,0.0,360.08304142635245
2018-09-04,0,3,3,0.0,350.5016450069141
2018-09-05,0,3,3,0.0,349.8622152694155
2018-09-06,0,3,3,0.0,352.50061457426455
2018-09-07,0,3,3,0.0,351.79704446466803
2018-09-10,0,3,3,0.0,351.8385397761519
2018-09-11,0,3,3,0.0,350.17928510134635
2018-09-12,0,3,3,0.0,347.107105287358
2018-09-14,0,3,3,0.0,351.9274233418429
2018-09-17,0,3,3,0.0,347.60778475069196
2018-09-18,0,3,3,0.0,339.98423499760395
2018-09-19,0,3,3,0.0,338.24513208688427
2018-09-21,0,3,3,0.0,331.916679615829
2018-09-24,0,3,3,0.0,321.2017474175427
2018-09-25,0,3,3,0.0,322.7003601019168
2018-09-26,0,3,3,0.0,330.30187320273234
2018-09-27,0,3,3,0.0,321.26689198731185
2018-09-28,0,3,3,0.0,316.7053435125925
2018-10-01,0,3,3,0.0,320.99920590401723
2018-10-03,0,3,3,0.0,320.6185532776456
2018-10-04,0,3,3,0.0,310.1895575414623
2018-10-05,0,3,3,0.0,307.067406939561
2018-10-08,0,3,3,0.0,299.33978818067686
2018-10-09,0,3,3,0.0,294.16511402203923
2018-10-10,0,3,3,0.0,305.37708533663175
2018-10-11,0,3,3,0.0,307.75785783620256
2018-10-12,0,3,3,0.0,315.75010137121564
2018-10-15,0,3,3,0.0,315.28531644932497
2018-10-16,0,3,3,0.0,314.72765103009044
2018-10-17,0,3,3,0.0,308.1335418485564
2018-10-19,0,3,3,0.0,303.0249719021914
2018-10-22,0,3,3,0.0,305.06264546279203
2018-10-23,0,3,3,0.0,303.57295015148827
2018-10-24,0,3,3,0.0,302.46837156400954
2018-10-25,0,3,3,0.0,298.7330160850152
2018-10-26,0,3,3,0.0,296.9832064861417
2018-10-29,0,3,3,0.0,302.11016557392327
2018-10-30,0,3,3,0.0,304.8950370194322
2018-10-31,0,3,3,0.0,306.4144943705197
2018-11-01,0,3,3,0.0,309.1490473010807
2018-11-02,0,3,3,0.0,310.02185201082585
2018-11-05,0,3,3,0.0,310.0137682419268
2018-11-06,0,3,3,0.0,308.57822099939926
2018-11-07,0,3,3,0.0,313.45201551708925
2018-11-09,0,3,3,0.0,313.18947830156077
2018-11-12,0,3,3,0.0,315.30801448741255
2018-11-13,0,3,3,0.0,310.663684081547
2018-11-14,0,3,3,0.0,311.65737825130395
2018-11-15,0,3,3,0.0,315.7370200328792
2018-11-16,0,3,3,0.0,314.5510874029943
2018-11-19,0,3,3,0.0,313.5813843753249
2018-11-20,0,3,3,0.0,311.56721431920505
2018-11-21,0,3,3,0.0,314.99988411599975
2018-11-22,0,3,3,0.0,312.66353098535296
2018-11-26,0,3,3,0.0,312.5343898547487
2018-11-27,0,3,3,0.0,312.3695844928933
2018-11-28,0,3,3,0.0,310.9131686824987
2018-11-29,0,3,3,0.0,308.20751078037677
2018-11-30,0,3,3,0.0,305.1299317484235
2018-12-03,0,3,3,0.0,302.02271981878727
2018-12-04,0,3,3,0.0,310.2247785602802
2018-12-05,0,3,3,0.0,307.55408840897576
2018-12-06,0,3,3,0.0,303.3890800607205
2018-12-07,0,3,3,0.0,299.7185359427421
2018-12-10,0,3,3,0.0,296.5245408030871
2018-12-11,0,3,3,0.0,301.3691558282577
2018-12-12,0,3,3,0.0,309.81156426299765
2018-12-13,0,3,3,0.0,311.8759422350007
2018-12-14,0,3,3,0.0,310.3846825214708
2018-12-17,0,3,3,0.0,308.8469945999459
2018-12-18,0,3,3,0.0,307.9334978882647
2018-12-19,0,3,3,0.0,310.6672180100924
2018-12-20,0,3,3,0.0,315.1333646775115
2018-12-21,0,3,3,0.0,313.906719229463
2018-12-24,0,3,3,0.0,307.0048994742829
2018-12-26,0,3,3,0.0,306.5866554404648
2018-12-27,0,3,3,0.0,302.32421986593965
2018-12-28,0,3,3,0.0,302.06231065852455
2018-12-31,0,3,3,0.0,304.78202601285216
2019-01-01,0,3,3,0.0,304.80304526936834
2019-01-02,0,3,3,0.0,301.088499432509
2019-01-03,0,3,3,0.0,298.80507706461765
2019-01-04,0,3,3,0.0,304.00193927174206
2019-01-07,0,3,3,0.0,303.8582465046319
2019-01-08,0,3,3,0.0,302.3992520179634
2019-01-09,0,3,3,0.0,301.0423394649505
2019-01-10,0,3,3,0.0,301.2528854810049
2019-01-11,0,3,3,0.0,302.30927804486373
2019-01-14,0,3,3,0.0,303.91618055912295
2019-01-15,0,3,3,0.0,305.3851024818032
2019-01-16,0,3,3,0.0,306.4606660263656
2019-01-17,0,3,3,0.0,307.3273711867192
2019-01-18,0,3,3,0.0,305.7016141872343
2019-01-21,0,3,3,0.0,303.7031281707963
2019-01-22,0,3,3,0.0,300.01711977928085
2019-01-23,0,3,3,0.0,299.4094429299138
2019-01-24,0,3,3,0.0,297.5641068588799
2019-01-25,0,3,3,0.0,300.6894766615504
2019-01-28,0,3,3,0.0,291.7710885586251
2019-01-29,0,3,3,0.0,286.55900529417295
2019-01-30,0,3,3,0.0,289.06937285566323
2019-01-31,0,3,3,0.0,290.91236197079036
2019-02-01,0,3,3,0.0,289.48181955409075
2019-02-04,0,3,3,0.0,283.4841510610956
2019-02-05,0,3,3,0.0,289.09755810484967
2019-02-06,0,3,3,0.0,290.80970370873206
2019-02-07,0,3,3,0.0,297.53582487888553
2019-02-08,0,3,3,0.0,294.16047558506347
2019-02-11,0,3,3,0.0,290.3529874991369
2019-02-12,0,3,3,0.0,288.68617463500834
2019-02-13,0,3,3,0.0,279.0368045027554
2019-02-14,0,3,3,0.0,279.83652197710063
2019-02-15,0,3,3,0.0,276.66751167829693
2019-02-18,0,3,3,0.0,271.18947997086144
2019-02-19,0,3,3,0.0,274.01537933467773
2019-02-20,0,3,3,0.0,272.71308855111414
2019-02-21,0,3,3,0.0,277.4058674666314
2019-02-22,0,3,3,0.0,281.09164345104125
2019-02-25,0,3,3,0.0,286.88188485590143
2019-02-26,0,3,3,0.0,283.3361619068901
2019-02-27,0,3,3,0.0,277.2232376450957
2019-02-28,0,3,3,0.0,280.56646218926784
2019-03-01,0,3,3,0.0,287.64239788928217
2019-03-05,0,3,3,0.0,293.9327936438469
2019-03-06,0,3,3,0.0,294.6467922593859
2019-03-07,0,3,3,0.0,296.3855837109916
2019-03-08,0,3,3,0.0,297.6760791338657
2019-03-11,0,3,3,0.0,304.7428064607927
2019-03-12,1,2,3,33.33333333333333,316.7861121085177
2019-03-13,1,2,3,33.33333333333333,312.5745424372872
2019-03-14,1,2,3,33.33333333333333,310.2811246123547
2019-03-15,1,2,3,33.33333333333333,309.90645243319767
2019-03-18,1,2,3,33.33333333333333,305.9449919224541
2019-03-19,1,2,3,33.33333333333333,310.5422686475217
2019-03-20,1,2,3,33.33333333333333,312.0123200687025
2019-03-22,1,2,3,33.33333333333333,314.0012984896862
2019-03-25,1,2,3,33.33333333333333,309.83818988402925
2019-03-26,2,1,3,66.66666666666666,315.95525779404676
2019-03-27,2,1,3,66.66666666666666,315.5899177413753
2019-03-28,2,1,3,66.66666666666666,320.63860825406033
2019-03-29,2,1,3,66.66666666666666,327.3400262138746
2019-04-01,2,1,3,66.66666666666666,336.339803242715
2019-04-02,2,1,3,66.66666666666666,340.5506453681597
2019-04-03,2,1,3,66.66666666666666,335.7429677980567
2019-04-04,3,0,3,100.0,344.0458591557273
2019-04-05,3,0,3,100.0,346.9737980548409
2019-04-08,3,0,3,100.0,345.7851162259057
2019-04-09,2,1,3,66.66666666666666,341.1999840108788
2019-04-10,2,1,3,66.66666666666666,337.882073792534
2019-04-11,2,1,3,66.66666666666666,342.4503152236338
2019-04-12,2,1,3,66.66666666666666,340.815927529896
2019-04-15,2,1,3,66.66666666666666,334.0762131529197
2019-04-16,2,1,3,66.66666666666666,339.3797079236316
2019-04-18,2,1,3,66.66666666666666,339.75233239223974
2019-04-22,2,1,3,66.66666666666666,333.7929038839579
2019-04-23,2,1,3,66.66666666666666,338.2869816610992
2019-04-24,3,0,3,100.0,346.13826733233356
2019-04-25,2,1,3,66.66666666666666,341.3766792509793
2019-04-26,2,1,3,66.66666666666666,340.32095938518927
2019-04-30,2,1,3,66.66666666666666,334.1856245702109
2019-05-02,2,1,3,66.66666666666666,332.76379475469594
2019-05-03,2,1,3,66.66666666666666,338.7265136158917
2019-05-06,2,1,3,66.66666666666666,333.2309059075414
2019-05-07,2,1,3,66.66666666666666,330.97422291329593
2019-05-08,2,1,3,66.66666666666666,330.4998442647139
2019-05-09,2,1,3,66.66666666666666,327.9573908313082
2019-05-10,2,1,3,66.66666666666666,326.63823224856526
2019-05-13,2,1,3,66.66666666666666,320.32932222361967
2019-05-14,1,2,3,33.33333333333333,316.67177343336266
2019-05-15,2,1,3,66.66666666666666,316.61160291778845
2019-05-16,1,2,3,33.33333333333333,316.70100429961167
2019-05-17,2,1,3,66.66666666666666,319.56984859335546
2019-05-20,2,1,3,66.66666666666666,324.1726800133556
2019-05-21,2,1,3,66.66666666666666,326.975123266652
2019-05-22,2,1,3,66.66666666666666,325.9317968929297
2019-05-23,0,3,3,0.0,318.4870526736165
2019-05-24,2,1,3,66.66666666666666,325.3120056975121
2019-05-27,3,0,3,100.0,330.43114160358084
2019-05-28,1,2,3,33.33333333333333,326.87026410063396
2019-05-29,1,2,3,33.33333333333333,327.2302691885535
2019-05-30,3,0,3,100.0,329.59442538754115
2019-05-31,2,1,3,66.66666666666666,328.63215326668995
2019-06-03,2,1,3,66.66666666666666,331.3230359348134
2019-06-04,2,1,3,66.66666666666666,330.3711973997522
2019-06-06,2,1,3,66.66666666666666,321.4934240733114
2019-06-07,2,1,3,66.66666666666666,320.551741142318
2019-06-10,2,1,3,66.66666666666666,315.144953617511
2019-06-11,2,1,3,66.66666666666666,315.12282852611105
2019-06-12,1,2,3,33.33333333333333,311.9185215970888
2019-06-13,1,2,3,33.33333333333333,309.29788661665043
2019-06-14,1,2,3,33.33333333333333,305.0411606099149
2019-06-17,1,2,3,33.33333333333333,300.80163820740086
2019-06-18,0,3,3,0.0,296.2405197433499
2019-06-19,0,3,3,0.0,285.9658937106937
2019-06-20,0,3,3,0.0,291.2450548684127
2019-06-21,0,3,3,0.0,288.50553341947557
2019-06-24,0,3,3,0.0,282.92827222388917
2019-06-25,0,3,3,0.0,287.74949177447814
2019-06-26,0,3,3,0.0,287.83256933314584
2019-06-27,0,3,3,0.0,288.68030085442416
2019-06-28,1,2,3,33.33333333333333,296.3126041227256
2019-07-01,0,3,3,0.0,287.8313063172228
2019-07-02,0,3,3,0.0,286.7027304129202
2019-07-03,0,3,3,0.0,286.0303678928948
2019-07-04,0,3,3,0.0,277.4798329900462
2019-07-05,0,3,3,0.0,266.2534965535334
2019-07-08,0,3,3,0.0,244.8569570334036
2019-07-09,0,3,3,0.0,245.54824147983948
2019-07-10,0,3,3,0.0,245.82761583383666
2019-07-11,0,3,3,0.0,251.93597448506725
2019-07-12,0,3,3,0.0,249.5098942191451
2019-07-15,0,3,3,0.0,245.88486251368002
2019-07-16,0,3,3,0.0,248.3511831733301
2019-07-17,0,3,3,0.0,250.44023137349458
2019-07-18,0,3,3,0.0,248.81968366855372
2019-07-19,0,3,3,0.0,249.17403675788466
2019-07-22,0,3,3,0.0,246.98684462158087
2019-07-23,0,3,3,0.0,248.88582601378766
2019-07-24,0,3,3,0.0,249.20781006259594
2019-07-25,0,3,3,0.0,252.7386389557915
2019-07-26,0,3,3,0.0,250.4730103340941
2019-07-29,0,3,3,0.0,248.6097417218046
2019-07-30,0,3,3,0.0,247.76670111896615
2019-07-31,0,3,3,0.0,250.28304459237228
2019-08-01,0,3,3,0.0,245.6060087731119
2019-08-02,0,3,3,0.0,245.4346071735378
2019-08-05,0,3,3,0.0,242.0739848328622
2019-08-06,0,3,3,0.0,245.64043163201146
2019-08-07,0,3,3,0.0,242.94545023801467
2019-08-08,0,3,3,0.0,244.73847520963906
2019-08-09,0,3,3,0.0,246.51938372392516
2019-08-13,0,3,3,0.0,241.26118145787854
2019-08-14,0,3,3,0.0,239.70414193960244
2019-08-16,0,3,3,0.0,240.04400131740852
2019-08-19,0,3,3,0.0,239.84649372196594
2019-08-20,0,3,3,0.0,238.13977003009103
2019-08-21,0,3,3,0.0,236.17342957879703
2019-08-22,0,3,3,0.0,219.21443659591057
2019-08-23,0,3,3,0.0,219.3482337513684
2019-08-26,0,3,3,0.0,219.4559502290789
2019-08-27,0,3,3,0.0,219.77883259605647
2019-08-28,0,3,3,0.0,220.45912677163963
2019-08-29,0,3,3,0.0,220.26152556673077
2019-08-30,0,3,3,0.0,226.30926468621593
2019-09-03,0,3,3,0.0,224.927667027087
2019-09-04,0,3,3,0.0,226.2120706127345
2019-09-05,0,3,3,0.0,227.39077967731887
2019-09-06,0,3,3,0.0,229.2550056890831
2019-09-09,0,3,3,0.0,236.8033532068755
2019-09-11,0,3,3,0.0,244.12123514986638
2019-09-12,0,3,3,0.0,247.66578390418582
2019-09-13,0,3,3,0.0,248.38450444842843
2019-09-16,0,3,3,0.0,244.87524431509362
2019-09-17,0,3,3,0.0,240.10837268439852
2019-09-18,0,3,3,0.0,240.70545782146664
2019-09-19,0,3,3,0.0,237.99673406835433
2019-09-20,1,2,3,33.33333333333333,250.52510412340246
2019-09-23,1,2,3,33.33333333333333,250.46001184846398
2019-09-24,1,2,3,33.33333333333333,253.2947605563534
2019-09-25,1,2,3,33.33333333333333,242.43681776854288
2019-09-26,1,2,3,33.33333333333333,239.82284810240446
2019-09-27,1,2,3,33.33333333333333,240.04618742628972
2019-10-01,0,3,3,0.0,240.04618742628972
2019-10-03,0,3,3,0.0,238.46388014896368
2019-10-04,0,3,3,0.0,239.1060732786472
2019-10-07,0,3,3,0.0,240.41528208758942
2019-10-09,0,3,3,0.0,240.87120978718733
2019-10-10,0,3,3,0.0,235.87692436132048
2019-10-11,0,3,3,0.0,238.6246087264661
2019-10-14,1,2,4,33.33333333333333,241.26668555939173
2019-10-15,1,2,4,33.33333333333333,239.61125518864424
2019-10-16,1,2,4,33.33333333333333,237.1917788244712
2019-10-17,1,2,4,33.33333333333333,237.40896914203705
2019-10-18,1,2,4,33.33333333333333,239.6113350924959
2019-10-22,1,2,4,33.33333333333333,237.37425444531283
2019-10-23,0,3,4,0.0,239.99447864251954
2019-10-24,0,3,4,0.0,239.16976084574313
2019-10-25,0,3,4,0.0,239.71994018997674
2019-10-27,1,2,4,33.33333333333333,243.5392965722741
2019-10-29,1,2,4,33.33333333333333,241.24282650799276
2019-10-30,0,3,4,0.0,239.43433830490613
2019-10-31,1,2,4,33.33333333333333,248.3062581248474
2019-11-01,0,3,4,0.0,247.11992833237684
2019-11-04,1,2,4,33.33333333333333,246.94734555581283
2019-11-05,0,3,4,0.0,239.14022889080968
2019-11-06,0,3,4,0.0,238.5832873589275
2019-11-07,0,3,4,0.0,240.30439507720564
2019-11-08,0,3,4,0.0,237.94971653488818
2019-11-11,1,2,4,33.33333333333333,245.97070786233948
2019-11-13,0,3,4,0.0,242.54275609461433
2019-11-14,0,3,4,0.0,241.60242832887315
2019-11-15,0,3,4,0.0,239.6944189842377
2019-11-18,0,3,4,0.0,243.8726178197166
2019-11-19,0,3,4,0.0,247.38733111871346
2019-11-20,0,3,4,0.0,246.1769947909783
2019-11-21,0,3,4,0.0,242.66009075137677
2019-11-22,0,3,4,0.0,244.63259845531363
2019-11-25,0,3,4,0.0,246.64121704764054
2019-11-26,0,3,4,0.0,246.53169190031724
2019-11-27,0,3,4,0.0,249.55809036272476
2019-11-28,0,3,4,0.0,251.5930639576776
2019-11-29,0,3,4,0.0,253.19469503917813
2019-12-02,0,3,4,0.0,250.10678815040777
2019-12-03,0,3,4,0.0,247.49175142782406
2019-12-04,0,3,4,0.0,239.9265921183705
2019-12-05,0,3,4,0.0,238.15028530504807
2019-12-06,0,3,4,0.0,232.43691028216617
2019-12-09,0,3,4,0.0,231.87654910719155
2019-12-10,0,3,4,0.0,232.7792278244853
2019-12-11,0,3,4,0.0,231.75639585554075
2019-12-12,0,3,4,0.0,232.19144846941333
2019-12-13,0,3,4,0.0,237.91437803727845
2019-12-16,0,3,4,0.0,237.86053735784546
2019-12-17,0,3,4,0.0,238.52489353005794
2019-12-18,0,3,4,0.0,238.55286120128974
2019-12-19,0,3,4,0.0,238.08933736937757
2019-12-20,0,3,4,0.0,236.38753582202975
2019-12-23,0,3,4,0.0,240.42464209366275
2019-12-24,0,3,4,0.0,241.21180336455112
2019-12-26,0,3,4,0.0,239.51342525088185
2019-12-27,0,3,4,0.0,240.14755476067032
2019-12-30,0,3,4,0.0,239.03594351936337
2019-12-31,0,3,4,0.0,239.52918692788722
2020-01-01,0,3,4,0.0,243.63249221935072
2020-01-02,0,3,4,0.0,243.80038433294425
2020-01-03,0,3,4,0.0,244.02318223111794
2020-01-06,0,3,4,0.0,238.3287199047726
2020-01-07,0,3,4,0.0,240.14237322936984
2020-01-08,0,3,4,0.0,239.3000003347497
2020-01-09,0,3,4,0.0,241.91814667469944
2020-01-10,0,3,4,0.0,242.94750880104115
2020-01-13,0,3,4,0.0,242.68205892690497
2020-01-14,0,3,4,0.0,243.29330481453843
2020-01-15,0,3,4,0.0,246.87307278426354
2020-01-16,0,3,4,0.0,250.052010655565
2020-01-17,0,3,4,0.0,249.95447892070678
2020-01-20,0,3,4,0.0,244.3623670413532
2020-01-21,0,3,4,0.0,242.78812610688738
2020-01-22,0,3,4,0.0,243.7744104721109
2020-01-23,0,3,4,0.0,245.3978109633501
2020-01-24,0,3,4,0.0,245.57236727131473
2020-01-27,0,3,4,0.0,243.5560730963585
2020-01-28,0,3,4,0.0,243.20931739576116
2020-01-29,0,3,4,0.0,245.66211327821753
2020-01-30,0,3,4,0.0,244.7318863058766
2020-01-31,0,3,4,0.0,249.15752493031346
2020-02-01,0,3,4,0.0,244.10639441907404
2020-02-03,0,3,4,0.0,249.1906395081017
2020-02-04,0,3,4,0.0,258.03541604143174
2020-02-05,0,3,4,0.0,260.5705436841422
2020-02-06,0,3,4,0.0,261.74211268076726
2020-02-07,0,3,4,0.0,258.71468966201485
2020-02-10,0,3,4,0.0,255.06294354027813
2020-02-11,0,3,4,0.0,246.64883146225182
2020-02-12,0,3,4,0.0,247.43617434125
2020-02-13,0,3,4,0.0,255.95138445965327
2020-02-14,0,3,4,0.0,252.5111531731887
2020-02-17,0,3,4,0.0,248.7947923844769
2020-02-18,0,3,4,0.0,250.9809678187961
2020-02-19,0,3,4,0.0,257.3732011543481
2020-02-20,0,3,4,0.0,273.26773750312867
2020-02-24,0,3,4,0.0,284.2214787179248
2020-02-25,0,3,4,0.0,284.17991024599104
2020-02-26,0,3,4,0.0,276.87051814639557
2020-02-27,0,3,4,0.0,269.9177716838643
2020-02-28,0,3,4,0.0,253.74652948520918
2020-03-02,0,3,4,0.0,246.90993363158037
2020-03-03,0,3,4,0.0,247.34548086734867
2020-03-04,0,3,4,0.0,235.9154780785593
2020-03-05,0,3,4,0.0,232.29592576777486
2020-03-06,0,3,4,0.0,225.41012016360034
2020-03-09,0,3,4,0.0,219.69568716962402
2020-03-11,0,3,4,0.0,213.499019335189
2020-03-12,0,3,4,0.0,191.0098498753046
2020-03-13,0,3,4,0.0,179.4604466364207
2020-03-16,0,3,4,0.0,164.30975499483455
2020-03-17,0,3,4,0.0,162.24531073759167
2020-03-18,0,3,4,0.0,160.53356195483377
2020-03-19,0,3,4,0.0,151.65931701170206
2020-03-20,0,3,4,0.0,150.2162899578515
2020-03-23,0,3,4,0.0,138.81128168158875
2020-03-24,0,3,4,0.0,138.261718566526
2020-03-25,0,3,4,0.0,131.386590623178
2020-03-26,0,3,4,0.0,136.1446670838361
2020-03-27,0,3,4,0.0,139.42592426121476
2020-03-30,0,3,4,0.0,137.68106785701377
2020-03-31,0,3,4,0.0,139.7509105062298
2020-04-01,0,3,4,0.0,142.5230391451696
2020-04-03,0,3,4,0.0,143.91099795643615
2020-04-07,0,3,4,0.0,148.00511364767783
2020-04-08,0,3,4,0.0,152.19742940042832
2020-04-09,0,3,4,0.0,160.9902717828787
2020-04-13,0,3,4,0.0,167.63116196246176
2020-04-15,0,3,4,0.0,163.92237081756326
2020-04-16,0,3,4,0.0,164.96413982483696
2020-04-17,0,3,4,0.0,171.33805655337986
2020-04-20,0,3,4,0.0,174.08594188378675
2020-04-21,0,3,4,0.0,169.87050922239078
2020-04-22,0,3,5,0.0,168.37770466928973
2020-04-23,0,3,5,0.0,164.7367781626394
2020-04-24,0,3,5,0.0,155.7301822036716
2020-04-27,0,3,5,0.0,153.8116104254217
2020-04-28,0,3,5,0.0,154.65044018810278
2020-04-29,0,3,5,0.0,155.51763337755932
2020-04-30,0,3,5,0.0,155.99871549270762
2020-05-04,0,3,5,0.0,153.12355133879623
2020-05-05,0,3,5,0.0,150.03504808779374
2020-05-06,0,3,5,0.0,147.68697156046403
2020-05-07,0,3,5,0.0,147.06639787812335
2020-05-08,0,3,5,0.0,147.0550753140426
2020-05-11,0,3,5,0.0,146.58661274244895
2020-05-12,0,3,5,0.0,146.5212641810188
2020-05-13,0,3,5,0.0,149.47490057530467
2020-05-14,0,3,5,0.0,147.04752928769628
2020-05-15,0,3,5,0.0,145.84460886529033
2020-05-18,0,3,5,0.0,139.18747975715874
2020-05-19,0,3,5,0.0,137.64892631655047
2020-05-20,0,3,5,0.0,138.78933751687072
2020-05-21,1,3,5,25.0,144.92860122450645
2020-05-22,1,3,5,25.0,146.23672353949442
2020-05-26,1,3,5,25.0,148.91561999779788
2020-05-27,1,3,5,25.0,151.90221085553875
2020-05-28,1,3,5,25.0,157.73958063711063
2020-05-29,1,3,5,25.0,158.7439182642054
2020-06-01,1,3,5,25.0,164.28948853480324
2020-06-02,1,3,5,25.0,171.2712598154455
2020-06-03,1,3,5,25.0,176.48394263548056
2020-06-04,1,3,5,25.0,172.82350325495113
2020-06-05,1,3,5,25.0,181.25678394619746
2020-06-08,1,3,5,25.0,188.31062985532185
2020-06-09,1,3,5,25.0,185.5475714027861
2020-06-10,1,3,5,25.0,182.2816985216443
2020-06-11,1,3,5,25.0,179.02035970598467
2020-06-12,1,3,5,25.0,178.07451516399115
2020-06-15,1,3,5,25.0,177.26825202035286
2020-06-16,1,3,5,25.0,174.08288325750686
2020-06-17,1,3,5,25.0,175.99148600354707
2020-06-18,1,3,5,25.0,179.37833143137735
2020-06-19,1,3,5,25.0,184.22676621564972
2020-06-22,1,3,5,25.0,189.94992770580075
2020-06-23,1,3,5,25.0,196.7891192513032
2020-06-24,1,3,5,25.0,196.47306676561647
2020-06-25,2,2,5,50.0,205.85074912569777
2020-06-26,2,2,5,50.0,211.74032353307197
2020-06-29,2,2,5,50.0,203.97200772570957
2020-06-30,2,2,5,50.0,202.24747109761623
2020-07-01,2,2,5,50.0,200.45845100908934
2020-07-02,2,2,5,50.0,198.3439186177628
2020-07-03,2,2,5,50.0,199.70977661712425
2020-07-06,2,2,5,50.0,202.0861478149388
2020-07-07,2,2,5,50.0,201.81788579940974
2020-07-08,2,2,5,50.0,203.4463365218752
2020-07-09,2,2,5,50.0,205.5607936577409
2020-07-10,2,2,5,50.0,205.06253760651987
2020-07-13,2,2,5,50.0,202.26329109494628
2020-07-14,2,2,5,50.0,196.3662699955545
2020-07-15,2,2,5,50.0,196.31289124247064
2020-07-16,2,2,5,50.0,196.37826736065688
2020-07-17,2,2,5,50.0,199.19799996650417
2020-07-20,2,2,5,50.0,205.66150438049192
2020-07-21,2,2,5,50.0,208.18892631277538
2020-07-22,2,2,5,50.0,206.35580933984448
2020-07-23,2,2,5,50.0,209.62454954181746
2020-07-24,2,2,5,50.0,210.12151321447138
2020-07-27,2,2,5,50.0,209.61084112778877
2020-07-28,2,2,5,50.0,211.49256320638642
2020-07-29,2,2,5,50.0,212.74967257625696
2020-07-30,2,2,5,50.0,209.28216166545965
2020-07-31,2,2,5,50.0,206.95022562950118
2020-08-03,2,2,5,50.0,207.82613081573248
2020-08-04,2,2,5,50.0,211.39345134336983
2020-08-05,2,2,5,50.0,216.2419630480708
2020-08-06,2,2,5,50.0,220.25729564659935
2020-08-07,2,2,5,50.0,220.268767098634
2020-08-10,2,2,5,50.0,221.93420711695154
2020-08-11,2,2,5,50.0,229.12134564504237
2020-08-12,2,2,5,50.0,237.6742334797246
2020-08-13,2,2,5,50.0,245.32067348126247
2020-08-14,2,2,5,50.0,248.19807519074425
2020-08-17,2,2,5,50.0,255.57431262376005
2020-08-18,2,2,5,50.0,258.2997169663863
2020-08-19,2,2,5,50.0,258.891400058731
2020-08-20,2,2,5,50.0,261.8258795775556
2020-08-21,2,2,5,50.0,260.5893381580841
2020-08-24,2,2,5,50.0,257.8408802337153
2020-08-25,2,2,5,50.0,254.59814100694996
2020-08-26,3,1,5,75.0,256.0874379138709
2020-08-27,3,1,5,75.0,252.1335017052638
2020-08-28,3,1,5,75.0,248.79115172346067
2020-08-31,2,2,5,50.0,237.98097869991784
2020-09-01,2,2,5,50.0,231.89872872924346
2020-09-02,3,1,5,75.0,234.45339613783904
2020-09-03,3,1,5,75.0,237.4486449285012
2020-09-04,3,1,5,75.0,237.8758575962302
2020-09-07,3,1,5,75.0,238.75967272164797
2020-09-08,2,2,5,50.0,237.02813622725273
2020-09-09,2,2,5,50.0,233.55442323721505
2020-09-10,2,2,5,50.0,237.67870799098932
2020-09-11,2,2,5,50.0,236.16218070644598
2020-09-14,2,2,5,50.0,238.63704656511794
2020-09-15,2,2,5,50.0,236.63766146138437
2020-09-16,2,2,5,50.0,237.21628072035315
2020-09-17,2,2,5,50.0,235.24166717455617
2020-09-18,2,2,5,50.0,231.81037956399976
2020-09-21,2,2,5,50.0,223.3653477278394
2020-09-22,2,2,5,50.0,214.3701460730235
2020-09-23,2,2,5,50.0,211.9837886208537
2020-09-24,2,2,5,50.0,212.9950074735138
2020-09-25,2,2,5,50.0,210.26098771384656
2020-09-28,2,2,5,50.0,210.73080978970157
2020-09-29,2,2,5,50.0,214.7644400872618
2020-09-30,2,2,5,50.0,212.61181137998148
2020-10-01,2,2,5,50.0,215.48338831033078
2020-10-05,2,2,5,50.0,214.67935655434366
2020-10-06,2,2,5,50.0,217.56799193414471
2020-10-07,2,2,5,50.0,216.45050222249168
2020-10-08,2,2,5,50.0,212.0939158453974
2020-10-09,2,2,5,50.0,211.66133285422265
2020-10-12,2,2,5,50.0,208.87366065793188
2020-10-13,2,2,5,50.0,209.6691810330781
2020-10-14,2,2,5,50.0,209.58013100959226
2020-10-15,2,2,5,50.0,205.2895218559562
2020-10-16,2,2,5,50.0,203.29026258837192
2020-10-19,2,2,5,50.0,204.49148295501155
2020-10-20,2,2,5,50.0,206.0874394062193
2020-10-21,2,2,5,50.0,207.617174276815
2020-10-22,2,2,5,50.0,213.66580835088774
2020-10-23,2,2,5,50.0,213.70489586624805
2020-10-26,1,3,5,25.0,211.2590962548818
2020-10-27,1,3,5,25.0,213.03735447211167
2020-10-28,1,3,5,25.0,211.97600326562224
2020-10-29,1,3,5,25.0,208.23834699509644
2020-10-30,1,3,5,25.0,208.56271678785302
2020-11-02,1,3,5,25.0,205.2976715199641
2020-11-03,1,3,5,25.0,207.48950996533168
2020-11-04,1,3,5,25.0,210.2022689354692
2020-11-05,2,2,5,50.0,210.6403953591886
2020-11-06,2,2,5,50.0,217.4384447930846
2020-11-09,2,2,5,50.0,216.68627295498456
2020-11-10,4,0,5,100.0,230.22104803684869
2020-11-11,3,1,5,75.0,222.62370592100623
2020-11-12,4,0,5,100.0,228.41716409846217
2020-11-13,4,0,5,100.0,231.59397240039374
2020-11-14,4,0,5,100.0,236.77838618686357
2020-11-17,4,0,5,100.0,247.87009484040854
2020-11-18,4,0,5,100.0,259.3727641825189
2020-11-19,4,0,5,100.0,254.55422501684367
2020-11-20,5,0,5,100.0,250.06671137870939
2020-11-23,5,0,5,100.0,246.45683357652328
2020-11-24,5,0,5,100.0,241.32519906443036
2020-11-25,4,1,5,80.0,243.0130123029405
2020-11-26,4,1,5,80.0,250.30234133145606
2020-11-27,4,1,5,80.0,254.1675740020687
2020-12-01,5,0,5,100.0,262.67649956658715
2020-12-02,4,1,5,80.0,271.2631587785799
2020-12-03,5,0,5,100.0,276.28179675736135
2020-12-04,5,0,5,100.0,285.5893041539522
2020-12-07,5,0,5,100.0,284.1157241997695
2020-12-08,5,0,5,100.0,283.0515310817109
2020-12-09,5,0,5,100.0,296.50333535686957
2020-12-10,5,0,5,100.0,290.30029783690657
2020-12-11,5,0,5,100.0,297.89802355769973
2020-12-14,5,0,5,100.0,303.5243436585458
2020-12-15,5,0,5,100.0,298.35534516962935
2020-12-16,5,0,5,100.0,296.6374699686382
2020-12-17,5,0,5,100.0,294.94732247811453
2020-12-18,5,0,5,100.0,292.3603907421784
2020-12-21,5,0,5,100.0,276.11180171596766
2020-12-22,5,0,5,100.0,269.5188109057755
2020-12-23,5,0,5,100.0,277.82322108916253
2020-12-24,5,0,5,100.0,277.4837118274427
2020-12-28,5,0,5,100.0,282.0121048796928
2020-12-29,5,0,5,100.0,281.971597505373
2020-12-30,5,0,5,100.0,283.92455181561695
2020-12-31,5,0,5,100.0,282.1828355268627
2021-01-01,5,0,5,100.0,283.92308789842787
2021-01-04,5,0,5,100.0,292.71331691396733
2021-01-05,5,0,5,100.0,295.8635509289519
2021-01-06,5,0,5,100.0,294.5992145454896
2021-01-07,5,0,5,100.0,306.16297774028004
2021-01-08,5,0,5,100.0,311.8263182807143
2021-01-11,5,0,5,100.0,304.6999310943746
2021-01-12,5,0,5,100.0,302.8230495218171
2021-01-13,5,0,5,100.0,300.2805420428277
2021-01-14,5,0,5,100.0,301.54996983637
2021-01-15,5,0,5,100.0,295.93469625479867
2021-01-18,5,0,5,100.0,286.92114128827006
2021-01-19,5,0,5,100.0,290.30041718407506
2021-01-20,5,0,5,100.0,289.69541843887373
2021-01-21,5,0,5,100.0,288.06577235275313
2021-01-22,5,0,5,100.0,283.3210872971103
2021-01-25,5,0,5,100.0,278.880178245441
2021-01-27,5,0,5,100.0,276.5538843920054
2021-01-28,5,0,5,100.0,281.7554714710105
2021-01-29,5,0,5,100.0,286.7571588465055
2021-02-01,5,0,5,100.0,285.9607014882619
2021-02-02,5,0,5,100.0,288.6002728097371
2021-02-03,5,0,5,100.0,285.3049389103609
2021-02-04,5,0,5,100.0,295.53692491885624
2021-02-05,5,0,5,100.0,295.5592680780132
2021-02-08,5,0,5,100.0,298.2640743376107
2021-02-09,5,0,5,100.0,296.34996211917303
2021-02-10,5,0,5,100.0,297.60325133875614
2021-02-11,5,0,5,100.0,298.96503022267416
2021-02-12,5,0,5,100.0,302.2976319604226
2021-02-15,5,0,5,100.0,302.8152922118099
2021-02-16,5,0,5,100.0,298.7219772257469
2021-02-17,5,0,5,100.0,303.3944698971824
2021-02-18,5,0,5,100.0,310.53619640523095
2021-02-19,5,0,5,100.0,307.7250504920189
2021-02-22,5,0,5,100.0,299.7446009245381
2021-02-23,5,0,5,100.0,304.9886712701633
2021-02-24,5,0,5,100.0,306.06157403777786
2021-02-25,5,0,5,100.0,310.36171359350885
2021-02-26,5,0,5,100.0,309.65724433266706
2021-03-01,5,0,5,100.0,322.8537419070419
2021-03-02,5,0,5,100.0,326.7612291086072
2021-03-03,5,0,5,100.0,339.0948349488104
2021-03-04,5,0,5,100.0,352.0876051472979
2021-03-05,5,0,5,100.0,344.05749311958954
2021-03-08,5,0,5,100.0,354.681107615351
2021-03-09,5,0,5,100.0,352.12464613524537
2021-03-10,5,0,5,100.0,361.6787304648448
2021-03-12,5,0,5,100.0,357.17486742174896
2021-03-15,5,0,5,100.0,349.8196967766693
2021-03-16,5,0,5,100.0,342.1072159568032
2021-03-17,5,0,5,100.0,328.92564237434965
2021-03-18,5,0,5,100.0,323.79730836624884
2021-03-19,5,0,5,100.0,327.3990404499693
2021-03-22,5,0,5,100.0,325.0451380857688
2021-03-23,5,0,5,100.0,328.83106690151095
2021-03-24,5,0,5,100.0,323.65194310477614
2021-03-25,5,0,5,100.0,314.8781170260773
2021-03-26,5,0,5,100.0,314.2566555973471
2021-03-30,5,0,5,100.0,310.4787974729179
2021-03-31,5,0,5,100.0,305.7249154305153
2021-04-01,5,0,5,100.0,313.9839452249162
2021-04-05,5,0,5,100.0,304.1597980822395
2021-04-06,5,0,5,100.0,299.74494250192043
2021-04-07,5,0,5,100.0,297.37476997378985
2021-04-08,5,0,5,100.0,303.01245235302076
2021-04-09,5,0,5,100.0,301.6807008568417
2021-04-12,4,1,5,80.0,283.8718108133897
2021-04-13,4,1,5,80.0,290.60146055324145
2021-04-15,4,1,5,80.0,285.2450453650367
2021-04-16,4,1,5,80.0,285.63866142219143
2021-04-19,3,2,5,60.0,274.9096334638188
2021-04-20,2,3,5,40.0,275.1344156915108
2021-04-22,4,1,5,80.0,279.441235729432
2021-04-23,3,2,5,60.0,282.4553129021322
2021-04-26,3,2,5,60.0,286.9012709170974
2021-04-27,3,2,5,60.0,295.07420707970607
2021-04-28,4,1,5,80.0,298.13125620758996
2021-04-29,3,2,5,60.0,295.9493280844964
2021-04-30,3,2,5,60.0,295.267098847854
2021-05-03,3,2,5,60.0,294.1276879473396
2021-05-04,3,2,5,60.0,289.5357349990035
2021-05-05,3,2,5,60.0,288.14330561732197
2021-05-06,4,1,5,80.0,293.8666473343544
2021-05-07,3,2,5,60.0,293.01672350061835
2021-05-10,4,1,5,80.0,296.91167354343196
2021-05-11,5,0,5,100.0,302.05377618573783
2021-05-12,5,0,5,100.0,298.0784669373511
2021-05-14,4,1,5,80.0,298.3598833849933
2021-05-17,5,0,5,100.0,304.4883512089969
2021-05-18,5,0,5,100.0,314.7254879736147
2021-05-19,5,0,5,100.0,325.38191532854887
2021-05-20,5,0,5,100.0,332.9740254686313
2021-05-21,5,0,5,100.0,343.00016997635447
2021-05-24,5,0,5,100.0,351.15929707345884
2021-05-25,5,0,5,100.0,355.4817913230367
2021-05-26,5,0,5,100.0,362.46532818073007
2021-05-27,5,0,5,100.0,359.8826093624315
2021-05-28,5,0,5,100.0,354.14848354650053
2021-05-31,5,0,5,100.0,358.3487310539342
2021-06-01,5,0,5,100.0,360.290803245944
2021-06-02,5,0,5,100.0,367.65907806971336
2021-06-03,5,0,5,100.0,374.50892062680344
2021-06-04,5,0,5,100.0,379.6091401993348
2021-06-07,5,0,5,100.0,388.93628236536506
2021-06-08,5,0,5,100.0,395.58766328283025
2021-06-09,5,0,5,100.0,395.0481775458761
2021-06-10,5,0,5,100.0,398.6369215445535
2021-06-11,5,0,5,100.0,399.4778137177226
2021-06-14,5,0,5,100.0,399.69168991461083
2021-06-15,5,0,5,100.0,396.77556902329286
2021-06-16,5,0,5,100.0,393.6163292715399
2021-06-17,5,0,5,100.0,398.38151784021915
2021-06-18,5,0,5,100.0,388.67775956814455
2021-06-21,5,0,5,100.0,393.6829185644967
2021-06-22,5,0,5,100.0,400.2538751719816
2021-06-23,5,0,5,100.0,395.7714131915807
2021-06-24,5,0,5,100.0,391.6440746156678
2021-06-25,5,0,5,100.0,392.5599390583722
2021-06-28,5,0,5,100.0,395.51863336631754
2021-06-29,5,0,5,100.0,395.20383262359996
2021-06-30,5,0,5,100.0,389.16505808371255
2021-07-01,5,0,5,100.0,389.2060347787534
2021-07-02,5,0,5,100.0,387.4946951084349
2021-07-05,5,0,5,100.0,396.72797696596007
2021-07-06,5,0,5,100.0,411.14753300984967
2021-07-07,5,0,5,100.0,409.68872832265856
2021-07-08,5,0,5,100.0,409.8743838902644
2021-07-09,5,0,5,100.0,407.0363141033629
2021-07-12,5,0,5,100.0,409.3272101115733
2021-07-13,5,0,5,100.0,414.4984378389249
2021-07-14,5,0,5,100.0,411.00564150952846
2021-07-15,5,0,5,100.0,412.7881315913525
2021-07-16,5,0,5,100.0,417.7021737874046
2021-07-19,5,0,5,100.0,417.03302905052027
2021-07-20,5,0,5,100.0,411.59981759266987
2021-07-22,5,0,5,100.0,409.87348639601373
2021-07-23,5,0,5,100.0,409.3598010790664
2021-07-26,5,0,5,100.0,411.23537550006307
2021-07-27,5,0,5,100.0,417.44615860524436
2021-07-28,5,0,5,100.0,427.31873710720276
2021-07-29,5,0,5,100.0,428.4027446533527
2021-07-30,5,0,5,100.0,427.800793499695
2021-08-02,5,0,5,100.0,429.4637609217888
2021-08-03,5,0,5,100.0,437.2634042552871
2021-08-04,5,0,5,100.0,433.49561191472264
2021-08-05,5,0,5,100.0,425.5854800224797
2021-08-06,5,0,5,100.0,434.7019828213951
2021-08-09,5,0,5,100.0,430.37194498318263
2021-08-10,5,0,5,100.0,421.1522860216476
2021-08-11,5,0,5,100.0,425.3977975626154
2021-08-12,5,0,5,100.0,434.0655817894314
2021-08-13,5,0,5,100.0,432.24781780362287
2021-08-16,5,0,5,100.0,427.3381881157218
2021-08-17,5,0,5,100.0,425.4636115971418
2021-08-18,5,0,5,100.0,421.1352970012273
2021-08-20,5,0,5,100.0,414.7457864295889
2021-08-23,5,0,5,100.0,424.0441214825786
2021-08-24,5,0,5,100.0,442.1577396966807
2021-08-25,5,0,5,100.0,449.4037426117218
2021-08-26,5,0,5,100.0,447.89249537414497
2021-08-27,5,0,5,100.0,448.4227643659027
2021-08-30,5,0,5,100.0,456.689370144595
2021-08-31,5,0,5,100.0,454.855501055815
2021-09-01,5,0,5,100.0,454.3813752680875
2021-09-02,5,0,5,100.0,465.04238290597823
2021-09-03,5,0,5,100.0,468.6060352098233
2021-09-06,5,0,5,100.0,476.38634429443715
2021-09-07,5,0,5,100.0,484.0440820957247
2021-09-08,5,0,5,100.0,489.50838099170886
2021-09-09,5,0,5,100.0,495.6019892382797
2021-09-13,5,0,5,100.0,496.44282300992336
2021-09-14,5,0,5,100.0,510.6921401099587
2021-09-15,5,0,5,100.0,521.1988816080461
2021-09-16,5,0,5,100.0,533.2900160151952
2021-09-17,5,0,5,100.0,536.8256127448234
2021-09-20,5,0,5,100.0,523.0336525581305
2021-09-21,5,0,5,100.0,509.3324643749625
2021-09-22,5,0,5,100.0,515.5543952664528
2021-09-23,5,0,5,100.0,505.9548530458842
2021-09-24,5,0,5,100.0,501.80717159721695
2021-09-27,5,0,5,100.0,525.7112027300648
2021-09-28,5,0,5,100.0,545.5510157554947
2021-09-29,5,0,5,100.0,556.0159936779135
2021-09-30,5,0,5,100.0,563.0043002484517
2021-10-01,5,0,5,100.0,563.2061580187017
2021-10-04,5,0,5,100.0,585.1438482303114
2021-10-05,5,0,5,100.0,603.4572756492715
2021-10-06,5,0,5,100.0,611.2164504587769
2021-10-07,5,0,5,100.0,629.7858464350976
2021-10-08,5,0,5,100.0,648.0208817487858
2021-10-11,5,0,5,100.0,634.1007866040661
2021-10-12,5,0,5,100.0,625.2343625499576
2021-10-13,5,0,5,100.0,620.0626531478636
2021-10-14,5,0,5,100.0,635.7810587555607
2021-10-18,5,0,5,100.0,645.1567537514841
2021-10-19,5,0,5,100.0,636.6349667442586
2021-10-20,5,0,5,100.0,611.1209863418158
2021-10-21,5,0,5,100.0,626.3024952256427
2021-10-22,5,0,5,100.0,621.0000373898542
2021-10-25,5,0,5,100.0,578.4483968171568
2021-10-26,5,0,5,100.0,584.5705873030619
2021-10-27,5,0,5,100.0,568.6090837013238
2021-10-28,5,0,5,100.0,581.8726245049877
2021-10-29,5,0,5,100.0,566.3250421508867
2021-11-01,5,0,5,100.0,570.3772952710198
2021-11-02,5,0,5,100.0,575.8945453847443
2021-11-03,5,0,5,100.0,579.1183657705755
2021-11-04,5,0,5,100.0,591.9193366296523
2021-11-08,5,0,5,100.0,605.3945703334347
2021-11-09,5,0,5,100.0,613.3029054066996
2021-11-10,5,0,5,100.0,609.1327944494637
2021-11-11,5,0,5,100.0,597.8707239963916
2021-11-12,5,0,5,100.0,600.456858916648
2021-11-15,5,0,5,100.0,591.9469072406788
2021-11-16,5,0,5,100.0,603.3886386091662
2021-11-17,5,0,5,100.0,595.8536359726135
2021-11-18,5,0,5,100.0,584.7674119354738
2021-11-22,5,0,5,100.0,563.0802461427221
2021-11-23,5,0,5,100.0,573.7407302385254
2021-11-24,5,0,5,100.0,583.0090358706182
2021-11-25,5,0,5,100.0,584.0717516055174
2021-11-26,4,1,5,80.0,553.9345157242101
2021-11-29,4,1,5,80.0,525.0394889443661
2021-11-30,4,1,5,80.0,525.7788284182556
2021-12-01,4,1,5,80.0,515.8967827707451
2021-12-02,4,1,5,80.0,518.4270118789324
2021-12-03,4,1,5,80.0,522.1942270631569
2021-12-06,4,1,5,80.0,518.1753114285118
2021-12-07,4,1,5,80.0,533.6795875405861
2021-12-08,4,1,5,80.0,548.2924418770959
2021-12-09,4,1,5,80.0,559.1124118169608
2021-12-10,4,1,5,80.0,569.1963334296298
2021-12-13,4,1,5,80.0,569.6935077133536
2021-12-14,4,1,5,80.0,565.2743339570991
2021-12-15,4,1,5,80.0,558.5783650859336
2021-12-16,4,1,5,80.0,548.9086129308481
2021-12-17,4,1,5,80.0,534.0023692452769
2021-12-20,3,2,5,60.0,520.0306640816964
2021-12-21,3,2,5,60.0,522.5890294884751
2021-12-22,3,2,5,60.0,527.9005608440928
2021-12-23,4,1,5,80.0,532.5204312243884
2021-12-24,3,2,5,60.0,530.1286243192927
2021-12-27,3,2,5,60.0,525.8790361390609
2021-12-28,3,2,5,60.0,538.014461834736
2021-12-29,3,2,5,60.0,536.6039124292515
2021-12-30,3,2,5,60.0,526.6734751572656
2021-12-31,3,2,5,60.0,528.4219198599505
2022-01-03,3,2,5,60.0,537.1914957888939
2022-01-04,3,2,5,60.0,535.8716994496914
2022-01-05,3,2,5,60.0,530.5837785323777
2022-01-06,3,2,5,60.0,533.6197729330198
2022-01-07,3,2,5,60.0,539.6582984051163
2022-01-10,4,1,5,80.0,558.5934679267407
2022-01-11,3,2,5,60.0,551.3647919244664
2022-01-12,4,1,5,80.0,551.6987993921323
2022-01-13,4,1,5,80.0,548.836771073334
2022-01-14,4,1,5,80.0,559.9740364937853
2022-01-17,4,1,5,80.0,570.7680647488968
2022-01-18,4,1,5,80.0,574.4224204892575
2022-01-19,4,1,5,80.0,581.3790618807486
2022-01-20,4,1,5,80.0,573.8590013274237
2022-01-21,4,1,5,80.0,569.0778057302928
2022-01-24,4,1,5,80.0,549.7220266307805
2022-01-25,4,1,5,80.0,554.2164249276877
2022-01-27,4,1,5,80.0,557.6863215236979
2022-01-28,4,1,5,80.0,565.6237445361295
2022-01-31,4,1,5,80.0,578.7893213285149
2022-02-01,4,1,5,80.0,580.1685391000636
2022-02-02,4,1,5,80.0,588.9353071714141
2022-02-03,4,1,5,80.0,594.6883014263333
2022-02-04,5,0,5,100.0,600.7287056127915
2022-02-07,5,0,5,100.0,611.3102344803738
2022-02-08,5,0,5,100.0,618.5329105506418
2022-02-09,5,0,5,100.0,615.1819432767095
2022-02-10,4,1,5,80.0,604.2089137645146
2022-02-11,5,0,5,100.0,601.1458563472627
2022-02-14,3,2,5,60.0,572.5859423593255
2022-02-15,4,1,5,80.0,595.3360999569227
2022-02-16,5,0,5,100.0,604.806253158068
2022-02-17,5,0,5,100.0,601.6391028215564
2022-02-18,5,0,5,100.0,596.4435353770432
2022-02-21,3,2,5,60.0,576.9674372909938
2022-02-22,3,2,5,60.0,567.5511537423747
2022-02-23,4,1,5,80.0,590.1632691859292
2022-02-24,3,2,5,60.0,548.7895023960166
2022-02-25,3,2,5,60.0,571.3724603150429
2022-02-28,3,2,5,60.0,568.8332763852225
2022-03-02,3,2,5,60.0,566.6025955524995
2022-03-03,3,2,5,60.0,571.3771387485621
2022-03-04,4,1,5,80.0,564.7103207658556
2022-03-07,3,2,5,60.0,543.9419077459988
2022-03-08,3,2,5,60.0,551.6353021141998
2022-03-09,3,2,5,60.0,585.5592932745852
2022-03-10,3,2,5,60.0,590.3596652160053
2022-03-11,4,1,5,80.0,599.3546177237945
2022-03-14,5,0,5,100.0,602.3387007401465
2022-03-15,4,1,5,80.0,596.6106773999242
2022-03-16,5,0,5,100.0,607.3402677066292
2022-03-17,5,0,5,100.0,607.7816418743072
2022-03-21,5,0,5,100.0,604.4120510824794
2022-03-22,5,0,5,100.0,605.8778871405898
2022-03-23,4,1,5,80.0,608.0333766856984
2022-03-24,4,1,5,80.0,597.8597401604019
2022-03-25,5,0,5,100.0,598.0713786585609
2022-03-28,5,0,5,100.0,606.4221082417798
2022-03-29,5,0,5,100.0,602.014705966104
2022-03-30,5,0,5,100.0,610.2687583147654
2022-03-31,5,0,5,100.0,603.3584519158741
2022-04-01,5,0,5,100.0,636.4676196218902
2022-04-04,5,0,5,100.0,669.080263018468
2022-04-05,5,0,5,100.0,671.066107636436
2022-04-06,5,0,5,100.0,688.3680659590228
2022-04-07,5,0,5,100.0,715.5759203477952
2022-04-08,5,0,5,100.0,724.2282941708594
2022-04-11,5,0,5,100.0,716.8226411932561
2022-04-12,5,0,5,100.0,708.6737643407755
2022-04-13,5,0,5,100.0,717.4276873441546
2022-04-18,5,0,5,100.0,727.5172118486224
2022-04-19,5,0,5,100.0,707.1618623010659
2022-04-20,5,0,5,100.0,698.6597565864402
2022-04-21,5,0,5,100.0,714.2184244226739
2022-04-22,5,0,5,100.0,717.9281510396393
2022-04-25,4,1,5,80.0,706.1961009880399
2022-04-26,5,0,5,100.0,712.1137709223477
2022-04-27,4,1,5,80.0,696.0062166304759
2022-04-28,5,0,5,100.0,701.662909714818
2022-04-29,4,1,5,80.0,688.290616316612
2022-05-02,4,1,5,80.0,683.4332145535258
2022-05-04,3,2,5,60.0,659.2909747956242
2022-05-05,3,2,5,60.0,663.2431802217623
2022-05-06,3,2,5,60.0,647.8779225152815
2022-05-09,3,2,5,60.0,644.520686996476
2022-05-10,2,3,5,40.0,646.4686537482901
2022-05-11,2,3,5,40.0,632.129854106484
2022-05-12,2,3,5,40.0,607.0773840202671
2022-05-13,2,3,5,40.0,623.7251569672868
2022-05-16,2,3,5,40.0,629.2789246954442
2022-05-17,3,2,5,60.0,645.8468474647864
2022-05-18,2,3,5,40.0,645.3279288168576
2022-05-19,2,3,5,40.0,632.647211701253
2022-05-20,3,2,5,60.0,642.3779521164474
2022-05-23,3,2,5,60.0,651.0727494407561
2022-05-24,2,3,5,40.0,631.9650499761874
2022-05-25,2,3,5,40.0,609.0266364946843
2022-05-26,2,3,5,40.0,607.9657264421161
2022-05-27,2,3,5,40.0,624.0821367663799
2022-05-30,3,2,5,60.0,651.8781152346804
2022-05-31,3,2,5,60.0,653.8208526375423
2022-06-01,3,2,5,60.0,647.2829242097473
2022-06-02,3,2,5,60.0,647.3366163273975
2022-06-03,3,2,5,60.0,650.7564182069307
2022-06-06,3,2,5,60.0,645.9433682411156
2022-06-07,3,2,5,60.0,646.6943206216101
2022-06-08,3,2,5,60.0,645.1358681231839
2022-06-09,3,2,5,60.0,661.8838524697271
2022-06-10,3,2,5,60.0,661.7995226394102
2022-06-13,3,2,5,60.0,637.0456369390054
2022-06-14,2,3,5,40.0,640.792763003692
2022-06-15,2,3,5,40.0,640.5260276825289
2022-06-16,2,3,5,40.0,625.6509606300093
2022-06-17,2,3,5,40.0,623.4160494268123
2022-06-20,2,3,5,40.0,603.3619009773777
2022-06-21,2,3,5,40.0,620.2203833749257
2022-06-22,2,3,5,40.0,614.9483687882082
2022-06-23,2,3,5,40.0,617.1507531039415
2022-06-24,2,3,5,40.0,643.8261041278708
2022-06-27,2,3,5,40.0,665.5489740355151
2022-06-28,3,2,5,60.0,678.4728572916968
2022-06-29,3,2,5,60.0,673.9055881015606
2022-06-30,3,2,5,60.0,674.5374502291719
2022-07-01,3,2,5,60.0,682.5939341347181
2022-07-04,3,2,5,60.0,689.2133397753166
2022-07-05,3,2,5,60.0,697.5519442311944
2022-07-06,3,2,5,60.0,692.9786569448596
2022-07-07,3,2,5,60.0,695.0861914533665
2022-07-08,3,2,5,60.0,694.4573094974838
2022-07-11,2,3,5,40.0,690.5786459917853
2022-07-12,2,3,5,40.0,682.9215504932025
2022-07-13,2,3,5,40.0,676.1626073024888
2022-07-14,2,3,5,40.0,664.6634920595791
2022-07-15,3,2,5,60.0,682.0599128657213
2022-07-18,3,2,5,60.0,705.7852593494209
2022-07-19,3,2,5,60.0,715.4965255577632
2022-07-20,4,1,5,80.0,724.7222205278352
2022-07-21,4,1,5,80.0,732.5449411434572
2022-07-22,4,1,5,80.0,739.1024841326536
2022-07-25,4,1,5,80.0,740.1851248266818
2022-07-26,4,1,5,80.0,739.4542398774917
2022-07-27,3,2,5,60.0,746.7660370090574
2022-07-28,3,2,5,60.0,754.9162265863067
2022-07-29,3,2,5,60.0,776.7379603002479
2022-08-01,4,1,5,80.0,787.3673026811991
2022-08-02,4,1,5,80.0,780.2408377603657
2022-08-03,4,1,5,80.0,776.1974860996271
2022-08-04,4,1,5,80.0,786.2701722681677
2022-08-05,4,1,5,80.0,807.5063351043932
2022-08-08,4,1,5,80.0,807.4891724617913
2022-08-10,4,1,5,80.0,809.5452484671855
2022-08-11,4,1,5,80.0,850.6994021268678
2022-08-12,4,1,5,80.0,869.5665278086407
2022-08-16,4,1,5,80.0,880.8253056661209
2022-08-17,4,1,5,80.0,897.7958896372327
2022-08-18,4,1,5,80.0,920.8024632864742
2022-08-19,4,1,5,80.0,916.6617166629211
2022-08-22,4,1,5,80.0,906.7518554288492
2022-08-23,4,1,5,80.0,917.5897479298404
2022-08-24,4,1,5,80.0,934.2437701107791
2022-08-25,4,1,5,80.0,943.3514297408244
2022-08-26,4,1,5,80.0,983.6941144413553
2022-08-29,4,1,5,80.0,972.4893949834138
2022-08-30,4,1,5,80.0,1015.6119834630639
2022-09-01,4,1,5,80.0,1013.5049647742243
2022-09-02,4,1,5,80.0,991.5877232872257
2022-09-05,4,1,5,80.0,1006.493593398606
2022-09-06,4,1,5,80.0,983.1029282522385
2022-09-07,4,1,5,80.0,986.5594375136021
2022-09-08,4,1,5,80.0,981.8706603303361
2022-09-09,4,1,5,80.0,973.2917930582374
2022-09-12,4,1,5,80.0,982.5980229882636
2022-09-13,4,1,5,80.0,1019.3046732040112
2022-09-14,4,1,5,80.0,1012.8556971881858
2022-09-15,4,1,5,80.0,1012.7240062067717
2022-09-16,4,1,5,80.0,1013.9881782288652
2022-09-19,4,1,5,80.0,1005.5241405662467
2022-09-20,4,1,5,80.0,1037.6102597221502
2022-09-21,4,1,5,80.0,1020.894964447875
2022-09-22,4,1,5,80.0,1045.3093773337284
2022-09-23,4,1,5,80.0,1028.7846837441693
2022-09-26,4,1,5,80.0,988.2462713812433
2022-09-27,4,1,5,80.0,985.2032882436429
2022-09-28,4,1,5,80.0,972.9432647363622
2022-09-29,4,1,5,80.0,990.3959532318495
2022-09-30,4,1,5,80.0,1001.6252619207232
2022-10-03,4,1,5,80.0,981.6821765203504
2022-10-04,4,1,5,80.0,990.645011723616
2022-10-06,5,0,5,100.0,1005.7495299706707
2022-10-07,5,0,5,100.0,1014.1435288655405
2022-10-10,5,0,5,100.0,1007.8604775216484
2022-10-11,5,0,5,100.0,1010.4389571509769
2022-10-12,4,1,5,80.0,1003.0099786415065
2022-10-13,5,0,5,100.0,999.5031914381817
2022-10-14,5,0,5,100.0,1012.2646171751446
2022-10-17,5,0,5,100.0,1020.3578727047702
2022-10-18,5,0,5,100.0,1020.4585176708728
2022-10-19,5,0,5,100.0,1034.4211655158215
2022-10-20,5,0,5,100.0,1025.3152580792887
2022-10-21,5,0,5,100.0,1013.835905636766
2022-10-24,5,0,5,100.0,1032.8246807958822
2022-10-25,5,0,5,100.0,1016.5609365403986
2022-10-27,5,0,5,100.0,1006.114092578618
2022-10-28,5,0,5,100.0,991.2872774206459
2022-10-31,5,0,5,100.0,994.1848294995588
2022-11-01,5,0,5,100.0,1005.5774784677899
2022-11-02,5,0,5,100.0,1023.8834134317628
2022-11-03,5,0,5,100.0,1034.1770536871857
2022-11-04,5,0,5,100.0,1044.2377857494603
2022-11-07,5,0,5,100.0,1057.87940969196
2022-11-09,5,0,5,100.0,1064.231446914045
2022-11-10,5,0,5,100.0,1057.324079200622
2022-11-11,5,0,5,100.0,1043.5157845780313
2022-11-14,5,0,5,100.0,1047.0230513538252
2022-11-15,5,0,5,100.0,1044.4615586016953
2022-11-16,5,0,5,100.0,1038.9585687708802
2022-11-17,5,0,5,100.0,1033.6681601866721
2022-11-18,5,0,5,100.0,1041.1349478769064
2022-11-21,5,0,5,100.0,1038.9382717818398
2022-11-22,5,0,5,100.0,1034.1782069260748
2022-11-23,5,0,5,100.0,1050.3133242705633
2022-11-24,5,0,5,100.0,1042.614705133555
2022-11-25,5,0,5,100.0,1048.0425919624943
2022-11-28,5,0,5,100.0,1044.9471215593524
2022-11-29,5,0,5,100.0,1043.141410981082
2022-11-30,5,0,5,100.0,1080.5579423839024
2022-12-01,5,0,5,100.0,1076.932345650225
2022-12-02,5,0,5,100.0,1073.8720685514759
2022-12-05,5,0,5,100.0,1068.3595201626938
2022-12-06,5,0,5,100.0,1068.4787738976363
2022-12-07,5,0,5,100.0,1076.6670209063668
2022-12-08,5,0,5,100.0,1103.0488416086673
2022-12-09,5,0,5,100.0,1103.2163610164105
2022-12-12,5,0,5,100.0,1107.7958117589449
2022-12-13,5,0,5,100.0,1121.5226056346885
2022-12-14,5,0,5,100.0,1120.4902817791171
2022-12-15,4,1,5,80.0,1094.319361141182
2022-12-16,4,1,5,80.0,1091.960990491168
2022-12-19,4,1,5,80.0,1119.9389241566473
2022-12-20,4,1,5,80.0,1121.8900951147082
2022-12-21,4,1,5,80.0,1071.3370328293909
2022-12-22,4,1,5,80.0,1017.7906391366726
2022-12-23,3,2,5,60.0,953.938668743138
2022-12-26,3,2,5,60.0,1011.9158152097988
2022-12-27,4,1,5,80.0,1011.8309917121852
2022-12-28,4,1,5,80.0,1025.667094261397
2022-12-29,4,1,5,80.0,1017.0522879988223
2022-12-30,4,1,5,80.0,1013.19592414686
2023-01-02,4,1,5,80.0,1038.333142695507
2023-01-03,4,1,5,80.0,1053.3257595909029
2023-01-04,4,1,5,80.0,1042.409920473334
2023-01-05,4,1,5,80.0,1052.8078568777
2023-01-06,4,1,5,80.0,1058.7098056215082
2023-01-09,4,1,5,80.0,1065.2767786514994
2023-01-10,4,1,5,80.0,1047.6651787486412
2023-01-11,4,1,5,80.0,1036.8213079070147
2023-01-12,4,1,5,80.0,1046.871421989333
2023-01-13,4,1,5,80.0,1048.6059519941498
2023-01-16,4,1,5,80.0,1030.9093982877678
2023-01-17,4,1,5,80.0,1033.2731186762035
2023-01-18,3,2,5,60.0,1043.047526279352
2023-01-19,3,2,5,60.0,1039.358873945439
2023-01-20,3,2,5,60.0,1034.2603133519144
2023-01-23,3,2,5,60.0,1029.290622189559
2023-01-24,3,2,5,60.0,1030.1793316282146
2023-01-25,3,2,5,60.0,1010.5846953691355
2023-01-27,3,2,5,60.0,990.772092625376
2023-01-30,3,2,5,60.0,1001.4963509101133
2023-01-31,3,2,5,60.0,1033.3095790371872
2023-02-01,4,1,5,80.0,1016.886725265632
2023-02-02,4,1,5,80.0,1021.0781691707375
2023-02-03,3,2,5,60.0,1018.5093461911773
2023-02-06,3,2,5,60.0,1030.2717689181825
2023-02-07,3,2,5,60.0,1040.7960968070927
2023-02-08,3,2,5,60.0,1061.5108381376647
2023-02-09,3,2,5,60.0,1059.7128174341105
2023-02-10,3,2,5,60.0,1038.4151380229523
2023-02-13,3,2,5,60.0,1036.405106254516
2023-02-14,3,2,5,60.0,1038.611316180251
2023-02-15,3,2,5,60.0,1037.0257347734475
2023-02-16,3,2,5,60.0,1049.4510316164733
2023-02-17,3,2,5,60.0,1042.0677675545244
2023-02-20,3,2,5,60.0,1031.9150120781255
2023-02-21,3,2,5,60.0,1070.3236780958869
2023-02-22,3,2,5,60.0,1042.1383773741736
2023-02-23,3,2,5,60.0,1033.1992674964602
2023-02-24,3,2,5,60.0,1033.4127797630813
2023-02-27,3,2,5,60.0,1023.2897241114744
2023-02-28,3,2,5,60.0,1023.2432804260061
2023-03-01,3,2,5,60.0,1040.8145223833064
2023-03-02,3,2,5,60.0,1054.6016004153646
2023-03-03,3,2,5,60.0,1106.137014979333
2023-03-06,3,2,5,60.0,1111.0686174198374
2023-03-08,3,2,5,60.0,1136.6765495343977
2023-03-09,3,2,5,60.0,1120.7555739593724
2023-03-10,3,2,5,60.0,1112.6222526474037
2023-03-13,3,2,5,60.0,1053.5137109661007
2023-03-14,3,2,5,60.0,1050.4986470724577
2023-03-15,3,2,5,60.0,1051.7082534143199
2023-03-16,3,2,5,60.0,1070.9153063070528
2023-03-17,3,2,5,60.0,1065.8251386224676
2023-03-20,3,2,5,60.0,1043.73141513637
2023-03-21,3,2,5,60.0,1046.5487401706214
2023-03-22,3,2,5,60.0,1047.1855425629253
2023-03-23,3,2,5,60.0,1042.596140816951
2023-03-24,3,2,5,60.0,1023.584458302604
2023-03-27,3,2,5,60.0,998.071152752671
2023-03-28,3,2,5,60.0,977.9362581418336
2023-03-29,3,2,5,60.0,1015.9936627176423
2023-03-31,3,2,5,60.0,1051.3418775624007
2023-04-03,3,2,5,60.0,1057.9299172881902
2023-04-05,3,2,5,60.0,1056.3413286439913
2023-04-06,3,2,5,60.0,1059.9246187062258
2023-04-10,3,2,5,60.0,1068.1881487099156
2023-04-11,3,2,5,60.0,1100.5768888811263
2023-04-12,3,2,5,60.0,1100.8348108571738
2023-04-13,3,2,5,60.0,1097.5401643889045
2023-04-17,3,2,5,60.0,1101.278631658076
2023-04-18,3,2,5,60.0,1115.235699687824
2023-04-19,3,2,5,60.0,1110.8043638203012
2023-04-20,3,2,5,60.0,1107.9963592073896
2023-04-21,3,2,5,60.0,1104.0598319439118
2023-04-24,3,2,5,60.0,1102.1548118296557
2023-04-25,3,2,5,60.0,1100.6872677605077
2023-04-26,3,2,5,60.0,1113.6181170785226
2023-04-27,3,2,5,60.0,1116.6400165170658
2023-04-28,3,2,5,60.0,1120.2427676047098
2023-05-02,3,2,5,60.0,1123.349142638321
2023-05-03,3,2,5,60.0,1125.1677589466237
2023-05-04,3,2,5,60.0,1140.4796086728365
2023-05-05,3,2,5,60.0,1123.7578923120695
2023-05-08,3,2,5,60.0,1127.9638867595002
2023-05-09,3,2,5,60.0,1132.5671928118484
2023-05-10,3,2,5,60.0,1150.074948226826
2023-05-11,3,2,5,60.0,1167.0628080339604
2023-05-12,3,2,5,60.0,1160.0034505674066
2023-05-15,4,1,5,80.0,1157.6420191808927
2023-05-16,3,2,5,60.0,1154.753647764408
2023-05-17,4,1,5,80.0,1169.2420123279771
2023-05-18,4,1,5,80.0,1137.0210530154898
2023-05-19,3,2,5,60.0,1123.1620481527282
2023-05-22,3,2,5,60.0,1137.9969407198957
2023-05-23,3,2,5,60.0,1114.8669895184325
2023-05-24,3,2,5,60.0,1118.1853260958887
2023-05-25,3,2,5,60.0,1131.1968367874229
2023-05-26,3,2,5,60.0,1138.160888442336
2023-05-29,3,2,5,60.0,1143.8069847455831
2023-05-30,3,2,5,60.0,1142.5392121694988
2023-05-31,3,2,5,60.0,1151.2184579446284
2023-06-01,3,2,5,60.0,1161.5560833578209
2023-06-02,3,2,5,60.0,1172.3390598442702
2023-06-05,3,2,5,60.0,1182.8565045386472
2023-06-06,3,2,5,60.0,1182.9856842033626
2023-06-07,3,2,5,60.0,1192.2083859047195
2023-06-08,3,2,5,60.0,1188.4821799039196
2023-06-09,3,2,5,60.0,1174.650401691936
2023-06-12,3,2,5,60.0,1184.9025585265063
2023-06-13,4,1,5,80.0,1215.6918525065942
2023-06-14,4,1,5,80.0,1256.4481894486835
2023-06-15,4,1,5,80.0,1279.2710322269131
2023-06-16,5,0,5,100.0,1288.9056715262814
2023-06-19,5,0,5,100.0,1281.2840270704494
2023-06-20,5,0,5,100.0,1309.2412780506118
2023-06-21,5,0,5,100.0,1298.1157100235273
2023-06-22,4,1,5,80.0,1288.7309985256593
2023-06-23,4,1,5,80.0,1255.3355392185667
2023-06-26,4,1,5,80.0,1249.3662331039118
2023-06-27,4,1,5,80.0,1259.263011189172
2023-06-28,4,1,5,80.0,1268.9892595174224
2023-06-30,4,1,5,80.0,1278.9250597810587
2023-07-03,4,1,5,80.0,1290.1722850102365
2023-07-04,4,1,5,80.0,1266.3982241397757
2023-07-05,4,1,5,80.0,1283.6649219678102
2023-07-06,4,1,5,80.0,1287.0601357590947
2023-07-07,4,1,5,80.0,1301.5788471526164
2023-07-10,4,1,5,80.0,1288.5301570001282
2023-07-11,4,1,5,80.0,1297.982229199708
2023-07-12,4,1,5,80.0,1306.137532395676
2023-07-13,4,1,5,80.0,1303.8502983029698
2023-07-14,4,1,5,80.0,1307.1220174613297
2023-07-17,4,1,5,80.0,1337.8520895333909
2023-07-18,4,1,5,80.0,1324.9422883712461
2023-07-19,4,1,5,80.0,1331.7952246806794
2023-07-20,4,1,5,80.0,1319.6961121118902
2023-07-21,4,1,5,80.0,1320.1430278170608
2023-07-24,4,1,5,80.0,1344.4391221155604
2023-07-25,4,1,5,80.0,1355.0670586547865
2023-07-26,4,1,5,80.0,1355.6013264353003
2023-07-27,4,1,5,80.0,1367.7059617161142
2023-07-28,4,1,5,80.0,1369.6384525254095
2023-07-31,4,1,5,80.0,1416.8128655132784
2023-08-01,4,1,5,80.0,1432.1762468500535
2023-08-02,4,1,5,80.0,1413.6633308347707
2023-08-03,5,0,5,100.0,1448.7278709976517
2023-08-04,5,0,5,100.0,1508.0781882182114
2023-08-07,5,0,5,100.0,1513.3446828308506
2023-08-08,4,1,5,80.0,1505.8921701957781
2023-08-09,5,0,5,100.0,1528.4371604284343
2023-08-10,5,0,5,100.0,1524.7510355517904
2023-08-11,5,0,5,100.0,1569.2191640362494
2023-08-14,5,0,5,100.0,1555.0801947843074
2023-08-16,4,1,5,80.0,1542.3486504906045
2023-08-17,5,0,5,100.0,1563.593097553409
2023-08-18,5,0,5,100.0,1578.8030586982015
2023-08-21,5,0,5,100.0,1620.08569898083
2023-08-22,5,0,5,100.0,1608.1622671128475
2023-08-23,5,0,5,100.0,1587.4661169152296
2023-08-24,5,0,5,100.0,1606.385124373357
2023-08-25,5,0,5,100.0,1599.9079371584558
2023-08-28,5,0,5,100.0,1616.1465397367003
2023-08-29,5,0,5,100.0,1610.5787142384547
2023-08-30,5,0,5,100.0,1621.2335285457377
2023-08-31,5,0,5,100.0,1622.8421925281723
2023-09-01,5,0,5,100.0,1619.2293235065183
2023-09-04,5,0,5,100.0,1617.573637149946
2023-09-05,5,0,5,100.0,1662.2512798324472
2023-09-06,5,0,5,100.0,1650.2087298907434
2023-09-07,5,0,5,100.0,1645.3023621436814
2023-09-08,5,0,5,100.0,1670.9224128849114
2023-09-11,5,0,5,100.0,1680.0212521493424
2023-09-12,5,0,5,100.0,1601.3987164705436
2023-09-13,5,0,5,100.0,1613.8011919668402
2023-09-14,5,0,5,100.0,1638.4868818562957
2023-09-15,5,0,5,100.0,1641.2625282016804
2023-09-18,5,0,5,100.0,1612.9080694416502
2023-09-20,5,0,5,100.0,1593.7371803668518
2023-09-21,5,0,5,100.0,1568.3209705927284
2023-09-22,5,0,5,100.0,1580.1968469759188
2023-09-25,5,0,5,100.0,1613.3979416044444
2023-09-26,5,0,5,100.0,1593.6653289964297
2023-09-27,5,0,5,100.0,1621.4874177762479
2023-09-28,5,0,6,100.0,1602.4335635111654
2023-09-29,5,0,6,100.0,1615.0001692247201
2023-10-03,5,0,6,100.0,1612.9433497604377
2023-10-04,5,0,6,100.0,1588.9794482811726
2023-10-05,5,0,6,100.0,1637.7281113876988
2023-10-06,5,0,6,100.0,1661.1913939160506
2023-10-09,5,0,6,100.0,1642.011682075413
2023-10-10,5,0,6,100.0,1657.1212879066372
2023-10-11,5,0,6,100.0,1674.3382962622284
2023-10-12,5,0,6,100.0,1664.5644613549368
2023-10-13,5,0,6,100.0,1678.2055112515036
2023-10-16,5,0,6,100.0,1683.6770410872855
2023-10-17,5,0,6,100.0,1690.8637748915232
2023-10-18,5,0,6,100.0,1670.808558316918
2023-10-19,5,0,6,100.0,1680.5454659847087
2023-10-20,5,0,6,100.0,1669.3431490971484
2023-10-23,4,1,6,80.0,1602.4537043226746
2023-10-25,4,1,6,80.0,1590.2660527900866
2023-10-26,4,1,6,80.0,1575.885749084393
2023-10-27,5,0,6,100.0,1614.3174379328696
2023-10-30,5,0,6,100.0,1650.4605728029906
2023-10-31,5,0,6,100.0,1660.7429822156842
2023-11-01,5,0,6,100.0,1660.0737392080212
2023-11-02,5,0,6,100.0,1686.8497845780037
2023-11-03,4,1,6,80.0,1718.0553770614451
2023-11-06,4,1,6,80.0,1731.0534602006499
2023-11-07,4,1,6,80.0,1722.9101626035724
2023-11-08,4,1,6,80.0,1730.5268369848818
2023-11-09,4,1,6,80.0,1714.2897321364185
2023-11-10,4,1,6,80.0,1730.7391155946914
2023-11-12,5,0,6,100.0,1754.141627107239
2023-11-13,5,0,6,100.0,1755.5162814042005
2023-11-15,5,0,6,100.0,1776.386993211273
2023-11-16,5,0,6,100.0,1781.5830975646193
2023-11-17,5,0,6,100.0,1782.4691517888475
2023-11-20,5,0,6,100.0,1790.8467150418471
2023-11-21,5,0,6,100.0,1797.9711043182292
2023-11-22,5,0,6,100.0,1770.1372112341392
2023-11-23,5,0,6,100.0,1803.1597761647668
2023-11-24,5,0,6,100.0,1790.3806852108364
2023-11-28,5,0,6,100.0,1811.0545431886355
2023-11-29,5,0,6,100.0,1799.1637920680178
2023-11-30,5,0,6,100.0,1792.006232549684
2023-12-01,5,0,6,100.0,1769.2580954658922
2023-12-04,5,0,6,100.0,1817.8419818289822
2023-12-05,5,0,6,100.0,1806.586751051362
2023-12-06,5,0,6,100.0,1827.8303182680413
2023-12-07,5,0,6,100.0,1839.5626841483302
2023-12-08,5,0,6,100.0,1813.4250001345627
2023-12-11,5,0,6,100.0,1855.6431844847903
2023-12-12,5,0,6,100.0,1865.1796004893445
2023-12-13,5,0,6,100.0,1883.0676124657384
2023-12-14,5,0,6,100.0,1867.3351493372581
2023-12-15,5,0,6,100.0,1869.8628326997498
2023-12-18,5,0,6,100.0,1908.6443317444705
2023-12-19,5,0,6,100.0,1918.8397635907158
2023-12-20,5,0,6,100.0,1824.559464771595
2023-12-21,5,0,6,100.0,1885.241550433214
2023-12-22,5,0,6,100.0,1894.3199069758402
2023-12-26,5,0,6,100.0,1907.733181522372
2023-12-27,5,0,6,100.0,1915.0968944698511
2023-12-28,5,0,6,100.0,1924.0006812114493
2023-12-29,5,0,6,100.0,1925.5176929403729
2024-01-01,5,0,6,100.0,1964.4688278808683
2024-01-02,5,0,6,100.0,1977.253577513179
2024-01-03,5,0,6,100.0,2007.0125241577962
2024-01-04,5,0,6,100.0,2016.4760822611456
2024-01-05,5,0,6,100.0,2017.067568684377
2024-01-08,5,0,6,100.0,2036.108761602904
2024-01-09,5,0,6,100.0,2103.3691326575968
2024-01-10,5,0,6,100.0,2143.918187003974
2024-01-11,5,0,6,100.0,2230.49009425357
2024-01-12,5,0,6,100.0,2236.4362143044746
2024-01-15,5,0,6,100.0,2262.8762259519535
2024-01-16,5,0,6,100.0,2244.817666657565
2024-01-17,5,0,6,100.0,2204.0503701033695
2024-01-18,5,0,6,100.0,2178.682655775345
2024-01-19,5,0,6,100.0,2253.6861813347637
2024-01-20,5,0,6,100.0,2261.251907858188
2024-01-23,5,0,6,100.0,2152.408195065618
2024-01-24,5,0,6,100.0,2234.414345625083
2024-01-25,5,0,6,100.0,2249.483063523091
2024-01-29,5,0,6,100.0,2280.2503129362785
2024-01-30,5,0,6,100.0,2306.4572470499497
2024-01-31,5,0,6,100.0,2316.7265967668914
2024-02-01,5,0,6,100.0,2343.80177079124
2024-02-02,5,0,6,100.0,2342.6180362455266
2024-02-05,5,0,6,100.0,2314.1381569434866
2024-02-06,5,0,6,100.0,2358.3054099908127
2024-02-07,5,0,6,100.0,2320.5298428345113
2024-02-08,5,0,6,100.0,2284.3485851878813
2024-02-09,5,0,6,100.0,2277.2617253535564
2024-02-12,5,0,6,100.0,2170.326678114524
2024-02-13,5,0,6,100.0,2169.2135329677003
2024-02-14,5,0,6,100.0,2232.984475764041
2024-02-15,5,0,6,100.0,2253.9085261148175
2024-02-16,5,0,6,100.0,2316.8246819218402
2024-02-19,5,0,6,100.0,2367.056101171877
2024-02-20,5,0,6,100.0,2366.4302603248643
2024-02-21,5,0,6,100.0,2315.5357422800403
2024-02-22,5,0,6,100.0,2329.0928604879296
2024-02-23,5,0,6,100.0,2336.917841526727
2024-02-26,5,0,6,100.0,2333.678323703885
2024-02-27,5,0,6,100.0,2321.8714119652986
2024-02-28,5,0,6,100.0,2264.8322986607295
2024-02-29,5,0,6,100.0,2281.9120940135194
2024-03-01,5,0,6,100.0,2283.831328318817
2024-03-02,5,0,6,100.0,2291.9973003416862
2024-03-04,5,0,6,100.0,2271.1289582852623
2024-03-05,5,0,6,100.0,2255.6149018856613
2024-03-06,5,0,6,100.0,2188.021858406945
2024-03-07,5,0,6,100.0,2229.0151332286346
2024-03-11,5,0,6,100.0,2190.647423497681
2024-03-12,5,0,6,100.0,2126.4375366026693
2024-03-13,5,0,6,100.0,1975.3830235976243
2024-03-14,5,0,6,100.0,2119.8744243106803
2024-03-15,5,0,6,100.0,2119.6982687127015
2024-03-18,5,0,6,100.0,2099.953546061888
2024-03-19,5,0,6,100.0,2061.186197707953
2024-03-20,5,0,6,100.0,2077.5401722395973
2024-03-21,5,0,6,100.0,2125.52605243352
2024-03-22,5,0,6,100.0,2165.7642214586253
2024-03-26,5,0,6,100.0,2149.1069868626987
2024-03-27,5,0,6,100.0,2137.8382012919897
2024-03-28,5,0,6,100.0,2179.7628823015075
2024-04-01,5,0,6,100.0,2248.27959726372
2024-04-02,5,0,6,100.0,2294.0362201637226
2024-04-03,5,0,6,100.0,2345.7682419363696
2024-04-04,5,0,6,100.0,2350.6198149992
2024-04-05,5,0,6,100.0,2362.683553072173
2024-04-08,5,0,6,100.0,2378.664487040015
2024-04-09,5,0,6,100.0,2335.9687746953464
2024-04-10,5,0,6,100.0,2347.507396667013
2024-04-12,5,0,6,100.0,2325.561229021483
2024-04-15,5,0,6,100.0,2282.212490838758
2024-04-16,5,0,6,100.0,2327.7625629111476
2024-04-18,5,0,6,100.0,2324.1024683367878
2024-04-19,5,0,6,100.0,2313.0360013588916
2024-04-22,5,0,6,100.0,2359.6066084045437
2024-04-23,5,0,6,100.0,2375.864574287585
2024-04-24,5,0,6,100.0,2395.0584345310717
2024-04-25,5,0,6,100.0,2384.4895152435934
2024-04-26,5,0,6,100.0,2366.1276137235654
2024-04-29,5,0,6,100.0,2400.084268770241
2024-04-30,5,0,6,100.0,2399.564282933711
2024-05-02,5,0,6,100.0,2389.920587821782
2024-05-03,5,0,6,100.0,2371.8191053013265
2024-05-06,5,0,6,100.0,2335.7952576098983
2024-05-07,5,0,6,100.0,2290.660048225553
2024-05-08,5,1,6,83.33333333333334,2311.7109981096123
2024-05-09,5,1,6,83.33333333333334,2245.746794549317
2024-05-10,5,1,6,83.33333333333334,2280.8698807980463
2024-05-13,5,1,6,83.33333333333334,2305.601516437378
2024-05-14,5,1,6,83.33333333333334,2369.276163584801
2024-05-15,5,1,7,83.33333333333334,2362.543124827522
2024-05-16,5,1,7,83.33333333333334,2344.2370513731626
2024-05-17,5,1,7,83.33333333333334,2336.63258605208
2024-05-18,5,1,7,83.33333333333334,2349.51542907148
2024-05-21,5,1,7,83.33333333333334,2320.375301282905
2024-05-22,5,1,7,83.33333333333334,2343.9942282824777
2024-05-23,5,1,7,83.33333333333334,2341.1749384489754
2024-05-24,5,1,7,83.33333333333334,2312.494266563285
2024-05-27,5,1,7,83.33333333333334,2316.105169163372
2024-05-28,4,2,7,66.66666666666666,2286.243361981203
2024-05-29,4,2,7,66.66666666666666,2266.7900079564415
2024-05-30,4,2,7,66.66666666666666,2241.547673474299
2024-05-31,3,3,7,50.0,2240.2983061664577
2024-06-03,4,2,7,66.66666666666666,2274.097377579407
2024-06-04,3,3,7,50.0,2114.1888652904395
2024-06-05,3,3,7,50.0,2171.078826513118
2024-06-06,3,3,7,50.0,2213.8693200844855
2024-06-07,5,1,7,83.33333333333334,2283.655756644539
2024-06-10,5,1,7,83.33333333333334,2287.415864432159
2024-06-11,5,1,7,83.33333333333334,2304.653206527097
2024-06-12,5,1,7,83.33333333333334,2329.909341546517
2024-06-13,5,1,7,83.33333333333334,2348.269606970634
2024-06-14,5,1,7,83.33333333333334,2355.0690565128402
2024-06-18,5,1,8,83.33333333333334,2376.3055670033127
2024-06-19,5,1,8,83.33333333333334,2430.389172383631
2024-06-20,5,1,8,83.33333333333334,2412.979433074167
2024-06-21,5,1,8,83.33333333333334,2407.191599706501
2024-06-24,5,1,8,83.33333333333334,2420.409955255357
2024-06-25,5,1,8,83.33333333333334,2438.602237304903
2024-06-26,5,1,8,83.33333333333334,2445.9379165504765
2024-06-27,5,1,8,83.33333333333334,2443.3447304901338
2024-06-28,5,1,8,83.33333333333334,2424.647300315523
2024-07-01,5,1,8,83.33333333333334,2454.5668781529057
2024-07-02,5,1,8,83.33333333333334,2453.3939768761857
2024-07-03,5,1,8,83.33333333333334,2453.3444921363775
2024-07-04,5,1,8,83.33333333333334,2463.765885664137
2024-07-05,5,1,8,83.33333333333334,2497.5194118700665
2024-07-08,5,1,8,83.33333333333334,2487.1702208969564
2024-07-09,5,1,8,83.33333333333334,2493.219409992886
2024-07-10,5,1,8,83.33333333333334,2480.1948942794606
2024-07-11,5,1,8,83.33333333333334,2467.6382473260337
2024-07-12,5,1,8,83.33333333333334,2473.7693421977992
2024-07-15,5,1,8,83.33333333333334,2470.780686743265
2024-07-16,5,1,8,83.33333333333334,2461.3389464937363
2024-07-18,4,2,8,66.66666666666666,2432.3136231078142
2024-07-19,4,2,8,66.66666666666666,2379.4937278027123
2024-07-22,4,2,8,66.66666666666666,2392.4855883145165
2024-07-23,4,2,8,66.66666666666666,2399.4470213925765
2024-07-24,5,1,8,83.33333333333334,2416.835084550043
2024-07-25,5,1,8,83.33333333333334,2416.497512129477
2024-07-26,5,1,8,83.33333333333334,2486.1557708039086
2024-07-29,4,2,8,66.66666666666666,2487.096191288157
2024-07-30,4,2,8,66.66666666666666,2490.3346876816736
2024-07-31,4,2,8,66.66666666666666,2509.881803104118
2024-08-01,4,2,8,66.66666666666666,2461.996132011902
2024-08-02,4,2,8,66.66666666666666,2432.8329280553003
2024-08-05,4,2,8,66.66666666666666,2334.2421647421133
2024-08-06,4,2,8,66.66666666666666,2323.767245954011
2024-08-07,4,2,8,66.66666666666666,2369.56283979638
2024-08-08,4,2,8,66.66666666666666,2402.4495992617835
2024-08-09,4,2,8,66.66666666666666,2428.7085730258905
2024-08-12,4,2,8,66.66666666666666,2414.9817284120763
2024-08-13,3,3,8,50.0,2357.8057970551276
2024-08-14,3,3,8,50.0,2313.2976555996047
2024-08-16,3,3,8,50.0,2326.431066269714
2024-08-19,4,2,8,66.66666666666666,2401.248472746725
2024-08-20,4,2,8,66.66666666666666,2433.2430560910348
2024-08-21,4,2,8,66.66666666666666,2452.0091137620443
2024-08-22,4,2,8,66.66666666666666,2471.0135739453376
2024-08-23,3,3,8,50.0,2492.584867553363
2024-08-26,4,2,8,66.66666666666666,2525.476009768763
2024-08-27,3,3,8,50.0,2552.076921030366
2024-08-28,3,3,8,50.0,2526.4569307835554
2024-08-29,3,3,8,50.0,2505.7781609736207
2024-08-30,4,2,8,66.66666666666666,2545.4913271398214
2024-09-02,4,2,8,66.66666666666666,2552.0176288693037
2024-09-03,4,2,8,66.66666666666666,2522.9438739366183
2024-09-04,3,3,8,50.0,2539.1080029128207
2024-09-05,4,2,8,66.66666666666666,2556.385103026771
2024-09-06,3,3,8,50.0,2529.2067619363033
2024-09-09,3,3,8,50.0,2506.2017951889206
2024-09-10,3,3,8,50.0,2521.587124715129
2024-09-11,3,3,8,50.0,2466.3426595655433
2024-09-12,3,3,8,50.0,2504.1355592006926
2024-09-13,3,3,8,50.0,2513.1685780391267
2024-09-16,3,3,8,50.0,2482.038528780362
2024-09-17,3,3,8,50.0,2470.3574274305283
2024-09-18,3,3,8,50.0,2428.6798648115296
2024-09-19,3,3,8,50.0,2383.282202527169
2024-09-20,3,3,8,50.0,2394.9646368121616
2024-09-23,4,2,8,66.66666666666666,2401.026588131758
2024-09-24,3,3,8,50.0,2410.457810308385
2024-09-25,3,3,8,50.0,2403.0114439292583
2024-09-26,3,3,8,50.0,2385.5357803410106
2024-09-27,3,3,8,50.0,2401.189156897298
2024-09-30,3,3,8,50.0,2388.013098894291
2024-10-01,4,2,8,66.66666666666666,2428.6816633074345
2024-10-03,2,4,8,33.33333333333333,2361.9791337430393
2024-10-04,1,5,8,16.666666666666664,2317.082682464126
2024-10-07,0,6,8,0.0,2225.3647043585843
2024-10-08,2,4,8,33.33333333333333,2307.270201998286
2024-10-09,2,4,8,33.33333333333333,2324.2567767014925
2024-10-10,2,4,8,33.33333333333333,2311.586510756486
2024-10-11,2,4,8,33.33333333333333,2337.4696073176106
2024-10-14,3,3,8,50.0,2346.1335506222613
2024-10-15,3,3,8,50.0,2370.9911222601963
2024-10-16,3,3,8,50.0,2381.0886588089024
2024-10-17,2,4,8,33.33333333333333,2355.2084321434945
2024-10-18,1,5,8,16.666666666666664,2352.4007112050217
2024-10-21,1,5,8,16.666666666666664,2297.1417155009763
2024-10-22,0,6,8,0.0,2206.9876716483263
2024-10-23,1,5,8,16.666666666666664,2229.3249317925583
2024-10-24,1,5,8,16.666666666666664,2228.3589364724726
2024-10-25,1,5,8,16.666666666666664,2187.2572176564713
2024-10-28,1,5,8,16.666666666666664,2198.278970957468
2024-10-29,1,5,8,16.666666666666664,2211.9194880616524
2024-10-30,1,5,8,16.666666666666664,2248.059993905353
2024-10-31,1,5,8,16.666666666666664,2274.6349414909746
2024-11-01,1,5,8,16.666666666666664,2308.952455882965
2024-11-04,1,5,8,16.666666666666664,2251.751357307196
2024-11-05,1,5,8,16.666666666666664,2249.031796232957
2024-11-06,1,5,8,16.666666666666664,2299.067523398721
2024-11-07,1,5,8,16.666666666666664,2312.010063473912
2024-11-08,1,5,8,16.666666666666664,2284.5407179292392
2024-11-11,1,5,8,16.666666666666664,2272.1171677251086
2024-11-12,1,5,8,16.666666666666664,2259.9918624391607
2024-11-13,1,5,8,16.666666666666664,2190.5415658598818
2024-11-14,1,5,8,16.666666666666664,2207.7266921919863
2024-11-18,2,4,8,33.33333333333333,2207.9778743588413
2024-11-19,1,5,8,16.666666666666664,2190.677589250147
2024-11-21,1,5,8,16.666666666666664,2167.344026273147
2024-11-22,1,5,8,16.666666666666664,2183.05798929527
2024-11-25,1,5,8,16.666666666666664,2195.6734127043737
2024-11-26,1,5,8,16.666666666666664,2197.8059345133647
2024-11-27,2,4,8,33.33333333333333,2216.17605537919
2024-11-28,2,4,8,33.33333333333333,2209.0863000929394
2024-11-29,2,4,8,33.33333333333333,2220.7177885045394
2024-12-02,2,4,8,33.33333333333333,2229.424901573932
2024-12-03,2,4,8,33.33333333333333,2246.4740797971735
2024-12-04,2,4,8,33.33333333333333,2294.2870342939505
2024-12-05,3,3,8,50.0,2282.6139647121045
2024-12-06,3,3,8,50.0,2293.317729105303
2024-12-09,2,4,8,33.33333333333333,2312.4757072239177
2024-12-10,3,3,8,50.0,2335.2580978746196
2024-12-11,2,4,8,33.33333333333333,2381.896477595808
2024-12-12,2,4,8,33.33333333333333,2359.6781052317847
2024-12-13,2,4,8,33.33333333333333,2345.6360850127994
2024-12-16,2,4,8,33.33333333333333,2398.129027518242
2024-12-17,2,4,8,33.33333333333333,2392.0196456112303
2024-12-18,3,4,8,42.857142857142854,2391.6015883627156
2024-12-19,3,4,8,42.857142857142854,2372.460562392997
2024-12-20,2,5,8,28.57142857142857,2348.745494172812
2024-12-23,1,6,8,14.285714285714285,2320.434096587461
2024-12-24,2,5,8,28.57142857142857,2318.4734806065776
2024-12-26,2,5,8,28.57142857142857,2301.478088565808
2024-12-27,2,5,8,28.57142857142857,2324.0325356635058
2024-12-30,2,5,8,28.57142857142857,2317.743494023532
2024-12-31,2,5,8,28.57142857142857,2319.4662328042896
2025-01-01,2,5,8,28.57142857142857,2355.246875030088
2025-01-02,2,5,8,28.57142857142857,2382.992770397545
2025-01-03,2,5,8,28.57142857142857,2390.7312115281084
2025-01-06,2,5,8,28.57142857142857,2278.093484043316
2025-01-07,2,5,8,28.57142857142857,2324.6682039294737
2025-01-08,2,5,8,28.57142857142857,2301.7832733004516
2025-01-09,2,5,8,28.57142857142857,2262.842558115849
2025-01-10,2,5,8,28.57142857142857,2211.666143626034
2025-01-13,1,6,8,14.285714285714285,2115.647044135347
2025-01-14,2,5,8,28.57142857142857,2132.579592774702
2025-01-15,2,5,8,28.57142857142857,2141.7092128818344
2025-01-16,2,5,8,28.57142857142857,2173.1040621837014
2025-01-17,1,6,8,14.285714285714285,2212.3486716694806
2025-01-20,1,6,8,14.285714285714285,2200.248815905623
2025-01-21,1,7,8,12.5,2159.3613981874787
2025-01-22,1,7,8,12.5,2138.457469277092
2025-01-23,1,7,8,12.5,2144.983861668976
2025-01-24,1,7,8,12.5,2106.9611827972344
2025-01-27,1,7,8,12.5,2019.3661677176938
2025-01-28,1,7,8,12.5,2010.851268732581
2025-01-29,1,7,8,12.5,2054.2970091428215
2025-01-30,1,7,8,12.5,2084.265122244047
2025-01-31,1,7,8,12.5,2107.0360521244547
2025-02-01,2,6,8,25.0,2142.512711388293
2025-02-03,1,7,8,12.5,2124.532448529214
2025-02-04,1,7,8,12.5,2096.1805866942063
2025-02-05,2,6,8,25.0,2132.2678610357902
2025-02-06,2,6,8,25.0,2144.1480246836845
2025-02-07,2,6,8,25.0,2130.327293191955
2025-02-10,1,7,8,12.5,2081.72765463872
2025-02-11,1,7,8,12.5,1998.2593926159286
2025-02-12,1,7,8,12.5,2017.9664173432243
2025-02-13,1,7,8,12.5,1996.700910796693
2025-02-14,0,8,8,0.0,1971.5033124211807
2025-02-17,0,8,8,0.0,1916.8093933252956
2025-02-18,0,8,8,0.0,1869.9555669599742
2025-02-19,0,8,8,0.0,1900.667566019224
2025-02-20,0,8,8,0.0,1931.411015926789
2025-02-21,0,8,8,0.0,1916.8303806523904
2025-02-24,0,8,8,0.0,1897.197521267603
2025-02-25,0,8,8,0.0,1874.5506905823127
2025-02-27,0,8,8,0.0,1808.8839712183542
2025-02-28,0,8,8,0.0,1758.4976110498872
2025-03-03,0,8,8,0.0,1740.578625598608
2025-03-04,0,8,8,0.0,1749.089424315019
2025-03-05,0,8,8,0.0,1814.928352768374
2025-03-06,0,8,8,0.0,1851.7325857692128
2025-03-07,0,8,8,0.0,1858.7051526556427
2025-03-10,0,8,8,0.0,1815.615819992108
2025-03-11,0,8,8,0.0,1779.5953268166513
2025-03-12,0,8,8,0.0,1760.4262390101248
2025-03-13,0,8,8,0.0,1751.3030810916011
2025-03-17,0,8,8,0.0,1747.1055078085708
2025-03-18,0,8,8,0.0,1807.4156326031086
2025-03-19,0,8,8,0.0,1846.5652080453779
2025-03-20,0,8,8,0.0,1871.1541862346512
2025-03-21,1,7,8,12.5,1909.3404780662472
2025-03-24,1,7,8,12.5,1926.9810611776556
2025-03-25,1,7,8,12.5,1908.9177687630674
2025-03-26,0,8,8,0.0,1897.944292016312
2025-03-27,0,8,8,0.0,1918.0166843943869
2025-03-28,0,8,8,0.0,1919.584966791488
2025-04-01,0,8,8,0.0,1938.2824778974195
2025-04-02,1,7,8,12.5,1941.7809099931774
2025-04-03,1,7,8,12.5,1972.5139556830495
2025-04-04,0,8,8,0.0,1894.892506840043
2025-04-07,0,8,8,0.0,1804.4540224314644
2025-04-08,0,8,8,0.0,1849.9190504200037
2025-04-09,0,8,8,0.0,1819.7121334057015
2025-04-11,0,8,8,0.0,1856.5387816913126
2025-04-15,0,8,8,0.0,1936.4494705309291
2025-04-16,0,8,8,0.0,1957.0551646005715
2025-04-17,1,7,8,12.5,1969.2147823251673
2025-04-21,2,6,8,25.0,1992.5595698393356
2025-04-22,0,8,8,0.0,1990.5879947798483
2025-04-23,1,7,8,12.5,1982.1619639543044
2025-04-24,1,7,8,12.5,1972.521068552901
2025-04-25,0,8,8,0.0,1919.8540818044896
2025-04-28,0,8,8,0.0,1913.4791778745225
2025-04-29,0,8,8,0.0,1936.6423631868113
2025-04-30,0,8,8,0.0,1888.835820821538
2025-05-02,0,8,8,0.0,1874.5211518265705
2025-05-05,0,8,8,0.0,1905.9915773155562
2025-05-06,0,8,8,0.0,1846.7241834081321
2025-05-07,0,8,8,0.0,1857.680299930438
2025-05-08,0,8,8,0.0,1858.3885848912591
2025-05-09,1,7,8,12.5,1826.6761310378167
2025-05-12,1,7,8,12.5,1940.3990644298815
2025-05-13,1,7,8,12.5,1953.8102055547881
2025-05-14,1,7,8,12.5,1990.2564146057841
2025-05-15,1,7,8,12.5,2049.4780027934316
2025-05-16,1,7,8,12.5,2055.3604606388126
2025-05-19,1,7,8,12.5,2073.396496134508
2025-05-20,1,7,8,12.5,2074.6132355958907
2025-05-21,1,7,8,12.5,2099.015627590931
2025-05-22,1,7,8,12.5,2089.119073272696
2025-05-23,1,7,8,12.5,2133.3401487607725
2025-05-26,2,6,8,25.0,2106.7770139441427
2025-05-27,3,5,8,37.5,2134.7295506501355
2025-05-28,2,6,8,25.0,2136.339127762269
2025-05-29,2,6,8,25.0,2136.5040652690354
2025-05-30,2,6,8,25.0,2139.6273561884796
2025-06-02,3,5,8,37.5,2173.7959616865933
2025-06-03,2,6,8,25.0,2155.336066310449
2025-06-04,3,5,8,37.5,2169.423342970252
2025-06-05,3,5,8,37.5,2165.681547039634
2025-06-06,1,7,8,12.5,2134.4182285761
2025-06-09,2,6,8,25.0,2140.471226821135
2025-06-10,2,6,8,25.0,2155.0622726678084
2025-06-11,2,6,8,25.0,2167.654963479844
2025-06-12,1,7,8,12.5,2114.52275718721
2025-06-13,1,7,8,12.5,2104.2056927829713
2025-06-16,1,7,8,12.5,2109.260854581981
2025-06-17,1,7,8,12.5,2091.6810649683225
2025-06-18,1,7,8,12.5,2071.8309545652005
2025-06-19,1,7,8,12.5,2033.538452948199
2025-06-20,1,7,8,12.5,2032.3817565625955
2025-06-23,1,7,8,12.5,2015.9157201813236
2025-06-24,1,7,8,12.5,2023.0600392269985
2025-06-25,1,7,8,12.5,2071.999098695581
2025-06-26,1,7,8,12.5,2080.4946950495323
2025-06-27,1,7,8,12.5,2098.5367524508656
2025-06-30,1,7,8,12.5,2088.452750291545
2025-07-01,1,7,8,12.5,2087.8870653204685
2025-07-02,1,7,8,12.5,2065.5367052235347
2025-07-03,1,7,8,12.5,2064.2329415819004
2025-07-04,1,7,8,12.5,2073.1147553120068
2025-07-07,2,6,8,25.0,2060.660451421702
2025-07-08,2,6,8,25.0,2068.3035129964883
2025-07-09,2,6,8,25.0,2076.7570718836987
2025-07-10,3,5,8,37.5,2095.7548776743297
2025-07-11,1,7,8,12.5,2077.9413541646168
2025-07-14,1,7,8,12.5,2080.7929586235014
2025-07-15,1,7,8,12.5,2096.904770743887
2025-07-16,1,7,8,12.5,2108.3506594917644
2025-07-17,2,6,8,25.0,2203.52569265991
2025-07-18,2,6,8,25.0,2201.103315951618
2025-07-21,2,6,8,25.0,2191.594080694947
2025-07-22,2,6,8,25.0,2218.8157118110566
2025-07-23,3,5,8,37.5,2207.3556907296884
2025-07-24,2,6,8,25.0,2178.8695823209373
2025-07-25,2,6,8,25.0,2159.19998651721
2025-07-28,2,6,8,25.0,2138.0740882806367
2025-07-29,2,6,8,25.0,2164.4836701872923
2025-07-30,3,5,8,37.5,2174.421682200567
2025-07-31,3,5,8,37.5,2175.289775842253
2025-08-01,2,6,8,25.0,2162.079669504124
2025-08-04,2,6,8,25.0,2190.405117792538
2025-08-05,3,5,8,37.5,2166.055506228277
2025-08-06,3,5,8,37.5,2142.183122249862
2025-08-07,2,6,8,25.0,2172.1283262691486
2025-08-08,2,6,8,25.0,2144.9924217048306
2025-08-11,2,6,8,25.0,2187.57330851199
2025-08-12,3,5,8,37.5,2264.7107422765994
2025-08-13,3,5,8,37.5,2278.1278397805245
2025-08-14,3,5,8,37.5,2281.184154050011
2025-08-18,3,5,8,37.5,2311.242035787662
2025-08-19,4,4,8,50.0,2334.02302623357
2025-08-20,4,4,8,50.0,2364.331735424485
2025-08-21,4,4,8,50.0,2374.0180956241056
2025-08-22,4,4,8,50.0,2358.227875206175
2025-08-25,4,4,8,50.0,2362.823715496681
2025-08-26,3,5,8,37.5,2335.87763284783
2025-08-28,3,5,8,37.5,2314.1831057813665
2025-08-29,3,5,8,37.5,2295.7893885111434
2025-09-01,3,5,8,37.5,2359.322313588884
2025-09-02,3,5,8,37.5,2349.4885628088155
2025-09-03,4,4,8,50.0,2412.782498865124
2025-09-04,4,4,8,50.0,2382.5369352037933
2025-09-05,4,4,8,50.0,2406.017577910886
2025-09-08,4,4,8,50.0,2426.0067369247718
2025-09-09,4,4,8,50.0,2435.1170156276894
2025-09-10,4,4,8,50.0,2434.324254803677
2025-09-11,4,4,8,50.0,2445.721309753431
2025-09-12,4,4,8,50.0,2436.8254179408395
2025-09-15,4,4,8,50.0,2408.844950545092
2025-09-16,4,4,8,50.0,2404.498359939912
2025-09-17,4,4,8,50.0,2415.4498229839314
2025-09-18,4,4,8,50.0,2389.4562682738
2025-09-19,4,4,8,50.0,2409.051909843704
2025-09-22,4,4,8,50.0,2380.059967712642
2025-09-23,4,4,8,50.0,2355.5180783836045
2025-09-24,4,4,8,50.0,2357.2675042815486
2025-09-25,4,4,8,50.0,2327.9755367774164
2025-09-26,4,4,8,50.0,2273.269326495705
2025-09-29,3,5,8,37.5,2226.7663305530386
2025-09-30,3,5,8,37.5,2227.385226468049
2025-10-01,4,4,8,50.0,2268.6974477891945
2025-10-03,4,4,8,50.0,2296.804227075681
2025-10-06,3,5,8,37.5,2334.205436384935
2025-10-07,3,5,8,37.5,2355.289552297923
2025-10-08,3,5,8,37.5,2331.7549704934377
2025-10-09,3,5,8,37.5,2331.0758289081687
2025-10-10,3,5,8,37.5,2349.493680038555
2025-10-13,4,4,8,50.0,2322.5549656432117
2025-10-14,4,4,8,50.0,2286.7196582909605
2025-10-15,4,4,8,50.0,2303.6228331604607
2025-10-16,4,4,8,50.0,2378.12151095716
2025-10-17,4,4,8,50.0,2374.102574159604
2025-10-20,4,4,8,50.0,2381.8832457146345
2025-10-21,4,4,8,50.0,2397.1983018129854
2025-10-23,4,4,8,50.0,2360.0053524636332
2025-10-24,4,4,8,50.0,2342.8901507983423
2025-10-27,4,4,8,50.0,2341.46636496568
2025-10-28,4,4,8,50.0,2324.1921377401
2025-10-29,4,4,8,50.0,2319.5559063930205
2025-10-30,4,4,8,50.0,2258.269023660262
2025-10-31,4,4,8,50.0,2244.366011998349
2025-11-03,4,4,8,50.0,2242.1979319389743
2025-11-04,4,4,8,50.0,2251.483934864633
2025-11-06,3,5,8,37.5,2237.647813567154
2025-11-07,4,4,8,50.0,2247.8497637181786
2025-11-10,3,5,8,37.5,2252.960673136693
2025-11-11,3,5,8,37.5,2274.9954840436253
2025-11-12,3,5,8,37.5,2335.102463567899
2025-11-13,3,5,8,37.5,2314.9682815724923
2025-11-14,3,5,8,37.5,2314.922681304594
2025-11-17,3,5,8,37.5,2324.8662095564146
2025-11-18,4,4,8,50.0,2328.36189658143
2025-11-19,4,4,8,50.0,2322.034271638845
2025-11-20,4,4,8,50.0,2337.5430821884984
2025-11-21,4,4,8,50.0,2319.5376982609
2025-11-24,3,5,8,37.5,2286.1896582964373
2025-11-25,3,5,8,37.5,2295.9265577676765
2025-11-26,3,5,8,37.5,2279.901350779658
2025-11-27,3,5,8,37.5,2299.8951603767296
2025-11-28,3,5,8,37.5,2290.785362774685
2025-12-01,3,5,8,37.5,2309.753352780791
2025-12-02,3,5,8,37.5,2279.378223283094
2025-12-03,3,5,8,37.5,2261.0803327364115
2025-12-04,3,5,8,37.5,2250.737149744685
2025-12-05,3,5,8,37.5,2219.6852986872414
2025-12-08,3,5,8,37.5,2177.624578524788
2025-12-09,3,5,8,37.5,2251.7227343875293
2025-12-10,3,5,8,37.5,2222.9451942717656
2025-12-11,3,5,8,37.5,2260.220425801397
2025-12-12,3,5,8,37.5,2252.002006946749
2025-12-15,3,5,8,37.5,2260.715483994584
2025-12-16,3,5,8,37.5,2260.368460751597
2025-12-17,3,5,8,37.5,2224.0268958624974
2025-12-18,3,5,8,37.5,2230.4057057773616
2025-12-19,3,5,8,37.5,2261.115351105864
2025-12-22,3,5,8,37.5,2280.97635591649
2025-12-23,3,5,8,37.5,2274.542285791764
2025-12-24,3,5,8,37.5,2257.599679273233
2025-12-26,3,5,8,37.5,2240.379594340302
2025-12-29,3,5,8,37.5,2215.3017285715378
2025-12-30,3,5,8,37.5,2206.998400614868
2025-12-31,3,5,8,37.5,2244.138908125691
2026-01-01,3,5,8,37.5,2233.6131390294754
2026-01-02,3,5,8,37.5,2234.9768231058797
2026-01-05,3,5,8,37.5,2211.8221381467174
2026-01-06,3,5,8,37.5,2204.347975170691
2026-01-07,3,5,8,37.5,2194.66072476187
2026-01-08,2,6,8,25.0,2147.313530911692
2026-01-09,2,6,8,25.0,2123.7453595410993
2026-01-12,2,6,8,25.0,2096.427478635286
2026-01-13,2,6,8,25.0,2141.8930710524683
2026-01-14,3,5,8,37.5,2159.8546887125312
2026-01-16,3,5,8,37.5,2159.8546887125312
2026-01-19,2,6,8,25.0,2136.806859567342
2026-01-20,2,6,8,25.0,2092.920801474351
2026-01-21,3,5,8,37.5,2082.430113439584
2026-01-22,3,5,8,37.5,2103.721223173723
2026-01-23,2,6,8,25.0,2025.74620573943
2026-01-27,1,7,8,12.5,2031.2534630672794
2026-01-28,1,7,8,12.5,2055.2927645494483
2026-01-29,1,7,8,12.5,2003.4370160495707
2026-01-30,1,7,8,12.5,2009.0917898752575
2026-02-01,1,7,8,12.5,1987.1474662786795
2026-02-02,1,7,8,12.5,1985.843593829637
2026-02-03,2,6,8,25.0,2035.1733549739247
2026-02-04,1,7,8,12.5,2053.4523952933223
2026-02-05,2,6,8,25.0,2042.030631979958
2026-02-06,2,6,8,25.0,2027.2252197065018
2026-02-09,2,6,8,25.0,2071.3912523620456
2026-02-10,2,6,8,25.0,2091.7275165504866
2026-02-11,2,6,8,25.0,2071.522671009153
2026-02-12,2,6,8,25.0,2059.8828179886227
2026-02-13,2,6,8,25.0,2032.0240102720234
2026-02-16,1,7,8,12.5,1997.5818455059116
2026-02-17,1,7,8,12.5,1986.3536671958893
2026-02-18,1,7,8,12.5,1992.8102374306186
2026-02-19,1,7,8,12.5,1980.2597193455604
2026-02-20,1,7,8,12.5,1953.2739817884667
2026-02-23,1,7,8,12.5,1938.7018209503399
2026-02-24,0,8,8,0.0,1853.3153322649546
2026-02-25,0,8,8,0.0,1833.2505963140798
2026-02-26,0,8,8,0.0,1831.2132126333083
2026-02-27,0,8,8,0.0,1802.9143315784222
2026-03-02,0,8,8,0.0,1738.8519121773475
2026-03-04,0,8,8,0.0,1732.0783242907976
2026-03-05,0,8,8,0.0,1735.416252147543
2026-03-06,0,8,8,0.0,1722.8067637205957
2026-03-09,0,8,8,0.0,1703.1097214310264
2026-03-10,0,8,8,0.0,1757.116258478541
2026-03-11,0,8,8,0.0,1738.5171840951675
2026-03-12,0,8,8,0.0,1735.5538823100044
2026-03-13,0,8,8,0.0,1678.4050972909774
2026-03-16,0,8,8,0.0,1670.7975794759018
2026-03-17,0,8,8,0.0,1671.16222482572
2026-03-18,0,8,8,0.0,1728.387089601324
2026-03-19,0,8,8,0.0,1689.6099250799884
2026-03-20,0,8,8,0.0,1715.5001274440901
2026-03-23,0,8,8,0.0,1627.3496590672255
2026-03-24,0,8,8,0.0,1678.9627379795293
2026-03-25,0,8,8,0.0,1717.3679567063932
2026-03-27,0,8,8,0.0,1671.6420803849674
2026-03-30,0,8,8,0.0,1610.554411221502
2026-04-01,0,8,8,0.0,1705.711275076433
2026-04-02,0,8,8,0.0,1715.0943954333777
2026-04-06,0,8,8,0.0,1713.5139520562525
2026-04-07,0,8,8,0.0,1735.6602713119476
2026-04-08,0,8,8,0.0,1831.2960152535065
2026-04-09,0,8,8,0.0,1804.7291713378897
2026-04-10,0,8,8,0.0,1826.3012577603201
2026-04-13,0,8,8,0.0,1813.8886521751174
2026-04-15,0,8,8,0.0,1911.94592502924
2026-04-16,0,8,8,0.0,1939.3797220862255
2026-04-17,0,8,8,0.0,1952.36696867149
2026-04-20,0,8,8,0.0,1909.714722509759
2026-04-21,0,8,8,0.0,1913.9610456973535
2026-04-22,0,8,8,0.0,1909.3549044921594
2026-04-23,0,8,8,0.0,1874.2501191755366
2026-04-24,0,8,8,0.0,1823.5808924535713
2026-04-27,0,8,8,0.0,1854.0797959307945
2026-04-28,0,8,8,0.0,1827.0034329380992
2026-04-29,0,8,8,0.0,1825.33936705046
2026-04-30,0,8,8,0.0,1800.541927347847
2026-05-04,0,8,8,0.0,1813.5956117469996
2026-05-05,0,8,8,0.0,1802.3013362958277
2026-05-06,0,8,8,0.0,1849.6055679064402
2026-05-07,0,8,8,0.0,1861.009776780911
2026-05-08,0,8,8,0.0,1829.5851585747887
2026-05-11,0,8,8,0.0,1773.1143634613159
2026-05-12,0,8,8,0.0,1718.5700540094426
2026-05-13,0,8,8,0.0,1734.1624659750091
2026-05-14,0,8,8,0.0,1715.9354260285713
2026-05-15,0,8,8,0.0,1706.5017215449818
2026-05-18,0,8,8,0.0,1684.5446267655923
2026-05-19,0,8,8,0.0,1707.8479930890787
2026-05-20,0,8,8,0.0,1711.0192010579253
2026-05-21,0,8,8,0.0,1720.8625095774732
2026-05-22,0,8,8,0.0,1738.6116684666656
2026-05-25,0,8,8,0.0,1762.0190843338632
2026-05-26,0,8,8,0.0,1751.900739955904
2026-05-27,0,8,8,0.0,1730.5089690572565
2026-05-29,0,8,8,0.0,1730.4865369360978
2026-06-01,0,8,8,0.0,1725.669159985686
2026-06-02,0,8,8,0.0,1724.3091057384227
2026-06-03,0,8,8,0.0,1703.4096211475394
2026-06-04,0,8,8,0.0,1710.1453978029397
2026-06-05,0,8,8,0.0,1719.7200232441717
2026-06-08,0,8,8,0.0,1716.7769404903606
2026-06-09,0,8,8,0.0,1755.4042676005995
2026-06-10,0,8,8,0.0,1740.1442289443196
2026-06-11,0,8,8,0.0,1726.702348012029
2026-06-12,0,8,8,0.0,1813.3175885673068
2026-06-15,1,7,8,12.5,1852.4596943491272
2026-06-22,1,7,8,12.5,1922.2557568164973
2026-06-23,1,7,8,12.5,1896.0643506379888
2026-06-24,2,6,8,25.0,1892.3685690920775
2026-06-25,2,6,8,25.0,1902.5123610360129
2026-06-29,1,7,8,12.5,1877.874342976996
2026-06-30,1,7,8,12.5,1889.516892271977
2026-07-01,1,7,8,12.5,1915.8967301330183
2026-07-02,1,7,8,12.5,1934.8625288173068
2026-07-03,1,7,8,12.5,1939.3324113680017
2026-07-06,1,7,8,12.5,1925.9739793097608
2026-07-07,1,7,8,12.5,1904.04965677853
2026-07-08,1,7,8,12.5,1841.769946014617
2026-07-09,1,7,8,12.5,1854.50633122036
2026-07-10,1,7,8,12.5,1874.5461031971665
2026-07-13,1,7,8,12.5,1885.1575316345127
2026-07-14,1,7,8,12.5,1849.1261605469556
2026-07-15,2,6,8,25.0,1864.4931691190034
2026-07-16,1,7,8,12.5,1852.5003280257536
2026-07-17,1,7,8,12.5,1851.0041252414978
2026-07-20,1,7,8,12.5,1841.5919068303424
2026-07-21,1,7,8,12.5,1843.8100799477656
2026-07-22,1,7,8,12.5,1822.2178275951505
2026-07-23,1,7,8,12.5,1806.5813928205337
2026-07-24,1,7,8,12.5,1802.7000253809288
2026-07-27,1,7,8,12.5,1836.7093256509331
2026-07-28,1,7,8,12.5,1816.516556610375
2026-07-29,1,7,8,12.5,1840.6473152132883
2026-07-30,1,7,8,12.5,1825.5053511969709
2026-07-31,1,7,8,12.5,1856.4045442732106
2026-08-03,2,6,8,25.0,1916.7247061394758
2026-08-04,2,6,8,25.0,1912.1312783055914
2026-08-05,2,6,8,25.0,1946.062222459663
2026-08-06,2,6,8,25.0,1942.4473476075736
2026-08-07,2,6,8,25.0,1907.1017055211094
2026-08-10,2,6,8,25.0,1900.7208601778746
2026-08-11,2,6,8,25.0,1925.9745969406563
2026-08-12,2,6,8,25.0,1913.4469140323538
2026-08-13,2,6,8,25.0,1903.3896137012093
2026-08-14,2,6,8,25.0,1906.5214689941745
2026-08-17,2,6,8,25.0,1902.7332184945976
2026-08-18,1,7,8,12.5,1895.400780969835
2026-08-19,2,6,8,25.0,1891.085073428816
2026-08-20,2,6,8,25.0,1904.7031181274563
2026-08-21,3,5,8,37.5,1953.7044453138883
2026-08-24,3,5,8,37.5,1920.6832805118431
2026-08-25,3,5,8,37.5,1919.0560156612983
2026-08-26,3,5,8,37.5,1916.8189094282984
2026-08-27,3,5,8,37.5,1954.9109444704395
2026-08-28,3,5,8,37.5,1943.6681297391974
2026-08-31,3,5,8,37.5,1935.481948938989
2026-09-01,3,5,8,37.5,1929.430621958344
2026-09-02,3,5,8,37.5,1912.3266054954809
2026-09-03,3,5,8,37.5,1927.894829501608
2026-09-04,3,5,8,37.5,1948.4896294834475
