Date,Above,Below,Total,Percentage,Index_Close
2014-08-07,5,0,5,100.0,124.71818428366322
2014-08-08,5,0,5,100.0,122.84946618376893
2014-08-11,5,0,5,100.0,122.45752124109455
2014-08-12,5,0,5,100.0,122.5999534338988
2014-08-13,5,0,5,100.0,119.70939651399529
2014-08-14,5,0,5,100.0,120.11993336468296
2014-08-18,5,0,5,100.0,124.13745901973657
2014-08-19,5,0,5,100.0,126.39604847681791
2014-08-20,5,0,5,100.0,125.12386302689109
2014-08-21,5,0,5,100.0,125.41463021252646
2014-08-22,5,0,5,100.0,124.73589334247255
2014-08-25,5,0,5,100.0,123.32880243353952
2014-08-26,5,0,5,100.0,122.19123969796648
2014-08-27,5,0,5,100.0,125.45215283609849
2014-08-28,5,0,5,100.0,126.13369003764777
2014-09-01,5,0,5,100.0,129.32770392121083
2014-09-02,5,0,5,100.0,130.3392411881919
2014-09-03,5,0,5,100.0,130.51677834479312
2014-09-04,5,0,5,100.0,129.8442775765799
2014-09-05,5,0,5,100.0,130.409831208917
2014-09-08,5,0,5,100.0,132.70209887442178
2014-09-09,5,0,5,100.0,138.3765970838824
2014-09-10,5,0,5,100.0,139.68664821291776
2014-09-11,5,0,5,100.0,138.98738553968812
2014-09-12,5,0,5,100.0,145.7284300869292
2014-09-15,5,0,5,100.0,144.58432390858718
2014-09-16,5,0,5,100.0,139.8931840035983
2014-09-17,5,0,5,100.0,139.71887309993127
2014-09-18,5,0,5,100.0,144.19178071381248
2014-09-19,5,0,5,100.0,147.44871584234463
2014-09-22,5,0,5,100.0,146.66714143697936
2014-09-23,5,0,5,100.0,141.64449033893166
2014-09-24,5,0,5,100.0,138.80626042089588
2014-09-25,5,0,5,100.0,135.83655190228058
2014-09-26,5,0,5,100.0,136.6565610302172
2014-09-29,5,0,5,100.0,136.90283513210534
2014-09-30,5,0,5,100.0,137.93721527022677
2014-10-01,5,0,5,100.0,137.10279394701445
2014-10-07,5,0,5,100.0,137.20742015802318
2014-10-08,5,0,5,100.0,135.2541505812562
2014-10-09,5,0,5,100.0,137.8352021635329
2014-10-10,5,0,5,100.0,134.50081630176268
2014-10-13,5,0,5,100.0,134.77105218907855
2014-10-14,4,1,5,80.0,134.97644239171012
2014-10-16,4,1,5,80.0,129.76789902029154
2014-10-17,4,1,5,80.0,131.85022971204276
2014-10-20,4,1,5,80.0,133.15538520496085
2014-10-21,4,1,5,80.0,134.17882786627058
2014-10-22,4,1,5,80.0,134.8536333895146
2014-10-23,4,1,5,80.0,136.05744490700013
2014-10-27,4,1,5,80.0,138.76381523223395
2014-10-28,4,1,5,80.0,139.07270357144895
2014-10-29,4,1,5,80.0,138.413463602001
2014-10-30,4,1,5,80.0,140.06820224965006
2014-10-31,4,1,5,80.0,141.1041322828981
2014-11-03,4,1,5,80.0,142.48243629513712
2014-11-05,5,0,5,100.0,142.68548868677868
2014-11-07,4,1,5,80.0,144.17693032251617
2014-11-10,4,1,5,80.0,145.82516458983653
2014-11-11,4,1,5,80.0,145.05474951696874
2014-11-12,4,1,5,80.0,146.6659788464063
2014-11-13,4,1,5,80.0,145.60785445253856
2014-11-14,4,1,5,80.0,145.0161615335251
2014-11-17,4,1,5,80.0,145.7254883216626
2014-11-18,4,1,5,80.0,148.10239093511595
2014-11-19,4,1,5,80.0,145.00831172717926
2014-11-20,4,1,5,80.0,145.09546490021887
2014-11-21,4,1,5,80.0,145.7285936956382
2014-11-24,4,1,5,80.0,145.09356107765686
2014-11-25,4,1,5,80.0,142.02963140779647
2014-11-26,4,1,5,80.0,141.9620292513537
2014-11-27,4,1,5,80.0,142.83058003643004
2014-11-28,4,1,5,80.0,140.29853916211306
2014-12-01,4,1,5,80.0,136.5721186953239
2014-12-02,4,1,5,80.0,139.89861094211648
2014-12-03,4,1,5,80.0,139.8990406800097
2014-12-04,4,1,5,80.0,139.22514332878075
2014-12-05,4,1,5,80.0,137.24674095220365
2014-12-08,3,2,5,60.0,133.47736017538602
2014-12-09,3,2,5,60.0,130.24058075048399
2014-12-10,3,2,5,60.0,129.47976445575827
2014-12-11,2,3,5,40.0,129.2875266879825
2014-12-12,2,3,5,40.0,127.67631098587206
2014-12-15,2,3,5,40.0,126.27278651864624
2014-12-16,2,3,5,40.0,123.6830470915407
2014-12-17,2,3,5,40.0,121.6209582418482
2014-12-18,2,3,5,40.0,126.00941994983394
2014-12-19,2,3,5,40.0,125.86009039827242
2014-12-22,3,2,5,60.0,127.60661951796133
2014-12-23,4,1,5,80.0,128.0670488341101
2014-12-24,3,2,5,60.0,127.80649051456774
2014-12-26,3,2,5,60.0,127.42910302301776
2014-12-29,3,2,5,60.0,127.13036763249124
2014-12-30,3,2,5,60.0,126.98212655607826
2014-12-31,3,2,5,60.0,129.70088100910527
2015-01-01,4,1,5,80.0,135.4469702051849
2015-01-02,4,1,5,80.0,137.25535132495287
2015-01-05,3,2,5,60.0,137.17265015135328
2015-01-06,3,2,5,60.0,131.9567675319579
2015-01-07,3,2,5,60.0,133.64572951918777
2015-01-08,4,1,5,80.0,134.56476646635394
2015-01-09,2,3,5,40.0,132.81004089047664
2015-01-12,2,3,5,40.0,133.53404069646305
2015-01-13,2,3,5,40.0,132.26534933530755
2015-01-14,3,2,5,60.0,137.339537647862
2015-01-15,4,1,5,80.0,139.0365979231418
2015-01-16,3,2,5,60.0,136.12752024906644
2015-01-19,3,2,5,60.0,138.00762328748502
2015-01-20,3,2,5,60.0,140.82581722880875
2015-01-21,5,0,5,100.0,142.6529473854016
2015-01-22,4,1,5,80.0,142.0620407603766
2015-01-23,4,1,5,80.0,144.75263339942146
2015-01-27,4,1,5,80.0,143.78482354685735
2015-01-28,4,1,5,80.0,139.59375112606867
2015-01-29,4,1,5,80.0,139.70643125669554
2015-01-30,4,1,5,80.0,136.90485363549968
2015-02-02,3,2,5,60.0,136.27657746631056
2015-02-03,4,1,5,80.0,136.932505852591
2015-02-04,4,1,5,80.0,136.53563882978378
2015-02-05,4,1,5,80.0,134.05810805259958
2015-02-06,4,1,5,80.0,132.28619544211318
2015-02-09,3,2,5,60.0,129.4448507254976
2015-02-10,2,3,5,40.0,128.09472659685517
2015-02-11,3,2,5,60.0,130.23602950596532
2015-02-12,3,2,5,60.0,133.86492664640667
2015-02-13,3,2,5,60.0,132.80582253090628
2015-02-16,3,2,5,60.0,133.17972353819144
2015-02-18,3,2,5,60.0,136.379767779918
2015-02-19,3,2,5,60.0,135.45549532912742
2015-02-20,2,3,5,40.0,136.85708480296853
2015-02-23,3,2,5,60.0,134.61034446313235
2015-02-24,2,3,5,40.0,133.41103254110115
2015-02-25,3,2,5,60.0,134.5516684701247
2015-02-26,3,2,5,60.0,133.6095940950249
2015-02-27,3,2,5,60.0,138.04843492955544
2015-02-28,3,2,5,60.0,135.62646108008184
2015-03-02,3,2,5,60.0,135.80831186337377
2015-03-03,3,2,5,60.0,139.61583678413
2015-03-04,3,2,5,60.0,136.95543598371077
2015-03-05,2,3,5,40.0,135.789350333383
2015-03-09,2,3,5,40.0,132.94113854073402
2015-03-10,4,1,5,80.0,136.22292809175983
2015-03-11,4,1,5,80.0,140.0963003151267
2015-03-12,4,1,5,80.0,143.3945410509914
2015-03-13,4,1,5,80.0,142.2744547279805
2015-03-16,4,1,5,80.0,138.87964924224852
2015-03-17,4,1,5,80.0,139.74886625778797
2015-03-18,4,1,5,80.0,139.1590080360602
2015-03-19,4,1,5,80.0,138.05107585275408
2015-03-20,3,2,5,60.0,134.5936604506711
2015-03-23,3,2,5,60.0,132.67181014349444
2015-03-24,3,2,5,60.0,132.322084799288
2015-03-25,3,2,5,60.0,132.70791411710465
2015-03-26,3,2,5,60.0,133.00895548558037
2015-03-27,3,2,5,60.0,128.86884472300477
2015-03-30,3,2,5,60.0,134.38635290681603
2015-03-31,3,2,5,60.0,135.17048445315132
2015-04-01,3,2,5,60.0,139.9281516474737
2015-04-06,3,2,5,60.0,140.54535434288732
2015-04-07,3,2,5,60.0,141.53081464224724
2015-04-08,4,1,5,80.0,145.5268729137755
2015-04-09,4,1,5,80.0,145.81742772926862
2015-04-10,4,1,5,80.0,147.63295364985882
2015-04-13,4,1,5,80.0,150.1404872435938
2015-04-15,4,1,5,80.0,151.5077543983087
2015-04-16,4,1,5,80.0,149.7167461912287
2015-04-17,4,1,5,80.0,147.731360575161
2015-04-20,3,2,5,60.0,143.6958948551087
2015-04-21,3,2,5,60.0,140.98809883760893
2015-04-22,3,2,5,60.0,141.12872481615756
2015-04-23,3,2,5,60.0,140.93078859796384
2015-04-24,3,2,5,60.0,138.52943544488065
2015-04-27,3,2,5,60.0,135.35023447433807
2015-04-28,3,2,5,60.0,138.06823920957424
2015-04-29,3,2,5,60.0,135.4366455020366
2015-04-30,3,2,5,60.0,134.5692437035776
2015-05-04,3,2,5,60.0,137.5328978066849
2015-05-05,3,2,5,60.0,136.85446066630539
2015-05-06,3,2,5,60.0,134.06383784686443
2015-05-07,3,2,5,60.0,131.8953712744304
2015-05-08,3,2,5,60.0,133.09703771255747
2015-05-11,3,2,5,60.0,134.00201863236714
2015-05-12,3,2,5,60.0,131.35327573321706
2015-05-13,3,2,5,60.0,131.72767828453578
2015-05-14,3,2,5,60.0,132.63730517064033
2015-05-15,3,2,5,60.0,133.65922203096468
2015-05-18,3,2,5,60.0,137.54655298525967
2015-05-19,3,2,5,60.0,138.30851984279764
2015-05-20,3,2,5,60.0,137.2951735820529
2015-05-21,3,2,5,60.0,136.01359522517456
2015-05-22,3,2,5,60.0,134.15668426467008
2015-05-25,3,2,5,60.0,133.69174707963268
2015-05-26,3,2,5,60.0,132.68382950409924
2015-05-27,3,2,5,60.0,132.73136425432767
2015-05-28,3,2,5,60.0,131.84827969790018
2015-05-29,3,2,5,60.0,135.5946226551347
2015-06-01,3,2,5,60.0,135.0343300365695
2015-06-02,3,2,5,60.0,132.93772797598044
2015-06-03,2,3,5,40.0,129.3615209770074
2015-06-04,2,3,5,40.0,129.15828044470734
2015-06-05,2,3,5,40.0,130.00205252106042
2015-06-08,2,3,5,40.0,127.03603876355646
2015-06-09,2,3,5,40.0,127.70534882573459
2015-06-10,2,3,5,40.0,128.84724205218373
2015-06-11,2,3,5,40.0,125.7112584119945
2015-06-12,2,3,5,40.0,126.45191873169168
2015-06-15,2,3,5,40.0,127.30976399507121
2015-06-16,3,2,5,60.0,128.84567389232066
2015-06-17,3,2,5,60.0,130.02441553182297
2015-06-18,3,2,5,60.0,131.81195195381997
2015-06-19,3,2,5,60.0,132.95458123240397
2015-06-22,3,2,5,60.0,133.39316490177973
2015-06-23,3,2,5,60.0,135.08906348916045
2015-06-24,3,2,5,60.0,132.7465665374035
2015-06-25,3,2,5,60.0,132.77319095813735
2015-06-26,3,2,5,60.0,132.31593025200613
2015-06-29,3,2,5,60.0,134.07891320006817
2015-06-30,3,2,5,60.0,135.88581529674389
2015-07-01,3,2,5,60.0,136.4633548940483
2015-07-02,3,2,5,60.0,139.22734064509135
2015-07-03,3,2,5,60.0,139.76419928203774
2015-07-06,3,2,5,60.0,138.75119980643353
2015-07-07,3,2,5,60.0,139.11005041867796
2015-07-08,3,2,5,60.0,137.72423085842777
2015-07-09,3,2,5,60.0,141.30088345378556
2015-07-10,3,2,5,60.0,140.3882156753831
2015-07-13,3,2,5,60.0,141.0721220111252
2015-07-14,3,2,5,60.0,140.89556311663353
2015-07-15,3,2,5,60.0,141.5256479340784
2015-07-16,3,2,5,60.0,141.61038086244255
2015-07-17,3,2,5,60.0,142.59968847586293
2015-07-20,4,1,5,80.0,148.42742027395147
2015-07-21,3,2,5,60.0,146.27418991706455
2015-07-22,3,2,5,60.0,146.29875040949395
2015-07-23,3,2,5,60.0,146.35751176436966
2015-07-24,3,2,5,60.0,144.95995873456295
2015-07-27,3,2,5,60.0,140.4339922965271
2015-07-28,3,2,5,60.0,139.33443065295356
2015-07-29,3,2,5,60.0,137.7129210571543
2015-07-30,3,2,5,60.0,138.63589503227004
2015-07-31,3,2,5,60.0,140.27649326893794
2015-08-03,3,2,5,60.0,139.35260340961392
2015-08-04,2,3,5,40.0,137.83574067394457
2015-08-05,2,3,5,40.0,139.69454719274282
2015-08-06,3,2,5,60.0,141.5144289741684
2015-08-07,2,3,5,40.0,140.53118867939287
2015-08-10,2,3,5,40.0,137.0005670042107
2015-08-11,2,3,5,40.0,134.82076646856902
2015-08-12,1,4,5,20.0,131.56864921814343
2015-08-13,0,5,5,0.0,130.306970184457
2015-08-14,1,4,5,20.0,132.91532064568096
2015-08-17,1,4,5,20.0,132.47653458300303
2015-08-18,0,5,5,0.0,131.6777241627686
2015-08-19,0,5,5,0.0,131.09695768558615
2015-08-20,0,5,5,0.0,128.58864536764275
2015-08-21,0,5,5,0.0,127.52569138126763
2015-08-24,0,5,5,0.0,116.68863139063261
2015-08-25,0,5,5,0.0,117.3762473949876
2015-08-26,0,5,5,0.0,116.74441604598229
2015-08-27,0,5,5,0.0,120.52880122185101
2015-08-28,0,5,5,0.0,121.28266039227893
2015-08-31,0,5,5,0.0,121.05385771413522
2015-09-01,0,5,5,0.0,117.29853166955466
2015-09-02,0,5,5,0.0,117.23218940829642
2015-09-03,0,5,5,0.0,118.14489372542332
2015-09-04,0,5,5,0.0,116.27924619207583
2015-09-07,0,5,5,0.0,114.51259589283491
2015-09-08,0,5,5,0.0,115.97244447658817
2015-09-09,0,5,5,0.0,119.70179806303942
2015-09-10,0,5,5,0.0,118.49197521513663
2015-09-11,0,5,5,0.0,118.09567754635117
2015-09-14,0,5,5,0.0,118.99723773975477
2015-09-15,0,5,5,0.0,117.21357252357029
2015-09-16,0,5,5,0.0,117.76460229306387
2015-09-18,0,5,5,0.0,117.80430013040714
2015-09-21,0,5,5,0.0,120.40641030320639
2015-09-22,0,5,5,0.0,121.03323518247129
2015-09-23,0,5,5,0.0,119.93529394543867
2015-09-24,0,5,5,0.0,118.94235095802385
2015-09-28,0,5,5,0.0,118.05747381113412
2015-09-29,0,5,5,0.0,117.5409484706691
2015-09-30,0,5,5,0.0,120.79843414958643
2015-10-01,0,5,5,0.0,120.56924009232644
2015-10-05,0,5,5,0.0,123.68071967676732
2015-10-06,0,5,5,0.0,124.43094082353896
2015-10-07,0,5,5,0.0,125.55338803654763
2015-10-08,1,4,5,20.0,126.70923544766191
2015-10-09,1,4,5,20.0,127.02248637191298
2015-10-12,0,5,5,0.0,127.18640818453028
2015-10-13,1,4,5,20.0,128.18564244556384
2015-10-14,0,5,5,0.0,127.12265008421215
2015-10-15,1,4,5,20.0,128.5976525866933
2015-10-16,1,4,5,20.0,128.57971283338287
2015-10-19,1,4,5,20.0,129.55532940099238
2015-10-20,2,3,5,40.0,130.8030984262318
2015-10-21,1,4,5,20.0,132.78479055701646
2015-10-23,1,4,5,20.0,128.40313907569956
2015-10-26,1,4,5,20.0,127.50744545220871
2015-10-27,1,4,5,20.0,127.27666536667313
2015-10-28,1,4,5,20.0,126.88200801545186
2015-10-29,1,4,5,20.0,128.14522864666412
2015-10-30,1,4,5,20.0,126.46538310132809
2015-11-02,1,4,5,20.0,126.36998203466732
2015-11-03,1,4,5,20.0,126.88992786777018
2015-11-04,1,4,5,20.0,127.11780999233953
2015-11-05,1,4,5,20.0,123.32394914140987
2015-11-06,1,4,5,20.0,123.29275813753813
2015-11-09,1,4,5,20.0,123.10040589466762
2015-11-10,1,4,5,20.0,121.1791915759421
2015-11-11,1,4,5,20.0,123.04960518697948
2015-11-13,1,4,5,20.0,122.96892584782249
2015-11-16,2,3,5,40.0,124.2388939363851
2015-11-17,1,4,5,20.0,123.7115619671153
2015-11-18,1,4,5,20.0,124.39466392532556
2015-11-19,2,3,5,40.0,126.29528452776813
2015-11-20,2,3,5,40.0,129.61723263933607
2015-11-23,2,3,5,40.0,133.95487949319417
2015-11-24,2,3,5,40.0,133.973025347496
2015-11-26,2,3,5,40.0,138.97180625835915
2015-11-27,2,3,5,40.0,140.68455066409967
2015-11-30,2,3,5,40.0,138.51129981417742
2015-12-01,2,3,5,40.0,139.77296966483962
2015-12-02,3,2,5,60.0,140.22775283524604
2015-12-03,2,3,5,40.0,141.36119554876535
2015-12-04,2,3,5,40.0,141.362808620762
2015-12-07,2,3,5,40.0,140.9129042613977
2015-12-08,2,3,5,40.0,139.86310296871176
2015-12-09,2,3,5,40.0,132.97697304075334
2015-12-10,2,3,5,40.0,136.85108574765397
2015-12-11,2,3,5,40.0,134.59192921073998
2015-12-14,2,3,5,40.0,135.35214222376058
2015-12-15,2,3,5,40.0,135.02775402243714
2015-12-16,2,3,5,40.0,137.5814735518026
2015-12-17,2,3,5,40.0,138.9720098383381
2015-12-18,2,3,5,40.0,139.26036426800314
2015-12-21,2,3,5,40.0,141.19943242499548
2015-12-22,2,3,5,40.0,142.67926314134036
2015-12-23,3,2,5,60.0,145.88797133518398
2015-12-24,3,2,5,60.0,150.37994146854663
2015-12-28,3,2,5,60.0,146.76360057101948
2015-12-29,3,2,5,60.0,146.08299576459325
2015-12-30,3,2,5,60.0,147.39604691044298
2015-12-31,3,2,5,60.0,149.30631618935212
2016-01-01,3,2,5,60.0,150.48201729613385
2016-01-04,3,2,5,60.0,145.2856877998251
2016-01-05,3,2,5,60.0,146.26381354599278
2016-01-06,3,2,5,60.0,145.1614957061664
2016-01-07,3,2,5,60.0,140.6720653558429
2016-01-08,3,2,5,60.0,142.38379376041408
2016-01-11,3,2,5,60.0,140.88659405288163
2016-01-12,3,2,5,60.0,138.8924353651807
2016-01-13,3,2,5,60.0,134.01330581026073
2016-01-14,3,2,5,60.0,133.4907524940308
2016-01-15,1,4,5,20.0,127.37325307533047
2016-01-18,1,4,5,20.0,122.1341204774293
2016-01-19,1,4,5,20.0,126.07515085495591
2016-01-20,1,4,5,20.0,123.3287903787504
2016-01-21,1,4,5,20.0,123.70018341320372
2016-01-22,1,4,5,20.0,123.32144452673555
2016-01-25,1,4,5,20.0,123.48641585410967
2016-01-27,1,4,5,20.0,124.47046963326723
2016-01-28,1,4,5,20.0,124.37406644471076
2016-01-29,1,4,5,20.0,123.0987747252132
2016-02-01,1,4,5,20.0,125.74076449129174
2016-02-02,1,4,5,20.0,123.94308314811562
2016-02-03,1,4,5,20.0,120.71113918179952
2016-02-04,1,4,5,20.0,119.38259870587325
2016-02-05,1,4,5,20.0,121.03072007234057
2016-02-08,1,4,5,20.0,121.551365321309
2016-02-09,1,4,5,20.0,119.75309577512765
2016-02-10,1,4,5,20.0,116.99573185821022
2016-02-11,0,5,5,0.0,113.16691183773209
2016-02-12,0,5,5,0.0,115.03424313133831
2016-02-15,1,4,5,20.0,117.32001716628562
2016-02-16,1,4,5,20.0,114.75362138866355
2016-02-17,1,4,5,20.0,115.36893291663046
2016-02-18,1,4,5,20.0,115.07485816964996
2016-02-19,1,4,5,20.0,115.79686082745486
2016-02-22,1,4,5,20.0,118.32269327115755
2016-02-23,1,4,5,20.0,116.36571101659638
2016-02-24,1,4,5,20.0,115.3786079436327
2016-02-25,0,5,5,0.0,113.88897048560054
2016-02-26,0,5,5,0.0,112.31107470298744
2016-02-29,0,5,5,0.0,110.83017816605296
2016-03-01,0,5,5,0.0,113.34240361412502
2016-03-02,0,5,5,0.0,115.32810885686395
2016-03-03,1,4,5,20.0,119.36862881077552
2016-03-04,1,4,5,20.0,118.56166733905684
2016-03-08,1,4,5,20.0,117.23926057525776
2016-03-09,1,4,5,20.0,118.96681912432146
2016-03-10,1,4,5,20.0,118.7853630340283
2016-03-11,1,4,5,20.0,117.96480460434692
2016-03-14,1,4,5,20.0,118.82389995977765
2016-03-15,1,4,5,20.0,118.46120672533618
2016-03-16,1,4,5,20.0,117.51110903170388
2016-03-17,1,4,5,20.0,119.5909344643102
2016-03-18,1,4,5,20.0,120.08868567047205
2016-03-21,1,4,5,20.0,124.55841768313911
2016-03-22,1,4,5,20.0,124.59665926443937
2016-03-23,3,2,5,60.0,126.74451770281392
2016-03-28,1,4,5,20.0,123.58924780170074
2016-03-29,1,4,5,20.0,124.06729313385453
2016-03-30,1,4,5,20.0,126.25640586676346
2016-03-31,1,4,5,20.0,125.61233178923104
2016-04-01,1,4,5,20.0,125.32216613308375
2016-04-04,2,3,5,40.0,128.59991945160533
2016-04-05,1,4,5,20.0,123.654950004252
2016-04-06,1,4,5,20.0,125.46939142144669
2016-04-07,1,4,5,20.0,124.49894219697069
2016-04-08,1,4,5,20.0,125.52634437769134
2016-04-11,1,4,5,20.0,128.13566916740342
2016-04-12,1,4,5,20.0,130.0440772604478
2016-04-13,2,3,5,40.0,130.42526288322594
2016-04-18,2,3,5,40.0,132.24005357983606
2016-04-20,3,2,5,60.0,131.91966089253432
2016-04-21,3,2,5,60.0,131.48258727810097
2016-04-22,3,2,5,60.0,131.9385696299772
2016-04-25,3,2,5,60.0,132.8523590997508
2016-04-26,3,2,5,60.0,135.2808869957561
2016-04-27,4,1,5,80.0,139.34394306735908
2016-04-28,3,2,5,60.0,136.71329411019258
2016-04-29,3,2,5,60.0,133.57939133865375
2016-05-02,3,2,5,60.0,133.51468828805093
2016-05-03,3,2,5,60.0,134.86147019033726
2016-05-04,3,2,5,60.0,133.58495759152126
2016-05-05,3,2,5,60.0,132.8643188638422
2016-05-06,3,2,5,60.0,132.4069750318858
2016-05-09,3,2,5,60.0,133.17671217400465
2016-05-10,3,2,5,60.0,133.1066091587087
2016-05-11,3,2,5,60.0,131.03851061472201
2016-05-12,3,2,5,60.0,131.93003875545588
2016-05-13,3,2,5,60.0,130.822960133791
2016-05-16,3,2,5,60.0,130.3405147217453
2016-05-17,3,2,5,60.0,131.05029860426788
2016-05-18,3,2,5,60.0,131.8678383303213
2016-05-19,3,2,5,60.0,129.136680613102
2016-05-20,2,3,5,40.0,128.71266718687664
2016-05-23,3,2,5,60.0,129.01137922916718
2016-05-24,3,2,5,60.0,126.96679978559251
2016-05-25,3,2,5,60.0,130.011745567226
2016-05-26,3,2,5,60.0,132.30799882782597
2016-05-27,3,2,5,60.0,133.83726034116467
2016-05-30,3,2,5,60.0,134.8779468432241
2016-05-31,3,2,5,60.0,133.27507961522696
2016-06-01,3,2,5,60.0,133.63425072162974
2016-06-02,3,2,5,60.0,134.20398002076539
2016-06-03,3,2,5,60.0,129.81982796260795
2016-06-06,3,2,5,60.0,128.84412755997192
2016-06-07,3,2,5,60.0,131.3746794418271
2016-06-08,3,2,5,60.0,133.18979067961848
2016-06-09,3,2,5,60.0,132.34469598845226
2016-06-10,3,2,5,60.0,132.15995595336324
2016-06-13,3,2,5,60.0,129.25964279604062
2016-06-14,4,1,5,80.0,130.81023399664187
2016-06-15,3,2,5,60.0,132.30001798821482
2016-06-16,3,2,5,60.0,130.28601708934266
2016-06-17,3,2,5,60.0,132.69067164608734
2016-06-20,3,2,5,60.0,134.930203765795
2016-06-21,4,1,5,80.0,135.4720662290983
2016-06-22,3,2,5,60.0,133.18393145936625
2016-06-23,3,2,5,60.0,132.84781840064176
2016-06-24,3,2,5,60.0,129.52537051905793
2016-06-27,3,2,5,60.0,130.46115172757325
2016-06-28,3,2,5,60.0,133.32888163654786
2016-06-29,4,1,5,80.0,135.93542885967688
2016-06-30,4,1,5,80.0,136.90997738355358
2016-07-01,4,1,5,80.0,136.87834556393256
2016-07-04,4,1,5,80.0,138.20847660707452
2016-07-05,4,1,5,80.0,138.3804960398653
2016-07-07,4,1,5,80.0,138.34166022562385
2016-07-08,4,1,5,80.0,135.11324669412753
2016-07-11,4,1,5,80.0,136.239814306607
2016-07-12,4,1,5,80.0,137.3175434615273
2016-07-13,4,1,5,80.0,136.19197003519744
2016-07-14,4,1,5,80.0,136.58533513257012
2016-07-15,4,1,5,80.0,137.6751363057035
2016-07-18,4,1,5,80.0,133.88089568710737
2016-07-19,3,2,5,60.0,134.32113681957225
2016-07-20,4,1,5,80.0,135.19984378248043
2016-07-21,3,2,5,60.0,134.44359112951517
2016-07-22,3,2,5,60.0,134.7392324588997
2016-07-25,3,2,5,60.0,137.61323543722753
2016-07-26,3,2,5,60.0,136.0409083003321
2016-07-27,3,2,5,60.0,135.48513966751466
2016-07-28,3,2,5,60.0,134.86944515192556
2016-07-29,3,2,5,60.0,132.86879714002754
2016-08-01,3,2,5,60.0,131.55786477510418
2016-08-02,2,3,5,40.0,131.8263716935743
2016-08-03,2,3,5,40.0,131.09375272488953
2016-08-04,2,3,5,40.0,131.74169407769344
2016-08-05,2,3,5,40.0,131.54042651397984
2016-08-08,2,3,5,40.0,130.14947933007252
2016-08-09,2,3,5,40.0,127.60083634942474
2016-08-10,2,3,5,40.0,127.50081735053631
2016-08-11,2,3,5,40.0,127.6821960906273
2016-08-12,2,3,5,40.0,127.25527060944539
2016-08-16,2,3,5,40.0,126.31816567399723
2016-08-17,2,3,5,40.0,126.65569566148744
2016-08-18,2,3,5,40.0,127.55613395173401
2016-08-19,2,3,5,40.0,130.49147018424705
2016-08-22,2,3,5,40.0,130.05340630990673
2016-08-23,2,3,5,40.0,131.51764167259864
2016-08-24,2,3,5,40.0,131.15471005003775
2016-08-25,2,3,5,40.0,130.62727270713077
2016-08-26,2,3,5,40.0,130.8903028354947
2016-08-29,2,3,5,40.0,129.78483832387758
2016-08-30,1,4,5,20.0,129.25733708977472
2016-08-31,1,4,5,20.0,128.86610519947817
2016-09-01,1,4,5,20.0,122.99937361914547
2016-09-02,1,4,5,20.0,124.05294263195077
2016-09-06,1,4,5,20.0,123.99105244630626
2016-09-07,1,4,5,20.0,123.89915104261664
2016-09-08,1,4,5,20.0,125.60512383425973
2016-09-09,1,4,5,20.0,124.81814107723763
2016-09-12,1,4,5,20.0,122.46599404194068
2016-09-14,1,4,5,20.0,123.70430865337295
2016-09-15,1,4,5,20.0,124.22751663265394
2016-09-16,1,4,5,20.0,123.8754892371046
2016-09-19,1,4,5,20.0,124.86304380010458
2016-09-20,1,4,5,20.0,123.96873259837776
2016-09-21,1,4,5,20.0,124.63971409653263
2016-09-22,1,4,5,20.0,125.09610108194993
2016-09-23,1,4,5,20.0,125.07947991532882
2016-09-26,1,4,5,20.0,123.12283615802819
2016-09-27,1,4,5,20.0,122.21032793709064
2016-09-28,1,4,5,20.0,124.99778654958698
2016-09-29,1,4,5,20.0,118.940497287786
2016-09-30,1,4,5,20.0,121.81097998252
2016-10-03,1,4,5,20.0,124.4346110091278
2016-10-04,1,4,5,20.0,125.24295926058902
2016-10-05,1,4,5,20.0,127.34509989674541
2016-10-06,1,4,5,20.0,127.12221105514578
2016-10-07,1,4,5,20.0,128.22610661708325
2016-10-10,1,4,5,20.0,130.86092014475878
2016-10-13,1,4,5,20.0,127.9042375019072
2016-10-14,1,4,5,20.0,127.28457496274925
2016-10-17,1,4,5,20.0,124.94382512125463
2016-10-18,1,4,5,20.0,126.16177516955985
2016-10-19,1,4,5,20.0,127.94721595404161
2016-10-20,1,4,5,20.0,128.2056397626423
2016-10-21,2,3,5,40.0,132.81145108611094
2016-10-24,3,2,5,60.0,136.19146913614358
2016-10-25,3,2,5,60.0,135.38418035416825
2016-10-26,2,3,5,40.0,135.7939111854915
2016-10-27,2,3,5,40.0,132.11923694371785
2016-10-28,2,3,5,40.0,132.96703500106335
2016-10-30,2,3,5,40.0,133.40773214143613
2016-11-01,2,3,5,40.0,133.24289457699388
2016-11-02,2,3,5,40.0,129.4946569839194
2016-11-03,2,3,5,40.0,127.81569982664716
2016-11-04,2,3,5,40.0,125.68356998192758
2016-11-07,2,3,5,40.0,126.0406865748133
2016-11-08,2,3,5,40.0,126.30515600960585
2016-11-09,1,4,5,20.0,123.25168248097218
2016-11-10,2,3,5,40.0,127.75467139035455
2016-11-11,1,4,5,20.0,122.75757319947984
2016-11-15,1,4,5,20.0,119.5640051393073
2016-11-16,1,4,5,20.0,121.27476251876487
2016-11-17,1,4,5,20.0,119.15381591248153
2016-11-18,1,4,5,20.0,120.09325299437683
2016-11-21,1,4,5,20.0,117.50489890888882
2016-11-22,1,4,5,20.0,119.22774460086572
2016-11-23,1,4,5,20.0,120.88842218121765
2016-11-24,1,4,5,20.0,120.44639393184498
2016-11-25,1,4,5,20.0,122.89960520729872
2016-11-28,1,4,5,20.0,126.90083165206165
2016-11-29,2,3,5,40.0,128.83028690450897
2016-11-30,1,4,5,20.0,128.4862756588631
2016-12-01,1,4,5,20.0,127.47551999578386
2016-12-02,1,4,5,20.0,127.05666319821529
2016-12-05,1,4,5,20.0,127.89912852996382
2016-12-06,1,4,5,20.0,129.11675048122186
2016-12-07,1,4,5,20.0,128.34111653536712
2016-12-08,1,4,5,20.0,130.1128206086206
2016-12-09,2,3,5,40.0,132.09237049908393
2016-12-12,2,3,5,40.0,129.81596455720938
2016-12-13,1,4,5,20.0,129.81635730204016
2016-12-14,1,4,5,20.0,128.6557906453172
2016-12-15,1,4,5,20.0,128.55983863834157
2016-12-16,1,4,5,20.0,128.26264876031195
2016-12-19,1,4,5,20.0,127.80611587972943
2016-12-20,1,4,5,20.0,124.31782672211243
2016-12-21,1,4,5,20.0,124.27762172337349
2016-12-22,1,4,5,20.0,121.78793353559779
2016-12-23,1,4,5,20.0,121.99648581196772
2016-12-26,1,4,5,20.0,119.00770509588467
2016-12-27,1,4,5,20.0,120.59146774138337
2016-12-28,1,4,5,20.0,120.88750340235525
2016-12-29,1,4,5,20.0,122.24971445424202
2016-12-30,1,4,5,20.0,123.50652519143368
2017-01-02,1,4,5,20.0,125.09503463840059
2017-01-03,1,4,5,20.0,123.84556568808432
2017-01-04,1,4,5,20.0,125.75574203249059
2017-01-05,1,4,5,20.0,127.47762173126227
2017-01-06,1,4,5,20.0,125.64494601105469
2017-01-09,1,4,5,20.0,126.57448097265176
2017-01-10,1,4,5,20.0,127.0670455702968
2017-01-11,1,4,5,20.0,127.67014125897107
2017-01-12,1,4,5,20.0,127.97487837934818
2017-01-13,1,4,5,20.0,126.83321969296595
2017-01-16,1,4,5,20.0,127.44564528194435
2017-01-17,1,4,5,20.0,126.81121004740436
2017-01-18,1,4,5,20.0,126.00645541233897
2017-01-19,1,4,5,20.0,127.07728773966738
2017-01-20,1,4,5,20.0,127.99435655347804
2017-01-23,1,4,5,20.0,128.3711112375966
2017-01-24,1,4,5,20.0,130.3068448119201
2017-01-25,1,4,5,20.0,129.79548961918704
2017-01-27,1,4,5,20.0,131.93447673108025
2017-01-30,3,2,5,60.0,142.50610662051565
2017-01-31,3,2,5,60.0,143.99021297528992
2017-02-01,3,2,5,60.0,143.79770450628357
2017-02-02,3,2,5,60.0,146.20345989594853
2017-02-03,3,2,5,60.0,147.85696230230138
2017-02-06,3,2,5,60.0,147.0018617780988
2017-02-07,3,2,5,60.0,146.737305427268
2017-02-08,3,2,5,60.0,147.2584084004927
2017-02-09,4,1,5,80.0,149.6518135855141
2017-02-10,4,1,5,80.0,148.1157048547338
2017-02-13,3,2,5,60.0,145.24408586790457
2017-02-14,3,2,5,60.0,145.93136006746127
2017-02-15,3,2,5,60.0,143.09190900933484
2017-02-16,3,2,5,60.0,143.85371496788267
2017-02-17,3,2,5,60.0,144.167475766817
2017-02-20,4,1,5,80.0,147.85570403953133
2017-02-21,4,1,5,80.0,147.77340756436507
2017-02-22,4,1,5,80.0,147.83518774708492
2017-02-23,4,1,5,80.0,151.36834904638542
2017-02-27,4,1,5,80.0,148.75764557570022
2017-02-28,4,1,5,80.0,156.031977364937
2017-03-01,4,1,5,80.0,161.6410936082117
2017-03-02,4,1,5,80.0,159.1686535947766
2017-03-03,4,1,5,80.0,158.91310589977022
2017-03-06,4,1,5,80.0,159.85025371052862
2017-03-07,4,1,5,80.0,157.59910522808795
2017-03-08,4,1,5,80.0,155.38173891907402
2017-03-09,4,1,5,80.0,156.1239973874235
2017-03-10,4,1,5,80.0,156.17119827694486
2017-03-14,4,1,5,80.0,155.02755704493117
2017-03-15,4,1,5,80.0,158.17437493567155
2017-03-16,4,1,5,80.0,158.53263757300485
2017-03-17,4,1,5,80.0,154.56074708565234
2017-03-20,4,1,5,80.0,150.80736758412502
2017-03-21,4,1,5,80.0,147.69343220504177
2017-03-22,4,1,5,80.0,145.2663727365004
2017-03-23,4,1,5,80.0,146.02603891611346
2017-03-24,4,1,5,80.0,146.33852083665323
2017-03-27,3,2,5,60.0,143.23384484507145
2017-03-28,3,2,5,60.0,142.92387566997314
2017-03-29,3,2,5,60.0,142.30409159489307
2017-03-30,3,2,5,60.0,142.52414313180256
2017-03-31,3,2,5,60.0,142.0741422865678
2017-04-03,3,2,5,60.0,142.4043480754497
2017-04-05,3,2,5,60.0,146.09835260102014
2017-04-06,3,2,5,60.0,144.85884549626027
2017-04-07,3,2,5,60.0,144.5643252065568
2017-04-10,3,2,5,60.0,144.5513819475857
2017-04-11,4,1,5,80.0,146.52498781762188
2017-04-12,4,1,5,80.0,146.45769426936218
2017-04-13,4,1,5,80.0,144.99308404103468
2017-04-17,4,1,5,80.0,144.29571427851843
2017-04-18,3,2,5,60.0,143.3335068863107
2017-04-19,3,2,5,60.0,142.69744311934605
2017-04-20,4,1,5,80.0,142.96356537974165
2017-04-21,4,1,5,80.0,142.74870220765544
2017-04-24,3,2,5,60.0,142.84149151304274
2017-04-25,3,2,5,60.0,143.8969382422117
2017-04-26,3,2,5,60.0,143.6759115328215
2017-04-27,3,2,5,60.0,143.0077225184061
2017-04-28,4,1,5,80.0,149.9851489877237
2017-05-02,4,1,5,80.0,151.04366124329655
2017-05-03,4,1,5,80.0,148.03120104951003
2017-05-04,4,1,5,80.0,147.14761161248717
2017-05-05,3,2,5,60.0,142.19207119368272
2017-05-08,5,0,5,100.0,147.53313770917856
2017-05-09,4,1,5,80.0,147.07804922253533
2017-05-10,5,0,5,100.0,149.77808324393865
2017-05-11,4,1,5,80.0,148.286772880843
2017-05-12,4,1,5,80.0,148.59657587058456
2017-05-15,3,2,5,60.0,146.189599657234
2017-05-16,4,1,5,80.0,146.54962085968447
2017-05-17,4,1,5,80.0,145.23664956243525
2017-05-18,4,1,5,80.0,143.5804128774554
2017-05-19,4,1,5,80.0,144.01915741471214
2017-05-22,4,1,5,80.0,143.96827055766371
2017-05-23,2,3,5,40.0,140.69733201028808
2017-05-24,2,3,5,40.0,136.5506736045555
2017-05-25,3,2,5,60.0,138.12970547429043
2017-05-26,3,2,5,60.0,139.14203240066877
2017-05-29,2,3,5,40.0,140.59335708737498
2017-05-30,2,3,5,40.0,139.38091340814543
2017-05-31,2,3,5,40.0,140.9064598408562
2017-06-01,2,3,5,40.0,140.42599141861814
2017-06-02,2,3,5,40.0,141.2921730903836
2017-06-05,2,3,5,40.0,142.76311755705223
2017-06-06,2,3,5,40.0,141.42247514357052
2017-06-07,2,3,5,40.0,141.5451194727881
2017-06-08,2,3,5,40.0,142.153230567937
2017-06-09,3,2,5,60.0,143.38534210090506
2017-06-12,2,3,5,40.0,140.9679974124459
2017-06-13,2,3,5,40.0,140.82183697307642
2017-06-14,2,3,5,40.0,139.69340394124913
2017-06-15,2,3,5,40.0,139.16571880530157
2017-06-16,2,3,5,40.0,139.5677225939263
2017-06-19,2,3,5,40.0,139.9880813000702
2017-06-20,3,2,5,60.0,146.12057523500212
2017-06-21,3,2,5,60.0,148.84533181070782
2017-06-22,3,2,5,60.0,147.64972163006968
2017-06-23,4,1,5,80.0,147.84658040977735
2017-06-27,3,2,5,60.0,146.37689769575036
2017-06-28,4,1,5,80.0,149.68983106710485
2017-06-29,5,0,5,100.0,150.97237935523867
2017-06-30,5,0,5,100.0,152.0584704808966
2017-07-03,5,0,5,100.0,152.48187373089564
2017-07-04,4,1,5,80.0,151.2176507975628
2017-07-05,4,1,5,80.0,152.65340103758638
2017-07-06,4,1,5,80.0,152.0851455148997
2017-07-07,3,2,5,60.0,158.94234595885814
2017-07-10,4,1,5,80.0,160.55525467088236
2017-07-11,3,2,5,60.0,155.73341388170894
2017-07-12,4,1,5,80.0,156.22325561933306
2017-07-13,4,1,5,80.0,157.53088511682805
2017-07-14,4,1,5,80.0,157.25639284372608
2017-07-17,4,1,5,80.0,157.71956985541848
2017-07-18,4,1,5,80.0,157.48344766781594
2017-07-19,4,1,5,80.0,164.56807455708693
2017-07-20,4,1,5,80.0,163.32925449722418
2017-07-21,4,1,5,80.0,159.9230133776349
2017-07-24,4,1,5,80.0,159.944647263389
2017-07-25,4,1,5,80.0,164.3736329833844
2017-07-26,4,1,5,80.0,166.36395880830648
2017-07-27,4,1,5,80.0,161.85001005075137
2017-07-28,4,1,5,80.0,162.4769922266616
2017-07-31,4,1,5,80.0,162.27349860976975
2017-08-01,4,1,5,80.0,160.06054702825537
2017-08-02,4,1,5,80.0,158.66698472667764
2017-08-03,4,1,5,80.0,156.03640936719637
2017-08-04,4,1,5,80.0,157.50653336806656
2017-08-07,4,1,5,80.0,159.16960038450964
2017-08-08,4,1,5,80.0,155.77964605957843
2017-08-09,4,1,5,80.0,152.153260662186
2017-08-10,3,2,5,60.0,146.82318062142713
2017-08-11,3,2,5,60.0,144.5838780915841
2017-08-14,3,2,5,60.0,148.0045673052053
2017-08-16,3,2,5,60.0,149.25024187394703
2017-08-17,3,2,5,60.0,151.69421261302145
2017-08-18,3,2,5,60.0,152.15709382812776
2017-08-21,3,2,5,60.0,149.79439230529275
2017-08-22,3,2,5,60.0,148.55988032355341
2017-08-23,3,2,5,60.0,151.79877247378698
2017-08-24,3,2,5,60.0,152.33878434869465
2017-08-28,3,2,5,60.0,154.11290547917397
2017-08-29,3,2,5,60.0,150.73968081612531
2017-08-30,3,2,5,60.0,152.58862530194136
2017-08-31,3,2,5,60.0,154.9542378205444
2017-09-01,3,2,5,60.0,156.26484442040137
2017-09-04,3,2,5,60.0,152.97598216682
2017-09-05,2,3,5,40.0,152.4993417387617
2017-09-06,3,2,5,60.0,152.22684524117864
2017-09-07,2,3,5,40.0,152.30091339359342
2017-09-08,2,3,5,40.0,151.79650759610257
2017-09-11,2,3,5,40.0,151.50022355741072
2017-09-12,3,2,5,60.0,152.33416425776701
2017-09-13,2,3,5,40.0,153.24951268269527
2017-09-14,3,2,5,60.0,153.90292125780306
2017-09-15,3,2,5,60.0,150.94445080736546
2017-09-18,3,2,5,60.0,151.5723018232918
2017-09-19,3,2,5,60.0,158.91649698645708
2017-09-20,3,2,5,60.0,157.98067771317343
2017-09-21,3,2,5,60.0,158.0365445159746
2017-09-22,2,3,5,40.0,156.79273196981774
2017-09-25,3,2,5,60.0,156.0617759170144
2017-09-26,2,3,5,40.0,156.1933271499967
2017-09-27,2,3,5,40.0,153.2961097276852
2017-09-28,2,3,5,40.0,151.52413173766038
2017-09-29,2,3,5,40.0,152.43438696798864
2017-10-03,3,2,5,60.0,149.26534254849508
2017-10-04,3,2,5,60.0,149.28070623823913
2017-10-05,3,2,5,60.0,149.95849846555842
2017-10-06,3,2,5,60.0,150.04442078183436
2017-10-09,2,3,5,40.0,143.60549524396512
2017-10-10,2,3,5,40.0,138.0526015239519
2017-10-11,2,3,5,40.0,138.10101803114233
2017-10-12,2,3,5,40.0,142.13066806918386
2017-10-13,2,3,5,40.0,148.85094364460204
2017-10-16,3,2,5,60.0,155.60747900906
2017-10-17,4,1,5,80.0,160.3939259250624
2017-10-18,4,1,5,80.0,160.64380743847858
2017-10-19,4,1,5,80.0,163.65103566383644
2017-10-23,4,1,5,80.0,170.75031857469722
2017-10-24,4,1,5,80.0,172.70681949620814
2017-10-25,5,0,5,100.0,175.03350548922478
2017-10-26,4,1,5,80.0,173.4439905273756
2017-10-27,4,1,5,80.0,170.65538574562927
2017-10-30,4,1,5,80.0,173.80616023645317
2017-10-31,4,1,5,80.0,175.5497448321255
2017-11-01,4,1,5,80.0,183.01847097559073
2017-11-02,4,1,5,80.0,186.4828671115567
2017-11-03,4,1,5,80.0,188.43544168105743
2017-11-06,4,1,5,80.0,186.69421184333464
2017-11-07,4,1,5,80.0,181.11675437586257
2017-11-08,4,1,5,80.0,178.64032249621297
2017-11-09,4,1,5,80.0,176.79724827767137
2017-11-10,5,0,5,100.0,177.34565527287415
2017-11-13,4,1,5,80.0,173.91080333654284
2017-11-14,4,1,5,80.0,173.9001024683732
2017-11-15,4,1,5,80.0,170.23541032560402
2017-11-16,4,1,5,80.0,173.77983167873552
2017-11-17,5,0,5,100.0,175.9383733344527
2017-11-20,5,0,5,100.0,178.0763180772539
2017-11-21,4,1,5,80.0,177.6946210309819
2017-11-22,4,1,5,80.0,175.7662465698887
2017-11-23,5,0,5,100.0,175.7682634687464
2017-11-24,4,1,5,80.0,175.24114054010104
2017-11-27,4,1,5,80.0,176.0605859379052
2017-11-28,3,2,5,60.0,174.16051549020585
2017-11-29,4,1,5,80.0,175.8086578773558
2017-11-30,4,1,5,80.0,175.628443165911
2017-12-01,4,1,5,80.0,171.97286449838586
2017-12-04,3,2,5,60.0,169.8738953230607
2017-12-05,3,2,5,60.0,168.8154115861055
2017-12-06,3,2,5,60.0,167.45167156738196
2017-12-07,3,2,5,60.0,174.50964015401692
2017-12-08,3,2,5,60.0,175.3341959102445
2017-12-11,4,1,5,80.0,178.96963107292817
2017-12-12,5,0,5,100.0,178.68700846088294
2017-12-13,4,1,5,80.0,175.75189841002222
2017-12-14,4,1,5,80.0,174.57649806544214
2017-12-15,3,2,5,60.0,175.2519450486311
2017-12-18,3,2,5,60.0,175.0322344754305
2017-12-19,3,2,5,60.0,178.89195461640196
2017-12-20,3,2,5,60.0,177.48529267099164
2017-12-21,3,2,5,60.0,178.43372439054957
2017-12-22,3,2,5,60.0,181.71948818057254
2017-12-26,3,2,5,60.0,182.7670484542686
2017-12-27,4,1,5,80.0,181.40543627925953
2017-12-28,3,2,5,60.0,181.53625054475472
2017-12-29,3,2,5,60.0,183.67254132261118
2018-01-01,4,1,5,80.0,184.1208209101518
2018-01-02,4,1,5,80.0,180.11223349297234
2018-01-03,3,2,5,60.0,181.35910376953092
2018-01-04,3,2,5,60.0,183.72155482571904
2018-01-05,3,2,5,60.0,189.18636386010812
2018-01-08,4,1,5,80.0,187.8949879735145
2018-01-09,3,2,5,60.0,185.9368416735298
2018-01-10,3,2,5,60.0,187.04599491592356
2018-01-11,3,2,5,60.0,186.0894768170921
2018-01-12,4,1,5,80.0,187.64027548949645
2018-01-15,4,1,5,80.0,187.11224347209102
2018-01-16,4,1,5,80.0,184.5915774973949
2018-01-17,4,1,5,80.0,183.37482121726362
2018-01-18,4,1,5,80.0,178.22672503007968
2018-01-19,4,1,5,80.0,178.40701014685214
2018-01-22,3,2,5,60.0,177.514139629087
2018-01-23,3,2,5,60.0,176.63264894575238
2018-01-24,3,2,5,60.0,170.8662792524669
2018-01-25,4,1,5,80.0,171.837021254669
2018-01-29,4,1,5,80.0,169.54273980973844
2018-01-30,3,2,5,60.0,169.13667029673326
2018-01-31,3,2,5,60.0,168.4605271951821
2018-02-01,3,2,5,60.0,168.07560556768772
2018-02-02,1,4,5,20.0,162.28713582769402
2018-02-05,2,3,5,40.0,161.86625616203003
2018-02-06,2,3,5,40.0,157.77302630102838
2018-02-07,1,4,5,20.0,161.52309566311573
2018-02-08,1,4,5,20.0,166.63507560964078
2018-02-09,1,4,5,20.0,166.6224240218686
2018-02-12,1,4,5,20.0,171.53108816231605
2018-02-14,2,3,5,40.0,180.23376933535505
2018-02-15,1,4,5,20.0,175.02206165833277
2018-02-16,1,4,5,20.0,172.78455064594712
2018-02-19,1,4,5,20.0,170.75967951866153
2018-02-20,1,4,5,20.0,171.56920801238314
2018-02-21,1,4,5,20.0,169.86311074755656
2018-02-22,1,4,5,20.0,168.63579716207664
2018-02-23,1,4,5,20.0,170.80158628020416
2018-02-26,1,4,5,20.0,175.27281413634813
2018-02-27,1,4,5,20.0,177.50654139510883
2018-02-28,1,4,5,20.0,176.3799310400642
2018-03-01,1,4,5,20.0,175.3333581181975
2018-03-05,1,4,5,20.0,170.97819952510142
2018-03-06,1,4,5,20.0,168.1677672850698
2018-03-07,1,4,5,20.0,162.9646939270696
2018-03-08,1,4,5,20.0,163.95120989119064
2018-03-09,1,4,5,20.0,163.74142998345965
2018-03-12,1,4,5,20.0,166.90040760541777
2018-03-13,1,4,5,20.0,170.10188373525236
2018-03-14,1,4,5,20.0,172.33209446607515
2018-03-15,1,4,5,20.0,174.43355518664896
2018-03-16,1,4,5,20.0,173.9705006783111
2018-03-19,1,4,5,20.0,168.27497619837274
2018-03-20,1,4,5,20.0,167.155933179879
2018-03-21,1,4,5,20.0,168.2240896436616
2018-03-22,1,4,5,20.0,165.39965875585892
2018-03-23,1,4,5,20.0,161.3682306294669
2018-03-26,1,4,5,20.0,165.32268317376597
2018-03-27,1,4,5,20.0,165.88730962024937
2018-03-28,1,4,5,20.0,161.19443319955255
2018-04-02,1,4,5,20.0,166.4279739847878
2018-04-03,1,4,5,20.0,171.21370148828524
2018-04-04,1,4,5,20.0,171.73061290097485
2018-04-05,1,4,5,20.0,174.2679572490061
2018-04-06,1,4,5,20.0,174.1263620062368
2018-04-09,1,4,5,20.0,176.2200775217396
2018-04-10,1,4,5,20.0,174.27752959951079
2018-04-11,1,4,5,20.0,172.166786173117
2018-04-12,1,4,5,20.0,170.4284118797713
2018-04-13,1,4,5,20.0,168.97731235567568
2018-04-16,1,4,5,20.0,168.62311672647263
2018-04-17,1,4,5,20.0,167.27091240436502
2018-04-18,1,4,5,20.0,166.1336504895073
2018-04-19,1,4,5,20.0,167.17545070808
2018-04-20,1,4,5,20.0,168.13212341864215
2018-04-23,1,4,5,20.0,168.53882563207912
2018-04-24,1,4,5,20.0,167.7364979390767
2018-04-25,1,4,5,20.0,167.05446260479604
2018-04-26,1,4,5,20.0,169.11941381398427
2018-04-27,1,4,5,20.0,169.80848607197626
2018-04-30,1,4,5,20.0,171.01110262526979
2018-05-02,1,4,5,20.0,169.9714735731028
2018-05-03,1,4,5,20.0,166.6059866416118
2018-05-04,1,4,5,20.0,163.66727433242178
2018-05-07,1,4,5,20.0,163.92583093671496
2018-05-08,1,4,5,20.0,162.76116685891995
2018-05-09,1,4,5,20.0,162.2775827056165
2018-05-10,1,4,5,20.0,159.93938358661987
2018-05-11,1,4,5,20.0,154.90121428293818
2018-05-14,1,4,5,20.0,154.11384851602338
2018-05-15,1,4,5,20.0,155.2167236365837
2018-05-16,1,4,5,20.0,155.14703053926223
2018-05-17,1,4,5,20.0,155.52841046102546
2018-05-18,1,4,5,20.0,154.51708875641273
2018-05-21,1,4,5,20.0,153.1006039611033
2018-05-22,1,4,5,20.0,155.98217540845977
2018-05-23,1,4,5,20.0,156.24797500589
2018-05-24,1,4,5,20.0,160.83513740370265
2018-05-25,1,4,5,20.0,167.63253029967683
2018-05-28,1,4,5,20.0,170.90643967876048
2018-05-29,1,4,5,20.0,172.15987190949036
2018-05-30,1,4,5,20.0,174.23867166802177
2018-05-31,1,4,5,20.0,171.61863799085918
2018-06-01,1,4,5,20.0,170.63004794623302
2018-06-04,1,4,5,20.0,167.29081889607184
2018-06-05,1,4,5,20.0,161.18700380513192
2018-06-06,1,4,5,20.0,162.38282328968256
2018-06-07,1,4,5,20.0,166.28650216342788
2018-06-08,1,4,5,20.0,169.1728294253129
2018-06-11,1,4,5,20.0,170.86564104080645
2018-06-12,1,4,5,20.0,171.96592473584903
2018-06-13,1,4,5,20.0,170.9371725216255
2018-06-14,1,4,5,20.0,171.06780767970665
2018-06-15,1,4,5,20.0,169.2840941973644
2018-06-18,1,4,5,20.0,169.00888264675223
2018-06-19,1,4,5,20.0,167.662635753397
2018-06-20,1,4,5,20.0,168.0587467081639
2018-06-21,1,4,5,20.0,166.09363822587363
2018-06-22,1,4,5,20.0,166.53224380558163
2018-06-25,1,4,5,20.0,164.22975266826847
2018-06-26,1,4,5,20.0,164.59421602178793
2018-06-27,1,4,5,20.0,160.57397633685804
2018-06-28,1,4,5,20.0,158.43455612792582
2018-06-29,1,4,5,20.0,162.25783022023222
2018-07-02,1,4,5,20.0,160.34814417956122
2018-07-03,1,4,5,20.0,158.9856877436722
2018-07-04,1,4,5,20.0,158.7170082006223
2018-07-05,1,4,5,20.0,156.33705096824676
2018-07-06,1,4,5,20.0,157.9885430430495
2018-07-09,1,4,5,20.0,157.99494002212117
2018-07-10,1,4,5,20.0,161.88434841777962
2018-07-11,1,4,5,20.0,158.6985194970278
2018-07-12,1,4,5,20.0,158.79793474572529
2018-07-13,1,4,5,20.0,156.95071896084275
2018-07-16,1,4,5,20.0,150.1552628661899
2018-07-17,1,4,5,20.0,151.85176878026695
2018-07-18,1,4,5,20.0,146.8309019878088
2018-07-19,1,4,5,20.0,147.97389961150066
2018-07-20,1,4,5,20.0,148.8239809044736
2018-07-23,1,4,5,20.0,153.11877326933495
2018-07-24,1,4,5,20.0,157.91163821309598
2018-07-25,1,4,5,20.0,154.85779125626783
2018-07-26,1,4,5,20.0,162.02983100777902
2018-07-27,1,4,5,20.0,165.1528306435698
2018-07-30,1,4,5,20.0,169.01830672711458
2018-07-31,1,4,5,20.0,166.79642123008693
2018-08-01,1,4,5,20.0,168.08868210689795
2018-08-02,1,4,5,20.0,168.6514075276219
2018-08-03,1,4,5,20.0,170.77505541618294
2018-08-06,1,4,5,20.0,173.6800046359244
2018-08-07,1,4,5,20.0,174.47305735450956
2018-08-08,1,4,5,20.0,176.3604741910118
2018-08-09,1,4,5,20.0,175.9570234108564
2018-08-10,1,4,5,20.0,173.74862893018482
2018-08-13,1,4,5,20.0,173.4019023524386
2018-08-14,1,4,5,20.0,172.53545822610664
2018-08-16,1,4,5,20.0,169.20639799879652
2018-08-17,1,4,5,20.0,168.101846908952
2018-08-20,1,4,5,20.0,168.593407718725
2018-08-21,1,4,5,20.0,171.69777036926098
2018-08-23,1,4,5,20.0,171.43411131383388
2018-08-24,1,4,5,20.0,169.5757400702828
2018-08-27,1,4,5,20.0,170.8349652720953
2018-08-28,1,4,5,20.0,168.9069702612685
2018-08-29,1,4,5,20.0,169.44496241039414
2018-08-30,1,4,5,20.0,172.01448985177237
2018-08-31,1,4,5,20.0,170.36928986652407
2018-09-03,1,4,5,20.0,169.6960171940435
2018-09-04,1,4,5,20.0,166.7468140577195
2018-09-05,1,4,5,20.0,163.75417418529997
2018-09-06,1,4,5,20.0,164.3803623820422
2018-09-07,1,4,5,20.0,166.5991780711753
2018-09-10,1,4,5,20.0,165.70570607465726
2018-09-11,1,4,5,20.0,162.57492992588257
2018-09-12,1,4,5,20.0,161.71553497315608
2018-09-14,1,4,5,20.0,162.45025941015842
2018-09-17,1,4,5,20.0,163.13893898601165
2018-09-18,1,4,5,20.0,159.68557122377402
2018-09-19,1,4,5,20.0,158.59138545385733
2018-09-21,1,4,5,20.0,154.4879350234521
2018-09-24,1,4,5,20.0,148.58419242189618
2018-09-25,1,4,5,20.0,146.64914513440672
2018-09-26,1,4,5,20.0,146.397771337688
2018-09-27,1,4,5,20.0,141.82225710542983
2018-09-28,1,4,5,20.0,139.7739499138654
2018-10-01,1,4,5,20.0,138.38360683426117
2018-10-03,1,4,5,20.0,134.1583100113055
2018-10-04,1,4,5,20.0,129.57268430395487
2018-10-05,0,5,5,0.0,126.09217276381818
2018-10-08,0,5,5,0.0,125.2538264718011
2018-10-09,0,5,5,0.0,126.20957323535235
2018-10-10,1,4,5,20.0,130.41386721687883
2018-10-11,1,4,5,20.0,128.5573989621744
2018-10-12,1,4,5,20.0,130.71148999959755
2018-10-15,1,4,5,20.0,134.8750475790823
2018-10-16,1,4,5,20.0,135.16551772746317
2018-10-17,1,4,5,20.0,132.67906678520643
2018-10-19,1,4,5,20.0,129.12018147540644
2018-10-22,1,4,5,20.0,126.32209029181757
2018-10-23,0,5,5,0.0,128.10355354930593
2018-10-24,1,4,5,20.0,132.42678930674825
2018-10-25,1,4,5,20.0,131.58423525937766
2018-10-26,1,4,5,20.0,131.8218996558423
2018-10-29,1,4,5,20.0,134.6023256148415
2018-10-30,1,4,5,20.0,135.66928141877986
2018-10-31,1,4,5,20.0,135.74927573534995
2018-11-01,1,4,5,20.0,137.16760342264237
2018-11-02,1,4,5,20.0,138.4886143635304
2018-11-05,1,4,5,20.0,138.96130766656123
2018-11-06,1,4,5,20.0,139.6916971539123
2018-11-07,1,4,5,20.0,141.23869530904616
2018-11-09,1,4,5,20.0,141.1675288994549
2018-11-12,1,4,5,20.0,139.53149419332692
2018-11-13,1,4,5,20.0,138.5193552184034
2018-11-14,1,4,5,20.0,138.97873508538774
2018-11-15,1,4,5,20.0,135.88013174079038
2018-11-16,1,4,5,20.0,145.34727274675032
2018-11-19,1,4,5,20.0,144.91845434061545
2018-11-20,0,5,5,0.0,143.01359831759115
2018-11-21,0,5,5,0.0,144.01386332460152
2018-11-22,0,5,5,0.0,140.7639753585715
2018-11-26,0,5,5,0.0,139.87160784614426
2018-11-27,0,5,5,0.0,139.38696751200914
2018-11-28,0,5,5,0.0,138.01752205973617
2018-11-29,0,5,5,0.0,139.0694229989358
2018-11-30,0,5,5,0.0,136.96164910032388
2018-12-03,0,5,5,0.0,136.03599974804268
2018-12-04,0,5,5,0.0,135.88265787732166
2018-12-05,0,5,5,0.0,134.11958619403723
2018-12-06,0,5,5,0.0,131.3160062998951
2018-12-07,0,5,5,0.0,132.436129361259
2018-12-10,0,5,5,0.0,128.39119938819482
2018-12-11,0,5,5,0.0,131.09429916236368
2018-12-12,0,5,5,0.0,135.40723307073742
2018-12-13,0,5,5,0.0,134.2240694327381
2018-12-14,0,5,5,0.0,136.99929613834706
2018-12-17,1,4,5,20.0,137.84465674647382
2018-12-18,1,4,5,20.0,139.0672086479791
2018-12-19,1,4,5,20.0,142.7867836191598
2018-12-20,1,4,5,20.0,143.40355755379346
2018-12-21,0,5,5,0.0,140.10135418275755
2018-12-24,0,5,5,0.0,137.43884911431203
2018-12-26,0,5,5,0.0,137.2460940422282
2018-12-27,0,5,5,0.0,136.6026657034825
2018-12-28,0,5,5,0.0,138.2844204403608
2018-12-31,1,4,5,20.0,139.9582398588072
2019-01-01,1,4,5,20.0,142.2247251084855
2019-01-02,1,4,5,20.0,141.00601019739094
2019-01-03,1,4,5,20.0,141.86962630293402
2019-01-04,1,4,5,20.0,141.9966813926667
2019-01-07,1,4,5,20.0,141.8928514821857
2019-01-08,1,4,5,20.0,141.48370863513156
2019-01-09,1,4,5,20.0,143.21723187672873
2019-01-10,1,4,5,20.0,144.57636904647592
2019-01-11,1,4,5,20.0,144.86544114806406
2019-01-14,1,4,5,20.0,142.76311178862628
2019-01-15,1,4,5,20.0,144.08074475391822
2019-01-16,1,4,5,20.0,144.84091531058957
2019-01-17,1,4,5,20.0,144.2600854191767
2019-01-18,1,4,5,20.0,140.57409560189237
2019-01-21,1,4,5,20.0,136.9709174905213
2019-01-22,1,4,5,20.0,137.03464711044245
2019-01-23,1,4,5,20.0,137.5979417916379
2019-01-24,1,4,5,20.0,137.20606929882092
2019-01-25,0,5,5,0.0,133.56345623147493
2019-01-28,0,5,5,0.0,130.26069536630348
2019-01-29,0,5,5,0.0,128.84607078513625
2019-01-30,0,5,5,0.0,129.06532543343098
2019-01-31,0,5,5,0.0,129.2282934870145
2019-02-01,0,5,5,0.0,129.82203633047789
2019-02-04,0,5,5,0.0,125.43838075434057
2019-02-05,0,5,5,0.0,124.46349685907788
2019-02-06,0,5,5,0.0,122.40673655886889
2019-02-07,0,5,5,0.0,123.223267717362
2019-02-08,0,5,5,0.0,123.01829117312037
2019-02-11,0,5,5,0.0,124.11872314248585
2019-02-12,0,5,5,0.0,122.58779432549677
2019-02-13,0,5,5,0.0,123.09498124461966
2019-02-14,0,5,5,0.0,122.57575744420821
2019-02-15,0,5,5,0.0,122.21567308988799
2019-02-18,0,5,5,0.0,121.64526570109444
2019-02-19,0,5,5,0.0,124.81843547113829
2019-02-20,0,5,5,0.0,125.25883193180543
2019-02-21,0,5,5,0.0,127.29236432778723
2019-02-22,0,5,5,0.0,130.15471821188638
2019-02-25,1,4,5,20.0,130.3542600959595
2019-02-26,1,4,5,20.0,128.59694707226254
2019-02-27,1,4,5,20.0,130.17688717490665
2019-02-28,1,4,5,20.0,131.90021280521898
2019-03-01,2,3,5,40.0,132.50222986654407
2019-03-05,1,4,5,20.0,134.3729412488653
2019-03-06,2,3,5,40.0,137.0353125935893
2019-03-07,2,3,5,40.0,138.99394320150574
2019-03-08,2,3,5,40.0,139.52558442526723
2019-03-11,2,3,5,40.0,143.60700425784523
2019-03-12,3,2,5,60.0,144.94563205582998
2019-03-13,2,3,5,40.0,141.20819050806693
2019-03-14,2,3,5,40.0,141.13236138274274
2019-03-15,2,3,5,40.0,140.56549649045803
2019-03-18,1,4,5,20.0,136.7726234663023
2019-03-19,2,3,5,40.0,136.3396434727451
2019-03-20,1,4,5,20.0,140.42470263451776
2019-03-22,1,4,5,20.0,136.92642484606395
2019-03-25,1,4,5,20.0,133.89843530197606
2019-03-26,2,3,5,40.0,134.9228286511948
2019-03-27,2,3,5,40.0,134.46584731243988
2019-03-28,2,3,5,40.0,135.07270243161628
2019-03-29,2,3,5,40.0,125.80979054040952
2019-04-01,3,2,5,60.0,126.82324835531978
2019-04-02,3,2,5,60.0,126.42027150059023
2019-04-03,3,2,5,60.0,123.36348449948274
2019-04-04,3,2,5,60.0,123.37299292529057
2019-04-05,3,2,5,60.0,129.38488638048145
2019-04-08,3,2,5,60.0,129.34280214055246
2019-04-09,3,2,5,60.0,127.9459413549644
2019-04-10,3,2,5,60.0,125.5930243564188
2019-04-11,3,2,5,60.0,126.2848210852002
2019-04-12,3,2,5,60.0,125.63318636028278
2019-04-15,3,2,5,60.0,127.93992641512166
2019-04-16,3,2,5,60.0,128.85093850534346
2019-04-18,3,2,5,60.0,125.43812313665855
2019-04-22,3,2,5,60.0,124.8091939208486
2019-04-23,3,2,5,60.0,124.41171617376227
2019-04-24,3,2,5,60.0,125.51559092803512
2019-04-25,3,2,5,60.0,126.52979673245024
2019-04-26,3,2,5,60.0,124.79463271078146
2019-04-30,3,2,5,60.0,122.07287946788172
2019-05-02,3,2,5,60.0,123.52100610230899
2019-05-03,3,2,5,60.0,124.77654445237114
2019-05-06,3,2,5,60.0,124.90234737589302
2019-05-07,3,2,5,60.0,122.41367986054146
2019-05-08,3,2,5,60.0,119.42635053903628
2019-05-09,3,2,5,60.0,118.36778470635578
2019-05-10,3,2,5,60.0,119.18673373613503
2019-05-13,2,3,5,40.0,115.35297328810526
2019-05-14,3,2,5,60.0,117.04490152807374
2019-05-15,2,3,5,40.0,114.07022998201914
2019-05-16,3,2,5,60.0,111.96732828519163
2019-05-17,3,2,5,60.0,112.15608797023218
2019-05-20,3,2,5,60.0,116.04537461539455
2019-05-21,3,2,5,60.0,113.4145941238244
2019-05-22,2,3,5,40.0,113.80368145964279
2019-05-23,2,3,5,40.0,113.9994577643572
2019-05-24,3,2,5,60.0,117.84827007785547
2019-05-27,3,2,5,60.0,119.325862974674
2019-05-28,3,2,5,60.0,124.08036034810746
2019-05-29,3,2,5,60.0,123.60510339996584
2019-05-30,3,2,5,60.0,128.67657927108124
2019-05-31,4,1,5,80.0,131.45166044810847
2019-06-03,4,1,5,80.0,134.44877491000494
2019-06-04,4,1,5,80.0,136.45918023656222
2019-06-06,3,2,5,60.0,135.6276727356504
2019-06-07,3,2,5,60.0,134.19767303614947
2019-06-10,3,2,5,60.0,131.23894539365358
2019-06-11,3,2,5,60.0,130.28365770898108
2019-06-12,3,2,5,60.0,127.65043188087554
2019-06-13,3,2,5,60.0,127.96015288536444
2019-06-14,3,2,5,60.0,124.89877671101064
2019-06-17,3,2,5,60.0,121.61653442865166
2019-06-18,2,3,5,40.0,120.91958105494986
2019-06-19,2,3,5,40.0,118.11548691744645
2019-06-20,2,3,5,40.0,120.50966273019654
2019-06-21,2,3,5,40.0,119.1846310968059
2019-06-24,2,3,5,40.0,119.87407130839993
2019-06-25,2,3,5,40.0,120.10713928951158
2019-06-26,2,3,5,40.0,122.24723383324707
2019-06-27,3,2,5,60.0,123.36164769817046
2019-06-28,3,2,5,60.0,122.44407335752197
2019-07-01,3,2,5,60.0,122.71537750427288
2019-07-02,3,2,5,60.0,122.95029633794692
2019-07-03,3,2,5,60.0,124.9056025613697
2019-07-04,3,2,5,60.0,125.71467419463286
2019-07-05,3,2,5,60.0,123.24905280183427
2019-07-08,3,2,5,60.0,119.40172178781437
2019-07-09,3,2,5,60.0,120.96736009955669
2019-07-10,3,2,5,60.0,121.7133680687921
2019-07-11,3,2,5,60.0,124.61891964835495
2019-07-12,3,2,5,60.0,122.53072493469648
2019-07-15,3,2,5,60.0,123.12090210265588
2019-07-16,3,2,5,60.0,122.30037383385171
2019-07-17,2,3,5,40.0,120.71525462418928
2019-07-18,2,3,5,40.0,117.33030837433382
2019-07-19,2,3,5,40.0,114.47168139676138
2019-07-22,2,3,5,40.0,113.16706705910859
2019-07-23,2,3,5,40.0,113.21565369065232
2019-07-24,2,3,5,40.0,109.28679976107163
2019-07-25,1,4,5,20.0,108.55345664646751
2019-07-26,1,4,5,20.0,108.47575265405382
2019-07-29,1,4,5,20.0,100.69648779983117
2019-07-30,1,4,5,20.0,98.68600675498972
2019-07-31,1,4,5,20.0,98.20302640935083
2019-08-01,1,4,5,20.0,96.2982039586255
2019-08-02,1,4,5,20.0,97.52156443528926
2019-08-05,1,4,5,20.0,96.25615722896299
2019-08-06,1,4,5,20.0,95.53166271860549
2019-08-07,1,4,5,20.0,94.47488598910705
2019-08-08,1,4,5,20.0,95.96362437061539
2019-08-09,1,4,5,20.0,95.10476212033903
2019-08-13,1,4,5,20.0,90.73335854686499
2019-08-14,1,4,5,20.0,93.61985215108507
2019-08-16,1,4,5,20.0,97.65936016932912
2019-08-19,1,4,5,20.0,95.3287952842561
2019-08-20,1,4,5,20.0,95.10579929508975
2019-08-21,1,4,5,20.0,92.30660571070767
2019-08-22,1,4,5,20.0,89.9750197213091
2019-08-23,1,4,5,20.0,92.12826921587826
2019-08-26,1,4,5,20.0,91.92839633221574
2019-08-27,1,4,5,20.0,90.84825947499095
2019-08-28,1,4,5,20.0,88.31777605723808
2019-08-29,1,4,5,20.0,87.17336221898445
2019-08-30,1,4,5,20.0,89.70270820337333
2019-09-03,1,4,5,20.0,87.11638105613443
2019-09-04,1,4,5,20.0,87.47131467480364
2019-09-05,1,4,5,20.0,88.31712936459269
2019-09-06,1,4,5,20.0,89.70780321883709
2019-09-09,1,4,5,20.0,92.30912676009069
2019-09-11,1,4,5,20.0,96.27766432311003
2019-09-12,1,4,5,20.0,96.63151694278702
2019-09-13,1,4,5,20.0,96.63084339217207
2019-09-16,2,3,5,40.0,96.93363373282286
2019-09-17,1,4,5,20.0,97.59750339862275
2019-09-18,1,4,5,20.0,98.45124693850556
2019-09-19,2,3,5,40.0,102.406813488728
2019-09-20,2,3,5,40.0,105.70834418346624
2019-09-23,3,2,5,60.0,106.36793786553544
2019-09-24,3,2,5,60.0,105.74337010686887
2019-09-25,3,2,5,60.0,103.54075116196593
2019-09-26,3,2,5,60.0,104.25795333775207
2019-09-27,2,3,5,40.0,104.31120005229306
2019-10-01,2,3,5,40.0,100.57325759678146
2019-10-03,2,3,5,40.0,99.74011810203305
2019-10-04,2,3,5,40.0,98.01514001847788
2019-10-07,2,3,5,40.0,98.5602293058245
2019-10-09,2,3,5,40.0,102.86108221965569
2019-10-10,2,3,5,40.0,104.92580080573501
2019-10-11,2,3,5,40.0,102.86628835755955
2019-10-14,2,3,5,40.0,106.09695560310047
2019-10-15,2,3,5,40.0,104.0588410171051
2019-10-16,2,3,5,40.0,105.75210197510432
2019-10-17,2,3,5,40.0,107.16318297266751
2019-10-18,3,2,5,60.0,108.46716202406863
2019-10-22,3,2,5,60.0,107.34550285705807
2019-10-23,2,3,5,40.0,104.48573664989947
2019-10-24,2,3,5,40.0,98.09789526200342
2019-10-25,2,3,5,40.0,96.33009131513953
2019-10-27,2,3,5,40.0,97.62252341471542
2019-10-29,2,3,5,40.0,97.4488655607883
2019-10-30,2,3,5,40.0,97.53064346690115
2019-10-31,2,3,5,40.0,97.25238342504106
2019-11-01,2,3,5,40.0,99.29621578324144
2019-11-04,2,3,5,40.0,100.7205806065337
2019-11-05,2,3,5,40.0,98.77730656806096
2019-11-06,2,3,5,40.0,96.79207098538298
2019-11-07,2,3,5,40.0,97.50402977003684
2019-11-08,2,3,5,40.0,98.02611420251603
2019-11-11,2,3,5,40.0,101.1547880751021
2019-11-13,2,3,5,40.0,96.41278613960583
2019-11-14,2,3,5,40.0,91.8646302023585
2019-11-15,2,3,5,40.0,96.8905320321552
2019-11-18,2,3,5,40.0,103.74174993240311
2019-11-19,2,3,5,40.0,111.69236709415497
2019-11-20,2,3,5,40.0,115.29378897190514
2019-11-21,2,3,5,40.0,113.74149324451488
2019-11-22,2,3,5,40.0,112.61068690267331
2019-11-25,2,3,5,40.0,116.43675102884181
2019-11-26,2,3,5,40.0,111.759307562512
2019-11-27,2,3,5,40.0,114.24169207314623
2019-11-28,2,3,5,40.0,118.9187453860504
2019-11-29,2,3,5,40.0,121.16013491556257
2019-12-02,2,3,5,40.0,124.80832440354739
2019-12-03,2,3,5,40.0,120.17355259970985
2019-12-04,2,3,5,40.0,122.91348046122465
2019-12-05,2,3,5,40.0,119.26463410885542
2019-12-06,2,3,5,40.0,116.57351450057445
2019-12-09,2,3,5,40.0,114.56203378166137
2019-12-10,2,3,5,40.0,113.4131581401213
2019-12-11,2,3,5,40.0,112.79548657180294
2019-12-12,2,3,5,40.0,113.3675929144256
2019-12-13,2,3,5,40.0,114.18787531233312
2019-12-16,2,3,5,40.0,111.01107052971501
2019-12-17,2,3,5,40.0,114.39279330638897
2019-12-18,2,3,5,40.0,112.44334981378611
2019-12-19,2,3,5,40.0,113.50651462975667
2019-12-20,2,3,5,40.0,112.8343370908214
2019-12-23,2,3,5,40.0,112.4992849026199
2019-12-24,2,3,5,40.0,112.1990291468835
2019-12-26,2,3,5,40.0,110.77669737655695
2019-12-27,2,3,5,40.0,110.26717939338853
2019-12-30,2,3,5,40.0,112.20335035075357
2019-12-31,2,3,5,40.0,112.14047279090988
2020-01-01,2,3,5,40.0,112.56876315047137
2020-01-02,2,3,5,40.0,114.8077663046239
2020-01-03,2,3,5,40.0,114.7090163254808
2020-01-06,2,3,5,40.0,111.8127788182462
2020-01-07,2,3,5,40.0,111.99829154563685
2020-01-08,2,3,5,40.0,115.28040482606043
2020-01-09,2,3,5,40.0,114.28434020463368
2020-01-10,2,3,5,40.0,112.9838277092365
2020-01-13,2,3,5,40.0,115.70309374729564
2020-01-14,2,3,5,40.0,116.3415977667532
2020-01-15,2,3,5,40.0,116.57449377577291
2020-01-16,2,3,5,40.0,117.09941618761408
2020-01-17,2,3,5,40.0,113.80448571245161
2020-01-20,2,3,5,40.0,116.2879426616526
2020-01-21,2,3,5,40.0,122.18268230914795
2020-01-22,2,3,5,40.0,119.94330395023678
2020-01-23,2,3,5,40.0,121.74108475548087
2020-01-24,2,3,5,40.0,122.04871969196122
2020-01-27,2,3,5,40.0,119.39263935847575
2020-01-28,2,3,5,40.0,115.08351454087781
2020-01-29,2,3,5,40.0,114.72629791982934
2020-01-30,2,3,5,40.0,114.02555452775738
2020-01-31,2,3,5,40.0,114.24582719964651
2020-02-01,2,3,5,40.0,111.66587693492178
2020-02-03,2,3,5,40.0,112.33867900588979
2020-02-04,2,3,5,40.0,117.79723094893669
2020-02-05,2,3,5,40.0,118.89177473387215
2020-02-06,2,3,5,40.0,117.26475304627427
2020-02-07,3,2,5,60.0,121.96645395714634
2020-02-10,3,2,5,60.0,125.26571771467752
2020-02-11,3,2,5,60.0,126.80054767335433
2020-02-12,3,2,5,60.0,121.35852669796216
2020-02-13,3,2,5,60.0,120.66395252993507
2020-02-14,3,2,5,60.0,113.88475909019111
2020-02-17,3,2,5,60.0,115.34043148486543
2020-02-18,3,2,5,60.0,109.92008960016541
2020-02-19,3,2,5,60.0,118.01697656775796
2020-02-20,3,2,5,60.0,122.13458592946233
2020-02-24,3,2,5,60.0,117.36361310011591
2020-02-25,4,1,5,80.0,118.47368908115521
2020-02-26,2,3,5,40.0,117.06842844593908
2020-02-27,2,3,5,40.0,114.13357741322932
2020-02-28,2,3,5,40.0,110.39625016064234
2020-03-02,2,3,5,40.0,106.7001604457437
2020-03-03,2,3,5,40.0,107.95146120606742
2020-03-04,2,3,5,40.0,106.52433824905845
2020-03-05,1,4,5,20.0,107.14704267603632
2020-03-06,1,4,5,20.0,103.34972587381681
2020-03-09,1,4,5,20.0,103.92473534771152
2020-03-11,1,4,5,20.0,104.15211233590706
2020-03-12,1,4,5,20.0,95.93766111577318
2020-03-13,1,4,5,20.0,103.09376361272531
2020-03-16,1,4,5,20.0,101.41007548681445
2020-03-17,1,4,5,20.0,96.75898530251264
2020-03-18,1,4,5,20.0,84.48177310223656
2020-03-19,1,4,5,20.0,83.94557153768423
2020-03-20,1,4,5,20.0,87.0449167265536
2020-03-23,0,5,5,0.0,80.71469670210386
2020-03-24,0,5,5,0.0,79.74538484407161
2020-03-25,1,4,5,20.0,80.2511194266644
2020-03-26,1,4,5,20.0,83.50423851116811
2020-03-27,1,4,5,20.0,81.44556877126801
2020-03-30,1,4,5,20.0,80.7894284694875
2020-03-31,1,4,5,20.0,81.1107773084307
2020-04-01,1,4,5,20.0,80.570184471898
2020-04-03,1,4,5,20.0,81.85563607589998
2020-04-07,1,4,5,20.0,85.12394446108176
2020-04-08,1,4,5,20.0,87.12706655553104
2020-04-09,1,4,5,20.0,92.34828100019709
2020-04-13,1,3,4,25.0,104.42245108043878
2020-04-15,2,3,5,40.0,108.43782111491373
2020-04-16,2,3,5,40.0,110.22537929601279
2020-04-17,2,3,5,40.0,111.93410952403109
2020-04-20,2,3,5,40.0,111.08526554645275
2020-04-21,2,3,5,40.0,109.6280537272668
2020-04-22,2,3,5,40.0,111.85740973718418
2020-04-23,3,2,5,60.0,114.44279076553909
2020-04-24,3,2,5,60.0,112.17846087361781
2020-04-27,3,2,5,60.0,111.65268172964345
2020-04-28,2,3,5,40.0,110.64875575554807
2020-04-29,2,3,5,40.0,113.06816132217219
2020-04-30,2,3,5,40.0,114.5550143656829
2020-05-04,2,3,5,40.0,115.28828302985981
2020-05-05,2,3,5,40.0,113.1498391589403
2020-05-06,2,3,5,40.0,112.41690766835765
2020-05-07,2,3,5,40.0,110.66802712426987
2020-05-08,2,3,5,40.0,112.43891704289004
2020-05-11,2,3,5,40.0,115.4305439523738
2020-05-12,2,3,5,40.0,119.01304769123291
2020-05-13,3,2,5,60.0,121.07528186149463
2020-05-14,3,2,5,60.0,119.4296987553458
2020-05-15,2,3,5,40.0,120.27071204957676
2020-05-18,2,3,5,40.0,118.22011465381162
2020-05-19,3,2,5,60.0,124.10062941041524
2020-05-20,3,2,5,60.0,126.4724400357109
2020-05-21,4,1,5,80.0,128.40307265347678
2020-05-22,4,1,5,80.0,128.83347310819457
2020-05-26,3,2,5,60.0,127.7586488706283
2020-05-27,3,2,5,60.0,127.3958774437671
2020-05-28,3,2,5,60.0,130.34384065088997
2020-05-29,4,1,5,80.0,133.42227795788853
2020-06-01,4,1,5,80.0,134.4707177574432
2020-06-02,4,1,5,80.0,140.90605657605443
2020-06-03,4,1,5,80.0,140.70106645530498
2020-06-04,4,1,5,80.0,144.42225068981182
2020-06-05,4,1,5,80.0,156.10556602701
2020-06-08,4,1,5,80.0,164.7975443491644
2020-06-09,4,1,5,80.0,158.85377417528358
2020-06-10,4,1,5,80.0,160.77216181008615
2020-06-11,4,1,5,80.0,153.55007590437813
2020-06-12,4,1,5,80.0,157.90956081954099
2020-06-15,4,1,5,80.0,161.308959582657
2020-06-16,4,1,5,80.0,163.5620465111903
2020-06-17,4,1,5,80.0,166.44157933385245
2020-06-18,4,1,5,80.0,167.5768924558509
2020-06-19,4,1,5,80.0,167.53676440418195
2020-06-22,4,1,5,80.0,172.46907030240064
2020-06-23,4,1,5,80.0,175.93868689048278
2020-06-24,4,1,5,80.0,169.25890805494114
2020-06-25,4,1,5,80.0,173.79844961030457
2020-06-26,4,1,5,80.0,173.65093712935501
2020-06-29,4,1,5,80.0,177.08075064221657
2020-06-30,4,1,5,80.0,173.42246530590631
2020-07-01,4,1,5,80.0,170.46472999580945
2020-07-02,4,1,5,80.0,169.46290832482694
2020-07-03,4,1,5,80.0,174.82828549293404
2020-07-06,5,0,5,100.0,177.77575848632162
2020-07-07,4,1,5,80.0,172.9649125301998
2020-07-08,4,1,5,80.0,171.7312096520572
2020-07-09,4,1,5,80.0,171.7438328951457
2020-07-10,4,1,5,80.0,173.36847850967146
2020-07-13,4,1,5,80.0,175.46707611573166
2020-07-14,5,0,5,100.0,175.3395655533996
2020-07-15,4,1,5,80.0,171.11184914531208
2020-07-16,4,1,5,80.0,164.6752717216661
2020-07-17,4,1,5,80.0,170.40870985965572
2020-07-20,4,1,5,80.0,174.57991496852387
2020-07-21,4,1,5,80.0,169.36851459925842
2020-07-22,5,0,5,100.0,171.07905005191836
2020-07-23,5,0,5,100.0,170.9069771428133
2020-07-24,5,0,5,100.0,166.7663539863828
2020-07-27,4,1,5,80.0,165.60823325898986
2020-07-28,5,0,5,100.0,166.87498150511485
2020-07-29,5,0,5,100.0,169.77098514836288
2020-07-30,4,1,5,80.0,166.75514826260348
2020-07-31,4,1,5,80.0,170.34777944525226
2020-08-03,4,1,5,80.0,171.9760591642012
2020-08-04,4,1,5,80.0,175.5355844121477
2020-08-05,4,1,5,80.0,173.41530248924136
2020-08-06,4,1,5,80.0,173.83811217524888
2020-08-07,5,0,5,100.0,176.59681289133064
2020-08-10,5,0,5,100.0,181.60566102893262
2020-08-11,5,0,5,100.0,178.49396099050557
2020-08-12,5,0,5,100.0,177.9390304950187
2020-08-13,5,0,5,100.0,177.8824403309669
2020-08-14,5,0,5,100.0,177.56220077626267
2020-08-17,5,0,5,100.0,178.12367767933827
2020-08-18,5,0,5,100.0,179.76238823157286
2020-08-19,5,0,5,100.0,180.8982834894504
2020-08-20,5,0,5,100.0,178.5013448227312
2020-08-21,5,0,5,100.0,177.48027155728988
2020-08-24,5,0,5,100.0,181.1452152753252
2020-08-25,5,0,5,100.0,180.0666682267242
2020-08-26,5,0,5,100.0,178.7721557785556
2020-08-27,5,0,5,100.0,178.87848486942326
2020-08-28,5,0,5,100.0,185.08427745846305
2020-08-31,5,0,5,100.0,182.23529086095516
2020-09-01,5,0,5,100.0,179.17675547122064
2020-09-02,5,0,5,100.0,184.58329906846396
2020-09-03,5,0,5,100.0,193.76302822872657
2020-09-04,4,1,5,80.0,191.4846527777032
2020-09-07,4,1,5,80.0,190.19549048563505
2020-09-08,3,2,5,60.0,183.72026887553827
2020-09-09,3,2,5,60.0,181.41108726220742
2020-09-10,3,2,5,60.0,183.3668903321166
2020-09-11,3,2,5,60.0,180.8705212353941
2020-09-14,3,2,5,60.0,183.0997760717825
2020-09-15,3,2,5,60.0,185.767668422638
2020-09-16,4,1,5,80.0,184.82338009485935
2020-09-17,3,2,5,60.0,181.86324824467422
2020-09-18,4,1,5,80.0,181.98085800576666
2020-09-21,3,2,5,60.0,171.82605051047412
2020-09-22,3,2,5,60.0,170.31775712969812
2020-09-23,2,3,5,40.0,162.98088548271969
2020-09-24,2,3,5,40.0,158.65699853006404
2020-09-25,3,2,5,60.0,168.6071657918277
2020-09-28,3,2,5,60.0,174.54211567978933
2020-09-29,3,2,5,60.0,168.3201727855103
2020-09-30,3,2,5,60.0,166.81848423730858
2020-10-01,3,2,5,60.0,166.1318108966645
2020-10-05,3,2,5,60.0,165.1375066191114
2020-10-06,3,2,5,60.0,164.94973408743843
2020-10-07,2,3,5,40.0,162.12140236414209
2020-10-08,3,2,5,60.0,165.1513049688193
2020-10-09,3,2,5,60.0,164.616200829351
2020-10-12,3,2,5,60.0,162.30670983084954
2020-10-13,2,3,5,40.0,160.1230613890739
2020-10-14,2,3,5,40.0,158.64293523621194
2020-10-15,2,3,5,40.0,154.7946994068811
2020-10-16,2,3,5,40.0,155.51869579197307
2020-10-19,3,2,5,60.0,162.8979312140861
2020-10-20,3,2,5,60.0,174.58836520339725
2020-10-21,3,2,5,60.0,181.37328308924816
2020-10-22,3,2,5,60.0,187.16792113365705
2020-10-23,3,2,5,60.0,192.77147852601684
2020-10-26,3,2,5,60.0,197.1141293958109
2020-10-27,3,2,5,60.0,195.9614332770877
2020-10-28,3,2,5,60.0,199.19354997475776
2020-10-29,3,2,5,60.0,197.5801439088735
2020-10-30,3,2,5,60.0,201.54539593076214
2020-11-02,3,2,5,60.0,206.50698175282858
2020-11-03,3,2,5,60.0,207.87973342373994
2020-11-04,3,2,5,60.0,203.8417019258941
2020-11-05,3,2,5,60.0,204.1700454855421
2020-11-06,3,2,5,60.0,203.10731046329414
2020-11-09,3,2,5,60.0,204.23301203249892
2020-11-10,3,2,5,60.0,202.87109250543858
2020-11-11,3,2,5,60.0,199.71765319854947
2020-11-12,3,2,5,60.0,198.19625396180552
2020-11-13,3,2,5,60.0,201.42939262375074
2020-11-14,3,2,5,60.0,206.32044865483738
2020-11-17,3,2,5,60.0,208.8528132684547
2020-11-18,3,2,5,60.0,209.1437048377589
2020-11-19,3,2,5,60.0,211.15356952312956
2020-11-20,3,2,5,60.0,218.44024945686425
2020-11-23,3,2,5,60.0,216.99579622641843
2020-11-24,4,1,5,80.0,216.90307668944993
2020-11-25,3,2,5,60.0,213.7613149562072
2020-11-26,3,2,5,60.0,218.2126442407819
2020-11-27,3,2,5,60.0,216.61326393440828
2020-12-01,3,2,5,60.0,216.13814043138203
2020-12-02,4,1,5,80.0,219.56611332531298
2020-12-03,4,1,5,80.0,220.26642774606714
2020-12-04,4,1,5,80.0,221.57307951302192
2020-12-07,5,0,5,100.0,226.10562666195761
2020-12-08,4,1,5,80.0,226.85654727592885
2020-12-09,4,1,5,80.0,229.84880070457402
2020-12-10,4,1,5,80.0,229.0261306568226
2020-12-11,4,1,5,80.0,229.61720920913683
2020-12-14,4,1,5,80.0,229.76649600390706
2020-12-15,4,1,5,80.0,228.42561721530865
2020-12-16,5,0,5,100.0,230.20131034951166
2020-12-17,5,0,5,100.0,228.333991551935
2020-12-18,5,0,5,100.0,224.10213333234674
2020-12-21,3,2,5,60.0,211.95825560334532
2020-12-22,4,1,5,80.0,217.39259079593216
2020-12-23,5,0,5,100.0,227.87141169668445
2020-12-24,5,0,5,100.0,226.79900319138744
2020-12-28,5,0,5,100.0,230.46615216176974
2020-12-29,5,0,5,100.0,229.43816735430275
2020-12-30,5,0,5,100.0,229.63063267265588
2020-12-31,5,0,5,100.0,232.52605486479027
2021-01-01,5,0,5,100.0,235.1041613807129
2021-01-04,5,0,5,100.0,238.9010975814741
2021-01-05,5,0,5,100.0,239.72615314203009
2021-01-06,5,0,5,100.0,239.62709933328844
2021-01-07,5,0,5,100.0,245.35960986699905
2021-01-08,5,0,5,100.0,246.47297115586412
2021-01-11,5,0,5,100.0,247.72291935180374
2021-01-12,5,0,5,100.0,259.4283655678145
2021-01-13,5,0,5,100.0,262.1765312545893
2021-01-14,5,0,5,100.0,265.12012874718994
2021-01-15,5,0,5,100.0,274.8193975900479
2021-01-18,5,0,5,100.0,272.81305448967703
2021-01-19,5,0,5,100.0,278.5111938372402
2021-01-20,5,0,5,100.0,282.2308731447598
2021-01-21,5,0,5,100.0,281.20164220220107
2021-01-22,5,0,5,100.0,281.14700715033325
2021-01-25,5,0,5,100.0,278.27137755172384
2021-01-27,5,0,5,100.0,275.73684823362595
2021-01-28,5,0,5,100.0,278.5629658290231
2021-01-29,5,0,5,100.0,278.67831291541273
2021-02-01,5,0,5,100.0,285.6687729352902
2021-02-02,5,0,5,100.0,291.5850546529056
2021-02-03,5,0,5,100.0,298.1351214224484
2021-02-04,5,0,5,100.0,304.8912272095277
2021-02-05,5,0,5,100.0,309.35892112988273
2021-02-08,5,0,5,100.0,303.590074529245
2021-02-09,5,0,5,100.0,301.5980142372273
2021-02-10,5,0,5,100.0,297.2361199479954
2021-02-11,5,0,5,100.0,299.3339162182838
2021-02-12,5,0,5,100.0,293.7028690128444
2021-02-15,5,0,5,100.0,288.8676078694646
2021-02-16,5,0,5,100.0,292.0664555462533
2021-02-17,5,0,5,100.0,295.3686937742924
2021-02-18,5,0,5,100.0,293.9344226890103
2021-02-19,5,0,5,100.0,283.2813902938581
2021-02-22,5,0,5,100.0,277.5058044642182
2021-02-23,5,0,5,100.0,277.6528979656047
2021-02-24,5,0,5,100.0,277.5052363265732
2021-02-25,5,0,5,100.0,285.6230795813508
2021-02-26,5,0,5,100.0,280.74947546058513
2021-03-01,5,0,5,100.0,280.63076193281466
2021-03-02,5,0,5,100.0,285.72426583655084
2021-03-03,5,0,5,100.0,282.8767272032806
2021-03-04,5,0,5,100.0,284.37157147147565
2021-03-05,5,0,5,100.0,278.17165157682837
2021-03-08,5,0,5,100.0,280.6884544030767
2021-03-09,4,1,5,80.0,274.76852783626697
2021-03-10,5,0,5,100.0,276.1042807307927
2021-03-12,5,0,5,100.0,277.1816409614252
2021-03-15,5,0,5,100.0,278.21390605317333
2021-03-16,5,0,5,100.0,278.2730034285754
2021-03-17,3,2,5,60.0,269.543689469433
2021-03-18,3,2,5,60.0,268.305592809977
2021-03-19,3,2,5,60.0,266.09804618673024
2021-03-22,3,2,5,60.0,265.3633903874847
2021-03-23,4,1,5,80.0,265.5151723126679
2021-03-24,3,2,5,60.0,258.7712763633081
2021-03-25,2,3,5,40.0,248.49702756194455
2021-03-26,3,2,5,60.0,253.5127773135414
2021-03-30,3,2,5,60.0,255.51916414538113
2021-03-31,2,3,5,40.0,255.8297441651082
2021-04-01,3,2,5,60.0,265.4367548906614
2021-04-05,3,2,5,60.0,260.7686071853098
2021-04-06,3,2,5,60.0,260.828886760885
2021-04-07,3,2,5,60.0,262.97281746647354
2021-04-08,3,2,5,60.0,259.881385368428
2021-04-09,3,2,5,60.0,260.6115540710901
2021-04-12,3,2,5,60.0,246.67325863442477
2021-04-13,3,2,5,60.0,250.81143930304845
2021-04-15,3,2,5,60.0,247.68374167515694
2021-04-16,3,2,5,60.0,249.61241023825355
2021-04-19,3,2,5,60.0,241.5637835419353
2021-04-20,3,2,5,60.0,242.52707568470754
2021-04-22,3,2,5,60.0,244.80679881006577
2021-04-23,3,2,5,60.0,247.70751677327686
2021-04-26,3,2,5,60.0,251.77279197213878
2021-04-27,3,2,5,60.0,251.50718693575075
2021-04-28,3,2,5,60.0,255.0058763241062
2021-04-29,4,1,5,80.0,256.9003548093609
2021-04-30,4,1,5,80.0,257.91435832324333
2021-05-03,4,1,5,80.0,260.2445338677711
2021-05-04,3,2,5,60.0,254.42263213014783
2021-05-05,4,1,5,80.0,255.44874580091
2021-05-06,3,2,5,60.0,257.5663529970844
2021-05-07,3,2,5,60.0,258.07197478371876
2021-05-10,4,1,5,80.0,258.85984852684686
2021-05-11,4,1,5,80.0,258.039193601713
2021-05-12,4,1,5,80.0,261.3147948149641
2021-05-14,4,1,5,80.0,258.686044056198
2021-05-17,4,1,5,80.0,255.99723189065125
2021-05-18,4,1,5,80.0,254.717964433672
2021-05-19,4,1,5,80.0,255.6303924076585
2021-05-20,4,1,5,80.0,254.1809543842224
2021-05-21,4,1,5,80.0,256.4754280635684
2021-05-24,4,1,5,80.0,254.38882898684815
2021-05-25,4,1,5,80.0,255.9286621607467
2021-05-26,4,1,5,80.0,260.02353088276305
2021-05-27,4,1,5,80.0,261.1462342908276
2021-05-28,4,1,5,80.0,265.0898395724721
2021-05-31,4,1,5,80.0,269.14454454938686
2021-06-01,4,1,5,80.0,272.4412769818569
2021-06-02,4,1,5,80.0,278.0860625480302
2021-06-03,4,1,5,80.0,290.64587055807726
2021-06-04,4,1,5,80.0,296.4768018477018
2021-06-07,5,0,5,100.0,308.2998452822395
2021-06-08,5,0,5,100.0,310.67089189894557
2021-06-09,4,1,5,80.0,308.67780481724924
2021-06-10,4,1,5,80.0,321.8160158817029
2021-06-11,4,1,5,80.0,324.44710310948426
2021-06-14,4,1,5,80.0,331.9687766240936
2021-06-15,4,1,5,80.0,335.9061332319245
2021-06-16,4,1,5,80.0,334.89636363594315
2021-06-17,4,1,5,80.0,335.1838618207678
2021-06-18,5,0,5,100.0,342.7470239177137
2021-06-21,5,0,5,100.0,345.13872054132423
2021-06-22,5,0,5,100.0,348.21875321002216
2021-06-23,4,1,5,80.0,350.81099883526986
2021-06-24,4,1,5,80.0,355.596672853927
2021-06-25,5,0,5,100.0,368.6133721892177
2021-06-28,5,0,5,100.0,385.4750767959695
2021-06-29,5,0,5,100.0,398.67883267115866
2021-06-30,5,0,5,100.0,400.29092015960873
2021-07-01,4,1,5,80.0,394.4980372531458
2021-07-02,4,1,5,80.0,401.6450382538025
2021-07-05,4,1,5,80.0,415.64612306302655
2021-07-06,4,1,5,80.0,413.95100662260865
2021-07-07,4,1,5,80.0,410.4099827247525
2021-07-08,4,1,5,80.0,403.1525829822955
2021-07-09,4,1,5,80.0,405.3786703198014
2021-07-12,4,1,5,80.0,400.09379398394316
2021-07-13,4,1,5,80.0,402.84577953041827
2021-07-14,4,1,5,80.0,398.86591614363596
2021-07-15,4,1,5,80.0,394.45237348913685
2021-07-16,4,1,5,80.0,405.0329640048929
2021-07-19,4,1,5,80.0,403.24035590924916
2021-07-20,4,1,5,80.0,394.71621183885
2021-07-22,4,1,5,80.0,394.6843564403276
2021-07-23,4,1,5,80.0,382.1841554775981
2021-07-26,4,1,5,80.0,380.95574907662535
2021-07-27,4,1,5,80.0,380.2726228346644
2021-07-28,4,1,5,80.0,384.43975913453363
2021-07-29,4,1,5,80.0,386.1487276289097
2021-07-30,4,1,5,80.0,389.7561661013724
2021-08-02,4,1,5,80.0,396.15891729672785
2021-08-03,4,1,5,80.0,398.42476752435806
2021-08-04,4,1,5,80.0,383.93861429765207
2021-08-05,4,1,5,80.0,382.97286168832215
2021-08-06,4,1,5,80.0,395.22570740124866
2021-08-09,4,1,5,80.0,394.1395209991974
2021-08-10,4,1,5,80.0,391.9796747734836
2021-08-11,4,1,5,80.0,399.4066523819444
2021-08-12,4,1,5,80.0,402.3194278748163
2021-08-13,4,1,5,80.0,408.2200900583042
2021-08-16,4,1,5,80.0,393.3859755849727
2021-08-17,4,1,5,80.0,391.6452709115628
2021-08-18,4,1,5,80.0,401.82874064034604
2021-08-20,4,1,5,80.0,401.70117583942675
2021-08-23,4,1,5,80.0,395.5009669423094
2021-08-24,4,1,5,80.0,399.22518243258975
2021-08-25,4,1,5,80.0,393.3903754895062
2021-08-26,4,1,5,80.0,385.1853582376612
2021-08-27,4,1,5,80.0,389.6382349608419
2021-08-30,4,1,5,80.0,399.41010277787126
2021-08-31,4,1,5,80.0,408.3773598683245
2021-09-01,4,1,5,80.0,410.58013676449656
2021-09-02,4,1,5,80.0,428.77514766718446
2021-09-03,4,1,5,80.0,428.95024917651574
2021-09-06,4,1,5,80.0,421.7558525706278
2021-09-07,4,1,5,80.0,429.55875155645356
2021-09-08,4,1,5,80.0,435.2372672560084
2021-09-09,4,1,5,80.0,440.8612791121492
2021-09-13,4,1,5,80.0,432.87555465500037
2021-09-14,4,1,5,80.0,442.3075996300188
2021-09-15,4,1,5,80.0,454.67367367127923
2021-09-16,5,0,5,100.0,473.8666745409405
2021-09-17,5,0,5,100.0,474.4682545518493
2021-09-20,5,0,5,100.0,470.46735625220674
2021-09-21,5,0,5,100.0,476.8353948084908
2021-09-22,5,0,5,100.0,473.08235351697857
2021-09-23,5,0,5,100.0,477.7544687779395
2021-09-24,5,0,5,100.0,490.6417428878416
2021-09-27,5,0,5,100.0,492.3400875461915
2021-09-28,5,0,5,100.0,487.6985081555498
2021-09-29,5,0,5,100.0,498.8896313053696
2021-09-30,5,0,5,100.0,506.54783234731997
2021-10-01,5,0,5,100.0,511.92189389294106
2021-10-04,5,0,5,100.0,524.3434898071913
2021-10-05,5,0,5,100.0,540.4228307987571
2021-10-06,5,0,5,100.0,542.5828273081793
2021-10-07,5,0,5,100.0,541.2175196151771
2021-10-08,5,0,5,100.0,551.4997360217683
2021-10-11,5,0,5,100.0,547.1304596099138
2021-10-12,5,0,5,100.0,541.2534482797174
2021-10-13,5,0,5,100.0,558.0108516740622
2021-10-14,5,0,5,100.0,565.970117742087
2021-10-18,5,0,5,100.0,576.4394170866258
2021-10-19,5,0,5,100.0,577.9248953635027
2021-10-20,5,0,5,100.0,573.6936079490706
2021-10-21,5,0,5,100.0,555.7531301639319
2021-10-22,5,0,5,100.0,540.942388020483
2021-10-25,5,0,5,100.0,539.4276741810178
2021-10-26,5,0,5,100.0,547.1566902648551
2021-10-27,5,0,5,100.0,545.5775260254918
2021-10-28,5,0,5,100.0,527.3614716976805
2021-10-29,4,1,5,80.0,524.8992347264582
2021-11-01,5,0,5,100.0,539.0050672430252
2021-11-02,5,0,5,100.0,540.4316520447692
2021-11-03,5,0,5,100.0,537.1569361988849
2021-11-04,5,0,5,100.0,551.6787959675272
2021-11-08,5,0,5,100.0,559.2909663449622
2021-11-09,5,0,5,100.0,576.722892046319
2021-11-10,5,0,5,100.0,587.0588560667621
2021-11-11,4,1,5,80.0,571.1277965567604
2021-11-12,4,1,5,80.0,570.5117913259254
2021-11-15,4,1,5,80.0,572.779506087068
2021-11-16,4,1,5,80.0,573.293662649841
2021-11-17,5,0,5,100.0,574.7851609668994
2021-11-18,5,0,5,100.0,577.2103254693092
2021-11-22,4,1,5,80.0,587.0208285169588
2021-11-23,4,1,5,80.0,602.498444401235
2021-11-24,4,1,5,80.0,620.0958855521133
2021-11-25,5,0,5,100.0,636.4481962981799
2021-11-26,5,0,5,100.0,625.9455878488493
2021-11-29,5,0,5,100.0,630.9612375809882
2021-11-30,5,0,5,100.0,641.540847799794
2021-12-01,5,0,5,100.0,665.4366530767475
2021-12-02,5,0,5,100.0,673.8785375134465
2021-12-03,5,0,5,100.0,697.0628135297108
2021-12-06,5,0,5,100.0,705.4367640311876
2021-12-07,5,0,5,100.0,709.400850575099
2021-12-08,5,0,5,100.0,706.0139066567846
2021-12-09,5,0,5,100.0,733.4816924841596
2021-12-10,5,0,5,100.0,741.304540584801
2021-12-13,5,0,5,100.0,747.0033550583448
2021-12-14,5,0,5,100.0,747.2994008292313
2021-12-15,5,0,5,100.0,745.3921847838054
2021-12-16,5,0,5,100.0,743.1866754123969
2021-12-17,5,0,5,100.0,735.0787001988908
2021-12-20,5,0,5,100.0,711.9891322775591
2021-12-21,5,0,5,100.0,721.9929904243334
2021-12-22,5,0,5,100.0,729.4188611410076
2021-12-23,5,0,5,100.0,721.2623840497718
2021-12-24,5,0,5,100.0,722.3064828456511
2021-12-27,5,0,5,100.0,723.9296764637417
2021-12-28,5,0,5,100.0,731.1034811663767
2021-12-29,5,0,5,100.0,751.32871814288
2021-12-30,5,0,5,100.0,752.7813589549203
2021-12-31,5,0,5,100.0,787.4856539973667
2022-01-03,5,0,5,100.0,796.456662742286
2022-01-04,5,0,5,100.0,799.3103321300548
2022-01-05,5,0,5,100.0,823.4090610703058
2022-01-06,5,0,5,100.0,833.4759754752156
2022-01-07,5,0,5,100.0,834.4216820462565
2022-01-10,5,0,5,100.0,845.8571100985785
2022-01-11,5,0,5,100.0,826.9242102891474
2022-01-12,5,0,5,100.0,855.9909810783403
2022-01-13,5,0,5,100.0,843.5067566554874
2022-01-14,5,0,5,100.0,840.2587954625977
2022-01-17,5,0,5,100.0,839.5413031035293
2022-01-18,5,0,5,100.0,806.285793343546
2022-01-19,5,0,5,100.0,794.6778937334211
2022-01-20,5,0,5,100.0,790.9639395337546
2022-01-21,5,0,5,100.0,760.8912914639575
2022-01-24,4,1,5,80.0,724.0042283345387
2022-01-25,4,1,5,80.0,723.5497108559497
2022-01-27,4,1,5,80.0,701.5102412503172
2022-01-28,4,1,5,80.0,701.1159966419339
2022-01-31,4,1,5,80.0,695.632226194057
2022-02-01,4,1,5,80.0,688.7692486156144
2022-02-02,4,1,5,80.0,712.6026714919261
2022-02-03,4,1,5,80.0,718.7393756265917
2022-02-04,4,1,5,80.0,723.4053271560496
2022-02-07,4,1,5,80.0,715.2860972200767
2022-02-08,4,1,5,80.0,716.7286216961247
2022-02-09,4,1,5,80.0,711.8842464816793
2022-02-10,4,1,5,80.0,712.7874710718895
2022-02-11,4,1,5,80.0,691.0868325927484
2022-02-14,3,2,5,60.0,659.7221457302823
2022-02-15,4,1,5,80.0,673.2261491419538
2022-02-16,4,1,5,80.0,679.3310249951004
2022-02-17,4,1,5,80.0,679.1284772777087
2022-02-18,4,1,5,80.0,672.2473397103371
2022-02-21,4,1,5,80.0,666.5747795428387
2022-02-22,4,1,5,80.0,649.3049130419743
2022-02-23,4,1,5,80.0,642.000889429
2022-02-24,3,2,5,60.0,602.0253014131231
2022-02-25,3,2,5,60.0,612.5716904392953
2022-02-28,4,1,5,80.0,619.3642979452861
2022-03-02,4,1,5,80.0,618.5769187505755
2022-03-03,4,1,5,80.0,615.8389362303965
2022-03-04,4,1,5,80.0,589.569516036994
2022-03-07,1,3,4,25.0,577.5325203221803
2022-03-08,3,2,5,60.0,577.3070727017223
2022-03-09,3,2,5,60.0,597.1185873747148
2022-03-10,3,2,5,60.0,609.2222968089245
2022-03-11,4,1,5,80.0,614.6596119994344
2022-03-14,3,2,5,60.0,619.4590250719714
2022-03-15,3,2,5,60.0,618.1788659681886
2022-03-16,3,2,5,60.0,636.6416343621156
2022-03-17,3,2,5,60.0,647.0858263277587
2022-03-21,3,2,5,60.0,643.4365392624927
2022-03-22,3,2,5,60.0,649.1302285289194
2022-03-23,3,2,5,60.0,656.1759234067058
2022-03-24,3,2,5,60.0,669.3702327408002
2022-03-25,3,2,5,60.0,682.8143219360217
2022-03-28,3,2,5,60.0,674.8751337279892
2022-03-29,3,2,5,60.0,671.5394039173316
2022-03-30,3,2,5,60.0,681.2175684649457
2022-03-31,3,2,5,60.0,693.604406008078
2022-04-01,3,2,5,60.0,711.7356829552957
2022-04-04,3,2,5,60.0,729.3989918171529
2022-04-05,3,2,5,60.0,745.8670408255144
2022-04-06,4,1,5,80.0,763.2657471030041
2022-04-07,4,1,5,80.0,756.1201599007833
2022-04-08,5,0,5,100.0,762.2152443694428
2022-04-11,4,1,5,80.0,759.9088182195696
2022-04-12,4,1,5,80.0,744.3272070110517
2022-04-13,3,2,5,60.0,731.1366505878594
2022-04-18,3,2,5,60.0,716.4134334848563
2022-04-19,3,2,5,60.0,697.45176513436
2022-04-20,3,2,5,60.0,703.3991441127689
2022-04-21,3,2,5,60.0,713.4967071834815
2022-04-22,3,2,5,60.0,703.3852972011607
2022-04-25,3,2,5,60.0,674.6254982629786
2022-04-26,3,2,5,60.0,681.7914064738732
2022-04-27,3,2,5,60.0,660.1925458963519
2022-04-28,3,2,5,60.0,653.6597995417733
2022-04-29,2,3,5,40.0,641.0392334871592
2022-05-02,2,3,5,40.0,627.680729404571
2022-05-04,2,3,5,40.0,607.196673893311
2022-05-05,2,3,5,40.0,610.5919467435183
2022-05-06,2,3,5,40.0,614.8340932879269
2022-05-09,2,3,5,40.0,613.773404679037
2022-05-10,2,3,5,40.0,599.4825882885734
2022-05-11,2,3,5,40.0,584.2802262631042
2022-05-12,2,3,5,40.0,563.2240388236144
2022-05-13,1,4,5,20.0,562.0024411133392
2022-05-16,1,4,5,20.0,586.4470894171444
2022-05-17,2,3,5,40.0,604.4149437109623
2022-05-18,2,3,5,40.0,602.1737266762145
2022-05-19,1,4,5,20.0,591.8598539421874
2022-05-20,1,4,5,20.0,601.2446263411942
2022-05-23,1,4,5,20.0,590.8346711925836
2022-05-24,1,4,5,20.0,583.4133119121555
2022-05-25,1,4,5,20.0,567.4546297619096
2022-05-26,1,4,5,20.0,565.6060484629492
2022-05-27,1,4,5,20.0,579.7637068204173
2022-05-30,1,4,5,20.0,593.6917557849644
2022-05-31,1,4,5,20.0,598.555822519759
2022-06-01,1,4,5,20.0,590.6906541233494
2022-06-02,1,4,5,20.0,599.5340673029104
2022-06-03,0,5,5,0.0,594.5172955649849
2022-06-06,1,4,5,20.0,595.3983610833433
2022-06-07,0,5,5,0.0,595.6828473433382
2022-06-08,0,5,5,0.0,590.6717714209364
2022-06-09,1,4,5,20.0,608.875657555854
2022-06-10,2,3,5,40.0,624.3224301519658
2022-06-13,1,4,5,20.0,605.1461882642615
2022-06-14,1,4,5,20.0,601.8647211129272
2022-06-15,1,4,5,20.0,596.1298346033121
2022-06-16,0,5,5,0.0,574.1586554444251
2022-06-17,0,5,5,0.0,563.0498474990308
2022-06-20,0,5,5,0.0,542.8368314815972
2022-06-21,0,5,5,0.0,555.0378946009687
2022-06-22,0,5,5,0.0,557.3282046833522
2022-06-23,0,5,5,0.0,562.749546065489
2022-06-24,0,5,5,0.0,582.4683327786876
2022-06-27,1,4,5,20.0,594.0195686093944
2022-06-28,0,5,5,0.0,586.956980380443
2022-06-29,0,5,5,0.0,582.9137192040849
2022-06-30,0,5,5,0.0,577.6841653853245
2022-07-01,0,5,5,0.0,575.0197676242644
2022-07-04,0,5,5,0.0,579.0081504586501
2022-07-05,0,5,5,0.0,576.7341556739607
2022-07-06,0,5,5,0.0,582.5902952873246
2022-07-07,0,5,5,0.0,590.1851369902708
2022-07-08,0,5,5,0.0,587.0297041635638
2022-07-11,0,5,5,0.0,589.7805184044123
2022-07-12,0,5,5,0.0,595.1571269253685
2022-07-13,0,5,5,0.0,589.0431782104839
2022-07-14,0,5,5,0.0,577.8987838362888
2022-07-15,0,5,5,0.0,580.217205137693
2022-07-18,0,5,5,0.0,593.1842955893653
2022-07-19,0,5,5,0.0,600.049414087203
2022-07-20,0,5,5,0.0,595.7170053214471
2022-07-21,0,5,5,0.0,614.0279814498128
2022-07-22,0,5,5,0.0,606.9705302351719
2022-07-25,0,5,5,0.0,603.2785351413835
2022-07-26,0,5,5,0.0,600.0320289540026
2022-07-27,0,5,5,0.0,592.4094887595407
2022-07-28,0,5,5,0.0,586.4393276661474
2022-07-29,0,5,5,0.0,592.471921971628
2022-08-01,0,5,5,0.0,612.2136781496268
2022-08-02,0,5,5,0.0,615.2375562806152
2022-08-03,0,5,5,0.0,609.2677740888921
2022-08-04,0,5,5,0.0,597.2964197402788
2022-08-05,1,4,5,20.0,606.984555120078
2022-08-08,1,4,5,20.0,605.5617069930757
2022-08-10,1,4,5,20.0,600.2455134065078
2022-08-11,1,4,5,20.0,602.66310035292
2022-08-12,1,4,5,20.0,603.5578654302697
2022-08-16,1,4,5,20.0,605.643386361546
2022-08-17,1,4,5,20.0,613.4372348355308
2022-08-18,2,3,5,40.0,627.1658841310946
2022-08-19,2,3,5,40.0,624.4734157669438
2022-08-22,2,3,5,40.0,627.7949017454307
2022-08-23,3,2,5,60.0,632.348067803875
2022-08-24,3,2,5,60.0,642.4679390557097
2022-08-25,3,2,5,60.0,635.4918491224527
2022-08-26,3,2,5,60.0,641.5941969343953
2022-08-29,3,2,5,60.0,643.3937996788682
2022-08-30,3,2,5,60.0,683.6531467835985
2022-09-01,3,2,5,60.0,723.146207201099
2022-09-02,3,2,5,60.0,720.9282844333154
2022-09-05,3,2,5,60.0,733.2166856988204
2022-09-06,3,2,5,60.0,717.4141279577991
2022-09-07,3,2,5,60.0,729.744862687929
2022-09-08,3,2,5,60.0,729.3677151689022
2022-09-09,3,2,5,60.0,718.5871646558003
2022-09-12,3,2,5,60.0,721.9976137180463
2022-09-13,3,2,5,60.0,719.9981091982064
2022-09-14,3,2,5,60.0,725.9428734900282
2022-09-15,3,2,5,60.0,721.9604872126587
2022-09-16,3,2,5,60.0,699.5489741973253
2022-09-19,3,2,5,60.0,698.9496297356485
2022-09-20,3,2,5,60.0,701.810578127484
2022-09-21,3,2,5,60.0,692.7414969026531
2022-09-22,3,2,5,60.0,694.8897480564628
2022-09-23,3,2,5,60.0,678.7453003819738
2022-09-26,2,3,5,40.0,658.942963508766
2022-09-27,2,3,5,40.0,661.0994917553344
2022-09-28,2,3,5,40.0,659.6419414742411
2022-09-29,2,3,5,40.0,651.5810734340796
2022-09-30,3,2,5,60.0,665.4145313902329
2022-10-03,3,2,5,60.0,668.1847049986657
2022-10-04,3,2,5,60.0,676.54330085855
2022-10-06,3,2,5,60.0,682.2168897434062
2022-10-07,3,2,5,60.0,693.0135242949443
2022-10-10,3,2,5,60.0,682.0335303173904
2022-10-11,3,2,5,60.0,665.4375861967146
2022-10-12,3,2,5,60.0,663.2138200071771
2022-10-13,3,2,5,60.0,662.4810894546897
2022-10-14,3,2,5,60.0,669.3917225281613
2022-10-17,3,2,5,60.0,667.71292752063
2022-10-18,3,2,5,60.0,676.1588923631275
2022-10-19,3,2,5,60.0,669.3550952042157
2022-10-20,3,2,5,60.0,671.85628220036
2022-10-21,3,2,5,60.0,675.3018202027337
2022-10-24,3,2,5,60.0,680.1047453138582
2022-10-25,3,2,5,60.0,676.5587363352067
2022-10-27,3,2,5,60.0,676.3276995743622
2022-10-28,3,2,5,60.0,672.7606161323981
2022-10-31,3,2,5,60.0,673.1698318036624
2022-11-01,3,2,5,60.0,676.7636712197841
2022-11-02,3,2,5,60.0,670.6684787259476
2022-11-03,3,2,5,60.0,671.0846446438161
2022-11-04,3,2,5,60.0,671.3922138141061
2022-11-07,3,2,5,60.0,671.3999737320975
2022-11-09,3,2,5,60.0,672.3712615826463
2022-11-10,3,2,5,60.0,671.4511970600107
2022-11-11,3,2,5,60.0,668.9449569071182
2022-11-14,3,2,5,60.0,666.9204440087556
2022-11-15,3,2,5,60.0,667.7980561132315
2022-11-16,3,2,5,60.0,660.8694544455999
2022-11-17,3,2,5,60.0,665.6348041610969
2022-11-18,3,2,5,60.0,661.383034017599
2022-11-21,3,2,5,60.0,664.5626982128889
2022-11-22,3,2,5,60.0,659.5895829453186
2022-11-23,3,2,5,60.0,660.1594040642971
2022-11-24,3,2,5,60.0,655.1647965201306
2022-11-25,3,2,5,60.0,657.0095117751013
2022-11-28,3,2,5,60.0,658.352516797592
2022-11-29,3,2,5,60.0,651.602631895258
2022-11-30,3,2,5,60.0,663.9920043077059
2022-12-01,3,2,5,60.0,667.517295533309
2022-12-02,3,2,5,60.0,676.7166081745992
2022-12-05,3,2,5,60.0,667.8850266484839
2022-12-06,3,2,5,60.0,658.2315188736135
2022-12-07,3,2,5,60.0,660.1038285611202
2022-12-08,3,2,5,60.0,658.2422624653956
2022-12-09,3,2,5,60.0,653.5159500744704
2022-12-12,3,2,5,60.0,651.7217750883551
2022-12-13,3,2,5,60.0,664.003016031245
2022-12-14,3,2,5,60.0,672.5037837381212
2022-12-15,3,2,5,60.0,661.7916244455673
2022-12-16,3,2,5,60.0,655.4388956872372
2022-12-19,3,2,5,60.0,656.6936406864355
2022-12-20,3,2,5,60.0,648.7073548985995
2022-12-21,2,3,5,40.0,629.315826102694
2022-12-22,2,3,5,40.0,618.1058891545794
2022-12-23,2,3,5,40.0,591.8001184206585
2022-12-26,2,3,5,40.0,608.414697787827
2022-12-27,2,3,5,40.0,620.7332792054251
2022-12-28,2,3,5,40.0,625.8537687252448
2022-12-29,2,3,5,40.0,631.3528786388885
2022-12-30,2,3,5,40.0,631.6366529832491
2023-01-02,2,3,5,40.0,634.8539100369752
2023-01-03,2,3,5,40.0,636.4351106670255
2023-01-04,2,3,5,40.0,628.1875409149602
2023-01-05,2,3,5,40.0,626.6345692231222
2023-01-06,2,3,5,40.0,619.648937626428
2023-01-09,2,3,5,40.0,618.2992896854929
2023-01-10,2,3,5,40.0,611.4911553971054
2023-01-11,2,3,5,40.0,613.1173465386561
2023-01-12,2,3,5,40.0,607.3788335824908
2023-01-13,2,3,5,40.0,606.6691955974222
2023-01-16,2,3,5,40.0,601.2923943986353
2023-01-17,2,3,5,40.0,603.1620455013715
2023-01-18,2,3,5,40.0,612.47732119562
2023-01-19,2,3,5,40.0,613.8771104246442
2023-01-20,2,3,5,40.0,603.693774089454
2023-01-23,2,3,5,40.0,598.7120216619553
2023-01-24,2,3,5,40.0,593.2374989303171
2023-01-25,2,3,5,40.0,580.5745272429025
2023-01-27,2,3,5,40.0,562.0601995170321
2023-01-30,2,3,5,40.0,563.9942374710679
2023-01-31,2,3,5,40.0,576.0650625704263
2023-02-01,2,3,5,40.0,565.4580762595363
2023-02-02,2,3,5,40.0,563.9769218625722
2023-02-03,2,3,5,40.0,566.1986960740087
2023-02-06,2,3,5,40.0,595.2576768402506
2023-02-07,2,3,5,40.0,581.4269998269608
2023-02-08,2,3,5,40.0,577.0773429517624
2023-02-09,2,3,5,40.0,573.397084275007
2023-02-10,2,3,5,40.0,569.0819934402111
2023-02-13,2,3,5,40.0,571.5197435821435
2023-02-14,2,3,5,40.0,565.3101654733395
2023-02-15,2,3,5,40.0,567.0164206412712
2023-02-16,2,3,5,40.0,569.7584662516996
2023-02-17,2,3,5,40.0,561.0051300925849
2023-02-20,2,3,5,40.0,553.2113187501164
2023-02-21,2,3,5,40.0,542.7095692163515
2023-02-22,2,3,5,40.0,534.7004405968833
2023-02-23,2,3,5,40.0,527.0818436699387
2023-02-24,2,3,5,40.0,520.1267020971127
2023-02-27,1,4,5,20.0,509.95345557649074
2023-02-28,1,4,5,20.0,521.6346279705451
2023-03-01,1,4,5,20.0,531.0760750525709
2023-03-02,1,4,5,20.0,532.4875978007138
2023-03-03,2,3,5,40.0,546.2479817339412
2023-03-06,2,3,5,40.0,553.7574833163801
2023-03-08,2,3,5,40.0,554.1151216361287
2023-03-09,2,3,5,40.0,547.1038505208447
2023-03-10,2,3,5,40.0,539.6108227452955
2023-03-13,2,3,5,40.0,526.4996610324949
2023-03-14,2,3,5,40.0,523.707821965111
2023-03-15,1,4,5,20.0,519.5447294218912
2023-03-16,1,4,5,20.0,513.6756141809401
2023-03-17,1,4,5,20.0,511.1733576955354
2023-03-20,1,4,5,20.0,505.05443155055855
2023-03-21,1,4,5,20.0,510.0170851181109
2023-03-22,1,4,5,20.0,513.1915728183897
2023-03-23,2,3,5,40.0,513.6171089174625
2023-03-24,2,3,5,40.0,506.19650614006974
2023-03-27,2,3,5,40.0,495.19441111189064
2023-03-28,1,4,5,20.0,482.9587031934049
2023-03-29,1,4,5,20.0,494.09154892928467
2023-03-31,1,4,5,20.0,499.10058273614845
2023-04-03,1,4,5,20.0,515.3181446888335
2023-04-05,2,3,5,40.0,525.8405278717912
2023-04-06,2,3,5,40.0,533.3052026266494
2023-04-10,2,3,5,40.0,527.7854415298883
2023-04-11,2,3,5,40.0,530.6458660993189
2023-04-12,2,3,5,40.0,530.3777044049021
2023-04-13,2,3,5,40.0,523.3552787499189
2023-04-17,1,4,5,20.0,524.4493956924409
2023-04-18,1,4,5,20.0,520.3101363131467
2023-04-19,0,5,5,0.0,516.9346699552111
2023-04-20,2,3,5,40.0,519.7013353833538
2023-04-21,1,4,5,20.0,528.1405484344161
2023-04-24,1,4,5,20.0,530.4319120817613
2023-04-25,2,3,5,40.0,538.5745573659675
2023-04-26,2,3,5,40.0,547.2493563586764
2023-04-27,2,3,5,40.0,555.9090168872322
2023-04-28,2,3,5,40.0,561.0644626263604
2023-05-02,2,3,5,40.0,556.3980880652704
2023-05-03,2,3,5,40.0,552.2670942897175
2023-05-04,2,3,5,40.0,565.3876903134114
2023-05-05,2,3,5,40.0,562.0032297055767
2023-05-08,2,3,5,40.0,558.1644834657217
2023-05-09,2,3,5,40.0,557.272407759407
2023-05-10,2,3,5,40.0,554.0379427915847
2023-05-11,2,3,5,40.0,564.9136796113045
2023-05-12,2,3,5,40.0,556.9672309775133
2023-05-15,2,3,5,40.0,558.9800575254192
2023-05-16,2,3,5,40.0,562.4566713028929
2023-05-17,2,3,5,40.0,555.9600762341008
2023-05-18,1,4,5,20.0,552.6917179779324
2023-05-19,1,4,5,20.0,554.4994701602986
2023-05-22,1,4,5,20.0,552.4181396569979
2023-05-23,2,3,5,40.0,554.0524837301379
2023-05-24,2,3,5,40.0,559.2934665535224
2023-05-25,2,3,5,40.0,563.6177247700227
2023-05-26,2,3,5,40.0,563.6887210993418
2023-05-29,2,3,5,40.0,565.357320866812
2023-05-30,2,3,5,40.0,564.6841099441282
2023-05-31,2,3,5,40.0,573.4360245968704
2023-06-01,2,3,5,40.0,577.8331099625585
2023-06-02,2,3,5,40.0,583.2247799098358
2023-06-05,2,3,5,40.0,586.2179372043676
2023-06-06,3,2,5,60.0,600.0073950842033
2023-06-07,3,2,5,60.0,624.2688908660381
2023-06-08,2,3,5,40.0,632.9847875281155
2023-06-09,2,3,5,40.0,636.510177526699
2023-06-12,2,3,5,40.0,644.0776667007613
2023-06-13,4,1,5,80.0,658.8739940082409
2023-06-14,4,1,5,80.0,657.9021444186341
2023-06-15,3,2,5,60.0,658.0879587892127
2023-06-16,4,1,5,80.0,659.2251769732604
2023-06-19,2,3,5,40.0,647.4671121800881
2023-06-20,3,2,5,60.0,645.5127013399965
2023-06-21,4,1,5,80.0,656.7219862363996
2023-06-22,3,2,5,60.0,648.5339975570962
2023-06-23,3,2,5,60.0,645.3929349751052
2023-06-26,4,1,5,80.0,651.0540184892691
2023-06-27,3,2,5,60.0,647.5522884384842
2023-06-28,3,2,5,60.0,650.0965984872868
2023-06-30,3,2,5,60.0,650.8587942294982
2023-07-03,3,2,5,60.0,652.7658472201935
2023-07-04,3,2,5,60.0,651.9679898696146
2023-07-05,3,2,5,60.0,650.8813725684048
2023-07-06,3,2,5,60.0,650.0980568721719
2023-07-07,3,2,5,60.0,647.1965572425239
2023-07-10,3,2,5,60.0,648.172885509127
2023-07-11,3,2,5,60.0,668.1129311239649
2023-07-12,3,2,5,60.0,679.3182591725608
2023-07-13,3,2,5,60.0,674.7979553775635
2023-07-14,3,2,5,60.0,684.5916959215416
2023-07-17,4,1,5,80.0,682.3481051168234
2023-07-18,4,1,5,80.0,676.8222478886893
2023-07-19,5,0,5,100.0,697.418221329494
2023-07-20,5,0,5,100.0,693.680572263427
2023-07-21,5,0,5,100.0,696.851773281773
2023-07-24,5,0,5,100.0,690.143776755246
2023-07-25,5,0,5,100.0,693.0508013285798
2023-07-26,5,0,5,100.0,714.7492213150604
2023-07-27,5,0,5,100.0,714.296217024619
2023-07-28,5,0,5,100.0,712.3048439511705
2023-07-31,5,0,5,100.0,714.4296274590133
2023-08-01,5,0,5,100.0,714.291691336491
2023-08-02,5,0,5,100.0,693.5717508722431
2023-08-03,5,0,5,100.0,690.9321627012697
2023-08-04,5,0,5,100.0,703.4178972755237
2023-08-07,5,0,5,100.0,706.6549276475121
2023-08-08,5,0,5,100.0,699.0137732915751
2023-08-09,5,0,5,100.0,698.8695781674215
2023-08-10,5,0,5,100.0,691.8890263824496
2023-08-11,5,0,5,100.0,692.3602250106603
2023-08-14,5,0,5,100.0,691.4630999196819
2023-08-16,5,0,5,100.0,689.7473270497258
2023-08-17,5,0,5,100.0,691.5942923244048
2023-08-18,5,0,5,100.0,685.0315136027849
2023-08-21,4,1,5,80.0,684.9740795462752
2023-08-22,5,0,5,100.0,705.7501026876421
2023-08-23,5,0,5,100.0,721.0052984816658
2023-08-24,5,0,5,100.0,719.8414500685011
2023-08-25,5,0,5,100.0,735.9538376592121
2023-08-28,5,0,5,100.0,752.0961874473908
2023-08-29,5,0,5,100.0,740.4189783425102
2023-08-30,5,0,5,100.0,744.4783169459498
2023-08-31,5,0,5,100.0,740.188117960642
2023-09-01,5,0,5,100.0,771.1752192944363
2023-09-04,5,0,5,100.0,773.1757946820993
2023-09-05,5,0,5,100.0,767.0235360745013
2023-09-06,5,0,5,100.0,785.6119389686863
2023-09-07,5,0,5,100.0,792.8986562495447
2023-09-08,5,0,5,100.0,795.8709825314684
2023-09-11,5,0,5,100.0,822.3202932180426
2023-09-12,5,0,5,100.0,794.5189811942345
2023-09-13,5,0,5,100.0,817.4286627848587
2023-09-14,5,0,5,100.0,819.8157998894377
2023-09-15,5,0,5,100.0,842.2166749302534
2023-09-18,5,0,5,100.0,820.079567333711
2023-09-20,5,0,5,100.0,812.6629480483759
2023-09-21,5,0,5,100.0,802.4489002583765
2023-09-22,5,0,5,100.0,808.6914289018213
2023-09-25,5,0,5,100.0,806.0162557272741
2023-09-26,5,0,5,100.0,816.6643294214385
2023-09-27,5,0,5,100.0,817.35819092487
2023-09-28,5,0,5,100.0,815.5153659555166
2023-09-29,5,0,5,100.0,822.5701396700604
2023-10-03,5,0,5,100.0,826.5947796710758
2023-10-04,5,0,5,100.0,809.3430288004788
2023-10-05,5,0,5,100.0,805.9019431430213
2023-10-06,5,0,5,100.0,803.8053472996492
2023-10-09,5,0,5,100.0,787.2114498474332
2023-10-10,5,0,5,100.0,799.0456731397181
2023-10-11,5,0,5,100.0,816.2508309686407
2023-10-12,5,0,5,100.0,817.9633062648022
2023-10-13,5,0,5,100.0,818.8488298808951
2023-10-16,5,0,5,100.0,813.8014421914171
2023-10-17,5,0,5,100.0,812.9036146329538
2023-10-18,5,0,5,100.0,803.1880696728168
2023-10-19,5,0,5,100.0,807.708047275784
2023-10-20,5,0,5,100.0,792.9373605577229
2023-10-23,5,0,5,100.0,747.905924443311
2023-10-25,5,0,5,100.0,743.3285851810433
2023-10-26,5,0,5,100.0,732.1658723854407
2023-10-27,5,0,5,100.0,747.6895085292716
2023-10-30,5,0,5,100.0,761.3338149204803
2023-10-31,5,0,5,100.0,762.6788971847943
2023-11-01,5,0,5,100.0,775.5617374281144
2023-11-02,5,0,5,100.0,794.6536079615826
2023-11-03,5,0,5,100.0,794.5039240177871
2023-11-06,5,0,5,100.0,800.6523144692256
2023-11-07,5,0,5,100.0,802.820549460896
2023-11-08,5,0,5,100.0,800.8993053963115
2023-11-09,5,0,5,100.0,801.7777990120628
2023-11-10,5,0,5,100.0,797.3497257087831
2023-11-12,5,0,5,100.0,803.5167203507191
2023-11-13,5,0,5,100.0,811.7324395867017
2023-11-15,5,0,5,100.0,816.2317615366552
2023-11-16,5,0,5,100.0,819.0991410680264
2023-11-17,5,0,5,100.0,820.938946343301
2023-11-20,5,0,5,100.0,817.9294116119751
2023-11-21,5,0,5,100.0,820.1536074532603
2023-11-22,5,0,5,100.0,810.496980786908
2023-11-23,5,0,5,100.0,819.3416923468722
2023-11-24,5,0,5,100.0,815.8525236112214
2023-11-28,5,0,5,100.0,809.3240323511641
2023-11-29,5,0,5,100.0,821.8610547343126
2023-11-30,5,0,5,100.0,825.8847316616663
2023-12-01,5,0,5,100.0,821.3262374289206
2023-12-04,5,0,5,100.0,823.2000378201993
2023-12-05,5,0,5,100.0,818.8488959657258
2023-12-06,5,0,5,100.0,815.621931888501
2023-12-07,5,0,5,100.0,819.2953538475402
2023-12-08,5,0,5,100.0,825.1335076829802
2023-12-11,5,0,5,100.0,826.1581550775785
2023-12-12,5,0,5,100.0,824.4153629034823
2023-12-13,5,0,5,100.0,827.033734547536
2023-12-14,5,0,5,100.0,842.3664278860119
2023-12-15,5,0,5,100.0,845.3137029634488
2023-12-18,5,0,5,100.0,861.3386629947595
2023-12-19,5,0,5,100.0,852.4513711600424
2023-12-20,5,0,5,100.0,820.0748477456779
2023-12-21,5,0,5,100.0,831.7686367778075
2023-12-22,5,0,5,100.0,837.5105542859283
2023-12-26,5,0,5,100.0,834.4537841219408
2023-12-27,5,0,5,100.0,841.4506773660518
2023-12-28,5,0,5,100.0,844.8274612280238
2023-12-29,5,0,5,100.0,877.0856858950832
2024-01-01,5,0,5,100.0,886.0501264508267
2024-01-02,5,0,5,100.0,872.8546668866879
2024-01-03,5,0,5,100.0,872.5892907034064
2024-01-04,5,0,5,100.0,889.4919226534576
2024-01-05,5,0,5,100.0,893.7167263155493
2024-01-08,5,0,5,100.0,894.7250519762249
2024-01-09,5,0,5,100.0,893.2692646843135
2024-01-10,5,0,5,100.0,890.0145254166305
2024-01-11,5,0,5,100.0,887.8197253869897
2024-01-12,5,0,5,100.0,896.6724526561512
2024-01-15,5,0,5,100.0,904.4436275482651
2024-01-16,5,0,5,100.0,886.8712148485567
2024-01-17,5,0,5,100.0,865.6162457192316
2024-01-18,5,0,5,100.0,872.4408222502136
2024-01-19,5,0,5,100.0,876.7722107450053
2024-01-20,5,0,5,100.0,874.870497714857
2024-01-23,5,0,5,100.0,857.2273924656109
2024-01-24,5,0,5,100.0,881.8972904106131
2024-01-25,5,0,5,100.0,883.2043772071275
2024-01-29,5,0,5,100.0,879.199212015349
2024-01-30,5,0,5,100.0,871.6668423241168
2024-01-31,5,0,5,100.0,881.5682365231856
2024-02-01,5,0,5,100.0,869.8580527399347
2024-02-02,5,0,5,100.0,869.2628085351907
2024-02-05,5,0,5,100.0,856.2857419547029
2024-02-06,5,0,5,100.0,869.706199909957
2024-02-07,5,0,5,100.0,885.965243663284
2024-02-08,5,0,5,100.0,904.8721955574601
2024-02-09,5,0,5,100.0,898.3933183682378
2024-02-12,4,1,5,80.0,859.1011137064618
2024-02-13,4,1,5,80.0,865.886582572295
2024-02-14,4,1,5,80.0,880.980314990952
2024-02-15,5,0,5,100.0,889.7651347906153
2024-02-16,5,0,5,100.0,892.0967453623531
2024-02-19,5,0,5,100.0,899.6044029511305
2024-02-20,5,0,5,100.0,896.1496916800226
2024-02-21,4,1,5,80.0,880.8951504353873
2024-02-22,5,0,5,100.0,907.2201708463338
2024-02-23,5,0,5,100.0,916.0997433862904
2024-02-26,5,0,5,100.0,905.8358693322548
2024-02-27,5,0,5,100.0,900.7367089492606
2024-02-28,4,1,5,80.0,868.032960117782
2024-02-29,4,1,5,80.0,869.3774598190228
2024-03-01,4,1,5,80.0,876.5855583521023
2024-03-02,5,0,5,100.0,889.5952594790796
2024-03-04,5,0,5,100.0,888.8848211381072
2024-03-05,4,1,5,80.0,893.2364042086258
2024-03-06,3,2,5,60.0,885.8690331334362
2024-03-07,5,0,5,100.0,915.6256325119907
2024-03-11,4,1,5,80.0,887.5657116904442
2024-03-12,3,2,5,60.0,876.8922032057052
2024-03-13,3,2,5,60.0,818.0131800812857
2024-03-14,3,2,5,60.0,852.1444862999097
2024-03-15,3,2,5,60.0,852.5309707575557
2024-03-18,3,2,5,60.0,857.4946517012155
2024-03-19,3,2,5,60.0,840.1934559587618
2024-03-20,3,2,5,60.0,838.5592508546031
2024-03-21,3,2,5,60.0,842.3878981243992
2024-03-22,3,2,5,60.0,853.8767675727778
2024-03-26,3,2,5,60.0,846.3080977505513
2024-03-27,3,2,5,60.0,846.0536675660187
2024-03-28,3,2,5,60.0,846.7509980183797
2024-04-01,3,2,5,60.0,874.6788294065173
2024-04-02,3,2,5,60.0,879.5825906819636
2024-04-03,3,2,5,60.0,888.5209671287889
2024-04-04,3,2,5,60.0,883.854500756054
2024-04-05,3,2,5,60.0,879.896245479822
2024-04-08,3,2,5,60.0,875.3847792684815
2024-04-09,3,2,5,60.0,866.4812121005231
2024-04-10,3,2,5,60.0,870.0040103368877
2024-04-12,3,2,5,60.0,859.5281815991357
2024-04-15,3,2,5,60.0,849.2526038898483
2024-04-16,3,2,5,60.0,851.3010478668937
2024-04-18,3,2,5,60.0,857.564022124735
2024-04-19,2,3,5,40.0,843.1066202312772
2024-04-22,3,2,5,60.0,858.3973233388249
2024-04-23,3,2,5,60.0,905.6113352192992
2024-04-24,3,2,5,60.0,882.7656733325489
2024-04-25,2,3,5,40.0,885.1443358320623
2024-04-26,2,3,5,40.0,884.6127112124672
2024-04-29,2,3,5,40.0,878.6522406637494
2024-04-30,2,3,5,40.0,869.6837797120947
2024-05-02,2,3,5,40.0,869.2855829608087
2024-05-03,2,3,5,40.0,859.2835727986542
2024-05-06,2,3,5,40.0,849.7693166920145
2024-05-07,1,4,5,20.0,837.2020656768004
2024-05-08,2,3,5,40.0,846.26522292878
2024-05-09,2,3,5,40.0,835.028560287856
2024-05-10,2,3,5,40.0,839.7806028100518
2024-05-13,1,4,5,20.0,833.2803140829922
2024-05-14,2,3,5,40.0,853.3522771537488
2024-05-15,2,3,5,40.0,856.311821246964
2024-05-16,3,2,5,60.0,862.2791447170963
2024-05-17,3,2,5,60.0,867.3553317016658
2024-05-18,3,2,5,60.0,870.6938770194171
2024-05-21,3,2,5,60.0,874.1812817520627
2024-05-22,3,2,5,60.0,869.4463440392278
2024-05-23,3,2,5,60.0,881.1291752890712
2024-05-24,3,2,5,60.0,898.0780743242866
2024-05-27,3,2,5,60.0,898.1259705714976
2024-05-28,3,2,5,60.0,885.1448252606789
2024-05-29,2,3,5,40.0,881.9631561570079
2024-05-30,2,3,5,40.0,872.3165232075808
2024-05-31,2,3,5,40.0,881.7209277549927
2024-06-03,2,3,5,40.0,896.3780474210754
2024-06-04,2,3,5,40.0,818.9704105864678
2024-06-05,2,3,5,40.0,862.1664278351141
2024-06-06,2,3,5,40.0,880.9052869061651
2024-06-07,3,2,5,60.0,903.9457140909687
2024-06-10,3,2,5,60.0,909.6153694827939
2024-06-11,4,1,5,80.0,933.5273954881387
2024-06-12,4,1,5,80.0,948.3430648417697
2024-06-13,4,1,5,80.0,944.4042942986616
2024-06-14,4,1,5,80.0,948.8291573992809
2024-06-18,4,1,5,80.0,947.8595996493627
2024-06-19,4,1,5,80.0,937.7782939062655
2024-06-20,4,1,5,80.0,942.4062068595349
2024-06-21,4,1,5,80.0,946.3039159349537
2024-06-24,4,1,5,80.0,947.6539055811866
2024-06-25,4,1,5,80.0,941.9862190999241
2024-06-26,4,1,5,80.0,964.144611720252
2024-06-27,4,1,5,80.0,964.6829638622961
2024-06-28,4,1,5,80.0,952.8847253633863
2024-07-01,4,1,5,80.0,953.6021673479723
2024-07-02,4,1,5,80.0,942.0071356245595
2024-07-03,4,1,5,80.0,954.1177557589078
2024-07-04,4,1,5,80.0,974.5602502365257
2024-07-05,4,1,5,80.0,976.2380413599594
2024-07-08,4,1,5,80.0,968.6709462365586
2024-07-09,4,1,5,80.0,968.3743481658964
2024-07-10,4,1,5,80.0,965.4978353966833
2024-07-11,4,1,5,80.0,960.3836631553254
2024-07-12,4,1,5,80.0,950.2149349299527
2024-07-15,4,1,5,80.0,958.6951625775106
2024-07-16,4,1,5,80.0,970.3406197893057
2024-07-18,5,0,5,100.0,1001.4540553971278
2024-07-19,5,0,5,100.0,989.209320375765
2024-07-22,5,0,5,100.0,991.3937284438084
2024-07-23,5,0,5,100.0,977.9926866678336
2024-07-24,5,0,5,100.0,1000.8691401880329
2024-07-25,5,0,5,100.0,999.808194144977
2024-07-26,5,0,5,100.0,1021.726870632273
2024-07-29,5,0,5,100.0,1015.5340944978614
2024-07-30,5,0,5,100.0,1027.0209860625646
2024-07-31,5,0,5,100.0,1032.1166759202995
2024-08-01,5,0,5,100.0,1024.0733760441124
2024-08-02,5,0,5,100.0,1029.2730911066474
2024-08-05,5,0,5,100.0,980.0491932991303
2024-08-06,5,0,5,100.0,965.3247418086114
2024-08-07,5,0,5,100.0,992.7119185153092
2024-08-08,5,0,5,100.0,995.0650662719331
2024-08-09,5,0,5,100.0,1005.575997152045
2024-08-12,5,0,5,100.0,1010.0915132018669
2024-08-13,5,0,5,100.0,996.2445340019627
2024-08-14,5,0,5,100.0,991.3612981218992
2024-08-16,5,0,5,100.0,1006.8546550924237
2024-08-19,5,0,5,100.0,1021.8868315044605
2024-08-20,5,0,5,100.0,1022.5968686448037
2024-08-21,5,0,5,100.0,1064.7895075379915
2024-08-22,5,0,5,100.0,1088.0157981355912
2024-08-23,5,0,5,100.0,1074.853540362181
2024-08-26,5,0,5,100.0,1073.9173072416943
2024-08-27,5,0,5,100.0,1127.0326442681092
2024-08-28,5,0,5,100.0,1118.5600955093462
2024-08-29,5,0,5,100.0,1115.8625297476683
2024-08-30,5,0,5,100.0,1115.3888454075075
2024-09-02,5,0,5,100.0,1097.4819199190292
2024-09-03,5,0,5,100.0,1104.8437664248445
2024-09-04,5,0,5,100.0,1095.4958786083655
2024-09-05,5,0,5,100.0,1107.9413990715966
2024-09-06,4,1,5,80.0,1061.6294817515663
2024-09-09,4,1,5,80.0,1050.0023960926671
2024-09-10,4,1,5,80.0,1075.969669030849
2024-09-11,4,1,5,80.0,1059.706581924753
2024-09-12,4,1,5,80.0,1086.5701168805863
2024-09-13,4,1,5,80.0,1089.6292074153728
2024-09-16,4,1,5,80.0,1076.2165184359171
2024-09-17,4,1,5,80.0,1065.8865082263578
2024-09-18,4,1,5,80.0,1045.6712909213159
2024-09-19,4,1,5,80.0,998.4120932210812
2024-09-20,4,1,5,80.0,999.6620986706479
2024-09-23,4,1,5,80.0,1018.1231146082903
2024-09-24,4,1,5,80.0,1014.9678770376107
2024-09-25,3,2,5,60.0,1020.4314879114694
2024-09-26,3,2,5,60.0,1024.2886770298317
2024-09-27,3,2,5,60.0,1014.5399622546373
2024-09-30,3,2,5,60.0,1002.145011180291
2024-10-01,3,2,5,60.0,1004.1116012864389
2024-10-03,3,2,5,60.0,976.349538597
2024-10-04,3,2,5,60.0,960.4308586308262
2024-10-07,3,2,5,60.0,925.2772610414023
2024-10-08,3,2,5,60.0,950.8411145420446
2024-10-09,3,2,5,60.0,939.9957961704533
2024-10-10,3,2,5,60.0,955.5043125343602
2024-10-11,3,2,5,60.0,949.9285868585351
2024-10-14,3,2,5,60.0,945.5232076814935
2024-10-15,3,2,5,60.0,942.3534185832356
2024-10-16,3,2,5,60.0,949.8258893362068
2024-10-17,2,3,5,40.0,922.1733490844276
2024-10-18,3,2,5,60.0,928.866241400709
2024-10-21,2,3,5,40.0,907.8524147654441
2024-10-22,2,3,5,40.0,877.0585252955802
2024-10-23,2,3,5,40.0,877.8623844336247
2024-10-24,2,3,5,40.0,866.1542990243277
2024-10-25,2,3,5,40.0,841.1740587129799
2024-10-28,2,3,5,40.0,862.5495363779075
2024-10-29,2,3,5,40.0,852.2949627162955
2024-10-30,2,3,5,40.0,857.3106786359406
2024-10-31,2,3,5,40.0,867.2958206006804
2024-11-01,2,3,5,40.0,881.057345798391
2024-11-04,2,3,5,40.0,850.5873238467653
2024-11-05,2,3,5,40.0,859.724937567829
2024-11-06,2,3,5,40.0,887.2392712794689
2024-11-07,2,3,5,40.0,876.8309236946942
2024-11-08,2,3,5,40.0,860.1061638948149
2024-11-11,2,3,5,40.0,852.798466786815
2024-11-12,2,3,5,40.0,840.8633177839199
2024-11-13,2,3,5,40.0,819.0439272592474
2024-11-14,2,3,5,40.0,822.314625618591
2024-11-18,2,3,5,40.0,815.9483098569108
2024-11-19,2,3,5,40.0,817.1131249254124
2024-11-21,2,3,5,40.0,813.3582735570236
2024-11-22,2,3,5,40.0,819.3155090008286
2024-11-25,2,3,5,40.0,839.187412446184
2024-11-26,2,3,5,40.0,881.4780354609534
2024-11-27,2,3,5,40.0,910.0639466667989
2024-11-28,2,3,5,40.0,898.5147659736965
2024-11-29,2,3,5,40.0,911.187120260673
2024-12-02,2,3,5,40.0,951.8852206439769
2024-12-03,2,3,5,40.0,948.1271355546422
2024-12-04,2,3,5,40.0,960.1094141739717
2024-12-05,2,3,5,40.0,947.1096078612977
2024-12-06,2,3,5,40.0,949.60607028155
2024-12-09,3,2,5,60.0,964.2167497642251
2024-12-10,2,3,5,40.0,959.2110378058178
2024-12-11,2,3,5,40.0,968.9532354520901
2024-12-12,3,2,5,60.0,991.8853792338591
2024-12-13,3,2,5,60.0,998.9564877222563
2024-12-16,3,2,5,60.0,990.8643164581323
2024-12-17,2,3,5,40.0,973.4863617423192
2024-12-18,3,2,5,60.0,967.6717440637393
2024-12-19,2,3,5,40.0,959.4771381292144
2024-12-20,2,3,5,40.0,925.2945610445736
2024-12-23,2,3,5,40.0,922.2414611923657
2024-12-24,2,3,5,40.0,930.1098072194563
2024-12-26,2,3,5,40.0,924.0489506727705
2024-12-27,2,3,5,40.0,919.4125796939377
2024-12-30,2,3,5,40.0,916.1433283845803
2024-12-31,2,3,5,40.0,924.5589864104353
2025-01-01,2,3,5,40.0,947.5572776077694
2025-01-02,2,3,5,40.0,956.4340857239737
2025-01-03,2,3,5,40.0,963.6607007997163
2025-01-06,2,3,5,40.0,922.0931563422098
2025-01-07,2,3,5,40.0,936.2485393774895
2025-01-08,2,3,5,40.0,929.058630958418
2025-01-09,2,3,5,40.0,923.6745370068563
2025-01-10,2,3,5,40.0,907.1351452391506
2025-01-13,2,3,5,40.0,876.9148389235104
2025-01-14,2,3,5,40.0,907.8544353312421
2025-01-15,2,3,5,40.0,915.0714317982585
2025-01-16,2,3,5,40.0,925.263647674243
2025-01-17,2,3,5,40.0,923.8295119766564
2025-01-20,3,2,5,60.0,985.877765001405
2025-01-21,2,3,5,40.0,946.3997919897572
2025-01-22,2,3,5,40.0,943.366584370572
2025-01-23,2,3,5,40.0,937.8669917177792
2025-01-24,2,3,5,40.0,924.2322018164796
2025-01-27,2,3,5,40.0,878.4108169917776
2025-01-28,1,4,5,20.0,874.0318572141675
2025-01-29,2,3,5,40.0,883.3867686519442
2025-01-30,2,3,5,40.0,888.6659914213025
2025-01-31,2,3,5,40.0,902.4030610726104
2025-02-01,2,3,5,40.0,914.4917374241322
2025-02-03,2,3,5,40.0,889.6519153940628
2025-02-04,2,3,5,40.0,902.5496772771833
2025-02-05,2,3,5,40.0,921.0716642901338
2025-02-06,2,3,5,40.0,904.0772825182211
2025-02-07,2,3,5,40.0,910.0153756694533
2025-02-10,1,4,5,20.0,897.6717053805115
2025-02-11,1,4,5,20.0,873.9963663355477
2025-02-12,1,4,5,20.0,864.157728187315
2025-02-13,1,4,5,20.0,866.3794826761682
2025-02-14,1,4,5,20.0,841.6572754171737
2025-02-17,1,4,5,20.0,830.5781574741566
2025-02-18,1,4,5,20.0,808.1222771417067
2025-02-19,1,4,5,20.0,827.6911075995455
2025-02-20,1,4,5,20.0,826.7369071279236
2025-02-21,1,4,5,20.0,814.0448420268356
2025-02-24,1,4,5,20.0,796.4249306630754
2025-02-25,1,4,5,20.0,797.964690278931
2025-02-27,1,4,5,20.0,785.5808635452373
2025-02-28,1,4,5,20.0,756.5951616342563
2025-03-03,1,4,5,20.0,743.9271836778864
2025-03-04,1,4,5,20.0,744.5685074611439
2025-03-05,1,4,5,20.0,783.6443362918177
2025-03-06,1,4,5,20.0,785.6831505000532
2025-03-07,1,4,5,20.0,786.7153654218056
2025-03-10,1,4,5,20.0,772.3862401996008
2025-03-11,1,4,5,20.0,788.0924768504464
2025-03-12,1,4,5,20.0,781.9944332626715
2025-03-13,1,4,5,20.0,772.7377126164857
2025-03-17,1,4,5,20.0,768.4676914403243
2025-03-18,1,4,5,20.0,779.0690179134087
2025-03-19,1,4,5,20.0,803.0179309612464
2025-03-20,1,4,5,20.0,809.4857019277995
2025-03-21,1,4,5,20.0,826.4693141597716
2025-03-24,1,4,5,20.0,832.5422396880776
2025-03-25,1,4,5,20.0,813.1918739730263
2025-03-26,1,4,5,20.0,813.5102351707744
2025-03-27,1,4,5,20.0,812.9971564931933
2025-03-28,1,4,5,20.0,801.4387652117995
2025-04-01,1,4,5,20.0,839.6469367311136
2025-04-02,1,4,5,20.0,845.4497365556016
2025-04-03,1,4,5,20.0,852.8154444978151
2025-04-04,1,4,5,20.0,831.1716913125512
2025-04-07,1,4,5,20.0,790.7316884795557
2025-04-08,1,4,5,20.0,799.7079586789746
2025-04-09,1,4,5,20.0,787.0217634583545
2025-04-11,1,4,5,20.0,806.6760383724076
2025-04-15,1,4,5,20.0,830.3242238124656
2025-04-16,1,4,5,20.0,837.9656171567506
2025-04-17,1,4,5,20.0,839.6789526955631
2025-04-21,1,4,5,20.0,863.7943659801323
2025-04-22,1,4,5,20.0,860.4670670215976
2025-04-23,1,4,5,20.0,858.5729308071759
2025-04-24,1,4,5,20.0,853.8308537146916
2025-04-25,1,4,5,20.0,817.9282976809965
2025-04-28,1,4,5,20.0,818.5321238802409
2025-04-29,1,4,5,20.0,812.678294792586
2025-04-30,1,4,5,20.0,813.1372786483101
2025-05-02,1,4,5,20.0,801.1309207664476
2025-05-05,1,4,5,20.0,815.9023840011027
2025-05-06,1,4,5,20.0,796.2296380257387
2025-05-07,1,4,5,20.0,800.5306316088598
2025-05-08,1,4,5,20.0,783.359470537229
2025-05-09,1,4,5,20.0,779.8842132131699
2025-05-12,1,4,5,20.0,815.280512046378
2025-05-13,1,4,5,20.0,816.6112589825161
2025-05-14,1,4,5,20.0,826.1301008914858
2025-05-15,1,4,5,20.0,839.6519034518716
2025-05-16,1,4,5,20.0,850.8900333095793
2025-05-19,1,4,5,20.0,834.4132626967012
2025-05-20,1,4,5,20.0,817.7835503513382
2025-05-21,1,4,5,20.0,861.047010487726
2025-05-22,2,3,5,40.0,880.9160464688
2025-05-23,2,3,5,40.0,882.3295003040805
2025-05-26,2,3,5,40.0,885.5276223000989
2025-05-27,2,3,5,40.0,885.3260440148796
2025-05-28,2,3,5,40.0,888.1230238066562
2025-05-29,2,3,5,40.0,888.256778768079
2025-05-30,1,4,5,20.0,877.9918388880182
2025-06-02,2,3,5,40.0,882.1172985011906
2025-06-03,1,4,5,20.0,870.3285258057506
2025-06-04,1,4,5,20.0,877.0610275793707
2025-06-05,1,4,5,20.0,879.568020074118
2025-06-06,1,4,5,20.0,880.5362656496884
2025-06-09,2,3,5,40.0,886.5801302038623
2025-06-10,2,3,5,40.0,897.8747540246549
2025-06-11,3,2,5,60.0,916.13149676578
2025-06-12,3,2,5,60.0,915.3235152660855
2025-06-13,2,3,5,40.0,902.464378495532
2025-06-16,2,3,5,40.0,915.4813365052108
2025-06-17,2,3,5,40.0,899.39590472689
2025-06-18,2,3,5,40.0,893.5165017611994
2025-06-19,2,3,5,40.0,872.6584351016028
2025-06-20,2,3,5,40.0,884.2456131245649
2025-06-23,2,3,5,40.0,882.0108239251956
2025-06-24,2,3,5,40.0,895.2604300112891
2025-06-25,2,3,5,40.0,912.0036116793225
2025-06-26,2,3,5,40.0,917.4931012654722
2025-06-27,3,2,5,60.0,918.4908235838224
2025-06-30,3,2,5,60.0,916.4582950230576
2025-07-01,3,2,5,60.0,920.9034908739798
2025-07-02,3,2,5,60.0,934.4600351834509
2025-07-03,3,2,5,60.0,926.4481530966375
2025-07-04,3,2,5,60.0,919.9826702120251
2025-07-07,2,3,5,40.0,912.7120861225899
2025-07-08,2,3,5,40.0,910.6301715023341
2025-07-09,2,3,5,40.0,907.3977366541227
2025-07-10,2,3,5,40.0,904.0524389553301
2025-07-11,2,3,5,40.0,886.9300790449261
2025-07-14,2,3,5,40.0,893.2408773665111
2025-07-15,2,3,5,40.0,889.6023972231208
2025-07-16,2,3,5,40.0,894.25057153286
2025-07-17,2,3,5,40.0,893.6139511827282
2025-07-18,2,3,5,40.0,884.6963206997647
2025-07-21,2,3,5,40.0,886.475907530339
2025-07-22,2,3,5,40.0,877.2172776086497
2025-07-23,2,3,5,40.0,884.9933725560227
2025-07-24,2,3,5,40.0,878.563633265064
2025-07-25,2,3,5,40.0,867.9770021149507
2025-07-28,2,3,5,40.0,856.6696086016814
2025-07-29,2,3,5,40.0,861.6811088034764
2025-07-30,2,3,5,40.0,856.8550831453166
2025-07-31,2,3,5,40.0,845.5558342013344
2025-08-01,2,3,5,40.0,837.7975795028435
2025-08-04,2,3,5,40.0,850.3228702664247
2025-08-05,2,3,5,40.0,851.5432031540611
2025-08-06,2,3,5,40.0,839.1784023358493
2025-08-07,2,3,5,40.0,840.3757975222985
2025-08-08,2,3,5,40.0,831.390860282958
2025-08-11,2,3,5,40.0,829.160059691267
2025-08-12,1,4,5,20.0,823.2848233803072
2025-08-13,2,3,5,40.0,825.96398578723
2025-08-14,2,3,5,40.0,823.0959402720148
2025-08-18,2,3,5,40.0,831.052497072545
2025-08-19,2,3,5,40.0,836.3406611301873
2025-08-20,2,3,5,40.0,839.9659499221832
2025-08-21,1,4,5,20.0,827.0813273340151
2025-08-22,1,4,5,20.0,844.2030570503476
2025-08-25,1,4,5,20.0,845.1497345371639
2025-08-26,1,4,5,20.0,818.4685782217703
2025-08-28,1,4,5,20.0,811.0397594960835
2025-08-29,1,4,5,20.0,805.5835272249058
2025-09-01,1,4,5,20.0,811.670235691612
2025-09-02,1,4,5,20.0,817.2924168869704
2025-09-03,1,4,5,20.0,818.8593368450025
2025-09-04,1,4,5,20.0,813.0020464839463
2025-09-05,1,4,5,20.0,828.7959442852712
2025-09-08,1,4,5,20.0,829.756150991989
2025-09-09,1,4,5,20.0,833.7573196384943
2025-09-10,1,4,5,20.0,834.5420754766185
2025-09-11,1,4,5,20.0,839.7486877633762
2025-09-12,2,3,5,40.0,854.5405378883383
2025-09-15,3,2,5,60.0,872.0550585522044
2025-09-16,3,2,5,60.0,878.101087720149
2025-09-17,3,2,5,60.0,872.0713264674187
2025-09-18,3,2,5,60.0,884.1026980921587
2025-09-19,3,2,5,60.0,898.305609743193
2025-09-22,3,2,5,60.0,886.2009903118806
2025-09-23,3,2,5,60.0,892.0833770427199
2025-09-24,3,2,5,60.0,882.6947900683942
2025-09-25,3,2,5,60.0,889.1278054214375
2025-09-26,2,3,5,40.0,862.1692275935125
2025-09-29,2,3,5,40.0,861.0248726559886
2025-09-30,2,3,5,40.0,856.0594277526471
2025-10-01,2,3,5,40.0,867.0156194543024
2025-10-03,2,3,5,40.0,889.901455984571
2025-10-06,3,2,5,60.0,889.667774824178
2025-10-07,3,2,5,60.0,906.7266199343449
2025-10-08,3,2,5,60.0,902.7154612250198
2025-10-09,3,2,5,60.0,902.4745275664533
2025-10-10,3,2,5,60.0,924.7531300336256
2025-10-13,3,2,5,60.0,909.5553405354048
2025-10-14,3,2,5,60.0,905.4528929699876
2025-10-15,3,2,5,60.0,923.787110920536
2025-10-16,3,2,5,60.0,930.7463396056647
2025-10-17,3,2,5,60.0,921.7006098917212
2025-10-20,3,2,5,60.0,925.4435519673898
2025-10-21,3,2,5,60.0,932.528175046505
2025-10-23,3,2,5,60.0,927.0272908466192
2025-10-24,3,2,5,60.0,935.7558786159492
2025-10-27,3,2,5,60.0,951.3441932952677
2025-10-28,3,2,5,60.0,937.4876387357679
2025-10-29,3,2,5,60.0,940.7284209169022
2025-10-30,3,2,5,60.0,920.7100817010867
2025-10-31,3,2,5,60.0,920.2123821835598
2025-11-03,3,2,5,60.0,945.9368636613893
2025-11-04,3,2,5,60.0,945.398041298731
2025-11-06,3,2,5,60.0,925.6764873075664
2025-11-07,3,2,5,60.0,927.2274044318974
2025-11-10,3,2,5,60.0,926.8789003334664
2025-11-11,3,2,5,60.0,941.347335690679
2025-11-12,3,2,5,60.0,951.327186669797
2025-11-13,3,2,5,60.0,955.1984254895968
2025-11-14,3,2,5,60.0,962.6510339028483
2025-11-17,3,2,5,60.0,966.4427551188062
2025-11-18,3,2,5,60.0,958.6115376105467
2025-11-19,3,2,5,60.0,953.7073714973399
2025-11-20,3,2,5,60.0,948.8755097529236
2025-11-21,3,2,5,60.0,942.8174464430535
2025-11-24,3,2,5,60.0,937.3201703198517
2025-11-25,3,2,5,60.0,931.4575201095652
2025-11-26,3,2,5,60.0,936.2719406441563
2025-11-27,3,2,5,60.0,943.1418653922287
2025-11-28,3,2,5,60.0,930.0822451325057
2025-12-01,3,2,5,60.0,932.1600553226893
2025-12-02,3,2,5,60.0,933.5585813671139
2025-12-03,3,2,5,60.0,938.9221206299902
2025-12-04,3,2,5,60.0,937.5031155906672
2025-12-05,3,2,5,60.0,930.6149774083678
2025-12-08,3,2,5,60.0,896.5978515310006
2025-12-09,3,2,5,60.0,931.4607458689867
2025-12-10,3,2,5,60.0,922.4523480645089
2025-12-11,3,2,5,60.0,922.1885080008143
2025-12-12,3,2,5,60.0,928.5982866485174
2025-12-15,3,2,5,60.0,920.0414957017595
2025-12-16,3,2,5,60.0,932.9298513740255
2025-12-17,3,2,5,60.0,925.6613985502929
2025-12-18,3,2,5,60.0,916.556268436546
2025-12-19,3,2,5,60.0,935.7942628805856
2025-12-22,3,2,5,60.0,936.7769550353901
2025-12-23,3,2,5,60.0,939.4067368308578
2025-12-24,3,2,5,60.0,939.6431878263927
2025-12-26,3,2,5,60.0,934.4210850970068
2025-12-29,3,2,5,60.0,928.3036535637204
2025-12-30,3,2,5,60.0,930.5555305633429
2025-12-31,3,2,5,60.0,915.7215285584323
2026-01-01,3,2,5,60.0,927.1571435815598
2026-01-02,3,2,5,60.0,930.2702152394693
2026-01-05,3,2,5,60.0,922.094879835133
2026-01-06,3,2,5,60.0,920.1589358078344
2026-01-07,3,2,5,60.0,916.1079712599045
2026-01-08,3,2,5,60.0,911.0413655119594
2026-01-09,3,2,5,60.0,893.3090607181425
2026-01-12,3,2,5,60.0,889.6628145546034
2026-01-13,3,2,5,60.0,884.2938065190692
2026-01-14,3,2,5,60.0,889.1126266687786
2026-01-16,3,2,5,60.0,875.5569523423927
2026-01-19,3,2,5,60.0,862.6944836631578
2026-01-20,3,2,5,60.0,836.6855941746925
2026-01-21,2,3,5,40.0,821.3821650362115
2026-01-22,2,3,5,40.0,819.2046836294786
2026-01-23,2,3,5,40.0,805.2262753957393
2026-01-27,2,3,5,40.0,805.9785745202557
2026-01-28,2,3,5,40.0,819.4640796267576
2026-01-29,2,3,5,40.0,821.379528070222
2026-01-30,2,3,5,40.0,853.2963593723767
2026-02-01,1,4,5,20.0,842.9732954909409
2026-02-02,2,3,5,40.0,836.6487662529895
2026-02-03,2,3,5,40.0,854.461320901937
2026-02-04,2,3,5,40.0,859.1270002015614
2026-02-05,2,3,5,40.0,846.131680592132
2026-02-06,2,3,5,40.0,843.5569721241179
2026-02-09,2,3,5,40.0,870.5268981655217
2026-02-10,2,3,5,40.0,880.8645557589608
2026-02-11,2,3,5,40.0,885.1481260895589
2026-02-12,2,3,5,40.0,875.146988082864
2026-02-13,2,3,5,40.0,856.4797485803135
2026-02-16,2,3,5,40.0,853.2105198603073
2026-02-17,2,3,5,40.0,865.757957969669
2026-02-18,2,3,5,40.0,866.8807581175791
2026-02-19,2,3,5,40.0,854.0797587948489
2026-02-20,2,3,5,40.0,853.3631903114692
2026-02-23,2,3,5,40.0,849.6150979898036
2026-02-24,1,4,5,20.0,833.3008311395103
2026-02-25,1,4,5,20.0,828.1333551524499
2026-02-26,1,4,5,20.0,834.7076439606166
2026-02-27,1,4,5,20.0,817.4485757574499
2026-03-02,1,4,5,20.0,794.6750560164152
2026-03-04,1,4,5,20.0,778.1434168320488
2026-03-05,1,4,5,20.0,782.4978585937691
2026-03-06,1,4,5,20.0,780.9453673940485
2026-03-09,1,4,5,20.0,770.6521833412564
2026-03-10,1,4,5,20.0,779.3288908435304
2026-03-11,1,4,5,20.0,767.7988056766271
2026-03-12,1,4,5,20.0,763.8825962144216
2026-03-13,1,4,5,20.0,751.7742451767547
2026-03-16,1,4,5,20.0,751.0414643402796
2026-03-17,1,4,5,20.0,753.9762586150756
2026-03-18,1,4,5,20.0,777.2535622369026
2026-03-19,0,5,5,0.0,748.0107788712929
2026-03-20,1,4,5,20.0,746.926406256711
2026-03-23,0,5,5,0.0,705.8442617619912
2026-03-24,0,5,5,0.0,720.0031973552689
2026-03-25,0,5,5,0.0,733.785645510144
2026-03-27,0,5,5,0.0,712.3742045383026
2026-03-30,0,5,5,0.0,680.7573789572605
2026-04-01,0,5,5,0.0,716.4906210137136
2026-04-02,0,5,5,0.0,722.0474411710205
2026-04-06,0,5,5,0.0,743.902075219887
2026-04-07,0,5,5,0.0,745.9490173684756
2026-04-08,1,4,5,20.0,783.0868147138345
2026-04-09,0,5,5,0.0,778.1099884117801
2026-04-10,1,4,5,20.0,791.8760905757733
2026-04-13,1,4,5,20.0,791.6834710153809
2026-04-15,1,4,5,20.0,812.6499539117228
2026-04-16,1,4,5,20.0,817.8078930323074
2026-04-17,1,4,5,20.0,825.9803818037215
2026-04-20,1,4,5,20.0,815.0809124166733
2026-04-21,1,4,5,20.0,824.5257569913294
2026-04-22,1,4,5,20.0,823.422634158287
2026-04-23,1,4,5,20.0,828.951204626674
2026-04-24,1,4,5,20.0,813.8345042608256
2026-04-27,1,4,5,20.0,832.52942613797
2026-04-28,1,4,5,20.0,841.1510140893149
2026-04-29,1,4,5,20.0,851.0613678499086
2026-04-30,1,4,5,20.0,841.2882198624395
2026-05-04,1,4,5,20.0,837.5879409136369
2026-05-05,1,4,5,20.0,837.2111868627649
2026-05-06,1,4,5,20.0,857.3004252365893
2026-05-07,1,4,5,20.0,868.0192992642684
2026-05-08,1,4,5,20.0,864.7268036066963
2026-05-11,1,4,5,20.0,860.968186238807
2026-05-12,1,4,5,20.0,838.0736101534584
2026-05-13,1,4,5,20.0,859.9162724153089
2026-05-14,1,4,5,20.0,885.6153461038622
2026-05-15,2,3,5,40.0,884.6500899468891
2026-05-18,1,4,5,20.0,880.0903628064473
2026-05-19,1,4,5,20.0,887.8716348960912
2026-05-20,2,3,5,40.0,903.5762022771577
2026-05-21,2,3,5,40.0,913.6171774448655
2026-05-22,2,3,5,40.0,920.2026103869138
2026-05-25,2,3,5,40.0,927.1915541438807
2026-05-26,2,3,5,40.0,934.5218397324948
2026-05-27,2,3,5,40.0,937.6144476412915
2026-05-29,2,3,5,40.0,928.6328313988804
2026-06-01,2,3,5,40.0,922.7684072409589
2026-06-02,2,3,5,40.0,928.6786599358109
2026-06-03,2,3,5,40.0,943.7277450900785
2026-06-04,2,3,5,40.0,951.6545337380402
2026-06-05,2,3,5,40.0,956.1933120490826
2026-06-08,2,3,5,40.0,929.254927835516
2026-06-09,2,3,5,40.0,935.4710706647218
2026-06-10,2,3,5,40.0,929.5209913908133
2026-06-11,2,3,5,40.0,929.6385871970436
2026-06-12,2,3,5,40.0,966.8793821242101
2026-06-15,2,3,5,40.0,961.2828013258948
2026-06-16,2,3,5,40.0,955.2726248636449
2026-06-17,3,2,5,60.0,967.7882483206992
2026-06-18,3,2,5,60.0,1003.9981851280123
2026-06-19,3,2,5,60.0,1025.9918210249189
2026-06-22,3,2,5,60.0,1031.6265538798368
2026-06-23,3,2,5,60.0,1005.7003998953842
2026-06-24,3,2,5,60.0,995.7646219875556
2026-06-25,3,2,5,60.0,984.4828612502655
2026-06-29,3,2,5,60.0,991.2246089101901
2026-06-30,3,2,5,60.0,1003.358181060781
2026-07-01,3,2,5,60.0,1006.1009133068648
2026-07-02,3,2,5,60.0,1003.7012823951494
2026-07-03,3,2,5,60.0,1000.0735347982031
2026-07-06,3,2,5,60.0,993.6806097109251
2026-07-07,3,2,5,60.0,987.2965494551917
2026-07-08,3,2,5,60.0,970.3483491735789
2026-07-09,3,2,5,60.0,977.6127894875094
2026-07-10,3,2,5,60.0,979.6833041924016
2026-07-13,3,2,5,60.0,974.0864259645384
2026-07-14,3,2,5,60.0,973.2555524454559
2026-07-15,3,2,5,60.0,963.3197669617234
2026-07-16,3,2,5,60.0,965.974585196894
2026-07-17,3,2,5,60.0,958.5195322076859
2026-07-20,3,2,5,60.0,963.807003949127
2026-07-21,3,2,5,60.0,971.9422696486457
2026-07-22,3,2,5,60.0,970.116906478247
2026-07-23,3,2,5,60.0,961.829364016843
2026-07-24,3,2,5,60.0,956.8838867771298
2026-07-27,3,2,5,60.0,952.9375341031466
2026-07-28,3,2,5,60.0,957.6343944844103
2026-07-29,4,1,5,80.0,963.8974444955569
2026-07-30,4,1,5,80.0,959.3623033199855
2026-07-31,4,1,5,80.0,980.6382597403548
2026-08-03,4,1,5,80.0,979.2830323250851
2026-08-04,4,1,5,80.0,974.331194768218
2026-08-05,4,1,5,80.0,972.7515679699671
2026-08-06,4,1,5,80.0,962.2716316248024
2026-08-07,4,1,5,80.0,961.3119161178448
2026-08-10,4,1,5,80.0,968.8482288809221
2026-08-11,3,2,5,60.0,962.9255760813528
2026-08-12,4,1,5,80.0,966.7039728705807
2026-08-13,4,1,5,80.0,986.166352802526
2026-08-14,3,2,5,60.0,990.7427097726763
2026-08-17,3,2,5,60.0,990.8872723123952
2026-08-18,3,2,5,60.0,964.8483733914187
2026-08-19,2,3,5,40.0,950.7562160394409
2026-08-20,3,2,5,60.0,953.4557066358686
2026-08-21,3,2,5,60.0,950.7146543436525
2026-08-24,3,2,5,60.0,954.9550015637224
2026-08-25,3,2,5,60.0,975.7013869734221
2026-08-26,2,3,5,40.0,965.1875907054011
2026-08-27,2,3,5,40.0,966.4655207155988
2026-08-28,2,3,5,40.0,976.5050116722575
2026-08-31,3,2,5,60.0,964.5634036767935
2026-09-01,3,2,5,60.0,965.2407890637869
2026-09-02,3,2,5,60.0,964.1067647018411
2026-09-03,2,3,5,40.0,963.4525747640376
2026-09-04,3,2,5,60.0,968.4180193769331
