Date,Above,Below,Total,Percentage,Index_Close
2014-08-07,4,0,6,100.0,142.2325749183462
2014-08-08,3,1,6,75.0,140.0774148490648
2014-08-11,4,0,6,100.0,140.4365648930045
2014-08-12,3,1,6,75.0,137.61764751086326
2014-08-13,3,1,6,75.0,134.56278759899533
2014-08-14,3,1,6,75.0,136.10611711691521
2014-08-18,3,1,6,75.0,138.7557505370046
2014-08-19,3,1,6,75.0,141.85374221745064
2014-08-20,3,1,6,75.0,142.6047537898988
2014-08-21,3,1,6,75.0,142.96211877233068
2014-08-22,3,1,6,75.0,145.98862228558147
2014-08-25,3,1,6,75.0,143.91241614218114
2014-08-26,3,1,6,75.0,142.92196659904621
2014-08-27,3,1,6,75.0,145.03460847391696
2014-08-28,3,1,6,75.0,142.68469174923698
2014-09-01,4,1,6,80.0,145.0648588791044
2014-09-02,4,1,6,80.0,145.0681840811265
2014-09-03,4,1,6,80.0,149.56490316827495
2014-09-04,4,1,6,80.0,146.99307429010622
2014-09-05,4,1,6,80.0,146.58143723128728
2014-09-08,4,1,6,80.0,152.82789852531158
2014-09-09,5,0,6,100.0,161.3368707421242
2014-09-10,5,0,6,100.0,161.24558226972573
2014-09-11,5,0,6,100.0,162.88321123415827
2014-09-12,5,0,6,100.0,164.75164213217352
2014-09-15,6,0,6,100.0,163.90423377875427
2014-09-16,5,1,6,83.33333333333334,156.06798888185017
2014-09-17,5,1,6,83.33333333333334,154.25436898107785
2014-09-18,6,0,6,100.0,159.948152197455
2014-09-19,6,0,6,100.0,160.3003694961714
2014-09-22,6,0,6,100.0,160.70637604607606
2014-09-23,6,0,6,100.0,155.67035787220266
2014-09-24,5,1,6,83.33333333333334,153.29350077498984
2014-09-25,5,1,6,83.33333333333334,149.21161891832247
2014-09-26,5,1,6,83.33333333333334,149.76858138951565
2014-09-29,4,1,5,80.0,149.01312585470433
2014-09-30,5,1,6,83.33333333333334,149.16370135957743
2014-10-01,4,1,5,80.0,148.817113554361
2014-10-07,5,1,6,83.33333333333334,146.65293408735494
2014-10-08,4,1,5,80.0,149.39408719933834
2014-10-09,4,1,5,80.0,149.98421177933272
2014-10-10,4,1,5,80.0,146.8955330561874
2014-10-13,5,1,6,83.33333333333334,146.89279917842813
2014-10-14,5,1,6,83.33333333333334,144.2973635593783
2014-10-16,2,4,6,33.33333333333333,141.1384562439427
2014-10-17,2,4,6,33.33333333333333,142.67846906302736
2014-10-20,3,3,6,50.0,143.0987375439261
2014-10-21,4,2,6,66.66666666666666,145.13296306214286
2014-10-22,4,2,6,66.66666666666666,146.29330364683307
2014-10-23,3,1,4,75.0,148.48108197161895
2014-10-27,5,1,6,83.33333333333334,148.31641469381648
2014-10-28,5,1,6,83.33333333333334,149.98035903781295
2014-10-29,5,1,6,83.33333333333334,151.555571245639
2014-10-30,5,1,6,83.33333333333334,148.03344656380264
2014-10-31,5,1,6,83.33333333333334,149.78062851637367
2014-11-03,5,1,6,83.33333333333334,147.59685778107405
2014-11-05,5,1,6,83.33333333333334,150.62561047108576
2014-11-07,5,1,6,83.33333333333334,149.48092577551634
2014-11-10,5,1,6,83.33333333333334,150.9462364264163
2014-11-11,5,1,6,83.33333333333334,157.50042795484717
2014-11-12,5,1,6,83.33333333333334,156.1657800947785
2014-11-13,4,2,6,66.66666666666666,156.07608724640804
2014-11-14,4,2,6,66.66666666666666,155.51999759676306
2014-11-17,5,1,6,83.33333333333334,160.76857828663842
2014-11-18,5,1,6,83.33333333333334,166.63341160264667
2014-11-19,4,2,6,66.66666666666666,166.38007555201247
2014-11-20,4,2,6,66.66666666666666,170.23972915799294
2014-11-21,4,2,6,66.66666666666666,170.97182955997656
2014-11-24,5,1,6,83.33333333333334,172.1669342860118
2014-11-25,4,2,6,66.66666666666666,165.2463349847534
2014-11-26,4,2,6,66.66666666666666,166.2379060999559
2014-11-27,5,1,6,83.33333333333334,166.61932163159761
2014-11-28,4,2,6,66.66666666666666,164.88351259369136
2014-12-01,4,2,6,66.66666666666666,162.28842482685045
2014-12-02,4,2,6,66.66666666666666,161.8257074271629
2014-12-03,4,2,6,66.66666666666666,163.00650443009914
2014-12-04,5,1,6,83.33333333333334,164.0072745464423
2014-12-05,5,1,6,83.33333333333334,167.1114238991135
2014-12-08,4,2,6,66.66666666666666,169.4916937874805
2014-12-09,4,2,6,66.66666666666666,166.94318171379143
2014-12-10,4,2,6,66.66666666666666,167.20041378261183
2014-12-11,4,2,6,66.66666666666666,164.79754892443336
2014-12-12,3,3,6,50.0,164.1886528399484
2014-12-15,3,3,6,50.0,162.79486821736538
2014-12-16,2,4,6,33.33333333333333,155.05203242026298
2014-12-17,2,4,6,33.33333333333333,153.0695194096775
2014-12-18,2,4,6,33.33333333333333,159.1028547564308
2014-12-19,2,4,6,33.33333333333333,160.81762594527368
2014-12-22,2,4,6,33.33333333333333,162.10888917381584
2014-12-23,2,4,6,33.33333333333333,163.2347908254828
2014-12-24,2,4,6,33.33333333333333,164.97067800890878
2014-12-26,2,4,6,33.33333333333333,167.02312339447712
2014-12-29,4,2,6,66.66666666666666,167.57311865896833
2014-12-30,3,3,6,50.0,166.24475995510412
2014-12-31,3,3,6,50.0,167.11117511439133
2015-01-01,4,2,6,66.66666666666666,167.25714881879452
2015-01-02,4,2,6,66.66666666666666,169.3957709354015
2015-01-05,3,3,6,50.0,171.24733158784866
2015-01-06,2,4,6,33.33333333333333,166.228867902988
2015-01-07,2,4,6,33.33333333333333,162.76197019169138
2015-01-08,2,4,6,33.33333333333333,166.8964933759291
2015-01-09,2,4,6,33.33333333333333,166.32351276998534
2015-01-12,2,4,6,33.33333333333333,167.01768073328333
2015-01-13,2,4,6,33.33333333333333,164.48575365758117
2015-01-14,3,3,6,50.0,165.3551669085115
2015-01-15,2,4,6,33.33333333333333,163.15361107242518
2015-01-16,2,4,6,33.33333333333333,162.7607464771341
2015-01-19,2,4,6,33.33333333333333,165.06120502791
2015-01-20,2,4,6,33.33333333333333,166.0492170702131
2015-01-21,4,2,6,66.66666666666666,174.30410664184672
2015-01-22,4,2,6,66.66666666666666,171.87370545105998
2015-01-23,4,2,6,66.66666666666666,170.7340602562786
2015-01-27,4,2,6,66.66666666666666,169.55912206055706
2015-01-28,4,2,6,66.66666666666666,167.8745295386567
2015-01-29,4,2,6,66.66666666666666,168.10540656249412
2015-01-30,4,2,6,66.66666666666666,167.72572601113527
2015-02-02,4,2,6,66.66666666666666,169.58656689145138
2015-02-03,4,2,6,66.66666666666666,167.8711676433836
2015-02-04,4,2,6,66.66666666666666,169.76187112859884
2015-02-05,4,2,6,66.66666666666666,167.38227717420534
2015-02-06,3,3,6,50.0,162.79459913128832
2015-02-09,3,3,6,50.0,161.49290963320547
2015-02-10,3,3,6,50.0,161.53329864371344
2015-02-11,3,3,6,50.0,168.32792736502006
2015-02-12,4,2,6,66.66666666666666,167.48101513169146
2015-02-13,4,2,6,66.66666666666666,166.93023063058124
2015-02-16,3,3,6,50.0,167.72744384311937
2015-02-18,3,3,6,50.0,168.02883802975234
2015-02-19,3,3,6,50.0,165.15378378205963
2015-02-20,3,3,6,50.0,166.00133414564536
2015-02-23,3,3,6,50.0,163.8959471580914
2015-02-24,3,3,6,50.0,165.1486504463568
2015-02-25,2,4,6,33.33333333333333,163.30985769316743
2015-02-26,2,4,6,33.33333333333333,160.38070122242684
2015-02-27,2,4,6,33.33333333333333,161.47879106209336
2015-02-28,2,4,6,33.33333333333333,160.74156576678385
2015-03-02,2,4,6,33.33333333333333,162.29450152913688
2015-03-03,2,4,6,33.33333333333333,161.16819190965717
2015-03-04,2,4,6,33.33333333333333,158.65886500744432
2015-03-05,2,4,6,33.33333333333333,159.32359547299737
2015-03-09,2,4,6,33.33333333333333,156.64845771907605
2015-03-10,2,4,6,33.33333333333333,154.79493605893887
2015-03-11,2,4,6,33.33333333333333,153.25783398123997
2015-03-12,2,4,6,33.33333333333333,156.10896323448225
2015-03-13,2,4,6,33.33333333333333,153.1694597958058
2015-03-16,2,4,6,33.33333333333333,151.68699966083295
2015-03-17,2,4,6,33.33333333333333,152.78003851307426
2015-03-18,1,5,6,16.666666666666664,155.7149910170391
2015-03-19,1,5,6,16.666666666666664,158.88757069200926
2015-03-20,1,5,6,16.666666666666664,154.53265371995752
2015-03-23,1,5,6,16.666666666666664,152.6661146554279
2015-03-24,1,5,6,16.666666666666664,149.6865302401163
2015-03-25,1,5,6,16.666666666666664,149.00951641438843
2015-03-26,1,5,6,16.666666666666664,148.40830307377425
2015-03-27,1,5,6,16.666666666666664,146.92175759543252
2015-03-30,1,4,5,20.0,148.9623319415233
2015-03-31,1,5,6,16.666666666666664,150.6269475259148
2015-04-01,2,4,6,33.33333333333333,157.07873035391148
2015-04-06,1,5,6,16.666666666666664,161.99819749194214
2015-04-07,3,3,6,50.0,165.41300941398984
2015-04-08,3,3,6,50.0,167.51977966699394
2015-04-09,3,3,6,50.0,165.6359211554364
2015-04-10,3,3,6,50.0,167.3477626488993
2015-04-13,3,3,6,50.0,168.71794020058704
2015-04-15,3,3,6,50.0,171.42073246355673
2015-04-16,3,3,6,50.0,169.28228516886813
2015-04-17,3,3,6,50.0,167.84058963596286
2015-04-20,3,3,6,50.0,163.40600560783707
2015-04-21,3,3,6,50.0,164.48021928528885
2015-04-22,3,3,6,50.0,164.13760874951933
2015-04-23,3,3,6,50.0,163.69153290728664
2015-04-24,2,4,6,33.33333333333333,160.3719557828137
2015-04-27,2,4,6,33.33333333333333,155.716411596012
2015-04-28,2,4,6,33.33333333333333,158.367765823863
2015-04-29,2,4,6,33.33333333333333,157.8349092711811
2015-04-30,2,4,6,33.33333333333333,158.1539644208465
2015-05-04,3,3,6,50.0,161.07194695247122
2015-05-05,2,4,6,33.33333333333333,160.1076247881755
2015-05-06,2,4,6,33.33333333333333,154.91725082848575
2015-05-07,1,5,6,16.666666666666664,152.67992730994973
2015-05-08,1,5,6,16.666666666666664,155.5495035639087
2015-05-11,2,4,6,33.33333333333333,158.23170501629193
2015-05-12,1,5,6,16.666666666666664,154.4905073859309
2015-05-13,2,4,6,33.33333333333333,156.77287648647246
2015-05-14,3,3,6,50.0,157.59347771809325
2015-05-15,2,4,6,33.33333333333333,159.21755619499052
2015-05-18,3,3,6,50.0,163.74054471348333
2015-05-19,3,3,6,50.0,162.5188790510656
2015-05-20,2,4,6,33.33333333333333,163.78438040328155
2015-05-21,3,3,6,50.0,169.7332609157109
2015-05-22,4,2,6,66.66666666666666,172.23999655042738
2015-05-25,3,3,6,50.0,171.78700141625973
2015-05-26,3,3,6,50.0,170.03358616291237
2015-05-27,2,4,6,33.33333333333333,166.8331059784444
2015-05-28,2,4,6,33.33333333333333,166.38089692520703
2015-05-29,3,3,6,50.0,169.60254657995867
2015-06-01,3,3,6,50.0,170.328696758603
2015-06-02,3,3,6,50.0,167.6907251440041
2015-06-03,2,4,6,33.33333333333333,162.98622698096773
2015-06-04,2,4,6,33.33333333333333,164.84337366571776
2015-06-05,2,4,6,33.33333333333333,167.16893385054513
2015-06-08,2,4,6,33.33333333333333,162.52572262337978
2015-06-09,2,4,6,33.33333333333333,163.5314851152362
2015-06-10,3,3,6,50.0,167.519923859312
2015-06-11,3,3,6,50.0,166.11560681250705
2015-06-12,2,4,6,33.33333333333333,163.95058455794924
2015-06-15,2,4,6,33.33333333333333,162.56320861064248
2015-06-16,2,4,6,33.33333333333333,163.77233894558148
2015-06-17,2,4,6,33.33333333333333,163.9679421126895
2015-06-18,2,4,6,33.33333333333333,167.02338580501993
2015-06-19,2,4,6,33.33333333333333,167.82030386004197
2015-06-22,2,4,6,33.33333333333333,168.87882635751367
2015-06-23,2,4,6,33.33333333333333,169.05573014123127
2015-06-24,3,3,6,50.0,172.15791552754663
2015-06-25,2,4,6,33.33333333333333,170.24073549871355
2015-06-26,2,4,6,33.33333333333333,169.85028297961088
2015-06-29,2,4,6,33.33333333333333,166.74082642886205
2015-06-30,2,4,6,33.33333333333333,169.75676211883638
2015-07-01,2,4,6,33.33333333333333,174.8600649930413
2015-07-02,3,3,6,50.0,173.68957285795977
2015-07-03,3,3,6,50.0,175.13533663869453
2015-07-06,3,3,6,50.0,176.365179830283
2015-07-07,4,2,6,66.66666666666666,179.29643932238554
2015-07-08,3,3,6,50.0,176.15528276362872
2015-07-09,4,2,6,66.66666666666666,180.96214932736615
2015-07-10,5,1,6,83.33333333333334,183.81508510535764
2015-07-13,5,1,6,83.33333333333334,187.1517065858648
2015-07-14,5,1,6,83.33333333333334,185.4945597483404
2015-07-15,5,1,6,83.33333333333334,190.1545351805371
2015-07-16,5,1,6,83.33333333333334,192.94834232050607
2015-07-17,5,1,6,83.33333333333334,193.9035088467167
2015-07-20,5,1,6,83.33333333333334,194.3984412311165
2015-07-21,5,1,6,83.33333333333334,191.7550262261136
2015-07-22,5,1,6,83.33333333333334,193.36424136542297
2015-07-23,6,0,6,100.0,197.32353128869104
2015-07-24,6,0,6,100.0,204.8167738165648
2015-07-27,5,1,6,83.33333333333334,203.4372802666247
2015-07-28,6,0,6,100.0,207.7328876765682
2015-07-29,6,0,6,100.0,218.8166812615184
2015-07-30,6,0,6,100.0,223.16606508897547
2015-07-31,6,0,6,100.0,224.63401148492085
2015-08-03,6,0,6,100.0,224.11260114129425
2015-08-04,6,0,6,100.0,230.72453577284796
2015-08-05,6,0,6,100.0,228.1600222539912
2015-08-06,6,0,6,100.0,223.12533946765421
2015-08-07,6,0,6,100.0,219.4716492118927
2015-08-10,6,0,6,100.0,220.88362120083343
2015-08-11,6,0,6,100.0,219.9630779008915
2015-08-12,6,0,6,100.0,213.8028281173312
2015-08-13,5,1,6,83.33333333333334,206.88603061733465
2015-08-14,6,0,6,100.0,216.20398012329895
2015-08-17,6,0,6,100.0,219.30049512210354
2015-08-18,6,0,6,100.0,219.26633301051845
2015-08-19,6,0,6,100.0,223.0646463113366
2015-08-20,6,0,6,100.0,215.41045485531674
2015-08-21,5,1,6,83.33333333333334,214.70302039248165
2015-08-24,5,1,6,83.33333333333334,194.80322873211486
2015-08-25,5,1,6,83.33333333333334,193.46208871988276
2015-08-26,5,1,6,83.33333333333334,196.47615239017074
2015-08-27,5,1,6,83.33333333333334,203.00393003944913
2015-08-28,5,1,6,83.33333333333334,201.62974663513725
2015-08-31,5,1,6,83.33333333333334,197.09307018659382
2015-09-01,4,2,6,66.66666666666666,192.47076692000715
2015-09-02,4,1,5,80.0,191.80847043872362
2015-09-03,5,1,6,83.33333333333334,195.3115607356017
2015-09-04,4,2,6,66.66666666666666,190.470162391174
2015-09-07,3,3,6,50.0,184.86544135479085
2015-09-08,4,2,6,66.66666666666666,188.737741966676
2015-09-09,4,2,6,66.66666666666666,191.91902482843548
2015-09-10,5,1,6,83.33333333333334,193.56867320294347
2015-09-11,5,1,6,83.33333333333334,195.63016401553443
2015-09-14,6,0,6,100.0,196.33894161806563
2015-09-15,6,0,6,100.0,197.54517931057654
2015-09-16,6,0,6,100.0,199.0701060747013
2015-09-18,6,0,6,100.0,198.1599727294931
2015-09-21,6,0,6,100.0,201.9300147335611
2015-09-22,6,0,6,100.0,199.6969039699321
2015-09-23,6,0,6,100.0,201.06755169499942
2015-09-24,6,0,6,100.0,200.1839394093743
2015-09-28,6,0,6,100.0,198.15700702708682
2015-09-29,6,0,6,100.0,200.0474810831837
2015-09-30,6,0,6,100.0,201.16730516262194
2015-10-01,6,0,6,100.0,202.69493507811828
2015-10-05,6,0,6,100.0,205.0095470264356
2015-10-06,6,0,6,100.0,210.28085515288853
2015-10-07,6,0,6,100.0,210.88378195199545
2015-10-08,6,0,6,100.0,208.9470540015527
2015-10-09,6,0,6,100.0,209.12611061071468
2015-10-12,6,0,6,100.0,210.1577048117841
2015-10-13,6,0,6,100.0,211.8767078273629
2015-10-14,6,0,6,100.0,214.20906434050875
2015-10-15,6,0,6,100.0,219.48362214225193
2015-10-16,6,0,6,100.0,219.54233936686452
2015-10-19,6,0,6,100.0,220.66530617784673
2015-10-20,6,0,6,100.0,221.47757309151865
2015-10-21,6,0,6,100.0,221.12579854833695
2015-10-23,6,0,6,100.0,220.28012488822353
2015-10-26,6,0,6,100.0,216.98944805764165
2015-10-27,6,0,6,100.0,217.78751830286106
2015-10-28,6,0,6,100.0,219.04177361812205
2015-10-29,6,0,6,100.0,216.7266584051402
2015-10-30,6,0,6,100.0,215.25908094706205
2015-11-02,4,1,5,80.0,213.39672738364976
2015-11-03,5,1,6,83.33333333333334,215.30857262394684
2015-11-04,5,1,6,83.33333333333334,220.40782429770198
2015-11-05,5,1,6,83.33333333333334,219.45931694828565
2015-11-06,5,1,6,83.33333333333334,219.54297191417936
2015-11-09,5,1,6,83.33333333333334,221.10405728764192
2015-11-10,5,1,6,83.33333333333334,220.01242069532142
2015-11-11,4,1,5,80.0,223.06664655878015
2015-11-13,5,1,6,83.33333333333334,223.97022544294552
2015-11-16,5,1,6,83.33333333333334,221.7602865004284
2015-11-17,5,1,6,83.33333333333334,221.08568945928292
2015-11-18,5,1,6,83.33333333333334,218.55928069580588
2015-11-19,5,1,6,83.33333333333334,219.41746426349806
2015-11-20,5,1,6,83.33333333333334,229.00135597180687
2015-11-23,5,1,6,83.33333333333334,229.81049048516883
2015-11-24,5,1,6,83.33333333333334,228.50245719506805
2015-11-26,5,1,6,83.33333333333334,226.95793429291083
2015-11-27,5,1,6,83.33333333333334,225.83011194837462
2015-11-30,5,1,6,83.33333333333334,227.66699452849713
2015-12-01,5,1,6,83.33333333333334,233.39968930324324
2015-12-02,5,1,6,83.33333333333334,243.95320187138142
2015-12-03,6,0,6,100.0,249.62870066216277
2015-12-04,6,0,6,100.0,255.48227036783032
2015-12-07,6,0,6,100.0,250.45437721309983
2015-12-08,6,0,6,100.0,242.0528874865277
2015-12-09,6,0,6,100.0,233.18260618388766
2015-12-10,6,0,6,100.0,237.1608512197546
2015-12-11,6,0,6,100.0,232.88188374593057
2015-12-14,6,0,6,100.0,237.45310621171805
2015-12-15,6,0,6,100.0,242.282646709489
2015-12-16,6,0,6,100.0,243.23119023749013
2015-12-17,6,0,6,100.0,244.02420921986857
2015-12-18,6,0,6,100.0,244.2685310018975
2015-12-21,6,0,6,100.0,250.15374102809983
2015-12-22,6,0,6,100.0,256.68081970630016
2015-12-23,6,0,6,100.0,255.7810583238718
2015-12-24,6,0,6,100.0,255.98863355789314
2015-12-28,6,0,6,100.0,259.6702698997092
2015-12-29,6,0,6,100.0,257.97724291269463
2015-12-30,6,0,6,100.0,260.0352817592882
2015-12-31,6,0,6,100.0,264.25156569826163
2016-01-01,6,0,6,100.0,269.65219619014783
2016-01-04,6,0,6,100.0,277.0945846791936
2016-01-05,6,0,6,100.0,282.99775923413694
2016-01-06,6,0,6,100.0,276.76351325055634
2016-01-07,6,0,6,100.0,266.37817898333367
2016-01-08,6,0,6,100.0,269.76750407683244
2016-01-11,6,0,6,100.0,272.8237233375199
2016-01-12,6,0,6,100.0,267.63796600185333
2016-01-13,6,0,6,100.0,260.4514594697389
2016-01-14,6,0,6,100.0,255.0392778886251
2016-01-15,6,0,6,100.0,247.17455590877702
2016-01-18,5,1,6,83.33333333333334,230.69831378571152
2016-01-19,5,1,6,83.33333333333334,237.08583675813225
2016-01-20,4,2,6,66.66666666666666,228.22344621502347
2016-01-21,4,2,6,66.66666666666666,225.5590047994916
2016-01-22,6,0,6,100.0,235.6882737690166
2016-01-25,6,0,6,100.0,242.58432296428384
2016-01-27,6,0,6,100.0,243.41931543824725
2016-01-28,6,0,6,100.0,246.59053110331217
2016-01-29,6,0,6,100.0,250.47540524641744
2016-02-01,5,1,6,83.33333333333334,254.0994689970512
2016-02-02,5,1,6,83.33333333333334,252.6903674020816
2016-02-03,4,2,6,66.66666666666666,243.74838526173454
2016-02-04,4,2,6,66.66666666666666,241.9987792281058
2016-02-05,4,1,5,80.0,242.33756285207178
2016-02-08,4,2,6,66.66666666666666,244.3444249310438
2016-02-09,4,2,6,66.66666666666666,239.32560868187895
2016-02-10,5,1,6,83.33333333333334,238.8512203514924
2016-02-11,4,2,6,66.66666666666666,223.99091387544604
2016-02-12,5,1,6,83.33333333333334,231.03929230592234
2016-02-15,5,1,6,83.33333333333334,239.07197175080213
2016-02-16,5,1,6,83.33333333333334,234.5231520772375
2016-02-17,5,1,6,83.33333333333334,233.30693194180031
2016-02-18,5,1,6,83.33333333333334,235.30283411936102
2016-02-19,5,1,6,83.33333333333334,235.38720504605823
2016-02-22,5,1,6,83.33333333333334,232.95999215439343
2016-02-23,5,1,6,83.33333333333334,230.9988451218949
2016-02-24,4,2,6,66.66666666666666,226.2541866098764
2016-02-25,4,2,6,66.66666666666666,226.8088968554798
2016-02-26,5,1,6,83.33333333333334,229.67478269307256
2016-02-29,4,2,6,66.66666666666666,227.89816429048417
2016-03-01,5,1,6,83.33333333333334,234.79563801006046
2016-03-02,5,1,6,83.33333333333334,239.59096034230654
2016-03-03,5,1,6,83.33333333333334,241.35915399957648
2016-03-04,6,0,6,100.0,243.08085152923334
2016-03-08,6,0,6,100.0,246.57696213106672
2016-03-09,6,0,6,100.0,247.09714668113264
2016-03-10,6,0,6,100.0,244.61338922258062
2016-03-11,6,0,6,100.0,246.53053500548467
2016-03-14,6,0,6,100.0,244.92076908575498
2016-03-15,6,0,6,100.0,240.26221191793144
2016-03-16,6,0,6,100.0,240.03218019570025
2016-03-17,5,1,6,83.33333333333334,239.15881931210845
2016-03-18,5,1,6,83.33333333333334,239.8256388648327
2016-03-21,5,1,6,83.33333333333334,241.51302488077587
2016-03-22,6,0,6,100.0,240.30481101096134
2016-03-23,6,0,6,100.0,243.22878410305955
2016-03-28,6,0,6,100.0,236.6283640580608
2016-03-29,6,0,6,100.0,238.13530670695053
2016-03-30,6,0,6,100.0,245.79821945495786
2016-03-31,6,0,6,100.0,246.95067431579741
2016-04-01,6,0,6,100.0,250.2460258098421
2016-04-04,6,0,6,100.0,256.07248905992157
2016-04-05,6,0,6,100.0,253.87689186785897
2016-04-06,6,0,6,100.0,260.68553017010834
2016-04-07,6,0,6,100.0,260.1443862078766
2016-04-08,6,0,6,100.0,269.0539139311677
2016-04-11,6,0,6,100.0,270.6119065389901
2016-04-12,6,0,6,100.0,269.9887736630106
2016-04-13,6,0,6,100.0,270.07615365489187
2016-04-18,6,0,6,100.0,273.4738198946309
2016-04-20,6,0,6,100.0,274.70479028786843
2016-04-21,6,0,6,100.0,267.2252755970144
2016-04-22,6,0,6,100.0,267.0070386933237
2016-04-25,6,0,6,100.0,267.2552291468681
2016-04-26,6,0,6,100.0,277.04113453255775
2016-04-27,6,0,6,100.0,273.893188584011
2016-04-28,6,0,6,100.0,269.40235963754395
2016-04-29,6,0,6,100.0,269.3737929486424
2016-05-02,6,0,6,100.0,273.9930317119565
2016-05-03,6,0,6,100.0,277.5968507824287
2016-05-04,6,0,6,100.0,274.9657323812719
2016-05-05,6,0,6,100.0,278.1580877648095
2016-05-06,6,0,6,100.0,276.91044014437415
2016-05-09,6,0,6,100.0,295.54615234240737
2016-05-10,6,0,6,100.0,292.5723636442786
2016-05-11,6,0,6,100.0,297.728734081016
2016-05-12,6,0,6,100.0,296.89976410952346
2016-05-13,6,0,6,100.0,297.2215940923526
2016-05-16,6,0,6,100.0,301.6525919859035
2016-05-17,6,0,6,100.0,300.5718597059372
2016-05-18,6,0,6,100.0,305.1018468306501
2016-05-19,6,0,6,100.0,297.7153674355364
2016-05-20,6,0,6,100.0,294.63986951594904
2016-05-23,6,0,6,100.0,296.25975725598124
2016-05-24,6,0,6,100.0,292.4006006938907
2016-05-25,6,0,6,100.0,297.5859146448624
2016-05-26,6,0,6,100.0,303.42341729075537
2016-05-27,6,0,6,100.0,305.27962476330606
2016-05-30,6,0,6,100.0,309.498894830065
2016-05-31,6,0,6,100.0,310.0808458114841
2016-06-01,6,0,6,100.0,310.73891239029564
2016-06-02,6,0,6,100.0,310.2222582358206
2016-06-03,6,0,6,100.0,304.2101265866974
2016-06-06,6,0,6,100.0,304.5205312420539
2016-06-07,6,0,6,100.0,303.37987576105763
2016-06-08,6,0,6,100.0,304.55856785724416
2016-06-09,6,0,6,100.0,302.76302511530395
2016-06-10,6,0,6,100.0,303.3062298325324
2016-06-13,6,0,6,100.0,300.24597180628655
2016-06-14,6,0,6,100.0,300.8568197945385
2016-06-15,6,0,6,100.0,324.02384128724094
2016-06-16,6,0,6,100.0,315.60181263724894
2016-06-17,6,0,6,100.0,317.09378793065343
2016-06-20,6,0,6,100.0,320.7219729228135
2016-06-21,6,0,6,100.0,317.2070658530506
2016-06-22,6,0,6,100.0,318.55111281378674
2016-06-23,6,0,6,100.0,318.7599894985628
2016-06-24,6,0,6,100.0,311.72886231020505
2016-06-27,6,0,6,100.0,317.4190408282774
2016-06-28,6,0,6,100.0,322.37762735049233
2016-06-29,6,0,6,100.0,327.73233416731375
2016-06-30,6,0,6,100.0,326.7871749340087
2016-07-01,6,0,6,100.0,324.520772617495
2016-07-04,6,0,6,100.0,338.29184399683396
2016-07-05,6,0,6,100.0,342.9824478060777
2016-07-07,6,0,6,100.0,349.1027536885382
2016-07-08,6,0,6,100.0,348.1584349251338
2016-07-11,6,0,6,100.0,351.13576833650853
2016-07-12,6,0,6,100.0,343.8285771512688
2016-07-13,6,0,6,100.0,336.57793868532957
2016-07-14,6,0,6,100.0,352.8810835206696
2016-07-15,6,0,6,100.0,348.21451562398306
2016-07-18,6,0,6,100.0,345.01442325926286
2016-07-19,6,0,6,100.0,343.7474001123995
2016-07-20,6,0,6,100.0,343.5270805780942
2016-07-21,6,0,6,100.0,344.11410133611736
2016-07-22,6,0,6,100.0,346.14781514272084
2016-07-25,6,0,6,100.0,386.03896982019916
2016-07-26,6,0,6,100.0,392.40740043095013
2016-07-27,6,0,6,100.0,391.2933935058885
2016-07-28,6,0,6,100.0,389.02071980030655
2016-07-29,6,0,6,100.0,386.24399383963845
2016-08-01,6,0,6,100.0,383.6297463689802
2016-08-02,6,0,6,100.0,384.7586702871089
2016-08-03,6,0,6,100.0,378.7067044055743
2016-08-04,6,0,6,100.0,377.3845014612605
2016-08-05,6,0,6,100.0,384.449350818857
2016-08-08,6,0,6,100.0,387.8418765599425
2016-08-09,6,0,6,100.0,387.34671668903025
2016-08-10,6,0,6,100.0,382.87702068645126
2016-08-11,6,0,6,100.0,397.4931624483321
2016-08-12,6,0,6,100.0,404.431283968872
2016-08-16,6,0,6,100.0,404.5651064832059
2016-08-17,6,0,6,100.0,407.3896726224472
2016-08-18,6,0,6,100.0,420.74552788369283
2016-08-19,6,0,6,100.0,419.56701390722594
2016-08-22,6,0,6,100.0,438.7161292000952
2016-08-23,6,0,6,100.0,443.28274201809234
2016-08-24,6,0,6,100.0,451.39981297621654
2016-08-25,6,0,6,100.0,473.27085606644664
2016-08-26,6,0,6,100.0,471.58116146929683
2016-08-29,6,0,6,100.0,467.74922097884416
2016-08-30,6,0,6,100.0,463.10184634492566
2016-08-31,6,0,6,100.0,456.9628624674369
2016-09-01,6,0,6,100.0,454.0693428223773
2016-09-02,6,0,6,100.0,460.5608086669954
2016-09-06,6,0,6,100.0,474.49033282026
2016-09-07,6,0,6,100.0,472.60248793914917
2016-09-08,6,0,6,100.0,483.2697866634792
2016-09-09,6,0,6,100.0,474.7705684525736
2016-09-12,6,0,6,100.0,462.2920139794829
2016-09-14,6,0,6,100.0,470.5113886739358
2016-09-15,6,0,6,100.0,492.15408670395607
2016-09-16,6,0,6,100.0,484.5280185223384
2016-09-19,6,0,6,100.0,485.0936961634652
2016-09-20,6,0,6,100.0,484.92159994699983
2016-09-21,6,0,6,100.0,483.69809936527366
2016-09-22,6,0,6,100.0,493.6377629275327
2016-09-23,6,0,6,100.0,488.0192867112276
2016-09-26,6,0,6,100.0,494.97898277204246
2016-09-27,6,0,6,100.0,494.1217234067996
2016-09-28,6,0,6,100.0,515.3130215067648
2016-09-29,6,0,6,100.0,482.84610037421334
2016-09-30,6,0,6,100.0,496.7725061389519
2016-10-03,6,0,6,100.0,515.6587406676053
2016-10-04,6,0,6,100.0,525.7863985794969
2016-10-05,6,0,6,100.0,524.7709476444097
2016-10-06,6,0,6,100.0,536.3960684785183
2016-10-07,6,0,6,100.0,572.9726840493497
2016-10-10,6,0,6,100.0,602.4245356310101
2016-10-13,6,0,6,100.0,593.7539856958264
2016-10-14,6,0,6,100.0,591.7573804576937
2016-10-17,6,0,6,100.0,597.1643643152393
2016-10-18,6,0,6,100.0,589.2307557263168
2016-10-19,6,0,6,100.0,599.2131937246089
2016-10-20,6,0,6,100.0,593.6161888784394
2016-10-21,6,0,6,100.0,592.9714659760068
2016-10-24,6,0,6,100.0,603.4467626607492
2016-10-25,6,0,6,100.0,604.8516073931063
2016-10-26,6,0,6,100.0,601.7241775493468
2016-10-27,6,0,6,100.0,607.5269660412921
2016-10-28,6,0,6,100.0,625.0564645839333
2016-10-30,6,0,6,100.0,632.2205135778032
2016-11-01,6,0,6,100.0,657.5396644858779
2016-11-02,6,0,6,100.0,667.0169794632335
2016-11-03,6,0,6,100.0,657.3974001269498
2016-11-04,6,0,6,100.0,638.0653140726185
2016-11-07,6,0,6,100.0,674.6356579905839
2016-11-08,6,0,6,100.0,677.5817201965039
2016-11-09,6,0,6,100.0,660.3980471770407
2016-11-10,6,0,6,100.0,674.2366137961903
2016-11-11,6,0,6,100.0,651.0644579028784
2016-11-15,6,0,6,100.0,593.6803439478791
2016-11-16,6,0,6,100.0,605.1125092473133
2016-11-17,6,0,6,100.0,591.1510819453817
2016-11-18,6,0,6,100.0,587.0528826317498
2016-11-21,6,0,6,100.0,550.6980521162595
2016-11-22,6,0,6,100.0,553.4668244699967
2016-11-23,6,0,6,100.0,600.0451984938763
2016-11-24,6,0,6,100.0,609.9272772767935
2016-11-25,6,0,6,100.0,633.2966537332028
2016-11-28,6,0,6,100.0,651.6000427317997
2016-11-29,6,0,6,100.0,652.8151072747005
2016-11-30,6,0,6,100.0,673.9534941097322
2016-12-01,6,0,6,100.0,652.2451718512577
2016-12-02,6,0,6,100.0,641.0831477387436
2016-12-05,6,0,6,100.0,648.5420796190091
2016-12-06,6,0,6,100.0,652.0445163110505
2016-12-07,6,0,6,100.0,641.4303482219536
2016-12-08,6,0,6,100.0,658.9679338337429
2016-12-09,6,0,6,100.0,654.6945843217429
2016-12-12,6,0,6,100.0,645.2405149602171
2016-12-13,6,0,6,100.0,642.5370642375339
2016-12-14,6,0,6,100.0,643.1067088353491
2016-12-15,6,0,6,100.0,643.2664844228857
2016-12-16,6,0,6,100.0,644.9437908410835
2016-12-19,6,0,6,100.0,640.2422593087437
2016-12-20,6,0,6,100.0,635.1841658055653
2016-12-21,6,0,6,100.0,629.8587335881184
2016-12-22,6,0,6,100.0,612.5731048508242
2016-12-23,6,0,6,100.0,621.3305799044415
2016-12-26,6,0,6,100.0,606.7306070395117
2016-12-27,6,0,6,100.0,612.8958189059766
2016-12-28,6,0,6,100.0,621.3020969113056
2016-12-29,6,0,6,100.0,626.3077944737479
2016-12-30,6,0,6,100.0,622.8499755728806
2017-01-02,6,0,6,100.0,624.5828528994872
2017-01-03,6,0,6,100.0,641.7210999285328
2017-01-04,6,0,6,100.0,653.8052153505655
2017-01-05,6,0,6,100.0,660.8433833761085
2017-01-06,6,0,6,100.0,650.627685509021
2017-01-09,6,0,6,100.0,651.0542159862258
2017-01-10,6,0,6,100.0,653.4420678916898
2017-01-11,6,0,6,100.0,680.0849372201702
2017-01-12,6,0,6,100.0,665.8676894570368
2017-01-13,6,0,6,100.0,652.8378992177508
2017-01-16,6,0,6,100.0,659.4796447204128
2017-01-17,6,0,6,100.0,660.4155973606674
2017-01-18,6,0,6,100.0,678.4770717836719
2017-01-19,6,0,6,100.0,684.8193510988366
2017-01-20,6,0,6,100.0,665.2532667238637
2017-01-23,6,0,6,100.0,669.4146719703884
2017-01-24,6,0,6,100.0,669.1738705202589
2017-01-25,6,0,6,100.0,665.1961980752916
2017-01-27,6,0,6,100.0,662.7432349273048
2017-01-30,6,0,6,100.0,660.0372117256616
2017-01-31,6,0,6,100.0,652.892704941278
2017-02-01,6,0,6,100.0,656.2883248311576
2017-02-02,6,0,6,100.0,662.0832716861057
2017-02-03,6,0,6,100.0,668.9298361457525
2017-02-06,6,0,6,100.0,710.6860154754127
2017-02-07,6,0,6,100.0,717.7380192260856
2017-02-08,6,0,6,100.0,714.9060411921805
2017-02-09,6,0,6,100.0,724.7372402789874
2017-02-10,6,0,6,100.0,716.6841337323467
2017-02-13,6,0,6,100.0,702.9669000158925
2017-02-14,6,0,6,100.0,693.788590184281
2017-02-15,6,0,6,100.0,684.0344173466582
2017-02-16,6,0,6,100.0,695.1172852876226
2017-02-17,6,0,6,100.0,703.8149629060794
2017-02-20,6,0,6,100.0,695.6596690960744
2017-02-21,6,0,6,100.0,694.3881970406499
2017-02-22,6,0,6,100.0,695.7648459009669
2017-02-23,6,0,6,100.0,693.7180262704961
2017-02-27,6,0,6,100.0,695.7758260301243
2017-02-28,6,0,6,100.0,693.8968547636467
2017-03-01,6,0,6,100.0,706.4438603815008
2017-03-02,6,0,6,100.0,696.4377398470059
2017-03-03,6,0,6,100.0,689.1994845531824
2017-03-06,6,0,6,100.0,690.0444009834032
2017-03-07,6,0,6,100.0,692.5614779627836
2017-03-08,6,0,6,100.0,690.174384429111
2017-03-09,5,1,6,83.33333333333334,685.0047295672734
2017-03-10,5,1,6,83.33333333333334,686.357095833583
2017-03-14,5,1,6,83.33333333333334,681.3790719624843
2017-03-15,5,1,6,83.33333333333334,688.1848778001201
2017-03-16,6,0,6,100.0,692.0838650949042
2017-03-17,5,1,6,83.33333333333334,679.4963153977247
2017-03-20,5,1,6,83.33333333333334,667.1935193246842
2017-03-21,5,1,6,83.33333333333334,670.5477776635742
2017-03-22,5,1,6,83.33333333333334,656.2659554049892
2017-03-23,5,1,6,83.33333333333334,661.2804213502704
2017-03-24,5,1,6,83.33333333333334,698.7802212289618
2017-03-27,5,1,6,83.33333333333334,715.628005115482
2017-03-28,5,1,6,83.33333333333334,724.6925946774043
2017-03-29,5,1,6,83.33333333333334,711.4730835139744
2017-03-30,5,1,6,83.33333333333334,713.779594130996
2017-03-31,5,1,6,83.33333333333334,700.12799833375
2017-04-03,5,1,6,83.33333333333334,709.0912257301087
2017-04-05,5,1,6,83.33333333333334,727.24648985478
2017-04-06,5,1,6,83.33333333333334,747.3940462852955
2017-04-07,5,1,6,83.33333333333334,739.5039650588311
2017-04-10,5,1,6,83.33333333333334,754.6419253483824
2017-04-11,5,1,6,83.33333333333334,761.5283134916291
2017-04-12,5,1,6,83.33333333333334,766.6587457077923
2017-04-13,5,1,6,83.33333333333334,761.1983298288844
2017-04-17,5,1,6,83.33333333333334,755.9159166731707
2017-04-18,5,1,6,83.33333333333334,733.0115954618427
2017-04-19,5,1,6,83.33333333333334,732.5561720492587
2017-04-20,5,1,6,83.33333333333334,753.9805424137433
2017-04-21,5,1,6,83.33333333333334,750.3147316448392
2017-04-24,5,1,6,83.33333333333334,749.1829995367686
2017-04-25,5,1,6,83.33333333333334,749.6592729415722
2017-04-26,5,1,6,83.33333333333334,736.0515092556428
2017-04-27,5,1,6,83.33333333333334,730.8763052785354
2017-04-28,5,1,6,83.33333333333334,730.2000609022996
2017-05-02,5,1,6,83.33333333333334,731.7653736259617
2017-05-03,5,1,6,83.33333333333334,735.6630128888088
2017-05-04,5,1,6,83.33333333333334,748.6573878503722
2017-05-05,5,1,6,83.33333333333334,739.0863579770675
2017-05-08,5,1,6,83.33333333333334,740.1608266630066
2017-05-09,5,1,6,83.33333333333334,745.0180957080854
2017-05-10,5,1,6,83.33333333333334,772.949161000614
2017-05-11,5,1,6,83.33333333333334,771.8461615121572
2017-05-12,6,0,6,100.0,768.2425662821881
2017-05-15,6,0,6,100.0,787.9155703382281
2017-05-16,6,0,6,100.0,783.6350661807769
2017-05-17,6,0,6,100.0,786.073809371472
2017-05-18,6,0,6,100.0,768.5422196241228
2017-05-19,6,0,6,100.0,755.4645282195783
2017-05-22,6,0,6,100.0,763.9974548136388
2017-05-23,5,1,6,83.33333333333334,742.2133174732344
2017-05-24,5,1,6,83.33333333333334,723.184485925479
2017-05-25,5,1,6,83.33333333333334,758.6752102214806
2017-05-26,6,0,6,100.0,781.0875466805402
2017-05-29,6,0,6,100.0,775.7870310853451
2017-05-30,5,1,6,83.33333333333334,762.6824315868479
2017-05-31,6,0,6,100.0,764.3589201438522
2017-06-01,6,0,6,100.0,766.6566566419497
2017-06-02,5,1,6,83.33333333333334,760.3474251065745
2017-06-05,5,1,6,83.33333333333334,759.6103789882167
2017-06-06,5,1,6,83.33333333333334,761.0788453547239
2017-06-07,5,1,6,83.33333333333334,755.1873281466453
2017-06-08,5,1,6,83.33333333333334,758.3162453338826
2017-06-09,5,1,6,83.33333333333334,753.7611353740413
2017-06-12,5,1,6,83.33333333333334,764.4289778531265
2017-06-13,5,1,6,83.33333333333334,752.8271449717005
2017-06-14,6,0,6,100.0,763.7140825656156
2017-06-15,6,0,6,100.0,760.0899101567724
2017-06-16,6,0,6,100.0,760.9726111922591
2017-06-19,5,1,6,83.33333333333334,753.927065312747
2017-06-20,5,1,6,83.33333333333334,754.4692564313694
2017-06-21,5,1,6,83.33333333333334,765.2981967083205
2017-06-22,5,1,6,83.33333333333334,754.4004219096115
2017-06-23,5,1,6,83.33333333333334,742.8536324483606
2017-06-27,5,1,6,83.33333333333334,732.7951329959202
2017-06-28,5,1,6,83.33333333333334,726.6635099366966
2017-06-29,5,1,6,83.33333333333334,727.3287068165612
2017-06-30,5,1,6,83.33333333333334,725.1154423318684
2017-07-03,5,1,6,83.33333333333334,729.5814824688674
2017-07-04,5,1,6,83.33333333333334,739.4433043329351
2017-07-05,4,2,6,66.66666666666666,735.7936195019158
2017-07-06,5,1,6,83.33333333333334,740.8907546801886
2017-07-07,5,1,6,83.33333333333334,743.131801306616
2017-07-10,5,1,6,83.33333333333334,754.6896445327866
2017-07-11,5,1,6,83.33333333333334,759.8472977963103
2017-07-12,6,0,6,100.0,763.731061918516
2017-07-13,6,0,6,100.0,764.8134795346772
2017-07-14,6,0,6,100.0,754.8095521633675
2017-07-17,6,0,6,100.0,759.7770543152865
2017-07-18,6,0,6,100.0,755.0041548853234
2017-07-19,6,0,6,100.0,758.2954859642983
2017-07-20,6,0,6,100.0,767.6010238402869
2017-07-21,6,0,6,100.0,766.8702244614543
2017-07-24,6,0,6,100.0,771.9035531253571
2017-07-25,6,0,6,100.0,767.630451708484
2017-07-26,6,0,6,100.0,764.5379608058905
2017-07-27,5,1,6,83.33333333333334,781.6694555283627
2017-07-28,6,0,6,100.0,797.670476943726
2017-07-31,6,0,6,100.0,791.22390978456
2017-08-01,5,1,6,83.33333333333334,787.2861287906769
2017-08-02,4,2,6,66.66666666666666,772.6785766357494
2017-08-03,4,2,6,66.66666666666666,765.0918909458668
2017-08-04,4,2,6,66.66666666666666,757.4864643824553
2017-08-07,5,1,6,83.33333333333334,765.0512060044168
2017-08-08,5,1,6,83.33333333333334,765.2741098096717
2017-08-09,3,3,6,50.0,746.9762788207006
2017-08-10,3,3,6,50.0,721.6858566840835
2017-08-11,3,3,6,50.0,715.5006268692862
2017-08-14,3,3,6,50.0,733.3878036804884
2017-08-16,4,2,6,66.66666666666666,752.2766807491513
2017-08-17,3,3,6,50.0,751.1282983092059
2017-08-18,3,3,6,50.0,746.8123115968743
2017-08-21,3,3,6,50.0,744.1191328959962
2017-08-22,3,3,6,50.0,735.854743463292
2017-08-23,4,2,6,66.66666666666666,739.6260181971444
2017-08-24,4,2,6,66.66666666666666,746.1686982390017
2017-08-28,4,2,6,66.66666666666666,748.7283185044877
2017-08-29,3,3,6,50.0,735.6741805111864
2017-08-30,3,3,6,50.0,746.7274270151765
2017-08-31,4,2,6,66.66666666666666,754.0441257792249
2017-09-01,5,1,6,83.33333333333334,768.41138312005
2017-09-04,4,2,6,66.66666666666666,753.4974723068015
2017-09-05,4,2,6,66.66666666666666,767.9382377175369
2017-09-06,5,1,6,83.33333333333334,771.930987588437
2017-09-07,5,1,6,83.33333333333334,776.0735586158431
2017-09-08,4,2,6,66.66666666666666,777.0221529363812
2017-09-11,5,1,6,83.33333333333334,791.002592359605
2017-09-12,5,1,6,83.33333333333334,818.0668887905446
2017-09-13,5,1,6,83.33333333333334,798.1085947396135
2017-09-14,5,1,6,83.33333333333334,800.7634133423295
2017-09-15,5,1,6,83.33333333333334,801.4970603787534
2017-09-18,6,0,6,100.0,807.5536940540937
2017-09-19,6,0,6,100.0,800.9081843369977
2017-09-20,5,1,6,83.33333333333334,812.4788714548793
2017-09-21,4,2,6,66.66666666666666,798.7119608901162
2017-09-22,4,2,6,66.66666666666666,778.5167675707379
2017-09-25,4,2,6,66.66666666666666,764.2876791811857
2017-09-26,5,1,6,83.33333333333334,772.113174553719
2017-09-27,3,3,6,50.0,755.9372385803873
2017-09-28,3,3,6,50.0,757.8190479581838
2017-09-29,3,3,6,50.0,766.6383970167267
2017-10-03,4,2,6,66.66666666666666,773.2086634679296
2017-10-04,4,2,6,66.66666666666666,787.2699017744951
2017-10-05,4,2,6,66.66666666666666,801.9738927235828
2017-10-06,4,2,6,66.66666666666666,793.6995271679893
2017-10-09,4,2,6,66.66666666666666,792.1954167814258
2017-10-10,5,1,6,83.33333333333334,803.4443009503844
2017-10-11,4,2,6,66.66666666666666,798.7348337984776
2017-10-12,4,2,6,66.66666666666666,793.4201243707008
2017-10-13,5,1,6,83.33333333333334,789.9195025609135
2017-10-16,5,1,6,83.33333333333334,785.8076889496239
2017-10-17,5,1,6,83.33333333333334,791.2751143290208
2017-10-18,6,0,6,100.0,793.7710253890745
2017-10-19,6,0,6,100.0,794.2393842190696
2017-10-23,5,1,6,83.33333333333334,794.5349054192867
2017-10-24,6,0,6,100.0,812.0103310424361
2017-10-25,6,0,6,100.0,806.3784633474834
2017-10-26,6,0,6,100.0,810.3452736641865
2017-10-27,6,0,6,100.0,804.8886253563139
2017-10-30,6,0,6,100.0,816.811899778635
2017-10-31,6,0,6,100.0,834.2883755951766
2017-11-01,6,0,6,100.0,826.537130768586
2017-11-02,6,0,6,100.0,839.5782198279824
2017-11-03,6,0,6,100.0,860.798718948384
2017-11-06,6,0,6,100.0,889.1026781661596
2017-11-07,6,0,6,100.0,882.964799106125
2017-11-08,6,0,6,100.0,884.9794273237646
2017-11-09,6,0,6,100.0,887.7367926697452
2017-11-10,6,0,6,100.0,877.3217685165713
2017-11-13,5,1,6,83.33333333333334,864.1805203844987
2017-11-14,5,1,6,83.33333333333334,852.7257521582809
2017-11-15,4,2,6,66.66666666666666,823.4102480952205
2017-11-16,5,1,6,83.33333333333334,850.1644319812266
2017-11-17,5,1,6,83.33333333333334,849.7309650109706
2017-11-20,6,0,6,100.0,872.2664273846876
2017-11-21,6,0,6,100.0,874.8634861455085
2017-11-22,6,0,6,100.0,872.1358146451715
2017-11-23,6,0,6,100.0,884.4857239557875
2017-11-24,6,0,6,100.0,877.9072388992722
2017-11-27,6,0,6,100.0,926.8838301491384
2017-11-28,6,0,6,100.0,931.8912798041592
2017-11-29,6,0,6,100.0,923.4213346071817
2017-11-30,6,0,6,100.0,908.4053552691868
2017-12-01,6,0,6,100.0,901.3708970079442
2017-12-04,6,0,6,100.0,898.3307074901695
2017-12-05,6,0,6,100.0,896.7815995621626
2017-12-06,6,0,6,100.0,896.1418105476198
2017-12-07,6,0,6,100.0,912.8824884850736
2017-12-08,6,0,6,100.0,989.9386037288021
2017-12-11,6,0,6,100.0,1071.3700001140746
2017-12-12,6,0,6,100.0,1050.1495502160021
2017-12-13,6,0,6,100.0,1060.9087709943874
2017-12-14,6,0,6,100.0,1052.9216786952982
2017-12-15,6,0,6,100.0,1050.3132080331175
2017-12-18,6,0,6,100.0,1037.9187167089638
2017-12-19,6,0,6,100.0,1073.1900731155358
2017-12-20,6,0,6,100.0,1064.946296529041
2017-12-21,6,0,6,100.0,1097.115218295542
2017-12-22,6,0,6,100.0,1115.7517222774136
2017-12-26,6,0,6,100.0,1102.5494178014574
2017-12-27,6,0,6,100.0,1089.349813691837
2017-12-28,6,0,6,100.0,1087.0938473609465
2017-12-29,6,0,6,100.0,1104.430600644696
2018-01-01,6,0,6,100.0,1123.2370087831112
2018-01-02,6,0,6,100.0,1116.162744495499
2018-01-03,6,0,6,100.0,1139.385081035287
2018-01-04,6,0,6,100.0,1170.5179523649435
2018-01-05,6,0,6,100.0,1189.3925412420615
2018-01-08,6,0,6,100.0,1220.0015443955124
2018-01-09,6,0,6,100.0,1212.4433852966251
2018-01-10,6,0,6,100.0,1210.8072733039833
2018-01-11,6,0,6,100.0,1195.684780948102
2018-01-12,6,0,6,100.0,1202.2011967668595
2018-01-15,6,0,6,100.0,1264.1004025573884
2018-01-16,6,0,6,100.0,1215.631289811109
2018-01-17,6,0,6,100.0,1232.6977236010966
2018-01-18,6,0,6,100.0,1172.8668900971952
2018-01-19,6,0,6,100.0,1175.8204595494885
2018-01-22,6,0,6,100.0,1191.5325210609512
2018-01-23,6,0,6,100.0,1171.197300111654
2018-01-24,6,0,6,100.0,1165.3808774783693
2018-01-25,6,0,6,100.0,1158.3699972330453
2018-01-29,6,0,6,100.0,1130.9801781760964
2018-01-30,6,0,6,100.0,1109.7772680844025
2018-01-31,6,0,6,100.0,1091.5542976102859
2018-02-01,6,0,6,100.0,1095.2201023844352
2018-02-02,6,0,6,100.0,1026.70879203506
2018-02-05,6,0,6,100.0,1040.889686598777
2018-02-06,6,0,6,100.0,1003.4788687514263
2018-02-07,6,0,6,100.0,1028.3380165461647
2018-02-08,6,0,6,100.0,1065.2513795332648
2018-02-09,6,0,6,100.0,1045.8942213631144
2018-02-12,6,0,6,100.0,1051.519560381289
2018-02-14,6,0,6,100.0,1040.827274418223
2018-02-15,6,0,6,100.0,1012.2423214989362
2018-02-16,6,0,6,100.0,996.7696361999947
2018-02-19,6,0,6,100.0,988.8015180864576
2018-02-20,6,0,6,100.0,992.5572580931018
2018-02-21,6,0,6,100.0,997.312559406148
2018-02-22,5,1,6,83.33333333333334,983.0985431143471
2018-02-23,6,0,6,100.0,1003.0726160198801
2018-02-26,5,1,6,83.33333333333334,1007.7780631719271
2018-02-27,6,0,6,100.0,1006.8307910604466
2018-02-28,5,1,6,83.33333333333334,997.3542090991689
2018-03-01,5,1,6,83.33333333333334,996.3041390327044
2018-03-05,5,1,6,83.33333333333334,986.9579337653416
2018-03-06,4,2,6,66.66666666666666,972.1289910999367
2018-03-07,4,2,6,66.66666666666666,937.3663773054504
2018-03-08,4,2,6,66.66666666666666,936.8424419817466
2018-03-09,4,2,6,66.66666666666666,930.4257998795616
2018-03-12,4,2,6,66.66666666666666,937.8909108093169
2018-03-13,6,0,6,100.0,983.6158631566313
2018-03-14,5,1,6,83.33333333333334,977.501552699656
2018-03-15,6,0,6,100.0,993.0540318443033
2018-03-16,5,1,6,83.33333333333334,973.0463697354388
2018-03-19,4,2,6,66.66666666666666,950.5563296291921
2018-03-20,4,2,6,66.66666666666666,941.0635676418817
2018-03-21,4,2,6,66.66666666666666,954.3225186725936
2018-03-22,4,2,6,66.66666666666666,936.9981178910754
2018-03-23,4,2,6,66.66666666666666,912.6980816641518
2018-03-26,4,2,6,66.66666666666666,939.5376286319159
2018-03-27,4,2,6,66.66666666666666,943.9372173373664
2018-03-28,4,2,6,66.66666666666666,938.2616243039639
2018-04-02,4,2,6,66.66666666666666,984.2799539726352
2018-04-03,4,2,6,66.66666666666666,996.5987461069192
2018-04-04,4,2,6,66.66666666666666,984.7900765910023
2018-04-05,5,1,6,83.33333333333334,1016.5289135280254
2018-04-06,5,1,6,83.33333333333334,1027.176492714559
2018-04-09,5,1,6,83.33333333333334,1030.6589265825185
2018-04-10,5,1,6,83.33333333333334,1034.7180859708526
2018-04-11,5,1,6,83.33333333333334,1022.955114328882
2018-04-12,5,1,6,83.33333333333334,1013.8316637148849
2018-04-13,5,1,6,83.33333333333334,1035.3605663997648
2018-04-16,4,2,6,66.66666666666666,1024.3297781734623
2018-04-17,5,1,6,83.33333333333334,1033.5341998238678
2018-04-18,4,2,6,66.66666666666666,1024.0401293103719
2018-04-19,4,2,6,66.66666666666666,1023.4519697680099
2018-04-20,5,1,6,83.33333333333334,1027.2583704821684
2018-04-23,5,1,6,83.33333333333334,1037.947050803929
2018-04-24,5,1,6,83.33333333333334,1039.4507536195295
2018-04-25,5,1,6,83.33333333333334,1035.738216453205
2018-04-26,5,1,6,83.33333333333334,1034.7091758901652
2018-04-27,5,1,6,83.33333333333334,1029.8596872305513
2018-04-30,5,1,6,83.33333333333334,1030.425094249169
2018-05-02,5,1,6,83.33333333333334,1017.7162957150031
2018-05-03,5,1,6,83.33333333333334,1026.6996925833573
2018-05-04,4,2,6,66.66666666666666,1027.7632184039528
2018-05-07,5,1,6,83.33333333333334,1020.8578996044607
2018-05-08,4,2,6,66.66666666666666,1018.204466735214
2018-05-09,4,2,6,66.66666666666666,1016.2763108172319
2018-05-10,4,2,6,66.66666666666666,1002.6262998044618
2018-05-11,4,2,6,66.66666666666666,992.6865606786862
2018-05-14,3,3,6,50.0,965.1181385519379
2018-05-15,3,3,6,50.0,944.5663626814501
2018-05-16,3,3,6,50.0,946.0615883911856
2018-05-17,3,3,6,50.0,969.75794309249
2018-05-18,3,3,6,50.0,960.087867582366
2018-05-21,2,4,6,33.33333333333333,920.1436832729516
2018-05-22,3,3,6,50.0,926.779387794995
2018-05-23,3,3,6,50.0,927.3344085146398
2018-05-24,3,3,6,50.0,923.9539603994006
2018-05-25,3,3,6,50.0,935.9352168347796
2018-05-28,3,3,6,50.0,950.3284463724981
2018-05-29,3,3,6,50.0,945.0746006994187
2018-05-30,3,3,6,50.0,932.4404753348128
2018-05-31,3,3,6,50.0,915.0662844353923
2018-06-01,3,3,6,50.0,902.6843896459076
2018-06-04,2,4,6,33.33333333333333,863.7246653151193
2018-06-05,1,5,6,16.666666666666664,828.0421583880104
2018-06-06,2,4,6,33.33333333333333,850.8707066246592
2018-06-07,2,4,6,33.33333333333333,864.2194573210993
2018-06-08,2,4,6,33.33333333333333,863.7326724731448
2018-06-11,2,4,6,33.33333333333333,882.4116898173523
2018-06-12,2,4,6,33.33333333333333,880.491037850444
2018-06-13,2,4,6,33.33333333333333,881.7596573345261
2018-06-14,2,4,6,33.33333333333333,877.1934066631294
2018-06-15,2,4,6,33.33333333333333,875.1453934452036
2018-06-18,2,4,6,33.33333333333333,862.7164360948868
2018-06-19,2,4,6,33.33333333333333,842.7359649645196
2018-06-20,2,4,6,33.33333333333333,845.0497004298572
2018-06-21,2,4,6,33.33333333333333,840.9518554497889
2018-06-22,2,4,6,33.33333333333333,832.2529230903052
2018-06-25,2,4,6,33.33333333333333,823.3224862652836
2018-06-26,1,5,6,16.666666666666664,821.0358672399205
2018-06-27,1,5,6,16.666666666666664,798.2675997898647
2018-06-28,0,6,6,0.0,791.3536549807716
2018-06-29,2,4,6,33.33333333333333,823.5936156114253
2018-07-02,1,5,6,16.666666666666664,816.3096430200092
2018-07-03,2,4,6,33.33333333333333,810.3893448741455
2018-07-04,1,5,6,16.666666666666664,804.8141967587544
2018-07-05,0,6,6,0.0,798.4491437671737
2018-07-06,1,5,6,16.666666666666664,815.866003987569
2018-07-09,2,4,6,33.33333333333333,827.9450800824941
2018-07-10,2,4,6,33.33333333333333,840.1732438858451
2018-07-11,2,4,6,33.33333333333333,829.560119958774
2018-07-12,2,4,6,33.33333333333333,822.125633704941
2018-07-13,1,5,6,16.666666666666664,808.8502348174293
2018-07-16,0,6,6,0.0,781.9186683301243
2018-07-17,1,5,6,16.666666666666664,795.4989453947233
2018-07-18,0,6,6,0.0,791.6408703494905
2018-07-19,0,6,6,0.0,779.0121304176942
2018-07-20,2,4,6,33.33333333333333,796.7625444050449
2018-07-23,0,6,6,0.0,802.6978145151659
2018-07-24,1,5,6,16.666666666666664,827.4152842306082
2018-07-25,2,4,6,33.33333333333333,841.5408827832902
2018-07-26,2,4,6,33.33333333333333,851.677580380979
2018-07-27,1,5,6,16.666666666666664,849.594349629478
2018-07-30,1,5,6,16.666666666666664,883.0592372530969
2018-07-31,1,5,6,16.666666666666664,878.339081701214
2018-08-01,3,3,6,50.0,959.356165906119
2018-08-02,3,3,6,50.0,977.466756916059
2018-08-03,3,3,6,50.0,1008.7197773521966
2018-08-06,5,1,6,83.33333333333334,1065.815538600279
2018-08-07,5,1,6,83.33333333333334,1099.1640405459361
2018-08-08,5,1,6,83.33333333333334,1115.2442407327414
2018-08-09,5,1,6,83.33333333333334,1101.2358680790005
2018-08-10,5,1,6,83.33333333333334,1085.9106151084736
2018-08-13,3,3,6,50.0,1013.3774597104339
2018-08-14,3,3,6,50.0,1012.0875478097512
2018-08-16,3,3,6,50.0,1067.964428310983
2018-08-17,4,2,6,66.66666666666666,1101.8520761620505
2018-08-20,4,2,6,66.66666666666666,1096.5954432720803
2018-08-21,4,2,6,66.66666666666666,1117.7193572566582
2018-08-23,4,2,6,66.66666666666666,1086.378626296366
2018-08-24,4,2,6,66.66666666666666,1087.8186513426092
2018-08-27,4,2,6,66.66666666666666,1103.0215085777638
2018-08-28,4,2,6,66.66666666666666,1098.9871521039054
2018-08-29,4,2,6,66.66666666666666,1084.374729942748
2018-08-30,4,2,6,66.66666666666666,1084.9313180582456
2018-08-31,4,2,6,66.66666666666666,1071.4926263505974
2018-09-03,4,2,6,66.66666666666666,1110.588503022003
2018-09-04,4,2,6,66.66666666666666,1104.1988828043209
2018-09-05,4,2,6,66.66666666666666,1089.5477870598688
2018-09-06,5,1,6,83.33333333333334,1188.9229836435175
2018-09-07,5,1,6,83.33333333333334,1216.7263181279043
2018-09-10,4,2,6,66.66666666666666,1197.2621134025892
2018-09-11,4,2,6,66.66666666666666,1154.2664959870253
2018-09-12,4,2,6,66.66666666666666,1142.5409396436412
2018-09-14,4,2,6,66.66666666666666,1166.518700906753
2018-09-17,4,2,6,66.66666666666666,1153.8564292399444
2018-09-18,4,2,6,66.66666666666666,1124.3011163141875
2018-09-19,4,2,6,66.66666666666666,1155.4827206014486
2018-09-21,4,2,6,66.66666666666666,1109.25098598369
2018-09-24,4,2,6,66.66666666666666,1084.918898991082
2018-09-25,4,2,6,66.66666666666666,1087.2984083861752
2018-09-26,4,2,6,66.66666666666666,1078.2296466629161
2018-09-27,4,2,6,66.66666666666666,1046.2282927469662
2018-09-28,4,2,6,66.66666666666666,994.6359588178925
2018-10-01,4,2,6,66.66666666666666,1011.3737749689417
2018-10-03,4,2,6,66.66666666666666,1040.2898941266017
2018-10-04,4,2,6,66.66666666666666,1009.2205994805541
2018-10-05,4,2,6,66.66666666666666,977.0826511512897
2018-10-08,4,2,6,66.66666666666666,956.4490490945597
2018-10-09,4,2,6,66.66666666666666,965.0758754939577
2018-10-10,4,2,6,66.66666666666666,1053.3787424056989
2018-10-11,4,2,6,66.66666666666666,1008.9368390214468
2018-10-12,4,2,6,66.66666666666666,1040.4235496133783
2018-10-15,4,2,6,66.66666666666666,1076.9212254427052
2018-10-16,4,2,6,66.66666666666666,1096.8532652413733
2018-10-17,4,2,6,66.66666666666666,1057.3356527725343
2018-10-19,4,2,6,66.66666666666666,1048.580516880255
2018-10-22,4,2,6,66.66666666666666,1048.2801403848018
2018-10-23,4,2,6,66.66666666666666,1013.1174555624742
2018-10-24,4,2,6,66.66666666666666,1031.894915899895
2018-10-25,4,2,6,66.66666666666666,1024.7094412691956
2018-10-26,4,2,6,66.66666666666666,1024.9603257695521
2018-10-29,4,2,6,66.66666666666666,1092.8984792917959
2018-10-30,4,2,6,66.66666666666666,1101.4624636449746
2018-10-31,4,2,6,66.66666666666666,1119.8372891589443
2018-11-01,4,2,6,66.66666666666666,1169.63807848132
2018-11-02,4,2,6,66.66666666666666,1160.7328759418365
2018-11-05,4,2,6,66.66666666666666,1159.5845029095183
2018-11-06,4,2,6,66.66666666666666,1145.4851017256485
2018-11-07,4,2,6,66.66666666666666,1168.0835627297793
2018-11-09,4,2,6,66.66666666666666,1182.5611876674811
2018-11-12,4,2,6,66.66666666666666,1165.3452788660159
2018-11-13,4,2,6,66.66666666666666,1149.749286447143
2018-11-14,4,2,6,66.66666666666666,1133.0287462235929
2018-11-15,4,2,6,66.66666666666666,1095.4306722331814
2018-11-16,4,2,6,66.66666666666666,1070.7316267921442
2018-11-19,4,2,6,66.66666666666666,1068.0175567814372
2018-11-20,4,2,6,66.66666666666666,1041.3120074151443
2018-11-21,4,2,6,66.66666666666666,1058.8946307047604
2018-11-22,4,2,6,66.66666666666666,1061.350337491729
2018-11-26,4,2,6,66.66666666666666,1047.5985929258077
2018-11-27,4,2,6,66.66666666666666,1050.5314235698168
2018-11-28,4,2,6,66.66666666666666,1037.22026756665
2018-11-29,4,2,6,66.66666666666666,1034.2376986243046
2018-11-30,4,2,6,66.66666666666666,1075.9376935609002
2018-12-03,4,2,6,66.66666666666666,1056.9003901482042
2018-12-04,4,2,6,66.66666666666666,1061.6501077252462
2018-12-05,4,2,6,66.66666666666666,1066.227190968516
2018-12-06,4,2,6,66.66666666666666,1033.3609863314205
2018-12-07,4,2,6,66.66666666666666,1022.4958476040417
2018-12-10,4,2,6,66.66666666666666,991.5562887381981
2018-12-11,4,2,6,66.66666666666666,1016.0389630809718
2018-12-12,4,2,6,66.66666666666666,1039.743628437438
2018-12-13,4,2,6,66.66666666666666,1029.2583367569384
2018-12-14,4,2,6,66.66666666666666,1042.0260164543215
2018-12-17,4,2,6,66.66666666666666,1039.2009706717301
2018-12-18,4,2,6,66.66666666666666,1039.0012688611498
2018-12-19,4,2,6,66.66666666666666,1035.385112799441
2018-12-20,4,2,6,66.66666666666666,1039.4087185638987
2018-12-21,4,2,6,66.66666666666666,1023.4126395273804
2018-12-24,4,2,6,66.66666666666666,1007.0667974608751
2018-12-26,3,3,6,50.0,1009.546219727366
2018-12-27,3,3,6,50.0,1002.1610685557524
2018-12-28,4,2,6,66.66666666666666,1007.6603481258663
2018-12-31,4,2,6,66.66666666666666,1009.2753423742387
2019-01-01,4,2,6,66.66666666666666,1020.3101185193555
2019-01-02,4,2,6,66.66666666666666,1008.6594077801317
2019-01-03,4,2,6,66.66666666666666,997.413761411441
2019-01-04,3,3,6,50.0,989.9732643753272
2019-01-07,3,3,6,50.0,985.217209877467
2019-01-08,3,3,6,50.0,995.1557466914577
2019-01-09,3,3,6,50.0,983.9414657726268
2019-01-10,3,3,6,50.0,979.9725325435112
2019-01-11,3,3,6,50.0,965.1758264742373
2019-01-14,3,3,6,50.0,964.1646682680046
2019-01-15,3,3,6,50.0,976.6980676708009
2019-01-16,3,3,6,50.0,975.9022685516072
2019-01-17,3,3,6,50.0,983.2114416792399
2019-01-18,3,3,6,50.0,967.9748443961465
2019-01-21,3,3,6,50.0,970.6900769229085
2019-01-22,3,3,6,50.0,951.6825079674252
2019-01-23,1,5,6,16.666666666666664,939.9405396243892
2019-01-24,1,5,6,16.666666666666664,915.796167120393
2019-01-25,1,5,6,16.666666666666664,901.7897469908679
2019-01-28,1,5,6,16.666666666666664,851.8901567031362
2019-01-29,0,6,6,0.0,851.8200617071304
2019-01-30,0,6,6,0.0,855.0902097761167
2019-01-31,1,5,6,16.666666666666664,882.1852929318542
2019-02-01,1,5,6,16.666666666666664,873.8514656891967
2019-02-04,0,6,6,0.0,847.8952955225903
2019-02-05,0,6,6,0.0,841.4963376769009
2019-02-06,0,6,6,0.0,843.927234648505
2019-02-07,0,6,6,0.0,866.4408825989224
2019-02-08,0,6,6,0.0,864.1095782112633
2019-02-11,0,6,6,0.0,831.5902875298697
2019-02-12,0,6,6,0.0,806.0769506381844
2019-02-13,0,6,6,0.0,794.219992346527
2019-02-14,0,6,6,0.0,792.493329048673
2019-02-15,0,6,6,0.0,766.111321366411
2019-02-18,0,6,6,0.0,747.2379340419628
2019-02-19,0,6,6,0.0,762.1469832628746
2019-02-20,0,6,6,0.0,762.7584530218303
2019-02-21,0,6,6,0.0,766.2564179922699
2019-02-22,0,6,6,0.0,784.000808958555
2019-02-25,0,6,6,0.0,787.261643088324
2019-02-26,0,6,6,0.0,775.3535573089523
2019-02-27,0,6,6,0.0,765.0490857354224
2019-02-28,0,6,6,0.0,773.117365786787
2019-03-01,0,6,6,0.0,852.3512896504731
2019-03-05,1,5,6,16.666666666666664,895.7312179293493
2019-03-06,1,5,6,16.666666666666664,890.9591274496167
2019-03-07,0,6,6,0.0,885.5095410871551
2019-03-08,0,6,6,0.0,877.6266931699533
2019-03-11,1,5,6,16.666666666666664,905.7821209939489
2019-03-12,1,5,6,16.666666666666664,926.5313773140681
2019-03-13,0,6,6,0.0,909.7144342664212
2019-03-14,1,5,6,16.666666666666664,894.84955456407
2019-03-15,0,6,6,0.0,884.1304601524497
2019-03-18,0,6,6,0.0,879.772203902174
2019-03-19,0,6,6,0.0,884.9367583919458
2019-03-20,0,6,6,0.0,878.8468987173013
2019-03-22,0,6,6,0.0,869.7130580735765
2019-03-25,0,6,6,0.0,846.2599239391599
2019-03-26,0,6,6,0.0,852.6773576190142
2019-03-27,0,6,6,0.0,877.6212970674171
2019-03-28,0,6,6,0.0,867.9811923953105
2019-03-29,0,6,6,0.0,867.0730694358305
2019-04-01,0,6,6,0.0,890.5285722949802
2019-04-02,0,6,6,0.0,891.561994199244
2019-04-03,0,6,6,0.0,878.1444684327557
2019-04-04,0,6,6,0.0,869.0105308745993
2019-04-05,0,6,6,0.0,875.5952834601061
2019-04-08,1,5,6,16.666666666666664,884.919978883128
2019-04-09,1,5,6,16.666666666666664,903.9342528418033
2019-04-10,1,5,6,16.666666666666664,888.2350638669446
2019-04-11,1,5,6,16.666666666666664,888.9408431813839
2019-04-12,1,5,6,16.666666666666664,884.74637144841
2019-04-15,1,5,6,16.666666666666664,889.5530473599141
2019-04-16,1,5,6,16.666666666666664,880.237263034279
2019-04-18,1,5,6,16.666666666666664,872.1483776373802
2019-04-22,0,6,6,0.0,855.8332963868338
2019-04-23,0,6,6,0.0,856.1120594845116
2019-04-24,0,6,6,0.0,856.4624058103764
2019-04-25,0,6,6,0.0,852.7641370228725
2019-04-26,0,6,6,0.0,845.6914934516876
2019-04-30,0,6,6,0.0,823.2712972513658
2019-05-02,0,6,6,0.0,822.982731456956
2019-05-03,0,6,6,0.0,840.5568399868271
2019-05-06,0,6,6,0.0,821.9920886611284
2019-05-07,0,6,6,0.0,811.1440460756439
2019-05-08,0,6,6,0.0,801.418234859589
2019-05-09,0,6,6,0.0,801.9822205041022
2019-05-10,0,6,6,0.0,799.1176305133874
2019-05-13,0,6,6,0.0,765.7582000412627
2019-05-14,0,6,6,0.0,774.5787177413408
2019-05-15,0,6,6,0.0,769.4092547611281
2019-05-16,0,6,6,0.0,767.3380360341595
2019-05-17,0,6,6,0.0,761.3462763020353
2019-05-20,0,6,6,0.0,801.49741414376
2019-05-21,0,6,6,0.0,788.8688719125141
2019-05-22,0,6,6,0.0,789.0858254119582
2019-05-23,0,6,6,0.0,788.1167631757379
2019-05-24,0,6,6,0.0,816.9102854450557
2019-05-27,0,6,6,0.0,867.9849632340851
2019-05-28,0,6,6,0.0,864.2852824902329
2019-05-29,0,6,6,0.0,859.3315090931077
2019-05-30,0,6,7,0.0,874.8117464186334
2019-05-31,0,6,7,0.0,858.0544565215733
2019-06-03,0,6,7,0.0,849.5226144712891
2019-06-04,0,6,7,0.0,852.5584765935687
2019-06-06,0,6,7,0.0,825.1451935651405
2019-06-07,0,6,7,0.0,820.7022115721903
2019-06-10,0,6,7,0.0,817.0093245502404
2019-06-11,0,6,7,0.0,802.8116797622497
2019-06-12,0,6,7,0.0,801.0894799535075
2019-06-13,0,6,7,0.0,789.1976312943902
2019-06-14,0,6,7,0.0,783.8046939000335
2019-06-17,0,6,7,0.0,780.3352936787279
2019-06-18,0,6,7,0.0,774.6298876629442
2019-06-19,0,6,7,0.0,744.6953012428602
2019-06-20,0,6,7,0.0,740.6265443646028
2019-06-21,0,6,7,0.0,727.4774779943031
2019-06-24,0,6,7,0.0,719.7751178201322
2019-06-25,0,6,7,0.0,730.1758237259479
2019-06-26,0,6,7,0.0,741.0036042813722
2019-06-27,0,6,7,0.0,756.1813145156326
2019-06-28,0,6,7,0.0,753.2876580980353
2019-07-01,0,6,7,0.0,761.3895686280454
2019-07-02,0,6,7,0.0,758.4783611203702
2019-07-03,0,6,7,0.0,757.4518186566692
2019-07-04,0,6,7,0.0,748.875145929898
2019-07-05,0,6,7,0.0,738.4086531291241
2019-07-08,0,6,7,0.0,714.5165379598342
2019-07-09,0,6,7,0.0,716.9563092910654
2019-07-10,0,6,7,0.0,711.3492324970308
2019-07-11,0,6,7,0.0,706.2709445815565
2019-07-12,0,6,7,0.0,708.1893388329338
2019-07-15,0,6,7,0.0,697.9629744060051
2019-07-16,0,6,7,0.0,692.1533770438356
2019-07-17,0,6,7,0.0,693.3668326512138
2019-07-18,0,6,7,0.0,683.5816407724616
2019-07-19,0,6,7,0.0,668.2718792891064
2019-07-22,0,6,7,0.0,651.3612466970808
2019-07-23,0,6,7,0.0,655.1341254464862
2019-07-24,0,6,7,0.0,659.1417132233255
2019-07-25,0,6,7,0.0,662.9488544076376
2019-07-26,0,6,7,0.0,669.5474720547458
2019-07-29,0,6,7,0.0,658.4357553712057
2019-07-30,0,6,7,0.0,631.5520988803194
2019-07-31,0,6,7,0.0,631.080165421922
2019-08-01,0,6,7,0.0,630.0388689157089
2019-08-02,0,6,7,0.0,627.5244584818425
2019-08-05,0,6,7,0.0,615.5301032561989
2019-08-06,0,6,7,0.0,632.9928697972433
2019-08-07,0,6,7,0.0,637.4983086089378
2019-08-08,0,6,7,0.0,651.2999388134758
2019-08-09,0,6,7,0.0,671.6411322962098
2019-08-13,0,6,7,0.0,667.5508777862249
2019-08-14,0,6,7,0.0,674.022379624933
2019-08-16,0,6,7,0.0,685.8234299950458
2019-08-19,0,6,7,0.0,684.1800563710805
2019-08-20,0,6,7,0.0,675.7392485358233
2019-08-21,0,6,7,0.0,658.405773823552
2019-08-22,0,6,7,0.0,632.0202508826276
2019-08-23,0,6,7,0.0,638.2189904691807
2019-08-26,0,6,7,0.0,663.8374997480162
2019-08-27,0,6,7,0.0,689.6039156731613
2019-08-28,0,6,7,0.0,681.6705422521053
2019-08-29,0,6,7,0.0,670.4808372464546
2019-08-30,0,6,7,0.0,670.5112986861225
2019-09-03,0,6,7,0.0,660.7974701056112
2019-09-04,0,6,7,0.0,662.2371833326837
2019-09-05,0,6,7,0.0,673.9931622449434
2019-09-06,0,6,7,0.0,712.6042212635413
2019-09-09,0,6,7,0.0,742.3670783219528
2019-09-11,5,1,7,83.33333333333334,829.850109556188
2019-09-12,4,2,7,66.66666666666666,828.4293700708574
2019-09-13,5,1,7,83.33333333333334,821.7760630698184
2019-09-16,4,2,7,66.66666666666666,818.6338148641955
2019-09-17,2,4,7,33.33333333333333,797.9444922861181
2019-09-18,3,3,7,50.0,822.3989848251966
2019-09-19,4,2,7,66.66666666666666,838.713152908332
2019-09-20,4,2,7,66.66666666666666,844.5774413284902
2019-09-23,5,1,7,83.33333333333334,846.33362978292
2019-09-24,5,1,7,83.33333333333334,836.9189698995825
2019-09-25,5,1,7,83.33333333333334,847.0737384041377
2019-09-26,5,1,7,83.33333333333334,880.6390530196877
2019-09-27,5,1,7,83.33333333333334,888.9937552463658
2019-10-01,5,1,7,83.33333333333334,888.9937552463658
2019-10-03,1,5,7,16.666666666666664,823.9225554905065
2019-10-04,1,5,7,16.666666666666664,793.3969031635265
2019-10-07,0,6,7,0.0,759.9351965203117
2019-10-09,0,6,7,0.0,763.8113703698565
2019-10-10,0,6,7,0.0,746.8711274249415
2019-10-11,0,6,7,0.0,738.7302277492183
2019-10-14,0,6,7,0.0,733.1232085142153
2019-10-15,0,6,7,0.0,736.3737291112116
2019-10-16,0,6,7,0.0,760.4141681563376
2019-10-17,0,6,7,0.0,753.4149826152473
2019-10-18,0,6,7,0.0,767.9362895273468
2019-10-22,0,6,7,0.0,765.2876761160283
2019-10-23,0,6,8,0.0,768.772308955597
2019-10-24,0,6,8,0.0,759.3447323370378
2019-10-25,0,6,8,0.0,748.7468236402897
2019-10-27,1,5,8,16.666666666666664,772.3307332986532
2019-10-29,1,5,8,16.666666666666664,774.3285843756838
2019-10-30,1,5,8,16.666666666666664,773.8196970279658
2019-10-31,1,5,8,16.666666666666664,763.7448636263028
2019-11-01,1,5,8,16.666666666666664,755.0703937569205
2019-11-04,1,5,8,16.666666666666664,757.7095360652527
2019-11-05,1,5,8,16.666666666666664,755.7525502035963
2019-11-06,1,5,8,16.666666666666664,756.5823480682403
2019-11-07,1,5,8,16.666666666666664,754.0991220905016
2019-11-08,0,6,8,0.0,742.1206934124382
2019-11-11,0,6,8,0.0,737.9560197643829
2019-11-13,0,6,8,0.0,730.9445146484079
2019-11-14,0,6,8,0.0,732.9806435539967
2019-11-15,0,6,8,0.0,718.8520611969693
2019-11-18,0,6,8,0.0,716.8562504581154
2019-11-19,0,6,8,0.0,708.7395600349747
2019-11-20,0,6,8,0.0,708.8939470895714
2019-11-21,0,6,8,0.0,704.4705673601255
2019-11-22,0,6,8,0.0,701.6577341349382
2019-11-25,0,6,8,0.0,724.0520625505578
2019-11-26,0,6,8,0.0,724.1932469769445
2019-11-27,0,6,8,0.0,715.3662985659723
2019-11-28,0,6,8,0.0,712.0814478833177
2019-11-29,0,6,8,0.0,712.8261540534843
2019-12-02,0,6,8,0.0,704.0026586809144
2019-12-03,0,6,8,0.0,694.9394193798296
2019-12-04,0,6,8,0.0,704.9020947651401
2019-12-05,0,6,8,0.0,707.5373965758823
2019-12-06,0,6,8,0.0,707.0138896525572
2019-12-09,0,6,8,0.0,718.4062339782643
2019-12-10,0,6,8,0.0,703.2391352525175
2019-12-11,0,6,8,0.0,688.742397114173
2019-12-12,0,6,8,0.0,693.6173256615955
2019-12-13,0,6,8,0.0,707.2689558549686
2019-12-16,1,5,8,16.666666666666664,732.1304824504102
2019-12-17,2,4,8,33.33333333333333,774.2750806524969
2019-12-18,2,4,8,33.33333333333333,742.8135364219625
2019-12-19,2,4,8,33.33333333333333,752.5467565077972
2019-12-20,2,4,8,33.33333333333333,742.3067987405232
2019-12-23,2,4,8,33.33333333333333,738.2466924285818
2019-12-24,2,4,8,33.33333333333333,742.1764169881302
2019-12-26,2,4,8,33.33333333333333,748.4830010869796
2019-12-27,2,4,8,33.33333333333333,747.7910787595072
2019-12-30,2,4,8,33.33333333333333,743.7651018833603
2019-12-31,2,4,8,33.33333333333333,745.8075432610481
2020-01-01,1,5,8,16.666666666666664,741.6561722888109
2020-01-02,2,4,8,33.33333333333333,765.4145011315359
2020-01-03,2,4,8,33.33333333333333,760.614359450906
2020-01-06,2,4,8,33.33333333333333,739.3461350570692
2020-01-07,2,4,8,33.33333333333333,746.8222058413587
2020-01-08,2,4,8,33.33333333333333,738.9552417999334
2020-01-09,2,5,8,28.57142857142857,763.4803885951421
2020-01-10,4,3,8,57.14285714285714,791.9300117759894
2020-01-13,3,4,8,42.857142857142854,800.9732883792948
2020-01-14,5,2,8,71.42857142857143,828.4984873890709
2020-01-15,6,1,8,85.71428571428571,833.2755737470219
2020-01-16,6,1,8,85.71428571428571,853.0472815392006
2020-01-17,6,1,8,85.71428571428571,879.399025823906
2020-01-20,6,1,8,85.71428571428571,868.4169331449576
2020-01-21,6,1,8,85.71428571428571,876.7306965757257
2020-01-22,6,1,8,85.71428571428571,872.2036277281527
2020-01-23,6,1,8,85.71428571428571,879.4495628148206
2020-01-24,6,1,8,85.71428571428571,891.4927758396819
2020-01-27,5,2,8,71.42857142857143,877.6684157032488
2020-01-28,4,3,8,57.14285714285714,851.3609124422878
2020-01-29,4,3,8,57.14285714285714,844.8926470103341
2020-01-30,4,3,8,57.14285714285714,831.1354580680004
2020-01-31,4,3,8,57.14285714285714,822.6837725142318
2020-02-01,3,4,8,42.857142857142854,786.8520530762215
2020-02-03,2,5,8,28.57142857142857,775.8410286440517
2020-02-04,4,3,8,57.14285714285714,781.9074839099715
2020-02-05,4,3,8,57.14285714285714,781.6225124781264
2020-02-06,4,3,8,57.14285714285714,805.7985472376114
2020-02-07,4,3,8,57.14285714285714,811.4288483894692
2020-02-10,3,4,8,42.857142857142854,805.405631268723
2020-02-11,3,4,8,42.857142857142854,794.2581185414961
2020-02-12,4,3,8,57.14285714285714,785.6100928903578
2020-02-13,4,3,8,57.14285714285714,806.2467368712943
2020-02-14,3,4,8,42.857142857142854,780.0314641062331
2020-02-17,3,4,8,42.857142857142854,756.7958629760162
2020-02-18,3,4,8,42.857142857142854,748.0681938896441
2020-02-19,3,4,8,42.857142857142854,777.3926739372171
2020-02-20,3,4,8,42.857142857142854,785.7970657375142
2020-02-24,3,4,8,42.857142857142854,754.8385748940658
2020-02-25,3,4,8,42.857142857142854,750.680391165435
2020-02-26,2,5,8,28.57142857142857,741.1460610621425
2020-02-27,1,6,8,14.285714285714285,732.8256065598864
2020-02-28,1,6,8,14.285714285714285,704.7655507730774
2020-03-02,0,7,8,0.0,698.7130738670883
2020-03-03,0,7,8,0.0,697.7801023183071
2020-03-04,0,7,8,0.0,681.7621320446563
2020-03-05,1,6,9,14.285714285714285,692.2183314667935
2020-03-06,0,7,9,0.0,668.905764500922
2020-03-09,0,7,9,0.0,631.5442475893487
2020-03-11,0,7,9,0.0,614.1445635711856
2020-03-12,0,7,9,0.0,553.2163665104655
2020-03-13,0,7,9,0.0,566.8716469704738
2020-03-16,0,7,9,0.0,535.2013645255918
2020-03-17,0,7,9,0.0,529.4977728469165
2020-03-18,0,7,9,0.0,504.0827915057105
2020-03-19,0,7,9,0.0,477.7911432927245
2020-03-20,0,7,9,0.0,482.54100207636606
2020-03-23,0,7,9,0.0,423.61625509950017
2020-03-24,0,7,9,0.0,409.9283391974267
2020-03-25,0,7,9,0.0,413.23332655612796
2020-03-26,0,7,9,0.0,449.9123098108294
2020-03-27,0,7,9,0.0,444.21738705927555
2020-03-30,0,7,9,0.0,444.9853805418483
2020-03-31,0,7,9,0.0,453.4584071607071
2020-04-01,0,7,9,0.0,459.23288654275325
2020-04-03,0,7,9,0.0,457.5647875921672
2020-04-07,0,7,9,0.0,497.8051551323407
2020-04-08,0,7,9,0.0,536.3923139572922
2020-04-09,0,7,9,0.0,580.6746121929174
2020-04-13,0,7,9,0.0,570.1727194657947
2020-04-15,0,7,9,0.0,559.2238707575538
2020-04-16,0,7,9,0.0,583.2510193060257
2020-04-17,0,7,9,0.0,596.2117964871303
2020-04-20,0,7,9,0.0,610.4451020715383
2020-04-21,0,7,9,0.0,593.6859699236354
2020-04-22,1,6,9,14.285714285714285,591.4432283477308
2020-04-23,1,6,9,14.285714285714285,601.3421543277238
2020-04-24,1,6,9,14.285714285714285,591.4591718533085
2020-04-27,1,6,9,14.285714285714285,606.885636042187
2020-04-28,2,5,9,28.57142857142857,622.3427909622636
2020-04-29,0,7,9,0.0,601.1855717748806
2020-04-30,0,7,9,0.0,595.783175882243
2020-05-04,0,7,9,0.0,572.7665546141948
2020-05-05,0,7,9,0.0,562.9970959986309
2020-05-06,0,7,9,0.0,556.6368884170207
2020-05-07,0,7,9,0.0,586.0036380813129
2020-05-08,0,7,9,0.0,568.7132055865937
2020-05-11,0,7,9,0.0,560.0740007435875
2020-05-12,0,7,9,0.0,553.6069285096345
2020-05-13,0,7,9,0.0,556.9738034655463
2020-05-14,0,7,9,0.0,552.2402118687196
2020-05-15,0,7,9,0.0,557.771138124111
2020-05-18,0,7,9,0.0,534.2051617449289
2020-05-19,0,7,9,0.0,531.8676995877978
2020-05-20,0,7,9,0.0,532.6513387374276
2020-05-21,0,7,9,0.0,535.2512160225149
2020-05-22,0,7,9,0.0,526.728929053233
2020-05-26,0,7,9,0.0,531.3832532902813
2020-05-27,0,7,9,0.0,531.4271638700507
2020-05-28,0,7,9,0.0,539.6316418971741
2020-05-29,0,7,9,0.0,545.4980192756813
2020-06-01,0,8,9,0.0,569.910936752574
2020-06-02,0,8,9,0.0,585.589949905789
2020-06-03,0,8,9,0.0,601.3797777638249
2020-06-04,0,8,9,0.0,606.5897815044887
2020-06-05,1,7,9,12.5,641.7742466944919
2020-06-08,0,8,9,0.0,654.3362809240645
2020-06-09,2,6,9,25.0,643.4470710095273
2020-06-10,1,7,9,12.5,641.6847588731384
2020-06-11,0,8,9,0.0,638.1871534030947
2020-06-12,1,7,9,12.5,654.3006799362611
2020-06-15,2,6,9,25.0,639.5273526283371
2020-06-16,1,7,9,12.5,627.8647235294173
2020-06-17,1,7,9,12.5,632.163274224352
2020-06-18,2,6,9,25.0,663.3814130116547
2020-06-19,1,7,9,12.5,661.437249484254
2020-06-22,3,5,9,37.5,687.5873332208124
2020-06-23,2,6,9,25.0,687.2788271818149
2020-06-24,2,6,9,25.0,672.1044632868222
2020-06-25,0,8,9,0.0,671.0681446887843
2020-06-26,1,7,9,12.5,678.4227102269047
2020-06-29,5,3,9,62.5,722.0443578444639
2020-06-30,3,5,9,37.5,689.9054110374376
2020-07-01,2,6,9,25.0,680.0299803204897
2020-07-02,2,6,9,25.0,678.5250986505287
2020-07-03,2,6,9,25.0,673.4411445321706
2020-07-06,4,4,9,50.0,687.8482410536557
2020-07-07,2,6,9,25.0,687.8166506596582
2020-07-08,1,7,9,12.5,681.369448334868
2020-07-09,2,6,9,25.0,697.7841502639991
2020-07-10,1,7,9,12.5,705.107867733952
2020-07-13,1,7,9,12.5,709.5318386162924
2020-07-14,1,7,9,12.5,703.186849746002
2020-07-15,2,6,9,25.0,706.3579782208777
2020-07-16,2,6,9,25.0,692.918352715383
2020-07-17,2,6,9,25.0,692.6840227173192
2020-07-20,2,6,9,25.0,686.1696204970656
2020-07-21,1,7,9,12.5,683.9804404027727
2020-07-22,2,6,9,25.0,684.8571495865042
2020-07-23,2,6,9,25.0,686.9408846767661
2020-07-24,1,7,9,12.5,676.5045239013442
2020-07-27,1,7,9,12.5,661.0342038667085
2020-07-28,2,6,9,25.0,664.4051630934081
2020-07-29,2,6,9,25.0,671.67308447037
2020-07-30,1,7,9,12.5,654.2819424953009
2020-07-31,2,6,9,25.0,655.2446917503598
2020-08-03,1,7,9,12.5,650.0576459571718
2020-08-04,2,6,9,25.0,654.0862059535231
2020-08-05,2,6,9,25.0,656.1970495417823
2020-08-06,2,6,9,25.0,661.4045547559141
2020-08-07,2,6,9,25.0,662.1022712405816
2020-08-10,2,6,9,25.0,672.412993618528
2020-08-11,3,5,9,37.5,692.0921714859826
2020-08-12,3,5,9,37.5,691.7685552635012
2020-08-13,3,5,9,37.5,691.7197560940888
2020-08-14,3,5,9,37.5,681.7041594171267
2020-08-17,3,5,9,37.5,686.5118980994512
2020-08-18,3,5,9,37.5,699.2974110742796
2020-08-19,4,4,9,50.0,701.4667891353427
2020-08-20,4,4,9,50.0,702.7563344262934
2020-08-21,4,4,9,50.0,712.4677291148688
2020-08-24,4,4,9,50.0,706.0012770323686
2020-08-25,4,4,9,50.0,696.6401607389431
2020-08-26,4,4,9,50.0,701.1003036696912
2020-08-27,4,4,9,50.0,703.979747953428
2020-08-28,4,4,9,50.0,705.1278397559604
2020-08-31,3,5,9,37.5,676.0250429939265
2020-09-01,3,5,9,37.5,676.7685413474185
2020-09-02,3,5,9,37.5,681.891017477479
2020-09-03,3,5,9,37.5,674.6429790741323
2020-09-04,3,5,9,37.5,669.0713183671726
2020-09-07,3,5,9,37.5,664.150980006501
2020-09-08,2,6,9,25.0,653.1348857114622
2020-09-09,2,6,9,25.0,646.5497943862255
2020-09-10,2,6,9,25.0,642.9837236458543
2020-09-11,2,6,9,25.0,643.0594078275278
2020-09-14,2,6,9,25.0,652.0495739429597
2020-09-15,2,6,9,25.0,650.8333906900801
2020-09-16,2,6,9,25.0,653.4344976073075
2020-09-17,1,7,9,12.5,643.48638613562
2020-09-18,1,7,9,12.5,651.8470446574021
2020-09-21,0,8,9,0.0,627.4545195705641
2020-09-22,1,7,9,12.5,619.1094507429547
2020-09-23,0,8,9,0.0,616.6517466184046
2020-09-24,0,8,9,0.0,599.3028281479577
2020-09-25,0,8,9,0.0,614.4381177658562
2020-09-28,0,8,9,0.0,620.5480983003856
2020-09-29,0,8,9,0.0,616.5221282973531
2020-09-30,0,8,9,0.0,616.7136940677581
2020-10-01,0,8,9,0.0,620.77302580859
2020-10-05,0,8,9,0.0,617.6773674625819
2020-10-06,1,7,9,12.5,631.295832482269
2020-10-07,0,8,9,0.0,623.5123325713478
2020-10-08,0,8,9,0.0,638.0073340586677
2020-10-09,0,8,9,0.0,627.269300349238
2020-10-12,0,9,9,0.0,615.2110582056794
2020-10-13,0,9,9,0.0,615.555009589445
2020-10-14,0,9,9,0.0,610.8024750334714
2020-10-15,0,9,9,0.0,603.1281157983738
2020-10-16,0,9,9,0.0,603.5479594792404
2020-10-19,0,9,9,0.0,603.2538084528846
2020-10-20,0,9,9,0.0,602.1484503264979
2020-10-21,0,9,9,0.0,603.4791766437938
2020-10-22,0,9,9,0.0,608.6862576262276
2020-10-23,0,9,9,0.0,616.4939125490182
2020-10-26,0,9,9,0.0,610.0846381419884
2020-10-27,0,9,9,0.0,602.5893916638298
2020-10-28,0,9,9,0.0,597.713679260844
2020-10-29,0,9,9,0.0,596.346068093815
2020-10-30,0,9,9,0.0,594.9315758723317
2020-11-02,0,9,9,0.0,591.4728131928595
2020-11-03,0,9,9,0.0,591.4244960079163
2020-11-04,0,9,9,0.0,593.8606025489372
2020-11-05,0,9,9,0.0,594.9542363548605
2020-11-06,0,9,9,0.0,603.7758312034642
2020-11-09,1,8,9,11.11111111111111,605.9301748774982
2020-11-10,0,9,9,0.0,614.2936044565973
2020-11-11,0,9,9,0.0,608.4712161213639
2020-11-12,0,9,9,0.0,608.0190440415921
2020-11-13,0,9,9,0.0,608.4573240966013
2020-11-14,0,9,9,0.0,613.0375574719496
2020-11-17,0,9,9,0.0,612.3448183269652
2020-11-18,0,9,9,0.0,624.1610382449886
2020-11-19,4,5,9,44.44444444444444,644.067535486831
2020-11-20,7,2,9,77.77777777777779,662.4019138661475
2020-11-23,6,3,9,66.66666666666666,654.1392080494373
2020-11-24,4,5,9,44.44444444444444,645.1877969351025
2020-11-25,4,5,9,44.44444444444444,640.473886856508
2020-11-26,6,3,9,66.66666666666666,645.0557480350237
2020-11-27,6,3,9,66.66666666666666,650.1851205863155
2020-12-01,8,1,9,88.88888888888889,661.3034724904586
2020-12-02,8,1,9,88.88888888888889,657.1991479051543
2020-12-03,9,0,9,100.0,677.3617301560952
2020-12-04,9,0,9,100.0,671.9904598176878
2020-12-07,9,0,9,100.0,711.8541764424464
2020-12-08,9,0,9,100.0,735.7537240811988
2020-12-09,9,0,9,100.0,736.5486464695329
2020-12-10,9,0,9,100.0,718.9625047328129
2020-12-11,9,0,9,100.0,713.8695199115535
2020-12-14,9,0,9,100.0,722.665519766537
2020-12-15,9,0,9,100.0,722.0641484292597
2020-12-16,9,0,9,100.0,733.4714757874756
2020-12-17,9,0,9,100.0,769.6016109594204
2020-12-18,9,0,9,100.0,767.3460900153541
2020-12-21,9,0,9,100.0,732.4768303747368
2020-12-22,9,0,9,100.0,745.9036975446323
2020-12-23,9,0,9,100.0,760.1124122356844
2020-12-24,9,0,9,100.0,745.7449424439412
2020-12-28,9,0,9,100.0,751.2212647629254
2020-12-29,9,0,9,100.0,741.7571145235848
2020-12-30,9,0,9,100.0,740.9757384064666
2020-12-31,9,0,9,100.0,762.3061154480134
2021-01-01,9,0,9,100.0,781.820862977977
2021-01-04,9,0,9,100.0,804.2705186723638
2021-01-05,9,0,9,100.0,814.8011686940947
2021-01-06,9,0,9,100.0,801.7161900223186
2021-01-07,9,0,9,100.0,802.060992087444
2021-01-08,9,0,9,100.0,803.4587517989715
2021-01-11,9,0,9,100.0,791.6222985122333
2021-01-12,9,0,9,100.0,801.1427606432628
2021-01-13,9,0,9,100.0,792.2837561283791
2021-01-14,9,0,9,100.0,792.4180780222835
2021-01-15,9,0,9,100.0,781.1848710078723
2021-01-18,9,0,9,100.0,767.1785489753271
2021-01-19,9,0,9,100.0,779.5705847873105
2021-01-20,9,0,9,100.0,792.7085840806992
2021-01-21,9,0,9,100.0,775.262018041564
2021-01-22,9,0,9,100.0,760.863451184329
2021-01-25,8,1,9,88.88888888888889,752.3133310506428
2021-01-27,9,0,9,100.0,747.5187561499596
2021-01-28,9,0,9,100.0,746.2540961062791
2021-01-29,8,1,9,88.88888888888889,745.2025767234786
2021-02-01,9,0,9,100.0,753.7680666909192
2021-02-02,9,0,9,100.0,757.1962920450255
2021-02-03,9,0,9,100.0,774.6099718839603
2021-02-04,9,0,9,100.0,788.4180366870851
2021-02-05,9,0,9,100.0,782.9048392900339
2021-02-08,8,1,9,88.88888888888889,783.1210038444224
2021-02-09,8,1,9,88.88888888888889,776.2528175661474
2021-02-10,8,1,9,88.88888888888889,784.3836535720928
2021-02-11,8,1,9,88.88888888888889,792.0880851071227
2021-02-12,8,1,9,88.88888888888889,789.8567335387459
2021-02-15,8,1,9,88.88888888888889,793.5071972712711
2021-02-16,8,1,9,88.88888888888889,796.4937035971079
2021-02-17,9,0,9,100.0,804.9724271494404
2021-02-18,9,0,9,100.0,831.2009583513083
2021-02-19,9,0,9,100.0,823.4793918379943
2021-02-22,9,0,9,100.0,805.0255078610886
2021-02-23,9,0,9,100.0,814.5098898418025
2021-02-24,9,0,9,100.0,849.5744991589956
2021-02-25,9,0,9,100.0,849.0644522350143
2021-02-26,9,0,9,100.0,828.8673293986815
2021-03-01,9,0,9,100.0,855.0969833389875
2021-03-02,9,0,9,100.0,922.6355732122865
2021-03-03,9,0,9,100.0,943.8819310258523
2021-03-04,9,0,9,100.0,942.6685929111957
2021-03-05,9,0,9,100.0,905.3141273448359
2021-03-08,9,0,9,100.0,912.0950281771716
2021-03-09,9,0,9,100.0,890.705084996212
2021-03-10,9,0,9,100.0,906.2209292341369
2021-03-12,9,0,9,100.0,917.0374179660087
2021-03-15,9,0,9,100.0,923.2532434294709
2021-03-16,9,0,9,100.0,974.9083148599713
2021-03-17,9,0,9,100.0,970.4779001986234
2021-03-18,9,0,9,100.0,956.2220839351018
2021-03-19,9,0,9,100.0,946.87885274174
2021-03-22,9,0,9,100.0,939.4045274637317
2021-03-23,9,0,9,100.0,962.3263949969543
2021-03-24,9,0,9,100.0,939.2864885236532
2021-03-25,9,0,9,100.0,916.1808915507784
2021-03-26,9,0,9,100.0,937.9773573135885
2021-03-30,9,0,9,100.0,921.6185342378623
2021-03-31,9,0,9,100.0,916.5602146599869
2021-04-01,9,0,9,100.0,940.2700930933655
2021-04-05,9,0,9,100.0,904.6144737868104
2021-04-06,9,0,9,100.0,903.0562217122749
2021-04-07,9,0,9,100.0,903.1284849708821
2021-04-08,9,0,9,100.0,896.3618240566111
2021-04-09,9,0,9,100.0,903.7647405868685
2021-04-12,8,1,9,88.88888888888889,838.8599194635763
2021-04-13,8,1,9,88.88888888888889,873.7901606099118
2021-04-15,8,1,9,88.88888888888889,872.7311115712748
2021-04-16,8,1,9,88.88888888888889,866.8355148132359
2021-04-19,8,1,9,88.88888888888889,845.7163465732826
2021-04-20,7,2,9,77.77777777777779,839.48228279922
2021-04-22,9,0,9,100.0,841.9800254482842
2021-04-23,9,0,9,100.0,842.2152875358045
2021-04-26,8,1,9,88.88888888888889,845.211313705411
2021-04-27,9,0,9,100.0,853.4080646847043
2021-04-28,9,0,9,100.0,876.588082349888
2021-04-29,8,1,9,88.88888888888889,872.0301557316768
2021-04-30,8,1,9,88.88888888888889,862.2796852648227
2021-05-03,8,1,9,88.88888888888889,857.8518873848818
2021-05-04,9,0,9,100.0,915.9196581925979
2021-05-05,9,0,9,100.0,917.663651557549
2021-05-06,9,0,9,100.0,913.5945716316375
2021-05-07,9,0,9,100.0,925.0681076115551
2021-05-10,9,0,9,100.0,921.6044573501844
2021-05-11,9,0,9,100.0,922.4028770124413
2021-05-12,9,0,9,100.0,905.3531394404117
2021-05-14,9,0,9,100.0,893.4746437279538
2021-05-17,9,0,9,100.0,906.5496276993018
2021-05-18,9,0,9,100.0,905.6827095884321
2021-05-19,9,0,9,100.0,903.0314259194888
2021-05-20,9,0,9,100.0,935.0144911312535
2021-05-21,9,0,9,100.0,930.3583962772049
2021-05-24,9,0,9,100.0,924.1631937100657
2021-05-25,9,0,9,100.0,928.4889395662901
2021-05-26,9,0,9,100.0,925.6385748857655
2021-05-27,9,0,9,100.0,954.6099877548652
2021-05-28,9,0,9,100.0,940.5169525432246
2021-05-31,9,0,9,100.0,964.1019207697693
2021-06-01,9,0,9,100.0,959.3917268073909
2021-06-02,9,0,9,100.0,996.6942719439282
2021-06-03,9,0,9,100.0,1032.6117267567843
2021-06-04,9,0,9,100.0,1014.9746273972867
2021-06-07,9,0,9,100.0,1021.862761058874
2021-06-08,9,0,9,100.0,1008.6806439558198
2021-06-09,9,0,9,100.0,1011.2580292577826
2021-06-10,9,0,9,100.0,1033.0323715719046
2021-06-11,9,0,9,100.0,1028.2868472247021
2021-06-14,9,0,9,100.0,1017.0883428057502
2021-06-15,9,0,9,100.0,1066.6167123165953
2021-06-16,9,0,9,100.0,1045.7577551502452
2021-06-17,9,0,9,100.0,1035.615331077413
2021-06-18,9,0,9,100.0,1013.3727408483642
2021-06-21,9,0,9,100.0,1036.016777771062
2021-06-22,9,0,9,100.0,1098.130160181913
2021-06-23,9,0,9,100.0,1107.8712702857256
2021-06-24,9,0,9,100.0,1090.0680829644782
2021-06-25,9,0,9,100.0,1084.8672820009776
2021-06-28,9,0,9,100.0,1069.493144234001
2021-06-29,9,0,9,100.0,1057.1437199383668
2021-06-30,9,0,9,100.0,1115.7788438223508
2021-07-01,9,0,9,100.0,1090.6639007603883
2021-07-02,9,0,9,100.0,1104.6184303972507
2021-07-05,9,0,9,100.0,1147.5610166152978
2021-07-06,9,0,9,100.0,1128.9517492190794
2021-07-07,9,0,9,100.0,1221.4753091587834
2021-07-08,9,0,9,100.0,1204.2926774361495
2021-07-09,9,0,9,100.0,1201.0123180050293
2021-07-12,9,0,9,100.0,1186.8339242616094
2021-07-13,9,0,9,100.0,1190.0488397497395
2021-07-14,9,0,9,100.0,1181.942912588627
2021-07-15,9,0,9,100.0,1152.4141183188076
2021-07-16,9,0,9,100.0,1152.8945066341334
2021-07-19,9,0,9,100.0,1145.8111356041904
2021-07-20,9,0,9,100.0,1107.9961696665096
2021-07-22,9,0,9,100.0,1121.738353889055
2021-07-23,9,0,9,100.0,1130.5535787309811
2021-07-26,9,0,9,100.0,1113.5244158423548
2021-07-27,9,0,9,100.0,1126.322515763353
2021-07-28,9,0,9,100.0,1192.8013583792003
2021-07-29,9,0,9,100.0,1219.1342237635204
2021-07-30,9,0,9,100.0,1220.1640040394511
2021-08-02,9,0,9,100.0,1232.1323920056434
2021-08-03,9,0,9,100.0,1228.5729196951145
2021-08-04,9,0,9,100.0,1198.2087782794001
2021-08-05,9,0,9,100.0,1233.6452272598824
2021-08-06,9,0,9,100.0,1213.4536914492883
2021-08-09,9,0,9,100.0,1245.8354345155262
2021-08-10,9,0,9,100.0,1171.0809874267754
2021-08-11,9,0,9,100.0,1148.7752160685868
2021-08-12,9,0,9,100.0,1179.0042863960825
2021-08-13,9,0,9,100.0,1197.2773525522396
2021-08-16,9,0,9,100.0,1181.900916112518
2021-08-17,9,0,9,100.0,1157.051441503137
2021-08-18,9,0,9,100.0,1140.3926374802222
2021-08-20,9,0,9,100.0,1107.3842626084806
2021-08-23,7,2,9,77.77777777777779,1045.837081632137
2021-08-24,8,1,9,88.88888888888889,1092.2200428518179
2021-08-25,8,1,9,88.88888888888889,1102.1981887926152
2021-08-26,8,1,9,88.88888888888889,1086.0718684225376
2021-08-27,8,1,9,88.88888888888889,1090.191345494402
2021-08-30,8,1,9,88.88888888888889,1107.7733180329149
2021-08-31,8,1,9,88.88888888888889,1099.9091315502455
2021-09-01,8,1,9,88.88888888888889,1117.017672159985
2021-09-02,8,1,9,88.88888888888889,1123.4710570539864
2021-09-03,8,1,9,88.88888888888889,1116.4968817420609
2021-09-06,8,1,9,88.88888888888889,1114.560552544037
2021-09-07,8,1,9,88.88888888888889,1098.8708957830872
2021-09-08,8,1,9,88.88888888888889,1119.669848052185
2021-09-09,8,1,9,88.88888888888889,1113.1844066246674
2021-09-13,8,1,9,88.88888888888889,1103.5037548804542
2021-09-14,8,1,9,88.88888888888889,1107.6011183269052
2021-09-15,8,1,9,88.88888888888889,1113.3165852757863
2021-09-16,8,1,9,88.88888888888889,1112.3224966073853
2021-09-17,8,1,9,88.88888888888889,1096.3792579172923
2021-09-20,7,2,9,77.77777777777779,1074.2212035585253
2021-09-21,7,2,9,77.77777777777779,1074.7349916506594
2021-09-22,7,2,9,77.77777777777779,1080.5010186298166
2021-09-23,8,1,9,88.88888888888889,1094.4700930395682
2021-09-24,8,1,9,88.88888888888889,1081.114605173601
2021-09-27,8,1,9,88.88888888888889,1117.0679365895596
2021-09-28,8,1,9,88.88888888888889,1100.791486402492
2021-09-29,8,1,9,88.88888888888889,1117.8956898524661
2021-09-30,8,1,9,88.88888888888889,1134.4251309613155
2021-10-01,9,0,9,100.0,1133.8672594870393
2021-10-04,9,0,9,100.0,1154.4260817687596
2021-10-05,9,0,9,100.0,1198.9744437067304
2021-10-06,9,0,9,100.0,1173.0723987893905
2021-10-07,9,0,9,100.0,1164.0100907305027
2021-10-08,9,0,9,100.0,1171.5935926493928
2021-10-11,9,0,9,100.0,1160.3930263392365
2021-10-12,9,0,9,100.0,1170.3094780976173
2021-10-13,9,0,9,100.0,1173.2281976728448
2021-10-14,9,0,9,100.0,1172.8187761412296
2021-10-18,9,0,9,100.0,1164.5160598966245
2021-10-19,8,1,9,88.88888888888889,1137.1466088706568
2021-10-20,8,1,9,88.88888888888889,1115.000276371226
2021-10-21,8,1,9,88.88888888888889,1105.0065522364755
2021-10-22,8,1,9,88.88888888888889,1102.8015018928365
2021-10-25,8,1,9,88.88888888888889,1089.8084113375776
2021-10-26,7,2,9,77.77777777777779,1102.0774201704612
2021-10-27,8,1,9,88.88888888888889,1127.9615769218497
2021-10-28,8,1,9,88.88888888888889,1102.2652863229146
2021-10-29,7,2,9,77.77777777777779,1101.862379388605
2021-11-01,7,2,9,77.77777777777779,1110.3691511877714
2021-11-02,7,2,9,77.77777777777779,1105.504462256028
2021-11-03,6,3,9,66.66666666666666,1096.763402500449
2021-11-04,8,1,9,88.88888888888889,1128.2487271180867
2021-11-08,8,1,9,88.88888888888889,1149.4933349829819
2021-11-09,8,1,9,88.88888888888889,1152.5464091192055
2021-11-10,8,1,9,88.88888888888889,1156.9868243752812
2021-11-11,8,1,9,88.88888888888889,1143.1687010485457
2021-11-12,8,1,9,88.88888888888889,1143.2298301358626
2021-11-15,8,1,9,88.88888888888889,1126.4502677622238
2021-11-16,7,2,9,77.77777777777779,1119.9164656228313
2021-11-17,6,3,9,66.66666666666666,1115.1741333015416
2021-11-18,5,4,9,55.55555555555556,1105.2201205214828
2021-11-22,4,5,9,44.44444444444444,1071.7264771182827
2021-11-23,4,5,9,44.44444444444444,1088.6030465453887
2021-11-24,4,5,9,44.44444444444444,1097.1847501756574
2021-11-25,4,5,9,44.44444444444444,1096.2676373372212
2021-11-26,4,5,9,44.44444444444444,1065.758539495338
2021-11-29,4,5,9,44.44444444444444,1030.1202766161668
2021-11-30,4,5,9,44.44444444444444,1032.5357136646812
2021-12-01,4,5,9,44.44444444444444,1053.40931320423
2021-12-02,4,5,9,44.44444444444444,1053.953006269716
2021-12-03,4,5,9,44.44444444444444,1047.5603705045473
2021-12-06,4,5,9,44.44444444444444,1045.5893435882745
2021-12-07,4,5,9,44.44444444444444,1066.5215476535072
2021-12-08,4,5,9,44.44444444444444,1083.1299362061545
2021-12-09,4,5,9,44.44444444444444,1089.6878322078646
2021-12-10,4,5,9,44.44444444444444,1087.6270233395587
2021-12-13,4,5,9,44.44444444444444,1080.2353815139859
2021-12-14,4,5,9,44.44444444444444,1076.521940695338
2021-12-15,4,5,9,44.44444444444444,1073.7617735926156
2021-12-16,4,5,9,44.44444444444444,1060.9713383239682
2021-12-17,3,6,9,33.33333333333333,1038.6990323898613
2021-12-20,2,7,9,22.22222222222222,1002.1636220131948
2021-12-21,2,7,9,22.22222222222222,1006.953139005292
2021-12-22,3,6,9,33.33333333333333,1023.3489674866813
2021-12-23,3,6,9,33.33333333333333,1025.5103030340263
2021-12-24,3,6,9,33.33333333333333,1011.4044030405577
2021-12-27,2,7,9,22.22222222222222,1005.1772702932263
2021-12-28,3,6,9,33.33333333333333,1023.6845968771806
2021-12-29,3,6,9,33.33333333333333,1025.8573056527362
2021-12-30,3,6,9,33.33333333333333,1015.227488115392
2021-12-31,3,6,9,33.33333333333333,1023.466195750742
2022-01-03,3,6,9,33.33333333333333,1029.6744619464346
2022-01-04,3,6,9,33.33333333333333,1043.9854200475258
2022-01-05,4,5,9,44.44444444444444,1081.1222058876335
2022-01-06,3,6,9,33.33333333333333,1065.7468194056773
2022-01-07,4,5,9,44.44444444444444,1063.5760695672295
2022-01-10,3,6,9,33.33333333333333,1069.3291715893133
2022-01-11,4,5,9,44.44444444444444,1089.9904732477714
2022-01-12,4,5,9,44.44444444444444,1090.6376032228377
2022-01-13,5,4,9,55.55555555555556,1093.3028854514396
2022-01-14,5,4,9,55.55555555555556,1100.9953975555095
2022-01-17,6,3,9,66.66666666666666,1133.6868820322768
2022-01-18,5,4,9,55.55555555555556,1114.5083189749757
2022-01-19,5,4,9,55.55555555555556,1110.0739652383868
2022-01-20,6,3,9,66.66666666666666,1117.2540907726982
2022-01-21,5,4,9,55.55555555555556,1096.4772814441558
2022-01-24,3,6,9,33.33333333333333,1046.5522772900233
2022-01-25,3,6,9,33.33333333333333,1050.4584440807862
2022-01-27,3,6,9,33.33333333333333,1045.4057531070398
2022-01-28,3,6,9,33.33333333333333,1046.9248188988947
2022-01-31,4,5,9,44.44444444444444,1065.870566163935
2022-02-01,5,4,9,55.55555555555556,1081.759160019107
2022-02-02,6,3,9,66.66666666666666,1126.8107444198818
2022-02-03,6,3,9,66.66666666666666,1127.1994256799394
2022-02-04,5,4,9,55.55555555555556,1126.566962334512
2022-02-07,4,5,9,44.44444444444444,1112.0985058257313
2022-02-08,5,4,9,55.55555555555556,1109.1098535261701
2022-02-09,6,3,9,66.66666666666666,1137.7504506201763
2022-02-10,6,3,9,66.66666666666666,1116.5485625999074
2022-02-11,3,6,9,33.33333333333333,1094.552909505636
2022-02-14,1,8,9,11.11111111111111,1027.7240225105363
2022-02-15,2,7,9,22.22222222222222,1047.4358502361079
2022-02-16,3,6,9,33.33333333333333,1060.6707789698496
2022-02-17,2,7,9,22.22222222222222,1070.442366604764
2022-02-18,2,7,9,22.22222222222222,1062.5492465796679
2022-02-21,1,8,9,11.11111111111111,1037.3479444514703
2022-02-22,1,8,9,11.11111111111111,998.8910436800704
2022-02-23,1,8,9,11.11111111111111,1024.4887726309598
2022-02-24,0,9,9,0.0,944.7633390976209
2022-02-25,0,9,9,0.0,992.5992792998828
2022-02-28,1,8,9,11.11111111111111,1007.3907776328118
2022-03-02,1,8,9,11.11111111111111,1006.3315242895792
2022-03-03,1,8,9,11.11111111111111,1011.8621736144181
2022-03-04,1,8,9,11.11111111111111,1006.6139883150612
2022-03-07,1,8,9,11.11111111111111,989.663238548255
2022-03-08,1,8,9,11.11111111111111,999.7785405207102
2022-03-09,1,8,9,11.11111111111111,1023.3367787367463
2022-03-10,1,8,9,11.11111111111111,1040.8422748557991
2022-03-11,5,4,9,55.55555555555556,1126.1914476315203
2022-03-14,7,2,9,77.77777777777779,1181.9826935173871
2022-03-15,8,1,9,88.88888888888889,1208.6398308162206
2022-03-16,9,0,9,100.0,1312.7747394951186
2022-03-17,9,0,9,100.0,1285.2717705627078
2022-03-21,9,0,9,100.0,1315.0262377891654
2022-03-22,9,0,9,100.0,1312.8818629146149
2022-03-23,9,0,9,100.0,1287.9898729405268
2022-03-24,9,0,9,100.0,1280.3997206165254
2022-03-25,9,0,9,100.0,1296.8692237091957
2022-03-28,8,1,9,88.88888888888889,1280.3020677547402
2022-03-29,8,1,9,88.88888888888889,1304.2456474046803
2022-03-30,9,0,9,100.0,1293.6955654394087
2022-03-31,8,1,9,88.88888888888889,1301.0901466149758
2022-04-01,9,0,9,100.0,1358.725218157817
2022-04-04,9,0,9,100.0,1386.2860422300516
2022-04-05,9,0,9,100.0,1407.3234411471558
2022-04-06,9,0,9,100.0,1454.113710409431
2022-04-07,9,0,9,100.0,1405.716507323261
2022-04-08,9,0,9,100.0,1406.7447094567751
2022-04-11,9,0,9,100.0,1413.8662187706286
2022-04-12,9,0,9,100.0,1414.0203712968093
2022-04-13,9,0,9,100.0,1475.1939222025512
2022-04-18,9,0,9,100.0,1547.6285994042382
2022-04-19,9,0,9,100.0,1486.019020677332
2022-04-20,9,0,9,100.0,1500.3727125097028
2022-04-21,9,0,9,100.0,1513.1560487644458
2022-04-22,9,0,9,100.0,1485.1886210596695
2022-04-25,9,0,9,100.0,1461.3756080750593
2022-04-26,9,0,9,100.0,1486.917415150974
2022-04-27,9,0,9,100.0,1462.0409404087202
2022-04-28,9,0,9,100.0,1451.8665185886346
2022-04-29,8,1,9,88.88888888888889,1425.3357483788654
2022-05-02,8,1,9,88.88888888888889,1438.4600175925357
2022-05-04,7,2,9,77.77777777777779,1392.0480269581076
2022-05-05,7,2,9,77.77777777777779,1396.1850309904655
2022-05-06,6,3,9,66.66666666666666,1382.1010987790817
2022-05-09,7,2,9,77.77777777777779,1340.862086335997
2022-05-10,6,3,9,66.66666666666666,1298.9435051618732
2022-05-11,6,3,9,66.66666666666666,1277.1616162609344
2022-05-12,6,3,9,66.66666666666666,1243.6397062286856
2022-05-13,6,3,9,66.66666666666666,1255.4737430004172
2022-05-16,6,3,9,66.66666666666666,1318.7435045555344
2022-05-17,6,3,9,66.66666666666666,1358.9518699563816
2022-05-18,7,2,9,77.77777777777779,1400.438690644537
2022-05-19,7,2,9,77.77777777777779,1345.9391115870956
2022-05-20,7,2,9,77.77777777777779,1394.6236592153855
2022-05-23,7,2,9,77.77777777777779,1358.867159380904
2022-05-24,7,2,9,77.77777777777779,1339.0524271729162
2022-05-25,7,2,9,77.77777777777779,1268.663131874432
2022-05-26,6,3,9,66.66666666666666,1288.4032814536965
2022-05-27,6,3,9,66.66666666666666,1287.7760760202405
2022-05-30,6,3,9,66.66666666666666,1304.77242475306
2022-05-31,6,3,9,66.66666666666666,1298.8475662318085
2022-06-01,6,3,9,66.66666666666666,1300.1553169676483
2022-06-02,6,3,9,66.66666666666666,1319.2708450144369
2022-06-03,6,3,9,66.66666666666666,1312.9681129009243
2022-06-06,6,3,9,66.66666666666666,1312.6939290535086
2022-06-07,6,3,9,66.66666666666666,1291.6335003608733
2022-06-08,6,3,9,66.66666666666666,1285.2468046495294
2022-06-09,6,3,9,66.66666666666666,1286.3647631450074
2022-06-10,6,3,9,66.66666666666666,1276.74087235475
2022-06-13,6,3,9,66.66666666666666,1223.2074191352854
2022-06-14,6,3,9,66.66666666666666,1212.2889814261168
2022-06-15,6,3,9,66.66666666666666,1221.4016653122721
2022-06-16,4,5,9,44.44444444444444,1173.8732292959965
2022-06-17,4,5,9,44.44444444444444,1166.6676710743523
2022-06-20,4,5,9,44.44444444444444,1100.0605805887028
2022-06-21,5,4,9,55.55555555555556,1156.2801113933328
2022-06-22,5,4,9,55.55555555555556,1133.7148074426775
2022-06-23,5,4,9,55.55555555555556,1163.9004751673044
2022-06-24,5,4,9,55.55555555555556,1180.9662019130344
2022-06-27,5,4,9,55.55555555555556,1214.0711330296472
2022-06-28,6,3,9,66.66666666666666,1253.989645926675
2022-06-29,6,3,9,66.66666666666666,1261.5118190296369
2022-06-30,6,3,9,66.66666666666666,1247.3263567967342
2022-07-01,6,3,9,66.66666666666666,1286.089456132828
2022-07-04,6,3,9,66.66666666666666,1306.5242597186334
2022-07-05,6,3,9,66.66666666666666,1296.9039195887515
2022-07-06,6,3,9,66.66666666666666,1294.6749465296393
2022-07-07,6,3,9,66.66666666666666,1297.6712503223248
2022-07-08,6,3,9,66.66666666666666,1299.1020859127
2022-07-11,6,3,9,66.66666666666666,1308.3769923692419
2022-07-12,6,3,9,66.66666666666666,1291.8187461709836
2022-07-13,6,3,9,66.66666666666666,1319.0565442504696
2022-07-14,6,3,9,66.66666666666666,1306.6123458701059
2022-07-15,6,3,9,66.66666666666666,1301.265656593459
2022-07-18,7,2,9,77.77777777777779,1355.3373073049358
2022-07-19,6,3,9,66.66666666666666,1372.5407750034367
2022-07-20,7,2,9,77.77777777777779,1368.2267131808303
2022-07-21,7,2,9,77.77777777777779,1376.9828447761902
2022-07-22,7,2,9,77.77777777777779,1392.8267573846535
2022-07-25,7,2,9,77.77777777777779,1393.0204331303396
2022-07-26,6,3,9,66.66666666666666,1385.6974603741944
2022-07-27,7,2,9,77.77777777777779,1430.3780157038263
2022-07-28,8,1,9,88.88888888888889,1442.2300410400708
2022-07-29,8,1,9,88.88888888888889,1460.0779938569171
2022-08-01,8,1,9,88.88888888888889,1552.8383841024422
2022-08-02,8,1,9,88.88888888888889,1579.710687320611
2022-08-03,8,1,9,88.88888888888889,1561.1474542040517
2022-08-04,9,0,9,100.0,1601.9743153231475
2022-08-05,9,0,9,100.0,1599.427564133034
2022-08-08,9,0,9,100.0,1654.7929179197226
2022-08-10,9,0,9,100.0,1695.30982942511
2022-08-11,8,1,9,88.88888888888889,1685.779021858539
2022-08-12,8,1,9,88.88888888888889,1651.195501235826
2022-08-16,8,1,9,88.88888888888889,1691.791968720328
2022-08-17,8,1,9,88.88888888888889,1676.1758761126562
2022-08-18,8,1,9,88.88888888888889,1676.1179206910417
2022-08-19,8,1,9,88.88888888888889,1670.4269968395706
2022-08-22,8,1,9,88.88888888888889,1689.199323401778
2022-08-23,8,1,9,88.88888888888889,1721.6493290552403
2022-08-24,9,0,9,100.0,1814.8913175481066
2022-08-25,9,0,9,100.0,1775.4987763761324
2022-08-26,9,0,9,100.0,1795.003964675908
2022-08-29,9,0,9,100.0,1850.4732735718387
2022-08-30,9,0,9,100.0,1849.0920523205339
2022-09-01,9,0,9,100.0,1864.5581612152498
2022-09-02,9,0,9,100.0,1872.0874169662548
2022-09-05,9,0,9,100.0,1893.5026452347183
2022-09-06,9,0,9,100.0,1865.822750613852
2022-09-07,9,0,9,100.0,1875.217751219343
2022-09-08,9,0,9,100.0,1887.8457737233064
2022-09-09,9,0,9,100.0,1868.9456889779865
2022-09-12,9,0,9,100.0,1866.1828865109221
2022-09-13,9,0,9,100.0,1904.9173184711367
2022-09-14,9,0,9,100.0,1911.5496375681555
2022-09-15,9,0,9,100.0,1896.344894243866
2022-09-16,9,0,9,100.0,1830.636176853356
2022-09-19,9,0,9,100.0,1816.0778500914237
2022-09-20,9,0,9,100.0,1832.5234512802188
2022-09-21,9,0,9,100.0,1790.5263704640013
2022-09-22,9,0,9,100.0,1787.2783829361372
2022-09-23,9,0,9,100.0,1780.5898918210896
2022-09-26,8,1,9,88.88888888888889,1675.926091146967
2022-09-27,8,1,9,88.88888888888889,1682.9954491769993
2022-09-28,9,0,9,100.0,1692.1320311655816
2022-09-29,9,0,9,100.0,1701.2695687805956
2022-09-30,9,0,9,100.0,1732.3296107692468
2022-10-03,9,0,9,100.0,1709.8049538327105
2022-10-04,9,0,9,100.0,1740.0546706283737
2022-10-06,9,0,9,100.0,1787.240763528411
2022-10-07,9,0,9,100.0,1834.9183610384885
2022-10-10,9,0,9,100.0,1855.2072259869067
2022-10-11,9,0,9,100.0,1816.2606112579979
2022-10-12,9,0,9,100.0,1817.9099761685527
2022-10-13,9,0,9,100.0,1842.742864766808
2022-10-14,9,0,9,100.0,1857.4832052691236
2022-10-17,9,0,9,100.0,1878.1400607394346
2022-10-18,9,0,9,100.0,1885.2470325984314
2022-10-19,9,0,9,100.0,1897.1680476949184
2022-10-20,9,0,9,100.0,1928.6254934975698
2022-10-21,9,0,9,100.0,1909.373076353432
2022-10-24,9,0,9,100.0,1938.285356982626
2022-10-25,9,0,9,100.0,1988.3238123413673
2022-10-27,9,0,9,100.0,2055.615473789936
2022-10-28,9,0,9,100.0,2035.4683814489047
2022-10-31,9,0,9,100.0,2053.4310771021596
2022-11-01,9,0,9,100.0,2048.7956439426252
2022-11-02,9,0,9,100.0,1992.602170494855
2022-11-03,9,0,9,100.0,1998.1628015047868
2022-11-04,9,0,9,100.0,1999.9326738504958
2022-11-07,9,0,9,100.0,2008.2873912083364
2022-11-09,9,0,9,100.0,2021.294334770063
2022-11-10,9,0,9,100.0,2006.739202691304
2022-11-11,9,0,9,100.0,1989.9777806683692
2022-11-14,9,0,9,100.0,1974.0069637329664
2022-11-15,8,1,9,88.88888888888889,1970.735268989218
2022-11-16,8,1,9,88.88888888888889,1968.8617005109966
2022-11-17,8,1,9,88.88888888888889,1919.8168972884068
2022-11-18,8,1,9,88.88888888888889,1925.9169936977087
2022-11-21,8,1,9,88.88888888888889,1902.4061936560674
2022-11-22,8,1,9,88.88888888888889,1911.9477634117284
2022-11-23,8,1,9,88.88888888888889,1961.7330972774032
2022-11-24,8,1,9,88.88888888888889,1948.38803360752
2022-11-25,8,1,9,88.88888888888889,1942.4253712800958
2022-11-28,8,1,9,88.88888888888889,1901.7813557072493
2022-11-29,8,1,9,88.88888888888889,1885.5363233941412
2022-11-30,8,1,9,88.88888888888889,1904.2548135399893
2022-12-01,8,1,9,88.88888888888889,1901.5863633365598
2022-12-02,8,1,9,88.88888888888889,1887.009457605273
2022-12-05,8,1,9,88.88888888888889,1903.0957217192447
2022-12-06,8,1,9,88.88888888888889,1898.3376246625546
2022-12-07,8,1,9,88.88888888888889,1877.9993347259
2022-12-08,8,1,9,88.88888888888889,1889.650687561968
2022-12-09,8,1,9,88.88888888888889,1863.269925729126
2022-12-12,8,1,9,88.88888888888889,1904.9001500781244
2022-12-13,8,1,9,88.88888888888889,1898.2408931620412
2022-12-14,8,1,9,88.88888888888889,1893.708167134221
2022-12-15,8,1,9,88.88888888888889,1871.1664859298096
2022-12-16,8,1,9,88.88888888888889,1862.359158456296
2022-12-19,8,1,9,88.88888888888889,1924.6092370378235
2022-12-20,8,1,9,88.88888888888889,1965.6073830624848
2022-12-21,8,1,9,88.88888888888889,1866.4410772577369
2022-12-22,8,1,9,88.88888888888889,1807.473518999551
2022-12-23,6,3,9,66.66666666666666,1673.115006930085
2022-12-26,8,1,9,88.88888888888889,1764.9970680484028
2022-12-27,8,1,9,88.88888888888889,1807.8640627811296
2022-12-28,8,1,9,88.88888888888889,1846.3292055210552
2022-12-29,8,1,9,88.88888888888889,1851.0203738953412
2022-12-30,8,1,9,88.88888888888889,1848.094350275187
2023-01-02,8,1,9,88.88888888888889,1884.009564619219
2023-01-03,8,1,9,88.88888888888889,1869.7023953276946
2023-01-04,8,1,9,88.88888888888889,1849.0579437100503
2023-01-05,8,1,9,88.88888888888889,1878.37372887619
2023-01-06,8,1,9,88.88888888888889,1869.9352778834761
2023-01-09,8,1,9,88.88888888888889,1872.417103680569
2023-01-10,8,1,9,88.88888888888889,1850.9719625232428
2023-01-11,8,1,9,88.88888888888889,1855.4717218238573
2023-01-12,8,1,9,88.88888888888889,1855.0325518384468
2023-01-13,8,1,9,88.88888888888889,1874.1335341622719
2023-01-16,8,1,9,88.88888888888889,1853.7641254564107
2023-01-17,8,1,9,88.88888888888889,1839.9138874169487
2023-01-18,7,2,9,77.77777777777779,1850.4073998202323
2023-01-19,8,1,9,88.88888888888889,1852.158364093751
2023-01-20,8,1,9,88.88888888888889,1897.2590485224468
2023-01-23,7,2,9,77.77777777777779,1870.924968084776
2023-01-24,7,2,9,77.77777777777779,1842.8917247304107
2023-01-25,7,2,9,77.77777777777779,1814.910689508903
2023-01-27,7,2,9,77.77777777777779,1768.0214730295777
2023-01-30,7,2,9,77.77777777777779,1832.3600280256787
2023-01-31,7,2,9,77.77777777777779,1883.182246529686
2023-02-01,7,2,9,77.77777777777779,1823.607977441438
2023-02-02,7,2,9,77.77777777777779,1832.032733015689
2023-02-03,7,2,9,77.77777777777779,1814.0943915232392
2023-02-06,7,2,9,77.77777777777779,1831.1723439141215
2023-02-07,7,2,9,77.77777777777779,1824.0358565061676
2023-02-08,7,2,9,77.77777777777779,1814.9264341189046
2023-02-09,7,2,9,77.77777777777779,1840.6319105303824
2023-02-10,7,2,9,77.77777777777779,1827.773407063025
2023-02-13,7,2,9,77.77777777777779,1773.4502517692786
2023-02-14,7,2,9,77.77777777777779,1734.4245726489007
2023-02-15,7,2,9,77.77777777777779,1750.0221506287771
2023-02-16,6,3,9,66.66666666666666,1744.0219677390044
2023-02-17,6,3,9,66.66666666666666,1741.8382464395413
2023-02-20,6,3,9,66.66666666666666,1739.6913101924774
2023-02-21,6,3,9,66.66666666666666,1728.6476862107606
2023-02-22,5,4,9,55.55555555555556,1705.4739058670275
2023-02-23,5,4,9,55.55555555555556,1685.9978770879557
2023-02-24,4,5,9,44.44444444444444,1684.50115426444
2023-02-27,4,5,9,44.44444444444444,1650.4039825780542
2023-02-28,4,5,9,44.44444444444444,1648.8682502019194
2023-03-01,4,5,9,44.44444444444444,1674.2407353688507
2023-03-02,4,5,9,44.44444444444444,1671.041962980064
2023-03-03,5,4,9,55.55555555555556,1710.6513393075268
2023-03-06,6,3,9,66.66666666666666,1714.7441726045004
2023-03-08,6,3,9,66.66666666666666,1726.222462094414
2023-03-09,6,3,9,66.66666666666666,1743.0662303818535
2023-03-10,6,3,9,66.66666666666666,1725.2878220847529
2023-03-13,4,5,9,44.44444444444444,1673.4935410866483
2023-03-14,3,6,9,33.33333333333333,1643.3269798459257
2023-03-15,3,6,9,33.33333333333333,1646.077757362721
2023-03-16,2,7,9,22.22222222222222,1609.2587023813223
2023-03-17,4,5,9,44.44444444444444,1649.0569962256238
2023-03-20,4,5,9,44.44444444444444,1631.3399745878628
2023-03-21,4,5,9,44.44444444444444,1660.5373321419102
2023-03-22,5,4,9,55.55555555555556,1681.9608568306269
2023-03-23,5,4,9,55.55555555555556,1665.8244598335293
2023-03-24,4,5,9,44.44444444444444,1637.0527505455086
2023-03-27,2,7,9,22.22222222222222,1602.1321393761486
2023-03-28,2,7,9,22.22222222222222,1561.1030474035467
2023-03-29,2,7,9,22.22222222222222,1637.4052981534203
2023-03-31,4,5,9,44.44444444444444,1651.4302949763521
2023-04-03,6,3,9,66.66666666666666,1713.05555011284
2023-04-05,6,3,9,66.66666666666666,1724.7298767229604
2023-04-06,5,4,9,55.55555555555556,1729.668783296227
2023-04-10,4,5,9,44.44444444444444,1718.326971993987
2023-04-11,5,4,9,55.55555555555556,1740.7763546543354
2023-04-12,4,5,9,44.44444444444444,1768.2657202406263
2023-04-13,6,3,9,66.66666666666666,1800.8140415524022
2023-04-17,6,3,9,66.66666666666666,1812.5008151437598
2023-04-18,5,4,9,55.55555555555556,1807.5049120882106
2023-04-19,5,4,9,55.55555555555556,1803.791390929924
2023-04-20,5,4,9,55.55555555555556,1794.4434684257199
2023-04-21,5,4,9,55.55555555555556,1783.8257983172773
2023-04-24,6,3,9,66.66666666666666,1796.2235934482894
2023-04-25,6,3,9,66.66666666666666,1824.9565474158217
2023-04-26,6,3,9,66.66666666666666,1812.629632786207
2023-04-27,6,3,9,66.66666666666666,1827.044767072045
2023-04-28,6,3,9,66.66666666666666,1841.8558264262883
2023-05-02,6,3,9,66.66666666666666,1869.1259825599034
2023-05-03,6,3,9,66.66666666666666,1868.743566412922
2023-05-04,6,3,9,66.66666666666666,1876.2546405109522
2023-05-05,6,3,9,66.66666666666666,1860.6549025542186
2023-05-08,6,3,9,66.66666666666666,1880.76258864293
2023-05-09,6,3,9,66.66666666666666,1900.6988204426232
2023-05-10,6,3,9,66.66666666666666,1899.834803399288
2023-05-11,6,3,9,66.66666666666666,1908.200366892514
2023-05-12,6,3,9,66.66666666666666,1903.0823145874158
2023-05-15,6,3,9,66.66666666666666,1920.3466712648346
2023-05-16,6,3,9,66.66666666666666,1918.3295463039667
2023-05-17,6,3,9,66.66666666666666,1903.1401598514194
2023-05-18,6,3,9,66.66666666666666,1909.4934779789482
2023-05-19,5,4,9,55.55555555555556,1889.5435758065573
2023-05-22,5,4,9,55.55555555555556,1882.3377296569454
2023-05-23,5,4,9,55.55555555555556,1852.109744998091
2023-05-24,4,5,9,44.44444444444444,1835.5149011496692
2023-05-25,2,7,9,22.22222222222222,1792.5649219057516
2023-05-26,2,7,9,22.22222222222222,1800.0810004684342
2023-05-29,4,5,9,44.44444444444444,1811.3947789643355
2023-05-30,4,5,9,44.44444444444444,1822.1937014393593
2023-05-31,4,5,9,44.44444444444444,1802.4197569088699
2023-06-01,4,5,9,44.44444444444444,1800.9647370946575
2023-06-02,4,5,9,44.44444444444444,1794.4474903326868
2023-06-05,4,5,9,44.44444444444444,1792.0773762136473
2023-06-06,4,5,9,44.44444444444444,1792.9667726087143
2023-06-07,4,5,9,44.44444444444444,1797.1369420337915
2023-06-08,2,7,9,22.22222222222222,1777.729782918809
2023-06-09,2,7,9,22.22222222222222,1766.6386612462388
2023-06-12,2,7,9,22.22222222222222,1770.3207620606931
2023-06-13,3,6,9,33.33333333333333,1789.6730096938647
2023-06-14,3,6,9,33.33333333333333,1793.246145181062
2023-06-15,3,6,9,33.33333333333333,1796.6268591655132
2023-06-16,3,6,9,33.33333333333333,1814.6749456435482
2023-06-19,3,6,9,33.33333333333333,1808.3047452462065
2023-06-20,3,6,9,33.33333333333333,1819.174023798074
2023-06-21,3,6,9,33.33333333333333,1805.265862385525
2023-06-22,3,6,9,33.33333333333333,1791.1315407861825
2023-06-23,3,6,9,33.33333333333333,1765.4573030857068
2023-06-26,3,6,9,33.33333333333333,1768.4540555878434
2023-06-27,3,6,9,33.33333333333333,1784.1587967145615
2023-06-28,3,6,9,33.33333333333333,1797.1321816707955
2023-06-30,3,6,9,33.33333333333333,1803.0295026716594
2023-07-03,3,6,9,33.33333333333333,1800.4338466997447
2023-07-04,3,6,9,33.33333333333333,1795.555905538133
2023-07-05,3,6,9,33.33333333333333,1792.9619884756014
2023-07-06,3,6,9,33.33333333333333,1817.0331092361132
2023-07-07,3,6,9,33.33333333333333,1809.0935800919237
2023-07-10,3,6,9,33.33333333333333,1797.4912548307425
2023-07-11,3,6,9,33.33333333333333,1808.132702923913
2023-07-12,3,6,9,33.33333333333333,1800.2364762825682
2023-07-13,3,6,9,33.33333333333333,1785.7479850529521
2023-07-14,3,6,9,33.33333333333333,1781.3648160026617
2023-07-17,3,6,9,33.33333333333333,1816.2170741202224
2023-07-18,3,6,9,33.33333333333333,1811.52181106008
2023-07-19,3,6,9,33.33333333333333,1815.950800499815
2023-07-20,3,6,9,33.33333333333333,1813.4132328948087
2023-07-21,3,6,9,33.33333333333333,1809.8800064208351
2023-07-24,3,6,9,33.33333333333333,1767.6889093560796
2023-07-25,3,6,9,33.33333333333333,1798.3528635380637
2023-07-26,3,6,9,33.33333333333333,1802.816902915234
2023-07-27,2,7,9,22.22222222222222,1800.9500945678062
2023-07-28,3,6,9,33.33333333333333,1802.1028031198387
2023-07-31,3,6,9,33.33333333333333,1822.8586718822573
2023-08-01,2,7,9,22.22222222222222,1842.1243961614373
2023-08-02,2,7,9,22.22222222222222,1817.284748182366
2023-08-03,2,7,9,22.22222222222222,1814.0214291538946
2023-08-04,2,7,9,22.22222222222222,1807.738507220775
2023-08-07,2,7,9,22.22222222222222,1835.6255705209787
2023-08-08,2,7,9,22.22222222222222,1860.357761357381
2023-08-09,2,7,9,22.22222222222222,1866.9200159747309
2023-08-10,2,7,9,22.22222222222222,1861.1874231785528
2023-08-11,2,7,9,22.22222222222222,1863.6708412130315
2023-08-14,3,6,9,33.33333333333333,1868.1463776374894
2023-08-16,7,2,9,77.77777777777779,1977.8749358272767
2023-08-17,7,2,9,77.77777777777779,2037.1660220716574
2023-08-18,8,1,9,88.88888888888889,2011.1388305529417
2023-08-21,7,2,9,77.77777777777779,2022.4592991954048
2023-08-22,7,2,9,77.77777777777779,2029.6719352094449
2023-08-23,7,2,9,77.77777777777779,2096.981249659213
2023-08-24,9,0,9,100.0,2151.4939521239608
2023-08-25,9,0,9,100.0,2140.276005063482
2023-08-28,8,1,9,88.88888888888889,2122.542148192842
2023-08-29,7,2,9,77.77777777777779,2091.931415690071
2023-08-30,8,1,9,88.88888888888889,2086.2055173398176
2023-08-31,8,1,9,88.88888888888889,2063.724506444706
2023-09-01,9,0,9,100.0,2102.196855077377
2023-09-04,9,0,9,100.0,2158.187564079805
2023-09-05,9,0,9,100.0,2148.724589483264
2023-09-06,9,0,9,100.0,2367.039908840848
2023-09-07,9,0,9,100.0,2365.5314080073085
2023-09-08,9,0,9,100.0,2340.1219873350537
2023-09-11,9,0,9,100.0,2373.498785660187
2023-09-12,9,0,9,100.0,2240.7110922488146
2023-09-13,9,0,9,100.0,2319.6624708019026
2023-09-14,9,0,9,100.0,2351.11339990092
2023-09-15,9,0,9,100.0,2335.8669311421286
2023-09-18,9,0,9,100.0,2313.640322068434
2023-09-20,9,0,9,100.0,2303.863242490665
2023-09-21,9,0,9,100.0,2262.118484816496
2023-09-22,9,0,9,100.0,2269.4285583181136
2023-09-25,9,0,9,100.0,2288.019259205689
2023-09-26,9,0,9,100.0,2293.3456912494785
2023-09-27,9,0,9,100.0,2311.32135245021
2023-09-28,9,0,9,100.0,2292.090795977473
2023-09-29,9,0,9,100.0,2304.1100296981854
2023-10-03,9,0,9,100.0,2289.4671265996512
2023-10-04,9,0,9,100.0,2272.631105338377
2023-10-05,9,0,9,100.0,2277.416310781218
2023-10-06,9,0,9,100.0,2275.020691211986
2023-10-09,9,0,9,100.0,2219.541757618619
2023-10-10,9,0,9,100.0,2271.7903254896823
2023-10-11,9,0,9,100.0,2379.752450013043
2023-10-12,9,0,9,100.0,2402.3731826679123
2023-10-13,9,0,9,100.0,2375.5092863144414
2023-10-16,9,0,9,100.0,2373.7622881383754
2023-10-17,9,0,9,100.0,2399.9860906520935
2023-10-18,9,0,9,100.0,2376.0535736983315
2023-10-19,9,0,9,100.0,2360.7108675453296
2023-10-20,9,0,9,100.0,2350.7321059718483
2023-10-23,9,0,9,100.0,2203.1607385367406
2023-10-25,9,0,9,100.0,2166.5660876058696
2023-10-26,9,0,9,100.0,2208.0849813408663
2023-10-27,9,0,9,100.0,2240.3281753526517
2023-10-30,9,0,9,100.0,2228.2969495089974
2023-10-31,9,0,9,100.0,2218.567347766248
2023-11-01,9,0,9,100.0,2179.1357799400866
2023-11-02,9,0,9,100.0,2214.5684599988076
2023-11-03,9,0,9,100.0,2227.1350151137117
2023-11-06,9,0,9,100.0,2224.7952310969786
2023-11-07,9,0,9,100.0,2233.6436580184627
2023-11-08,8,1,9,88.88888888888889,2205.173955804531
2023-11-09,8,1,9,88.88888888888889,2182.9215532084418
2023-11-10,9,0,9,100.0,2192.2417595765987
2023-11-12,9,0,9,100.0,2200.642120807586
2023-11-13,8,1,9,88.88888888888889,2183.641683048927
2023-11-15,9,0,9,100.0,2200.963187748933
2023-11-16,8,1,9,88.88888888888889,2202.4972892639935
2023-11-17,8,1,9,88.88888888888889,2177.068454733568
2023-11-20,8,1,9,88.88888888888889,2174.909451054995
2023-11-21,8,1,9,88.88888888888889,2196.647422728463
2023-11-22,8,1,9,88.88888888888889,2175.4499113662755
2023-11-23,8,1,9,88.88888888888889,2162.524834516974
2023-11-24,7,2,9,77.77777777777779,2150.718148369639
2023-11-28,8,1,9,88.88888888888889,2147.556303729991
2023-11-29,8,1,9,88.88888888888889,2142.364629273961
2023-11-30,8,1,9,88.88888888888889,2139.7361492094133
2023-12-01,8,1,9,88.88888888888889,2159.8566047826585
2023-12-04,8,1,9,88.88888888888889,2152.831946633685
2023-12-05,8,1,9,88.88888888888889,2208.754081486787
2023-12-06,8,1,9,88.88888888888889,2248.43039345475
2023-12-07,8,1,9,88.88888888888889,2253.2329737518703
2023-12-08,8,1,9,88.88888888888889,2236.561805960826
2023-12-11,8,1,9,88.88888888888889,2283.322182575084
2023-12-12,8,1,9,88.88888888888889,2253.1258343399304
2023-12-13,8,1,9,88.88888888888889,2264.765824518781
2023-12-14,8,1,9,88.88888888888889,2257.2461284524197
2023-12-15,8,1,9,88.88888888888889,2262.559431698196
2023-12-18,9,0,9,100.0,2275.7391374113113
2023-12-19,9,0,9,100.0,2271.5218264675045
2023-12-20,8,1,9,88.88888888888889,2224.970596630542
2023-12-21,8,1,9,88.88888888888889,2254.1270105988456
2023-12-22,8,1,9,88.88888888888889,2257.4483047185277
2023-12-26,7,2,9,77.77777777777779,2285.2128493732985
2023-12-27,8,1,9,88.88888888888889,2292.9730739380757
2023-12-28,7,2,9,77.77777777777779,2283.1418252776284
2023-12-29,7,2,9,77.77777777777779,2272.0318085525514
2024-01-01,7,2,9,77.77777777777779,2278.7512854424294
2024-01-02,7,2,9,77.77777777777779,2253.2986954328794
2024-01-03,7,2,9,77.77777777777779,2254.886762560718
2024-01-04,7,2,9,77.77777777777779,2266.684978087896
2024-01-05,7,2,9,77.77777777777779,2277.3815980990857
2024-01-08,7,2,9,77.77777777777779,2252.3713452810325
2024-01-09,7,2,9,77.77777777777779,2264.817519496619
2024-01-10,7,2,9,77.77777777777779,2254.0275270724183
2024-01-11,8,1,9,88.88888888888889,2268.2120609716376
2024-01-12,8,1,9,88.88888888888889,2261.114460356861
2024-01-15,8,1,9,88.88888888888889,2362.5497608570804
2024-01-16,8,1,9,88.88888888888889,2365.6035570342315
2024-01-17,8,1,9,88.88888888888889,2319.5677750151654
2024-01-18,7,2,9,77.77777777777779,2307.8492745823137
2024-01-19,9,0,9,100.0,2441.5282258337684
2024-01-20,9,0,9,100.0,2432.901511096173
2024-01-23,7,2,9,77.77777777777779,2295.9988085726027
2024-01-24,7,2,9,77.77777777777779,2322.1396902196734
2024-01-25,8,1,9,88.88888888888889,2386.408726768412
2024-01-29,9,0,9,100.0,2428.007361107739
2024-01-30,9,0,9,100.0,2474.1649238194727
2024-01-31,9,0,9,100.0,2493.2762641092013
2024-02-01,9,0,9,100.0,2446.4551343677686
2024-02-02,8,1,9,88.88888888888889,2388.4275676069847
2024-02-05,7,2,9,77.77777777777779,2305.0311649920286
2024-02-06,8,1,9,88.88888888888889,2380.6780696534615
2024-02-07,8,1,9,88.88888888888889,2365.967634602825
2024-02-08,8,1,9,88.88888888888889,2307.1326380710334
2024-02-09,8,1,9,88.88888888888889,2270.9812308650066
2024-02-12,8,1,9,88.88888888888889,2192.984371455837
2024-02-13,7,2,9,77.77777777777779,2196.0496921396534
2024-02-14,7,2,9,77.77777777777779,2197.038134320224
2024-02-15,8,1,9,88.88888888888889,2245.8063587975626
2024-02-16,8,1,9,88.88888888888889,2258.4242991309884
2024-02-19,8,1,9,88.88888888888889,2265.0316196223075
2024-02-20,8,1,9,88.88888888888889,2291.95648282605
2024-02-21,8,1,9,88.88888888888889,2252.06716477758
2024-02-22,8,1,9,88.88888888888889,2258.0681571730915
2024-02-23,8,1,9,88.88888888888889,2275.3300601007636
2024-02-26,8,1,9,88.88888888888889,2272.8394858131783
2024-02-27,9,0,9,100.0,2267.434431081681
2024-02-28,8,1,9,88.88888888888889,2221.822077016024
2024-02-29,7,2,9,77.77777777777779,2217.4658195280804
2024-03-01,8,1,9,88.88888888888889,2246.6248223438656
2024-03-02,9,0,9,100.0,2277.2022534339103
2024-03-04,9,0,9,100.0,2254.436707705511
2024-03-05,9,0,9,100.0,2280.9309997188357
2024-03-06,7,2,9,77.77777777777779,2226.8633551154876
2024-03-07,8,1,9,88.88888888888889,2226.8990966511465
2024-03-11,4,5,9,44.44444444444444,2174.541987411766
2024-03-12,4,5,9,44.44444444444444,2132.5611458594894
2024-03-13,1,8,9,11.11111111111111,2003.1312259636923
2024-03-14,2,7,9,22.22222222222222,2069.8375152286344
2024-03-15,2,7,9,22.22222222222222,2066.1348488158774
2024-03-18,1,8,9,11.11111111111111,2056.7278374085267
2024-03-19,1,8,9,11.11111111111111,2029.720942333661
2024-03-20,1,8,9,11.11111111111111,2013.4804744445305
2024-03-21,1,8,9,11.11111111111111,2044.866482371168
2024-03-22,1,8,9,11.11111111111111,2049.07824735958
2024-03-26,1,8,9,11.11111111111111,2006.0474527537294
2024-03-27,1,8,9,11.11111111111111,1982.5301350440586
2024-03-28,1,8,9,11.11111111111111,1994.5578411417355
2024-04-01,1,8,9,11.11111111111111,2072.5868514575563
2024-04-02,2,7,9,22.22222222222222,2121.0006468986735
2024-04-03,2,7,9,22.22222222222222,2146.7719057683557
2024-04-04,2,7,9,22.22222222222222,2149.898097248702
2024-04-05,2,7,9,22.22222222222222,2157.578553493153
2024-04-08,3,6,9,33.33333333333333,2175.208336472511
2024-04-09,2,7,9,22.22222222222222,2152.2895735651423
2024-04-10,2,7,9,22.22222222222222,2158.442377117568
2024-04-12,2,7,9,22.22222222222222,2123.4403264318385
2024-04-15,2,7,9,22.22222222222222,2075.519896127744
2024-04-16,2,7,9,22.22222222222222,2075.0065034499444
2024-04-18,1,8,9,11.11111111111111,2069.701548912673
2024-04-19,1,8,9,11.11111111111111,2060.1786888391734
2024-04-22,1,8,9,11.11111111111111,2082.8178415212046
2024-04-23,3,6,9,33.33333333333333,2122.8007107572507
2024-04-24,3,6,9,33.33333333333333,2163.1103446225084
2024-04-25,4,5,9,44.44444444444444,2173.633954389035
2024-04-26,5,4,9,55.55555555555556,2224.0108452249137
2024-04-29,6,3,9,66.66666666666666,2243.7107264344468
2024-04-30,7,2,9,77.77777777777779,2256.773278162978
2024-05-02,6,3,9,66.66666666666666,2300.071630304744
2024-05-03,5,4,9,55.55555555555556,2272.360623270546
2024-05-06,5,4,9,55.55555555555556,2229.5887489619927
2024-05-07,3,6,9,33.33333333333333,2200.6408994055596
2024-05-08,3,6,9,33.33333333333333,2210.0202721253204
2024-05-09,3,6,9,33.33333333333333,2134.5656613436213
2024-05-10,3,6,9,33.33333333333333,2151.8858227165747
2024-05-13,3,6,9,33.33333333333333,2140.582839514014
2024-05-14,3,6,9,33.33333333333333,2173.0364218333266
2024-05-15,3,6,9,33.33333333333333,2160.1646101935144
2024-05-16,3,6,9,33.33333333333333,2141.350309163323
2024-05-17,4,5,9,44.44444444444444,2189.8290109644586
2024-05-18,4,5,9,44.44444444444444,2201.235869187518
2024-05-21,2,7,9,22.22222222222222,2184.887703393271
2024-05-22,3,6,9,33.33333333333333,2183.5667030797617
2024-05-23,4,5,9,44.44444444444444,2198.319150994407
2024-05-24,3,6,9,33.33333333333333,2179.254174094971
2024-05-27,3,6,9,33.33333333333333,2156.6256010493344
2024-05-28,2,7,9,22.22222222222222,2132.759586226907
2024-05-29,2,7,9,22.22222222222222,2122.931123667915
2024-05-30,1,8,9,11.11111111111111,2090.489273575084
2024-05-31,1,8,9,11.11111111111111,2090.6311511225094
2024-06-03,1,8,9,11.11111111111111,2091.752698863304
2024-06-04,0,9,9,0.0,1962.705428861609
2024-06-05,1,8,9,11.11111111111111,2016.5839672062293
2024-06-06,1,8,9,11.11111111111111,2073.824062918146
2024-06-07,1,8,9,11.11111111111111,2123.0609144197992
2024-06-10,2,7,9,22.22222222222222,2170.7152963742137
2024-06-11,3,6,9,33.33333333333333,2200.5278882168013
2024-06-12,1,8,9,11.11111111111111,2201.2416026544643
2024-06-13,4,5,9,44.44444444444444,2246.4367186676864
2024-06-14,7,2,9,77.77777777777779,2354.0174392577924
2024-06-18,7,2,9,77.77777777777779,2395.9094019672903
2024-06-19,6,3,9,66.66666666666666,2343.4265266497187
2024-06-20,7,2,9,77.77777777777779,2396.2394021748514
2024-06-21,7,2,9,77.77777777777779,2387.4309472859923
2024-06-24,7,2,9,77.77777777777779,2418.5817804734443
2024-06-25,7,2,9,77.77777777777779,2397.3621819109685
2024-06-26,7,2,9,77.77777777777779,2418.2254041394585
2024-06-27,6,3,9,66.66666666666666,2393.6868508250677
2024-06-28,4,5,9,44.44444444444444,2369.8159154368063
2024-07-01,6,3,9,66.66666666666666,2378.2064614960204
2024-07-02,9,0,9,100.0,2595.123762696332
2024-07-03,9,0,9,100.0,2578.4453641360833
2024-07-04,9,0,9,100.0,2561.941977195971
2024-07-05,9,0,9,100.0,2565.703926402441
2024-07-08,9,0,9,100.0,2557.370013801586
2024-07-09,9,0,9,100.0,2540.688677555635
2024-07-10,8,1,9,88.88888888888889,2490.7422477712644
2024-07-11,8,1,9,88.88888888888889,2510.432813399649
2024-07-12,8,1,9,88.88888888888889,2516.884473634072
2024-07-15,7,2,9,77.77777777777779,2485.9694206490076
2024-07-16,8,1,9,88.88888888888889,2523.9645725207192
2024-07-18,6,3,9,66.66666666666666,2487.7128950819265
2024-07-19,6,3,9,66.66666666666666,2424.1041315791585
2024-07-22,6,3,9,66.66666666666666,2420.1552022496207
2024-07-23,6,3,9,66.66666666666666,2383.3220548268005
2024-07-24,6,3,9,66.66666666666666,2418.8262307637233
2024-07-25,6,3,9,66.66666666666666,2356.2117838959225
2024-07-26,6,3,9,66.66666666666666,2372.3906520953224
2024-07-29,6,3,9,66.66666666666666,2379.9633189306187
2024-07-30,6,3,9,66.66666666666666,2402.1347800912517
2024-07-31,6,3,9,66.66666666666666,2388.888291195057
2024-08-01,6,3,9,66.66666666666666,2371.8677699090563
2024-08-02,6,3,9,66.66666666666666,2358.4645401010876
2024-08-05,5,4,9,55.55555555555556,2266.6120633021865
2024-08-06,4,5,9,44.44444444444444,2244.347394604596
2024-08-07,5,4,9,55.55555555555556,2274.7350916769474
2024-08-08,5,4,9,55.55555555555556,2258.73667809708
2024-08-09,5,4,9,55.55555555555556,2268.4666841466797
2024-08-12,5,4,9,55.55555555555556,2259.0889174679455
2024-08-13,2,7,9,22.22222222222222,2212.234012103898
2024-08-14,2,7,9,22.22222222222222,2200.145081214304
2024-08-16,3,6,9,33.33333333333333,2213.0963540186153
2024-08-19,3,6,9,33.33333333333333,2245.78185841561
2024-08-20,4,5,9,44.44444444444444,2263.6491975886397
2024-08-21,6,3,9,66.66666666666666,2292.393936058328
2024-08-22,6,3,9,66.66666666666666,2285.5807652078197
2024-08-23,6,3,9,66.66666666666666,2305.6294854594244
2024-08-26,5,4,9,55.55555555555556,2286.3120772692073
2024-08-27,6,3,9,66.66666666666666,2307.9573520788067
2024-08-28,6,3,9,66.66666666666666,2304.4247051431453
2024-08-29,5,4,9,55.55555555555556,2274.279971616679
2024-08-30,4,5,9,44.44444444444444,2261.6258414913864
2024-09-02,4,5,9,44.44444444444444,2255.1644857136603
2024-09-03,4,5,9,44.44444444444444,2253.619138938659
2024-09-04,4,5,9,44.44444444444444,2240.286503985691
2024-09-05,4,5,9,44.44444444444444,2237.076424502782
2024-09-06,4,5,9,44.44444444444444,2201.296301331747
2024-09-09,3,6,9,33.33333333333333,2204.9045887463917
2024-09-10,3,6,9,33.33333333333333,2234.4040865873963
2024-09-11,4,5,9,44.44444444444444,2201.663038502551
2024-09-12,4,5,9,44.44444444444444,2213.136620003895
2024-09-13,3,6,9,33.33333333333333,2235.485712780089
2024-09-16,3,6,9,33.33333333333333,2232.216395984698
2024-09-17,4,5,9,44.44444444444444,2238.107050514391
2024-09-18,3,6,9,33.33333333333333,2216.393730669242
2024-09-19,3,6,9,33.33333333333333,2177.272609404256
2024-09-20,3,6,9,33.33333333333333,2205.45198321887
2024-09-23,3,6,9,33.33333333333333,2212.4102390525877
2024-09-24,3,6,9,33.33333333333333,2200.5527221210787
2024-09-25,2,7,9,22.22222222222222,2208.6611108248453
2024-09-26,2,7,9,22.22222222222222,2192.038213058571
2024-09-27,2,7,9,22.22222222222222,2183.5906266877905
2024-09-30,2,7,9,22.22222222222222,2162.88377420649
2024-10-01,2,7,9,22.22222222222222,2165.9169388788964
2024-10-03,2,7,9,22.22222222222222,2138.5558429595317
2024-10-04,1,8,9,11.11111111111111,2156.748137323775
2024-10-07,1,8,9,11.11111111111111,2089.2866055010077
2024-10-08,1,8,9,11.11111111111111,2127.5933866596406
2024-10-09,1,8,9,11.11111111111111,2139.3993869365963
2024-10-10,1,8,9,11.11111111111111,2148.891002900198
2024-10-11,2,7,9,22.22222222222222,2162.0130193679765
2024-10-14,2,7,9,22.22222222222222,2178.6611173765286
2024-10-15,1,8,9,11.11111111111111,2158.4915271543937
2024-10-16,1,8,9,11.11111111111111,2154.3948191626655
2024-10-17,1,8,9,11.11111111111111,2119.952615739668
2024-10-18,1,8,9,11.11111111111111,2100.708895741893
2024-10-21,1,8,9,11.11111111111111,2053.280745417337
2024-10-22,1,8,9,11.11111111111111,1978.733472297047
2024-10-23,1,8,9,11.11111111111111,1961.148636825845
2024-10-24,1,8,9,11.11111111111111,1963.9901770967394
2024-10-25,1,8,9,11.11111111111111,1908.6684797683038
2024-10-28,1,8,9,11.11111111111111,1943.4342922091023
2024-10-29,1,8,9,11.11111111111111,1952.5250180324942
2024-10-30,1,8,9,11.11111111111111,1988.4866551040595
2024-10-31,1,8,9,11.11111111111111,2003.4663917987064
2024-11-01,1,8,9,11.11111111111111,2034.2870640269684
2024-11-04,1,8,9,11.11111111111111,1989.0113273283387
2024-11-05,1,8,9,11.11111111111111,1991.4168942112924
2024-11-06,1,8,9,11.11111111111111,2009.6549247511696
2024-11-07,1,8,9,11.11111111111111,1997.997988528808
2024-11-08,1,8,9,11.11111111111111,1952.2744605688943
2024-11-11,0,9,9,0.0,1924.0317580152496
2024-11-12,0,9,9,0.0,1903.236050631101
2024-11-13,0,9,9,0.0,1857.3604593869302
2024-11-14,0,9,9,0.0,1855.7130369703766
2024-11-18,0,9,9,0.0,1846.5143847513327
2024-11-19,0,9,9,0.0,1873.2359358919086
2024-11-21,0,9,9,0.0,1851.000756718819
2024-11-22,0,9,9,0.0,1870.0173058153857
2024-11-25,0,9,9,0.0,1886.6020584902276
2024-11-26,0,9,9,0.0,1899.3542681260635
2024-11-27,0,9,9,0.0,1913.9051087942057
2024-11-28,0,9,9,0.0,1915.3446247219908
2024-11-29,0,9,9,0.0,1931.656330907558
2024-12-02,3,6,9,33.33333333333333,2086.8782189371577
2024-12-03,1,8,9,11.11111111111111,2071.806355579855
2024-12-04,1,8,9,11.11111111111111,2072.2823940435273
2024-12-05,2,7,9,22.22222222222222,2099.479404164427
2024-12-06,3,6,9,33.33333333333333,2139.8391082312774
2024-12-09,3,6,9,33.33333333333333,2133.082000983586
2024-12-10,1,8,9,11.11111111111111,2094.1395838791177
2024-12-11,1,8,9,11.11111111111111,2102.9581521558543
2024-12-12,1,8,9,11.11111111111111,2077.013400158591
2024-12-13,1,8,9,11.11111111111111,2041.8243883420423
2024-12-16,4,5,9,44.44444444444444,2165.304827638639
2024-12-17,2,7,9,22.22222222222222,2119.465484641313
2024-12-18,2,7,9,22.22222222222222,2084.629444924014
2024-12-19,2,7,9,22.22222222222222,2093.6497218646723
2024-12-20,0,9,9,0.0,2040.9545821656259
2024-12-23,0,9,9,0.0,2011.7734568246099
2024-12-24,0,9,9,0.0,2026.7775546728676
2024-12-26,0,9,9,0.0,2004.4067592911124
2024-12-27,0,9,9,0.0,1996.069627105414
2024-12-30,0,9,9,0.0,1942.1096134697652
2024-12-31,0,9,9,0.0,1956.1659036297642
2025-01-01,0,9,9,0.0,2010.8767469339941
2025-01-02,0,9,9,0.0,2012.2178756758717
2025-01-03,0,9,9,0.0,2009.9946445679243
2025-01-06,0,9,9,0.0,1934.6846498996347
2025-01-07,0,9,9,0.0,1954.4494999468573
2025-01-08,0,9,9,0.0,1929.5826544285333
2025-01-09,0,9,9,0.0,1910.128935817608
2025-01-10,0,9,9,0.0,1877.386082627773
2025-01-13,0,9,9,0.0,1804.6064613754045
2025-01-14,0,9,9,0.0,1846.4791103671423
2025-01-15,0,9,9,0.0,1846.9332505757307
2025-01-16,0,9,9,0.0,1868.887209214975
2025-01-17,0,9,9,0.0,1870.22597214168
2025-01-20,0,9,9,0.0,1891.6469914937566
2025-01-21,0,9,9,0.0,1861.230422748423
2025-01-22,0,9,9,0.0,1829.591311182916
2025-01-23,0,9,9,0.0,1839.190568554
2025-01-24,0,9,9,0.0,1807.8493402101096
2025-01-27,0,9,9,0.0,1772.0923129780704
2025-01-28,0,9,9,0.0,1764.2442801612874
2025-01-29,0,9,9,0.0,1787.603035935685
2025-01-30,0,9,9,0.0,1771.9756049224493
2025-01-31,0,9,9,0.0,1795.6148764826385
2025-02-01,0,9,9,0.0,1797.6605346276415
2025-02-03,0,9,9,0.0,1777.1182220867495
2025-02-04,0,9,9,0.0,1786.5200348477124
2025-02-05,0,9,9,0.0,1793.4650185716823
2025-02-06,0,9,9,0.0,1774.3808599058043
2025-02-07,0,9,9,0.0,1754.2381326341697
2025-02-10,0,9,9,0.0,1719.61177136533
2025-02-11,0,9,9,0.0,1679.760668547555
2025-02-12,0,9,9,0.0,1672.9817622548592
2025-02-13,0,9,9,0.0,1654.3415116383571
2025-02-14,0,9,9,0.0,1607.166949992226
2025-02-17,0,9,9,0.0,1579.5585456158922
2025-02-18,0,9,9,0.0,1531.54339398025
2025-02-19,0,9,9,0.0,1554.2342879494786
2025-02-20,0,9,9,0.0,1599.7441480809268
2025-02-21,0,9,9,0.0,1565.3395834465305
2025-02-24,0,9,9,0.0,1562.4528975380044
2025-02-25,0,9,9,0.0,1542.739251742115
2025-02-27,0,9,9,0.0,1503.9985078859127
2025-02-28,0,9,9,0.0,1478.8508631272027
2025-03-03,0,9,9,0.0,1495.139358547057
2025-03-04,0,9,9,0.0,1471.1622461472102
2025-03-05,0,9,9,0.0,1521.297790534405
2025-03-06,0,9,9,0.0,1559.0918814637166
2025-03-07,0,9,9,0.0,1557.7623016931586
2025-03-10,0,9,9,0.0,1509.1125746508417
2025-03-11,0,9,9,0.0,1474.887375388663
2025-03-12,0,9,9,0.0,1462.137453212063
2025-03-13,0,9,9,0.0,1454.6179805427296
2025-03-17,0,9,9,0.0,1432.0238267071206
2025-03-18,0,9,9,0.0,1469.1197328862404
2025-03-19,0,9,9,0.0,1506.049747389427
2025-03-20,0,9,9,0.0,1513.896002544611
2025-03-21,0,9,9,0.0,1544.8779639136676
2025-03-24,0,9,9,0.0,1562.0581295151565
2025-03-25,0,9,9,0.0,1527.307947249974
2025-03-26,0,9,9,0.0,1494.210953748322
2025-03-27,0,9,9,0.0,1477.7360086168005
2025-03-28,0,9,9,0.0,1455.659863314785
2025-04-01,0,9,9,0.0,1515.2335874557118
2025-04-02,0,9,9,0.0,1532.435632055599
2025-04-03,0,9,9,0.0,1552.5546841317469
2025-04-04,0,9,9,0.0,1499.1193293302456
2025-04-07,0,9,9,0.0,1440.355161999451
2025-04-08,0,9,9,0.0,1476.9802761462158
2025-04-09,0,9,9,0.0,1466.957303884087
2025-04-11,0,9,9,0.0,1496.595589770461
2025-04-15,0,9,9,0.0,1529.521327505459
2025-04-16,0,9,9,0.0,1568.0752164268563
2025-04-17,0,9,9,0.0,1587.786819709393
2025-04-21,0,9,9,0.0,1609.5050953908867
2025-04-22,0,9,9,0.0,1617.5200560932146
2025-04-23,0,9,9,0.0,1605.9216855422246
2025-04-24,0,9,9,0.0,1599.2354518168063
2025-04-25,0,9,9,0.0,1551.4175714739936
2025-04-28,0,9,9,0.0,1555.8908267729687
2025-04-29,0,9,9,0.0,1569.306220872614
2025-04-30,0,9,9,0.0,1533.5679319517217
2025-05-02,0,9,9,0.0,1534.0004802026208
2025-05-05,0,9,9,0.0,1544.5591635733683
2025-05-06,0,9,9,0.0,1501.271460629909
2025-05-07,0,9,9,0.0,1514.0915482440716
2025-05-08,0,9,9,0.0,1501.450951301199
2025-05-09,0,9,9,0.0,1488.214867835508
2025-05-12,0,9,9,0.0,1545.2658029377426
2025-05-13,0,9,9,0.0,1566.0135936809215
2025-05-14,0,9,9,0.0,1628.6359038787036
2025-05-15,0,9,9,0.0,1679.3301986945653
2025-05-16,0,9,9,0.0,1708.486294303242
2025-05-19,0,9,9,0.0,1711.598663075943
2025-05-20,0,9,9,0.0,1677.6425040052675
2025-05-21,0,9,9,0.0,1695.1853170547547
2025-05-22,0,9,9,0.0,1711.7756700468879
2025-05-23,0,9,9,0.0,1705.1912123896234
2025-05-26,0,9,9,0.0,1751.8836663857155
2025-05-27,0,9,9,0.0,1749.4156194176164
2025-05-28,0,9,9,0.0,1744.6505103264099
2025-05-29,0,9,9,0.0,1731.5378773849652
2025-05-30,0,9,9,0.0,1711.0710109157815
2025-06-02,0,9,9,0.0,1732.2374164449436
2025-06-03,0,9,9,0.0,1726.9457538092083
2025-06-04,0,9,9,0.0,1719.8040522432236
2025-06-05,0,9,9,0.0,1719.5880467787056
2025-06-06,0,9,9,0.0,1732.574104016923
2025-06-09,0,9,9,0.0,1766.2701915841349
2025-06-10,0,9,9,0.0,1758.877186927393
2025-06-11,1,8,9,11.11111111111111,1779.8658129393189
2025-06-12,0,9,9,0.0,1747.0060918170564
2025-06-13,0,9,9,0.0,1726.224946313139
2025-06-16,0,9,9,0.0,1729.2973933763785
2025-06-17,0,9,9,0.0,1706.921467756482
2025-06-18,0,9,9,0.0,1699.0819357531755
2025-06-19,0,9,9,0.0,1679.707195697609
2025-06-20,1,8,9,11.11111111111111,1702.7604460560851
2025-06-23,1,8,9,11.11111111111111,1693.0470789090577
2025-06-24,1,8,9,11.11111111111111,1735.053531487102
2025-06-25,1,8,9,11.11111111111111,1758.152247251054
2025-06-26,1,8,9,11.11111111111111,1752.213735582863
2025-06-27,1,8,9,11.11111111111111,1753.875245725327
2025-06-30,2,7,9,22.22222222222222,1767.5257882908481
2025-07-01,2,7,9,22.22222222222222,1783.4780480735199
2025-07-02,2,7,9,22.22222222222222,1773.6812349744391
2025-07-03,3,6,9,33.33333333333333,1770.9800022795257
2025-07-04,7,2,9,77.77777777777779,1896.2852844360839
2025-07-07,7,2,9,77.77777777777779,1895.1402114063405
2025-07-08,6,3,9,66.66666666666666,1868.2598908534653
2025-07-09,6,3,9,66.66666666666666,1867.7493646668433
2025-07-10,6,3,9,66.66666666666666,1841.7486154257115
2025-07-11,6,3,9,66.66666666666666,1815.6558032536968
2025-07-14,5,4,9,55.55555555555556,1808.0724921558626
2025-07-15,5,4,9,55.55555555555556,1823.238406462563
2025-07-16,6,3,9,66.66666666666666,1832.1156782680414
2025-07-17,6,3,9,66.66666666666666,1835.8960674855489
2025-07-18,6,3,9,66.66666666666666,1832.7659128353635
2025-07-21,4,5,9,44.44444444444444,1817.9338080764828
2025-07-22,5,4,9,55.55555555555556,1806.0727872246825
2025-07-23,4,5,9,44.44444444444444,1805.6038725701885
2025-07-24,4,5,9,44.44444444444444,1800.4100056844998
2025-07-25,3,6,9,33.33333333333333,1780.3650635520378
2025-07-28,2,7,9,22.22222222222222,1735.3718890738317
2025-07-29,2,7,9,22.22222222222222,1752.0164042601164
2025-07-30,2,7,9,22.22222222222222,1743.252609611566
2025-07-31,2,7,9,22.22222222222222,1736.974644134876
2025-08-01,2,7,9,22.22222222222222,1720.0587047957374
2025-08-04,2,7,9,22.22222222222222,1722.1760615921298
2025-08-05,2,7,9,22.22222222222222,1699.2478986174667
2025-08-06,2,7,9,22.22222222222222,1710.182107534425
2025-08-07,1,8,9,11.11111111111111,1699.9212794519533
2025-08-08,0,9,9,0.0,1664.1974513502323
2025-08-11,0,9,9,0.0,1675.4103914660418
2025-08-12,0,9,9,0.0,1669.8724226064332
2025-08-13,0,9,9,0.0,1683.7862025167092
2025-08-14,0,9,9,0.0,1677.0075869308698
2025-08-18,0,9,9,0.0,1683.7441925238945
2025-08-19,0,9,9,0.0,1696.330620620052
2025-08-20,1,8,9,11.11111111111111,1705.6272184112836
2025-08-21,1,8,9,11.11111111111111,1699.8316135715693
2025-08-22,0,9,9,0.0,1680.3804639184855
2025-08-25,7,2,9,77.77777777777779,1858.5996879557247
2025-08-26,4,5,9,44.44444444444444,1769.5865332826504
2025-08-28,4,5,9,44.44444444444444,1741.9402143311163
2025-08-29,4,5,9,44.44444444444444,1728.2272411281176
2025-09-01,4,5,9,44.44444444444444,1763.5204176741208
2025-09-02,4,5,9,44.44444444444444,1760.2231832234554
2025-09-03,4,5,9,44.44444444444444,1761.5116763017902
2025-09-04,4,5,9,44.44444444444444,1759.4242354889125
2025-09-05,4,5,9,44.44444444444444,1755.107055312567
2025-09-08,3,6,9,33.33333333333333,1751.423431119891
2025-09-09,3,6,9,33.33333333333333,1755.522196098715
2025-09-10,3,6,9,33.33333333333333,1751.1130525921153
2025-09-11,3,6,9,33.33333333333333,1772.9781342428473
2025-09-12,3,6,9,33.33333333333333,1759.2302599586403
2025-09-15,3,6,9,33.33333333333333,1755.7726823487922
2025-09-16,3,6,9,33.33333333333333,1760.0154523945903
2025-09-17,3,6,9,33.33333333333333,1762.3132638140569
2025-09-18,3,6,9,33.33333333333333,1756.085228618776
2025-09-19,3,6,9,33.33333333333333,1745.6920723085004
2025-09-22,4,5,9,44.44444444444444,1741.1428155568203
2025-09-23,2,7,9,22.22222222222222,1732.63600505424
2025-09-24,2,7,9,22.22222222222222,1725.9033175543727
2025-09-25,3,6,9,33.33333333333333,1711.4782969235168
2025-09-26,1,8,9,11.11111111111111,1673.9407349931587
2025-09-29,2,7,9,22.22222222222222,1674.5822261544959
2025-09-30,2,7,9,22.22222222222222,1680.1445635253415
2025-10-01,2,7,9,22.22222222222222,1710.4955508810142
2025-10-03,6,3,9,66.66666666666666,1782.785240723495
2025-10-06,4,5,9,44.44444444444444,1758.6686047795347
2025-10-07,4,5,9,44.44444444444444,1738.214800513532
2025-10-08,4,5,9,44.44444444444444,1734.0093918288967
2025-10-09,4,5,9,44.44444444444444,1718.8614174975544
2025-10-10,4,5,9,44.44444444444444,1728.1375488943602
2025-10-13,3,6,9,33.33333333333333,1712.8458026777676
2025-10-14,2,7,9,22.22222222222222,1686.1594121055418
2025-10-15,3,6,9,33.33333333333333,1691.6358357222975
2025-10-16,3,6,9,33.33333333333333,1684.2288070512634
2025-10-17,2,7,9,22.22222222222222,1676.8905150715802
2025-10-20,3,6,9,33.33333333333333,1682.6690711067438
2025-10-21,3,6,9,33.33333333333333,1698.0826840590037
2025-10-23,3,6,9,33.33333333333333,1700.2410505661817
2025-10-24,3,6,9,33.33333333333333,1687.0119784540216
2025-10-27,3,6,9,33.33333333333333,1687.493428461843
2025-10-28,4,5,9,44.44444444444444,1692.6381743987015
2025-10-29,4,5,9,44.44444444444444,1701.9034985337405
2025-10-30,4,5,9,44.44444444444444,1695.191070274374
2025-10-31,3,6,9,33.33333333333333,1687.0665833147366
2025-11-03,4,5,9,44.44444444444444,1682.5784380012458
2025-11-04,3,6,9,33.33333333333333,1665.3245739820782
2025-11-06,3,6,9,33.33333333333333,1647.2721429320818
2025-11-07,1,8,9,11.11111111111111,1638.5157815264665
2025-11-10,1,8,9,11.11111111111111,1627.7611802960216
2025-11-11,1,8,9,11.11111111111111,1621.1588749188234
2025-11-12,1,8,9,11.11111111111111,1623.5368948562393
2025-11-13,1,8,9,11.11111111111111,1619.7697848497924
2025-11-14,2,7,9,22.22222222222222,1621.6820666155797
2025-11-17,1,8,9,11.11111111111111,1615.69748188725
2025-11-18,2,7,9,22.22222222222222,1603.935683381507
2025-11-19,2,7,9,22.22222222222222,1603.054524986052
2025-11-20,1,8,9,11.11111111111111,1599.020777198461
2025-11-21,1,8,9,11.11111111111111,1585.8199945580943
2025-11-24,1,8,9,11.11111111111111,1554.5672522261984
2025-11-25,1,8,9,11.11111111111111,1558.815786862315
2025-11-26,1,8,9,11.11111111111111,1564.643152580995
2025-11-27,1,8,9,11.11111111111111,1562.9196858551566
2025-11-28,1,8,9,11.11111111111111,1562.1035008915921
2025-12-01,1,8,9,11.11111111111111,1549.8196768981607
2025-12-02,1,8,9,11.11111111111111,1550.3247553065457
2025-12-03,1,8,9,11.11111111111111,1541.8565394669035
2025-12-04,1,8,9,11.11111111111111,1541.4453541889088
2025-12-05,1,8,9,11.11111111111111,1541.7878759722705
2025-12-08,1,8,9,11.11111111111111,1496.9481608734268
2025-12-09,1,8,9,11.11111111111111,1510.0022011984483
2025-12-10,1,8,9,11.11111111111111,1518.805653852141
2025-12-11,1,8,9,11.11111111111111,1529.6774854649684
2025-12-12,1,8,9,11.11111111111111,1533.3431958959761
2025-12-15,1,8,9,11.11111111111111,1537.3869235809354
2025-12-16,1,8,9,11.11111111111111,1533.5363125598387
2025-12-17,0,9,9,0.0,1515.6456203913572
2025-12-18,0,9,9,0.0,1499.2763978253556
2025-12-19,0,9,9,0.0,1527.7327112700696
2025-12-22,1,8,9,11.11111111111111,1539.198074680343
2025-12-23,1,8,9,11.11111111111111,1542.385702456171
2025-12-24,1,8,9,11.11111111111111,1543.4625009935821
2025-12-26,1,8,9,11.11111111111111,1533.678103493751
2025-12-29,0,9,9,0.0,1525.5034157657344
2025-12-30,0,9,9,0.0,1519.58918228522
2025-12-31,0,9,9,0.0,1527.0497106482571
2026-01-01,0,9,9,0.0,1529.7037684190789
2026-01-02,0,9,9,0.0,1545.3586175188073
2026-01-05,0,9,9,0.0,1529.966907334442
2026-01-06,0,9,9,0.0,1527.307056483781
2026-01-07,0,9,9,0.0,1538.343087358664
2026-01-08,0,9,9,0.0,1520.3492160935325
2026-01-09,0,9,9,0.0,1499.2644145288616
2026-01-12,0,9,9,0.0,1496.8676908111397
2026-01-13,0,9,9,0.0,1500.9922819701821
2026-01-14,0,9,9,0.0,1494.6409490900473
2026-01-16,0,9,9,0.0,1494.6409490900473
2026-01-19,0,9,9,0.0,1475.2962417768476
2026-01-20,0,9,9,0.0,1438.9162497096386
2026-01-21,0,9,9,0.0,1424.01658551674
2026-01-22,0,9,9,0.0,1438.1625460274367
2026-01-23,0,9,9,0.0,1415.2118713818843
2026-01-27,0,9,9,0.0,1408.3190215392324
2026-01-28,0,9,9,0.0,1443.725163462777
2026-01-29,0,9,9,0.0,1421.7429121020439
2026-01-30,0,9,9,0.0,1438.7540447628814
2026-02-01,0,9,9,0.0,1424.4055916952875
2026-02-02,0,9,9,0.0,1428.8155581320207
2026-02-03,0,9,9,0.0,1446.9837309210375
2026-02-04,0,9,9,0.0,1501.7871338415075
2026-02-05,0,9,9,0.0,1491.9268082670285
2026-02-06,0,9,9,0.0,1488.1500815097675
2026-02-09,0,9,9,0.0,1516.6923256358516
2026-02-10,0,9,9,0.0,1533.1548189696134
2026-02-11,2,7,9,22.22222222222222,1587.2664228180604
2026-02-12,1,8,9,11.11111111111111,1560.3006702894118
2026-02-13,1,8,9,11.11111111111111,1532.8849438469795
2026-02-16,1,8,9,11.11111111111111,1517.4981093334184
2026-02-17,1,8,9,11.11111111111111,1526.0079845628115
2026-02-18,1,8,9,11.11111111111111,1530.2209631945238
2026-02-19,1,8,9,11.11111111111111,1519.5588763582514
2026-02-20,1,8,9,11.11111111111111,1508.3086893560248
2026-02-23,1,8,9,11.11111111111111,1503.9679236434295
2026-02-24,1,8,9,11.11111111111111,1491.0833988869326
2026-02-25,1,8,9,11.11111111111111,1495.868345432448
2026-02-26,1,8,9,11.11111111111111,1510.7701005202498
2026-02-27,1,8,9,11.11111111111111,1505.9731206155107
2026-03-02,1,8,9,11.11111111111111,1460.5785717708425
2026-03-04,1,8,9,11.11111111111111,1436.5596529530442
2026-03-05,1,8,9,11.11111111111111,1442.3251020429518
2026-03-06,0,9,9,0.0,1432.4896438997596
2026-03-09,0,9,9,0.0,1396.7796467186677
2026-03-10,0,9,9,0.0,1411.875356313466
2026-03-11,0,9,9,0.0,1409.3287683621963
2026-03-12,0,9,9,0.0,1408.1037980833967
2026-03-13,0,9,9,0.0,1377.6689022451621
2026-03-16,0,9,9,0.0,1361.2966440548312
2026-03-17,1,8,9,11.11111111111111,1353.365623184254
2026-03-18,1,8,9,11.11111111111111,1402.0652844305232
2026-03-19,0,9,9,0.0,1367.2471967698393
2026-03-20,0,9,9,0.0,1369.6517829954105
2026-03-23,0,9,9,0.0,1306.7257310185125
2026-03-24,0,9,9,0.0,1332.4077875767562
2026-03-25,0,9,9,0.0,1355.579046161065
2026-03-27,1,8,9,11.11111111111111,1305.378212462572
2026-03-30,0,9,9,0.0,1247.1915106970232
2026-04-01,0,9,9,0.0,1334.3221177516393
2026-04-02,0,9,9,0.0,1341.1659940644597
2026-04-06,0,9,9,0.0,1371.516166452864
2026-04-07,0,9,9,0.0,1382.2857039043195
2026-04-08,1,8,9,11.11111111111111,1421.886984172682
2026-04-09,1,8,9,11.11111111111111,1425.5189604221375
2026-04-10,2,7,9,22.22222222222222,1457.7347426929896
2026-04-13,3,6,9,33.33333333333333,1468.292631335153
2026-04-15,3,6,9,33.33333333333333,1515.544374543215
2026-04-16,3,6,9,33.33333333333333,1534.6921656885957
2026-04-17,3,6,9,33.33333333333333,1530.9670411772245
2026-04-20,3,6,9,33.33333333333333,1504.7399088876143
2026-04-21,2,7,9,22.22222222222222,1487.2772323670617
2026-04-22,3,6,9,33.33333333333333,1533.5011869808654
2026-04-23,3,6,9,33.33333333333333,1518.2895686495522
2026-04-24,3,6,9,33.33333333333333,1484.464221650337
2026-04-27,4,5,9,44.44444444444444,1517.6008624281867
2026-04-28,4,5,9,44.44444444444444,1520.0250421837761
2026-04-29,4,5,9,44.44444444444444,1511.985036286743
2026-04-30,3,6,9,33.33333333333333,1506.9448879856918
2026-05-04,4,5,9,44.44444444444444,1538.615376682048
2026-05-05,4,5,9,44.44444444444444,1533.7298257810712
2026-05-06,4,5,9,44.44444444444444,1568.3851485964365
2026-05-07,4,5,9,44.44444444444444,1573.6013641617278
2026-05-08,4,5,9,44.44444444444444,1563.677501514208
2026-05-11,4,5,9,44.44444444444444,1548.2587167928098
2026-05-12,3,6,9,33.33333333333333,1507.2356455352358
2026-05-13,3,6,9,33.33333333333333,1493.455930513608
2026-05-14,3,6,9,33.33333333333333,1480.4083824032443
2026-05-15,3,6,9,33.33333333333333,1471.061676973341
2026-05-18,3,6,9,33.33333333333333,1444.85853071076
2026-05-19,3,6,9,33.33333333333333,1472.0817878728196
2026-05-20,3,6,9,33.33333333333333,1470.1453686437255
2026-05-21,3,6,9,33.33333333333333,1478.4555240168795
2026-05-22,3,6,9,33.33333333333333,1479.646703110331
2026-05-25,3,6,9,33.33333333333333,1505.248918732164
2026-05-26,3,6,9,33.33333333333333,1485.4031757146747
2026-05-27,3,6,9,33.33333333333333,1494.486379432478
2026-05-29,3,6,9,33.33333333333333,1492.2619318653303
2026-06-01,2,7,9,22.22222222222222,1489.0632671913625
2026-06-02,3,6,9,33.33333333333333,1490.0825196313517
2026-06-03,2,7,9,22.22222222222222,1489.871119423167
2026-06-04,1,8,9,11.11111111111111,1479.8562202429207
2026-06-05,1,8,9,11.11111111111111,1479.8853013041796
2026-06-08,1,8,9,11.11111111111111,1452.6159474257297
2026-06-09,2,7,9,22.22222222222222,1467.834832827929
2026-06-10,1,8,9,11.11111111111111,1450.2650297633409
2026-06-11,1,8,9,11.11111111111111,1426.0141882790658
2026-06-12,1,8,9,11.11111111111111,1457.2848441480933
2026-06-15,1,8,9,11.11111111111111,1471.8939841262836
2026-06-22,2,7,9,22.22222222222222,1476.8442219906926
2026-06-23,1,8,9,11.11111111111111,1459.4293381066557
2026-06-24,2,7,9,22.22222222222222,1461.5169547481948
2026-06-25,1,8,9,11.11111111111111,1462.1857297511128
2026-06-29,1,8,9,11.11111111111111,1463.179523276135
2026-06-30,3,6,9,33.33333333333333,1481.5846444104568
2026-07-01,3,6,9,33.33333333333333,1475.4456928910595
2026-07-02,2,7,9,22.22222222222222,1481.136244504159
2026-07-03,2,7,9,22.22222222222222,1486.4241191618903
2026-07-06,2,7,9,22.22222222222222,1475.683633397119
2026-07-07,2,7,9,22.22222222222222,1488.1966256623039
2026-07-08,1,8,9,11.11111111111111,1468.417325046422
2026-07-09,2,7,9,22.22222222222222,1476.2722241547783
2026-07-10,3,6,9,33.33333333333333,1480.7832118566057
2026-07-13,4,5,9,44.44444444444444,1489.0245184049122
2026-07-14,3,6,9,33.33333333333333,1479.4711411282924
2026-07-15,3,6,9,33.33333333333333,1489.6030113506251
2026-07-16,4,5,9,44.44444444444444,1489.1722395022866
2026-07-17,4,5,9,44.44444444444444,1485.102634039483
2026-07-20,4,5,9,44.44444444444444,1498.0562382980008
2026-07-21,4,5,9,44.44444444444444,1499.0064395727284
2026-07-22,3,6,9,33.33333333333333,1563.0602906110666
2026-07-23,4,5,9,44.44444444444444,1607.9540234822173
2026-07-24,4,5,9,44.44444444444444,1590.4795010406926
2026-07-27,5,4,9,55.55555555555556,1628.9602149782904
2026-07-28,4,5,9,44.44444444444444,1585.5237848793554
2026-07-29,4,5,9,44.44444444444444,1578.8822351131785
2026-07-30,4,5,9,44.44444444444444,1569.5789483186043
2026-07-31,5,4,9,55.55555555555556,1602.1920945878378
2026-08-03,5,4,9,55.55555555555556,1621.1424039006733
2026-08-04,5,4,9,55.55555555555556,1613.303270445228
2026-08-05,5,4,9,55.55555555555556,1613.6249723264445
2026-08-06,5,4,9,55.55555555555556,1625.7380730554273
2026-08-07,5,4,9,55.55555555555556,1627.577547867475
2026-08-10,5,4,9,55.55555555555556,1622.282341754033
2026-08-11,5,4,9,55.55555555555556,1625.1076600342092
2026-08-12,5,4,9,55.55555555555556,1623.9243346585126
2026-08-13,4,5,9,44.44444444444444,1588.0571177266452
2026-08-14,3,6,9,33.33333333333333,1577.4759982769979
2026-08-17,3,6,9,33.33333333333333,1579.3114718386623
2026-08-18,3,6,9,33.33333333333333,1593.64905563349
2026-08-19,3,6,9,33.33333333333333,1577.8023189972766
2026-08-20,3,6,9,33.33333333333333,1590.6878406229698
2026-08-21,3,6,9,33.33333333333333,1591.4593113003057
2026-08-24,3,6,9,33.33333333333333,1588.6934847662023
2026-08-25,4,5,9,44.44444444444444,1577.5535340684253
2026-08-26,3,6,9,33.33333333333333,1589.8396623897133
2026-08-27,4,5,9,44.44444444444444,1588.7101578935863
