Date,Above,Below,Total,Percentage,Index_Close
2014-08-07,6,0,6,100.0,132.49236581339554
2014-08-08,6,0,6,100.0,129.01302771351314
2014-08-11,6,0,6,100.0,128.2881071196013
2014-08-12,6,0,6,100.0,129.6200238847523
2014-08-13,5,1,6,83.33333333333334,126.04833594444027
2014-08-14,6,0,6,100.0,127.420085700266
2014-08-18,6,0,6,100.0,129.85268224040647
2014-08-19,6,0,6,100.0,131.676043645116
2014-08-20,6,0,6,100.0,132.9889348715737
2014-08-21,6,0,6,100.0,131.33675657891482
2014-08-22,6,0,6,100.0,132.47737227867276
2014-08-25,6,0,6,100.0,129.53490083918712
2014-08-26,5,1,6,83.33333333333334,127.77799387504929
2014-08-27,5,1,6,83.33333333333334,127.3035218323121
2014-08-28,5,1,6,83.33333333333334,126.99343477072425
2014-09-01,6,0,6,100.0,131.03619942463206
2014-09-02,6,0,6,100.0,131.0875836563325
2014-09-03,6,0,6,100.0,131.67800765028298
2014-09-04,5,1,6,83.33333333333334,129.47844029910368
2014-09-05,6,0,6,100.0,128.590180206152
2014-09-08,6,0,6,100.0,129.03039210311738
2014-09-09,6,0,6,100.0,131.1629998038939
2014-09-10,6,0,6,100.0,133.84646750608132
2014-09-11,6,0,6,100.0,132.0702945621019
2014-09-12,6,0,6,100.0,130.7966094574975
2014-09-15,6,0,6,100.0,129.62825183357032
2014-09-16,3,3,6,50.0,124.24004662730603
2014-09-17,3,3,6,50.0,124.89182095165575
2014-09-18,5,1,6,83.33333333333334,128.43219556804326
2014-09-19,5,1,6,83.33333333333334,126.123123582422
2014-09-22,4,2,6,66.66666666666666,123.75969486680461
2014-09-23,3,3,6,50.0,119.54924974318293
2014-09-24,3,3,6,50.0,119.37467731993992
2014-09-25,3,3,6,50.0,115.74763282027321
2014-09-26,3,3,6,50.0,116.01161156266
2014-09-29,3,3,6,50.0,114.75267660155257
2014-09-30,3,3,6,50.0,113.25785762684437
2014-10-01,3,3,6,50.0,112.6838503848883
2014-10-07,3,3,6,50.0,113.93705740193074
2014-10-08,3,3,6,50.0,113.31037180673998
2014-10-09,3,3,6,50.0,114.97615617372124
2014-10-10,3,3,6,50.0,113.51288755369244
2014-10-13,3,3,6,50.0,114.35881156987304
2014-10-14,3,3,6,50.0,113.90004936014022
2014-10-16,3,3,6,50.0,111.08768932991089
2014-10-17,3,3,6,50.0,110.93823472564668
2014-10-20,3,3,6,50.0,112.47363883836783
2014-10-21,4,2,6,66.66666666666666,113.45786697561839
2014-10-22,4,2,6,66.66666666666666,114.73916398759974
2014-10-23,4,2,6,66.66666666666666,115.78677026775172
2014-10-27,4,2,6,66.66666666666666,115.8982007390348
2014-10-28,4,2,6,66.66666666666666,118.54320985745544
2014-10-29,4,2,6,66.66666666666666,119.60502377847662
2014-10-30,4,2,6,66.66666666666666,120.85824658347394
2014-10-31,4,2,6,66.66666666666666,123.0442502975306
2014-11-03,5,1,6,83.33333333333334,123.0598775584981
2014-11-05,5,1,6,83.33333333333334,122.52380845653758
2014-11-07,5,1,6,83.33333333333334,124.5740836684621
2014-11-10,5,1,6,83.33333333333334,123.71518698398222
2014-11-11,5,1,6,83.33333333333334,123.39669770717465
2014-11-12,4,2,6,66.66666666666666,121.46248299749662
2014-11-13,4,2,6,66.66666666666666,120.59023696548465
2014-11-14,4,2,6,66.66666666666666,120.83927331345082
2014-11-17,5,1,6,83.33333333333334,125.62971142387727
2014-11-18,5,1,6,83.33333333333334,125.56074059724982
2014-11-19,4,2,6,66.66666666666666,123.44465965856732
2014-11-20,4,2,6,66.66666666666666,122.57068008687332
2014-11-21,3,3,6,50.0,122.31383127773108
2014-11-24,4,2,6,66.66666666666666,125.49220031248463
2014-11-25,4,2,6,66.66666666666666,123.30206556245433
2014-11-26,4,2,6,66.66666666666666,124.83754388365442
2014-11-27,4,2,6,66.66666666666666,125.13673751464354
2014-11-28,4,2,6,66.66666666666666,125.90904714193947
2014-12-01,4,2,6,66.66666666666666,123.96546855893409
2014-12-02,4,2,6,66.66666666666666,124.10618504908524
2014-12-03,4,2,6,66.66666666666666,126.66292653567048
2014-12-04,3,3,6,50.0,126.29155887960566
2014-12-05,3,3,6,50.0,125.08020159662625
2014-12-08,3,3,6,50.0,125.45328079931713
2014-12-09,2,4,6,33.33333333333333,122.09681454004458
2014-12-10,2,4,6,33.33333333333333,123.88475883032004
2014-12-11,2,4,6,33.33333333333333,122.13350873908355
2014-12-12,2,4,6,33.33333333333333,119.88721305836958
2014-12-15,2,4,6,33.33333333333333,119.48695345234212
2014-12-16,2,4,6,33.33333333333333,115.85877010083996
2014-12-17,2,4,6,33.33333333333333,114.7140695160948
2014-12-18,2,4,6,33.33333333333333,118.74149153821058
2014-12-19,2,4,6,33.33333333333333,121.22066075532362
2014-12-22,3,3,6,50.0,123.40360027579187
2014-12-23,3,3,6,50.0,122.37459003705786
2014-12-24,3,3,6,50.0,121.40275187828892
2014-12-26,3,3,6,50.0,121.51444987471804
2014-12-29,3,3,6,50.0,121.34158082800435
2014-12-30,3,3,6,50.0,123.06812012759937
2014-12-31,3,3,6,50.0,125.8737227732927
2015-01-01,3,3,6,50.0,125.65207159830616
2015-01-02,3,3,6,50.0,126.90053258490272
2015-01-05,3,3,6,50.0,126.94797650261644
2015-01-06,3,3,6,50.0,122.05239350656198
2015-01-07,3,3,6,50.0,124.01404808010025
2015-01-08,3,3,6,50.0,125.95873169822379
2015-01-09,3,3,6,50.0,124.4602277540285
2015-01-12,3,3,6,50.0,126.61130268976339
2015-01-13,2,4,6,33.33333333333333,124.89463164752695
2015-01-14,2,4,6,33.33333333333333,125.8565794239054
2015-01-15,2,4,6,33.33333333333333,127.32698540188127
2015-01-16,3,3,6,50.0,129.5185279449517
2015-01-19,3,3,6,50.0,132.594663364496
2015-01-20,3,3,6,50.0,131.95612254861516
2015-01-21,3,3,6,50.0,131.8209746096364
2015-01-22,2,4,6,33.33333333333333,130.7757001059901
2015-01-23,3,3,6,50.0,131.3037472759662
2015-01-27,3,3,6,50.0,132.50673242958064
2015-01-28,3,3,6,50.0,134.3878822837242
2015-01-29,3,3,6,50.0,135.14643161390362
2015-01-30,3,3,6,50.0,135.42412094768878
2015-02-02,4,2,6,66.66666666666666,137.97024305424094
2015-02-03,3,3,6,50.0,135.9194142076529
2015-02-04,3,3,6,50.0,136.07403785137285
2015-02-05,2,4,6,33.33333333333333,132.7391815181113
2015-02-06,2,4,6,33.33333333333333,131.5304862189011
2015-02-09,2,4,6,33.33333333333333,132.38194561472974
2015-02-10,2,4,6,33.33333333333333,132.977779035235
2015-02-11,2,4,6,33.33333333333333,135.07331264021926
2015-02-12,4,2,6,66.66666666666666,138.62419641147764
2015-02-13,4,2,6,66.66666666666666,139.44714344205033
2015-02-16,4,2,6,66.66666666666666,143.44883332214465
2015-02-18,4,2,6,66.66666666666666,149.28915511860444
2015-02-19,4,2,6,66.66666666666666,148.54361052881652
2015-02-20,4,2,6,66.66666666666666,147.94063429285708
2015-02-23,4,2,6,66.66666666666666,146.6657952869565
2015-02-24,4,2,6,66.66666666666666,147.76698322168517
2015-02-25,4,2,6,66.66666666666666,147.12509599197264
2015-02-26,4,2,6,66.66666666666666,147.6694783434882
2015-02-27,5,1,6,83.33333333333334,153.5317292602983
2015-02-28,4,2,6,66.66666666666666,151.6394426712392
2015-03-02,4,2,6,66.66666666666666,151.60145443244826
2015-03-03,4,2,6,66.66666666666666,152.07784437544373
2015-03-04,4,2,6,66.66666666666666,148.48325378616838
2015-03-05,4,2,6,66.66666666666666,149.84616670078316
2015-03-09,4,2,6,66.66666666666666,148.20726938290449
2015-03-10,4,2,6,66.66666666666666,146.7077659773305
2015-03-11,4,2,6,66.66666666666666,145.6552569131895
2015-03-12,4,2,6,66.66666666666666,148.94802605429436
2015-03-13,4,2,6,66.66666666666666,147.842442742772
2015-03-16,4,2,6,66.66666666666666,146.8519927200979
2015-03-17,4,2,6,66.66666666666666,148.69837779034432
2015-03-18,4,2,6,66.66666666666666,150.2122125518723
2015-03-19,4,2,6,66.66666666666666,149.6293776367389
2015-03-20,4,2,6,66.66666666666666,148.53464360130354
2015-03-23,4,2,6,66.66666666666666,148.9694349172862
2015-03-24,4,2,6,66.66666666666666,148.78434432530455
2015-03-25,4,2,6,66.66666666666666,147.9619108149919
2015-03-26,4,2,6,66.66666666666666,146.121076092241
2015-03-27,4,2,6,66.66666666666666,146.93541998679186
2015-03-30,4,2,6,66.66666666666666,148.11957637137002
2015-03-31,4,2,6,66.66666666666666,148.28634238945963
2015-04-01,4,2,6,66.66666666666666,148.540412906146
2015-04-06,4,2,6,66.66666666666666,150.3756103036626
2015-04-07,4,2,6,66.66666666666666,153.09154532586206
2015-04-08,4,2,6,66.66666666666666,152.160018443966
2015-04-09,4,2,7,66.66666666666666,153.36560804279813
2015-04-10,4,2,7,66.66666666666666,153.21081220829114
2015-04-13,5,1,7,83.33333333333334,153.67018560515297
2015-04-15,5,1,7,83.33333333333334,153.0356817523401
2015-04-16,5,1,7,83.33333333333334,154.40904243165826
2015-04-17,4,2,7,66.66666666666666,153.63268885265896
2015-04-20,4,2,7,66.66666666666666,149.97744465066626
2015-04-21,4,2,7,66.66666666666666,148.72445022700285
2015-04-22,4,2,7,66.66666666666666,149.34268260482554
2015-04-23,4,2,7,66.66666666666666,148.7909188883102
2015-04-24,4,2,7,66.66666666666666,146.41692869873907
2015-04-27,4,2,7,66.66666666666666,142.527155913704
2015-04-28,4,2,7,66.66666666666666,145.19121427619498
2015-04-29,4,2,7,66.66666666666666,144.66248153332097
2015-04-30,4,2,7,66.66666666666666,144.78997795906713
2015-05-04,4,2,7,66.66666666666666,147.4050970812473
2015-05-05,4,2,7,66.66666666666666,145.41168683452955
2015-05-06,4,2,7,66.66666666666666,139.80055641915848
2015-05-07,4,2,7,66.66666666666666,138.6368650216544
2015-05-08,4,2,7,66.66666666666666,141.12161550270136
2015-05-11,4,2,7,66.66666666666666,143.20675730909642
2015-05-12,4,2,7,66.66666666666666,138.76821506076453
2015-05-13,4,2,7,66.66666666666666,141.69522771685828
2015-05-14,4,2,7,66.66666666666666,142.9116040853557
2015-05-15,4,2,7,66.66666666666666,144.47140047428647
2015-05-18,4,2,7,66.66666666666666,145.11725030450583
2015-05-19,4,2,7,66.66666666666666,145.1115078038243
2015-05-20,4,2,7,66.66666666666666,145.05909448046333
2015-05-21,3,3,7,50.0,144.84835112455602
2015-05-22,4,2,7,66.66666666666666,143.68109035119514
2015-05-25,3,3,7,50.0,142.61090592893623
2015-05-26,3,3,7,50.0,142.32489782252838
2015-05-27,3,3,7,50.0,143.20987780451136
2015-05-28,4,2,7,66.66666666666666,144.70168099973102
2015-05-29,5,1,7,83.33333333333334,144.85943864804378
2015-06-01,5,1,7,83.33333333333334,144.1340106899783
2015-06-02,4,2,7,66.66666666666666,141.26413847465054
2015-06-03,4,2,7,66.66666666666666,136.579867216072
2015-06-04,4,2,7,66.66666666666666,136.14966776994544
2015-06-05,4,2,7,66.66666666666666,137.41496213048327
2015-06-08,4,2,7,66.66666666666666,136.02674328591263
2015-06-09,4,2,7,66.66666666666666,136.57553179180627
2015-06-10,4,2,7,66.66666666666666,137.23115956951776
2015-06-11,3,3,7,50.0,134.01062557445093
2015-06-12,2,4,7,33.33333333333333,135.8656218461847
2015-06-15,3,3,7,50.0,136.34606070619108
2015-06-16,3,3,7,50.0,136.59859895324
2015-06-17,3,3,7,50.0,136.5888236612561
2015-06-18,2,4,7,33.33333333333333,137.40677904420207
2015-06-19,2,4,7,33.33333333333333,138.6144673314196
2015-06-22,4,2,7,66.66666666666666,141.2597173847851
2015-06-23,4,2,7,66.66666666666666,141.85506507872068
2015-06-24,4,2,7,66.66666666666666,140.1731185471218
2015-06-25,4,2,7,66.66666666666666,141.5461310909384
2015-06-26,5,1,7,83.33333333333334,140.3292620201555
2015-06-29,4,2,7,66.66666666666666,138.2325589823921
2015-06-30,2,4,7,33.33333333333333,138.35390984789365
2015-07-01,2,4,7,33.33333333333333,139.78402178812476
2015-07-02,2,4,7,33.33333333333333,139.50559364060229
2015-07-03,3,3,7,50.0,139.17281428986382
2015-07-06,3,3,7,50.0,140.35992329397627
2015-07-07,1,5,7,16.666666666666664,139.60539167639553
2015-07-08,1,5,7,16.666666666666664,137.7345464289496
2015-07-09,1,5,7,16.666666666666664,138.85634199875895
2015-07-10,1,5,7,16.666666666666664,138.3268609224749
2015-07-13,2,4,7,33.33333333333333,140.3259636293144
2015-07-14,2,4,7,33.33333333333333,140.2722012046331
2015-07-15,2,4,7,33.33333333333333,140.87524232728364
2015-07-16,3,3,7,50.0,141.52251250981124
2015-07-17,3,3,7,50.0,142.04765701854447
2015-07-20,3,3,7,50.0,141.7763013853446
2015-07-21,2,4,7,33.33333333333333,138.86617138641176
2015-07-22,3,3,7,50.0,139.93090320628664
2015-07-23,3,3,7,50.0,138.1328449365357
2015-07-24,3,3,7,50.0,137.4935374450178
2015-07-27,2,4,7,33.33333333333333,136.7007152766224
2015-07-28,3,3,7,50.0,134.20149036297306
2015-07-29,2,4,7,33.33333333333333,134.22527749809927
2015-07-30,2,4,7,33.33333333333333,135.02169134270568
2015-07-31,2,4,7,33.33333333333333,134.6666675446886
2015-08-03,2,4,7,33.33333333333333,136.46365433290347
2015-08-04,2,4,7,33.33333333333333,136.5519538871202
2015-08-05,2,4,7,33.33333333333333,139.44713500401394
2015-08-06,2,4,7,33.33333333333333,137.85706429027434
2015-08-07,2,4,7,33.33333333333333,135.51587921702213
2015-08-10,2,4,7,33.33333333333333,133.76724874063302
2015-08-11,2,4,7,33.33333333333333,132.80321061142504
2015-08-12,2,4,7,33.33333333333333,130.6017076564184
2015-08-13,2,4,7,33.33333333333333,129.3169887337593
2015-08-14,2,4,7,33.33333333333333,132.4991741242518
2015-08-17,2,4,7,33.33333333333333,132.40079030281242
2015-08-18,2,4,7,33.33333333333333,132.00790829939356
2015-08-19,2,4,7,33.33333333333333,131.945540998014
2015-08-20,2,4,7,33.33333333333333,131.08721479692457
2015-08-21,2,4,7,33.33333333333333,129.66088577071002
2015-08-24,1,5,7,16.666666666666664,116.73702295615236
2015-08-25,1,5,7,16.666666666666664,118.00327687619261
2015-08-26,1,5,7,16.666666666666664,119.16016851978965
2015-08-27,1,5,7,16.666666666666664,122.44204400256493
2015-08-28,1,5,7,16.666666666666664,123.27195920923062
2015-08-31,1,5,7,16.666666666666664,123.39874466218919
2015-09-01,0,6,7,0.0,121.26695422309754
2015-09-02,0,6,7,0.0,119.77645754487325
2015-09-03,1,5,7,16.666666666666664,123.10413068997161
2015-09-04,0,6,7,0.0,119.54817559956552
2015-09-07,0,6,7,0.0,116.63661290971645
2015-09-08,0,6,7,0.0,119.97941216521721
2015-09-09,1,5,7,16.666666666666664,125.16343199290716
2015-09-10,1,5,7,16.666666666666664,125.20722557314055
2015-09-11,1,5,7,16.666666666666664,125.4006828951458
2015-09-14,2,4,7,33.33333333333333,128.27552483092418
2015-09-15,1,5,7,16.666666666666664,127.34641465536075
2015-09-16,1,5,7,16.666666666666664,128.14683410054997
2015-09-18,1,5,7,16.666666666666664,128.7947367667163
2015-09-21,1,5,7,16.666666666666664,129.91843410853298
2015-09-22,1,5,7,16.666666666666664,126.74277881618143
2015-09-23,1,5,7,16.666666666666664,126.5293173977542
2015-09-24,1,5,7,16.666666666666664,127.3779377508951
2015-09-28,1,5,7,16.666666666666664,126.39874237664486
2015-09-29,1,5,7,16.666666666666664,126.95681797901408
2015-09-30,1,5,7,16.666666666666664,129.78672959847475
2015-10-01,1,5,7,16.666666666666664,129.57267854516232
2015-10-05,1,5,7,16.666666666666664,132.422745021247
2015-10-06,2,4,7,33.33333333333333,133.96982777554226
2015-10-07,2,4,7,33.33333333333333,134.63570231951164
2015-10-08,1,5,7,16.666666666666664,133.57845918900227
2015-10-09,2,4,7,33.33333333333333,134.35899560693622
2015-10-12,2,4,7,33.33333333333333,135.60468896065626
2015-10-13,2,4,7,33.33333333333333,136.79865940736235
2015-10-14,2,4,7,33.33333333333333,135.52082458343432
2015-10-15,2,4,7,33.33333333333333,136.99153883664724
2015-10-16,2,4,7,33.33333333333333,136.8028010102333
2015-10-19,2,4,7,33.33333333333333,138.73645084935993
2015-10-20,2,4,7,33.33333333333333,141.66830470068658
2015-10-21,2,4,7,33.33333333333333,140.99049879282677
2015-10-23,2,4,7,33.33333333333333,140.97338668690517
2015-10-26,2,4,7,33.33333333333333,140.47246054129175
2015-10-27,2,4,7,33.33333333333333,141.651022919251
2015-10-28,2,4,7,33.33333333333333,139.71834006125422
2015-10-29,2,4,7,33.33333333333333,140.61618635814997
2015-10-30,2,4,7,33.33333333333333,142.01529527422153
2015-11-02,2,4,7,33.33333333333333,140.25491647777935
2015-11-03,2,4,7,33.33333333333333,140.24721901017375
2015-11-04,2,4,7,33.33333333333333,139.60410366777938
2015-11-05,2,4,7,33.33333333333333,137.57661638209032
2015-11-06,2,4,7,33.33333333333333,135.24267211739067
2015-11-09,1,5,7,16.666666666666664,135.49001224588557
2015-11-10,1,5,7,16.666666666666664,134.59112764784285
2015-11-11,1,5,7,16.666666666666664,136.31470830388227
2015-11-13,1,6,7,14.285714285714285,134.5278468438135
2015-11-16,2,5,7,28.57142857142857,135.6411218494483
2015-11-17,1,6,7,14.285714285714285,136.36823078490622
2015-11-18,2,5,7,28.57142857142857,135.49122401861206
2015-11-19,2,5,7,28.57142857142857,137.1406686823097
2015-11-20,3,4,7,42.857142857142854,137.68192130327813
2015-11-23,2,5,7,28.57142857142857,137.59785787761143
2015-11-24,2,5,7,28.57142857142857,136.71224115984006
2015-11-26,2,5,7,28.57142857142857,136.6062463061485
2015-11-27,2,5,7,28.57142857142857,136.35683083609976
2015-11-30,2,5,7,28.57142857142857,136.31256604127958
2015-12-01,2,5,7,28.57142857142857,138.27087907697216
2015-12-02,2,5,7,28.57142857142857,138.04042569008118
2015-12-03,2,5,7,28.57142857142857,137.2288502270059
2015-12-04,2,5,7,28.57142857142857,136.2680743735898
2015-12-07,2,5,7,28.57142857142857,135.5636469379965
2015-12-08,2,5,7,28.57142857142857,132.5806072467534
2015-12-09,2,5,7,28.57142857142857,131.46103773908428
2015-12-10,2,5,7,28.57142857142857,133.4844948325171
2015-12-11,2,5,7,28.57142857142857,130.99823756884203
2015-12-14,2,5,7,28.57142857142857,131.47454687314476
2015-12-15,2,5,7,28.57142857142857,131.2812997855264
2015-12-16,2,5,7,28.57142857142857,132.52169998514285
2015-12-17,3,4,7,42.857142857142854,135.29794884320415
2015-12-18,3,4,7,42.857142857142854,136.483454229623
2015-12-21,3,4,7,42.857142857142854,138.8615443066384
2015-12-22,3,4,7,42.857142857142854,138.05194316850213
2015-12-23,3,4,7,42.857142857142854,138.62638265455521
2015-12-24,3,4,7,42.857142857142854,138.78920695772175
2015-12-28,3,4,7,42.857142857142854,139.8772093201682
2015-12-29,3,4,7,42.857142857142854,139.12856591676325
2015-12-30,3,4,7,42.857142857142854,139.5247237115804
2015-12-31,3,4,7,42.857142857142854,142.1843557188967
2016-01-01,3,4,7,42.857142857142854,143.58461922038214
2016-01-04,3,4,7,42.857142857142854,143.98973205283266
2016-01-05,3,4,7,42.857142857142854,144.96281136987952
2016-01-06,3,4,7,42.857142857142854,144.7240154739432
2016-01-07,3,4,7,42.857142857142854,138.67953689835926
2016-01-08,3,4,7,42.857142857142854,141.76537721050266
2016-01-11,3,4,7,42.857142857142854,139.82106241227496
2016-01-12,3,4,7,42.857142857142854,140.3628735012114
2016-01-13,3,4,7,42.857142857142854,137.28015546300205
2016-01-14,3,4,7,42.857142857142854,134.88594656514607
2016-01-15,3,4,7,42.857142857142854,128.9232477630708
2016-01-18,3,4,7,42.857142857142854,126.3357868987101
2016-01-19,3,4,7,42.857142857142854,130.34469736994507
2016-01-20,2,5,7,28.57142857142857,126.57124462258689
2016-01-21,2,5,7,28.57142857142857,126.85116014082114
2016-01-22,3,4,7,42.857142857142854,128.6945868759523
2016-01-25,3,4,7,42.857142857142854,127.77440646371674
2016-01-27,3,4,7,42.857142857142854,129.50874950606183
2016-01-28,3,4,7,42.857142857142854,130.14515573851557
2016-01-29,3,4,7,42.857142857142854,132.5947027643074
2016-02-01,3,4,7,42.857142857142854,130.49620180653528
2016-02-02,3,4,7,42.857142857142854,126.39642205938566
2016-02-03,2,5,7,28.57142857142857,120.46354836512754
2016-02-04,2,5,7,28.57142857142857,119.41803029926686
2016-02-05,2,5,7,28.57142857142857,122.45701520372295
2016-02-08,2,5,7,28.57142857142857,120.63521283853571
2016-02-09,2,5,7,28.57142857142857,119.93152457922474
2016-02-10,2,5,7,28.57142857142857,117.37928503185829
2016-02-11,2,5,7,28.57142857142857,111.74710740294852
2016-02-12,2,5,7,28.57142857142857,113.0079939063391
2016-02-15,2,5,7,28.57142857142857,116.65349249380886
2016-02-16,2,5,7,28.57142857142857,114.15371879484428
2016-02-17,2,5,7,28.57142857142857,114.73069981927037
2016-02-18,2,5,7,28.57142857142857,115.85536406626507
2016-02-19,2,5,7,28.57142857142857,115.91230148029452
2016-02-22,2,5,7,28.57142857142857,116.28987460211562
2016-02-23,2,5,7,28.57142857142857,114.61978514118631
2016-02-24,2,5,7,28.57142857142857,113.66496206758623
2016-02-25,2,5,7,28.57142857142857,111.93159980699686
2016-02-26,2,5,7,28.57142857142857,112.51536702637218
2016-02-29,2,5,7,28.57142857142857,112.47521665629992
2016-03-01,2,5,7,28.57142857142857,114.8545535051001
2016-03-02,2,5,7,28.57142857142857,116.79960372142936
2016-03-03,2,5,7,28.57142857142857,122.71030492824187
2016-03-04,2,5,7,28.57142857142857,123.90273026933303
2016-03-08,2,5,7,28.57142857142857,122.658770371655
2016-03-09,2,5,7,28.57142857142857,123.62483837730369
2016-03-10,2,5,7,28.57142857142857,122.17573878460976
2016-03-11,2,5,7,28.57142857142857,120.69885405488459
2016-03-14,2,5,7,28.57142857142857,120.21960093755678
2016-03-15,2,5,7,28.57142857142857,119.34602835420196
2016-03-16,2,5,7,28.57142857142857,120.90639099342575
2016-03-17,2,5,7,28.57142857142857,120.24336851448088
2016-03-18,2,5,7,28.57142857142857,121.31738033375356
2016-03-21,2,5,7,28.57142857142857,122.13270242612786
2016-03-22,2,5,7,28.57142857142857,124.11290134280686
2016-03-23,2,5,7,28.57142857142857,123.1690161536175
2016-03-28,3,4,7,42.857142857142854,119.22871478523554
2016-03-29,2,5,7,28.57142857142857,119.12607529192572
2016-03-30,3,4,7,42.857142857142854,123.42385211383811
2016-03-31,2,5,7,28.57142857142857,125.39187365102771
2016-04-01,3,4,7,42.857142857142854,125.80849028005284
2016-04-04,4,3,7,57.14285714285714,126.83424033486708
2016-04-05,3,4,7,42.857142857142854,122.27193491889989
2016-04-06,3,4,7,42.857142857142854,122.92194495316808
2016-04-07,2,5,7,28.57142857142857,122.11842623431501
2016-04-08,4,3,7,57.14285714285714,123.29535498539062
2016-04-11,4,3,7,57.14285714285714,125.26993721199425
2016-04-12,4,3,7,57.14285714285714,126.53919657574741
2016-04-13,4,3,7,57.14285714285714,128.31912647896303
2016-04-18,4,3,7,57.14285714285714,130.09749982244333
2016-04-20,4,3,7,57.14285714285714,132.42844101749242
2016-04-21,4,3,7,57.14285714285714,130.46777293103818
2016-04-22,4,3,7,57.14285714285714,130.3401997958425
2016-04-25,4,3,7,57.14285714285714,129.1224912992905
2016-04-26,4,3,7,57.14285714285714,129.18952338962887
2016-04-27,4,3,7,57.14285714285714,127.43538287408185
2016-04-28,4,3,7,57.14285714285714,125.63133564139572
2016-04-29,4,3,7,57.14285714285714,127.00213510872578
2016-05-02,4,3,7,57.14285714285714,128.51029381275586
2016-05-03,4,3,7,57.14285714285714,127.02836320189515
2016-05-04,4,3,7,57.14285714285714,126.50360931288178
2016-05-05,4,3,7,57.14285714285714,127.3586985354743
2016-05-06,4,3,7,57.14285714285714,124.840304940783
2016-05-09,4,3,7,57.14285714285714,127.02950704620508
2016-05-10,4,3,7,57.14285714285714,126.30275923474564
2016-05-11,4,3,7,57.14285714285714,124.9951850682177
2016-05-12,4,3,7,57.14285714285714,125.32618708612402
2016-05-13,4,3,7,57.14285714285714,125.21041247899072
2016-05-16,4,3,7,57.14285714285714,126.57151041810309
2016-05-17,4,3,7,57.14285714285714,126.39711995426015
2016-05-18,4,3,7,57.14285714285714,126.53066595121494
2016-05-19,4,3,7,57.14285714285714,124.61836439294356
2016-05-20,4,3,7,57.14285714285714,124.52318359268236
2016-05-23,4,3,7,57.14285714285714,124.56424484230406
2016-05-24,4,3,7,57.14285714285714,125.26415611278551
2016-05-25,4,3,7,57.14285714285714,126.5758174076036
2016-05-26,4,3,7,57.14285714285714,128.08051043676943
2016-05-27,4,3,7,57.14285714285714,128.95856139880863
2016-05-30,4,3,7,57.14285714285714,129.87742740950316
2016-05-31,4,3,7,57.14285714285714,128.6910576843475
2016-06-01,4,3,7,57.14285714285714,128.03399503664014
2016-06-02,4,3,7,57.14285714285714,128.87336789026568
2016-06-03,4,3,7,57.14285714285714,129.21920971392356
2016-06-06,4,3,7,57.14285714285714,128.54895613603182
2016-06-07,4,3,7,57.14285714285714,130.6122361076797
2016-06-08,5,2,7,71.42857142857143,134.78988024018355
2016-06-09,5,2,7,71.42857142857143,135.59500606686666
2016-06-10,5,2,7,71.42857142857143,136.96389065856096
2016-06-13,5,2,7,71.42857142857143,136.0132897158546
2016-06-14,5,2,7,71.42857142857143,138.0444929133595
2016-06-15,5,2,7,71.42857142857143,139.8330990507385
2016-06-16,5,2,7,71.42857142857143,140.10117602517968
2016-06-17,5,2,7,71.42857142857143,138.69294958038185
2016-06-20,5,2,7,71.42857142857143,138.55697995188456
2016-06-21,5,2,7,71.42857142857143,138.11825614398694
2016-06-22,5,2,7,71.42857142857143,136.84661036537125
2016-06-23,5,2,7,71.42857142857143,135.90188200935197
2016-06-24,5,2,7,71.42857142857143,134.51055110433785
2016-06-27,5,2,7,71.42857142857143,135.26733381277182
2016-06-28,5,2,7,71.42857142857143,135.75070171597977
2016-06-29,5,2,7,71.42857142857143,137.97776848025805
2016-06-30,5,2,7,71.42857142857143,139.29036226362092
2016-07-01,5,2,7,71.42857142857143,139.22751056820323
2016-07-04,5,2,7,71.42857142857143,140.2649477746455
2016-07-05,5,2,7,71.42857142857143,139.62268767272545
2016-07-07,5,2,7,71.42857142857143,138.8726127234551
2016-07-08,5,2,7,71.42857142857143,139.16899870929947
2016-07-11,6,1,7,85.71428571428571,141.12992810051838
2016-07-12,6,1,7,85.71428571428571,141.54376537801397
2016-07-13,6,1,7,85.71428571428571,139.31334168741319
2016-07-14,6,1,7,85.71428571428571,139.51710822539485
2016-07-15,6,1,7,85.71428571428571,138.6189456910963
2016-07-18,6,1,7,85.71428571428571,138.6713869618219
2016-07-19,5,2,7,71.42857142857143,138.17880681384455
2016-07-20,6,1,7,85.71428571428571,139.63777376596144
2016-07-21,6,1,7,85.71428571428571,137.775458367304
2016-07-22,6,1,7,85.71428571428571,138.45636720782358
2016-07-25,5,2,7,71.42857142857143,138.631293169841
2016-07-26,4,3,7,57.14285714285714,137.5600708899671
2016-07-27,5,2,7,71.42857142857143,136.56857675951827
2016-07-28,4,3,7,57.14285714285714,137.0020611730697
2016-07-29,4,3,7,57.14285714285714,137.8490809096321
2016-08-01,4,3,7,57.14285714285714,137.12424337489236
2016-08-02,4,3,7,57.14285714285714,136.38208243661674
2016-08-03,4,3,7,57.14285714285714,134.5668221227283
2016-08-04,4,3,7,57.14285714285714,133.98870460514013
2016-08-05,4,3,7,57.14285714285714,136.6136986844167
2016-08-08,4,3,7,57.14285714285714,135.79425336019918
2016-08-09,4,3,7,57.14285714285714,136.8403052669161
2016-08-10,4,3,7,57.14285714285714,135.0660216514387
2016-08-11,4,3,7,57.14285714285714,134.73782930219835
2016-08-12,4,3,7,57.14285714285714,134.4537868305117
2016-08-16,4,3,7,57.14285714285714,134.83662353670042
2016-08-17,4,3,7,57.14285714285714,136.50506510654495
2016-08-18,4,3,7,57.14285714285714,136.7888980476934
2016-08-19,4,3,7,57.14285714285714,137.68312471685567
2016-08-22,4,3,7,57.14285714285714,136.79842251926794
2016-08-23,4,3,7,57.14285714285714,135.6784635484355
2016-08-24,5,2,7,71.42857142857143,136.55760634189346
2016-08-25,5,2,7,71.42857142857143,136.15362711705353
2016-08-26,4,3,7,57.14285714285714,134.7388179647955
2016-08-29,4,3,7,57.14285714285714,133.87249356080517
2016-08-30,4,3,7,57.14285714285714,135.28571782767338
2016-08-31,4,3,7,57.14285714285714,135.7415022279048
2016-09-01,4,3,7,57.14285714285714,134.53079730289338
2016-09-02,4,3,7,57.14285714285714,135.70500251987593
2016-09-06,4,3,7,57.14285714285714,135.67986803069013
2016-09-07,4,3,7,57.14285714285714,134.90110489193071
2016-09-08,5,2,7,71.42857142857143,136.24250446047293
2016-09-09,5,2,7,71.42857142857143,137.78077054221032
2016-09-12,5,2,7,71.42857142857143,134.32232803727746
2016-09-14,5,2,7,71.42857142857143,137.51065880234285
2016-09-15,5,2,7,71.42857142857143,136.0167249064922
2016-09-16,5,2,7,71.42857142857143,136.7918007265382
2016-09-19,5,2,7,71.42857142857143,137.80761345203766
2016-09-20,5,2,7,71.42857142857143,136.66695131789132
2016-09-21,5,2,7,71.42857142857143,136.93881008812372
2016-09-22,5,2,7,71.42857142857143,138.10265938400937
2016-09-23,5,2,7,71.42857142857143,137.43284223218478
2016-09-26,5,2,7,71.42857142857143,136.06358787617228
2016-09-27,5,2,7,71.42857142857143,136.39677041475505
2016-09-28,5,2,7,71.42857142857143,136.5135493022585
2016-09-29,4,3,7,57.14285714285714,130.52390965618616
2016-09-30,4,3,7,57.14285714285714,132.45445550561206
2016-10-03,5,2,7,71.42857142857143,135.20019587674597
2016-10-04,5,2,7,71.42857142857143,135.75224132101346
2016-10-05,5,2,7,71.42857142857143,135.67735955663338
2016-10-06,5,2,7,71.42857142857143,135.05615064707968
2016-10-07,5,2,7,71.42857142857143,134.76983544740787
2016-10-10,5,2,7,71.42857142857143,136.47544396158003
2016-10-13,4,3,7,57.14285714285714,133.99280420925348
2016-10-14,4,3,7,57.14285714285714,134.5300005956687
2016-10-17,4,3,7,57.14285714285714,133.93418901389413
2016-10-18,4,3,7,57.14285714285714,134.85737468830445
2016-10-19,4,3,7,57.14285714285714,136.98336098196816
2016-10-20,4,3,7,57.14285714285714,138.35789420192347
2016-10-21,4,3,7,57.14285714285714,138.49600277986667
2016-10-24,4,3,7,57.14285714285714,138.87057184795742
2016-10-25,4,3,7,57.14285714285714,138.4481427201662
2016-10-26,4,3,7,57.14285714285714,136.75482186397497
2016-10-27,4,3,7,57.14285714285714,136.5200618566305
2016-10-28,4,3,7,57.14285714285714,137.40387711069582
2016-10-30,4,3,7,57.14285714285714,137.50363161973306
2016-11-01,4,3,7,57.14285714285714,138.67650721932816
2016-11-02,4,3,7,57.14285714285714,136.9413049715713
2016-11-03,4,3,7,57.14285714285714,135.0619338255776
2016-11-04,4,3,7,57.14285714285714,132.55080329138755
2016-11-07,4,3,7,57.14285714285714,132.9245390280194
2016-11-08,4,3,7,57.14285714285714,132.05172605333703
2016-11-09,4,3,7,57.14285714285714,128.43917657542377
2016-11-10,4,3,7,57.14285714285714,133.3401872224043
2016-11-11,4,3,7,57.14285714285714,129.0436261015303
2016-11-15,3,4,7,42.857142857142854,125.66490811732235
2016-11-16,4,3,7,57.14285714285714,125.96416396346488
2016-11-17,4,3,7,57.14285714285714,125.4496659140041
2016-11-18,4,3,7,57.14285714285714,127.7440589231154
2016-11-21,3,4,7,42.857142857142854,124.32809704479459
2016-11-22,3,4,7,42.857142857142854,124.57344309061769
2016-11-23,3,4,7,42.857142857142854,126.20671065112748
2016-11-24,3,4,7,42.857142857142854,125.98804134312225
2016-11-25,4,3,7,57.14285714285714,128.64049690111895
2016-11-28,4,3,7,57.14285714285714,131.35288784480593
2016-11-29,4,3,7,57.14285714285714,132.19734885164252
2016-11-30,4,3,7,57.14285714285714,133.620154633594
2016-12-01,4,3,7,57.14285714285714,132.28612214551677
2016-12-02,4,3,7,57.14285714285714,131.95971488569128
2016-12-05,4,3,7,57.14285714285714,132.17694405898004
2016-12-06,4,3,7,57.14285714285714,133.73044541747169
2016-12-07,4,3,7,57.14285714285714,132.80954424304483
2016-12-08,4,3,7,57.14285714285714,134.1708668211758
2016-12-09,4,3,7,57.14285714285714,134.3148618638088
2016-12-12,4,3,7,57.14285714285714,134.14828090245342
2016-12-13,4,3,7,57.14285714285714,134.4058068447995
2016-12-14,4,3,7,57.14285714285714,133.91733979227888
2016-12-15,4,3,7,57.14285714285714,134.265818411506
2016-12-16,4,3,7,57.14285714285714,133.39058912927032
2016-12-19,4,3,7,57.14285714285714,132.7732705772609
2016-12-20,4,3,7,57.14285714285714,131.64169382640694
2016-12-21,4,3,7,57.14285714285714,131.67083588433889
2016-12-22,4,3,7,57.14285714285714,129.2877990341416
2016-12-23,4,3,7,57.14285714285714,128.96393840663998
2016-12-26,4,3,7,57.14285714285714,127.05192913965047
2016-12-27,4,3,7,57.14285714285714,128.41212881457412
2016-12-28,4,3,7,57.14285714285714,128.73684217733506
2016-12-29,4,3,7,57.14285714285714,129.6644632303451
2016-12-30,4,3,7,57.14285714285714,130.53673727169095
2017-01-02,4,3,7,57.14285714285714,132.122005632514
2017-01-03,4,3,7,57.14285714285714,132.1724676237765
2017-01-04,4,3,7,57.14285714285714,133.05440418424936
2017-01-05,4,3,7,57.14285714285714,134.27418263473285
2017-01-06,4,3,7,57.14285714285714,134.1066903167282
2017-01-09,4,3,7,57.14285714285714,133.8329344790834
2017-01-10,4,3,7,57.14285714285714,133.919714983456
2017-01-11,4,3,7,57.14285714285714,134.71422584311355
2017-01-12,4,3,7,57.14285714285714,139.70324527802467
2017-01-13,4,3,7,57.14285714285714,138.79047603784787
2017-01-16,4,3,7,57.14285714285714,138.34505904304322
2017-01-17,5,2,7,71.42857142857143,139.74541890280315
2017-01-18,5,2,7,71.42857142857143,138.47882718589787
2017-01-19,5,2,7,71.42857142857143,141.33563767199334
2017-01-20,5,2,7,71.42857142857143,140.10229836259992
2017-01-23,5,2,7,71.42857142857143,140.0286252109579
2017-01-24,5,2,7,71.42857142857143,141.2953110002134
2017-01-25,5,2,7,71.42857142857143,140.80174728651596
2017-01-27,5,2,7,71.42857142857143,144.39231347997168
2017-01-30,5,2,7,71.42857142857143,143.35859329158188
2017-01-31,5,2,7,71.42857142857143,141.75312251628586
2017-02-01,5,2,7,71.42857142857143,140.9353266728563
2017-02-02,5,2,7,71.42857142857143,143.3285677076358
2017-02-03,5,2,7,71.42857142857143,143.03376607138046
2017-02-06,5,2,7,71.42857142857143,144.21714591814447
2017-02-07,5,2,7,71.42857142857143,143.35161899598828
2017-02-08,5,2,7,71.42857142857143,144.1785291811065
2017-02-09,5,2,7,71.42857142857143,144.36665485207698
2017-02-10,5,2,7,71.42857142857143,143.952369526831
2017-02-13,5,2,7,71.42857142857143,145.20995048042494
2017-02-14,5,2,7,71.42857142857143,144.67981820080527
2017-02-15,5,2,7,71.42857142857143,143.1220614562397
2017-02-16,5,2,7,71.42857142857143,145.0369809714745
2017-02-17,5,2,7,71.42857142857143,144.1265842661063
2017-02-20,5,2,7,71.42857142857143,145.42072720169605
2017-02-21,5,2,7,71.42857142857143,147.17478310663543
2017-02-22,5,2,7,71.42857142857143,146.88090431669966
2017-02-23,5,2,7,71.42857142857143,146.4033895502226
2017-02-27,5,2,7,71.42857142857143,145.03587301254333
2017-02-28,5,2,7,71.42857142857143,145.7946904530579
2017-03-01,5,2,7,71.42857142857143,144.63168817734558
2017-03-02,5,2,7,71.42857142857143,141.22798477744115
2017-03-03,5,2,7,71.42857142857143,141.618145246584
2017-03-06,5,2,7,71.42857142857143,142.48368245569281
2017-03-07,5,2,7,71.42857142857143,142.917880834977
2017-03-08,5,2,7,71.42857142857143,142.10137309467078
2017-03-09,5,2,7,71.42857142857143,142.93294869054017
2017-03-10,5,2,7,71.42857142857143,142.1007935385971
2017-03-14,5,2,7,71.42857142857143,143.5787561337943
2017-03-15,5,2,7,71.42857142857143,144.03324347256748
2017-03-16,5,2,7,71.42857142857143,148.29009527993267
2017-03-17,5,2,7,71.42857142857143,148.32849292078782
2017-03-20,5,2,7,71.42857142857143,147.69649966926139
2017-03-21,5,2,7,71.42857142857143,146.78393842033785
2017-03-22,5,2,7,71.42857142857143,145.00041214398635
2017-03-23,5,2,7,71.42857142857143,146.7478984025249
2017-03-24,5,2,7,71.42857142857143,147.53863591241077
2017-03-27,5,2,7,71.42857142857143,147.2477725659605
2017-03-28,5,2,7,71.42857142857143,147.87834882645757
2017-03-29,5,2,7,71.42857142857143,147.9480797769531
2017-03-30,5,2,7,71.42857142857143,149.77314271577055
2017-03-31,5,2,7,71.42857142857143,150.07470710056427
2017-04-03,5,2,7,71.42857142857143,151.06315559614345
2017-04-05,5,2,7,71.42857142857143,154.23598722855093
2017-04-06,5,2,7,71.42857142857143,154.17616087742866
2017-04-07,5,2,7,71.42857142857143,153.1582831669363
2017-04-10,5,2,7,71.42857142857143,153.51346902252567
2017-04-11,5,2,7,71.42857142857143,154.18864768519117
2017-04-12,5,2,7,71.42857142857143,154.2342800496866
2017-04-13,5,2,7,71.42857142857143,153.26766306222572
2017-04-17,5,2,7,71.42857142857143,151.44401650938298
2017-04-18,5,2,7,71.42857142857143,150.89625960736427
2017-04-19,6,1,7,85.71428571428571,154.48934972819964
2017-04-20,6,1,7,85.71428571428571,154.1678445083068
2017-04-21,6,1,7,85.71428571428571,154.6265298003436
2017-04-24,6,1,7,85.71428571428571,154.47437730831498
2017-04-25,6,1,7,85.71428571428571,155.0869642627831
2017-04-26,5,2,7,71.42857142857143,154.43159925515485
2017-04-27,6,1,7,85.71428571428571,154.99247761664222
2017-04-28,6,1,7,85.71428571428571,155.3621356141686
2017-05-02,6,1,7,85.71428571428571,154.12555559486205
2017-05-03,6,1,7,85.71428571428571,153.9327197888872
2017-05-04,6,1,7,85.71428571428571,153.9612417595091
2017-05-05,6,1,7,85.71428571428571,153.3002178426115
2017-05-08,6,1,7,85.71428571428571,155.17683227208465
2017-05-09,7,0,7,100.0,154.92833364663952
2017-05-10,7,0,7,100.0,154.69980985245178
2017-05-11,7,0,7,100.0,153.7047306424703
2017-05-12,5,2,7,71.42857142857143,152.812000219562
2017-05-15,6,1,7,85.71428571428571,149.3320460651694
2017-05-16,6,1,7,85.71428571428571,148.4931299431705
2017-05-17,5,2,7,71.42857142857143,148.285828582736
2017-05-18,4,3,7,57.14285714285714,146.44730493910106
2017-05-19,5,2,7,71.42857142857143,147.53889295985925
2017-05-22,4,3,7,57.14285714285714,145.80243241039335
2017-05-23,4,3,7,57.14285714285714,141.1704698421715
2017-05-24,4,3,7,57.14285714285714,138.20970382945777
2017-05-25,4,3,7,57.14285714285714,140.1110740035921
2017-05-26,4,3,7,57.14285714285714,142.43955177499467
2017-05-29,4,3,7,57.14285714285714,140.70471213842688
2017-05-30,5,2,7,71.42857142857143,141.07318708366134
2017-05-31,5,2,7,71.42857142857143,141.49047280322583
2017-06-01,5,2,7,71.42857142857143,142.09005016567173
2017-06-02,5,2,7,71.42857142857143,144.06719895853635
2017-06-05,5,2,7,71.42857142857143,143.91468261635333
2017-06-06,4,3,7,57.14285714285714,141.2914988033449
2017-06-07,4,3,7,57.14285714285714,142.1176155770719
2017-06-08,3,4,7,42.857142857142854,142.5160287078208
2017-06-09,3,4,7,42.857142857142854,143.42606885842508
2017-06-12,3,4,7,42.857142857142854,143.1413518578802
2017-06-13,4,3,7,57.14285714285714,142.3946088369652
2017-06-14,4,3,7,57.14285714285714,141.6804894356086
2017-06-15,3,4,7,42.857142857142854,142.96190982782645
2017-06-16,4,3,7,57.14285714285714,143.4447817657301
2017-06-19,4,3,7,57.14285714285714,143.2680586490328
2017-06-20,4,3,7,57.14285714285714,144.4469789545422
2017-06-21,5,2,7,71.42857142857143,145.3644590330257
2017-06-22,5,2,7,71.42857142857143,144.50998027054862
2017-06-23,4,3,7,57.14285714285714,142.42638192582726
2017-06-27,4,3,7,57.14285714285714,141.23152130392225
2017-06-28,5,2,7,71.42857142857143,141.6396770621792
2017-06-29,5,2,7,71.42857142857143,142.88863392421817
2017-06-30,4,3,7,57.14285714285714,142.67073094521984
2017-07-03,5,2,7,71.42857142857143,143.52837912986902
2017-07-04,5,2,7,71.42857142857143,143.56944888488195
2017-07-05,5,2,7,71.42857142857143,144.6178864117731
2017-07-06,5,2,7,71.42857142857143,143.7899444461723
2017-07-07,5,2,7,71.42857142857143,143.60441488690114
2017-07-10,6,1,7,85.71428571428571,145.11715622369707
2017-07-11,6,1,7,85.71428571428571,145.43828973684387
2017-07-12,6,1,7,85.71428571428571,145.50054672420995
2017-07-13,6,1,7,85.71428571428571,148.4083307651356
2017-07-14,5,2,7,71.42857142857143,147.65575921900006
2017-07-17,5,2,7,71.42857142857143,146.499108168666
2017-07-18,5,2,7,71.42857142857143,145.06661481925593
2017-07-19,6,1,7,85.71428571428571,145.3784820251082
2017-07-20,6,1,7,85.71428571428571,144.3861924410216
2017-07-21,6,1,7,85.71428571428571,145.16460807635653
2017-07-24,6,1,7,85.71428571428571,144.00973711585945
2017-07-25,6,1,7,85.71428571428571,143.17756743294947
2017-07-26,6,1,7,85.71428571428571,145.0264856183229
2017-07-27,6,1,7,85.71428571428571,145.14025251807902
2017-07-28,6,1,7,85.71428571428571,146.58080315041084
2017-07-31,6,1,7,85.71428571428571,145.87228985365482
2017-08-01,6,1,7,85.71428571428571,145.16874866938053
2017-08-02,6,1,7,85.71428571428571,145.40208380543183
2017-08-03,6,1,7,85.71428571428571,143.8633831039119
2017-08-04,5,2,7,71.42857142857143,144.53283951769373
2017-08-07,4,3,7,57.14285714285714,145.04786383625034
2017-08-08,4,3,7,57.14285714285714,143.38923378430314
2017-08-09,4,3,7,57.14285714285714,142.24332722682226
2017-08-10,3,4,7,42.857142857142854,135.8770159295139
2017-08-11,3,4,7,42.857142857142854,133.47852406606947
2017-08-14,4,3,7,57.14285714285714,138.0410546838699
2017-08-16,5,2,7,71.42857142857143,138.70765018523326
2017-08-17,4,3,7,57.14285714285714,137.99133062957745
2017-08-18,4,3,7,57.14285714285714,140.40559248185525
2017-08-21,3,4,7,42.857142857142854,137.496836740178
2017-08-22,2,5,7,28.57142857142857,135.54062333889837
2017-08-23,2,5,7,28.57142857142857,137.3776612496957
2017-08-24,3,4,7,42.857142857142854,137.67740280220147
2017-08-28,2,5,7,28.57142857142857,140.33253111467246
2017-08-29,2,5,7,28.57142857142857,138.80428716976598
2017-08-30,2,5,7,28.57142857142857,139.71433781636924
2017-08-31,3,4,7,42.857142857142854,140.28993504118097
2017-09-01,4,3,7,57.14285714285714,140.40263378922725
2017-09-04,2,5,7,28.57142857142857,138.56820409626943
2017-09-05,2,5,7,28.57142857142857,139.33760536666347
2017-09-06,3,4,7,42.857142857142854,139.19013776600224
2017-09-07,3,4,7,42.857142857142854,139.63907530492193
2017-09-08,3,4,7,42.857142857142854,140.765967741121
2017-09-11,4,3,7,57.14285714285714,143.6806711976854
2017-09-12,4,3,7,57.14285714285714,146.1036001855326
2017-09-13,4,3,7,57.14285714285714,146.83594051063687
2017-09-14,4,3,7,57.14285714285714,146.88437212298925
2017-09-15,4,3,7,57.14285714285714,144.1474148080399
2017-09-18,4,3,7,57.14285714285714,143.05950836196084
2017-09-19,4,3,7,57.14285714285714,144.07351244045032
2017-09-20,4,3,7,57.14285714285714,143.2780594170757
2017-09-21,4,3,7,57.14285714285714,142.76929183464725
2017-09-22,3,4,7,42.857142857142854,139.38389678669904
2017-09-25,4,3,7,57.14285714285714,138.40111586945926
2017-09-26,2,5,7,28.57142857142857,137.95256858444495
2017-09-27,3,4,7,42.857142857142854,135.08053432613585
2017-09-28,3,4,7,42.857142857142854,136.08331410178343
2017-09-29,3,4,7,42.857142857142854,136.5235892444032
2017-10-03,3,4,7,42.857142857142854,139.5650272725522
2017-10-04,3,4,7,42.857142857142854,139.6240685893355
2017-10-05,3,4,7,42.857142857142854,139.2343085987458
2017-10-06,4,3,7,57.14285714285714,141.01250326731167
2017-10-09,4,3,7,57.14285714285714,140.38131261799452
2017-10-10,4,3,7,57.14285714285714,143.05493642101655
2017-10-11,4,3,7,57.14285714285714,141.98317287032617
2017-10-12,4,3,7,57.14285714285714,143.347752776199
2017-10-13,4,3,7,57.14285714285714,142.97068599327244
2017-10-16,4,3,7,57.14285714285714,143.86287358033056
2017-10-17,4,3,7,57.14285714285714,144.0039040741938
2017-10-18,4,3,7,57.14285714285714,143.89053953454177
2017-10-19,4,3,7,57.14285714285714,143.3145053931498
2017-10-23,4,3,7,57.14285714285714,142.8010025938662
2017-10-24,4,3,7,57.14285714285714,143.67061698256535
2017-10-25,4,3,7,57.14285714285714,145.59512480247523
2017-10-26,4,3,7,57.14285714285714,146.08212438654542
2017-10-27,4,3,7,57.14285714285714,150.45170418735856
2017-10-30,4,3,7,57.14285714285714,153.28657600081777
2017-10-31,4,3,7,57.14285714285714,155.00302475020612
2017-11-01,4,3,7,57.14285714285714,154.23600427421377
2017-11-02,4,3,7,57.14285714285714,152.3410817541327
2017-11-03,4,3,7,57.14285714285714,151.07354624621308
2017-11-06,4,3,7,57.14285714285714,151.52380795848887
2017-11-07,4,3,7,57.14285714285714,148.9541591745627
2017-11-08,4,3,7,57.14285714285714,148.28337715948095
2017-11-09,4,3,7,57.14285714285714,149.66731575908827
2017-11-10,4,3,7,57.14285714285714,149.39230156649833
2017-11-13,4,3,7,57.14285714285714,146.99588760540857
2017-11-14,4,3,7,57.14285714285714,145.91706349265795
2017-11-15,4,3,7,57.14285714285714,144.11056908469206
2017-11-16,4,3,7,57.14285714285714,145.07704438013866
2017-11-17,4,3,7,57.14285714285714,146.6203766605162
2017-11-20,4,3,7,57.14285714285714,147.31919264355324
2017-11-21,4,3,7,57.14285714285714,147.99785065624857
2017-11-22,4,3,7,57.14285714285714,146.84755753409115
2017-11-23,4,3,7,57.14285714285714,148.9607686692349
2017-11-24,4,3,7,57.14285714285714,149.87120767948602
2017-11-27,4,3,7,57.14285714285714,153.5974191835105
2017-11-28,5,2,7,71.42857142857143,153.03655544859228
2017-11-29,5,2,7,71.42857142857143,152.48404046625907
2017-11-30,4,3,7,57.14285714285714,151.18857913737423
2017-12-01,4,3,7,57.14285714285714,148.58919365902184
2017-12-04,5,2,7,71.42857142857143,151.2817186321677
2017-12-05,5,2,7,71.42857142857143,149.2125523074268
2017-12-06,4,3,7,57.14285714285714,147.27891525566912
2017-12-07,5,2,7,71.42857142857143,150.34381641271634
2017-12-08,5,2,7,71.42857142857143,150.92085646710706
2017-12-11,4,3,7,57.14285714285714,150.87886662436313
2017-12-12,3,4,7,42.857142857142854,148.83936188832038
2017-12-13,4,3,7,57.14285714285714,148.56773918282303
2017-12-14,3,4,7,42.857142857142854,147.53052911715673
2017-12-15,4,3,7,57.14285714285714,148.97789820738896
2017-12-18,4,3,7,57.14285714285714,148.259063282922
2017-12-19,4,3,7,57.14285714285714,149.7251309804954
2017-12-20,4,3,7,57.14285714285714,150.83516336813838
2017-12-21,5,2,7,71.42857142857143,153.42110323921463
2017-12-22,6,1,7,85.71428571428571,155.1601826374875
2017-12-26,5,2,7,71.42857142857143,157.4045768424977
2017-12-27,5,2,7,71.42857142857143,156.66441976590218
2017-12-28,5,2,7,71.42857142857143,155.79430704530702
2017-12-29,5,2,7,71.42857142857143,158.92390860295944
2018-01-01,6,1,7,85.71428571428571,159.79762705455084
2018-01-02,5,2,7,71.42857142857143,159.8759751207956
2018-01-03,6,1,7,85.71428571428571,161.01140759718427
2018-01-04,5,2,7,71.42857142857143,164.18944974420185
2018-01-05,5,2,7,71.42857142857143,163.8041995504983
2018-01-08,6,1,7,85.71428571428571,163.59861368513754
2018-01-09,6,1,7,85.71428571428571,163.20378106014152
2018-01-10,6,1,7,85.71428571428571,163.22077348368546
2018-01-11,6,1,7,85.71428571428571,164.34830299477
2018-01-12,6,1,7,85.71428571428571,163.5960599967677
2018-01-15,6,1,7,85.71428571428571,163.0285658639513
2018-01-16,5,2,7,71.42857142857143,158.90210539153944
2018-01-17,5,2,7,71.42857142857143,159.02398311373926
2018-01-18,4,3,7,57.14285714285714,153.44118458273846
2018-01-19,4,3,7,57.14285714285714,154.89135891042943
2018-01-22,5,2,7,71.42857142857143,154.2297344542617
2018-01-23,5,2,7,71.42857142857143,155.04175234746143
2018-01-24,5,2,7,71.42857142857143,153.19647639999775
2018-01-25,4,3,7,57.14285714285714,151.63546884197027
2018-01-29,4,3,7,57.14285714285714,151.20991968458966
2018-01-30,5,2,7,71.42857142857143,151.36799912605213
2018-01-31,4,3,7,57.14285714285714,150.48384524103287
2018-02-01,4,3,7,57.14285714285714,150.3674791043649
2018-02-02,3,4,7,42.857142857142854,143.87505969282356
2018-02-05,3,4,7,42.857142857142854,144.6354868944038
2018-02-06,2,5,7,28.57142857142857,141.5583319614989
2018-02-07,3,4,7,42.857142857142854,143.96844342110182
2018-02-08,3,4,7,42.857142857142854,145.31149672559906
2018-02-09,3,4,7,42.857142857142854,146.14859482333657
2018-02-12,3,4,7,42.857142857142854,147.74196926669282
2018-02-14,3,4,7,42.857142857142854,147.7328185158857
2018-02-15,3,4,7,42.857142857142854,147.29440738241203
2018-02-16,3,4,7,42.857142857142854,147.00563188390925
2018-02-19,3,4,7,42.857142857142854,145.9210406938931
2018-02-20,3,4,7,42.857142857142854,147.0027569839168
2018-02-21,3,4,7,42.857142857142854,145.4222787711869
2018-02-22,3,4,7,42.857142857142854,143.6361978287512
2018-02-23,3,4,7,42.857142857142854,146.3005625186791
2018-02-26,3,4,7,42.857142857142854,146.220514385574
2018-02-27,3,4,7,42.857142857142854,146.05130193581732
2018-02-28,3,4,7,42.857142857142854,144.1346737989106
2018-03-01,3,4,7,42.857142857142854,146.2471106904826
2018-03-05,2,5,7,28.57142857142857,143.79160577277915
2018-03-06,2,5,7,28.57142857142857,142.23463621080398
2018-03-07,2,5,7,28.57142857142857,138.89000504633583
2018-03-08,2,5,7,28.57142857142857,138.93850561149662
2018-03-09,2,5,7,28.57142857142857,139.02230227523086
2018-03-12,3,4,7,42.857142857142854,140.15936025622779
2018-03-13,3,4,7,42.857142857142854,141.90904626692654
2018-03-14,3,4,7,42.857142857142854,140.70470999886396
2018-03-15,3,4,7,42.857142857142854,141.0471044556213
2018-03-16,2,5,7,28.57142857142857,139.65336247438313
2018-03-19,1,6,7,14.285714285714285,136.86707950905944
2018-03-20,1,6,7,14.285714285714285,137.1013519465445
2018-03-21,2,5,7,28.57142857142857,137.57962598441216
2018-03-22,2,5,7,28.57142857142857,135.57456111916017
2018-03-23,2,5,7,28.57142857142857,133.5948571847786
2018-03-26,2,5,7,28.57142857142857,135.2811656852164
2018-03-27,2,5,7,28.57142857142857,137.68290445897793
2018-03-28,2,5,7,28.57142857142857,135.0556208663188
2018-04-02,2,5,7,28.57142857142857,138.3352060939403
2018-04-03,4,3,7,57.14285714285714,142.48753833211188
2018-04-04,3,4,7,42.857142857142854,141.45610859992976
2018-04-05,4,3,7,57.14285714285714,143.04252442092056
2018-04-06,4,3,7,57.14285714285714,143.39223513451108
2018-04-09,5,2,7,71.42857142857143,143.7780783965473
2018-04-10,5,2,7,71.42857142857143,144.39183083074295
2018-04-11,5,2,7,71.42857142857143,144.02628866835474
2018-04-12,4,3,7,57.14285714285714,142.88990070282148
2018-04-13,4,3,7,57.14285714285714,142.16193351555566
2018-04-16,4,3,7,57.14285714285714,142.72408138277078
2018-04-17,4,3,7,57.14285714285714,143.550202206806
2018-04-18,4,3,7,57.14285714285714,144.39392794781213
2018-04-19,5,2,7,71.42857142857143,144.38437357058086
2018-04-20,5,2,7,71.42857142857143,142.86419921166592
2018-04-23,5,2,7,71.42857142857143,142.98161275069276
2018-04-24,4,3,7,57.14285714285714,141.8086189388817
2018-04-25,4,3,7,57.14285714285714,140.64913549379187
2018-04-26,4,3,7,57.14285714285714,139.800311344281
2018-04-27,5,2,7,71.42857142857143,140.35756253451
2018-04-30,5,2,7,71.42857142857143,141.67901860055125
2018-05-02,5,2,7,71.42857142857143,139.61778481061884
2018-05-03,5,2,7,71.42857142857143,139.02790830528525
2018-05-04,3,4,7,42.857142857142854,136.65786895473104
2018-05-07,3,4,7,42.857142857142854,137.29167082606898
2018-05-08,3,4,7,42.857142857142854,135.8790280992235
2018-05-09,3,4,7,42.857142857142854,134.95846238837547
2018-05-10,2,5,7,28.57142857142857,132.70958204772424
2018-05-11,0,7,7,0.0,131.6496821992313
2018-05-14,1,6,7,14.285714285714285,128.6011699853934
2018-05-15,1,6,7,14.285714285714285,129.12614254730786
2018-05-16,0,7,7,0.0,129.6554659637965
2018-05-17,0,7,7,0.0,129.78548528129102
2018-05-18,0,7,7,0.0,128.0848795649086
2018-05-21,0,7,7,0.0,126.754948961689
2018-05-22,0,7,7,0.0,126.86992201404304
2018-05-23,0,7,7,0.0,127.3116544332557
2018-05-24,0,7,7,0.0,126.72104271969621
2018-05-25,0,7,7,0.0,129.3152379084096
2018-05-28,0,7,7,0.0,132.15171093919514
2018-05-29,0,7,7,0.0,131.03251214412256
2018-05-30,1,6,7,14.285714285714285,131.72959059290767
2018-05-31,1,6,7,14.285714285714285,129.55406686110405
2018-06-01,0,7,7,0.0,126.34475819898503
2018-06-04,0,7,7,0.0,123.44127362064474
2018-06-05,0,7,7,0.0,121.89580524231624
2018-06-06,0,7,7,0.0,122.89277021824884
2018-06-07,0,7,7,0.0,124.56670245405252
2018-06-08,0,7,7,0.0,125.32177830803477
2018-06-11,0,7,7,0.0,125.53959576808185
2018-06-12,0,7,7,0.0,124.63712126684297
2018-06-13,0,7,7,0.0,123.35224795754766
2018-06-14,0,7,7,0.0,122.24615132728076
2018-06-15,0,7,7,0.0,120.42729505439398
2018-06-18,0,7,8,0.0,119.94791255136474
2018-06-19,0,7,8,0.0,119.59981393209
2018-06-20,0,7,8,0.0,119.83906103017239
2018-06-21,0,7,8,0.0,118.21802535747523
2018-06-22,0,7,8,0.0,118.90908357588962
2018-06-25,0,7,8,0.0,117.79364043291321
2018-06-26,0,7,8,0.0,117.10018468742011
2018-06-27,0,7,8,0.0,113.96370427861456
2018-06-28,0,7,8,0.0,111.76619071365678
2018-06-29,0,7,8,0.0,113.83310163939964
2018-07-02,0,7,8,0.0,110.27277695284074
2018-07-03,0,7,8,0.0,111.25525920686134
2018-07-04,0,7,8,0.0,113.26506416894216
2018-07-05,0,7,8,0.0,113.09882717913683
2018-07-06,0,7,8,0.0,113.33364833532416
2018-07-09,0,7,8,0.0,114.47933331588655
2018-07-10,0,7,8,0.0,115.51462872116598
2018-07-11,0,7,8,0.0,115.87307731772556
2018-07-12,0,7,8,0.0,114.49747194287445
2018-07-13,0,7,8,0.0,113.79004752461286
2018-07-16,0,7,8,0.0,112.01476535530534
2018-07-17,0,7,8,0.0,113.30040860432095
2018-07-18,0,7,8,0.0,111.20130860029458
2018-07-19,0,7,8,0.0,110.18384090003114
2018-07-20,0,7,8,0.0,112.59292420463049
2018-07-23,0,7,8,0.0,117.34345981718155
2018-07-24,0,7,8,0.0,122.01233696244742
2018-07-25,0,7,8,0.0,123.0093731007916
2018-07-26,0,7,8,0.0,123.6763286821401
2018-07-27,0,7,8,0.0,126.16556895776947
2018-07-30,0,7,8,0.0,128.50201989110616
2018-07-31,0,7,8,0.0,128.23054722592087
2018-08-01,0,7,8,0.0,129.03983430230656
2018-08-02,0,7,8,0.0,131.087331175746
2018-08-03,0,7,8,0.0,132.01257949983753
2018-08-06,0,7,8,0.0,131.70282016907345
2018-08-07,0,7,8,0.0,130.80770309759075
2018-08-08,0,7,8,0.0,130.18937854791125
2018-08-09,0,7,8,0.0,130.64785275589236
2018-08-10,0,7,8,0.0,131.46865487419717
2018-08-13,0,7,8,0.0,129.42292609907767
2018-08-14,0,7,8,0.0,129.48100480696243
2018-08-16,0,7,8,0.0,129.17467598336415
2018-08-17,0,7,8,0.0,129.55162330160113
2018-08-20,0,7,8,0.0,130.43502882746643
2018-08-21,0,7,8,0.0,131.39079274712734
2018-08-23,0,7,8,0.0,131.2087085132267
2018-08-24,0,7,8,0.0,130.04472657391284
2018-08-27,0,7,8,0.0,131.09881618940145
2018-08-28,1,6,8,14.285714285714285,131.98257648505628
2018-08-29,0,7,8,0.0,132.72620566176448
2018-08-30,1,6,8,14.285714285714285,132.16798887320033
2018-08-31,1,6,8,14.285714285714285,133.791407011762
2018-09-03,1,6,8,14.285714285714285,133.54525646370197
2018-09-04,1,6,8,14.285714285714285,129.461618674049
2018-09-05,1,6,8,14.285714285714285,128.87078039451808
2018-09-06,1,6,8,14.285714285714285,130.7968866556025
2018-09-07,1,6,8,14.285714285714285,132.13390283049304
2018-09-10,1,6,8,14.285714285714285,130.3129713326901
2018-09-11,1,6,8,14.285714285714285,128.66132096538777
2018-09-12,1,6,8,14.285714285714285,129.24431528658465
2018-09-14,1,6,8,14.285714285714285,131.77258735819112
2018-09-17,1,6,8,14.285714285714285,134.14047418521716
2018-09-18,1,6,8,14.285714285714285,131.47234048556734
2018-09-19,1,6,8,14.285714285714285,129.61368427107186
2018-09-21,1,6,8,14.285714285714285,125.7777990986241
2018-09-24,1,6,8,14.285714285714285,123.0516388001883
2018-09-25,1,6,8,14.285714285714285,122.76066190842539
2018-09-26,1,6,8,14.285714285714285,121.84686966233893
2018-09-27,1,6,8,14.285714285714285,119.50137053704324
2018-09-28,1,6,8,14.285714285714285,115.00180585792785
2018-10-01,1,6,8,14.285714285714285,115.1197766448555
2018-10-03,1,6,8,14.285714285714285,115.71668827491712
2018-10-04,1,6,8,14.285714285714285,114.16866880026969
2018-10-05,0,7,8,0.0,110.04964675364681
2018-10-08,1,6,8,14.285714285714285,107.61357007673533
2018-10-09,0,7,8,0.0,106.08267142482717
2018-10-10,1,6,8,14.285714285714285,111.39618016979817
2018-10-11,0,7,8,0.0,110.00039241678468
2018-10-12,1,6,8,14.285714285714285,115.44233939055404
2018-10-15,1,6,8,14.285714285714285,118.44715058486031
2018-10-16,1,6,8,14.285714285714285,121.65206995545574
2018-10-17,0,7,8,0.0,118.6881385968408
2018-10-19,0,7,8,0.0,116.81386285590688
2018-10-22,1,6,8,14.285714285714285,115.61577072513674
2018-10-23,1,6,8,14.285714285714285,115.22717906396093
2018-10-24,1,6,8,14.285714285714285,115.96088723963196
2018-10-25,0,7,8,0.0,116.96488005948946
2018-10-26,0,7,8,0.0,116.24477749829991
2018-10-29,0,7,8,0.0,120.6468831443174
2018-10-30,0,7,8,0.0,120.4217139686089
2018-10-31,0,7,8,0.0,120.74853187801071
2018-11-01,0,7,8,0.0,121.32883570564181
2018-11-02,0,7,8,0.0,122.15147304491613
2018-11-05,0,7,8,0.0,123.59677704963596
2018-11-06,0,7,8,0.0,123.16449304625236
2018-11-07,0,7,8,0.0,124.59934966201622
2018-11-09,1,6,8,14.285714285714285,126.57210194856339
2018-11-12,1,6,8,14.285714285714285,123.92041768961106
2018-11-13,1,6,8,14.285714285714285,124.70382292955237
2018-11-14,2,5,8,28.57142857142857,124.13379520181287
2018-11-15,1,6,8,14.285714285714285,122.40451480082871
2018-11-16,1,6,8,14.285714285714285,121.95271703477724
2018-11-19,1,6,8,14.285714285714285,120.9404609542425
2018-11-20,2,5,8,28.57142857142857,120.20655509341242
2018-11-21,2,5,8,28.57142857142857,120.76329534928425
2018-11-22,1,6,8,14.285714285714285,120.78601853936628
2018-11-26,1,6,8,14.285714285714285,120.78971095626116
2018-11-27,1,6,8,14.285714285714285,122.249096419712
2018-11-28,1,6,8,14.285714285714285,120.89923335249256
2018-11-29,1,6,8,14.285714285714285,119.31145104724057
2018-11-30,1,6,8,14.285714285714285,119.30671739798973
2018-12-03,2,5,8,28.57142857142857,122.46738582712757
2018-12-04,2,5,8,28.57142857142857,121.39140087894165
2018-12-05,2,5,8,28.57142857142857,120.75915448585486
2018-12-06,2,5,8,28.57142857142857,119.1502461035777
2018-12-07,2,5,8,28.57142857142857,117.65411338082497
2018-12-10,2,5,8,28.57142857142857,114.16416514034037
2018-12-11,2,5,8,28.57142857142857,115.90954395648379
2018-12-12,2,5,8,28.57142857142857,117.99177933935967
2018-12-13,2,5,8,28.57142857142857,118.09613853629952
2018-12-14,3,4,8,42.857142857142854,118.72337712938517
2018-12-17,3,4,8,42.857142857142854,118.91566175036598
2018-12-18,3,4,8,42.857142857142854,119.26147926878492
2018-12-19,3,4,8,42.857142857142854,120.17553847543847
2018-12-20,3,4,8,42.857142857142854,120.24969540759241
2018-12-21,3,4,8,42.857142857142854,119.06751796363713
2018-12-24,2,5,8,28.57142857142857,118.11061819128128
2018-12-26,1,6,8,14.285714285714285,117.364866158051
2018-12-27,2,5,8,28.57142857142857,116.89721668375638
2018-12-28,2,5,8,28.57142857142857,118.40901616057262
2018-12-31,2,5,8,28.57142857142857,118.23610692063546
2019-01-01,2,5,8,28.57142857142857,118.45513281505389
2019-01-02,2,5,8,28.57142857142857,117.41093754226259
2019-01-03,1,6,8,14.285714285714285,116.41737587524084
2019-01-04,1,6,8,14.285714285714285,116.87386814169906
2019-01-07,2,5,8,28.57142857142857,117.45207083152143
2019-01-08,2,5,8,28.57142857142857,117.3024288986802
2019-01-09,1,6,8,14.285714285714285,116.72884770502294
2019-01-10,1,6,8,14.285714285714285,116.74960855750037
2019-01-11,2,5,8,28.57142857142857,116.42666266898986
2019-01-14,1,6,8,14.285714285714285,115.5213091194167
2019-01-15,1,6,8,14.285714285714285,115.66194478800075
2019-01-16,2,5,8,28.57142857142857,116.32912776685554
2019-01-17,2,5,8,28.57142857142857,115.92571915882988
2019-01-18,1,6,8,14.285714285714285,115.08522327224222
2019-01-21,1,6,8,14.285714285714285,114.54057529531897
2019-01-22,2,5,8,28.57142857142857,114.33270376707434
2019-01-23,0,7,8,0.0,113.9247060527137
2019-01-24,1,7,8,12.5,113.23041741372204
2019-01-25,0,8,8,0.0,110.94138573586297
2019-01-28,0,8,8,0.0,108.30958528713906
2019-01-29,0,8,8,0.0,108.98890351979782
2019-01-30,0,8,8,0.0,110.06009772444871
2019-01-31,0,8,8,0.0,108.89322645172565
2019-02-01,1,7,8,12.5,110.48544396791546
2019-02-04,1,7,8,12.5,108.38533860376451
2019-02-05,0,8,8,0.0,102.94250699211243
2019-02-06,0,8,8,0.0,103.76539307886962
2019-02-07,0,8,8,0.0,105.10600152878695
2019-02-08,0,8,8,0.0,104.20293915204736
2019-02-11,0,8,8,0.0,102.45096858602056
2019-02-12,0,8,8,0.0,102.86248319299325
2019-02-13,0,8,8,0.0,101.70580489747965
2019-02-14,0,8,8,0.0,101.94749439175956
2019-02-15,0,8,8,0.0,102.04135814715747
2019-02-18,0,8,8,0.0,101.14712400821493
2019-02-19,0,8,8,0.0,101.39186379757739
2019-02-20,0,8,8,0.0,102.93604549278648
2019-02-21,0,8,8,0.0,105.70870599365692
2019-02-22,0,8,8,0.0,112.30500240816662
2019-02-25,0,8,8,0.0,111.36005359795509
2019-02-26,0,8,8,0.0,110.33019421596093
2019-02-27,0,8,8,0.0,110.1426714374792
2019-02-28,0,8,8,0.0,110.38685884688996
2019-03-01,0,8,8,0.0,113.04622859331599
2019-03-05,2,6,8,25.0,120.10116236952919
2019-03-06,2,6,8,25.0,121.81467113283124
2019-03-07,3,5,8,37.5,120.72635932518708
2019-03-08,4,4,8,50.0,121.37553899425396
2019-03-11,4,4,8,50.0,122.2978536881298
2019-03-12,5,3,8,62.5,123.76384638826256
2019-03-13,4,4,8,50.0,122.09850819066226
2019-03-14,3,5,8,37.5,121.94050641197911
2019-03-15,4,4,8,50.0,121.07360492128696
2019-03-18,4,4,8,50.0,122.44480356298749
2019-03-19,4,4,8,50.0,121.83622369182687
2019-03-20,3,5,8,37.5,119.85300626279331
2019-03-22,2,6,8,25.0,119.60208246256474
2019-03-25,2,6,8,25.0,118.02641500240487
2019-03-26,3,5,8,37.5,119.37236787010532
2019-03-27,3,5,8,37.5,119.06123858519138
2019-03-28,3,5,8,37.5,119.28357677722336
2019-03-29,4,4,8,50.0,120.36545409428822
2019-04-01,4,4,8,50.0,121.94831666294101
2019-04-02,5,3,8,62.5,123.9810990095909
2019-04-03,3,5,8,37.5,121.08518176701675
2019-04-04,3,5,8,37.5,121.53305334195524
2019-04-05,3,5,8,37.5,121.48795852743955
2019-04-08,3,5,8,37.5,120.95874447198855
2019-04-09,3,5,8,37.5,121.62718190858206
2019-04-10,3,5,8,37.5,121.12628912311081
2019-04-11,4,4,8,50.0,121.08349054791722
2019-04-12,4,4,8,50.0,123.07048449964553
2019-04-15,3,5,8,37.5,123.88298787071554
2019-04-16,4,4,8,50.0,126.64122645921884
2019-04-18,4,4,8,50.0,125.07744512110592
2019-04-22,4,4,8,50.0,123.56217360425386
2019-04-23,4,4,8,50.0,123.354286861304
2019-04-24,4,4,8,50.0,123.75799724080416
2019-04-25,4,4,8,50.0,121.99733127673713
2019-04-26,4,4,8,50.0,122.72365841505763
2019-04-30,3,5,8,37.5,120.19536316367925
2019-05-02,3,5,8,37.5,120.14547387870185
2019-05-03,3,5,8,37.5,120.76348302609696
2019-05-06,3,5,8,37.5,119.08022715396514
2019-05-07,3,5,8,37.5,117.1408467218409
2019-05-08,2,6,8,25.0,114.40123147720416
2019-05-09,1,7,8,12.5,113.72846288550929
2019-05-10,2,6,8,25.0,115.32350115557544
2019-05-13,0,8,8,0.0,111.57619368016975
2019-05-14,0,8,8,0.0,112.25811811666297
2019-05-15,0,8,8,0.0,110.32476571785847
2019-05-16,0,8,8,0.0,110.0563755011514
2019-05-17,0,8,8,0.0,110.16231924752347
2019-05-20,3,5,8,37.5,117.27972833667503
2019-05-21,2,6,8,25.0,115.76965202179159
2019-05-22,2,6,8,25.0,116.37781978653965
2019-05-23,2,6,8,25.0,115.72975589361488
2019-05-24,2,6,8,25.0,118.30713025222461
2019-05-27,3,5,8,37.5,121.14020324747207
2019-05-28,5,3,8,62.5,124.08672582057206
2019-05-29,5,3,8,62.5,122.88173655189007
2019-05-30,5,3,8,62.5,124.7642107716021
2019-05-31,5,3,8,62.5,123.05786186288945
2019-06-03,5,3,8,62.5,122.80957697277736
2019-06-04,5,3,8,62.5,123.22418851520058
2019-06-06,5,3,8,62.5,122.41812193708361
2019-06-07,5,3,8,62.5,121.52003102268414
2019-06-10,5,3,8,62.5,118.85714012156367
2019-06-11,5,3,8,62.5,119.4048187797071
2019-06-12,5,3,8,62.5,118.5458317224233
2019-06-13,5,3,8,62.5,118.00144184832868
2019-06-14,4,4,8,50.0,116.08803099418563
2019-06-17,2,6,8,25.0,113.82450993886677
2019-06-18,1,7,8,12.5,112.60881870600141
2019-06-19,1,7,8,12.5,110.59777491146876
2019-06-20,3,5,8,37.5,115.35044471659116
2019-06-21,3,5,8,37.5,117.80212855995116
2019-06-24,4,4,8,50.0,119.27086181401079
2019-06-25,3,5,8,37.5,120.32535676797906
2019-06-26,6,2,8,75.0,124.15435031787764
2019-06-27,4,4,8,50.0,123.56981710383381
2019-06-28,4,4,8,50.0,123.00197276486962
2019-07-01,5,3,8,62.5,123.25558426565293
2019-07-02,5,3,8,62.5,125.9505393899603
2019-07-03,5,3,8,62.5,126.43341162288351
2019-07-04,5,3,8,62.5,126.31668578053382
2019-07-05,4,4,8,50.0,123.18740712099448
2019-07-08,3,5,8,37.5,119.15773845233426
2019-07-09,4,4,8,50.0,122.76252008135825
2019-07-10,4,4,8,50.0,122.06582242758786
2019-07-11,4,4,8,50.0,122.98088688354407
2019-07-12,4,4,8,50.0,123.06296540015784
2019-07-15,4,4,8,50.0,122.05670267263528
2019-07-16,4,4,8,50.0,121.95688661373501
2019-07-17,4,4,8,50.0,120.99496426482395
2019-07-18,4,4,8,50.0,118.26380286771668
2019-07-19,4,4,8,50.0,117.80651309380805
2019-07-22,3,5,8,37.5,116.57786102158178
2019-07-23,4,4,8,50.0,117.1500969223597
2019-07-24,3,5,8,37.5,114.89555152147804
2019-07-25,2,6,8,25.0,113.35511927615791
2019-07-26,2,6,8,25.0,116.16595495903125
2019-07-29,3,5,8,37.5,116.29377772109886
2019-07-30,3,5,8,37.5,113.30688644821745
2019-07-31,3,5,8,37.5,112.43175997310988
2019-08-01,2,6,8,25.0,110.5156988943543
2019-08-02,1,7,8,12.5,110.48281732662204
2019-08-05,1,7,8,12.5,108.8826013609965
2019-08-06,1,7,8,12.5,110.175030342165
2019-08-07,2,6,8,25.0,110.20316387777362
2019-08-08,2,6,8,25.0,110.44788408079495
2019-08-09,2,6,8,25.0,110.71673064287823
2019-08-13,1,7,8,12.5,108.76647478618322
2019-08-14,1,7,8,12.5,107.62247990034312
2019-08-16,1,7,8,12.5,108.265096628144
2019-08-19,2,6,8,25.0,107.94164792382625
2019-08-20,2,6,8,25.0,106.53972259144584
2019-08-21,1,7,8,12.5,104.09701069249684
2019-08-22,1,7,8,12.5,102.69938160288146
2019-08-23,1,7,8,12.5,103.72715857637478
2019-08-26,1,7,8,12.5,105.39215440715155
2019-08-27,2,6,8,25.0,106.02049008204757
2019-08-28,1,7,8,12.5,103.9554130378316
2019-08-29,2,6,8,25.0,101.44584564227956
2019-08-30,2,6,8,25.0,103.66222445790143
2019-09-03,1,7,8,12.5,101.83214913741693
2019-09-04,1,7,8,12.5,101.34202352700719
2019-09-05,3,5,8,37.5,103.36496040617338
2019-09-06,3,5,8,37.5,102.97944860089343
2019-09-09,3,5,8,37.5,102.30372845977162
2019-09-11,3,5,8,37.5,104.53742039244706
2019-09-12,3,5,8,37.5,105.82700231546947
2019-09-13,4,4,8,50.0,107.0263737066986
2019-09-16,4,4,8,50.0,109.41839432945608
2019-09-17,2,6,8,25.0,108.5235189613351
2019-09-18,3,5,8,37.5,107.75302546946016
2019-09-19,3,5,8,37.5,105.64161720416226
2019-09-20,2,6,8,25.0,107.71614320210116
2019-09-23,2,6,8,25.0,108.07777560407604
2019-09-24,2,6,8,25.0,106.18001957984772
2019-09-25,2,6,8,25.0,104.33063053336392
2019-09-26,2,6,8,25.0,105.11787743984391
2019-09-27,2,6,8,25.0,103.60108250210742
2019-10-01,2,6,8,25.0,103.60108250210742
2019-10-03,2,6,8,25.0,104.76304011579083
2019-10-04,1,7,8,12.5,105.653689672245
2019-10-07,2,6,8,25.0,107.07748923643629
2019-10-09,2,6,8,25.0,108.46747412294802
2019-10-10,2,6,8,25.0,108.55213353812528
2019-10-11,2,6,8,25.0,111.15269011877504
2019-10-14,3,5,8,37.5,111.67202863190617
2019-10-15,3,5,8,37.5,112.37460646510024
2019-10-16,3,5,8,37.5,113.24396996770302
2019-10-17,2,6,8,25.0,115.62703025608172
2019-10-18,4,4,8,50.0,117.40031718423526
2019-10-22,2,6,8,25.0,115.53420321770768
2019-10-23,3,5,8,37.5,117.69277833742733
2019-10-24,3,5,8,37.5,116.03826211921522
2019-10-25,3,5,8,37.5,115.47399163078877
2019-10-27,3,5,8,37.5,116.57029029213928
2019-10-29,3,5,8,37.5,116.6592540175251
2019-10-30,3,5,8,37.5,116.95739833996399
2019-10-31,3,5,8,37.5,117.02297571870159
2019-11-01,4,4,8,50.0,117.82135160085781
2019-11-04,4,4,8,50.0,120.30730771437331
2019-11-05,4,4,8,50.0,119.36967142793964
2019-11-06,4,4,8,50.0,119.70708418086653
2019-11-07,4,4,8,50.0,120.76057100136623
2019-11-08,4,4,8,50.0,118.78479337051446
2019-11-11,4,4,8,50.0,118.5509257811854
2019-11-13,4,4,8,50.0,117.41254283720144
2019-11-14,4,4,8,50.0,115.73888897352589
2019-11-15,4,4,8,50.0,115.01725293855378
2019-11-18,4,4,8,50.0,115.10720750915992
2019-11-19,4,4,8,50.0,115.26712415649413
2019-11-20,4,4,8,50.0,115.54313679172932
2019-11-21,4,4,8,50.0,114.32247776567579
2019-11-22,4,4,8,50.0,115.89268785223766
2019-11-25,4,4,8,50.0,120.46998723702545
2019-11-26,4,4,8,50.0,121.30132098251067
2019-11-27,4,4,8,50.0,121.1164925412996
2019-11-28,4,4,8,50.0,121.21847647221655
2019-11-29,4,4,8,50.0,123.10928938837877
2019-12-02,4,4,8,50.0,125.25591781665817
2019-12-03,4,4,8,50.0,124.88554796135205
2019-12-04,4,4,8,50.0,125.04585729234886
2019-12-05,4,4,8,50.0,124.60997785114645
2019-12-06,4,4,8,50.0,121.19733095516312
2019-12-09,4,4,8,50.0,120.52065871952311
2019-12-10,4,4,8,50.0,118.02416929218296
2019-12-11,4,4,8,50.0,117.87511561649431
2019-12-12,4,4,8,50.0,118.37891055869112
2019-12-13,4,4,8,50.0,119.17873145158278
2019-12-16,4,4,8,50.0,118.97805291349286
2019-12-17,4,4,8,50.0,119.68015786449891
2019-12-18,4,4,8,50.0,118.67935261197506
2019-12-19,4,4,8,50.0,118.6887523437842
2019-12-20,4,4,8,50.0,119.09365771336363
2019-12-23,4,4,8,50.0,119.49046787937219
2019-12-24,4,4,8,50.0,120.47727615092607
2019-12-26,4,4,8,50.0,121.26071631942624
2019-12-27,4,4,8,50.0,120.47074451304407
2019-12-30,4,4,8,50.0,121.32556069233114
2019-12-31,4,4,8,50.0,122.52803517257122
2020-01-01,3,5,8,37.5,124.23483438269871
2020-01-02,4,4,8,50.0,128.09492339237988
2020-01-03,4,4,8,50.0,131.9702539224612
2020-01-06,3,5,8,37.5,134.16687015524315
2020-01-07,4,4,8,50.0,137.75432571970578
2020-01-08,4,4,8,50.0,136.59081748589452
2020-01-09,4,4,8,50.0,137.13375291876787
2020-01-10,3,5,8,37.5,135.39302695492182
2020-01-13,3,5,8,37.5,134.2023420000349
2020-01-14,3,5,8,37.5,133.32900974678387
2020-01-15,3,5,8,37.5,136.6106619508306
2020-01-16,3,5,8,37.5,137.97094495802475
2020-01-17,3,5,8,37.5,137.08204439691212
2020-01-20,3,5,8,37.5,137.8914624401083
2020-01-21,3,5,8,37.5,138.10088074673152
2020-01-22,3,5,8,37.5,136.00929576844445
2020-01-23,3,5,8,37.5,135.78387868430127
2020-01-24,3,5,8,37.5,136.5975153618593
2020-01-27,3,5,8,37.5,135.88989167293366
2020-01-28,3,5,8,37.5,135.22789891808569
2020-01-29,3,5,8,37.5,134.51332319713651
2020-01-30,3,5,8,37.5,131.86087509592525
2020-01-31,3,5,8,37.5,131.41845416678217
2020-02-01,3,5,8,37.5,128.50380419986251
2020-02-03,3,5,8,37.5,128.94796811682357
2020-02-04,3,5,8,37.5,130.29344748613906
2020-02-05,3,5,8,37.5,129.2602031475873
2020-02-06,3,5,8,37.5,130.61500808076985
2020-02-07,3,5,8,37.5,132.82112203755537
2020-02-10,3,5,8,37.5,132.23235045065303
2020-02-11,3,5,8,37.5,133.60987707646183
2020-02-12,3,5,8,37.5,131.61474845157665
2020-02-13,3,5,8,37.5,129.57086649742843
2020-02-14,3,5,8,37.5,128.50858301911066
2020-02-17,2,6,8,25.0,127.09664066758934
2020-02-18,2,6,8,25.0,126.17641283780475
2020-02-19,2,6,8,25.0,127.32396327018056
2020-02-20,2,6,8,25.0,127.84495579123399
2020-02-24,2,6,8,25.0,128.3941487066543
2020-02-25,2,6,8,25.0,128.84497723898642
2020-02-26,2,6,8,25.0,125.94525178599676
2020-02-27,2,6,8,25.0,124.17910331140303
2020-02-28,2,6,8,25.0,119.51827396696171
2020-03-02,1,7,8,12.5,118.91396182137701
2020-03-03,3,5,8,37.5,121.60933431720579
2020-03-04,2,6,8,25.0,116.69555411421648
2020-03-05,1,7,8,12.5,116.11142682578817
2020-03-06,1,7,8,12.5,112.3733980795592
2020-03-09,1,7,8,12.5,104.84544102657509
2020-03-11,1,7,8,12.5,105.25386073608554
2020-03-12,1,7,8,12.5,99.75669002221149
2020-03-13,1,7,8,12.5,102.16018404367682
2020-03-16,1,7,8,12.5,96.34833788399071
2020-03-17,1,7,8,12.5,95.42524433318239
2020-03-18,1,7,8,12.5,94.34061717831085
2020-03-19,1,7,8,12.5,91.87682952234793
2020-03-20,1,7,8,12.5,97.52361922611024
2020-03-23,1,7,8,12.5,89.66166377633913
2020-03-24,1,7,8,12.5,91.1852475453722
2020-03-25,1,7,8,12.5,91.99892217171382
2020-03-26,1,7,8,12.5,92.2246407392457
2020-03-27,1,7,8,12.5,93.32426206724062
2020-03-30,1,7,8,12.5,93.32428489913778
2020-03-31,1,7,8,12.5,95.02740022337139
2020-04-01,1,7,8,12.5,94.59449785162431
2020-04-03,1,7,8,12.5,94.35084944376824
2020-04-07,1,7,8,12.5,98.45437014174901
2020-04-08,1,7,8,12.5,101.73526480807473
2020-04-09,1,7,8,12.5,104.08443590169283
2020-04-13,1,7,8,12.5,105.37837557310843
2020-04-15,2,6,8,25.0,107.31081416691741
2020-04-16,2,6,8,25.0,109.82235244660016
2020-04-17,2,6,8,25.0,112.57298308299784
2020-04-20,1,7,8,12.5,113.76853678285215
2020-04-21,2,6,8,25.0,111.72199090347696
2020-04-22,1,7,8,12.5,110.94584381215884
2020-04-23,1,7,8,12.5,109.70752899796108
2020-04-24,1,7,8,12.5,107.08346586324606
2020-04-27,1,7,8,12.5,107.28940857729911
2020-04-28,1,7,8,12.5,106.60577508057514
2020-04-29,1,7,8,12.5,108.06624773897877
2020-04-30,1,7,8,12.5,110.53631619753375
2020-05-04,1,7,8,12.5,106.7451862474886
2020-05-05,1,7,8,12.5,106.0245244125487
2020-05-06,1,7,8,12.5,104.6057838463508
2020-05-07,1,7,8,12.5,104.97597987391136
2020-05-08,1,7,8,12.5,104.34008337162119
2020-05-11,1,7,8,12.5,104.77387995890679
2020-05-12,1,7,8,12.5,106.46396606226838
2020-05-13,1,7,8,12.5,109.86310780124116
2020-05-14,1,7,8,12.5,109.79406043628465
2020-05-15,1,7,8,12.5,109.21221034146127
2020-05-18,1,7,8,12.5,107.2022186051795
2020-05-19,1,7,8,12.5,108.79764159111053
2020-05-20,1,7,8,12.5,110.33727504727136
2020-05-21,2,6,8,25.0,110.68639172994148
2020-05-22,2,6,8,25.0,110.4728144979866
2020-05-26,2,6,8,25.0,111.65862657203346
2020-05-27,2,6,8,25.0,113.14350297610483
2020-05-28,2,6,8,25.0,114.12543735973324
2020-05-29,2,6,8,25.0,114.14713574312935
2020-06-01,2,6,8,25.0,117.8229765798706
2020-06-02,2,6,8,25.0,121.6860257902892
2020-06-03,2,6,8,25.0,121.24275841368315
2020-06-04,2,6,8,25.0,122.3008895618108
2020-06-05,2,6,8,25.0,127.77599438203889
2020-06-08,2,6,8,25.0,130.7291731692187
2020-06-09,2,6,8,25.0,132.66311958561602
2020-06-10,2,6,8,25.0,134.55447073846435
2020-06-11,2,6,8,25.0,134.0864304929466
2020-06-12,2,6,8,25.0,133.50785529947734
2020-06-15,2,6,8,25.0,132.94065088707666
2020-06-16,2,6,8,25.0,132.8828041729945
2020-06-17,3,5,8,37.5,134.01484243753853
2020-06-18,3,5,8,37.5,138.2160895317295
2020-06-19,3,5,8,37.5,141.55145397555037
2020-06-22,3,5,8,37.5,145.27732947423385
2020-06-23,4,4,8,50.0,151.3626478252164
2020-06-24,4,4,8,50.0,147.0914246389447
2020-06-25,3,5,8,37.5,144.6484709243517
2020-06-26,3,5,8,37.5,147.02328393265134
2020-06-29,3,5,8,37.5,144.27439964777082
2020-06-30,3,5,8,37.5,143.73433738092973
2020-07-01,3,5,8,37.5,144.63981169897303
2020-07-02,4,4,8,50.0,148.54959500092954
2020-07-03,4,4,8,50.0,150.4033014326851
2020-07-06,4,4,8,50.0,150.45877333353098
2020-07-07,4,4,8,50.0,149.52825407594176
2020-07-08,4,4,8,50.0,147.554185979846
2020-07-09,4,4,8,50.0,147.83364335383
2020-07-10,4,4,8,50.0,145.62477065661744
2020-07-13,4,4,8,50.0,143.0762948867018
2020-07-14,4,4,8,50.0,140.3743860174688
2020-07-15,4,4,8,50.0,139.65864601460848
2020-07-16,3,5,8,37.5,137.4439107644035
2020-07-17,5,3,8,62.5,140.50231443019356
2020-07-20,5,3,8,62.5,142.2304221632039
2020-07-21,5,3,8,62.5,143.10555785704753
2020-07-22,4,4,8,50.0,141.85083447872634
2020-07-23,4,4,8,50.0,140.41327598798682
2020-07-24,4,4,8,50.0,140.03694008314588
2020-07-27,4,4,8,50.0,139.7673361010332
2020-07-28,4,4,8,50.0,138.46251464880672
2020-07-29,4,4,8,50.0,140.62065010378006
2020-07-30,4,4,8,50.0,139.269770999898
2020-07-31,4,4,8,50.0,138.49792015136714
2020-08-03,4,4,8,50.0,138.74378400406323
2020-08-04,4,4,8,50.0,140.52313982864285
2020-08-05,4,4,8,50.0,140.4456954637219
2020-08-06,4,4,8,50.0,140.54675935683284
2020-08-07,4,4,8,50.0,144.87766309118294
2020-08-10,4,4,8,50.0,149.35461825804072
2020-08-11,4,4,8,50.0,146.9336342847453
2020-08-12,4,4,8,50.0,147.40600096292223
2020-08-13,4,4,8,50.0,148.48185019943446
2020-08-14,5,3,8,62.5,149.29780340775264
2020-08-17,6,2,8,75.0,153.33567436816037
2020-08-18,6,2,8,75.0,152.54685814647075
2020-08-19,6,2,8,75.0,153.29338006586056
2020-08-20,8,0,8,100.0,160.14556071871831
2020-08-21,8,0,8,100.0,161.6783748970609
2020-08-24,8,0,8,100.0,162.10619822760214
2020-08-25,8,0,8,100.0,163.56369068550507
2020-08-26,8,0,8,100.0,164.07819273298892
2020-08-27,8,0,8,100.0,164.88940985096505
2020-08-28,8,0,8,100.0,164.40592271620662
2020-08-31,7,1,8,87.5,157.74850739506093
2020-09-01,8,0,8,100.0,160.87060542865873
2020-09-02,8,0,8,100.0,165.44763802073788
2020-09-03,8,0,8,100.0,166.64509823018253
2020-09-04,7,1,8,87.5,163.02047977705502
2020-09-07,6,2,8,75.0,163.48501706783395
2020-09-08,6,2,8,75.0,160.9753724393719
2020-09-09,6,2,8,75.0,159.65188127509066
2020-09-10,6,2,8,75.0,159.01450920019178
2020-09-11,6,2,8,75.0,160.08314709828235
2020-09-14,6,2,8,75.0,160.97175479832345
2020-09-15,6,2,8,75.0,163.80725813180928
2020-09-16,6,2,8,75.0,162.69319566598287
2020-09-17,6,2,8,75.0,162.72872232959315
2020-09-18,6,2,8,75.0,162.56842638353405
2020-09-21,5,3,8,62.5,157.50143666982598
2020-09-22,5,3,8,62.5,152.89439427029617
2020-09-23,5,3,8,62.5,151.47634049995162
2020-09-24,4,4,8,50.0,149.90955224461146
2020-09-25,4,4,8,50.0,154.62437383369044
2020-09-28,4,4,8,50.0,156.830448592203
2020-09-29,4,4,8,50.0,157.75611852390003
2020-09-30,4,4,8,50.0,156.0580850711081
2020-10-01,4,4,8,50.0,156.98833035396206
2020-10-05,4,4,8,50.0,157.77177982759508
2020-10-06,4,4,8,50.0,157.5951563117167
2020-10-07,4,4,8,50.0,156.42723755724035
2020-10-08,4,4,8,50.0,156.0721236107801
2020-10-09,4,4,8,50.0,155.736116507882
2020-10-12,4,4,8,50.0,153.46490926828696
2020-10-13,4,4,8,50.0,154.8482356969096
2020-10-14,4,4,8,50.0,154.51741025656744
2020-10-15,4,4,8,50.0,154.19243510113213
2020-10-16,4,4,8,50.0,156.12706421583897
2020-10-19,4,4,8,50.0,157.55038939407063
2020-10-20,4,4,8,50.0,156.8033893251983
2020-10-21,4,4,8,50.0,157.51250516989154
2020-10-22,5,3,8,62.5,162.87024538298863
2020-10-23,6,2,8,75.0,163.83859027074735
2020-10-26,6,2,8,75.0,162.83681082427907
2020-10-27,6,2,8,75.0,165.20448226718202
2020-10-28,6,2,8,75.0,165.92377886581286
2020-10-29,6,2,8,75.0,165.0619835347917
2020-10-30,6,2,8,75.0,164.94474973461655
2020-11-02,6,2,8,75.0,164.13931065727542
2020-11-03,6,2,8,75.0,161.65594224004752
2020-11-04,5,3,8,62.5,160.41855942276234
2020-11-05,6,2,8,75.0,162.3233510745777
2020-11-06,6,2,8,75.0,163.7855475292734
2020-11-09,6,2,8,75.0,164.41448471899122
2020-11-10,7,1,8,87.5,164.3110841926563
2020-11-11,7,1,8,87.5,166.50293662937483
2020-11-12,7,1,8,87.5,168.39982594444817
2020-11-13,8,0,8,100.0,171.98887625292323
2020-11-14,7,1,8,87.5,175.10926868672058
2020-11-17,7,1,8,87.5,177.51723624494122
2020-11-18,7,1,8,87.5,178.53934224640312
2020-11-19,7,1,8,87.5,179.6595042383598
2020-11-20,8,0,8,100.0,185.78173508592923
2020-11-23,8,0,8,100.0,188.58624156827744
2020-11-24,8,0,8,100.0,187.88675638823094
2020-11-25,8,0,8,100.0,184.91621153829635
2020-11-26,8,0,8,100.0,186.95686803441055
2020-11-27,8,0,8,100.0,188.75642331384782
2020-12-01,8,0,8,100.0,193.07812739306308
2020-12-02,8,0,8,100.0,191.5110110313341
2020-12-03,8,0,8,100.0,196.3021113929602
2020-12-04,8,0,8,100.0,195.977910222219
2020-12-07,8,0,8,100.0,196.7296907367223
2020-12-08,8,0,8,100.0,195.21905541092744
2020-12-09,8,0,8,100.0,195.55075862453452
2020-12-10,8,0,8,100.0,194.59638213528837
2020-12-11,8,0,8,100.0,201.1453211920918
2020-12-14,8,0,8,100.0,203.93969749182145
2020-12-15,8,0,8,100.0,205.93745879440883
2020-12-16,8,0,8,100.0,212.54630153954173
2020-12-17,8,0,8,100.0,211.8367125545234
2020-12-18,8,0,8,100.0,212.89848285721914
2020-12-21,8,0,8,100.0,204.6897065775663
2020-12-22,8,0,8,100.0,206.8742893875332
2020-12-23,8,0,8,100.0,210.36563260970027
2020-12-24,8,0,8,100.0,212.8706614480973
2020-12-28,8,0,8,100.0,215.725157159155
2020-12-29,8,0,8,100.0,215.55093534325405
2020-12-30,8,0,8,100.0,216.8530116187387
2020-12-31,8,0,8,100.0,218.11175592640342
2021-01-01,8,0,8,100.0,221.92201253160363
2021-01-04,8,0,8,100.0,227.81440153014626
2021-01-05,8,0,8,100.0,230.46952023801143
2021-01-06,8,0,8,100.0,231.21776824412294
2021-01-07,8,0,8,100.0,232.36944968969362
2021-01-08,8,0,8,100.0,232.1915957240714
2021-01-11,8,0,8,100.0,229.9286341368477
2021-01-12,8,0,8,100.0,233.28058114822753
2021-01-13,8,0,8,100.0,229.95176960899667
2021-01-14,8,0,8,100.0,230.60862463274594
2021-01-15,8,0,8,100.0,230.64939523409444
2021-01-18,8,0,8,100.0,226.66835029436047
2021-01-19,8,0,8,100.0,230.54858588645928
2021-01-20,8,0,8,100.0,230.41770948986624
2021-01-21,8,0,8,100.0,229.3536415610058
2021-01-22,8,0,8,100.0,224.5969897564881
2021-01-25,8,0,8,100.0,220.79484372100006
2021-01-27,7,1,8,87.5,219.4118307341955
2021-01-28,8,0,8,100.0,219.7836540530764
2021-01-29,7,1,8,87.5,219.7285773843916
2021-02-01,8,0,8,100.0,223.716061675001
2021-02-02,8,0,8,100.0,227.24431535081098
2021-02-03,8,0,8,100.0,227.53112919507896
2021-02-04,8,0,8,100.0,234.76109712467493
2021-02-05,8,0,8,100.0,232.29531174430096
2021-02-08,8,0,8,100.0,233.2399914249013
2021-02-09,8,0,8,100.0,231.0623054992011
2021-02-10,8,0,8,100.0,232.3095822730197
2021-02-11,8,0,8,100.0,237.37607239691286
2021-02-12,8,0,8,100.0,235.82923515687165
2021-02-15,8,0,8,100.0,234.4675672781223
2021-02-16,8,0,8,100.0,233.67805909102705
2021-02-17,8,0,8,100.0,233.55035233248321
2021-02-18,8,0,8,100.0,237.04259663658448
2021-02-19,8,0,8,100.0,235.08284967949967
2021-02-22,8,0,8,100.0,232.21085536752594
2021-02-23,8,0,8,100.0,236.15513366371778
2021-02-24,8,0,8,100.0,237.02113655414
2021-02-25,8,0,8,100.0,241.52468636529187
2021-02-26,8,0,8,100.0,240.82624374051497
2021-03-01,8,0,8,100.0,245.1703182772932
2021-03-02,8,0,8,100.0,254.69806254122912
2021-03-03,8,0,8,100.0,254.86058637781298
2021-03-04,8,0,8,100.0,257.0453679673848
2021-03-05,8,0,8,100.0,251.75996515236073
2021-03-08,8,0,8,100.0,255.9903394730777
2021-03-09,8,0,8,100.0,252.3894546214851
2021-03-10,8,0,8,100.0,253.6105984063593
2021-03-12,8,0,8,100.0,253.58615208508363
2021-03-15,8,0,8,100.0,253.43743277192937
2021-03-16,8,0,8,100.0,253.74688458794873
2021-03-17,8,0,8,100.0,246.79468102385883
2021-03-18,8,0,8,100.0,243.47242149702262
2021-03-19,8,0,8,100.0,248.51299725304995
2021-03-22,8,0,8,100.0,252.87817072014494
2021-03-23,8,0,8,100.0,257.1419705925869
2021-03-24,8,0,8,100.0,254.60583547396126
2021-03-25,8,0,8,100.0,246.77426806948586
2021-03-26,8,0,8,100.0,250.30622272374123
2021-03-30,8,0,8,100.0,251.85703185453687
2021-03-31,8,0,8,100.0,246.2585791695869
2021-04-01,8,0,8,100.0,251.66264077343087
2021-04-05,8,0,8,100.0,246.78797993229225
2021-04-06,8,0,8,100.0,248.94551009687217
2021-04-07,8,0,8,100.0,249.07728464139626
2021-04-08,8,0,8,100.0,247.04587248421572
2021-04-09,8,0,8,100.0,250.34694104979218
2021-04-12,8,0,8,100.0,234.9641923430203
2021-04-13,8,0,8,100.0,242.0582763593058
2021-04-15,8,0,8,100.0,241.27458860160237
2021-04-16,8,0,8,100.0,244.5720017122838
2021-04-19,7,1,8,87.5,236.9922813667444
2021-04-20,7,1,8,87.5,239.52885215363682
2021-04-22,7,1,8,87.5,245.316108025672
2021-04-23,7,1,8,87.5,250.2268269799278
2021-04-26,8,0,8,100.0,250.65564473283692
2021-04-27,8,0,8,100.0,250.97018962582572
2021-04-28,8,0,8,100.0,250.81364505292467
2021-04-29,8,0,8,100.0,249.69675936569885
2021-04-30,8,0,8,100.0,250.0504544742863
2021-05-03,8,0,8,100.0,253.99176674838878
2021-05-04,8,0,8,100.0,253.83084433235942
2021-05-05,8,0,8,100.0,257.34528638600136
2021-05-06,8,0,8,100.0,256.7120034634101
2021-05-07,8,0,8,100.0,257.70059891480605
2021-05-10,8,0,8,100.0,267.35712200459216
2021-05-11,8,0,8,100.0,275.32345446999307
2021-05-12,8,0,8,100.0,269.974634890825
2021-05-14,8,0,8,100.0,266.31855972997977
2021-05-17,8,0,8,100.0,267.84443395564574
2021-05-18,8,0,8,100.0,271.51915314129286
2021-05-19,8,0,8,100.0,272.7491355372456
2021-05-20,8,0,8,100.0,271.6020863229091
2021-05-21,8,0,8,100.0,272.9186933554925
2021-05-24,8,0,8,100.0,275.87182730529395
2021-05-25,8,0,8,100.0,274.21676482166816
2021-05-26,8,0,8,100.0,274.71059075662873
2021-05-27,8,0,8,100.0,274.40036918644574
2021-05-28,8,0,8,100.0,271.9656484359307
2021-05-31,8,0,8,100.0,275.24429819917407
2021-06-01,8,0,8,100.0,279.0342568352977
2021-06-02,8,0,8,100.0,286.2398883212158
2021-06-03,8,0,8,100.0,295.8988125592432
2021-06-04,8,0,8,100.0,295.77851127306326
2021-06-07,8,0,8,100.0,302.94008167178885
2021-06-08,8,0,8,100.0,305.14799898035926
2021-06-09,8,0,8,100.0,308.6823893227549
2021-06-10,8,0,8,100.0,315.45738414177373
2021-06-11,8,0,8,100.0,312.4987426138222
2021-06-14,8,0,8,100.0,310.33549579640896
2021-06-15,8,0,8,100.0,310.18348505010295
2021-06-16,8,0,8,100.0,311.9772909968069
2021-06-17,8,0,8,100.0,306.5540469863124
2021-06-18,8,0,8,100.0,303.09220392389483
2021-06-21,8,0,8,100.0,310.76629996966847
2021-06-22,8,0,8,100.0,314.84910622766273
2021-06-23,8,0,8,100.0,312.1293711435281
2021-06-24,8,0,8,100.0,306.6808210156066
2021-06-25,8,0,8,100.0,309.6371893089256
2021-06-28,8,0,8,100.0,307.245578541471
2021-06-29,8,0,8,100.0,306.1691005931033
2021-06-30,8,0,8,100.0,309.92408567939634
2021-07-01,8,0,8,100.0,311.6275989030349
2021-07-02,7,1,8,87.5,309.7765056251004
2021-07-05,7,1,8,87.5,313.38992513982805
2021-07-06,7,1,8,87.5,311.51812950784404
2021-07-07,7,1,8,87.5,313.2043748465136
2021-07-08,7,1,8,87.5,314.17688434568555
2021-07-09,7,1,8,87.5,315.1411436829873
2021-07-12,7,1,8,87.5,314.2096099258364
2021-07-13,7,1,8,87.5,312.0484821444252
2021-07-14,7,1,8,87.5,316.4536565313016
2021-07-15,7,1,8,87.5,325.3937356681063
2021-07-16,7,1,8,87.5,323.4912860038911
2021-07-19,7,1,8,87.5,324.6954669364893
2021-07-20,7,1,8,87.5,318.1562601554624
2021-07-22,7,1,8,87.5,325.6895657352746
2021-07-23,7,1,8,87.5,326.1838458341711
2021-07-26,7,1,8,87.5,326.8759488234416
2021-07-27,7,1,8,87.5,329.8947853468371
2021-07-28,7,1,8,87.5,330.80806889288357
2021-07-29,7,1,8,87.5,330.6881310692788
2021-07-30,7,1,8,87.5,331.924444329792
2021-08-02,7,1,8,87.5,334.1450834992121
2021-08-03,7,1,8,87.5,333.4160021837485
2021-08-04,7,1,8,87.5,331.83021212189493
2021-08-05,7,1,8,87.5,332.60579167378086
2021-08-06,7,1,8,87.5,335.7285877579964
2021-08-09,7,1,8,87.5,334.40022050348153
2021-08-10,7,1,8,87.5,326.27340489069627
2021-08-11,7,1,8,87.5,323.9595260651505
2021-08-12,7,1,8,87.5,331.35926444329715
2021-08-13,7,1,8,87.5,332.1733710014103
2021-08-16,7,1,8,87.5,334.0842097765376
2021-08-17,7,1,8,87.5,330.43530710005393
2021-08-18,7,1,8,87.5,326.96749445773924
2021-08-20,7,1,8,87.5,319.2324169235331
2021-08-23,6,2,8,75.0,315.3458048640019
2021-08-24,7,1,8,87.5,315.36986083222433
2021-08-25,7,1,8,87.5,320.479680705134
2021-08-26,7,1,8,87.5,320.1225644110166
2021-08-27,7,1,8,87.5,323.58362252845535
2021-08-30,7,1,8,87.5,328.0650043077401
2021-08-31,7,1,8,87.5,330.17637419790265
2021-09-01,7,1,8,87.5,330.6662751286523
2021-09-02,8,0,8,100.0,335.2117919365175
2021-09-03,7,1,8,87.5,336.05064393205384
2021-09-06,8,0,8,100.0,334.53715223130087
2021-09-07,8,0,8,100.0,331.7940845090498
2021-09-08,8,0,8,100.0,336.6392001938027
2021-09-09,8,0,8,100.0,341.632939425713
2021-09-13,8,0,8,100.0,341.8081967204762
2021-09-14,8,0,8,100.0,346.65242319593557
2021-09-15,8,0,8,100.0,352.8986505714521
2021-09-16,8,0,8,100.0,355.9166131833149
2021-09-17,8,0,8,100.0,353.79729233366623
2021-09-20,8,0,8,100.0,352.4957559119119
2021-09-21,8,0,8,100.0,353.5197063390283
2021-09-22,8,0,8,100.0,355.4316274698109
2021-09-23,8,0,8,100.0,359.6352886155277
2021-09-24,8,0,8,100.0,357.3350759229054
2021-09-27,8,0,8,100.0,358.49216829059355
2021-09-28,8,0,8,100.0,361.0846727541319
2021-09-29,8,0,8,100.0,375.16678568533
2021-09-30,8,0,8,100.0,378.7257114841125
2021-10-01,8,0,8,100.0,379.3325157267021
2021-10-04,8,0,8,100.0,386.3082209792428
2021-10-05,8,0,8,100.0,394.5808952473801
2021-10-06,8,0,8,100.0,389.6955652774376
2021-10-07,8,0,8,100.0,392.25303157127445
2021-10-08,8,0,8,100.0,392.09384773490683
2021-10-11,8,0,8,100.0,407.6275680312956
2021-10-12,8,0,8,100.0,411.39970518101825
2021-10-13,8,0,8,100.0,419.31583229145673
2021-10-14,8,0,8,100.0,423.3436647495007
2021-10-18,8,0,8,100.0,449.22611915855884
2021-10-19,8,0,8,100.0,428.3436420505244
2021-10-20,8,0,8,100.0,419.33000488819187
2021-10-21,8,0,8,100.0,417.0307497011139
2021-10-22,8,0,8,100.0,418.2493907313865
2021-10-25,8,0,8,100.0,414.34569896219136
2021-10-26,8,0,8,100.0,415.35136559532714
2021-10-27,8,0,8,100.0,414.91075792637344
2021-10-28,8,0,8,100.0,401.77042969395427
2021-10-29,8,0,8,100.0,401.52699752942186
2021-11-01,8,0,8,100.0,411.4622645794787
2021-11-02,8,0,8,100.0,414.1847006863731
2021-11-03,8,0,8,100.0,412.97425795230856
2021-11-04,8,0,8,100.0,417.98594602236915
2021-11-08,8,0,8,100.0,423.8807046021211
2021-11-09,8,0,8,100.0,425.58983969145424
2021-11-10,8,0,8,100.0,424.69338840231836
2021-11-11,8,0,8,100.0,424.78027795735596
2021-11-12,8,0,8,100.0,423.9638129727541
2021-11-15,8,0,8,100.0,420.29551985663625
2021-11-16,8,0,8,100.0,427.4426632172145
2021-11-17,8,0,8,100.0,422.4245303476997
2021-11-18,8,0,8,100.0,414.7923529397052
2021-11-22,8,0,8,100.0,407.15304975929064
2021-11-23,8,0,8,100.0,418.57299735576925
2021-11-24,8,0,8,100.0,418.96346688111123
2021-11-25,8,0,8,100.0,423.25994422308656
2021-11-26,8,0,8,100.0,408.5461771825324
2021-11-29,8,0,8,100.0,396.5761711235527
2021-11-30,8,0,8,100.0,398.58453745966693
2021-12-01,8,0,8,100.0,408.18911777573487
2021-12-02,8,0,8,100.0,417.20615256248135
2021-12-03,8,0,8,100.0,424.7530535621041
2021-12-06,8,0,8,100.0,418.81601505634967
2021-12-07,8,0,8,100.0,418.9610227931733
2021-12-08,8,0,8,100.0,422.4341999013597
2021-12-09,8,0,8,100.0,419.87711889447905
2021-12-10,8,0,8,100.0,424.01836581831606
2021-12-13,8,0,8,100.0,421.6264334066041
2021-12-14,8,0,8,100.0,420.26927378689527
2021-12-15,8,0,8,100.0,415.88118188585634
2021-12-16,8,0,8,100.0,413.682291282532
2021-12-17,8,0,8,100.0,407.32615284920115
2021-12-20,8,0,8,100.0,396.306022339289
2021-12-21,8,0,8,100.0,403.3883834865617
2021-12-22,8,0,8,100.0,408.83968622417683
2021-12-23,8,0,8,100.0,410.8892721135371
2021-12-24,8,0,8,100.0,410.9723771938401
2021-12-27,8,0,8,100.0,416.2719894938472
2021-12-28,8,0,8,100.0,424.6407881713417
2021-12-29,8,0,8,100.0,423.3259418009758
2021-12-30,8,0,8,100.0,424.9946351495491
2021-12-31,8,0,8,100.0,427.7070244636718
2022-01-03,8,0,8,100.0,432.96568322587234
2022-01-04,8,0,8,100.0,435.1209666214392
2022-01-05,8,0,8,100.0,429.9564627904682
2022-01-06,8,0,8,100.0,436.517238479495
2022-01-07,8,0,8,100.0,441.2317572386778
2022-01-10,8,0,8,100.0,454.99054201312174
2022-01-11,8,0,8,100.0,463.29780231410143
2022-01-12,8,0,8,100.0,468.2193500042322
2022-01-13,8,0,8,100.0,468.30126726168953
2022-01-14,8,0,8,100.0,472.11733253580405
2022-01-17,8,0,8,100.0,481.70593002802156
2022-01-18,8,0,8,100.0,474.41920312553674
2022-01-19,8,0,8,100.0,477.51380411725
2022-01-20,8,0,8,100.0,483.60237566365817
2022-01-21,8,0,8,100.0,473.47715894851945
2022-01-24,8,0,8,100.0,453.8649482458875
2022-01-25,8,0,8,100.0,463.4658528886296
2022-01-27,8,0,8,100.0,464.7182714065764
2022-01-28,8,0,8,100.0,467.7243010670537
2022-01-31,8,0,8,100.0,475.03545153224326
2022-02-01,8,0,8,100.0,479.63669791846775
2022-02-02,8,0,8,100.0,478.98043272554975
2022-02-03,8,0,8,100.0,478.57992294648295
2022-02-04,8,0,8,100.0,477.58685320227994
2022-02-07,8,0,8,100.0,481.7091079471207
2022-02-08,8,0,8,100.0,468.4396722012202
2022-02-09,8,0,8,100.0,472.353119216198
2022-02-10,8,0,8,100.0,477.1758604459869
2022-02-11,8,0,8,100.0,471.7590775435508
2022-02-14,8,0,8,100.0,452.9291857065566
2022-02-15,8,0,8,100.0,462.8928610051295
2022-02-16,8,0,8,100.0,465.89999005891707
2022-02-17,8,0,8,100.0,471.4213765405548
2022-02-18,8,0,8,100.0,467.60267903856214
2022-02-21,8,0,8,100.0,460.8766175326033
2022-02-22,8,0,8,100.0,453.29267628188677
2022-02-23,8,0,8,100.0,454.6780624196831
2022-02-24,6,2,8,75.0,428.0646061368075
2022-02-25,7,1,8,87.5,446.4640901085589
2022-02-28,6,2,8,75.0,450.04039531968607
2022-03-02,7,1,8,87.5,456.14352821602375
2022-03-03,7,1,8,87.5,459.15356728294165
2022-03-04,7,1,8,87.5,452.26164900468325
2022-03-07,6,1,7,85.71428571428571,442.11631995436386
2022-03-08,7,1,8,87.5,446.99604830826206
2022-03-09,7,1,8,87.5,455.53082204846714
2022-03-10,7,1,8,87.5,460.2688331039501
2022-03-11,7,1,8,87.5,456.7340756737038
2022-03-14,7,1,8,87.5,450.85708033867917
2022-03-15,7,1,8,87.5,449.611054113775
2022-03-16,7,1,8,87.5,453.6981776061162
2022-03-17,7,1,8,87.5,452.21371403789135
2022-03-21,7,1,8,87.5,450.88984393307544
2022-03-22,7,1,8,87.5,451.00932605145545
2022-03-23,7,1,8,87.5,453.42194089021166
2022-03-24,5,3,8,62.5,453.8492601417174
2022-03-25,5,3,8,62.5,453.28217839329676
2022-03-28,5,3,8,62.5,452.3368372177256
2022-03-29,5,3,8,62.5,451.6026884091506
2022-03-30,5,3,8,62.5,452.34191264447327
2022-03-31,5,3,8,62.5,452.72738820651807
2022-04-01,7,1,8,87.5,464.1977627245754
2022-04-04,7,1,8,87.5,477.9260780280574
2022-04-05,7,1,8,87.5,497.37302759397
2022-04-06,7,1,8,87.5,505.79821855483385
2022-04-07,7,1,8,87.5,507.61284331970364
2022-04-08,7,1,8,87.5,513.1071025353201
2022-04-11,7,1,8,87.5,526.3887021445752
2022-04-12,8,0,8,100.0,526.5656767517573
2022-04-13,8,0,8,100.0,526.2077176275172
2022-04-18,8,0,8,100.0,538.7359113431686
2022-04-19,8,0,8,100.0,529.9972124884366
2022-04-20,7,1,8,87.5,528.6109156571175
2022-04-21,7,1,8,87.5,537.5715357273666
2022-04-22,7,1,8,87.5,535.3781802127377
2022-04-25,7,1,8,87.5,520.7508359633064
2022-04-26,7,1,8,87.5,526.8601009212682
2022-04-27,7,1,8,87.5,517.6593366385782
2022-04-28,7,1,8,87.5,518.4461699727111
2022-04-29,7,1,8,87.5,510.24124702532924
2022-05-02,6,2,8,75.0,504.41702819017945
2022-05-04,7,1,8,87.5,499.04529955955354
2022-05-05,6,2,8,75.0,503.04413842330325
2022-05-06,6,2,8,75.0,500.9716178978637
2022-05-09,6,2,8,75.0,486.59640807961796
2022-05-10,5,3,8,62.5,474.1754810826238
2022-05-11,5,3,8,62.5,463.2877860019104
2022-05-12,5,3,8,62.5,453.1360830934248
2022-05-13,5,3,8,62.5,448.62857031471793
2022-05-16,5,3,8,62.5,454.90109042220536
2022-05-17,6,2,8,75.0,471.7920984506601
2022-05-18,6,2,8,75.0,475.5054727352132
2022-05-19,5,3,8,62.5,460.3616544908185
2022-05-20,6,2,8,75.0,470.8538109503193
2022-05-23,5,3,8,62.5,472.5937368360052
2022-05-24,6,2,8,75.0,463.2839909339803
2022-05-25,5,3,8,62.5,451.62062931194794
2022-05-26,4,4,8,50.0,450.81594664285456
2022-05-27,4,4,8,50.0,451.26813337685877
2022-05-30,4,4,8,50.0,457.0948405544884
2022-05-31,4,4,8,50.0,457.02639197775704
2022-06-01,5,3,8,62.5,460.46441252374694
2022-06-02,6,2,8,75.0,469.3636064844565
2022-06-03,5,3,8,62.5,456.261059542563
2022-06-06,5,3,8,62.5,449.34381979780136
2022-06-07,5,3,8,62.5,452.2050007223318
2022-06-08,5,3,8,62.5,452.235781348767
2022-06-09,6,2,8,75.0,454.40145123079736
2022-06-10,5,3,8,62.5,448.6055515861635
2022-06-13,4,4,8,50.0,432.30778815236766
2022-06-14,4,4,8,50.0,433.9795235518647
2022-06-15,4,4,8,50.0,428.9427548704866
2022-06-16,2,6,8,25.0,414.05711004298337
2022-06-17,2,6,8,25.0,409.6643206067008
2022-06-20,2,6,8,25.0,393.27083557486446
2022-06-21,3,5,8,37.5,408.5424728645898
2022-06-22,3,5,8,37.5,402.759914948284
2022-06-23,3,5,8,37.5,403.4211983536409
2022-06-24,3,5,8,37.5,408.4969023053163
2022-06-27,3,5,8,37.5,415.16176940363295
2022-06-28,3,5,8,37.5,415.9748066651962
2022-06-29,3,5,8,37.5,413.09270376480976
2022-06-30,3,5,8,37.5,408.1765178784186
2022-07-01,3,5,8,37.5,407.94716560339106
2022-07-04,3,5,8,37.5,408.49011465555304
2022-07-05,3,5,8,37.5,406.7803806752288
2022-07-06,3,5,8,37.5,408.9926369797488
2022-07-07,3,5,8,37.5,413.914236861115
2022-07-08,3,5,8,37.5,417.4047902423311
2022-07-11,3,5,8,37.5,429.49401014849445
2022-07-12,3,5,8,37.5,435.53099673192526
2022-07-13,3,5,8,37.5,428.61431681709325
2022-07-14,4,4,8,50.0,430.6723129585575
2022-07-15,4,4,8,50.0,431.97090838301995
2022-07-18,5,3,8,62.5,434.3293126448744
2022-07-19,5,3,8,62.5,436.7644720387376
2022-07-20,4,4,8,50.0,436.9942932773747
2022-07-21,5,3,8,62.5,437.8416923293205
2022-07-22,5,3,8,62.5,437.2921373584922
2022-07-25,5,3,8,62.5,433.59862720257183
2022-07-26,4,4,8,50.0,433.37044054008464
2022-07-27,4,4,8,50.0,430.01093573637127
2022-07-28,3,5,8,37.5,436.52168174146186
2022-07-29,4,4,8,50.0,444.99347359855744
2022-08-01,5,3,8,62.5,459.69741776922586
2022-08-02,5,3,8,62.5,472.85799824597456
2022-08-03,5,3,8,62.5,472.94667045994146
2022-08-04,4,4,8,50.0,470.43049211858124
2022-08-05,5,3,8,62.5,477.5089919257124
2022-08-08,4,4,8,50.0,483.8856674029369
2022-08-10,5,3,8,62.5,485.4420859304961
2022-08-11,5,3,8,62.5,488.1416620147806
2022-08-12,7,1,8,87.5,490.9705102950058
2022-08-16,6,2,8,75.0,495.2558315415655
2022-08-17,6,2,8,75.0,495.253129137805
2022-08-18,6,2,8,75.0,497.3193061883399
2022-08-19,6,2,8,75.0,497.61790708932796
2022-08-22,5,3,8,62.5,498.2080806535633
2022-08-23,6,2,8,75.0,504.3497534255944
2022-08-24,5,3,8,62.5,503.96402587495004
2022-08-25,5,3,8,62.5,504.512946612569
2022-08-26,7,1,8,87.5,508.18220165211477
2022-08-29,7,1,8,87.5,508.0144119520227
2022-08-30,7,1,8,87.5,525.5211655153075
2022-09-01,7,1,8,87.5,535.6789920363404
2022-09-02,7,1,8,87.5,538.6444847068003
2022-09-05,8,0,8,100.0,555.5967174816283
2022-09-06,8,0,8,100.0,557.5044827246256
2022-09-07,8,0,8,100.0,559.0369476473753
2022-09-08,8,0,8,100.0,557.9170952068878
2022-09-09,8,0,8,100.0,549.8597405316432
2022-09-12,8,0,8,100.0,558.6946940722823
2022-09-13,8,0,8,100.0,559.7342628668446
2022-09-14,8,0,8,100.0,555.3705576130083
2022-09-15,8,0,8,100.0,567.3167329071421
2022-09-16,8,0,8,100.0,553.4559318876788
2022-09-19,7,1,8,87.5,553.0833261205345
2022-09-20,7,1,8,87.5,552.9653853265179
2022-09-21,7,1,8,87.5,546.4490568044306
2022-09-22,8,0,8,100.0,559.4705584807608
2022-09-23,7,1,8,87.5,544.956683621863
2022-09-26,6,2,8,75.0,522.2211068691875
2022-09-27,6,2,8,75.0,520.5143766103315
2022-09-28,5,3,8,62.5,512.615849975052
2022-09-29,5,3,8,62.5,516.3957431283131
2022-09-30,6,2,8,75.0,527.5692782344396
2022-10-03,5,3,8,62.5,519.1012466251727
2022-10-04,6,2,8,75.0,531.5358979171174
2022-10-06,6,2,8,75.0,542.2241662887263
2022-10-07,6,2,8,75.0,546.4590988976586
2022-10-10,6,2,8,75.0,546.3888489214144
2022-10-11,6,2,8,75.0,532.7024985468782
2022-10-12,6,2,8,75.0,533.5382915822213
2022-10-13,5,3,8,62.5,527.4285836724413
2022-10-14,5,3,8,62.5,524.4904248927396
2022-10-17,6,2,8,75.0,541.048271009105
2022-10-18,6,2,8,75.0,549.1418997624227
2022-10-19,7,1,8,87.5,554.7057336843545
2022-10-20,7,1,8,87.5,550.8987351081208
2022-10-21,6,2,8,75.0,548.4373207260645
2022-10-24,7,1,8,87.5,557.6035294572462
2022-10-25,6,2,8,75.0,557.5394893809749
2022-10-27,5,3,8,62.5,567.1846475877234
2022-10-28,5,3,8,62.5,564.703261381523
2022-10-31,5,3,8,62.5,563.6868856549394
2022-11-01,5,3,8,62.5,574.8783411627517
2022-11-02,6,2,8,75.0,567.8397159223863
2022-11-03,5,3,8,62.5,564.0302930536923
2022-11-04,5,3,8,62.5,570.8777880096759
2022-11-07,6,2,8,75.0,576.389302627073
2022-11-09,8,0,8,100.0,575.2164595412951
2022-11-10,7,1,8,87.5,568.0880168858466
2022-11-11,6,2,8,75.0,564.005185015339
2022-11-14,7,1,8,87.5,557.2821574739012
2022-11-15,7,1,8,87.5,557.3654793462456
2022-11-16,5,3,8,62.5,546.773589549505
2022-11-17,5,3,8,62.5,540.1097985095141
2022-11-18,5,3,8,62.5,536.3121952070065
2022-11-21,5,3,8,62.5,536.5881315381426
2022-11-22,5,3,8,62.5,536.5901201685652
2022-11-23,5,3,8,62.5,535.8138680895782
2022-11-24,5,3,8,62.5,544.1239688502561
2022-11-25,6,2,8,75.0,552.3308882016441
2022-11-28,6,2,8,75.0,556.9995831922472
2022-11-29,6,2,8,75.0,555.2465346247416
2022-11-30,6,2,8,75.0,566.7141316024768
2022-12-01,6,2,8,75.0,561.6667831207394
2022-12-02,6,2,8,75.0,565.3445568425587
2022-12-05,6,2,8,75.0,571.985710390754
2022-12-06,6,2,8,75.0,576.8509118459269
2022-12-07,6,2,8,75.0,565.4802186754018
2022-12-08,6,2,8,75.0,562.6607070155613
2022-12-09,6,2,8,75.0,551.3062305422505
2022-12-12,6,2,8,75.0,555.4996828133794
2022-12-13,6,2,8,75.0,556.6504041418617
2022-12-14,6,2,8,75.0,562.8157398919959
2022-12-15,5,3,8,62.5,559.2581888004574
2022-12-16,5,3,8,62.5,551.9817034993257
2022-12-19,4,4,8,50.0,554.5076442448915
2022-12-20,5,3,8,62.5,559.5797162767157
2022-12-21,5,3,8,62.5,535.8317889986632
2022-12-22,4,4,8,50.0,526.0479567284784
2022-12-23,4,4,8,50.0,498.53351747323114
2022-12-26,4,4,8,50.0,515.7888258354737
2022-12-27,4,4,8,50.0,526.8842943516589
2022-12-28,4,4,8,50.0,528.8947779861011
2022-12-29,4,4,8,50.0,530.5941797957706
2022-12-30,4,4,8,50.0,534.6055760024905
2023-01-02,5,3,8,62.5,539.3515832692037
2023-01-03,4,4,8,50.0,538.0790444222351
2023-01-04,4,4,8,50.0,529.0765591927425
2023-01-05,4,4,8,50.0,529.0846595938159
2023-01-06,4,4,8,50.0,524.325681534149
2023-01-09,4,4,8,50.0,527.4707353174964
2023-01-10,4,4,8,50.0,524.3679444791449
2023-01-11,4,4,8,50.0,522.664195009301
2023-01-12,4,4,8,50.0,519.8540991312577
2023-01-13,4,4,8,50.0,523.4089820495174
2023-01-16,4,4,8,50.0,529.3115672806291
2023-01-17,4,4,8,50.0,532.1533519073101
2023-01-18,4,4,8,50.0,535.0423908923696
2023-01-19,4,4,8,50.0,527.3939760861507
2023-01-20,4,4,8,50.0,531.6029874521033
2023-01-23,4,4,8,50.0,523.5441807098344
2023-01-24,4,4,8,50.0,522.4196431230023
2023-01-25,4,4,8,50.0,514.618999865599
2023-01-27,4,4,8,50.0,492.8876165571161
2023-01-30,4,4,8,50.0,479.28256600495513
2023-01-31,4,4,8,50.0,493.2028141038902
2023-02-01,4,4,8,50.0,476.7069296725218
2023-02-02,4,4,8,50.0,467.03403263967374
2023-02-03,4,4,8,50.0,457.0469160450674
2023-02-06,4,4,8,50.0,457.6045190469923
2023-02-07,4,4,8,50.0,449.895303231676
2023-02-08,4,4,8,50.0,449.7233884203913
2023-02-09,4,4,8,50.0,451.8336348931336
2023-02-10,4,4,8,50.0,444.76504653136635
2023-02-13,4,4,8,50.0,439.77649387474855
2023-02-14,4,4,8,50.0,434.8514056534196
2023-02-15,4,4,8,50.0,437.3272922235107
2023-02-16,4,4,8,50.0,436.58806649734345
2023-02-17,4,4,8,50.0,440.6596327732362
2023-02-20,4,4,8,50.0,431.93802362421775
2023-02-21,4,4,8,50.0,430.5012026823299
2023-02-22,4,4,8,50.0,424.60843302261605
2023-02-23,3,5,8,37.5,423.299320948439
2023-02-24,4,4,8,50.0,425.3691808299397
2023-02-27,3,5,8,37.5,418.5703054889921
2023-02-28,3,5,8,37.5,426.27412053414275
2023-03-01,4,4,8,50.0,436.41355285292354
2023-03-02,4,4,8,50.0,437.3499516554613
2023-03-03,4,4,8,50.0,446.9641158227758
2023-03-06,4,4,8,50.0,459.55987143594336
2023-03-08,4,4,8,50.0,468.66954456479783
2023-03-09,5,3,8,62.5,473.5651370319538
2023-03-10,5,3,8,62.5,472.08098116312254
2023-03-13,3,5,8,37.5,461.8641315971659
2023-03-14,3,5,8,37.5,456.94072180695525
2023-03-15,3,5,8,37.5,460.5797127723564
2023-03-16,3,5,8,37.5,459.8827932416258
2023-03-17,3,5,8,37.5,465.7458764048471
2023-03-20,2,6,8,25.0,460.0085633666468
2023-03-21,3,5,8,37.5,464.9181011053495
2023-03-22,2,6,8,25.0,466.9612174800878
2023-03-23,2,6,8,25.0,467.7381241956967
2023-03-24,2,6,8,25.0,460.0516714767459
2023-03-27,2,6,8,25.0,448.46330179356073
2023-03-28,2,6,8,25.0,443.2626140186243
2023-03-29,3,5,8,37.5,459.4675409161278
2023-03-31,3,5,8,37.5,459.65685800483664
2023-04-03,3,5,8,37.5,462.28626332853236
2023-04-05,3,5,8,37.5,464.49506061255795
2023-04-06,3,5,8,37.5,468.0658697383769
2023-04-10,3,5,8,37.5,468.75022958103773
2023-04-11,3,5,8,37.5,473.0801565930161
2023-04-12,3,5,8,37.5,471.24169620697074
2023-04-13,3,5,8,37.5,473.3292328853625
2023-04-17,3,5,8,37.5,475.91558410700554
2023-04-18,3,5,8,37.5,474.57763317346746
2023-04-19,3,5,8,37.5,470.8943995065806
2023-04-20,3,5,8,37.5,474.29970085237005
2023-04-21,3,5,8,37.5,472.9200431526289
2023-04-24,3,5,8,37.5,476.68057973224916
2023-04-25,3,5,8,37.5,483.580109982461
2023-04-26,3,5,8,37.5,487.00226743295855
2023-04-27,3,5,8,37.5,487.87221940657116
2023-04-28,3,5,8,37.5,492.77406734181983
2023-05-02,3,5,8,37.5,493.92130432430827
2023-05-03,3,5,8,37.5,500.8904117192508
2023-05-04,4,4,8,50.0,504.81030987537974
2023-05-05,5,3,8,62.5,506.46937631892007
2023-05-08,5,3,8,62.5,506.96040985727376
2023-05-09,3,5,8,37.5,500.89555951802254
2023-05-10,3,5,8,37.5,500.3297333983189
2023-05-11,3,5,8,37.5,502.1552372178015
2023-05-12,3,5,8,37.5,498.9821787909274
2023-05-15,4,4,8,50.0,496.02362074417067
2023-05-16,4,4,8,50.0,498.73167087014156
2023-05-17,5,3,8,62.5,500.3663276590774
2023-05-18,5,3,8,62.5,494.3738038602335
2023-05-19,3,5,8,37.5,493.3854333563027
2023-05-22,4,4,8,50.0,501.93230411318
2023-05-23,4,4,8,50.0,506.27822849922063
2023-05-24,5,3,8,62.5,513.9384038455988
2023-05-25,4,4,8,50.0,512.6682963366516
2023-05-26,5,3,8,62.5,513.6362821915218
2023-05-29,6,2,8,75.0,528.5257803427428
2023-05-30,6,2,8,75.0,534.3357394472218
2023-05-31,5,3,8,62.5,539.3596279222412
2023-06-01,6,2,8,75.0,537.0287482345063
2023-06-02,6,2,8,75.0,538.7039481847702
2023-06-05,6,2,8,75.0,539.2240505318912
2023-06-06,6,2,8,75.0,549.1385185329782
2023-06-07,6,2,8,75.0,570.5021874142983
2023-06-08,6,2,8,75.0,568.0137839999047
2023-06-09,6,2,8,75.0,567.6835143748594
2023-06-12,6,2,8,75.0,577.360975595506
2023-06-13,6,2,8,75.0,576.008670495928
2023-06-14,6,2,8,75.0,579.8677873374554
2023-06-15,6,2,8,75.0,579.1068803731134
2023-06-16,6,2,8,75.0,582.362552012584
2023-06-19,6,2,8,75.0,583.1842548760231
2023-06-20,6,2,8,75.0,587.1073967748569
2023-06-21,6,2,8,75.0,591.9055585841257
2023-06-22,6,2,8,75.0,582.1006278353716
2023-06-23,6,2,8,75.0,577.9875217236785
2023-06-26,6,2,8,75.0,585.9367225330086
2023-06-27,6,2,8,75.0,587.3609406347513
2023-06-28,6,2,8,75.0,590.9088202658463
2023-06-30,6,2,8,75.0,594.1494337111016
2023-07-03,7,1,8,87.5,612.169409630682
2023-07-04,7,1,8,87.5,621.2773438573491
2023-07-05,7,1,8,87.5,625.3414651879924
2023-07-06,7,1,8,87.5,644.9223167281419
2023-07-07,7,1,8,87.5,640.5629776990917
2023-07-10,7,1,8,87.5,647.4796999893574
2023-07-11,7,1,8,87.5,653.1608370561285
2023-07-12,7,1,8,87.5,654.9127912420433
2023-07-13,7,1,8,87.5,636.2798357657492
2023-07-14,7,1,8,87.5,643.7732237676141
2023-07-17,7,1,8,87.5,643.5280106202339
2023-07-18,7,1,8,87.5,637.9369341079674
2023-07-19,7,1,8,87.5,650.4704841224226
2023-07-20,7,1,8,87.5,659.1972727665179
2023-07-21,7,1,8,87.5,659.3911855666344
2023-07-24,7,1,8,87.5,686.5045819257223
2023-07-25,7,1,8,87.5,698.4196181263064
2023-07-26,7,1,8,87.5,697.5661989969238
2023-07-27,7,1,8,87.5,690.2626136299167
2023-07-28,7,1,8,87.5,700.122911716704
2023-07-31,7,1,8,87.5,712.6460372998206
2023-08-01,7,1,8,87.5,720.5962383720963
2023-08-02,7,1,8,87.5,698.098717059069
2023-08-03,7,1,8,87.5,700.484865017621
2023-08-04,7,1,8,87.5,701.1550395059725
2023-08-07,7,1,8,87.5,695.061381178854
2023-08-08,7,1,8,87.5,700.8422570683189
2023-08-09,7,1,8,87.5,709.8351254040128
2023-08-10,7,1,8,87.5,718.395647949018
2023-08-11,7,1,8,87.5,717.2549727202818
2023-08-14,7,1,8,87.5,714.0869214228435
2023-08-16,7,1,8,87.5,721.3561459428928
2023-08-17,7,1,8,87.5,707.8926410659702
2023-08-18,7,1,8,87.5,713.6352571957996
2023-08-21,7,1,8,87.5,722.5751223396751
2023-08-22,7,1,8,87.5,738.5271805834509
2023-08-23,7,1,8,87.5,740.1059450770952
2023-08-24,7,1,8,87.5,739.4154973252071
2023-08-25,7,1,8,87.5,734.2733864541258
2023-08-28,7,1,8,87.5,749.2761789373562
2023-08-29,7,1,8,87.5,760.9891010838378
2023-08-30,7,1,8,87.5,766.8496940450899
2023-08-31,7,1,8,87.5,751.3232942209171
2023-09-01,7,1,8,87.5,766.2705565461312
2023-09-04,7,1,8,87.5,774.424745928133
2023-09-05,7,1,8,87.5,774.7179118603264
2023-09-06,7,1,8,87.5,778.1599401625994
2023-09-07,7,1,8,87.5,785.1340083354235
2023-09-08,7,1,8,87.5,791.1471407267034
2023-09-11,7,1,8,87.5,830.9219254391624
2023-09-12,7,1,8,87.5,785.5796424636733
2023-09-13,7,1,8,87.5,794.7562199223814
2023-09-14,7,1,8,87.5,811.0205234500992
2023-09-15,7,1,8,87.5,810.9274041046536
2023-09-18,7,1,8,87.5,814.669852966746
2023-09-20,7,1,8,87.5,832.3325470403937
2023-09-21,7,1,8,87.5,805.9747429925476
2023-09-22,7,1,8,87.5,808.9726549976257
2023-09-25,7,1,8,87.5,807.9853022879408
2023-09-26,7,1,8,87.5,815.0301409362139
2023-09-27,7,1,8,87.5,815.6055482141912
2023-09-28,7,1,8,87.5,811.0559017965423
2023-09-29,7,1,8,87.5,821.7416148167416
2023-10-03,7,1,8,87.5,824.0558973068112
2023-10-04,7,1,8,87.5,815.176171237857
2023-10-05,7,1,8,87.5,822.9428902227489
2023-10-06,7,1,8,87.5,830.6164656055037
2023-10-09,7,1,8,87.5,810.3715935898028
2023-10-10,7,1,8,87.5,810.1479508741912
2023-10-11,7,1,8,87.5,812.3463800992653
2023-10-12,7,1,8,87.5,811.42091650402
2023-10-13,7,1,8,87.5,810.6673013368161
2023-10-16,7,1,8,87.5,822.0200520531494
2023-10-17,7,1,8,87.5,839.4671739982142
2023-10-18,7,1,8,87.5,834.4207675215138
2023-10-19,7,1,8,87.5,835.5012728221681
2023-10-20,7,1,8,87.5,830.5627162623384
2023-10-23,7,1,8,87.5,796.0290004104753
2023-10-25,7,1,8,87.5,787.7055609394514
2023-10-26,7,1,8,87.5,794.8885331133663
2023-10-27,7,1,8,87.5,809.042630380883
2023-10-30,7,1,8,87.5,820.2485458006284
2023-10-31,7,1,8,87.5,812.0632224663066
2023-11-01,7,1,8,87.5,802.2229884850116
2023-11-02,7,1,8,87.5,825.687158632517
2023-11-03,7,1,8,87.5,830.5093535426147
2023-11-06,7,1,8,87.5,850.6116323445175
2023-11-07,7,1,8,87.5,861.8645956899991
2023-11-08,7,1,8,87.5,866.5723078666341
2023-11-09,7,1,8,87.5,859.5506953754826
2023-11-10,7,1,8,87.5,866.476252358075
2023-11-12,8,0,8,100.0,879.1420435452485
2023-11-13,8,0,8,100.0,885.6622043917799
2023-11-15,8,0,8,100.0,895.1201818234188
2023-11-16,8,0,8,100.0,897.7559826279537
2023-11-17,8,0,8,100.0,901.6265667912695
2023-11-20,8,0,8,100.0,897.3034282674153
2023-11-21,8,0,8,100.0,900.3433261909969
2023-11-22,8,0,8,100.0,907.2630903502528
2023-11-23,8,0,8,100.0,918.1906062217363
2023-11-24,8,0,8,100.0,923.008538495435
2023-11-28,8,0,8,100.0,944.7509161394047
2023-11-29,8,0,8,100.0,949.0879688672951
2023-11-30,8,0,8,100.0,948.7160718649669
2023-12-01,8,0,8,100.0,963.7175902467003
2023-12-04,8,0,8,100.0,1005.4713342206062
2023-12-05,8,0,8,100.0,1030.8030589898578
2023-12-06,8,0,8,100.0,1068.2702420188966
2023-12-07,8,0,8,100.0,1119.297891216431
2023-12-08,8,0,8,100.0,1106.6056911942771
2023-12-11,8,0,8,100.0,1126.1392400936763
2023-12-12,8,0,8,100.0,1112.7554107555593
2023-12-13,8,0,8,100.0,1128.571769330243
2023-12-14,8,0,8,100.0,1142.7587440766713
2023-12-15,8,0,8,100.0,1145.4496585460695
2023-12-18,8,0,8,100.0,1139.2549367002043
2023-12-19,8,0,8,100.0,1137.3341030074919
2023-12-20,8,0,8,100.0,1084.7717099545812
2023-12-21,8,0,8,100.0,1133.5299979328079
2023-12-22,8,0,8,100.0,1133.8950183514773
2023-12-26,8,0,8,100.0,1150.17133844562
2023-12-27,8,0,8,100.0,1150.9372461469293
2023-12-28,8,0,8,100.0,1159.3413945910522
2023-12-29,8,0,8,100.0,1165.9393693145357
2024-01-01,8,0,8,100.0,1179.8963080003205
2024-01-02,8,0,8,100.0,1182.719672823402
2024-01-03,8,0,8,100.0,1183.0309235490806
2024-01-04,8,0,8,100.0,1208.8397389589502
2024-01-05,8,0,8,100.0,1217.7805664836103
2024-01-08,8,0,8,100.0,1217.798475701787
2024-01-09,8,0,8,100.0,1229.279017385682
2024-01-10,8,0,8,100.0,1221.8321610644225
2024-01-11,8,0,8,100.0,1233.419415691393
2024-01-12,8,0,8,100.0,1236.3491617251048
2024-01-15,8,0,8,100.0,1256.0369160817077
2024-01-16,8,0,8,100.0,1230.2416072417986
2024-01-17,8,0,8,100.0,1220.028861674634
2024-01-18,8,0,8,100.0,1221.9974836163892
2024-01-19,8,0,8,100.0,1244.324734962428
2024-01-20,8,0,8,100.0,1273.8404739323507
2024-01-23,8,0,8,100.0,1240.1014687209106
2024-01-24,8,0,8,100.0,1271.936707193942
2024-01-25,8,0,8,100.0,1306.9563069482624
2024-01-29,8,0,8,100.0,1362.4225589931307
2024-01-30,8,0,8,100.0,1347.5444169936488
2024-01-31,8,0,8,100.0,1377.8991784990103
2024-02-01,8,0,8,100.0,1378.9515435092994
2024-02-02,8,0,8,100.0,1432.4980830320505
2024-02-05,8,0,8,100.0,1460.3600930763178
2024-02-06,8,0,8,100.0,1456.467107496478
2024-02-07,8,0,8,100.0,1483.7506748670075
2024-02-08,8,0,8,100.0,1496.9165534561182
2024-02-09,8,0,8,100.0,1446.0495375284545
2024-02-12,8,0,8,100.0,1341.5087530580777
2024-02-13,8,0,8,100.0,1347.2223418658054
2024-02-14,8,0,8,100.0,1391.8263096817702
2024-02-15,8,0,8,100.0,1440.763644508096
2024-02-16,8,0,8,100.0,1436.2696936603384
2024-02-19,8,0,8,100.0,1475.8644740722766
2024-02-20,8,0,8,100.0,1461.4659878703726
2024-02-21,8,0,8,100.0,1432.818236515467
2024-02-22,8,0,8,100.0,1443.9853720043527
2024-02-23,8,0,8,100.0,1448.784517046176
2024-02-26,8,0,8,100.0,1462.601274756536
2024-02-27,8,0,8,100.0,1462.0903153897323
2024-02-28,8,0,8,100.0,1421.5840227260933
2024-02-29,8,0,8,100.0,1437.1608710497148
2024-03-01,8,0,8,100.0,1444.001347477873
2024-03-02,8,0,8,100.0,1442.9383530266018
2024-03-04,8,0,8,100.0,1442.3768081351004
2024-03-05,8,0,8,100.0,1431.991635007038
2024-03-06,8,0,8,100.0,1403.63677534014
2024-03-07,8,0,8,100.0,1438.658330135465
2024-03-11,8,0,8,100.0,1411.600523340096
2024-03-12,8,0,8,100.0,1373.3873299353056
2024-03-13,8,0,8,100.0,1269.0314796090306
2024-03-14,8,0,8,100.0,1344.1224074968056
2024-03-15,8,0,8,100.0,1359.7198036169154
2024-03-18,8,0,8,100.0,1355.0400541241575
2024-03-19,8,0,8,100.0,1323.2808626359526
2024-03-20,8,0,8,100.0,1318.982288015406
2024-03-21,8,0,8,100.0,1355.3884956894685
2024-03-22,8,0,8,100.0,1367.6392423267873
2024-03-26,8,0,8,100.0,1376.1971971306587
2024-03-27,8,0,8,100.0,1397.9173730102036
2024-03-28,8,0,8,100.0,1413.5971683445784
2024-04-01,8,0,8,100.0,1436.9885973901091
2024-04-02,8,0,8,100.0,1462.8150619256464
2024-04-03,8,0,8,100.0,1495.5380659524506
2024-04-04,8,0,8,100.0,1498.9957668825864
2024-04-05,8,0,8,100.0,1504.0327743825103
2024-04-08,8,0,8,100.0,1519.998956925844
2024-04-09,8,0,8,100.0,1511.809545051808
2024-04-10,8,0,8,100.0,1518.4638199733372
2024-04-12,8,0,8,100.0,1520.4429750780253
2024-04-15,8,0,8,100.0,1480.3674422347653
2024-04-16,8,0,8,100.0,1487.0665011919443
2024-04-18,8,0,8,100.0,1485.6635082003065
2024-04-19,8,0,8,100.0,1473.5386431124607
2024-04-22,8,0,8,100.0,1491.5925570423021
2024-04-23,8,0,8,100.0,1508.952078982927
2024-04-24,8,0,8,100.0,1507.3514320369825
2024-04-25,8,0,8,100.0,1535.8679539972518
2024-04-26,8,0,8,100.0,1536.5515243926434
2024-04-29,8,0,8,100.0,1548.2187873759176
2024-04-30,8,0,8,100.0,1557.248114885017
2024-05-02,8,0,8,100.0,1573.7078505694215
2024-05-03,8,0,8,100.0,1567.0928378554163
2024-05-06,8,0,8,100.0,1543.2009985359482
2024-05-07,8,0,8,100.0,1486.2139694866419
2024-05-08,8,0,8,100.0,1488.929717866646
2024-05-09,8,0,8,100.0,1439.6884519273149
2024-05-10,8,0,8,100.0,1460.296733994155
2024-05-13,8,0,8,100.0,1453.5795318249122
2024-05-14,8,0,8,100.0,1510.174002360177
2024-05-15,8,0,8,100.0,1520.771747355155
2024-05-16,8,0,8,100.0,1546.5489096289343
2024-05-17,8,0,8,100.0,1553.727882289963
2024-05-18,8,0,8,100.0,1560.5826235078712
2024-05-21,8,0,8,100.0,1600.3808830758671
2024-05-22,8,0,8,100.0,1614.1214661250199
2024-05-23,8,0,8,100.0,1631.6205277597696
2024-05-24,8,0,8,100.0,1630.238971846429
2024-05-27,8,0,8,100.0,1628.9072084256854
2024-05-28,8,0,8,100.0,1578.0311015655539
2024-05-29,8,0,8,100.0,1579.0827632704143
2024-05-30,8,0,8,100.0,1564.2942135594385
2024-05-31,8,0,8,100.0,1609.812839964415
2024-06-03,8,0,8,100.0,1697.9007724809348
2024-06-04,8,0,8,100.0,1472.9347901570252
2024-06-05,8,0,8,100.0,1538.361565456534
2024-06-06,8,0,8,100.0,1588.6732623008434
2024-06-07,8,0,8,100.0,1610.4934866484396
2024-06-10,8,0,8,100.0,1603.1768320258657
2024-06-11,8,0,8,100.0,1613.2169007531093
2024-06-12,8,0,8,100.0,1625.2858872320112
2024-06-13,8,0,8,100.0,1615.7310474704964
2024-06-14,8,0,8,100.0,1622.4737563935498
2024-06-18,8,0,8,100.0,1629.4969846006381
2024-06-19,8,0,8,100.0,1598.0032352779945
2024-06-20,8,0,8,100.0,1610.472921341371
2024-06-21,8,0,8,100.0,1621.8937890433222
2024-06-24,8,0,8,100.0,1633.022500610421
2024-06-25,8,0,8,100.0,1619.1403429879729
2024-06-26,8,0,8,100.0,1614.0714249704647
2024-06-27,8,0,8,100.0,1634.8858106669663
2024-06-28,8,0,8,100.0,1637.7531715380496
2024-07-01,8,0,8,100.0,1635.1556551691633
2024-07-02,8,0,8,100.0,1626.3074335202552
2024-07-03,8,0,8,100.0,1642.1359957702994
2024-07-04,8,0,8,100.0,1674.4475851951436
2024-07-05,8,0,8,100.0,1693.0457744490172
2024-07-08,8,0,8,100.0,1689.3632721564113
2024-07-09,8,0,8,100.0,1696.5440345580805
2024-07-10,8,0,8,100.0,1699.340495732475
2024-07-11,8,0,8,100.0,1712.210189704541
2024-07-12,8,0,8,100.0,1724.9789975251613
2024-07-15,8,0,8,100.0,1742.8882604620237
2024-07-16,8,0,8,100.0,1729.626071193188
2024-07-18,8,0,8,100.0,1698.3306537296205
2024-07-19,8,0,8,100.0,1653.5255122419578
2024-07-22,8,0,8,100.0,1667.5095104519794
2024-07-23,8,0,8,100.0,1673.162966950745
2024-07-24,8,0,8,100.0,1694.2872060999812
2024-07-25,8,0,8,100.0,1706.735057310675
2024-07-26,8,0,8,100.0,1751.0966569674993
2024-07-29,8,0,8,100.0,1772.9606846960849
2024-07-30,8,0,8,100.0,1802.4179323022522
2024-07-31,8,0,8,100.0,1827.2738863065235
2024-08-01,8,0,8,100.0,1828.8943150492028
2024-08-02,8,0,8,100.0,1825.7264992228431
2024-08-05,8,0,8,100.0,1743.5887857371351
2024-08-06,8,0,8,100.0,1725.0083130776147
2024-08-07,8,0,8,100.0,1762.2501160177087
2024-08-08,8,0,8,100.0,1759.698806313337
2024-08-09,8,0,8,100.0,1773.4567014119516
2024-08-12,8,0,8,100.0,1821.9441362112377
2024-08-13,8,0,8,100.0,1811.346177516762
2024-08-14,8,0,8,100.0,1786.4329010752126
2024-08-16,8,0,8,100.0,1815.7022599665852
2024-08-19,8,0,8,100.0,1835.8406236056599
2024-08-20,8,0,8,100.0,1856.9162323684918
2024-08-21,8,0,8,100.0,1851.1398952509364
2024-08-22,8,0,8,100.0,1844.158465868692
2024-08-23,8,0,8,100.0,1837.9187012420687
2024-08-26,8,0,8,100.0,1849.4512672799501
2024-08-27,8,0,8,100.0,1855.1476674487174
2024-08-28,8,0,8,100.0,1856.4700572659642
2024-08-29,8,0,8,100.0,1837.6311751601456
2024-08-30,8,0,8,100.0,1841.1737090663514
2024-09-02,8,0,8,100.0,1851.520549330062
2024-09-03,8,0,8,100.0,1846.169487465022
2024-09-04,8,0,8,100.0,1837.1484883747676
2024-09-05,8,0,8,100.0,1840.9644332547207
2024-09-06,8,0,8,100.0,1819.877784345211
2024-09-09,8,0,8,100.0,1821.283076864282
2024-09-10,8,0,8,100.0,1874.662415773236
2024-09-11,8,0,8,100.0,1864.4392942145573
2024-09-12,8,0,8,100.0,1891.4205101080295
2024-09-13,8,0,8,100.0,1893.775808693242
2024-09-16,8,0,8,100.0,1918.1029493691217
2024-09-17,8,0,8,100.0,1912.6644032525433
2024-09-18,8,0,8,100.0,1905.7395766016007
2024-09-19,8,0,8,100.0,1897.9518265459415
2024-09-20,8,0,8,100.0,1946.343917420116
2024-09-23,8,0,8,100.0,1954.7827601503054
2024-09-24,8,0,8,100.0,1966.250750513771
2024-09-25,8,0,8,100.0,1954.4665920183998
2024-09-26,8,0,8,100.0,1949.4013434877293
2024-09-27,8,0,8,100.0,1946.1242595416966
2024-09-30,8,0,8,100.0,1928.8338865302712
2024-10-01,8,0,8,100.0,1919.165284336844
2024-10-03,7,1,8,87.5,1863.4319316844217
2024-10-04,7,1,8,87.5,1843.2529585194413
2024-10-07,5,3,8,62.5,1759.522380196087
2024-10-08,6,2,8,75.0,1814.0860660469584
2024-10-09,5,3,8,62.5,1836.5829092792144
2024-10-10,5,3,8,62.5,1825.4236967127422
2024-10-11,5,3,8,62.5,1816.3484329437917
2024-10-14,5,3,8,62.5,1807.98528453813
2024-10-15,5,3,8,62.5,1814.7673826579953
2024-10-16,5,3,8,62.5,1801.3927517634884
2024-10-17,5,3,8,62.5,1766.9403858645865
2024-10-18,5,3,8,62.5,1781.2234821917323
2024-10-21,5,3,8,62.5,1759.7872657958692
2024-10-22,5,3,8,62.5,1695.7089735854634
2024-10-23,5,3,8,62.5,1704.3836419229588
2024-10-24,5,3,8,62.5,1707.110310874926
2024-10-25,5,3,8,62.5,1661.4836518200668
2024-10-28,5,3,8,62.5,1678.6614581365225
2024-10-29,5,3,8,62.5,1701.2571668712983
2024-10-30,5,3,8,62.5,1709.8435891659972
2024-10-31,5,3,8,62.5,1716.6176040225064
2024-11-01,5,3,8,62.5,1736.6063763250124
2024-11-04,5,3,8,62.5,1692.9025369700855
2024-11-05,5,3,8,62.5,1700.3838408561169
2024-11-06,5,3,8,62.5,1755.452640491083
2024-11-07,5,3,8,62.5,1737.3207864752185
2024-11-08,5,3,8,62.5,1685.9673615776892
2024-11-11,5,3,8,62.5,1671.9187320489405
2024-11-12,4,4,8,50.0,1639.7077765036038
2024-11-13,3,5,8,37.5,1572.1105796679885
2024-11-14,4,4,8,50.0,1587.3862911444944
2024-11-18,3,5,8,37.5,1583.3826705868955
2024-11-19,3,5,8,37.5,1596.3464943902966
2024-11-21,3,5,8,37.5,1552.2933924813797
2024-11-22,3,5,8,37.5,1544.123268881667
2024-11-25,3,5,8,37.5,1542.7360118278127
2024-11-26,3,5,8,37.5,1511.808137443062
2024-11-27,3,5,9,37.5,1551.0229300706455
2024-11-28,3,5,9,37.5,1583.4818964505844
2024-11-29,3,5,9,37.5,1602.8539425912847
2024-12-02,2,6,9,25.0,1622.0428379196494
2024-12-03,3,5,9,37.5,1656.3980899561816
2024-12-04,2,6,9,25.0,1664.0634815034339
2024-12-05,4,4,9,50.0,1657.8233179352835
2024-12-06,4,4,9,50.0,1677.9495935592038
2024-12-09,4,4,9,50.0,1688.228581843445
2024-12-10,4,4,9,50.0,1671.027064128701
2024-12-11,4,4,9,50.0,1666.0050852480722
2024-12-12,4,4,9,50.0,1659.6768513489
2024-12-13,3,5,9,37.5,1651.345414202486
2024-12-16,3,5,9,37.5,1640.4701231397912
2024-12-17,3,5,9,37.5,1635.9466852996543
2024-12-18,3,5,9,37.5,1603.9338786647047
2024-12-19,3,5,9,37.5,1590.62027980855
2024-12-20,3,5,9,37.5,1551.4636173864844
2024-12-23,2,6,9,25.0,1546.8548472353075
2024-12-24,2,6,9,25.0,1545.4525454740908
2024-12-26,2,6,9,25.0,1535.6974507142884
2024-12-27,2,6,9,25.0,1523.0426283220334
2024-12-30,2,6,9,25.0,1511.7260565162712
2024-12-31,2,6,9,25.0,1512.1735609314496
2025-01-01,2,6,9,25.0,1541.462976915809
2025-01-02,2,6,9,25.0,1538.4048464812622
2025-01-03,2,6,9,25.0,1531.6991532031495
2025-01-06,0,8,9,0.0,1457.43746172093
2025-01-07,1,7,9,12.5,1467.709749476649
2025-01-08,0,8,9,0.0,1450.5213334256564
2025-01-09,0,8,9,0.0,1414.3356410076942
2025-01-10,0,8,9,0.0,1364.6906970628756
2025-01-13,0,8,9,0.0,1302.7366164456425
2025-01-14,0,8,9,0.0,1384.192353749259
2025-01-15,0,8,9,0.0,1411.379952285985
2025-01-16,0,8,9,0.0,1435.042138652204
2025-01-17,0,8,9,0.0,1444.766054834424
2025-01-20,0,8,9,0.0,1456.3562184501957
2025-01-21,0,8,9,0.0,1423.359591954542
2025-01-22,0,8,9,0.0,1387.6251644872116
2025-01-23,0,8,9,0.0,1385.688826427585
2025-01-24,0,8,9,0.0,1360.6149352811476
2025-01-27,0,8,9,0.0,1323.0337990220198
2025-01-28,0,8,9,0.0,1302.142114315789
2025-01-29,0,8,9,0.0,1344.4263161068027
2025-01-30,0,8,9,0.0,1359.7881888187833
2025-01-31,0,8,9,0.0,1408.3278735580707
2025-02-01,0,8,9,0.0,1395.3488164920914
2025-02-03,0,8,9,0.0,1344.9421134466272
2025-02-04,0,8,9,0.0,1375.7957452902021
2025-02-05,0,8,9,0.0,1394.0806887804597
2025-02-06,0,8,9,0.0,1381.8914859105887
2025-02-07,0,8,9,0.0,1372.4591139287863
2025-02-10,0,8,9,0.0,1348.3794872649498
2025-02-11,0,8,9,0.0,1321.453332004357
2025-02-12,0,8,9,0.0,1324.5922524751018
2025-02-13,0,8,9,0.0,1337.358648596143
2025-02-14,0,8,9,0.0,1295.1679696167002
2025-02-17,0,8,9,0.0,1290.416254377581
2025-02-18,0,8,9,0.0,1292.7091667473003
2025-02-19,0,8,9,0.0,1315.8844110877535
2025-02-20,0,8,9,0.0,1354.118307821947
2025-02-21,0,8,9,0.0,1359.9883254047127
2025-02-24,0,8,9,0.0,1322.7008369414834
2025-02-25,0,8,9,0.0,1314.6486737234468
2025-02-27,0,8,9,0.0,1271.670598043058
2025-02-28,0,8,9,0.0,1233.3974857993232
2025-03-03,0,8,9,0.0,1237.2525174592126
2025-03-04,0,8,9,0.0,1236.5355467321015
2025-03-05,0,8,9,0.0,1296.524410642465
2025-03-06,0,8,9,0.0,1309.6198357803307
2025-03-07,0,8,9,0.0,1329.6186094728132
2025-03-10,0,8,9,0.0,1315.9921909675247
2025-03-11,0,8,9,0.0,1319.9755243061713
2025-03-12,0,8,9,0.0,1334.1859721126666
2025-03-13,0,8,9,0.0,1330.9139233778424
2025-03-17,0,8,9,0.0,1336.5905193373871
2025-03-18,0,8,9,0.0,1364.4291831728588
2025-03-19,0,8,9,0.0,1401.904508439638
2025-03-20,0,8,9,0.0,1403.9258479187476
2025-03-21,0,8,9,0.0,1428.8584925359696
2025-03-24,1,7,9,12.5,1453.5826245970152
2025-03-25,1,7,9,12.5,1419.4941611662227
2025-03-26,0,8,9,0.0,1398.0027135706994
2025-03-27,0,8,9,0.0,1415.1753860320548
2025-03-28,0,8,9,0.0,1406.0341030043146
2025-04-01,0,8,9,0.0,1382.836505675328
2025-04-02,0,8,9,0.0,1402.1357636966877
2025-04-03,0,8,9,0.0,1417.5410144661469
2025-04-04,0,8,9,0.0,1371.446636375346
2025-04-07,0,8,9,0.0,1320.2723737628048
2025-04-08,0,8,9,0.0,1338.3356494591906
2025-04-09,0,8,10,0.0,1320.7360050830493
2025-04-11,0,8,10,0.0,1357.067325998056
2025-04-15,0,8,10,0.0,1405.5348855703614
2025-04-16,0,8,10,0.0,1432.7714952694523
2025-04-17,0,8,10,0.0,1447.6686237603794
2025-04-21,1,7,10,12.5,1478.802568476669
2025-04-22,1,7,10,12.5,1480.6587750363071
2025-04-23,1,7,10,12.5,1497.3490740540751
2025-04-24,1,7,10,12.5,1494.7605941220872
2025-04-25,1,7,10,12.5,1439.606449569992
2025-04-28,1,7,10,12.5,1447.7524761203329
2025-04-29,1,7,10,12.5,1436.8456526869538
2025-04-30,1,7,10,12.5,1410.0341104197228
2025-05-02,0,8,10,0.0,1401.100230011387
2025-05-05,0,8,10,0.0,1428.6467623656201
2025-05-06,0,8,10,0.0,1372.9634231583987
2025-05-07,0,8,10,0.0,1385.720810158668
2025-05-08,0,8,10,0.0,1352.7198412230416
2025-05-09,0,8,10,0.0,1335.586725987933
2025-05-12,0,8,10,0.0,1424.069608182551
2025-05-13,0,8,10,0.0,1422.365041736139
2025-05-14,1,7,10,12.5,1447.6348607781106
2025-05-15,1,7,10,12.5,1461.5417043031402
2025-05-16,2,6,10,25.0,1497.976262525513
2025-05-19,2,6,10,25.0,1510.9942728001438
2025-05-20,1,7,10,12.5,1480.670128737371
2025-05-21,1,7,10,12.5,1491.5817218752734
2025-05-22,1,7,10,12.5,1491.386635333296
2025-05-23,2,6,10,25.0,1491.3797782026252
2025-05-26,4,4,10,50.0,1514.6677282787311
2025-05-27,4,4,10,50.0,1516.6741340357726
2025-05-28,3,5,10,37.5,1521.533572122016
2025-05-29,3,5,10,37.5,1518.3603088208138
2025-05-30,3,5,10,37.5,1518.5351996738425
2025-06-02,2,6,10,25.0,1508.5276110604837
2025-06-03,2,6,10,25.0,1486.4750876811856
2025-06-04,2,6,10,25.0,1507.3134296337973
2025-06-05,2,6,10,25.0,1509.5245462020541
2025-06-06,2,6,10,25.0,1521.711478345053
2025-06-09,3,5,10,37.5,1541.1104581367438
2025-06-10,3,5,10,37.5,1551.1426989524166
2025-06-11,3,5,10,37.5,1543.6378786954251
2025-06-12,3,5,10,37.5,1500.0827767261567
2025-06-13,2,6,10,25.0,1476.799544548013
2025-06-16,2,6,10,25.0,1485.2170613359926
2025-06-17,2,6,10,25.0,1467.0112767063565
2025-06-18,1,7,10,12.5,1453.6528249338533
2025-06-19,0,8,10,0.0,1415.9928611251487
2025-06-20,1,7,10,12.5,1457.0905836027075
2025-06-23,1,7,10,12.5,1462.3069464524576
2025-06-24,3,5,10,37.5,1475.5815070228127
2025-06-25,3,5,10,37.5,1482.8338436205931
2025-06-26,3,5,10,37.5,1487.6428230402691
2025-06-27,3,5,10,37.5,1500.1968294697044
2025-06-30,3,5,10,37.5,1501.8561899770154
2025-07-01,3,5,10,37.5,1501.0946172682377
2025-07-02,3,5,10,37.5,1489.4394807160481
2025-07-03,3,6,10,33.33333333333333,1485.5004152778897
2025-07-04,3,6,10,33.33333333333333,1489.8235852292462
2025-07-07,3,6,10,33.33333333333333,1485.6815015389614
2025-07-08,3,6,10,33.33333333333333,1496.3506041465332
2025-07-09,3,6,10,33.33333333333333,1497.6598696191595
2025-07-10,3,6,10,33.33333333333333,1502.8816596717274
2025-07-11,4,5,10,44.44444444444444,1503.1640825300399
2025-07-14,3,6,10,33.33333333333333,1508.575072043075
2025-07-15,3,6,10,33.33333333333333,1530.003861849027
2025-07-16,4,5,10,44.44444444444444,1548.1726788884323
2025-07-17,4,5,10,44.44444444444444,1544.7023950667412
2025-07-18,3,6,10,33.33333333333333,1530.5865956312182
2025-07-21,3,6,10,33.33333333333333,1524.7243396937392
2025-07-22,3,6,10,33.33333333333333,1513.9107421281124
2025-07-23,3,6,10,33.33333333333333,1520.5817791486234
2025-07-24,3,6,10,33.33333333333333,1504.3473766295858
2025-07-25,3,6,10,33.33333333333333,1465.6101245903772
2025-07-28,2,7,10,22.22222222222222,1464.02100370413
2025-07-29,3,6,10,33.33333333333333,1478.757412123688
2025-07-30,3,6,10,33.33333333333333,1477.795464068107
2025-07-31,3,6,10,33.33333333333333,1451.9317133625389
2025-08-01,2,7,10,22.22222222222222,1454.0100540800954
2025-08-04,2,7,10,22.22222222222222,1464.1508620144816
2025-08-05,2,7,10,22.22222222222222,1463.0782513233905
2025-08-06,2,7,10,22.22222222222222,1450.7034854388562
2025-08-07,2,7,10,22.22222222222222,1439.5928897221681
2025-08-08,2,7,10,22.22222222222222,1414.1871928841351
2025-08-11,2,7,10,22.22222222222222,1431.8539353555295
2025-08-12,2,7,10,22.22222222222222,1440.7024912557165
2025-08-13,1,8,10,11.11111111111111,1424.6784822995803
2025-08-14,1,8,10,11.11111111111111,1412.5235256341898
2025-08-18,2,7,10,22.22222222222222,1419.1783454218714
2025-08-19,2,7,10,22.22222222222222,1440.5631678169507
2025-08-20,3,6,10,33.33333333333333,1451.7259549771916
2025-08-21,2,7,10,22.22222222222222,1435.4144600136522
2025-08-22,1,8,10,11.11111111111111,1440.1479040238212
2025-08-25,1,8,10,11.11111111111111,1430.3356472884911
2025-08-26,1,8,10,11.11111111111111,1416.1251728184243
2025-08-28,0,9,10,0.0,1395.6992449119134
2025-08-29,0,9,10,0.0,1385.3178944865026
2025-09-01,0,9,10,0.0,1408.406753495645
2025-09-02,1,8,10,11.11111111111111,1420.8045835190746
2025-09-03,1,8,10,11.11111111111111,1420.9559803390616
2025-09-04,0,9,10,0.0,1405.0409441777183
2025-09-05,1,8,10,11.11111111111111,1409.6507787699438
2025-09-08,0,9,10,0.0,1410.9274958353667
2025-09-09,1,8,10,11.11111111111111,1411.9993761207772
2025-09-10,1,8,10,11.11111111111111,1428.404855814461
2025-09-11,2,7,10,22.22222222222222,1445.4623599422869
2025-09-12,3,6,10,33.33333333333333,1447.1470496223922
2025-09-15,4,5,10,44.44444444444444,1461.267349407331
2025-09-16,5,4,10,55.55555555555556,1477.501565327002
2025-09-17,4,5,10,44.44444444444444,1474.7457725090298
2025-09-18,4,5,10,44.44444444444444,1468.2259146062177
2025-09-19,6,3,10,66.66666666666666,1487.9277588861003
2025-09-22,6,3,10,66.66666666666666,1498.1795751867614
2025-09-23,5,4,10,55.55555555555556,1486.7253921913841
2025-09-24,5,4,10,55.55555555555556,1469.6921717230634
2025-09-25,5,4,10,55.55555555555556,1451.997106934741
2025-09-26,4,5,10,44.44444444444444,1422.6241963621726
2025-09-29,5,4,10,55.55555555555556,1433.4934729497202
2025-09-30,5,4,10,55.55555555555556,1433.403108306769
2025-10-01,5,4,10,55.55555555555556,1445.6321324919065
2025-10-03,5,4,10,55.55555555555556,1447.76732961684
2025-10-06,5,4,10,55.55555555555556,1441.0426825103127
2025-10-07,5,4,10,55.55555555555556,1441.6482519346991
2025-10-08,5,4,10,55.55555555555556,1427.26551865961
2025-10-09,5,4,10,55.55555555555556,1449.8295969975738
2025-10-10,5,4,10,55.55555555555556,1466.8458544315477
2025-10-13,5,4,10,55.55555555555556,1476.147180858833
2025-10-14,5,4,10,55.55555555555556,1466.484210986741
2025-10-15,5,4,10,55.55555555555556,1468.597232063
2025-10-16,5,4,10,55.55555555555556,1487.7623946174574
2025-10-17,5,4,10,55.55555555555556,1476.2044648951912
2025-10-20,5,4,10,55.55555555555556,1467.8521429369152
2025-10-21,5,4,10,55.55555555555556,1479.4787901278034
2025-10-23,5,4,10,55.55555555555556,1480.038681116363
2025-10-24,5,4,10,55.55555555555556,1475.5534467038215
2025-10-27,5,4,10,55.55555555555556,1483.2280865339753
2025-10-28,5,4,10,55.55555555555556,1484.7096743411541
2025-10-29,6,3,10,66.66666666666666,1525.535214342346
2025-10-30,5,4,10,55.55555555555556,1522.3556918893746
2025-10-31,6,3,10,66.66666666666666,1509.5076496623526
2025-11-03,6,3,10,66.66666666666666,1508.9162749674138
2025-11-04,5,4,10,55.55555555555556,1489.0037091617357
2025-11-06,5,4,10,55.55555555555556,1462.8971870112534
2025-11-07,3,6,10,33.33333333333333,1453.4368892831226
2025-11-10,3,6,10,33.33333333333333,1453.4339633925065
2025-11-11,3,6,10,33.33333333333333,1451.4967573394147
2025-11-12,3,6,10,33.33333333333333,1457.3262934505703
2025-11-13,3,6,10,33.33333333333333,1450.2348203960505
2025-11-14,3,6,10,33.33333333333333,1449.5157453740287
2025-11-17,4,6,10,40.0,1453.186762032102
2025-11-18,4,6,10,40.0,1433.0704365906745
2025-11-19,4,6,10,40.0,1422.8079861486265
2025-11-20,3,7,10,30.0,1416.7109469054192
2025-11-21,3,7,10,30.0,1395.0243194733523
2025-11-24,1,9,10,10.0,1373.2003349167783
2025-11-25,1,9,10,10.0,1364.9892299379662
2025-11-26,3,7,10,30.0,1386.5369997749383
2025-11-27,3,7,10,30.0,1382.8115482546623
2025-11-28,2,8,10,20.0,1378.1326032241657
2025-12-01,2,8,10,20.0,1375.7722857247363
2025-12-02,2,8,10,20.0,1367.0471233724336
2025-12-03,1,9,10,10.0,1345.6390988478488
2025-12-04,1,9,10,10.0,1332.6913910500355
2025-12-05,1,9,10,10.0,1331.6276181025733
2025-12-08,1,9,10,10.0,1301.986144794516
2025-12-09,1,9,10,10.0,1310.8500833971566
2025-12-10,1,9,10,10.0,1301.7540809557108
2025-12-11,1,9,10,10.0,1310.6782775105487
2025-12-12,1,9,10,10.0,1330.459147118218
2025-12-15,1,9,10,10.0,1335.280112768083
2025-12-16,1,9,10,10.0,1323.3721996729046
2025-12-17,1,9,10,10.0,1314.3165770649384
2025-12-18,1,9,10,10.0,1303.6870392325754
2025-12-19,1,9,10,10.0,1323.4642359415457
2025-12-22,1,9,10,10.0,1332.0137647871913
2025-12-23,1,9,10,10.0,1340.7540780301294
2025-12-24,1,9,10,10.0,1340.4174988496393
2025-12-26,1,9,10,10.0,1338.3612191962984
2025-12-29,1,9,10,10.0,1325.6371509972532
2025-12-30,1,9,10,10.0,1322.0634772324174
2025-12-31,1,9,10,10.0,1341.8380082571016
2026-01-01,2,8,10,20.0,1352.5238619095849
2026-01-02,4,6,10,40.0,1403.1106898261585
2026-01-05,4,6,10,40.0,1400.567047365674
2026-01-06,4,6,10,40.0,1383.0897360541255
2026-01-07,4,6,10,40.0,1377.5106080552348
2026-01-08,1,9,10,10.0,1342.946290301523
2026-01-09,1,9,10,10.0,1308.2070283485398
2026-01-12,1,9,10,10.0,1322.6266527725036
2026-01-13,1,9,10,10.0,1328.4350964382054
2026-01-14,1,9,10,10.0,1326.784532637487
2026-01-16,1,9,10,10.0,1326.784532637487
2026-01-19,1,9,10,10.0,1307.49383185334
2026-01-20,1,9,10,10.0,1273.6662662246395
2026-01-21,1,9,10,10.0,1257.6196875132566
2026-01-22,1,9,10,10.0,1286.248857793577
2026-01-23,1,9,10,10.0,1239.2634239701547
2026-01-27,1,9,10,10.0,1242.1187917368825
2026-01-28,1,9,10,10.0,1282.4540530082147
2026-01-29,1,9,10,10.0,1287.9805804755504
2026-01-30,1,9,10,10.0,1279.4549426031551
2026-02-01,1,9,10,10.0,1244.8992965176606
2026-02-02,1,9,10,10.0,1259.306207524306
2026-02-03,1,9,10,10.0,1297.0341536440021
2026-02-04,1,9,10,10.0,1319.4075845542427
2026-02-05,1,9,10,10.0,1305.1703863746563
2026-02-06,1,9,10,10.0,1306.7339243534402
2026-02-09,1,9,10,10.0,1320.7294100852694
2026-02-10,1,9,10,10.0,1324.3595825604395
2026-02-11,1,9,10,10.0,1333.833791050475
2026-02-12,2,8,10,20.0,1332.0027953464773
2026-02-13,1,9,10,10.0,1304.8670239790642
2026-02-16,1,9,10,10.0,1319.8410964960492
2026-02-17,2,8,10,20.0,1318.393647198223
2026-02-18,2,8,10,20.0,1313.5540346292605
2026-02-19,1,9,10,10.0,1291.8869642186244
2026-02-20,1,9,10,10.0,1300.215996313479
2026-02-23,1,9,10,10.0,1295.0083887016576
2026-02-24,1,9,10,10.0,1299.8477611211574
2026-02-25,1,9,10,10.0,1294.1654744544464
2026-02-26,1,9,10,10.0,1293.236269495858
2026-02-27,1,9,10,10.0,1281.149655180344
2026-03-02,1,9,10,10.0,1244.6881934903472
2026-03-04,1,9,10,10.0,1212.6478560612582
2026-03-05,1,9,10,10.0,1241.1997008438448
2026-03-06,1,9,10,10.0,1234.0588111930438
2026-03-09,1,9,10,10.0,1213.5382429008105
2026-03-10,1,9,10,10.0,1229.4545874177074
2026-03-11,1,9,10,10.0,1235.6159943649761
2026-03-12,3,7,10,30.0,1282.8183662952538
2026-03-13,3,7,10,30.0,1260.1577430975508
2026-03-16,2,8,10,20.0,1252.7326399677638
2026-03-17,2,8,10,20.0,1258.857650283205
2026-03-18,3,7,10,30.0,1281.1477706773917
2026-03-19,3,7,10,30.0,1257.2396081082754
2026-03-20,3,7,10,30.0,1278.2202406317647
2026-03-23,2,8,10,20.0,1221.6300435496614
2026-03-24,1,9,10,10.0,1236.6020664116122
2026-03-25,2,8,10,20.0,1261.307587926524
2026-03-27,1,9,10,10.0,1232.8860418852832
2026-03-30,1,9,10,10.0,1194.2754853767335
2026-04-01,1,9,10,10.0,1241.6115187492612
2026-04-02,1,9,10,10.0,1242.440859728247
2026-04-06,1,9,10,10.0,1264.1151135419314
2026-04-07,2,8,10,20.0,1260.935205688603
2026-04-08,3,7,10,30.0,1312.9744450507922
2026-04-09,3,7,10,30.0,1310.5685366536743
2026-04-10,3,7,10,30.0,1331.3429377421987
2026-04-13,5,5,10,50.0,1364.0916399943821
2026-04-15,7,3,10,70.0,1419.4577264959728
2026-04-16,7,3,10,70.0,1439.9795455260507
2026-04-17,7,3,10,70.0,1474.3990807862813
2026-04-20,7,3,10,70.0,1474.2486338612678
2026-04-21,7,3,10,70.0,1474.6524743592547
2026-04-22,8,2,10,80.0,1513.4971793199334
2026-04-23,8,2,10,80.0,1496.9995582695483
2026-04-24,8,2,10,80.0,1481.3352552822748
2026-04-27,8,2,10,80.0,1536.884950387339
2026-04-28,9,1,10,90.0,1545.757457406961
2026-04-29,8,2,10,80.0,1517.119431178245
2026-04-30,8,2,10,80.0,1497.8847125311934
2026-05-04,8,2,10,80.0,1511.8783675062377
2026-05-05,8,2,10,80.0,1512.6470331283037
2026-05-06,8,2,10,80.0,1522.4751243383057
2026-05-07,8,2,10,80.0,1528.5976226277005
2026-05-08,8,2,10,80.0,1510.1786565212403
2026-05-11,7,3,10,70.0,1488.1332574328121
2026-05-12,5,5,10,50.0,1433.903490166531
2026-05-13,6,4,10,60.0,1451.2171503243228
2026-05-14,6,4,10,60.0,1461.5947100640024
2026-05-15,6,4,10,60.0,1448.4002533414732
2026-05-18,6,4,10,60.0,1436.0468075481047
2026-05-19,6,4,10,60.0,1451.0560056017175
2026-05-20,7,3,10,70.0,1444.9196230245047
2026-05-21,6,4,10,60.0,1444.9147381832802
2026-05-22,6,4,10,60.0,1445.0446484419367
2026-05-25,6,4,10,60.0,1462.1281650708124
2026-05-26,6,4,10,60.0,1476.4336547018395
2026-05-27,7,3,10,70.0,1507.4689871444455
2026-05-29,6,4,10,60.0,1484.990142084224
2026-06-01,6,4,10,60.0,1439.53657904814
2026-06-02,6,4,10,60.0,1429.94122350542
2026-06-03,6,4,10,60.0,1429.3423354193162
2026-06-04,6,4,10,60.0,1441.2171358458022
2026-06-05,6,4,10,60.0,1446.1357051916682
2026-06-08,6,4,10,60.0,1421.4461890622954
2026-06-09,6,4,10,60.0,1431.776007550635
2026-06-10,5,5,10,50.0,1403.1429033697968
2026-06-11,3,7,10,30.0,1381.7107366327914
2026-06-12,6,4,10,60.0,1419.0702552576945
2026-06-15,5,5,10,50.0,1431.1521108460936
2026-06-22,6,4,10,60.0,1476.9888280655093
2026-06-23,5,5,10,50.0,1452.6372747532098
2026-06-24,6,4,10,60.0,1449.9881612896907
2026-06-25,5,5,10,50.0,1448.6512689522165
2026-06-29,6,4,10,60.0,1448.808960854605
2026-06-30,6,4,10,60.0,1458.978768689346
2026-07-01,6,4,10,60.0,1452.9388515233754
2026-07-02,6,4,10,60.0,1455.2068620390896
2026-07-03,6,4,10,60.0,1441.9920238629863
2026-07-06,6,4,10,60.0,1430.430568661499
2026-07-07,6,4,10,60.0,1417.5459425822842
2026-07-08,3,7,10,30.0,1393.2795700272368
2026-07-09,3,7,10,30.0,1391.8889348646337
2026-07-10,5,5,10,50.0,1415.039853881644
2026-07-13,5,5,10,50.0,1411.2600353857108
2026-07-14,4,6,10,40.0,1406.6358622532096
2026-07-15,5,5,10,50.0,1399.6357978931212
2026-07-16,5,5,10,50.0,1392.612434072975
2026-07-17,5,5,10,50.0,1384.5522110835152
2026-07-20,5,5,10,50.0,1408.4969523074296
2026-07-21,5,5,10,50.0,1406.2648703613024
2026-07-22,5,5,10,50.0,1392.8700599531958
2026-07-23,5,5,10,50.0,1375.5792974794917
2026-07-24,4,6,10,40.0,1370.9652494431703
2026-07-27,4,6,10,40.0,1375.6168145623633
2026-07-28,2,8,10,20.0,1343.3342763130613
2026-07-29,2,8,10,20.0,1344.307019195233
2026-07-30,2,8,10,20.0,1337.3454605762718
2026-07-31,3,7,10,30.0,1353.0150095843258
2026-08-03,3,7,10,30.0,1365.576918144294
2026-08-04,3,7,10,30.0,1361.3157190374461
2026-08-05,3,7,10,30.0,1359.725863551734
2026-08-06,2,8,10,20.0,1350.6908437800005
2026-08-07,2,8,10,20.0,1349.8240985385473
2026-08-10,2,8,10,20.0,1344.158039912252
2026-08-11,2,8,10,20.0,1339.465481446103
2026-08-12,2,8,10,20.0,1331.854085457791
2026-08-13,2,8,10,20.0,1335.0570151106695
2026-08-14,2,8,10,20.0,1332.693762582007
2026-08-17,2,8,10,20.0,1340.9853094532527
2026-08-18,2,8,10,20.0,1326.989600577256
2026-08-19,2,8,10,20.0,1315.0729998542922
2026-08-20,2,8,10,20.0,1315.746054793909
2026-08-21,2,8,10,20.0,1316.1454034592243
2026-08-24,2,8,10,20.0,1316.2552070203085
2026-08-25,2,8,10,20.0,1317.8245968022059
2026-08-26,2,8,10,20.0,1310.1527042008597
2026-08-27,2,8,10,20.0,1301.4396137821134
2026-08-28,2,8,10,20.0,1293.883408458719
2026-08-31,2,8,10,20.0,1277.6018094983767
2026-09-01,1,9,10,10.0,1277.31842968691
2026-09-02,2,8,10,20.0,1286.0605363301265
2026-09-03,2,8,10,20.0,1297.0918338857803
2026-09-04,2,8,10,20.0,1301.9840383842145
