Date,Above,Below,Total,Percentage,Index_Close
2014-08-07,4,0,4,100.0,153.1012476400266
2014-08-08,4,0,4,100.0,148.45686172785113
2014-08-11,4,0,4,100.0,151.4418273537254
2014-08-12,4,0,4,100.0,151.69897486800085
2014-08-13,4,0,4,100.0,150.48986966523535
2014-08-14,4,0,4,100.0,150.6733753292972
2014-08-18,4,0,4,100.0,155.58854610600588
2014-08-19,4,0,4,100.0,154.67981647852272
2014-08-20,4,0,4,100.0,154.65213827272896
2014-08-21,4,0,4,100.0,155.19400226562934
2014-08-22,4,0,4,100.0,156.1392451973167
2014-08-25,4,0,4,100.0,152.02432696906547
2014-08-26,4,0,4,100.0,151.3384183079962
2014-08-27,4,0,4,100.0,151.2450500333317
2014-08-28,4,0,4,100.0,150.8366372083233
2014-09-01,4,0,4,100.0,154.65019276076455
2014-09-02,4,0,4,100.0,155.02297079355154
2014-09-03,4,0,4,100.0,156.23011913825113
2014-09-04,4,0,4,100.0,157.63980975296894
2014-09-05,4,0,4,100.0,157.17401382481657
2014-09-08,4,0,4,100.0,160.0343110848422
2014-09-09,4,0,4,100.0,158.90739206269095
2014-09-10,4,0,4,100.0,159.25667546283213
2014-09-11,4,0,4,100.0,160.80486936365946
2014-09-12,4,0,4,100.0,159.27530025078718
2014-09-15,4,0,4,100.0,157.94445266185014
2014-09-16,4,0,4,100.0,156.31877340141025
2014-09-17,4,0,4,100.0,157.08052113557753
2014-09-18,4,0,4,100.0,159.81637393075877
2014-09-19,4,0,4,100.0,158.6150797598257
2014-09-22,4,0,4,100.0,157.82266897999264
2014-09-23,4,0,4,100.0,153.84340140528766
2014-09-24,4,0,4,100.0,151.13045116739778
2014-09-25,3,1,4,75.0,145.65328349379664
2014-09-26,3,1,4,75.0,148.74704457370115
2014-09-29,3,1,4,75.0,149.76278056638043
2014-09-30,3,1,4,75.0,148.29553485062115
2014-10-01,3,1,4,75.0,147.5823737712632
2014-10-07,3,1,4,75.0,150.41128891450248
2014-10-08,3,1,4,75.0,150.5661043001723
2014-10-09,3,1,4,75.0,153.67582495353807
2014-10-10,3,1,4,75.0,149.55739998956398
2014-10-13,3,1,4,75.0,150.52468458337376
2014-10-14,3,1,4,75.0,149.8200768950389
2014-10-16,2,2,4,50.0,143.5577313204403
2014-10-17,2,2,4,50.0,142.75404032068056
2014-10-20,3,1,4,75.0,146.31565243089852
2014-10-21,3,1,4,75.0,149.6377528689387
2014-10-22,3,1,4,75.0,152.39079918164296
2014-10-23,3,1,4,75.0,152.55332521311405
2014-10-27,3,1,4,75.0,151.84090113250585
2014-10-28,3,1,4,75.0,150.56151973745108
2014-10-29,4,0,4,100.0,153.66497064848423
2014-10-30,3,1,4,75.0,154.05027578649586
2014-10-31,3,1,4,75.0,156.41114477703908
2014-11-03,4,0,4,100.0,160.3109731535496
2014-11-05,4,0,4,100.0,159.27626656956906
2014-11-07,4,0,4,100.0,158.63967044631667
2014-11-10,4,0,4,100.0,156.84505836774488
2014-11-11,3,1,4,75.0,157.57827626661702
2014-11-12,4,0,4,100.0,156.78909185548602
2014-11-13,3,1,4,75.0,153.20772463830426
2014-11-14,3,1,4,75.0,154.1582563970693
2014-11-17,3,1,4,75.0,156.97043956096
2014-11-18,3,1,4,75.0,155.7917064001881
2014-11-19,3,1,4,75.0,153.98015700567655
2014-11-20,3,1,4,75.0,154.49899669403604
2014-11-21,3,1,4,75.0,155.5782898636601
2014-11-24,3,1,4,75.0,156.88025477985232
2014-11-25,3,1,4,75.0,153.32742019793943
2014-11-26,3,1,4,75.0,153.63933652468072
2014-11-27,3,1,4,75.0,154.6950112943336
2014-11-28,3,1,4,75.0,154.88780736260196
2014-12-01,3,1,4,75.0,152.95340308263746
2014-12-02,3,1,4,75.0,155.60817358244407
2014-12-03,3,1,4,75.0,160.33183789623698
2014-12-04,3,1,4,75.0,160.38454602392372
2014-12-05,3,1,4,75.0,157.82510540953362
2014-12-08,3,1,4,75.0,154.32157958655398
2014-12-09,3,1,4,75.0,150.53822772629397
2014-12-10,3,1,4,75.0,153.9087175170828
2014-12-11,3,1,4,75.0,153.21625730175725
2014-12-12,3,1,4,75.0,151.74377158241126
2014-12-15,2,2,4,50.0,149.29547212642873
2014-12-16,2,2,4,50.0,143.57833289193385
2014-12-17,1,3,4,25.0,143.21939223009633
2014-12-18,2,2,4,50.0,148.08681648635556
2014-12-19,3,1,4,75.0,149.47887325420237
2014-12-22,3,1,4,75.0,150.38503522879182
2014-12-23,1,3,4,25.0,147.33300659655328
2014-12-24,1,3,4,25.0,146.0858921311964
2014-12-26,2,2,4,50.0,147.06232499396498
2014-12-29,3,1,4,75.0,149.75738199679998
2014-12-30,3,1,4,75.0,151.9848895996923
2014-12-31,3,1,4,75.0,152.75213742965062
2015-01-01,3,1,4,75.0,155.26509202137302
2015-01-02,3,1,4,75.0,158.25342333660498
2015-01-05,2,2,4,50.0,157.8574647006209
2015-01-06,2,2,4,50.0,153.7764773686167
2015-01-07,2,2,4,50.0,150.77233444554074
2015-01-08,2,2,4,50.0,154.90397595028162
2015-01-09,2,2,4,50.0,154.3641326947264
2015-01-12,2,2,4,50.0,157.8995433191049
2015-01-13,2,2,4,50.0,158.1238523848061
2015-01-14,2,2,4,50.0,155.78983636912324
2015-01-15,2,2,4,50.0,155.51155540332581
2015-01-16,2,2,4,50.0,154.03349869470782
2015-01-19,2,2,4,50.0,154.76819327876822
2015-01-20,2,2,4,50.0,156.59811851458863
2015-01-21,2,2,4,50.0,155.51151167003988
2015-01-22,2,2,4,50.0,160.58547197610304
2015-01-23,2,2,4,50.0,162.73789006053448
2015-01-27,2,2,4,50.0,161.96916834915618
2015-01-28,2,2,4,50.0,159.79405571017054
2015-01-29,2,2,4,50.0,162.10038802604464
2015-01-30,2,2,4,50.0,163.59168995448118
2015-02-02,2,2,4,50.0,168.1572614212963
2015-02-03,2,2,4,50.0,166.5168473416086
2015-02-04,2,2,4,50.0,169.1864725922687
2015-02-05,2,2,4,50.0,165.73797040602423
2015-02-06,2,2,4,50.0,164.4817018645495
2015-02-09,2,2,4,50.0,162.18949513444437
2015-02-10,2,2,4,50.0,164.70474395817016
2015-02-11,2,2,4,50.0,164.5095375018376
2015-02-12,2,2,4,50.0,167.38529076645813
2015-02-13,2,2,4,50.0,166.37323119184515
2015-02-16,2,2,4,50.0,165.2843372765606
2015-02-18,2,2,4,50.0,165.96550323114724
2015-02-19,2,2,4,50.0,173.15501062069814
2015-02-20,2,2,4,50.0,171.91308490972614
2015-02-23,2,2,4,50.0,170.05066854096512
2015-02-24,2,2,4,50.0,169.16830538986653
2015-02-25,2,2,4,50.0,167.93098979717988
2015-02-26,2,2,4,50.0,165.5766962339314
2015-02-27,2,2,4,50.0,169.21339264361
2015-02-28,2,2,4,50.0,167.56439909688976
2015-03-02,2,2,4,50.0,169.30974808260012
2015-03-03,2,2,4,50.0,171.8572316108866
2015-03-04,2,2,4,50.0,168.52646840293826
2015-03-05,2,2,4,50.0,167.61859329688258
2015-03-09,2,2,4,50.0,161.49660654663285
2015-03-10,2,2,4,50.0,159.72776981812038
2015-03-11,2,2,4,50.0,157.93466116276514
2015-03-12,2,2,4,50.0,160.64658610039717
2015-03-13,2,2,4,50.0,157.67358427797183
2015-03-16,2,2,4,50.0,156.30237735862244
2015-03-17,2,2,4,50.0,158.03236870284246
2015-03-18,2,2,4,50.0,157.4552455371421
2015-03-19,2,2,4,50.0,155.30122917252962
2015-03-20,1,3,4,25.0,152.01065701841344
2015-03-23,1,3,4,25.0,149.71828376072082
2015-03-24,1,3,4,25.0,148.7876154014635
2015-03-25,1,3,4,25.0,148.63851827255593
2015-03-26,1,3,4,25.0,145.8319086325664
2015-03-27,1,3,4,25.0,145.56789614069507
2015-03-30,2,2,4,50.0,149.93529090885974
2015-03-31,2,2,4,50.0,150.1549986442617
2015-04-01,2,2,4,50.0,151.88222929809734
2015-04-06,2,2,4,50.0,154.42288994865487
2015-04-07,1,3,4,25.0,154.9344032099862
2015-04-08,2,2,4,50.0,155.8543584465547
2015-04-09,1,3,4,25.0,155.46453502895866
2015-04-10,2,2,4,50.0,160.9706759742056
2015-04-13,2,2,4,50.0,161.0309734199384
2015-04-15,2,2,4,50.0,159.18649961280607
2015-04-16,2,2,4,50.0,158.42193991072185
2015-04-17,2,2,4,50.0,158.88405545950187
2015-04-20,2,2,4,50.0,157.28431302925839
2015-04-21,2,2,4,50.0,156.47161864055073
2015-04-22,2,2,4,50.0,156.99396087912888
2015-04-23,2,2,4,50.0,157.703373398514
2015-04-24,2,2,4,50.0,154.36144626754262
2015-04-27,1,3,4,25.0,152.12689872457725
2015-04-28,1,3,4,25.0,152.41215431674507
2015-04-29,1,3,4,25.0,154.16166425223676
2015-04-30,1,3,4,25.0,152.539198556034
2015-05-04,1,3,4,25.0,157.73715291831198
2015-05-05,2,2,4,50.0,160.3215481450742
2015-05-06,1,3,4,25.0,155.0788428140808
2015-05-07,1,3,4,25.0,150.11889016092562
2015-05-08,1,3,4,25.0,155.628532351532
2015-05-11,1,3,4,25.0,159.68359853180814
2015-05-12,1,3,4,25.0,154.69369531321433
2015-05-13,1,3,4,25.0,156.98073073321245
2015-05-14,1,3,4,25.0,158.70904108990004
2015-05-15,1,3,4,25.0,159.23185489777904
2015-05-18,1,3,4,25.0,162.17848894882997
2015-05-19,1,3,4,25.0,161.95851269986235
2015-05-20,2,2,4,50.0,163.30123050015965
2015-05-21,2,2,4,50.0,163.42581260553732
2015-05-22,2,2,4,50.0,163.0124827365974
2015-05-25,2,2,4,50.0,162.0374033652404
2015-05-26,1,3,4,25.0,160.99777290486904
2015-05-27,1,3,4,25.0,160.9766720969113
2015-05-28,1,3,4,25.0,157.5103000865967
2015-05-29,1,3,4,25.0,155.53215457850138
2015-06-01,1,3,4,25.0,149.1334471230619
2015-06-02,1,3,4,25.0,146.64736335415608
2015-06-03,0,4,4,0.0,115.41052084993491
2015-06-04,0,4,4,0.0,115.0740572830539
2015-06-05,0,4,4,0.0,114.39036383940982
2015-06-08,0,4,4,0.0,111.53205272709832
2015-06-09,0,4,4,0.0,112.07011050891023
2015-06-10,0,4,4,0.0,112.3300499881417
2015-06-11,0,4,4,0.0,110.72606880849432
2015-06-12,0,4,4,0.0,108.85415330283861
2015-06-15,0,4,4,0.0,109.88988080290993
2015-06-16,0,4,4,0.0,110.16574159615833
2015-06-17,0,4,4,0.0,112.53768551567009
2015-06-18,0,4,4,0.0,113.57261869751918
2015-06-19,0,4,4,0.0,113.37823669299551
2015-06-22,0,4,4,0.0,114.07769135517233
2015-06-23,0,4,4,0.0,114.96390972475554
2015-06-24,0,4,4,0.0,113.4842481992003
2015-06-25,0,4,4,0.0,115.35156730055046
2015-06-26,0,4,4,0.0,113.33442852171596
2015-06-29,0,4,4,0.0,109.94539962316155
2015-06-30,0,4,4,0.0,110.31160371420381
2015-07-01,0,4,4,0.0,111.78833121772391
2015-07-02,0,4,4,0.0,110.23256593804913
2015-07-03,0,4,4,0.0,111.08026344157513
2015-07-06,0,4,4,0.0,109.9493173503818
2015-07-07,0,4,4,0.0,110.92152256068503
2015-07-08,0,4,4,0.0,107.43945741224137
2015-07-09,0,4,4,0.0,107.20430739738138
2015-07-10,0,4,4,0.0,108.49760896320969
2015-07-13,0,4,4,0.0,109.69055908254104
2015-07-14,0,4,4,0.0,109.83765780980423
2015-07-15,0,4,4,0.0,109.83413510785176
2015-07-16,0,4,4,0.0,110.06226682955058
2015-07-17,0,4,4,0.0,109.67236225300563
2015-07-20,0,4,4,0.0,110.56189950208453
2015-07-21,0,4,4,0.0,108.64693904033729
2015-07-22,0,4,4,0.0,108.92653368612577
2015-07-23,1,3,4,25.0,110.05283916628548
2015-07-24,1,3,4,25.0,111.52873759924748
2015-07-27,1,3,4,25.0,108.27496309412537
2015-07-28,1,3,4,25.0,107.79723032549862
2015-07-29,1,3,4,25.0,108.55809982810175
2015-07-30,1,3,4,25.0,110.67351167757845
2015-07-31,1,3,4,25.0,112.25502442431005
2015-08-03,1,3,4,25.0,113.68154742767132
2015-08-04,1,3,4,25.0,119.56753690135935
2015-08-05,1,3,4,25.0,119.53263929498486
2015-08-06,1,3,4,25.0,118.14738233197544
2015-08-07,1,3,4,25.0,115.749161869576
2015-08-10,1,3,4,25.0,115.13489069120426
2015-08-11,1,3,4,25.0,114.33221985032678
2015-08-12,1,3,4,25.0,109.58826658702236
2015-08-13,1,3,4,25.0,106.17048688519259
2015-08-14,1,3,4,25.0,108.48141892797203
2015-08-17,1,3,4,25.0,108.17043477341113
2015-08-18,1,3,4,25.0,108.78269665655947
2015-08-19,1,3,4,25.0,107.87811011563977
2015-08-20,1,3,4,25.0,105.55439285146375
2015-08-21,1,3,4,25.0,105.04270130336124
2015-08-24,1,3,4,25.0,94.14092199507567
2015-08-25,1,3,4,25.0,94.69374085672942
2015-08-26,1,3,4,25.0,95.69194408810078
2015-08-27,1,3,4,25.0,98.6043847753745
2015-08-28,1,3,4,25.0,98.91929758780665
2015-08-31,1,3,4,25.0,97.65706155742622
2015-09-01,1,3,4,25.0,93.53613568925854
2015-09-02,1,3,4,25.0,93.00331853088933
2015-09-03,1,3,4,25.0,95.23919049691672
2015-09-04,1,3,4,25.0,91.56350782113503
2015-09-07,0,4,4,0.0,89.68483330998293
2015-09-08,0,4,4,0.0,89.87966391082131
2015-09-09,0,4,4,0.0,93.74603312709202
2015-09-10,0,4,4,0.0,92.34389901748952
2015-09-11,0,4,4,0.0,92.74583385188645
2015-09-14,0,4,4,0.0,96.37674982765012
2015-09-15,0,4,4,0.0,94.53653154982666
2015-09-16,0,4,4,0.0,95.40436219089071
2015-09-18,0,4,4,0.0,97.361198488901
2015-09-21,0,4,4,0.0,99.41175551715183
2015-09-22,0,4,4,0.0,96.57908939253112
2015-09-23,0,4,4,0.0,96.88611206055066
2015-09-24,1,3,4,25.0,97.18704855287703
2015-09-28,1,3,4,25.0,96.39236585969428
2015-09-29,1,3,4,25.0,94.78659591537954
2015-09-30,1,3,4,25.0,96.40040779226848
2015-10-01,1,3,4,25.0,96.32870979793414
2015-10-05,1,3,4,25.0,98.54890892333677
2015-10-06,1,3,4,25.0,100.9404323416194
2015-10-07,1,3,4,25.0,104.10416764365856
2015-10-08,1,3,4,25.0,103.55337734553791
2015-10-09,1,3,4,25.0,104.62776127168863
2015-10-12,1,3,4,25.0,107.41844334690964
2015-10-13,1,3,4,25.0,105.69461578442247
2015-10-14,1,3,4,25.0,106.10842633453808
2015-10-15,1,3,4,25.0,109.47140674482998
2015-10-16,1,3,4,25.0,109.14798028378804
2015-10-19,1,3,4,25.0,108.35883299467821
2015-10-20,1,3,4,25.0,108.16259648896587
2015-10-21,1,3,4,25.0,108.0389588621462
2015-10-23,1,3,4,25.0,108.04903046086743
2015-10-26,1,3,4,25.0,107.18956792187227
2015-10-27,1,3,4,25.0,107.52958183468905
2015-10-28,1,3,4,25.0,108.43148322364074
2015-10-29,1,3,4,25.0,107.98626695768831
2015-10-30,1,3,4,25.0,107.82120899362661
2015-11-02,1,3,4,25.0,105.64505160810901
2015-11-03,1,3,4,25.0,106.17068168531331
2015-11-04,1,3,4,25.0,106.30164026755622
2015-11-05,1,3,4,25.0,103.35046298844206
2015-11-06,1,3,4,25.0,100.95490952107534
2015-11-09,1,3,4,25.0,101.39755134751832
2015-11-10,1,3,4,25.0,99.95157599884537
2015-11-11,1,3,4,25.0,101.63411576589469
2015-11-13,1,3,4,25.0,100.03224100343606
2015-11-16,1,3,4,25.0,103.71380892079503
2015-11-17,1,3,4,25.0,105.88953495718134
2015-11-18,1,3,4,25.0,102.75902056897107
2015-11-19,1,3,4,25.0,105.37682362417505
2015-11-20,1,3,4,25.0,105.05354076976437
2015-11-23,1,3,4,25.0,105.17594677385125
2015-11-24,1,3,4,25.0,104.52229213360813
2015-11-26,1,3,4,25.0,106.46070352129225
2015-11-27,1,3,4,25.0,108.73773001317113
2015-11-30,1,3,4,25.0,108.12432292729073
2015-12-01,1,3,4,25.0,111.0063034485218
2015-12-02,1,3,4,25.0,111.72401866878916
2015-12-03,1,3,4,25.0,109.46897371357439
2015-12-04,1,3,4,25.0,106.99569023960396
2015-12-07,1,3,4,25.0,107.67494885325533
2015-12-08,1,3,4,25.0,103.99982305350292
2015-12-09,1,3,4,25.0,100.60735465671276
2015-12-10,1,3,4,25.0,102.96780063494337
2015-12-11,1,3,4,25.0,101.45944650237186
2015-12-14,1,3,4,25.0,103.31360816614144
2015-12-15,1,3,4,25.0,105.91431858161218
2015-12-16,1,3,4,25.0,104.74433807556412
2015-12-17,1,3,4,25.0,107.75039439822405
2015-12-18,1,3,4,25.0,107.38020833671371
2015-12-21,1,3,4,25.0,109.67053134694176
2015-12-22,1,3,4,25.0,108.23293050246964
2015-12-23,1,3,4,25.0,110.37903636411774
2015-12-24,1,3,4,25.0,111.6997775616526
2015-12-28,1,3,4,25.0,111.77254723251109
2015-12-29,2,2,4,50.0,112.97540931405638
2015-12-30,1,3,4,25.0,112.7822825161188
2015-12-31,1,3,4,25.0,113.02566184648495
2016-01-01,1,3,4,25.0,116.22326379388915
2016-01-04,1,3,4,25.0,113.06236123741968
2016-01-05,1,3,4,25.0,115.59278905788864
2016-01-06,1,3,4,25.0,114.03610155738164
2016-01-07,1,3,4,25.0,107.60159376238383
2016-01-08,1,3,4,25.0,109.52393819641892
2016-01-11,1,3,4,25.0,109.39644814569442
2016-01-12,1,3,4,25.0,107.58344786353975
2016-01-13,1,3,4,25.0,106.27524759820584
2016-01-14,1,3,4,25.0,103.75923440850161
2016-01-15,1,3,4,25.0,99.33135398539741
2016-01-18,1,3,4,25.0,94.7552730175967
2016-01-19,1,3,4,25.0,97.71757894451784
2016-01-20,1,3,4,25.0,93.41412336586022
2016-01-21,1,3,4,25.0,93.13832992018118
2016-01-22,1,3,4,25.0,97.10567609938253
2016-01-25,1,3,4,25.0,97.90444345649713
2016-01-27,1,3,4,25.0,97.28280035510257
2016-01-28,1,3,4,25.0,95.79872007226149
2016-01-29,1,3,4,25.0,97.1794621085697
2016-02-01,1,3,4,25.0,97.89812737467737
2016-02-02,1,3,4,25.0,95.92942257761761
2016-02-03,1,3,4,25.0,94.17646351389526
2016-02-04,1,3,4,25.0,95.29798997304488
2016-02-05,1,3,4,25.0,97.1866007790143
2016-02-08,1,3,4,25.0,97.38718860663126
2016-02-09,1,3,4,25.0,96.03651094107434
2016-02-10,1,3,4,25.0,93.45522344677659
2016-02-11,1,3,4,25.0,89.08835803104512
2016-02-12,0,4,4,0.0,85.53336363257202
2016-02-15,1,3,4,25.0,90.53762125942555
2016-02-16,0,4,4,0.0,87.57865996106794
2016-02-17,0,4,4,0.0,87.9448579240854
2016-02-18,1,3,4,25.0,88.43215686823181
2016-02-19,1,3,4,25.0,89.39303596264796
2016-02-22,1,3,4,25.0,89.48246072196278
2016-02-23,1,3,4,25.0,87.3358827910818
2016-02-24,0,4,4,0.0,86.47343525251657
2016-02-25,0,4,4,0.0,85.82200448427884
2016-02-26,0,4,4,0.0,86.05751561225937
2016-02-29,0,4,4,0.0,85.68634241958507
2016-03-01,1,3,4,25.0,88.31203222687873
2016-03-02,1,3,4,25.0,93.33659597061938
2016-03-03,1,3,4,25.0,95.70980417755953
2016-03-04,1,3,4,25.0,95.7575637459798
2016-03-08,1,3,4,25.0,96.91438366604498
2016-03-09,1,3,4,25.0,96.89486714842317
2016-03-10,1,3,4,25.0,96.9347889108863
2016-03-11,1,3,4,25.0,96.6006916252275
2016-03-14,1,3,4,25.0,98.53842389615409
2016-03-15,1,3,4,25.0,97.76342802133307
2016-03-16,1,3,4,25.0,97.2118127855386
2016-03-17,1,3,4,25.0,99.1160151473787
2016-03-18,1,3,4,25.0,101.44126348002854
2016-03-21,2,2,4,50.0,102.92506924730691
2016-03-22,2,2,4,50.0,102.82840633157868
2016-03-23,2,2,4,50.0,105.25259385279617
2016-03-28,1,3,4,25.0,100.10599973261473
2016-03-29,1,3,4,25.0,98.73100554370768
2016-03-30,2,2,4,50.0,102.84348318737446
2016-03-31,2,2,4,50.0,103.41998302248172
2016-04-01,2,2,4,50.0,104.43601468456096
2016-04-04,3,1,4,75.0,106.77432272935722
2016-04-05,2,2,4,50.0,102.60091954787211
2016-04-06,2,2,4,50.0,104.565324473714
2016-04-07,2,2,4,50.0,103.27657981488498
2016-04-08,2,2,4,50.0,104.7499583833649
2016-04-11,3,1,4,75.0,107.5636743058404
2016-04-12,3,1,4,75.0,107.74025232301135
2016-04-13,3,1,4,75.0,109.66441601319335
2016-04-18,3,1,4,75.0,111.18507880185264
2016-04-20,4,0,4,100.0,115.67669921335938
2016-04-21,4,0,4,100.0,115.4870047371481
2016-04-22,4,0,4,100.0,113.88940907827316
2016-04-25,4,0,4,100.0,112.13107700235719
2016-04-26,4,0,4,100.0,114.36707099302461
2016-04-27,4,0,4,100.0,115.03371605634558
2016-04-28,4,0,4,100.0,112.33429591428947
2016-04-29,3,1,4,75.0,112.66068574590132
2016-05-02,4,0,4,100.0,113.491948048972
2016-05-03,3,1,4,75.0,112.73053335009153
2016-05-04,3,1,4,75.0,108.06751185118988
2016-05-05,2,2,4,50.0,108.09424862792704
2016-05-06,2,2,4,50.0,107.77285195736124
2016-05-09,2,2,4,50.0,108.36129650505488
2016-05-10,2,2,4,50.0,109.267298986934
2016-05-11,2,2,4,50.0,109.74912898677334
2016-05-12,2,2,4,50.0,112.70843387530265
2016-05-13,2,2,4,50.0,109.85953514490978
2016-05-16,2,2,4,50.0,110.76755890192986
2016-05-17,2,2,4,50.0,110.50923834486832
2016-05-18,2,2,4,50.0,110.68574106889571
2016-05-19,2,2,4,50.0,108.83592677661711
2016-05-20,2,2,4,50.0,108.79982309816359
2016-05-23,2,2,4,50.0,107.41258179057809
2016-05-24,2,2,4,50.0,103.9184649802531
2016-05-25,2,2,4,50.0,106.76644249350902
2016-05-26,2,2,4,50.0,107.8874623190863
2016-05-27,2,2,4,50.0,108.21517910784266
2016-05-30,2,2,4,50.0,112.12545794294304
2016-05-31,2,2,4,50.0,111.27001106186687
2016-06-01,2,2,4,50.0,112.55934004355635
2016-06-02,2,2,4,50.0,113.07192102055481
2016-06-03,2,2,4,50.0,111.03413042555314
2016-06-06,2,2,4,50.0,111.22306090423291
2016-06-07,2,2,4,50.0,114.21788133761022
2016-06-08,2,2,4,50.0,116.00735030255542
2016-06-09,3,1,4,75.0,119.40449771648079
2016-06-10,3,1,4,75.0,119.7950634895583
2016-06-13,2,2,4,50.0,118.79522078092499
2016-06-14,4,0,4,100.0,122.24465793966259
2016-06-15,4,0,4,100.0,122.20122059555159
2016-06-16,4,0,4,100.0,122.65922837979251
2016-06-17,4,0,4,100.0,122.44794927633691
2016-06-20,3,1,4,75.0,123.16932060613264
2016-06-21,3,1,4,75.0,123.30889168653026
2016-06-22,4,0,4,100.0,123.00496153323941
2016-06-23,3,1,4,75.0,124.11192520477894
2016-06-24,2,2,4,50.0,118.5900624922454
2016-06-27,2,2,4,50.0,121.48226930463753
2016-06-28,4,0,4,100.0,124.44349979813374
2016-06-29,4,0,4,100.0,125.75162129003176
2016-06-30,4,0,4,100.0,127.6436479308444
2016-07-01,4,0,4,100.0,127.3694515777726
2016-07-04,4,0,4,100.0,128.84255306049957
2016-07-05,4,0,4,100.0,129.9324414420691
2016-07-07,4,0,4,100.0,133.98500767220438
2016-07-08,4,0,4,100.0,135.38441624112136
2016-07-11,4,0,4,100.0,137.75146329916754
2016-07-12,4,0,4,100.0,138.83620298290515
2016-07-13,4,0,4,100.0,140.23029747037634
2016-07-14,4,0,4,100.0,140.0337302524032
2016-07-15,4,0,4,100.0,138.39549521368582
2016-07-18,4,0,4,100.0,137.5137342632179
2016-07-19,4,0,4,100.0,136.94024091845526
2016-07-20,4,0,4,100.0,138.51049901636497
2016-07-21,4,0,4,100.0,136.26388407561797
2016-07-22,4,0,4,100.0,137.5777739417481
2016-07-25,4,0,4,100.0,140.39511179059537
2016-07-26,4,0,4,100.0,141.40976542580765
2016-07-27,4,0,4,100.0,142.21983873440442
2016-07-28,4,0,4,100.0,142.3871983090086
2016-07-29,4,0,4,100.0,140.836152498897
2016-08-01,4,0,4,100.0,138.5473621226505
2016-08-02,4,0,4,100.0,136.63610394509573
2016-08-03,3,1,4,75.0,134.04430558046155
2016-08-04,3,1,4,75.0,135.73863682033328
2016-08-05,4,0,4,100.0,139.60937062358258
2016-08-08,4,0,4,100.0,141.89235511224973
2016-08-09,4,0,4,100.0,140.09884449273628
2016-08-10,4,0,4,100.0,140.1848950436144
2016-08-11,3,1,4,75.0,135.86111200191368
2016-08-12,3,1,4,75.0,138.36510324774832
2016-08-16,3,1,4,75.0,140.56723941264423
2016-08-17,3,1,4,75.0,141.63700124930259
2016-08-18,3,1,4,75.0,142.39908941642474
2016-08-19,4,0,4,100.0,147.25503039646645
2016-08-22,3,1,4,75.0,145.5805728508465
2016-08-23,3,1,4,75.0,142.57631474777145
2016-08-24,3,1,4,75.0,144.9060743104777
2016-08-25,3,1,4,75.0,144.09918012322092
2016-08-26,3,1,4,75.0,142.95380099256712
2016-08-29,3,1,4,75.0,143.2896655860914
2016-08-30,3,1,4,75.0,145.45023042608304
2016-08-31,3,1,4,75.0,144.5631453338508
2016-09-01,3,1,4,75.0,142.12282601317511
2016-09-02,3,1,4,75.0,143.5293766443486
2016-09-06,3,1,4,75.0,144.70832593090535
2016-09-07,3,1,4,75.0,148.64013439901868
2016-09-08,3,1,4,75.0,149.16512607222595
2016-09-09,3,1,4,75.0,145.81901455907587
2016-09-12,3,1,4,75.0,138.30154195912888
2016-09-14,3,1,4,75.0,140.27338708121675
2016-09-15,3,1,4,75.0,141.91368214627184
2016-09-16,3,1,4,75.0,138.69193879874
2016-09-19,3,1,4,75.0,139.6099329729328
2016-09-20,3,1,4,75.0,139.73729044125554
2016-09-21,3,1,4,75.0,141.86902395931716
2016-09-22,3,1,4,75.0,143.0235633487431
2016-09-23,3,1,4,75.0,143.76004361416938
2016-09-26,3,1,4,75.0,146.53614221376742
2016-09-27,3,1,4,75.0,144.82756047491628
2016-09-28,3,1,4,75.0,146.77905449123114
2016-09-29,3,1,4,75.0,137.92493156011923
2016-09-30,3,1,4,75.0,140.4628270859535
2016-10-03,3,1,4,75.0,140.79578130712892
2016-10-04,3,1,4,75.0,143.75218685659678
2016-10-05,3,1,4,75.0,144.01287223330124
2016-10-06,3,1,4,75.0,142.6152343298766
2016-10-07,3,1,4,75.0,146.32338028606188
2016-10-10,3,1,4,75.0,146.42688136180968
2016-10-13,3,1,4,75.0,141.79260192383933
2016-10-14,3,1,4,75.0,142.47320558718312
2016-10-17,3,1,4,75.0,140.34520757052906
2016-10-18,3,1,4,75.0,142.85655784078924
2016-10-19,3,1,4,75.0,143.3469167771682
2016-10-20,3,1,4,75.0,145.4489515415879
2016-10-21,3,1,4,75.0,143.9692574470012
2016-10-24,3,1,4,75.0,144.4761113751729
2016-10-25,3,1,4,75.0,143.5212931954499
2016-10-26,3,1,4,75.0,142.33636214759719
2016-10-27,3,1,4,75.0,140.93931149294937
2016-10-28,3,1,4,75.0,141.56619660854471
2016-10-30,3,1,4,75.0,142.16440072792724
2016-11-01,3,1,4,75.0,144.3685377362326
2016-11-02,3,1,4,75.0,141.77661470600393
2016-11-03,3,1,4,75.0,142.600986926167
2016-11-04,3,1,4,75.0,135.8643377272654
2016-11-07,3,1,4,75.0,143.17168081907755
2016-11-08,3,1,4,75.0,143.519918568107
2016-11-09,3,1,4,75.0,139.32852865061034
2016-11-10,3,1,4,75.0,146.15189929789568
2016-11-11,3,1,4,75.0,143.51679411613708
2016-11-15,3,1,4,75.0,137.39455557228823
2016-11-16,3,1,4,75.0,137.76309868202503
2016-11-17,3,1,4,75.0,138.07049509625136
2016-11-18,2,2,4,50.0,137.73340883583094
2016-11-21,2,2,4,50.0,132.71281889137794
2016-11-22,3,1,4,75.0,136.52690452508767
2016-11-23,3,1,4,75.0,139.882764082183
2016-11-24,3,1,4,75.0,141.03346738354648
2016-11-25,3,1,4,75.0,145.0333695781564
2016-11-28,3,1,4,75.0,145.66410101094164
2016-11-29,3,1,4,75.0,145.65861444862023
2016-11-30,3,1,4,75.0,145.72807703169616
2016-12-01,3,1,4,75.0,144.5701511881971
2016-12-02,3,1,4,75.0,142.4289521974454
2016-12-05,3,1,4,75.0,146.2766477492453
2016-12-06,3,1,4,75.0,149.4306162444003
2016-12-07,3,1,4,75.0,151.77501576808135
2016-12-08,3,1,4,75.0,153.74179660792475
2016-12-09,3,1,4,75.0,154.1673341462989
2016-12-12,3,1,4,75.0,153.40681483283157
2016-12-13,3,1,4,75.0,149.187719225824
2016-12-14,3,1,4,75.0,147.97822756123077
2016-12-15,4,0,4,100.0,149.00298160148807
2016-12-16,4,0,4,100.0,148.09779634342812
2016-12-19,4,0,4,100.0,147.4629692338975
2016-12-20,3,1,4,75.0,146.40053522744813
2016-12-21,4,0,4,100.0,147.19552537037615
2016-12-22,2,2,4,50.0,143.10336692911469
2016-12-23,3,1,4,75.0,143.54292677460654
2016-12-26,3,1,4,75.0,141.2520274366396
2016-12-27,3,1,4,75.0,142.6460730860221
2016-12-28,3,1,4,75.0,142.8765102960055
2016-12-29,3,1,4,75.0,144.3384381630559
2016-12-30,4,0,4,100.0,146.66697901546405
2017-01-02,4,0,4,100.0,149.99712595399566
2017-01-03,4,0,4,100.0,150.18746524218673
2017-01-04,4,0,4,100.0,150.88860788336888
2017-01-05,4,0,4,100.0,153.2566834298375
2017-01-06,4,0,4,100.0,151.68840193163868
2017-01-09,4,0,4,100.0,152.44080582252565
2017-01-10,4,0,4,100.0,156.71537305161198
2017-01-11,4,0,4,100.0,159.37021222542404
2017-01-12,4,0,4,100.0,160.60335698344218
2017-01-13,4,0,4,100.0,157.43701164797065
2017-01-16,4,0,4,100.0,158.6464739976973
2017-01-17,4,0,4,100.0,156.18181906827039
2017-01-18,4,0,4,100.0,157.6730586985804
2017-01-19,4,0,4,100.0,159.8326038317779
2017-01-20,4,0,4,100.0,155.6829414842661
2017-01-23,4,0,4,100.0,159.11908037175328
2017-01-24,4,0,4,100.0,160.94618723158598
2017-01-25,4,0,4,100.0,164.52376455690262
2017-01-27,4,0,4,100.0,171.65723536539323
2017-01-30,4,0,4,100.0,172.32604787043172
2017-01-31,4,0,4,100.0,168.36556519873662
2017-02-01,4,0,4,100.0,173.10472294062876
2017-02-02,4,0,4,100.0,174.22572540820764
2017-02-03,4,0,4,100.0,174.2740808092853
2017-02-06,4,0,4,100.0,175.01692814405646
2017-02-07,4,0,4,100.0,170.57748452602326
2017-02-08,4,0,4,100.0,171.89136715639873
2017-02-09,4,0,4,100.0,171.34046146236554
2017-02-10,4,0,4,100.0,173.71585273761917
2017-02-13,4,0,4,100.0,174.12268173936846
2017-02-14,4,0,4,100.0,170.41348911061203
2017-02-15,4,0,4,100.0,168.5222074101589
2017-02-16,4,0,4,100.0,171.50312161155713
2017-02-17,4,0,4,100.0,170.38422570926468
2017-02-20,4,0,4,100.0,172.787275543332
2017-02-21,4,0,4,100.0,173.8990963886761
2017-02-22,4,0,4,100.0,170.45456210899675
2017-02-23,4,0,4,100.0,170.81353187272092
2017-02-27,4,0,4,100.0,169.9046200748754
2017-02-28,4,0,4,100.0,171.5585997192457
2017-03-01,4,0,4,100.0,174.0169616237665
2017-03-02,4,0,4,100.0,171.29897673229982
2017-03-03,4,0,4,100.0,172.88205880711098
2017-03-06,4,0,4,100.0,173.77161297243126
2017-03-07,4,0,4,100.0,172.92524448738118
2017-03-08,4,0,4,100.0,169.53674564319877
2017-03-09,4,0,4,100.0,168.17275812176234
2017-03-10,4,0,4,100.0,167.4570119161712
2017-03-14,4,0,4,100.0,169.30948682963327
2017-03-15,4,0,4,100.0,172.09262097049375
2017-03-16,4,0,4,100.0,177.28267352041476
2017-03-17,4,0,4,100.0,176.0555711883254
2017-03-20,4,0,4,100.0,174.4368309313631
2017-03-21,4,0,4,100.0,174.72992852264912
2017-03-22,4,0,4,100.0,172.1297071730183
2017-03-23,4,0,4,100.0,173.94536912335838
2017-03-24,4,0,4,100.0,174.88155216364174
2017-03-27,4,0,4,100.0,172.29725456424035
2017-03-28,4,0,4,100.0,172.11700287363
2017-03-29,4,0,4,100.0,173.01541471174434
2017-03-30,4,0,4,100.0,172.89053788210686
2017-03-31,4,0,4,100.0,175.74831716556457
2017-04-03,4,0,4,100.0,180.99084331670082
2017-04-05,4,0,4,100.0,185.80716035445292
2017-04-06,4,0,4,100.0,186.0931278170191
2017-04-07,4,0,4,100.0,184.5381105693194
2017-04-10,4,0,4,100.0,187.17249108285236
2017-04-11,4,0,4,100.0,188.08994255986855
2017-04-12,4,0,4,100.0,183.41420908930615
2017-04-13,4,0,4,100.0,181.73585026879863
2017-04-17,4,0,4,100.0,183.745690280559
2017-04-18,4,0,4,100.0,190.87658269940957
2017-04-19,4,0,4,100.0,191.99664609444184
2017-04-20,4,0,4,100.0,192.90175068897653
2017-04-21,4,0,4,100.0,194.84776429204842
2017-04-24,4,0,4,100.0,197.11864746136362
2017-04-25,4,0,4,100.0,196.3079831748555
2017-04-26,4,0,4,100.0,185.96881150124736
2017-04-27,4,0,4,100.0,183.53560614467705
2017-04-28,4,0,4,100.0,183.85112919565015
2017-05-02,4,0,4,100.0,188.4874493561962
2017-05-03,4,0,4,100.0,188.48535181527407
2017-05-04,4,0,4,100.0,186.91202029860656
2017-05-05,3,1,4,75.0,184.10612953391492
2017-05-08,4,0,4,100.0,184.62297678126686
2017-05-09,4,0,4,100.0,188.1319263015745
2017-05-10,4,0,4,100.0,188.62017199703288
2017-05-11,3,1,4,75.0,190.4424335974926
2017-05-12,3,1,4,75.0,189.67691504572755
2017-05-15,4,0,4,100.0,193.60081042516975
2017-05-16,4,0,4,100.0,193.08899137620202
2017-05-17,4,0,5,100.0,192.87527573611544
2017-05-18,4,0,5,100.0,190.7550261702991
2017-05-19,4,0,5,100.0,190.30568086574988
2017-05-22,4,0,5,100.0,186.72150697851978
2017-05-23,4,0,5,100.0,181.94182914635573
2017-05-24,3,1,5,75.0,178.7347935520816
2017-05-25,3,1,5,75.0,179.02988012794466
2017-05-26,4,0,5,100.0,184.38492065143592
2017-05-29,3,1,5,75.0,182.1761379913158
2017-05-30,3,1,5,75.0,185.813196223215
2017-05-31,3,1,5,75.0,188.3110327125842
2017-06-01,3,1,5,75.0,187.75440495572212
2017-06-02,3,1,5,75.0,185.675400613883
2017-06-05,3,1,5,75.0,186.22964091503974
2017-06-06,3,1,5,75.0,189.81366446437028
2017-06-07,3,1,5,75.0,189.22299393254752
2017-06-08,4,0,5,100.0,189.72889584496392
2017-06-09,4,0,5,100.0,191.88630009258932
2017-06-12,4,0,5,100.0,194.92051909961006
2017-06-13,3,1,5,75.0,197.13506236482522
2017-06-14,4,0,5,100.0,196.1343332837661
2017-06-15,4,0,5,100.0,197.47227625048106
2017-06-16,4,0,5,100.0,195.87610064782515
2017-06-19,4,0,5,100.0,197.49689035996653
2017-06-20,4,0,5,100.0,198.16493452935867
2017-06-21,4,0,5,100.0,197.932146197547
2017-06-22,4,0,5,100.0,197.75937996720583
2017-06-23,3,1,5,75.0,192.51746371801872
2017-06-27,3,1,5,75.0,192.25167991968829
2017-06-28,3,1,5,75.0,194.58338240254685
2017-06-29,4,0,5,100.0,194.86370776434072
2017-06-30,4,0,5,100.0,194.4016427885476
2017-07-03,4,0,5,100.0,198.74354144526066
2017-07-04,4,0,5,100.0,197.58540239600865
2017-07-05,4,0,5,100.0,199.15675770035622
2017-07-06,4,0,5,100.0,197.95514541311258
2017-07-07,4,0,5,100.0,197.94963790898333
2017-07-10,4,0,5,100.0,197.8672805165002
2017-07-11,4,0,5,100.0,200.15586434577145
2017-07-12,4,0,5,100.0,205.09158948710268
2017-07-13,4,0,5,100.0,205.45769810396902
2017-07-14,4,0,5,100.0,203.37137020269859
2017-07-17,4,0,5,100.0,204.91384819273136
2017-07-18,4,0,5,100.0,202.3552949007894
2017-07-19,4,0,5,100.0,206.38670787854517
2017-07-20,4,0,5,100.0,206.60998468059492
2017-07-21,4,0,5,100.0,207.577435232473
2017-07-24,4,0,5,100.0,207.1518145657041
2017-07-25,4,0,5,100.0,208.2509024907498
2017-07-26,4,0,5,100.0,210.02233519964827
2017-07-27,4,0,5,100.0,207.82057892969266
2017-07-28,4,0,5,100.0,205.15067307051865
2017-07-31,4,0,5,100.0,205.14213977563176
2017-08-01,4,0,5,100.0,205.71917809113705
2017-08-02,4,0,5,100.0,203.13605835437852
2017-08-03,3,1,5,75.0,198.63249901306847
2017-08-04,3,1,5,75.0,200.19008611078263
2017-08-07,3,1,5,75.0,200.53411252963187
2017-08-08,3,1,5,75.0,200.36433841521176
2017-08-09,3,1,5,75.0,194.62827790773895
2017-08-10,3,1,5,75.0,185.75415785487692
2017-08-11,3,1,5,75.0,184.49956703599716
2017-08-14,3,1,5,75.0,187.42931132885366
2017-08-16,3,1,5,75.0,193.05537718040046
2017-08-17,3,1,5,75.0,191.6561990856572
2017-08-18,3,1,5,75.0,192.013458486084
2017-08-21,3,1,5,75.0,186.38430996184837
2017-08-22,3,1,5,75.0,184.94660545869743
2017-08-23,3,1,5,75.0,186.52569858074466
2017-08-24,3,1,5,75.0,187.53488382563117
2017-08-28,3,1,5,75.0,191.0453884093319
2017-08-29,3,1,5,75.0,188.3335986545638
2017-08-30,3,1,5,75.0,196.5903822382377
2017-08-31,3,1,5,75.0,198.58159117839662
2017-09-01,3,1,5,75.0,203.001748006048
2017-09-04,3,1,5,75.0,201.0230098986506
2017-09-05,3,1,5,75.0,203.95059541061383
2017-09-06,4,0,5,100.0,213.37229157639172
2017-09-07,4,0,5,100.0,218.39026312787772
2017-09-08,3,1,5,75.0,216.71458713434328
2017-09-11,3,1,5,75.0,215.1637887607228
2017-09-12,4,0,5,100.0,218.73529862520877
2017-09-13,3,1,5,75.0,220.45558411736943
2017-09-14,3,1,5,75.0,218.45863392508033
2017-09-15,3,1,5,75.0,219.66438223162177
2017-09-18,3,1,5,75.0,223.64825643675047
2017-09-19,3,1,5,75.0,230.17935900044105
2017-09-20,3,1,5,75.0,234.28418726204666
2017-09-21,3,1,5,75.0,236.9094158073001
2017-09-22,3,1,5,75.0,226.31009767249904
2017-09-25,3,1,5,75.0,221.76081872883645
2017-09-26,3,1,5,75.0,224.8967581766566
2017-09-27,3,1,5,75.0,217.92102513229787
2017-09-28,3,1,5,75.0,218.25423300360737
2017-09-29,3,1,5,75.0,219.76398891194916
2017-10-03,2,2,5,50.0,213.65585076441945
2017-10-04,3,1,5,75.0,220.8215421474454
2017-10-05,3,1,5,75.0,223.71280929095735
2017-10-06,3,1,5,75.0,229.384799615809
2017-10-09,3,1,5,75.0,228.6458151493774
2017-10-10,3,1,5,75.0,229.43882504160368
2017-10-11,3,1,5,75.0,224.73530899980418
2017-10-12,3,1,5,75.0,227.61680868042066
2017-10-13,3,1,5,75.0,236.6197201163324
2017-10-16,3,1,5,75.0,236.92356208609496
2017-10-17,3,1,5,75.0,239.75959193077844
2017-10-18,3,1,5,75.0,243.2013724724692
2017-10-19,3,1,5,75.0,244.7160248776856
2017-10-23,4,0,5,100.0,245.47165041393436
2017-10-24,3,1,5,75.0,243.1826842005176
2017-10-25,4,0,5,100.0,243.15022419210618
2017-10-26,4,0,5,100.0,246.6392821587422
2017-10-27,4,0,5,100.0,244.36638211212718
2017-10-30,4,0,5,100.0,251.34470112256827
2017-10-31,4,0,5,100.0,250.82403517847897
2017-11-01,4,0,5,100.0,258.1934791130421
2017-11-02,4,0,5,100.0,261.00651134329945
2017-11-03,4,0,5,100.0,264.43516196249044
2017-11-06,4,0,5,100.0,284.0969494740178
2017-11-07,4,0,5,100.0,281.93782866246215
2017-11-08,4,0,5,100.0,276.5312986347648
2017-11-09,4,0,5,100.0,280.37142330167717
2017-11-10,4,0,5,100.0,282.39510545432654
2017-11-13,4,0,5,100.0,278.24707745715153
2017-11-14,4,0,5,100.0,279.32214262491016
2017-11-15,4,0,5,100.0,266.4660590169026
2017-11-16,4,0,5,100.0,271.7045204318242
2017-11-17,4,0,5,100.0,279.1369247789377
2017-11-20,4,0,5,100.0,280.76921183140945
2017-11-21,4,0,5,100.0,278.6732250190751
2017-11-22,4,0,5,100.0,280.14831884417043
2017-11-23,4,0,5,100.0,285.1031509888609
2017-11-24,4,0,5,100.0,280.9810531931191
2017-11-27,4,0,5,100.0,282.6190792984454
2017-11-28,4,0,5,100.0,283.2171460944972
2017-11-29,4,0,5,100.0,285.7273064532014
2017-11-30,4,0,5,100.0,279.7907588225959
2017-12-01,4,0,5,100.0,285.4938196235966
2017-12-04,4,0,5,100.0,295.29554884404143
2017-12-05,4,0,5,100.0,297.34671113858366
2017-12-06,4,0,5,100.0,285.45881818038634
2017-12-07,4,0,5,100.0,284.51059176118207
2017-12-08,4,0,5,100.0,294.5995381331876
2017-12-11,4,0,5,100.0,298.6687192255467
2017-12-12,4,0,5,100.0,297.1993690997947
2017-12-13,4,0,5,100.0,295.96101520574774
2017-12-14,4,0,5,100.0,295.17366783352276
2017-12-15,4,0,5,100.0,306.15083674679124
2017-12-18,4,0,5,100.0,316.40734335514384
2017-12-19,5,0,5,100.0,320.59209950290966
2017-12-20,5,0,5,100.0,321.5449965439693
2017-12-21,5,0,5,100.0,321.91842755226554
2017-12-22,5,0,5,100.0,322.40672058268234
2017-12-26,5,0,5,100.0,319.8141812799615
2017-12-27,5,0,5,100.0,325.6473731205586
2017-12-28,5,0,5,100.0,331.52895923413547
2017-12-29,5,0,5,100.0,336.12119318309834
2018-01-01,5,0,5,100.0,333.1335974672822
2018-01-02,5,0,5,100.0,331.2185997982737
2018-01-03,5,0,5,100.0,338.4263441316648
2018-01-04,5,0,5,100.0,343.35916233545163
2018-01-05,5,0,5,100.0,343.7290491196753
2018-01-08,5,0,5,100.0,345.29781207561336
2018-01-09,5,0,5,100.0,340.8316921224401
2018-01-10,5,0,5,100.0,338.86201913671664
2018-01-11,5,0,5,100.0,339.56058866922245
2018-01-12,5,0,5,100.0,337.08040734483234
2018-01-15,5,0,5,100.0,336.9502963477577
2018-01-16,5,0,5,100.0,329.21361796743247
2018-01-17,5,0,5,100.0,332.9279102351292
2018-01-18,5,0,5,100.0,318.1701725808813
2018-01-19,5,0,5,100.0,320.0786452233205
2018-01-22,5,0,5,100.0,321.7048669230352
2018-01-23,5,0,5,100.0,325.3042011877633
2018-01-24,5,0,5,100.0,320.01269661757453
2018-01-25,5,0,5,100.0,322.31118676523687
2018-01-29,5,0,5,100.0,319.6975600769609
2018-01-30,5,0,5,100.0,315.53627553892164
2018-01-31,5,0,5,100.0,314.4036635199723
2018-02-01,5,0,5,100.0,312.28595289204316
2018-02-02,5,0,5,100.0,296.2864966945357
2018-02-05,5,0,5,100.0,294.16425052727726
2018-02-06,4,1,5,80.0,288.567717440273
2018-02-07,5,0,5,100.0,293.467230422356
2018-02-08,5,0,5,100.0,310.21821737419845
2018-02-09,5,0,5,100.0,312.1131802236555
2018-02-12,5,0,5,100.0,333.1690993218689
2018-02-14,5,0,5,100.0,337.0607553893068
2018-02-15,5,0,5,100.0,332.65747740652813
2018-02-16,5,0,5,100.0,323.70927321437296
2018-02-19,5,0,5,100.0,315.30795502597
2018-02-20,5,0,5,100.0,314.8352590739818
2018-02-21,4,1,5,80.0,306.39031380364463
2018-02-22,4,1,5,80.0,307.6433472059018
2018-02-23,5,0,5,100.0,312.43113003268587
2018-02-26,4,1,5,80.0,314.14175425624177
2018-02-27,4,1,5,80.0,326.73128892820176
2018-02-28,4,1,5,80.0,321.61460794771915
2018-03-01,4,1,5,80.0,317.03706892445473
2018-03-05,3,2,5,60.0,309.2806658572636
2018-03-06,3,2,5,60.0,311.98231106347095
2018-03-07,3,2,5,60.0,303.4187037849446
2018-03-08,3,2,5,60.0,297.2271303057339
2018-03-09,3,2,5,60.0,289.1435433244594
2018-03-12,3,2,5,60.0,291.168508675025
2018-03-13,3,2,5,60.0,294.82965702898383
2018-03-14,3,2,5,60.0,293.6818497365883
2018-03-15,3,2,5,60.0,304.56196344771666
2018-03-16,3,2,5,60.0,297.1983116553628
2018-03-19,3,2,5,60.0,285.44380005318993
2018-03-20,3,2,5,60.0,285.68898052928864
2018-03-21,3,2,5,60.0,285.40483229981857
2018-03-22,3,2,5,60.0,284.16919177673634
2018-03-23,3,2,5,60.0,275.1160105033795
2018-03-26,3,2,5,60.0,281.1996586292249
2018-03-27,3,2,5,60.0,284.01212779866347
2018-03-28,3,2,5,60.0,278.24047256237765
2018-04-02,3,2,5,60.0,284.0264612136347
2018-04-03,3,2,5,60.0,289.8266815057116
2018-04-04,2,3,5,40.0,281.29819523212984
2018-04-05,3,2,5,60.0,296.5236538963959
2018-04-06,3,2,5,60.0,298.55337246224457
2018-04-09,3,2,5,60.0,298.6173685699947
2018-04-10,3,2,5,60.0,302.3898041778737
2018-04-11,3,2,5,60.0,303.43012311076876
2018-04-12,3,2,5,60.0,308.2103041477388
2018-04-13,3,2,5,60.0,311.23801781066186
2018-04-16,3,2,5,60.0,315.6062845966538
2018-04-17,3,2,5,60.0,320.58266850277386
2018-04-18,4,1,5,80.0,313.86084057151544
2018-04-19,5,0,5,100.0,329.5432318697868
2018-04-20,5,0,5,100.0,321.3245410745504
2018-04-23,5,0,5,100.0,321.7977834091467
2018-04-24,3,2,5,60.0,312.605432167951
2018-04-25,3,2,5,60.0,311.8704314778035
2018-04-26,3,2,5,60.0,311.9583139093946
2018-04-27,3,2,5,60.0,310.946919927929
2018-04-30,3,2,5,60.0,309.78112813927413
2018-05-02,2,3,5,40.0,297.9252647913391
2018-05-03,2,3,5,40.0,295.1438277489321
2018-05-04,2,3,5,40.0,293.2344815987186
2018-05-07,2,3,5,40.0,296.08130135682404
2018-05-08,2,3,5,40.0,300.1213982517276
2018-05-09,2,3,5,40.0,299.08841315628905
2018-05-10,2,3,5,40.0,295.9030533679812
2018-05-11,2,3,5,40.0,299.14448426201324
2018-05-14,2,3,5,40.0,295.2586176884124
2018-05-15,2,3,5,40.0,294.0948470649852
2018-05-16,2,3,5,40.0,291.23668440600443
2018-05-17,2,3,5,40.0,290.78026390354836
2018-05-18,2,3,5,40.0,285.20354850354306
2018-05-21,2,3,5,40.0,280.68793585137956
2018-05-22,2,3,5,40.0,284.631848573416
2018-05-23,2,3,5,40.0,280.7011830996334
2018-05-24,2,3,5,40.0,284.13454590687894
2018-05-25,3,2,5,60.0,289.5519324742564
2018-05-28,2,3,5,40.0,297.21398344116403
2018-05-29,2,3,5,40.0,302.0438905138553
2018-05-30,2,3,5,40.0,298.5487372474851
2018-05-31,2,3,5,40.0,286.17912124441966
2018-06-01,2,3,5,40.0,281.6555758435473
2018-06-04,1,4,5,20.0,275.05663608578783
2018-06-05,0,5,5,0.0,267.994994678918
2018-06-06,1,4,5,20.0,275.1158597651498
2018-06-07,2,3,5,40.0,284.21254209784274
2018-06-08,2,3,5,40.0,285.52900667464536
2018-06-11,2,3,5,40.0,295.39519818236664
2018-06-12,2,3,5,40.0,295.7894468275428
2018-06-13,2,3,5,40.0,295.16520454013875
2018-06-14,2,3,5,40.0,296.8391991641127
2018-06-15,1,4,5,20.0,292.2539965666485
2018-06-18,1,4,5,20.0,289.45957039767234
2018-06-19,1,4,5,20.0,282.98563566190893
2018-06-20,1,4,5,20.0,284.6289667401922
2018-06-21,1,4,5,20.0,280.9057146515467
2018-06-22,1,4,5,20.0,280.09627759752954
2018-06-25,1,4,5,20.0,274.2286724079003
2018-06-26,1,4,5,20.0,275.3932232784774
2018-06-27,0,5,5,0.0,264.5093821076685
2018-06-28,0,5,5,0.0,257.12591800496244
2018-06-29,0,5,5,0.0,264.4354964682838
2018-07-02,0,5,5,0.0,254.9466920874818
2018-07-03,0,5,5,0.0,261.10939701423285
2018-07-04,0,5,5,0.0,261.4961978824296
2018-07-05,1,4,5,20.0,265.27715011594466
2018-07-06,1,4,5,20.0,268.42145101734576
2018-07-09,1,4,5,20.0,269.2564540473978
2018-07-10,1,4,5,20.0,273.32747207404174
2018-07-11,1,4,5,20.0,273.2199711728034
2018-07-12,0,5,5,0.0,271.4617311547718
2018-07-13,1,4,5,20.0,281.005669732776
2018-07-16,0,5,5,0.0,267.08585540418153
2018-07-17,0,5,5,0.0,270.91278863507904
2018-07-18,1,4,5,20.0,266.8381132768976
2018-07-19,1,4,5,20.0,263.39515377007405
2018-07-20,1,4,5,20.0,265.12483872100916
2018-07-23,1,4,5,20.0,270.78310367712
2018-07-24,1,4,5,20.0,284.69723412544823
2018-07-25,1,4,5,20.0,287.5045751952392
2018-07-26,1,4,5,20.0,285.7187012985711
2018-07-27,1,4,5,20.0,290.2766822117451
2018-07-30,1,4,5,20.0,289.8938195107669
2018-07-31,1,4,5,20.0,292.255812996809
2018-08-01,1,4,5,20.0,295.10242160308826
2018-08-02,1,4,5,20.0,295.1516061148558
2018-08-03,1,4,5,20.0,296.0426878327223
2018-08-06,1,4,5,20.0,298.70875092534243
2018-08-07,1,4,5,20.0,293.46080610296286
2018-08-08,1,4,5,20.0,295.1360029191746
2018-08-09,1,4,5,20.0,298.00294092529344
2018-08-10,1,4,5,20.0,296.61441362420265
2018-08-13,1,4,5,20.0,291.45922720336637
2018-08-14,1,4,5,20.0,293.84733861096015
2018-08-16,1,4,5,20.0,291.7107069004233
2018-08-17,1,4,5,20.0,294.241800004599
2018-08-20,1,4,5,20.0,300.6275914647715
2018-08-21,1,4,5,20.0,301.2097138175712
2018-08-23,1,4,5,20.0,296.26051339882594
2018-08-24,1,4,5,20.0,293.1408416162685
2018-08-27,1,4,5,20.0,297.1396423845706
2018-08-28,2,3,5,40.0,302.383619725652
2018-08-29,1,4,5,20.0,300.37046738589083
2018-08-30,2,3,5,40.0,304.48374914376836
2018-08-31,2,3,5,40.0,303.58834444926816
2018-09-03,2,3,5,40.0,300.63155745922614
2018-09-04,1,4,5,20.0,296.6279844136483
2018-09-05,2,3,5,40.0,295.9570038391574
2018-09-06,1,4,5,20.0,300.05348502955036
2018-09-07,2,3,5,40.0,299.7326456671606
2018-09-10,1,4,5,20.0,294.9611058963545
2018-09-11,1,4,5,20.0,293.01614869003055
2018-09-12,2,3,5,40.0,293.6723955458911
2018-09-14,2,3,5,40.0,297.82436795743854
2018-09-17,2,3,5,40.0,295.8440335861132
2018-09-18,1,4,5,20.0,292.0773792206549
2018-09-19,2,3,5,40.0,291.13091396463483
2018-09-21,2,3,5,40.0,286.1829761005449
2018-09-24,2,3,5,40.0,279.66018902125023
2018-09-25,2,3,5,40.0,279.26514196572845
2018-09-26,2,3,5,40.0,279.2520673319887
2018-09-27,2,3,5,40.0,278.1890396157468
2018-09-28,1,4,5,20.0,260.2463078524292
2018-10-01,2,3,5,40.0,266.298748892959
2018-10-03,2,3,5,40.0,268.2939677794958
2018-10-04,2,3,5,40.0,263.3199309862792
2018-10-05,2,3,5,40.0,256.67193026759054
2018-10-08,1,4,5,20.0,250.4977281555091
2018-10-09,1,4,5,20.0,252.1392737908148
2018-10-10,1,4,5,20.0,260.9069423655932
2018-10-11,1,4,5,20.0,260.27362031556316
2018-10-12,1,4,5,20.0,268.5838841170953
2018-10-15,1,4,5,20.0,276.1614433129622
2018-10-16,1,4,5,20.0,281.7860522506022
2018-10-17,1,4,5,20.0,280.1037345498647
2018-10-19,1,4,5,20.0,276.70215339072377
2018-10-22,1,4,5,20.0,273.8803614550572
2018-10-23,1,4,5,20.0,272.28550369201497
2018-10-24,1,4,5,20.0,273.0326981119198
2018-10-25,1,4,5,20.0,269.6800580973122
2018-10-26,1,4,5,20.0,266.40630169039974
2018-10-29,1,4,5,20.0,274.79419953760356
2018-10-30,1,4,5,20.0,275.7939536940705
2018-10-31,1,4,5,20.0,275.25576064651045
2018-11-01,1,4,5,20.0,281.6507689068707
2018-11-02,2,3,5,40.0,289.1739944900864
2018-11-05,2,3,5,40.0,289.3570161882989
2018-11-06,2,3,5,40.0,291.23377084701406
2018-11-07,2,3,5,40.0,295.7972214734009
2018-11-09,2,3,5,40.0,292.9567760601427
2018-11-12,1,4,5,20.0,284.25322844288945
2018-11-13,2,3,5,40.0,288.7770113922213
2018-11-14,1,4,5,20.0,285.02241816764274
2018-11-15,2,3,5,40.0,284.6530758780124
2018-11-16,1,4,5,20.0,281.66557272197514
2018-11-19,2,3,5,40.0,281.5373329728056
2018-11-20,1,4,5,20.0,278.5668566014655
2018-11-21,1,4,5,20.0,278.55037785661676
2018-11-22,1,4,5,20.0,276.2698268926313
2018-11-26,1,4,5,20.0,276.59511181132933
2018-11-27,1,4,5,20.0,278.0590948787857
2018-11-28,1,4,5,20.0,276.2551569243721
2018-11-29,1,4,5,20.0,281.206221836237
2018-11-30,1,4,5,20.0,278.70617047487355
2018-12-03,2,3,5,40.0,285.9076699113832
2018-12-04,2,3,5,40.0,285.00806879037924
2018-12-05,1,4,5,20.0,275.7974698841662
2018-12-06,1,4,5,20.0,270.7556028972863
2018-12-07,1,4,5,20.0,270.85839759453694
2018-12-10,1,4,5,20.0,262.2625004263657
2018-12-11,1,4,5,20.0,267.2995956995492
2018-12-12,1,4,5,20.0,274.3668609450301
2018-12-13,1,4,5,20.0,275.7761482944559
2018-12-14,1,4,5,20.0,277.0835945507175
2018-12-17,1,4,5,20.0,280.98106311259505
2018-12-18,1,4,5,20.0,280.4779510464777
2018-12-19,1,4,5,20.0,283.2041182919636
2018-12-20,1,4,5,20.0,282.7677034516581
2018-12-21,1,4,5,20.0,281.04254602084825
2018-12-24,1,4,5,20.0,277.8867843912091
2018-12-26,1,4,5,20.0,278.1448840129389
2018-12-27,1,4,5,20.0,279.3407587367074
2018-12-28,1,4,5,20.0,281.2485668548465
2018-12-31,1,4,5,20.0,288.0477822115577
2019-01-01,1,4,5,20.0,284.67604964412567
2019-01-02,1,4,5,20.0,281.5737217730733
2019-01-03,1,4,5,20.0,280.4004673847617
2019-01-04,1,4,5,20.0,282.9031514927478
2019-01-07,1,4,5,20.0,282.259195005205
2019-01-08,1,4,5,20.0,281.4017453977328
2019-01-09,1,4,5,20.0,278.57901149428125
2019-01-10,1,4,5,20.0,278.99983261425064
2019-01-11,1,4,5,20.0,280.8869884334637
2019-01-14,1,4,5,20.0,281.0905146250129
2019-01-15,1,4,5,20.0,283.8405502800416
2019-01-16,1,4,5,20.0,283.2462963653051
2019-01-17,1,4,5,20.0,282.69457792340154
2019-01-18,1,4,5,20.0,279.48082818381823
2019-01-21,1,4,5,20.0,278.084370653823
2019-01-22,1,4,5,20.0,275.9585239522582
2019-01-23,1,4,5,20.0,273.35742891584886
2019-01-24,1,4,5,20.0,272.5067244725793
2019-01-25,1,4,5,20.0,266.92670423341013
2019-01-28,1,4,5,20.0,261.48787373278714
2019-01-29,1,4,5,20.0,265.1620451322221
2019-01-30,1,4,5,20.0,266.7343734645043
2019-01-31,1,4,5,20.0,265.17263566232805
2019-02-01,1,4,5,20.0,269.38553793850684
2019-02-04,0,5,5,0.0,258.07190848233955
2019-02-05,0,5,5,0.0,255.62566864748368
2019-02-06,0,5,5,0.0,254.92645354743652
2019-02-07,0,5,5,0.0,254.11064631889153
2019-02-08,0,5,5,0.0,250.06201627707298
2019-02-11,0,5,5,0.0,243.8906398044324
2019-02-12,0,5,5,0.0,243.99773582510957
2019-02-13,0,5,5,0.0,244.19404339023174
2019-02-14,0,5,5,0.0,244.8841268368782
2019-02-15,0,5,5,0.0,240.65772166672195
2019-02-18,0,5,5,0.0,236.7253792177712
2019-02-19,0,5,5,0.0,240.95300771827746
2019-02-20,0,5,5,0.0,243.73487910282145
2019-02-21,0,5,5,0.0,244.29640865161963
2019-02-22,0,5,5,0.0,248.2220584792202
2019-02-25,0,5,5,0.0,251.32347429611593
2019-02-26,0,5,5,0.0,248.73311863731936
2019-02-27,0,5,5,0.0,249.8814775403572
2019-02-28,0,5,5,0.0,249.31756410499807
2019-03-01,1,4,5,20.0,255.40718627518763
2019-03-05,1,4,5,20.0,265.542939502424
2019-03-06,1,4,5,20.0,269.6493788199834
2019-03-07,1,4,5,20.0,266.2500361993669
2019-03-08,1,4,5,20.0,267.84957162978145
2019-03-11,1,4,5,20.0,273.1715152542972
2019-03-12,1,4,5,20.0,276.67590551976764
2019-03-13,1,4,5,20.0,270.9947039343613
2019-03-14,1,4,5,20.0,269.6678012691399
2019-03-15,1,4,5,20.0,266.67675817201973
2019-03-18,1,4,5,20.0,267.08740733392625
2019-03-19,1,4,5,20.0,267.7385018444163
2019-03-20,1,4,5,20.0,266.2449796403069
2019-03-22,1,4,5,20.0,265.5228799551228
2019-03-25,0,5,5,0.0,260.50326249480753
2019-03-26,1,4,5,20.0,262.1044584710762
2019-03-27,0,5,5,0.0,260.508196735824
2019-03-28,0,5,5,0.0,259.297825977653
2019-03-29,1,4,5,20.0,265.9467136756597
2019-04-01,1,4,5,20.0,275.5314725675698
2019-04-02,1,4,5,20.0,275.72566161515294
2019-04-03,1,4,5,20.0,274.12988171949894
2019-04-04,1,4,5,20.0,269.0686007040389
2019-04-05,1,4,5,20.0,273.26493997852845
2019-04-08,1,4,5,20.0,271.5988917704271
2019-04-09,1,4,5,20.0,271.6010342046197
2019-04-10,1,4,5,20.0,268.25501690932583
2019-04-11,1,4,5,20.0,267.7569192274241
2019-04-12,1,4,5,20.0,267.00624691005584
2019-04-15,1,4,5,20.0,268.49446051432454
2019-04-16,1,4,5,20.0,270.4744701261849
2019-04-18,0,5,5,0.0,263.4098290310044
2019-04-22,0,5,5,0.0,260.5537021725131
2019-04-23,0,5,5,0.0,262.8848455009093
2019-04-24,0,5,5,0.0,262.03535703366646
2019-04-25,0,5,5,0.0,259.63960092784527
2019-04-26,0,5,5,0.0,259.3275770679889
2019-04-30,0,5,5,0.0,255.3977094466038
2019-05-02,0,5,5,0.0,253.15400113824577
2019-05-03,0,5,5,0.0,252.77168435988136
2019-05-06,0,5,5,0.0,248.24462844665663
2019-05-07,0,5,5,0.0,243.78884304444077
2019-05-08,0,5,5,0.0,243.40307826059532
2019-05-09,0,5,5,0.0,242.04174418455798
2019-05-10,0,5,5,0.0,243.709399016529
2019-05-13,0,5,5,0.0,239.0037803762201
2019-05-14,0,5,5,0.0,241.10563646244412
2019-05-15,0,5,5,0.0,236.18045213603725
2019-05-16,0,5,5,0.0,237.32717001814066
2019-05-17,0,5,5,0.0,235.4600713066058
2019-05-20,1,4,5,20.0,254.49167720801054
2019-05-21,1,4,5,20.0,254.0761507879797
2019-05-22,1,4,5,20.0,255.25480770643983
2019-05-23,1,4,5,20.0,251.5205814419914
2019-05-24,1,4,5,20.0,255.2327684234724
2019-05-27,1,4,5,20.0,263.9633462006451
2019-05-28,1,4,5,20.0,266.0595717649247
2019-05-29,1,4,5,20.0,264.42330484750823
2019-05-30,1,4,5,20.0,263.025415594633
2019-05-31,1,4,5,20.0,257.8991794348471
2019-06-03,1,4,5,20.0,260.2412013860819
2019-06-04,1,4,5,20.0,258.7101176754848
2019-06-06,1,4,5,20.0,255.07269777854128
2019-06-07,1,4,5,20.0,254.94301337864792
2019-06-10,1,4,5,20.0,252.24734581498947
2019-06-11,1,4,5,20.0,255.2640445530616
2019-06-12,1,4,5,20.0,253.04652539018127
2019-06-13,1,4,5,20.0,250.2712038315508
2019-06-14,1,4,5,20.0,246.6115268067576
2019-06-17,1,4,5,20.0,242.3853067070957
2019-06-18,1,4,5,20.0,240.29552336372953
2019-06-19,0,5,5,0.0,236.82033850425088
2019-06-20,1,4,5,20.0,239.60261356654846
2019-06-21,1,4,5,20.0,240.0001360184882
2019-06-24,1,4,5,20.0,241.0237945561479
2019-06-25,1,4,5,20.0,245.32484909913896
2019-06-26,1,4,5,20.0,250.92068507477964
2019-06-27,1,4,5,20.0,248.99015003431302
2019-06-28,1,4,5,20.0,246.58993860302724
2019-07-01,1,4,5,20.0,248.26058420847644
2019-07-02,1,4,5,20.0,247.69194824850968
2019-07-03,1,4,5,20.0,248.13824764564845
2019-07-04,1,4,5,20.0,247.86329532543556
2019-07-05,1,4,5,20.0,241.2635036921964
2019-07-08,0,5,5,0.0,237.15711829391773
2019-07-09,0,5,5,0.0,236.064546497552
2019-07-10,0,5,5,0.0,233.08360299897006
2019-07-11,0,5,5,0.0,235.34711233055083
2019-07-12,0,5,5,0.0,234.52252081168209
2019-07-15,0,5,5,0.0,232.3097402579369
2019-07-16,0,5,5,0.0,230.88967799820273
2019-07-17,0,5,5,0.0,232.24765688890736
2019-07-18,0,5,5,0.0,228.04672339594813
2019-07-19,0,5,5,0.0,221.2828967058514
2019-07-22,0,5,5,0.0,220.9248841791841
2019-07-23,0,5,5,0.0,223.24691724164137
2019-07-24,0,5,5,0.0,220.2098485222411
2019-07-25,0,5,5,0.0,218.9217294003757
2019-07-26,0,5,5,0.0,219.73372389315352
2019-07-29,0,5,5,0.0,218.0908906888582
2019-07-30,0,5,5,0.0,211.8298395599137
2019-07-31,0,5,5,0.0,214.27091793388354
2019-08-01,0,5,5,0.0,210.05970242532115
2019-08-02,0,5,5,0.0,209.85225007856135
2019-08-05,0,5,5,0.0,207.56914544269102
2019-08-06,0,5,5,0.0,209.36285919300448
2019-08-07,0,5,5,0.0,209.22870361212694
2019-08-08,0,5,5,0.0,216.05610219587717
2019-08-09,0,5,5,0.0,211.17044088852634
2019-08-13,0,5,5,0.0,207.28398577301027
2019-08-14,0,5,5,0.0,205.51865718231576
2019-08-16,0,5,5,0.0,205.7824659941036
2019-08-19,0,5,5,0.0,207.1259917136822
2019-08-20,0,5,5,0.0,206.71259977164573
2019-08-21,0,5,5,0.0,202.58751839179436
2019-08-22,0,5,5,0.0,195.6780567818553
2019-08-23,0,5,5,0.0,199.90347374801746
2019-08-26,0,5,5,0.0,202.76494794621888
2019-08-27,0,5,5,0.0,210.2164655355855
2019-08-28,0,5,5,0.0,207.00696702366002
2019-08-29,0,5,5,0.0,207.21198182287614
2019-08-30,0,5,5,0.0,209.25399477369413
2019-09-03,0,5,5,0.0,205.39725335963524
2019-09-04,0,5,5,0.0,204.97382225015005
2019-09-05,0,5,5,0.0,208.78465316389958
2019-09-06,0,5,5,0.0,210.6378181389527
2019-09-09,0,5,5,0.0,218.2351921635328
2019-09-11,1,4,5,20.0,224.63387240867908
2019-09-12,1,4,5,20.0,225.01259555424943
2019-09-13,1,4,5,20.0,232.09700394754518
2019-09-16,1,4,5,20.0,229.87649830936277
2019-09-17,1,4,5,20.0,225.9785659928689
2019-09-18,1,4,5,20.0,225.68973996361845
2019-09-19,1,4,5,20.0,221.9701934011021
2019-09-20,2,3,5,40.0,229.58254158414098
2019-09-23,2,3,5,40.0,234.72711790460158
2019-09-24,1,4,5,20.0,232.0153485036283
2019-09-25,1,4,5,20.0,227.25609442979052
2019-09-26,1,4,5,20.0,231.7755940016899
2019-09-27,1,4,5,20.0,227.85166093198495
2019-10-01,1,4,5,20.0,227.85166093198495
2019-10-03,1,4,5,20.0,222.82670908042599
2019-10-04,0,5,5,0.0,221.3919960660443
2019-10-07,0,5,5,0.0,218.8784741211242
2019-10-09,0,5,5,0.0,215.32181963919376
2019-10-10,0,5,5,0.0,214.92976250256467
2019-10-11,0,5,5,0.0,216.78211401415672
2019-10-14,1,4,5,20.0,221.47784224986404
2019-10-15,1,4,5,20.0,223.85339754640182
2019-10-16,1,4,5,20.0,226.1770556388607
2019-10-17,1,4,5,20.0,228.90278388036492
2019-10-18,1,4,5,20.0,241.47868047982018
2019-10-22,1,4,5,20.0,243.90687797289976
2019-10-23,1,4,5,20.0,242.71869718448139
2019-10-24,1,4,5,20.0,243.2067035964626
2019-10-25,1,4,5,20.0,244.14917743219374
2019-10-27,1,4,5,20.0,247.526445270283
2019-10-29,1,4,5,20.0,255.4304317922428
2019-10-30,3,2,5,60.0,263.2529636399254
2019-10-31,3,2,5,60.0,263.5608194034576
2019-11-01,3,2,5,60.0,268.4661362482947
2019-11-04,4,1,5,80.0,270.1271390524613
2019-11-05,4,1,5,80.0,268.11433340088786
2019-11-06,4,1,5,80.0,268.3992329310941
2019-11-07,4,1,5,80.0,271.5051709308598
2019-11-08,3,2,5,60.0,266.92632293242184
2019-11-11,3,2,5,60.0,265.1701886676312
2019-11-13,1,4,5,20.0,254.39899573893015
2019-11-14,1,4,5,20.0,251.52504071816765
2019-11-15,1,4,5,20.0,249.2804372998534
2019-11-18,1,4,5,20.0,250.07325518286882
2019-11-19,1,4,5,20.0,252.53664999230296
2019-11-20,2,3,5,40.0,255.69196250989376
2019-11-21,1,4,5,20.0,250.9840366148592
2019-11-22,1,4,5,20.0,253.2978208588543
2019-11-25,3,2,5,60.0,260.83429362909345
2019-11-26,3,2,5,60.0,256.336731270146
2019-11-27,3,2,5,60.0,256.91126179850664
2019-11-28,3,2,5,60.0,256.9021252953264
2019-11-29,3,2,5,60.0,255.3848083078249
2019-12-02,3,2,5,60.0,254.10409956700585
2019-12-03,2,3,5,40.0,249.06955766357987
2019-12-04,2,3,5,40.0,254.21785650509645
2019-12-05,2,3,5,40.0,251.07597557812525
2019-12-06,2,3,5,40.0,249.50021843947488
2019-12-09,2,3,5,40.0,247.23801989965318
2019-12-10,2,3,5,40.0,245.23606501339225
2019-12-11,2,3,5,40.0,244.11033810557484
2019-12-12,2,3,5,40.0,249.34295663751774
2019-12-13,2,3,5,40.0,250.39876669107147
2019-12-16,2,3,5,40.0,249.22343730282074
2019-12-17,2,3,5,40.0,252.55765124644248
2019-12-18,2,3,5,40.0,253.85451268993933
2019-12-19,2,3,5,40.0,255.7438756329073
2019-12-20,2,3,5,40.0,259.0200413574487
2019-12-23,2,3,5,40.0,258.5869279130746
2019-12-24,2,3,5,40.0,256.09992403180416
2019-12-26,2,3,5,40.0,261.8320454397639
2019-12-27,2,3,5,40.0,259.16002337179106
2019-12-30,2,3,5,40.0,263.1984087644534
2019-12-31,2,3,5,40.0,265.07360487045554
2020-01-01,3,2,5,60.0,264.5716918821428
2020-01-02,3,2,5,60.0,280.8153465996194
2020-01-03,4,1,5,80.0,278.81702721047475
2020-01-06,3,2,5,60.0,266.95276937649754
2020-01-07,3,2,5,60.0,271.07607755408617
2020-01-08,3,2,5,60.0,269.5519370573444
2020-01-09,3,2,5,60.0,276.36643292998616
2020-01-10,4,1,5,80.0,287.67452499221713
2020-01-13,4,1,5,80.0,294.21794452831585
2020-01-14,4,1,5,80.0,291.0026442454186
2020-01-15,5,0,5,100.0,298.39540651304264
2020-01-16,5,0,5,100.0,296.63259996509294
2020-01-17,5,0,5,100.0,295.79738516866286
2020-01-20,4,1,5,80.0,289.3491645902897
2020-01-21,4,1,5,80.0,287.583814511022
2020-01-22,3,2,5,60.0,282.80125683991713
2020-01-23,3,2,5,60.0,282.54923328319256
2020-01-24,3,2,5,60.0,286.29796572181647
2020-01-27,4,1,5,80.0,285.79560421785743
2020-01-28,2,3,5,40.0,279.6066150813044
2020-01-29,3,2,5,60.0,282.9586387739695
2020-01-30,2,3,5,40.0,278.5094944569574
2020-01-31,2,3,5,40.0,274.30403465872575
2020-02-01,2,3,5,40.0,266.24064475567
2020-02-03,2,3,5,40.0,265.2514727490865
2020-02-04,2,3,5,40.0,269.6577562147172
2020-02-05,3,2,5,60.0,274.64391259027974
2020-02-06,2,3,5,40.0,272.95900712217815
2020-02-07,3,2,5,60.0,275.54811440297954
2020-02-10,2,3,5,40.0,271.9169601300199
2020-02-11,2,3,5,40.0,269.13921746075556
2020-02-12,2,3,5,40.0,269.78944122216916
2020-02-13,2,3,5,40.0,270.79263919448675
2020-02-14,1,4,5,20.0,264.05074029753615
2020-02-17,1,4,5,20.0,260.679394069545
2020-02-18,1,4,5,20.0,254.35385044477923
2020-02-19,1,4,5,20.0,258.46148256187047
2020-02-20,1,4,5,20.0,260.3310103146642
2020-02-24,1,4,5,20.0,251.79535292729182
2020-02-25,1,4,5,20.0,248.9368111094751
2020-02-26,1,4,5,20.0,248.34690399447376
2020-02-27,1,4,5,20.0,243.23212463878744
2020-02-28,1,4,5,20.0,228.10725854474526
2020-03-02,1,4,5,20.0,225.82716734560054
2020-03-03,1,4,5,20.0,228.19612418181578
2020-03-04,1,4,5,20.0,223.0957040345213
2020-03-05,1,4,5,20.0,225.77399898086625
2020-03-06,1,4,5,20.0,218.2897542367432
2020-03-09,1,4,5,20.0,205.84924700712324
2020-03-11,1,4,5,20.0,202.44298465798772
2020-03-12,0,5,5,0.0,184.1655565361017
2020-03-13,0,5,5,0.0,185.3740227967449
2020-03-16,0,5,5,0.0,170.0728947554097
2020-03-17,0,5,5,0.0,167.71558862008052
2020-03-18,0,5,5,0.0,161.11069834217017
2020-03-19,0,5,5,0.0,149.47981191435426
2020-03-20,0,5,5,0.0,158.80750115541727
2020-03-23,0,5,5,0.0,139.60612135772536
2020-03-24,0,5,5,0.0,139.52028319251087
2020-03-25,0,5,5,0.0,149.19675157690625
2020-03-26,0,5,5,0.0,148.3839558937119
2020-03-27,0,5,5,0.0,145.0102525719109
2020-03-30,0,5,5,0.0,142.55375177471166
2020-03-31,0,5,5,0.0,150.0262611696576
2020-04-01,0,5,5,0.0,148.14642360825707
2020-04-03,0,5,5,0.0,146.20655095595058
2020-04-07,0,5,5,0.0,156.68175418843805
2020-04-08,0,5,5,0.0,156.76651657199164
2020-04-09,0,5,5,0.0,164.41185559062978
2020-04-13,0,5,5,0.0,166.6072130034373
2020-04-15,0,5,5,0.0,169.97187764605715
2020-04-16,0,5,5,0.0,176.44047941448352
2020-04-17,0,5,5,0.0,179.8092816703605
2020-04-20,0,5,5,0.0,179.05789411561096
2020-04-21,0,5,5,0.0,170.44746252075637
2020-04-22,0,5,5,0.0,170.32262811826095
2020-04-23,0,5,5,0.0,173.61601003991512
2020-04-24,0,5,5,0.0,167.63457109621766
2020-04-27,0,5,5,0.0,168.3575532581806
2020-04-28,0,5,5,0.0,167.44552047476765
2020-04-29,0,5,5,0.0,170.82318268559942
2020-04-30,0,5,5,0.0,177.21547502307286
2020-05-04,0,5,5,0.0,167.07057617675812
2020-05-05,0,5,5,0.0,166.1980776563319
2020-05-06,0,5,5,0.0,166.67821975783727
2020-05-07,0,5,5,0.0,167.40931621634854
2020-05-08,0,5,5,0.0,166.69925055492055
2020-05-11,0,5,5,0.0,168.05016702304292
2020-05-12,0,5,5,0.0,168.526054649796
2020-05-13,0,5,5,0.0,174.46068685369607
2020-05-14,0,5,5,0.0,171.07173154314845
2020-05-15,0,5,5,0.0,171.65375772069774
2020-05-18,0,5,5,0.0,168.24201305683252
2020-05-19,0,5,5,0.0,168.87394099947917
2020-05-20,0,5,5,0.0,168.7463959309714
2020-05-21,0,5,5,0.0,171.36706026136105
2020-05-22,0,5,5,0.0,167.96468449943345
2020-05-26,0,5,5,0.0,169.08882682225618
2020-05-27,0,5,5,0.0,173.72470215585608
2020-05-28,0,5,5,0.0,176.324867226193
2020-05-29,0,5,5,0.0,177.55424472424076
2020-06-01,0,5,5,0.0,181.49266664435783
2020-06-02,0,5,5,0.0,184.74339943907694
2020-06-03,0,5,5,0.0,189.0826809886115
2020-06-04,0,5,5,0.0,185.74219497677365
2020-06-05,0,5,5,0.0,198.50525730218442
2020-06-08,0,5,5,0.0,201.49258031065668
2020-06-09,0,5,5,0.0,200.70287136051004
2020-06-10,0,5,5,0.0,197.98956377741413
2020-06-11,0,5,5,0.0,197.6753446831896
2020-06-12,0,5,5,0.0,198.17830006677949
2020-06-15,0,5,5,0.0,196.31819575416546
2020-06-16,0,5,5,0.0,195.44249587689413
2020-06-17,1,4,5,20.0,202.34837492279362
2020-06-18,1,4,5,20.0,215.85400966931277
2020-06-19,1,4,5,20.0,218.32740508550407
2020-06-22,1,4,5,20.0,218.35098154222518
2020-06-23,1,4,5,20.0,222.37099220281306
2020-06-24,1,4,5,20.0,215.25551398864135
2020-06-25,1,4,5,20.0,216.88049334338723
2020-06-26,1,4,5,20.0,219.56928274935
2020-06-29,1,4,5,20.0,212.31171109974161
2020-06-30,0,5,5,0.0,209.82626163470104
2020-07-01,0,5,5,0.0,209.26115058910372
2020-07-02,0,5,5,0.0,212.16412772960766
2020-07-03,0,5,5,0.0,211.62747757878728
2020-07-06,1,4,5,20.0,220.04057806935245
2020-07-07,1,4,5,20.0,219.96921078186196
2020-07-08,1,4,5,20.0,223.64758381036646
2020-07-09,1,4,5,20.0,226.73030927309088
2020-07-10,1,4,5,20.0,223.75500078150807
2020-07-13,2,3,5,40.0,224.2321730696622
2020-07-14,1,4,5,20.0,216.58167008927086
2020-07-15,1,4,5,20.0,215.05870287851766
2020-07-16,2,3,5,40.0,218.0648925282667
2020-07-17,1,4,5,20.0,222.90239575051385
2020-07-20,2,3,5,40.0,225.2705381950421
2020-07-21,1,4,5,20.0,226.07139714133064
2020-07-22,1,4,5,20.0,225.358136203384
2020-07-23,1,4,5,20.0,227.50791754340986
2020-07-24,1,4,5,20.0,221.12834512602456
2020-07-27,1,4,5,20.0,217.71039060259358
2020-07-28,1,4,5,20.0,223.4853335662922
2020-07-29,1,4,5,20.0,223.20779326514506
2020-07-30,1,4,5,20.0,220.02853928988407
2020-07-31,1,4,5,20.0,218.7010745999046
2020-08-03,1,4,5,20.0,218.6750999330122
2020-08-04,2,3,5,40.0,223.80708540582694
2020-08-05,2,3,5,40.0,228.55343594712082
2020-08-06,3,2,5,60.0,233.12791708708903
2020-08-07,3,2,5,60.0,238.36923547168936
2020-08-10,3,2,5,60.0,241.41693557663305
2020-08-11,3,2,5,60.0,243.93500456046934
2020-08-12,3,2,5,60.0,242.37494747714146
2020-08-13,3,2,5,60.0,244.89922724378798
2020-08-14,3,2,5,60.0,240.31562813570696
2020-08-17,3,2,5,60.0,245.50647336820307
2020-08-18,3,2,5,60.0,252.12941737746922
2020-08-19,3,2,5,60.0,262.54537638279373
2020-08-20,4,1,5,80.0,266.690118857553
2020-08-21,4,1,5,80.0,269.0616355727181
2020-08-24,4,1,5,80.0,269.4579931108378
2020-08-25,4,1,5,80.0,278.651839190522
2020-08-26,4,1,5,80.0,278.14007807182975
2020-08-27,4,1,5,80.0,277.0906248953126
2020-08-28,4,1,5,80.0,280.3866514090631
2020-08-31,4,1,5,80.0,265.87405925178194
2020-09-01,4,1,5,80.0,270.2711517755715
2020-09-02,4,1,5,80.0,277.08367872872606
2020-09-03,5,0,5,100.0,278.585929479582
2020-09-04,5,0,5,100.0,274.7189958315906
2020-09-07,5,0,5,100.0,270.98853088030046
2020-09-08,5,0,5,100.0,267.924834490211
2020-09-09,5,0,5,100.0,265.8744652803988
2020-09-10,5,0,5,100.0,267.94897182986097
2020-09-11,5,0,5,100.0,271.03823112663775
2020-09-14,5,0,5,100.0,272.117729879465
2020-09-15,4,1,5,80.0,269.5929518139742
2020-09-16,5,0,5,100.0,273.2555690427007
2020-09-17,5,0,5,100.0,272.0011016063019
2020-09-18,5,0,5,100.0,271.6115826225189
2020-09-21,5,0,5,100.0,260.1339435653466
2020-09-22,3,2,5,60.0,256.5441838577312
2020-09-23,4,1,5,80.0,258.82443677348334
2020-09-24,2,3,5,40.0,250.0585528976466
2020-09-25,4,1,5,80.0,256.66481310053985
2020-09-28,5,0,5,100.0,263.6281014266172
2020-09-29,4,1,5,80.0,265.13469000664804
2020-09-30,4,1,5,80.0,270.0108114399325
2020-10-01,4,1,5,80.0,281.9234821577283
2020-10-05,4,1,5,80.0,279.9513561966895
2020-10-06,4,1,5,80.0,281.1556757647148
2020-10-07,4,1,5,80.0,278.7520524556027
2020-10-08,4,1,5,80.0,276.8165622667244
2020-10-09,4,1,5,80.0,271.899692839871
2020-10-12,3,2,5,60.0,269.5571780674534
2020-10-13,3,2,5,60.0,268.31143429394484
2020-10-14,3,2,5,60.0,270.5770543383548
2020-10-15,3,2,5,60.0,266.45158139269415
2020-10-16,3,2,5,60.0,268.40542179677175
2020-10-19,3,2,5,60.0,272.01324070034883
2020-10-20,4,1,5,80.0,278.96230458282275
2020-10-21,4,1,5,80.0,277.14671257647933
2020-10-22,4,1,5,80.0,274.16108304883454
2020-10-23,4,1,5,80.0,276.76654303673024
2020-10-26,5,0,5,100.0,273.24273544880236
2020-10-27,4,1,5,80.0,273.8449627337519
2020-10-28,4,1,5,80.0,271.6281056256412
2020-10-29,3,2,5,60.0,269.60628249262743
2020-10-30,4,1,5,80.0,272.52911621808823
2020-11-02,4,1,5,80.0,272.5963433951095
2020-11-03,5,0,5,100.0,277.9761503764631
2020-11-04,5,0,5,100.0,278.6817762980844
2020-11-05,5,0,5,100.0,284.5786599849107
2020-11-06,5,0,5,100.0,285.3808028288728
2020-11-09,5,0,5,100.0,290.0109654516507
2020-11-10,5,0,5,100.0,289.75307877784365
2020-11-11,5,0,5,100.0,295.0622595728892
2020-11-12,5,0,5,100.0,300.1643315315719
2020-11-13,5,0,5,100.0,302.1745852809288
2020-11-14,5,0,5,100.0,302.8597450275041
2020-11-17,5,0,5,100.0,320.4151009339743
2020-11-18,5,0,5,100.0,327.0208650001132
2020-11-19,5,0,5,100.0,316.7970312924711
2020-11-20,5,0,5,100.0,316.40379637791796
2020-11-23,5,0,5,100.0,321.04749705966725
2020-11-24,5,0,5,100.0,327.4288269134659
2020-11-25,5,0,5,100.0,324.5969812011562
2020-11-26,5,0,5,100.0,329.4415063670487
2020-11-27,5,0,5,100.0,332.42689920323596
2020-12-01,5,0,5,100.0,343.1750111949046
2020-12-02,5,0,5,100.0,356.00445842536664
2020-12-03,5,0,5,100.0,357.84793427552694
2020-12-04,5,0,5,100.0,363.1733541815367
2020-12-07,5,0,5,100.0,370.08774956765274
2020-12-08,5,0,5,100.0,362.7967068643228
2020-12-09,5,0,5,100.0,366.4056710422515
2020-12-10,5,0,5,100.0,363.89550270969096
2020-12-11,5,0,5,100.0,368.0074903240667
2020-12-14,5,0,5,100.0,399.9358653336834
2020-12-15,5,0,5,100.0,411.06818956157525
2020-12-16,5,0,5,100.0,428.2108952813398
2020-12-17,5,0,5,100.0,426.2089555662313
2020-12-18,5,0,5,100.0,417.3681382700813
2020-12-21,5,0,5,100.0,400.0796894243927
2020-12-22,5,0,5,100.0,413.8358345142061
2020-12-23,5,0,5,100.0,427.91755194270723
2020-12-24,5,0,5,100.0,427.0647493355346
2020-12-28,5,0,5,100.0,431.80528101625634
2020-12-29,5,0,5,100.0,433.5912655803594
2020-12-30,5,0,5,100.0,433.75130036532556
2020-12-31,5,0,5,100.0,436.13605265506817
2021-01-01,5,0,5,100.0,442.58703049338
2021-01-04,5,0,5,100.0,448.4121879240785
2021-01-05,5,0,5,100.0,445.0231365571352
2021-01-06,5,0,5,100.0,449.887101516613
2021-01-07,5,0,5,100.0,468.4201502425277
2021-01-08,5,0,5,100.0,465.8485179688263
2021-01-11,5,0,5,100.0,456.83768111492674
2021-01-12,5,0,5,100.0,458.539095169787
2021-01-13,5,0,5,100.0,459.79491194794207
2021-01-14,5,0,5,100.0,455.6526293043416
2021-01-15,5,0,5,100.0,447.0779919657131
2021-01-18,5,0,5,100.0,432.80647717936824
2021-01-19,5,0,5,100.0,446.2258988829861
2021-01-20,5,0,5,100.0,444.47958085348137
2021-01-21,5,0,5,100.0,440.62903468989373
2021-01-22,5,0,5,100.0,429.85861677176945
2021-01-25,5,0,5,100.0,417.77423178594245
2021-01-27,5,0,5,100.0,420.10492615160365
2021-01-28,5,0,5,100.0,414.78964886678125
2021-01-29,5,0,5,100.0,416.7391278208296
2021-02-01,5,0,5,100.0,436.4478878164639
2021-02-02,5,0,5,100.0,452.12378332274443
2021-02-03,5,0,5,100.0,450.3377797098703
2021-02-04,5,0,5,100.0,469.3174919633635
2021-02-05,5,0,5,100.0,477.16961943703427
2021-02-08,5,0,5,100.0,498.7784499501638
2021-02-09,5,0,5,100.0,494.75054790318677
2021-02-10,5,0,5,100.0,500.2746261884948
2021-02-11,5,0,5,100.0,512.5169379347493
2021-02-12,5,0,5,100.0,520.9700295740478
2021-02-15,5,0,5,100.0,533.8672403242743
2021-02-16,5,0,5,100.0,534.748561398889
2021-02-17,5,0,5,100.0,535.3768594381336
2021-02-18,5,0,5,100.0,563.2934244616205
2021-02-19,5,0,5,100.0,550.6894818958826
2021-02-22,5,0,5,100.0,577.7529042353842
2021-02-23,5,0,5,100.0,613.4662958750798
2021-02-24,5,0,5,100.0,640.3615659775638
2021-02-25,5,0,5,100.0,676.892675993235
2021-02-26,5,0,5,100.0,684.8442553704122
2021-03-01,5,0,5,100.0,703.6734345240606
2021-03-02,5,0,5,100.0,708.0945936375972
2021-03-03,5,0,5,100.0,707.7445902513703
2021-03-04,5,0,5,100.0,691.0051721753929
2021-03-05,5,0,5,100.0,696.4841256275641
2021-03-08,5,0,5,100.0,702.259559334025
2021-03-09,5,0,5,100.0,690.3473816793619
2021-03-10,5,0,5,100.0,693.3826957297962
2021-03-12,5,0,5,100.0,689.4006818921519
2021-03-15,5,0,5,100.0,706.6808230418874
2021-03-16,5,0,5,100.0,698.4576131143481
2021-03-17,5,0,5,100.0,672.1406763015445
2021-03-18,5,0,5,100.0,660.8449147810492
2021-03-19,5,0,5,100.0,678.0450165873704
2021-03-22,5,0,5,100.0,689.9107544139292
2021-03-23,5,0,5,100.0,707.1657471819897
2021-03-24,5,0,5,100.0,684.8233802135209
2021-03-25,5,0,5,100.0,676.8717781314369
2021-03-26,5,0,5,100.0,686.019419236205
2021-03-30,5,0,5,100.0,688.4950018129305
2021-03-31,5,0,5,100.0,688.5108144284948
2021-04-01,5,0,5,100.0,719.9833332394368
2021-04-05,5,0,5,100.0,733.1058270689359
2021-04-06,5,0,5,100.0,759.2299498474373
2021-04-07,5,0,5,100.0,768.52421978764
2021-04-08,5,0,5,100.0,777.4716640810653
2021-04-09,5,0,5,100.0,778.0439356382153
2021-04-12,5,0,5,100.0,721.9939952291409
2021-04-13,5,0,5,100.0,743.5223987828615
2021-04-15,5,0,5,100.0,747.2332987679349
2021-04-16,5,0,5,100.0,771.2017521502288
2021-04-19,5,0,5,100.0,748.7288751222889
2021-04-20,5,0,5,100.0,747.3988737454631
2021-04-22,5,0,5,100.0,741.55281286525
2021-04-23,5,0,5,100.0,742.0557766988077
2021-04-26,5,0,5,100.0,747.5584465229225
2021-04-27,5,0,5,100.0,783.7035594894094
2021-04-28,5,0,5,100.0,788.8080859127494
2021-04-29,5,0,5,100.0,787.4914085541631
2021-04-30,5,0,5,100.0,783.7771797310432
2021-05-03,5,0,5,100.0,802.0872762469828
2021-05-04,5,0,5,100.0,791.0624369653557
2021-05-05,5,0,5,100.0,788.4113503694317
2021-05-06,5,0,5,100.0,807.6179656490992
2021-05-07,5,0,5,100.0,843.5543188458876
2021-05-10,5,0,5,100.0,882.6405321717308
2021-05-11,5,0,5,100.0,901.307248230498
2021-05-12,5,0,5,100.0,863.0895938344445
2021-05-14,5,0,5,100.0,834.5781618775592
2021-05-17,5,0,5,100.0,845.5516085402302
2021-05-18,5,0,5,100.0,871.9540180831489
2021-05-19,5,0,5,100.0,871.7796162903663
2021-05-20,5,0,5,100.0,859.3065777102163
2021-05-21,5,0,5,100.0,856.36394487322
2021-05-24,5,0,5,100.0,864.775785097637
2021-05-25,5,0,5,100.0,858.6078548083697
2021-05-26,5,0,5,100.0,859.7946151659162
2021-05-27,5,0,5,100.0,861.6854049194993
2021-05-28,5,0,5,100.0,859.501709611275
2021-05-31,5,0,5,100.0,848.7559776942097
2021-06-01,5,0,5,100.0,842.8812224075049
2021-06-02,5,0,5,100.0,865.9214018787587
2021-06-03,5,0,5,100.0,876.5904785401799
2021-06-04,5,0,5,100.0,897.2818654733281
2021-06-07,5,0,5,100.0,886.1291245608877
2021-06-08,5,0,5,100.0,885.0249305328282
2021-06-09,5,0,5,100.0,876.5131744215123
2021-06-10,5,0,5,100.0,877.6157555259088
2021-06-11,5,0,5,100.0,912.8711545494582
2021-06-14,5,0,5,100.0,897.7786735027075
2021-06-15,5,0,5,100.0,907.1038456503245
2021-06-16,5,0,5,100.0,879.6939999112532
2021-06-17,5,0,5,100.0,855.4590761031081
2021-06-18,5,0,5,100.0,847.4652135394301
2021-06-21,5,0,5,100.0,861.8412364407499
2021-06-22,5,0,5,100.0,865.3642671168241
2021-06-23,5,0,5,100.0,866.2874975401614
2021-06-24,5,0,5,100.0,863.5581288791614
2021-06-25,5,0,5,100.0,879.8156220298536
2021-06-28,5,0,5,100.0,865.2936911411385
2021-06-29,5,0,5,100.0,862.9005245792108
2021-06-30,5,0,5,100.0,851.9842126406504
2021-07-01,5,0,5,100.0,857.3686995394088
2021-07-02,5,0,5,100.0,841.609130588059
2021-07-05,5,0,5,100.0,853.3383012890104
2021-07-06,5,0,5,100.0,846.0720501511562
2021-07-07,5,0,5,100.0,862.9525156907063
2021-07-08,5,0,5,100.0,850.7344336407018
2021-07-09,5,0,5,100.0,851.0772752473176
2021-07-12,5,0,5,100.0,849.8382737494117
2021-07-13,5,0,5,100.0,849.7025506814102
2021-07-14,5,0,5,100.0,841.3575863617464
2021-07-15,5,0,5,100.0,857.6258764767746
2021-07-16,5,0,5,100.0,854.081448420293
2021-07-19,5,0,5,100.0,849.5274309326554
2021-07-20,5,0,5,100.0,829.6822240831103
2021-07-22,5,0,5,100.0,842.7917488900767
2021-07-23,5,0,5,100.0,843.4618090858341
2021-07-26,5,0,5,100.0,851.5179324238442
2021-07-27,5,0,5,100.0,866.5943079953968
2021-07-28,5,0,5,100.0,869.2579180392538
2021-07-29,5,0,5,100.0,891.9679973459769
2021-07-30,5,0,5,100.0,889.8789481590164
2021-08-02,5,0,5,100.0,894.2030661941238
2021-08-03,5,0,5,100.0,885.0836544117493
2021-08-04,5,0,5,100.0,875.9517723840257
2021-08-05,5,0,5,100.0,870.1940981045245
2021-08-06,5,0,5,100.0,885.5514696773474
2021-08-09,5,0,5,100.0,868.0660477606981
2021-08-10,5,0,5,100.0,824.6482542290478
2021-08-11,5,0,5,100.0,843.4296676694408
2021-08-12,5,0,5,100.0,896.9116276369056
2021-08-13,5,0,5,100.0,890.3280339627651
2021-08-16,5,0,5,100.0,888.2173331986495
2021-08-17,5,0,5,100.0,878.6762348763775
2021-08-18,5,0,5,100.0,857.5344233187477
2021-08-20,5,0,5,100.0,831.0960977767245
2021-08-23,4,1,5,80.0,801.199049072703
2021-08-24,5,0,5,100.0,846.7240037837728
2021-08-25,5,0,5,100.0,860.6549847928225
2021-08-26,5,0,5,100.0,850.663713309871
2021-08-27,5,0,5,100.0,858.8194985443049
2021-08-30,5,0,5,100.0,871.4642041323623
2021-08-31,5,0,5,100.0,882.5044595698795
2021-09-01,5,0,5,100.0,896.6030743924572
2021-09-02,5,0,5,100.0,898.7065763402095
2021-09-03,5,0,5,100.0,898.7293485279995
2021-09-06,5,0,5,100.0,904.5736074841617
2021-09-07,5,0,5,100.0,893.9938984458644
2021-09-08,5,0,5,100.0,889.4967106825602
2021-09-09,4,1,5,80.0,886.3211580640356
2021-09-13,5,0,5,100.0,903.6977678426471
2021-09-14,5,0,5,100.0,903.7103229815307
2021-09-15,5,0,5,100.0,902.3971954268104
2021-09-16,4,1,5,80.0,901.5065735579889
2021-09-17,4,1,5,80.0,883.2112942393467
2021-09-20,4,1,5,80.0,850.3909098367078
2021-09-21,4,1,5,80.0,848.8829662033187
2021-09-22,4,1,5,80.0,859.1290125704489
2021-09-23,4,1,5,80.0,877.716858113401
2021-09-24,4,1,5,80.0,866.855724739327
2021-09-27,4,1,5,80.0,879.8055330028566
2021-09-28,4,1,5,80.0,871.650820741273
2021-09-29,4,1,5,80.0,877.7376741948742
2021-09-30,4,1,5,80.0,863.757931870382
2021-10-01,4,1,5,80.0,858.1271945913657
2021-10-04,4,1,5,80.0,894.1691888750303
2021-10-05,4,1,5,80.0,896.3394832367758
2021-10-06,5,0,5,100.0,905.498031230753
2021-10-07,5,0,5,100.0,915.7398183598353
2021-10-08,5,0,5,100.0,916.1642904180745
2021-10-11,5,0,5,100.0,918.6518315897445
2021-10-12,5,0,5,100.0,922.9956010021295
2021-10-13,5,0,5,100.0,935.8667094878209
2021-10-14,5,0,5,100.0,953.1268875321
2021-10-18,5,0,5,100.0,996.18574539131
2021-10-19,5,0,5,100.0,976.5514490584962
2021-10-20,5,0,5,100.0,965.6655813987887
2021-10-21,5,0,5,100.0,954.3443787603495
2021-10-22,5,0,5,100.0,920.0015486590249
2021-10-25,5,0,5,100.0,910.4035462097029
2021-10-26,5,0,5,100.0,939.7453763988647
2021-10-27,5,0,5,100.0,932.6188705241453
2021-10-28,5,0,5,100.0,897.0762065060737
2021-10-29,4,1,5,80.0,894.7592818015531
2021-11-01,4,1,5,80.0,937.7382741153885
2021-11-02,4,1,5,80.0,934.4611266344436
2021-11-03,4,1,5,80.0,944.4970279135603
2021-11-04,5,0,5,100.0,949.1530488682909
2021-11-08,5,0,5,100.0,956.9171361276732
2021-11-09,5,0,5,100.0,965.5989355512863
2021-11-10,4,1,5,80.0,977.2254046075905
2021-11-11,4,1,5,80.0,971.6851587210439
2021-11-12,4,1,5,80.0,975.2624929504652
2021-11-15,4,1,5,80.0,963.4743119370784
2021-11-16,3,2,5,60.0,960.192006272673
2021-11-17,3,2,5,60.0,950.2346385382099
2021-11-18,3,2,5,60.0,930.1923606781111
2021-11-22,3,2,5,60.0,923.5890381810669
2021-11-23,3,2,5,60.0,949.0992459509295
2021-11-24,3,2,5,60.0,948.4032332348467
2021-11-25,3,2,5,60.0,951.6868032688288
2021-11-26,3,2,5,60.0,908.8918113631586
2021-11-29,3,2,5,60.0,890.4403394518129
2021-11-30,3,2,5,60.0,892.0912867301679
2021-12-01,3,2,5,60.0,912.6256701735289
2021-12-02,3,2,5,60.0,924.7814183289863
2021-12-03,3,2,5,60.0,914.7956111299443
2021-12-06,3,2,5,60.0,896.6597841817892
2021-12-07,3,2,5,60.0,932.420623352809
2021-12-08,3,2,5,60.0,950.5992009687485
2021-12-09,3,2,5,60.0,945.9164124672467
2021-12-10,3,2,5,60.0,962.5420062921171
2021-12-13,3,2,5,60.0,961.9114776865006
2021-12-14,3,2,5,60.0,993.9531891264194
2021-12-15,3,2,5,60.0,998.1738596124991
2021-12-16,3,2,5,60.0,1006.1760972695332
2021-12-17,3,2,5,60.0,987.5220157824176
2021-12-20,3,2,5,60.0,943.5630310551636
2021-12-21,3,2,5,60.0,976.5611614585351
2021-12-22,3,2,5,60.0,991.7852630477863
2021-12-23,3,2,5,60.0,994.8295536386483
2021-12-24,3,2,5,60.0,978.1169279738984
2021-12-27,3,2,5,60.0,965.6262194842453
2021-12-28,3,2,5,60.0,1011.2333657669353
2021-12-29,3,2,5,60.0,1008.5735329181271
2021-12-30,3,2,5,60.0,999.0852943293442
2021-12-31,4,1,5,80.0,1024.314758874112
2022-01-03,4,1,5,80.0,1027.3685678759005
2022-01-04,4,1,5,80.0,1026.231041645121
2022-01-05,4,1,5,80.0,1045.363422427987
2022-01-06,4,1,5,80.0,1042.7716484576986
2022-01-07,4,1,5,80.0,1047.2084638693198
2022-01-10,4,1,5,80.0,1047.1501845004098
2022-01-11,4,1,5,80.0,1059.7644475327904
2022-01-12,4,1,5,80.0,1085.2721847543592
2022-01-13,4,1,5,80.0,1096.6133055625717
2022-01-14,5,0,5,100.0,1098.1422997461582
2022-01-17,5,0,5,100.0,1154.3492585138165
2022-01-18,4,1,5,80.0,1141.1459294286954
2022-01-19,4,1,5,80.0,1190.4397569321743
2022-01-20,4,1,5,80.0,1185.4270005432402
2022-01-21,3,2,5,60.0,1169.899156539127
2022-01-24,3,2,5,60.0,1091.9125641894746
2022-01-25,3,2,5,60.0,1130.2926216032379
2022-01-27,3,2,5,60.0,1123.5895465396052
2022-01-28,3,2,5,60.0,1128.5282600453302
2022-01-31,3,2,5,60.0,1123.756440192194
2022-02-01,3,2,5,60.0,1142.2337646950052
2022-02-02,3,2,5,60.0,1141.981102321493
2022-02-03,4,1,5,80.0,1165.5416996332494
2022-02-04,5,0,5,100.0,1200.8202820325475
2022-02-07,5,0,5,100.0,1199.5527954484448
2022-02-08,5,0,5,100.0,1167.5212861834311
2022-02-09,5,0,5,100.0,1180.4488366437604
2022-02-10,5,0,5,100.0,1178.9137501226712
2022-02-11,4,1,5,80.0,1172.3398073956002
2022-02-14,3,2,5,60.0,1101.7229356213677
2022-02-15,3,2,5,60.0,1126.7753240201178
2022-02-16,3,2,5,60.0,1136.0318799408972
2022-02-17,3,2,5,60.0,1124.2644269083933
2022-02-18,3,2,5,60.0,1111.6404732427127
2022-02-21,3,2,5,60.0,1070.6159485210098
2022-02-22,3,2,5,60.0,1049.0516898260892
2022-02-23,3,2,5,60.0,1066.9732678080757
2022-02-24,2,3,5,40.0,996.0990447727448
2022-02-25,3,2,5,60.0,1039.1404332319805
2022-02-28,3,2,5,60.0,1067.3948614679714
2022-03-02,3,2,5,60.0,1093.0580187510125
2022-03-03,3,2,5,60.0,1104.634424776213
2022-03-04,3,2,5,60.0,1082.783169203583
2022-03-07,1,3,4,25.0,1085.9559646148314
2022-03-08,3,2,5,60.0,1095.508889543701
2022-03-09,3,2,5,60.0,1118.0823866069334
2022-03-10,3,2,5,60.0,1128.989385071179
2022-03-11,3,2,5,60.0,1131.1469370671216
2022-03-14,4,1,5,80.0,1128.2224577668062
2022-03-15,3,2,5,60.0,1088.0046339470607
2022-03-16,3,2,5,60.0,1106.6518554187314
2022-03-17,3,2,5,60.0,1116.0440437991404
2022-03-21,3,2,5,60.0,1114.5894177432328
2022-03-22,3,2,5,60.0,1123.3528648808674
2022-03-23,3,2,5,60.0,1126.5075793909396
2022-03-24,3,2,5,60.0,1130.8403082122759
2022-03-25,3,2,5,60.0,1131.4330316598653
2022-03-28,3,2,5,60.0,1126.9033645662014
2022-03-29,3,2,5,60.0,1114.403973538982
2022-03-30,3,2,5,60.0,1106.3993656818923
2022-03-31,3,2,5,60.0,1094.9139628946646
2022-04-01,3,2,5,60.0,1123.464070830118
2022-04-04,3,2,5,60.0,1153.7023337325797
2022-04-05,4,1,5,80.0,1205.7842306933867
2022-04-06,4,1,5,80.0,1224.7711454102764
2022-04-07,4,1,5,80.0,1201.4102407115683
2022-04-08,4,1,5,80.0,1212.5649879849336
2022-04-11,4,1,5,80.0,1209.903225031552
2022-04-12,4,1,5,80.0,1185.6682555403904
2022-04-13,4,1,5,80.0,1181.396291354746
2022-04-18,4,1,5,80.0,1175.578494707205
2022-04-19,4,1,5,80.0,1194.362403064032
2022-04-20,4,1,5,80.0,1187.6764912112594
2022-04-21,4,1,5,80.0,1194.979527139089
2022-04-22,4,1,5,80.0,1163.0079961735437
2022-04-25,3,2,5,60.0,1137.5392782893302
2022-04-26,4,1,5,80.0,1160.4692448921342
2022-04-27,3,2,5,60.0,1141.2793854842892
2022-04-28,3,2,5,60.0,1139.6484901041204
2022-04-29,2,3,5,40.0,1130.2287043371737
2022-05-02,2,3,5,40.0,1113.7444424906
2022-05-04,2,3,5,40.0,1078.1981816803973
2022-05-05,2,3,5,40.0,1076.5625073774486
2022-05-06,2,3,5,40.0,1052.970711412771
2022-05-09,2,3,5,40.0,1010.1642017846914
2022-05-10,2,3,5,40.0,985.6537989048983
2022-05-11,2,3,5,40.0,964.7857695451133
2022-05-12,2,3,5,40.0,942.801405863713
2022-05-13,2,3,5,40.0,947.294532482646
2022-05-16,1,4,5,20.0,949.4826248772745
2022-05-17,2,3,5,40.0,1012.3902420882597
2022-05-18,2,3,5,40.0,1018.8408185878886
2022-05-19,2,3,5,40.0,985.0162848433959
2022-05-20,2,3,5,40.0,1019.5567686383356
2022-05-23,2,3,5,40.0,994.090577492946
2022-05-24,2,3,5,40.0,979.0721797374007
2022-05-25,2,3,5,40.0,952.2936151229421
2022-05-26,2,3,5,40.0,956.2658647323522
2022-05-27,2,3,5,40.0,977.1890419438764
2022-05-30,2,3,5,40.0,1011.0469425976551
2022-05-31,2,3,5,40.0,1017.427651746551
2022-06-01,1,4,5,20.0,994.7636669991912
2022-06-02,2,3,5,40.0,1016.4810803617531
2022-06-03,2,3,5,40.0,1019.1675588130437
2022-06-06,2,3,5,40.0,1017.3735961811806
2022-06-07,2,3,5,40.0,1012.3801830436399
2022-06-08,1,4,5,20.0,995.2392336637695
2022-06-09,1,4,5,20.0,1001.7702900711574
2022-06-10,1,4,5,20.0,991.1504672833637
2022-06-13,1,4,5,20.0,939.958626237802
2022-06-14,1,4,5,20.0,942.3326317686691
2022-06-15,1,4,5,20.0,940.8371162609442
2022-06-16,1,4,5,20.0,898.9013082328721
2022-06-17,1,4,5,20.0,898.0960148440234
2022-06-20,1,4,5,20.0,853.5128591877746
2022-06-21,1,4,5,20.0,896.2614495329124
2022-06-22,1,4,5,20.0,860.1601200583606
2022-06-23,1,4,5,20.0,865.6779768479673
2022-06-24,1,4,5,20.0,881.6874191911849
2022-06-27,1,4,5,20.0,898.8896777951512
2022-06-28,1,4,5,20.0,925.7532751418229
2022-06-29,1,4,5,20.0,914.2158121509781
2022-06-30,1,4,5,20.0,912.6159036383352
2022-07-01,1,4,5,20.0,914.4179054574629
2022-07-04,1,4,5,20.0,920.9995813529594
2022-07-05,1,4,5,20.0,921.7589286811548
2022-07-06,1,4,5,20.0,922.6380178368034
2022-07-07,1,4,5,20.0,949.0313367932603
2022-07-08,1,4,5,20.0,952.5195945061183
2022-07-11,1,4,5,20.0,962.5709440729283
2022-07-12,1,4,5,20.0,960.0145145168126
2022-07-13,1,4,5,20.0,963.8009035583337
2022-07-14,1,4,5,20.0,955.0891330925722
2022-07-15,1,4,5,20.0,958.5182486237746
2022-07-18,1,4,5,20.0,989.6532091624207
2022-07-19,1,4,5,20.0,990.9407603525173
2022-07-20,1,4,5,20.0,996.1972092767869
2022-07-21,1,4,5,20.0,1005.2679327881392
2022-07-22,1,4,5,20.0,1012.0789267548876
2022-07-25,1,4,5,20.0,1029.812712855043
2022-07-26,1,4,5,20.0,1034.3799648341148
2022-07-27,1,4,5,20.0,1029.84706940668
2022-07-28,1,4,5,20.0,1037.3735815140724
2022-07-29,1,4,5,20.0,1061.6958740183554
2022-08-01,1,4,5,20.0,1089.378461571196
2022-08-02,1,4,5,20.0,1086.1938320167142
2022-08-03,2,3,5,40.0,1096.1947781980425
2022-08-04,2,3,5,40.0,1095.5522230173976
2022-08-05,2,3,5,40.0,1104.0229045116425
2022-08-08,2,3,5,40.0,1135.2330004055918
2022-08-10,2,3,5,40.0,1141.5007128559919
2022-08-11,2,3,5,40.0,1124.8315558282372
2022-08-12,2,3,5,40.0,1136.7471761373301
2022-08-16,3,2,5,60.0,1141.2662229895273
2022-08-17,3,2,5,60.0,1153.6629629575389
2022-08-18,3,2,5,60.0,1173.3438009872607
2022-08-19,2,3,5,40.0,1185.8426363818708
2022-08-22,2,3,5,40.0,1171.1295051901009
2022-08-23,3,2,5,60.0,1182.0779636981688
2022-08-24,3,2,5,60.0,1194.8006474724882
2022-08-25,3,2,5,60.0,1200.8491230749269
2022-08-26,4,1,5,80.0,1213.2507369199527
2022-08-29,3,2,5,60.0,1195.530628039826
2022-08-30,3,2,5,60.0,1210.3835874514682
2022-09-01,3,2,5,60.0,1201.550775575806
2022-09-02,3,2,5,60.0,1205.4981609730708
2022-09-05,3,2,5,60.0,1222.7796682548244
2022-09-06,3,2,5,60.0,1229.84478083432
2022-09-07,4,1,5,80.0,1258.1785822194702
2022-09-08,4,1,5,80.0,1246.3862450333565
2022-09-09,4,1,5,80.0,1241.0149827441264
2022-09-12,4,1,5,80.0,1259.147133933539
2022-09-13,4,1,5,80.0,1295.0385739323744
2022-09-14,4,1,5,80.0,1295.233884409046
2022-09-15,4,1,5,80.0,1286.950907800035
2022-09-16,4,1,5,80.0,1271.752510668524
2022-09-19,4,1,5,80.0,1280.1470363286714
2022-09-20,4,1,5,80.0,1285.8641129826192
2022-09-21,4,1,5,80.0,1263.877862271754
2022-09-22,4,1,5,80.0,1264.0347988975864
2022-09-23,4,1,5,80.0,1229.4898332109256
2022-09-26,2,3,5,40.0,1165.0002735585829
2022-09-27,3,2,5,60.0,1167.1035300682208
2022-09-28,3,2,5,60.0,1149.306667486385
2022-09-29,2,3,5,40.0,1160.799914440989
2022-09-30,2,3,5,40.0,1181.754150222619
2022-10-03,3,2,5,60.0,1153.708614715571
2022-10-04,3,2,5,60.0,1184.6828077117657
2022-10-06,3,2,5,60.0,1216.3321086062829
2022-10-07,4,1,5,80.0,1216.4561214341677
2022-10-10,3,2,5,60.0,1201.266374086868
2022-10-11,3,2,5,60.0,1182.3436376229515
2022-10-12,2,3,5,40.0,1189.5044920611422
2022-10-13,2,3,5,40.0,1181.849243815031
2022-10-14,2,3,5,40.0,1172.4597725292103
2022-10-17,2,3,5,40.0,1160.5454001842038
2022-10-18,2,3,5,40.0,1168.8460675186113
2022-10-19,2,3,5,40.0,1167.7145172289731
2022-10-20,2,3,5,40.0,1174.8648132527287
2022-10-21,2,3,5,40.0,1169.283309115986
2022-10-24,3,2,5,60.0,1185.2250418576798
2022-10-25,2,3,5,40.0,1178.8457129823198
2022-10-27,3,2,5,60.0,1241.4565204101011
2022-10-28,3,2,5,60.0,1211.008274368786
2022-10-31,3,2,5,60.0,1210.322425718585
2022-11-01,3,2,5,60.0,1235.5770848328093
2022-11-02,3,2,5,60.0,1261.071279177697
2022-11-03,3,2,5,60.0,1253.4784001185687
2022-11-04,3,2,5,60.0,1315.9702669544326
2022-11-07,4,1,5,80.0,1347.6605305588685
2022-11-09,4,1,5,80.0,1328.5660336169908
2022-11-10,4,1,5,80.0,1297.758223350773
2022-11-11,4,1,5,80.0,1321.3159277027187
2022-11-14,5,0,5,100.0,1338.5648483354023
2022-11-15,5,0,5,100.0,1367.225427136382
2022-11-16,5,0,5,100.0,1335.310910296951
2022-11-17,4,1,5,80.0,1317.327794738241
2022-11-18,4,1,5,80.0,1305.3580873402811
2022-11-21,3,2,5,60.0,1296.8673241087938
2022-11-22,3,2,5,60.0,1300.2061246235764
2022-11-23,3,2,5,60.0,1307.6635845492422
2022-11-24,4,1,5,80.0,1327.0709270255197
2022-11-25,4,1,5,80.0,1331.1020322151978
2022-11-28,4,1,5,80.0,1327.8466395049272
2022-11-29,4,1,5,80.0,1322.6688373388035
2022-11-30,5,0,5,100.0,1351.656808946211
2022-12-01,5,0,5,100.0,1377.081112345577
2022-12-02,5,0,5,100.0,1388.7244446686097
2022-12-05,5,0,5,100.0,1410.0015735925172
2022-12-06,5,0,5,100.0,1409.2126307461722
2022-12-07,5,0,5,100.0,1388.6248328746242
2022-12-08,5,0,5,100.0,1394.5791436147067
2022-12-09,5,0,5,100.0,1369.9328769518456
2022-12-12,5,0,5,100.0,1370.0268029377619
2022-12-13,5,0,5,100.0,1374.234056994289
2022-12-14,5,0,5,100.0,1386.1317745938034
2022-12-15,5,0,5,100.0,1376.1606278905026
2022-12-16,5,0,5,100.0,1351.863203204909
2022-12-19,5,0,5,100.0,1385.39856560045
2022-12-20,5,0,5,100.0,1376.987539720404
2022-12-21,5,0,5,100.0,1326.3305438930636
2022-12-22,4,1,5,80.0,1331.1845217115808
2022-12-23,2,3,5,40.0,1243.5921793379443
2022-12-26,3,2,5,60.0,1289.8335192652971
2022-12-27,5,0,5,100.0,1341.3652704605474
2022-12-28,5,0,5,100.0,1331.3899960604922
2022-12-29,5,0,5,100.0,1332.9472095096467
2022-12-30,4,1,5,80.0,1336.4104405323267
2023-01-02,5,0,5,100.0,1385.5646983967958
2023-01-03,5,0,5,100.0,1401.7397983895378
2023-01-04,5,0,5,100.0,1388.3369822730176
2023-01-05,5,0,5,100.0,1384.4519063357318
2023-01-06,5,0,5,100.0,1371.9239222510712
2023-01-09,5,0,5,100.0,1397.7427887434408
2023-01-10,5,0,5,100.0,1391.7185405910068
2023-01-11,5,0,5,100.0,1424.6398753510778
2023-01-12,5,0,5,100.0,1429.335417456045
2023-01-13,5,0,5,100.0,1429.7613473219717
2023-01-16,5,0,5,100.0,1412.3143909270811
2023-01-17,5,0,5,100.0,1411.8848432398072
2023-01-18,5,0,5,100.0,1428.8061007950319
2023-01-19,5,0,5,100.0,1411.718577286399
2023-01-20,5,0,5,100.0,1404.7227341700477
2023-01-23,5,0,5,100.0,1394.7670631265378
2023-01-24,5,0,5,100.0,1394.3434882524166
2023-01-25,5,0,5,100.0,1392.7541210131767
2023-01-27,4,1,5,80.0,1307.379478504054
2023-01-30,4,1,5,80.0,1312.1209423559076
2023-01-31,4,1,5,80.0,1335.9172640484023
2023-02-01,4,1,5,80.0,1233.6316446259673
2023-02-02,4,1,5,80.0,1154.9675550239458
2023-02-03,3,2,5,60.0,1129.1425245218984
2023-02-06,3,2,5,60.0,1136.153793479199
2023-02-07,3,2,5,60.0,1151.329133949361
2023-02-08,4,1,5,80.0,1202.854632801015
2023-02-09,3,2,5,60.0,1178.8746586194543
2023-02-10,3,2,5,60.0,1171.8086043017638
2023-02-13,3,2,5,60.0,1135.9978966367923
2023-02-14,3,2,5,60.0,1139.8301329916799
2023-02-15,3,2,5,60.0,1152.671524826213
2023-02-16,4,1,5,80.0,1165.16390714135
2023-02-17,3,2,5,60.0,1150.7228279329072
2023-02-20,3,2,5,60.0,1126.291167481181
2023-02-21,3,2,5,60.0,1121.085713769104
2023-02-22,3,2,5,60.0,1089.1816315818296
2023-02-23,3,2,5,60.0,1089.4832097617161
2023-02-24,2,3,5,40.0,1063.8017145777992
2023-02-27,2,3,5,40.0,1021.8290650529958
2023-02-28,2,3,5,40.0,1041.7861578497916
2023-03-01,2,3,5,40.0,1099.987758091208
2023-03-02,2,3,5,40.0,1106.3654708388979
2023-03-03,2,3,5,40.0,1155.374779038935
2023-03-06,2,3,5,40.0,1161.9503983478799
2023-03-08,2,3,5,40.0,1165.7494328882835
2023-03-09,2,3,5,40.0,1155.684836168446
2023-03-10,2,3,5,40.0,1142.6142590238258
2023-03-13,2,3,5,40.0,1116.2521813309233
2023-03-14,2,3,5,40.0,1096.8686473979299
2023-03-15,2,3,5,40.0,1112.489620670979
2023-03-16,2,3,5,40.0,1095.3725523720775
2023-03-17,2,3,5,40.0,1119.1303623641659
2023-03-20,1,4,5,20.0,1089.3097270333967
2023-03-21,1,4,5,20.0,1092.209410934767
2023-03-22,2,3,5,40.0,1096.3114966475023
2023-03-23,2,3,5,40.0,1108.7681249757318
2023-03-24,2,3,5,40.0,1086.4901565493333
2023-03-27,2,3,5,40.0,1081.029098604761
2023-03-28,1,4,5,20.0,1057.554709813283
2023-03-29,1,4,5,20.0,1090.1466253721526
2023-03-31,2,3,5,40.0,1110.3168289463913
2023-04-03,2,3,5,40.0,1110.2721681422117
2023-04-05,2,3,5,40.0,1100.9272386718214
2023-04-06,2,3,5,40.0,1125.2830693894512
2023-04-10,2,3,5,40.0,1142.7298934861421
2023-04-11,2,3,5,40.0,1155.7260290539016
2023-04-12,2,3,5,40.0,1157.7231889438553
2023-04-13,3,2,5,60.0,1167.7831763085007
2023-04-17,3,2,5,60.0,1178.460163878355
2023-04-18,3,2,5,60.0,1175.4184049893227
2023-04-19,3,2,5,60.0,1174.9509098191152
2023-04-20,3,2,5,60.0,1173.7329351531264
2023-04-21,2,3,5,40.0,1157.83381651715
2023-04-24,3,2,5,60.0,1168.7610643076368
2023-04-25,3,2,5,60.0,1184.65784906435
2023-04-26,3,2,5,60.0,1184.6305489250838
2023-04-27,3,2,5,60.0,1192.6155759891928
2023-04-28,3,2,5,60.0,1204.9355721377688
2023-05-02,3,2,5,60.0,1231.231812143907
2023-05-03,3,2,5,60.0,1212.850763442319
2023-05-04,3,2,5,60.0,1228.3528479419203
2023-05-05,3,2,5,60.0,1208.484949514154
2023-05-08,3,2,5,60.0,1214.402240670163
2023-05-09,3,2,5,60.0,1209.1437894962482
2023-05-10,3,2,5,60.0,1205.5238761562698
2023-05-11,2,3,5,40.0,1211.1873730546893
2023-05-12,2,3,5,40.0,1197.2694443051398
2023-05-15,2,3,5,40.0,1192.6999794073297
2023-05-16,2,3,5,40.0,1193.1428611178221
2023-05-17,2,3,5,40.0,1222.7478853078915
2023-05-18,2,3,5,40.0,1227.7832170752536
2023-05-19,2,3,5,40.0,1233.564740543736
2023-05-22,2,3,5,40.0,1290.154497430703
2023-05-23,2,3,5,40.0,1313.685916623847
2023-05-24,2,3,5,40.0,1298.805105915732
2023-05-25,2,3,5,40.0,1317.0704519702672
2023-05-26,2,3,5,40.0,1332.7804963567658
2023-05-29,2,3,5,40.0,1328.368853978025
2023-05-30,3,2,5,60.0,1325.6548026862606
2023-05-31,3,2,5,60.0,1321.8914727914057
2023-06-01,3,2,5,60.0,1319.300671348641
2023-06-02,3,2,5,60.0,1327.7126943854378
2023-06-05,3,2,5,60.0,1326.1752542731451
2023-06-06,3,2,5,60.0,1327.4035409182245
2023-06-07,3,2,5,60.0,1340.2299414894965
2023-06-08,3,2,5,60.0,1323.5105734392419
2023-06-09,3,2,5,60.0,1329.6130208259938
2023-06-12,3,2,5,60.0,1333.688894991097
2023-06-13,3,2,5,60.0,1362.1634289577405
2023-06-14,3,2,5,60.0,1375.9465330334701
2023-06-15,3,2,5,60.0,1389.9092415064295
2023-06-16,3,2,5,60.0,1389.8593753569664
2023-06-19,3,2,5,60.0,1376.2369185534646
2023-06-20,3,2,5,60.0,1383.5798702557813
2023-06-21,3,2,5,60.0,1386.0721483305279
2023-06-22,3,2,5,60.0,1360.2142044112948
2023-06-23,3,2,5,60.0,1335.637184536574
2023-06-26,3,2,5,60.0,1344.7882502461503
2023-06-27,3,2,5,60.0,1358.3968862779584
2023-06-28,3,2,5,60.0,1372.2114965058624
2023-06-30,3,2,5,60.0,1391.8714296686387
2023-07-03,3,2,5,60.0,1384.142393492617
2023-07-04,3,2,5,60.0,1383.4507634472498
2023-07-05,3,2,5,60.0,1384.8307784505926
2023-07-06,3,2,5,60.0,1408.1686545063214
2023-07-07,3,2,5,60.0,1399.0677912060714
2023-07-10,3,2,5,60.0,1398.469698300634
2023-07-11,3,2,5,60.0,1395.219756896285
2023-07-12,3,2,5,60.0,1395.621048239623
2023-07-13,4,1,5,80.0,1389.1617554251256
2023-07-14,4,1,5,80.0,1407.473406082569
2023-07-17,4,1,5,80.0,1418.2101454007884
2023-07-18,4,1,5,80.0,1413.8497089033428
2023-07-19,4,1,5,80.0,1427.3357597945217
2023-07-20,4,1,5,80.0,1417.698194110061
2023-07-21,4,1,5,80.0,1409.016450661472
2023-07-24,4,1,5,80.0,1411.6886249708173
2023-07-25,4,1,5,80.0,1446.0848544745313
2023-07-26,4,1,5,80.0,1465.972960264085
2023-07-27,4,1,5,80.0,1456.3283784061973
2023-07-28,4,1,5,80.0,1442.492915575533
2023-07-31,4,1,5,80.0,1545.1278730323224
2023-08-01,4,1,5,80.0,1591.9876038851196
2023-08-02,4,1,5,80.0,1560.0834325332446
2023-08-03,4,1,5,80.0,1592.523545504806
2023-08-04,4,1,5,80.0,1598.0044490744192
2023-08-07,4,1,5,80.0,1602.9860940514045
2023-08-08,4,1,5,80.0,1567.499832231001
2023-08-09,4,1,5,80.0,1606.5109453941204
2023-08-10,4,1,5,80.0,1595.743802183028
2023-08-11,4,1,5,80.0,1592.8164226106762
2023-08-14,4,1,5,80.0,1565.573856997514
2023-08-16,4,1,5,80.0,1536.5003074084789
2023-08-17,4,1,5,80.0,1533.7774008931042
2023-08-18,4,1,5,80.0,1543.0911114402654
2023-08-21,4,1,5,80.0,1559.5136810108238
2023-08-22,5,0,5,100.0,1589.4606708774209
2023-08-23,4,1,5,80.0,1573.9537476864834
2023-08-24,4,1,5,80.0,1569.241258845968
2023-08-25,4,1,5,80.0,1544.6229589529662
2023-08-28,4,1,5,80.0,1568.3734637465627
2023-08-29,4,1,5,80.0,1599.5300928200015
2023-08-30,4,1,5,80.0,1614.8712616079667
2023-08-31,4,1,5,80.0,1610.1902206410443
2023-09-01,4,1,5,80.0,1660.6595790347208
2023-09-04,4,1,5,80.0,1711.2367934916733
2023-09-05,4,1,5,80.0,1696.879440372662
2023-09-06,4,1,5,80.0,1704.3926782645522
2023-09-07,4,1,5,80.0,1751.6580929987588
2023-09-08,4,1,5,80.0,1767.5563679274915
2023-09-11,5,0,5,100.0,1812.6164568348254
2023-09-12,5,0,5,100.0,1724.012306401681
2023-09-13,4,1,5,80.0,1718.1290053602022
2023-09-14,5,0,5,100.0,1735.2693260893855
2023-09-15,5,0,5,100.0,1733.0248885280134
2023-09-18,4,1,5,80.0,1691.754692201307
2023-09-20,4,1,5,80.0,1737.5926700399596
2023-09-21,4,1,5,80.0,1715.9368935346627
2023-09-22,4,1,5,80.0,1715.1894524732675
2023-09-25,5,0,5,100.0,1710.74090559196
2023-09-26,4,1,5,80.0,1727.657075195835
2023-09-27,5,0,5,100.0,1741.7725168378915
2023-09-28,5,0,5,100.0,1730.8105800733636
2023-09-29,4,1,5,80.0,1781.4256023196087
2023-10-03,4,1,5,80.0,1755.2318143432392
2023-10-04,5,0,5,100.0,1727.971411821472
2023-10-05,5,0,5,100.0,1726.2334226926644
2023-10-06,5,0,5,100.0,1739.8983914412047
2023-10-09,5,0,5,100.0,1695.641015057144
2023-10-10,5,0,5,100.0,1728.98327811045
2023-10-11,5,0,5,100.0,1733.9232784022763
2023-10-12,5,0,5,100.0,1761.7823481175062
2023-10-13,5,0,5,100.0,1761.2043800369142
2023-10-16,5,0,5,100.0,1782.9887797840197
2023-10-17,5,0,5,100.0,1786.332550721132
2023-10-18,5,0,5,100.0,1761.9544337031589
2023-10-19,5,0,5,100.0,1756.2677212146557
2023-10-20,5,0,5,100.0,1720.9320001880878
2023-10-23,4,1,5,80.0,1643.777827572038
2023-10-25,4,1,5,80.0,1625.5539058583886
2023-10-26,4,1,5,80.0,1611.1011087082559
2023-10-27,4,1,5,80.0,1622.218383612925
2023-10-30,4,1,5,80.0,1633.3805026910752
2023-10-31,5,0,5,100.0,1629.275125786576
2023-11-01,4,1,5,80.0,1601.7870379057335
2023-11-02,4,1,5,80.0,1625.796009579565
2023-11-03,4,1,5,80.0,1640.6469799108993
2023-11-06,4,1,5,80.0,1656.8293507123112
2023-11-07,4,1,5,80.0,1648.0474922584026
2023-11-08,5,0,5,100.0,1658.5618557848659
2023-11-09,4,1,5,80.0,1625.5350695636039
2023-11-10,4,1,5,80.0,1628.6896501561512
2023-11-12,4,1,5,80.0,1637.2682531218682
2023-11-13,4,1,5,80.0,1668.1399748215472
2023-11-15,5,0,5,100.0,1674.0214618920334
2023-11-16,4,1,5,80.0,1667.2347322915823
2023-11-17,5,0,5,100.0,1652.926927727598
2023-11-20,4,1,5,80.0,1642.477329913835
2023-11-21,4,1,5,80.0,1664.2434780923938
2023-11-22,4,1,5,80.0,1651.780843618249
2023-11-23,4,1,5,80.0,1667.2100917599707
2023-11-24,5,0,5,100.0,1681.4835107969525
2023-11-28,5,0,5,100.0,1730.3884974424773
2023-11-29,5,0,5,100.0,1766.4979491243266
2023-11-30,5,0,5,100.0,1768.588138897245
2023-12-01,5,0,5,100.0,1770.1723336441084
2023-12-04,5,0,5,100.0,1795.6921619377858
2023-12-05,5,0,5,100.0,1861.052144104821
2023-12-06,5,0,5,100.0,1846.7589708823177
2023-12-07,5,0,5,100.0,1895.0481781628714
2023-12-08,5,0,5,100.0,1907.1690130149545
2023-12-11,5,0,5,100.0,1970.3211721594353
2023-12-12,5,0,5,100.0,1962.1526857098975
2023-12-13,5,0,5,100.0,1960.1164468814281
2023-12-14,5,0,5,100.0,1963.5685718302984
2023-12-15,5,0,5,100.0,1965.4791549041352
2023-12-18,5,0,5,100.0,2066.666988022664
2023-12-19,5,0,5,100.0,2074.548060221591
2023-12-20,5,0,5,100.0,1958.361301188423
2023-12-21,5,0,5,100.0,2049.569708098236
2023-12-22,5,0,5,100.0,2096.2196186329697
2023-12-26,5,0,5,100.0,2116.4167757607574
2023-12-27,5,0,5,100.0,2129.9872863108203
2023-12-28,5,0,5,100.0,2254.431245480904
2023-12-29,5,0,5,100.0,2289.112737445952
2024-01-01,5,0,5,100.0,2285.289947148114
2024-01-02,5,0,5,100.0,2274.4542384688825
2024-01-03,5,0,5,100.0,2266.6151258282944
2024-01-04,5,0,5,100.0,2336.2438270254925
2024-01-05,5,0,5,100.0,2335.6607428797574
2024-01-08,5,0,5,100.0,2283.6453704170176
2024-01-09,5,0,5,100.0,2293.1336254846033
2024-01-10,5,0,5,100.0,2313.135594947837
2024-01-11,5,0,5,100.0,2304.233393660268
2024-01-12,5,0,5,100.0,2293.1037030271054
2024-01-15,5,0,5,100.0,2268.098344778393
2024-01-16,5,0,5,100.0,2273.6782198077312
2024-01-17,5,0,5,100.0,2246.1773324945602
2024-01-18,5,0,5,100.0,2217.3366355639514
2024-01-19,5,0,5,100.0,2236.692316716557
2024-01-20,5,0,5,100.0,2280.9055818284814
2024-01-23,5,0,5,100.0,2206.332824813286
2024-01-24,5,0,5,100.0,2302.3202866438096
2024-01-25,5,0,5,100.0,2346.906086251339
2024-01-29,5,0,5,100.0,2365.006681988144
2024-01-30,5,0,5,100.0,2364.617283644363
2024-01-31,5,0,5,100.0,2397.2199040976384
2024-02-01,5,0,5,100.0,2415.4646272024847
2024-02-02,5,0,5,100.0,2441.4447003300015
2024-02-05,5,0,5,100.0,2415.7736549365272
2024-02-06,5,0,5,100.0,2534.958948667683
2024-02-07,5,0,5,100.0,2482.018962976291
2024-02-08,5,0,5,100.0,2479.0563508162177
2024-02-09,5,0,5,100.0,2407.15706050746
2024-02-12,5,0,5,100.0,2287.129292926077
2024-02-13,5,0,5,100.0,2275.0961570000195
2024-02-14,5,0,5,100.0,2316.322417658615
2024-02-15,5,0,5,100.0,2326.693825992319
2024-02-16,5,0,5,100.0,2357.7357094378867
2024-02-19,5,0,5,100.0,2350.0619479086245
2024-02-20,5,0,5,100.0,2326.954137743254
2024-02-21,5,0,5,100.0,2301.3789943349784
2024-02-22,5,0,5,100.0,2344.1334073387934
2024-02-23,5,0,5,100.0,2344.1361088825606
2024-02-26,5,0,5,100.0,2349.5699601829147
2024-02-27,5,0,5,100.0,2329.7860329781192
2024-02-28,5,0,5,100.0,2279.824150903438
2024-02-29,5,0,5,100.0,2312.1417369530764
2024-03-01,5,0,5,100.0,2352.4230465919636
2024-03-02,5,0,5,100.0,2391.634098235736
2024-03-04,5,0,5,100.0,2369.8887018142623
2024-03-05,5,0,5,100.0,2360.474649408286
2024-03-06,5,0,5,100.0,2317.0581789446487
2024-03-07,5,0,5,100.0,2336.323285394658
2024-03-11,5,0,5,100.0,2278.774930098594
2024-03-12,5,0,5,100.0,2196.491099120883
2024-03-13,5,0,5,100.0,2041.8083131657165
2024-03-14,5,0,5,100.0,2173.523358236971
2024-03-15,5,0,5,100.0,2214.888515541945
2024-03-18,5,0,5,100.0,2199.2167309264873
2024-03-19,5,0,5,100.0,2151.8959013439494
2024-03-20,5,0,5,100.0,2136.8777360966246
2024-03-21,5,0,5,100.0,2201.2427354188612
2024-03-22,5,0,5,100.0,2207.4074201062845
2024-03-26,5,0,5,100.0,2228.31397128949
2024-03-27,5,0,5,100.0,2280.4274764103
2024-03-28,5,0,5,100.0,2266.96973306634
2024-04-01,5,0,5,100.0,2435.02299168709
2024-04-02,5,0,5,100.0,2472.3305894148484
2024-04-03,5,0,5,100.0,2471.5255949889456
2024-04-04,5,0,5,100.0,2514.4424328895207
2024-04-05,5,0,5,100.0,2539.7358800328043
2024-04-08,5,0,5,100.0,2543.100709620609
2024-04-09,5,0,5,100.0,2611.279190471394
2024-04-10,5,0,5,100.0,2626.230772577464
2024-04-12,5,0,5,100.0,2637.3385982078444
2024-04-15,5,0,5,100.0,2577.4717932566114
2024-04-16,5,0,5,100.0,2605.8866439155468
2024-04-18,5,0,5,100.0,2571.207328667784
2024-04-19,5,0,5,100.0,2569.523580965997
2024-04-22,5,0,5,100.0,2639.8377930520332
2024-04-23,5,0,5,100.0,2647.479577946594
2024-04-24,5,0,5,100.0,2683.7224903385677
2024-04-25,5,0,5,100.0,2708.4855423425056
2024-04-26,5,0,5,100.0,2709.200458985143
2024-04-29,5,0,5,100.0,2729.6123360921974
2024-04-30,5,0,5,100.0,2703.358050644738
2024-05-02,5,0,5,100.0,2695.475844366364
2024-05-03,5,0,5,100.0,2684.4261246624224
2024-05-06,5,0,5,100.0,2624.174352520538
2024-05-07,5,0,5,100.0,2563.6517153583986
2024-05-08,5,0,5,100.0,2589.1129590907944
2024-05-09,5,0,5,100.0,2537.0034038975455
2024-05-10,5,0,5,100.0,2610.1277787825497
2024-05-13,5,0,5,100.0,2604.3830421957205
2024-05-14,5,0,5,100.0,2676.572428246969
2024-05-15,5,0,5,100.0,2699.2642661336695
2024-05-16,5,0,5,100.0,2676.355145008043
2024-05-17,5,0,5,100.0,2698.8261718210324
2024-05-18,5,0,5,100.0,2727.0725982644135
2024-05-21,5,0,5,100.0,2753.542934197539
2024-05-22,5,0,5,100.0,2736.0238076846504
2024-05-23,5,0,5,100.0,2736.7194791398874
2024-05-24,5,0,5,100.0,2709.332390712446
2024-05-27,5,0,5,100.0,2687.992595198097
2024-05-28,5,0,5,100.0,2673.3082532094336
2024-05-29,5,0,5,100.0,2679.7737440308592
2024-05-30,5,0,5,100.0,2612.158340225287
2024-05-31,5,0,5,100.0,2646.696693446038
2024-06-03,5,0,5,100.0,2726.086409468735
2024-06-04,4,1,5,80.0,2388.237170897973
2024-06-05,4,1,5,80.0,2521.4440873057865
2024-06-06,4,1,5,80.0,2602.627337607155
2024-06-07,5,0,5,100.0,2637.9302278289915
2024-06-10,5,0,5,100.0,2629.193016106096
2024-06-11,5,0,5,100.0,2660.7628679371805
2024-06-12,5,0,5,100.0,2660.9572293563497
2024-06-13,5,0,5,100.0,2670.0411970277432
2024-06-14,5,0,5,100.0,2685.1715860789204
2024-06-18,5,0,5,100.0,2704.4825779119965
2024-06-19,5,0,5,100.0,2658.8596619509576
2024-06-20,5,0,5,100.0,2728.2605646012635
2024-06-21,5,0,5,100.0,2736.838106566476
2024-06-24,5,0,5,100.0,2758.126930695542
2024-06-25,5,0,5,100.0,2765.3947078003903
2024-06-26,5,0,5,100.0,2743.520047118704
2024-06-27,5,0,5,100.0,2716.2408801405068
2024-06-28,5,0,5,100.0,2729.180819261869
2024-07-01,5,0,5,100.0,2752.6692125694735
2024-07-02,5,0,5,100.0,2735.683456024841
2024-07-03,5,0,5,100.0,2790.0663774324457
2024-07-04,5,0,5,100.0,2828.252436231973
2024-07-05,5,0,5,100.0,2826.985138549137
2024-07-08,5,0,5,100.0,2837.431298625203
2024-07-09,5,0,5,100.0,2847.7382629100534
2024-07-10,5,0,5,100.0,2778.9479393224783
2024-07-11,5,0,5,100.0,2784.812327359752
2024-07-12,5,0,5,100.0,2758.948877311679
2024-07-15,5,0,5,100.0,2767.312554966373
2024-07-16,5,0,5,100.0,2790.088067462842
2024-07-18,5,0,5,100.0,2734.197527396484
2024-07-19,5,0,5,100.0,2653.434474688052
2024-07-22,5,0,5,100.0,2679.9249189809825
2024-07-23,5,0,5,100.0,2647.792234624292
2024-07-24,5,0,5,100.0,2658.8938383977606
2024-07-25,5,0,5,100.0,2650.0143456219794
2024-07-26,5,0,5,100.0,2711.679024357688
2024-07-29,5,0,5,100.0,2714.0952419417235
2024-07-30,5,0,5,100.0,2742.3289424430964
2024-07-31,5,0,5,100.0,2752.978266796045
2024-08-01,5,0,5,100.0,2713.267853479299
2024-08-02,5,0,5,100.0,2665.057252899952
2024-08-05,5,0,5,100.0,2521.8971997254057
2024-08-06,5,0,5,100.0,2511.0097042671114
2024-08-07,5,0,5,100.0,2587.9855550734
2024-08-08,5,0,5,100.0,2551.530918372282
2024-08-09,5,0,5,100.0,2597.4295930380545
2024-08-12,5,0,5,100.0,2579.3294404677326
2024-08-13,5,0,5,100.0,2568.1030707049413
2024-08-14,5,0,5,100.0,2551.875154890248
2024-08-16,5,0,5,100.0,2591.5443246717
2024-08-19,5,0,5,100.0,2642.9372564172168
2024-08-20,5,0,5,100.0,2678.1498908215
2024-08-21,5,0,5,100.0,2717.510099179839
2024-08-22,5,0,5,100.0,2717.0337789304444
2024-08-23,5,0,5,100.0,2743.9764414377364
2024-08-26,5,0,5,100.0,2859.593607671885
2024-08-27,5,0,5,100.0,2833.1173419063157
2024-08-28,5,0,5,100.0,2811.6253639342517
2024-08-29,4,1,5,80.0,2791.2235739801426
2024-08-30,4,1,5,80.0,2793.2188507194855
2024-09-02,5,0,5,100.0,2752.2757079502317
2024-09-03,4,1,5,80.0,2748.468925156714
2024-09-04,4,1,5,80.0,2720.6180843530046
2024-09-05,4,1,5,80.0,2748.9446079582262
2024-09-06,4,1,5,80.0,2734.7620472732333
2024-09-09,4,1,5,80.0,2705.841060980632
2024-09-10,3,2,5,60.0,2746.485500456202
2024-09-11,3,2,5,60.0,2720.168416609037
2024-09-12,3,2,5,60.0,2756.025645037414
2024-09-13,3,2,5,60.0,2767.000603045997
2024-09-16,4,1,5,80.0,2829.105687707971
2024-09-17,4,1,5,80.0,2836.104102746748
2024-09-18,4,1,5,80.0,2827.2390281522003
2024-09-19,4,1,5,80.0,2773.568612245122
2024-09-20,4,1,5,80.0,2817.171618096415
2024-09-23,4,1,5,80.0,2812.3176469097093
2024-09-24,5,0,5,100.0,2902.558323833149
2024-09-25,4,1,5,80.0,2926.7404179730506
2024-09-26,4,1,5,80.0,2922.1811773448244
2024-09-27,5,0,5,100.0,2958.554749109706
2024-09-30,5,0,5,100.0,2940.471611374227
2024-10-01,5,0,5,100.0,2986.032393643101
2024-10-03,4,1,5,80.0,2932.0806025594543
2024-10-04,4,1,5,80.0,2888.160736970969
2024-10-07,3,2,5,60.0,2759.0081530893362
2024-10-08,4,1,5,80.0,2878.116503791971
2024-10-09,4,1,5,80.0,2909.3067623694465
2024-10-10,4,1,5,80.0,2929.3302052831195
2024-10-11,4,1,5,80.0,2936.845696469459
2024-10-14,3,2,5,60.0,2928.76182861379
2024-10-15,4,1,5,80.0,2953.5390224449848
2024-10-16,4,1,5,80.0,2958.3063780843377
2024-10-17,4,1,5,80.0,2918.465303284416
2024-10-18,4,1,5,80.0,2930.747495820778
2024-10-21,3,2,5,60.0,2862.7947719346107
2024-10-22,2,3,5,40.0,2724.732768379989
2024-10-23,2,3,5,40.0,2711.9398194483265
2024-10-24,2,3,5,40.0,2676.507164024474
2024-10-25,2,3,5,40.0,2563.307830722323
2024-10-28,2,3,5,40.0,2657.0684197206715
2024-10-29,2,3,5,40.0,2666.9588412454004
2024-10-30,2,3,5,40.0,2711.8019476129916
2024-10-31,2,3,5,40.0,2748.043303144445
2024-11-01,3,2,5,60.0,2806.69106349966
2024-11-04,3,2,5,60.0,2747.0668019661543
2024-11-05,3,2,5,60.0,2785.2403765639365
2024-11-06,3,2,5,60.0,2847.051692312901
2024-11-07,3,2,5,60.0,2756.599193199335
2024-11-08,2,3,5,40.0,2692.3577962292347
2024-11-11,2,3,5,40.0,2654.111422351724
2024-11-12,2,3,5,40.0,2625.060679846601
2024-11-13,1,4,5,20.0,2545.460320910414
2024-11-14,1,4,5,20.0,2550.484940298615
2024-11-18,2,3,5,40.0,2570.1237085920416
2024-11-19,1,4,5,20.0,2565.612325863249
2024-11-21,2,3,5,40.0,2441.9773635479364
2024-11-22,2,3,5,40.0,2468.682202063579
2024-11-25,2,3,5,40.0,2520.0035339266105
2024-11-26,2,3,5,40.0,2525.3699770511444
2024-11-27,2,3,5,40.0,2581.2434083631156
2024-11-28,2,3,5,40.0,2598.859344070376
2024-11-29,2,3,5,40.0,2602.4115999933615
2024-12-02,2,3,5,40.0,2620.832865213082
2024-12-03,3,2,5,60.0,2684.089700257794
2024-12-04,3,2,5,60.0,2672.1533520193843
2024-12-05,2,3,5,40.0,2671.8565077123267
2024-12-06,3,2,5,60.0,2686.1966882068778
2024-12-09,3,2,5,60.0,2696.5397228623196
2024-12-10,3,2,5,60.0,2695.0572263580084
2024-12-11,3,2,5,60.0,2673.4122966369528
2024-12-12,2,3,5,40.0,2661.622632030813
2024-12-13,2,3,5,40.0,2648.3269375471154
2024-12-16,2,3,5,40.0,2633.5527359238654
2024-12-17,1,4,5,20.0,2594.7192631958656
2024-12-18,1,4,5,20.0,2568.9726743351575
2024-12-19,1,4,5,20.0,2564.282629778129
2024-12-20,1,4,5,20.0,2496.572836865119
2024-12-23,1,4,5,20.0,2486.5893511241165
2024-12-24,1,4,5,20.0,2505.908483310331
2024-12-26,1,4,5,20.0,2465.4487133245225
2024-12-27,1,4,5,20.0,2465.7304286803296
2024-12-30,1,4,5,20.0,2452.8584303349685
2024-12-31,1,4,5,20.0,2456.6503129735947
2025-01-01,1,4,5,20.0,2459.296474519988
2025-01-02,1,4,5,20.0,2491.198554938985
2025-01-03,1,4,5,20.0,2466.7403055888562
2025-01-06,0,5,5,0.0,2357.7264911264906
2025-01-07,1,4,5,20.0,2456.659422459703
2025-01-08,1,4,5,20.0,2416.2799738129997
2025-01-09,1,4,5,20.0,2375.988215009688
2025-01-10,0,5,5,0.0,2310.373017013474
2025-01-13,0,5,5,0.0,2193.638595021018
2025-01-14,0,5,5,0.0,2285.477441462819
2025-01-15,0,5,5,0.0,2284.2605388600264
2025-01-16,0,5,5,0.0,2340.471261988448
2025-01-17,1,4,5,20.0,2428.6597184249763
2025-01-20,0,5,5,0.0,2422.8536885795006
2025-01-21,1,4,5,20.0,2394.929601106626
2025-01-22,0,5,5,0.0,2369.2334781283885
2025-01-23,0,5,5,0.0,2368.184166763989
2025-01-24,0,5,5,0.0,2322.8822144619794
2025-01-27,0,5,5,0.0,2247.297810166277
2025-01-28,0,5,5,0.0,2244.8783340761556
2025-01-29,0,5,5,0.0,2286.9181303544847
2025-01-30,0,5,5,0.0,2271.806237569327
2025-01-31,0,5,5,0.0,2320.5204116823706
2025-02-01,0,5,5,0.0,2313.7241932561997
2025-02-03,0,5,5,0.0,2284.2225041700535
2025-02-04,0,5,5,0.0,2313.8318655351272
2025-02-05,0,5,5,0.0,2335.799640138016
2025-02-06,0,5,5,0.0,2337.5207632794377
2025-02-07,0,5,5,0.0,2351.0497504482632
2025-02-10,0,5,5,0.0,2289.8292920276663
2025-02-11,0,5,5,0.0,2235.2251178278652
2025-02-12,0,5,5,0.0,2220.550647536348
2025-02-13,0,5,5,0.0,2206.761446434081
2025-02-14,0,5,5,0.0,2155.470914476503
2025-02-17,0,5,5,0.0,2148.420057844665
2025-02-18,0,5,5,0.0,2132.037838900628
2025-02-19,0,5,5,0.0,2189.9865890026285
2025-02-20,0,5,5,0.0,2205.963893912438
2025-02-21,0,5,5,0.0,2213.2621746731784
2025-02-24,0,5,5,0.0,2164.446739399487
2025-02-25,0,5,5,0.0,2164.7073435076345
2025-02-27,0,5,5,0.0,2135.8522901268716
2025-02-28,0,5,5,0.0,2106.237206883978
2025-03-03,0,5,5,0.0,2087.034863372453
2025-03-04,0,5,5,0.0,2103.693168697759
2025-03-05,0,5,5,0.0,2207.268420766123
2025-03-06,1,4,5,20.0,2258.8240403949026
2025-03-07,1,4,5,20.0,2280.455732496651
2025-03-10,1,4,5,20.0,2206.7903022102446
2025-03-11,1,4,5,20.0,2228.10533932239
2025-03-12,1,4,5,20.0,2196.2673232636876
2025-03-13,1,4,5,20.0,2165.980498255409
2025-03-17,1,4,5,20.0,2175.9194772941482
2025-03-18,1,4,5,20.0,2209.636946128591
2025-03-19,1,4,5,20.0,2242.407335637658
2025-03-20,1,4,5,20.0,2258.9249954487245
2025-03-21,1,4,5,20.0,2265.0669808396005
2025-03-24,1,4,5,20.0,2307.1295913837494
2025-03-25,1,4,5,20.0,2243.3334354482035
2025-03-26,1,4,5,20.0,2220.216395750066
2025-03-27,1,4,5,20.0,2224.9211783568617
2025-03-28,1,4,5,20.0,2190.434579196878
2025-04-01,1,4,5,20.0,2202.6473732947265
2025-04-02,1,4,5,20.0,2227.378966092683
2025-04-03,0,5,5,0.0,2233.0523653006794
2025-04-04,0,5,5,0.0,2125.3577638870765
2025-04-07,0,5,5,0.0,2000.1012150499175
2025-04-08,0,5,5,0.0,2024.815840801196
2025-04-09,0,5,5,0.0,2019.0850765280682
2025-04-11,0,5,5,0.0,2078.244335225943
2025-04-15,0,5,5,0.0,2161.3587785243485
2025-04-16,0,5,5,0.0,2159.4719159704623
2025-04-17,0,5,5,0.0,2178.86088127348
2025-04-21,0,5,5,0.0,2229.2366411822077
2025-04-22,0,5,5,0.0,2250.4361463944056
2025-04-23,0,5,5,0.0,2255.9571908649746
2025-04-24,0,5,5,0.0,2254.75788608987
2025-04-25,0,5,5,0.0,2169.646795200054
2025-04-28,0,5,5,0.0,2180.1520492819636
2025-04-29,0,5,5,0.0,2158.5936702954727
2025-04-30,0,5,5,0.0,2138.689172100206
2025-05-02,0,5,5,0.0,2137.210818258387
2025-05-05,0,5,5,0.0,2191.9118037571993
2025-05-06,0,5,5,0.0,2135.770471693316
2025-05-07,0,5,5,0.0,2151.4255922670923
2025-05-08,0,5,5,0.0,2099.684399562598
2025-05-09,0,5,5,0.0,2089.3484143014284
2025-05-12,0,5,5,0.0,2237.1941940637325
2025-05-13,0,5,5,0.0,2241.421313518438
2025-05-14,0,5,5,0.0,2310.4985955448815
2025-05-15,1,4,5,20.0,2347.9675839053257
2025-05-16,2,3,5,40.0,2362.408471471051
2025-05-19,2,3,5,40.0,2420.7216949866206
2025-05-20,2,3,5,40.0,2399.4218360650357
2025-05-21,2,3,5,40.0,2420.192827586084
2025-05-22,1,4,5,20.0,2424.0049849572465
2025-05-23,1,4,5,20.0,2453.277842546737
2025-05-26,2,3,5,40.0,2480.7762748765967
2025-05-27,2,3,5,40.0,2485.4447669854735
2025-05-28,1,4,5,20.0,2469.103498194786
2025-05-29,1,4,5,20.0,2474.962079773489
2025-05-30,1,4,5,20.0,2441.9724741015966
2025-06-02,1,4,5,20.0,2470.337750850783
2025-06-03,1,4,5,20.0,2452.23687131488
2025-06-04,1,4,5,20.0,2471.858560923021
2025-06-05,1,4,5,20.0,2472.1862641212906
2025-06-06,1,4,5,20.0,2498.783636301669
2025-06-09,2,3,5,40.0,2533.2567639686863
2025-06-10,4,1,5,80.0,2539.129127572891
2025-06-11,3,2,5,60.0,2520.9359790488797
2025-06-12,1,4,5,20.0,2485.7031839272418
2025-06-13,1,4,5,20.0,2462.9935353846327
2025-06-16,2,3,5,40.0,2481.3120007835696
2025-06-17,1,4,5,20.0,2432.8704846264486
2025-06-18,1,4,5,20.0,2421.5278770852397
2025-06-19,1,4,5,20.0,2364.8656099964574
2025-06-20,1,4,5,20.0,2439.603395409031
2025-06-23,2,3,5,40.0,2508.0301839617027
2025-06-24,3,2,5,60.0,2518.308616462652
2025-06-25,3,2,5,60.0,2546.1271546600447
2025-06-26,4,1,5,80.0,2575.6327128816747
2025-06-27,4,1,5,80.0,2597.5907212955617
2025-06-30,4,1,5,80.0,2607.2576979064283
2025-07-01,4,1,5,80.0,2610.234038667324
2025-07-02,4,1,5,80.0,2605.354040226509
2025-07-03,4,1,5,80.0,2605.314274794209
2025-07-04,4,1,5,80.0,2596.590189752543
2025-07-07,4,1,5,80.0,2582.8629305056056
2025-07-08,4,1,5,80.0,2581.196503385633
2025-07-09,4,1,5,80.0,2557.5263367915363
2025-07-10,4,1,5,80.0,2601.1655803579715
2025-07-11,4,1,5,80.0,2573.597687492667
2025-07-14,5,0,5,100.0,2616.9665059045774
2025-07-15,5,0,5,100.0,2626.3127593920412
2025-07-16,5,0,5,100.0,2625.459716766004
2025-07-17,5,0,5,100.0,2669.1946009862304
2025-07-18,5,0,5,100.0,2738.731519148267
2025-07-21,5,0,5,100.0,2723.7895595874415
2025-07-22,5,0,5,100.0,2760.176835536483
2025-07-23,5,0,5,100.0,2765.561881168863
2025-07-24,5,0,5,100.0,2736.3232582414093
2025-07-25,5,0,5,100.0,2656.027214160345
2025-07-28,4,1,5,80.0,2619.6024911328846
2025-07-29,5,0,5,100.0,2654.336780809336
2025-07-30,5,0,5,100.0,2643.0113682422507
2025-07-31,3,2,5,60.0,2563.5369057462735
2025-08-01,3,2,5,60.0,2501.99137017018
2025-08-04,3,2,5,60.0,2533.528954099215
2025-08-05,3,2,5,60.0,2536.024469828385
2025-08-06,3,2,5,60.0,2487.3638461994287
2025-08-07,3,2,5,60.0,2480.3693945171153
2025-08-08,3,2,5,60.0,2450.191385937359
2025-08-11,3,2,5,60.0,2476.684473261713
2025-08-12,3,2,5,60.0,2474.5536192532045
2025-08-13,3,2,5,60.0,2503.9668849606937
2025-08-14,3,2,5,60.0,2500.0765283904
2025-08-18,3,2,5,60.0,2526.5449378337544
2025-08-19,3,2,5,60.0,2560.4801806482046
2025-08-20,3,2,5,60.0,2554.16634523801
2025-08-21,3,2,5,60.0,2562.2097221029567
2025-08-22,3,2,5,60.0,2528.562518757749
2025-08-25,3,2,5,60.0,2520.781774198582
2025-08-26,3,2,5,60.0,2482.7570032648696
2025-08-28,3,2,5,60.0,2465.9179973907817
2025-08-29,3,2,5,60.0,2454.1015842718853
2025-09-01,3,2,5,60.0,2502.739060190843
2025-09-02,3,2,5,60.0,2518.7596335013855
2025-09-03,4,1,5,80.0,2578.2054945951354
2025-09-04,3,2,5,60.0,2549.7005974092403
2025-09-05,4,1,5,80.0,2551.7160794317897
2025-09-08,4,1,5,80.0,2558.306596059298
2025-09-09,4,1,5,80.0,2568.4139382171625
2025-09-10,4,1,5,80.0,2576.9657391311434
2025-09-11,4,1,5,80.0,2610.807938541095
2025-09-12,4,1,5,80.0,2697.8600086908655
2025-09-15,4,1,5,80.0,2700.5761694500598
2025-09-16,4,1,5,80.0,2733.710603758844
2025-09-17,5,0,5,100.0,2711.945337900115
2025-09-18,5,0,5,100.0,2693.573938904243
2025-09-19,5,0,5,100.0,2723.0560526025174
2025-09-22,5,0,5,100.0,2762.4221902683607
2025-09-23,5,0,5,100.0,2793.9536520510383
2025-09-24,5,0,5,100.0,2802.463483683775
2025-09-25,5,0,5,100.0,2853.055247603107
2025-09-26,5,0,5,100.0,2800.8557749206348
2025-09-29,5,0,5,100.0,2820.172788070644
2025-09-30,5,0,5,100.0,2834.2043181522604
2025-10-01,5,0,5,100.0,2893.4965447597415
2025-10-03,5,0,5,100.0,2962.2013017537897
2025-10-06,5,0,5,100.0,2969.181608637843
2025-10-07,5,0,5,100.0,2966.569194271443
2025-10-08,5,0,5,100.0,2966.6402165289633
2025-10-09,5,0,5,100.0,3044.2338842342724
2025-10-10,5,0,5,100.0,3017.6851638345474
2025-10-13,5,0,5,100.0,2965.393503526088
2025-10-14,5,0,5,100.0,2932.502825069695
2025-10-15,5,0,5,100.0,2949.4071761229266
2025-10-16,5,0,5,100.0,2973.0520886088743
2025-10-17,5,0,5,100.0,2945.206854336179
2025-10-20,5,0,5,100.0,3003.419863849683
2025-10-21,5,0,5,100.0,3007.820573813757
2025-10-23,5,0,5,100.0,2977.751812739891
2025-10-24,5,0,5,100.0,3000.920624079624
2025-10-27,5,0,5,100.0,3167.1248599637524
2025-10-28,5,0,5,100.0,3229.305652309784
2025-10-29,5,0,5,100.0,3342.1991608163407
2025-10-30,5,0,5,100.0,3351.5149656455856
2025-10-31,5,0,5,100.0,3283.360960337191
2025-11-03,5,0,5,100.0,3293.260599468489
2025-11-04,5,0,5,100.0,3261.322905677107
2025-11-06,4,1,5,80.0,3113.580163397773
2025-11-07,4,1,5,80.0,3194.0425715700885
2025-11-10,4,1,5,80.0,3213.5445878545233
2025-11-11,4,1,5,80.0,3278.4521540234855
2025-11-12,5,0,5,100.0,3270.452026978867
2025-11-13,5,0,5,100.0,3404.5536110114435
2025-11-14,5,0,5,100.0,3462.2263349232753
2025-11-17,5,0,5,100.0,3507.1058068526477
2025-11-18,5,0,5,100.0,3439.343534612491
2025-11-19,5,0,5,100.0,3389.474296539237
2025-11-20,5,0,5,100.0,3404.5534722356783
2025-11-21,5,0,5,100.0,3308.6308961547984
2025-11-24,5,0,5,100.0,3240.333032845837
2025-11-25,4,1,5,80.0,3259.641714781085
2025-11-26,4,1,5,80.0,3300.1791817496346
2025-11-27,4,1,5,80.0,3313.195395608205
2025-11-28,4,1,5,80.0,3293.138213951804
2025-12-01,4,1,5,80.0,3293.6699694309787
2025-12-02,4,1,5,80.0,3284.6123311476795
2025-12-03,4,1,5,80.0,3252.483071291211
2025-12-04,4,1,5,80.0,3270.0994277316718
2025-12-05,4,1,5,80.0,3324.0418353699824
2025-12-08,4,1,5,80.0,3243.1976480767744
2025-12-09,4,1,5,80.0,3250.868793594452
2025-12-10,4,1,5,80.0,3211.850961719828
2025-12-11,4,1,5,80.0,3270.9371869544602
2025-12-12,4,1,5,80.0,3367.616790239414
2025-12-15,4,1,5,80.0,3389.0293131748776
2025-12-16,4,1,5,80.0,3346.822885353073
2025-12-17,4,1,5,80.0,3288.1229781879115
2025-12-18,4,1,5,80.0,3352.0878442412845
2025-12-19,4,1,5,80.0,3363.053797758289
2025-12-22,4,1,5,80.0,3421.4129395341006
2025-12-23,4,1,5,80.0,3453.970389216606
2025-12-24,4,1,5,80.0,3518.043089948201
2025-12-26,4,1,5,80.0,3633.987447729028
2025-12-29,4,1,5,80.0,3735.4394875883218
2025-12-30,4,1,5,80.0,3801.9563159538657
2025-12-31,4,1,5,80.0,3748.1447186428395
2026-01-01,4,1,5,80.0,3804.289775135121
2026-01-02,4,1,5,80.0,3871.305877722758
2026-01-05,4,1,5,80.0,3950.361796808592
2026-01-06,4,1,5,80.0,4010.4885519932977
2026-01-07,4,1,5,80.0,4037.461470205394
2026-01-08,4,1,5,80.0,3825.2498531966075
2026-01-09,4,1,5,80.0,3725.969292375934
2026-01-12,4,1,5,80.0,3830.90752816193
2026-01-13,4,1,5,80.0,3792.035529578647
2026-01-14,4,1,5,80.0,3865.559281714003
2026-01-16,4,1,5,80.0,3865.559281714003
2026-01-19,4,1,5,80.0,3847.2380477748957
2026-01-20,4,1,5,80.0,3740.2435983216506
2026-01-21,4,1,5,80.0,3813.393319523488
2026-01-22,4,1,5,80.0,3811.3158881599297
2026-01-23,4,1,5,80.0,3697.0990951749927
2026-01-27,4,1,5,80.0,3852.393989374538
2026-01-28,4,1,5,80.0,4109.550885830044
2026-01-29,4,1,5,80.0,4356.237807786902
2026-01-30,4,1,5,80.0,4158.064987862084
2026-02-01,4,1,5,80.0,3880.686834234852
2026-02-02,4,1,5,80.0,3978.804624528967
2026-02-03,4,1,5,80.0,4147.335527894439
2026-02-04,4,1,5,80.0,4185.9544498486775
2026-02-05,4,1,5,80.0,4099.253074190102
2026-02-06,4,1,5,80.0,4040.0176204415848
2026-02-09,4,1,5,80.0,4163.847924383434
2026-02-10,4,1,5,80.0,4145.06643596796
2026-02-11,4,1,5,80.0,4159.94156393364
2026-02-12,4,1,5,80.0,4204.181748703385
2026-02-13,4,1,5,80.0,4017.5607004663325
2026-02-16,4,1,5,80.0,4129.582526054048
2026-02-17,4,1,5,80.0,4034.4302244147902
2026-02-18,4,1,5,80.0,4092.4103754565663
2026-02-19,4,1,5,80.0,4098.304842444974
2026-02-20,4,1,5,80.0,4098.23363484989
2026-02-23,4,1,5,80.0,4099.348720976171
2026-02-24,4,1,5,80.0,4081.248425422454
2026-02-25,4,1,5,80.0,4167.658589174814
2026-02-26,4,1,5,80.0,4169.946595308629
2026-02-27,4,1,5,80.0,4117.402884345431
2026-03-02,4,1,5,80.0,4241.101097993342
2026-03-04,4,1,5,80.0,4149.548348566048
2026-03-05,4,1,5,80.0,4227.225823751501
2026-03-06,4,1,5,80.0,4204.669073505634
2026-03-09,4,1,5,80.0,4124.01790032359
2026-03-10,4,1,5,80.0,4244.940271126587
2026-03-11,4,1,5,80.0,4181.6123940369
2026-03-12,4,1,5,80.0,4103.985673219853
2026-03-13,4,1,5,80.0,3826.607683265346
2026-03-16,4,1,5,80.0,3820.515658201156
2026-03-17,4,1,5,80.0,3886.488117264417
2026-03-18,4,1,5,80.0,3952.876307834975
2026-03-19,4,1,5,80.0,3813.2165217349716
2026-03-20,4,1,5,80.0,3831.2729227924037
2026-03-23,4,1,5,80.0,3623.0499915605046
2026-03-24,4,1,5,80.0,3743.916767708571
2026-03-25,4,1,5,80.0,3835.161896126337
2026-03-27,4,1,5,80.0,3776.342750382652
2026-03-30,4,1,5,80.0,3651.501467449824
2026-04-01,4,1,5,80.0,3882.1344605478907
2026-04-02,4,1,5,80.0,3872.878605032303
2026-04-06,4,1,5,80.0,3921.866545480956
2026-04-07,4,1,5,80.0,3937.2852075146448
2026-04-08,4,1,5,80.0,4105.192260651878
2026-04-09,4,1,5,80.0,4305.692902562903
2026-04-10,4,1,5,80.0,4358.849126950074
2026-04-13,4,1,5,80.0,4377.485478360801
2026-04-15,4,1,5,80.0,4496.800753499321
2026-04-16,4,1,5,80.0,4683.850278398331
2026-04-17,4,1,5,80.0,4756.591704363201
2026-04-20,4,1,5,80.0,4700.645348499664
2026-04-21,4,1,5,80.0,4753.260988757968
2026-04-22,5,0,5,100.0,4796.890543182285
2026-04-23,5,0,5,100.0,4818.940127109033
2026-04-24,5,0,5,100.0,4815.522615773265
2026-04-27,5,0,5,100.0,5043.787652676346
2026-04-28,5,0,5,100.0,5226.009806961141
2026-04-29,5,0,5,100.0,5200.707658734979
2026-04-30,5,0,5,100.0,5137.350411024846
2026-05-04,5,0,5,100.0,5251.658534023884
2026-05-05,5,0,5,100.0,5222.120474742001
2026-05-06,5,0,5,100.0,5244.887903205473
2026-05-07,5,0,5,100.0,5360.516899350335
2026-05-08,5,0,5,100.0,5411.424436698542
2026-05-11,5,0,5,100.0,5345.773582004275
2026-05-12,5,0,5,100.0,5305.140787422431
2026-05-13,5,0,5,100.0,5488.450850173091
2026-05-14,5,0,5,100.0,5572.378640918923
2026-05-15,5,0,5,100.0,5433.008807907391
2026-05-18,5,0,5,100.0,5368.219572271175
2026-05-19,5,0,5,100.0,5325.681124756997
2026-05-20,5,0,5,100.0,5387.30300611414
2026-05-21,5,0,5,100.0,5346.885235528191
2026-05-22,5,0,5,100.0,5385.140387523921
2026-05-25,5,0,5,100.0,5513.042236758356
2026-05-26,5,0,5,100.0,5629.370361790636
2026-05-27,5,0,5,100.0,5641.919411830611
2026-05-29,5,0,5,100.0,5566.309594585724
2026-06-01,5,0,5,100.0,5669.382426652987
2026-06-02,5,0,5,100.0,5747.637927214966
2026-06-03,5,0,5,100.0,5801.6487097583495
2026-06-04,5,0,5,100.0,5727.466416422564
2026-06-05,5,0,5,100.0,5595.848721802864
2026-06-08,5,0,5,100.0,5386.8217774163095
2026-06-09,5,0,5,100.0,5528.491286353918
2026-06-10,5,0,5,100.0,5433.4658982601395
2026-06-11,5,0,5,100.0,5333.561602143473
2026-06-12,5,0,5,100.0,5389.499705123192
2026-06-15,5,0,5,100.0,5488.925168616509
2026-06-22,5,0,5,100.0,5846.9330417786705
2026-06-23,5,0,5,100.0,5707.381990357557
2026-06-24,5,0,5,100.0,5739.656848965629
2026-06-25,5,0,5,100.0,5678.818150477324
2026-06-29,5,0,5,100.0,5678.665393698833
2026-06-30,5,0,5,100.0,5767.140502486785
2026-07-01,5,0,5,100.0,5706.202664426796
2026-07-02,5,0,5,100.0,5693.2289223464795
2026-07-03,5,0,5,100.0,5653.825570328701
2026-07-06,5,0,5,100.0,5685.052741319407
2026-07-07,5,0,5,100.0,5613.323382092257
2026-07-08,5,0,5,100.0,5526.636856175336
2026-07-09,5,0,5,100.0,5570.673001028456
2026-07-10,5,0,5,100.0,5653.0918064774805
2026-07-13,5,0,5,100.0,5639.121280517243
2026-07-14,5,0,5,100.0,5585.583947314834
2026-07-15,5,0,5,100.0,5584.450863652082
2026-07-16,5,0,5,100.0,5614.140602605052
2026-07-17,5,0,5,100.0,5581.635102347109
2026-07-20,5,0,5,100.0,5543.472767306304
2026-07-21,5,0,5,100.0,5543.356940959583
2026-07-22,5,0,5,100.0,5578.095636456997
2026-07-23,5,0,5,100.0,5584.423813453405
2026-07-24,5,0,5,100.0,5590.320472627368
2026-07-27,5,0,5,100.0,5642.602940421651
2026-07-28,4,1,5,80.0,5523.499707535811
2026-07-29,5,0,5,100.0,5511.9348003398345
2026-07-30,4,1,5,80.0,5451.201667385833
2026-07-31,5,0,5,100.0,5562.04651355628
2026-08-03,5,0,5,100.0,5655.142390919335
2026-08-04,5,0,5,100.0,5656.849442196301
2026-08-05,5,0,5,100.0,5867.936459765713
2026-08-06,5,0,5,100.0,5892.628127626026
2026-08-07,5,0,5,100.0,5926.345889064148
2026-08-10,5,0,5,100.0,5912.459468889066
2026-08-11,5,0,5,100.0,5882.478441179563
2026-08-12,5,0,5,100.0,5944.446329909902
2026-08-13,5,0,5,100.0,5996.762080702909
2026-08-14,5,0,5,100.0,5925.922767429991
2026-08-17,5,0,5,100.0,6093.884392842461
2026-08-18,5,0,5,100.0,6129.200321957992
2026-08-19,5,0,5,100.0,5962.957110327922
2026-08-20,5,0,5,100.0,5987.27262021496
2026-08-21,5,0,5,100.0,6060.313960692355
2026-08-24,5,0,5,100.0,6049.576295490539
2026-08-25,5,0,5,100.0,5932.194789639118
2026-08-26,5,0,5,100.0,6050.838692626045
2026-08-27,5,0,5,100.0,5964.41666408409
2026-08-28,5,0,5,100.0,6237.660629501408
2026-08-31,5,0,5,100.0,6045.710693563857
2026-09-01,5,0,5,100.0,6014.860501230821
2026-09-02,5,0,5,100.0,5974.902613716662
2026-09-03,5,0,5,100.0,5963.356314314038
2026-09-04,5,0,5,100.0,5940.62006249684
