Date,Above,Below,Total,Percentage,Index_Close
2014-08-07,12,0,13,100.0,162.60172496635127
2014-08-08,12,0,13,100.0,160.43871197689526
2014-08-11,12,0,13,100.0,163.53200929562186
2014-08-12,12,0,13,100.0,166.13339657053788
2014-08-13,12,0,13,100.0,169.03785106440728
2014-08-14,13,0,13,100.0,169.27408742766434
2014-08-18,13,0,13,100.0,171.20087087252676
2014-08-19,13,0,13,100.0,174.35798324332958
2014-08-20,13,0,13,100.0,174.18307467633292
2014-08-21,13,0,13,100.0,175.3902472338093
2014-08-22,13,0,13,100.0,175.10723699565415
2014-08-25,13,0,13,100.0,174.36425863343018
2014-08-26,13,0,13,100.0,174.66931443477765
2014-08-27,13,0,13,100.0,177.2525174667524
2014-08-28,13,0,13,100.0,176.89777975819212
2014-09-01,13,0,13,100.0,180.95450887264613
2014-09-02,13,0,13,100.0,182.16798260936278
2014-09-03,13,0,13,100.0,183.85259910636657
2014-09-04,13,0,13,100.0,185.1310532951378
2014-09-05,13,0,13,100.0,186.88623570724337
2014-09-08,13,0,13,100.0,188.37076883827496
2014-09-09,13,0,13,100.0,189.788104741734
2014-09-10,13,0,13,100.0,189.68964258022166
2014-09-11,13,0,13,100.0,193.24305343975004
2014-09-12,13,0,13,100.0,194.2856523902814
2014-09-15,13,0,13,100.0,197.46825146583154
2014-09-16,13,0,13,100.0,191.6469667472136
2014-09-17,13,0,13,100.0,192.28641376656748
2014-09-18,13,0,13,100.0,197.87674946350907
2014-09-19,13,0,13,100.0,195.29861434594295
2014-09-22,13,0,13,100.0,196.84189753719028
2014-09-23,13,0,13,100.0,194.0743805809126
2014-09-24,13,0,13,100.0,192.306559136699
2014-09-25,13,0,13,100.0,190.11746403328056
2014-09-26,13,0,13,100.0,192.235473760346
2014-09-29,13,0,13,100.0,192.8812654581403
2014-09-30,13,0,13,100.0,193.74682949881208
2014-10-01,13,0,13,100.0,194.4943444909804
2014-10-07,13,0,13,100.0,192.29234505682
2014-10-08,13,0,13,100.0,193.354544916985
2014-10-09,13,0,13,100.0,195.02051212709216
2014-10-10,13,0,13,100.0,190.15997767336964
2014-10-13,13,0,13,100.0,191.08621147866037
2014-10-14,13,0,13,100.0,190.67156071752197
2014-10-16,13,0,13,100.0,186.36428975383532
2014-10-17,13,0,13,100.0,188.60561477204604
2014-10-20,13,0,13,100.0,192.42562909361592
2014-10-21,13,0,13,100.0,193.70234653842317
2014-10-22,13,0,13,100.0,196.96512591261063
2014-10-23,13,0,13,100.0,198.64347773638193
2014-10-27,13,0,13,100.0,198.55089001958027
2014-10-28,13,0,13,100.0,198.40733473816223
2014-10-29,13,0,13,100.0,200.71098273790673
2014-10-30,13,0,13,100.0,202.75908727220235
2014-10-31,13,0,13,100.0,204.36072543821103
2014-11-03,13,0,13,100.0,204.51736430039102
2014-11-05,13,0,13,100.0,204.56498972925328
2014-11-07,13,0,13,100.0,203.29926266037813
2014-11-10,13,0,13,100.0,204.2713493555559
2014-11-11,13,0,13,100.0,206.71471153919012
2014-11-12,13,0,13,100.0,212.04492881196262
2014-11-13,13,0,13,100.0,211.80778632354466
2014-11-14,13,0,13,100.0,212.79005073570315
2014-11-17,13,0,13,100.0,213.70066652591672
2014-11-18,13,0,13,100.0,215.48662488330032
2014-11-19,13,0,13,100.0,214.65136542230337
2014-11-20,13,0,13,100.0,213.96368717826294
2014-11-21,13,0,13,100.0,213.78597246971162
2014-11-24,13,0,13,100.0,214.163622737556
2014-11-25,13,0,13,100.0,209.57169355056035
2014-11-26,13,0,13,100.0,211.31980789487238
2014-11-27,13,0,13,100.0,214.23307564417158
2014-11-28,13,0,13,100.0,217.1995932280688
2014-12-01,13,0,13,100.0,218.1864748107452
2014-12-02,13,0,13,100.0,218.06809572242196
2014-12-03,13,0,13,100.0,223.02269860780063
2014-12-04,13,0,13,100.0,222.99876815490848
2014-12-05,13,0,13,100.0,221.8344695857129
2014-12-08,13,0,13,100.0,218.78685102236045
2014-12-09,13,0,13,100.0,216.18653109269778
2014-12-10,13,0,13,100.0,217.53405814725198
2014-12-11,13,0,13,100.0,214.88752248501984
2014-12-12,13,0,13,100.0,213.42218718433924
2014-12-15,13,0,13,100.0,213.60130455337503
2014-12-16,13,0,13,100.0,208.79948754759715
2014-12-17,13,0,13,100.0,205.58916139053184
2014-12-18,13,0,13,100.0,212.7350766388791
2014-12-19,13,0,13,100.0,212.15044750169358
2014-12-22,13,0,13,100.0,213.73299705867893
2014-12-23,13,0,13,100.0,212.38745236735284
2014-12-24,13,0,13,100.0,212.22645947884092
2014-12-26,13,0,13,100.0,213.79002777977152
2014-12-29,13,0,13,100.0,217.84603654850594
2014-12-30,13,0,13,100.0,218.0062578994212
2014-12-31,13,0,13,100.0,218.21945873372135
2015-01-01,13,0,13,100.0,220.55630087557864
2015-01-02,13,0,13,100.0,220.35824736437678
2015-01-05,13,0,13,100.0,222.93725881619562
2015-01-06,13,0,13,100.0,217.40286473266286
2015-01-07,13,0,13,100.0,219.37948991346383
2015-01-08,13,0,13,100.0,223.86986777112094
2015-01-09,13,0,13,100.0,222.94962982225687
2015-01-12,13,0,13,100.0,226.22688502904134
2015-01-13,13,0,13,100.0,226.2397899282659
2015-01-14,13,0,13,100.0,226.94558460519337
2015-01-15,13,0,13,100.0,230.8916561816071
2015-01-16,13,0,13,100.0,231.94118781501416
2015-01-19,13,0,13,100.0,231.84005734898952
2015-01-20,13,0,13,100.0,231.84552300079204
2015-01-21,13,0,13,100.0,233.29058212661528
2015-01-22,13,0,13,100.0,235.2341501713151
2015-01-23,13,0,13,100.0,237.38555037269916
2015-01-27,13,0,13,100.0,240.49330341144187
2015-01-28,13,0,13,100.0,240.39747972177145
2015-01-29,13,0,13,100.0,239.69679819176827
2015-01-30,13,0,13,100.0,237.2725535735002
2015-02-02,13,0,13,100.0,238.1428290809118
2015-02-03,11,2,13,84.61538461538461,236.5136093269762
2015-02-04,11,2,13,84.61538461538461,234.0555652566405
2015-02-05,11,2,13,84.61538461538461,232.43521437348105
2015-02-06,11,2,13,84.61538461538461,227.26691494033
2015-02-09,11,2,13,84.61538461538461,223.15532722877583
2015-02-10,11,2,13,84.61538461538461,226.15695505498908
2015-02-11,12,1,13,92.3076923076923,232.3638504817354
2015-02-12,11,2,13,84.61538461538461,236.9891166622976
2015-02-13,11,2,13,84.61538461538461,238.78205901490014
2015-02-16,11,2,13,84.61538461538461,237.74125127539514
2015-02-18,10,3,13,76.92307692307693,241.2667219057209
2015-02-19,11,2,13,84.61538461538461,241.08254718393255
2015-02-20,11,2,13,84.61538461538461,241.15144820131542
2015-02-23,11,2,13,84.61538461538461,238.5704007360791
2015-02-24,11,2,13,84.61538461538461,237.37768801183248
2015-02-25,11,2,13,84.61538461538461,236.8244066639003
2015-02-26,11,2,13,84.61538461538461,232.9483310773224
2015-02-27,11,2,13,84.61538461538461,238.3621648043732
2015-02-28,11,2,13,84.61538461538461,239.26777698511415
2015-03-02,11,2,13,84.61538461538461,240.37435911882446
2015-03-03,10,3,13,76.92307692307693,241.20079101671146
2015-03-04,10,3,13,76.92307692307693,238.78958376102256
2015-03-05,10,3,13,76.92307692307693,241.2719110103915
2015-03-09,10,3,13,76.92307692307693,238.22080113671817
2015-03-10,10,3,13,76.92307692307693,240.5630210238818
2015-03-11,11,2,13,84.61538461538461,241.18666934350057
2015-03-12,10,3,13,76.92307692307693,243.92198818006906
2015-03-13,10,3,13,76.92307692307693,239.7446177102787
2015-03-16,10,3,13,76.92307692307693,238.82890143879177
2015-03-17,10,3,13,76.92307692307693,240.9668141694702
2015-03-18,10,3,13,76.92307692307693,239.868559357729
2015-03-19,10,3,13,76.92307692307693,239.6092664582334
2015-03-20,10,3,13,76.92307692307693,235.7569087419626
2015-03-23,10,3,13,76.92307692307693,235.27958277471862
2015-03-24,10,3,13,76.92307692307693,232.71176490821864
2015-03-25,10,3,13,76.92307692307693,231.82539101824395
2015-03-26,10,3,13,76.92307692307693,229.5010018039887
2015-03-27,10,3,13,76.92307692307693,230.4035936709093
2015-03-30,10,3,13,76.92307692307693,235.57519802515873
2015-03-31,10,3,13,76.92307692307693,236.5790255658007
2015-04-01,10,3,13,76.92307692307693,237.07050931988087
2015-04-06,10,3,13,76.92307692307693,237.08926582021354
2015-04-07,11,2,13,84.61538461538461,238.14503323998017
2015-04-08,11,2,13,84.61538461538461,239.98265973780545
2015-04-09,11,2,13,84.61538461538461,240.5839653234435
2015-04-10,11,2,13,84.61538461538461,242.04238795255444
2015-04-13,10,3,13,76.92307692307693,241.26116668203227
2015-04-15,10,3,13,76.92307692307693,238.74269723684583
2015-04-16,10,3,13,76.92307692307693,236.60561725191832
2015-04-17,10,3,13,76.92307692307693,233.09705417175465
2015-04-20,9,4,13,69.23076923076923,227.60701113137185
2015-04-21,10,3,13,76.92307692307693,225.14114773011045
2015-04-22,10,3,13,76.92307692307693,224.80959451131218
2015-04-23,8,5,13,61.53846153846154,223.94916197321427
2015-04-24,8,5,13,61.53846153846154,221.1418119161988
2015-04-27,7,6,13,53.84615384615385,217.78150570582636
2015-04-28,9,4,13,69.23076923076923,222.90405178153554
2015-04-29,8,5,13,61.53846153846154,224.76404152037267
2015-04-30,7,6,13,53.84615384615385,223.9690742652653
2015-05-04,8,5,13,61.53846153846154,227.4244369733143
2015-05-05,8,5,13,61.53846153846154,226.9996770191744
2015-05-06,7,6,13,53.84615384615385,219.3305580708957
2015-05-07,6,7,13,46.15384615384615,215.0548540576125
2015-05-08,6,7,13,46.15384615384615,220.53955238592425
2015-05-11,8,5,13,61.53846153846154,228.55060284350753
2015-05-12,6,7,13,46.15384615384615,224.14018885927698
2015-05-13,6,7,13,46.15384615384615,226.87409246097582
2015-05-14,6,7,13,46.15384615384615,229.9686043610123
2015-05-15,7,6,13,53.84615384615385,231.89456080432595
2015-05-18,8,5,13,61.53846153846154,233.1704669947925
2015-05-19,7,6,13,53.84615384615385,231.75054755083147
2015-05-20,7,6,13,53.84615384615385,230.4026791701203
2015-05-21,8,5,13,61.53846153846154,232.7000639967825
2015-05-22,8,5,13,61.53846153846154,233.1540287756703
2015-05-25,8,5,13,61.53846153846154,233.76784746917826
2015-05-26,8,5,13,61.53846153846154,233.8413824121493
2015-05-27,8,5,13,61.53846153846154,230.71200390460208
2015-05-28,8,5,13,61.53846153846154,230.00485824223412
2015-05-29,8,5,13,61.53846153846154,234.0685374120796
2015-06-01,7,6,13,53.84615384615385,233.3867725349526
2015-06-02,6,7,13,46.15384615384615,227.96406914408703
2015-06-03,6,7,13,46.15384615384615,223.89328283046615
2015-06-04,6,7,13,46.15384615384615,223.5856142203474
2015-06-05,6,7,13,46.15384615384615,222.61346843600342
2015-06-08,6,7,13,46.15384615384615,219.4885547720629
2015-06-09,6,7,13,46.15384615384615,217.38410490187542
2015-06-10,6,7,13,46.15384615384615,222.04505162907395
2015-06-11,6,7,13,46.15384615384615,218.0658926923267
2015-06-12,5,8,13,38.46153846153847,217.4225722922745
2015-06-15,6,7,13,46.15384615384615,219.39758978135956
2015-06-16,6,7,13,46.15384615384615,221.63420164825047
2015-06-17,7,6,13,53.84615384615385,224.4582443722868
2015-06-18,7,6,13,53.84615384615385,226.75789210026664
2015-06-19,8,5,13,61.53846153846154,228.65583044142875
2015-06-22,8,5,13,61.53846153846154,231.31992750755487
2015-06-23,8,5,13,61.53846153846154,231.770495194518
2015-06-24,8,5,13,61.53846153846154,230.29927082438647
2015-06-25,8,5,13,61.53846153846154,231.86161557669084
2015-06-26,8,5,13,61.53846153846154,233.44662157685468
2015-06-29,8,5,13,61.53846153846154,229.95208779216253
2015-06-30,8,5,13,61.53846153846154,231.34212054156214
2015-07-01,8,5,13,61.53846153846154,234.80034617060386
2015-07-02,9,4,13,69.23076923076923,238.041165076517
2015-07-03,9,4,13,69.23076923076923,236.4431897061467
2015-07-06,9,4,13,69.23076923076923,237.62065074223142
2015-07-07,9,4,13,69.23076923076923,237.03325472549085
2015-07-08,8,5,13,61.53846153846154,233.22461051702535
2015-07-09,9,4,13,69.23076923076923,233.5333886964999
2015-07-10,8,5,13,61.53846153846154,232.90614306777772
2015-07-13,9,4,13,69.23076923076923,238.0396056337021
2015-07-14,9,4,13,69.23076923076923,236.87728911259686
2015-07-15,9,4,13,69.23076923076923,238.2227070736206
2015-07-16,9,4,13,69.23076923076923,239.851043428823
2015-07-17,9,4,13,69.23076923076923,240.79450066418565
2015-07-20,9,4,13,69.23076923076923,241.61511898598746
2015-07-21,9,4,13,69.23076923076923,240.11380875461862
2015-07-22,9,4,13,69.23076923076923,243.2176989040638
2015-07-23,8,5,13,61.53846153846154,237.21379188415915
2015-07-24,8,5,13,61.53846153846154,233.8232825755222
2015-07-27,7,6,13,53.84615384615385,229.3078494931592
2015-07-28,7,6,13,53.84615384615385,227.53202137631874
2015-07-29,7,6,13,53.84615384615385,230.47599407625486
2015-07-30,7,6,13,53.84615384615385,230.65336216646816
2015-07-31,7,6,13,53.84615384615385,234.23930958074436
2015-08-03,8,5,13,61.53846153846154,236.16786053718891
2015-08-04,8,5,13,61.53846153846154,241.24274030854608
2015-08-05,8,5,13,61.53846153846154,245.3565727756726
2015-08-06,8,5,13,61.53846153846154,244.2563761577095
2015-08-07,8,5,13,61.53846153846154,243.42179989416235
2015-08-10,8,5,13,61.53846153846154,242.77454298260764
2015-08-11,8,5,13,61.53846153846154,240.04353603878545
2015-08-12,8,5,13,61.53846153846154,235.6342593099394
2015-08-13,8,5,13,61.53846153846154,235.45093066465475
2015-08-14,9,4,13,69.23076923076923,241.5082261970737
2015-08-17,8,5,13,61.53846153846154,241.59506123686597
2015-08-18,8,5,13,61.53846153846154,243.3234954431049
2015-08-19,8,5,13,61.53846153846154,243.91792734147398
2015-08-20,8,5,13,61.53846153846154,240.46330207666858
2015-08-21,7,6,13,53.84615384615385,234.7274062882105
2015-08-24,3,10,13,23.076923076923077,217.24482814086196
2015-08-25,6,7,13,46.15384615384615,221.39034377538397
2015-08-26,4,9,13,30.76923076923077,220.62237571715025
2015-08-27,5,8,13,38.46153846153847,224.64183044437078
2015-08-28,5,8,13,38.46153846153847,225.77080560401038
2015-08-31,5,8,13,38.46153846153847,223.80530154964916
2015-09-01,4,9,13,30.76923076923077,218.02032778741642
2015-09-02,3,10,13,23.076923076923077,215.9389081104961
2015-09-03,3,10,13,23.076923076923077,218.49597304939974
2015-09-04,3,10,13,23.076923076923077,213.87114046963535
2015-09-07,3,10,13,23.076923076923077,209.36932295720845
2015-09-08,3,10,13,23.076923076923077,211.69193366051644
2015-09-09,3,10,13,23.076923076923077,217.64028483605554
2015-09-10,4,9,13,30.76923076923077,218.3668923005557
2015-09-11,4,9,13,30.76923076923077,219.0356482585763
2015-09-14,4,9,13,30.76923076923077,219.52178328205937
2015-09-15,4,9,13,30.76923076923077,216.35254232222132
2015-09-16,4,9,13,30.76923076923077,216.09371724298913
2015-09-18,4,9,13,30.76923076923077,217.2331055334432
2015-09-21,4,9,13,30.76923076923077,217.009702397052
2015-09-22,3,10,13,23.076923076923077,213.40025380264538
2015-09-23,3,10,13,23.076923076923077,213.84196993342303
2015-09-24,4,9,13,30.76923076923077,214.7549572415772
2015-09-28,3,10,13,23.076923076923077,211.2143162259795
2015-09-29,4,9,13,30.76923076923077,210.5690454898793
2015-09-30,5,8,13,38.46153846153847,212.9279466324084
2015-10-01,5,8,13,38.46153846153847,212.75686491375026
2015-10-05,5,8,13,38.46153846153847,217.1454106487462
2015-10-06,5,8,13,38.46153846153847,217.50755714072673
2015-10-07,5,8,13,38.46153846153847,221.3457748268651
2015-10-08,5,8,13,38.46153846153847,219.98613018202698
2015-10-09,5,8,13,38.46153846153847,220.23854016493627
2015-10-12,5,8,13,38.46153846153847,221.1061643994486
2015-10-13,5,8,13,38.46153846153847,221.33884820826336
2015-10-14,5,8,13,38.46153846153847,219.65711644485873
2015-10-15,5,8,13,38.46153846153847,222.45605338711684
2015-10-16,5,8,13,38.46153846153847,224.00322548111617
2015-10-19,6,7,13,46.15384615384615,224.20735002845308
2015-10-20,6,7,13,46.15384615384615,225.30940978424368
2015-10-21,7,6,13,53.84615384615385,226.63558150002174
2015-10-23,6,7,13,46.15384615384615,224.43351670644097
2015-10-26,6,7,13,46.15384615384615,224.3004769470538
2015-10-27,7,6,13,53.84615384615385,227.08284901955236
2015-10-28,5,8,13,38.46153846153847,224.38633983319195
2015-10-29,5,8,13,38.46153846153847,223.57127568288627
2015-10-30,6,7,13,46.15384615384615,222.20717234687618
2015-11-02,6,7,13,46.15384615384615,223.98115454471957
2015-11-03,7,6,13,53.84615384615385,225.1596293829644
2015-11-04,8,5,13,61.53846153846154,229.99103018335757
2015-11-05,7,6,13,53.84615384615385,228.19552859402626
2015-11-06,7,6,13,53.84615384615385,229.2858490967013
2015-11-09,7,6,13,53.84615384615385,231.38672716559213
2015-11-10,7,6,13,53.84615384615385,230.76459460591877
2015-11-11,7,6,13,53.84615384615385,232.62479822967984
2015-11-13,7,6,13,53.84615384615385,230.46476390733858
2015-11-16,7,6,13,53.84615384615385,231.0552642141338
2015-11-17,7,6,13,53.84615384615385,231.91238747793213
2015-11-18,7,6,13,53.84615384615385,230.05090773158875
2015-11-19,7,6,13,53.84615384615385,233.69772316955002
2015-11-20,7,6,13,53.84615384615385,236.1474128005518
2015-11-23,7,6,13,53.84615384615385,239.27129938379625
2015-11-24,7,6,13,53.84615384615385,237.38762851769386
2015-11-26,7,6,13,53.84615384615385,240.5243753988715
2015-11-27,7,6,13,53.84615384615385,240.8145181884486
2015-11-30,7,6,13,53.84615384615385,240.4515462500207
2015-12-01,7,6,13,53.84615384615385,239.1426792186247
2015-12-02,7,6,13,53.84615384615385,237.930100507039
2015-12-03,7,6,13,53.84615384615385,236.3606771515478
2015-12-04,7,6,13,53.84615384615385,233.5482063554529
2015-12-07,7,6,13,53.84615384615385,232.75182972454868
2015-12-08,7,6,13,53.84615384615385,231.57001136364292
2015-12-09,7,6,13,53.84615384615385,226.48163653362863
2015-12-10,7,6,13,53.84615384615385,229.52452209851532
2015-12-11,6,7,13,46.15384615384615,225.44820420998852
2015-12-14,6,7,13,46.15384615384615,226.7069104009099
2015-12-15,7,6,13,53.84615384615385,231.45901823149532
2015-12-16,6,7,13,46.15384615384615,231.3183839866376
2015-12-17,6,7,13,46.15384615384615,234.13726811076754
2015-12-18,6,7,13,46.15384615384615,232.57710103208757
2015-12-21,7,6,13,53.84615384615385,234.17145400114174
2015-12-22,7,6,13,53.84615384615385,233.79555632078183
2015-12-23,7,6,13,53.84615384615385,233.89083909533116
2015-12-24,7,6,13,53.84615384615385,234.4241781065228
2015-12-28,6,7,13,46.15384615384615,237.18171995874786
2015-12-29,7,6,13,53.84615384615385,238.6349180887625
2015-12-30,7,6,13,53.84615384615385,238.42175025120343
2015-12-31,7,6,13,53.84615384615385,238.31668670517155
2016-01-01,7,6,13,53.84615384615385,239.83265371505863
2016-01-04,6,7,13,46.15384615384615,237.1157745077125
2016-01-05,6,7,13,46.15384615384615,236.33228032639616
2016-01-06,6,7,13,46.15384615384615,234.54017250034386
2016-01-07,5,8,13,38.46153846153847,226.3939016610558
2016-01-08,5,8,13,38.46153846153847,227.75067402166195
2016-01-11,5,8,13,38.46153846153847,227.74838950727573
2016-01-12,5,8,13,38.46153846153847,226.29021468825056
2016-01-13,5,8,13,38.46153846153847,226.5218771024951
2016-01-14,5,8,13,38.46153846153847,223.48228812933107
2016-01-15,4,9,13,30.76923076923077,218.84681713433056
2016-01-18,4,9,13,30.76923076923077,213.47628911609618
2016-01-19,4,9,13,30.76923076923077,217.39341977418957
2016-01-20,3,10,13,23.076923076923077,213.98371798875849
2016-01-21,3,10,13,23.076923076923077,211.15204820371093
2016-01-22,4,9,13,30.76923076923077,218.6812141687986
2016-01-25,3,10,13,23.076923076923077,218.89687038436762
2016-01-27,3,10,13,23.076923076923077,218.78199312442038
2016-01-28,3,10,13,23.076923076923077,216.95604552922546
2016-01-29,4,9,13,30.76923076923077,221.641204803852
2016-02-01,3,10,13,23.076923076923077,222.39892056031672
2016-02-02,4,9,13,30.76923076923077,220.08300391977596
2016-02-03,3,10,13,23.076923076923077,217.105722257872
2016-02-04,3,10,13,23.076923076923077,218.51589427539025
2016-02-05,6,7,13,46.15384615384615,221.58975639959726
2016-02-08,5,8,13,38.46153846153847,220.9844279585043
2016-02-09,6,7,13,46.15384615384615,217.41802301187457
2016-02-10,4,9,13,30.76923076923077,215.00977557191888
2016-02-11,2,11,13,15.384615384615385,207.69885491211312
2016-02-12,3,10,13,23.076923076923077,209.24221928689133
2016-02-15,4,9,13,30.76923076923077,218.4960174189913
2016-02-16,4,9,13,30.76923076923077,213.32869293232147
2016-02-17,4,9,13,30.76923076923077,214.61873259172884
2016-02-18,6,7,13,46.15384615384615,216.53649919912422
2016-02-19,6,7,13,46.15384615384615,218.56564111641856
2016-02-22,6,7,13,46.15384615384615,219.6362163114283
2016-02-23,6,7,13,46.15384615384615,215.26740561143956
2016-02-24,5,8,13,38.46153846153847,212.69589568475297
2016-02-25,5,8,13,38.46153846153847,210.92334707548665
2016-02-26,4,9,13,30.76923076923077,211.84819973640768
2016-02-29,4,9,13,30.76923076923077,210.64909384092857
2016-03-01,6,7,13,46.15384615384615,219.36536995392598
2016-03-02,5,8,13,38.46153846153847,221.98448803558682
2016-03-03,5,8,13,38.46153846153847,225.79767313493213
2016-03-04,5,8,13,38.46153846153847,228.21845969293656
2016-03-08,5,8,13,38.46153846153847,227.22896036216457
2016-03-09,5,8,13,38.46153846153847,230.1441506498216
2016-03-10,5,8,13,38.46153846153847,229.27291221439958
2016-03-11,5,8,13,38.46153846153847,230.32706294549098
2016-03-14,5,8,13,38.46153846153847,231.86760959073024
2016-03-15,5,8,13,38.46153846153847,229.59156730952023
2016-03-16,5,8,13,38.46153846153847,229.15480269767858
2016-03-17,4,9,13,30.76923076923077,229.3033419567508
2016-03-18,5,8,13,38.46153846153847,232.69641209343993
2016-03-21,6,7,13,46.15384615384615,236.90394951788517
2016-03-22,7,6,13,53.84615384615385,241.16790106071417
2016-03-23,7,6,13,53.84615384615385,241.31159602790132
2016-03-28,7,6,13,53.84615384615385,238.86175175668077
2016-03-29,8,5,13,61.53846153846154,240.49430157349425
2016-03-30,8,5,13,61.53846153846154,244.54591070443033
2016-03-31,8,5,13,61.53846153846154,246.44953372798665
2016-04-01,7,6,13,53.84615384615385,245.3809666617101
2016-04-04,7,6,13,53.84615384615385,246.90783063832345
2016-04-05,7,6,13,53.84615384615385,240.64916436364626
2016-04-06,7,6,13,53.84615384615385,240.0986743524635
2016-04-07,7,6,13,53.84615384615385,237.41437580019905
2016-04-08,7,6,13,53.84615384615385,237.08459075102883
2016-04-11,7,6,13,53.84615384615385,241.77995110110496
2016-04-12,7,6,13,53.84615384615385,244.8367669666998
2016-04-13,8,5,13,61.53846153846154,250.68264131719394
2016-04-18,8,5,13,61.53846153846154,250.57974400935473
2016-04-20,8,5,13,61.53846153846154,250.47608708311944
2016-04-21,8,5,13,61.53846153846154,249.3460615741959
2016-04-22,9,4,13,69.23076923076923,251.4134683449901
2016-04-25,9,4,13,69.23076923076923,248.92506162970153
2016-04-26,10,3,13,76.92307692307693,252.40360776909577
2016-04-27,10,3,13,76.92307692307693,252.94021649678265
2016-04-28,9,4,13,69.23076923076923,248.52528696634678
2016-04-29,9,4,13,69.23076923076923,247.9347288424463
2016-05-02,9,4,13,69.23076923076923,248.27197345782054
2016-05-03,9,4,13,69.23076923076923,245.56914682705874
2016-05-04,8,5,13,61.53846153846154,241.7986214656024
2016-05-05,8,5,13,61.53846153846154,243.28945743056659
2016-05-06,9,4,13,69.23076923076923,244.9833811526036
2016-05-09,9,4,13,69.23076923076923,249.3715889747825
2016-05-10,9,4,13,69.23076923076923,248.0714314247741
2016-05-11,10,3,13,76.92307692307693,247.62662350470302
2016-05-12,10,3,13,76.92307692307693,249.4200859562234
2016-05-13,10,3,13,76.92307692307693,246.57629805305837
2016-05-16,10,3,13,76.92307692307693,248.15777690231343
2016-05-17,11,2,13,84.61538461538461,250.17570071236963
2016-05-18,11,2,13,84.61538461538461,247.7886404352783
2016-05-19,11,2,13,84.61538461538461,245.85294735127698
2016-05-20,10,3,13,76.92307692307693,245.85519391391867
2016-05-23,10,3,13,76.92307692307693,245.50767837881824
2016-05-24,10,3,13,76.92307692307693,245.37147244066207
2016-05-25,10,3,13,76.92307692307693,250.23110959124426
2016-05-26,11,2,13,84.61538461538461,253.56411570690852
2016-05-27,11,2,13,84.61538461538461,255.5930999907637
2016-05-30,11,2,13,84.61538461538461,257.3787809328917
2016-05-31,12,1,13,92.3076923076923,261.0645378970981
2016-06-01,12,1,13,92.3076923076923,259.882123621135
2016-06-02,12,1,13,92.3076923076923,261.07761946044303
2016-06-03,12,1,13,92.3076923076923,260.9688103731594
2016-06-06,12,1,13,92.3076923076923,260.96006763772687
2016-06-07,11,2,13,84.61538461538461,262.1141544316583
2016-06-08,12,1,13,92.3076923076923,263.08526830306727
2016-06-09,12,1,13,92.3076923076923,261.16597657019986
2016-06-10,11,2,13,84.61538461538461,258.7824164742284
2016-06-13,12,1,13,92.3076923076923,257.63710109358755
2016-06-14,11,2,13,84.61538461538461,258.21777292896206
2016-06-15,12,1,13,92.3076923076923,259.4638258393469
2016-06-16,11,2,13,84.61538461538461,257.904646517452
2016-06-17,11,2,13,84.61538461538461,258.55400775182545
2016-06-20,12,1,13,92.3076923076923,260.83405833619975
2016-06-21,12,1,13,92.3076923076923,262.85899913134483
2016-06-22,12,1,13,92.3076923076923,260.96519040836654
2016-06-23,12,1,13,92.3076923076923,262.298233663759
2016-06-24,11,2,13,84.61538461538461,258.20578178992724
2016-06-27,11,2,13,84.61538461538461,257.4490898853341
2016-06-28,11,2,13,84.61538461538461,258.7418172028808
2016-06-29,12,1,13,92.3076923076923,262.06751849660964
2016-06-30,12,1,13,92.3076923076923,265.74834578093987
2016-07-01,12,1,13,92.3076923076923,267.0566203986133
2016-07-04,12,1,13,92.3076923076923,267.44636795547154
2016-07-05,11,2,13,84.61538461538461,263.6412125245914
2016-07-07,11,2,13,84.61538461538461,262.5086867420476
2016-07-08,11,2,13,84.61538461538461,263.30898002681835
2016-07-11,11,2,13,84.61538461538461,266.74197055655753
2016-07-12,11,2,13,84.61538461538461,269.5793507474304
2016-07-13,11,2,13,84.61538461538461,269.1597817406582
2016-07-14,11,2,13,84.61538461538461,269.3077088476656
2016-07-15,11,2,13,84.61538461538461,271.5461935944807
2016-07-18,11,2,13,84.61538461538461,271.837644694611
2016-07-19,11,2,13,84.61538461538461,272.3607198362219
2016-07-20,11,2,13,84.61538461538461,273.8647609585346
2016-07-21,12,1,13,92.3076923076923,272.44223988968616
2016-07-22,12,1,13,92.3076923076923,274.09043015827723
2016-07-25,12,1,13,92.3076923076923,276.2111537484897
2016-07-26,11,2,13,84.61538461538461,272.44109985513643
2016-07-27,10,3,13,76.92307692307693,273.81312855751787
2016-07-28,11,2,13,84.61538461538461,276.2893526622861
2016-07-29,12,1,13,92.3076923076923,279.5458461802159
2016-08-01,11,2,13,84.61538461538461,279.8002826651316
2016-08-02,11,2,13,84.61538461538461,278.28853733549494
2016-08-03,11,2,13,84.61538461538461,274.1233879421543
2016-08-04,11,2,13,84.61538461538461,276.943624686435
2016-08-05,12,1,13,92.3076923076923,285.497823020508
2016-08-08,12,1,13,92.3076923076923,287.14597405710117
2016-08-09,12,1,13,92.3076923076923,286.2191611045372
2016-08-10,12,1,13,92.3076923076923,281.1849932434332
2016-08-11,12,1,13,92.3076923076923,278.6977693605503
2016-08-12,12,1,13,92.3076923076923,281.13626985768786
2016-08-16,12,1,13,92.3076923076923,280.1576854572511
2016-08-17,12,1,13,92.3076923076923,283.23920617796955
2016-08-18,12,1,13,92.3076923076923,284.0271348112902
2016-08-19,12,1,13,92.3076923076923,283.37808169899625
2016-08-22,12,1,13,92.3076923076923,283.2024614690327
2016-08-23,12,1,13,92.3076923076923,283.74125966880376
2016-08-24,12,1,13,92.3076923076923,283.86259402509415
2016-08-25,12,1,13,92.3076923076923,282.7120519016931
2016-08-26,12,1,13,92.3076923076923,282.619660290288
2016-08-29,12,1,13,92.3076923076923,285.95341378542184
2016-08-30,12,1,13,92.3076923076923,291.8576104720193
2016-08-31,12,1,13,92.3076923076923,291.55150318176493
2016-09-01,12,1,13,92.3076923076923,293.57166132828195
2016-09-02,12,1,13,92.3076923076923,295.8911466612888
2016-09-06,12,1,13,92.3076923076923,301.50851659669695
2016-09-07,12,1,13,92.3076923076923,305.0569724274963
2016-09-08,12,1,13,92.3076923076923,307.27220216861855
2016-09-09,12,1,13,92.3076923076923,302.48120852564887
2016-09-12,11,2,13,84.61538461538461,275.726738197415
2016-09-14,11,2,13,84.61538461538461,279.23319826916304
2016-09-15,11,2,13,84.61538461538461,278.3155200522278
2016-09-16,11,2,13,84.61538461538461,281.2801900748348
2016-09-19,11,2,13,84.61538461538461,282.3500508423015
2016-09-20,11,2,13,84.61538461538461,280.5584122999593
2016-09-21,11,2,13,84.61538461538461,281.0437956274915
2016-09-22,11,2,13,84.61538461538461,285.5236449599882
2016-09-23,11,2,13,84.61538461538461,284.0836799198991
2016-09-26,11,2,13,84.61538461538461,280.9536423719839
2016-09-27,11,2,13,84.61538461538461,279.5043532723748
2016-09-28,11,2,13,84.61538461538461,282.1624646581228
2016-09-29,11,2,13,84.61538461538461,274.1156482339187
2016-09-30,11,2,13,84.61538461538461,278.976705818202
2016-10-03,11,2,13,84.61538461538461,287.78461911873785
2016-10-04,11,2,13,84.61538461538461,287.8286773796153
2016-10-05,11,2,13,84.61538461538461,288.8698444139003
2016-10-06,11,2,13,84.61538461538461,288.44948224707025
2016-10-07,11,2,13,84.61538461538461,289.67308041782564
2016-10-10,11,2,13,84.61538461538461,289.8934021106529
2016-10-13,11,2,13,84.61538461538461,286.64552216033036
2016-10-14,11,2,13,84.61538461538461,288.1721392650232
2016-10-17,10,3,13,76.92307692307693,282.27064818160676
2016-10-18,11,2,13,84.61538461538461,287.0944902023312
2016-10-19,11,2,13,84.61538461538461,286.34416520535916
2016-10-20,11,2,13,84.61538461538461,287.1990974572856
2016-10-21,11,2,13,84.61538461538461,288.8035541359551
2016-10-24,11,2,13,84.61538461538461,290.09281826270444
2016-10-25,10,3,13,76.92307692307693,290.7933127089469
2016-10-26,10,3,13,76.92307692307693,289.4214993240194
2016-10-27,10,3,13,76.92307692307693,285.5135174509253
2016-10-28,10,3,13,76.92307692307693,289.2609511847021
2016-10-30,10,3,13,76.92307692307693,291.64472500639977
2016-11-01,11,2,13,84.61538461538461,292.35200095888814
2016-11-02,11,2,13,84.61538461538461,288.9519636878519
2016-11-03,11,2,13,84.61538461538461,287.60965476248555
2016-11-04,11,2,13,84.61538461538461,283.94431013673255
2016-11-07,11,2,13,84.61538461538461,286.5911161090574
2016-11-08,11,2,13,84.61538461538461,288.6397558637182
2016-11-09,11,2,13,84.61538461538461,282.0787601250071
2016-11-10,9,4,13,69.23076923076923,281.07354702135285
2016-11-11,8,5,13,61.53846153846154,267.6402686495118
2016-11-15,5,8,13,38.46153846153847,256.7001654819673
2016-11-16,7,6,13,53.84615384615385,258.8017584953846
2016-11-17,7,6,13,53.84615384615385,257.7418440642576
2016-11-18,7,6,13,53.84615384615385,259.3945943958063
2016-11-21,5,8,13,38.46153846153847,248.73583276832787
2016-11-22,5,8,13,38.46153846153847,252.35468560235944
2016-11-23,7,6,13,53.84615384615385,256.81853986725287
2016-11-24,7,6,13,53.84615384615385,255.45902523335138
2016-11-25,6,7,13,46.15384615384615,256.82774057845387
2016-11-28,8,5,13,61.53846153846154,258.13134733643636
2016-11-29,9,4,13,69.23076923076923,262.7619422243157
2016-11-30,9,4,13,69.23076923076923,266.02829337058415
2016-12-01,8,5,13,61.53846153846154,264.38159393910115
2016-12-02,8,5,13,61.53846153846154,260.51933273617885
2016-12-05,8,5,13,61.53846153846154,264.16889976694773
2016-12-06,8,5,13,61.53846153846154,263.7153906369008
2016-12-07,8,5,13,61.53846153846154,264.40612808963425
2016-12-08,9,4,13,69.23076923076923,271.3710139297174
2016-12-09,9,4,13,69.23076923076923,270.693047729825
2016-12-12,8,5,13,61.53846153846154,267.5019098339265
2016-12-13,9,4,13,69.23076923076923,269.69100638107125
2016-12-14,9,4,13,69.23076923076923,266.86467911799963
2016-12-15,9,4,13,69.23076923076923,267.7981555135657
2016-12-16,8,5,13,61.53846153846154,268.046941919411
2016-12-19,7,6,13,53.84615384615385,266.89503198956913
2016-12-20,7,6,13,53.84615384615385,263.3351999266757
2016-12-21,7,6,13,53.84615384615385,263.6555244827486
2016-12-22,7,6,13,53.84615384615385,260.99997903881433
2016-12-23,5,8,13,38.46153846153847,261.8985268633851
2016-12-26,5,8,13,38.46153846153847,257.67145803310115
2016-12-27,5,8,13,38.46153846153847,260.8564275606637
2016-12-28,5,8,13,38.46153846153847,261.62658002179813
2016-12-29,7,6,13,53.84615384615385,265.75139383892196
2016-12-30,7,6,13,53.84615384615385,266.8649684531696
2017-01-02,7,6,13,53.84615384615385,271.564868505749
2017-01-03,7,6,13,53.84615384615385,271.3082783412717
2017-01-04,8,5,13,61.53846153846154,271.4489463620421
2017-01-05,8,5,13,61.53846153846154,276.24592934380104
2017-01-06,8,5,13,61.53846153846154,277.2011558080366
2017-01-09,8,5,13,61.53846153846154,276.46951039830554
2017-01-10,8,5,13,61.53846153846154,278.2239045401166
2017-01-11,8,5,13,61.53846153846154,280.3381868177572
2017-01-12,8,5,13,61.53846153846154,279.9998700066367
2017-01-13,8,5,13,61.53846153846154,278.0122692166346
2017-01-16,8,5,13,61.53846153846154,279.0860103382019
2017-01-17,8,5,13,61.53846153846154,279.19979089694664
2017-01-18,8,5,13,61.53846153846154,281.3285586433342
2017-01-19,8,5,13,61.53846153846154,282.8665407480427
2017-01-20,8,5,13,61.53846153846154,279.7489922469169
2017-01-23,8,5,13,61.53846153846154,280.9188096337975
2017-01-24,8,5,13,61.53846153846154,286.33707781500976
2017-01-25,10,3,13,76.92307692307693,288.67607670332336
2017-01-27,11,2,13,84.61538461538461,291.7543905488593
2017-01-30,11,2,13,84.61538461538461,290.6037277341177
2017-01-31,10,3,13,76.92307692307693,287.47016318749303
2017-02-01,11,2,13,84.61538461538461,296.5850103452383
2017-02-02,11,2,13,84.61538461538461,296.0513922127837
2017-02-03,11,2,13,84.61538461538461,295.0851665244357
2017-02-06,11,2,13,84.61538461538461,297.5883383013861
2017-02-07,11,2,13,84.61538461538461,295.4804525269144
2017-02-08,11,2,13,84.61538461538461,297.6698541887232
2017-02-09,11,2,13,84.61538461538461,299.3748380897324
2017-02-10,11,2,13,84.61538461538461,299.0685134273253
2017-02-13,11,2,13,84.61538461538461,299.649900770215
2017-02-14,9,4,13,69.23076923076923,298.32214899180605
2017-02-15,9,4,13,69.23076923076923,293.00843875432184
2017-02-16,8,5,13,61.53846153846154,297.9235724383613
2017-02-17,8,5,13,61.53846153846154,297.4484539269937
2017-02-20,8,5,13,61.53846153846154,299.38800126983847
2017-02-21,8,5,13,61.53846153846154,299.9592860841194
2017-02-22,9,4,13,69.23076923076923,300.30437849576396
2017-02-23,8,5,13,61.53846153846154,299.8095490740449
2017-02-27,8,5,13,61.53846153846154,297.9273646585034
2017-02-28,8,5,13,61.53846153846154,299.3278599903031
2017-03-01,9,4,13,69.23076923076923,299.52241242749494
2017-03-02,8,5,13,61.53846153846154,298.7600355783772
2017-03-03,8,5,13,61.53846153846154,298.35482379346917
2017-03-06,10,3,13,76.92307692307693,302.36646709089496
2017-03-07,9,4,13,69.23076923076923,301.2019761122107
2017-03-08,9,4,13,69.23076923076923,300.08284921872433
2017-03-09,9,4,13,69.23076923076923,301.0875162314347
2017-03-10,10,3,13,76.92307692307693,302.2759577285119
2017-03-14,10,3,13,76.92307692307693,306.34320950528826
2017-03-15,10,3,13,76.92307692307693,307.7467761178762
2017-03-16,10,3,13,76.92307692307693,309.96043172422225
2017-03-17,10,3,13,76.92307692307693,308.31807029637946
2017-03-20,10,3,13,76.92307692307693,308.2886559981106
2017-03-21,10,3,13,76.92307692307693,306.9586502414313
2017-03-22,9,4,13,69.23076923076923,302.79374313934056
2017-03-23,9,4,13,69.23076923076923,304.11519914676245
2017-03-24,9,4,13,69.23076923076923,303.6885722269659
2017-03-27,9,4,13,69.23076923076923,301.9183347506058
2017-03-28,9,4,13,69.23076923076923,305.15256083448645
2017-03-29,9,4,13,69.23076923076923,304.08243655554236
2017-03-30,9,4,13,69.23076923076923,304.31978319079053
2017-03-31,9,4,13,69.23076923076923,305.34364206523395
2017-04-03,9,4,13,69.23076923076923,306.82060935126896
2017-04-05,8,5,13,61.53846153846154,309.89439199696034
2017-04-06,9,4,13,69.23076923076923,310.1261847797057
2017-04-07,9,4,13,69.23076923076923,309.2647871088491
2017-04-10,9,4,13,69.23076923076923,310.0630777748908
2017-04-11,9,4,13,69.23076923076923,310.9612822358686
2017-04-12,9,4,13,69.23076923076923,310.0869053763541
2017-04-13,9,4,13,69.23076923076923,309.03725644083255
2017-04-17,9,4,13,69.23076923076923,308.44304052573347
2017-04-18,9,4,13,69.23076923076923,305.2510415912174
2017-04-19,8,5,13,61.53846153846154,306.0503418921466
2017-04-20,8,5,13,61.53846153846154,309.6372508658297
2017-04-21,9,4,13,69.23076923076923,310.47267271491273
2017-04-24,10,3,13,76.92307692307693,314.87778061975524
2017-04-25,10,3,13,76.92307692307693,317.78013734196946
2017-04-26,11,2,13,84.61538461538461,318.39119046581703
2017-04-27,11,2,13,84.61538461538461,318.1665075520534
2017-04-28,10,3,13,76.92307692307693,320.3706750637906
2017-05-02,10,3,13,76.92307692307693,322.0316897165679
2017-05-03,10,3,13,76.92307692307693,321.41721914857897
2017-05-04,10,3,13,76.92307692307693,320.7851811970556
2017-05-05,10,3,13,76.92307692307693,318.5763032847509
2017-05-08,10,3,13,76.92307692307693,321.454473466092
2017-05-09,10,3,13,76.92307692307693,321.32951574123723
2017-05-10,10,3,13,76.92307692307693,325.67239665760735
2017-05-11,11,2,13,84.61538461538461,329.42720628646845
2017-05-12,11,2,13,84.61538461538461,330.36822437738283
2017-05-15,12,1,13,92.3076923076923,333.34173010516866
2017-05-16,12,1,13,92.3076923076923,337.7779910107548
2017-05-17,12,1,13,92.3076923076923,339.01859791504677
2017-05-18,12,1,13,92.3076923076923,331.01273446741664
2017-05-19,11,2,13,84.61538461538461,330.9904539144623
2017-05-22,11,2,13,84.61538461538461,329.86988079844156
2017-05-23,11,2,13,84.61538461538461,328.31711023907764
2017-05-24,9,4,13,69.23076923076923,327.4855798052225
2017-05-25,12,1,13,92.3076923076923,335.5268785611321
2017-05-26,12,1,13,92.3076923076923,341.09617727864014
2017-05-29,12,1,13,92.3076923076923,342.17006437835397
2017-05-30,12,1,13,92.3076923076923,343.8681116949152
2017-05-31,12,1,13,92.3076923076923,346.9264107904119
2017-06-01,12,1,13,92.3076923076923,346.80040950891816
2017-06-02,12,1,13,92.3076923076923,348.51418646717747
2017-06-05,12,1,13,92.3076923076923,349.59914019067486
2017-06-06,12,1,13,92.3076923076923,346.24509005203385
2017-06-07,12,1,13,92.3076923076923,349.0285836396876
2017-06-08,12,1,13,92.3076923076923,349.0506148737031
2017-06-09,12,1,13,92.3076923076923,350.5293982571923
2017-06-12,12,1,13,92.3076923076923,348.63953223978837
2017-06-13,12,1,13,92.3076923076923,348.5157883101173
2017-06-14,12,1,13,92.3076923076923,348.3222155080145
2017-06-15,12,1,13,92.3076923076923,345.7721856282383
2017-06-16,12,1,13,92.3076923076923,346.80395742120413
2017-06-19,12,1,13,92.3076923076923,349.5130093936316
2017-06-20,12,1,13,92.3076923076923,347.9810572612354
2017-06-21,12,1,13,92.3076923076923,345.53584497688
2017-06-22,12,1,13,92.3076923076923,344.3928313676462
2017-06-23,12,1,13,92.3076923076923,339.19449403397215
2017-06-27,11,2,13,84.61538461538461,336.5673436005057
2017-06-28,11,2,13,84.61538461538461,336.97137321147545
2017-06-29,11,2,13,84.61538461538461,339.0616546120213
2017-06-30,11,2,13,84.61538461538461,340.3076268397731
2017-07-03,11,2,13,84.61538461538461,345.4843153513965
2017-07-04,11,2,13,84.61538461538461,344.40626707561603
2017-07-05,10,3,13,76.92307692307693,338.5051643564124
2017-07-06,10,3,13,76.92307692307693,340.1301001080339
2017-07-07,10,3,13,76.92307692307693,340.9030179975529
2017-07-10,10,3,13,76.92307692307693,342.65156224209807
2017-07-11,11,2,13,84.61538461538461,343.98767175992907
2017-07-12,11,2,13,84.61538461538461,345.42630935166466
2017-07-13,11,2,13,84.61538461538461,347.0994534108521
2017-07-14,11,2,13,84.61538461538461,345.63971468307847
2017-07-17,11,2,13,84.61538461538461,347.8495435553095
2017-07-18,11,2,13,84.61538461538461,346.94711529494333
2017-07-19,11,2,13,84.61538461538461,349.41364894579914
2017-07-20,11,2,13,84.61538461538461,348.5641675417208
2017-07-21,11,2,13,84.61538461538461,348.8180321822246
2017-07-24,11,2,13,84.61538461538461,349.95779593569966
2017-07-25,11,2,13,84.61538461538461,351.30508239218346
2017-07-26,11,2,13,84.61538461538461,351.9771886793705
2017-07-27,11,2,13,84.61538461538461,350.1407915382058
2017-07-28,11,2,13,84.61538461538461,352.47520528392124
2017-07-31,11,2,13,84.61538461538461,354.4777784571375
2017-08-01,11,2,13,84.61538461538461,359.8986174022679
2017-08-02,11,2,13,84.61538461538461,359.2691082786989
2017-08-03,11,2,13,84.61538461538461,357.8756111829362
2017-08-04,11,2,13,84.61538461538461,359.9455388914735
2017-08-07,11,2,13,84.61538461538461,360.3860052856634
2017-08-08,11,2,13,84.61538461538461,360.5180375300943
2017-08-09,10,3,13,76.92307692307693,354.58339303112757
2017-08-10,10,3,13,76.92307692307693,344.6794146799539
2017-08-11,10,3,13,76.92307692307693,340.21557299806193
2017-08-14,9,4,13,69.23076923076923,345.7265204934401
2017-08-16,10,3,13,76.92307692307693,351.15065096091337
2017-08-17,10,3,13,76.92307692307693,349.7206340458481
2017-08-18,10,3,13,76.92307692307693,348.40149630478265
2017-08-21,9,4,13,69.23076923076923,344.01152414084083
2017-08-22,8,5,13,61.53846153846154,341.0229845760853
2017-08-23,9,4,13,69.23076923076923,343.64420653804586
2017-08-24,8,5,13,61.53846153846154,344.2506370046258
2017-08-28,8,5,13,61.53846153846154,347.0220101297435
2017-08-29,8,5,13,61.53846153846154,343.30500093479
2017-08-30,10,3,13,76.92307692307693,347.7612156720741
2017-08-31,9,4,13,69.23076923076923,348.2473610103024
2017-09-01,9,4,13,69.23076923076923,356.2903705306151
2017-09-04,10,3,13,76.92307692307693,354.8587924166911
2017-09-05,9,4,13,69.23076923076923,355.57142845336176
2017-09-06,9,4,13,69.23076923076923,355.49290129408183
2017-09-07,9,4,13,69.23076923076923,359.2475309204067
2017-09-08,9,4,13,69.23076923076923,359.7052364454012
2017-09-11,9,4,13,69.23076923076923,361.67878399260246
2017-09-12,10,3,13,76.92307692307693,365.8084047401511
2017-09-13,10,3,13,76.92307692307693,363.1994313149477
2017-09-14,9,4,13,69.23076923076923,364.32745687580785
2017-09-15,9,4,13,69.23076923076923,364.9108303442154
2017-09-18,9,4,13,69.23076923076923,369.2542855987456
2017-09-19,9,4,13,69.23076923076923,371.0004403446538
2017-09-20,9,4,13,69.23076923076923,369.4033098544121
2017-09-21,9,4,13,69.23076923076923,366.6317208191603
2017-09-22,8,5,13,61.53846153846154,361.36031077011
2017-09-25,8,5,13,61.53846153846154,357.8051751994728
2017-09-26,8,5,13,61.53846153846154,359.85541699547025
2017-09-27,8,5,13,61.53846153846154,354.0877336642146
2017-09-28,8,5,13,61.53846153846154,355.34199146943615
2017-09-29,8,5,13,61.53846153846154,359.15921558649814
2017-10-03,8,5,13,61.53846153846154,362.5289981864308
2017-10-04,8,5,13,61.53846153846154,364.1096619536973
2017-10-05,8,5,13,61.53846153846154,363.89836947037895
2017-10-06,8,5,13,61.53846153846154,366.8439027317511
2017-10-09,8,5,13,61.53846153846154,366.3606994743233
2017-10-10,8,5,13,61.53846153846154,368.22759444293
2017-10-11,9,4,13,69.23076923076923,365.822790739336
2017-10-12,9,4,13,69.23076923076923,369.2981301814912
2017-10-13,9,4,13,69.23076923076923,369.9910505917693
2017-10-16,9,4,13,69.23076923076923,374.3307085110557
2017-10-17,9,4,13,69.23076923076923,374.8231623744107
2017-10-18,9,4,13,69.23076923076923,373.27899428621674
2017-10-19,9,4,13,69.23076923076923,371.5461016126186
2017-10-23,9,4,13,69.23076923076923,371.6091817747677
2017-10-24,9,4,13,69.23076923076923,370.9289651020367
2017-10-25,9,4,13,69.23076923076923,372.7949689538274
2017-10-26,9,4,13,69.23076923076923,375.56458226526377
2017-10-27,9,4,13,69.23076923076923,376.1247637325719
2017-10-30,9,4,13,69.23076923076923,379.8012723712013
2017-10-31,9,4,13,69.23076923076923,379.49869917980516
2017-11-01,10,3,13,76.92307692307693,380.5728251325129
2017-11-02,9,4,14,69.23076923076923,378.2996234230369
2017-11-03,10,3,14,76.92307692307693,376.95981073754785
2017-11-06,10,3,14,76.92307692307693,379.63592438063796
2017-11-07,11,2,14,84.61538461538461,378.4143074250322
2017-11-08,9,4,14,69.23076923076923,376.8441452698604
2017-11-09,9,4,14,69.23076923076923,377.609349060012
2017-11-10,9,4,14,69.23076923076923,377.0096494490624
2017-11-13,9,4,14,69.23076923076923,375.6568630774161
2017-11-14,9,4,14,69.23076923076923,377.67183666171746
2017-11-15,9,4,14,69.23076923076923,375.6174947194483
2017-11-16,9,4,14,69.23076923076923,377.3923658303411
2017-11-17,9,4,14,69.23076923076923,378.57365629315717
2017-11-20,9,4,14,69.23076923076923,380.1839246839359
2017-11-21,9,4,14,69.23076923076923,381.34199594697316
2017-11-22,9,4,14,69.23076923076923,379.7657702029965
2017-11-23,9,4,14,69.23076923076923,380.4970983520848
2017-11-24,9,4,14,69.23076923076923,383.5857507879218
2017-11-27,9,4,14,69.23076923076923,386.8437195105419
2017-11-28,9,4,14,69.23076923076923,386.1356327654706
2017-11-29,9,4,14,69.23076923076923,386.54088320733655
2017-11-30,9,4,14,69.23076923076923,384.45593455355333
2017-12-01,9,4,14,69.23076923076923,381.8113658815751
2017-12-04,8,5,14,61.53846153846154,380.20215499772127
2017-12-05,8,5,14,61.53846153846154,376.9144228389831
2017-12-06,7,6,14,53.84615384615385,372.7060062165079
2017-12-07,8,5,14,61.53846153846154,379.0859951552117
2017-12-08,9,4,14,69.23076923076923,382.50770063031337
2017-12-11,9,4,14,69.23076923076923,385.4395261834872
2017-12-12,8,5,14,61.53846153846154,381.15696151616294
2017-12-13,7,6,14,53.84615384615385,378.78868613357196
2017-12-14,8,5,14,61.53846153846154,379.42667545503065
2017-12-15,9,4,14,69.23076923076923,384.28421942140295
2017-12-18,9,4,14,69.23076923076923,389.16778662980226
2017-12-19,10,3,14,76.92307692307693,400.904678122644
2017-12-20,11,2,14,84.61538461538461,401.0830930038246
2017-12-21,11,2,14,84.61538461538461,399.96803471406383
2017-12-22,11,2,14,84.61538461538461,401.5991248422112
2017-12-26,11,2,14,84.61538461538461,402.35499116146025
2017-12-27,10,3,14,76.92307692307693,400.1198685612748
2017-12-28,11,2,14,84.61538461538461,399.0125176667573
2017-12-29,11,2,14,84.61538461538461,403.1820120639638
2018-01-01,11,2,14,84.61538461538461,399.34057177040086
2018-01-02,11,2,14,84.61538461538461,400.7794410484678
2018-01-03,11,2,14,84.61538461538461,400.03134823563744
2018-01-04,10,3,14,76.92307692307693,400.31840928181606
2018-01-05,11,2,14,84.61538461538461,405.0096179307137
2018-01-08,11,2,14,84.61538461538461,406.3987693167377
2018-01-09,11,2,14,84.61538461538461,404.87078047159406
2018-01-10,11,2,14,84.61538461538461,402.5586072520492
2018-01-11,11,2,14,84.61538461538461,402.1231461589162
2018-01-12,11,2,14,84.61538461538461,402.00804010921473
2018-01-15,10,3,14,76.92307692307693,400.56781750388336
2018-01-16,9,4,14,69.23076923076923,394.0954366774974
2018-01-17,9,4,14,69.23076923076923,397.38220270333386
2018-01-18,9,4,14,69.23076923076923,394.58277235910674
2018-01-19,9,4,14,69.23076923076923,395.7590392477482
2018-01-22,9,4,14,69.23076923076923,397.26999195750585
2018-01-23,9,4,14,69.23076923076923,397.283602517752
2018-01-24,9,4,14,69.23076923076923,396.2008466107211
2018-01-25,8,5,14,61.53846153846154,392.3998143940884
2018-01-29,8,5,14,61.53846153846154,395.6293834426099
2018-01-30,8,5,14,61.53846153846154,392.7914350244933
2018-01-31,8,5,14,61.53846153846154,392.0964741930797
2018-02-01,9,4,14,69.23076923076923,393.58350904967045
2018-02-02,7,6,14,53.84615384615385,382.1344277460994
2018-02-05,7,6,14,53.84615384615385,383.51724131226564
2018-02-06,7,6,14,53.84615384615385,376.4912623328775
2018-02-07,7,6,14,53.84615384615385,379.1688916640768
2018-02-08,7,6,14,53.84615384615385,385.1799424573755
2018-02-09,7,6,14,53.84615384615385,383.0729420633329
2018-02-12,7,6,14,53.84615384615385,388.94408580556023
2018-02-14,7,6,14,53.84615384615385,388.44820511895915
2018-02-15,7,6,14,53.84615384615385,385.3286527027333
2018-02-16,7,6,14,53.84615384615385,379.0374869271246
2018-02-19,7,6,14,53.84615384615385,375.22643704004406
2018-02-20,7,6,14,53.84615384615385,375.7156628588946
2018-02-21,5,8,14,38.46153846153847,374.09609018104845
2018-02-22,5,8,14,38.46153846153847,370.6450100634771
2018-02-23,6,7,14,46.15384615384615,374.1549422754222
2018-02-26,6,7,14,46.15384615384615,380.4229682211008
2018-02-27,7,6,14,53.84615384615385,380.75050376410775
2018-02-28,6,7,14,46.15384615384615,381.49792423006915
2018-03-01,6,7,14,46.15384615384615,382.0756921530881
2018-03-05,6,7,14,46.15384615384615,377.1236984098682
2018-03-06,5,8,14,38.46153846153847,373.0892786803603
2018-03-07,5,8,14,38.46153846153847,370.7342027683876
2018-03-08,5,8,14,38.46153846153847,375.1830516674571
2018-03-09,5,8,14,38.46153846153847,375.45723421202143
2018-03-12,8,5,14,61.53846153846154,378.44429858143013
2018-03-13,7,6,14,53.84615384615385,379.79279674380854
2018-03-14,6,7,14,46.15384615384615,378.65768629506937
2018-03-15,6,7,14,46.15384615384615,376.7542164848179
2018-03-16,6,7,14,46.15384615384615,370.10707369384613
2018-03-19,5,8,14,38.46153846153847,364.58969345026924
2018-03-20,6,7,14,46.15384615384615,367.9095494047171
2018-03-21,6,7,14,46.15384615384615,367.37510251556034
2018-03-22,6,7,14,46.15384615384615,364.38431995851033
2018-03-23,6,7,14,46.15384615384615,361.1775264306405
2018-03-26,6,7,14,46.15384615384615,365.9064016511481
2018-03-27,6,7,14,46.15384615384615,365.76931510588906
2018-03-28,6,7,14,46.15384615384615,365.6435563622463
2018-04-02,7,6,14,53.84615384615385,378.8640483816294
2018-04-03,6,7,14,46.15384615384615,381.27134134959203
2018-04-04,7,6,14,53.84615384615385,381.24815570974926
2018-04-05,8,5,14,61.53846153846154,387.07765300073487
2018-04-06,8,5,14,61.53846153846154,387.81333590337965
2018-04-09,8,5,14,61.53846153846154,388.3547336570262
2018-04-10,8,5,14,61.53846153846154,385.5092977894743
2018-04-11,8,5,14,61.53846153846154,386.58388581888255
2018-04-12,8,5,14,61.53846153846154,387.2843816835609
2018-04-13,9,4,14,69.23076923076923,388.6567086470092
2018-04-16,9,4,14,69.23076923076923,391.0494100750135
2018-04-17,9,4,14,69.23076923076923,389.5583471926785
2018-04-18,9,4,14,69.23076923076923,388.29700458924395
2018-04-19,10,3,14,76.92307692307693,390.1060810596513
2018-04-20,10,3,14,76.92307692307693,391.8113216623609
2018-04-23,9,4,14,69.23076923076923,393.9625744860915
2018-04-24,9,4,14,69.23076923076923,393.94925871145824
2018-04-25,9,4,14,69.23076923076923,394.1371965601333
2018-04-26,9,4,14,69.23076923076923,394.4786041080463
2018-04-27,10,3,14,76.92307692307693,396.7550578389564
2018-04-30,10,3,14,76.92307692307693,396.798225005347
2018-05-02,8,5,14,61.53846153846154,392.04398774852683
2018-05-03,8,5,14,61.53846153846154,390.36366182282575
2018-05-04,6,7,14,46.15384615384615,386.18977871334994
2018-05-07,7,6,14,53.84615384615385,392.02257392632526
2018-05-08,7,6,14,53.84615384615385,389.52395842936545
2018-05-09,7,6,14,53.84615384615385,387.10746881594014
2018-05-10,7,6,14,53.84615384615385,385.58231774458073
2018-05-11,7,6,14,53.84615384615385,387.54800641829985
2018-05-14,7,6,14,53.84615384615385,383.69916698135944
2018-05-15,7,6,14,53.84615384615385,381.26778100217854
2018-05-16,7,6,14,53.84615384615385,379.8059313483151
2018-05-17,7,6,14,53.84615384615385,380.09046855246044
2018-05-18,6,7,14,46.15384615384615,374.42538238646847
2018-05-21,5,8,14,38.46153846153847,365.1802514986529
2018-05-22,5,8,14,38.46153846153847,371.6146229171621
2018-05-23,4,9,14,30.76923076923077,373.2619767860328
2018-05-24,4,9,14,30.76923076923077,365.4405860816231
2018-05-25,5,8,14,38.46153846153847,374.3776202933809
2018-05-28,6,7,14,46.15384615384615,379.3666573182181
2018-05-29,6,7,14,46.15384615384615,379.9465904367626
2018-05-30,5,8,14,38.46153846153847,379.01180421489926
2018-05-31,5,8,14,38.46153846153847,376.5983990718899
2018-06-01,5,8,14,38.46153846153847,377.97783906380266
2018-06-04,5,8,14,38.46153846153847,374.47442662475015
2018-06-05,5,8,14,38.46153846153847,370.5063402268673
2018-06-06,6,7,14,46.15384615384615,378.1962895578095
2018-06-07,6,7,14,46.15384615384615,380.15357919684124
2018-06-08,5,9,14,35.714285714285715,381.0717311101757
2018-06-11,5,9,14,35.714285714285715,381.29281547782256
2018-06-12,6,8,14,42.857142857142854,381.51417890017217
2018-06-13,6,8,14,42.857142857142854,381.5386136777006
2018-06-14,6,8,14,42.857142857142854,382.333750696968
2018-06-15,6,8,14,42.857142857142854,381.1128317367495
2018-06-18,7,7,14,50.0,380.9173867800616
2018-06-19,7,7,14,50.0,377.85889271533273
2018-06-20,7,7,14,50.0,378.1139937345428
2018-06-21,5,9,14,35.714285714285715,374.32385574065836
2018-06-22,6,8,14,42.857142857142854,374.8546384957325
2018-06-25,4,10,14,28.57142857142857,370.3322031358983
2018-06-26,4,10,14,28.57142857142857,369.0590790706767
2018-06-27,4,10,14,28.57142857142857,363.03691102999693
2018-06-28,4,10,14,28.57142857142857,360.7162655394889
2018-06-29,4,10,14,28.57142857142857,364.77454880973596
2018-07-02,4,10,14,28.57142857142857,363.5994200090695
2018-07-03,4,10,14,28.57142857142857,367.1330155055157
2018-07-04,4,10,14,28.57142857142857,370.85515630408975
2018-07-05,4,10,14,28.57142857142857,370.58308436121104
2018-07-06,6,8,14,42.857142857142854,376.65232468420356
2018-07-09,5,9,14,35.714285714285715,380.68043076315115
2018-07-10,6,8,14,42.857142857142854,381.8388758488058
2018-07-11,5,9,14,35.714285714285715,360.87209882364965
2018-07-12,5,9,14,35.714285714285715,358.42839108847267
2018-07-13,5,9,14,35.714285714285715,355.9820057916253
2018-07-16,4,10,14,28.57142857142857,350.41428009869196
2018-07-17,4,10,14,28.57142857142857,353.9442336668358
2018-07-18,4,10,14,28.57142857142857,347.45386759224795
2018-07-19,4,10,14,28.57142857142857,343.57278898468826
2018-07-20,3,11,14,21.428571428571427,343.0624267495237
2018-07-23,3,11,14,21.428571428571427,342.6548862939739
2018-07-24,3,11,14,21.428571428571427,348.2722224599116
2018-07-25,3,11,14,21.428571428571427,348.7696092998186
2018-07-26,3,11,14,21.428571428571427,349.23376433524726
2018-07-27,3,11,14,21.428571428571427,351.88690789884595
2018-07-30,3,11,14,21.428571428571427,352.4963526539449
2018-07-31,3,11,14,21.428571428571427,353.6883967258916
2018-08-01,3,11,14,21.428571428571427,352.53536654388364
2018-08-02,3,11,14,21.428571428571427,349.44556432895223
2018-08-03,5,9,14,35.714285714285715,352.00435151461403
2018-08-06,3,11,14,21.428571428571427,353.8402966721869
2018-08-07,4,10,14,28.57142857142857,354.8610215078888
2018-08-08,4,10,14,28.57142857142857,355.45742956483
2018-08-09,4,10,14,28.57142857142857,355.41184017148163
2018-08-10,5,9,14,35.714285714285715,356.3341751884168
2018-08-13,4,10,14,28.57142857142857,352.43463135288664
2018-08-14,5,9,14,35.714285714285715,355.20123626308543
2018-08-16,4,10,14,28.57142857142857,356.70969279597887
2018-08-17,4,10,14,28.57142857142857,359.83703715397974
2018-08-20,4,10,14,28.57142857142857,364.32318657276653
2018-08-21,4,10,14,28.57142857142857,363.462147321775
2018-08-23,5,9,14,35.714285714285715,363.69674291923457
2018-08-24,5,9,14,35.714285714285715,361.1357865877349
2018-08-27,6,8,14,42.857142857142854,365.5495289031715
2018-08-28,6,8,14,42.857142857142854,367.3446094070268
2018-08-29,6,8,14,42.857142857142854,368.82658155213875
2018-08-30,5,9,14,35.714285714285715,371.3025442314943
2018-08-31,5,9,14,35.714285714285715,372.12640946954156
2018-09-03,6,8,14,42.857142857142854,371.6027554837442
2018-09-04,5,9,14,35.714285714285715,364.03883702152456
2018-09-05,5,9,14,35.714285714285715,366.3203301470344
2018-09-06,5,9,14,35.714285714285715,368.63268798855927
2018-09-07,6,8,14,42.857142857142854,375.6516562447818
2018-09-10,4,10,14,28.57142857142857,369.1147006351492
2018-09-11,4,10,14,28.57142857142857,362.7523093038966
2018-09-12,5,9,14,35.714285714285715,364.2661129472922
2018-09-14,5,9,14,35.714285714285715,368.0996782017082
2018-09-17,5,9,14,35.714285714285715,364.94652887232724
2018-09-18,5,9,14,35.714285714285715,359.2750705136254
2018-09-19,4,10,14,28.57142857142857,358.5652323769035
2018-09-21,4,10,14,28.57142857142857,354.027579317057
2018-09-24,4,10,14,28.57142857142857,342.84245613766956
2018-09-25,4,10,14,28.57142857142857,345.89881727407106
2018-09-26,4,10,14,28.57142857142857,344.9546453206059
2018-09-27,4,10,14,28.57142857142857,341.10296042271705
2018-09-28,4,10,14,28.57142857142857,334.44616208640366
2018-10-01,4,10,14,28.57142857142857,335.72926944679233
2018-10-03,3,11,14,21.428571428571427,327.83497284708034
2018-10-04,3,11,14,21.428571428571427,319.98796975988324
2018-10-05,2,12,14,14.285714285714285,311.34724955110477
2018-10-08,2,12,14,14.285714285714285,311.0909152539119
2018-10-09,1,13,14,7.142857142857142,304.58401497287383
2018-10-10,2,12,14,14.285714285714285,314.5068540358287
2018-10-11,2,12,14,14.285714285714285,306.30914901224986
2018-10-12,2,12,14,14.285714285714285,316.0554694788217
2018-10-15,2,12,14,14.285714285714285,317.2158916075724
2018-10-16,3,11,14,21.428571428571427,320.1870802112871
2018-10-17,2,12,14,14.285714285714285,312.2561866581278
2018-10-19,3,11,14,21.428571428571427,308.66121077701564
2018-10-22,2,12,14,14.285714285714285,309.31319488638735
2018-10-23,2,12,14,14.285714285714285,307.0833539004388
2018-10-24,2,12,14,14.285714285714285,308.1572683468009
2018-10-25,3,11,14,21.428571428571427,304.7392293683602
2018-10-26,2,12,14,14.285714285714285,304.0504272952056
2018-10-29,2,12,14,14.285714285714285,309.3752805288452
2018-10-30,3,11,14,21.428571428571427,304.0771310298653
2018-10-31,3,11,14,21.428571428571427,306.72723424959
2018-11-01,3,11,14,21.428571428571427,305.81564565737307
2018-11-02,3,11,14,21.428571428571427,316.72682691391196
2018-11-05,3,11,14,21.428571428571427,316.64646072347705
2018-11-06,3,11,14,21.428571428571427,316.2191168876252
2018-11-07,3,11,14,21.428571428571427,318.85376519168534
2018-11-09,3,11,14,21.428571428571427,319.32094940490566
2018-11-12,3,11,14,21.428571428571427,313.35017362590133
2018-11-13,2,12,14,14.285714285714285,315.50692280875137
2018-11-14,3,11,14,21.428571428571427,310.58867114854576
2018-11-15,3,11,14,21.428571428571427,311.30346773722033
2018-11-16,1,13,14,7.142857142857142,312.5188141056868
2018-11-19,1,13,14,7.142857142857142,314.113598620253
2018-11-20,1,13,14,7.142857142857142,309.4386946460186
2018-11-21,2,12,14,14.285714285714285,310.32800451777865
2018-11-22,3,11,14,21.428571428571427,309.7912095755651
2018-11-26,2,12,14,14.285714285714285,310.5590357748026
2018-11-27,2,12,14,14.285714285714285,311.14460940231635
2018-11-28,2,12,14,14.285714285714285,309.42512469692696
2018-11-29,2,12,14,14.285714285714285,312.98954044088333
2018-11-30,3,11,14,21.428571428571427,314.6742749978637
2018-12-03,3,11,14,21.428571428571427,315.5744944677888
2018-12-04,2,12,14,14.285714285714285,316.1489122686279
2018-12-05,2,12,14,14.285714285714285,308.7944307594712
2018-12-06,2,12,14,14.285714285714285,303.502548854821
2018-12-07,2,12,14,14.285714285714285,305.56057782492127
2018-12-10,1,13,14,7.142857142857142,301.6951916440449
2018-12-11,2,12,14,14.285714285714285,304.3056028298235
2018-12-12,4,10,14,28.57142857142857,315.52795839426716
2018-12-13,4,10,14,28.57142857142857,316.64394765676894
2018-12-14,4,10,14,28.57142857142857,317.5174743707185
2018-12-17,4,10,14,28.57142857142857,319.5679911258294
2018-12-18,4,10,14,28.57142857142857,320.8807925043174
2018-12-19,4,10,14,28.57142857142857,323.823554773631
2018-12-20,6,8,14,42.857142857142854,323.9465130685099
2018-12-21,5,9,14,35.714285714285715,319.1482666446758
2018-12-24,3,11,14,21.428571428571427,314.3838509340675
2018-12-26,3,11,14,21.428571428571427,314.5148670349419
2018-12-27,3,11,14,21.428571428571427,313.8245958948355
2018-12-28,3,11,14,21.428571428571427,315.9343410759633
2018-12-31,3,11,14,21.428571428571427,318.0088936230457
2019-01-01,3,11,14,21.428571428571427,316.770138677219
2019-01-02,3,11,14,21.428571428571427,308.88283842349097
2019-01-03,3,11,14,21.428571428571427,305.5870931389187
2019-01-04,3,11,14,21.428571428571427,305.81949513589916
2019-01-07,3,11,14,21.428571428571427,303.9261120636743
2019-01-08,3,11,14,21.428571428571427,303.7804468581745
2019-01-09,3,11,14,21.428571428571427,305.2591516278576
2019-01-10,3,11,14,21.428571428571427,305.8578430535831
2019-01-11,3,11,14,21.428571428571427,304.10721230786015
2019-01-14,2,12,14,14.285714285714285,301.5898615367944
2019-01-15,2,12,14,14.285714285714285,304.0177523397998
2019-01-16,2,12,14,14.285714285714285,304.1858705266546
2019-01-17,2,12,14,14.285714285714285,303.4116708232467
2019-01-18,2,12,14,14.285714285714285,301.90582865249814
2019-01-21,2,12,14,14.285714285714285,299.1478152038335
2019-01-22,2,12,14,14.285714285714285,298.51395093448315
2019-01-23,2,12,14,14.285714285714285,296.00555278512246
2019-01-24,2,12,14,14.285714285714285,292.77363525449107
2019-01-25,1,13,14,7.142857142857142,285.84677469711215
2019-01-28,1,13,14,7.142857142857142,281.06164058819905
2019-01-29,1,13,14,7.142857142857142,281.0504976877464
2019-01-30,1,13,14,7.142857142857142,280.18992258508104
2019-01-31,1,13,14,7.142857142857142,284.07006035844284
2019-02-01,2,12,14,14.285714285714285,290.0131906645755
2019-02-04,2,12,14,14.285714285714285,287.709717802734
2019-02-05,2,12,14,14.285714285714285,288.5979259235392
2019-02-06,3,11,14,21.428571428571427,290.60774305495534
2019-02-07,3,11,14,21.428571428571427,297.203122616662
2019-02-08,2,12,14,14.285714285714285,287.3695771257172
2019-02-11,2,12,14,14.285714285714285,283.48951423940406
2019-02-12,2,12,14,14.285714285714285,282.4999203367224
2019-02-13,2,12,14,14.285714285714285,280.0732101353155
2019-02-14,2,12,14,14.285714285714285,282.7515540011151
2019-02-15,2,12,14,14.285714285714285,279.2862794564696
2019-02-18,2,12,14,14.285714285714285,277.0946313329817
2019-02-19,2,12,14,14.285714285714285,278.75240382859323
2019-02-20,2,12,14,14.285714285714285,283.9796181698517
2019-02-21,2,12,14,14.285714285714285,285.30517500445023
2019-02-22,2,12,14,14.285714285714285,288.76421806929017
2019-02-25,2,12,14,14.285714285714285,292.9692827357025
2019-02-26,2,12,14,14.285714285714285,294.31995810730086
2019-02-27,2,12,14,14.285714285714285,294.3945185268229
2019-02-28,3,11,14,21.428571428571427,294.85492810604336
2019-03-01,2,12,14,14.285714285714285,296.67666203005797
2019-03-05,3,11,14,21.428571428571427,306.5076768576887
2019-03-06,2,12,14,14.285714285714285,306.39641134540005
2019-03-07,2,12,14,14.285714285714285,306.20862319282793
2019-03-08,2,12,14,14.285714285714285,304.5360957725879
2019-03-11,3,11,14,21.428571428571427,312.459211021004
2019-03-12,3,11,14,21.428571428571427,312.4953710930609
2019-03-13,2,12,14,14.285714285714285,312.65035556510924
2019-03-14,2,12,14,14.285714285714285,310.73406767393305
2019-03-15,2,12,14,14.285714285714285,313.9329463339864
2019-03-18,2,12,14,14.285714285714285,309.21596739767415
2019-03-19,2,12,14,14.285714285714285,305.2077886087133
2019-03-20,2,12,14,14.285714285714285,301.6441001559131
2019-03-22,2,12,14,14.285714285714285,296.33732591668263
2019-03-25,2,12,14,14.285714285714285,293.52716633433107
2019-03-26,2,12,14,14.285714285714285,295.31873391682427
2019-03-27,2,12,14,14.285714285714285,292.72040328470734
2019-03-28,2,12,14,14.285714285714285,294.27120493434114
2019-03-29,2,12,14,14.285714285714285,296.6336827936922
2019-04-01,2,12,14,14.285714285714285,299.7049357638517
2019-04-02,2,12,14,14.285714285714285,301.97581674388306
2019-04-03,2,12,14,14.285714285714285,299.0681357378229
2019-04-04,2,12,14,14.285714285714285,301.6801877488862
2019-04-05,2,12,14,14.285714285714285,303.08098941620057
2019-04-08,2,12,14,14.285714285714285,301.4313568222867
2019-04-09,2,12,14,14.285714285714285,304.5316976514372
2019-04-10,3,11,14,21.428571428571427,303.98436693405677
2019-04-11,3,11,14,21.428571428571427,305.77779539603506
2019-04-12,3,11,14,21.428571428571427,307.70192873412566
2019-04-15,3,11,14,21.428571428571427,313.7116196379253
2019-04-16,3,11,14,21.428571428571427,317.70322622080727
2019-04-18,3,11,14,21.428571428571427,316.96628663224277
2019-04-22,3,11,14,21.428571428571427,310.33034588252286
2019-04-23,3,11,14,21.428571428571427,309.59125371428627
2019-04-24,4,10,14,28.57142857142857,308.4977563183611
2019-04-25,4,10,14,28.57142857142857,306.9373184930727
2019-04-26,4,10,14,28.57142857142857,303.7110452028735
2019-04-30,3,11,14,21.428571428571427,299.9888338870162
2019-05-02,3,11,14,21.428571428571427,297.23692361291575
2019-05-03,3,11,14,21.428571428571427,300.08958908352605
2019-05-06,3,11,14,21.428571428571427,295.4219629331758
2019-05-07,3,11,14,21.428571428571427,292.9723727816313
2019-05-08,3,11,14,21.428571428571427,290.1565108653621
2019-05-09,2,12,14,14.285714285714285,289.26126127446787
2019-05-10,2,12,14,14.285714285714285,288.8936225787214
2019-05-13,2,12,14,14.285714285714285,283.54443887841876
2019-05-14,2,12,14,14.285714285714285,283.86292622546557
2019-05-15,2,12,14,14.285714285714285,280.87355413692006
2019-05-16,2,12,14,14.285714285714285,281.24679488369253
2019-05-17,2,12,14,14.285714285714285,286.87385281736334
2019-05-20,2,12,14,14.285714285714285,298.4221233755757
2019-05-21,2,12,14,14.285714285714285,292.31251999315424
2019-05-22,3,11,14,21.428571428571427,292.5398251714474
2019-05-23,3,11,14,21.428571428571427,290.5957452323082
2019-05-24,3,11,14,21.428571428571427,299.87007392869714
2019-05-27,3,11,14,21.428571428571427,299.53270714087694
2019-05-28,3,11,14,21.428571428571427,299.0342384646682
2019-05-29,3,11,14,21.428571428571427,294.8346769251478
2019-05-30,3,11,14,21.428571428571427,292.7416146565109
2019-05-31,3,11,14,21.428571428571427,290.98520795047824
2019-06-03,3,11,14,21.428571428571427,294.5859702687842
2019-06-04,2,12,14,14.285714285714285,294.0448046771516
2019-06-06,2,12,14,14.285714285714285,291.17751474180596
2019-06-07,2,12,14,14.285714285714285,289.37588397048546
2019-06-10,2,12,14,14.285714285714285,290.7849725604904
2019-06-11,2,12,14,14.285714285714285,292.4389839484118
2019-06-12,2,12,14,14.285714285714285,290.4990970390085
2019-06-13,2,12,14,14.285714285714285,289.7002774062886
2019-06-14,2,12,14,14.285714285714285,286.77624356455084
2019-06-17,2,12,14,14.285714285714285,281.8060432797271
2019-06-18,2,12,14,14.285714285714285,280.5614929445431
2019-06-19,2,12,14,14.285714285714285,276.6416655383863
2019-06-20,2,12,14,14.285714285714285,283.6223198637238
2019-06-21,2,12,14,14.285714285714285,281.1845819303982
2019-06-24,2,12,14,14.285714285714285,278.4950148385569
2019-06-25,2,12,14,14.285714285714285,279.5113727359402
2019-06-26,2,12,14,14.285714285714285,280.1603841826367
2019-06-27,2,12,14,14.285714285714285,282.59997195445084
2019-06-28,2,12,14,14.285714285714285,280.21765834005504
2019-07-01,2,12,14,14.285714285714285,284.3616797609374
2019-07-02,2,12,14,14.285714285714285,283.9829188771218
2019-07-03,2,12,14,14.285714285714285,284.87941049520515
2019-07-04,2,12,14,14.285714285714285,286.4392879590058
2019-07-05,2,12,14,14.285714285714285,278.91629867886667
2019-07-08,1,13,14,7.142857142857142,270.4634827461998
2019-07-09,1,13,14,7.142857142857142,270.80264213953245
2019-07-10,1,13,14,7.142857142857142,270.1354897127461
2019-07-11,1,13,14,7.142857142857142,275.2842770434322
2019-07-12,1,13,14,7.142857142857142,277.19073344767617
2019-07-15,1,13,14,7.142857142857142,278.03060852147235
2019-07-16,1,13,14,7.142857142857142,279.5725267001874
2019-07-17,1,13,14,7.142857142857142,278.1404971459561
2019-07-18,1,13,14,7.142857142857142,270.6602242124172
2019-07-19,1,13,14,7.142857142857142,260.6788301684718
2019-07-22,1,13,14,7.142857142857142,258.8569929573972
2019-07-23,1,13,14,7.142857142857142,259.15519150637067
2019-07-24,1,13,14,7.142857142857142,253.91406429178983
2019-07-25,1,13,14,7.142857142857142,252.75217500778132
2019-07-26,0,14,14,0.0,256.8173714898963
2019-07-29,0,14,14,0.0,248.71227261926015
2019-07-30,0,14,14,0.0,243.35160182722922
2019-07-31,0,14,14,0.0,247.67269914396653
2019-08-01,1,13,14,7.142857142857142,247.70828293549192
2019-08-02,1,13,14,7.142857142857142,248.68565725129847
2019-08-05,1,13,14,7.142857142857142,245.35687106668038
2019-08-06,0,14,14,0.0,247.74074538234467
2019-08-07,0,14,14,0.0,242.42944652160062
2019-08-08,0,14,14,0.0,249.86973888439886
2019-08-09,1,13,14,7.142857142857142,254.49961429904175
2019-08-13,0,14,14,0.0,244.43557506864497
2019-08-14,0,14,14,0.0,246.68013036529857
2019-08-16,0,14,14,0.0,247.84468774934402
2019-08-19,0,14,14,0.0,246.86209133505415
2019-08-20,1,13,14,7.142857142857142,248.05534445821232
2019-08-21,2,12,14,14.285714285714285,244.57599674628477
2019-08-22,0,14,14,0.0,238.97317362652637
2019-08-23,0,14,14,0.0,243.55818921677016
2019-08-26,1,13,14,7.142857142857142,246.57024970477073
2019-08-27,2,12,14,14.285714285714285,252.7496872839753
2019-08-28,2,12,14,14.285714285714285,248.31710707186372
2019-08-29,1,13,14,7.142857142857142,245.75797735272195
2019-08-30,2,12,14,14.285714285714285,247.3754638902628
2019-09-03,1,13,14,7.142857142857142,242.675602802647
2019-09-04,0,14,14,0.0,240.13572108340088
2019-09-05,1,13,14,7.142857142857142,245.2952795906766
2019-09-06,2,12,14,14.285714285714285,250.62915423661104
2019-09-09,3,11,14,21.428571428571427,251.58562849679734
2019-09-11,3,11,14,21.428571428571427,259.7363930990478
2019-09-12,3,11,14,21.428571428571427,254.80107398179914
2019-09-13,3,11,14,21.428571428571427,258.50873555452273
2019-09-16,3,11,14,21.428571428571427,257.3556454337412
2019-09-17,1,13,14,7.142857142857142,248.14610001625192
2019-09-18,2,12,14,14.285714285714285,247.75781704355265
2019-09-19,1,13,14,7.142857142857142,245.06176579368756
2019-09-20,3,11,14,21.428571428571427,267.1354384580187
2019-09-23,5,9,14,35.714285714285715,276.44955121302854
2019-09-24,5,9,14,35.714285714285715,276.4910539631047
2019-09-25,4,10,14,28.57142857142857,267.1325159595677
2019-09-26,5,9,14,35.714285714285715,272.0588269151671
2019-09-27,5,9,14,35.714285714285715,267.9048121203789
2019-10-01,5,9,14,35.714285714285715,267.9048121203789
2019-10-03,5,9,14,35.714285714285715,269.3073843441783
2019-10-04,5,9,14,35.714285714285715,264.86711163296246
2019-10-07,4,10,14,28.57142857142857,262.8381012710188
2019-10-09,4,10,14,28.57142857142857,266.4207112459019
2019-10-10,2,12,14,14.285714285714285,262.53704888438267
2019-10-11,3,11,14,21.428571428571427,264.0581879151521
2019-10-14,4,10,14,28.57142857142857,268.29342332605535
2019-10-15,4,10,14,28.57142857142857,273.23333023700343
2019-10-16,3,11,14,21.428571428571427,273.0185613351352
2019-10-17,4,10,14,28.57142857142857,281.56423863327655
2019-10-18,6,8,14,42.857142857142854,284.3076311302191
2019-10-22,6,8,14,42.857142857142854,283.0703541789017
2019-10-23,7,7,14,50.0,285.3328987424391
2019-10-24,7,7,14,50.0,286.24779418898044
2019-10-25,7,7,14,50.0,284.8063579899128
2019-10-27,7,7,14,50.0,290.0669203083545
2019-10-29,10,4,14,71.42857142857143,301.7051444718984
2019-10-30,8,6,14,57.14285714285714,301.35728033541113
2019-10-31,8,6,14,57.14285714285714,304.4997667112506
2019-11-01,9,5,14,64.28571428571429,303.99238890493734
2019-11-04,9,5,14,64.28571428571429,302.0219891066925
2019-11-05,9,5,14,64.28571428571429,302.2718868440471
2019-11-06,10,4,14,71.42857142857143,303.8177420905897
2019-11-07,9,5,14,64.28571428571429,303.21093602190507
2019-11-08,9,5,14,64.28571428571429,298.5153948593793
2019-11-11,8,6,14,57.14285714285714,299.4743997579649
2019-11-13,8,6,14,57.14285714285714,298.99932713282215
2019-11-14,9,5,14,64.28571428571429,299.98318067594
2019-11-15,9,5,14,64.28571428571429,299.4290899789672
2019-11-18,9,5,14,64.28571428571429,299.7180886821959
2019-11-19,9,5,14,64.28571428571429,299.078740360107
2019-11-20,10,4,14,71.42857142857143,299.740836980182
2019-11-21,8,6,14,57.14285714285714,298.15978790790086
2019-11-22,9,5,14,64.28571428571429,299.9843025984263
2019-11-25,10,4,14,71.42857142857143,305.14910729164615
2019-11-26,11,3,14,78.57142857142857,303.073470446006
2019-11-27,11,3,14,78.57142857142857,306.06693602292165
2019-11-28,11,3,14,78.57142857142857,305.67151009777194
2019-11-29,10,4,14,71.42857142857143,302.8220783862575
2019-12-02,9,5,14,64.28571428571429,302.0186499708172
2019-12-03,7,7,14,50.0,299.1821143747299
2019-12-04,8,6,14,57.14285714285714,299.6377149127104
2019-12-05,8,6,14,57.14285714285714,297.20785197255066
2019-12-06,8,6,14,57.14285714285714,293.19436170028877
2019-12-09,6,8,14,42.857142857142854,293.984141256092
2019-12-10,6,8,14,42.857142857142854,292.22404790028673
2019-12-11,7,7,14,50.0,293.1166295456144
2019-12-12,9,5,14,64.28571428571429,297.14107394307734
2019-12-13,10,4,14,71.42857142857143,302.5968687619757
2019-12-16,10,4,14,71.42857142857143,299.57908408750245
2019-12-17,10,4,14,71.42857142857143,301.7402295436965
2019-12-18,10,4,14,71.42857142857143,302.4443847973498
2019-12-19,10,4,14,71.42857142857143,306.11933209294835
2019-12-20,10,4,14,71.42857142857143,305.03174743941725
2019-12-23,10,4,14,71.42857142857143,307.46488091279514
2019-12-24,10,4,14,71.42857142857143,305.5434192362372
2019-12-26,10,4,14,71.42857142857143,305.58613228816387
2019-12-27,10,4,14,71.42857142857143,308.10378083104314
2019-12-30,10,4,14,71.42857142857143,312.886266247562
2019-12-31,10,4,14,71.42857142857143,309.12472002088793
2020-01-01,10,4,14,71.42857142857143,308.772445517372
2020-01-02,10,4,14,71.42857142857143,311.61151662026435
2020-01-03,10,4,14,71.42857142857143,308.3136776606656
2020-01-06,10,4,14,71.42857142857143,301.9605340757928
2020-01-07,10,4,14,71.42857142857143,302.88299940499223
2020-01-08,10,4,14,71.42857142857143,300.75917391799464
2020-01-09,10,4,14,71.42857142857143,309.3940973606018
2020-01-10,10,4,14,71.42857142857143,311.9462559014416
2020-01-13,10,4,14,71.42857142857143,311.536664065819
2020-01-14,10,4,14,71.42857142857143,313.5597047728795
2020-01-15,11,3,14,78.57142857142857,317.5500983498116
2020-01-16,11,3,14,78.57142857142857,318.8143847215453
2020-01-17,11,3,14,78.57142857142857,318.7687836136388
2020-01-20,11,3,14,78.57142857142857,315.79686620332444
2020-01-21,11,3,14,78.57142857142857,313.4551508472345
2020-01-22,11,3,14,78.57142857142857,312.92181934467476
2020-01-23,11,3,14,78.57142857142857,315.6666143036066
2020-01-24,11,3,14,78.57142857142857,318.44018300672684
2020-01-27,11,3,14,78.57142857142857,315.84628748774423
2020-01-28,11,3,14,78.57142857142857,312.9745000120946
2020-01-29,11,3,14,78.57142857142857,313.6092004003695
2020-01-30,11,3,14,78.57142857142857,311.79430418347994
2020-01-31,11,3,14,78.57142857142857,308.089306542803
2020-02-01,9,5,14,64.28571428571429,300.2099133518577
2020-02-03,11,3,14,78.57142857142857,302.3252332473629
2020-02-04,9,5,14,64.28571428571429,306.5264235054267
2020-02-05,10,4,14,71.42857142857143,308.4179864923984
2020-02-06,11,3,14,78.57142857142857,309.8917997353275
2020-02-07,10,4,14,71.42857142857143,307.3396890575165
2020-02-10,9,5,14,64.28571428571429,299.70783841243247
2020-02-11,9,5,14,64.28571428571429,300.08487561208216
2020-02-12,9,5,14,64.28571428571429,301.02558540472853
2020-02-13,9,5,14,64.28571428571429,299.9431246432591
2020-02-14,9,5,14,64.28571428571429,297.25358368539514
2020-02-17,8,6,14,57.14285714285714,295.9009842573059
2020-02-18,9,5,14,64.28571428571429,293.60921831974315
2020-02-19,8,6,14,57.14285714285714,294.27919561489347
2020-02-20,9,5,14,64.28571428571429,295.98865610200613
2020-02-24,6,8,14,42.857142857142854,289.02707685024154
2020-02-25,5,9,14,35.714285714285715,286.9176866475636
2020-02-26,5,9,14,35.714285714285715,281.45273370972836
2020-02-27,4,10,14,28.57142857142857,280.56108871944383
2020-02-28,3,11,14,21.428571428571427,267.71341797321793
2020-03-02,2,12,14,14.285714285714285,267.26283034272467
2020-03-03,2,12,14,14.285714285714285,272.5484377496399
2020-03-04,2,12,14,14.285714285714285,269.31623662095166
2020-03-05,2,12,14,14.285714285714285,269.7301488847634
2020-03-06,2,12,14,14.285714285714285,265.0942752205569
2020-03-09,1,13,14,7.142857142857142,255.12664605148524
2020-03-11,1,13,14,7.142857142857142,253.51409895360996
2020-03-12,1,13,14,7.142857142857142,233.1420402840969
2020-03-13,1,13,14,7.142857142857142,236.18081954215228
2020-03-16,1,13,14,7.142857142857142,226.65469408749885
2020-03-17,1,13,14,7.142857142857142,221.74474979917954
2020-03-18,1,13,14,7.142857142857142,211.2906359428008
2020-03-19,0,14,14,0.0,200.57153821912067
2020-03-20,0,14,14,0.0,205.94926026200523
2020-03-23,0,14,14,0.0,176.61392583718177
2020-03-24,0,14,14,0.0,177.63384366359912
2020-03-25,0,14,14,0.0,183.05582681835486
2020-03-26,0,14,14,0.0,191.3521956432766
2020-03-27,0,14,14,0.0,187.34737396810414
2020-03-30,0,14,14,0.0,177.84254534092497
2020-03-31,0,14,14,0.0,180.04626214075878
2020-04-01,0,14,14,0.0,175.6462344849159
2020-04-03,0,14,14,0.0,170.12951828191697
2020-04-07,0,14,14,0.0,180.79555347470725
2020-04-08,0,14,14,0.0,186.02831043953634
2020-04-09,0,14,14,0.0,203.19933699581844
2020-04-13,0,14,14,0.0,197.60824764226504
2020-04-15,0,14,14,0.0,197.75603674775942
2020-04-16,0,14,14,0.0,199.8565284299939
2020-04-17,0,14,14,0.0,212.7256413187211
2020-04-20,0,14,14,0.0,214.00114947245618
2020-04-21,0,14,14,0.0,201.12910823136002
2020-04-22,0,14,14,0.0,204.53826322841473
2020-04-23,0,14,14,0.0,206.2373952364394
2020-04-24,0,14,14,0.0,202.76756135395843
2020-04-27,0,14,14,0.0,206.01608099949894
2020-04-28,0,14,14,0.0,206.5132817999965
2020-04-29,0,14,14,0.0,213.43378403697645
2020-04-30,0,14,14,0.0,228.25525649272222
2020-05-04,0,14,14,0.0,211.23786464916572
2020-05-05,0,14,14,0.0,209.64711988183117
2020-05-06,0,14,14,0.0,213.49806140989767
2020-05-07,0,14,14,0.0,211.4531226628734
2020-05-08,0,14,14,0.0,209.48842122637834
2020-05-11,0,14,14,0.0,216.11657752138558
2020-05-12,0,14,14,0.0,216.4662628030773
2020-05-13,0,14,14,0.0,221.64451900114216
2020-05-14,0,14,14,0.0,219.4073796892157
2020-05-15,0,14,14,0.0,218.03291365943943
2020-05-18,0,14,14,0.0,206.40391620285473
2020-05-19,0,14,14,0.0,207.45020587173246
2020-05-20,0,14,14,0.0,212.22168077026754
2020-05-21,0,14,14,0.0,216.66854883544482
2020-05-22,0,14,14,0.0,215.11147404986843
2020-05-26,0,14,14,0.0,218.41933077331925
2020-05-27,0,14,14,0.0,218.99540228142618
2020-05-28,1,13,14,7.142857142857142,228.74076942211278
2020-05-29,1,13,14,7.142857142857142,233.36470036642848
2020-06-01,2,12,14,14.285714285714285,242.22724174497458
2020-06-02,2,12,14,14.285714285714285,246.3892299586484
2020-06-03,2,12,14,14.285714285714285,247.1692616853097
2020-06-04,3,11,14,21.428571428571427,246.780754666004
2020-06-05,3,11,14,21.428571428571427,252.7535128485516
2020-06-08,2,12,14,14.285714285714285,252.44405729666107
2020-06-09,2,12,14,14.285714285714285,250.52411442849993
2020-06-10,1,13,14,7.142857142857142,247.67850037457757
2020-06-11,1,13,14,7.142857142857142,243.22678021659505
2020-06-12,3,11,14,21.428571428571427,248.46243401324676
2020-06-15,2,12,14,14.285714285714285,243.73020076818784
2020-06-16,2,12,14,14.285714285714285,243.3658635034847
2020-06-17,2,12,14,14.285714285714285,244.83447894637104
2020-06-18,2,12,14,14.285714285714285,246.67909174024805
2020-06-19,3,11,14,21.428571428571427,252.31620107129734
2020-06-22,4,10,14,28.57142857142857,255.82034746143663
2020-06-23,4,10,14,28.57142857142857,259.3914881816381
2020-06-24,5,9,14,35.714285714285715,256.87153662149507
2020-06-25,4,10,14,28.57142857142857,256.94119013685884
2020-06-26,5,9,14,35.714285714285715,255.60042674441377
2020-06-29,4,10,14,28.57142857142857,250.5956621958132
2020-06-30,5,9,14,35.714285714285715,250.8699636270097
2020-07-01,5,9,14,35.714285714285715,252.9882009854794
2020-07-02,5,9,14,35.714285714285715,258.55579948450196
2020-07-03,5,9,14,35.714285714285715,261.8867023654087
2020-07-06,6,8,14,42.857142857142854,269.68879870064796
2020-07-07,6,8,14,42.857142857142854,271.450517522941
2020-07-08,6,8,14,42.857142857142854,267.6935422969298
2020-07-09,6,8,14,42.857142857142854,269.61244969750993
2020-07-10,6,8,14,42.857142857142854,267.2545352446748
2020-07-13,6,8,14,42.857142857142854,269.523175911252
2020-07-14,6,8,14,42.857142857142854,264.61373306170793
2020-07-15,6,8,14,42.857142857142854,265.91803686869713
2020-07-16,5,9,14,35.714285714285715,267.78055209343006
2020-07-17,6,8,14,42.857142857142854,272.43406842240546
2020-07-20,6,8,14,42.857142857142854,274.5202368969445
2020-07-21,7,7,14,50.0,278.5915820867158
2020-07-22,6,8,14,42.857142857142854,275.7233791424147
2020-07-23,7,7,14,50.0,278.55513230009916
2020-07-24,6,8,14,42.857142857142854,274.62511546834725
2020-07-27,6,8,14,42.857142857142854,271.37342142490286
2020-07-28,8,6,14,57.14285714285714,277.8601747530474
2020-07-29,7,7,14,50.0,275.7749832554592
2020-07-30,7,7,14,50.0,274.2619394017694
2020-07-31,6,8,14,42.857142857142854,273.4555257298555
2020-08-03,6,8,14,42.857142857142854,275.08444868196597
2020-08-04,6,8,14,42.857142857142854,276.9137818178536
2020-08-05,9,5,14,64.28571428571429,280.8046536492371
2020-08-06,9,5,14,64.28571428571429,281.81229924582067
2020-08-07,9,5,14,64.28571428571429,286.25353133213537
2020-08-10,9,5,14,64.28571428571429,289.02415383144313
2020-08-11,10,4,14,71.42857142857143,288.7440551654394
2020-08-12,11,3,14,78.57142857142857,298.3091638241359
2020-08-13,12,2,14,85.71428571428571,308.1485299763986
2020-08-14,10,4,14,71.42857142857143,301.18997165976054
2020-08-17,10,4,14,71.42857142857143,307.53435944698174
2020-08-18,12,2,14,85.71428571428571,311.6704222822546
2020-08-19,12,2,14,85.71428571428571,312.5052107730103
2020-08-20,13,1,14,92.85714285714286,314.45250612790335
2020-08-21,13,1,14,92.85714285714286,315.53127459842074
2020-08-24,13,1,14,92.85714285714286,317.43108799161723
2020-08-25,13,1,14,92.85714285714286,320.3969905895402
2020-08-26,14,0,14,100.0,324.89708965244915
2020-08-27,14,0,14,100.0,327.4392602185573
2020-08-28,14,0,14,100.0,323.7367819107017
2020-08-31,13,1,14,92.85714285714286,313.14614387443254
2020-09-01,13,1,14,92.85714285714286,314.03636623476376
2020-09-02,14,0,14,100.0,317.3580046974859
2020-09-03,14,0,14,100.0,319.032336369503
2020-09-04,13,1,14,92.85714285714286,317.59914999781194
2020-09-07,13,1,14,92.85714285714286,317.56626058969505
2020-09-08,13,1,14,92.85714285714286,311.2293375388793
2020-09-09,13,1,14,92.85714285714286,310.14189500383134
2020-09-10,13,1,14,92.85714285714286,312.51492153652106
2020-09-11,13,1,14,92.85714285714286,312.5195888406346
2020-09-14,13,1,14,92.85714285714286,319.68517263678535
2020-09-15,13,1,14,92.85714285714286,323.20948831513783
2020-09-16,14,0,14,100.0,327.919175938897
2020-09-17,14,0,14,100.0,325.71649785243454
2020-09-18,14,0,14,100.0,327.2226156689761
2020-09-21,13,1,14,92.85714285714286,314.246123997292
2020-09-22,12,2,14,85.71428571428571,306.8741885485694
2020-09-23,13,1,14,92.85714285714286,305.63436428827134
2020-09-24,9,5,14,64.28571428571429,295.8455907941567
2020-09-25,13,1,14,92.85714285714286,306.77926734775207
2020-09-28,14,0,14,100.0,317.6956317139144
2020-09-29,14,0,14,100.0,317.32907169311403
2020-09-30,14,0,14,100.0,316.21002776137465
2020-10-01,14,0,14,100.0,319.4493717637867
2020-10-05,14,0,14,100.0,320.28958303189137
2020-10-06,14,0,14,100.0,323.17714516679484
2020-10-07,14,0,14,100.0,324.75874551891417
2020-10-08,14,0,14,100.0,324.145758622617
2020-10-09,14,0,14,100.0,322.9526719702997
2020-10-12,13,1,14,92.85714285714286,317.8942647908578
2020-10-13,12,2,14,85.71428571428571,315.8406916212186
2020-10-14,12,2,14,85.71428571428571,314.5509164985747
2020-10-15,12,2,14,85.71428571428571,310.18075590845217
2020-10-16,12,2,14,85.71428571428571,312.6983307640589
2020-10-19,12,2,14,85.71428571428571,309.0571664893521
2020-10-20,12,2,14,85.71428571428571,309.7553271658826
2020-10-21,12,2,14,85.71428571428571,309.2365835918624
2020-10-22,12,2,14,85.71428571428571,311.24411097642894
2020-10-23,14,0,14,100.0,319.80020713346914
2020-10-26,12,2,14,85.71428571428571,310.5614036520042
2020-10-27,13,1,14,92.85714285714286,314.36487609269267
2020-10-28,12,2,14,85.71428571428571,311.9222831091072
2020-10-29,12,2,14,85.71428571428571,309.62375619342765
2020-10-30,12,2,14,85.71428571428571,308.8610202267942
2020-11-02,12,2,14,85.71428571428571,309.1949194257794
2020-11-03,13,1,14,92.85714285714286,314.13881030328275
2020-11-04,13,1,14,92.85714285714286,316.20039137024696
2020-11-05,13,1,14,92.85714285714286,319.69194027626565
2020-11-06,13,1,14,92.85714285714286,322.2385128210406
2020-11-09,13,1,14,92.85714285714286,325.2454309554258
2020-11-10,13,1,14,92.85714285714286,331.3709066033408
2020-11-11,14,0,14,100.0,337.14196893460644
2020-11-12,13,1,14,92.85714285714286,339.12667437419753
2020-11-13,13,1,14,92.85714285714286,338.9385091173965
2020-11-14,13,1,14,92.85714285714286,340.31744296005655
2020-11-17,13,1,14,92.85714285714286,342.1090255447866
2020-11-18,13,1,14,92.85714285714286,350.74382238138566
2020-11-19,14,0,14,100.0,349.75801849692954
2020-11-20,14,0,14,100.0,351.4231373823921
2020-11-23,13,1,14,92.85714285714286,354.68838099953024
2020-11-24,14,0,14,100.0,360.9713182252684
2020-11-25,14,0,14,100.0,356.7460271148211
2020-11-26,14,0,14,100.0,357.4123344833048
2020-11-27,14,0,14,100.0,364.83087873944135
2020-12-01,14,0,14,100.0,368.248177138552
2020-12-02,14,0,14,100.0,370.9865146695511
2020-12-03,14,0,14,100.0,374.98316466300577
2020-12-04,14,0,14,100.0,377.8969947913608
2020-12-07,14,0,14,100.0,379.38596873302635
2020-12-08,14,0,14,100.0,377.94908852969075
2020-12-09,14,0,14,100.0,378.09046268794464
2020-12-10,14,0,14,100.0,374.97746508030826
2020-12-11,14,0,14,100.0,374.8169707748849
2020-12-14,14,0,14,100.0,372.24375217702595
2020-12-15,14,0,14,100.0,372.96853931748694
2020-12-16,14,0,14,100.0,377.4948297075754
2020-12-17,14,0,14,100.0,375.9451023159015
2020-12-18,14,0,14,100.0,375.7814195998076
2020-12-21,14,0,14,100.0,358.370320626655
2020-12-22,14,0,14,100.0,359.7543738056117
2020-12-23,14,0,14,100.0,366.81376935619636
2020-12-24,14,0,14,100.0,367.73349645444256
2020-12-28,14,0,14,100.0,372.2005176925392
2020-12-29,14,0,14,100.0,371.8824384044412
2020-12-30,14,0,14,100.0,373.5030012034069
2020-12-31,14,0,14,100.0,375.3188459807647
2021-01-01,14,0,14,100.0,378.73335492895404
2021-01-04,14,0,14,100.0,385.71648358505996
2021-01-05,14,0,14,100.0,387.262352744166
2021-01-06,14,0,14,100.0,384.43851140467154
2021-01-07,14,0,14,100.0,390.7210294663304
2021-01-08,14,0,14,100.0,399.339533381424
2021-01-11,14,0,14,100.0,407.5040012135518
2021-01-12,14,0,14,100.0,415.2343344166836
2021-01-13,14,0,14,100.0,415.5976600777466
2021-01-14,14,0,14,100.0,416.2588752007019
2021-01-15,14,0,14,100.0,414.2419773290107
2021-01-18,14,0,14,100.0,406.0421075372278
2021-01-19,14,0,14,100.0,415.50227308947365
2021-01-20,14,0,14,100.0,424.2448410696047
2021-01-21,14,0,14,100.0,423.17976618049846
2021-01-22,14,0,14,100.0,432.80727701499393
2021-01-25,14,0,14,100.0,429.363489321838
2021-01-27,14,0,14,100.0,420.58597337996514
2021-01-28,14,0,14,100.0,416.5877351775215
2021-01-29,14,0,14,100.0,410.18892294775446
2021-02-01,14,0,14,100.0,427.34951617617617
2021-02-02,14,0,14,100.0,445.73435058961326
2021-02-03,14,0,14,100.0,450.99803755372943
2021-02-04,14,0,14,100.0,454.23687426320674
2021-02-05,14,0,14,100.0,452.98091024532596
2021-02-08,14,0,14,100.0,470.04984289071905
2021-02-09,14,0,14,100.0,465.514286492272
2021-02-10,14,0,14,100.0,470.13035232833784
2021-02-11,14,0,14,100.0,471.0925712266159
2021-02-12,14,0,14,100.0,468.50005035666493
2021-02-15,14,0,14,100.0,473.29354528350945
2021-02-16,14,0,14,100.0,472.4660774421518
2021-02-17,14,0,14,100.0,476.50463366019864
2021-02-18,14,0,14,100.0,470.62163782888024
2021-02-19,14,0,14,100.0,459.1788596470459
2021-02-22,14,0,14,100.0,450.0808216665263
2021-02-23,14,0,14,100.0,454.7511338597186
2021-02-24,14,0,14,100.0,457.1919797019419
2021-02-25,14,0,14,100.0,462.71639564691316
2021-02-26,14,0,14,100.0,452.48557779531194
2021-03-01,14,0,14,100.0,461.3347849721513
2021-03-02,14,0,14,100.0,473.255266079122
2021-03-03,14,0,14,100.0,471.5709792160385
2021-03-04,14,0,14,100.0,470.3045002244765
2021-03-05,14,0,14,100.0,462.40168984156946
2021-03-08,14,0,14,100.0,462.5129925208169
2021-03-09,14,0,14,100.0,460.7496828516798
2021-03-10,14,0,14,100.0,464.8431813257427
2021-03-12,14,0,14,100.0,457.28888642988227
2021-03-15,14,0,14,100.0,457.42002948889586
2021-03-16,14,0,14,100.0,458.4731066845014
2021-03-17,14,0,14,100.0,449.33129231616016
2021-03-18,14,0,14,100.0,445.539113276136
2021-03-19,14,0,14,100.0,448.6690505178002
2021-03-22,14,0,14,100.0,445.09173655295393
2021-03-23,14,0,14,100.0,445.94977537230375
2021-03-24,14,0,14,100.0,435.4939571580095
2021-03-25,12,2,14,85.71428571428571,425.25968598267497
2021-03-26,12,2,14,85.71428571428571,431.43632303040863
2021-03-30,12,2,14,85.71428571428571,438.12279674245974
2021-03-31,12,2,14,85.71428571428571,437.6800022228848
2021-04-01,12,2,14,85.71428571428571,444.827626824251
2021-04-05,12,2,14,85.71428571428571,434.75893221229336
2021-04-06,12,2,14,85.71428571428571,433.97018841846113
2021-04-07,12,2,14,85.71428571428571,441.4740114688093
2021-04-08,12,2,14,85.71428571428571,444.0569872620211
2021-04-09,12,2,14,85.71428571428571,442.98131807631984
2021-04-12,12,2,14,85.71428571428571,419.71923127176575
2021-04-13,12,2,14,85.71428571428571,431.32831076161136
2021-04-15,12,2,14,85.71428571428571,424.80475452646454
2021-04-16,12,2,14,85.71428571428571,430.5383948880146
2021-04-19,9,5,14,64.28571428571429,419.71744347853496
2021-04-20,9,5,14,64.28571428571429,422.3420325787739
2021-04-22,9,5,14,64.28571428571429,425.8775119034948
2021-04-23,9,5,14,64.28571428571429,423.7544454762945
2021-04-26,9,5,14,64.28571428571429,426.22539446101194
2021-04-27,9,5,14,64.28571428571429,430.95167526862116
2021-04-28,11,3,14,78.57142857142857,443.5224146263568
2021-04-29,11,3,14,78.57142857142857,440.76948092369213
2021-04-30,11,3,14,78.57142857142857,435.00029472862076
2021-05-03,10,4,14,71.42857142857143,435.9136289510312
2021-05-04,10,4,14,71.42857142857143,432.42599484922175
2021-05-05,10,4,14,71.42857142857143,434.8875192234986
2021-05-06,12,2,14,85.71428571428571,441.7781336211489
2021-05-07,11,3,14,78.57142857142857,441.3223922480472
2021-05-10,12,2,14,85.71428571428571,446.8134032953234
2021-05-11,12,2,14,85.71428571428571,449.79771116528207
2021-05-12,12,2,14,85.71428571428571,449.689175120903
2021-05-14,11,3,14,78.57142857142857,438.964677779197
2021-05-17,12,2,14,85.71428571428571,448.56588511083777
2021-05-18,12,2,14,85.71428571428571,463.5408839463586
2021-05-19,12,2,14,85.71428571428571,463.2611112344841
2021-05-20,12,2,14,85.71428571428571,461.13905503725505
2021-05-21,12,2,14,85.71428571428571,461.88372398186857
2021-05-24,12,2,14,85.71428571428571,463.4548260066249
2021-05-25,12,2,14,85.71428571428571,465.3242562117774
2021-05-26,12,2,14,85.71428571428571,467.85435846652206
2021-05-27,12,2,14,85.71428571428571,468.4664212096506
2021-05-28,12,2,14,85.71428571428571,468.3229653844675
2021-05-31,12,2,14,85.71428571428571,470.99435905586427
2021-06-01,12,2,14,85.71428571428571,467.9207277057481
2021-06-02,13,1,14,92.85714285714286,476.3407002363582
2021-06-03,13,1,14,92.85714285714286,477.64494683686553
2021-06-04,13,1,14,92.85714285714286,483.0344552704596
2021-06-07,13,1,14,92.85714285714286,487.34827517513463
2021-06-08,13,1,14,92.85714285714286,491.10181232635045
2021-06-09,13,1,14,92.85714285714286,484.71723621431914
2021-06-10,13,1,14,92.85714285714286,485.0137443178964
2021-06-11,13,1,14,92.85714285714286,489.8896202050807
2021-06-14,13,1,14,92.85714285714286,488.02261231148884
2021-06-15,13,1,14,92.85714285714286,489.74599077542894
2021-06-16,12,2,14,85.71428571428571,485.3300055390668
2021-06-17,12,2,14,85.71428571428571,476.42475414016883
2021-06-18,12,2,14,85.71428571428571,472.3963447063132
2021-06-21,12,2,14,85.71428571428571,471.2357570069475
2021-06-22,13,1,14,92.85714285714286,474.59499647423416
2021-06-23,13,1,14,92.85714285714286,475.2926314216664
2021-06-24,12,2,15,85.71428571428571,474.88012378935906
2021-06-25,12,2,15,85.71428571428571,479.9943835177725
2021-06-28,13,1,15,92.85714285714286,478.08064602399895
2021-06-29,12,2,15,85.71428571428571,474.90815562685293
2021-06-30,12,2,15,85.71428571428571,474.9753796159447
2021-07-01,12,2,15,85.71428571428571,478.375256963915
2021-07-02,12,2,15,85.71428571428571,480.8026311884406
2021-07-05,13,1,15,92.85714285714286,483.05214788523045
2021-07-06,12,2,15,85.71428571428571,476.8593264327199
2021-07-07,12,2,15,85.71428571428571,478.5630598309955
2021-07-08,12,2,15,85.71428571428571,476.0675594322403
2021-07-09,12,2,15,85.71428571428571,478.24090309705747
2021-07-12,12,2,15,85.71428571428571,479.5161247024898
2021-07-13,12,2,15,85.71428571428571,483.93453722153043
2021-07-14,12,2,15,85.71428571428571,484.07505140430703
2021-07-15,12,2,15,85.71428571428571,482.61716969037263
2021-07-16,12,2,15,85.71428571428571,483.08558805324583
2021-07-19,11,3,15,78.57142857142857,478.2531381350128
2021-07-20,12,2,15,85.71428571428571,476.54704144208813
2021-07-22,12,2,15,85.71428571428571,477.6898937447999
2021-07-23,11,3,15,78.57142857142857,474.9806492258828
2021-07-26,11,3,15,78.57142857142857,471.71668269464266
2021-07-27,11,3,15,78.57142857142857,468.4643808026983
2021-07-28,9,5,15,64.28571428571429,467.43028849503963
2021-07-29,9,5,15,64.28571428571429,470.3351256601282
2021-07-30,9,5,15,64.28571428571429,474.5142608976118
2021-08-02,10,4,15,71.42857142857143,477.95118610758544
2021-08-03,11,3,15,78.57142857142857,485.91442180501457
2021-08-04,11,3,15,78.57142857142857,480.7807136770854
2021-08-05,10,4,15,71.42857142857143,478.0661123725391
2021-08-06,10,4,15,71.42857142857143,477.6357251041502
2021-08-09,11,3,15,78.57142857142857,481.65896880995086
2021-08-10,10,4,15,71.42857142857143,476.87397261627933
2021-08-11,10,4,15,71.42857142857143,478.3820280347979
2021-08-12,10,4,15,71.42857142857143,479.7268637822414
2021-08-13,9,5,15,64.28571428571429,479.8606935334969
2021-08-16,8,6,15,57.14285714285714,475.7511602647246
2021-08-17,8,6,15,57.14285714285714,475.0991466378565
2021-08-18,9,5,15,64.28571428571429,472.67252094145766
2021-08-20,9,5,15,64.28571428571429,461.26015536566933
2021-08-23,6,8,15,42.857142857142854,454.4173091053883
2021-08-24,8,6,15,57.14285714285714,459.67602979329615
2021-08-25,7,7,15,50.0,462.2786595653654
2021-08-26,8,6,15,57.14285714285714,459.11015078506904
2021-08-27,8,6,15,57.14285714285714,460.842009911652
2021-08-30,8,6,15,57.14285714285714,470.6595990348753
2021-08-31,9,5,15,64.28571428571429,473.5831144452725
2021-09-01,8,6,15,57.14285714285714,475.91563238593943
2021-09-02,8,6,15,57.14285714285714,475.77667223369826
2021-09-03,9,5,15,64.28571428571429,482.542253524071
2021-09-06,9,5,15,64.28571428571429,485.4758245550544
2021-09-07,8,6,15,57.14285714285714,485.00776249789607
2021-09-08,8,6,15,57.14285714285714,482.41381126760905
2021-09-09,7,7,15,50.0,484.12884561158586
2021-09-13,8,6,15,57.14285714285714,485.87183979038014
2021-09-14,9,5,15,64.28571428571429,489.7358489850752
2021-09-15,9,5,15,64.28571428571429,495.3584305910863
2021-09-16,9,5,15,64.28571428571429,499.681679189585
2021-09-17,9,5,15,64.28571428571429,497.2361721944206
2021-09-20,9,5,15,64.28571428571429,491.35325387188607
2021-09-21,9,5,15,64.28571428571429,491.56334168913196
2021-09-22,9,5,15,64.28571428571429,496.3193001388351
2021-09-23,9,5,15,64.28571428571429,499.9002872713872
2021-09-24,9,5,15,64.28571428571429,498.2030273110341
2021-09-27,11,3,15,78.57142857142857,509.9959629369459
2021-09-28,11,3,15,78.57142857142857,505.48537511524023
2021-09-29,11,3,15,78.57142857142857,504.47054112424394
2021-09-30,11,3,15,78.57142857142857,501.78276900386294
2021-10-01,11,3,15,78.57142857142857,501.11936952988617
2021-10-04,11,3,15,78.57142857142857,502.2888392761653
2021-10-05,11,3,15,78.57142857142857,504.1823013498013
2021-10-06,11,3,15,78.57142857142857,501.4986948351167
2021-10-07,11,3,15,78.57142857142857,524.3059344452818
2021-10-08,11,3,15,78.57142857142857,525.963572918796
2021-10-11,12,2,15,85.71428571428571,535.7595960325416
2021-10-12,12,2,15,85.71428571428571,541.6522797249615
2021-10-13,13,1,15,92.85714285714286,560.8748203270138
2021-10-14,12,2,15,85.71428571428571,556.8050137223239
2021-10-18,12,2,15,85.71428571428571,555.4171808827308
2021-10-19,12,2,15,85.71428571428571,543.4289970593621
2021-10-20,11,3,15,78.57142857142857,534.656326570542
2021-10-21,11,3,15,78.57142857142857,536.2673136386702
2021-10-22,11,3,15,78.57142857142857,535.0915664393416
2021-10-25,10,4,15,71.42857142857143,525.5739920224653
2021-10-26,10,4,15,71.42857142857143,536.0979594016976
2021-10-27,10,4,15,71.42857142857143,533.3842225107103
2021-10-28,10,4,15,71.42857142857143,531.8069345508771
2021-10-29,10,4,15,71.42857142857143,532.9856944647961
2021-11-01,10,4,15,71.42857142857143,541.3379775448332
2021-11-02,10,4,15,71.42857142857143,550.0667320319584
2021-11-03,10,4,15,71.42857142857143,545.2890044144344
2021-11-04,11,3,15,78.57142857142857,554.0512855925699
2021-11-08,11,3,15,78.57142857142857,562.5443099698045
2021-11-09,11,3,15,78.57142857142857,569.8436736222276
2021-11-10,11,3,15,78.57142857142857,573.8437020960818
2021-11-11,11,3,15,78.57142857142857,567.2259753177882
2021-11-12,11,3,15,78.57142857142857,570.8162012083776
2021-11-15,11,3,15,78.57142857142857,570.1574953879181
2021-11-16,11,3,15,78.57142857142857,578.8641667321954
2021-11-17,11,3,15,78.57142857142857,579.4031382051455
2021-11-18,10,4,15,71.42857142857143,564.7736677428584
2021-11-22,10,4,15,71.42857142857143,547.0837000612944
2021-11-23,10,4,15,71.42857142857143,552.2722783434962
2021-11-24,10,4,15,71.42857142857143,548.923682760889
2021-11-25,10,4,15,71.42857142857143,548.145151542945
2021-11-26,7,7,15,50.0,524.2349063746778
2021-11-29,7,7,15,50.0,523.0269415259587
2021-11-30,6,8,15,42.857142857142854,520.8656493523114
2021-12-01,7,7,15,50.0,525.93104750752
2021-12-02,7,7,15,50.0,531.8059858655257
2021-12-03,7,7,15,50.0,527.2312897602853
2021-12-06,6,8,15,42.857142857142854,518.8671068788756
2021-12-07,7,7,15,50.0,526.3993094060695
2021-12-08,9,5,15,64.28571428571429,539.4423069956608
2021-12-09,9,5,15,64.28571428571429,541.67228635078
2021-12-10,10,4,15,71.42857142857143,544.7910601559321
2021-12-13,9,5,15,64.28571428571429,548.421197030211
2021-12-14,9,5,15,64.28571428571429,542.6730592420598
2021-12-15,9,5,15,64.28571428571429,542.4146171492146
2021-12-16,9,5,15,64.28571428571429,538.1400891528626
2021-12-17,7,7,15,50.0,525.1139123620579
2021-12-20,7,7,15,50.0,510.50024142583356
2021-12-21,7,7,15,50.0,518.4490400532111
2021-12-22,7,7,15,50.0,528.3722664706385
2021-12-23,8,6,15,57.14285714285714,533.5066757899061
2021-12-24,7,7,15,50.0,529.6658267946946
2021-12-27,7,7,15,50.0,531.007054230926
2021-12-28,7,7,15,50.0,539.1239708035948
2021-12-29,7,7,15,50.0,538.5822905875278
2021-12-30,7,7,15,50.0,537.0802977308045
2021-12-31,7,7,15,50.0,546.1723275688729
2022-01-03,9,5,15,64.28571428571429,554.8208564639872
2022-01-04,9,5,15,64.28571428571429,555.9088643925691
2022-01-05,9,5,15,64.28571428571429,558.3339968915715
2022-01-06,11,3,15,78.57142857142857,562.3089579879746
2022-01-07,11,3,15,78.57142857142857,563.2186163421455
2022-01-10,11,3,15,78.57142857142857,570.5641851438037
2022-01-11,11,3,15,78.57142857142857,570.323931814894
2022-01-12,11,3,15,78.57142857142857,576.4548146887174
2022-01-13,11,3,15,78.57142857142857,574.3502310634826
2022-01-14,10,4,15,71.42857142857143,565.9286358308245
2022-01-17,11,3,15,78.57142857142857,575.9369152433364
2022-01-18,11,3,15,78.57142857142857,564.08038784714
2022-01-19,11,3,15,78.57142857142857,564.9066939778423
2022-01-20,11,3,15,78.57142857142857,561.1983369182976
2022-01-21,10,4,15,71.42857142857143,556.1675537252622
2022-01-24,9,5,15,64.28571428571429,540.4231607882045
2022-01-25,10,4,15,71.42857142857143,543.4969927061758
2022-01-27,9,5,15,64.28571428571429,540.2820716053287
2022-01-28,8,7,15,53.333333333333336,541.5058926538331
2022-01-31,10,5,15,66.66666666666666,551.1533995799958
2022-02-01,10,5,15,66.66666666666666,552.7131062225149
2022-02-02,11,4,15,73.33333333333333,556.3464033220218
2022-02-03,12,3,15,80.0,559.1149389018236
2022-02-04,9,6,15,60.0,553.844141227575
2022-02-07,9,6,15,60.0,548.2849902609425
2022-02-08,9,6,15,60.0,543.4102375167233
2022-02-09,10,5,15,66.66666666666666,553.7449929346532
2022-02-10,10,5,15,66.66666666666666,553.1033934450205
2022-02-11,9,6,15,60.0,544.3357048921707
2022-02-14,8,7,15,53.333333333333336,523.8412971511358
2022-02-15,11,4,15,73.33333333333333,545.003984184598
2022-02-16,10,5,15,66.66666666666666,543.118034184499
2022-02-17,10,5,15,66.66666666666666,541.0164558408991
2022-02-18,10,5,15,66.66666666666666,535.5019469230502
2022-02-21,9,6,15,60.0,531.5950391958697
2022-02-22,10,5,15,66.66666666666666,531.6992319320398
2022-02-23,9,6,15,60.0,528.8465497543591
2022-02-24,5,10,15,33.33333333333333,496.736884705642
2022-02-25,6,9,15,40.0,514.2028068425225
2022-02-28,6,9,15,40.0,510.0897896399241
2022-03-02,5,10,15,33.33333333333333,499.420139323492
2022-03-03,5,10,15,33.33333333333333,489.26391349105387
2022-03-04,3,12,15,20.0,472.3658854769759
2022-03-07,2,13,15,13.333333333333334,454.83643580657053
2022-03-08,2,13,15,13.333333333333334,458.51141090475824
2022-03-09,3,12,15,20.0,468.6241662425655
2022-03-10,3,12,15,20.0,480.0149990236491
2022-03-11,4,11,15,26.666666666666668,480.2590437253646
2022-03-14,4,11,15,26.666666666666668,483.0377479085934
2022-03-15,4,11,15,26.666666666666668,485.078513591057
2022-03-16,5,10,15,33.33333333333333,495.9229766103118
2022-03-17,5,10,15,33.33333333333333,505.9897412190711
2022-03-21,5,10,15,33.33333333333333,498.9769767053643
2022-03-22,5,10,15,33.33333333333333,503.65750439699593
2022-03-23,5,10,15,33.33333333333333,500.74299840933696
2022-03-24,5,10,15,33.33333333333333,499.59727263297367
2022-03-25,4,11,15,26.666666666666668,497.5625234531789
2022-03-28,5,10,15,33.33333333333333,499.92667148616397
2022-03-29,6,9,15,40.0,498.59863072434115
2022-03-30,7,8,15,46.666666666666664,503.78941210386284
2022-03-31,7,8,15,46.666666666666664,504.85288458301073
2022-04-01,8,7,15,53.333333333333336,508.4010895250861
2022-04-04,8,7,15,53.333333333333336,514.6615160360676
2022-04-05,8,7,15,53.333333333333336,523.4314278228452
2022-04-06,8,7,15,53.333333333333336,522.6542317828158
2022-04-07,8,7,15,53.333333333333336,519.4451022535501
2022-04-08,10,5,15,66.66666666666666,524.8985302171671
2022-04-11,9,6,15,60.0,524.3308417350488
2022-04-12,9,6,15,60.0,517.8480828434056
2022-04-13,8,7,15,53.333333333333336,514.7032818341594
2022-04-18,8,7,15,53.333333333333336,513.615641547818
2022-04-19,7,8,15,46.666666666666664,506.227527802499
2022-04-20,9,6,15,60.0,517.434510164026
2022-04-21,10,5,15,66.66666666666666,526.4314243029694
2022-04-22,10,5,15,66.66666666666666,523.1714369446144
2022-04-25,8,7,15,53.333333333333336,517.3134971499017
2022-04-26,10,5,15,66.66666666666666,532.2779611358994
2022-04-27,9,6,15,60.0,527.0004139996101
2022-04-28,10,5,15,66.66666666666666,529.6292704359836
2022-04-29,9,6,15,60.0,523.8380578943729
2022-05-02,8,7,15,53.333333333333336,516.5957394160941
2022-05-04,5,10,15,33.33333333333333,505.2763409924106
2022-05-05,5,10,15,33.33333333333333,507.4371746438153
2022-05-06,3,12,15,20.0,496.77661143263236
2022-05-09,3,12,15,20.0,491.4210757210479
2022-05-10,3,12,15,20.0,492.05916905580114
2022-05-11,4,11,15,26.666666666666668,484.50951576180216
2022-05-12,2,13,15,13.333333333333334,474.87354805867
2022-05-13,4,11,15,26.666666666666668,487.09865016246096
2022-05-16,5,10,15,33.33333333333333,495.2417429292465
2022-05-17,5,10,15,33.33333333333333,509.34203807593707
2022-05-18,6,9,15,40.0,508.8788295665445
2022-05-19,5,10,15,33.33333333333333,494.19481585371943
2022-05-20,8,7,15,53.333333333333336,508.82571647844765
2022-05-23,8,7,15,53.333333333333336,513.6179322098063
2022-05-24,7,8,15,46.666666666666664,512.0976608512375
2022-05-25,7,8,15,46.666666666666664,507.1021654572763
2022-05-26,8,7,15,53.333333333333336,512.3704613608693
2022-05-27,8,7,15,53.333333333333336,519.460256929544
2022-05-30,10,5,15,66.66666666666666,529.1284000102332
2022-05-31,9,6,15,60.0,531.7427427669553
2022-06-01,10,5,15,66.66666666666666,531.4848863208294
2022-06-02,8,7,15,53.333333333333336,528.581490016565
2022-06-03,7,8,15,46.666666666666664,519.9334693049167
2022-06-06,6,9,15,40.0,518.7443808074402
2022-06-07,8,7,15,53.333333333333336,520.4593115017888
2022-06-08,7,8,15,46.666666666666664,522.342635875852
2022-06-09,7,8,15,46.666666666666664,533.8528864343258
2022-06-10,7,8,15,46.666666666666664,532.34688764568
2022-06-13,7,8,15,46.666666666666664,523.8507338712636
2022-06-14,7,8,15,46.666666666666664,520.7968399984779
2022-06-15,7,8,15,46.666666666666664,525.3051882636837
2022-06-16,6,9,15,40.0,512.2487631369509
2022-06-17,5,10,15,33.33333333333333,508.16773520807
2022-06-20,6,9,15,40.0,503.83932345898256
2022-06-21,6,9,15,40.0,515.6156198578228
2022-06-22,6,9,15,40.0,508.8002931872689
2022-06-23,7,8,15,46.666666666666664,526.5714374632536
2022-06-24,7,8,15,46.666666666666664,538.3824804080081
2022-06-27,9,6,15,60.0,543.8657339029855
2022-06-28,9,6,15,60.0,550.427946517304
2022-06-29,9,6,15,60.0,553.4911129002294
2022-06-30,8,7,15,53.333333333333336,548.2681146318193
2022-07-01,10,5,15,66.66666666666666,550.4074228156683
2022-07-04,10,5,15,66.66666666666666,550.4613608343718
2022-07-05,9,6,15,60.0,548.5968559740668
2022-07-06,10,5,15,66.66666666666666,561.0652696665456
2022-07-07,9,6,15,60.0,549.0100595758018
2022-07-08,9,6,15,60.0,550.4698819714079
2022-07-11,9,6,15,60.0,558.7953342611389
2022-07-12,9,6,15,60.0,551.8901327175012
2022-07-13,9,6,15,60.0,551.8816618947913
2022-07-14,9,6,15,60.0,551.2674471319077
2022-07-15,9,6,15,60.0,559.7649819906156
2022-07-18,9,6,15,60.0,564.3507426773948
2022-07-19,9,6,15,60.0,570.5645648438059
2022-07-20,9,6,15,60.0,570.409152043073
2022-07-21,10,5,15,66.66666666666666,575.1502596612953
2022-07-22,10,5,15,66.66666666666666,577.3933440498814
2022-07-25,10,5,15,66.66666666666666,570.6843058753611
2022-07-26,10,5,15,66.66666666666666,564.9679015407153
2022-07-27,10,5,15,66.66666666666666,567.0161283638704
2022-07-28,10,5,15,66.66666666666666,568.5681764466196
2022-07-29,11,4,15,73.33333333333333,575.4601837298754
2022-08-01,12,3,15,80.0,589.2284774866524
2022-08-02,12,3,15,80.0,592.3199254242966
2022-08-03,11,4,15,73.33333333333333,587.4623282793498
2022-08-04,11,4,15,73.33333333333333,588.0758102019487
2022-08-05,12,3,15,80.0,622.6908020911542
2022-08-08,13,2,15,86.66666666666667,627.9537253769561
2022-08-10,12,3,15,80.0,627.1568707081924
2022-08-11,13,2,15,86.66666666666667,629.8809143373525
2022-08-12,13,2,15,86.66666666666667,632.738173994478
2022-08-16,13,2,15,86.66666666666667,646.3702166602295
2022-08-17,13,2,15,86.66666666666667,642.8121772288173
2022-08-18,13,2,15,86.66666666666667,637.8663713019766
2022-08-19,13,2,15,86.66666666666667,629.7833884582982
2022-08-22,11,4,15,73.33333333333333,618.4352089575268
2022-08-23,12,3,15,80.0,626.443222141767
2022-08-24,13,2,15,86.66666666666667,626.9148033056794
2022-08-25,13,2,15,86.66666666666667,626.5501370812267
2022-08-26,13,2,15,86.66666666666667,630.4127168730342
2022-08-29,12,3,15,80.0,624.7609180346733
2022-08-30,13,2,15,86.66666666666667,639.4661537980298
2022-09-01,13,2,15,86.66666666666667,644.9155800089411
2022-09-02,13,2,15,86.66666666666667,644.9027654948775
2022-09-05,13,2,15,86.66666666666667,651.71370616291
2022-09-06,13,2,15,86.66666666666667,652.4716294284767
2022-09-07,12,3,15,80.0,647.8263502079785
2022-09-08,12,3,15,80.0,650.1259820619587
2022-09-09,12,3,15,80.0,656.4850863817945
2022-09-12,12,3,15,80.0,658.8011496603973
2022-09-13,13,2,15,86.66666666666667,659.2782017382658
2022-09-14,12,3,15,80.0,654.9703266815625
2022-09-15,12,3,15,80.0,655.7919097827834
2022-09-16,12,3,15,80.0,637.5045898767689
2022-09-19,12,3,15,80.0,637.0503191970238
2022-09-20,12,3,15,80.0,649.8389916013504
2022-09-21,12,3,15,80.0,645.1362500557352
2022-09-22,12,3,15,80.0,646.6850166927259
2022-09-23,12,3,15,80.0,634.5732085942843
2022-09-26,10,5,15,66.66666666666666,614.7319892960384
2022-09-27,11,4,15,73.33333333333333,611.4304348007664
2022-09-28,9,6,15,60.0,608.5312686799174
2022-09-29,8,7,15,53.333333333333336,606.3917163016894
2022-09-30,9,6,15,60.0,615.5623390069753
2022-10-03,8,7,15,53.333333333333336,605.409485893139
2022-10-04,11,4,15,73.33333333333333,618.0008418360636
2022-10-06,12,3,15,80.0,627.7286049596403
2022-10-07,12,3,15,80.0,626.9930018658093
2022-10-10,11,4,15,73.33333333333333,622.5839398112795
2022-10-11,8,7,15,53.333333333333336,611.8765780216245
2022-10-12,11,4,15,73.33333333333333,616.1002589928704
2022-10-13,8,7,15,53.333333333333336,612.0012556466339
2022-10-14,8,7,15,53.333333333333336,609.0231627135819
2022-10-17,9,6,15,60.0,611.9767101127748
2022-10-18,10,5,15,66.66666666666666,616.884660221266
2022-10-19,11,4,15,73.33333333333333,619.6623845543187
2022-10-20,11,4,15,73.33333333333333,618.8693887424038
2022-10-21,10,5,15,66.66666666666666,614.795424847618
2022-10-24,11,4,15,73.33333333333333,619.5292882099629
2022-10-25,11,4,15,73.33333333333333,625.3641576958587
2022-10-27,11,4,15,73.33333333333333,627.2401345507202
2022-10-28,12,3,15,80.0,630.5133988623959
2022-10-31,12,3,15,80.0,638.7283797851038
2022-11-01,12,3,15,80.0,642.2101782659335
2022-11-02,12,3,15,80.0,638.282321599515
2022-11-03,12,3,15,80.0,637.7206311023984
2022-11-04,11,4,15,73.33333333333333,638.5465143935919
2022-11-07,12,3,15,80.0,645.8924777573716
2022-11-09,12,3,15,80.0,646.6670921224005
2022-11-10,12,3,15,80.0,638.8000014552181
2022-11-11,12,3,15,80.0,637.5917837622014
2022-11-14,12,3,15,80.0,639.2758182203561
2022-11-15,12,3,15,80.0,641.6585146095198
2022-11-16,12,3,15,80.0,639.1180689277427
2022-11-17,12,3,15,80.0,634.8795378295586
2022-11-18,11,4,15,73.33333333333333,630.1538718245297
2022-11-21,11,4,15,73.33333333333333,624.3108714332926
2022-11-22,11,4,15,73.33333333333333,625.7863537066902
2022-11-23,11,4,15,73.33333333333333,627.4944265413902
2022-11-24,11,4,15,73.33333333333333,630.5124659140897
2022-11-25,11,4,15,73.33333333333333,634.83491891388
2022-11-28,12,3,15,80.0,642.0231770710398
2022-11-29,11,4,15,73.33333333333333,640.0774297404354
2022-11-30,13,2,15,86.66666666666667,648.1318430641647
2022-12-01,13,2,15,86.66666666666667,647.7149613177469
2022-12-02,12,3,15,80.0,645.1763980330468
2022-12-05,11,4,15,73.33333333333333,644.5987506859442
2022-12-06,12,3,15,80.0,642.5897609289436
2022-12-07,11,4,15,73.33333333333333,636.353975502451
2022-12-08,11,4,15,73.33333333333333,639.0425528670679
2022-12-09,11,4,15,73.33333333333333,637.2528150549693
2022-12-12,11,4,15,73.33333333333333,637.6118140108001
2022-12-13,11,4,15,73.33333333333333,640.8869828961077
2022-12-14,11,4,15,73.33333333333333,646.735095233934
2022-12-15,11,4,15,73.33333333333333,641.4873543554761
2022-12-16,11,4,15,73.33333333333333,634.2185507980622
2022-12-19,11,4,15,73.33333333333333,642.5699115684756
2022-12-20,11,4,15,73.33333333333333,640.3575397615978
2022-12-21,11,4,15,73.33333333333333,630.7548258837928
2022-12-22,10,5,15,66.66666666666666,623.3426655106105
2022-12-23,9,6,15,60.0,605.119757299055
2022-12-26,10,5,15,66.66666666666666,616.7189558595996
2022-12-27,10,5,15,66.66666666666666,622.374761549378
2022-12-28,11,4,15,73.33333333333333,625.5260783857768
2022-12-29,11,4,15,73.33333333333333,625.9432846747391
2022-12-30,11,4,15,73.33333333333333,626.3505357905145
2023-01-02,12,3,15,80.0,629.2101620365231
2023-01-03,11,4,15,73.33333333333333,626.8333849323524
2023-01-04,11,4,15,73.33333333333333,621.614241333302
2023-01-05,12,3,15,80.0,628.5728396289971
2023-01-06,11,4,15,73.33333333333333,625.188376723013
2023-01-09,11,4,15,73.33333333333333,631.3731075553857
2023-01-10,11,4,15,73.33333333333333,634.5917185068763
2023-01-11,11,4,15,73.33333333333333,628.828547257402
2023-01-12,10,5,15,66.66666666666666,629.3634480816419
2023-01-13,12,3,15,80.0,630.1587915369406
2023-01-16,11,4,15,73.33333333333333,625.2972500082958
2023-01-17,11,4,15,73.33333333333333,627.4023506797326
2023-01-18,11,4,15,73.33333333333333,627.6883605016352
2023-01-19,11,4,15,73.33333333333333,625.9391609854196
2023-01-20,10,5,15,66.66666666666666,620.0146611958995
2023-01-23,10,5,15,66.66666666666666,624.18175041765
2023-01-24,11,4,15,73.33333333333333,629.7795281178157
2023-01-25,12,3,15,80.0,631.3384825752153
2023-01-27,13,2,15,86.66666666666667,636.5525685337782
2023-01-30,13,2,15,86.66666666666667,631.1708668823214
2023-01-31,13,2,15,86.66666666666667,641.3157706436692
2023-02-01,13,2,15,86.66666666666667,639.1696525426838
2023-02-02,12,3,15,80.0,638.407853060198
2023-02-03,12,3,15,80.0,643.6264614843077
2023-02-06,14,1,15,93.33333333333333,648.850322147859
2023-02-07,13,2,15,86.66666666666667,642.3224171596801
2023-02-08,13,2,15,86.66666666666667,643.5321286307333
2023-02-09,13,2,15,86.66666666666667,642.9347024685788
2023-02-10,13,2,15,86.66666666666667,646.3098570781924
2023-02-13,13,2,15,86.66666666666667,644.8215022336451
2023-02-14,12,3,15,80.0,641.9460281954223
2023-02-15,13,2,15,86.66666666666667,645.4700019809368
2023-02-16,13,2,15,86.66666666666667,646.5633022832794
2023-02-17,13,2,15,86.66666666666667,645.0920762418683
2023-02-20,13,2,15,86.66666666666667,648.5211643849933
2023-02-21,13,2,15,86.66666666666667,646.8163071652058
2023-02-22,12,3,15,80.0,640.1322889708927
2023-02-23,12,3,15,80.0,639.1410882567947
2023-02-24,11,4,15,73.33333333333333,637.1814218909685
2023-02-27,9,6,15,60.0,627.8747293505979
2023-02-28,9,6,15,60.0,632.0606009488065
2023-03-01,9,6,15,60.0,637.2747577331987
2023-03-02,8,7,15,53.333333333333336,635.7032105141819
2023-03-03,9,6,15,60.0,635.303827977124
2023-03-06,9,6,15,60.0,642.2544903745842
2023-03-08,11,4,15,73.33333333333333,647.8633550135561
2023-03-09,10,5,15,66.66666666666666,640.1242077802684
2023-03-10,9,6,15,60.0,636.2340412758143
2023-03-13,7,8,15,46.666666666666664,620.3840764242286
2023-03-14,7,8,15,46.666666666666664,617.3166207244451
2023-03-15,6,9,15,40.0,614.2505267478736
2023-03-16,6,9,15,40.0,610.1221717662452
2023-03-17,6,9,15,40.0,608.2839915471283
2023-03-20,6,9,15,40.0,600.1140494754515
2023-03-21,5,10,15,33.33333333333333,600.2562951695887
2023-03-22,5,10,15,33.33333333333333,603.4832306593486
2023-03-23,5,10,15,33.33333333333333,601.4750786583255
2023-03-24,5,10,15,33.33333333333333,597.4366110948826
2023-03-27,5,10,15,33.33333333333333,594.695405491413
2023-03-28,5,10,15,33.33333333333333,589.8596684213384
2023-03-29,5,10,15,33.33333333333333,602.6898856782724
2023-03-31,5,10,15,33.33333333333333,610.1710704495176
2023-04-03,5,10,15,33.33333333333333,616.7214940734707
2023-04-05,6,9,15,40.0,613.8353710904903
2023-04-06,6,9,15,40.0,617.7818538672377
2023-04-10,7,8,15,46.666666666666664,622.9620703157141
2023-04-11,7,8,15,46.666666666666664,628.8839756060929
2023-04-12,7,8,15,46.666666666666664,635.1995610835418
2023-04-13,7,8,15,46.666666666666664,637.5008257906154
2023-04-17,7,8,15,46.666666666666664,644.3430403398062
2023-04-18,8,7,15,53.333333333333336,644.7266240909006
2023-04-19,8,7,15,53.333333333333336,645.4792029591719
2023-04-20,8,7,15,53.333333333333336,645.3618762773497
2023-04-21,7,8,15,46.666666666666664,639.991456858502
2023-04-24,7,8,15,46.666666666666664,639.966317499297
2023-04-25,6,9,15,40.0,642.081501456708
2023-04-26,5,10,15,33.33333333333333,644.819673303783
2023-04-27,6,9,15,40.0,651.4742967156935
2023-04-28,10,5,15,66.66666666666666,659.1211267590548
2023-05-02,10,5,15,66.66666666666666,662.3419846504524
2023-05-03,9,6,15,60.0,659.2982045184384
2023-05-04,9,6,15,60.0,660.1151299782044
2023-05-05,9,6,15,60.0,661.1368319546098
2023-05-08,11,4,15,73.33333333333333,673.283330821399
2023-05-09,11,4,15,73.33333333333333,677.1873933715636
2023-05-10,12,3,15,80.0,682.7288460304327
2023-05-11,12,3,15,80.0,685.2446372325685
2023-05-12,14,1,15,93.33333333333333,688.0483393645443
2023-05-15,14,1,15,93.33333333333333,693.0852740560864
2023-05-16,13,2,15,86.66666666666667,690.3727892994277
2023-05-17,13,2,15,86.66666666666667,693.9217484028825
2023-05-18,13,2,15,86.66666666666667,689.6855033804978
2023-05-19,13,2,15,86.66666666666667,690.7431641736829
2023-05-22,13,2,15,86.66666666666667,689.3179929269431
2023-05-23,14,1,15,93.33333333333333,694.2806736999064
2023-05-24,14,1,15,93.33333333333333,692.907257476444
2023-05-25,13,2,15,86.66666666666667,695.2500865544808
2023-05-26,13,2,15,86.66666666666667,700.0227766441741
2023-05-29,13,2,15,86.66666666666667,704.1575496912257
2023-05-30,13,2,15,86.66666666666667,702.3691657485756
2023-05-31,13,2,15,86.66666666666667,704.5183462369577
2023-06-01,13,2,15,86.66666666666667,706.0453270174318
2023-06-02,13,2,15,86.66666666666667,712.6397885275611
2023-06-05,14,1,15,93.33333333333333,715.9042092996915
2023-06-06,14,1,15,93.33333333333333,721.1578074986891
2023-06-07,14,1,15,93.33333333333333,725.6471033566147
2023-06-08,15,0,15,100.0,721.1310846045375
2023-06-09,15,0,15,100.0,718.208587332157
2023-06-12,15,0,15,100.0,721.88495968315
2023-06-13,15,0,15,100.0,723.5538244261705
2023-06-14,15,0,15,100.0,722.5828492558849
2023-06-15,15,0,15,100.0,723.4605068961744
2023-06-16,15,0,15,100.0,730.1290431727268
2023-06-19,15,0,15,100.0,725.851689150559
2023-06-20,15,0,15,100.0,731.2520809601943
2023-06-21,14,1,15,93.33333333333333,736.3357764918746
2023-06-22,15,0,15,100.0,733.1356611120666
2023-06-23,14,1,15,93.33333333333333,725.6395706788536
2023-06-26,15,0,15,100.0,732.8310442864706
2023-06-27,15,0,15,100.0,732.4977413851773
2023-06-28,15,0,15,100.0,736.3789843681403
2023-06-30,15,0,15,100.0,748.2654756809188
2023-07-03,15,0,15,100.0,747.1429222455422
2023-07-04,15,0,15,100.0,742.0226472610979
2023-07-05,14,1,15,93.33333333333333,754.9744037717116
2023-07-06,14,1,15,93.33333333333333,760.2791890936103
2023-07-07,14,1,15,93.33333333333333,762.7258155725931
2023-07-10,14,1,15,93.33333333333333,760.6380953033978
2023-07-11,14,1,15,93.33333333333333,770.1294433777331
2023-07-12,14,1,15,93.33333333333333,773.4286921501327
2023-07-13,14,1,15,93.33333333333333,769.9017667932778
2023-07-14,14,1,15,93.33333333333333,776.5959718745397
2023-07-17,14,1,15,93.33333333333333,772.7702021533554
2023-07-18,14,1,15,93.33333333333333,773.2171069231954
2023-07-19,14,1,15,93.33333333333333,771.2191062642229
2023-07-20,14,1,15,93.33333333333333,774.3431026741973
2023-07-21,14,1,15,93.33333333333333,777.3467351048596
2023-07-24,14,1,15,93.33333333333333,777.7021964284572
2023-07-25,14,1,15,93.33333333333333,785.8722772723487
2023-07-26,15,0,15,100.0,786.1573820805148
2023-07-27,14,1,15,93.33333333333333,783.7437621800138
2023-07-28,15,0,15,100.0,780.7058641690273
2023-07-31,15,0,15,100.0,788.4579916532476
2023-08-01,15,0,15,100.0,789.2766653348812
2023-08-02,14,1,15,93.33333333333333,774.8924038085069
2023-08-03,15,0,15,100.0,773.6767955514816
2023-08-04,15,0,15,100.0,771.9438505410997
2023-08-07,15,0,15,100.0,774.7310984773088
2023-08-08,15,0,15,100.0,773.9551794923896
2023-08-09,15,0,15,100.0,780.6478111926759
2023-08-10,15,0,15,100.0,778.8473106552692
2023-08-11,15,0,15,100.0,778.4802725974629
2023-08-14,15,0,15,100.0,774.3786231784023
2023-08-16,15,0,15,100.0,778.9988109263361
2023-08-17,14,1,15,93.33333333333333,780.233305937456
2023-08-18,15,0,15,100.0,779.246116171552
2023-08-21,15,0,15,100.0,783.8925540109185
2023-08-22,15,0,15,100.0,789.298500494061
2023-08-23,15,0,15,100.0,786.9778227354079
2023-08-24,14,1,15,93.33333333333333,783.7440562892798
2023-08-25,15,0,15,100.0,779.4167194953095
2023-08-28,15,0,15,100.0,786.4302045516969
2023-08-29,15,0,15,100.0,790.6291116837953
2023-08-30,15,0,15,100.0,792.0297136938747
2023-08-31,15,0,15,100.0,793.4570559979763
2023-09-01,15,0,15,100.0,804.298894590306
2023-09-04,15,0,15,100.0,809.1557903142101
2023-09-05,15,0,15,100.0,811.529319084334
2023-09-06,15,0,15,100.0,809.9955655930738
2023-09-07,15,0,15,100.0,815.1893301870479
2023-09-08,15,0,15,100.0,820.4473981017561
2023-09-11,15,0,15,100.0,834.6772807395059
2023-09-12,15,0,15,100.0,812.9373308963656
2023-09-13,15,0,15,100.0,810.4016743156558
2023-09-14,15,0,15,100.0,819.2972968254701
2023-09-15,15,0,15,100.0,831.2215167717467
2023-09-18,15,0,15,100.0,834.3180154693168
2023-09-20,15,0,15,100.0,830.1811560735596
2023-09-21,15,0,15,100.0,816.6042383769246
2023-09-22,15,0,15,100.0,812.8440068716114
2023-09-25,15,0,15,100.0,814.0583885920497
2023-09-26,15,0,15,100.0,816.3402055122134
2023-09-27,15,0,15,100.0,816.4772776484552
2023-09-28,15,0,15,100.0,808.4171999754263
2023-09-29,15,0,15,100.0,812.1709044489845
2023-10-03,15,0,15,100.0,806.8158830704858
2023-10-04,15,0,15,100.0,795.9196440482555
2023-10-05,15,0,15,100.0,799.7884942903216
2023-10-06,15,0,15,100.0,803.3269504586931
2023-10-09,15,0,15,100.0,795.9673779643122
2023-10-10,15,0,15,100.0,805.1643148643972
2023-10-11,15,0,15,100.0,813.6837721877349
2023-10-12,15,0,15,100.0,819.2475577074687
2023-10-13,15,0,15,100.0,822.4160247820171
2023-10-16,15,0,15,100.0,827.7809433096353
2023-10-17,15,0,15,100.0,828.0390054803725
2023-10-18,15,0,15,100.0,825.798171829404
2023-10-19,15,0,15,100.0,829.7786351557502
2023-10-20,15,0,15,100.0,822.0530084868175
2023-10-23,15,0,15,100.0,805.8098108038587
2023-10-25,15,0,15,100.0,801.0449416018232
2023-10-26,15,0,15,100.0,795.6703045298204
2023-10-27,15,0,15,100.0,806.914839163624
2023-10-30,15,0,15,100.0,803.6128355035652
2023-10-31,14,1,15,93.33333333333333,800.3620742991011
2023-11-01,14,1,15,93.33333333333333,796.2594327829613
2023-11-02,15,0,15,100.0,801.8518861566507
2023-11-03,15,0,15,100.0,806.1821975742195
2023-11-06,15,0,15,100.0,816.4319858365413
2023-11-07,15,0,15,100.0,816.6805143084266
2023-11-08,15,0,15,100.0,821.5979940371079
2023-11-09,15,0,15,100.0,824.4604503960912
2023-11-10,15,0,15,100.0,822.9705415512392
2023-11-12,15,0,15,100.0,829.2819862979845
2023-11-13,15,0,15,100.0,825.9901377764694
2023-11-15,15,0,15,100.0,841.5785689091175
2023-11-16,15,0,15,100.0,847.1755951139976
2023-11-17,15,0,15,100.0,854.0775798589879
2023-11-20,15,0,15,100.0,850.1674964104716
2023-11-21,15,0,15,100.0,857.379106128984
2023-11-22,15,0,15,100.0,869.1035243999358
2023-11-23,15,0,15,100.0,872.3291568305244
2023-11-24,15,0,15,100.0,871.6099497406772
2023-11-28,15,0,15,100.0,876.5232652622902
2023-11-29,15,0,15,100.0,888.8506761788278
2023-11-30,15,0,15,100.0,891.1386455086381
2023-12-01,15,0,15,100.0,890.993520555973
2023-12-04,15,0,15,100.0,899.1477728649267
2023-12-05,15,0,15,100.0,901.3468755825083
2023-12-06,15,0,15,100.0,898.7664420120246
2023-12-07,15,0,15,100.0,905.0706253057875
2023-12-08,15,0,15,100.0,901.6438950979768
2023-12-11,15,0,15,100.0,910.2579609902639
2023-12-12,15,0,15,100.0,902.3949387666321
2023-12-13,15,0,15,100.0,912.3811648177133
2023-12-14,15,0,15,100.0,919.1807790859397
2023-12-15,15,0,15,100.0,915.496138712106
2023-12-18,15,0,15,100.0,921.9274191778321
2023-12-19,15,0,15,100.0,916.4335586851267
2023-12-20,15,0,15,100.0,893.0482583361504
2023-12-21,15,0,15,100.0,899.0702262362299
2023-12-22,15,0,15,100.0,910.4378461983824
2023-12-26,15,0,15,100.0,919.8654985627186
2023-12-27,15,0,15,100.0,933.201264940956
2023-12-28,15,0,15,100.0,940.3930439207585
2023-12-29,15,0,15,100.0,954.6376881618152
2024-01-01,15,0,15,100.0,957.7585908081824
2024-01-02,15,0,15,100.0,946.6778343106721
2024-01-03,15,0,15,100.0,943.5805894944135
2024-01-04,15,0,15,100.0,947.6341616465742
2024-01-05,15,0,15,100.0,955.4102699372249
2024-01-08,15,0,15,100.0,954.3527051720391
2024-01-09,15,0,15,100.0,962.1777025871428
2024-01-10,15,0,15,100.0,962.4683403128962
2024-01-11,15,0,15,100.0,975.3337644333582
2024-01-12,15,0,15,100.0,972.0853734697099
2024-01-15,15,0,15,100.0,969.8518039302971
2024-01-16,15,0,15,100.0,964.4019469974432
2024-01-17,15,0,15,100.0,950.6396773498011
2024-01-18,15,0,15,100.0,950.3622427321833
2024-01-19,15,0,15,100.0,959.8145720127537
2024-01-20,15,0,15,100.0,957.5783685746247
2024-01-23,15,0,15,100.0,943.122156135352
2024-01-24,15,0,15,100.0,954.295475086837
2024-01-25,15,0,15,100.0,955.663001590013
2024-01-29,15,0,15,100.0,971.6701215740717
2024-01-30,15,0,15,100.0,969.1477091408981
2024-01-31,15,0,15,100.0,985.8306537406355
2024-02-01,15,0,15,100.0,988.9517035909715
2024-02-02,15,0,15,100.0,992.5308493120175
2024-02-05,15,0,15,100.0,1002.9367276962375
2024-02-06,15,0,15,100.0,1013.641481818947
2024-02-07,15,0,15,100.0,1014.2451650885491
2024-02-08,15,0,15,100.0,999.5026535464938
2024-02-09,15,0,15,100.0,999.1978378408437
2024-02-12,15,0,15,100.0,977.7471593526068
2024-02-13,15,0,15,100.0,980.1528826933293
2024-02-14,15,0,15,100.0,993.1810706819454
2024-02-15,14,1,15,93.33333333333333,998.7556000514195
2024-02-16,15,0,15,100.0,1020.544998233604
2024-02-19,15,0,15,100.0,1021.12577993227
2024-02-20,15,0,15,100.0,1016.694413130462
2024-02-21,14,1,15,93.33333333333333,1005.9102460928058
2024-02-22,15,0,15,100.0,1018.6834805835301
2024-02-23,15,0,15,100.0,1024.301292002492
2024-02-26,15,0,15,100.0,1029.463181364689
2024-02-27,15,0,15,100.0,1034.577717420327
2024-02-28,14,1,15,93.33333333333333,1014.9982152819708
2024-02-29,14,1,15,93.33333333333333,1020.1534059463269
2024-03-01,14,1,15,93.33333333333333,1038.1525578688886
2024-03-02,14,1,15,93.33333333333333,1044.6564013218283
2024-03-04,14,1,15,93.33333333333333,1037.5459016920495
2024-03-05,14,1,15,93.33333333333333,1046.6787092749755
2024-03-06,14,1,15,93.33333333333333,1045.5937487962487
2024-03-07,14,1,15,93.33333333333333,1045.823010837319
2024-03-11,14,1,15,93.33333333333333,1040.782397785642
2024-03-12,14,1,15,93.33333333333333,1033.5551280301456
2024-03-13,14,1,15,93.33333333333333,998.8846768954501
2024-03-14,14,1,15,93.33333333333333,1011.3245673646591
2024-03-15,13,2,15,86.66666666666667,1000.1875970851302
2024-03-18,14,1,15,93.33333333333333,1010.1297802924666
2024-03-19,14,1,15,93.33333333333333,1004.3669785351783
2024-03-20,14,1,15,93.33333333333333,1007.8013514044383
2024-03-21,14,1,15,93.33333333333333,1027.2985242285988
2024-03-22,14,1,15,93.33333333333333,1041.0485746448683
2024-03-26,14,1,15,93.33333333333333,1045.5621872466277
2024-03-27,14,1,15,93.33333333333333,1047.535200509455
2024-03-28,14,1,15,93.33333333333333,1057.908762375515
2024-04-01,15,0,15,100.0,1059.2487569143823
2024-04-02,15,0,15,100.0,1065.9816213064976
2024-04-03,15,0,15,100.0,1061.460298286201
2024-04-04,15,0,15,100.0,1065.1549659724906
2024-04-05,15,0,15,100.0,1065.4165225582424
2024-04-08,15,0,15,100.0,1091.8733943361153
2024-04-09,15,0,15,100.0,1082.72933459572
2024-04-10,15,0,15,100.0,1085.9091329948137
2024-04-12,15,0,15,100.0,1086.3963653418978
2024-04-15,15,0,15,100.0,1078.6015956661427
2024-04-16,15,0,15,100.0,1094.0828211437185
2024-04-18,14,1,15,93.33333333333333,1085.1423101086446
2024-04-19,14,1,15,93.33333333333333,1084.6295511190247
2024-04-22,15,0,15,100.0,1094.896212578025
2024-04-23,15,0,15,100.0,1099.5465553973957
2024-04-24,15,0,15,100.0,1098.3704459494907
2024-04-25,15,0,15,100.0,1110.4118559378146
2024-04-26,15,0,15,100.0,1117.2749116112554
2024-04-29,15,0,15,100.0,1114.3174302296866
2024-04-30,15,0,15,100.0,1128.7319934365855
2024-05-02,15,0,15,100.0,1137.0351218516155
2024-05-03,15,0,15,100.0,1133.6309755735008
2024-05-06,15,0,15,100.0,1132.5433818798301
2024-05-07,15,0,15,100.0,1115.6015983454938
2024-05-08,15,0,15,100.0,1137.209773673187
2024-05-09,15,0,15,100.0,1137.8471152419547
2024-05-10,14,1,15,93.33333333333333,1148.4106324266374
2024-05-13,14,1,15,93.33333333333333,1138.6189695131504
2024-05-14,14,1,15,93.33333333333333,1156.496370095209
2024-05-15,15,0,15,100.0,1152.4683047753176
2024-05-16,15,0,15,100.0,1159.8124604776945
2024-05-17,15,0,15,100.0,1172.8789346848912
2024-05-18,15,0,15,100.0,1174.82632175174
2024-05-21,15,0,15,100.0,1175.836277906131
2024-05-22,15,0,15,100.0,1171.8946097054893
2024-05-23,15,0,15,100.0,1199.5244778911033
2024-05-24,15,0,15,100.0,1209.9152601094581
2024-05-27,15,0,15,100.0,1219.9689277767882
2024-05-28,15,0,15,100.0,1216.4195120349461
2024-05-29,15,0,15,100.0,1220.016668019472
2024-05-30,15,0,15,100.0,1211.9127182404363
2024-05-31,15,0,15,100.0,1206.879756214305
2024-06-03,15,0,15,100.0,1235.6255751265458
2024-06-04,15,0,15,100.0,1185.5011477256317
2024-06-05,15,0,15,100.0,1238.1094377831241
2024-06-06,15,0,15,100.0,1264.9568842272422
2024-06-07,15,0,15,100.0,1283.0002065645635
2024-06-10,15,0,15,100.0,1288.0021064735934
2024-06-11,15,0,15,100.0,1301.4126965309474
2024-06-12,15,0,15,100.0,1310.3257336543318
2024-06-13,15,0,15,100.0,1319.3087285594245
2024-06-14,15,0,15,100.0,1340.834176797371
2024-06-18,15,0,15,100.0,1347.701025467882
2024-06-19,15,0,15,100.0,1334.0476639798833
2024-06-20,15,0,15,100.0,1334.042568750319
2024-06-21,15,0,15,100.0,1323.9112363707495
2024-06-24,15,0,15,100.0,1339.785584934626
2024-06-25,15,0,15,100.0,1335.5484665251504
2024-06-26,15,0,15,100.0,1327.820033274305
2024-06-27,15,0,15,100.0,1335.0345787444487
2024-06-28,15,0,15,100.0,1332.9637553969933
2024-07-01,15,0,15,100.0,1344.8547196607483
2024-07-02,15,0,15,100.0,1338.1800684560094
2024-07-03,15,0,15,100.0,1342.721881711386
2024-07-04,15,0,15,100.0,1350.826547437841
2024-07-05,15,0,15,100.0,1352.9437806562235
2024-07-08,15,0,15,100.0,1346.9967556453075
2024-07-09,15,0,15,100.0,1367.6595689514756
2024-07-10,15,0,15,100.0,1354.3379240198665
2024-07-11,15,0,15,100.0,1351.0273799898027
2024-07-12,15,0,15,100.0,1339.797402625995
2024-07-15,15,0,15,100.0,1349.8214479520873
2024-07-16,15,0,15,100.0,1349.757949773856
2024-07-18,15,0,15,100.0,1345.5712766298652
2024-07-19,15,0,15,100.0,1312.13699557795
2024-07-22,15,0,15,100.0,1330.192701863698
2024-07-23,15,0,15,100.0,1332.4346431625988
2024-07-24,15,0,15,100.0,1326.4549465637301
2024-07-25,15,0,15,100.0,1336.6675330138555
2024-07-26,15,0,15,100.0,1369.7465142559827
2024-07-29,15,0,15,100.0,1376.8512346471446
2024-07-30,15,0,15,100.0,1376.1489675401704
2024-07-31,15,0,15,100.0,1378.1922449615017
2024-08-01,15,0,15,100.0,1368.7415894206054
2024-08-02,15,0,15,100.0,1344.1121967071724
2024-08-05,15,0,15,100.0,1292.1539629618028
2024-08-06,15,0,15,100.0,1285.4415444883587
2024-08-07,15,0,15,100.0,1308.8582307690872
2024-08-08,15,0,15,100.0,1302.4899778602353
2024-08-09,15,0,15,100.0,1328.679810006151
2024-08-12,15,0,15,100.0,1326.6106832472767
2024-08-13,15,0,15,100.0,1319.6152020592199
2024-08-14,15,0,15,100.0,1316.7552535785176
2024-08-16,15,0,15,100.0,1346.2199525691383
2024-08-19,15,0,15,100.0,1344.118995352454
2024-08-20,15,0,15,100.0,1354.2806160512032
2024-08-21,15,0,15,100.0,1358.6164255860278
2024-08-22,15,0,15,100.0,1364.8883374935695
2024-08-23,15,0,15,100.0,1370.7943361909906
2024-08-26,15,0,15,100.0,1375.1216025618755
2024-08-27,15,0,15,100.0,1374.962138207348
2024-08-28,15,0,15,100.0,1370.6187086847524
2024-08-29,15,0,15,100.0,1366.8266133747156
2024-08-30,15,0,15,100.0,1379.9301583872345
2024-09-02,15,0,15,100.0,1380.60997566489
2024-09-03,15,0,15,100.0,1378.5624209441562
2024-09-04,15,0,15,100.0,1379.1302338012983
2024-09-05,15,0,15,100.0,1379.688757488877
2024-09-06,15,0,15,100.0,1353.8399193630926
2024-09-09,15,0,15,100.0,1347.3780227582304
2024-09-10,15,0,15,100.0,1351.6759306721565
2024-09-11,15,0,15,100.0,1341.28954374445
2024-09-12,15,0,15,100.0,1366.1251261253674
2024-09-13,15,0,15,100.0,1375.6944041303386
2024-09-16,15,0,15,100.0,1377.0204382746301
2024-09-17,15,0,15,100.0,1381.7605674429312
2024-09-18,15,0,15,100.0,1368.8841926742693
2024-09-19,15,0,15,100.0,1373.7388088056553
2024-09-20,15,0,15,100.0,1404.6087082655197
2024-09-23,15,0,15,100.0,1418.888494829629
2024-09-24,15,0,15,100.0,1420.7170625001488
2024-09-25,15,0,15,100.0,1415.8071099379742
2024-09-26,15,0,15,100.0,1433.4420128683628
2024-09-27,15,0,15,100.0,1440.4056642827372
2024-09-30,15,0,15,100.0,1424.2387192653853
2024-10-01,15,0,15,100.0,1423.7339095559362
2024-10-03,14,1,15,93.33333333333333,1380.3583931013632
2024-10-04,14,1,15,93.33333333333333,1363.7557475596366
2024-10-07,14,1,15,93.33333333333333,1343.6433334537355
2024-10-08,14,1,15,93.33333333333333,1363.591364965509
2024-10-09,14,1,15,93.33333333333333,1381.6637951434136
2024-10-10,14,1,15,93.33333333333333,1379.885903044581
2024-10-11,14,1,15,93.33333333333333,1383.8679454426576
2024-10-14,14,1,15,93.33333333333333,1390.528733449616
2024-10-15,13,2,15,86.66666666666667,1379.2519903833938
2024-10-16,14,1,15,93.33333333333333,1370.1948153679596
2024-10-17,13,2,15,86.66666666666667,1327.0394486426094
2024-10-18,13,2,15,86.66666666666667,1334.0388509595543
2024-10-21,13,2,15,86.66666666666667,1328.6867957994782
2024-10-22,11,4,15,73.33333333333333,1302.7521313987834
2024-10-23,11,4,15,73.33333333333333,1306.39135640055
2024-10-24,13,2,15,86.66666666666667,1314.1372459459808
2024-10-25,11,4,15,73.33333333333333,1287.0415166642563
2024-10-28,11,4,15,73.33333333333333,1290.6789987836446
2024-10-29,10,5,15,66.66666666666666,1283.3085476601684
2024-10-30,12,3,15,80.0,1283.790428656013
2024-10-31,10,5,15,66.66666666666666,1279.2342370717167
2024-11-01,10,5,15,66.66666666666666,1288.8654999799742
2024-11-04,10,5,15,66.66666666666666,1270.4287749003827
2024-11-05,11,4,15,73.33333333333333,1278.162327918951
2024-11-06,12,3,15,80.0,1295.2943844308434
2024-11-07,11,4,15,73.33333333333333,1275.9321112319465
2024-11-08,9,6,15,60.0,1266.3479831408526
2024-11-11,9,6,15,60.0,1256.4002025246166
2024-11-12,9,6,15,60.0,1238.7917606358376
2024-11-13,6,9,15,40.0,1207.9272735037543
2024-11-14,8,7,15,53.333333333333336,1221.4146477700474
2024-11-18,8,7,15,53.333333333333336,1224.4254957375213
2024-11-19,8,7,15,53.333333333333336,1244.9325728471313
2024-11-21,7,8,15,46.666666666666664,1235.5154982127713
2024-11-22,8,7,15,53.333333333333336,1248.665941623418
2024-11-25,8,7,15,53.333333333333336,1256.4464429517539
2024-11-26,8,7,15,53.333333333333336,1247.711630253552
2024-11-27,8,7,15,53.333333333333336,1250.5284355548256
2024-11-28,7,8,15,46.666666666666664,1243.2127455921084
2024-11-29,7,8,15,46.666666666666664,1250.49034840295
2024-12-02,8,7,15,53.333333333333336,1254.358169297629
2024-12-03,8,7,15,53.333333333333336,1265.1692462957096
2024-12-04,7,8,15,46.666666666666664,1264.2177781742948
2024-12-05,8,7,15,53.333333333333336,1270.6561483747946
2024-12-06,8,7,15,53.333333333333336,1276.0968488960823
2024-12-09,8,7,15,53.333333333333336,1266.947333665418
2024-12-10,8,7,15,53.333333333333336,1264.076823329814
2024-12-11,8,7,15,53.333333333333336,1269.1179755495918
2024-12-12,6,9,15,40.0,1257.3461012720327
2024-12-13,6,9,15,40.0,1257.1097328029316
2024-12-16,7,8,15,46.666666666666664,1264.439511620731
2024-12-17,6,9,15,40.0,1241.1246792713332
2024-12-18,6,9,15,40.0,1230.906967338737
2024-12-19,6,9,15,40.0,1226.0771310117657
2024-12-20,5,10,15,33.33333333333333,1201.1144396943992
2024-12-23,5,10,15,33.33333333333333,1196.5882511780444
2024-12-24,6,9,15,40.0,1205.5090223413463
2024-12-26,6,9,15,40.0,1208.7145380327893
2024-12-27,5,10,15,33.33333333333333,1211.7604182387568
2024-12-30,5,10,15,33.33333333333333,1198.7223929531056
2024-12-31,5,10,15,33.33333333333333,1202.596995012914
2025-01-01,5,10,15,33.33333333333333,1211.786276704143
2025-01-02,6,9,15,40.0,1250.212553797856
2025-01-03,6,9,15,40.0,1245.7839480722055
2025-01-06,5,10,15,33.33333333333333,1218.1164220628636
2025-01-07,4,11,15,26.666666666666668,1214.713272011807
2025-01-08,4,11,15,26.666666666666668,1208.644332370106
2025-01-09,3,12,15,20.0,1199.8691839347196
2025-01-10,3,12,15,20.0,1185.2394289485947
2025-01-13,3,12,15,20.0,1146.7139714828243
2025-01-14,3,12,15,20.0,1171.5417038191215
2025-01-15,3,12,15,20.0,1170.973125767734
2025-01-16,3,12,15,20.0,1181.2580899935022
2025-01-17,4,11,15,26.666666666666668,1182.2881749120832
2025-01-20,3,12,15,20.0,1176.8194784336085
2025-01-21,3,12,15,20.0,1154.6238672100746
2025-01-22,2,13,15,13.333333333333334,1146.5987874940486
2025-01-23,2,13,15,13.333333333333334,1160.4468716218098
2025-01-24,2,13,15,13.333333333333334,1137.8365419432846
2025-01-27,2,13,15,13.333333333333334,1115.5413277284404
2025-01-28,3,12,15,20.0,1122.63516553866
2025-01-29,3,12,15,20.0,1135.8437637993304
2025-01-30,3,12,15,20.0,1139.3557767460975
2025-01-31,4,11,15,26.666666666666668,1162.0495877749897
2025-02-01,4,11,15,26.666666666666668,1172.363450274572
2025-02-03,4,11,15,26.666666666666668,1154.0170573031635
2025-02-04,5,10,15,33.33333333333333,1173.2530989836134
2025-02-05,5,10,15,33.33333333333333,1172.5988027693422
2025-02-06,5,10,15,33.33333333333333,1166.5531995817726
2025-02-07,5,10,15,33.33333333333333,1171.4383490485163
2025-02-10,5,10,15,33.33333333333333,1158.8388851774166
2025-02-11,4,11,15,26.666666666666668,1121.0678312853972
2025-02-12,4,11,15,26.666666666666668,1122.6757569499355
2025-02-13,2,13,15,13.333333333333334,1116.6445651242295
2025-02-14,2,13,15,13.333333333333334,1091.6543239280595
2025-02-17,1,14,15,6.666666666666667,1092.4225694699564
2025-02-18,1,14,15,6.666666666666667,1091.1766275745122
2025-02-19,1,14,15,6.666666666666667,1096.5071100841114
2025-02-20,3,12,15,20.0,1112.7361291814022
2025-02-21,2,13,15,13.333333333333334,1090.2612723536454
2025-02-24,2,13,15,13.333333333333334,1088.25695403329
2025-02-25,3,12,15,20.0,1088.9767837128418
2025-02-27,2,13,15,13.333333333333334,1071.5705289825312
2025-02-28,0,15,15,0.0,1038.1783902711745
2025-03-03,1,14,15,6.666666666666667,1044.6670873197982
2025-03-04,0,15,15,0.0,1033.5334485569547
2025-03-05,1,14,15,6.666666666666667,1061.4678040170954
2025-03-06,1,14,15,6.666666666666667,1071.281391631889
2025-03-07,1,14,15,6.666666666666667,1074.023988837161
2025-03-10,1,14,15,6.666666666666667,1058.3894725518462
2025-03-11,1,14,15,6.666666666666667,1061.002242002025
2025-03-12,1,14,15,6.666666666666667,1062.8068080339133
2025-03-13,1,14,15,6.666666666666667,1051.5083160078773
2025-03-17,1,14,15,6.666666666666667,1057.2748963159106
2025-03-18,1,14,15,6.666666666666667,1083.6678087115883
2025-03-19,1,14,15,6.666666666666667,1094.8868250553505
2025-03-20,1,14,15,6.666666666666667,1107.258637737758
2025-03-21,1,14,15,6.666666666666667,1114.485101108199
2025-03-24,1,14,15,6.666666666666667,1123.1014987812873
2025-03-25,1,14,15,6.666666666666667,1108.891504697638
2025-03-26,1,14,15,6.666666666666667,1111.4906953732796
2025-03-27,1,14,15,6.666666666666667,1100.6500063942276
2025-03-28,1,14,15,6.666666666666667,1090.3197585763214
2025-04-01,1,14,15,6.666666666666667,1090.3264545925404
2025-04-02,1,14,15,6.666666666666667,1098.8550203902478
2025-04-03,1,14,15,6.666666666666667,1085.2647071433357
2025-04-04,1,14,15,6.666666666666667,1047.621087040623
2025-04-07,1,14,15,6.666666666666667,1008.2199244247054
2025-04-08,1,14,15,6.666666666666667,1024.8865597559047
2025-04-09,1,14,15,6.666666666666667,1022.8400815918759
2025-04-11,2,13,15,13.333333333333334,1044.6270841089943
2025-04-15,2,13,15,13.333333333333334,1088.1134915688988
2025-04-16,2,13,15,13.333333333333334,1079.9089311541386
2025-04-17,2,13,15,13.333333333333334,1090.449392209159
2025-04-21,2,13,15,13.333333333333334,1114.7254977078271
2025-04-22,2,13,15,13.333333333333334,1115.3980006585784
2025-04-23,4,11,15,26.666666666666668,1139.7790466869571
2025-04-24,4,11,15,26.666666666666668,1133.8482791916128
2025-04-25,3,12,15,20.0,1112.4268832081325
2025-04-28,4,11,15,26.666666666666668,1128.0498219745414
2025-04-29,4,11,15,26.666666666666668,1135.5408701249664
2025-04-30,5,10,15,33.33333333333333,1127.983994493845
2025-05-02,4,11,15,26.666666666666668,1126.151793329329
2025-05-05,5,10,15,33.33333333333333,1150.5007955472263
2025-05-06,4,11,15,26.666666666666668,1145.1283388452032
2025-05-07,5,10,15,33.33333333333333,1165.8721084625088
2025-05-08,4,11,15,26.666666666666668,1143.9583454905237
2025-05-09,4,11,15,26.666666666666668,1143.1450794700863
2025-05-12,5,10,15,33.33333333333333,1186.8555157132266
2025-05-13,5,10,15,33.33333333333333,1179.238828746381
2025-05-14,5,10,15,33.33333333333333,1194.5079419703213
2025-05-15,6,9,15,40.0,1212.4109279413528
2025-05-16,5,10,15,33.33333333333333,1225.527833243407
2025-05-19,6,9,15,40.0,1233.1211207690492
2025-05-20,5,10,15,33.33333333333333,1206.3223878344363
2025-05-21,6,9,15,40.0,1214.5533071141938
2025-05-22,6,9,15,40.0,1213.8595235103005
2025-05-23,7,8,15,46.666666666666664,1217.5853799217127
2025-05-26,7,8,15,46.666666666666664,1228.6682564920175
2025-05-27,7,8,15,46.666666666666664,1224.0233396210183
2025-05-28,6,9,15,40.0,1216.7054224549397
2025-05-29,6,9,15,40.0,1223.7606256063805
2025-05-30,6,9,15,40.0,1215.4411563757167
2025-06-02,6,9,15,40.0,1213.278764905727
2025-06-03,6,9,15,40.0,1210.6980769940744
2025-06-04,6,9,15,40.0,1217.4536690263521
2025-06-05,6,9,15,40.0,1216.6645245076438
2025-06-06,7,8,15,46.666666666666664,1229.7452165121067
2025-06-09,8,7,15,53.333333333333336,1240.9973271147562
2025-06-10,8,7,15,53.333333333333336,1240.5878363511317
2025-06-11,8,7,15,53.333333333333336,1243.0647807747123
2025-06-12,7,8,15,46.666666666666664,1220.9400110586193
2025-06-13,7,8,15,46.666666666666664,1213.1590259777952
2025-06-16,8,7,15,53.333333333333336,1218.0140652848131
2025-06-17,8,7,15,53.333333333333336,1205.9767618780375
2025-06-18,8,7,15,53.333333333333336,1206.8312350126487
2025-06-19,8,7,15,53.333333333333336,1204.2597910458305
2025-06-20,8,7,15,53.333333333333336,1217.0227063756017
2025-06-23,7,8,15,46.666666666666664,1206.4311679821787
2025-06-24,7,8,15,46.666666666666664,1215.4427055983438
2025-06-25,7,8,15,46.666666666666664,1223.3889970487305
2025-06-26,8,7,15,53.333333333333336,1234.3161991494405
2025-06-27,8,7,15,53.333333333333336,1241.5671666848775
2025-06-30,8,7,15,53.333333333333336,1239.0314480761722
2025-07-01,8,7,15,53.333333333333336,1231.3750860760215
2025-07-02,8,7,15,53.333333333333336,1233.7992886864583
2025-07-03,8,7,15,53.333333333333336,1240.7263775850713
2025-07-04,9,6,15,60.0,1245.3836366419482
2025-07-07,9,6,15,60.0,1242.3315526953409
2025-07-08,9,6,15,60.0,1235.4839158394584
2025-07-09,10,5,15,66.66666666666666,1236.1256428533613
2025-07-10,9,6,15,60.0,1233.0451587750638
2025-07-11,7,8,15,46.666666666666664,1212.6103291078116
2025-07-14,7,8,15,46.666666666666664,1220.4592649132696
2025-07-15,9,6,15,60.0,1241.3619569936004
2025-07-16,9,6,15,60.0,1242.4444690468326
2025-07-17,9,6,15,60.0,1246.778888767037
2025-07-18,8,7,15,53.333333333333336,1237.3080443384817
2025-07-21,8,7,15,53.333333333333336,1243.4455782891825
2025-07-22,8,7,15,53.333333333333336,1228.7969720241576
2025-07-23,8,7,15,53.333333333333336,1240.279321552124
2025-07-24,9,6,15,60.0,1243.6309043758288
2025-07-25,8,7,15,53.333333333333336,1224.0402896613086
2025-07-28,9,6,15,60.0,1221.3329114425223
2025-07-29,9,6,15,60.0,1238.1100519570707
2025-07-30,8,7,15,53.333333333333336,1226.0767221878646
2025-07-31,8,7,15,53.333333333333336,1216.6545489161317
2025-08-01,8,7,15,53.333333333333336,1209.8939969540052
2025-08-04,8,7,15,53.333333333333336,1236.4037743364233
2025-08-05,8,7,15,53.333333333333336,1239.8334771610478
2025-08-06,8,7,15,53.333333333333336,1227.741868857239
2025-08-07,8,7,15,53.333333333333336,1234.8564721685166
2025-08-08,8,7,15,53.333333333333336,1215.9375621421102
2025-08-11,8,7,15,53.333333333333336,1229.4021183553964
2025-08-12,8,7,15,53.333333333333336,1228.4442385788982
2025-08-13,8,7,15,53.333333333333336,1246.9118667997936
2025-08-14,8,7,15,53.333333333333336,1250.7655753532508
2025-08-18,9,6,15,60.0,1292.2329175823622
2025-08-19,12,3,15,80.0,1317.2474382742307
2025-08-20,12,3,15,80.0,1315.1105650340576
2025-08-21,12,3,15,80.0,1308.2987409640275
2025-08-22,10,5,15,66.66666666666666,1303.8784958978783
2025-08-25,10,5,15,66.66666666666666,1310.3101890251605
2025-08-26,10,5,15,66.66666666666666,1307.4954346010818
2025-08-28,10,5,15,66.66666666666666,1300.9063759720427
2025-08-29,10,5,15,66.66666666666666,1294.7281504571565
2025-09-01,12,3,15,80.0,1332.1195848594718
2025-09-02,11,4,15,73.33333333333333,1331.9240382409105
2025-09-03,11,4,15,73.33333333333333,1336.7527471545288
2025-09-04,10,5,15,66.66666666666666,1329.489064426459
2025-09-05,10,5,15,66.66666666666666,1343.407844388839
2025-09-08,14,1,15,93.33333333333333,1387.1265739199425
2025-09-09,13,2,15,86.66666666666667,1382.5178056327018
2025-09-10,14,1,15,93.33333333333333,1375.580426766305
2025-09-11,14,1,15,93.33333333333333,1370.2725349764592
2025-09-12,14,1,15,93.33333333333333,1372.9330901900025
2025-09-15,14,1,15,93.33333333333333,1377.6194463066715
2025-09-16,14,1,15,93.33333333333333,1393.0387663603071
2025-09-17,14,1,15,93.33333333333333,1396.0319758928638
2025-09-18,14,1,15,93.33333333333333,1402.0098637381927
2025-09-19,14,1,15,93.33333333333333,1397.4835484564653
2025-09-22,13,2,15,86.66666666666667,1388.6863141653514
2025-09-23,14,1,15,93.33333333333333,1393.4193873467934
2025-09-24,13,2,15,86.66666666666667,1374.0759230737592
2025-09-25,13,2,15,86.66666666666667,1361.3080022874378
2025-09-26,12,3,15,80.0,1350.066725320554
2025-09-29,13,2,15,86.66666666666667,1352.6430970482793
2025-09-30,13,2,15,86.66666666666667,1358.2856708996558
2025-10-01,14,1,15,93.33333333333333,1366.6619126464764
2025-10-03,14,1,15,93.33333333333333,1370.2709999958963
2025-10-06,14,1,15,93.33333333333333,1374.367445651983
2025-10-07,14,1,15,93.33333333333333,1379.3283999790385
2025-10-08,13,2,15,86.66666666666667,1356.215151230768
2025-10-09,13,2,15,86.66666666666667,1362.5221323042229
2025-10-10,13,2,15,86.66666666666667,1364.9778189602716
2025-10-13,13,2,15,86.66666666666667,1364.89548048566
2025-10-14,13,2,15,86.66666666666667,1324.6351823956043
2025-10-15,13,2,15,86.66666666666667,1328.5294552855332
2025-10-16,13,2,15,86.66666666666667,1348.8193029027293
2025-10-17,13,2,15,86.66666666666667,1346.3356575047858
2025-10-20,13,2,15,86.66666666666667,1349.3227539128509
2025-10-21,13,2,15,86.66666666666667,1350.1168141605058
2025-10-23,13,2,15,86.66666666666667,1354.0055373881473
2025-10-24,13,2,15,86.66666666666667,1385.2330617802893
2025-10-27,13,2,15,86.66666666666667,1395.6463521371033
2025-10-28,14,1,15,93.33333333333333,1392.0673468048938
2025-10-29,14,1,15,93.33333333333333,1387.0725211401095
2025-10-30,14,1,15,93.33333333333333,1381.234493412325
2025-10-31,13,2,15,86.66666666666667,1379.8095110185855
2025-11-03,14,1,15,93.33333333333333,1384.973840523509
2025-11-04,13,2,15,86.66666666666667,1371.526634756753
2025-11-06,13,2,15,86.66666666666667,1366.6319762983069
2025-11-07,13,2,15,86.66666666666667,1369.0621601017053
2025-11-10,13,2,15,86.66666666666667,1379.758909616808
2025-11-11,13,2,15,86.66666666666667,1392.5086291656178
2025-11-12,14,1,15,93.33333333333333,1396.7476937817776
2025-11-13,13,2,15,86.66666666666667,1398.2148810721462
2025-11-14,14,1,15,93.33333333333333,1392.2810402163004
2025-11-17,14,1,15,93.33333333333333,1400.6111476880728
2025-11-18,14,1,15,93.33333333333333,1396.321696602764
2025-11-19,14,1,15,93.33333333333333,1404.1810883975481
2025-11-20,13,2,15,86.66666666666667,1409.1101060569654
2025-11-21,12,3,15,80.0,1396.6454416012189
2025-11-24,12,3,15,80.0,1393.5729696317496
2025-11-25,12,3,15,80.0,1391.3455112401625
2025-11-26,12,3,15,80.0,1410.4276114087663
2025-11-27,12,3,15,80.0,1413.4924874635171
2025-11-28,12,3,15,80.0,1415.7369201181605
2025-12-01,12,3,15,80.0,1428.338783378817
2025-12-02,12,3,15,80.0,1427.6153890532316
2025-12-03,12,3,15,80.0,1410.6865360750214
2025-12-04,12,3,15,80.0,1415.8752973519358
2025-12-05,12,3,15,80.0,1418.69556682323
2025-12-08,12,3,15,80.0,1397.0869642767989
2025-12-09,12,3,15,80.0,1393.012702202881
2025-12-10,11,4,15,73.33333333333333,1387.1028153531959
2025-12-11,12,3,15,80.0,1404.4801529361316
2025-12-12,12,3,15,80.0,1412.9009317839814
2025-12-15,12,3,15,80.0,1404.738543553036
2025-12-16,12,3,15,80.0,1401.7096862315648
2025-12-17,12,3,15,80.0,1397.8406052687355
2025-12-18,12,3,15,80.0,1388.6706044168818
2025-12-19,12,3,15,80.0,1412.020412959112
2025-12-22,12,3,15,80.0,1422.3876562445894
2025-12-23,12,3,15,80.0,1423.463426313188
2025-12-24,12,3,15,80.0,1418.1224699746278
2025-12-26,12,3,15,80.0,1410.2127410254639
2025-12-29,12,3,15,80.0,1404.07051465739
2025-12-30,12,3,15,80.0,1412.7351665830613
2025-12-31,12,3,15,80.0,1427.930242371646
2026-01-01,12,3,15,80.0,1439.695604175419
2026-01-02,12,3,15,80.0,1461.515544386866
2026-01-05,12,3,15,80.0,1462.867043682846
2026-01-06,12,3,15,80.0,1459.8064174482606
2026-01-07,11,4,15,73.33333333333333,1452.8749421371335
2026-01-08,11,4,15,73.33333333333333,1433.3035935230175
2026-01-09,11,4,15,73.33333333333333,1416.3495171201553
2026-01-12,11,4,15,73.33333333333333,1408.171552957744
2026-01-13,11,4,15,73.33333333333333,1404.5593593879876
2026-01-14,11,4,15,73.33333333333333,1396.1650861355065
2026-01-16,11,4,15,73.33333333333333,1396.1650861355065
2026-01-19,11,4,15,73.33333333333333,1390.3989438063275
2026-01-20,10,5,15,66.66666666666666,1355.6920295828377
2026-01-21,9,6,15,60.0,1350.4574448476096
2026-01-22,11,4,15,73.33333333333333,1374.7283110677567
2026-01-23,9,6,15,60.0,1353.7558860947217
2026-01-27,10,5,15,66.66666666666666,1358.414173994102
2026-01-28,11,4,15,73.33333333333333,1374.2790996393985
2026-01-29,11,4,15,73.33333333333333,1374.1387153481396
2026-01-30,12,3,15,80.0,1383.3782773130108
2026-02-01,9,6,15,60.0,1356.0570345577328
2026-02-02,12,3,15,80.0,1384.0619214102019
2026-02-03,12,3,15,80.0,1434.2921304724005
2026-02-04,12,3,15,80.0,1452.0024900446574
2026-02-05,12,3,15,80.0,1435.4841910448663
2026-02-06,11,4,15,73.33333333333333,1418.8927711257172
2026-02-09,11,4,15,73.33333333333333,1441.0014734316685
2026-02-10,11,4,15,73.33333333333333,1459.3415734097368
2026-02-11,12,3,15,80.0,1482.0947550541487
2026-02-12,12,3,15,80.0,1489.9492069509552
2026-02-13,11,4,15,73.33333333333333,1476.9198884856837
2026-02-16,11,4,15,73.33333333333333,1468.8356266232063
2026-02-17,11,4,15,73.33333333333333,1476.9433769165068
2026-02-18,11,4,15,73.33333333333333,1483.2764152658604
2026-02-19,11,4,15,73.33333333333333,1456.684646777204
2026-02-20,10,5,15,66.66666666666666,1468.8948013532072
2026-02-23,11,4,15,73.33333333333333,1478.7732113533878
2026-02-24,10,5,15,66.66666666666666,1473.8836765522265
2026-02-25,12,3,15,80.0,1504.2229802435836
2026-02-26,12,3,15,80.0,1520.3751074435763
2026-02-27,9,6,15,60.0,1497.3628929227157
2026-03-02,8,7,15,53.333333333333336,1464.7163716117807
2026-03-04,8,7,15,53.333333333333336,1423.8646433276283
2026-03-05,8,7,15,53.333333333333336,1445.2622519436782
2026-03-06,8,7,15,53.333333333333336,1430.9331756215704
2026-03-09,8,7,15,53.333333333333336,1376.5163085332147
2026-03-10,8,7,15,53.333333333333336,1415.4702181406594
2026-03-11,8,7,15,53.333333333333336,1377.8612682567589
2026-03-12,8,7,15,53.333333333333336,1345.6454798828559
2026-03-13,6,9,15,40.0,1292.2148403419008
2026-03-16,7,8,15,46.666666666666664,1303.6823643347236
2026-03-17,8,7,15,53.333333333333336,1330.9048622615182
2026-03-18,8,7,15,53.333333333333336,1356.9215028933788
2026-03-19,6,9,15,40.0,1305.4528030578367
2026-03-20,8,7,15,53.333333333333336,1317.4535648596388
2026-03-23,4,11,15,26.666666666666668,1272.864091476641
2026-03-24,7,8,15,46.666666666666664,1308.7781349472032
2026-03-25,8,7,15,53.333333333333336,1336.9487951572455
2026-03-27,6,9,15,40.0,1296.9161991856088
2026-03-30,3,12,15,20.0,1263.4780693718967
2026-04-01,4,11,15,26.666666666666668,1289.2549865712201
2026-04-02,2,13,15,13.333333333333334,1283.2638714858679
2026-04-06,3,12,15,20.0,1302.293669872436
2026-04-07,4,11,15,26.666666666666668,1302.6009272422561
2026-04-08,8,7,15,53.333333333333336,1390.6543248847809
2026-04-09,9,6,15,60.0,1383.898606963928
2026-04-10,9,6,15,60.0,1426.805877976745
2026-04-13,7,8,15,46.666666666666664,1405.3784829354572
2026-04-15,9,6,15,60.0,1430.2693614758566
2026-04-16,8,7,15,53.333333333333336,1428.5089307117596
2026-04-17,8,7,15,53.333333333333336,1433.8574033307589
2026-04-20,10,5,15,66.66666666666666,1438.903227207768
2026-04-21,9,6,15,60.0,1446.746383682324
2026-04-22,9,6,15,60.0,1457.6769813048681
2026-04-23,9,6,15,60.0,1426.6120400954492
2026-04-24,8,7,15,53.333333333333336,1411.0932705632144
2026-04-27,9,6,15,60.0,1434.6452409357553
2026-04-28,9,6,15,60.0,1426.504696914354
2026-04-29,8,7,15,53.333333333333336,1432.9594833833892
2026-04-30,8,7,15,53.333333333333336,1422.5537037218285
2026-05-04,8,7,15,53.333333333333336,1418.1708665147128
2026-05-05,8,7,15,53.333333333333336,1420.870057183604
2026-05-06,8,7,15,53.333333333333336,1450.5670498625093
2026-05-07,11,4,15,73.33333333333333,1482.8614648508994
2026-05-08,9,6,15,60.0,1484.2085102097449
2026-05-11,9,6,15,60.0,1460.7162882298517
2026-05-12,7,8,15,46.666666666666664,1426.0492857269849
2026-05-13,7,8,15,46.666666666666664,1419.114190192624
2026-05-14,6,9,15,40.0,1420.6783940698338
2026-05-15,7,8,15,46.666666666666664,1425.8151686098756
2026-05-18,6,9,15,40.0,1399.2844969002656
2026-05-19,6,9,15,40.0,1405.696299061754
2026-05-20,5,10,15,33.33333333333333,1416.0337558907434
2026-05-21,5,10,15,33.33333333333333,1421.3887922569277
2026-05-22,5,10,15,33.33333333333333,1428.797205800484
2026-05-25,7,8,15,46.666666666666664,1452.2845544841457
2026-05-26,8,7,15,53.333333333333336,1459.2806665481799
2026-05-27,9,6,15,60.0,1490.6532208918795
2026-05-29,8,7,15,53.333333333333336,1467.0691632402056
2026-06-01,8,7,15,53.333333333333336,1445.1815102980077
2026-06-02,9,6,15,60.0,1459.2815183631012
2026-06-03,9,6,15,60.0,1457.588867359192
2026-06-04,9,6,15,60.0,1459.056547643944
2026-06-05,9,6,15,60.0,1459.39499377782
2026-06-08,7,8,15,46.666666666666664,1428.8138440511577
2026-06-09,9,6,15,60.0,1454.5050750236658
2026-06-10,9,6,15,60.0,1442.5865550740352
2026-06-11,8,7,15,53.333333333333336,1431.8191287260536
2026-06-12,9,6,15,60.0,1465.8055986093818
2026-06-15,9,6,15,60.0,1502.6675320897625
2026-06-22,8,7,15,53.333333333333336,1500.1088994279196
2026-06-23,8,7,15,53.333333333333336,1488.0665975132379
2026-06-24,8,7,15,53.333333333333336,1485.5278613883324
2026-06-25,9,6,15,60.0,1505.7330103024924
2026-06-29,8,7,15,53.333333333333336,1480.2171416454278
2026-06-30,7,8,15,46.666666666666664,1480.043491791823
2026-07-01,8,7,15,53.333333333333336,1492.624772715046
2026-07-02,10,5,15,66.66666666666666,1521.650079026925
2026-07-03,10,5,15,66.66666666666666,1517.0004532753694
2026-07-06,10,5,15,66.66666666666666,1533.15137033836
2026-07-07,10,5,15,66.66666666666666,1529.2782733880597
2026-07-08,9,6,15,60.0,1503.6050869979604
2026-07-09,9,6,15,60.0,1508.7656103484892
2026-07-10,9,6,15,60.0,1516.2012034096829
2026-07-13,9,6,15,60.0,1520.6221221758738
2026-07-14,9,6,15,60.0,1499.9016991554035
2026-07-15,9,6,15,60.0,1506.3592083946774
2026-07-16,8,7,15,53.333333333333336,1509.1801767660534
2026-07-17,9,6,15,60.0,1526.7083429018332
2026-07-20,9,6,15,60.0,1527.6235537497864
2026-07-21,9,6,15,60.0,1540.6663328321335
2026-07-22,9,6,15,60.0,1542.1568446415781
2026-07-23,9,6,15,60.0,1545.475678256815
2026-07-24,8,7,15,53.333333333333336,1533.8220384000704
2026-07-27,9,6,15,60.0,1552.6320348675802
2026-07-28,9,6,15,60.0,1557.1659477478534
2026-07-29,8,7,15,53.333333333333336,1561.2795419942292
2026-07-30,9,6,15,60.0,1584.587789184486
2026-07-31,12,3,15,80.0,1607.2332867299099
2026-08-03,12,3,15,80.0,1633.673319111297
2026-08-04,12,3,15,80.0,1630.4466724270085
2026-08-05,12,3,15,80.0,1659.2382597697028
2026-08-06,12,3,15,80.0,1647.568330349
2026-08-07,12,3,15,80.0,1681.6243046561126
2026-08-10,13,2,15,86.66666666666667,1675.9824781396574
2026-08-11,13,2,15,86.66666666666667,1671.4066191035065
2026-08-12,13,2,15,86.66666666666667,1674.7965544668837
2026-08-13,13,2,15,86.66666666666667,1672.5140412051737
2026-08-14,12,3,15,80.0,1657.1731270803975
2026-08-17,12,3,15,80.0,1663.7981797460218
2026-08-18,13,2,15,86.66666666666667,1674.8666461595533
2026-08-19,13,2,15,86.66666666666667,1667.7146476032267
2026-08-20,13,2,15,86.66666666666667,1671.1099269360823
2026-08-21,13,2,15,86.66666666666667,1661.6923559899692
2026-08-24,13,2,15,86.66666666666667,1655.8370982413073
2026-08-25,13,2,15,86.66666666666667,1658.6667389348515
