Date,Above,Below,Total,Percentage,Index_Close
2014-08-07,43,0,43,100.0,130.60514950430445
2014-08-08,43,0,43,100.0,129.30787328523925
2014-08-11,43,0,43,100.0,130.2600658780403
2014-08-12,43,0,43,100.0,131.7133043946498
2014-08-13,43,0,43,100.0,132.15894305391123
2014-08-14,43,0,43,100.0,133.0360448668835
2014-08-18,43,0,43,100.0,134.53912641979971
2014-08-19,43,0,43,100.0,135.79345963209403
2014-08-20,43,0,43,100.0,135.99503811399904
2014-08-21,43,0,43,100.0,136.41677826557046
2014-08-22,43,0,43,100.0,137.04091641025892
2014-08-25,43,0,43,100.0,136.63540844005908
2014-08-26,43,0,43,100.0,136.88009885117532
2014-08-27,43,0,43,100.0,137.88271782168272
2014-08-28,43,0,43,100.0,137.71520366078747
2014-09-01,43,0,43,100.0,139.78083593660259
2014-09-02,43,0,43,100.0,140.87993030176193
2014-09-03,43,0,43,100.0,141.8622288611557
2014-09-04,43,0,43,100.0,141.83442713265794
2014-09-05,43,0,43,100.0,142.0891223385015
2014-09-08,43,0,43,100.0,143.86560536353034
2014-09-09,43,0,43,100.0,143.6739259724729
2014-09-10,43,0,43,100.0,142.93575478517798
2014-09-11,43,0,43,100.0,143.1566945025295
2014-09-12,43,0,43,100.0,143.48852630601115
2014-09-15,43,0,43,100.0,142.70589193444277
2014-09-16,42,1,43,97.67441860465115,140.00361506492587
2014-09-17,42,1,43,97.67441860465115,140.7098818300309
2014-09-18,43,0,43,100.0,143.2617469100386
2014-09-19,43,0,43,100.0,143.47536811135592
2014-09-22,43,0,43,100.0,143.34984333709534
2014-09-23,43,0,43,100.0,141.1332485696044
2014-09-24,43,0,43,100.0,141.05183661317392
2014-09-25,42,1,43,97.67441860465115,139.13665565200205
2014-09-26,42,1,43,97.67441860465115,140.7537292783574
2014-09-29,42,1,43,97.67441860465115,141.06381340749417
2014-09-30,42,1,43,97.67441860465115,141.08170982184433
2014-10-01,42,1,43,97.67441860465115,140.9879016259467
2014-10-07,41,2,43,95.34883720930233,138.90313251205893
2014-10-08,42,1,43,97.67441860465115,138.71161451162902
2014-10-09,43,0,43,100.0,140.58664004738785
2014-10-10,42,1,43,97.67441860465115,138.33165386950304
2014-10-13,43,0,43,100.0,138.49869652076606
2014-10-14,43,0,43,100.0,138.55014223268748
2014-10-16,39,4,43,90.69767441860465,135.28578034073243
2014-10-17,40,3,43,93.02325581395348,135.76582650698313
2014-10-20,42,1,43,97.67441860465115,137.85655117380747
2014-10-21,42,1,43,97.67441860465115,138.80416371373963
2014-10-22,42,1,43,97.67441860465115,140.43158275372227
2014-10-23,42,1,43,97.67441860465115,140.94516196083185
2014-10-27,42,1,43,97.67441860465115,140.78773524761777
2014-10-28,42,1,43,97.67441860465115,141.00642213923214
2014-10-29,42,1,43,97.67441860465115,142.48356258891084
2014-10-30,43,0,43,100.0,143.66530311032176
2014-10-31,43,0,43,100.0,146.02195862123725
2014-11-03,43,0,43,100.0,145.75627525099787
2014-11-05,43,0,43,100.0,145.760069144515
2014-11-07,43,0,43,100.0,146.36477468177955
2014-11-10,43,0,43,100.0,146.25135395591394
2014-11-11,43,0,43,100.0,147.00272774603863
2014-11-12,43,0,43,100.0,147.15229964450342
2014-11-13,43,0,43,100.0,146.96267387714556
2014-11-14,43,0,43,100.0,147.70728988476665
2014-11-17,43,0,43,100.0,148.8833993086108
2014-11-18,43,0,43,100.0,148.7402357395205
2014-11-19,43,0,43,100.0,148.01105413246862
2014-11-20,43,0,43,100.0,148.6216271663133
2014-11-21,43,0,43,100.0,149.36685093401448
2014-11-24,43,0,43,100.0,149.84679763050096
2014-11-25,43,0,43,100.0,148.59665149010246
2014-11-26,43,0,43,100.0,148.8220706234165
2014-11-27,43,0,43,100.0,149.06900893493352
2014-11-28,43,0,43,100.0,150.7039340859588
2014-12-01,41,2,43,95.34883720930233,150.54299809580377
2014-12-02,41,2,43,95.34883720930233,150.60014817833732
2014-12-03,41,2,43,95.34883720930233,152.18081858965596
2014-12-04,41,2,43,95.34883720930233,152.6847910501653
2014-12-05,40,3,43,93.02325581395348,151.76861406901762
2014-12-08,39,4,43,90.69767441860465,150.6666570847882
2014-12-09,38,5,43,88.37209302325581,148.62001039259349
2014-12-10,38,5,43,88.37209302325581,149.01117928631365
2014-12-11,36,7,43,83.72093023255815,148.2195966855264
2014-12-12,36,7,43,83.72093023255815,147.0815421774605
2014-12-15,33,10,43,76.74418604651163,146.90926410041405
2014-12-16,35,8,43,81.3953488372093,144.1661422244556
2014-12-17,33,10,43,76.74418604651163,143.23399661020773
2014-12-18,35,8,43,81.3953488372093,145.9785131864244
2014-12-19,36,7,43,83.72093023255815,146.96042926945296
2014-12-22,38,5,43,88.37209302325581,148.3122556291073
2014-12-23,37,6,43,86.04651162790698,147.6841085194411
2014-12-24,34,9,43,79.06976744186046,146.2332212678862
2014-12-26,35,8,43,81.3953488372093,146.920301980819
2014-12-29,37,6,43,86.04651162790698,148.15777269842664
2014-12-30,37,6,43,86.04651162790698,148.59288137244314
2014-12-31,37,6,43,86.04651162790698,149.37005001863005
2015-01-01,39,4,43,90.69767441860465,149.44314859913186
2015-01-02,39,4,43,90.69767441860465,150.54712010318332
2015-01-05,37,6,43,86.04651162790698,150.33398323061985
2015-01-06,35,8,43,81.3953488372093,146.7929798075832
2015-01-07,34,9,43,79.06976744186046,147.4253650072191
2015-01-08,36,7,43,83.72093023255815,149.6861954108574
2015-01-09,36,7,43,83.72093023255815,150.36106364574363
2015-01-12,37,6,43,86.04651162790698,150.3618457559715
2015-01-13,36,7,43,83.72093023255815,150.692298771916
2015-01-14,35,8,43,81.3953488372093,150.60431181301334
2015-01-15,36,7,43,83.72093023255815,153.43507404745097
2015-01-16,37,6,43,86.04651162790698,154.48518869402852
2015-01-19,37,6,43,86.04651162790698,155.23708561192743
2015-01-20,37,6,43,86.04651162790698,156.82245182299368
2015-01-21,38,5,43,88.37209302325581,157.1478637246835
2015-01-22,36,7,43,83.72093023255815,157.98235294556486
2015-01-23,37,6,43,86.04651162790698,159.73383938453372
2015-01-27,38,5,43,88.37209302325581,161.38823336077485
2015-01-28,38,5,43,88.37209302325581,162.26073348080232
2015-01-29,38,5,43,88.37209302325581,162.3685198389802
2015-01-30,38,5,43,88.37209302325581,160.76657221570326
2015-02-02,36,7,43,83.72093023255815,161.28091777722912
2015-02-03,35,8,43,81.3953488372093,160.69261111924732
2015-02-04,36,7,43,83.72093023255815,160.2173746942136
2015-02-05,35,8,43,81.3953488372093,159.40728507419436
2015-02-06,35,8,43,81.3953488372093,157.6527243310926
2015-02-09,33,10,43,76.74418604651163,155.46320698566754
2015-02-10,33,10,43,76.74418604651163,156.51238549913916
2015-02-11,35,8,43,81.3953488372093,158.63440371274007
2015-02-12,35,8,43,81.3953488372093,160.52161922387054
2015-02-13,35,8,43,81.3953488372093,162.10583463583754
2015-02-16,35,8,43,81.3953488372093,161.95542938516652
2015-02-18,35,8,43,81.3953488372093,163.2928847438021
2015-02-19,36,7,43,83.72093023255815,163.4551040420831
2015-02-20,36,7,43,83.72093023255815,162.3799781057177
2015-02-23,36,7,43,83.72093023255815,160.82313222777412
2015-02-24,36,7,43,83.72093023255815,161.04600740961737
2015-02-25,36,7,43,83.72093023255815,160.507242704172
2015-02-26,36,7,43,83.72093023255815,158.93187253145607
2015-02-27,36,7,43,83.72093023255815,162.2126595036477
2015-02-28,36,7,43,83.72093023255815,163.4379705176243
2015-03-02,35,8,43,81.3953488372093,164.65205461278276
2015-03-03,34,9,43,79.06976744186046,165.5716957907558
2015-03-04,34,9,43,79.06976744186046,164.4398829384831
2015-03-05,34,9,43,79.06976744186046,164.30512238624826
2015-03-09,34,9,43,79.06976744186046,161.1446940832932
2015-03-10,35,8,43,81.3953488372093,160.55525649046677
2015-03-11,36,7,43,83.72093023255815,160.12317150043245
2015-03-12,35,8,43,81.3953488372093,161.4508070387789
2015-03-13,35,8,43,81.3953488372093,159.3611809036543
2015-03-16,35,8,43,81.3953488372093,158.65237535367044
2015-03-17,35,8,43,81.3953488372093,160.57015473782397
2015-03-18,35,8,43,81.3953488372093,159.6239504936145
2015-03-19,35,8,43,81.3953488372093,158.85230271311391
2015-03-20,34,9,43,79.06976744186046,157.48584414443755
2015-03-23,33,10,43,76.74418604651163,156.97391299070676
2015-03-24,33,10,43,76.74418604651163,156.55278897929625
2015-03-25,33,10,43,76.74418604651163,156.68289326823046
2015-03-26,32,11,43,74.4186046511628,154.05752267128702
2015-03-27,31,12,43,72.09302325581395,153.78584500531804
2015-03-30,33,10,43,76.74418604651163,156.25433800074643
2015-03-31,33,10,43,76.74418604651163,156.44596551073107
2015-04-01,34,9,43,79.06976744186046,158.05594391134986
2015-04-06,34,9,43,79.06976744186046,159.98382717916223
2015-04-07,34,9,43,79.06976744186046,160.96519733619093
2015-04-08,34,9,43,79.06976744186046,162.2965518504533
2015-04-09,35,8,43,81.3953488372093,162.89987844660698
2015-04-10,35,8,43,81.3953488372093,162.85080427808222
2015-04-13,34,9,43,79.06976744186046,163.5560414972959
2015-04-15,34,9,43,79.06976744186046,161.40895193210966
2015-04-16,34,9,43,79.06976744186046,160.8377845655306
2015-04-17,32,11,43,74.4186046511628,159.01403517147125
2015-04-20,30,13,43,69.76744186046511,156.2379670583513
2015-04-21,30,13,43,69.76744186046511,154.55954737242905
2015-04-22,31,12,43,72.09302325581395,155.12318705544794
2015-04-23,27,16,43,62.7906976744186,155.16010248005472
2015-04-24,27,16,43,62.7906976744186,153.56962504593255
2015-04-27,24,19,43,55.81395348837209,151.24810545600567
2015-04-28,26,17,43,60.46511627906976,152.41052514366936
2015-04-29,24,19,43,55.81395348837209,152.12110241022773
2015-04-30,24,19,43,55.81395348837209,151.38813231144843
2015-05-04,26,17,43,60.46511627906976,154.38857186601433
2015-05-05,26,17,43,60.46511627906976,155.2240107732929
2015-05-06,20,23,43,46.51162790697674,151.14543622642546
2015-05-07,20,23,43,46.51162790697674,149.66743492703867
2015-05-08,20,23,43,46.51162790697674,152.39133211247488
2015-05-11,27,16,43,62.7906976744186,155.17398751234128
2015-05-12,22,21,43,51.162790697674424,152.03024242553454
2015-05-13,23,20,43,53.48837209302325,153.73129959227055
2015-05-14,23,20,43,53.48837209302325,154.43580090293366
2015-05-15,23,20,43,53.48837209302325,155.02052194262365
2015-05-18,25,18,43,58.139534883720934,156.79740461320426
2015-05-19,26,17,43,60.46511627906976,156.9860581239255
2015-05-20,27,16,43,62.7906976744186,157.95170908363013
2015-05-21,27,16,43,62.7906976744186,158.4577527900134
2015-05-22,29,14,43,67.44186046511628,158.68979429668227
2015-05-25,27,16,43,62.7906976744186,157.46786410162193
2015-05-26,26,17,43,60.46511627906976,157.10063558596627
2015-05-27,27,16,43,62.7906976744186,156.64562443668345
2015-05-28,26,17,43,60.46511627906976,155.7701785266105
2015-05-29,28,15,43,65.11627906976744,157.13209253713637
2015-06-01,28,15,43,65.11627906976744,156.4989194576215
2015-06-02,23,20,43,53.48837209302325,153.38944776934304
2015-06-03,21,22,43,48.837209302325576,148.57858366835632
2015-06-04,22,21,43,51.162790697674424,148.61817262445248
2015-06-05,20,23,43,46.51162790697674,148.59267947486393
2015-06-08,18,25,43,41.86046511627907,146.7931305253776
2015-06-09,18,25,43,41.86046511627907,146.68650349711507
2015-06-10,18,25,43,41.86046511627907,148.5769056330377
2015-06-11,17,26,43,39.53488372093023,145.94395297317303
2015-06-12,16,27,43,37.2093023255814,145.6548697139769
2015-06-15,16,27,43,37.2093023255814,146.14512091580772
2015-06-16,17,26,43,39.53488372093023,146.6807391018759
2015-06-17,19,24,43,44.18604651162791,148.3918165214666
2015-06-18,19,24,43,44.18604651162791,149.91545705238977
2015-06-19,21,22,43,48.837209302325576,151.06454037648896
2015-06-22,23,20,43,53.48837209302325,152.76280024672266
2015-06-23,23,20,43,53.48837209302325,153.31677352559504
2015-06-24,23,20,43,53.48837209302325,152.15082362269825
2015-06-25,22,21,43,51.162790697674424,152.2220230819207
2015-06-26,23,20,43,53.48837209302325,152.5395368082152
2015-06-29,21,22,43,48.837209302325576,150.87018451407124
2015-06-30,23,20,43,53.48837209302325,151.96056767998104
2015-07-01,23,20,43,53.48837209302325,153.85314452943712
2015-07-02,23,20,43,53.48837209302325,154.09014038766855
2015-07-03,23,20,43,53.48837209302325,154.21452147764828
2015-07-06,24,19,43,55.81395348837209,154.78658254046923
2015-07-07,23,20,43,53.48837209302325,155.30341637795453
2015-07-08,22,21,43,51.162790697674424,152.8687686298593
2015-07-09,21,22,43,48.837209302325576,152.1968048129301
2015-07-10,22,21,43,51.162790697674424,152.60205902395467
2015-07-13,24,19,43,55.81395348837209,154.1084768344877
2015-07-14,24,19,43,55.81395348837209,153.83717517827552
2015-07-15,25,18,43,58.139534883720934,154.74747937131198
2015-07-16,24,19,43,55.81395348837209,156.29102607489475
2015-07-17,25,18,43,58.139534883720934,156.38047851525204
2015-07-20,25,18,43,58.139534883720934,156.4578640934117
2015-07-21,26,17,43,60.46511627906976,154.7019843233007
2015-07-22,26,17,43,60.46511627906976,156.2640116191582
2015-07-23,26,17,43,60.46511627906976,156.17127721850474
2015-07-24,25,18,43,58.139534883720934,155.1556385821539
2015-07-27,24,19,43,55.81395348837209,152.61779624685119
2015-07-28,25,18,43,58.139534883720934,152.42563295761968
2015-07-29,24,19,43,55.81395348837209,153.2936760107247
2015-07-30,24,19,43,55.81395348837209,154.57902596062482
2015-07-31,24,19,43,55.81395348837209,156.22421571996483
2015-08-03,24,19,43,55.81395348837209,156.66368950100048
2015-08-04,25,18,43,58.139534883720934,158.01275187608314
2015-08-05,28,15,43,65.11627906976744,159.3708664270507
2015-08-06,26,17,43,60.46511627906976,159.4061892716264
2015-08-07,25,18,43,58.139534883720934,159.16920762343355
2015-08-10,26,17,43,60.46511627906976,158.39133078332932
2015-08-11,25,18,43,58.139534883720934,156.87300305315966
2015-08-12,25,18,43,58.139534883720934,154.44094824979504
2015-08-13,24,19,43,55.81395348837209,154.01500553980446
2015-08-14,26,17,43,60.46511627906976,157.10476541193015
2015-08-17,27,16,43,62.7906976744186,156.53492177054687
2015-08-18,25,18,43,58.139534883720934,156.33027357003263
2015-08-19,26,17,43,60.46511627906976,156.5314629982873
2015-08-20,24,19,43,55.81395348837209,154.58742979576428
2015-08-21,23,20,43,53.48837209302325,153.30351663447956
2015-08-24,11,32,43,25.581395348837212,143.2496826592274
2015-08-25,16,27,43,37.2093023255814,145.1184211207235
2015-08-26,11,32,43,25.581395348837212,144.33579780451277
2015-08-27,15,28,43,34.883720930232556,147.09075860106384
2015-08-28,15,28,43,34.883720930232556,148.2726442996027
2015-08-31,15,28,43,34.883720930232556,147.44430710895372
2015-09-01,11,32,43,25.581395348837212,144.24126545955815
2015-09-02,12,31,43,27.906976744186046,143.16381261968542
2015-09-03,13,30,43,30.23255813953488,145.56150043572373
2015-09-04,12,31,43,27.906976744186046,142.64909331150332
2015-09-07,8,35,43,18.6046511627907,140.26902764762605
2015-09-08,10,33,43,23.25581395348837,142.26933074104886
2015-09-09,14,29,43,32.55813953488372,145.36196370361304
2015-09-10,15,28,43,34.883720930232556,144.98864430386124
2015-09-11,15,28,43,34.883720930232556,144.81197625011356
2015-09-14,14,29,43,32.55813953488372,146.9267279613537
2015-09-15,14,29,43,32.55813953488372,145.82313624792377
2015-09-16,15,28,43,34.883720930232556,146.78823962093847
2015-09-18,16,27,43,37.2093023255814,148.140259106808
2015-09-21,14,29,43,32.55813953488372,148.096925234115
2015-09-22,11,32,43,25.581395348837212,145.1343538651412
2015-09-23,11,32,43,25.581395348837212,145.2668622620656
2015-09-24,15,28,43,34.883720930232556,145.29929601379473
2015-09-28,12,31,43,27.906976744186046,144.18597137472062
2015-09-29,14,29,43,32.55813953488372,144.35337198119805
2015-09-30,15,28,43,34.883720930232556,146.5978837719481
2015-10-01,14,29,43,32.55813953488372,146.74512676648504
2015-10-05,16,27,43,37.2093023255814,149.79121204309712
2015-10-06,18,25,43,41.86046511627907,150.65665597693283
2015-10-07,19,24,43,44.18604651162791,151.48531282266754
2015-10-08,18,25,43,41.86046511627907,150.9248811871286
2015-10-09,18,25,43,41.86046511627907,151.72857987811346
2015-10-12,18,25,43,41.86046511627907,151.57046514043785
2015-10-13,19,24,43,44.18604651162791,151.34018468160616
2015-10-14,20,23,43,46.51162790697674,150.9720868126118
2015-10-15,20,23,43,46.51162790697674,152.47805932711609
2015-10-16,19,24,43,44.18604651162791,153.33607334289098
2015-10-19,17,26,43,39.53488372093023,153.34673017133963
2015-10-20,17,26,43,39.53488372093023,153.4478430734855
2015-10-21,17,26,43,39.53488372093023,153.28389571045827
2015-10-23,17,26,43,39.53488372093023,153.519301948065
2015-10-26,17,26,43,39.53488372093023,153.3284977435815
2015-10-27,17,26,43,39.53488372093023,153.25473303749507
2015-10-28,15,28,43,34.883720930232556,152.47688840841903
2015-10-29,16,27,43,37.2093023255814,151.64327496178862
2015-10-30,16,27,43,37.2093023255814,151.43062505854513
2015-11-02,17,26,43,39.53488372093023,151.32943465240928
2015-11-03,18,25,43,41.86046511627907,151.54634773268023
2015-11-04,17,26,43,39.53488372093023,151.2719089971329
2015-11-05,15,28,43,34.883720930232556,149.477226724044
2015-11-06,14,29,43,32.55813953488372,148.9097969022563
2015-11-09,14,29,43,32.55813953488372,148.12134465601656
2015-11-10,12,31,44,27.906976744186046,145.7915139968848
2015-11-11,11,32,44,25.581395348837212,146.95759241591736
2015-11-13,13,30,44,30.23255813953488,146.02507376803487
2015-11-16,13,30,44,30.23255813953488,146.80245784764745
2015-11-17,13,30,44,30.23255813953488,147.6776525347617
2015-11-18,12,31,44,27.906976744186046,146.37520065028127
2015-11-19,14,29,44,32.55813953488372,148.45084631911521
2015-11-20,16,27,44,37.2093023255814,148.6867251067394
2015-11-23,15,28,44,34.883720930232556,148.634319124581
2015-11-24,15,28,44,34.883720930232556,148.37452027337918
2015-11-26,15,28,44,34.883720930232556,149.39548026520413
2015-11-27,16,27,44,37.2093023255814,150.10278043613084
2015-11-30,15,28,44,34.883720930232556,150.043715828441
2015-12-01,18,25,44,41.86046511627907,150.62704677618208
2015-12-02,18,25,44,41.86046511627907,150.9296309033592
2015-12-03,15,28,44,34.883720930232556,149.80698093158657
2015-12-04,15,28,44,34.883720930232556,148.46653598240053
2015-12-07,15,28,44,34.883720930232556,148.41330022387018
2015-12-08,14,29,44,32.55813953488372,146.8811371009105
2015-12-09,12,31,44,27.906976744186046,144.94991377345738
2015-12-10,15,28,44,34.883720930232556,146.14463893584258
2015-12-11,12,31,44,27.906976744186046,144.8846144750575
2015-12-14,14,29,44,32.55813953488372,146.0528418727887
2015-12-15,17,26,44,39.53488372093023,147.14310387900338
2015-12-16,15,28,44,34.883720930232556,147.63742478870674
2015-12-17,16,27,44,37.2093023255814,149.71156721515143
2015-12-18,17,26,44,39.53488372093023,148.72112863437494
2015-12-21,19,24,44,44.18604651162791,149.8528910821156
2015-12-22,19,24,44,44.18604651162791,149.68060443244886
2015-12-23,18,25,44,41.86046511627907,151.18847966873062
2015-12-24,18,25,44,41.86046511627907,151.34093467697807
2015-12-28,18,25,44,41.86046511627907,152.3091027770808
2015-12-29,19,24,44,44.18604651162791,152.60798026784823
2015-12-30,19,24,44,44.18604651162791,152.2556088648077
2015-12-31,19,24,44,44.18604651162791,153.11315920599753
2016-01-01,19,24,44,44.18604651162791,154.13503518598043
2016-01-04,18,25,44,41.86046511627907,151.31381022108633
2016-01-05,19,24,44,44.18604651162791,151.63059679865495
2016-01-06,16,27,44,37.2093023255814,150.7150912286285
2016-01-07,14,29,44,32.55813953488372,146.92854476277338
2016-01-08,15,28,44,34.883720930232556,148.13734444037084
2016-01-11,16,27,44,37.2093023255814,146.99679147049883
2016-01-12,13,30,44,30.23255813953488,146.19842680708436
2016-01-13,15,28,44,34.883720930232556,146.50864758423785
2016-01-14,14,29,44,32.55813953488372,145.45841280493786
2016-01-15,12,31,44,27.906976744186046,142.84052715014215
2016-01-18,12,31,44,27.906976744186046,140.80613032000977
2016-01-19,11,32,44,25.581395348837212,142.70509880379598
2016-01-20,9,34,44,20.930232558139537,140.40416152828803
2016-01-21,8,35,44,18.6046511627907,139.849812982128
2016-01-22,11,32,44,25.581395348837212,142.41967293210195
2016-01-25,12,31,44,27.906976744186046,142.64002230908594
2016-01-27,11,32,44,25.581395348837212,142.71714652187296
2016-01-28,11,32,44,25.581395348837212,142.11389844231059
2016-01-29,15,28,44,34.883720930232556,144.58049671127603
2016-02-01,17,26,44,39.53488372093023,144.65407652383976
2016-02-02,16,27,44,37.2093023255814,141.93001614863286
2016-02-03,12,31,44,27.906976744186046,140.68846194003208
2016-02-04,12,31,44,27.906976744186046,141.5165952339841
2016-02-05,19,24,44,44.18604651162791,143.77738264740245
2016-02-08,12,31,44,27.906976744186046,142.63384671661814
2016-02-09,14,29,44,32.55813953488372,140.5383002261314
2016-02-10,12,31,44,27.906976744186046,139.2731055222589
2016-02-11,8,35,44,18.6046511627907,134.555948595541
2016-02-12,9,34,44,20.930232558139537,134.4492167443011
2016-02-15,10,33,44,23.25581395348837,138.81919964115446
2016-02-16,8,35,44,18.6046511627907,136.8250156919422
2016-02-17,10,33,44,23.25581395348837,137.91351044319842
2016-02-18,10,33,44,23.25581395348837,139.392058047851
2016-02-19,10,33,44,23.25581395348837,139.7894942689857
2016-02-22,13,30,44,30.23255813953488,140.28826217746828
2016-02-23,12,31,44,27.906976744186046,138.08731886334417
2016-02-24,11,32,44,25.581395348837212,136.59604015617387
2016-02-25,9,34,44,20.930232558139537,135.49424027539644
2016-02-26,10,33,44,23.25581395348837,136.41609086260502
2016-02-29,9,34,44,20.930232558139537,135.1460038635929
2016-03-01,13,30,44,30.23255813953488,139.3852853486267
2016-03-02,14,29,44,32.55813953488372,141.97135095986084
2016-03-03,14,29,44,32.55813953488372,143.95146694439944
2016-03-04,14,29,44,32.55813953488372,144.4042459030851
2016-03-08,13,30,44,30.23255813953488,144.34057839864377
2016-03-09,15,28,44,34.883720930232556,145.04458759561777
2016-03-10,15,28,44,34.883720930232556,144.69073596741393
2016-03-11,16,27,44,37.2093023255814,144.87992642892831
2016-03-14,16,27,44,37.2093023255814,145.485084964825
2016-03-15,13,30,44,30.23255813953488,144.40202743005258
2016-03-16,14,29,44,32.55813953488372,144.4982800868569
2016-03-17,14,29,44,32.55813953488372,145.2003690323804
2016-03-18,15,28,44,34.883720930232556,147.01754438713618
2016-03-21,18,25,44,41.86046511627907,148.91999300670724
2016-03-22,23,20,44,53.48837209302325,149.24874284298605
2016-03-23,24,19,44,55.81395348837209,150.047625200526
2016-03-28,19,24,44,44.18604651162791,147.5877120022433
2016-03-29,17,26,44,39.53488372093023,147.4549712011077
2016-03-30,23,20,44,53.48837209302325,150.5789864602189
2016-03-31,22,21,44,51.162790697674424,150.90485397880198
2016-04-01,22,21,44,51.162790697674424,150.37880039292637
2016-04-04,25,18,44,58.139534883720934,151.7528376224761
2016-04-05,21,22,44,48.837209302325576,148.69327318296368
2016-04-06,21,22,44,48.837209302325576,149.5875438655682
2016-04-07,19,24,44,44.18604651162791,148.66955537539943
2016-04-08,19,24,44,44.18604651162791,149.07388821310278
2016-04-11,24,19,44,55.81395348837209,151.4732013982766
2016-04-12,24,19,44,55.81395348837209,152.5457980729008
2016-04-13,29,14,44,67.44186046511628,155.3046024110436
2016-04-18,29,14,44,67.44186046511628,156.39784741251347
2016-04-20,29,14,44,67.44186046511628,157.0086308863574
2016-04-21,28,15,44,65.11627906976744,156.20827886628095
2016-04-22,28,15,44,65.11627906976744,156.24462909510274
2016-04-25,25,18,44,58.139534883720934,155.49916987023562
2016-04-26,27,16,44,62.7906976744186,157.378294682544
2016-04-27,29,14,44,67.44186046511628,157.9380619342432
2016-04-28,26,17,44,60.46511627906976,155.64685336880723
2016-04-29,27,16,44,62.7906976744186,155.48991409809872
2016-05-02,26,17,44,60.46511627906976,155.55887081938448
2016-05-03,26,17,44,60.46511627906976,154.5103935169157
2016-05-04,25,18,44,58.139534883720934,152.48705258856637
2016-05-05,24,19,44,55.81395348837209,152.6156606906473
2016-05-06,24,19,44,55.81395348837209,152.6808760417613
2016-05-09,26,17,44,60.46511627906976,154.2919745677499
2016-05-10,25,18,44,58.139534883720934,154.19316380696716
2016-05-11,25,18,44,58.139534883720934,153.8865040641169
2016-05-12,25,18,44,58.139534883720934,155.1514496580103
2016-05-13,25,18,44,58.139534883720934,153.60075566035874
2016-05-16,27,16,44,62.7906976744186,154.17420489944814
2016-05-17,26,17,44,60.46511627906976,154.50107780889275
2016-05-18,26,17,44,60.46511627906976,154.53410492611604
2016-05-19,25,18,44,58.139534883720934,152.5491670135692
2016-05-20,23,20,44,53.48837209302325,151.7404673991277
2016-05-23,24,19,44,55.81395348837209,151.6856671112249
2016-05-24,24,19,44,55.81395348837209,152.06521096587434
2016-05-25,26,17,44,60.46511627906976,154.5816012611844
2016-05-26,27,16,44,62.7906976744186,156.64728103504456
2016-05-27,28,15,44,65.11627906976744,158.565025128381
2016-05-30,31,12,44,72.09302325581395,159.88597084211315
2016-05-31,29,14,44,67.44186046511628,159.2541976994197
2016-06-01,29,14,44,67.44186046511628,159.78179415470373
2016-06-02,32,11,44,74.4186046511628,160.61902550286425
2016-06-03,31,12,44,72.09302325581395,160.36629985974866
2016-06-06,31,12,44,72.09302325581395,160.29436261363898
2016-06-07,32,11,44,74.4186046511628,161.7224116668653
2016-06-08,33,10,44,76.74418604651163,162.3841614704039
2016-06-09,35,8,44,81.3953488372093,162.08211813869235
2016-06-10,31,12,44,72.09302325581395,161.5053317037159
2016-06-13,31,12,44,72.09302325581395,160.03119726174327
2016-06-14,33,10,44,76.74418604651163,160.86709250954513
2016-06-15,35,8,44,81.3953488372093,162.61060160509183
2016-06-16,33,10,44,76.74418604651163,162.156287763482
2016-06-17,33,10,44,76.74418604651163,162.2772121079654
2016-06-20,36,8,44,81.81818181818183,163.74088596170316
2016-06-21,36,8,44,81.81818181818183,163.38712912297086
2016-06-22,36,8,44,81.81818181818183,163.09585472284166
2016-06-23,37,7,44,84.0909090909091,163.91140447313916
2016-06-24,32,12,44,72.72727272727273,161.07047650497066
2016-06-27,31,13,44,70.45454545454545,161.81813050253675
2016-06-28,32,12,44,72.72727272727273,162.8119516427934
2016-06-29,34,10,44,77.27272727272727,164.30784461850277
2016-06-30,37,7,44,84.0909090909091,166.71272400786359
2016-07-01,39,5,44,88.63636363636364,167.5470970699683
2016-07-04,39,5,44,88.63636363636364,168.74221072992256
2016-07-05,39,5,44,88.63636363636364,167.71974549254975
2016-07-07,38,6,44,86.36363636363636,167.23308074361114
2016-07-08,37,7,44,84.0909090909091,167.02195335258384
2016-07-11,39,5,44,88.63636363636364,169.80294573266372
2016-07-12,40,4,44,90.9090909090909,171.13111478033883
2016-07-13,39,5,44,88.63636363636364,171.0379216329381
2016-07-14,38,6,44,86.36363636363636,171.94745723532955
2016-07-15,37,7,44,84.0909090909091,172.04856516552752
2016-07-18,35,9,44,79.54545454545455,171.17538924093222
2016-07-19,35,9,44,79.54545454545455,171.39790644600455
2016-07-20,36,8,44,81.81818181818183,172.17319991445655
2016-07-21,36,8,44,81.81818181818183,171.35312392027132
2016-07-22,36,8,44,81.81818181818183,172.00187685116927
2016-07-25,36,8,44,81.81818181818183,173.3390649575401
2016-07-26,35,9,44,79.54545454545455,173.2978358350208
2016-07-27,36,8,44,81.81818181818183,173.5954242335389
2016-07-28,36,8,44,81.81818181818183,174.57684603936136
2016-07-29,34,10,44,77.27272727272727,175.2014919880011
2016-08-01,36,8,44,81.81818181818183,176.0427876226127
2016-08-02,36,8,44,81.81818181818183,175.0241267553201
2016-08-03,35,9,44,79.54545454545455,173.30930784959514
2016-08-04,35,9,44,79.54545454545455,173.92903336574838
2016-08-05,37,7,44,84.0909090909091,176.72273705535554
2016-08-08,39,5,44,88.63636363636364,177.28066735161377
2016-08-09,40,4,44,90.9090909090909,176.75178008553965
2016-08-10,39,5,44,88.63636363636364,175.2290488332231
2016-08-11,38,6,44,86.36363636363636,175.01735593207027
2016-08-12,36,8,44,81.81818181818183,176.52042761195005
2016-08-16,35,9,44,79.54545454545455,176.75682351802428
2016-08-17,35,9,44,79.54545454545455,176.7786377452384
2016-08-18,35,9,44,79.54545454545455,177.740750497055
2016-08-19,37,7,44,84.0909090909091,177.8862836815111
2016-08-22,36,8,44,81.81818181818183,176.93331635041594
2016-08-23,35,9,44,79.54545454545455,176.7555866115628
2016-08-24,35,9,44,79.54545454545455,177.04827131598233
2016-08-25,36,8,44,81.81818181818183,175.7274419028842
2016-08-26,35,9,44,79.54545454545455,175.81690634520066
2016-08-29,35,9,44,79.54545454545455,176.29786026989402
2016-08-30,34,10,44,77.27272727272727,178.8294338282415
2016-08-31,34,10,44,77.27272727272727,179.26389924612994
2016-09-01,35,9,44,79.54545454545455,178.97569730611912
2016-09-02,36,8,44,81.81818181818183,179.8237561506563
2016-09-06,36,8,44,81.81818181818183,182.68835023877136
2016-09-07,36,8,44,81.81818181818183,182.13872483941213
2016-09-08,35,9,44,79.54545454545455,183.49040714371822
2016-09-09,35,9,44,79.54545454545455,181.83440846844258
2016-09-12,34,10,44,77.27272727272727,178.18908392027365
2016-09-14,33,11,44,75.0,178.3843308074077
2016-09-15,34,10,44,77.27272727272727,178.23543104455618
2016-09-16,34,10,44,77.27272727272727,178.56081428290688
2016-09-19,35,9,44,79.54545454545455,179.27238327903783
2016-09-20,35,9,44,79.54545454545455,179.05843491359838
2016-09-21,35,9,44,79.54545454545455,179.48837906580624
2016-09-22,35,9,44,79.54545454545455,181.65311372669908
2016-09-23,35,9,44,79.54545454545455,181.30545785930693
2016-09-26,35,9,44,79.54545454545455,179.45753077744573
2016-09-27,35,9,44,79.54545454545455,178.88360100546882
2016-09-28,35,9,44,79.54545454545455,180.04268309820029
2016-09-29,35,9,44,79.54545454545455,175.5382428408135
2016-09-30,35,9,44,79.54545454545455,176.40975985649027
2016-10-03,35,9,44,79.54545454545455,179.85380159685232
2016-10-04,34,10,44,77.27272727272727,180.7266430708236
2016-10-05,35,9,44,79.54545454545455,180.3795136628564
2016-10-06,34,10,44,77.27272727272727,179.22644698303662
2016-10-07,35,9,44,79.54545454545455,179.19223326925487
2016-10-10,34,10,44,77.27272727272727,179.56080038541918
2016-10-13,33,11,44,75.0,177.22924376532814
2016-10-14,33,11,44,75.0,177.6777388650467
2016-10-17,32,12,44,72.72727272727273,176.5439613402819
2016-10-18,34,10,44,77.27272727272727,179.66400163625622
2016-10-19,34,10,44,77.27272727272727,179.52606201779503
2016-10-20,33,11,44,75.0,180.15694814156012
2016-10-21,35,9,44,79.54545454545455,180.02032018429702
2016-10-24,34,10,44,77.27272727272727,179.7211051173727
2016-10-25,32,12,44,72.72727272727273,179.7381250892816
2016-10-26,32,12,44,72.72727272727273,178.41013507505085
2016-10-27,31,13,44,70.45454545454545,177.59687482247375
2016-10-28,30,14,44,68.18181818181817,178.37483346196768
2016-10-30,32,12,44,72.72727272727273,178.7447360396345
2016-11-01,31,13,44,70.45454545454545,178.69985839670488
2016-11-02,32,12,44,72.72727272727273,176.27478065631863
2016-11-03,32,12,44,72.72727272727273,175.25961914709472
2016-11-04,29,15,44,65.9090909090909,173.54578938823806
2016-11-07,31,13,44,70.45454545454545,174.60185139761955
2016-11-08,30,14,44,68.18181818181817,175.52241522469137
2016-11-09,30,14,44,68.18181818181817,172.93858308945283
2016-11-10,32,12,44,72.72727272727273,175.87278028611942
2016-11-11,28,16,44,63.63636363636363,170.6756245496861
2016-11-15,21,23,44,47.72727272727273,166.34347833349946
2016-11-16,23,21,44,52.27272727272727,166.8352905290392
2016-11-17,22,22,44,50.0,166.2734001461378
2016-11-18,21,23,44,47.72727272727273,166.5158809898854
2016-11-21,18,26,44,40.909090909090914,163.18627256972636
2016-11-22,19,25,44,43.18181818181818,165.11886578634972
2016-11-23,22,22,44,50.0,166.41977434769612
2016-11-24,19,25,44,43.18181818181818,165.7219043388476
2016-11-25,23,21,44,52.27272727272727,168.63896596671836
2016-11-28,25,19,44,56.81818181818182,169.7255506808341
2016-11-29,26,18,44,59.09090909090909,170.33162775092404
2016-11-30,28,16,44,63.63636363636363,171.8254001044593
2016-12-01,26,18,44,59.09090909090909,170.7096310603093
2016-12-02,23,21,44,52.27272727272727,169.05211769120461
2016-12-05,24,20,44,54.54545454545454,170.84938596217623
2016-12-06,23,21,44,52.27272727272727,171.03872368622143
2016-12-07,23,21,44,52.27272727272727,170.2712187733514
2016-12-08,28,16,44,63.63636363636363,173.01889958336062
2016-12-09,28,16,44,63.63636363636363,173.0399208288516
2016-12-12,21,23,44,47.72727272727273,170.9540658067096
2016-12-13,24,20,44,54.54545454545454,171.18718180020315
2016-12-14,22,22,44,50.0,170.096890254996
2016-12-15,21,23,44,47.72727272727273,169.65184860455858
2016-12-16,22,22,44,50.0,169.25575159940257
2016-12-19,20,24,44,45.45454545454545,167.97600471383362
2016-12-20,20,24,44,45.45454545454545,167.02606104717083
2016-12-21,20,24,44,45.45454545454545,166.84200399311695
2016-12-22,19,25,44,43.18181818181818,164.43692043420916
2016-12-23,17,27,44,38.63636363636363,164.80763284950584
2016-12-26,14,30,44,31.818181818181817,162.9203575745827
2016-12-27,16,28,44,36.36363636363637,165.56735988001148
2016-12-28,18,26,44,40.909090909090914,165.84879805918803
2016-12-29,21,23,44,47.72727272727273,167.34678843856997
2016-12-30,22,22,44,50.0,169.13698187061058
2017-01-02,22,22,44,50.0,170.47338995454
2017-01-03,21,23,44,47.72727272727273,171.24091840049041
2017-01-04,21,23,44,47.72727272727273,168.23242596590393
2017-01-05,23,21,44,52.27272727272727,170.2107070936892
2017-01-06,22,22,44,50.0,169.31126784173668
2017-01-09,21,23,44,47.72727272727273,169.11555684838999
2017-01-10,22,22,44,50.0,170.4675685768113
2017-01-11,24,20,44,54.54545454545454,172.4481156802279
2017-01-12,24,20,44,54.54545454545454,173.0298065089137
2017-01-13,25,19,44,56.81818181818182,172.96800807930984
2017-01-16,25,19,44,56.81818181818182,173.27434293862058
2017-01-17,24,20,44,54.54545454545454,172.96414674078088
2017-01-18,25,19,44,56.81818181818182,173.82598362849723
2017-01-19,25,19,44,56.81818181818182,174.3114114577364
2017-01-20,24,20,44,54.54545454545454,171.94216257578861
2017-01-23,23,21,44,52.27272727272727,173.14949755701258
2017-01-24,26,18,44,59.09090909090909,175.7073959344055
2017-01-25,28,16,44,63.63636363636363,177.9030898868832
2017-01-27,28,16,44,63.63636363636363,179.04895024354084
2017-01-30,29,15,44,65.9090909090909,179.64129478118966
2017-01-31,27,17,44,61.36363636363637,177.39151476424894
2017-02-01,28,16,44,63.63636363636363,179.77576753454633
2017-02-02,29,15,44,65.9090909090909,180.9338014031229
2017-02-03,31,13,44,70.45454545454545,181.22048538689484
2017-02-06,30,14,44,68.18181818181817,182.6086356214597
2017-02-07,29,15,44,65.9090909090909,181.37958294090845
2017-02-08,29,15,44,65.9090909090909,181.9701060780114
2017-02-09,30,14,44,68.18181818181817,181.85670926365637
2017-02-10,30,14,44,68.18181818181817,182.37131621994644
2017-02-13,32,12,44,72.72727272727273,182.50027312588588
2017-02-14,30,14,44,68.18181818181817,182.00097333705736
2017-02-15,30,14,44,68.18181818181817,180.54266459787786
2017-02-16,30,14,44,68.18181818181817,182.49431724887623
2017-02-17,30,14,44,68.18181818181817,182.73244904064404
2017-02-20,30,14,44,68.18181818181817,184.2171473882324
2017-02-21,32,12,44,72.72727272727273,185.01270820566208
2017-02-22,34,10,44,77.27272727272727,184.77506604549723
2017-02-23,33,11,44,75.0,184.92559179447326
2017-02-27,31,13,44,70.45454545454545,184.03193352286064
2017-02-28,32,12,44,72.72727272727273,184.15363139063317
2017-03-01,34,10,44,77.27272727272727,185.22957840636062
2017-03-02,33,11,44,75.0,183.58979155787398
2017-03-03,31,13,44,70.45454545454545,183.79818957358717
2017-03-06,34,10,44,77.27272727272727,184.98659268812224
2017-03-07,32,12,44,72.72727272727273,184.95505739411834
2017-03-08,32,12,44,72.72727272727273,184.41961658676692
2017-03-09,33,11,44,75.0,183.99360656269056
2017-03-10,32,12,44,72.72727272727273,183.83526707772418
2017-03-14,32,12,44,72.72727272727273,187.22666815202797
2017-03-15,32,12,44,72.72727272727273,187.5554175528663
2017-03-16,32,12,44,72.72727272727273,189.88065426273636
2017-03-17,35,9,44,79.54545454545455,189.6158076699886
2017-03-20,33,11,44,75.0,189.46440744693274
2017-03-21,34,10,44,77.27272727272727,189.1536086030895
2017-03-22,32,12,44,72.72727272727273,187.16783265798918
2017-03-23,34,10,44,77.27272727272727,188.60166765511948
2017-03-24,33,11,44,75.0,188.692906467543
2017-03-27,34,10,44,77.27272727272727,187.22255886293522
2017-03-28,35,9,44,79.54545454545455,188.45074307243632
2017-03-29,34,10,44,77.27272727272727,188.90908259288886
2017-03-30,34,10,44,77.27272727272727,189.6504090847109
2017-03-31,34,10,44,77.27272727272727,190.58956638706576
2017-04-03,34,10,44,77.27272727272727,191.67231554088778
2017-04-05,33,11,44,75.0,193.21018780368985
2017-04-06,34,10,44,77.27272727272727,193.42322964239034
2017-04-07,34,10,44,77.27272727272727,192.3316808085874
2017-04-10,34,10,44,77.27272727272727,193.11571695585218
2017-04-11,35,9,44,79.54545454545455,193.6514722990677
2017-04-12,33,11,44,75.0,192.43689774270115
2017-04-13,32,12,44,72.72727272727273,191.0554902908138
2017-04-17,32,12,44,72.72727272727273,190.64623762572182
2017-04-18,32,12,44,72.72727272727273,189.98332111296023
2017-04-19,32,12,44,72.72727272727273,190.56431821976295
2017-04-20,32,12,44,72.72727272727273,191.59697570539325
2017-04-21,30,14,44,68.18181818181817,190.7782642998721
2017-04-24,30,14,44,68.18181818181817,192.57563595308972
2017-04-25,32,12,44,72.72727272727273,194.41498092198722
2017-04-26,33,11,44,75.0,193.6749575782951
2017-04-27,32,12,44,72.72727272727273,193.27792901384683
2017-04-28,32,12,44,72.72727272727273,193.26757104282518
2017-05-02,32,12,44,72.72727272727273,193.10294357830892
2017-05-03,32,12,44,72.72727272727273,193.25811578006983
2017-05-04,33,11,44,75.0,194.47859612229317
2017-05-05,33,11,44,75.0,193.0853930922521
2017-05-08,33,11,44,75.0,193.8855508822088
2017-05-09,34,10,44,77.27272727272727,194.43186713152255
2017-05-10,34,10,44,77.27272727272727,196.64512869213127
2017-05-11,34,10,44,77.27272727272727,197.1720201347001
2017-05-12,32,12,44,72.72727272727273,196.6053088996333
2017-05-15,33,11,44,75.0,197.8314327824169
2017-05-16,34,10,44,77.27272727272727,198.79796606058454
2017-05-17,33,11,44,75.0,199.0664757752215
2017-05-18,31,13,44,70.45454545454545,196.3176303161375
2017-05-19,33,11,44,75.0,195.89713055230462
2017-05-22,31,13,44,70.45454545454545,195.086679004543
2017-05-23,31,13,44,70.45454545454545,193.40892579899466
2017-05-24,29,15,44,65.9090909090909,191.917069281807
2017-05-25,31,13,44,70.45454545454545,194.06071011478022
2017-05-26,33,11,44,75.0,196.1316198795492
2017-05-29,31,13,44,70.45454545454545,194.87279384480868
2017-05-30,34,10,44,77.27272727272727,196.14821978756166
2017-05-31,33,11,44,75.0,196.70837423306267
2017-06-01,34,10,44,77.27272727272727,197.15741870151328
2017-06-02,35,9,44,79.54545454545455,198.19631451903945
2017-06-05,34,10,44,77.27272727272727,199.3296301653462
2017-06-06,34,10,44,77.27272727272727,198.61851635263648
2017-06-07,33,11,44,75.0,199.52003889717693
2017-06-08,33,11,44,75.0,199.41084710897022
2017-06-09,33,11,44,75.0,199.66686097823572
2017-06-12,33,11,44,75.0,198.54331744902302
2017-06-13,34,10,44,77.27272727272727,198.40038316289542
2017-06-14,34,10,44,77.27272727272727,198.40361585136125
2017-06-15,33,11,44,75.0,198.0895841388725
2017-06-16,34,10,44,77.27272727272727,198.19066894373853
2017-06-19,34,10,44,77.27272727272727,199.02398821396483
2017-06-20,33,11,44,75.0,199.5127610429973
2017-06-21,34,10,44,77.27272727272727,199.1255985070585
2017-06-22,33,11,44,75.0,198.66878074528773
2017-06-23,33,11,44,75.0,197.08213174564557
2017-06-27,31,13,44,70.45454545454545,195.97646939274506
2017-06-28,32,12,44,72.72727272727273,196.73207313520862
2017-06-29,31,13,44,70.45454545454545,197.12243135155745
2017-06-30,33,11,44,75.0,197.43275524447878
2017-07-03,33,11,44,75.0,199.23735500051933
2017-07-04,33,11,44,75.0,198.97961177922258
2017-07-05,33,11,44,75.0,200.3202489255524
2017-07-06,33,11,44,75.0,200.86605182680594
2017-07-07,32,12,44,72.72727272727273,200.61622371802898
2017-07-10,34,10,44,77.27272727272727,202.57939219535803
2017-07-11,35,9,44,79.54545454545455,202.127707675071
2017-07-12,35,9,44,79.54545454545455,203.3543835001661
2017-07-13,36,8,44,81.81818181818183,204.7549169560912
2017-07-14,36,8,44,81.81818181818183,205.05545353791467
2017-07-17,35,9,44,79.54545454545455,206.2354469786524
2017-07-18,35,9,44,79.54545454545455,205.49687426537534
2017-07-19,35,9,44,79.54545454545455,207.3029285092355
2017-07-20,35,9,44,79.54545454545455,207.11735233343686
2017-07-21,35,9,44,79.54545454545455,208.2895864578355
2017-07-24,36,8,44,81.81818181818183,208.84475109617586
2017-07-25,36,8,44,81.81818181818183,208.9665265578912
2017-07-26,36,8,44,81.81818181818183,209.86154926832094
2017-07-27,36,8,44,81.81818181818183,208.73804973277896
2017-07-28,36,8,44,81.81818181818183,208.0166817380252
2017-07-31,36,8,44,81.81818181818183,209.76188945891363
2017-08-01,36,8,44,81.81818181818183,211.35132803432248
2017-08-02,37,7,44,84.0909090909091,210.97143547790984
2017-08-03,36,8,44,81.81818181818183,209.7754139111636
2017-08-04,37,7,44,84.0909090909091,211.49224840055334
2017-08-07,37,7,44,84.0909090909091,212.154916708602
2017-08-08,36,8,44,81.81818181818183,210.75498564309555
2017-08-09,33,11,44,75.0,207.99733059371414
2017-08-10,33,11,44,75.0,204.76686108053647
2017-08-11,34,10,44,77.27272727272727,203.00920610328163
2017-08-14,36,8,44,81.81818181818183,206.15379728042646
2017-08-16,36,8,44,81.81818181818183,207.71626675228197
2017-08-17,36,8,44,81.81818181818183,207.4114008627241
2017-08-18,35,9,44,79.54545454545455,206.4750745450703
2017-08-21,32,12,44,72.72727272727273,204.46036243142612
2017-08-22,32,12,44,72.72727272727273,204.77374033379579
2017-08-23,34,10,44,77.27272727272727,206.69133853011772
2017-08-24,34,10,44,77.27272727272727,207.36870788266805
2017-08-28,34,10,44,77.27272727272727,209.37739110417613
2017-08-29,34,10,44,77.27272727272727,207.00864103933236
2017-08-30,35,9,44,79.54545454545455,209.2550584191367
2017-08-31,35,9,44,79.54545454545455,210.17409388985732
2017-09-01,35,9,44,79.54545454545455,212.0035010963364
2017-09-04,34,10,44,77.27272727272727,211.04115044777987
2017-09-05,34,10,44,77.27272727272727,212.3814631310156
2017-09-06,33,11,44,75.0,211.6150232882792
2017-09-07,32,12,44,72.72727272727273,212.81057689759194
2017-09-08,31,13,44,70.45454545454545,211.98085375407874
2017-09-11,33,11,44,75.0,213.57492492034092
2017-09-12,34,10,44,77.27272727272727,215.51028197391796
2017-09-13,33,11,44,75.0,214.70505401789688
2017-09-14,33,11,44,75.0,215.14927262360044
2017-09-15,32,12,44,72.72727272727273,215.44055985964675
2017-09-18,33,11,44,75.0,216.60154826048003
2017-09-19,33,11,44,75.0,216.58052362407773
2017-09-20,33,11,44,75.0,215.96915708139144
2017-09-21,33,11,44,75.0,215.71600353622705
2017-09-22,33,11,44,75.0,211.70640411254894
2017-09-25,31,13,44,70.45454545454545,208.67728581923458
2017-09-26,33,11,44,75.0,209.29364218634396
2017-09-27,32,12,44,72.72727272727273,206.84469432371856
2017-09-28,32,12,44,72.72727272727273,207.80336073985626
2017-09-29,32,12,44,72.72727272727273,208.91516514251217
2017-10-03,32,12,45,72.72727272727273,210.25536084454507
2017-10-04,32,12,45,72.72727272727273,210.97561658003187
2017-10-05,33,11,45,75.0,211.019861562699
2017-10-06,34,10,45,77.27272727272727,213.57938820888288
2017-10-09,33,11,45,75.0,213.80065030853484
2017-10-10,34,10,45,77.27272727272727,214.64813320347616
2017-10-11,34,10,45,77.27272727272727,213.86494230233058
2017-10-12,32,12,45,72.72727272727273,215.97420977953425
2017-10-13,35,9,45,79.54545454545455,217.30374422643814
2017-10-16,36,8,45,81.81818181818183,218.54081755182597
2017-10-17,36,8,45,81.81818181818183,218.7178970631748
2017-10-18,34,10,45,77.27272727272727,218.13454595477754
2017-10-19,34,10,45,77.27272727272727,217.00576444579687
2017-10-23,34,10,45,77.27272727272727,218.25157853297642
2017-10-24,34,10,45,77.27272727272727,218.75262988748898
2017-10-25,37,7,45,84.0909090909091,220.72518992507662
2017-10-26,37,7,45,84.0909090909091,221.23022133726852
2017-10-27,37,7,45,84.0909090909091,222.1193030755608
2017-10-30,36,8,45,81.81818181818183,223.27497054592988
2017-10-31,38,6,45,86.36363636363636,223.4944125400725
2017-11-01,37,7,45,84.0909090909091,224.96982927561174
2017-11-02,38,6,45,86.36363636363636,225.6465790360461
2017-11-03,38,6,45,86.36363636363636,226.27536105552278
2017-11-06,38,6,45,86.36363636363636,228.18951054929752
2017-11-07,40,4,45,90.9090909090909,225.5173410356023
2017-11-08,39,5,45,88.63636363636364,225.51601797782473
2017-11-09,39,5,45,88.63636363636364,226.34630497966927
2017-11-10,39,5,45,88.63636363636364,227.1957386251837
2017-11-13,39,5,45,88.63636363636364,224.95540489114623
2017-11-14,39,5,45,88.63636363636364,224.23748665278862
2017-11-15,37,7,45,84.0909090909091,222.07245813956013
2017-11-16,37,7,45,84.0909090909091,223.5511488917491
2017-11-17,38,6,46,86.36363636363636,225.7900810284642
2017-11-20,38,6,46,86.36363636363636,226.11794197767665
2017-11-21,38,6,46,86.36363636363636,228.0349452348769
2017-11-22,37,7,46,84.0909090909091,228.62897074826702
2017-11-23,37,7,46,84.0909090909091,227.98411433413426
2017-11-24,38,6,46,86.36363636363636,228.34968445611256
2017-11-27,39,5,46,88.63636363636364,228.63910479789246
2017-11-28,39,5,46,88.63636363636364,227.82531290160563
2017-11-29,38,6,46,86.36363636363636,227.8283332394285
2017-11-30,38,6,46,86.36363636363636,225.36593962769277
2017-12-01,37,7,46,84.0909090909091,222.89780095223333
2017-12-04,35,9,46,79.54545454545455,222.53672969396155
2017-12-05,35,9,46,79.54545454545455,222.2790553784129
2017-12-06,34,10,46,77.27272727272727,220.3853492164261
2017-12-07,37,7,46,84.0909090909091,223.9228603140089
2017-12-08,38,6,46,86.36363636363636,226.41409649874845
2017-12-11,37,7,46,84.0909090909091,227.22044669770867
2017-12-12,36,8,46,81.81818181818183,225.94476593338305
2017-12-13,36,8,46,81.81818181818183,224.48602739409026
2017-12-14,36,8,46,81.81818181818183,225.72976811640189
2017-12-15,38,6,46,86.36363636363636,227.5351323483728
2017-12-18,38,6,46,86.36363636363636,229.1610647282071
2017-12-19,38,6,46,86.36363636363636,231.226426005186
2017-12-20,38,6,46,86.36363636363636,231.13233412962595
2017-12-21,38,6,46,86.36363636363636,231.19737333351475
2017-12-22,38,6,46,86.36363636363636,232.4953960144212
2017-12-26,38,6,46,86.36363636363636,233.2223929465867
2017-12-27,39,5,46,88.63636363636364,232.90435613276009
2017-12-28,39,5,46,88.63636363636364,232.60582804042738
2017-12-29,39,5,46,88.63636363636364,234.3347603838777
2018-01-01,39,5,46,88.63636363636364,232.70495272337556
2018-01-02,40,4,46,90.9090909090909,232.46212499329798
2018-01-03,40,4,46,90.9090909090909,232.73496096087962
2018-01-04,38,6,46,86.36363636363636,235.25914172422122
2018-01-05,41,3,46,93.18181818181817,237.68456007817846
2018-01-08,41,3,46,93.18181818181817,238.98287148151235
2018-01-09,41,3,46,93.18181818181817,239.15800646563997
2018-01-10,40,4,46,90.9090909090909,239.15025386639647
2018-01-11,40,4,46,90.9090909090909,239.48272184965248
2018-01-12,40,4,46,90.9090909090909,239.46832852629677
2018-01-15,41,3,46,93.18181818181817,239.51982219279944
2018-01-16,39,5,46,88.63636363636364,238.30277485779487
2018-01-17,39,5,46,88.63636363636364,240.0512072925936
2018-01-18,39,5,46,88.63636363636364,238.14789176344374
2018-01-19,39,5,46,88.63636363636364,239.5375078914778
2018-01-22,40,4,46,90.9090909090909,240.91770027779447
2018-01-23,39,5,46,88.63636363636364,242.88342849300335
2018-01-24,40,4,46,90.9090909090909,242.07836798932928
2018-01-25,40,4,46,90.9090909090909,241.45204037863923
2018-01-29,38,6,46,86.36363636363636,241.68173606776108
2018-01-30,36,8,46,81.81818181818183,239.21751352756152
2018-01-31,36,8,46,81.81818181818183,237.88933539056228
2018-02-01,38,6,46,86.36363636363636,238.5604198764939
2018-02-02,32,12,46,72.72727272727273,232.90301105215207
2018-02-05,32,12,46,72.72727272727273,231.73688334960468
2018-02-06,30,14,46,68.18181818181817,228.89565165996467
2018-02-07,28,16,46,63.63636363636363,229.26307397668228
2018-02-08,32,12,46,72.72727272727273,232.47660069322765
2018-02-09,31,13,46,70.45454545454545,231.21989625258726
2018-02-12,32,12,46,72.72727272727273,233.1877895976263
2018-02-14,34,10,46,77.27272727272727,233.00963691265412
2018-02-15,33,11,46,75.0,233.49136675961896
2018-02-16,31,13,46,70.45454545454545,231.32996253786757
2018-02-19,31,13,46,70.45454545454545,229.0130041145891
2018-02-20,32,12,46,72.72727272727273,229.24366470375784
2018-02-21,30,14,46,68.18181818181817,229.15992494895744
2018-02-22,31,13,46,70.45454545454545,228.917475495306
2018-02-23,31,13,46,70.45454545454545,231.76501420953946
2018-02-26,32,12,46,72.72727272727273,233.9418932915862
2018-02-27,33,11,46,75.0,233.56068987291886
2018-02-28,30,14,46,68.18181818181817,232.46992592544856
2018-03-01,30,14,46,68.18181818181817,231.71638966401918
2018-03-05,28,16,46,63.63636363636363,229.8047913167713
2018-03-06,26,18,46,59.09090909090909,227.1729548850923
2018-03-07,21,23,46,47.72727272727273,224.54642153651986
2018-03-08,21,23,46,47.72727272727273,225.67313208149872
2018-03-09,21,23,46,47.72727272727273,224.78327917808474
2018-03-12,25,19,46,56.81818181818182,228.1099738309579
2018-03-13,26,18,46,59.09090909090909,228.95434544234718
2018-03-14,28,16,46,63.63636363636363,229.0516160171444
2018-03-15,27,17,46,61.36363636363637,228.89816035305358
2018-03-16,22,22,46,50.0,225.728632577487
2018-03-19,20,24,46,45.45454545454545,222.79559920836616
2018-03-20,22,22,46,50.0,224.18691162888265
2018-03-21,24,20,46,54.54545454545454,224.48721141175199
2018-03-22,22,22,46,50.0,223.22948681447176
2018-03-23,22,22,46,50.0,221.22810095597015
2018-03-26,23,21,46,52.27272727272727,224.27621739537523
2018-03-27,23,21,46,52.27272727272727,226.00946407882233
2018-03-28,23,21,46,52.27272727272727,224.417665496727
2018-04-02,24,20,46,54.54545454545454,227.79500933510494
2018-04-03,23,21,46,52.27272727272727,228.43056780265823
2018-04-04,21,23,46,47.72727272727273,225.8241885826465
2018-04-05,24,20,46,54.54545454545454,230.7132631133613
2018-04-06,24,20,46,54.54545454545454,231.2476571762988
2018-04-09,25,19,46,56.81818181818182,231.74586542964454
2018-04-10,26,18,46,59.09090909090909,233.0374618884829
2018-04-11,26,18,46,59.09090909090909,233.89329628023984
2018-04-12,26,18,46,59.09090909090909,233.98979867466036
2018-04-13,27,17,46,61.36363636363637,234.53130192039256
2018-04-16,27,17,46,61.36363636363637,235.28452736838773
2018-04-17,27,17,46,61.36363636363637,235.83629508946277
2018-04-18,30,14,46,68.18181818181817,235.3612937848264
2018-04-19,29,15,46,65.9090909090909,237.42313980365327
2018-04-20,31,13,46,70.45454545454545,237.48836484677383
2018-04-23,31,13,46,70.45454545454545,238.16292960528304
2018-04-24,28,16,46,63.63636363636363,237.98550981356522
2018-04-25,28,16,46,63.63636363636363,237.2568257627512
2018-04-26,28,16,46,63.63636363636363,237.95582069653744
2018-04-27,30,14,46,68.18181818181817,238.87785122652195
2018-04-30,29,15,46,65.9090909090909,239.78491057884824
2018-05-02,28,16,46,63.63636363636363,237.07988083793907
2018-05-03,28,16,46,63.63636363636363,235.24482775270062
2018-05-04,26,18,46,59.09090909090909,233.87755211247895
2018-05-07,27,17,46,61.36363636363637,235.68114887470531
2018-05-08,29,15,46,65.9090909090909,236.07206217371441
2018-05-09,28,16,46,63.63636363636363,235.89512964307815
2018-05-10,28,17,46,62.22222222222222,234.61628544503475
2018-05-11,28,17,46,62.22222222222222,235.88859801056407
2018-05-14,29,16,46,64.44444444444444,235.66338989625186
2018-05-15,27,18,46,60.0,235.28911000078517
2018-05-16,25,20,46,55.55555555555556,234.26855197448592
2018-05-17,24,21,46,53.333333333333336,234.15360677419943
2018-05-18,23,22,46,51.11111111111111,231.49189971781027
2018-05-21,21,24,46,46.666666666666664,228.86303351373786
2018-05-22,22,23,46,48.888888888888886,230.70225959868176
2018-05-23,20,25,46,44.44444444444444,228.9648504852763
2018-05-24,22,23,46,48.888888888888886,230.14085108653842
2018-05-25,24,21,46,53.333333333333336,233.12035409470533
2018-05-28,25,20,46,55.55555555555556,234.94226408359248
2018-05-29,24,21,46,53.333333333333336,233.95194552578556
2018-05-30,24,21,46,53.333333333333336,233.39006574317384
2018-05-31,23,22,46,51.11111111111111,233.87891114092864
2018-06-01,22,23,46,48.888888888888886,232.5206622855078
2018-06-04,20,25,46,44.44444444444444,231.0104197016387
2018-06-05,20,25,46,44.44444444444444,229.67024628775522
2018-06-06,22,23,46,48.888888888888886,232.6762145639038
2018-06-07,24,21,46,53.333333333333336,235.2372192493939
2018-06-08,23,22,46,51.11111111111111,235.98263525696956
2018-06-11,22,23,46,48.888888888888886,237.0865274217933
2018-06-12,24,21,46,53.333333333333336,237.85324943133878
2018-06-13,26,19,46,57.77777777777777,238.5363670929866
2018-06-14,26,19,46,57.77777777777777,237.5192679230796
2018-06-15,23,22,46,51.11111111111111,237.42877327068354
2018-06-18,25,20,46,55.55555555555556,236.97446361221904
2018-06-19,25,20,46,55.55555555555556,234.97922372046162
2018-06-20,23,22,46,51.11111111111111,235.22452034767855
2018-06-21,20,25,46,44.44444444444444,233.6531134193716
2018-06-22,22,23,46,48.888888888888886,235.4414241781049
2018-06-25,21,25,46,45.65217391304348,233.70427953159313
2018-06-26,22,24,46,47.82608695652174,233.5010960308253
2018-06-27,22,24,46,47.82608695652174,230.9470753275462
2018-06-28,19,27,46,41.30434782608695,228.17506075252655
2018-06-29,20,26,46,43.47826086956522,231.32686592038968
2018-07-02,21,25,46,45.65217391304348,229.42655076379936
2018-07-03,21,25,46,45.65217391304348,230.7857240310917
2018-07-04,21,25,46,45.65217391304348,230.8371341424842
2018-07-05,21,25,46,45.65217391304348,230.1941634164983
2018-07-06,21,25,46,45.65217391304348,230.87851620534664
2018-07-09,22,24,46,47.82608695652174,232.61012420408008
2018-07-10,23,23,46,50.0,235.64175939860078
2018-07-11,23,23,46,50.0,235.11645463283952
2018-07-12,24,22,46,52.17391304347826,236.06045877102525
2018-07-13,24,22,46,52.17391304347826,235.63584497623546
2018-07-16,21,25,46,45.65217391304348,232.358685893067
2018-07-17,23,23,46,50.0,234.87146165711187
2018-07-18,23,23,46,50.0,233.16190376900784
2018-07-19,23,23,46,50.0,232.34071637105154
2018-07-20,21,25,46,45.65217391304348,234.1665443912432
2018-07-23,22,24,46,47.82608695652174,236.40008989788163
2018-07-24,25,21,46,54.347826086956516,238.7832140527006
2018-07-25,24,22,46,52.17391304347826,238.42742657785232
2018-07-26,28,18,46,60.86956521739131,240.01805885206022
2018-07-27,29,17,46,63.04347826086957,242.28750049819575
2018-07-30,28,18,46,60.86956521739131,243.32082185051246
2018-07-31,29,17,46,63.04347826086957,244.87076013423535
2018-08-01,28,18,46,60.86956521739131,245.34147949175522
2018-08-02,30,16,46,65.21739130434783,244.5145963723294
2018-08-03,31,15,46,67.3913043478261,246.12378555030912
2018-08-06,31,15,46,67.3913043478261,246.98749132456302
2018-08-07,30,16,46,65.21739130434783,246.65410708769144
2018-08-08,29,17,46,63.04347826086957,248.00353475440775
2018-08-09,29,17,46,63.04347826086957,248.62536719805152
2018-08-10,30,16,46,65.21739130434783,247.16894736659833
2018-08-13,28,18,46,60.86956521739131,246.8655036369726
2018-08-14,30,16,46,65.21739130434783,249.3353765492576
2018-08-16,29,17,46,63.04347826086957,248.84044252840135
2018-08-17,29,17,46,63.04347826086957,251.1234619179032
2018-08-20,30,16,46,65.21739130434783,253.26777911252418
2018-08-21,31,15,46,67.3913043478261,254.14249990001454
2018-08-23,31,15,46,67.3913043478261,254.285731133536
2018-08-24,32,14,46,69.56521739130434,254.17504690295343
2018-08-27,33,13,46,71.73913043478261,256.9098526329617
2018-08-28,34,12,46,73.91304347826086,257.68046662799435
2018-08-29,31,15,46,67.3913043478261,257.1821212744031
2018-08-30,34,12,46,73.91304347826086,257.1781786228847
2018-08-31,35,11,46,76.08695652173914,258.39260326853497
2018-09-03,33,13,46,71.73913043478261,256.1502168202642
2018-09-04,31,15,46,67.3913043478261,253.39674572583434
2018-09-05,32,14,46,69.56521739130434,251.96510396292072
2018-09-06,31,15,46,67.3913043478261,253.00251484661277
2018-09-07,32,14,46,69.56521739130434,255.0368925880312
2018-09-10,29,17,46,63.04347826086957,251.5119789488253
2018-09-11,29,17,46,63.04347826086957,248.32200930216368
2018-09-12,32,14,46,69.56521739130434,249.83637283385002
2018-09-14,32,14,46,69.56521739130434,253.1388179985727
2018-09-17,32,14,46,69.56521739130434,250.78747427617424
2018-09-18,28,18,46,60.86956521739131,248.15772227840918
2018-09-19,29,17,46,63.04347826086957,247.48674642619278
2018-09-21,28,18,46,60.86956521739131,244.94772442600134
2018-09-24,27,19,46,58.69565217391305,240.46616930313846
2018-09-25,26,20,46,56.52173913043478,242.49441572448407
2018-09-26,25,21,46,54.347826086956516,242.64119153023495
2018-09-27,28,18,46,60.86956521739131,240.52109296931167
2018-09-28,23,23,46,50.0,236.80632917828936
2018-10-01,25,21,46,54.347826086956516,238.37479068943935
2018-10-03,25,21,46,54.347826086956516,235.18827560177397
2018-10-04,20,26,46,43.47826086956522,232.0673272621434
2018-10-05,18,28,46,39.130434782608695,226.24869021550404
2018-10-08,18,28,46,39.130434782608695,225.85860844211862
2018-10-09,15,31,46,32.608695652173914,224.00147286576245
2018-10-10,20,26,46,43.47826086956522,229.50632700533444
2018-10-11,17,29,46,36.95652173913043,224.5671335574566
2018-10-12,22,24,46,47.82608695652174,230.00776326913007
2018-10-15,21,25,46,45.65217391304348,230.44413089615946
2018-10-16,22,24,46,47.82608695652174,232.82847672509064
2018-10-17,20,26,46,43.47826086956522,229.5744038962019
2018-10-19,18,28,46,39.130434782608695,227.6808661126974
2018-10-22,19,27,46,41.30434782608695,226.4144946756572
2018-10-23,17,29,46,36.95652173913043,224.1485011732975
2018-10-24,20,26,46,43.47826086956522,226.05081532317138
2018-10-25,19,27,46,41.30434782608695,224.96516540140945
2018-10-26,16,30,46,34.78260869565217,223.59595810346983
2018-10-29,19,27,46,41.30434782608695,228.77543754360659
2018-10-30,19,27,46,41.30434782608695,228.52638713224874
2018-10-31,19,27,46,41.30434782608695,231.59434090185437
2018-11-01,20,26,46,43.47826086956522,232.41498101879165
2018-11-02,22,24,46,47.82608695652174,235.70282218828316
2018-11-05,21,25,46,45.65217391304348,235.5169149980386
2018-11-06,20,26,46,43.47826086956522,234.6635967243102
2018-11-07,21,25,46,45.65217391304348,236.06816577106758
2018-11-09,21,25,46,45.65217391304348,236.58359994299371
2018-11-12,20,26,46,43.47826086956522,233.92219317823617
2018-11-13,21,25,46,45.65217391304348,235.59399475141208
2018-11-14,19,27,46,41.30434782608695,235.92885807624106
2018-11-15,21,25,46,45.65217391304348,237.27641815593282
2018-11-16,20,26,46,43.47826086956522,238.30117338063624
2018-11-19,23,23,46,50.0,239.27158250854617
2018-11-20,21,25,46,45.65217391304348,236.27083867139592
2018-11-21,21,25,46,45.65217391304348,236.27449269184035
2018-11-22,19,27,46,41.30434782608695,234.16355270315498
2018-11-26,19,27,46,41.30434782608695,235.62298442543045
2018-11-27,22,24,46,47.82608695652174,235.6692116384749
2018-11-28,22,24,46,47.82608695652174,234.86967714952613
2018-11-29,24,22,46,52.17391304347826,237.6086898193389
2018-11-30,23,23,46,50.0,237.75157605804816
2018-12-03,25,21,46,54.347826086956516,238.35692526132678
2018-12-04,25,21,46,54.347826086956516,238.1269512660537
2018-12-05,23,23,46,50.0,234.70602082266186
2018-12-06,19,27,46,41.30434782608695,230.1447804089333
2018-12-07,21,25,46,45.65217391304348,231.59158458042083
2018-12-10,18,28,46,39.130434782608695,227.22400257498515
2018-12-11,19,27,46,41.30434782608695,230.2117147500666
2018-12-12,23,23,46,50.0,234.6947314502284
2018-12-13,23,23,46,50.0,236.05817670923176
2018-12-14,23,23,46,50.0,236.78846753332675
2018-12-17,26,20,46,56.52173913043478,238.44755658657238
2018-12-18,27,19,46,58.69565217391305,239.68359162785143
2018-12-19,27,19,46,58.69565217391305,241.76872621036077
2018-12-20,27,19,46,58.69565217391305,241.55962102343284
2018-12-21,25,21,46,54.347826086956516,238.2260099412533
2018-12-24,22,24,46,47.82608695652174,236.23640105141303
2018-12-26,25,21,46,54.347826086956516,237.17629084846413
2018-12-27,26,20,46,56.52173913043478,237.88895531233342
2018-12-28,26,20,46,56.52173913043478,240.10335209649392
2018-12-31,26,20,46,56.52173913043478,240.51938651930774
2019-01-01,26,20,46,56.52173913043478,240.44015469857248
2019-01-02,26,20,46,56.52173913043478,237.26314671111464
2019-01-03,24,22,46,52.17391304347826,234.65737183229703
2019-01-04,24,22,46,52.17391304347826,235.86523876618224
2019-01-07,25,21,46,54.347826086956516,236.40168697318512
2019-01-08,24,22,46,52.17391304347826,237.59351506299504
2019-01-09,26,20,46,56.52173913043478,238.36351085749877
2019-01-10,24,22,46,52.17391304347826,238.39980078575832
2019-01-11,22,24,46,47.82608695652174,237.6144723284922
2019-01-14,21,25,46,45.65217391304348,236.24782686217972
2019-01-15,22,24,46,47.82608695652174,238.8009423954168
2019-01-16,23,23,46,50.0,238.81708954615743
2019-01-17,24,22,46,52.17391304347826,238.26016985518729
2019-01-18,23,23,46,50.0,237.16555727524917
2019-01-21,22,24,46,47.82608695652174,237.07283944773212
2019-01-22,23,23,46,50.0,236.4656907201826
2019-01-23,21,25,46,45.65217391304348,235.22740696417065
2019-01-24,22,24,46,47.82608695652174,235.1323360545297
2019-01-25,22,24,46,47.82608695652174,232.83591002013623
2019-01-28,20,26,46,43.47826086956522,229.56217388608326
2019-01-29,22,24,46,47.82608695652174,230.691663561118
2019-01-30,20,26,46,43.47826086956522,231.7451154350897
2019-01-31,22,24,46,47.82608695652174,234.3305407887003
2019-02-01,22,24,46,47.82608695652174,236.31336345708385
2019-02-04,20,26,46,43.47826086956522,234.52954035945345
2019-02-05,20,26,46,43.47826086956522,235.19330182574984
2019-02-06,22,24,46,47.82608695652174,238.44902822224304
2019-02-07,22,24,46,47.82608695652174,239.65165346395344
2019-02-08,22,24,46,47.82608695652174,235.47256913650742
2019-02-11,21,25,46,45.65217391304348,232.53041241906197
2019-02-12,20,26,46,43.47826086956522,232.5166362584279
2019-02-13,21,25,46,45.65217391304348,231.46936530619882
2019-02-14,20,26,46,43.47826086956522,230.9332577028187
2019-02-15,19,27,46,41.30434782608695,229.74766982070008
2019-02-18,18,28,46,39.130434782608695,227.68532370406564
2019-02-19,17,29,46,36.95652173913043,227.74699333883754
2019-02-20,18,28,46,39.130434782608695,231.08406666602664
2019-02-21,19,27,46,41.30434782608695,232.6288914486109
2019-02-22,18,28,46,39.130434782608695,234.17334802630498
2019-02-25,19,27,46,41.30434782608695,235.85194125150502
2019-02-26,19,27,46,41.30434782608695,235.80991386604992
2019-02-27,20,26,46,43.47826086956522,235.6676768940969
2019-02-28,19,27,46,41.30434782608695,235.58679525818445
2019-03-01,21,25,46,45.65217391304348,237.49533277415202
2019-03-05,24,22,46,52.17391304347826,242.1342225752237
2019-03-06,24,22,46,52.17391304347826,243.33647855025583
2019-03-07,25,21,46,54.347826086956516,242.11815523354713
2019-03-08,24,22,46,52.17391304347826,241.31128188567277
2019-03-11,30,16,46,65.21739130434783,245.75694343570245
2019-03-12,33,13,46,71.73913043478261,247.7027687631999
2019-03-13,29,17,46,63.04347826086957,247.13782109118867
2019-03-14,31,15,46,67.3913043478261,247.30884899639332
2019-03-15,31,15,46,67.3913043478261,248.69145817090708
2019-03-18,30,16,46,65.21739130434783,248.90583696964987
2019-03-19,33,13,46,71.73913043478261,249.8285234007325
2019-03-20,29,17,46,63.04347826086957,248.64902576182413
2019-03-22,29,17,46,63.04347826086957,248.0712769395481
2019-03-25,27,19,46,58.69565217391305,246.41349599464058
2019-03-26,29,17,46,63.04347826086957,249.36728548975057
2019-03-27,30,16,46,65.21739130434783,248.7268266502409
2019-03-28,30,16,46,65.21739130434783,250.4650658855187
2019-03-29,32,14,46,69.56521739130434,252.11773551859739
2019-04-01,32,14,46,69.56521739130434,253.92661976278168
2019-04-02,31,15,46,67.3913043478261,254.8986612017865
2019-04-03,31,15,46,67.3913043478261,253.43831188184467
2019-04-04,32,14,46,69.56521739130434,253.06856666168252
2019-04-05,34,12,46,73.91304347826086,254.71302073453117
2019-04-08,34,12,46,73.91304347826086,253.54173497485783
2019-04-09,34,12,46,73.91304347826086,254.96013206776195
2019-04-10,34,12,46,73.91304347826086,254.21805678287956
2019-04-11,35,11,46,76.08695652173914,254.76881196172778
2019-04-12,36,10,46,78.26086956521739,256.01588215279867
2019-04-15,38,8,46,82.6086956521739,258.14591713804475
2019-04-16,39,7,46,84.78260869565217,260.21914412664245
2019-04-18,37,9,46,80.43478260869566,259.07469800972865
2019-04-22,33,13,46,71.73913043478261,256.2541595566329
2019-04-23,32,14,46,69.56521739130434,255.7088920382507
2019-04-24,34,12,46,73.91304347826086,258.012578304537
2019-04-25,34,12,46,73.91304347826086,257.2820655610807
2019-04-26,35,11,46,76.08695652173914,258.6360218083064
2019-04-30,36,10,46,78.26086956521739,258.8793226986891
2019-05-02,36,10,46,78.26086956521739,258.4197307008668
2019-05-03,34,12,46,73.91304347826086,258.70169022074913
2019-05-06,32,14,46,69.56521739130434,256.12296979974803
2019-05-07,30,16,46,65.21739130434783,254.09760677208592
2019-05-08,31,15,46,67.3913043478261,251.9217058600644
2019-05-09,29,17,46,63.04347826086957,251.17108510035652
2019-05-10,29,17,46,63.04347826086957,250.2185035386598
2019-05-13,25,21,46,54.347826086956516,246.22149841274648
2019-05-14,25,21,46,54.347826086956516,247.77062113494347
2019-05-15,23,23,46,50.0,245.93315026151683
2019-05-16,25,21,46,54.347826086956516,247.52450499326204
2019-05-17,27,19,46,58.69565217391305,250.11230487692825
2019-05-20,35,11,46,76.08695652173914,259.76854020355466
2019-05-21,31,15,46,67.3913043478261,257.11989193038266
2019-05-22,32,14,46,69.56521739130434,258.1313831085368
2019-05-23,33,13,46,71.73913043478261,257.752250668886
2019-05-24,35,11,46,76.08695652173914,262.2437097484124
2019-05-27,36,10,46,78.26086956521739,264.7360071944099
2019-05-28,35,11,46,76.08695652173914,264.50070078778987
2019-05-29,34,12,46,73.91304347826086,262.4749309868533
2019-05-30,35,11,46,76.08695652173914,263.75607885966065
2019-05-31,35,11,46,76.08695652173914,264.1424199468676
2019-06-03,37,9,46,80.43478260869566,268.23549417993496
2019-06-04,36,10,46,78.26086956521739,266.91751705282206
2019-06-06,34,12,46,73.91304347826086,263.73210495747696
2019-06-07,34,12,46,73.91304347826086,263.85823436752446
2019-06-10,35,11,46,76.08695652173914,265.0811629814989
2019-06-11,34,12,46,73.91304347826086,266.23633195765535
2019-06-12,34,12,46,73.91304347826086,264.8752568934329
2019-06-13,34,12,46,73.91304347826086,265.62448363864974
2019-06-14,33,13,46,71.73913043478261,263.7062243698685
2019-06-17,33,13,46,71.73913043478261,259.696581735885
2019-06-18,33,13,46,71.73913043478261,260.6683039152659
2019-06-19,32,14,46,69.56521739130434,260.06126072061807
2019-06-20,33,13,46,71.73913043478261,263.6179159571549
2019-06-21,33,13,46,71.73913043478261,261.98937666890674
2019-06-24,33,13,46,71.73913043478261,261.69505863248384
2019-06-25,32,14,46,69.56521739130434,263.404084580483
2019-06-26,32,14,46,69.56521739130434,265.51903635908053
2019-06-27,32,14,46,69.56521739130434,266.05699573900694
2019-06-28,32,14,46,69.56521739130434,265.27384298542955
2019-07-01,33,13,46,71.73913043478261,266.50725072171497
2019-07-02,32,14,46,69.56521739130434,267.2780602582832
2019-07-03,32,14,46,69.56521739130434,267.3057005777763
2019-07-04,32,14,46,69.56521739130434,268.00640845553835
2019-07-05,31,15,46,67.3913043478261,262.9591912274487
2019-07-08,28,18,46,60.86956521739131,256.3653340672674
2019-07-09,28,18,46,60.86956521739131,257.55161485580237
2019-07-10,27,19,46,58.69565217391305,254.67344509096225
2019-07-11,29,17,46,63.04347826086957,257.18293152522403
2019-07-12,26,20,46,56.52173913043478,257.4928318932356
2019-07-15,27,19,46,58.69565217391305,257.99670576092797
2019-07-16,29,17,46,63.04347826086957,260.59481699272345
2019-07-17,30,16,46,65.21739130434783,260.47663624518947
2019-07-18,29,17,46,63.04347826086957,256.77908847993274
2019-07-19,28,18,46,60.86956521739131,253.22547688524813
2019-07-22,28,18,46,60.86956521739131,253.27926205321822
2019-07-23,26,20,46,56.52173913043478,253.19666054524333
2019-07-24,27,19,46,58.69565217391305,250.44379812741954
2019-07-25,27,19,46,58.69565217391305,250.373217986161
2019-07-26,27,19,46,58.69565217391305,252.34455417586247
2019-07-29,25,21,46,54.347826086956516,248.26988262518657
2019-07-30,24,22,46,52.17391304347826,245.9471719449133
2019-07-31,25,21,46,54.347826086956516,247.84002859534735
2019-08-01,23,23,46,50.0,245.1072537374089
2019-08-02,23,23,46,50.0,245.45709374685285
2019-08-05,18,28,46,39.130434782608695,242.4419398337601
2019-08-06,20,26,46,43.47826086956522,245.3566548053718
2019-08-07,18,28,46,39.130434782608695,243.18626531501738
2019-08-08,21,25,46,45.65217391304348,247.01668478527657
2019-08-09,22,24,46,47.82608695652174,248.18870351934922
2019-08-13,22,24,46,47.82608695652174,242.93031021260637
2019-08-14,22,24,46,47.82608695652174,245.89935543366443
2019-08-16,22,24,46,47.82608695652174,247.70097260913624
2019-08-19,22,24,46,47.82608695652174,247.87225236598078
2019-08-20,21,25,46,45.65217391304348,247.3806898764158
2019-08-21,22,24,46,47.82608695652174,244.3195885939475
2019-08-22,18,28,46,39.130434782608695,241.04737035928946
2019-08-23,19,27,46,41.30434782608695,244.02512775016413
2019-08-26,21,25,46,45.65217391304348,247.41154175237727
2019-08-27,24,22,46,52.17391304347826,249.25711547225444
2019-08-28,22,24,46,47.82608695652174,247.2551430685997
2019-08-29,22,24,46,47.82608695652174,246.66476720834524
2019-08-30,23,23,46,50.0,248.18309726738644
2019-09-03,20,26,46,43.47826086956522,242.97963451662469
2019-09-04,19,27,46,41.30434782608695,244.12101384955585
2019-09-05,21,25,46,45.65217391304348,246.10700988891705
2019-09-06,22,24,46,47.82608695652174,249.09121796876673
2019-09-09,23,23,46,50.0,250.33437835684208
2019-09-11,24,22,46,52.17391304347826,251.8145703551334
2019-09-12,23,23,46,50.0,250.3420011282305
2019-09-13,24,22,46,52.17391304347826,252.32917553291756
2019-09-16,24,22,46,52.17391304347826,251.5432457266535
2019-09-17,21,25,46,45.65217391304348,247.26855452324915
2019-09-18,22,24,46,47.82608695652174,248.4323984903837
2019-09-19,20,26,46,43.47826086956522,245.80470429844422
2019-09-20,28,18,46,60.86956521739131,259.208860812547
2019-09-23,28,18,46,60.86956521739131,263.9333562350338
2019-09-24,27,19,46,58.69565217391305,262.7618174028956
2019-09-25,28,18,46,60.86956521739131,259.19918875501804
2019-09-26,28,18,46,60.86956521739131,263.2120885315101
2019-09-27,26,20,46,56.52173913043478,261.07591026608156
2019-10-01,27,19,46,58.69565217391305,261.07591026608156
2019-10-03,27,19,46,58.69565217391305,260.4974172325588
2019-10-04,25,21,46,54.347826086956516,257.24163152246314
2019-10-07,23,23,46,50.0,255.8422714478988
2019-10-09,26,20,46,56.52173913043478,260.28754189588534
2019-10-10,23,23,46,50.0,258.9269607926057
2019-10-11,24,22,46,52.17391304347826,261.35638359791477
2019-10-14,27,19,46,58.69565217391305,263.5458577411353
2019-10-15,27,19,46,58.69565217391305,266.1172842229274
2019-10-16,28,18,46,60.86956521739131,267.45782209601686
2019-10-17,28,18,46,60.86956521739131,270.80901547204775
2019-10-18,29,17,46,63.04347826086957,273.56509432107526
2019-10-22,28,18,46,60.86956521739131,272.94726180332793
2019-10-23,28,18,46,60.86956521739131,272.9420054466216
2019-10-24,28,18,46,60.86956521739131,272.7471028525005
2019-10-25,29,17,46,63.04347826086957,272.6630385252397
2019-10-27,28,18,46,60.86956521739131,274.11119161249366
2019-10-29,30,16,46,65.21739130434783,278.62793571809505
2019-10-30,32,14,46,69.56521739130434,280.3747230235823
2019-10-31,32,14,46,69.56521739130434,281.2301795186723
2019-11-01,33,13,46,71.73913043478261,281.6357278661194
2019-11-04,35,11,46,76.08695652173914,282.3314647582386
2019-11-05,33,13,46,71.73913043478261,281.40161957442984
2019-11-06,33,13,46,71.73913043478261,281.29690353056674
2019-11-07,35,11,46,76.08695652173914,282.2345644184861
2019-11-08,31,15,46,67.3913043478261,279.11571647976496
2019-11-11,31,15,46,67.3913043478261,278.6181031320134
2019-11-13,28,18,46,60.86956521739131,276.1842067219301
2019-11-14,27,19,46,58.69565217391305,276.3039623947387
2019-11-15,27,19,46,58.69565217391305,276.8880997312726
2019-11-18,28,18,46,60.86956521739131,277.3332256704552
2019-11-19,30,16,46,65.21739130434783,277.649620850596
2019-11-20,30,16,46,65.21739130434783,278.7697820806623
2019-11-21,30,16,46,65.21739130434783,277.624182772345
2019-11-22,28,18,46,60.86956521739131,277.37797135890565
2019-11-25,32,14,46,69.56521739130434,281.7603304209038
2019-11-26,30,16,46,65.21739130434783,279.2646761102458
2019-11-27,31,15,46,67.3913043478261,280.7151371026488
2019-11-28,33,13,46,71.73913043478261,282.1702653841532
2019-11-29,32,14,46,69.56521739130434,279.98899479346704
2019-12-02,30,16,46,65.21739130434783,278.7576042803491
2019-12-03,29,17,46,63.04347826086957,276.68826297748365
2019-12-04,29,17,46,63.04347826086957,278.8674357294585
2019-12-05,29,17,46,63.04347826086957,276.99695182091654
2019-12-06,28,18,46,60.86956521739131,274.71569532923985
2019-12-09,28,18,46,60.86956521739131,274.5728859219314
2019-12-10,25,21,46,54.347826086956516,272.4851695326276
2019-12-11,26,20,46,56.52173913043478,273.6908279859094
2019-12-12,26,20,46,56.52173913043478,276.01778803373287
2019-12-13,29,17,46,63.04347826086957,278.3208994741952
2019-12-16,30,16,46,65.21739130434783,276.95572105331263
2019-12-17,29,17,46,63.04347826086957,279.2350812777383
2019-12-18,30,16,46,65.21739130434783,280.13658027408616
2019-12-19,30,16,46,65.21739130434783,281.1526688343971
2019-12-20,31,15,46,67.3913043478261,282.70236752029894
2019-12-23,32,14,46,69.56521739130434,282.1955237858974
2019-12-24,31,15,46,67.3913043478261,281.9785317231355
2019-12-26,30,16,46,65.21739130434783,281.1362027724352
2019-12-27,32,14,46,69.56521739130434,283.64644446510925
2019-12-30,31,15,46,67.3913043478261,284.50483196819675
2019-12-31,31,15,46,67.3913043478261,283.33235615534875
2020-01-01,32,14,46,69.56521739130434,283.28953542318993
2020-01-02,32,14,46,69.56521739130434,286.10689597835056
2020-01-03,31,15,46,67.3913043478261,284.67861682461887
2020-01-06,30,16,46,65.21739130434783,279.81867760595065
2020-01-07,29,17,46,63.04347826086957,281.1313891368807
2020-01-08,30,16,46,65.21739130434783,280.220276001557
2020-01-09,32,14,46,69.56521739130434,284.49258071999714
2020-01-10,33,13,46,71.73913043478261,285.68218678357766
2020-01-13,33,13,46,71.73913043478261,287.72681382266654
2020-01-14,33,13,46,71.73913043478261,288.90834441406054
2020-01-15,35,11,46,76.08695652173914,289.94481104465564
2020-01-16,36,10,46,78.26086956521739,290.5104407806837
2020-01-17,35,11,46,76.08695652173914,291.6185269902039
2020-01-20,32,14,46,69.56521739130434,289.43030983917083
2020-01-21,32,14,46,69.56521739130434,287.43876436365963
2020-01-22,31,15,46,67.3913043478261,286.15432687817315
2020-01-23,33,13,46,71.73913043478261,288.13958923409245
2020-01-24,34,12,46,73.91304347826086,289.68209504991665
2020-01-27,32,14,46,69.56521739130434,287.8667661749044
2020-01-28,31,15,46,67.3913043478261,285.5480979655623
2020-01-29,33,13,46,71.73913043478261,287.9943322819314
2020-01-30,28,18,46,60.86956521739131,285.1966052485018
2020-01-31,28,18,46,60.86956521739131,281.5275286176011
2020-02-01,24,22,46,52.17391304347826,274.5405466274217
2020-02-03,25,21,46,54.347826086956516,277.25645068806574
2020-02-04,27,19,46,58.69565217391305,282.7216353797992
2020-02-05,32,14,46,69.56521739130434,285.5985065945395
2020-02-06,33,13,46,71.73913043478261,286.83401128637496
2020-02-07,32,14,46,69.56521739130434,287.82486240475345
2020-02-10,30,16,46,65.21739130434783,284.9899552198008
2020-02-11,30,16,46,65.21739130434783,286.6466935492428
2020-02-12,30,16,46,65.21739130434783,288.4421591806172
2020-02-13,30,16,46,65.21739130434783,289.07686557006775
2020-02-14,30,16,46,65.21739130434783,287.70324135187855
2020-02-17,29,17,46,63.04347826086957,285.83168100812617
2020-02-18,30,16,46,65.21739130434783,285.0179381309983
2020-02-19,29,17,46,63.04347826086957,288.4975857548101
2020-02-20,30,16,46,65.21739130434783,288.2826448263215
2020-02-24,25,21,46,54.347826086956516,281.45633374849837
2020-02-25,24,22,46,52.17391304347826,279.95082814833216
2020-02-26,23,23,46,50.0,276.53944571510243
2020-02-27,23,23,47,50.0,275.3730397587128
2020-02-28,17,29,47,36.95652173913043,264.28778699678134
2020-03-02,17,29,47,36.95652173913043,262.43792735494867
2020-03-03,19,27,47,41.30434782608695,268.5098006103523
2020-03-04,20,26,47,43.47826086956522,267.3605449289252
2020-03-05,20,26,47,43.47826086956522,267.7449439668453
2020-03-06,17,29,47,36.95652173913043,261.4577684099092
2020-03-09,11,35,47,23.91304347826087,249.66875689589827
2020-03-11,10,36,47,21.73913043478261,247.41288351303083
2020-03-12,7,39,47,15.217391304347828,226.34488063706902
2020-03-13,8,38,47,17.391304347826086,233.20475813917145
2020-03-16,6,40,47,13.043478260869565,217.44880040288774
2020-03-17,5,41,47,10.869565217391305,213.79618291807992
2020-03-18,1,45,47,2.1739130434782608,203.551904640792
2020-03-19,1,45,47,2.1739130434782608,195.75133949969134
2020-03-20,5,41,47,10.869565217391305,207.34096480330192
2020-03-23,0,46,47,0.0,180.30102830837455
2020-03-24,2,44,47,4.3478260869565215,185.09417373853057
2020-03-25,4,42,47,8.695652173913043,195.60581519847204
2020-03-26,4,42,47,8.695652173913043,202.38515581383254
2020-03-27,4,42,47,8.695652173913043,202.11423684793758
2020-03-30,4,42,47,8.695652173913043,196.29305413386174
2020-03-31,5,41,47,10.869565217391305,203.6912664088854
2020-04-01,4,42,47,8.695652173913043,196.55247919573964
2020-04-03,4,42,47,8.695652173913043,193.4408335414141
2020-04-07,6,40,47,13.043478260869565,208.7455549805818
2020-04-08,6,40,47,13.043478260869565,209.59440143424644
2020-04-09,6,40,47,13.043478260869565,218.9472876734751
2020-04-13,7,39,47,15.217391304347828,217.57448927794533
2020-04-15,7,39,47,15.217391304347828,217.74433930581938
2020-04-16,7,39,47,15.217391304347828,219.9572924668026
2020-04-17,7,39,47,15.217391304347828,225.5564538177379
2020-04-20,7,39,47,15.217391304347828,223.30914855816363
2020-04-21,7,39,47,15.217391304347828,215.45198921336933
2020-04-22,8,38,47,17.391304347826086,218.67663911343897
2020-04-23,8,38,47,17.391304347826086,220.5717101110519
2020-04-24,8,38,47,17.391304347826086,215.87259202353698
2020-04-27,8,38,47,17.391304347826086,219.50920913128363
2020-04-28,8,38,47,17.391304347826086,221.0866435625789
2020-04-29,8,38,47,17.391304347826086,223.86748738084557
2020-04-30,9,37,47,19.565217391304348,232.2954988765729
2020-05-04,7,39,47,15.217391304347828,220.03300233787098
2020-05-05,7,39,47,15.217391304347828,218.08237777242704
2020-05-06,6,40,47,13.043478260869565,219.75296041292535
2020-05-07,6,40,47,13.043478260869565,218.04780797307046
2020-05-08,7,39,47,15.217391304347828,218.4822421892045
2020-05-11,7,39,47,15.217391304347828,219.73844103932595
2020-05-12,6,40,47,13.043478260869565,220.28245994607084
2020-05-13,6,40,47,13.043478260869565,224.2294195259432
2020-05-14,6,40,47,13.043478260869565,219.8473100435316
2020-05-15,6,40,47,13.043478260869565,219.83892030949184
2020-05-18,6,40,47,13.043478260869565,211.23659184159007
2020-05-19,6,40,47,13.043478260869565,214.0241302830257
2020-05-20,6,40,47,13.043478260869565,218.36480630037428
2020-05-21,6,40,47,13.043478260869565,219.98407115498387
2020-05-22,6,40,47,13.043478260869565,218.65311747206064
2020-05-26,6,40,47,13.043478260869565,220.34690210801392
2020-05-27,6,40,47,13.043478260869565,225.2897710772859
2020-05-28,7,39,47,15.217391304347828,228.8728289399001
2020-05-29,8,38,47,17.391304347826086,232.0747240225632
2020-06-01,8,38,47,17.391304347826086,236.93474206606896
2020-06-02,11,35,47,23.91304347826087,239.88460426164758
2020-06-03,12,34,47,26.08695652173913,242.8608137248153
2020-06-04,11,35,47,23.91304347826087,243.27704769645044
2020-06-05,11,35,47,23.91304347826087,247.5227682837097
2020-06-08,12,34,47,26.08695652173913,248.13299995025938
2020-06-09,12,34,47,26.08695652173913,245.45331287539977
2020-06-10,12,34,47,26.08695652173913,245.14167074241223
2020-06-11,9,37,47,19.565217391304348,240.13238443551933
2020-06-12,11,35,47,23.91304347826087,241.87655121070543
2020-06-15,9,37,47,19.565217391304348,238.19059648228173
2020-06-16,10,36,47,21.73913043478261,238.54846833700995
2020-06-17,10,36,47,21.73913043478261,238.36291529422246
2020-06-18,10,36,47,21.73913043478261,242.6371104653546
2020-06-19,12,34,47,26.08695652173913,246.44986656955945
2020-06-22,13,33,47,28.26086956521739,249.86368930749947
2020-06-23,15,31,47,32.608695652173914,255.711219264878
2020-06-24,17,29,47,36.95652173913043,251.46939758790893
2020-06-25,12,34,47,26.08695652173913,251.4259460885524
2020-06-26,15,31,47,32.608695652173914,252.52174895845167
2020-06-29,14,32,47,30.434782608695656,249.88989648280526
2020-06-30,15,31,47,32.608695652173914,249.55463818088023
2020-07-01,15,31,47,32.608695652173914,250.58545646396354
2020-07-02,16,30,47,34.78260869565217,253.30332590219248
2020-07-03,18,28,47,39.130434782608695,255.89382613527306
2020-07-06,19,27,47,41.30434782608695,260.191354472562
2020-07-07,19,27,47,41.30434782608695,260.77215668824624
2020-07-08,16,30,47,34.78260869565217,258.91444459828983
2020-07-09,17,29,47,36.95652173913043,260.3254447463272
2020-07-10,17,29,47,36.95652173913043,259.0371269861804
2020-07-13,19,27,47,41.30434782608695,259.90014546700655
2020-07-14,18,28,47,39.130434782608695,255.4772122013055
2020-07-15,19,27,47,41.30434782608695,256.4153359923075
2020-07-16,19,27,47,41.30434782608695,258.50564088250627
2020-07-17,19,27,47,41.30434782608695,262.36936221327454
2020-07-20,20,26,47,43.47826086956522,264.0358233910268
2020-07-21,20,26,47,43.47826086956522,266.02141955519596
2020-07-22,21,25,47,45.65217391304348,265.2296763361589
2020-07-23,21,25,47,45.65217391304348,267.67059539001144
2020-07-24,21,25,47,45.65217391304348,265.65059065664667
2020-07-27,22,24,47,47.82608695652174,263.7974194763703
2020-07-28,23,23,47,50.0,268.77581063639
2020-07-29,24,22,47,52.17391304347826,269.7962223145589
2020-07-30,22,24,47,47.82608695652174,268.15035253365727
2020-07-31,23,23,47,50.0,269.63189227709796
2020-08-03,24,22,47,52.17391304347826,266.9070828451265
2020-08-04,25,21,47,54.347826086956516,269.797731028257
2020-08-05,25,21,47,54.347826086956516,271.7123559054716
2020-08-06,29,17,47,63.04347826086957,274.31811604310775
2020-08-07,30,16,47,65.21739130434783,275.91943286357906
2020-08-10,31,15,47,67.3913043478261,279.0478530863886
2020-08-11,30,16,47,65.21739130434783,278.65859432714103
2020-08-12,30,16,47,65.21739130434783,279.73660027825093
2020-08-13,33,13,47,71.73913043478261,282.5209891364654
2020-08-14,29,17,47,63.04347826086957,279.4757521415247
2020-08-17,30,16,47,65.21739130434783,282.5690227660046
2020-08-18,34,12,47,73.91304347826086,286.5596834470929
2020-08-19,34,12,47,73.91304347826086,287.51818436214893
2020-08-20,33,13,47,71.73913043478261,286.49865956215416
2020-08-21,33,13,48,71.73913043478261,287.77292471919833
2020-08-24,35,11,48,76.08695652173914,289.2731081886057
2020-08-25,33,13,48,71.73913043478261,291.68601232870446
2020-08-26,35,11,48,76.08695652173914,292.8378817280178
2020-08-27,35,11,48,76.08695652173914,293.16712258528815
2020-08-28,37,9,48,80.43478260869566,294.66662236480073
2020-08-31,33,13,48,71.73913043478261,286.277978524709
2020-09-01,34,12,48,73.91304347826086,289.59908111188594
2020-09-02,36,10,48,78.26086956521739,292.0912588547638
2020-09-03,36,10,48,78.26086956521739,294.16828761136213
2020-09-04,33,13,48,71.73913043478261,288.97503543069234
2020-09-07,33,13,48,71.73913043478261,288.63855738157764
2020-09-08,33,13,48,71.73913043478261,285.3104251240291
2020-09-09,32,14,48,69.56521739130434,284.5176015935687
2020-09-10,33,13,48,71.73913043478261,287.01565024456636
2020-09-11,32,14,48,69.56521739130434,289.20537187869513
2020-09-14,32,14,48,69.56521739130434,289.23897526772294
2020-09-15,33,13,48,71.73913043478261,290.98330889474624
2020-09-16,34,12,48,73.91304347826086,293.02158488774154
2020-09-17,32,14,48,69.56521739130434,291.08891659953764
2020-09-18,32,14,48,69.56521739130434,292.57437409526415
2020-09-21,29,17,48,63.04347826086957,283.34349500152996
2020-09-22,26,20,48,56.52173913043478,280.91510458473243
2020-09-23,25,21,48,54.347826086956516,279.5905793632793
2020-09-24,23,23,48,50.0,270.9015142309717
2020-09-25,25,21,48,54.347826086956516,278.4143642174464
2020-09-28,28,18,48,60.86956521739131,285.4039527378917
2020-09-29,28,18,48,60.86956521739131,283.6938989758676
2020-09-30,28,18,48,60.86956521739131,284.49297436631406
2020-10-01,30,16,48,65.21739130434783,288.44388650521375
2020-10-05,31,16,48,65.95744680851064,290.44992998944724
2020-10-06,31,16,48,65.95744680851064,292.91920924833346
2020-10-07,32,15,48,68.08510638297872,292.88010124844584
2020-10-08,33,14,48,70.2127659574468,294.4203039559646
2020-10-09,32,15,48,68.08510638297872,294.4192325225991
2020-10-12,33,14,48,70.2127659574468,294.7734919610724
2020-10-13,31,16,48,65.95744680851064,293.91394809466817
2020-10-14,33,14,48,70.2127659574468,293.7489824709647
2020-10-15,31,16,48,65.95744680851064,287.8194521608973
2020-10-16,31,16,48,65.95744680851064,290.86021441770583
2020-10-19,33,14,48,70.2127659574468,292.95884070181455
2020-10-20,34,13,48,72.3404255319149,293.82310976947934
2020-10-21,34,13,48,72.3404255319149,294.7286927713959
2020-10-22,35,12,48,74.46808510638297,295.2560582455481
2020-10-23,36,11,48,76.59574468085107,296.7093818278737
2020-10-26,37,10,48,78.72340425531915,292.59125448290513
2020-10-27,38,9,48,80.85106382978722,297.01576388335957
2020-10-28,37,10,48,78.72340425531915,293.9553176261387
2020-10-29,35,12,48,74.46808510638297,292.3137235580466
2020-10-30,36,11,48,76.59574468085107,292.75229591816304
2020-11-02,36,11,48,76.59574468085107,294.39540980137735
2020-11-03,37,10,48,78.72340425531915,297.6238113108956
2020-11-04,37,10,48,78.72340425531915,299.7874629381202
2020-11-05,39,8,48,82.97872340425532,306.53174499875774
2020-11-06,39,8,48,82.97872340425532,307.5888717011229
2020-11-09,40,7,48,85.1063829787234,311.7134579911065
2020-11-10,43,4,48,91.48936170212765,314.10356415224027
2020-11-11,44,3,48,93.61702127659575,320.41451035494663
2020-11-12,43,4,48,91.48936170212765,319.65408470066967
2020-11-13,44,3,48,93.61702127659575,322.5115464241403
2020-11-14,43,4,48,91.48936170212765,323.7714947364503
2020-11-17,43,4,48,91.48936170212765,326.90303644713674
2020-11-18,43,4,48,91.48936170212765,330.3900658125998
2020-11-19,43,4,48,91.48936170212765,327.54959997987163
2020-11-20,43,4,48,91.48936170212765,331.95358220950493
2020-11-23,43,4,48,91.48936170212765,335.3354106452915
2020-11-24,44,3,48,93.61702127659575,338.5848404714769
2020-11-25,45,2,48,95.74468085106383,334.3611346123003
2020-11-26,45,2,48,95.74468085106383,337.65131399240005
2020-11-27,46,1,48,97.87234042553192,337.9564591056294
2020-12-01,46,1,48,97.87234042553192,341.44194440698686
2020-12-02,46,1,48,97.87234042553192,344.9361635729761
2020-12-03,45,2,48,95.74468085106383,347.98749264596654
2020-12-04,46,1,48,97.87234042553192,352.58967858308387
2020-12-07,47,0,48,100.0,355.7061376209434
2020-12-08,46,1,48,97.87234042553192,354.5426260752017
2020-12-09,46,1,48,97.87234042553192,355.6805217495997
2020-12-10,46,1,48,97.87234042553192,355.0107371656627
2020-12-11,46,1,48,97.87234042553192,356.21508568102644
2020-12-14,46,1,48,97.87234042553192,358.37140278986107
2020-12-15,46,1,48,97.87234042553192,359.170582381489
2020-12-16,47,0,48,100.0,361.7464289913105
2020-12-17,47,0,48,100.0,360.9699202661085
2020-12-18,47,0,48,100.0,361.50067019042876
2020-12-21,46,1,48,97.87234042553192,347.04530785945326
2020-12-22,46,1,48,97.87234042553192,352.9512521065962
2020-12-23,47,0,48,100.0,358.04489867356904
2020-12-24,47,0,48,100.0,360.85540742093804
2020-12-28,47,0,48,100.0,365.0761846575067
2020-12-29,47,0,48,100.0,364.6698486342691
2020-12-30,47,0,48,100.0,366.572661677342
2020-12-31,47,0,48,100.0,366.9683381575464
2021-01-01,47,0,48,100.0,369.22094717638066
2021-01-04,47,0,48,100.0,374.18622442571785
2021-01-05,47,0,48,100.0,374.8949265837619
2021-01-06,47,0,48,100.0,376.2004701561118
2021-01-07,47,0,48,100.0,379.10198586993005
2021-01-08,47,0,48,100.0,385.02356487235323
2021-01-11,47,0,48,100.0,388.14888938667906
2021-01-12,47,0,48,100.0,389.3714524349085
2021-01-13,47,0,48,100.0,390.25923958260586
2021-01-14,47,0,48,100.0,390.0515728096676
2021-01-15,47,0,48,100.0,385.8304840140972
2021-01-18,47,0,48,100.0,379.2317332353906
2021-01-19,47,0,48,100.0,386.60403468712576
2021-01-20,47,0,48,100.0,390.12928445754096
2021-01-21,47,0,48,100.0,387.06808850136287
2021-01-22,47,0,48,100.0,382.0918839181464
2021-01-25,47,0,48,100.0,380.6305058883334
2021-01-27,45,2,48,95.74468085106383,375.933247748417
2021-01-28,46,1,48,97.87234042553192,373.2489414447655
2021-01-29,45,2,48,95.74468085106383,368.115956380849
2021-02-01,45,2,48,95.74468085106383,382.89468501538255
2021-02-02,46,1,48,97.87234042553192,391.7184435941853
2021-02-03,47,0,48,100.0,397.21735024706476
2021-02-04,47,0,48,100.0,400.95172856235814
2021-02-05,46,1,48,97.87234042553192,402.1276067386083
2021-02-08,47,0,48,100.0,408.836113698306
2021-02-09,47,0,48,100.0,408.1522820437094
2021-02-10,47,0,48,100.0,408.8801805896967
2021-02-11,47,0,48,100.0,411.0798898297157
2021-02-12,47,0,48,100.0,409.9291739234559
2021-02-15,47,0,48,100.0,413.5454157374375
2021-02-16,47,0,48,100.0,415.5852049450698
2021-02-17,45,2,48,95.74468085106383,415.36451491109057
2021-02-18,45,2,48,95.74468085106383,415.88939266070577
2021-02-19,46,1,48,97.87234042553192,409.9347681231076
2021-02-22,44,3,48,93.61702127659575,402.9646658268515
2021-02-23,45,2,48,95.74468085106383,405.8904422170209
2021-02-24,45,2,48,95.74468085106383,410.5672049951873
2021-02-25,44,3,48,93.61702127659575,416.5843874801019
2021-02-26,44,3,48,93.61702127659575,402.59650645433555
2021-03-01,44,3,48,93.61702127659575,410.48959308473513
2021-03-02,44,3,48,93.61702127659575,417.63128519989937
2021-03-03,45,2,48,95.74468085106383,424.42507717109555
2021-03-04,45,2,48,95.74468085106383,422.25686363314344
2021-03-05,45,2,48,95.74468085106383,416.8584670199852
2021-03-08,44,3,48,93.61702127659575,417.32050196529514
2021-03-09,45,2,48,95.74468085106383,418.3547227522906
2021-03-10,46,1,48,97.87234042553192,421.5676279628055
2021-03-12,45,2,48,95.74468085106383,418.05153430670134
2021-03-15,45,2,48,95.74468085106383,416.47238419888674
2021-03-16,45,2,48,95.74468085106383,417.6725788774004
2021-03-17,45,2,48,95.74468085106383,410.1152351980098
2021-03-18,44,3,48,93.61702127659575,407.24481215021893
2021-03-19,45,2,48,95.74468085106383,411.2444509700748
2021-03-22,45,2,48,95.74468085106383,414.0738302602556
2021-03-23,45,2,48,95.74468085106383,416.4455416430537
2021-03-24,45,2,48,95.74468085106383,408.9654389277595
2021-03-25,43,5,48,89.58333333333334,400.7500352903694
2021-03-26,44,4,48,91.66666666666666,406.7621358862632
2021-03-30,45,3,48,93.75,414.5025905699143
2021-03-31,44,4,48,91.66666666666666,413.6183799185158
2021-04-01,45,3,48,93.75,420.8450775146191
2021-04-05,44,4,48,91.66666666666666,416.44334144112867
2021-04-06,45,3,48,93.75,420.10070510268685
2021-04-07,46,2,48,95.83333333333334,423.79077823961484
2021-04-08,45,3,48,93.75,426.73603144757317
2021-04-09,46,2,48,95.83333333333334,426.82280237843565
2021-04-12,46,2,48,95.83333333333334,410.0811935695476
2021-04-13,46,2,48,95.83333333333334,416.97232377460597
2021-04-15,45,3,48,93.75,418.54467066168297
2021-04-16,46,2,48,95.83333333333334,422.1177816398174
2021-04-19,45,3,48,93.75,414.4710403865191
2021-04-20,45,3,48,93.75,415.6817816494208
2021-04-22,44,4,48,91.66666666666666,416.5147687533792
2021-04-23,44,4,48,91.66666666666666,415.5759421576426
2021-04-26,44,4,48,91.66666666666666,419.6696156336532
2021-04-27,44,4,48,91.66666666666666,423.5694167499987
2021-04-28,45,3,48,93.75,427.9812553694432
2021-04-29,45,3,48,93.75,430.0495411458325
2021-04-30,45,3,48,93.75,426.36551921646947
2021-05-03,44,4,48,91.66666666666666,428.84185440421163
2021-05-04,44,4,48,91.66666666666666,425.9464941627055
2021-05-05,44,4,48,91.66666666666666,429.8856914630753
2021-05-06,45,3,48,93.75,433.20991599119685
2021-05-07,44,4,48,91.66666666666666,435.37718864502557
2021-05-10,45,3,48,93.75,441.19758520348
2021-05-11,46,2,48,95.83333333333334,441.2137432863388
2021-05-12,45,3,48,93.75,436.8985546673036
2021-05-14,45,3,48,93.75,434.0065765119284
2021-05-17,46,2,48,95.83333333333334,439.5631035480209
2021-05-18,46,2,48,95.83333333333334,446.489336016956
2021-05-19,46,2,48,95.83333333333334,445.08502136813047
2021-05-20,46,2,48,95.83333333333334,441.484661623247
2021-05-21,46,2,48,95.83333333333334,446.6849423328134
2021-05-24,46,2,48,95.83333333333334,446.53009806992685
2021-05-25,46,2,48,95.83333333333334,448.088783632042
2021-05-26,46,2,48,95.83333333333334,449.4395149547494
2021-05-27,46,2,48,95.83333333333334,451.17173906827395
2021-05-28,47,1,48,97.91666666666666,451.0344606952747
2021-05-31,47,1,48,97.91666666666666,454.23837367997174
2021-06-01,47,1,48,97.91666666666666,455.3252905084058
2021-06-02,48,0,48,100.0,457.9817590539289
2021-06-03,48,0,48,100.0,462.3689329385884
2021-06-04,48,0,48,100.0,463.8467981258319
2021-06-07,48,0,48,100.0,466.5751947421068
2021-06-08,48,0,48,100.0,467.5596638995204
2021-06-09,48,0,48,100.0,464.5272831280923
2021-06-10,48,0,48,100.0,468.67456549067896
2021-06-11,48,0,48,100.0,470.83719785013363
2021-06-14,48,0,48,100.0,469.55297693590217
2021-06-15,48,0,48,100.0,469.66573865582006
2021-06-16,47,1,48,97.91666666666666,465.77548675782197
2021-06-17,47,1,48,97.91666666666666,461.5738330845337
2021-06-18,47,1,48,97.91666666666666,461.04799543432875
2021-06-21,47,1,48,97.91666666666666,463.60080198080675
2021-06-22,48,0,48,100.0,465.31156784447444
2021-06-23,48,0,48,100.0,465.1358867295743
2021-06-24,48,0,48,100.0,467.00251500558005
2021-06-25,47,1,48,97.91666666666666,470.54800190938755
2021-06-28,47,1,48,97.91666666666666,470.5410676725407
2021-06-29,47,1,48,97.91666666666666,468.39650564884107
2021-06-30,47,1,48,97.91666666666666,467.1665272878905
2021-07-01,47,1,48,97.91666666666666,468.5615320585729
2021-07-02,47,1,48,97.91666666666666,469.09868120678635
2021-07-05,47,1,48,97.91666666666666,471.65617746535816
2021-07-06,48,0,48,100.0,471.00525703867123
2021-07-07,48,0,48,100.0,473.38409013460654
2021-07-08,47,1,48,97.91666666666666,469.67406402789277
2021-07-09,47,1,48,97.91666666666666,470.60812377301363
2021-07-12,47,1,48,97.91666666666666,471.3418195049945
2021-07-13,47,1,48,97.91666666666666,473.3616023475558
2021-07-14,47,1,48,97.91666666666666,474.5560782609707
2021-07-15,47,1,48,97.91666666666666,475.9446006890121
2021-07-16,47,1,48,97.91666666666666,475.5830457775826
2021-07-19,46,2,48,95.83333333333334,471.9681843044911
2021-07-20,46,2,48,95.83333333333334,467.1504114685612
2021-07-22,46,2,48,95.83333333333334,474.71231275182316
2021-07-23,45,3,48,93.75,475.0877381718529
2021-07-26,45,3,48,93.75,475.65170966966105
2021-07-27,45,3,48,93.75,473.70157559204904
2021-07-28,41,7,48,85.41666666666666,472.9966177681084
2021-07-29,41,7,48,85.41666666666666,475.4799175200396
2021-07-30,41,7,48,85.41666666666666,477.3309021728501
2021-08-02,43,5,48,89.58333333333334,480.89745611527724
2021-08-03,44,4,48,91.66666666666666,486.01613337893326
2021-08-04,45,3,48,93.75,484.80008998884375
2021-08-05,42,6,48,87.5,485.9002125713781
2021-08-06,43,5,48,89.58333333333334,486.0406586747703
2021-08-09,44,4,48,91.66666666666666,485.3630778137249
2021-08-10,44,4,48,91.66666666666666,484.34571385361085
2021-08-11,43,5,48,89.58333333333334,484.97697452516223
2021-08-12,45,3,48,93.75,489.409801992916
2021-08-13,43,5,48,89.58333333333334,490.9748175124438
2021-08-16,43,5,48,89.58333333333334,491.53755155774695
2021-08-17,43,5,48,89.58333333333334,495.274567855403
2021-08-18,44,4,48,91.66666666666666,494.9650658807092
2021-08-20,41,7,48,85.41666666666666,488.38091189002785
2021-08-23,40,8,48,83.33333333333334,487.7685223506052
2021-08-24,42,6,48,87.5,493.9448918650375
2021-08-25,42,6,48,87.5,494.32656717046797
2021-08-26,43,5,48,89.58333333333334,493.86244458321994
2021-08-27,43,5,48,89.58333333333334,498.03826561779346
2021-08-30,44,4,48,91.66666666666666,506.16459206951197
2021-08-31,45,3,48,93.75,514.8893975743449
2021-09-01,44,4,48,91.66666666666666,513.6669126612323
2021-09-02,44,4,48,91.66666666666666,517.5511631269623
2021-09-03,44,4,48,91.66666666666666,520.5832273175735
2021-09-06,44,4,48,91.66666666666666,521.9491900771408
2021-09-07,44,4,48,91.66666666666666,519.7591810040299
2021-09-08,44,4,48,91.66666666666666,520.7636633100449
2021-09-09,44,4,48,91.66666666666666,521.0306217102651
2021-09-13,44,4,48,91.66666666666666,522.3387002824171
2021-09-14,45,3,48,93.75,524.8068417227767
2021-09-15,46,2,48,95.83333333333334,530.2583503645392
2021-09-16,45,3,48,93.75,532.0146517563227
2021-09-17,45,3,48,93.75,530.4817818113223
2021-09-20,45,3,48,93.75,522.4267975557964
2021-09-21,45,3,48,93.75,528.1040363316379
2021-09-22,45,3,48,93.75,529.9791852249269
2021-09-23,45,3,48,93.75,537.162925758082
2021-09-24,45,3,48,93.75,534.6204700882253
2021-09-27,46,2,48,95.83333333333334,534.6021087146378
2021-09-28,46,2,48,95.83333333333334,533.5311059560987
2021-09-29,46,2,48,95.83333333333334,535.815091972184
2021-09-30,46,2,48,95.83333333333334,533.4947938799897
2021-10-01,47,1,48,97.91666666666666,532.4116702729937
2021-10-04,48,0,48,100.0,537.9074823935471
2021-10-05,48,0,48,100.0,540.5116496037128
2021-10-06,47,1,48,97.91666666666666,532.270948872201
2021-10-07,47,1,48,97.91666666666666,539.7283359074214
2021-10-08,46,2,48,95.83333333333334,540.2762326107564
2021-10-11,46,2,48,95.83333333333334,545.3221911489952
2021-10-12,46,2,48,95.83333333333334,546.9351185649299
2021-10-13,47,1,48,97.91666666666666,553.6721956283305
2021-10-14,48,0,48,100.0,558.8978433782797
2021-10-18,47,1,48,97.91666666666666,561.8366654392769
2021-10-19,47,1,48,97.91666666666666,555.7115126415105
2021-10-20,46,2,48,95.83333333333334,551.0484683248484
2021-10-21,47,1,48,97.91666666666666,549.3119879585015
2021-10-22,45,3,48,93.75,543.8443876980937
2021-10-25,44,4,48,91.66666666666666,541.8479171122785
2021-10-26,44,4,48,91.66666666666666,549.0532799072022
2021-10-27,43,5,48,89.58333333333334,547.3804749251935
2021-10-28,41,7,48,85.41666666666666,535.145185221768
2021-10-29,42,6,48,87.5,533.3533111334037
2021-11-01,43,5,48,89.58333333333334,541.8110776621668
2021-11-02,43,5,48,89.58333333333334,541.9371436625936
2021-11-03,43,5,48,89.58333333333334,543.0703274751751
2021-11-04,46,2,48,95.83333333333334,546.1235646914856
2021-11-08,46,2,48,95.83333333333334,552.7879180258941
2021-11-09,46,2,48,95.83333333333334,553.7932549653603
2021-11-10,45,3,48,93.75,552.720899735106
2021-11-11,44,4,48,91.66666666666666,549.1977399412729
2021-11-12,44,4,48,91.66666666666666,555.8662961116437
2021-11-15,45,3,48,93.75,557.5176163017263
2021-11-16,44,4,48,91.66666666666666,556.2009352109555
2021-11-17,44,4,48,91.66666666666666,556.212590168138
2021-11-18,42,6,48,87.5,548.6621784620191
2021-11-22,39,9,48,81.25,537.9978002786972
2021-11-23,42,6,48,87.5,543.4793145982848
2021-11-24,40,8,48,83.33333333333334,542.1241335802275
2021-11-25,41,7,48,85.41666666666666,543.8981480982866
2021-11-26,38,10,48,79.16666666666666,526.8713210265167
2021-11-29,38,10,48,79.16666666666666,526.1841171790558
2021-11-30,37,11,48,77.08333333333334,525.3002445256208
2021-12-01,39,9,48,81.25,530.0262574844087
2021-12-02,42,6,48,87.5,536.9514116690285
2021-12-03,40,8,48,83.33333333333334,531.4147283430472
2021-12-06,37,11,48,77.08333333333334,522.0553757211678
2021-12-07,42,6,48,87.5,530.1933752757269
2021-12-08,41,7,48,85.41666666666666,538.767314631976
2021-12-09,41,7,48,85.41666666666666,540.1825589047301
2021-12-10,41,7,48,85.41666666666666,540.5684373115355
2021-12-13,40,8,48,83.33333333333334,538.1636972873729
2021-12-14,37,11,48,77.08333333333334,536.3881194834852
2021-12-15,39,9,48,81.25,533.6373052380861
2021-12-16,37,11,48,77.08333333333334,533.6112689356519
2021-12-17,35,13,48,72.91666666666666,524.3261706205384
2021-12-20,32,16,48,66.66666666666666,512.5181419780263
2021-12-21,34,14,48,70.83333333333334,518.4164166049454
2021-12-22,34,14,48,70.83333333333334,524.0901493593292
2021-12-23,34,14,48,70.83333333333334,529.0704625173336
2021-12-24,34,14,48,70.83333333333334,526.1431875721117
2021-12-27,35,13,48,72.91666666666666,529.5362499823651
2021-12-28,35,13,48,72.91666666666666,533.8676906799135
2021-12-29,35,13,48,72.91666666666666,534.4258726785622
2021-12-30,36,12,48,75.0,534.2772170718456
2021-12-31,36,12,48,75.0,540.4810264206374
2022-01-03,39,9,48,81.25,546.8220340267756
2022-01-04,40,8,48,83.33333333333334,550.9023583501395
2022-01-05,40,8,48,83.33333333333334,553.97775847274
2022-01-06,40,8,48,83.33333333333334,550.4111959648438
2022-01-07,39,9,48,81.25,552.676906001305
2022-01-10,40,8,48,83.33333333333334,557.1326389250088
2022-01-11,39,9,48,81.25,558.1174757095273
2022-01-12,39,9,48,81.25,563.0175852457214
2022-01-13,42,6,48,87.5,566.0829944690222
2022-01-14,41,7,48,85.41666666666666,565.4867355759849
2022-01-17,41,7,48,85.41666666666666,567.7544271315417
2022-01-18,39,9,48,81.25,558.0201289516735
2022-01-19,39,9,48,81.25,554.8016498410701
2022-01-20,37,11,48,77.08333333333334,552.8443749180657
2022-01-21,37,11,48,77.08333333333334,546.8015874212944
2022-01-24,32,16,48,66.66666666666666,530.5933282341493
2022-01-25,34,14,48,70.83333333333334,536.0576964846181
2022-01-27,32,16,48,66.66666666666666,531.5226061083355
2022-01-28,32,16,48,66.66666666666666,532.2361520345422
2022-01-31,35,13,48,72.91666666666666,539.1117662116396
2022-02-01,37,11,48,77.08333333333334,546.7244938391532
2022-02-02,38,10,48,79.16666666666666,552.4820184335802
2022-02-03,37,11,48,77.08333333333334,547.3198872329098
2022-02-04,36,12,48,75.0,545.6109015651055
2022-02-07,34,14,48,70.83333333333334,539.0819920379595
2022-02-08,34,14,48,70.83333333333334,540.2451028933697
2022-02-09,34,14,48,70.83333333333334,547.3676002021233
2022-02-10,38,10,48,79.16666666666666,551.880808527951
2022-02-11,36,12,48,75.0,544.6644496776935
2022-02-14,31,17,48,64.58333333333334,527.5617307925498
2022-02-15,32,16,48,66.66666666666666,543.2281650215617
2022-02-16,34,14,48,70.83333333333334,542.7982834907328
2022-02-17,33,15,48,68.75,542.8983929852376
2022-02-18,33,15,48,68.75,540.7336122077438
2022-02-21,34,14,48,70.83333333333334,536.393589704909
2022-02-22,32,16,48,66.66666666666666,533.759214617337
2022-02-23,33,15,48,68.75,532.9846995998928
2022-02-24,16,32,48,33.33333333333333,506.1223597686361
2022-02-25,24,24,48,50.0,522.6855831544918
2022-02-28,27,21,48,56.25,528.6825730893829
2022-03-02,25,23,48,52.083333333333336,526.516349262985
2022-03-03,26,22,48,54.166666666666664,522.3802051851706
2022-03-04,20,28,48,41.66666666666667,513.3027162056881
2022-03-07,18,30,48,37.5,503.72984228594714
2022-03-08,20,28,48,41.66666666666667,507.8350258081012
2022-03-09,22,26,48,45.83333333333333,517.220519151391
2022-03-10,23,25,48,47.91666666666667,525.1020261369619
2022-03-11,23,25,48,47.91666666666667,527.1893472289037
2022-03-14,24,24,48,50.0,530.6653385142679
2022-03-15,23,25,48,47.91666666666667,525.2045953571672
2022-03-16,26,22,48,54.166666666666664,534.9200256603376
2022-03-17,29,19,48,60.416666666666664,544.0929496645767
2022-03-21,27,21,48,56.25,538.0033744802527
2022-03-22,28,20,48,58.333333333333336,542.1122287971772
2022-03-23,28,20,48,58.333333333333336,540.8457416842006
2022-03-24,28,20,48,58.333333333333336,542.1435275408387
2022-03-25,28,20,48,58.333333333333336,540.9690808560381
2022-03-28,28,20,48,58.333333333333336,543.5754496532933
2022-03-29,29,19,48,60.416666666666664,546.9816797029639
2022-03-30,34,14,48,70.83333333333334,550.1889772692768
2022-03-31,34,14,48,70.83333333333334,549.6752926437041
2022-04-01,35,13,48,72.91666666666666,556.0568643228828
2022-04-04,37,11,48,77.08333333333334,563.5026624100974
2022-04-05,36,12,48,75.0,565.9612033297766
2022-04-06,35,13,48,72.91666666666666,564.3792297165008
2022-04-07,35,13,48,72.91666666666666,561.7993154078719
2022-04-08,38,10,48,79.16666666666666,568.1240247105652
2022-04-11,35,13,48,72.91666666666666,567.4931628144701
2022-04-12,33,15,48,68.75,561.1138287763212
2022-04-13,31,17,48,64.58333333333334,560.7890497954191
2022-04-18,29,19,48,60.416666666666664,558.6134178257821
2022-04-19,28,20,48,58.333333333333336,551.1325098626182
2022-04-20,28,20,48,58.333333333333336,557.2677007022972
2022-04-21,31,17,48,64.58333333333334,565.0372457325113
2022-04-22,32,16,48,66.66666666666666,557.8826746456662
2022-04-25,27,21,48,56.25,548.357855219318
2022-04-26,28,20,48,58.333333333333336,557.4221852272947
2022-04-27,27,21,48,56.25,550.1301831777341
2022-04-28,28,20,48,58.333333333333336,556.4321351020886
2022-04-29,26,22,48,54.166666666666664,551.7634890898104
2022-05-02,26,22,48,54.166666666666664,548.8502356798911
2022-05-04,19,29,48,39.58333333333333,535.5523109312613
2022-05-05,19,29,48,39.58333333333333,535.0914469542084
2022-05-06,17,31,48,35.41666666666667,527.0790981459891
2022-05-09,14,34,48,29.166666666666668,523.4926115668834
2022-05-10,12,36,48,25.0,517.6209492774115
2022-05-11,13,35,48,27.083333333333332,514.8078700158168
2022-05-12,10,38,48,20.833333333333336,503.5170226533915
2022-05-13,11,37,48,22.916666666666664,503.6334386670243
2022-05-16,12,36,48,25.0,507.2040487762859
2022-05-17,15,33,48,31.25,521.4360058191145
2022-05-18,17,31,48,35.41666666666667,520.6817900036558
2022-05-19,13,35,48,27.083333333333332,507.2952373103324
2022-05-20,17,31,48,35.41666666666667,521.086414428166
2022-05-23,18,30,48,37.5,518.6107721788966
2022-05-24,16,32,48,33.33333333333333,513.9656978800884
2022-05-25,15,33,48,31.25,508.78062939027666
2022-05-26,16,32,48,33.33333333333333,515.3760216563774
2022-05-27,15,33,48,31.25,520.4516642902248
2022-05-30,19,29,48,39.58333333333333,529.3756148819331
2022-05-31,19,29,48,39.58333333333333,531.8511726319714
2022-06-01,18,30,48,37.5,528.6267913431212
2022-06-02,19,29,48,39.58333333333333,531.2455508956542
2022-06-03,17,31,48,35.41666666666667,526.2575144097998
2022-06-06,16,32,48,33.33333333333333,526.2599217472425
2022-06-07,15,33,48,31.25,522.7668851334738
2022-06-08,14,34,48,29.166666666666668,521.7817362261371
2022-06-09,15,33,48,31.25,523.9387569519371
2022-06-10,16,32,48,33.33333333333333,520.0849532646716
2022-06-13,13,35,48,27.083333333333332,506.10332449338273
2022-06-14,13,35,48,27.083333333333332,506.536157752801
2022-06-15,12,36,48,25.0,507.14496677591416
2022-06-16,11,37,48,22.916666666666664,494.24983605883534
2022-06-17,10,38,48,20.833333333333336,489.81456881053305
2022-06-20,11,37,48,22.916666666666664,489.03948415645607
2022-06-21,11,37,48,22.916666666666664,499.58030292719917
2022-06-22,10,38,48,20.833333333333336,491.3322285710681
2022-06-23,10,38,48,20.833333333333336,497.40901556180137
2022-06-24,12,36,48,25.0,502.3999971737099
2022-06-27,12,36,48,25.0,507.33558025695623
2022-06-28,13,35,48,27.083333333333332,509.22867200238693
2022-06-29,14,34,48,29.166666666666668,507.18724053712646
2022-06-30,12,36,48,25.0,504.70161685151817
2022-07-01,12,36,48,25.0,506.3661235293179
2022-07-04,13,35,48,27.083333333333332,508.5542293967312
2022-07-05,13,35,48,27.083333333333332,508.51085508879083
2022-07-06,16,32,48,33.33333333333333,514.6075353983314
2022-07-07,16,32,48,33.33333333333333,520.3268177067655
2022-07-08,19,29,48,39.58333333333333,522.9750304942299
2022-07-11,20,28,48,41.66666666666667,524.4812461938918
2022-07-12,17,31,48,35.41666666666667,519.6886351913017
2022-07-13,20,28,48,41.66666666666667,520.5715928543922
2022-07-14,20,28,48,41.66666666666667,520.9283171880452
2022-07-15,21,27,48,43.75,525.0630188138782
2022-07-18,22,26,48,45.83333333333333,533.1035090719051
2022-07-19,23,25,48,47.91666666666667,534.7639562487228
2022-07-20,22,26,48,45.83333333333333,538.4307766825839
2022-07-21,23,25,48,47.91666666666667,543.3915735546194
2022-07-22,23,25,48,47.91666666666667,545.5261715684213
2022-07-25,24,24,48,50.0,543.9758776473531
2022-07-26,22,26,48,45.83333333333333,539.9450990022934
2022-07-27,24,24,48,50.0,544.8291625394472
2022-07-28,25,23,48,52.083333333333336,553.2057329793722
2022-07-29,28,20,48,58.333333333333336,561.1731167117232
2022-08-01,32,16,48,66.66666666666666,568.5022505610264
2022-08-02,31,17,48,64.58333333333334,570.1411290040139
2022-08-03,32,16,48,66.66666666666666,570.198158113783
2022-08-04,31,17,48,64.58333333333334,571.6619462466296
2022-08-05,33,15,48,68.75,572.0646514028416
2022-08-08,35,13,48,72.91666666666666,576.1368627100924
2022-08-10,36,12,48,75.0,576.7724795402171
2022-08-11,35,13,48,72.91666666666666,578.5089400292978
2022-08-12,36,12,48,75.0,579.9441528657395
2022-08-16,36,12,48,75.0,586.8846146276522
2022-08-17,37,11,48,77.08333333333334,590.7319778072585
2022-08-18,38,10,48,79.16666666666666,591.2567902475747
2022-08-19,37,11,48,77.08333333333334,584.5092572904355
2022-08-22,34,14,48,70.83333333333334,574.6102812141169
2022-08-23,35,13,48,72.91666666666666,580.2741278613752
2022-08-24,36,12,48,75.0,581.2905124233913
2022-08-25,36,12,48,75.0,579.4144624617207
2022-08-26,36,12,48,75.0,583.345278480105
2022-08-29,35,13,48,72.91666666666666,577.0078427164218
2022-08-30,37,11,48,77.08333333333334,590.5415642224553
2022-09-01,37,11,48,77.08333333333334,586.5591023025808
2022-09-02,36,12,48,75.0,585.9613799519796
2022-09-05,36,12,48,75.0,588.9120559721894
2022-09-06,37,11,48,77.08333333333334,589.9129675905917
2022-09-07,36,12,48,75.0,590.5187762395511
2022-09-08,37,11,48,77.08333333333334,593.4265433526383
2022-09-09,37,11,48,77.08333333333334,594.9790023124995
2022-09-12,37,11,48,77.08333333333334,599.1701674321729
2022-09-13,39,9,48,81.25,603.5893914734787
2022-09-14,38,10,48,79.16666666666666,601.8854769826257
2022-09-15,36,12,48,75.0,599.6102215572361
2022-09-16,33,15,48,68.75,587.8013717244015
2022-09-19,33,15,48,68.75,589.9736119270619
2022-09-20,35,13,48,72.91666666666666,598.5566977226401
2022-09-21,35,13,48,72.91666666666666,593.407235817713
2022-09-22,34,14,48,70.83333333333334,592.6036838006439
2022-09-23,32,16,48,66.66666666666666,582.1292427829397
2022-09-26,29,19,48,60.416666666666664,569.8700484981102
2022-09-27,28,20,48,58.333333333333336,569.5071044027228
2022-09-28,26,22,48,54.166666666666664,566.6644400432479
2022-09-29,28,20,48,58.333333333333336,567.2483952259423
2022-09-30,30,18,48,62.5,574.4188497417498
2022-10-03,29,19,48,60.416666666666664,566.8561435086076
2022-10-04,32,16,48,66.66666666666666,578.7232761211288
2022-10-06,33,15,48,68.75,582.1597214473725
2022-10-07,33,15,48,68.75,581.135588258276
2022-10-10,31,17,48,64.58333333333334,578.1400198152627
2022-10-11,28,20,48,58.333333333333336,569.7184816048916
2022-10-12,30,18,48,62.5,575.1114147217065
2022-10-13,28,20,48,58.333333333333336,571.7824685707086
2022-10-14,31,17,48,64.58333333333334,573.4119619648638
2022-10-17,31,17,48,64.58333333333334,575.6587859461966
2022-10-18,33,15,48,68.75,582.8260062272117
2022-10-19,32,16,48,66.66666666666666,581.5270165944321
2022-10-20,33,15,48,68.75,585.220484557141
2022-10-21,33,15,48,68.75,584.9139363198722
2022-10-24,33,15,48,68.75,589.2659609481636
2022-10-25,35,13,48,72.91666666666666,589.4804696818229
2022-10-27,35,13,48,72.91666666666666,593.525408265141
2022-10-28,37,11,48,77.08333333333334,594.7699419851874
2022-10-31,37,11,48,77.08333333333334,601.8498768730379
2022-11-01,38,10,48,79.16666666666666,608.1047786694792
2022-11-02,37,11,48,77.08333333333334,605.6037697032904
2022-11-03,38,10,48,79.16666666666666,604.9748563796497
2022-11-04,38,10,48,79.16666666666666,608.3584709682946
2022-11-07,37,11,48,77.08333333333334,610.7826684832262
2022-11-09,37,11,48,77.08333333333334,607.8367619213425
2022-11-10,36,12,48,75.0,601.6658219410602
2022-11-11,38,10,48,79.16666666666666,607.1208419071478
2022-11-14,39,9,48,81.25,607.208013991216
2022-11-15,40,8,48,83.33333333333334,609.4176808009954
2022-11-16,40,8,48,83.33333333333334,607.0338359768641
2022-11-17,39,9,48,81.25,604.806497418085
2022-11-18,37,11,48,77.08333333333334,602.1892847677283
2022-11-21,36,12,48,75.0,599.2616391552073
2022-11-22,37,11,48,77.08333333333334,603.1163828569424
2022-11-23,38,10,48,79.16666666666666,604.2543603983928
2022-11-24,42,6,48,87.5,610.2356913638955
2022-11-25,42,6,48,87.5,611.3238333128702
2022-11-28,43,5,48,89.58333333333334,611.642226672627
2022-11-29,42,6,48,87.5,613.3701686971535
2022-11-30,46,2,48,95.83333333333334,620.0629731756277
2022-12-01,46,2,48,95.83333333333334,621.4498913747365
2022-12-02,44,4,48,91.66666666666666,618.7424131658934
2022-12-05,43,5,48,89.58333333333334,619.9467257844258
2022-12-06,45,3,48,93.75,618.6460736416918
2022-12-07,43,5,48,89.58333333333334,615.3858338291146
2022-12-08,43,5,48,89.58333333333334,616.1787488743947
2022-12-09,42,6,48,87.5,612.8806983664624
2022-12-12,42,6,48,87.5,613.1733301673378
2022-12-13,43,5,48,89.58333333333334,615.9171981963715
2022-12-14,43,5,48,89.58333333333334,618.6720780714757
2022-12-15,41,7,48,85.41666666666666,612.1908246951325
2022-12-16,39,9,48,81.25,605.0148695965928
2022-12-19,41,7,48,85.41666666666666,611.3851234812247
2022-12-20,39,9,48,81.25,599.2525185701836
2022-12-21,38,10,48,79.16666666666666,594.1974433628861
2022-12-22,38,10,48,79.16666666666666,590.9651957681967
2022-12-23,30,18,48,62.5,578.090480298747
2022-12-26,33,15,48,68.75,585.2705689030648
2022-12-27,35,13,48,72.91666666666666,590.5553769855014
2022-12-28,37,11,48,77.08333333333334,590.4388829073282
2022-12-29,36,12,48,75.0,591.6891843674748
2022-12-30,34,14,48,70.83333333333334,590.8389499906026
2023-01-02,35,13,48,72.91666666666666,593.5730920315797
2023-01-03,36,12,48,75.0,594.9431739849547
2023-01-04,35,13,48,72.91666666666666,588.3383355325592
2023-01-05,34,14,48,70.83333333333334,588.7423656953792
2023-01-06,31,17,48,64.58333333333334,583.5555624785437
2023-01-09,34,14,48,70.83333333333334,590.2226077361977
2023-01-10,32,16,48,66.66666666666666,587.1066862421849
2023-01-11,31,17,48,64.58333333333334,585.6115650536702
2023-01-12,31,17,48,64.58333333333334,585.642478024174
2023-01-13,32,16,48,66.66666666666666,588.1605119663847
2023-01-16,32,16,48,66.66666666666666,586.553281793167
2023-01-17,34,14,48,70.83333333333334,589.8063636604323
2023-01-18,34,14,48,70.83333333333334,592.6257405042657
2023-01-19,34,14,48,70.83333333333334,590.6749220253267
2023-01-20,33,15,48,68.75,586.2919192358835
2023-01-23,34,14,48,70.83333333333334,588.5415963336735
2023-01-24,33,15,48,68.75,587.0618342693109
2023-01-25,31,17,48,64.58333333333334,582.0650474865506
2023-01-27,32,16,48,66.66666666666666,574.7588482639334
2023-01-30,29,19,48,60.416666666666664,574.8452787895426
2023-01-31,33,15,48,68.75,577.901843873147
2023-02-01,29,19,48,60.416666666666664,569.1606247322131
2023-02-02,27,21,48,56.25,564.7286006848256
2023-02-03,31,17,48,64.58333333333334,571.8351986469196
2023-02-06,33,15,48,68.75,570.8906032226932
2023-02-07,32,16,48,66.66666666666666,570.3444791126507
2023-02-08,34,14,48,70.83333333333334,578.2702132967436
2023-02-09,34,14,48,70.83333333333334,578.8442142756155
2023-02-10,34,14,48,70.83333333333334,577.1868208198212
2023-02-13,34,14,48,70.83333333333334,573.5155917051774
2023-02-14,33,15,48,68.75,575.2941572161595
2023-02-15,35,13,48,72.91666666666666,579.5365580228573
2023-02-16,35,13,48,72.91666666666666,582.0598626155253
2023-02-17,34,14,48,70.83333333333334,578.5980588633108
2023-02-20,33,15,48,68.75,575.9989175032737
2023-02-21,32,16,48,66.66666666666666,573.8110182279127
2023-02-22,30,18,48,62.5,565.2394699324216
2023-02-23,29,19,48,60.416666666666664,564.5173403262063
2023-02-24,26,22,48,54.166666666666664,562.9166854551944
2023-02-27,23,25,48,47.91666666666667,558.7204400678869
2023-02-28,19,29,48,39.58333333333333,557.5688601669705
2023-03-01,22,26,48,45.83333333333333,564.5077522349461
2023-03-02,20,28,48,41.66666666666667,561.680778172576
2023-03-03,24,24,48,50.0,569.5963709064856
2023-03-06,26,22,48,54.166666666666664,573.7395188166494
2023-03-08,28,20,48,58.333333333333336,575.9763743594489
2023-03-09,25,23,48,52.083333333333336,571.9213064852635
2023-03-10,24,24,48,50.0,569.207721338251
2023-03-13,21,27,48,43.75,562.3458043023062
2023-03-14,20,28,48,41.66666666666667,558.1128639945256
2023-03-15,18,30,48,37.5,558.4381454734735
2023-03-16,18,30,48,37.5,559.2928935549883
2023-03-17,20,28,48,41.66666666666667,562.8870285859473
2023-03-20,18,30,48,37.5,558.0027003745583
2023-03-21,18,30,48,37.5,560.3463980229667
2023-03-22,19,29,48,39.58333333333333,562.0550591134108
2023-03-23,20,28,48,41.66666666666667,561.4897040722637
2023-03-24,17,31,48,35.41666666666667,555.7409782892128
2023-03-27,20,28,48,41.66666666666667,555.6503030948755
2023-03-28,18,30,48,37.5,551.3675725537181
2023-03-29,20,28,48,41.66666666666667,559.0662927909509
2023-03-31,24,24,48,50.0,565.9341734025927
2023-04-03,23,25,48,47.91666666666667,567.7369238961361
2023-04-05,26,22,48,54.166666666666664,570.5962609419263
2023-04-06,26,22,48,54.166666666666664,572.519404612658
2023-04-10,26,22,48,54.166666666666664,576.0833224382204
2023-04-11,26,22,48,54.166666666666664,579.5139288302971
2023-04-12,26,22,48,54.166666666666664,582.9797423699162
2023-04-13,28,20,48,58.333333333333336,583.5223046657509
2023-04-17,27,21,48,56.25,583.6212276008121
2023-04-18,27,21,48,56.25,583.4776041399132
2023-04-19,27,21,48,56.25,581.4881309756867
2023-04-20,27,21,48,56.25,582.1745131935983
2023-04-21,25,23,48,52.083333333333336,580.0810861439883
2023-04-24,28,20,48,58.333333333333336,584.1560916845199
2023-04-25,29,19,48,60.416666666666664,585.3405768205639
2023-04-26,29,19,48,60.416666666666664,586.71707188361
2023-04-27,29,19,48,60.416666666666664,589.9806855815915
2023-04-28,30,18,48,62.5,594.628037079246
2023-05-02,34,14,48,70.83333333333334,599.4818555486255
2023-05-03,32,16,48,66.66666666666666,597.7785232619857
2023-05-04,33,15,48,68.75,602.322764028596
2023-05-05,32,16,48,66.66666666666666,600.8733005429448
2023-05-08,35,13,48,72.91666666666666,607.0969606633328
2023-05-09,35,13,48,72.91666666666666,607.3269114131273
2023-05-10,35,13,48,72.91666666666666,609.0994830282121
2023-05-11,36,12,48,75.0,609.815563469739
2023-05-12,36,12,48,75.0,608.9707426400665
2023-05-15,37,11,48,77.08333333333334,611.7797216882553
2023-05-16,35,13,48,72.91666666666666,609.6740419017008
2023-05-17,33,15,48,68.75,607.1113625908322
2023-05-18,32,16,48,66.66666666666666,603.9572611544928
2023-05-19,32,16,48,66.66666666666666,606.4071963564454
2023-05-22,36,12,48,75.0,613.3082349799698
2023-05-23,37,11,48,77.08333333333334,615.3319522096699
2023-05-24,36,12,48,75.0,615.021053344776
2023-05-25,35,13,48,72.91666666666666,616.9298368499791
2023-05-26,39,9,48,81.25,622.1120430811874
2023-05-29,40,8,48,83.33333333333334,625.4153040456172
2023-05-30,39,9,48,81.25,625.6524220003747
2023-05-31,38,10,48,79.16666666666666,625.4398229530366
2023-06-01,37,11,48,77.08333333333334,624.7299019362617
2023-06-02,38,10,48,79.16666666666666,628.2664388470869
2023-06-05,41,7,48,85.41666666666666,629.8728068710894
2023-06-06,40,8,48,83.33333333333334,631.576434380828
2023-06-07,41,7,48,85.41666666666666,637.6000291367376
2023-06-08,40,8,48,83.33333333333334,633.8584023998438
2023-06-09,40,8,48,83.33333333333334,632.4915812389083
2023-06-12,40,8,48,83.33333333333334,634.2020125563666
2023-06-13,40,8,48,83.33333333333334,638.0363049695305
2023-06-14,40,8,48,83.33333333333334,640.742455232347
2023-06-15,38,10,48,79.16666666666666,641.2033675866122
2023-06-16,40,8,48,83.33333333333334,645.9210634157757
2023-06-19,39,9,48,81.25,644.6923444890934
2023-06-20,39,9,48,81.25,648.1042195423886
2023-06-21,41,7,48,85.41666666666666,649.7095711890237
2023-06-22,40,8,48,83.33333333333334,645.7972461494909
2023-06-23,38,10,48,79.16666666666666,640.5891249718569
2023-06-26,39,9,48,81.25,644.2504946312171
2023-06-27,40,8,48,83.33333333333334,647.8460432942899
2023-06-28,40,8,48,83.33333333333334,653.7116269735552
2023-06-30,41,7,48,85.41666666666666,660.2617717903469
2023-07-03,42,6,48,87.5,661.8277581412251
2023-07-04,42,6,48,87.5,663.2732656152077
2023-07-05,41,7,48,85.41666666666666,666.2858658940534
2023-07-06,42,6,48,87.5,670.3495183306025
2023-07-07,42,6,48,87.5,663.8204658717763
2023-07-10,40,8,48,83.33333333333334,663.0000579845494
2023-07-11,42,6,48,87.5,668.2074370295944
2023-07-12,42,6,48,87.5,667.9341752646635
2023-07-13,43,5,48,89.58333333333334,666.4913154395101
2023-07-14,44,4,48,91.66666666666666,670.8057529095468
2023-07-17,44,4,48,91.66666666666666,673.509937877279
2023-07-18,44,4,48,91.66666666666666,672.6411969939207
2023-07-19,44,4,48,91.66666666666666,675.5919475261192
2023-07-20,44,4,48,91.66666666666666,679.4970106536565
2023-07-21,43,5,48,89.58333333333334,674.3744780061608
2023-07-24,43,5,48,89.58333333333334,674.4370592196691
2023-07-25,44,4,48,91.66666666666666,676.3685960354402
2023-07-26,45,3,48,93.75,677.7705508271008
2023-07-27,44,4,48,91.66666666666666,675.4621696511357
2023-07-28,45,3,48,93.75,678.3764421163795
2023-07-31,44,4,48,91.66666666666666,683.3536663988361
2023-08-01,44,4,48,91.66666666666666,681.8179529825262
2023-08-02,43,5,48,89.58333333333334,674.378402912973
2023-08-03,43,5,48,89.58333333333334,669.6216926299869
2023-08-04,43,5,48,89.58333333333334,672.8236135133025
2023-08-07,44,4,48,91.66666666666666,677.4377131204154
2023-08-08,43,5,48,89.58333333333334,676.9113961816274
2023-08-09,43,5,48,89.58333333333334,681.6340804857929
2023-08-10,43,5,48,89.58333333333334,679.8247841587081
2023-08-11,43,5,48,89.58333333333334,676.2584864964897
2023-08-14,41,7,48,85.41666666666666,674.2762918270905
2023-08-16,40,8,48,83.33333333333334,675.5934630185251
2023-08-17,42,6,48,87.5,675.1105887105351
2023-08-18,41,7,48,85.41666666666666,673.10351074471
2023-08-21,42,6,49,87.5,678.9344132969569
2023-08-22,42,6,49,87.5,680.5155610206306
2023-08-23,43,5,49,89.58333333333334,680.789686222025
2023-08-24,44,4,49,91.66666666666666,678.0816526610155
2023-08-25,43,5,49,89.58333333333334,673.2124671959194
2023-08-28,43,5,49,89.58333333333334,674.7413755630242
2023-08-29,43,5,49,89.58333333333334,678.2479740068567
2023-08-30,43,5,49,89.58333333333334,680.3406554327976
2023-08-31,42,6,49,87.5,677.6782225461244
2023-09-01,43,5,49,89.58333333333334,686.2657309120574
2023-09-04,43,5,49,89.58333333333334,691.2686558538198
2023-09-05,43,5,49,89.58333333333334,693.751067817493
2023-09-06,43,5,49,89.58333333333334,694.2794607930869
2023-09-07,43,5,49,89.58333333333334,698.2125619659774
2023-09-08,44,4,49,91.66666666666666,701.5370127352138
2023-09-11,45,3,49,93.75,708.8603107819371
2023-09-12,45,3,49,93.75,703.6493320924919
2023-09-13,44,4,49,91.66666666666666,705.3762636945837
2023-09-14,46,2,49,95.83333333333334,708.0350289263577
2023-09-15,46,2,49,95.83333333333334,710.3592448916655
2023-09-18,45,3,49,93.75,710.7621920690037
2023-09-20,44,4,49,91.66666666666666,705.1192451454967
2023-09-21,44,4,49,91.66666666666666,700.3384481540334
2023-09-22,44,4,49,91.66666666666666,698.0612022750917
2023-09-25,45,3,49,93.75,700.6389126032633
2023-09-26,44,4,49,91.66666666666666,700.7790438017438
2023-09-27,45,3,49,93.75,702.2298141385587
2023-09-28,45,3,49,93.75,693.8565329122356
2023-09-29,44,4,49,91.66666666666666,700.3817129871646
2023-10-03,44,4,49,91.66666666666666,697.4430567212602
2023-10-04,45,3,49,93.75,690.6644279132769
2023-10-05,45,3,49,93.75,693.364286707618
2023-10-06,45,3,49,93.75,697.9978243739628
2023-10-09,45,3,49,93.75,692.8021277606982
2023-10-10,45,3,49,93.75,700.2402612328436
2023-10-11,45,3,49,93.75,705.0070598509839
2023-10-12,46,2,49,95.83333333333334,705.0066026932697
2023-10-13,46,2,49,95.83333333333334,705.3904855056361
2023-10-16,46,2,49,95.83333333333334,705.2779827108226
2023-10-17,46,2,49,95.83333333333334,707.9755723008391
2023-10-18,45,3,49,93.75,704.8294384764063
2023-10-19,44,4,49,91.66666666666666,704.2498264698487
2023-10-20,43,5,49,89.58333333333334,700.3323607292517
2023-10-23,41,7,49,85.41666666666666,689.7462255759754
2023-10-25,39,9,49,81.25,685.2238435143171
2023-10-26,37,11,49,77.08333333333334,675.9894235313732
2023-10-27,38,10,49,79.16666666666666,685.854282776265
2023-10-30,40,8,49,83.33333333333334,687.1533495363612
2023-10-31,40,8,49,83.33333333333334,687.2771664689623
2023-11-01,37,11,49,77.08333333333334,683.6505414597505
2023-11-02,40,8,49,83.33333333333334,689.7150685176276
2023-11-03,42,6,49,87.5,694.1014096331785
2023-11-06,42,6,49,87.5,700.571022176536
2023-11-07,42,6,49,87.5,702.7190402368957
2023-11-08,44,4,49,91.66666666666666,704.5617748255283
2023-11-09,42,6,49,87.5,703.8825097717985
2023-11-10,42,6,49,87.5,705.2396289877494
2023-11-12,43,5,49,89.58333333333334,708.8029233125118
2023-11-13,41,7,49,85.41666666666666,708.3622982293739
2023-11-15,44,4,49,91.66666666666666,716.6732438724059
2023-11-16,44,4,49,91.66666666666666,720.735260598979
2023-11-17,43,5,49,89.58333333333334,721.854352559529
2023-11-20,44,4,49,91.66666666666666,720.0643005192235
2023-11-21,43,5,49,89.58333333333334,723.0478223250758
2023-11-22,43,5,49,89.58333333333334,724.066046544753
2023-11-23,43,5,49,89.58333333333334,722.4950474766912
2023-11-24,43,5,49,89.58333333333334,721.5744698346499
2023-11-28,44,4,49,91.66666666666666,728.2121873150111
2023-11-29,45,3,49,93.75,733.5302974919451
2023-11-30,45,3,49,93.75,739.3310550391006
2023-12-01,46,2,49,95.83333333333334,743.0615278288644
2023-12-04,48,0,49,100.0,757.7593444431152
2023-12-05,48,0,49,100.0,766.2875359802922
2023-12-06,48,0,49,100.0,767.4758580039177
2023-12-07,47,1,49,97.91666666666666,768.182362489064
2023-12-08,47,1,49,97.91666666666666,768.1255628124829
2023-12-11,47,1,49,97.91666666666666,770.0775905444724
2023-12-12,47,1,49,97.91666666666666,768.6884810325743
2023-12-13,47,1,49,97.91666666666666,772.124998049141
2023-12-14,47,1,49,97.91666666666666,778.9963270011025
2023-12-15,47,1,49,97.91666666666666,786.6761794376755
2023-12-18,48,0,49,100.0,786.3956372260842
2023-12-19,48,0,49,100.0,787.5786145334807
2023-12-20,48,0,49,100.0,771.5720690388213
2023-12-21,48,0,49,100.0,774.3001366462291
2023-12-22,48,0,49,100.0,780.9853071532941
2023-12-26,48,0,49,100.0,786.1632932580455
2023-12-27,48,0,49,100.0,794.124602729433
2023-12-28,48,0,49,100.0,799.9939804259111
2023-12-29,48,0,49,100.0,800.798200497394
2024-01-01,48,0,49,100.0,802.0071690321705
2024-01-02,48,0,49,100.0,799.7698955613571
2024-01-03,48,0,49,100.0,797.189487476372
2024-01-04,48,0,49,100.0,803.8287435197763
2024-01-05,48,0,49,100.0,804.5614725624933
2024-01-08,48,0,49,100.0,798.4983408314237
2024-01-09,48,0,49,100.0,802.0911600388378
2024-01-10,47,1,49,97.91666666666666,804.443965354893
2024-01-11,46,2,49,95.83333333333334,806.2814384801319
2024-01-12,47,1,49,97.91666666666666,812.9329000368466
2024-01-15,47,1,49,97.91666666666666,818.8180404408259
2024-01-16,47,1,49,97.91666666666666,814.5561523426443
2024-01-17,45,3,49,93.75,804.6080329174989
2024-01-18,44,4,49,91.66666666666666,801.8151700337985
2024-01-19,44,4,49,91.66666666666666,811.4082491166901
2024-01-20,43,5,49,89.58333333333334,810.3237857796936
2024-01-23,42,6,49,87.5,798.2588452321744
2024-01-24,42,6,49,87.5,807.5262279567517
2024-01-25,42,6,49,87.5,803.7514288920454
2024-01-29,42,6,49,87.5,817.2357338430235
2024-01-30,41,7,49,85.41666666666666,810.5988982339315
2024-01-31,41,7,49,85.41666666666666,820.6142904558627
2024-02-01,41,7,49,85.41666666666666,820.4464692156605
2024-02-02,41,7,49,85.41666666666666,827.4830240596675
2024-02-05,41,7,49,85.41666666666666,828.2798608837719
2024-02-06,41,7,49,85.41666666666666,835.7222662630459
2024-02-07,41,7,49,85.41666666666666,840.8212332130264
2024-02-08,41,7,49,85.41666666666666,835.8326954978768
2024-02-09,41,7,49,85.41666666666666,837.5969983039395
2024-02-12,40,8,49,83.33333333333334,832.1938268319394
2024-02-13,41,7,49,85.41666666666666,836.0456736135893
2024-02-14,41,7,49,85.41666666666666,841.0342417127872
2024-02-15,41,7,49,85.41666666666666,844.4523746860556
2024-02-16,41,7,49,85.41666666666666,851.7216776389649
2024-02-19,41,7,49,85.41666666666666,854.4542157517283
2024-02-20,41,7,49,85.41666666666666,856.8996166559339
2024-02-21,41,7,49,85.41666666666666,851.4012752746467
2024-02-22,41,7,49,85.41666666666666,860.7739485750772
2024-02-23,41,7,49,85.41666666666666,863.9200158790774
2024-02-26,41,7,49,85.41666666666666,860.0526330872228
2024-02-27,41,7,49,85.41666666666666,862.6375222247184
2024-02-28,41,7,49,85.41666666666666,851.2379836834593
2024-02-29,41,7,49,85.41666666666666,851.8540723708494
2024-03-01,41,7,49,85.41666666666666,861.8271306663877
2024-03-02,41,7,49,85.41666666666666,865.6893200923116
2024-03-04,41,7,49,85.41666666666666,865.475974241418
2024-03-05,40,8,49,83.33333333333334,863.1685822149203
2024-03-06,40,8,49,83.33333333333334,866.1012804842945
2024-03-07,41,7,49,85.41666666666666,871.1468029065427
2024-03-11,41,7,49,85.41666666666666,870.0748107662131
2024-03-12,41,7,49,85.41666666666666,865.3612666670165
2024-03-13,39,9,49,81.25,843.6609520305032
2024-03-14,39,9,49,81.25,853.0704764225252
2024-03-15,40,8,49,83.33333333333334,849.2423206709184
2024-03-18,41,7,49,85.41666666666666,852.6686015093256
2024-03-19,41,7,49,85.41666666666666,842.8654249280131
2024-03-20,39,9,49,81.25,844.2026193416574
2024-03-21,41,7,49,85.41666666666666,853.058168128273
2024-03-22,40,8,49,83.33333333333334,858.1926159842577
2024-03-26,42,7,49,85.71428571428571,858.6854841735841
2024-03-27,41,8,49,83.6734693877551,860.4766019259105
2024-03-28,43,6,49,87.75510204081633,871.4261481298363
2024-04-01,44,5,49,89.79591836734694,877.6400185785062
2024-04-02,42,7,49,85.71428571428571,880.3277718462439
2024-04-03,43,6,49,87.75510204081633,879.2951036272431
2024-04-04,43,6,49,87.75510204081633,880.8742857129715
2024-04-05,42,7,49,85.71428571428571,879.7609782436881
2024-04-08,42,7,49,85.71428571428571,886.2325539140461
2024-04-09,43,6,49,87.75510204081633,885.9834028787274
2024-04-10,43,6,49,87.75510204081633,892.3074743014628
2024-04-12,43,6,49,87.75510204081633,883.7204063677982
2024-04-15,41,8,49,83.6734693877551,873.5453722057317
2024-04-16,41,8,49,83.6734693877551,869.6053164668084
2024-04-18,38,11,49,77.55102040816327,862.7826001673524
2024-04-19,40,9,49,81.63265306122449,866.7396087830073
2024-04-22,42,7,49,85.71428571428571,875.8908511089193
2024-04-23,42,7,49,85.71428571428571,877.7262525968499
2024-04-24,42,7,49,85.71428571428571,881.3739265306692
2024-04-25,41,8,49,83.6734693877551,889.204240536201
2024-04-26,41,8,49,83.6734693877551,884.5673233582908
2024-04-29,41,8,49,83.6734693877551,887.9481282437306
2024-04-30,40,9,49,81.63265306122449,888.9170558256172
2024-05-02,41,8,49,83.6734693877551,893.0384207443436
2024-05-03,40,9,49,81.63265306122449,887.9148198003076
2024-05-06,39,10,49,79.59183673469387,884.316245959192
2024-05-07,40,9,49,81.63265306122449,877.0259646614999
2024-05-08,40,9,49,81.63265306122449,877.8703667652309
2024-05-09,38,11,49,77.55102040816327,863.4750274498585
2024-05-10,38,11,49,77.55102040816327,869.9820348899415
2024-05-13,38,11,49,77.55102040816327,871.4666184311092
2024-05-14,38,11,49,77.55102040816327,878.4484071099498
2024-05-15,38,11,49,77.55102040816327,879.7410971326958
2024-05-16,38,11,49,77.55102040816327,887.6174303903637
2024-05-17,38,11,49,77.55102040816327,890.9994675185263
2024-05-18,38,11,49,77.55102040816327,893.7376079897163
2024-05-21,37,12,49,75.51020408163265,898.6469268773279
2024-05-22,39,10,49,79.59183673469387,901.6630240285622
2024-05-23,41,8,49,83.6734693877551,913.5728203014423
2024-05-24,41,8,49,83.6734693877551,910.8509422645895
2024-05-27,39,10,49,79.59183673469387,907.6009468833801
2024-05-28,39,10,49,79.59183673469387,905.7414949180563
2024-05-29,38,11,49,77.55102040816327,900.42341355437
2024-05-30,35,14,49,71.42857142857143,887.5308231920021
2024-05-31,33,16,49,67.3469387755102,888.458545274423
2024-06-03,33,16,49,67.3469387755102,915.0557964154663
2024-06-04,34,15,49,69.38775510204081,864.3754535388455
2024-06-05,39,10,49,79.59183673469387,896.3464512213196
2024-06-06,42,7,49,85.71428571428571,905.6601369891295
2024-06-07,44,5,49,89.79591836734694,924.1891046897712
2024-06-10,43,6,49,87.75510204081633,925.6749826111514
2024-06-11,43,6,49,87.75510204081633,926.5666867036165
2024-06-12,43,6,49,87.75510204081633,932.5355959642106
2024-06-13,43,6,49,87.75510204081633,937.6521359524144
2024-06-14,44,5,49,89.79591836734694,942.7248367338132
2024-06-18,45,4,49,91.83673469387756,946.8225351987418
2024-06-19,43,6,49,87.75510204081633,939.0188212342231
2024-06-20,44,5,49,89.79591836734694,941.0532866078165
2024-06-21,44,5,49,89.79591836734694,937.947255164875
2024-06-24,43,6,49,87.75510204081633,940.1085752773909
2024-06-25,43,6,49,87.75510204081633,941.9878806989924
2024-06-26,44,5,49,89.79591836734694,942.1995843052425
2024-06-27,44,5,49,89.79591836734694,950.3383798252564
2024-06-28,43,6,49,87.75510204081633,952.561242540266
2024-07-01,45,4,49,91.83673469387756,956.778620285361
2024-07-02,44,5,49,89.79591836734694,953.8332604074453
2024-07-03,45,4,49,91.83673469387756,960.5031450135355
2024-07-04,44,5,49,89.79591836734694,961.8033421865173
2024-07-05,45,4,49,91.83673469387756,967.5004709600316
2024-07-08,45,4,49,91.83673469387756,966.786921109855
2024-07-09,45,4,49,91.83673469387756,972.1570514694525
2024-07-10,46,3,49,93.87755102040816,969.7684258770881
2024-07-11,46,3,49,93.87755102040816,969.6426813756794
2024-07-12,46,3,49,93.87755102040816,976.1593398959564
2024-07-15,45,4,49,91.83673469387756,982.5102620263399
2024-07-16,45,4,49,91.83673469387756,983.2522163717604
2024-07-18,47,2,49,95.91836734693877,987.2164647150909
2024-07-19,46,3,49,93.87755102040816,971.1302327174085
2024-07-22,45,4,49,91.83673469387756,972.7806951745881
2024-07-23,46,3,49,93.87755102040816,973.3006514380327
2024-07-24,44,5,49,89.79591836734694,972.8692628119132
2024-07-25,44,5,49,89.79591836734694,973.8423443653791
2024-07-26,45,4,49,91.83673469387756,995.1303772489568
2024-07-29,45,4,49,91.83673469387756,995.296262694878
2024-07-30,46,3,49,93.87755102040816,996.2959562192424
2024-07-31,46,3,49,93.87755102040816,1002.6910032984212
2024-08-01,46,3,49,93.87755102040816,1005.9415775831869
2024-08-02,47,2,49,95.91836734693877,990.5951745561895
2024-08-05,46,3,49,93.87755102040816,963.4551220152449
2024-08-06,46,3,49,93.87755102040816,959.874279158735
2024-08-07,46,3,49,93.87755102040816,976.8739328329784
2024-08-08,45,4,49,91.83673469387756,968.7322629285685
2024-08-09,46,3,49,93.87755102040816,981.8900187916213
2024-08-12,45,4,49,91.83673469387756,980.0848581482805
2024-08-13,44,5,49,89.79591836734694,972.9242138624345
2024-08-14,43,6,49,87.75510204081633,970.4133881274126
2024-08-16,46,3,49,93.87755102040816,987.8198968728768
2024-08-19,46,3,49,93.87755102040816,990.8389522256493
2024-08-20,46,3,49,93.87755102040816,998.04273312616
2024-08-21,48,1,49,97.95918367346938,1002.7073590742388
2024-08-22,48,1,49,97.95918367346938,1005.0513383273419
2024-08-23,48,1,49,97.95918367346938,1006.2326609899808
2024-08-26,48,1,49,97.95918367346938,1013.4468739387523
2024-08-27,48,1,49,97.95918367346938,1012.6891518449185
2024-08-28,47,2,49,95.91836734693877,1014.977982492821
2024-08-29,47,2,49,95.91836734693877,1017.1278111302897
2024-08-30,47,2,49,95.91836734693877,1021.4745301086884
2024-09-02,49,0,49,100.0,1024.6760213302532
2024-09-03,48,1,49,97.95918367346938,1024.449668338384
2024-09-04,48,1,49,97.95918367346938,1021.422257488539
2024-09-05,47,2,49,95.91836734693877,1018.382721191101
2024-09-06,46,3,49,93.87755102040816,1008.6117492076777
2024-09-09,47,2,49,95.91836734693877,1008.9686805940263
2024-09-10,47,2,49,95.91836734693877,1012.5589940179658
2024-09-11,47,2,49,95.91836734693877,1007.8094408135823
2024-09-12,48,1,49,97.95918367346938,1028.470318181296
2024-09-13,48,1,49,97.95918367346938,1027.3688647275435
2024-09-16,48,1,49,97.95918367346938,1028.464957894308
2024-09-17,48,1,49,97.95918367346938,1029.3143412939617
2024-09-18,47,2,49,95.91836734693877,1025.8257866019833
2024-09-19,47,2,49,95.91836734693877,1025.3711893435059
2024-09-20,47,2,49,95.91836734693877,1040.492713118859
2024-09-23,48,1,49,97.95918367346938,1048.3271486617766
2024-09-24,49,0,49,100.0,1048.3708121567602
2024-09-25,49,0,49,100.0,1048.8420032509953
2024-09-26,49,0,49,100.0,1061.3542189724558
2024-09-27,49,0,49,100.0,1063.9553212237317
2024-09-30,49,0,49,100.0,1052.6788088098817
2024-10-01,49,0,49,100.0,1052.6473482460012
2024-10-03,46,3,49,93.87755102040816,1030.9717417561353
2024-10-04,46,3,49,93.87755102040816,1021.1999721954141
2024-10-07,44,5,49,89.79591836734694,1010.5500698112726
2024-10-08,44,5,49,89.79591836734694,1019.7626506039499
2024-10-09,43,6,49,87.75510204081633,1022.3034073688107
2024-10-10,43,6,49,87.75510204081633,1021.3522457981296
2024-10-11,43,6,49,87.75510204081633,1022.0438887783292
2024-10-14,42,7,49,85.71428571428571,1025.883497964742
2024-10-15,42,7,49,85.71428571428571,1021.4364400740701
2024-10-16,41,8,49,83.6734693877551,1017.3746789425712
2024-10-17,39,10,49,79.59183673469387,1004.1459673307713
2024-10-18,42,7,49,85.71428571428571,1010.3772975441325
2024-10-21,39,10,49,79.59183673469387,1003.2734599549431
2024-10-22,34,15,49,69.38775510204081,987.0581989771628
2024-10-23,36,13,49,73.46938775510205,984.5663344370896
2024-10-24,34,15,49,69.38775510204081,981.9344622986513
2024-10-25,33,16,49,67.3469387755102,970.6784490259117
2024-10-28,34,15,49,69.38775510204081,977.6344146133628
2024-10-29,34,15,49,69.38775510204081,983.935796161513
2024-10-30,34,15,49,69.38775510204081,980.2640139958022
2024-10-31,33,16,49,67.3469387755102,977.436353125624
2024-11-01,33,16,49,67.3469387755102,982.1371248846801
2024-11-04,30,19,49,61.224489795918366,969.7429353455524
2024-11-05,31,18,49,63.26530612244898,978.3690816172061
2024-11-06,34,15,49,69.38775510204081,990.4267350549084
2024-11-07,32,17,49,65.3061224489796,977.4910045628903
2024-11-08,32,17,49,65.3061224489796,975.2983358154191
2024-11-11,31,18,49,63.26530612244898,970.6628829334006
2024-11-12,30,19,49,61.224489795918366,959.408215605381
2024-11-13,26,23,49,53.06122448979592,944.9067256024913
2024-11-14,24,25,49,48.97959183673469,944.4769338779133
2024-11-18,22,27,49,44.89795918367347,942.5844331178142
2024-11-19,22,27,49,44.89795918367347,944.6380706744037
2024-11-21,23,26,49,46.93877551020408,932.7500145380732
2024-11-22,26,23,49,53.06122448979592,953.878939324537
2024-11-25,28,21,49,57.14285714285714,963.8542168890729
2024-11-26,27,22,49,55.10204081632652,960.8233059271365
2024-11-27,27,22,49,55.10204081632652,966.5253423372077
2024-11-28,26,23,49,53.06122448979592,952.4686424227158
2024-11-29,28,21,49,57.14285714285714,960.8368507361632
2024-12-02,26,23,49,53.06122448979592,968.2998123187199
2024-12-03,28,21,49,57.14285714285714,976.7218477148349
2024-12-04,28,21,49,57.14285714285714,976.1863289611834
2024-12-05,28,21,49,57.14285714285714,983.6790780734324
2024-12-06,27,22,49,55.10204081632652,984.4251491703685
2024-12-09,27,22,49,55.10204081632652,981.8267368061204
2024-12-10,29,20,49,59.183673469387756,980.5665317238992
2024-12-11,29,20,49,59.183673469387756,983.6573249959914
2024-12-12,28,21,49,57.14285714285714,979.810904431975
2024-12-13,29,20,49,59.183673469387756,986.2815911184391
2024-12-16,28,21,49,57.14285714285714,982.4759096720509
2024-12-17,26,23,49,53.06122448979592,969.9896314848073
2024-12-18,27,22,49,55.10204081632652,964.5736417633063
2024-12-19,24,25,49,48.97959183673469,957.4534171291081
2024-12-20,23,26,49,46.93877551020408,942.3671131311156
2024-12-23,24,25,49,48.97959183673469,946.9104371823773
2024-12-24,23,26,49,46.93877551020408,946.2932226610491
2024-12-26,22,27,49,44.89795918367347,950.043807515579
2024-12-27,21,28,49,42.857142857142854,950.8917798796448
2024-12-30,21,28,49,42.857142857142854,946.4990790548969
2024-12-31,22,27,49,44.89795918367347,947.1071115433836
2025-01-01,23,26,49,46.93877551020408,950.5985408515155
2025-01-02,25,24,49,51.02040816326531,971.0509400034432
2025-01-03,26,23,49,53.06122448979592,968.1430495651549
2025-01-06,22,27,49,44.89795918367347,950.6193319016221
2025-01-07,24,25,49,48.97959183673469,956.1846992617019
2025-01-08,22,27,49,44.89795918367347,954.1512186553323
2025-01-09,20,29,49,40.816326530612244,947.9419332969053
2025-01-10,18,31,49,36.734693877551024,939.6125721647813
2025-01-13,16,33,49,32.6530612244898,918.6771216564928
2025-01-14,16,33,49,32.6530612244898,926.6767118025184
2025-01-15,17,32,49,34.69387755102041,926.9594612873649
2025-01-16,18,31,49,36.734693877551024,932.969474209872
2025-01-17,17,32,49,34.69387755102041,933.0000697264334
2025-01-20,17,32,49,34.69387755102041,938.7793283599425
2025-01-21,14,35,49,28.57142857142857,926.3361464835899
2025-01-22,16,33,49,32.6530612244898,928.1262599797606
2025-01-23,18,31,49,36.734693877551024,933.8928542934202
2025-01-24,16,33,49,32.6530612244898,927.174167406092
2025-01-27,15,34,49,30.612244897959183,912.9039986196753
2025-01-28,16,33,49,32.6530612244898,914.9803977898807
2025-01-29,17,32,49,34.69387755102041,927.4536470580477
2025-01-30,17,32,49,34.69387755102041,929.5206161631701
2025-01-31,21,28,49,42.857142857142854,944.2305194351084
2025-02-01,22,27,49,44.89795918367347,944.2404686867164
2025-02-03,21,28,49,42.857142857142854,939.838049273239
2025-02-04,20,29,49,40.816326530612244,952.6724162176812
2025-02-05,22,27,49,44.89795918367347,952.2632466502627
2025-02-06,19,30,49,38.775510204081634,945.8528871927746
2025-02-07,19,30,49,38.775510204081634,948.3271162774331
2025-02-10,18,31,49,36.734693877551024,937.7393880388875
2025-02-11,16,33,49,32.6530612244898,921.7907654775161
2025-02-12,16,33,49,32.6530612244898,921.925902793338
2025-02-13,16,33,49,32.6530612244898,923.1901659712838
2025-02-14,15,34,49,30.612244897959183,913.3537679761293
2025-02-17,14,35,49,28.57142857142857,917.8014817819719
2025-02-18,14,35,49,28.57142857142857,918.6737404044445
2025-02-19,15,34,49,30.612244897959183,918.7735964335463
2025-02-20,16,33,49,32.6530612244898,923.6379762184122
2025-02-21,16,33,49,32.6530612244898,918.6934938665789
2025-02-24,11,38,49,22.448979591836736,910.0333479282543
2025-02-25,12,37,49,24.489795918367346,907.8345495857885
2025-02-27,13,36,49,26.53061224489796,906.2025603479542
2025-02-28,10,39,49,20.408163265306122,885.2220377119065
2025-03-03,10,39,49,20.408163265306122,887.7031674799073
2025-03-04,10,39,49,20.408163265306122,887.0367380112267
2025-03-05,11,38,49,22.448979591836736,903.3414308441166
2025-03-06,12,37,49,24.489795918367346,912.6616681783638
2025-03-07,13,36,49,26.53061224489796,911.7092334582487
2025-03-10,10,39,49,20.408163265306122,905.9753247660217
2025-03-11,12,37,49,24.489795918367346,909.3179321604437
2025-03-12,12,37,49,24.489795918367346,907.4572744775762
2025-03-13,12,37,49,24.489795918367346,903.4838088975183
2025-03-17,13,36,49,26.53061224489796,910.2141489077726
2025-03-18,14,35,49,28.57142857142857,923.739337898774
2025-03-19,16,33,49,32.6530612244898,931.1117328792619
2025-03-20,16,33,49,32.6530612244898,942.3588131460825
2025-03-21,17,32,49,34.69387755102041,949.2675055507343
2025-03-24,18,31,49,36.734693877551024,959.4119765003259
2025-03-25,18,31,49,36.734693877551024,958.6337170836192
2025-03-26,17,32,49,34.69387755102041,950.9217693948681
2025-03-27,17,32,49,34.69387755102041,956.0442634885321
2025-03-28,17,32,49,34.69387755102041,951.4596064211086
2025-04-01,17,32,49,34.69387755102041,942.6489341199375
2025-04-02,16,33,49,32.6530612244898,948.2104553285651
2025-04-03,17,32,49,34.69387755102041,947.4515590418539
2025-04-04,15,34,49,30.612244897959183,928.1293231102975
2025-04-07,11,38,49,22.448979591836736,896.6671213669532
2025-04-08,12,37,49,24.489795918367346,914.8882223273628
2025-04-09,14,35,50,28.57142857142857,909.7450220684357
2025-04-11,17,32,50,34.69387755102041,927.8731940581846
2025-04-15,18,31,50,36.734693877551024,946.8990150177877
2025-04-16,19,30,50,38.775510204081634,951.5218337674528
2025-04-17,21,28,50,42.857142857142854,963.9706668209423
2025-04-21,22,27,50,44.89795918367347,975.3369190798126
2025-04-22,23,26,50,46.93877551020408,976.3897157392197
2025-04-23,25,24,50,51.02040816326531,986.5344107033707
2025-04-24,26,23,50,53.06122448979592,984.9049665787284
2025-04-25,24,25,50,48.97959183673469,971.3436592386049
2025-04-28,26,23,50,53.06122448979592,980.8688786093543
2025-04-29,26,23,50,53.06122448979592,979.4323012996468
2025-04-30,26,23,50,53.06122448979592,977.148281242044
2025-05-02,24,25,50,48.97959183673469,974.8413951463668
2025-05-05,24,25,50,48.97959183673469,983.8235553874423
2025-05-06,25,24,50,51.02040816326531,977.5215936081414
2025-05-07,26,23,50,53.06122448979592,979.6362426600338
2025-05-08,25,24,50,51.02040816326531,970.1218704210955
2025-05-09,21,28,50,42.857142857142854,963.7605694586977
2025-05-12,29,20,50,59.183673469387756,1001.5448034317643
2025-05-13,29,20,50,59.183673469387756,992.1163649629439
2025-05-14,29,20,50,59.183673469387756,997.6679799077327
2025-05-15,30,19,50,61.224489795918366,1015.2700404250621
2025-05-16,30,19,50,61.224489795918366,1015.0274738004827
2025-05-19,29,20,50,59.183673469387756,1013.0552760573245
2025-05-20,29,20,50,59.183673469387756,1001.0167955759755
2025-05-21,29,20,50,59.183673469387756,1006.5484755068711
2025-05-22,28,21,50,57.14285714285714,997.8170358400021
2025-05-23,28,21,50,57.14285714285714,1008.7883188985343
2025-05-26,30,19,50,61.224489795918366,1013.8263190016137
2025-05-27,30,19,50,61.224489795918366,1007.8478232776275
2025-05-28,27,22,50,55.10204081632652,1003.5352215161772
2025-05-29,26,23,50,53.06122448979592,1006.7278982787702
2025-05-30,26,23,50,53.06122448979592,1000.7133218279093
2025-06-02,26,23,50,53.06122448979592,1000.6382943333833
2025-06-03,25,24,50,51.02040816326531,993.8667523599173
2025-06-04,25,24,50,51.02040816326531,996.301980381508
2025-06-05,27,22,50,55.10204081632652,1000.9513657132215
2025-06-06,28,21,50,57.14285714285714,1012.8358222412134
2025-06-09,30,19,50,61.224489795918366,1020.3166377417931
2025-06-10,33,16,50,67.3469387755102,1022.3842382170336
2025-06-11,35,14,50,71.42857142857143,1023.6516735669748
2025-06-12,30,19,50,61.224489795918366,1012.2178750445389
2025-06-13,30,19,50,61.224489795918366,1007.0928125766737
2025-06-16,34,15,50,69.38775510204081,1017.2548768952752
2025-06-17,33,16,50,67.3469387755102,1010.7365515440208
2025-06-18,32,17,50,65.3061224489796,1007.4601596115245
2025-06-19,32,17,50,65.3061224489796,1005.888871012461
2025-06-20,33,16,50,67.3469387755102,1018.7442029100844
2025-06-23,33,16,50,67.3469387755102,1016.6511606961203
2025-06-24,32,17,50,65.3061224489796,1021.4401174304248
2025-06-25,34,15,50,69.38775510204081,1029.4223192028494
2025-06-26,35,14,50,71.42857142857143,1041.0874937539252
2025-06-27,35,14,50,71.42857142857143,1045.113479408319
2025-06-30,36,13,50,73.46938775510205,1043.3069691965138
2025-07-01,35,14,50,71.42857142857143,1043.4688347255665
2025-07-02,36,13,50,73.46938775510205,1042.2421449447409
2025-07-03,36,13,50,73.46938775510205,1039.657739847478
2025-07-04,35,14,50,71.42857142857143,1039.340125857506
2025-07-07,36,13,50,73.46938775510205,1039.1225998222226
2025-07-08,35,14,50,71.42857142857143,1040.2693772093987
2025-07-09,36,13,50,73.46938775510205,1038.2282011186128
2025-07-10,35,14,50,71.42857142857143,1033.7173542049532
2025-07-11,34,15,50,69.38775510204081,1026.4360101068385
2025-07-14,33,16,50,67.3469387755102,1025.0192512963204
2025-07-15,34,15,50,69.38775510204081,1029.5161953171712
2025-07-16,35,14,50,71.42857142857143,1029.768141087666
2025-07-17,33,16,50,67.3469387755102,1027.0479570976438
2025-07-18,31,18,50,63.26530612244898,1022.6579036918885
2025-07-21,32,17,50,65.3061224489796,1026.1039829138467
2025-07-22,32,17,50,65.3061224489796,1024.5224765152618
2025-07-23,33,16,50,67.3469387755102,1029.6336112764707
2025-07-24,34,15,50,69.38775510204081,1024.2381673808923
2025-07-25,30,19,50,61.224489795918366,1014.9974677658014
2025-07-28,31,18,50,63.26530612244898,1008.4716078342991
2025-07-29,33,16,50,67.3469387755102,1014.119401073309
2025-07-30,32,17,50,65.3061224489796,1014.0706692850447
2025-07-31,31,18,50,63.26530612244898,1011.2271991279201
2025-08-01,29,20,50,59.183673469387756,1000.5686062140136
2025-08-04,31,18,50,63.26530612244898,1010.295810884916
2025-08-05,31,18,50,63.26530612244898,1010.353060926997
2025-08-06,31,18,50,63.26530612244898,1006.4233970763173
2025-08-07,31,18,50,63.26530612244898,1006.706588633077
2025-08-08,29,20,50,59.183673469387756,998.3519680859004
2025-08-11,30,19,50,61.224489795918366,1008.7997631592098
2025-08-12,30,19,50,61.224489795918366,1007.3793248127404
2025-08-13,33,16,50,67.3469387755102,1015.7840865383346
2025-08-14,32,17,50,65.3061224489796,1014.6965669504914
2025-08-18,35,14,50,71.42857142857143,1028.7496033275258
2025-08-19,35,14,50,71.42857142857143,1032.8966604886152
2025-08-20,35,14,50,71.42857142857143,1036.6226265577352
2025-08-21,34,15,50,69.38775510204081,1037.0658468133256
2025-08-22,33,16,50,67.3469387755102,1028.5963729816715
2025-08-25,34,15,50,69.38775510204081,1032.4836953133674
2025-08-26,32,17,50,65.3061224489796,1021.2399864588548
2025-08-28,32,17,50,65.3061224489796,1012.8765467949087
2025-08-29,32,17,50,65.3061224489796,1011.543891483275
2025-09-01,33,16,50,67.3469387755102,1023.3520613020036
2025-09-02,33,16,50,67.3469387755102,1023.3582965784692
2025-09-03,33,16,50,67.3469387755102,1029.7120741154476
2025-09-04,33,16,50,67.3469387755102,1028.602646089881
2025-09-05,33,16,50,67.3469387755102,1028.9957342044345
2025-09-08,34,15,50,69.38775510204081,1029.764382450704
2025-09-09,34,15,50,69.38775510204081,1034.2781520771005
2025-09-10,34,15,50,69.38775510204081,1040.73718649092
2025-09-11,35,14,50,71.42857142857143,1042.210904218407
2025-09-12,36,13,50,73.46938775510205,1046.7111102963916
2025-09-15,36,13,50,73.46938775510205,1043.5622150170484
2025-09-16,37,12,50,75.51020408163265,1050.0745488306245
2025-09-17,39,10,50,79.59183673469387,1053.999914764515
2025-09-18,39,10,50,79.59183673469387,1057.0991771822016
2025-09-19,40,9,50,81.63265306122449,1055.2768283987682
2025-09-22,38,11,50,77.55102040816327,1052.210847439381
2025-09-23,39,10,50,79.59183673469387,1050.167090657392
2025-09-24,38,11,50,77.55102040816327,1045.7886341320602
2025-09-25,35,14,50,71.42857142857143,1037.1703580368408
2025-09-26,34,15,50,69.38775510204081,1024.892824975524
2025-09-29,33,16,50,67.3469387755102,1024.9275179372178
2025-09-30,32,17,50,65.3061224489796,1025.25578700516
2025-10-01,38,11,50,77.55102040816327,1035.0043074361338
2025-10-03,40,9,50,81.63265306122449,1037.1771968372211
2025-10-06,39,10,50,79.59183673469387,1044.4712413886457
2025-10-07,40,9,50,81.63265306122449,1043.5880925939214
2025-10-08,36,13,50,73.46938775510205,1039.878318522476
2025-10-09,38,11,50,77.55102040816327,1047.3946979923533
2025-10-10,39,10,50,79.59183673469387,1051.9396461656165
2025-10-13,38,11,50,77.55102040816327,1049.5711181094548
2025-10-14,38,11,50,77.55102040816327,1037.196236059447
2025-10-15,39,10,50,79.59183673469387,1046.5822772775666
2025-10-16,40,9,50,81.63265306122449,1056.4280467452036
2025-10-17,40,9,50,81.63265306122449,1058.8616697129823
2025-10-20,41,8,50,83.6734693877551,1065.1189247437123
2025-10-21,41,8,50,83.6734693877551,1066.492137724305
2025-10-23,42,7,50,85.71428571428571,1067.5849117645043
2025-10-24,42,7,50,85.71428571428571,1072.231062863055
2025-10-27,42,7,50,85.71428571428571,1078.7916778796227
2025-10-28,42,7,50,85.71428571428571,1077.8739949549663
2025-10-29,42,7,50,85.71428571428571,1083.3034067949238
2025-10-30,40,9,50,81.63265306122449,1077.081071595024
2025-10-31,40,9,50,81.63265306122449,1070.0953262666217
2025-11-03,39,10,50,79.59183673469387,1072.8567058735414
2025-11-04,36,13,50,73.46938775510205,1064.4086644535323
2025-11-06,35,14,50,71.42857142857143,1058.2714106819587
2025-11-07,35,14,50,71.42857142857143,1060.2152453493577
2025-11-10,34,15,50,69.38775510204081,1061.117394535233
2025-11-11,36,13,50,73.46938775510205,1065.7844196589936
2025-11-12,39,10,50,79.59183673469387,1073.9667866913396
2025-11-13,39,10,50,79.59183673469387,1073.1807833102519
2025-11-14,39,10,50,79.59183673469387,1074.866271839976
2025-11-17,39,11,50,78.0,1078.2155390868074
2025-11-18,39,11,50,78.0,1071.5858563772658
2025-11-19,41,9,50,82.0,1076.565591459282
2025-11-20,41,9,50,82.0,1080.920376355929
2025-11-21,40,10,50,80.0,1075.9069537972393
2025-11-24,39,11,50,78.0,1070.2533368599088
2025-11-25,37,13,50,74.0,1068.4080977257079
2025-11-26,40,10,50,80.0,1082.128217674218
2025-11-27,41,9,50,82.0,1079.45697322716
2025-11-28,41,9,50,82.0,1078.653130076015
2025-12-01,40,10,50,80.0,1078.452506032899
2025-12-02,39,11,50,78.0,1075.3037957662411
2025-12-03,40,10,50,80.0,1068.4717061663948
2025-12-04,40,10,50,80.0,1071.9005513315076
2025-12-05,38,12,50,76.0,1077.8031225254174
2025-12-08,36,14,50,72.0,1063.7225368950467
2025-12-09,36,14,50,72.0,1059.8472762990748
2025-12-10,35,15,50,70.0,1057.3088190376025
2025-12-11,37,13,50,74.0,1064.4002845434925
2025-12-12,37,13,50,74.0,1071.2360033117156
2025-12-15,36,14,50,72.0,1070.8973393925446
2025-12-16,34,16,50,68.0,1062.7805561108942
2025-12-17,34,16,50,68.0,1061.2464413489172
2025-12-18,35,15,50,70.0,1061.5447933455475
2025-12-19,36,14,50,72.0,1069.2479174176026
2025-12-22,36,14,50,72.0,1078.0274952053728
2025-12-23,35,15,50,70.0,1079.3909693261685
2025-12-24,35,15,50,70.0,1078.19952923533
2025-12-26,35,15,50,70.0,1074.88070369206
2025-12-29,34,16,50,68.0,1071.2967969775805
2025-12-30,33,17,50,66.0,1071.0272336939531
2025-12-31,34,16,50,68.0,1080.9114046831444
2026-01-01,37,13,50,74.0,1083.7909594579503
2026-01-02,38,12,50,76.0,1092.0110146672046
2026-01-05,39,11,50,78.0,1092.9049095432208
2026-01-06,41,9,50,82.0,1093.8155457290259
2026-01-07,39,11,50,78.0,1092.5322073376133
2026-01-08,35,15,50,70.0,1079.257658065818
2026-01-09,33,17,50,66.0,1071.1255027607262
2026-01-12,34,16,50,68.0,1077.482456253905
2026-01-13,36,14,50,72.0,1075.36159606255
2026-01-14,33,17,50,66.0,1074.630007648792
2026-01-16,32,18,50,64.0,1074.630007648792
2026-01-19,30,20,50,60.0,1072.0396446185018
2026-01-20,27,23,50,54.0,1051.8116685558275
2026-01-21,26,24,50,52.0,1050.9911330032678
2026-01-22,29,21,50,57.99999999999999,1060.1864008525658
2026-01-23,27,23,50,54.0,1046.0858395272412
2026-01-27,27,23,50,54.0,1053.428900087543
2026-01-28,26,24,50,52.0,1061.4268430088107
2026-01-29,25,25,50,50.0,1063.2526887115346
2026-01-30,26,24,50,52.0,1060.5524983361317
2026-02-01,20,30,50,40.0,1037.6117030223843
2026-02-02,24,26,50,48.0,1049.3065876466278
2026-02-03,30,20,50,60.0,1077.553216089154
2026-02-04,32,18,50,64.0,1082.4944081668943
2026-02-05,28,22,50,56.00000000000001,1079.7295540731823
2026-02-06,33,17,50,66.0,1079.8004717934236
2026-02-09,33,17,50,66.0,1089.4593720923792
2026-02-10,35,15,50,70.0,1093.4217949288843
2026-02-11,35,15,50,70.0,1096.7152796875646
2026-02-12,35,15,50,70.0,1091.2654445116461
2026-02-13,31,19,50,62.0,1076.7454754728712
2026-02-16,31,19,50,62.0,1084.4949839040441
2026-02-17,31,19,50,62.0,1087.6451815479688
2026-02-18,31,19,50,62.0,1091.6961455665703
2026-02-19,29,21,50,57.99999999999999,1076.6818016672328
2026-02-20,29,21,50,57.99999999999999,1082.8375684243247
2026-02-23,30,20,50,60.0,1087.7945397191609
2026-02-24,29,21,50,57.99999999999999,1078.0387118370827
2026-02-25,30,20,50,60.0,1084.9050990004582
2026-02-26,30,20,50,60.0,1086.3796869820308
2026-02-27,26,24,50,52.0,1072.5244382010308
2026-03-02,23,27,50,46.0,1059.4912727099638
2026-03-04,20,30,50,40.0,1038.258985800325
2026-03-05,22,28,50,44.0,1051.3342786752753
2026-03-06,21,29,50,42.0,1040.6539409052984
2026-03-09,20,30,50,40.0,1021.1786017776419
2026-03-10,20,30,50,40.0,1033.7520713479987
2026-03-11,20,30,50,40.0,1019.3002881383222
2026-03-12,18,32,50,36.0,1010.787976332439
2026-03-13,14,36,50,28.000000000000004,988.6467636648925
2026-03-16,17,33,50,34.0,995.9912385744651
2026-03-17,18,32,50,36.0,1003.2872151995257
2026-03-18,18,32,50,36.0,1013.038533815557
2026-03-19,14,36,50,28.000000000000004,981.2838883034267
2026-03-20,15,35,50,30.0,988.7874718924685
2026-03-23,10,40,50,20.0,960.5140835823363
2026-03-24,13,37,50,26.0,977.2332684339412
2026-03-25,17,33,50,34.0,995.7031402016792
2026-03-27,14,36,50,28.000000000000004,979.094153067832
2026-03-30,10,40,50,20.0,959.5179867641795
2026-04-01,13,37,50,26.0,974.2486902748725
2026-04-02,12,38,50,24.0,974.2272607037542
2026-04-06,13,37,50,26.0,988.071418163025
2026-04-07,14,36,50,28.000000000000004,994.0599720076383
2026-04-08,17,33,50,34.0,1027.341230833684
2026-04-09,19,31,50,38.0,1024.0797324215653
2026-04-10,19,31,50,38.0,1034.7849984209222
2026-04-13,18,32,50,36.0,1026.208076542746
2026-04-15,20,30,50,40.0,1045.953187330921
2026-04-16,20,30,50,40.0,1047.2093206936772
2026-04-17,20,30,50,40.0,1054.3909566169614
2026-04-20,20,30,50,40.0,1055.3003561755738
2026-04-21,21,29,50,42.0,1062.5713079759696
2026-04-22,22,28,50,44.0,1057.6003960374098
2026-04-23,23,27,50,46.0,1053.4949598962294
2026-04-24,21,29,50,42.0,1042.5681403372141
2026-04-27,22,28,50,44.0,1052.6668292991892
2026-04-28,23,27,50,46.0,1049.5780562812631
2026-04-29,23,27,50,46.0,1056.4334829381316
2026-04-30,23,27,50,46.0,1048.3338364348353
2026-05-04,24,26,50,48.0,1054.92516221817
2026-05-05,24,26,50,48.0,1052.380199787117
2026-05-06,26,24,50,52.0,1066.8338175121582
2026-05-07,27,23,50,54.0,1067.6529424032517
2026-05-08,25,25,50,50.0,1065.6326520221194
2026-05-11,24,26,50,48.0,1054.4902523842377
2026-05-12,22,28,50,44.0,1033.5352594250924
2026-05-13,23,27,50,46.0,1036.8371916224626
2026-05-14,24,26,50,48.0,1048.9320132889216
2026-05-15,24,26,50,48.0,1049.4168942434162
2026-05-18,22,28,50,44.0,1048.0911065251762
2026-05-19,22,28,50,44.0,1048.8995259797332
2026-05-20,21,29,50,42.0,1049.7620426973808
2026-05-21,23,27,50,46.0,1052.399794792102
2026-05-22,22,28,50,44.0,1053.8938963351993
2026-05-25,24,26,50,48.0,1065.894627495979
2026-05-26,25,25,50,50.0,1063.9159990659405
2026-05-27,25,25,50,50.0,1068.3259883732494
2026-05-29,23,27,50,46.0,1052.0929299349443
2026-06-01,24,26,50,48.0,1044.07800220874
2026-06-02,23,27,50,46.0,1049.1127516806548
2026-06-03,24,26,50,48.0,1043.8646638369405
2026-06-04,24,26,50,48.0,1045.0756686953887
2026-06-05,23,27,50,46.0,1043.5598302388796
2026-06-08,23,27,50,46.0,1031.8217414015733
2026-06-09,23,27,50,46.0,1036.3532752862288
2026-06-10,21,29,50,42.0,1030.859257166378
2026-06-11,19,31,50,38.0,1025.8120344288059
2026-06-12,22,28,50,44.0,1040.9910579491504
2026-06-15,22,28,50,44.0,1053.3196739141076
2026-06-22,27,23,50,54.0,1065.9001105380237
2026-06-23,25,25,50,50.0,1054.0477214376165
2026-06-24,28,22,50,56.00000000000001,1058.9329876869567
2026-06-25,27,23,50,54.0,1059.4595865402737
2026-06-29,27,23,50,54.0,1055.898967775293
2026-06-30,26,24,50,52.0,1053.4723169683239
2026-07-01,25,25,50,50.0,1059.417401366034
2026-07-02,27,23,50,54.0,1068.853530461941
2026-07-03,28,22,50,56.00000000000001,1075.0508715667297
2026-07-06,29,21,50,57.99999999999999,1077.6746168895777
2026-07-07,29,21,50,57.99999999999999,1076.3195615470534
2026-07-08,25,25,50,50.0,1055.2287884495067
2026-07-09,25,25,50,50.0,1058.286028575199
2026-07-10,26,24,50,52.0,1068.5275628925579
2026-07-13,27,23,50,54.0,1069.8616456982318
2026-07-14,26,24,50,52.0,1062.1444705559998
2026-07-15,24,26,50,48.0,1062.9743271176935
2026-07-16,24,26,50,48.0,1062.9759419195016
2026-07-17,24,26,50,48.0,1070.8781000243816
2026-07-20,25,25,50,50.0,1073.3155821962073
2026-07-21,26,24,50,52.0,1074.4975257604265
2026-07-22,25,25,50,50.0,1068.4785782236954
2026-07-23,24,26,50,48.0,1063.810598497468
2026-07-24,25,25,50,50.0,1059.7837571486702
2026-07-27,25,25,50,50.0,1071.7069761657544
2026-07-28,25,25,50,50.0,1073.2143314973682
2026-07-29,27,23,50,54.0,1083.3097871630746
2026-07-30,26,24,50,52.0,1085.2751393191159
2026-07-31,29,21,50,57.99999999999999,1089.0180946503003
2026-08-03,30,20,50,60.0,1108.0097003242788
2026-08-04,30,20,50,60.0,1102.3509162117764
2026-08-05,28,22,50,56.00000000000001,1104.573126058539
2026-08-06,28,22,50,56.00000000000001,1101.1958653937463
2026-08-07,27,23,50,54.0,1099.5852584291424
2026-08-10,28,22,50,56.00000000000001,1100.5337996580342
2026-08-11,26,24,50,52.0,1095.1570033994135
2026-08-12,26,24,50,52.0,1091.7700006108244
2026-08-13,26,24,50,52.0,1092.92077760682
2026-08-14,26,24,50,52.0,1088.9581108621608
2026-08-17,26,24,50,52.0,1084.50606638616
2026-08-18,25,25,50,50.0,1077.9908926707317
2026-08-19,24,26,50,48.0,1075.634045477597
2026-08-20,25,25,50,50.0,1081.2285571788402
2026-08-21,26,24,50,52.0,1081.390473487037
2026-08-24,26,24,50,52.0,1080.7666680078776
2026-08-25,26,24,50,52.0,1085.7781458073478
